tick,waypoint_idx,loc_x,loc_y,loc_z,vel_x,vel_y,vel_z,speed,roll,pitch,yaw,throttle,steer,brake
3239,1,-283.80835,391.7223,-0.011192703,-0.009223054,0.025340445,-3.33786e-06,0.026966700330376625,1.4466945463490368e-06,-5.960464150272474e-07,1.919857782977964,0.0,0.0,0.0
3240,1,-283.80838,391.7224,-0.01118309,-3.3814317e-06,9.3768995e-06,-3.8337707e-06,1.0679799743229523e-05,1.7867295038206774e-07,2.3961066138074177e-05,1.9198583156101818,0.0,0.0,0.0
3241,1,-283.80838,391.7224,-0.011181106,8.469877e-08,-2.066779e-07,-3.8337707e-06,3.840271801891504e-06,1.1786505240967493e-07,2.8848646995276438e-05,1.9198583156101818,0.0,0.0,0.0
3242,1,-283.80838,391.7224,-0.011182441,1.1261992e-06,-3.1386382e-06,-3.0517576e-06,4.52024323749356e-06,8.928599689793416e-08,2.5629995592192802e-05,1.9198583156101818,0.0,0.0,0.0
3243,1,-283.80838,391.7224,-0.011184654,1.2712477e-06,-3.5233213e-06,-2.9945372e-06,4.795530912815593e-06,6.814297334899438e-08,2.074241473499054e-05,1.9198583156101818,0.0,0.0,0.0
3244,1,-283.80838,391.7224,-0.011186714,1.1148165e-06,-3.0857504e-06,-2.8419495e-06,4.340662144386442e-06,3.408467770014683e-08,1.5974043414772564e-05,1.9198583156101818,0.0,0.0,0.0
3245,1,-283.80838,391.7224,-0.011188431,8.8162363e-07,-2.4761548e-06,-3.3140182e-06,4.229813384881709e-06,1.939952036947854e-08,1.1801718763560664e-05,1.9198583156101818,0.0,0.0,0.0
3246,1,-283.80838,391.7224,-0.011189689,6.5824975e-07,-1.8804393e-06,-3.5476685e-06,4.068820089742076e-06,2.2852418164785286e-08,8.583068376392361e-06,1.9198583156101818,0.0,0.0,0.0
3247,1,-283.80838,391.7224,-0.011190719,5.025714e-07,-1.3679467e-06,-3.2997132e-06,3.6072099192097085e-06,2.6211863654729995e-08,6.4373012822942715e-06,1.9198583156101818,0.0,0.0,0.0
3248,1,-283.80838,391.7224,-0.011190719,0.0,-0.0,0.0,0.0,2.6211863654729995e-08,6.4373012822942715e-06,1.9198583156101818,0.0,0.0,0.0
3249,1,-283.80838,391.7224,-0.011190719,0.0,-0.0,0.0,0.0,2.6211863654729995e-08,6.4373012822942715e-06,1.9198583156101818,0.0,0.0,0.0
3250,1,-283.80838,391.7224,-0.011190719,0.0,-0.0,0.0,0.0,2.6211863654729995e-08,6.4373012822942715e-06,1.9198583156101818,0.0,0.0,0.0
3251,1,-283.80838,391.7224,-0.011190719,0.0,-0.0,0.0,0.0,2.6211863654729995e-08,6.4373012822942715e-06,1.9198583156101818,0.0,0.0,0.0
3252,1,-283.80838,391.7224,-0.011190719,0.0,-0.0,0.0,0.0,2.6211863654729995e-08,6.4373012822942715e-06,1.9198583156101818,0.0,0.0,0.0
3253,1,-283.80838,391.7224,-0.011190719,0.0,-0.0,0.0,0.0,2.6211863654729995e-08,6.4373012822942715e-06,1.9198583156101818,0.0,0.0,0.0
3254,1,-283.80838,391.7224,-0.011190719,0.0,-0.0,0.0,0.0,2.6211863654729995e-08,6.4373012822942715e-06,1.9198583156101818,0.0,0.0,0.0
3255,1,-283.80838,391.7224,-0.011190719,0.0,-0.0,0.0,0.0,2.6211863654729995e-08,6.4373012822942715e-06,1.9198583156101818,0.0,0.0,0.0
3256,1,-283.80838,391.7224,-0.011190719,0.0,-0.0,0.0,0.0,2.6211863654729995e-08,6.4373012822942715e-06,1.9198583156101818,0.0,0.0,0.0
3257,1,-283.80838,391.7224,-0.011190719,0.0,-0.0,0.0,0.0,2.6211863654729995e-08,6.4373012822942715e-06,1.9198583156101818,0.0,0.0,0.0
3258,1,-283.80838,391.7224,-0.011190719,0.0,-0.0,0.0,0.0,2.6211863654729995e-08,6.4373012822942715e-06,1.9198583156101818,0.0,0.0,0.0
3259,1,-283.80838,391.7224,-0.011190719,0.0,-0.0,0.0,0.0,2.6211863654729995e-08,6.4373012822942715e-06,1.9198583156101818,0.0,0.0,0.0
3260,1,-283.80838,391.7224,-0.011190719,0.0,-0.0,0.0,0.0,2.6211863654729995e-08,6.4373012822942715e-06,1.9198583156101818,0.0,0.0,0.0
3261,1,-283.80838,391.7224,-0.011190719,0.0,-0.0,0.0,0.0,2.6211863654729995e-08,6.4373012822942715e-06,1.9198583156101818,0.0,0.0,0.0
3262,1,-283.80838,391.7224,-0.011190719,0.0,-0.0,0.0,0.0,2.6211863654729995e-08,6.4373012822942715e-06,1.9198583156101818,0.0,0.0,0.0
3263,1,-283.80838,391.7224,-0.011190719,0.0,-0.0,0.0,0.0,2.6211863654729995e-08,6.4373012822942715e-06,1.9198583156101818,0.0,0.0,0.0
3264,1,-283.80838,391.7224,-0.011190719,0.0,-0.0,0.0,0.0,2.6211863654729995e-08,6.4373012822942715e-06,1.9198583156101818,0.0,0.0,0.0
3265,1,-283.80838,391.7224,-0.011190719,0.0,-0.0,0.0,0.0,2.6211863654729995e-08,6.4373012822942715e-06,1.9198583156101818,0.0,0.0,0.0
3266,1,-283.80838,391.7224,-0.011190719,0.0,-0.0,0.0,0.0,2.6211863654729995e-08,6.4373012822942715e-06,1.9198583156101818,0.0,0.0,0.0
3267,1,-283.80838,391.7224,-0.011190719,0.0,-0.0,0.0,0.0,2.6211863654729995e-08,6.4373012822942715e-06,1.9198583156101818,0.0,0.0,0.0
3268,1,-283.80838,391.7224,-0.011190719,0.0,-0.0,0.0,0.0,2.6211863654729995e-08,6.4373012822942715e-06,1.9198583156101818,0.0,0.0,0.0
3269,1,-283.80838,391.7224,-0.011190719,0.0,-0.0,0.0,0.0,2.6211863654729995e-08,6.4373012822942715e-06,1.9198583156101818,0.0,0.0,0.0
3270,1,-283.80838,391.7224,-0.011190719,0.0,-0.0,0.0,0.0,2.6211863654729995e-08,6.4373012822942715e-06,1.9198583156101818,0.0,0.0,0.0
3271,1,-283.80838,391.7224,-0.011190719,0.0,-0.0,0.0,0.0,2.6211863654729995e-08,6.4373012822942715e-06,1.9198583156101818,0.0,0.0,0.0
3272,1,-283.80838,391.7224,-0.011190719,0.0,-0.0,0.0,0.0,2.6211863654729995e-08,6.4373012822942715e-06,1.9198583156101818,0.0,0.0,0.0
3273,1,-283.80838,391.7224,-0.011190719,0.0,-0.0,0.0,0.0,2.6211863654729995e-08,6.4373012822942715e-06,1.9198583156101818,0.0,0.0,0.0
3274,1,-283.80838,391.7224,-0.011190719,0.0,-0.0,0.0,0.0,2.6211863654729995e-08,6.4373012822942715e-06,1.9198583156101818,0.0,0.0,0.0
3275,1,-283.80838,391.7224,-0.011190719,0.0,-0.0,0.0,0.0,2.6211863654729995e-08,6.4373012822942715e-06,1.9198583156101818,0.0,0.0,0.0
3276,1,-283.80838,391.7224,-0.011190719,0.0,-0.0,0.0,0.0,2.6211863654729995e-08,6.4373012822942715e-06,1.9198583156101818,0.0,0.0,0.0
3277,1,-283.80838,391.7224,-0.011190719,0.0,-0.0,0.0,0.0,2.6211863654729995e-08,6.4373012822942715e-06,1.9198583156101818,0.0,0.0,0.0
3278,1,-283.80838,391.7224,-0.011190719,0.0,-0.0,0.0,0.0,2.6211863654729995e-08,6.4373012822942715e-06,1.9198583156101818,0.0,0.0,0.0
3279,1,-283.80838,391.7224,-0.011190719,0.0,-0.0,0.0,0.0,2.6211863654729995e-08,6.4373012822942715e-06,1.9198583156101818,0.0,0.0,0.0
3280,1,-283.80838,391.7224,-0.011190719,0.0,-0.0,0.0,0.0,2.6211863654729995e-08,6.4373012822942715e-06,1.9198583156101818,0.0,0.0,0.0
3281,1,-283.80838,391.7224,-0.011190719,0.0,-0.0,0.0,0.0,2.6211863654729995e-08,6.4373012822942715e-06,1.9198583156101818,0.0,0.0,0.0
3282,1,-283.80838,391.7224,-0.011190719,0.0,-0.0,0.0,0.0,2.6211863654729995e-08,6.4373012822942715e-06,1.9198583156101818,0.0,0.0,0.0
3283,1,-283.80838,391.7224,-0.011190719,0.0,-0.0,0.0,0.0,2.6211863654729995e-08,6.4373012822942715e-06,1.9198583156101818,0.0,0.0,0.0
3284,1,-283.80838,391.7224,-0.011190719,0.0,-0.0,0.0,0.0,2.6211863654729995e-08,6.4373012822942715e-06,1.9198583156101818,0.0,0.0,0.0
3285,1,-283.80838,391.7224,-0.011190719,0.0,-0.0,0.0,0.0,2.6211863654729995e-08,6.4373012822942715e-06,1.9198583156101818,0.0,0.0,0.0
3286,1,-283.80838,391.7224,-0.011190719,0.0,-0.0,0.0,0.0,2.6211863654729995e-08,6.4373012822942715e-06,1.9198583156101818,0.0,0.0,0.0
3287,1,-283.80838,391.7224,-0.011190719,0.0,-0.0,0.0,0.0,2.6211863654729995e-08,6.4373012822942715e-06,1.9198583156101818,0.0,0.0,0.0
3288,1,-283.80838,391.7224,-0.011190719,0.0,-0.0,0.0,0.0,2.6211863654729995e-08,6.4373012822942715e-06,1.9198583156101818,0.0,0.0,0.0
3289,1,-283.80838,391.7224,-0.011190719,0.0,-0.0,0.0,0.0,2.6211863654729995e-08,6.4373012822942715e-06,1.9198583156101818,0.0,0.0,0.0
3290,1,-283.80838,391.7224,-0.011190719,0.0,-0.0,0.0,0.0,2.6211863654729995e-08,6.4373012822942715e-06,1.9198583156101818,0.0,0.0,0.0
3291,1,-283.80838,391.7224,-0.011190719,0.0,-0.0,0.0,0.0,2.6211863654729995e-08,6.4373012822942715e-06,1.9198583156101818,0.0,0.0,0.0
3292,1,-283.80838,391.7224,-0.011190719,0.0,-0.0,0.0,0.0,2.6211863654729995e-08,6.4373012822942715e-06,1.9198583156101818,0.0,0.0,0.0
3293,1,-283.80838,391.7224,-0.011190719,0.0,-0.0,0.0,0.0,2.6211863654729995e-08,6.4373012822942715e-06,1.9198583156101818,0.0,0.0,0.0
3294,1,-283.80838,391.7224,-0.011190719,0.0,-0.0,0.0,0.0,2.6211863654729995e-08,6.4373012822942715e-06,1.9198583156101818,0.0,0.0,0.0
3295,1,-283.80838,391.7224,-0.011190719,0.0,-0.0,0.0,0.0,2.6211863654729995e-08,6.4373012822942715e-06,1.9198583156101818,0.0,0.0,0.0
3296,1,-283.80838,391.7224,-0.011190719,0.0,-0.0,0.0,0.0,2.6211863654729995e-08,6.4373012822942715e-06,1.9198583156101818,0.0,0.0,0.0
3297,1,-283.80838,391.7224,-0.011190719,0.0,-0.0,0.0,0.0,2.6211863654729995e-08,6.4373012822942715e-06,1.9198583156101818,0.0,0.0,0.0
3298,1,-283.80838,391.7224,-0.011190719,0.0,-0.0,0.0,0.0,2.6211863654729995e-08,6.4373012822942715e-06,1.9198583156101818,0.0,0.0,0.0
3299,1,-283.80838,391.7224,-0.011190719,0.0,-0.0,0.0,0.0,2.6211863654729995e-08,6.4373012822942715e-06,1.9198583156101818,0.0,0.0,0.0
3300,1,-283.80838,391.7224,-0.011190719,0.0,-0.0,0.0,0.0,2.6211863654729995e-08,6.4373012822942715e-06,1.9198583156101818,0.0,0.0,0.0
3301,1,-283.80838,391.7224,-0.011190719,0.0,-0.0,0.0,0.0,2.6211863654729995e-08,6.4373012822942715e-06,1.9198583156101818,0.0,0.0,0.0
3302,1,-283.80838,391.7224,-0.011190719,0.0,-0.0,0.0,0.0,2.6211863654729995e-08,6.4373012822942715e-06,1.9198583156101818,0.0,0.0,0.0
3303,1,-283.80838,391.7224,-0.011190719,0.0,-0.0,0.0,0.0,2.6211863654729995e-08,6.4373012822942715e-06,1.9198583156101818,0.0,0.0,0.0
3304,1,-283.80838,391.7224,-0.011190719,0.0,-0.0,0.0,0.0,2.6211863654729995e-08,6.4373012822942715e-06,1.9198583156101818,0.0,0.0,0.0
3305,1,-283.80838,391.7224,-0.011190719,0.0,-0.0,0.0,0.0,2.6211863654729995e-08,6.4373012822942715e-06,1.9198583156101818,0.0,0.0,0.0
3306,1,-283.80838,391.7224,-0.011190719,0.0,-0.0,0.0,0.0,2.6211863654729995e-08,6.4373012822942715e-06,1.9198583156101818,0.0,0.0,0.0
3307,1,-283.80838,391.7224,-0.011190719,0.0,-0.0,0.0,0.0,2.6211863654729995e-08,6.4373012822942715e-06,1.9198583156101818,0.0,0.0,0.0
3308,1,-283.80838,391.7224,-0.011190719,0.0,-0.0,0.0,0.0,2.6211863654729995e-08,6.4373012822942715e-06,1.9198583156101818,0.0,0.0,0.0
3309,1,-283.80838,391.7224,-0.011190719,0.0,-0.0,0.0,0.0,2.6211863654729995e-08,6.4373012822942715e-06,1.9198583156101818,0.0,0.0,0.0
3310,1,-283.80838,391.7224,-0.011190719,0.0,-0.0,0.0,0.0,2.6211863654729995e-08,6.4373012822942715e-06,1.9198583156101818,0.0,0.0,0.0
3311,1,-283.80838,391.7224,-0.011190719,0.0,-0.0,0.0,0.0,2.6211863654729995e-08,6.4373012822942715e-06,1.9198583156101818,0.0,0.0,0.0
3312,1,-283.80838,391.7224,-0.011190719,0.0,-0.0,0.0,0.0,2.6211863654729995e-08,6.4373012822942715e-06,1.9198583156101818,0.0,0.0,0.0
3313,1,-283.80838,391.7224,-0.011190719,0.0,-0.0,0.0,0.0,2.6211863654729995e-08,6.4373012822942715e-06,1.9198583156101818,0.0,0.0,0.0
3314,1,-283.80838,391.7224,-0.011190719,0.0,-0.0,0.0,0.0,2.6211863654729995e-08,6.4373012822942715e-06,1.9198583156101818,0.0,0.0,0.0
3315,1,-283.80838,391.7224,-0.011190719,0.0,-0.0,0.0,0.0,2.6211863654729995e-08,6.4373012822942715e-06,1.9198583156101818,0.0,0.0,0.0
3316,1,-283.80838,391.7224,-0.011190719,0.0,-0.0,0.0,0.0,2.6211863654729995e-08,6.4373012822942715e-06,1.9198583156101818,0.0,0.0,0.0
3317,1,-283.80838,391.7224,-0.011190719,0.0,-0.0,0.0,0.0,2.6211863654729995e-08,6.4373012822942715e-06,1.9198583156101818,0.0,0.0,0.0
3318,1,-283.80838,391.7224,-0.011190719,0.0,-0.0,0.0,0.0,2.6211863654729995e-08,6.4373012822942715e-06,1.9198583156101818,0.0,0.0,0.0
3319,1,-283.80838,391.7224,-0.011190719,0.0,-0.0,0.0,0.0,2.6211863654729995e-08,6.4373012822942715e-06,1.9198583156101818,0.0,0.0,0.0
3320,1,-283.80838,391.7224,-0.011190719,0.0,-0.0,0.0,0.0,2.6211863654729995e-08,6.4373012822942715e-06,1.9198583156101818,0.0,0.0,0.0
3321,1,-283.80838,391.7224,-0.011190719,0.0,-0.0,0.0,0.0,2.6211863654729995e-08,6.4373012822942715e-06,1.9198583156101818,0.0,0.0,0.0
3322,1,-283.80838,391.7224,-0.011190719,0.0,-0.0,0.0,0.0,2.6211863654729995e-08,6.4373012822942715e-06,1.9198583156101818,0.0,0.0,0.0
3323,1,-283.80838,391.7224,-0.011190719,0.0,-0.0,0.0,0.0,2.6211863654729995e-08,6.4373012822942715e-06,1.9198583156101818,0.0,0.0,0.0
3324,1,-283.80838,391.7224,-0.011190719,0.0,-0.0,0.0,0.0,2.6211863654729995e-08,6.4373012822942715e-06,1.9198583156101818,0.0,0.0,0.0
3325,1,-283.80838,391.7224,-0.011190719,0.0,-0.0,0.0,0.0,2.6211863654729995e-08,6.4373012822942715e-06,1.9198583156101818,0.0,0.0,0.0
3326,1,-283.80838,391.7224,-0.011190719,0.0,-0.0,0.0,0.0,2.6211863654729995e-08,6.4373012822942715e-06,1.9198583156101818,0.0,0.0,0.0
3327,1,-283.80838,391.7224,-0.011190719,0.0,-0.0,0.0,0.0,2.6211863654729995e-08,6.4373012822942715e-06,1.9198583156101818,0.0,0.0,0.0
3328,1,-283.80838,391.7224,-0.011190719,0.0,-0.0,0.0,0.0,2.6211863654729995e-08,6.4373012822942715e-06,1.9198583156101818,0.0,0.0,0.0
3329,1,-283.80838,391.7224,-0.011190719,0.0,-0.0,0.0,0.0,2.6211863654729995e-08,6.4373012822942715e-06,1.9198583156101818,0.0,0.0,0.0
3330,1,-283.80838,391.7224,-0.011190719,0.0,-0.0,0.0,0.0,2.6211863654729995e-08,6.4373012822942715e-06,1.9198583156101818,0.0,0.0,0.0
3331,1,-283.80838,391.7224,-0.011190719,0.0,-0.0,0.0,0.0,2.6211863654729995e-08,6.4373012822942715e-06,1.9198583156101818,0.0,0.0,0.0
3332,1,-283.80838,391.7224,-0.011190719,0.0,-0.0,0.0,0.0,2.6211863654729995e-08,6.4373012822942715e-06,1.9198583156101818,0.0,0.0,0.0
3333,1,-283.80838,391.7224,-0.011190719,0.0,-0.0,0.0,0.0,2.6211863654729995e-08,6.4373012822942715e-06,1.9198583156101818,0.0,0.0,0.0
3334,1,-283.80838,391.7224,-0.011190719,0.0,-0.0,0.0,0.0,2.6211863654729995e-08,6.4373012822942715e-06,1.9198583156101818,0.0,0.0,0.0
3335,1,-283.80838,391.7224,-0.011190719,0.0,-0.0,0.0,0.0,2.6211863654729995e-08,6.4373012822942715e-06,1.9198583156101818,0.0,0.0,0.0
3336,1,-283.80838,391.7224,-0.011190719,0.0,-0.0,0.0,0.0,2.6211863654729995e-08,6.4373012822942715e-06,1.9198583156101818,0.0,0.0,0.0
3337,1,-283.80838,391.7224,-0.011190719,0.0,-0.0,0.0,0.0,2.6211863654729995e-08,6.4373012822942715e-06,1.9198583156101818,0.0,0.0,0.0
3338,1,-283.80838,391.7224,-0.011190719,0.0,-0.0,0.0,0.0,2.6211863654729995e-08,6.4373012822942715e-06,1.9198583156101818,0.0,0.0,0.0
3339,1,-283.80838,391.7224,-0.011190719,0.0,-0.0,0.0,0.0,2.6211863654729995e-08,6.4373012822942715e-06,1.9198583156101818,0.0,0.0,0.0
3340,1,-283.80838,391.7224,-0.011190719,0.0,-0.0,0.0,0.0,2.6211863654729995e-08,6.4373012822942715e-06,1.9198583156101818,0.0,0.0,0.0
3341,1,-283.80838,391.7224,-0.011190719,0.0,-0.0,0.0,0.0,2.6211863654729995e-08,6.4373012822942715e-06,1.9198583156101818,0.0,0.0,0.0
3342,1,-283.80838,391.7224,-0.011190719,0.0,-0.0,0.0,0.0,2.6211863654729995e-08,6.4373012822942715e-06,1.9198583156101818,0.0,0.0,0.0
3343,1,-283.80838,391.7224,-0.011190719,0.0,-0.0,0.0,0.0,2.6211863654729995e-08,6.4373012822942715e-06,1.9198583156101818,0.0,0.0,0.0
3344,1,-283.80838,391.7224,-0.011190719,0.0,-0.0,0.0,0.0,2.6211863654729995e-08,6.4373012822942715e-06,1.9198583156101818,0.0,0.0,0.0
3345,1,-283.80838,391.7224,-0.011190719,0.0,-0.0,0.0,0.0,2.6211863654729995e-08,6.4373012822942715e-06,1.9198583156101818,0.0,0.0,0.0
3346,1,-283.80838,391.7224,-0.011190719,0.0,-0.0,0.0,0.0,2.6211863654729995e-08,6.4373012822942715e-06,1.9198583156101818,0.0,0.0,0.0
3347,1,-283.80838,391.7224,-0.011190719,0.0,-0.0,0.0,0.0,2.6211863654729995e-08,6.4373012822942715e-06,1.9198583156101818,0.0,0.0,0.0
3348,1,-283.80838,391.7224,-0.011190719,0.0,-0.0,0.0,0.0,2.6211863654729995e-08,6.4373012822942715e-06,1.9198583156101818,0.0,0.0,0.0
3349,1,-283.80838,391.7224,-0.011190719,0.0,-0.0,0.0,0.0,2.6211863654729995e-08,6.4373012822942715e-06,1.9198583156101818,0.0,0.0,0.0
3350,1,-283.80838,391.7224,-0.011190719,0.0,-0.0,0.0,0.0,2.6211863654729995e-08,6.4373012822942715e-06,1.9198583156101818,0.0,0.0,0.0
3351,1,-283.80838,391.7224,-0.011190719,0.0,-0.0,0.0,0.0,2.6211863654729995e-08,6.4373012822942715e-06,1.9198583156101818,0.0,0.0,0.0
3352,1,-283.80838,391.7224,-0.011190719,0.0,-0.0,0.0,0.0,2.6211863654729995e-08,6.4373012822942715e-06,1.9198583156101818,0.0,0.0,0.0
3353,1,-283.80838,391.7224,-0.011190719,0.0,-0.0,0.0,0.0,2.6211863654729995e-08,6.4373012822942715e-06,1.9198583156101818,0.0,0.0,0.0
3354,1,-283.80838,391.7224,-0.011190719,0.0,-0.0,0.0,0.0,2.6211863654729995e-08,6.4373012822942715e-06,1.9198583156101818,0.0,0.0,0.0
3355,1,-283.80838,391.7224,-0.011190719,0.0,-0.0,0.0,0.0,2.6211863654729995e-08,6.4373012822942715e-06,1.9198583156101818,0.0,0.0,0.0
3356,1,-283.80838,391.7224,-0.011190719,0.0,-0.0,0.0,0.0,2.6211863654729995e-08,6.4373012822942715e-06,1.9198583156101818,0.0,0.0,0.0
3357,1,-283.80838,391.7224,-0.011190719,0.0,-0.0,0.0,0.0,2.6211863654729995e-08,6.4373012822942715e-06,1.9198583156101818,0.0,0.0,0.0
3358,1,-283.80838,391.7224,-0.011190719,0.0,-0.0,0.0,0.0,2.6211863654729995e-08,6.4373012822942715e-06,1.9198583156101818,0.0,0.0,0.0
3359,1,-283.80838,391.7224,-0.011190719,0.0,-0.0,0.0,0.0,2.6211863654729995e-08,6.4373012822942715e-06,1.9198583156101818,0.0,0.0,0.0
3360,1,-283.80838,391.7224,-0.011190719,0.0,-0.0,0.0,0.0,2.6211863654729995e-08,6.4373012822942715e-06,1.9198583156101818,0.0,0.0,0.0
3361,1,-283.80838,391.7224,-0.011190719,0.0,-0.0,0.0,0.0,2.6211863654729995e-08,6.4373012822942715e-06,1.9198583156101818,0.0,0.0,0.0
3362,1,-283.80838,391.7224,-0.011190719,0.0,-0.0,0.0,0.0,2.6211863654729995e-08,6.4373012822942715e-06,1.9198583156101818,0.0,0.0,0.0
3363,1,-283.80838,391.7224,-0.011190719,0.0,-0.0,0.0,0.0,2.6211863654729995e-08,6.4373012822942715e-06,1.9198583156101818,0.0,0.0,0.0
3364,1,-283.80838,391.7224,-0.011190719,0.0,-0.0,0.0,0.0,2.6211863654729995e-08,6.4373012822942715e-06,1.9198583156101818,0.0,0.0,0.0
3365,1,-283.80838,391.7224,-0.011190719,0.0,-0.0,0.0,0.0,2.6211863654729995e-08,6.4373012822942715e-06,1.9198583156101818,0.0,0.0,0.0
3366,1,-283.80838,391.7224,-0.011190719,0.0,-0.0,0.0,0.0,2.6211863654729995e-08,6.4373012822942715e-06,1.9198583156101818,0.0,0.0,0.0
3367,1,-283.80838,391.7224,-0.011190719,0.0,-0.0,0.0,0.0,2.6211863654729995e-08,6.4373012822942715e-06,1.9198583156101818,0.0,0.0,0.0
3368,1,-283.80838,391.7224,-0.011190719,0.0,-0.0,0.0,0.0,2.6211863654729995e-08,6.4373012822942715e-06,1.9198583156101818,0.0,0.0,0.0
3369,1,-283.80838,391.7224,-0.011190719,0.0,-0.0,0.0,0.0,2.6211863654729995e-08,6.4373012822942715e-06,1.9198583156101818,0.0,0.0,0.0
3370,1,-283.80838,391.7224,-0.011190719,0.0,-0.0,0.0,0.0,2.6211863654729995e-08,6.4373012822942715e-06,1.9198583156101818,0.0,0.0,0.0
3371,1,-283.80838,391.7224,-0.011190719,0.0,-0.0,0.0,0.0,2.6211863654729995e-08,6.4373012822942715e-06,1.9198583156101818,0.0,0.0,0.0
3372,1,-283.80838,391.7224,-0.011190719,0.0,-0.0,0.0,0.0,2.6211863654729995e-08,6.4373012822942715e-06,1.9198583156101818,0.0,0.0,0.0
3373,1,-283.80838,391.7224,-0.011190719,0.0,-0.0,0.0,0.0,2.6211863654729995e-08,6.4373012822942715e-06,1.9198583156101818,0.0,0.0,0.0
3374,1,-283.80838,391.7224,-0.011190719,0.0,-0.0,0.0,0.0,2.6211863654729995e-08,6.4373012822942715e-06,1.9198583156101818,0.0,0.0,0.0
3375,1,-283.80838,391.7224,-0.011190719,0.0,-0.0,0.0,0.0,2.6211863654729995e-08,6.4373012822942715e-06,1.9198583156101818,0.0,0.0,0.0
3376,1,-283.80838,391.7224,-0.011190719,0.0,-0.0,0.0,0.0,2.6211863654729995e-08,6.4373012822942715e-06,1.9198583156101818,0.0,0.0,0.0
3377,1,-283.80838,391.7224,-0.011190719,0.0,-0.0,0.0,0.0,2.6211863654729995e-08,6.4373012822942715e-06,1.9198583156101818,0.0,0.0,0.0
3378,1,-283.80838,391.7224,-0.011190719,0.0,-0.0,0.0,0.0,2.6211863654729995e-08,6.4373012822942715e-06,1.9198583156101818,0.0,0.0,0.0
3379,1,-283.80838,391.7224,-0.011190719,0.0,-0.0,0.0,0.0,2.6211863654729995e-08,6.4373012822942715e-06,1.9198583156101818,0.0,0.0,0.0
3380,1,-283.80838,391.7224,-0.011190719,0.0,-0.0,0.0,0.0,2.6211863654729995e-08,6.4373012822942715e-06,1.9198583156101818,0.0,0.0,0.0
3381,1,-283.80838,391.7224,-0.011190719,0.0,-0.0,0.0,0.0,2.6211863654729995e-08,6.4373012822942715e-06,1.9198583156101818,0.0,0.0,0.0
3382,1,-283.80838,391.7224,-0.011190719,0.0,-0.0,0.0,0.0,2.6211863654729995e-08,6.4373012822942715e-06,1.9198583156101818,0.0,0.0,0.0
3383,1,-283.80838,391.7224,-0.011190719,0.0,-0.0,0.0,0.0,2.6211863654729995e-08,6.4373012822942715e-06,1.9198583156101818,0.0,0.0,0.0
3384,1,-283.80838,391.7224,-0.011190719,0.0,-0.0,0.0,0.0,2.6211863654729995e-08,6.4373012822942715e-06,1.9198583156101818,0.0,0.0,0.0
3385,1,-283.80838,391.7224,-0.011190719,0.0,-0.0,0.0,0.0,2.6211863654729995e-08,6.4373012822942715e-06,1.9198583156101818,0.0,0.0,0.0
3386,1,-283.80838,391.7224,-0.011190719,0.0,-0.0,0.0,0.0,2.6211863654729995e-08,6.4373012822942715e-06,1.9198583156101818,0.0,0.0,0.0
3387,1,-283.80838,391.7224,-0.011190719,0.0,-0.0,0.0,0.0,2.6211863654729995e-08,6.4373012822942715e-06,1.9198583156101818,0.0,0.0,0.0
3388,1,-283.80838,391.7224,-0.011190719,0.0,-0.0,0.0,0.0,2.6211863654729995e-08,6.4373012822942715e-06,1.9198583156101818,0.0,0.0,0.0
3389,1,-283.80838,391.7224,-0.011190719,0.0,-0.0,0.0,0.0,2.6211863654729995e-08,6.4373012822942715e-06,1.9198583156101818,0.0,0.0,0.0
3390,1,-283.80838,391.7224,-0.011190719,0.0,-0.0,0.0,0.0,2.6211863654729995e-08,6.4373012822942715e-06,1.9198583156101818,0.0,0.0,0.0
3391,1,-283.80838,391.7224,-0.011190719,0.0,-0.0,0.0,0.0,2.6211863654729995e-08,6.4373012822942715e-06,1.9198583156101818,0.0,0.0,0.0
3392,1,-283.80838,391.7224,-0.011190719,0.0,-0.0,0.0,0.0,2.6211863654729995e-08,6.4373012822942715e-06,1.9198583156101818,0.0,0.0,0.0
3393,1,-283.80838,391.7224,-0.011190719,0.0,-0.0,0.0,0.0,2.6211863654729995e-08,6.4373012822942715e-06,1.9198583156101818,0.0,0.0,0.0
3394,1,-283.80838,391.7224,-0.011190719,0.0,-0.0,0.0,0.0,2.6211863654729995e-08,6.4373012822942715e-06,1.9198583156101818,0.0,0.0,0.0
3395,1,-283.80838,391.7224,-0.011190719,0.0,-0.0,0.0,0.0,2.6211863654729995e-08,6.4373012822942715e-06,1.9198583156101818,0.0,0.0,0.0
3396,1,-283.80838,391.7224,-0.011190719,0.0,-0.0,0.0,0.0,2.6211863654729995e-08,6.4373012822942715e-06,1.9198583156101818,0.0,0.0,0.0
3397,1,-283.80838,391.7224,-0.011190719,0.0,-0.0,0.0,0.0,2.6211863654729995e-08,6.4373012822942715e-06,1.9198583156101818,0.0,0.0,0.0
3398,1,-283.80838,391.7224,-0.011190719,0.0,-0.0,0.0,0.0,2.6211863654729995e-08,6.4373012822942715e-06,1.9198583156101818,0.0,0.0,0.0
3399,1,-283.80838,391.7224,-0.011190719,0.0,-0.0,0.0,0.0,2.6211863654729995e-08,6.4373012822942715e-06,1.9198583156101818,0.0,0.0,0.0
3400,1,-283.80838,391.7224,-0.011190719,0.0,-0.0,0.0,0.0,2.6211863654729995e-08,6.4373012822942715e-06,1.9198583156101818,0.0,0.0,0.0
3401,1,-283.80838,391.7224,-0.011190719,0.0,-0.0,0.0,0.0,2.6211863654729995e-08,6.4373012822942715e-06,1.9198583156101818,0.0,0.0,0.0
3402,1,-283.80838,391.7224,-0.011190719,0.0,-0.0,0.0,0.0,2.6211863654729995e-08,6.4373012822942715e-06,1.9198583156101818,0.0,0.0,0.0
3403,1,-283.80838,391.7224,-0.011190719,0.0,-0.0,0.0,0.0,2.6211863654729995e-08,6.4373012822942715e-06,1.9198583156101818,0.0,0.0,0.0
3404,1,-283.80838,391.7224,-0.011190719,0.0,-0.0,0.0,0.0,2.6211863654729995e-08,6.4373012822942715e-06,1.9198583156101818,0.0,0.0,0.0
3405,1,-283.80838,391.7224,-0.011190719,0.0,-0.0,0.0,0.0,2.6211863654729995e-08,6.4373012822942715e-06,1.9198583156101818,0.0,0.0,0.0
3406,1,-283.80838,391.7224,-0.011190719,0.0,-0.0,0.0,0.0,2.6211863654729995e-08,6.4373012822942715e-06,1.9198583156101818,0.0,0.0,0.0
3407,1,-283.80838,391.7224,-0.011190719,0.0,-0.0,0.0,0.0,2.6211863654729995e-08,6.4373012822942715e-06,1.9198583156101818,0.0,0.0,0.0
3408,1,-283.80838,391.7224,-0.011190719,0.0,-0.0,0.0,0.0,2.6211863654729995e-08,6.4373012822942715e-06,1.9198583156101818,0.0,0.0,0.0
3409,1,-283.80838,391.7224,-0.011190719,0.0,-0.0,0.0,0.0,2.6211863654729995e-08,6.4373012822942715e-06,1.9198583156101818,0.0,0.0,0.0
3410,1,-283.80838,391.7224,-0.011190719,0.0,-0.0,0.0,0.0,2.6211863654729995e-08,6.4373012822942715e-06,1.9198583156101818,0.0,0.0,0.0
3411,1,-283.80838,391.7224,-0.011190719,0.0,-0.0,0.0,0.0,2.6211863654729995e-08,6.4373012822942715e-06,1.9198583156101818,0.0,0.0,0.0
3412,1,-283.80838,391.7224,-0.011190719,0.0,-0.0,0.0,0.0,2.6211863654729995e-08,6.4373012822942715e-06,1.9198583156101818,0.0,0.0,0.0
3413,1,-283.80838,391.7224,-0.011190719,0.0,-0.0,0.0,0.0,2.6211863654729995e-08,6.4373012822942715e-06,1.9198583156101818,0.0,0.0,0.0
3414,1,-283.80838,391.7224,-0.011190719,0.0,-0.0,0.0,0.0,2.6211863654729995e-08,6.4373012822942715e-06,1.9198583156101818,0.0,0.0,0.0
3415,1,-283.80838,391.7224,-0.011190719,0.0,-0.0,0.0,0.0,2.6211863654729995e-08,6.4373012822942715e-06,1.9198583156101818,0.0,0.0,0.0
3416,1,-283.80838,391.7224,-0.011190719,0.0,-0.0,0.0,0.0,2.6211863654729995e-08,6.4373012822942715e-06,1.9198583156101818,0.0,0.0,0.0
3417,1,-283.80838,391.7224,-0.011190719,0.0,-0.0,0.0,0.0,2.6211863654729995e-08,6.4373012822942715e-06,1.9198583156101818,0.0,0.0,0.0
3418,1,-283.80838,391.7224,-0.011190719,0.0,-0.0,0.0,0.0,2.6211863654729995e-08,6.4373012822942715e-06,1.9198583156101818,0.0,0.0,0.0
3419,1,-283.80838,391.7224,-0.011190719,0.0,-0.0,0.0,0.0,2.6211863654729995e-08,6.4373012822942715e-06,1.9198583156101818,0.0,0.0,0.0
3420,1,-283.80838,391.7224,-0.011190719,0.0,-0.0,0.0,0.0,2.6211863654729995e-08,6.4373012822942715e-06,1.9198583156101818,0.0,0.0,0.0
3421,1,-283.80838,391.7224,-0.011190719,0.0,-0.0,0.0,0.0,2.6211863654729995e-08,6.4373012822942715e-06,1.9198583156101818,0.0,0.0,0.0
3422,1,-283.80838,391.7224,-0.011190719,0.0,-0.0,0.0,0.0,2.6211863654729995e-08,6.4373012822942715e-06,1.9198583156101818,0.0,0.0,0.0
3423,1,-283.80838,391.7224,-0.011190719,0.0,-0.0,0.0,0.0,2.6211863654729995e-08,6.4373012822942715e-06,1.9198583156101818,0.0,0.0,0.0
3424,1,-283.80838,391.7224,-0.011190719,0.0,-0.0,0.0,0.0,2.6211863654729995e-08,6.4373012822942715e-06,1.9198583156101818,0.0,0.0,0.0
3425,1,-283.80838,391.7224,-0.011190719,0.0,-0.0,0.0,0.0,2.6211863654729995e-08,6.4373012822942715e-06,1.9198583156101818,0.0,0.0,0.0
3426,1,-283.80838,391.7224,-0.011190719,0.0,-0.0,0.0,0.0,2.6211863654729995e-08,6.4373012822942715e-06,1.9198583156101818,0.0,0.0,0.0
3427,1,-283.80838,391.7224,-0.011190719,0.0,-0.0,0.0,0.0,2.6211863654729995e-08,6.4373012822942715e-06,1.9198583156101818,0.0,0.0,0.0
3428,1,-283.80838,391.7224,-0.011190719,0.0,-0.0,0.0,0.0,2.6211863654729995e-08,6.4373012822942715e-06,1.9198583156101818,0.0,0.0,0.0
3429,1,-283.80838,391.7224,-0.011190719,0.0,-0.0,0.0,0.0,2.6211863654729995e-08,6.4373012822942715e-06,1.9198583156101818,0.0,0.0,0.0
3430,1,-283.80838,391.7224,-0.011190719,0.0,-0.0,0.0,0.0,2.6211863654729995e-08,6.4373012822942715e-06,1.9198583156101818,0.0,0.0,0.0
3431,1,-283.80838,391.7224,-0.011190719,0.0,-0.0,0.0,0.0,2.6211863654729995e-08,6.4373012822942715e-06,1.9198583156101818,0.0,0.0,0.0
3432,1,-283.80838,391.7224,-0.011190719,0.0,-0.0,0.0,0.0,2.6211863654729995e-08,6.4373012822942715e-06,1.9198583156101818,0.0,0.0,0.0
3433,1,-283.80838,391.7224,-0.011190719,0.0,-0.0,0.0,0.0,2.6211863654729995e-08,6.4373012822942715e-06,1.9198583156101818,0.0,0.0,0.0
3434,1,-283.80838,391.7224,-0.011190719,0.0,-0.0,0.0,0.0,2.6211863654729995e-08,6.4373012822942715e-06,1.9198583156101818,0.0,0.0,0.0
3435,1,-283.80838,391.7224,-0.011190719,0.0,-0.0,0.0,0.0,2.6211863654729995e-08,6.4373012822942715e-06,1.9198583156101818,0.0,0.0,0.0
3436,1,-283.80838,391.7224,-0.011190719,0.0,-0.0,0.0,0.0,2.6211863654729995e-08,6.4373012822942715e-06,1.9198583156101818,0.0,0.0,0.0
3437,1,-283.80838,391.7224,-0.011190719,0.0,-0.0,0.0,0.0,2.6211863654729995e-08,6.4373012822942715e-06,1.9198583156101818,0.0,0.0,0.0
3438,1,-283.80838,391.7224,-0.011190719,0.0,-0.0,0.0,0.0,2.6211863654729995e-08,6.4373012822942715e-06,1.9198583156101818,0.0,0.0,0.0
3439,1,-283.80838,391.7224,-0.011190719,0.0,-0.0,0.0,0.0,2.6211863654729995e-08,6.4373012822942715e-06,1.9198583156101818,0.0,0.0,0.0
3440,1,-283.80838,391.7224,-0.011190719,0.0,-0.0,0.0,0.0,2.6211863654729995e-08,6.4373012822942715e-06,1.9198583156101818,0.0,0.0,0.0
3441,1,-283.80838,391.7224,-0.011190719,0.0,-0.0,0.0,0.0,2.6211863654729995e-08,6.4373012822942715e-06,1.9198583156101818,0.0,0.0,0.0
3442,1,-283.80838,391.7224,-0.011190719,0.0,-0.0,0.0,0.0,2.6211863654729995e-08,6.4373012822942715e-06,1.9198583156101818,0.0,0.0,0.0
3443,1,-283.80838,391.7224,-0.011190719,0.0,-0.0,0.0,0.0,2.6211863654729995e-08,6.4373012822942715e-06,1.9198583156101818,0.0,0.0,0.0
3444,1,-283.80838,391.7224,-0.011190719,0.0,-0.0,0.0,0.0,2.6211863654729995e-08,6.4373012822942715e-06,1.9198583156101818,0.0,0.0,0.0
3445,1,-283.80838,391.7224,-0.011190719,0.0,-0.0,0.0,0.0,2.6211863654729995e-08,6.4373012822942715e-06,1.9198583156101818,0.0,0.0,0.0
3446,1,-283.80838,391.7224,-0.011190719,0.0,-0.0,0.0,0.0,2.6211863654729995e-08,6.4373012822942715e-06,1.9198583156101818,0.0,0.0,0.0
3447,1,-283.80838,391.7224,-0.011190719,0.0,-0.0,0.0,0.0,2.6211863654729995e-08,6.4373012822942715e-06,1.9198583156101818,0.0,0.0,0.0
3448,1,-283.80838,391.7224,-0.011190719,0.0,-0.0,0.0,0.0,2.6211863654729995e-08,6.4373012822942715e-06,1.9198583156101818,0.0,0.0,0.0
3449,1,-283.80838,391.7224,-0.011190719,0.0,-0.0,0.0,0.0,2.6211863654729995e-08,6.4373012822942715e-06,1.9198583156101818,0.0,0.0,0.0
3450,1,-283.80838,391.7224,-0.011190719,0.0,-0.0,0.0,0.0,2.6211863654729995e-08,6.4373012822942715e-06,1.9198583156101818,0.0,0.0,0.0
3451,1,-283.80838,391.7224,-0.011190719,0.0,-0.0,0.0,0.0,2.6211863654729995e-08,6.4373012822942715e-06,1.9198583156101818,0.0,0.0,0.0
3452,1,-283.80838,391.7224,-0.011190719,0.0,-0.0,0.0,0.0,2.6211863654729995e-08,6.4373012822942715e-06,1.9198583156101818,0.0,0.0,0.0
3453,1,-283.80838,391.7224,-0.011190719,0.0,-0.0,0.0,0.0,2.6211863654729995e-08,6.4373012822942715e-06,1.9198583156101818,0.0,0.0,0.0
3454,1,-283.80838,391.7224,-0.011190719,0.0,-0.0,0.0,0.0,2.6211863654729995e-08,6.4373012822942715e-06,1.9198583156101818,0.0,0.0,0.0
3455,1,-283.80838,391.7224,-0.011190719,0.0,-0.0,0.0,0.0,2.6211863654729995e-08,6.4373012822942715e-06,1.9198583156101818,0.0,0.0,0.0
3456,1,-283.80838,391.7224,-0.011190719,0.0,-0.0,0.0,0.0,2.6211863654729995e-08,6.4373012822942715e-06,1.9198583156101818,0.0,0.0,0.0
3457,1,-283.80838,391.7224,-0.011190719,0.0,-0.0,0.0,0.0,2.6211863654729995e-08,6.4373012822942715e-06,1.9198583156101818,0.0,0.0,0.0
3458,1,-283.80838,391.7224,-0.011190719,0.0,-0.0,0.0,0.0,2.6211863654729995e-08,6.4373012822942715e-06,1.9198583156101818,0.0,0.0,0.0
3459,1,-283.80838,391.7224,-0.011190719,0.0,-0.0,0.0,0.0,2.6211863654729995e-08,6.4373012822942715e-06,1.9198583156101818,0.0,0.0,0.0
3460,1,-283.80838,391.7224,-0.011190719,0.0,-0.0,0.0,0.0,2.6211863654729995e-08,6.4373012822942715e-06,1.9198583156101818,0.0,0.0,0.0
3461,1,-283.80838,391.7224,-0.011190719,0.0,-0.0,0.0,0.0,2.6211863654729995e-08,6.4373012822942715e-06,1.9198583156101818,0.0,0.0,0.0
3462,1,-283.80838,391.7224,-0.011190719,0.0,-0.0,0.0,0.0,2.6211863654729995e-08,6.4373012822942715e-06,1.9198583156101818,0.0,0.0,0.0
3463,1,-283.80838,391.7224,-0.011190719,0.0,-0.0,0.0,0.0,2.6211863654729995e-08,6.4373012822942715e-06,1.9198583156101818,0.0,0.0,0.0
3464,1,-283.80838,391.7224,-0.011190719,0.0,-0.0,0.0,0.0,2.6211863654729995e-08,6.4373012822942715e-06,1.9198583156101818,0.0,0.0,0.0
3465,1,-283.80838,391.7224,-0.011190719,0.0,-0.0,0.0,0.0,2.6211863654729995e-08,6.4373012822942715e-06,1.9198583156101818,0.0,0.0,0.0
3466,1,-283.80838,391.7224,-0.011190719,0.0,-0.0,0.0,0.0,2.6211863654729995e-08,6.4373012822942715e-06,1.9198583156101818,0.0,0.0,0.0
3467,1,-283.80838,391.7224,-0.011190719,0.0,-0.0,0.0,0.0,2.6211863654729995e-08,6.4373012822942715e-06,1.9198583156101818,0.0,0.0,0.0
3468,1,-283.80838,391.7224,-0.011190719,0.0,-0.0,0.0,0.0,2.6211863654729995e-08,6.4373012822942715e-06,1.9198583156101818,0.0,0.0,0.0
3469,1,-283.80838,391.7224,-0.011190719,0.0,-0.0,0.0,0.0,2.6211863654729995e-08,6.4373012822942715e-06,1.9198583156101818,0.0,0.0,0.0
3470,1,-283.80838,391.7224,-0.011190719,0.0,-0.0,0.0,0.0,2.6211863654729995e-08,6.4373012822942715e-06,1.9198583156101818,0.0,0.0,0.0
3471,1,-283.80838,391.7224,-0.011190719,0.0,-0.0,0.0,0.0,2.6211863654729995e-08,6.4373012822942715e-06,1.9198583156101818,0.0,0.0,0.0
3472,1,-283.80838,391.7224,-0.011190719,0.0,-0.0,0.0,0.0,2.6211863654729995e-08,6.4373012822942715e-06,1.9198583156101818,0.0,0.0,0.0
3473,1,-283.80838,391.7224,-0.011190719,0.0,-0.0,0.0,0.0,2.6211863654729995e-08,6.4373012822942715e-06,1.9198583156101818,0.0,0.0,0.0
3474,1,-283.80838,391.7224,-0.011190719,0.0,-0.0,0.0,0.0,2.6211863654729995e-08,6.4373012822942715e-06,1.9198583156101818,0.0,0.0,0.0
3475,1,-283.80838,391.7224,-0.011190719,0.0,-0.0,0.0,0.0,2.6211863654729995e-08,6.4373012822942715e-06,1.9198583156101818,0.0,0.0,0.0
3476,1,-283.80838,391.7224,-0.011190719,0.0,-0.0,0.0,0.0,2.6211863654729995e-08,6.4373012822942715e-06,1.9198583156101818,0.0,0.0,0.0
3477,1,-283.80838,391.7224,-0.011190719,0.0,-0.0,0.0,0.0,2.6211863654729995e-08,6.4373012822942715e-06,1.9198583156101818,0.0,0.0,0.0
3478,1,-283.80838,391.7224,-0.011190719,0.0,-0.0,0.0,0.0,2.6211863654729995e-08,6.4373012822942715e-06,1.9198583156101818,0.0,0.0,0.0
3479,1,-283.80838,391.7224,-0.011190719,0.0,-0.0,0.0,0.0,2.6211863654729995e-08,6.4373012822942715e-06,1.9198583156101818,0.0,0.0,0.0
3480,1,-283.80838,391.7224,-0.011190719,0.0,-0.0,0.0,0.0,2.6211863654729995e-08,6.4373012822942715e-06,1.9198583156101818,0.0,0.0,0.0
3481,1,-283.80838,391.7224,-0.011190719,0.0,-0.0,0.0,0.0,2.6211863654729995e-08,6.4373012822942715e-06,1.9198583156101818,0.0,0.0,0.0
3482,1,-283.80838,391.7224,-0.011190719,0.0,-0.0,0.0,0.0,2.6211863654729995e-08,6.4373012822942715e-06,1.9198583156101818,0.0,0.0,0.0
3483,1,-283.80838,391.7224,-0.011190719,0.0,-0.0,0.0,0.0,2.6211863654729995e-08,6.4373012822942715e-06,1.9198583156101818,0.0,0.0,0.0
3484,1,-283.80838,391.7224,-0.011190719,0.0,-0.0,0.0,0.0,2.6211863654729995e-08,6.4373012822942715e-06,1.9198583156101818,0.0,0.0,0.0
3485,1,-283.80838,391.7224,-0.011190719,0.0,-0.0,0.0,0.0,2.6211863654729995e-08,6.4373012822942715e-06,1.9198583156101818,0.0,0.0,0.0
3486,1,-283.80838,391.7224,-0.011190719,0.0,-0.0,0.0,0.0,2.6211863654729995e-08,6.4373012822942715e-06,1.9198583156101818,0.0,0.0,0.0
3487,1,-283.80838,391.7224,-0.011190719,0.0,-0.0,0.0,0.0,2.6211863654729995e-08,6.4373012822942715e-06,1.9198583156101818,0.0,0.0,0.0
3488,1,-283.80838,391.7224,-0.011190719,0.0,-0.0,0.0,0.0,2.6211863654729995e-08,6.4373012822942715e-06,1.9198583156101818,0.0,0.0,0.0
3489,1,-283.80838,391.7224,-0.011190719,0.0,-0.0,0.0,0.0,2.6211863654729995e-08,6.4373012822942715e-06,1.9198583156101818,0.0,0.0,0.0
3490,1,-283.80838,391.7224,-0.011190719,0.0,-0.0,0.0,0.0,2.6211863654729995e-08,6.4373012822942715e-06,1.9198583156101818,0.0,0.0,0.0
3491,1,-283.80838,391.7224,-0.011190719,0.0,-0.0,0.0,0.0,2.6211863654729995e-08,6.4373012822942715e-06,1.9198583156101818,0.0,0.0,0.0
3492,1,-283.80838,391.7224,-0.011190719,0.0,-0.0,0.0,0.0,2.6211863654729995e-08,6.4373012822942715e-06,1.9198583156101818,0.0,0.0,0.0
3493,1,-283.80838,391.7224,-0.011190719,0.0,-0.0,0.0,0.0,2.6211863654729995e-08,6.4373012822942715e-06,1.9198583156101818,0.0,0.0,0.0
3494,1,-283.80838,391.7224,-0.011190719,0.0,-0.0,0.0,0.0,2.6211863654729995e-08,6.4373012822942715e-06,1.9198583156101818,0.0,0.0,0.0
3495,1,-283.80838,391.7224,-0.011190719,0.0,-0.0,0.0,0.0,2.6211863654729995e-08,6.4373012822942715e-06,1.9198583156101818,0.0,0.0,0.0
3496,1,-283.80838,391.7224,-0.011190719,0.0,-0.0,0.0,0.0,2.6211863654729995e-08,6.4373012822942715e-06,1.9198583156101818,0.0,0.0,0.0
3497,1,-283.80838,391.7224,-0.011190719,0.0,-0.0,0.0,0.0,2.6211863654729995e-08,6.4373012822942715e-06,1.9198583156101818,0.0,0.0,0.0
3498,1,-283.80838,391.7224,-0.011190719,0.0,-0.0,0.0,0.0,2.6211863654729995e-08,6.4373012822942715e-06,1.9198583156101818,0.0,0.0,0.0
3499,1,-283.80838,391.7224,-0.011190719,0.0,-0.0,0.0,0.0,2.6211863654729995e-08,6.4373012822942715e-06,1.9198583156101818,0.0,0.0,0.0
3500,1,-283.80838,391.7224,-0.011190719,0.0,-0.0,0.0,0.0,2.6211863654729995e-08,6.4373012822942715e-06,1.9198583156101818,0.0,0.0,0.0
3501,1,-283.80838,391.7224,-0.011190719,0.0,-0.0,0.0,0.0,2.6211863654729995e-08,6.4373012822942715e-06,1.9198583156101818,0.0,0.0,0.0
3502,1,-283.80838,391.7224,-0.011190719,0.0,-0.0,0.0,0.0,2.6211863654729995e-08,6.4373012822942715e-06,1.9198583156101818,0.0,0.0,0.0
3503,1,-283.80838,391.7224,-0.011190719,0.0,-0.0,0.0,0.0,2.6211863654729995e-08,6.4373012822942715e-06,1.9198583156101818,0.0,0.0,0.0
3504,1,-283.80838,391.7224,-0.011190719,0.0,-0.0,0.0,0.0,2.6211863654729995e-08,6.4373012822942715e-06,1.9198583156101818,0.0,0.0,0.0
3505,1,-283.80838,391.7224,-0.011190719,0.0,-0.0,0.0,0.0,2.6211863654729995e-08,6.4373012822942715e-06,1.9198583156101818,0.0,0.0,0.0
3506,1,-283.80838,391.7224,-0.011190719,0.0,-0.0,0.0,0.0,2.6211863654729995e-08,6.4373012822942715e-06,1.9198583156101818,0.0,0.0,0.0
3507,1,-283.80838,391.7224,-0.011190719,0.0,-0.0,0.0,0.0,2.6211863654729995e-08,6.4373012822942715e-06,1.9198583156101818,0.0,0.0,0.0
3508,1,-283.80838,391.7224,-0.011190719,0.0,-0.0,0.0,0.0,2.6211863654729995e-08,6.4373012822942715e-06,1.9198583156101818,0.0,0.0,0.0
3509,1,-283.80838,391.7224,-0.011190719,0.0,-0.0,0.0,0.0,2.6211863654729995e-08,6.4373012822942715e-06,1.9198583156101818,0.0,0.0,0.0
3510,1,-283.80838,391.7224,-0.011190719,0.0,-0.0,0.0,0.0,2.6211863654729995e-08,6.4373012822942715e-06,1.9198583156101818,0.0,0.0,0.0
3511,1,-283.80838,391.7224,-0.011190719,0.0,-0.0,0.0,0.0,2.6211863654729995e-08,6.4373012822942715e-06,1.9198583156101818,0.0,0.0,0.0
3512,1,-283.80838,391.7224,-0.011190719,0.0,-0.0,0.0,0.0,2.6211863654729995e-08,6.4373012822942715e-06,1.9198583156101818,0.0,0.0,0.0
3513,1,-283.80838,391.7224,-0.011190719,0.0,-0.0,0.0,0.0,2.6211863654729995e-08,6.4373012822942715e-06,1.9198583156101818,0.0,0.0,0.0
3514,1,-283.80838,391.7224,-0.011190719,0.0,-0.0,0.0,0.0,2.6211863654729995e-08,6.4373012822942715e-06,1.9198583156101818,0.0,0.0,0.0
3515,1,-283.80838,391.7224,-0.011190719,0.0,-0.0,0.0,0.0,2.6211863654729995e-08,6.4373012822942715e-06,1.9198583156101818,0.0,0.0,0.0
3516,1,-283.80838,391.7224,-0.011190719,0.0,-0.0,0.0,0.0,2.6211863654729995e-08,6.4373012822942715e-06,1.9198583156101818,0.0,0.0,0.0
3517,1,-283.80838,391.7224,-0.011190719,0.0,-0.0,0.0,0.0,2.6211863654729995e-08,6.4373012822942715e-06,1.9198583156101818,0.0,0.0,0.0
3518,1,-283.80838,391.7224,-0.011190719,0.0,-0.0,0.0,0.0,2.6211863654729995e-08,6.4373012822942715e-06,1.9198583156101818,0.0,0.0,0.0
3519,1,-283.80838,391.7224,-0.011190719,0.0,-0.0,0.0,0.0,2.6211863654729995e-08,6.4373012822942715e-06,1.9198583156101818,0.0,0.0,0.0
3520,1,-283.80838,391.7224,-0.011190719,0.0,-0.0,0.0,0.0,2.6211863654729995e-08,6.4373012822942715e-06,1.9198583156101818,0.0,0.0,0.0
3521,1,-283.80838,391.7224,-0.011190719,0.0,-0.0,0.0,0.0,2.6211863654729995e-08,6.4373012822942715e-06,1.9198583156101818,0.0,0.0,0.0
3522,1,-283.80838,391.7224,-0.011190719,0.0,-0.0,0.0,0.0,2.6211863654729995e-08,6.4373012822942715e-06,1.9198583156101818,0.0,0.0,0.0
3523,1,-283.80838,391.7224,-0.011190719,0.0,-0.0,0.0,0.0,2.6211863654729995e-08,6.4373012822942715e-06,1.9198583156101818,0.0,0.0,0.0
3524,1,-283.80838,391.7224,-0.011190719,0.0,-0.0,0.0,0.0,2.6211863654729995e-08,6.4373012822942715e-06,1.9198583156101818,0.0,0.0,0.0
3525,1,-283.80838,391.7224,-0.011190719,0.0,-0.0,0.0,0.0,2.6211863654729995e-08,6.4373012822942715e-06,1.9198583156101818,0.0,0.0,0.0
3526,1,-283.80838,391.7224,-0.011190719,0.0,-0.0,0.0,0.0,2.6211863654729995e-08,6.4373012822942715e-06,1.9198583156101818,0.0,0.0,0.0
3527,1,-283.80838,391.7224,-0.011190719,0.0,-0.0,0.0,0.0,2.6211863654729995e-08,6.4373012822942715e-06,1.9198583156101818,0.0,0.0,0.0
3528,1,-283.80838,391.7224,-0.011190719,0.0,-0.0,0.0,0.0,2.6211863654729995e-08,6.4373012822942715e-06,1.9198583156101818,0.0,0.0,0.0
3529,1,-283.80838,391.7224,-0.011190719,0.0,-0.0,0.0,0.0,2.6211863654729995e-08,6.4373012822942715e-06,1.9198583156101818,0.0,0.0,0.0
3530,1,-283.80838,391.7224,-0.011190719,0.0,-0.0,0.0,0.0,2.6211863654729995e-08,6.4373012822942715e-06,1.9198583156101818,0.0,0.0,0.0
3531,1,-283.80838,391.7224,-0.011190719,0.0,-0.0,0.0,0.0,2.6211863654729995e-08,6.4373012822942715e-06,1.9198583156101818,0.0,0.0,0.0
3532,1,-283.80838,391.7224,-0.011190719,0.0,-0.0,0.0,0.0,2.6211863654729995e-08,6.4373012822942715e-06,1.9198583156101818,0.0,0.0,0.0
3533,1,-283.80838,391.7224,-0.011190719,0.0,-0.0,0.0,0.0,2.6211863654729995e-08,6.4373012822942715e-06,1.9198583156101818,0.0,0.0,0.0
3534,1,-283.80838,391.7224,-0.011190719,0.0,-0.0,0.0,0.0,2.6211863654729995e-08,6.4373012822942715e-06,1.9198583156101818,0.0,0.0,0.0
3535,1,-283.80838,391.7224,-0.011190719,0.0,-0.0,0.0,0.0,2.6211863654729995e-08,6.4373012822942715e-06,1.9198583156101818,0.0,0.0,0.0
3536,1,-283.80838,391.7224,-0.011190719,0.0,-0.0,0.0,0.0,2.6211863654729995e-08,6.4373012822942715e-06,1.9198583156101818,0.0,0.0,0.0
3537,1,-283.80838,391.7224,-0.011190719,0.0,-0.0,0.0,0.0,2.6211863654729995e-08,6.4373012822942715e-06,1.9198583156101818,0.0,0.0,0.0
3538,1,-283.80838,391.7224,-0.011190719,0.0,-0.0,0.0,0.0,2.6211863654729995e-08,6.4373012822942715e-06,1.9198583156101818,0.0,0.0,0.0
3539,1,-283.80838,391.7224,-0.011190719,0.0,-0.0,0.0,0.0,2.6211863654729995e-08,6.4373012822942715e-06,1.9198583156101818,0.0,0.0,0.0
3540,1,-283.80838,391.7224,-0.011190719,0.0,-0.0,0.0,0.0,2.6211863654729995e-08,6.4373012822942715e-06,1.9198583156101818,0.0,0.0,0.0
3541,1,-283.80838,391.7224,-0.011190719,0.0,-0.0,0.0,0.0,2.6211863654729995e-08,6.4373012822942715e-06,1.9198583156101818,0.0,0.0,0.0
3542,1,-283.80838,391.7224,-0.011190719,0.0,-0.0,0.0,0.0,2.6211863654729995e-08,6.4373012822942715e-06,1.9198583156101818,0.0,0.0,0.0
3543,1,-283.80838,391.7224,-0.011190719,0.0,-0.0,0.0,0.0,2.6211863654729995e-08,6.4373012822942715e-06,1.9198583156101818,0.0,0.0,0.0
3544,1,-283.80838,391.7224,-0.011190719,0.0,-0.0,0.0,0.0,2.6211863654729995e-08,6.4373012822942715e-06,1.9198583156101818,0.0,0.0,0.0
3545,1,-283.80838,391.7224,-0.011190719,0.0,-0.0,0.0,0.0,2.6211863654729995e-08,6.4373012822942715e-06,1.9198583156101818,0.0,0.0,0.0
3546,1,-283.80838,391.7224,-0.011190719,0.0,-0.0,0.0,0.0,2.6211863654729995e-08,6.4373012822942715e-06,1.9198583156101818,0.0,0.0,0.0
3547,1,-283.80838,391.7224,-0.011190719,0.0,-0.0,0.0,0.0,2.6211863654729995e-08,6.4373012822942715e-06,1.9198583156101818,0.0,0.0,0.0
3548,1,-283.80838,391.7224,-0.011190719,0.0,-0.0,0.0,0.0,2.6211863654729995e-08,6.4373012822942715e-06,1.9198583156101818,0.0,0.0,0.0
3549,1,-283.80838,391.7224,-0.011190719,0.0,-0.0,0.0,0.0,2.6211863654729995e-08,6.4373012822942715e-06,1.9198583156101818,0.0,0.0,0.0
3550,1,-283.80838,391.7224,-0.011190719,0.0,-0.0,0.0,0.0,2.6211863654729995e-08,6.4373012822942715e-06,1.9198583156101818,0.0,0.0,0.0
3551,1,-283.80838,391.7224,-0.011190719,0.0,-0.0,0.0,0.0,2.6211863654729995e-08,6.4373012822942715e-06,1.9198583156101818,0.0,0.0,0.0
3552,1,-283.80838,391.7224,-0.011190719,0.0,-0.0,0.0,0.0,2.6211863654729995e-08,6.4373012822942715e-06,1.9198583156101818,0.0,0.0,0.0
3553,1,-283.80838,391.7224,-0.011190719,0.0,-0.0,0.0,0.0,2.6211863654729995e-08,6.4373012822942715e-06,1.9198583156101818,0.0,0.0,0.0
3554,1,-283.80838,391.7224,-0.011190719,0.0,-0.0,0.0,0.0,2.6211863654729995e-08,6.4373012822942715e-06,1.9198583156101818,0.0,0.0,0.0
3555,1,-283.80838,391.7224,-0.011190719,0.0,-0.0,0.0,0.0,2.6211863654729995e-08,6.4373012822942715e-06,1.9198583156101818,0.0,0.0,0.0
3556,1,-283.80838,391.7224,-0.011190719,0.0,-0.0,0.0,0.0,2.6211863654729995e-08,6.4373012822942715e-06,1.9198583156101818,0.0,0.0,0.0
3557,1,-283.80838,391.7224,-0.011190719,0.0,-0.0,0.0,0.0,2.6211863654729995e-08,6.4373012822942715e-06,1.9198583156101818,0.0,0.0,0.0
3558,1,-283.80838,391.7224,-0.011190719,0.0,-0.0,0.0,0.0,2.6211863654729995e-08,6.4373012822942715e-06,1.9198583156101818,0.0,0.0,0.0
3559,1,-283.80838,391.7224,-0.011190719,0.0,-0.0,0.0,0.0,2.6211863654729995e-08,6.4373012822942715e-06,1.9198583156101818,0.0,0.0,0.0
3560,1,-283.80838,391.7224,-0.011190719,0.0,-0.0,0.0,0.0,2.6211863654729995e-08,6.4373012822942715e-06,1.9198583156101818,0.0,0.0,0.0
3561,1,-283.80838,391.7224,-0.011190719,0.0,-0.0,0.0,0.0,2.6211863654729995e-08,6.4373012822942715e-06,1.9198583156101818,0.0,0.0,0.0
3562,1,-283.80838,391.7224,-0.011190719,0.0,-0.0,0.0,0.0,2.6211863654729995e-08,6.4373012822942715e-06,1.9198583156101818,0.0,0.0,0.0
3563,1,-283.80838,391.7224,-0.011190719,0.0,-0.0,0.0,0.0,2.6211863654729995e-08,6.4373012822942715e-06,1.9198583156101818,0.0,0.0,0.0
3564,1,-283.80838,391.7224,-0.011190719,0.0,-0.0,0.0,0.0,2.6211863654729995e-08,6.4373012822942715e-06,1.9198583156101818,0.0,0.0,0.0
3565,1,-283.80838,391.7224,-0.011190719,0.0,-0.0,0.0,0.0,2.6211863654729995e-08,6.4373012822942715e-06,1.9198583156101818,0.0,0.0,0.0
3566,1,-283.80838,391.7224,-0.011190719,0.0,-0.0,0.0,0.0,2.6211863654729995e-08,6.4373012822942715e-06,1.9198583156101818,0.0,0.0,0.0
3567,1,-283.80838,391.7224,-0.011190719,0.0,-0.0,0.0,0.0,2.6211863654729995e-08,6.4373012822942715e-06,1.9198583156101818,0.0,0.0,0.0
3568,1,-283.80838,391.7224,-0.011190719,0.0,-0.0,0.0,0.0,2.6211863654729995e-08,6.4373012822942715e-06,1.9198583156101818,0.0,0.0,0.0
3569,1,-283.80838,391.7224,-0.011190719,0.0,-0.0,0.0,0.0,2.6211863654729995e-08,6.4373012822942715e-06,1.9198583156101818,0.0,0.0,0.0
3570,1,-283.80838,391.7224,-0.011190719,0.0,-0.0,0.0,0.0,2.6211863654729995e-08,6.4373012822942715e-06,1.9198583156101818,0.0,0.0,0.0
3571,1,-283.80838,391.7224,-0.011190719,0.0,-0.0,0.0,0.0,2.6211863654729995e-08,6.4373012822942715e-06,1.9198583156101818,0.0,0.0,0.0
3572,1,-283.80838,391.7224,-0.011190719,0.0,-0.0,0.0,0.0,2.6211863654729995e-08,6.4373012822942715e-06,1.9198583156101818,0.0,0.0,0.0
3573,1,-283.80838,391.7224,-0.011190719,0.0,-0.0,0.0,0.0,2.6211863654729995e-08,6.4373012822942715e-06,1.9198583156101818,0.0,0.0,0.0
3574,1,-283.80838,391.7224,-0.011190719,0.0,-0.0,0.0,0.0,2.6211863654729995e-08,6.4373012822942715e-06,1.9198583156101818,0.0,0.0,0.0
3575,1,-283.80838,391.7224,-0.011190719,0.0,-0.0,0.0,0.0,2.6211863654729995e-08,6.4373012822942715e-06,1.9198583156101818,0.0,0.0,0.0
3576,1,-283.80838,391.7224,-0.011190719,0.0,-0.0,0.0,0.0,2.6211863654729995e-08,6.4373012822942715e-06,1.9198583156101818,0.0,0.0,0.0
3577,1,-283.80838,391.7224,-0.011190719,0.0,-0.0,0.0,0.0,2.6211863654729995e-08,6.4373012822942715e-06,1.9198583156101818,0.0,0.0,0.0
3578,1,-283.80838,391.7224,-0.011190719,0.0,-0.0,0.0,0.0,2.6211863654729995e-08,6.4373012822942715e-06,1.9198583156101818,0.0,0.0,0.0
3579,1,-283.80838,391.7224,-0.011190719,0.0,-0.0,0.0,0.0,2.6211863654729995e-08,6.4373012822942715e-06,1.9198583156101818,0.0,0.0,0.0
3580,1,-283.80838,391.7224,-0.011190719,0.0,-0.0,0.0,0.0,2.6211863654729995e-08,6.4373012822942715e-06,1.9198583156101818,0.0,0.0,0.0
3581,1,-283.80838,391.7224,-0.011190719,0.0,-0.0,0.0,0.0,2.6211863654729995e-08,6.4373012822942715e-06,1.9198583156101818,0.0,0.0,0.0
3582,1,-283.80838,391.7224,-0.011190719,0.0,-0.0,0.0,0.0,2.6211863654729995e-08,6.4373012822942715e-06,1.9198583156101818,0.0,0.0,0.0
3583,1,-283.80838,391.7224,-0.011190719,0.0,-0.0,0.0,0.0,2.6211863654729995e-08,6.4373012822942715e-06,1.9198583156101818,0.0,0.0,0.0
3584,1,-283.80838,391.7224,-0.011190719,0.0,-0.0,0.0,0.0,2.6211863654729995e-08,6.4373012822942715e-06,1.9198583156101818,0.0,0.0,0.0
3585,1,-283.80838,391.7224,-0.011190719,0.0,-0.0,0.0,0.0,2.6211863654729995e-08,6.4373012822942715e-06,1.9198583156101818,0.0,0.0,0.0
3586,1,-283.80838,391.7224,-0.011190719,0.0,-0.0,0.0,0.0,2.6211863654729995e-08,6.4373012822942715e-06,1.9198583156101818,0.0,0.0,0.0
3587,1,-283.80838,391.7224,-0.011190719,0.0,-0.0,0.0,0.0,2.6211863654729995e-08,6.4373012822942715e-06,1.9198583156101818,0.0,0.0,0.0
3588,1,-283.80838,391.7224,-0.011190719,0.0,-0.0,0.0,0.0,2.6211863654729995e-08,6.4373012822942715e-06,1.9198583156101818,0.0,0.0,0.0
3589,1,-283.80838,391.7224,-0.011190719,0.0,-0.0,0.0,0.0,2.6211863654729995e-08,6.4373012822942715e-06,1.9198583156101818,0.0,0.0,0.0
3590,1,-283.80838,391.7224,-0.011190719,0.0,-0.0,0.0,0.0,2.6211863654729995e-08,6.4373012822942715e-06,1.9198583156101818,0.0,0.0,0.0
3591,1,-283.80838,391.7224,-0.011190719,0.0,-0.0,0.0,0.0,2.6211863654729995e-08,6.4373012822942715e-06,1.9198583156101818,0.0,0.0,0.0
3592,1,-283.80838,391.7224,-0.011190719,0.0,-0.0,0.0,0.0,2.6211863654729995e-08,6.4373012822942715e-06,1.9198583156101818,0.0,0.0,0.0
3593,1,-283.80838,391.7224,-0.011190719,0.0,-0.0,0.0,0.0,2.6211863654729995e-08,6.4373012822942715e-06,1.9198583156101818,0.0,0.0,0.0
3594,1,-283.80838,391.7224,-0.011190719,0.0,-0.0,0.0,0.0,2.6211863654729995e-08,6.4373012822942715e-06,1.9198583156101818,0.0,0.0,0.0
3595,1,-283.80838,391.7224,-0.011190719,0.0,-0.0,0.0,0.0,2.6211863654729995e-08,6.4373012822942715e-06,1.9198583156101818,0.0,0.0,0.0
3596,1,-283.80838,391.7224,-0.011190719,0.0,-0.0,0.0,0.0,2.6211863654729995e-08,6.4373012822942715e-06,1.9198583156101818,0.0,0.0,0.0
3597,1,-283.80838,391.7224,-0.011190719,0.0,-0.0,0.0,0.0,2.6211863654729995e-08,6.4373012822942715e-06,1.9198583156101818,0.0,0.0,0.0
3598,1,-283.80838,391.7224,-0.011190719,0.0,-0.0,0.0,0.0,2.6211863654729995e-08,6.4373012822942715e-06,1.9198583156101818,0.0,0.0,0.0
3599,1,-283.80838,391.7224,-0.011190719,0.0,-0.0,0.0,0.0,2.6211863654729995e-08,6.4373012822942715e-06,1.9198583156101818,0.0,0.0,0.0
3600,1,-283.80838,391.7224,-0.011190719,0.0,-0.0,0.0,0.0,2.6211863654729995e-08,6.4373012822942715e-06,1.9198583156101818,0.0,0.0,0.0
3601,1,-283.80838,391.7224,-0.011190719,0.0,-0.0,0.0,0.0,2.6211863654729995e-08,6.4373012822942715e-06,1.9198583156101818,0.0,0.0,0.0
3602,1,-283.80838,391.7224,-0.011190719,0.0,-0.0,0.0,0.0,2.6211863654729995e-08,6.4373012822942715e-06,1.9198583156101818,0.0,0.0,0.0
3603,1,-283.80838,391.7224,-0.011190719,0.0,-0.0,0.0,0.0,2.6211863654729995e-08,6.4373012822942715e-06,1.9198583156101818,0.0,0.0,0.0
3604,1,-283.80838,391.7224,-0.011190719,0.0,-0.0,0.0,0.0,2.6211863654729995e-08,6.4373012822942715e-06,1.9198583156101818,0.0,0.0,0.0
3605,1,-283.80838,391.7224,-0.011190719,0.0,-0.0,0.0,0.0,2.6211863654729995e-08,6.4373012822942715e-06,1.9198583156101818,0.0,0.0,0.0
3606,1,-283.80838,391.7224,-0.011190719,0.0,-0.0,0.0,0.0,2.6211863654729995e-08,6.4373012822942715e-06,1.9198583156101818,0.0,0.0,0.0
3607,1,-283.80838,391.7224,-0.011190719,0.0,-0.0,0.0,0.0,2.6211863654729995e-08,6.4373012822942715e-06,1.9198583156101818,0.0,0.0,0.0
3608,1,-283.80838,391.7224,-0.011190719,0.0,-0.0,0.0,0.0,2.6211863654729995e-08,6.4373012822942715e-06,1.9198583156101818,0.0,0.0,0.0
3609,1,-283.80838,391.7224,-0.011190719,0.0,-0.0,0.0,0.0,2.6211863654729995e-08,6.4373012822942715e-06,1.9198583156101818,0.0,0.0,0.0
3610,1,-283.80838,391.7224,-0.011190719,0.0,-0.0,0.0,0.0,2.6211863654729995e-08,6.4373012822942715e-06,1.9198583156101818,0.0,0.0,0.0
3611,1,-283.80838,391.7224,-0.011190719,0.0,-0.0,0.0,0.0,2.6211863654729995e-08,6.4373012822942715e-06,1.9198583156101818,0.0,0.0,0.0
3612,1,-283.80838,391.7224,-0.011190719,0.0,-0.0,0.0,0.0,2.6211863654729995e-08,6.4373012822942715e-06,1.9198583156101818,0.0,0.0,0.0
3613,1,-283.80838,391.7224,-0.011190719,0.0,-0.0,0.0,0.0,2.6211863654729995e-08,6.4373012822942715e-06,1.9198583156101818,0.0,0.0,0.0
3614,1,-283.80838,391.7224,-0.011190719,0.0,-0.0,0.0,0.0,2.6211863654729995e-08,6.4373012822942715e-06,1.9198583156101818,0.0,0.0,0.0
3615,1,-283.80838,391.7224,-0.011190719,0.0,-0.0,0.0,0.0,2.6211863654729995e-08,6.4373012822942715e-06,1.9198583156101818,0.0,0.0,0.0
3616,1,-283.80838,391.7224,-0.011190719,0.0,-0.0,0.0,0.0,2.6211863654729995e-08,6.4373012822942715e-06,1.9198583156101818,0.0,0.0,0.0
3617,1,-283.80838,391.7224,-0.011190719,0.0,-0.0,0.0,0.0,2.6211863654729995e-08,6.4373012822942715e-06,1.9198583156101818,0.0,0.0,0.0
3618,1,-283.80838,391.7224,-0.011190719,0.0,-0.0,0.0,0.0,2.6211863654729995e-08,6.4373012822942715e-06,1.9198583156101818,0.0,0.0,0.0
3619,1,-283.80838,391.7224,-0.011190719,0.0,-0.0,0.0,0.0,2.6211863654729995e-08,6.4373012822942715e-06,1.9198583156101818,0.0,0.0,0.0
3620,1,-283.80838,391.7224,-0.011190719,0.0,-0.0,0.0,0.0,2.6211863654729995e-08,6.4373012822942715e-06,1.9198583156101818,0.0,0.0,0.0
3621,1,-283.80838,391.7224,-0.011190719,0.0,-0.0,0.0,0.0,2.6211863654729995e-08,6.4373012822942715e-06,1.9198583156101818,0.0,0.0,0.0
3622,1,-283.80838,391.7224,-0.011190719,0.0,-0.0,0.0,0.0,2.6211863654729995e-08,6.4373012822942715e-06,1.9198583156101818,0.0,0.0,0.0
3623,1,-283.80838,391.7224,-0.011190719,0.0,-0.0,0.0,0.0,2.6211863654729995e-08,6.4373012822942715e-06,1.9198583156101818,0.0,0.0,0.0
3624,1,-283.80838,391.7224,-0.011190719,0.0,-0.0,0.0,0.0,2.6211863654729995e-08,6.4373012822942715e-06,1.9198583156101818,0.0,0.0,0.0
3625,1,-283.80838,391.7224,-0.011190719,0.0,-0.0,0.0,0.0,2.6211863654729995e-08,6.4373012822942715e-06,1.9198583156101818,0.0,0.0,0.0
3626,1,-283.80838,391.7224,-0.011190719,0.0,-0.0,0.0,0.0,2.6211863654729995e-08,6.4373012822942715e-06,1.9198583156101818,0.0,0.0,0.0
3627,1,-283.80838,391.7224,-0.011190719,0.0,-0.0,0.0,0.0,2.6211863654729995e-08,6.4373012822942715e-06,1.9198583156101818,0.0,0.0,0.0
3628,1,-283.80838,391.7224,-0.011190719,0.0,-0.0,0.0,0.0,2.6211863654729995e-08,6.4373012822942715e-06,1.9198583156101818,0.0,0.0,0.0
3629,1,-283.80838,391.7224,-0.011190719,0.0,-0.0,0.0,0.0,2.6211863654729995e-08,6.4373012822942715e-06,1.9198583156101818,0.0,0.0,0.0
3630,1,-283.80838,391.7224,-0.011190719,0.0,-0.0,0.0,0.0,2.6211863654729995e-08,6.4373012822942715e-06,1.9198583156101818,0.0,0.0,0.0
3631,1,-283.80838,391.7224,-0.011190719,0.0,-0.0,0.0,0.0,2.6211863654729995e-08,6.4373012822942715e-06,1.9198583156101818,0.0,0.0,0.0
3632,1,-283.80838,391.7224,-0.011190719,0.0,-0.0,0.0,0.0,2.6211863654729995e-08,6.4373012822942715e-06,1.9198583156101818,0.0,0.0,0.0
3633,1,-283.80838,391.7224,-0.011190719,0.0,-0.0,0.0,0.0,2.6211863654729995e-08,6.4373012822942715e-06,1.9198583156101818,0.0,0.0,0.0
3634,1,-283.80838,391.7224,-0.011190719,0.0,-0.0,0.0,0.0,2.6211863654729995e-08,6.4373012822942715e-06,1.9198583156101818,0.0,0.0,0.0
3635,1,-283.80838,391.7224,-0.011190719,0.0,-0.0,0.0,0.0,2.6211863654729995e-08,6.4373012822942715e-06,1.9198583156101818,0.0,0.0,0.0
3636,1,-283.80838,391.7224,-0.011190719,0.0,-0.0,0.0,0.0,2.6211863654729995e-08,6.4373012822942715e-06,1.9198583156101818,0.0,0.0,0.0
3637,1,-283.80838,391.7224,-0.011190719,0.0,-0.0,0.0,0.0,2.6211863654729995e-08,6.4373012822942715e-06,1.9198583156101818,0.0,0.0,0.0
3638,1,-283.80838,391.7224,-0.011190719,0.0,-0.0,0.0,0.0,2.6211863654729995e-08,6.4373012822942715e-06,1.9198583156101818,0.0,0.0,0.0
3639,1,-283.80838,391.7224,-0.011190719,0.0,-0.0,0.0,0.0,2.6211863654729995e-08,6.4373012822942715e-06,1.9198583156101818,0.0,0.0,0.0
3640,1,-283.80838,391.7224,-0.011190719,0.0,-0.0,0.0,0.0,2.6211863654729995e-08,6.4373012822942715e-06,1.9198583156101818,0.0,0.0,0.0
3641,1,-283.80838,391.7224,-0.011190719,0.0,-0.0,0.0,0.0,2.6211863654729995e-08,6.4373012822942715e-06,1.9198583156101818,0.0,0.0,0.0
3642,1,-283.80838,391.7224,-0.011190719,0.0,-0.0,0.0,0.0,2.6211863654729995e-08,6.4373012822942715e-06,1.9198583156101818,0.0,0.0,0.0
3643,1,-283.80838,391.7224,-0.011190719,0.0,-0.0,0.0,0.0,2.6211863654729995e-08,6.4373012822942715e-06,1.9198583156101818,0.0,0.0,0.0
3644,1,-283.80838,391.7224,-0.011190719,0.0,-0.0,0.0,0.0,2.6211863654729995e-08,6.4373012822942715e-06,1.9198583156101818,0.0,0.0,0.0
3645,1,-283.80838,391.7224,-0.011190719,0.0,-0.0,0.0,0.0,2.6211863654729995e-08,6.4373012822942715e-06,1.9198583156101818,0.0,0.0,0.0
3646,1,-283.80838,391.7224,-0.011190719,0.0,-0.0,0.0,0.0,2.6211863654729995e-08,6.4373012822942715e-06,1.9198583156101818,0.0,0.0,0.0
3647,1,-283.80838,391.7224,-0.011190719,0.0,-0.0,0.0,0.0,2.6211863654729995e-08,6.4373012822942715e-06,1.9198583156101818,0.0,0.0,0.0
3648,1,-283.80838,391.7224,-0.011190719,0.0,-0.0,0.0,0.0,2.6211863654729995e-08,6.4373012822942715e-06,1.9198583156101818,0.0,0.0,0.0
3649,1,-283.80838,391.7224,-0.011190719,0.0,-0.0,0.0,0.0,2.6211863654729995e-08,6.4373012822942715e-06,1.9198583156101818,0.0,0.0,0.0
3650,1,-283.80838,391.7224,-0.011190719,0.0,-0.0,0.0,0.0,2.6211863654729995e-08,6.4373012822942715e-06,1.9198583156101818,0.0,0.0,0.0
3651,1,-283.80838,391.7224,-0.011190719,0.0,-0.0,0.0,0.0,2.6211863654729995e-08,6.4373012822942715e-06,1.9198583156101818,0.0,0.0,0.0
3652,1,-283.80838,391.7224,-0.011190719,0.0,-0.0,0.0,0.0,2.6211863654729995e-08,6.4373012822942715e-06,1.9198583156101818,0.0,0.0,0.0
3653,1,-283.80838,391.7224,-0.011190719,0.0,-0.0,0.0,0.0,2.6211863654729995e-08,6.4373012822942715e-06,1.9198583156101818,0.0,0.0,0.0
3654,1,-283.80838,391.7224,-0.011190719,0.0,-0.0,0.0,0.0,2.6211863654729995e-08,6.4373012822942715e-06,1.9198583156101818,0.0,0.0,0.0
3655,1,-283.80838,391.7224,-0.011190719,0.0,-0.0,0.0,0.0,2.6211863654729995e-08,6.4373012822942715e-06,1.9198583156101818,0.0,0.0,0.0
3656,1,-283.80838,391.7224,-0.011190719,0.0,-0.0,0.0,0.0,2.6211863654729995e-08,6.4373012822942715e-06,1.9198583156101818,0.0,0.0,0.0
3657,1,-283.80838,391.7224,-0.011190719,0.0,-0.0,0.0,0.0,2.6211863654729995e-08,6.4373012822942715e-06,1.9198583156101818,0.0,0.0,0.0
3658,1,-283.80838,391.7224,-0.011190719,0.0,-0.0,0.0,0.0,2.6211863654729995e-08,6.4373012822942715e-06,1.9198583156101818,0.0,0.0,0.0
3659,1,-283.80838,391.7224,-0.011190719,0.0,-0.0,0.0,0.0,2.6211863654729995e-08,6.4373012822942715e-06,1.9198583156101818,0.0,0.0,0.0
3660,1,-283.80838,391.7224,-0.011190719,0.0,-0.0,0.0,0.0,2.6211863654729995e-08,6.4373012822942715e-06,1.9198583156101818,0.0,0.0,0.0
3661,1,-283.80838,391.7224,-0.011190719,0.0,-0.0,0.0,0.0,2.6211863654729995e-08,6.4373012822942715e-06,1.9198583156101818,0.0,0.0,0.0
3662,1,-283.80838,391.7224,-0.011190719,0.0,-0.0,0.0,0.0,2.6211863654729995e-08,6.4373012822942715e-06,1.9198583156101818,0.0,0.0,0.0
3663,1,-283.80838,391.7224,-0.011190719,0.0,-0.0,0.0,0.0,2.6211863654729995e-08,6.4373012822942715e-06,1.9198583156101818,0.0,0.0,0.0
3664,1,-283.80838,391.7224,-0.011190719,0.0,-0.0,0.0,0.0,2.6211863654729995e-08,6.4373012822942715e-06,1.9198583156101818,0.0,0.0,0.0
3665,1,-283.80838,391.7224,-0.011190719,0.0,-0.0,0.0,0.0,2.6211863654729995e-08,6.4373012822942715e-06,1.9198583156101818,0.0,0.0,0.0
3666,1,-283.80838,391.7224,-0.011190719,0.0,-0.0,0.0,0.0,2.6211863654729995e-08,6.4373012822942715e-06,1.9198583156101818,0.0,0.0,0.0
3667,1,-283.80838,391.7224,-0.011190719,0.0,-0.0,0.0,0.0,2.6211863654729995e-08,6.4373012822942715e-06,1.9198583156101818,0.0,0.0,0.0
3668,1,-283.80838,391.7224,-0.011190719,0.0,-0.0,0.0,0.0,2.6211863654729995e-08,6.4373012822942715e-06,1.9198583156101818,0.0,0.0,0.0
3669,1,-283.80838,391.7224,-0.011190719,0.0,-0.0,0.0,0.0,2.6211863654729995e-08,6.4373012822942715e-06,1.9198583156101818,0.0,0.0,0.0
3670,1,-283.80838,391.7224,-0.011190719,0.0,-0.0,0.0,0.0,2.6211863654729995e-08,6.4373012822942715e-06,1.9198583156101818,0.0,0.0,0.0
3671,1,-283.80838,391.7224,-0.011190719,0.0,-0.0,0.0,0.0,2.6211863654729995e-08,6.4373012822942715e-06,1.9198583156101818,0.0,0.0,0.0
3672,1,-283.80838,391.7224,-0.011190719,0.0,-0.0,0.0,0.0,2.6211863654729995e-08,6.4373012822942715e-06,1.9198583156101818,0.0,0.0,0.0
3673,1,-283.80838,391.7224,-0.011190719,0.0,-0.0,0.0,0.0,2.6211863654729995e-08,6.4373012822942715e-06,1.9198583156101818,0.0,0.0,0.0
3674,1,-283.80838,391.7224,-0.011190719,0.0,-0.0,0.0,0.0,2.6211863654729995e-08,6.4373012822942715e-06,1.9198583156101818,0.0,0.0,0.0
3675,1,-283.80838,391.7224,-0.011190719,0.0,-0.0,0.0,0.0,2.6211863654729995e-08,6.4373012822942715e-06,1.9198583156101818,0.0,0.0,0.0
3676,1,-283.80838,391.7224,-0.011190719,0.0,-0.0,0.0,0.0,2.6211863654729995e-08,6.4373012822942715e-06,1.9198583156101818,0.0,0.0,0.0
3677,1,-283.80838,391.7224,-0.011190719,0.0,-0.0,0.0,0.0,2.6211863654729995e-08,6.4373012822942715e-06,1.9198583156101818,0.0,0.0,0.0
3678,1,-283.80838,391.7224,-0.011190719,0.0,-0.0,0.0,0.0,2.6211863654729995e-08,6.4373012822942715e-06,1.9198583156101818,0.0,0.0,0.0
3679,1,-283.80838,391.7224,-0.011190719,0.0,-0.0,0.0,0.0,2.6211863654729995e-08,6.4373012822942715e-06,1.9198583156101818,0.0,0.0,0.0
3680,1,-283.80838,391.7224,-0.011190719,0.0,-0.0,0.0,0.0,2.6211863654729995e-08,6.4373012822942715e-06,1.9198583156101818,0.0,0.0,0.0
3681,1,-283.80838,391.7224,-0.011190719,0.0,-0.0,0.0,0.0,2.6211863654729995e-08,6.4373012822942715e-06,1.9198583156101818,0.0,0.0,0.0
3682,1,-283.80838,391.7224,-0.011190719,0.0,-0.0,0.0,0.0,2.6211863654729995e-08,6.4373012822942715e-06,1.9198583156101818,0.0,0.0,0.0
3683,1,-283.80838,391.7224,-0.011190719,0.0,-0.0,0.0,0.0,2.6211863654729995e-08,6.4373012822942715e-06,1.9198583156101818,0.0,0.0,0.0
3684,1,-283.80838,391.7224,-0.011190719,0.0,-0.0,0.0,0.0,2.6211863654729995e-08,6.4373012822942715e-06,1.9198583156101818,0.0,0.0,0.0
3685,1,-283.80838,391.7224,-0.011190719,0.0,-0.0,0.0,0.0,2.6211863654729995e-08,6.4373012822942715e-06,1.9198583156101818,0.0,0.0,0.0
3686,1,-283.80838,391.7224,-0.011190719,0.0,-0.0,0.0,0.0,2.6211863654729995e-08,6.4373012822942715e-06,1.9198583156101818,0.0,0.0,0.0
3687,1,-283.80838,391.7224,-0.011190719,0.0,-0.0,0.0,0.0,2.6211863654729995e-08,6.4373012822942715e-06,1.9198583156101818,0.0,0.0,0.0
3688,1,-283.80838,391.7224,-0.011190719,0.0,-0.0,0.0,0.0,2.6211863654729995e-08,6.4373012822942715e-06,1.9198583156101818,0.0,0.0,0.0
3689,1,-283.80838,391.7224,-0.011190719,0.0,-0.0,0.0,0.0,2.6211863654729995e-08,6.4373012822942715e-06,1.9198583156101818,0.0,0.0,0.0
3690,1,-283.80838,391.7224,-0.011190719,0.0,-0.0,0.0,0.0,2.6211863654729995e-08,6.4373012822942715e-06,1.9198583156101818,0.0,0.0,0.0
3691,1,-283.80838,391.7224,-0.011190719,0.0,-0.0,0.0,0.0,2.6211863654729995e-08,6.4373012822942715e-06,1.9198583156101818,0.0,0.0,0.0
3692,1,-283.80838,391.7224,-0.011190719,0.0,-0.0,0.0,0.0,2.6211863654729995e-08,6.4373012822942715e-06,1.9198583156101818,0.0,0.0,0.0
3693,1,-283.80838,391.7224,-0.011190719,0.0,-0.0,0.0,0.0,2.6211863654729995e-08,6.4373012822942715e-06,1.9198583156101818,0.0,0.0,0.0
3694,1,-283.80838,391.7224,-0.011190719,0.0,-0.0,0.0,0.0,2.6211863654729995e-08,6.4373012822942715e-06,1.9198583156101818,0.0,0.0,0.0
3695,1,-283.80838,391.7224,-0.011190719,0.0,-0.0,0.0,0.0,2.6211863654729995e-08,6.4373012822942715e-06,1.9198583156101818,0.0,0.0,0.0
3696,1,-283.80838,391.7224,-0.011190719,0.0,-0.0,0.0,0.0,2.6211863654729995e-08,6.4373012822942715e-06,1.9198583156101818,0.0,0.0,0.0
3697,1,-283.80838,391.7224,-0.011190719,0.0,-0.0,0.0,0.0,2.6211863654729995e-08,6.4373012822942715e-06,1.9198583156101818,0.0,0.0,0.0
3698,1,-283.80838,391.7224,-0.011190719,0.0,-0.0,0.0,0.0,2.6211863654729995e-08,6.4373012822942715e-06,1.9198583156101818,0.0,0.0,0.0
3699,1,-283.80838,391.7224,-0.011190719,0.0,-0.0,0.0,0.0,2.6211863654729995e-08,6.4373012822942715e-06,1.9198583156101818,0.0,0.0,0.0
3700,1,-283.80838,391.7224,-0.011190719,0.0,-0.0,0.0,0.0,2.6211863654729995e-08,6.4373012822942715e-06,1.9198583156101818,0.0,0.0,0.0
3701,1,-283.80838,391.7224,-0.011190719,0.0,-0.0,0.0,0.0,2.6211863654729995e-08,6.4373012822942715e-06,1.9198583156101818,0.0,0.0,0.0
3702,1,-283.80838,391.7224,-0.011190719,0.0,-0.0,0.0,0.0,2.6211863654729995e-08,6.4373012822942715e-06,1.9198583156101818,0.0,0.0,0.0
3703,1,-283.80838,391.7224,-0.011190719,0.0,-0.0,0.0,0.0,2.6211863654729995e-08,6.4373012822942715e-06,1.9198583156101818,0.0,0.0,0.0
3704,1,-283.80838,391.7224,-0.011190719,0.0,-0.0,0.0,0.0,2.6211863654729995e-08,6.4373012822942715e-06,1.9198583156101818,0.0,0.0,0.0
3705,1,-283.80838,391.7224,-0.011190719,0.0,-0.0,0.0,0.0,2.6211863654729995e-08,6.4373012822942715e-06,1.9198583156101818,0.0,0.0,0.0
3706,1,-283.80838,391.7224,-0.011190719,0.0,-0.0,0.0,0.0,2.6211863654729995e-08,6.4373012822942715e-06,1.9198583156101818,0.0,0.0,0.0
3707,1,-283.80838,391.7224,-0.011190719,0.0,-0.0,0.0,0.0,2.6211863654729995e-08,6.4373012822942715e-06,1.9198583156101818,0.0,0.0,0.0
3708,1,-283.80838,391.7224,-0.011190719,0.0,-0.0,0.0,0.0,2.6211863654729995e-08,6.4373012822942715e-06,1.9198583156101818,0.0,0.0,0.0
3709,1,-283.80838,391.7224,-0.011190719,0.0,-0.0,0.0,0.0,2.6211863654729995e-08,6.4373012822942715e-06,1.9198583156101818,0.0,0.0,0.0
3710,1,-283.80838,391.7224,-0.011190719,0.0,-0.0,0.0,0.0,2.6211863654729995e-08,6.4373012822942715e-06,1.9198583156101818,0.0,0.0,0.0
3711,1,-283.80838,391.7224,-0.011190719,0.0,-0.0,0.0,0.0,2.6211863654729995e-08,6.4373012822942715e-06,1.9198583156101818,0.0,0.0,0.0
3712,1,-283.80838,391.7224,-0.011190719,0.0,-0.0,0.0,0.0,2.6211863654729995e-08,6.4373012822942715e-06,1.9198583156101818,0.0,0.0,0.0
3713,1,-283.80838,391.7224,-0.011190719,0.0,-0.0,0.0,0.0,2.6211863654729995e-08,6.4373012822942715e-06,1.9198583156101818,0.0,0.0,0.0
3714,1,-283.80838,391.7224,-0.011190719,0.0,-0.0,0.0,0.0,2.6211863654729995e-08,6.4373012822942715e-06,1.9198583156101818,0.0,0.0,0.0
3715,1,-283.80838,391.7224,-0.011190719,0.0,-0.0,0.0,0.0,2.6211863654729995e-08,6.4373012822942715e-06,1.9198583156101818,0.0,0.0,0.0
3716,1,-283.80838,391.7224,-0.011190719,0.0,-0.0,0.0,0.0,2.6211863654729995e-08,6.4373012822942715e-06,1.9198583156101818,0.0,0.0,0.0
3717,1,-283.80838,391.7224,-0.011190719,0.0,-0.0,0.0,0.0,2.6211863654729995e-08,6.4373012822942715e-06,1.9198583156101818,0.0,0.0,0.0
3718,1,-283.80838,391.7224,-0.011190719,0.0,-0.0,0.0,0.0,2.6211863654729995e-08,6.4373012822942715e-06,1.9198583156101818,0.0,0.0,0.0
3719,1,-283.80838,391.7224,-0.011190719,0.0,-0.0,0.0,0.0,2.6211863654729995e-08,6.4373012822942715e-06,1.9198583156101818,0.0,0.0,0.0
3720,1,-283.80838,391.7224,-0.011190719,0.0,-0.0,0.0,0.0,2.6211863654729995e-08,6.4373012822942715e-06,1.9198583156101818,0.0,0.0,0.0
3721,1,-283.80838,391.7224,-0.011190719,0.0,-0.0,0.0,0.0,2.6211863654729995e-08,6.4373012822942715e-06,1.9198583156101818,0.0,0.0,0.0
3722,1,-283.80838,391.7224,-0.011190719,0.0,-0.0,0.0,0.0,2.6211863654729995e-08,6.4373012822942715e-06,1.9198583156101818,0.0,0.0,0.0
3723,1,-283.80838,391.7224,-0.011190719,0.0,-0.0,0.0,0.0,2.6211863654729995e-08,6.4373012822942715e-06,1.9198583156101818,0.0,0.0,0.0
3724,1,-283.80838,391.7224,-0.011190719,0.0,-0.0,0.0,0.0,2.6211863654729995e-08,6.4373012822942715e-06,1.9198583156101818,0.0,0.0,0.0
3725,1,-283.80838,391.7224,-0.011190719,0.0,-0.0,0.0,0.0,2.6211863654729995e-08,6.4373012822942715e-06,1.9198583156101818,0.0,0.0,0.0
3726,1,-283.80838,391.7224,-0.011190719,0.0,-0.0,0.0,0.0,2.6211863654729995e-08,6.4373012822942715e-06,1.9198583156101818,0.0,0.0,0.0
3727,1,-283.80838,391.7224,-0.011190719,0.0,-0.0,0.0,0.0,2.6211863654729995e-08,6.4373012822942715e-06,1.9198583156101818,0.0,0.0,0.0
3728,1,-283.80838,391.7224,-0.011190719,0.0,-0.0,0.0,0.0,2.6211863654729995e-08,6.4373012822942715e-06,1.9198583156101818,0.0,0.0,0.0
3729,1,-283.80838,391.7224,-0.011190719,0.0,-0.0,0.0,0.0,2.6211863654729995e-08,6.4373012822942715e-06,1.9198583156101818,0.0,0.0,0.0
3730,1,-283.80838,391.7224,-0.011190719,0.0,-0.0,0.0,0.0,2.6211863654729995e-08,6.4373012822942715e-06,1.9198583156101818,0.0,0.0,0.0
3731,1,-283.80838,391.7224,-0.011190719,0.0,-0.0,0.0,0.0,2.6211863654729995e-08,6.4373012822942715e-06,1.9198583156101818,0.0,0.0,0.0
3732,1,-283.80838,391.7224,-0.011190719,0.0,-0.0,0.0,0.0,2.6211863654729995e-08,6.4373012822942715e-06,1.9198583156101818,0.0,0.0,0.0
3733,1,-283.80838,391.7224,-0.011190719,0.0,-0.0,0.0,0.0,2.6211863654729995e-08,6.4373012822942715e-06,1.9198583156101818,0.0,0.0,0.0
3734,1,-283.80838,391.7224,-0.011190719,0.0,-0.0,0.0,0.0,2.6211863654729995e-08,6.4373012822942715e-06,1.9198583156101818,0.0,0.0,0.0
3735,1,-283.80838,391.7224,-0.011190719,0.0,-0.0,0.0,0.0,2.6211863654729995e-08,6.4373012822942715e-06,1.9198583156101818,0.0,0.0,0.0
3736,1,-283.80838,391.7224,-0.011190719,0.0,-0.0,0.0,0.0,2.6211863654729995e-08,6.4373012822942715e-06,1.9198583156101818,0.0,0.0,0.0
3737,1,-283.80838,391.7224,-0.011190719,0.0,-0.0,0.0,0.0,2.6211863654729995e-08,6.4373012822942715e-06,1.9198583156101818,0.0,0.0,0.0
3738,1,-283.80838,391.7224,-0.011190719,0.0,-0.0,0.0,0.0,2.6211863654729995e-08,6.4373012822942715e-06,1.9198583156101818,0.0,0.0,0.0
3739,1,-283.80838,391.7224,-0.011190719,0.0,-0.0,0.0,0.0,2.6211863654729995e-08,6.4373012822942715e-06,1.9198583156101818,0.0,0.0,0.0
3740,1,-283.80838,391.7224,-0.011190719,0.0,-0.0,0.0,0.0,2.6211863654729995e-08,6.4373012822942715e-06,1.9198583156101818,0.0,0.0,0.0
3741,1,-283.80838,391.7224,-0.011190719,0.0,-0.0,0.0,0.0,2.6211863654729995e-08,6.4373012822942715e-06,1.9198583156101818,0.0,0.0,0.0
3742,1,-283.80838,391.7224,-0.011190719,0.0,-0.0,0.0,0.0,2.6211863654729995e-08,6.4373012822942715e-06,1.9198583156101818,0.0,0.0,0.0
3743,1,-283.80838,391.7224,-0.011190719,0.0,-0.0,0.0,0.0,2.6211863654729995e-08,6.4373012822942715e-06,1.9198583156101818,0.0,0.0,0.0
3744,1,-283.80838,391.7224,-0.011190719,0.0,-0.0,0.0,0.0,2.6211863654729995e-08,6.4373012822942715e-06,1.9198583156101818,0.0,0.0,0.0
3745,1,-283.80838,391.7224,-0.011190719,0.0,-0.0,0.0,0.0,2.6211863654729995e-08,6.4373012822942715e-06,1.9198583156101818,0.0,0.0,0.0
3746,1,-283.80838,391.7224,-0.011190719,0.0,-0.0,0.0,0.0,2.6211863654729995e-08,6.4373012822942715e-06,1.9198583156101818,0.0,0.0,0.0
3747,1,-283.80838,391.7224,-0.011190719,0.0,-0.0,0.0,0.0,2.6211863654729995e-08,6.4373012822942715e-06,1.9198583156101818,0.0,0.0,0.0
3748,1,-283.80838,391.7224,-0.011190719,0.0,-0.0,0.0,0.0,2.6211863654729995e-08,6.4373012822942715e-06,1.9198583156101818,0.0,0.0,0.0
3749,1,-283.80838,391.7224,-0.011190719,0.0,-0.0,0.0,0.0,2.6211863654729995e-08,6.4373012822942715e-06,1.9198583156101818,0.0,0.0,0.0
3750,1,-283.80838,391.7224,-0.011190719,0.0,-0.0,0.0,0.0,2.6211863654729995e-08,6.4373012822942715e-06,1.9198583156101818,0.0,0.0,0.0
3751,1,-283.80838,391.7224,-0.011190719,0.0,-0.0,0.0,0.0,2.6211863654729995e-08,6.4373012822942715e-06,1.9198583156101818,0.0,0.0,0.0
3752,1,-283.80838,391.7224,-0.011190719,0.0,-0.0,0.0,0.0,2.6211863654729995e-08,6.4373012822942715e-06,1.9198583156101818,0.0,0.0,0.0
3753,1,-283.80838,391.7224,-0.011190719,0.0,-0.0,0.0,0.0,2.6211863654729995e-08,6.4373012822942715e-06,1.9198583156101818,0.0,0.0,0.0
3754,1,-283.80838,391.7224,-0.011190719,0.0,-0.0,0.0,0.0,2.6211863654729995e-08,6.4373012822942715e-06,1.9198583156101818,0.0,0.0,0.0
3755,1,-283.80838,391.7224,-0.011190719,0.0,-0.0,0.0,0.0,2.6211863654729995e-08,6.4373012822942715e-06,1.9198583156101818,0.0,0.0,0.0
3756,1,-283.80838,391.7224,-0.011190719,0.0,-0.0,0.0,0.0,2.6211863654729995e-08,6.4373012822942715e-06,1.9198583156101818,0.0,0.0,0.0
3757,1,-283.80838,391.7224,-0.011190719,0.0,-0.0,0.0,0.0,2.6211863654729995e-08,6.4373012822942715e-06,1.9198583156101818,0.0,0.0,0.0
3758,1,-283.80838,391.7224,-0.011190719,0.0,-0.0,0.0,0.0,2.6211863654729995e-08,6.4373012822942715e-06,1.9198583156101818,0.0,0.0,0.0
3759,1,-283.80838,391.7224,-0.011190719,0.0,-0.0,0.0,0.0,2.6211863654729995e-08,6.4373012822942715e-06,1.9198583156101818,0.0,0.0,0.0
3760,1,-283.80838,391.7224,-0.011190719,0.0,-0.0,0.0,0.0,2.6211863654729995e-08,6.4373012822942715e-06,1.9198583156101818,0.0,0.0,0.0
3761,1,-283.80838,391.7224,-0.011190719,0.0,-0.0,0.0,0.0,2.6211863654729995e-08,6.4373012822942715e-06,1.9198583156101818,0.0,0.0,0.0
3762,1,-283.80838,391.7224,-0.011190719,0.0,-0.0,0.0,0.0,2.6211863654729995e-08,6.4373012822942715e-06,1.9198583156101818,0.0,0.0,0.0
3763,1,-283.80838,391.7224,-0.011190719,0.0,-0.0,0.0,0.0,2.6211863654729995e-08,6.4373012822942715e-06,1.9198583156101818,0.0,0.0,0.0
3764,1,-283.80838,391.7224,-0.011190719,0.0,-0.0,0.0,0.0,2.6211863654729995e-08,6.4373012822942715e-06,1.9198583156101818,0.0,0.0,0.0
3765,1,-283.80838,391.7224,-0.011190719,0.0,-0.0,0.0,0.0,2.6211863654729995e-08,6.4373012822942715e-06,1.9198583156101818,0.0,0.0,0.0
3766,1,-283.80838,391.7224,-0.011190719,0.0,-0.0,0.0,0.0,2.6211863654729995e-08,6.4373012822942715e-06,1.9198583156101818,0.0,0.0,0.0
3767,1,-283.80838,391.7224,-0.011190719,0.0,-0.0,0.0,0.0,2.6211863654729995e-08,6.4373012822942715e-06,1.9198583156101818,0.0,0.0,0.0
3768,1,-283.80838,391.7224,-0.011190719,0.0,-0.0,0.0,0.0,2.6211863654729995e-08,6.4373012822942715e-06,1.9198583156101818,0.0,0.0,0.0
3769,1,-283.80838,391.7224,-0.011190719,0.0,-0.0,0.0,0.0,2.6211863654729995e-08,6.4373012822942715e-06,1.9198583156101818,0.0,0.0,0.0
3770,1,-283.80838,391.7224,-0.011190719,0.0,-0.0,0.0,0.0,2.6211863654729995e-08,6.4373012822942715e-06,1.9198583156101818,0.0,0.0,0.0
3771,1,-283.80838,391.7224,-0.011190719,0.0,-0.0,0.0,0.0,2.6211863654729995e-08,6.4373012822942715e-06,1.9198583156101818,0.0,0.0,0.0
3772,1,-283.80838,391.7224,-0.011190719,0.0,-0.0,0.0,0.0,2.6211863654729995e-08,6.4373012822942715e-06,1.9198583156101818,0.0,0.0,0.0
3773,1,-283.80838,391.7224,-0.011190719,0.0,-0.0,0.0,0.0,2.6211863654729995e-08,6.4373012822942715e-06,1.9198583156101818,0.0,0.0,0.0
3774,1,-283.80838,391.7224,-0.011190719,0.0,-0.0,0.0,0.0,2.6211863654729995e-08,6.4373012822942715e-06,1.9198583156101818,0.0,0.0,0.0
3775,1,-283.80838,391.7224,-0.011190719,0.0,-0.0,0.0,0.0,2.6211863654729995e-08,6.4373012822942715e-06,1.9198583156101818,0.0,0.0,0.0
3776,1,-283.80838,391.7224,-0.011190719,0.0,-0.0,0.0,0.0,2.6211863654729995e-08,6.4373012822942715e-06,1.9198583156101818,0.0,0.0,0.0
3777,1,-283.80838,391.7224,-0.011190719,0.0,-0.0,0.0,0.0,2.6211863654729995e-08,6.4373012822942715e-06,1.9198583156101818,0.0,0.0,0.0
3778,1,-283.80838,391.7224,-0.011190719,0.0,-0.0,0.0,0.0,2.6211863654729995e-08,6.4373012822942715e-06,1.9198583156101818,0.0,0.0,0.0
3779,1,-283.80838,391.7224,-0.011190719,0.0,-0.0,0.0,0.0,2.6211863654729995e-08,6.4373012822942715e-06,1.9198583156101818,0.0,0.0,0.0
3780,1,-283.80838,391.7224,-0.011190719,0.0,-0.0,0.0,0.0,2.6211863654729995e-08,6.4373012822942715e-06,1.9198583156101818,0.0,0.0,0.0
3781,1,-283.80838,391.7224,-0.011190719,0.0,-0.0,0.0,0.0,2.6211863654729995e-08,6.4373012822942715e-06,1.9198583156101818,0.0,0.0,0.0
3782,1,-283.80838,391.7224,-0.011190719,0.0,-0.0,0.0,0.0,2.6211863654729995e-08,6.4373012822942715e-06,1.9198583156101818,0.0,0.0,0.0
3783,1,-283.80838,391.7224,-0.011190719,0.0,-0.0,0.0,0.0,2.6211863654729995e-08,6.4373012822942715e-06,1.9198583156101818,0.0,0.0,0.0
3784,1,-283.80838,391.7224,-0.011190719,0.0,-0.0,0.0,0.0,2.6211863654729995e-08,6.4373012822942715e-06,1.9198583156101818,0.0,0.0,0.0
3785,1,-283.80838,391.7224,-0.011190719,0.0,-0.0,0.0,0.0,2.6211863654729995e-08,6.4373012822942715e-06,1.9198583156101818,0.0,0.0,0.0
3786,1,-283.80838,391.7224,-0.011190719,0.0,-0.0,0.0,0.0,2.6211863654729995e-08,6.4373012822942715e-06,1.9198583156101818,0.0,0.0,0.0
3787,1,-283.80838,391.7224,-0.011190719,0.0,-0.0,0.0,0.0,2.6211863654729995e-08,6.4373012822942715e-06,1.9198583156101818,0.0,0.0,0.0
3788,1,-283.80838,391.7224,-0.011190719,0.0,-0.0,0.0,0.0,2.6211863654729995e-08,6.4373012822942715e-06,1.9198583156101818,0.0,0.0,0.0
3789,1,-283.80838,391.7224,-0.011190719,0.0,-0.0,0.0,0.0,2.6211863654729995e-08,6.4373012822942715e-06,1.9198583156101818,0.0,0.0,0.0
3790,1,-283.80838,391.7224,-0.011190719,0.0,-0.0,0.0,0.0,2.6211863654729995e-08,6.4373012822942715e-06,1.9198583156101818,0.0,0.0,0.0
3791,1,-283.80838,391.7224,-0.011190719,0.0,-0.0,0.0,0.0,2.6211863654729995e-08,6.4373012822942715e-06,1.9198583156101818,0.0,0.0,0.0
3792,1,-283.80838,391.7224,-0.011190719,0.0,-0.0,0.0,0.0,2.6211863654729995e-08,6.4373012822942715e-06,1.9198583156101818,0.0,0.0,0.0
3793,1,-283.80838,391.7224,-0.011190719,0.0,-0.0,0.0,0.0,2.6211863654729995e-08,6.4373012822942715e-06,1.9198583156101818,0.0,0.0,0.0
3794,1,-283.80838,391.7224,-0.011190719,0.0,-0.0,0.0,0.0,2.6211863654729995e-08,6.4373012822942715e-06,1.9198583156101818,0.0,0.0,0.0
3795,1,-283.80838,391.7224,-0.011190719,0.0,-0.0,0.0,0.0,2.6211863654729995e-08,6.4373012822942715e-06,1.9198583156101818,0.0,0.0,0.0
3796,1,-283.80838,391.7224,-0.011190719,0.0,-0.0,0.0,0.0,2.6211863654729995e-08,6.4373012822942715e-06,1.9198583156101818,0.0,0.0,0.0
3797,1,-283.80838,391.7224,-0.011190719,0.0,-0.0,0.0,0.0,2.6211863654729995e-08,6.4373012822942715e-06,1.9198583156101818,0.0,0.0,0.0
3798,1,-283.80838,391.7224,-0.011190719,0.0,-0.0,0.0,0.0,2.6211863654729995e-08,6.4373012822942715e-06,1.9198583156101818,0.0,0.0,0.0
3799,1,-283.80838,391.7224,-0.011190719,0.0,-0.0,0.0,0.0,2.6211863654729995e-08,6.4373012822942715e-06,1.9198583156101818,0.0,0.0,0.0
3800,1,-283.80838,391.7224,-0.011190719,0.0,-0.0,0.0,0.0,2.6211863654729995e-08,6.4373012822942715e-06,1.9198583156101818,0.0,0.0,0.0
3801,1,-283.80838,391.7224,-0.011190719,0.0,-0.0,0.0,0.0,2.6211863654729995e-08,6.4373012822942715e-06,1.9198583156101818,0.0,0.0,0.0
3802,1,-283.80838,391.7224,-0.011190719,0.0,-0.0,0.0,0.0,2.6211863654729995e-08,6.4373012822942715e-06,1.9198583156101818,0.0,0.0,0.0
3803,1,-283.80838,391.7224,-0.011190719,0.0,-0.0,0.0,0.0,2.6211863654729995e-08,6.4373012822942715e-06,1.9198583156101818,0.0,0.0,0.0
3804,1,-283.80838,391.7224,-0.011190719,0.0,-0.0,0.0,0.0,2.6211863654729995e-08,6.4373012822942715e-06,1.9198583156101818,0.0,0.0,0.0
3805,1,-283.80838,391.7224,-0.011190719,0.0,-0.0,0.0,0.0,2.6211863654729995e-08,6.4373012822942715e-06,1.9198583156101818,0.0,0.0,0.0
3806,1,-283.80838,391.7224,-0.011190719,0.0,-0.0,0.0,0.0,2.6211863654729995e-08,6.4373012822942715e-06,1.9198583156101818,0.0,0.0,0.0
3807,1,-283.80838,391.7224,-0.011190719,0.0,-0.0,0.0,0.0,2.6211863654729995e-08,6.4373012822942715e-06,1.9198583156101818,0.0,0.0,0.0
3808,1,-283.80838,391.7224,-0.011190719,0.0,-0.0,0.0,0.0,2.6211863654729995e-08,6.4373012822942715e-06,1.9198583156101818,0.0,0.0,0.0
3809,1,-283.80838,391.7224,-0.011190719,0.0,-0.0,0.0,0.0,2.6211863654729995e-08,6.4373012822942715e-06,1.9198583156101818,0.0,0.0,0.0
3810,1,-283.80838,391.7224,-0.011190719,0.0,-0.0,0.0,0.0,2.6211863654729995e-08,6.4373012822942715e-06,1.9198583156101818,0.0,0.0,0.0
3811,1,-283.80838,391.7224,-0.011190719,0.0,-0.0,0.0,0.0,2.6211863654729995e-08,6.4373012822942715e-06,1.9198583156101818,0.0,0.0,0.0
3812,1,-283.80838,391.7224,-0.011190719,0.0,-0.0,0.0,0.0,2.6211863654729995e-08,6.4373012822942715e-06,1.9198583156101818,0.0,0.0,0.0
3813,1,-283.80838,391.7224,-0.011190719,0.0,-0.0,0.0,0.0,2.6211863654729995e-08,6.4373012822942715e-06,1.9198583156101818,0.0,0.0,0.0
3814,1,-283.80838,391.7224,-0.011190719,0.0,-0.0,0.0,0.0,2.6211863654729995e-08,6.4373012822942715e-06,1.9198583156101818,0.0,0.0,0.0
3815,1,-283.80838,391.7224,-0.011190719,0.0,-0.0,0.0,0.0,2.6211863654729995e-08,6.4373012822942715e-06,1.9198583156101818,0.0,0.0,0.0
3816,1,-283.80838,391.7224,-0.011190719,0.0,-0.0,0.0,0.0,2.6211863654729995e-08,6.4373012822942715e-06,1.9198583156101818,0.0,0.0,0.0
3817,1,-283.80838,391.7224,-0.011190719,0.0,-0.0,0.0,0.0,2.6211863654729995e-08,6.4373012822942715e-06,1.9198583156101818,0.0,0.0,0.0
3818,1,-283.80838,391.7224,-0.011190719,0.0,-0.0,0.0,0.0,2.6211863654729995e-08,6.4373012822942715e-06,1.9198583156101818,0.0,0.0,0.0
3819,1,-283.80838,391.7224,-0.011190719,0.0,-0.0,0.0,0.0,2.6211863654729995e-08,6.4373012822942715e-06,1.9198583156101818,0.0,0.0,0.0
3820,1,-283.80838,391.7224,-0.011190719,0.0,-0.0,0.0,0.0,2.6211863654729995e-08,6.4373012822942715e-06,1.9198583156101818,0.0,0.0,0.0
3821,1,-283.80838,391.7224,-0.011190719,0.0,-0.0,0.0,0.0,2.6211863654729995e-08,6.4373012822942715e-06,1.9198583156101818,0.0,0.0,0.0
3822,1,-283.80838,391.7224,-0.011190719,0.0,-0.0,0.0,0.0,2.6211863654729995e-08,6.4373012822942715e-06,1.9198583156101818,0.0,0.0,0.0
3823,1,-283.80838,391.7224,-0.011190719,0.0,-0.0,0.0,0.0,2.6211863654729995e-08,6.4373012822942715e-06,1.9198583156101818,0.0,0.0,0.0
3824,1,-283.80838,391.7224,-0.011190719,0.0,-0.0,0.0,0.0,2.6211863654729995e-08,6.4373012822942715e-06,1.9198583156101818,0.0,0.0,0.0
3825,1,-283.80838,391.7224,-0.011190719,0.0,-0.0,0.0,0.0,2.6211863654729995e-08,6.4373012822942715e-06,1.9198583156101818,0.0,0.0,0.0
3826,1,-283.80838,391.7224,-0.011190719,0.0,-0.0,0.0,0.0,2.6211863654729995e-08,6.4373012822942715e-06,1.9198583156101818,0.0,0.0,0.0
3827,1,-283.80838,391.7224,-0.011190719,0.0,-0.0,0.0,0.0,2.6211863654729995e-08,6.4373012822942715e-06,1.9198583156101818,0.0,0.0,0.0
3828,1,-283.80838,391.7224,-0.011190719,0.0,-0.0,0.0,0.0,2.6211863654729995e-08,6.4373012822942715e-06,1.9198583156101818,0.0,0.0,0.0
3829,1,-283.80838,391.7224,-0.011190719,0.0,-0.0,0.0,0.0,2.6211863654729995e-08,6.4373012822942715e-06,1.9198583156101818,0.0,0.0,0.0
3830,1,-283.80838,391.7224,-0.011190719,0.0,-0.0,0.0,0.0,2.6211863654729995e-08,6.4373012822942715e-06,1.9198583156101818,0.0,0.0,0.0
3831,1,-283.80838,391.7224,-0.011190719,0.0,-0.0,0.0,0.0,2.6211863654729995e-08,6.4373012822942715e-06,1.9198583156101818,0.0,0.0,0.0
3832,1,-283.80838,391.7224,-0.011190719,0.0,-0.0,0.0,0.0,2.6211863654729995e-08,6.4373012822942715e-06,1.9198583156101818,0.0,0.0,0.0
3833,1,-283.80838,391.7224,-0.011190719,0.0,-0.0,0.0,0.0,2.6211863654729995e-08,6.4373012822942715e-06,1.9198583156101818,0.0,0.0,0.0
3834,1,-283.80838,391.7224,-0.011190719,0.0,-0.0,0.0,0.0,2.6211863654729995e-08,6.4373012822942715e-06,1.9198583156101818,0.0,0.0,0.0
3835,1,-283.80838,391.7224,-0.011190719,0.0,-0.0,0.0,0.0,2.6211863654729995e-08,6.4373012822942715e-06,1.9198583156101818,0.0,0.0,0.0
3836,1,-283.80838,391.7224,-0.011190719,0.0,-0.0,0.0,0.0,2.6211863654729995e-08,6.4373012822942715e-06,1.9198583156101818,0.0,0.0,0.0
3837,1,-283.80838,391.7224,-0.011190719,0.0,-0.0,0.0,0.0,2.6211863654729995e-08,6.4373012822942715e-06,1.9198583156101818,0.0,0.0,0.0
3838,1,-283.80838,391.7224,-0.011190719,0.0,-0.0,0.0,0.0,2.6211863654729995e-08,6.4373012822942715e-06,1.9198583156101818,0.0,0.0,0.0
3839,1,-283.80838,391.7224,-0.011190719,0.0,-0.0,0.0,0.0,2.6211863654729995e-08,6.4373012822942715e-06,1.9198583156101818,0.0,0.0,0.0
3840,1,-283.80838,391.7224,-0.011190719,0.0,-0.0,0.0,0.0,2.6211863654729995e-08,6.4373012822942715e-06,1.9198583156101818,0.0,0.0,0.0
3841,1,-283.80838,391.7224,-0.011190719,0.0,-0.0,0.0,0.0,2.6211863654729995e-08,6.4373012822942715e-06,1.9198583156101818,0.0,0.0,0.0
3842,1,-283.80838,391.7224,-0.011190719,0.0,-0.0,0.0,0.0,2.6211863654729995e-08,6.4373012822942715e-06,1.9198583156101818,0.0,0.0,0.0
3843,1,-283.80838,391.7224,-0.011190719,0.0,-0.0,0.0,0.0,2.6211863654729995e-08,6.4373012822942715e-06,1.9198583156101818,0.0,0.0,0.0
3844,1,-283.80838,391.7224,-0.011190719,0.0,-0.0,0.0,0.0,2.6211863654729995e-08,6.4373012822942715e-06,1.9198583156101818,0.0,0.0,0.0
3845,1,-283.80838,391.7224,-0.011190719,0.0,-0.0,0.0,0.0,2.6211863654729995e-08,6.4373012822942715e-06,1.9198583156101818,0.0,0.0,0.0
3846,1,-283.80838,391.7224,-0.011190719,0.0,-0.0,0.0,0.0,2.6211863654729995e-08,6.4373012822942715e-06,1.9198583156101818,0.0,0.0,0.0
3847,1,-283.80838,391.7224,-0.011190719,0.0,-0.0,0.0,0.0,2.6211863654729995e-08,6.4373012822942715e-06,1.9198583156101818,0.0,0.0,0.0
3848,1,-283.80838,391.7224,-0.011190719,0.0,-0.0,0.0,0.0,2.6211863654729995e-08,6.4373012822942715e-06,1.9198583156101818,0.0,0.0,0.0
3849,1,-283.80838,391.7224,-0.011190719,0.0,-0.0,0.0,0.0,2.6211863654729995e-08,6.4373012822942715e-06,1.9198583156101818,0.0,0.0,0.0
3850,1,-283.80838,391.7224,-0.011190719,0.0,-0.0,0.0,0.0,2.6211863654729995e-08,6.4373012822942715e-06,1.9198583156101818,0.0,0.0,0.0
3851,1,-283.80838,391.7224,-0.011190719,0.0,-0.0,0.0,0.0,2.6211863654729995e-08,6.4373012822942715e-06,1.9198583156101818,0.0,0.0,0.0
3852,1,-283.80838,391.7224,-0.011190719,0.0,-0.0,0.0,0.0,2.6211863654729995e-08,6.4373012822942715e-06,1.9198583156101818,0.0,0.0,0.0
3853,1,-283.80838,391.7224,-0.011190719,0.0,-0.0,0.0,0.0,2.6211863654729995e-08,6.4373012822942715e-06,1.9198583156101818,0.0,0.0,0.0
3854,1,-283.80838,391.7224,-0.011190719,0.0,-0.0,0.0,0.0,2.6211863654729995e-08,6.4373012822942715e-06,1.9198583156101818,0.0,0.0,0.0
3855,1,-283.80838,391.7224,-0.011190719,0.0,-0.0,0.0,0.0,2.6211863654729995e-08,6.4373012822942715e-06,1.9198583156101818,0.0,0.0,0.0
3856,1,-283.80838,391.7224,-0.011190719,0.0,-0.0,0.0,0.0,2.6211863654729995e-08,6.4373012822942715e-06,1.9198583156101818,0.0,0.0,0.0
3857,1,-283.80838,391.7224,-0.011190719,0.0,-0.0,0.0,0.0,2.6211863654729995e-08,6.4373012822942715e-06,1.9198583156101818,0.0,0.0,0.0
3858,1,-283.80838,391.7224,-0.011190719,0.0,-0.0,0.0,0.0,2.6211863654729995e-08,6.4373012822942715e-06,1.9198583156101818,0.0,0.0,0.0
3859,1,-283.80838,391.7224,-0.011190719,0.0,-0.0,0.0,0.0,2.6211863654729995e-08,6.4373012822942715e-06,1.9198583156101818,0.0,0.0,0.0
3860,1,-283.80838,391.7224,-0.011190719,0.0,-0.0,0.0,0.0,2.6211863654729995e-08,6.4373012822942715e-06,1.9198583156101818,0.0,0.0,0.0
3861,1,-283.80838,391.7224,-0.011190719,0.0,-0.0,0.0,0.0,2.6211863654729995e-08,6.4373012822942715e-06,1.9198583156101818,0.0,0.0,0.0
3862,1,-283.80838,391.7224,-0.011190719,0.0,-0.0,0.0,0.0,2.6211863654729995e-08,6.4373012822942715e-06,1.9198583156101818,0.0,0.0,0.0
3863,1,-283.80838,391.7224,-0.011190719,0.0,-0.0,0.0,0.0,2.6211863654729995e-08,6.4373012822942715e-06,1.9198583156101818,0.0,0.0,0.0
3864,1,-283.80838,391.7224,-0.011190719,0.0,-0.0,0.0,0.0,2.6211863654729995e-08,6.4373012822942715e-06,1.9198583156101818,0.0,0.0,0.0
3865,1,-283.80838,391.7224,-0.011190719,0.0,-0.0,0.0,0.0,2.6211863654729995e-08,6.4373012822942715e-06,1.9198583156101818,0.0,0.0,0.0
3866,1,-283.80838,391.7224,-0.011190719,0.0,-0.0,0.0,0.0,2.6211863654729995e-08,6.4373012822942715e-06,1.9198583156101818,0.0,0.0,0.0
3867,1,-283.80838,391.7224,-0.011190719,0.0,-0.0,0.0,0.0,2.6211863654729995e-08,6.4373012822942715e-06,1.9198583156101818,0.0,0.0,0.0
3868,1,-283.80838,391.7224,-0.011190719,0.0,-0.0,0.0,0.0,2.6211863654729995e-08,6.4373012822942715e-06,1.9198583156101818,0.0,0.0,0.0
3869,1,-283.80838,391.7224,-0.011190719,0.0,-0.0,0.0,0.0,2.6211863654729995e-08,6.4373012822942715e-06,1.9198583156101818,0.0,0.0,0.0
3870,1,-283.80838,391.7224,-0.011190719,0.0,-0.0,0.0,0.0,2.6211863654729995e-08,6.4373012822942715e-06,1.9198583156101818,0.0,0.0,0.0
3871,1,-283.80838,391.7224,-0.011190719,0.0,-0.0,0.0,0.0,2.6211863654729995e-08,6.4373012822942715e-06,1.9198583156101818,0.0,0.0,0.0
3872,1,-283.80838,391.7224,-0.011190719,0.0,-0.0,0.0,0.0,2.6211863654729995e-08,6.4373012822942715e-06,1.9198583156101818,0.0,0.0,0.0
3873,1,-283.80838,391.7224,-0.011190719,0.0,-0.0,0.0,0.0,2.6211863654729995e-08,6.4373012822942715e-06,1.9198583156101818,0.0,0.0,0.0
3874,1,-283.80838,391.7224,-0.011190719,0.0,-0.0,0.0,0.0,2.6211863654729995e-08,6.4373012822942715e-06,1.9198583156101818,0.0,0.0,0.0
3875,1,-283.80838,391.7224,-0.011190719,0.0,-0.0,0.0,0.0,2.6211863654729995e-08,6.4373012822942715e-06,1.9198583156101818,0.0,0.0,0.0
3876,1,-283.80838,391.7224,-0.011190719,0.0,-0.0,0.0,0.0,2.6211863654729995e-08,6.4373012822942715e-06,1.9198583156101818,0.0,0.0,0.0
3877,1,-283.80838,391.7224,-0.011190719,0.0,-0.0,0.0,0.0,2.6211863654729995e-08,6.4373012822942715e-06,1.9198583156101818,0.0,0.0,0.0
3878,1,-283.80838,391.7224,-0.011190719,0.0,-0.0,0.0,0.0,2.6211863654729995e-08,6.4373012822942715e-06,1.9198583156101818,0.0,0.0,0.0
3879,1,-283.80838,391.7224,-0.011190719,0.0,-0.0,0.0,0.0,2.6211863654729995e-08,6.4373012822942715e-06,1.9198583156101818,0.0,0.0,0.0
3880,1,-283.80838,391.7224,-0.011190719,0.0,-0.0,0.0,0.0,2.6211863654729995e-08,6.4373012822942715e-06,1.9198583156101818,0.0,0.0,0.0
3881,1,-283.80838,391.7224,-0.011190719,0.0,-0.0,0.0,0.0,2.6211863654729995e-08,6.4373012822942715e-06,1.9198583156101818,0.0,0.0,0.0
3882,1,-283.80838,391.7224,-0.011190719,0.0,-0.0,0.0,0.0,2.6211863654729995e-08,6.4373012822942715e-06,1.9198583156101818,0.0,0.0,0.0
3883,1,-283.80838,391.7224,-0.011190719,0.0,-0.0,0.0,0.0,2.6211863654729995e-08,6.4373012822942715e-06,1.9198583156101818,0.0,0.0,0.0
3884,1,-283.80838,391.7224,-0.011190719,0.0,-0.0,0.0,0.0,2.6211863654729995e-08,6.4373012822942715e-06,1.9198583156101818,0.0,0.0,0.0
3885,1,-283.80838,391.7224,-0.011190719,0.0,-0.0,0.0,0.0,2.6211863654729995e-08,6.4373012822942715e-06,1.9198583156101818,0.0,0.0,0.0
3886,1,-283.80838,391.7224,-0.011190719,0.0,-0.0,0.0,0.0,2.6211863654729995e-08,6.4373012822942715e-06,1.9198583156101818,0.0,0.0,0.0
3887,1,-283.80838,391.7224,-0.011190719,0.0,-0.0,0.0,0.0,2.6211863654729995e-08,6.4373012822942715e-06,1.9198583156101818,0.0,0.0,0.0
3888,1,-283.80838,391.7224,-0.011190719,0.0,-0.0,0.0,0.0,2.6211863654729995e-08,6.4373012822942715e-06,1.9198583156101818,0.0,0.0,0.0
3889,1,-283.80838,391.7224,-0.011190719,0.0,-0.0,0.0,0.0,2.6211863654729995e-08,6.4373012822942715e-06,1.9198583156101818,0.0,0.0,0.0
3890,1,-283.80838,391.7224,-0.011190719,0.0,-0.0,0.0,0.0,2.6211863654729995e-08,6.4373012822942715e-06,1.9198583156101818,0.0,0.0,0.0
3891,1,-283.80838,391.7224,-0.011190719,0.0,-0.0,0.0,0.0,2.6211863654729995e-08,6.4373012822942715e-06,1.9198583156101818,0.0,0.0,0.0
3892,1,-283.80838,391.7224,-0.011190719,0.0,-0.0,0.0,0.0,2.6211863654729995e-08,6.4373012822942715e-06,1.9198583156101818,0.0,0.0,0.0
3893,1,-283.80838,391.7224,-0.011190719,0.0,-0.0,0.0,0.0,2.6211863654729995e-08,6.4373012822942715e-06,1.9198583156101818,0.0,0.0,0.0
3894,1,-283.80838,391.7224,-0.011190719,0.0,-0.0,0.0,0.0,2.6211863654729995e-08,6.4373012822942715e-06,1.9198583156101818,0.0,0.0,0.0
3895,1,-283.80838,391.7224,-0.011190719,0.0,-0.0,0.0,0.0,2.6211863654729995e-08,6.4373012822942715e-06,1.9198583156101818,0.0,0.0,0.0
3896,1,-283.80838,391.7224,-0.011190719,0.0,-0.0,0.0,0.0,2.6211863654729995e-08,6.4373012822942715e-06,1.9198583156101818,0.0,0.0,0.0
3897,1,-283.80838,391.7224,-0.011190719,0.0,-0.0,0.0,0.0,2.6211863654729995e-08,6.4373012822942715e-06,1.9198583156101818,0.0,0.0,0.0
3898,1,-283.80838,391.7224,-0.011190719,0.0,-0.0,0.0,0.0,2.6211863654729995e-08,6.4373012822942715e-06,1.9198583156101818,0.0,0.0,0.0
3899,1,-283.80838,391.7224,-0.011190719,0.0,-0.0,0.0,0.0,2.6211863654729995e-08,6.4373012822942715e-06,1.9198583156101818,0.0,0.0,0.0
3900,1,-283.80838,391.7224,-0.011190719,0.0,-0.0,0.0,0.0,2.6211863654729995e-08,6.4373012822942715e-06,1.9198583156101818,0.0,0.0,0.0
3901,1,-283.80838,391.7224,-0.011190719,0.0,-0.0,0.0,0.0,2.6211863654729995e-08,6.4373012822942715e-06,1.9198583156101818,0.0,0.0,0.0
3902,1,-283.80838,391.7224,-0.011190719,0.0,-0.0,0.0,0.0,2.6211863654729995e-08,6.4373012822942715e-06,1.9198583156101818,0.0,0.0,0.0
3903,1,-283.80838,391.7224,-0.011190719,0.0,-0.0,0.0,0.0,2.6211863654729995e-08,6.4373012822942715e-06,1.9198583156101818,0.0,0.0,0.0
3904,1,-283.80838,391.7224,-0.011190719,0.0,-0.0,0.0,0.0,2.6211863654729995e-08,6.4373012822942715e-06,1.9198583156101818,0.0,0.0,0.0
3905,1,-283.80838,391.7224,-0.011190719,0.0,-0.0,0.0,0.0,2.6211863654729995e-08,6.4373012822942715e-06,1.9198583156101818,0.0,0.0,0.0
3906,1,-283.80838,391.7224,-0.011190719,0.0,-0.0,0.0,0.0,2.6211863654729995e-08,6.4373012822942715e-06,1.9198583156101818,0.0,0.0,0.0
3907,1,-283.80838,391.7224,-0.011190719,0.0,-0.0,0.0,0.0,2.6211863654729995e-08,6.4373012822942715e-06,1.9198583156101818,0.0,0.0,0.0
3908,1,-283.80838,391.7224,-0.011190719,0.0,-0.0,0.0,0.0,2.6211863654729995e-08,6.4373012822942715e-06,1.9198583156101818,0.0,0.0,0.0
3909,1,-283.80838,391.7224,-0.011190719,0.0,-0.0,0.0,0.0,2.6211863654729995e-08,6.4373012822942715e-06,1.9198583156101818,0.0,0.0,0.0
3910,1,-283.80838,391.7224,-0.011190719,0.0,-0.0,0.0,0.0,2.6211863654729995e-08,6.4373012822942715e-06,1.9198583156101818,0.0,0.0,0.0
3911,1,-283.80838,391.7224,-0.011190719,0.0,-0.0,0.0,0.0,2.6211863654729995e-08,6.4373012822942715e-06,1.9198583156101818,0.0,0.0,0.0
3912,1,-283.80838,391.7224,-0.011190719,0.0,-0.0,0.0,0.0,2.6211863654729995e-08,6.4373012822942715e-06,1.9198583156101818,0.0,0.0,0.0
3913,1,-283.80838,391.7224,-0.011190719,0.0,-0.0,0.0,0.0,2.6211863654729995e-08,6.4373012822942715e-06,1.9198583156101818,0.0,0.0,0.0
3914,1,-283.80838,391.7224,-0.011190719,0.0,-0.0,0.0,0.0,2.6211863654729995e-08,6.4373012822942715e-06,1.9198583156101818,0.0,0.0,0.0
3915,1,-283.80838,391.7224,-0.011190719,0.0,-0.0,0.0,0.0,2.6211863654729995e-08,6.4373012822942715e-06,1.9198583156101818,0.0,0.0,0.0
3916,1,-283.80838,391.7224,-0.011190719,0.0,-0.0,0.0,0.0,2.6211863654729995e-08,6.4373012822942715e-06,1.9198583156101818,0.0,0.0,0.0
3917,1,-283.80838,391.7224,-0.011190719,0.0,-0.0,0.0,0.0,2.6211863654729995e-08,6.4373012822942715e-06,1.9198583156101818,0.0,0.0,0.0
3918,1,-283.80838,391.7224,-0.011190719,0.0,-0.0,0.0,0.0,2.6211863654729995e-08,6.4373012822942715e-06,1.9198583156101818,0.0,0.0,0.0
3919,1,-283.80838,391.7224,-0.011190719,0.0,-0.0,0.0,0.0,2.6211863654729995e-08,6.4373012822942715e-06,1.9198583156101818,0.0,0.0,0.0
3920,1,-283.80838,391.7224,-0.011190719,0.0,-0.0,0.0,0.0,2.6211863654729995e-08,6.4373012822942715e-06,1.9198583156101818,0.0,0.0,0.0
3921,1,-283.80838,391.7224,-0.011190719,0.0,-0.0,0.0,0.0,2.6211863654729995e-08,6.4373012822942715e-06,1.9198583156101818,0.0,0.0,0.0
3922,1,-283.80838,391.7224,-0.011190719,0.0,-0.0,0.0,0.0,2.6211863654729995e-08,6.4373012822942715e-06,1.9198583156101818,0.0,0.0,0.0
3923,1,-283.80838,391.7224,-0.011190719,0.0,-0.0,0.0,0.0,2.6211863654729995e-08,6.4373012822942715e-06,1.9198583156101818,0.0,0.0,0.0
3924,1,-283.80838,391.7224,-0.011190719,0.0,-0.0,0.0,0.0,2.6211863654729995e-08,6.4373012822942715e-06,1.9198583156101818,0.0,0.0,0.0
3925,1,-283.80838,391.7224,-0.011190719,0.0,-0.0,0.0,0.0,2.6211863654729995e-08,6.4373012822942715e-06,1.9198583156101818,0.0,0.0,0.0
3926,1,-283.80838,391.7224,-0.011190719,0.0,-0.0,0.0,0.0,2.6211863654729995e-08,6.4373012822942715e-06,1.9198583156101818,0.0,0.0,0.0
3927,1,-283.80838,391.7224,-0.011190719,0.0,-0.0,0.0,0.0,2.6211863654729995e-08,6.4373012822942715e-06,1.9198583156101818,0.0,0.0,0.0
3928,1,-283.80838,391.7224,-0.011190719,0.0,-0.0,0.0,0.0,2.6211863654729995e-08,6.4373012822942715e-06,1.9198583156101818,0.0,0.0,0.0
3929,1,-283.80838,391.7224,-0.011190719,0.0,-0.0,0.0,0.0,2.6211863654729995e-08,6.4373012822942715e-06,1.9198583156101818,0.0,0.0,0.0
3930,1,-283.80838,391.7224,-0.011190719,0.0,-0.0,0.0,0.0,2.6211863654729995e-08,6.4373012822942715e-06,1.9198583156101818,0.0,0.0,0.0
3931,1,-283.80838,391.7224,-0.011190719,0.0,-0.0,0.0,0.0,2.6211863654729995e-08,6.4373012822942715e-06,1.9198583156101818,0.0,0.0,0.0
3932,1,-283.80838,391.7224,-0.011190719,0.0,-0.0,0.0,0.0,2.6211863654729995e-08,6.4373012822942715e-06,1.9198583156101818,0.0,0.0,0.0
3933,1,-283.80838,391.7224,-0.011190719,0.0,-0.0,0.0,0.0,2.6211863654729995e-08,6.4373012822942715e-06,1.9198583156101818,0.0,0.0,0.0
3934,1,-283.80838,391.7224,-0.011190719,0.0,-0.0,0.0,0.0,2.6211863654729995e-08,6.4373012822942715e-06,1.9198583156101818,0.0,0.0,0.0
3935,1,-283.80838,391.7224,-0.011190719,0.0,-0.0,0.0,0.0,2.6211863654729995e-08,6.4373012822942715e-06,1.9198583156101818,0.0,0.0,0.0
3936,1,-283.80838,391.7224,-0.011190719,0.0,-0.0,0.0,0.0,2.6211863654729995e-08,6.4373012822942715e-06,1.9198583156101818,0.0,0.0,0.0
3937,1,-283.80838,391.7224,-0.011190719,0.0,-0.0,0.0,0.0,2.6211863654729995e-08,6.4373012822942715e-06,1.9198583156101818,0.0,0.0,0.0
3938,1,-283.80838,391.7224,-0.011190719,0.0,-0.0,0.0,0.0,2.6211863654729995e-08,6.4373012822942715e-06,1.9198583156101818,0.0,0.0,0.0
3939,1,-283.80838,391.7224,-0.011190719,0.0,-0.0,0.0,0.0,2.6211863654729995e-08,6.4373012822942715e-06,1.9198583156101818,0.0,0.0,0.0
3940,1,-283.80838,391.7224,-0.011190719,0.0,-0.0,0.0,0.0,2.6211863654729995e-08,6.4373012822942715e-06,1.9198583156101818,0.0,0.0,0.0
3941,1,-283.80838,391.7224,-0.011190719,0.0,-0.0,0.0,0.0,2.6211863654729995e-08,6.4373012822942715e-06,1.9198583156101818,0.0,0.0,0.0
3942,1,-283.80838,391.7224,-0.011190719,0.0,-0.0,0.0,0.0,2.6211863654729995e-08,6.4373012822942715e-06,1.9198583156101818,0.0,0.0,0.0
3943,1,-283.80838,391.7224,-0.011190719,0.0,-0.0,0.0,0.0,2.6211863654729995e-08,6.4373012822942715e-06,1.9198583156101818,0.0,0.0,0.0
3944,1,-283.80838,391.7224,-0.011190719,0.0,-0.0,0.0,0.0,2.6211863654729995e-08,6.4373012822942715e-06,1.9198583156101818,0.0,0.0,0.0
3945,1,-283.80838,391.7224,-0.011190719,0.0,-0.0,0.0,0.0,2.6211863654729995e-08,6.4373012822942715e-06,1.9198583156101818,0.0,0.0,0.0
3946,1,-283.80838,391.7224,-0.011190719,0.0,-0.0,0.0,0.0,2.6211863654729995e-08,6.4373012822942715e-06,1.9198583156101818,0.0,0.0,0.0
3947,1,-283.80838,391.7224,-0.011190719,0.0,-0.0,0.0,0.0,2.6211863654729995e-08,6.4373012822942715e-06,1.9198583156101818,0.0,0.0,0.0
3948,1,-283.80838,391.7224,-0.011190719,0.0,-0.0,0.0,0.0,2.6211863654729995e-08,6.4373012822942715e-06,1.9198583156101818,0.0,0.0,0.0
3949,1,-283.80838,391.7224,-0.011190719,0.0,-0.0,0.0,0.0,2.6211863654729995e-08,6.4373012822942715e-06,1.9198583156101818,0.0,0.0,0.0
3950,1,-283.80838,391.7224,-0.011190719,0.0,-0.0,0.0,0.0,2.6211863654729995e-08,6.4373012822942715e-06,1.9198583156101818,0.0,0.0,0.0
3951,1,-283.80838,391.7224,-0.011190719,0.0,-0.0,0.0,0.0,2.6211863654729995e-08,6.4373012822942715e-06,1.9198583156101818,0.0,0.0,0.0
3952,1,-283.80838,391.7224,-0.011190719,0.0,-0.0,0.0,0.0,2.6211863654729995e-08,6.4373012822942715e-06,1.9198583156101818,0.0,0.0,0.0
3953,1,-283.80838,391.7224,-0.011190719,0.0,-0.0,0.0,0.0,2.6211863654729995e-08,6.4373012822942715e-06,1.9198583156101818,0.0,0.0,0.0
3954,1,-283.80838,391.7224,-0.011190719,0.0,-0.0,0.0,0.0,2.6211863654729995e-08,6.4373012822942715e-06,1.9198583156101818,0.0,0.0,0.0
3955,1,-283.80838,391.7224,-0.011190719,0.0,-0.0,0.0,0.0,2.6211863654729995e-08,6.4373012822942715e-06,1.9198583156101818,0.0,0.0,0.0
3956,1,-283.80838,391.7224,-0.011190719,0.0,-0.0,0.0,0.0,2.6211863654729995e-08,6.4373012822942715e-06,1.9198583156101818,0.0,0.0,0.0
3957,1,-283.80838,391.7224,-0.011190719,0.0,-0.0,0.0,0.0,2.6211863654729995e-08,6.4373012822942715e-06,1.9198583156101818,0.0,0.0,0.0
3958,1,-283.80838,391.7224,-0.011190719,0.0,-0.0,0.0,0.0,2.6211863654729995e-08,6.4373012822942715e-06,1.9198583156101818,0.0,0.0,0.0
3959,1,-283.80838,391.7224,-0.011190719,0.0,-0.0,0.0,0.0,2.6211863654729995e-08,6.4373012822942715e-06,1.9198583156101818,0.0,0.0,0.0
3960,1,-283.80838,391.7224,-0.011190719,0.0,-0.0,0.0,0.0,2.6211863654729995e-08,6.4373012822942715e-06,1.9198583156101818,0.0,0.0,0.0
3961,1,-283.80838,391.7224,-0.011190719,0.0,-0.0,0.0,0.0,2.6211863654729995e-08,6.4373012822942715e-06,1.9198583156101818,0.0,0.0,0.0
3962,1,-283.80838,391.7224,-0.011190719,0.0,-0.0,0.0,0.0,2.6211863654729995e-08,6.4373012822942715e-06,1.9198583156101818,0.0,0.0,0.0
3963,1,-283.80838,391.7224,-0.011190719,0.0,-0.0,0.0,0.0,2.6211863654729995e-08,6.4373012822942715e-06,1.9198583156101818,0.0,0.0,0.0
3964,1,-283.80838,391.7224,-0.011190719,0.0,-0.0,0.0,0.0,2.6211863654729995e-08,6.4373012822942715e-06,1.9198583156101818,0.0,0.0,0.0
3965,1,-283.80838,391.7224,-0.011190719,0.0,-0.0,0.0,0.0,2.6211863654729995e-08,6.4373012822942715e-06,1.9198583156101818,0.0,0.0,0.0
3966,1,-283.80838,391.7224,-0.011190719,0.0,-0.0,0.0,0.0,2.6211863654729995e-08,6.4373012822942715e-06,1.9198583156101818,0.0,0.0,0.0
3967,1,-283.80838,391.7224,-0.011190719,0.0,-0.0,0.0,0.0,2.6211863654729995e-08,6.4373012822942715e-06,1.9198583156101818,0.0,0.0,0.0
3968,1,-283.80838,391.7224,-0.011190719,0.0,-0.0,0.0,0.0,2.6211863654729995e-08,6.4373012822942715e-06,1.9198583156101818,0.0,0.0,0.0
3969,1,-283.80838,391.7224,-0.011190719,0.0,-0.0,0.0,0.0,2.6211863654729995e-08,6.4373012822942715e-06,1.9198583156101818,0.0,0.0,0.0
3970,1,-283.80838,391.7224,-0.011190719,0.0,-0.0,0.0,0.0,2.6211863654729995e-08,6.4373012822942715e-06,1.9198583156101818,0.0,0.0,0.0
3971,1,-283.80838,391.7224,-0.011190719,0.0,-0.0,0.0,0.0,2.6211863654729995e-08,6.4373012822942715e-06,1.9198583156101818,0.0,0.0,0.0
3972,1,-283.80838,391.7224,-0.011190719,0.0,-0.0,0.0,0.0,2.6211863654729995e-08,6.4373012822942715e-06,1.9198583156101818,0.0,0.0,0.0
3973,1,-283.80838,391.7224,-0.011190719,0.0,-0.0,0.0,0.0,2.6211863654729995e-08,6.4373012822942715e-06,1.9198583156101818,0.0,0.0,0.0
3974,1,-283.80838,391.7224,-0.011190719,0.0,-0.0,0.0,0.0,2.6211863654729995e-08,6.4373012822942715e-06,1.9198583156101818,0.0,0.0,0.0
3975,1,-283.80838,391.7224,-0.011190719,0.0,-0.0,0.0,0.0,2.6211863654729995e-08,6.4373012822942715e-06,1.9198583156101818,0.0,0.0,0.0
3976,1,-283.80838,391.7224,-0.011190719,0.0,-0.0,0.0,0.0,2.6211863654729995e-08,6.4373012822942715e-06,1.9198583156101818,0.0,0.0,0.0
3977,1,-283.80838,391.7224,-0.011190719,0.0,-0.0,0.0,0.0,2.6211863654729995e-08,6.4373012822942715e-06,1.9198583156101818,0.0,0.0,0.0
3978,1,-283.80838,391.7224,-0.011190719,0.0,-0.0,0.0,0.0,2.6211863654729995e-08,6.4373012822942715e-06,1.9198583156101818,0.0,0.0,0.0
3979,1,-283.80838,391.7224,-0.011190719,0.0,-0.0,0.0,0.0,2.6211863654729995e-08,6.4373012822942715e-06,1.9198583156101818,0.0,0.0,0.0
3980,1,-283.80838,391.7224,-0.011190719,0.0,-0.0,0.0,0.0,2.6211863654729995e-08,6.4373012822942715e-06,1.9198583156101818,0.0,0.0,0.0
3981,1,-283.80838,391.7224,-0.011190719,0.0,-0.0,0.0,0.0,2.6211863654729995e-08,6.4373012822942715e-06,1.9198583156101818,0.0,0.0,0.0
3982,1,-283.80838,391.7224,-0.011190719,0.0,-0.0,0.0,0.0,2.6211863654729995e-08,6.4373012822942715e-06,1.9198583156101818,0.0,0.0,0.0
3983,1,-283.80838,391.7224,-0.011190719,0.0,-0.0,0.0,0.0,2.6211863654729995e-08,6.4373012822942715e-06,1.9198583156101818,0.0,0.0,0.0
3984,1,-283.80838,391.7224,-0.011190719,0.0,-0.0,0.0,0.0,2.6211863654729995e-08,6.4373012822942715e-06,1.9198583156101818,0.0,0.0,0.0
3985,1,-283.80838,391.7224,-0.011190719,0.0,-0.0,0.0,0.0,2.6211863654729995e-08,6.4373012822942715e-06,1.9198583156101818,0.0,0.0,0.0
3986,1,-283.80838,391.7224,-0.011190719,0.0,-0.0,0.0,0.0,2.6211863654729995e-08,6.4373012822942715e-06,1.9198583156101818,0.0,0.0,0.0
3987,1,-283.80838,391.7224,-0.011190719,0.0,-0.0,0.0,0.0,2.6211863654729995e-08,6.4373012822942715e-06,1.9198583156101818,0.0,0.0,0.0
3988,1,-283.80838,391.7224,-0.011190719,0.0,-0.0,0.0,0.0,2.6211863654729995e-08,6.4373012822942715e-06,1.9198583156101818,0.0,0.0,0.0
3989,1,-283.80838,391.7224,-0.011190719,0.0,-0.0,0.0,0.0,2.6211863654729995e-08,6.4373012822942715e-06,1.9198583156101818,0.0,0.0,0.0
3990,1,-283.80838,391.7224,-0.011190719,0.0,-0.0,0.0,0.0,2.6211863654729995e-08,6.4373012822942715e-06,1.9198583156101818,0.0,0.0,0.0
3991,1,-283.80838,391.7224,-0.011190719,0.0,-0.0,0.0,0.0,2.6211863654729995e-08,6.4373012822942715e-06,1.9198583156101818,0.0,0.0,0.0
3992,1,-283.80838,391.7224,-0.011190719,0.0,-0.0,0.0,0.0,2.6211863654729995e-08,6.4373012822942715e-06,1.9198583156101818,0.0,0.0,0.0
3993,1,-283.80838,391.7224,-0.011190719,0.0,-0.0,0.0,0.0,2.6211863654729995e-08,6.4373012822942715e-06,1.9198583156101818,0.0,0.0,0.0
3994,1,-283.80838,391.7224,-0.011190719,0.0,-0.0,0.0,0.0,2.6211863654729995e-08,6.4373012822942715e-06,1.9198583156101818,0.0,0.0,0.0
3995,1,-283.80838,391.7224,-0.011190719,0.0,-0.0,0.0,0.0,2.6211863654729995e-08,6.4373012822942715e-06,1.9198583156101818,0.0,0.0,0.0
3996,1,-283.80838,391.7224,-0.011190719,0.0,-0.0,0.0,0.0,2.6211863654729995e-08,6.4373012822942715e-06,1.9198583156101818,0.0,0.0,0.0
3997,1,-283.80838,391.7224,-0.011190719,0.0,-0.0,0.0,0.0,2.6211863654729995e-08,6.4373012822942715e-06,1.9198583156101818,0.0,0.0,0.0
3998,1,-283.80838,391.7224,-0.011190719,0.0,-0.0,0.0,0.0,2.6211863654729995e-08,6.4373012822942715e-06,1.9198583156101818,0.0,0.0,0.0
3999,1,-283.80838,391.7224,-0.011190719,0.0,-0.0,0.0,0.0,2.6211863654729995e-08,6.4373012822942715e-06,1.9198583156101818,0.0,0.0,0.0
4000,1,-283.80838,391.7224,-0.011190719,0.0,-0.0,0.0,0.0,2.6211863654729995e-08,6.4373012822942715e-06,1.9198583156101818,0.0,0.0,0.0
4001,1,-283.80838,391.7224,-0.011190719,0.0,-0.0,0.0,0.0,2.6211863654729995e-08,6.4373012822942715e-06,1.9198583156101818,0.0,0.0,0.0
4002,1,-283.80838,391.7224,-0.011190719,0.0,-0.0,0.0,0.0,2.6211863654729995e-08,6.4373012822942715e-06,1.9198583156101818,0.0,0.0,0.0
4003,1,-283.80838,391.7224,-0.011190719,0.0,-0.0,0.0,0.0,2.6211863654729995e-08,6.4373012822942715e-06,1.9198583156101818,0.0,0.0,0.0
4004,1,-283.80838,391.7224,-0.011190719,0.0,-0.0,0.0,0.0,2.6211863654729995e-08,6.4373012822942715e-06,1.9198583156101818,0.0,0.0,0.0
4005,1,-283.80838,391.7224,-0.011190719,0.0,-0.0,0.0,0.0,2.6211863654729995e-08,6.4373012822942715e-06,1.9198583156101818,0.0,0.0,0.0
4006,1,-283.80838,391.7224,-0.011190719,0.0,-0.0,0.0,0.0,2.6211863654729995e-08,6.4373012822942715e-06,1.9198583156101818,0.0,0.0,0.0
4007,1,-283.80838,391.7224,-0.011190719,0.0,-0.0,0.0,0.0,2.6211863654729995e-08,6.4373012822942715e-06,1.9198583156101818,0.0,0.0,0.0
4008,1,-283.80838,391.7224,-0.011190719,0.0,-0.0,0.0,0.0,2.6211863654729995e-08,6.4373012822942715e-06,1.9198583156101818,0.0,0.0,0.0
4009,1,-283.80838,391.7224,-0.011190719,0.0,-0.0,0.0,0.0,2.6211863654729995e-08,6.4373012822942715e-06,1.9198583156101818,0.0,0.0,0.0
4010,1,-283.80838,391.7224,-0.011190719,0.0,-0.0,0.0,0.0,2.6211863654729995e-08,6.4373012822942715e-06,1.9198583156101818,0.0,0.0,0.0
4011,1,-283.80838,391.7224,-0.011190719,0.0,-0.0,0.0,0.0,2.6211863654729995e-08,6.4373012822942715e-06,1.9198583156101818,0.0,0.0,0.0
4012,1,-283.80838,391.7224,-0.011190719,0.0,-0.0,0.0,0.0,2.6211863654729995e-08,6.4373012822942715e-06,1.9198583156101818,0.0,0.0,0.0
4013,1,-283.80838,391.7224,-0.011190719,0.0,-0.0,0.0,0.0,2.6211863654729995e-08,6.4373012822942715e-06,1.9198583156101818,0.0,0.0,0.0
4014,1,-283.80838,391.7224,-0.011190719,0.0,-0.0,0.0,0.0,2.6211863654729995e-08,6.4373012822942715e-06,1.9198583156101818,0.0,0.0,0.0
4015,1,-283.80838,391.7224,-0.011190719,0.0,-0.0,0.0,0.0,2.6211863654729995e-08,6.4373012822942715e-06,1.9198583156101818,0.0,0.0,0.0
4016,1,-283.80838,391.7224,-0.011190719,0.0,-0.0,0.0,0.0,2.6211863654729995e-08,6.4373012822942715e-06,1.9198583156101818,0.0,0.0,0.0
4017,1,-283.80838,391.7224,-0.011190719,0.0,-0.0,0.0,0.0,2.6211863654729995e-08,6.4373012822942715e-06,1.9198583156101818,0.0,0.0,0.0
4018,1,-283.80838,391.7224,-0.011190719,0.0,-0.0,0.0,0.0,2.6211863654729995e-08,6.4373012822942715e-06,1.9198583156101818,0.0,0.0,0.0
4019,1,-283.80838,391.7224,-0.011190719,0.0,-0.0,0.0,0.0,2.6211863654729995e-08,6.4373012822942715e-06,1.9198583156101818,0.0,0.0,0.0
4020,1,-283.80838,391.7224,-0.011190719,0.0,-0.0,0.0,0.0,2.6211863654729995e-08,6.4373012822942715e-06,1.9198583156101818,0.0,0.0,0.0
4021,1,-283.80838,391.7224,-0.011190719,0.0,-0.0,0.0,0.0,2.6211863654729995e-08,6.4373012822942715e-06,1.9198583156101818,0.0,0.0,0.0
4022,1,-283.80838,391.7224,-0.011190719,0.0,-0.0,0.0,0.0,2.6211863654729995e-08,6.4373012822942715e-06,1.9198583156101818,0.0,0.0,0.0
4023,1,-283.80838,391.7224,-0.011190719,0.0,-0.0,0.0,0.0,2.6211863654729995e-08,6.4373012822942715e-06,1.9198583156101818,0.0,0.0,0.0
4024,1,-283.80838,391.7224,-0.011190719,0.0,-0.0,0.0,0.0,2.6211863654729995e-08,6.4373012822942715e-06,1.9198583156101818,0.0,0.0,0.0
4025,1,-283.80838,391.7224,-0.011190719,0.0,-0.0,0.0,0.0,2.6211863654729995e-08,6.4373012822942715e-06,1.9198583156101818,0.0,0.0,0.0
4026,1,-283.80838,391.7224,-0.011190719,0.0,-0.0,0.0,0.0,2.6211863654729995e-08,6.4373012822942715e-06,1.9198583156101818,0.0,0.0,0.0
4027,1,-283.80838,391.7224,-0.011190719,0.0,-0.0,0.0,0.0,2.6211863654729995e-08,6.4373012822942715e-06,1.9198583156101818,0.0,0.0,0.0
4028,1,-283.80838,391.7224,-0.011190719,0.0,-0.0,0.0,0.0,2.6211863654729995e-08,6.4373012822942715e-06,1.9198583156101818,0.0,0.0,0.0
4029,1,-283.80838,391.7224,-0.011190719,0.0,-0.0,0.0,0.0,2.6211863654729995e-08,6.4373012822942715e-06,1.9198583156101818,0.0,0.0,0.0
4030,1,-283.80838,391.7224,-0.011190719,0.0,-0.0,0.0,0.0,2.6211863654729995e-08,6.4373012822942715e-06,1.9198583156101818,0.0,0.0,0.0
4031,1,-283.80838,391.7224,-0.011190719,0.0,-0.0,0.0,0.0,2.6211863654729995e-08,6.4373012822942715e-06,1.9198583156101818,0.0,0.0,0.0
4032,1,-283.80838,391.7224,-0.011190719,0.0,-0.0,0.0,0.0,2.6211863654729995e-08,6.4373012822942715e-06,1.9198583156101818,0.0,0.0,0.0
4033,1,-283.80838,391.7224,-0.011190719,0.0,-0.0,0.0,0.0,2.6211863654729995e-08,6.4373012822942715e-06,1.9198583156101818,0.0,0.0,0.0
4034,1,-283.80838,391.7224,-0.011190719,0.0,-0.0,0.0,0.0,2.6211863654729995e-08,6.4373012822942715e-06,1.9198583156101818,0.0,0.0,0.0
4035,1,-283.80838,391.7224,-0.011190719,0.0,-0.0,0.0,0.0,2.6211863654729995e-08,6.4373012822942715e-06,1.9198583156101818,0.0,0.0,0.0
4036,1,-283.80838,391.7224,-0.011190719,0.0,-0.0,0.0,0.0,2.6211863654729995e-08,6.4373012822942715e-06,1.9198583156101818,0.0,0.0,0.0
4037,1,-283.80838,391.7224,-0.011190719,0.0,-0.0,0.0,0.0,2.6211863654729995e-08,6.4373012822942715e-06,1.9198583156101818,0.0,0.0,0.0
4038,1,-283.80838,391.7224,-0.011190719,0.0,-0.0,0.0,0.0,2.6211863654729995e-08,6.4373012822942715e-06,1.9198583156101818,0.0,0.0,0.0
4039,1,-283.80838,391.7224,-0.011190719,0.0,-0.0,0.0,0.0,2.6211863654729995e-08,6.4373012822942715e-06,1.9198583156101818,0.0,0.0,0.0
4040,1,-283.80838,391.7224,-0.011190719,0.0,-0.0,0.0,0.0,2.6211863654729995e-08,6.4373012822942715e-06,1.9198583156101818,0.0,0.0,0.0
4041,1,-283.80838,391.7224,-0.011190719,0.0,-0.0,0.0,0.0,2.6211863654729995e-08,6.4373012822942715e-06,1.9198583156101818,0.0,0.0,0.0
4042,1,-283.80838,391.7224,-0.011190719,0.0,-0.0,0.0,0.0,2.6211863654729995e-08,6.4373012822942715e-06,1.9198583156101818,0.0,0.0,0.0
4043,1,-283.80838,391.7224,-0.011190719,0.0,-0.0,0.0,0.0,2.6211863654729995e-08,6.4373012822942715e-06,1.9198583156101818,0.0,0.0,0.0
4044,1,-283.80838,391.7224,-0.011190719,0.0,-0.0,0.0,0.0,2.6211863654729995e-08,6.4373012822942715e-06,1.9198583156101818,0.0,0.0,0.0
4045,1,-283.80838,391.7224,-0.011190719,0.0,-0.0,0.0,0.0,2.6211863654729995e-08,6.4373012822942715e-06,1.9198583156101818,0.0,0.0,0.0
4046,1,-283.80838,391.7224,-0.011190719,0.0,-0.0,0.0,0.0,2.6211863654729995e-08,6.4373012822942715e-06,1.9198583156101818,0.0,0.0,0.0
4047,1,-283.80838,391.7224,-0.011190719,0.0,-0.0,0.0,0.0,2.6211863654729995e-08,6.4373012822942715e-06,1.9198583156101818,0.0,0.0,0.0
4048,1,-283.80838,391.7224,-0.011190719,0.0,-0.0,0.0,0.0,2.6211863654729995e-08,6.4373012822942715e-06,1.9198583156101818,0.0,0.0,0.0
4049,1,-283.80838,391.7224,-0.011190719,0.0,-0.0,0.0,0.0,2.6211863654729995e-08,6.4373012822942715e-06,1.9198583156101818,0.0,0.0,0.0
4050,1,-283.80838,391.7224,-0.011190719,0.0,-0.0,0.0,0.0,2.6211863654729995e-08,6.4373012822942715e-06,1.9198583156101818,0.0,0.0,0.0
4051,1,-283.80838,391.7224,-0.011190719,0.0,-0.0,0.0,0.0,2.6211863654729995e-08,6.4373012822942715e-06,1.9198583156101818,0.0,0.0,0.0
4052,1,-283.80838,391.7224,-0.011190719,0.0,-0.0,0.0,0.0,2.6211863654729995e-08,6.4373012822942715e-06,1.9198583156101818,0.0,0.0,0.0
4053,1,-283.80838,391.7224,-0.011190719,0.0,-0.0,0.0,0.0,2.6211863654729995e-08,6.4373012822942715e-06,1.9198583156101818,0.0,0.0,0.0
4054,1,-283.80838,391.7224,-0.011190719,0.0,-0.0,0.0,0.0,2.6211863654729995e-08,6.4373012822942715e-06,1.9198583156101818,0.0,0.0,0.0
4055,1,-283.80838,391.7224,-0.011190719,0.0,-0.0,0.0,0.0,2.6211863654729995e-08,6.4373012822942715e-06,1.9198583156101818,0.0,0.0,0.0
4056,1,-283.80838,391.7224,-0.011190719,0.0,-0.0,0.0,0.0,2.6211863654729995e-08,6.4373012822942715e-06,1.9198583156101818,0.0,0.0,0.0
4057,1,-283.80838,391.7224,-0.011190719,0.0,-0.0,0.0,0.0,2.6211863654729995e-08,6.4373012822942715e-06,1.9198583156101818,0.0,0.0,0.0
4058,1,-283.80838,391.7224,-0.011190719,0.0,-0.0,0.0,0.0,2.6211863654729995e-08,6.4373012822942715e-06,1.9198583156101818,0.0,0.0,0.0
4059,1,-283.80838,391.7224,-0.011190719,0.0,-0.0,0.0,0.0,2.6211863654729995e-08,6.4373012822942715e-06,1.9198583156101818,0.0,0.0,0.0
4060,1,-283.80838,391.7224,-0.011190719,0.0,-0.0,0.0,0.0,2.6211863654729995e-08,6.4373012822942715e-06,1.9198583156101818,0.0,0.0,0.0
4061,1,-283.80838,391.7224,-0.011190719,0.0,-0.0,0.0,0.0,2.6211863654729995e-08,6.4373012822942715e-06,1.9198583156101818,0.0,0.0,0.0
4062,1,-283.80838,391.7224,-0.011190719,0.0,-0.0,0.0,0.0,2.6211863654729995e-08,6.4373012822942715e-06,1.9198583156101818,0.0,0.0,0.0
4063,1,-283.80838,391.7224,-0.011190719,0.0,-0.0,0.0,0.0,2.6211863654729995e-08,6.4373012822942715e-06,1.9198583156101818,0.0,0.0,0.0
4064,1,-283.80838,391.7224,-0.011190719,0.0,-0.0,0.0,0.0,2.6211863654729995e-08,6.4373012822942715e-06,1.9198583156101818,0.0,0.0,0.0
4065,1,-283.80838,391.7224,-0.011190719,0.0,-0.0,0.0,0.0,2.6211863654729995e-08,6.4373012822942715e-06,1.9198583156101818,0.0,0.0,0.0
4066,1,-283.80838,391.7224,-0.011190719,0.0,-0.0,0.0,0.0,2.6211863654729995e-08,6.4373012822942715e-06,1.9198583156101818,0.0,0.0,0.0
4067,1,-283.80838,391.7224,-0.011190719,0.0,-0.0,0.0,0.0,2.6211863654729995e-08,6.4373012822942715e-06,1.9198583156101818,0.0,0.0,0.0
4068,1,-283.80838,391.7224,-0.011190719,0.0,-0.0,0.0,0.0,2.6211863654729995e-08,6.4373012822942715e-06,1.9198583156101818,0.0,0.0,0.0
4069,1,-283.80838,391.7224,-0.011190719,0.0,-0.0,0.0,0.0,2.6211863654729995e-08,6.4373012822942715e-06,1.9198583156101818,0.0,0.0,0.0
4070,1,-283.80838,391.7224,-0.011190719,0.0,-0.0,0.0,0.0,2.6211863654729995e-08,6.4373012822942715e-06,1.9198583156101818,0.0,0.0,0.0
4071,1,-283.80838,391.7224,-0.011190719,0.0,-0.0,0.0,0.0,2.6211863654729995e-08,6.4373012822942715e-06,1.9198583156101818,0.0,0.0,0.0
4072,1,-283.80838,391.7224,-0.011190719,0.0,-0.0,0.0,0.0,2.6211863654729995e-08,6.4373012822942715e-06,1.9198583156101818,0.0,0.0,0.0
4073,1,-283.80838,391.7224,-0.011190719,0.0,-0.0,0.0,0.0,2.6211863654729995e-08,6.4373012822942715e-06,1.9198583156101818,0.0,0.0,0.0
4074,1,-283.80838,391.7224,-0.011190719,0.0,-0.0,0.0,0.0,2.6211863654729995e-08,6.4373012822942715e-06,1.9198583156101818,0.0,0.0,0.0
4075,1,-283.80838,391.7224,-0.011190719,0.0,-0.0,0.0,0.0,2.6211863654729995e-08,6.4373012822942715e-06,1.9198583156101818,0.0,0.0,0.0
4076,1,-283.80838,391.7224,-0.011190719,0.0,-0.0,0.0,0.0,2.6211863654729995e-08,6.4373012822942715e-06,1.9198583156101818,0.0,0.0,0.0
4077,1,-283.80838,391.7224,-0.011190719,0.0,-0.0,0.0,0.0,2.6211863654729995e-08,6.4373012822942715e-06,1.9198583156101818,0.0,0.0,0.0
4078,1,-283.80838,391.7224,-0.011190719,0.0,-0.0,0.0,0.0,2.6211863654729995e-08,6.4373012822942715e-06,1.9198583156101818,0.0,0.0,0.0
4079,1,-283.80838,391.7224,-0.011190719,0.0,-0.0,0.0,0.0,2.6211863654729995e-08,6.4373012822942715e-06,1.9198583156101818,0.0,0.0,0.0
4080,1,-283.80838,391.7224,-0.011190719,0.0,-0.0,0.0,0.0,2.6211863654729995e-08,6.4373012822942715e-06,1.9198583156101818,0.0,0.0,0.0
4081,1,-283.80838,391.7224,-0.011190719,0.0,-0.0,0.0,0.0,2.6211863654729995e-08,6.4373012822942715e-06,1.9198583156101818,0.0,0.0,0.0
4082,1,-283.80838,391.7224,-0.011190719,0.0,-0.0,0.0,0.0,2.6211863654729995e-08,6.4373012822942715e-06,1.9198583156101818,0.0,0.0,0.0
4083,1,-283.80838,391.7224,-0.011190719,0.0,-0.0,0.0,0.0,2.6211863654729995e-08,6.4373012822942715e-06,1.9198583156101818,0.0,0.0,0.0
4084,1,-283.80838,391.7224,-0.011190719,0.0,-0.0,0.0,0.0,2.6211863654729995e-08,6.4373012822942715e-06,1.9198583156101818,0.0,0.0,0.0
4085,1,-283.80838,391.7224,-0.011190719,0.0,-0.0,0.0,0.0,2.6211863654729995e-08,6.4373012822942715e-06,1.9198583156101818,0.0,0.0,0.0
4086,1,-283.80838,391.7224,-0.011190719,0.0,-0.0,0.0,0.0,2.6211863654729995e-08,6.4373012822942715e-06,1.9198583156101818,0.0,0.0,0.0
4087,1,-283.80838,391.7224,-0.011190719,0.0,-0.0,0.0,0.0,2.6211863654729995e-08,6.4373012822942715e-06,1.9198583156101818,0.0,0.0,0.0
4088,1,-283.80838,391.7224,-0.011190719,0.0,-0.0,0.0,0.0,2.6211863654729995e-08,6.4373012822942715e-06,1.9198583156101818,0.0,0.0,0.0
4089,1,-283.80838,391.7224,-0.011190719,0.0,-0.0,0.0,0.0,2.6211863654729995e-08,6.4373012822942715e-06,1.9198583156101818,0.0,0.0,0.0
4090,1,-283.80838,391.7224,-0.011190719,0.0,-0.0,0.0,0.0,2.6211863654729995e-08,6.4373012822942715e-06,1.9198583156101818,0.0,0.0,0.0
4091,1,-283.80838,391.7224,-0.011190719,0.0,-0.0,0.0,0.0,2.6211863654729995e-08,6.4373012822942715e-06,1.9198583156101818,0.0,0.0,0.0
4092,1,-283.80838,391.7224,-0.011190719,0.0,-0.0,0.0,0.0,2.6211863654729995e-08,6.4373012822942715e-06,1.9198583156101818,0.0,0.0,0.0
4093,1,-283.80838,391.7224,-0.011190719,0.0,-0.0,0.0,0.0,2.6211863654729995e-08,6.4373012822942715e-06,1.9198583156101818,0.0,0.0,0.0
4094,1,-283.80838,391.7224,-0.011190719,0.0,-0.0,0.0,0.0,2.6211863654729995e-08,6.4373012822942715e-06,1.9198583156101818,0.0,0.0,0.0
4095,1,-283.80838,391.7224,-0.011190719,0.0,-0.0,0.0,0.0,2.6211863654729995e-08,6.4373012822942715e-06,1.9198583156101818,0.0,0.0,0.0
4096,1,-283.80838,391.7224,-0.011190719,0.0,-0.0,0.0,0.0,2.6211863654729995e-08,6.4373012822942715e-06,1.9198583156101818,0.0,0.0,0.0
4097,1,-283.80838,391.7224,-0.011190719,0.0,-0.0,0.0,0.0,2.6211863654729995e-08,6.4373012822942715e-06,1.9198583156101818,0.0,0.0,0.0
4098,1,-283.80838,391.7224,-0.011190719,0.0,-0.0,0.0,0.0,2.6211863654729995e-08,6.4373012822942715e-06,1.9198583156101818,0.0,0.0,0.0
4099,1,-283.80838,391.7224,-0.011190719,0.0,-0.0,0.0,0.0,2.6211863654729995e-08,6.4373012822942715e-06,1.9198583156101818,0.0,0.0,0.0
4100,1,-283.80838,391.7224,-0.011190719,0.0,-0.0,0.0,0.0,2.6211863654729995e-08,6.4373012822942715e-06,1.9198583156101818,0.0,0.0,0.0
4101,1,-283.80838,391.7224,-0.011190719,0.0,-0.0,0.0,0.0,2.6211863654729995e-08,6.4373012822942715e-06,1.9198583156101818,0.0,0.0,0.0
4102,1,-283.80838,391.7224,-0.011190719,0.0,-0.0,0.0,0.0,2.6211863654729995e-08,6.4373012822942715e-06,1.9198583156101818,0.0,0.0,0.0
4103,1,-283.80838,391.7224,-0.011190719,0.0,-0.0,0.0,0.0,2.6211863654729995e-08,6.4373012822942715e-06,1.9198583156101818,0.0,0.0,0.0
4104,1,-283.80838,391.7224,-0.011190719,0.0,-0.0,0.0,0.0,2.6211863654729995e-08,6.4373012822942715e-06,1.9198583156101818,0.0,0.0,0.0
4105,1,-283.80838,391.7224,-0.011190719,0.0,-0.0,0.0,0.0,2.6211863654729995e-08,6.4373012822942715e-06,1.9198583156101818,0.0,0.0,0.0
4106,1,-283.80838,391.7224,-0.011190719,0.0,-0.0,0.0,0.0,2.6211863654729995e-08,6.4373012822942715e-06,1.9198583156101818,0.0,0.0,0.0
4107,1,-283.80838,391.7224,-0.011190719,0.0,-0.0,0.0,0.0,2.6211863654729995e-08,6.4373012822942715e-06,1.9198583156101818,0.0,0.0,0.0
4108,1,-283.80838,391.7224,-0.011190719,0.0,-0.0,0.0,0.0,2.6211863654729995e-08,6.4373012822942715e-06,1.9198583156101818,0.0,0.0,0.0
4109,1,-283.80838,391.7224,-0.011190719,0.0,-0.0,0.0,0.0,2.6211863654729995e-08,6.4373012822942715e-06,1.9198583156101818,0.0,0.0,0.0
4110,1,-283.80838,391.7224,-0.011190719,0.0,-0.0,0.0,0.0,2.6211863654729995e-08,6.4373012822942715e-06,1.9198583156101818,0.0,0.0,0.0
4111,1,-283.80838,391.7224,-0.011190719,0.0,-0.0,0.0,0.0,2.6211863654729995e-08,6.4373012822942715e-06,1.9198583156101818,0.0,0.0,0.0
4112,1,-283.80838,391.7224,-0.011190719,0.0,-0.0,0.0,0.0,2.6211863654729995e-08,6.4373012822942715e-06,1.9198583156101818,0.0,0.0,0.0
4113,1,-283.80838,391.7224,-0.011190719,0.0,-0.0,0.0,0.0,2.6211863654729995e-08,6.4373012822942715e-06,1.9198583156101818,0.0,0.0,0.0
4114,1,-283.80838,391.7224,-0.011190719,0.0,-0.0,0.0,0.0,2.6211863654729995e-08,6.4373012822942715e-06,1.9198583156101818,0.0,0.0,0.0
4115,1,-283.80838,391.7224,-0.011190719,0.0,-0.0,0.0,0.0,2.6211863654729995e-08,6.4373012822942715e-06,1.9198583156101818,0.0,0.0,0.0
4116,1,-283.80838,391.7224,-0.011190719,0.0,-0.0,0.0,0.0,2.6211863654729995e-08,6.4373012822942715e-06,1.9198583156101818,0.0,0.0,0.0
4117,1,-283.80838,391.7224,-0.011190719,0.0,-0.0,0.0,0.0,2.6211863654729995e-08,6.4373012822942715e-06,1.9198583156101818,0.0,0.0,0.0
4118,1,-283.80838,391.7224,-0.011190719,0.0,-0.0,0.0,0.0,2.6211863654729995e-08,6.4373012822942715e-06,1.9198583156101818,0.0,0.0,0.0
4119,1,-283.80838,391.7224,-0.011190719,0.0,-0.0,0.0,0.0,2.6211863654729995e-08,6.4373012822942715e-06,1.9198583156101818,0.0,0.0,0.0
4120,1,-283.80838,391.7224,-0.011190719,0.0,-0.0,0.0,0.0,2.6211863654729995e-08,6.4373012822942715e-06,1.9198583156101818,0.0,0.0,0.0
4121,1,-283.80838,391.7224,-0.011190719,0.0,-0.0,0.0,0.0,2.6211863654729995e-08,6.4373012822942715e-06,1.9198583156101818,0.0,0.0,0.0
4122,1,-283.80838,391.7224,-0.011190719,0.0,-0.0,0.0,0.0,2.6211863654729995e-08,6.4373012822942715e-06,1.9198583156101818,0.0,0.0,0.0
4123,1,0.0,-0.0,0.0,0.0,-0.0,0.0,0.0,0.0,-0.0,-0.0,0.0,0.0,0.0
4124,1,0.0,-0.0,0.0,0.0,-0.0,0.0,0.0,0.0,-0.0,-0.0,0.0,0.0,0.0
4125,1,0.0,-0.0,0.0,0.0,-0.0,0.0,0.0,0.0,-0.0,-0.0,0.0,0.0,0.0
4126,1,0.0,-0.0,0.0,0.0,-0.0,0.0,0.0,0.0,-0.0,-0.0,0.0,0.0,0.0
4127,1,0.0,-0.0,0.0,0.0,-0.0,0.0,0.0,0.0,-0.0,-0.0,0.0,0.0,0.0
4128,1,0.0,-0.0,0.0,0.0,-0.0,0.0,0.0,0.0,-0.0,-0.0,0.0,0.0,0.0
4129,1,0.0,-0.0,0.0,0.0,-0.0,0.0,0.0,0.0,-0.0,-0.0,0.0,0.0,0.0
4130,1,0.0,-0.0,0.0,0.0,-0.0,0.0,0.0,0.0,-0.0,-0.0,0.0,0.0,0.0
4131,1,0.0,-0.0,0.0,0.0,-0.0,0.0,0.0,0.0,-0.0,-0.0,0.0,0.0,0.0
4132,1,0.0,-0.0,0.0,0.0,-0.0,0.0,0.0,0.0,-0.0,-0.0,0.0,0.0,0.0
4133,1,0.0,-0.0,0.0,0.0,-0.0,0.0,0.0,0.0,-0.0,-0.0,0.0,0.0,0.0
4134,1,0.0,-0.0,0.0,0.0,-0.0,0.0,0.0,0.0,-0.0,-0.0,0.0,0.0,0.0
4135,1,0.0,-0.0,0.0,0.0,-0.0,0.0,0.0,0.0,-0.0,-0.0,0.0,0.0,0.0
4136,1,0.0,-0.0,0.0,0.0,-0.0,0.0,0.0,0.0,-0.0,-0.0,0.0,0.0,0.0
4137,1,0.0,-0.0,0.0,0.0,-0.0,0.0,0.0,0.0,-0.0,-0.0,0.0,0.0,0.0
4138,1,0.0,-0.0,0.0,0.0,-0.0,0.0,0.0,0.0,-0.0,-0.0,0.0,0.0,0.0
4139,1,0.0,-0.0,0.0,0.0,-0.0,0.0,0.0,0.0,-0.0,-0.0,0.0,0.0,0.0
4140,1,0.0,-0.0,0.0,0.0,-0.0,0.0,0.0,0.0,-0.0,-0.0,0.0,0.0,0.0
4141,1,0.0,-0.0,0.0,0.0,-0.0,0.0,0.0,0.0,-0.0,-0.0,0.0,0.0,0.0
4142,1,0.0,-0.0,0.0,0.0,-0.0,0.0,0.0,0.0,-0.0,-0.0,0.0,0.0,0.0
