tick,waypoint_idx,loc_x,loc_y,loc_z,vel_x,vel_y,vel_z,speed,roll,pitch,yaw,throttle,steer,brake
3900,2774,-283.81842,391.77362,-0.011187896,-0.013898646,0.07470782,-4.076004e-05,0.07598968595266342,5.562879335300808e-07,1.6689299620762925e-06,1.9133873667935073,0.0,0.09997456954722182,0.0
3901,2774,-283.81845,391.77365,-0.0111608505,-8.218397e-06,2.3127554e-05,-2.9435158e-05,3.8325633795466274e-05,3.350515384636645e-05,6.985663831732039e-05,1.913392027325415,0.0,0.04997456954722182,0.0
3902,2774,-283.81845,391.77365,-0.011157531,-8.940973e-08,-2.0977598e-06,-1.9946097e-05,2.0056306311744265e-05,3.523242731804919e-05,8.046626475878422e-05,1.913392027325415,0.0,0.0,0.0
3903,2774,-283.81845,391.7737,-0.0111623,2.895272e-06,-9.079063e-06,-1.4572143e-05,1.7411472072126344e-05,2.9376085854110887e-05,7.09295261820096e-05,1.913392027325415,0.0,0.0,0.0
3904,2774,-283.81845,391.7737,-0.011168746,3.339487e-06,-9.791624e-06,-1.0657311e-05,1.4852822459943127e-05,2.2886203333977955e-05,5.650519862071005e-05,1.913392027325415,0.0,0.0,0.0
3905,2774,-283.81845,391.7737,-0.011174659,2.9198256e-06,-8.503087e-06,-7.452965e-06,1.1677951079036575e-05,1.74052710311476e-05,4.315375892409971e-05,1.913392027325415,0.0,0.0,0.0
3906,2774,-283.81845,391.7737,-0.011179428,2.3153705e-06,-6.721351e-06,-6.484985e-06,9.622501238482073e-06,1.3119905480852325e-05,3.194808682954513e-05,1.913392027325415,0.0,0.0,0.0
3907,2774,-283.81845,391.7737,-0.011183242,1.7903661e-06,-5.089842e-06,-4.520416e-06,7.0388964559242595e-06,9.839653035647549e-06,2.3961066138074177e-05,1.913392027325415,0.0,0.0,0.0
3908,2774,-283.81845,391.7737,-0.011185989,1.3386806e-06,-3.7956543e-06,-3.5095213e-06,5.340018560673343e-06,7.3782964150265515e-06,1.7642974900721855e-05,1.913392027325415,0.0,0.0,0.0
3909,2774,-283.81845,391.7737,-0.011185989,0.0,-0.0,0.0,0.0,7.3782964150265515e-06,1.7642974900721855e-05,1.913392027325415,0.0,0.0,0.0
3910,2774,-283.81845,391.7737,-0.011185989,0.0,-0.0,0.0,0.0,7.3782964150265515e-06,1.7642974900721855e-05,1.913392027325415,0.0,0.0,0.0
3911,2774,-283.81845,391.7737,-0.011185989,0.0,-0.0,0.0,0.0,7.3782964150265515e-06,1.7642974900721855e-05,1.913392027325415,0.0,0.0,0.0
3912,2774,-283.81845,391.7737,-0.011185989,0.0,-0.0,0.0,0.0,7.3782964150265515e-06,1.7642974900721855e-05,1.913392027325415,0.0,0.0,0.0
3913,2774,-283.81845,391.7737,-0.011185989,0.0,-0.0,0.0,0.0,7.3782964150265515e-06,1.7642974900721855e-05,1.913392027325415,0.0,0.0,0.0
3914,2774,-283.81845,391.7737,-0.011185989,0.0,-0.0,0.0,0.0,7.3782964150265515e-06,1.7642974900721855e-05,1.913392027325415,0.0,0.0,0.0
3915,2774,-283.81845,391.7737,-0.011185989,0.0,-0.0,0.0,0.0,7.3782964150265515e-06,1.7642974900721855e-05,1.913392027325415,0.0,0.0,0.0
3916,2774,-283.81845,391.7737,-0.011185989,0.0,-0.0,0.0,0.0,7.3782964150265515e-06,1.7642974900721855e-05,1.913392027325415,0.0,0.0,0.0
3917,2774,-283.81845,391.7737,-0.011185989,0.0,-0.0,0.0,0.0,7.3782964150265515e-06,1.7642974900721855e-05,1.913392027325415,0.0,0.0,0.0
3918,2774,-283.81845,391.7737,-0.011185989,0.0,-0.0,0.0,0.0,7.3782964150265515e-06,1.7642974900721855e-05,1.913392027325415,0.0,0.0,0.0
3919,2774,-283.81845,391.7737,-0.011185989,0.0,-0.0,0.0,0.0,7.3782964150265515e-06,1.7642974900721855e-05,1.913392027325415,0.0,0.0,0.0
3920,2774,-283.81845,391.7737,-0.011185989,0.0,-0.0,0.0,0.0,7.3782964150265515e-06,1.7642974900721855e-05,1.913392027325415,0.0,0.0,0.0
3921,2774,-283.81845,391.7737,-0.011185989,0.0,-0.0,0.0,0.0,7.3782964150265515e-06,1.7642974900721855e-05,1.913392027325415,0.0,0.0,0.0
3922,2774,-283.81845,391.7737,-0.011185989,0.0,-0.0,0.0,0.0,7.3782964150265515e-06,1.7642974900721855e-05,1.913392027325415,0.0,0.0,0.0
3923,2774,-283.81845,391.7737,-0.011185989,0.0,-0.0,0.0,0.0,7.3782964150265515e-06,1.7642974900721855e-05,1.913392027325415,0.0,0.0,0.0
3924,2774,-283.81845,391.7737,-0.011185989,0.0,-0.0,0.0,0.0,7.3782964150265515e-06,1.7642974900721855e-05,1.913392027325415,0.0,0.0,0.0
3925,2774,-283.81845,391.7737,-0.011185989,0.0,-0.0,0.0,0.0,7.3782964150265515e-06,1.7642974900721855e-05,1.913392027325415,0.0,0.0,0.0
3926,2774,-283.81845,391.7737,-0.011185989,0.0,-0.0,0.0,0.0,7.3782964150265515e-06,1.7642974900721855e-05,1.913392027325415,0.0,0.0,0.0
3927,2774,-283.81845,391.7737,-0.011185989,0.0,-0.0,0.0,0.0,7.3782964150265515e-06,1.7642974900721855e-05,1.913392027325415,0.0,0.0,0.0
3928,2774,-283.81845,391.7737,-0.011185989,0.0,-0.0,0.0,0.0,7.3782964150265515e-06,1.7642974900721855e-05,1.913392027325415,0.0,0.0,0.0
3929,2774,-283.81845,391.7737,-0.011185989,0.0,-0.0,0.0,0.0,7.3782964150265515e-06,1.7642974900721855e-05,1.913392027325415,0.0,0.0,0.0
3930,2774,-283.81845,391.7737,-0.011185989,0.0,-0.0,0.0,0.0,7.3782964150265515e-06,1.7642974900721855e-05,1.913392027325415,0.0,0.0,0.0
3931,2774,-283.81845,391.7737,-0.011185989,0.0,-0.0,0.0,0.0,7.3782964150265515e-06,1.7642974900721855e-05,1.913392027325415,0.0,0.0,0.0
3932,2774,-283.81845,391.7737,-0.011185989,0.0,-0.0,0.0,0.0,7.3782964150265515e-06,1.7642974900721855e-05,1.913392027325415,0.0,0.0,0.0
3933,2774,-283.81845,391.7737,-0.011185989,0.0,-0.0,0.0,0.0,7.3782964150265515e-06,1.7642974900721855e-05,1.913392027325415,0.0,0.0,0.0
3934,2774,-283.81845,391.7737,-0.011185989,0.0,-0.0,0.0,0.0,7.3782964150265515e-06,1.7642974900721855e-05,1.913392027325415,0.0,0.0,0.0
3935,2774,-283.81845,391.7737,-0.011185989,0.0,-0.0,0.0,0.0,7.3782964150265515e-06,1.7642974900721855e-05,1.913392027325415,0.0,0.0,0.0
3936,2774,-283.81845,391.7737,-0.011185989,0.0,-0.0,0.0,0.0,7.3782964150265515e-06,1.7642974900721855e-05,1.913392027325415,0.0,0.0,0.0
3937,2774,-283.81845,391.7737,-0.011185989,0.0,-0.0,0.0,0.0,7.3782964150265515e-06,1.7642974900721855e-05,1.913392027325415,0.0,0.0,0.0
3938,2774,-283.81845,391.7737,-0.011185989,0.0,-0.0,0.0,0.0,7.3782964150265515e-06,1.7642974900721855e-05,1.913392027325415,0.0,0.0,0.0
3939,2774,-283.81845,391.7737,-0.011185989,0.0,-0.0,0.0,0.0,7.3782964150265515e-06,1.7642974900721855e-05,1.913392027325415,0.0,0.0,0.0
3940,2774,-283.81845,391.7737,-0.011185989,0.0,-0.0,0.0,0.0,7.3782964150265515e-06,1.7642974900721855e-05,1.913392027325415,0.0,0.0,0.0
3941,2774,-283.81845,391.7737,-0.011185989,0.0,-0.0,0.0,0.0,7.3782964150265515e-06,1.7642974900721855e-05,1.913392027325415,0.0,0.0,0.0
3942,2774,-283.81845,391.7737,-0.011185989,0.0,-0.0,0.0,0.0,7.3782964150265515e-06,1.7642974900721855e-05,1.913392027325415,0.0,0.0,0.0
3943,2774,-283.81845,391.7737,-0.011185989,0.0,-0.0,0.0,0.0,7.3782964150265515e-06,1.7642974900721855e-05,1.913392027325415,0.0,0.0,0.0
3944,2774,-283.81845,391.7737,-0.011185989,0.0,-0.0,0.0,0.0,7.3782964150265515e-06,1.7642974900721855e-05,1.913392027325415,0.0,0.0,0.0
3945,2774,-283.81845,391.7737,-0.011185989,0.0,-0.0,0.0,0.0,7.3782964150265515e-06,1.7642974900721855e-05,1.913392027325415,0.0,0.0,0.0
3946,2774,-283.81845,391.7737,-0.011185989,0.0,-0.0,0.0,0.0,7.3782964150265515e-06,1.7642974900721855e-05,1.913392027325415,0.0,0.0,0.0
3947,2774,-283.81845,391.7737,-0.011185989,0.0,-0.0,0.0,0.0,7.3782964150265515e-06,1.7642974900721855e-05,1.913392027325415,0.0,0.0,0.0
3948,2774,-283.81845,391.7737,-0.011185989,0.0,-0.0,0.0,0.0,7.3782964150265515e-06,1.7642974900721855e-05,1.913392027325415,0.0,0.0,0.0
3949,2774,-283.81845,391.7737,-0.011185989,0.0,-0.0,0.0,0.0,7.3782964150265515e-06,1.7642974900721855e-05,1.913392027325415,0.0,0.0,0.0
3950,2774,-283.81845,391.7737,-0.011185989,0.0,-0.0,0.0,0.0,7.3782964150265515e-06,1.7642974900721855e-05,1.913392027325415,0.0,0.0,0.0
3951,2774,-283.81845,391.7737,-0.011185989,0.0,-0.0,0.0,0.0,7.3782964150265515e-06,1.7642974900721855e-05,1.913392027325415,0.0,0.0,0.0
3952,2774,-283.81845,391.7737,-0.011185989,0.0,-0.0,0.0,0.0,7.3782964150265515e-06,1.7642974900721855e-05,1.913392027325415,0.0,0.0,0.0
3953,2774,-283.81845,391.7737,-0.011185989,0.0,-0.0,0.0,0.0,7.3782964150265515e-06,1.7642974900721855e-05,1.913392027325415,0.0,0.0,0.0
3954,2774,-283.81845,391.7737,-0.011185989,0.0,-0.0,0.0,0.0,7.3782964150265515e-06,1.7642974900721855e-05,1.913392027325415,0.0,0.0,0.0
3955,2774,-283.81845,391.7737,-0.011185989,0.0,-0.0,0.0,0.0,7.3782964150265515e-06,1.7642974900721855e-05,1.913392027325415,0.0,0.0,0.0
3956,2774,-283.81845,391.7737,-0.011185989,0.0,-0.0,0.0,0.0,7.3782964150265515e-06,1.7642974900721855e-05,1.913392027325415,0.0,0.0,0.0
3957,2774,-283.81845,391.7737,-0.011185989,0.0,-0.0,0.0,0.0,7.3782964150265515e-06,1.7642974900721855e-05,1.913392027325415,0.0,0.0,0.0
3958,2774,-283.81845,391.7737,-0.011185989,0.0,-0.0,0.0,0.0,7.3782964150265515e-06,1.7642974900721855e-05,1.913392027325415,0.0,0.0,0.0
3959,2774,-283.81845,391.7737,-0.011185989,0.0,-0.0,0.0,0.0,7.3782964150265515e-06,1.7642974900721855e-05,1.913392027325415,0.0,0.0,0.0
3960,2774,-283.81845,391.7737,-0.011185989,0.0,-0.0,0.0,0.0,7.3782964150265515e-06,1.7642974900721855e-05,1.913392027325415,0.0,0.0,0.0
3961,2774,-283.81845,391.7737,-0.011185989,0.0,-0.0,0.0,0.0,7.3782964150265515e-06,1.7642974900721855e-05,1.913392027325415,0.0,0.0,0.0
3962,2774,-283.81845,391.7737,-0.011185989,0.0,-0.0,0.0,0.0,7.3782964150265515e-06,1.7642974900721855e-05,1.913392027325415,0.0,0.0,0.0
3963,2774,-283.81845,391.7737,-0.011185989,0.0,-0.0,0.0,0.0,7.3782964150265515e-06,1.7642974900721855e-05,1.913392027325415,0.0,0.0,0.0
3964,2774,-283.81845,391.7737,-0.011185989,0.0,-0.0,0.0,0.0,7.3782964150265515e-06,1.7642974900721855e-05,1.913392027325415,0.0,0.0,0.0
3965,2774,-283.81845,391.7737,-0.011185989,0.0,-0.0,0.0,0.0,7.3782964150265515e-06,1.7642974900721855e-05,1.913392027325415,0.0,0.0,0.0
3966,2774,-283.81845,391.7737,-0.011185989,0.0,-0.0,0.0,0.0,7.3782964150265515e-06,1.7642974900721855e-05,1.913392027325415,0.0,0.0,0.0
3967,2774,-283.81845,391.7737,-0.011185989,0.0,-0.0,0.0,0.0,7.3782964150265515e-06,1.7642974900721855e-05,1.913392027325415,0.0,0.0,0.0
3968,2774,-283.81845,391.7737,-0.011185989,0.0,-0.0,0.0,0.0,7.3782964150265515e-06,1.7642974900721855e-05,1.913392027325415,0.0,0.0,0.0
3969,2774,-283.81845,391.7737,-0.011185989,0.0,-0.0,0.0,0.0,7.3782964150265515e-06,1.7642974900721855e-05,1.913392027325415,0.0,0.0,0.0
3970,2774,-283.81845,391.7737,-0.011185989,0.0,-0.0,0.0,0.0,7.3782964150265515e-06,1.7642974900721855e-05,1.913392027325415,0.0,0.0,0.0
3971,2774,-283.81845,391.7737,-0.011185989,0.0,-0.0,0.0,0.0,7.3782964150265515e-06,1.7642974900721855e-05,1.913392027325415,0.0,0.0,0.0
3972,2774,-283.81845,391.7737,-0.011185989,0.0,-0.0,0.0,0.0,7.3782964150265515e-06,1.7642974900721855e-05,1.913392027325415,0.0,0.0,0.0
3973,2774,-283.81845,391.7737,-0.011185989,0.0,-0.0,0.0,0.0,7.3782964150265515e-06,1.7642974900721855e-05,1.913392027325415,0.0,0.0,0.0
3974,2774,-283.81845,391.7737,-0.011185989,0.0,-0.0,0.0,0.0,7.3782964150265515e-06,1.7642974900721855e-05,1.913392027325415,0.0,0.0,0.0
3975,2774,-283.81845,391.7737,-0.011185989,0.0,-0.0,0.0,0.0,7.3782964150265515e-06,1.7642974900721855e-05,1.913392027325415,0.0,0.0,0.0
3976,2774,-283.81845,391.7737,-0.011185989,0.0,-0.0,0.0,0.0,7.3782964150265515e-06,1.7642974900721855e-05,1.913392027325415,0.0,0.0,0.0
3977,2774,-283.81845,391.7737,-0.011185989,0.0,-0.0,0.0,0.0,7.3782964150265515e-06,1.7642974900721855e-05,1.913392027325415,0.0,0.0,0.0
3978,2774,-283.81845,391.7737,-0.011185989,0.0,-0.0,0.0,0.0,7.3782964150265515e-06,1.7642974900721855e-05,1.913392027325415,0.0,0.0,0.0
3979,2774,-283.81845,391.7737,-0.011185989,0.0,-0.0,0.0,0.0,7.3782964150265515e-06,1.7642974900721855e-05,1.913392027325415,0.0,0.0,0.0
3980,2774,-283.81845,391.7737,-0.011185989,0.0,-0.0,0.0,0.0,7.3782964150265515e-06,1.7642974900721855e-05,1.913392027325415,0.0,0.0,0.0
3981,2774,-283.81845,391.7737,-0.011185989,0.0,-0.0,0.0,0.0,7.3782964150265515e-06,1.7642974900721855e-05,1.913392027325415,0.0,0.0,0.0
3982,2774,-283.81845,391.7737,-0.011185989,0.0,-0.0,0.0,0.0,7.3782964150265515e-06,1.7642974900721855e-05,1.913392027325415,0.0,0.0,0.0
3983,2774,-283.81845,391.7737,-0.011185989,0.0,-0.0,0.0,0.0,7.3782964150265515e-06,1.7642974900721855e-05,1.913392027325415,0.0,0.0,0.0
3984,2774,-283.81845,391.7737,-0.011185989,0.0,-0.0,0.0,0.0,7.3782964150265515e-06,1.7642974900721855e-05,1.913392027325415,0.0,0.0,0.0
3985,2774,-283.81845,391.7737,-0.011185989,0.0,-0.0,0.0,0.0,7.3782964150265515e-06,1.7642974900721855e-05,1.913392027325415,0.0,0.0,0.0
3986,2774,-283.81845,391.7737,-0.011185989,0.0,-0.0,0.0,0.0,7.3782964150265515e-06,1.7642974900721855e-05,1.913392027325415,0.0,0.0,0.0
3987,2774,-283.81845,391.7737,-0.011185989,0.0,-0.0,0.0,0.0,7.3782964150265515e-06,1.7642974900721855e-05,1.913392027325415,0.0,0.0,0.0
3988,2774,-283.81845,391.7737,-0.011185989,0.0,-0.0,0.0,0.0,7.3782964150265515e-06,1.7642974900721855e-05,1.913392027325415,0.0,0.0,0.0
3989,2774,-283.81845,391.7737,-0.011185989,0.0,-0.0,0.0,0.0,7.3782964150265515e-06,1.7642974900721855e-05,1.913392027325415,0.0,0.0,0.0
3990,2774,-283.81845,391.7737,-0.011185989,0.0,-0.0,0.0,0.0,7.3782964150265515e-06,1.7642974900721855e-05,1.913392027325415,0.0,0.0,0.0
3991,2774,-283.81845,391.7737,-0.011185989,0.0,-0.0,0.0,0.0,7.3782964150265515e-06,1.7642974900721855e-05,1.913392027325415,0.0,0.0,0.0
3992,2774,-283.81845,391.7737,-0.011185989,0.0,-0.0,0.0,0.0,7.3782964150265515e-06,1.7642974900721855e-05,1.913392027325415,0.0,0.0,0.0
3993,2774,-283.81845,391.7737,-0.011185989,0.0,-0.0,0.0,0.0,7.3782964150265515e-06,1.7642974900721855e-05,1.913392027325415,0.0,0.0,0.0
3994,2774,-283.81845,391.7737,-0.011185989,0.0,-0.0,0.0,0.0,7.3782964150265515e-06,1.7642974900721855e-05,1.913392027325415,0.0,0.0,0.0
3995,2774,-283.81845,391.7737,-0.011185989,0.0,-0.0,0.0,0.0,7.3782964150265515e-06,1.7642974900721855e-05,1.913392027325415,0.0,0.0,0.0
3996,2774,-283.81845,391.7737,-0.011185989,0.0,-0.0,0.0,0.0,7.3782964150265515e-06,1.7642974900721855e-05,1.913392027325415,0.0,0.0,0.0
3997,2774,-283.81845,391.7737,-0.011185989,0.0,-0.0,0.0,0.0,7.3782964150265515e-06,1.7642974900721855e-05,1.913392027325415,0.0,0.0,0.0
3998,2774,-283.81845,391.7737,-0.011185989,0.0,-0.0,0.0,0.0,7.3782964150265515e-06,1.7642974900721855e-05,1.913392027325415,0.0,0.0,0.0
3999,2774,-283.81845,391.7737,-0.011185989,0.0,-0.0,0.0,0.0,7.3782964150265515e-06,1.7642974900721855e-05,1.913392027325415,0.0,0.0,0.0
4000,2774,-283.81845,391.7737,-0.011185989,0.0,-0.0,0.0,0.0,7.3782964150265515e-06,1.7642974900721855e-05,1.913392027325415,0.0,0.0,0.0
4001,2774,-283.81845,391.7737,-0.011185989,0.0,-0.0,0.0,0.0,7.3782964150265515e-06,1.7642974900721855e-05,1.913392027325415,0.0,0.0,0.0
4002,2774,-283.81845,391.7737,-0.011185989,0.0,-0.0,0.0,0.0,7.3782964150265515e-06,1.7642974900721855e-05,1.913392027325415,0.0,0.0,0.0
4003,2774,-283.81845,391.7737,-0.011185989,0.0,-0.0,0.0,0.0,7.3782964150265515e-06,1.7642974900721855e-05,1.913392027325415,0.0,0.0,0.0
4004,2774,-283.81845,391.7737,-0.011185989,0.0,-0.0,0.0,0.0,7.3782964150265515e-06,1.7642974900721855e-05,1.913392027325415,0.0,0.0,0.0
4005,2774,-283.81845,391.7737,-0.011185989,0.0,-0.0,0.0,0.0,7.3782964150265515e-06,1.7642974900721855e-05,1.913392027325415,0.0,0.0,0.0
4006,2774,-283.81845,391.7737,-0.011185989,0.0,-0.0,0.0,0.0,7.3782964150265515e-06,1.7642974900721855e-05,1.913392027325415,0.0,0.0,0.0
4007,2774,-283.81845,391.7737,-0.011185989,0.0,-0.0,0.0,0.0,7.3782964150265515e-06,1.7642974900721855e-05,1.913392027325415,0.0,0.0,0.0
4008,2774,-283.81845,391.7737,-0.011185989,0.0,-0.0,0.0,0.0,7.3782964150265515e-06,1.7642974900721855e-05,1.913392027325415,0.0,0.0,0.0
4009,2774,-283.81845,391.7737,-0.011185989,0.0,-0.0,0.0,0.0,7.3782964150265515e-06,1.7642974900721855e-05,1.913392027325415,0.0,0.0,0.0
4010,2774,-283.81845,391.7737,-0.011185989,0.0,-0.0,0.0,0.0,7.3782964150265515e-06,1.7642974900721855e-05,1.913392027325415,0.0,0.0,0.0
4011,2774,-283.81845,391.7737,-0.011185989,0.0,-0.0,0.0,0.0,7.3782964150265515e-06,1.7642974900721855e-05,1.913392027325415,0.0,0.0,0.0
4012,2774,-283.81845,391.7737,-0.011185989,0.0,-0.0,0.0,0.0,7.3782964150265515e-06,1.7642974900721855e-05,1.913392027325415,0.0,0.0,0.0
4013,2774,-283.81845,391.7737,-0.011185989,0.0,-0.0,0.0,0.0,7.3782964150265515e-06,1.7642974900721855e-05,1.913392027325415,0.0,0.0,0.0
4014,2774,-283.81845,391.7737,-0.011185989,0.0,-0.0,0.0,0.0,7.3782964150265515e-06,1.7642974900721855e-05,1.913392027325415,0.0,0.0,0.0
4015,2774,-283.81845,391.7737,-0.011185989,0.0,-0.0,0.0,0.0,7.3782964150265515e-06,1.7642974900721855e-05,1.913392027325415,0.0,0.0,0.0
4016,2774,-283.81845,391.7737,-0.011185989,0.0,-0.0,0.0,0.0,7.3782964150265515e-06,1.7642974900721855e-05,1.913392027325415,0.0,0.0,0.0
4017,2774,-283.81845,391.7737,-0.011185989,0.0,-0.0,0.0,0.0,7.3782964150265515e-06,1.7642974900721855e-05,1.913392027325415,0.0,0.0,0.0
4018,2774,-283.81845,391.7737,-0.011185989,0.0,-0.0,0.0,0.0,7.3782964150265515e-06,1.7642974900721855e-05,1.913392027325415,0.0,0.0,0.0
4019,2774,-283.81845,391.7737,-0.011185989,0.0,-0.0,0.0,0.0,7.3782964150265515e-06,1.7642974900721855e-05,1.913392027325415,0.0,0.0,0.0
4020,2774,-283.81845,391.7737,-0.011185989,0.0,-0.0,0.0,0.0,7.3782964150265515e-06,1.7642974900721855e-05,1.913392027325415,0.0,0.0,0.0
4021,2774,-283.81845,391.7737,-0.011185989,0.0,-0.0,0.0,0.0,7.3782964150265515e-06,1.7642974900721855e-05,1.913392027325415,0.0,0.0,0.0
4022,2774,-283.81845,391.7737,-0.011185989,0.0,-0.0,0.0,0.0,7.3782964150265515e-06,1.7642974900721855e-05,1.913392027325415,0.0,0.0,0.0
4023,2774,-283.81845,391.7737,-0.011185989,0.0,-0.0,0.0,0.0,7.3782964150265515e-06,1.7642974900721855e-05,1.913392027325415,0.0,0.0,0.0
4024,2774,-283.81845,391.7737,-0.011185989,0.0,-0.0,0.0,0.0,7.3782964150265515e-06,1.7642974900721855e-05,1.913392027325415,0.0,0.0,0.0
4025,2774,-283.81845,391.7737,-0.011185989,0.0,-0.0,0.0,0.0,7.3782964150265515e-06,1.7642974900721855e-05,1.913392027325415,0.0,0.0,0.0
4026,2774,-283.81845,391.7737,-0.011185989,0.0,-0.0,0.0,0.0,7.3782964150265515e-06,1.7642974900721855e-05,1.913392027325415,0.0,0.0,0.0
4027,2774,-283.81845,391.7737,-0.011185989,0.0,-0.0,0.0,0.0,7.3782964150265515e-06,1.7642974900721855e-05,1.913392027325415,0.0,0.0,0.0
4028,2774,-283.81845,391.7737,-0.011185989,0.0,-0.0,0.0,0.0,7.3782964150265515e-06,1.7642974900721855e-05,1.913392027325415,0.0,0.0,0.0
4029,2774,-283.81845,391.7737,-0.011185989,0.0,-0.0,0.0,0.0,7.3782964150265515e-06,1.7642974900721855e-05,1.913392027325415,0.0,0.0,0.0
4030,2774,-283.81845,391.7737,-0.011185989,0.0,-0.0,0.0,0.0,7.3782964150265515e-06,1.7642974900721855e-05,1.913392027325415,0.0,0.0,0.0
4031,2774,-283.81845,391.7737,-0.011185989,0.0,-0.0,0.0,0.0,7.3782964150265515e-06,1.7642974900721855e-05,1.913392027325415,0.0,0.0,0.0
4032,2774,-283.81845,391.7737,-0.011185989,0.0,-0.0,0.0,0.0,7.3782964150265515e-06,1.7642974900721855e-05,1.913392027325415,0.0,0.0,0.0
4033,2774,-283.81845,391.7737,-0.011185989,0.0,-0.0,0.0,0.0,7.3782964150265515e-06,1.7642974900721855e-05,1.913392027325415,0.0,0.0,0.0
4034,2774,-283.81845,391.7737,-0.011185989,0.0,-0.0,0.0,0.0,7.3782964150265515e-06,1.7642974900721855e-05,1.913392027325415,0.0,0.0,0.0
4035,2774,-283.81845,391.7737,-0.011185989,0.0,-0.0,0.0,0.0,7.3782964150265515e-06,1.7642974900721855e-05,1.913392027325415,0.0,0.0,0.0
4036,2774,-283.81845,391.7737,-0.011185989,0.0,-0.0,0.0,0.0,7.3782964150265515e-06,1.7642974900721855e-05,1.913392027325415,0.0,0.0,0.0
4037,2774,-283.81845,391.7737,-0.011185989,0.0,-0.0,0.0,0.0,7.3782964150265515e-06,1.7642974900721855e-05,1.913392027325415,0.0,0.0,0.0
4038,2774,-283.81845,391.7737,-0.011185989,0.0,-0.0,0.0,0.0,7.3782964150265515e-06,1.7642974900721855e-05,1.913392027325415,0.0,0.0,0.0
4039,2774,-283.81845,391.7737,-0.011185989,0.0,-0.0,0.0,0.0,7.3782964150265515e-06,1.7642974900721855e-05,1.913392027325415,0.0,0.0,0.0
4040,2774,-283.81845,391.7737,-0.011185989,0.0,-0.0,0.0,0.0,7.3782964150265515e-06,1.7642974900721855e-05,1.913392027325415,0.0,0.0,0.0
4041,2774,-283.81845,391.7737,-0.011185989,0.0,-0.0,0.0,0.0,7.3782964150265515e-06,1.7642974900721855e-05,1.913392027325415,0.0,0.0,0.0
4042,2774,-283.81845,391.7737,-0.011185989,0.0,-0.0,0.0,0.0,7.3782964150265515e-06,1.7642974900721855e-05,1.913392027325415,0.0,0.0,0.0
4043,2774,-283.81845,391.7737,-0.011185989,0.0,-0.0,0.0,0.0,7.3782964150265515e-06,1.7642974900721855e-05,1.913392027325415,0.0,0.0,0.0
4044,2774,-283.81845,391.7737,-0.011185989,0.0,-0.0,0.0,0.0,7.3782964150265515e-06,1.7642974900721855e-05,1.913392027325415,0.0,0.0,0.0
4045,2774,-283.81845,391.7737,-0.011185989,0.0,-0.0,0.0,0.0,7.3782964150265515e-06,1.7642974900721855e-05,1.913392027325415,0.0,0.0,0.0
4046,2774,-283.81845,391.7737,-0.011185989,0.0,-0.0,0.0,0.0,7.3782964150265515e-06,1.7642974900721855e-05,1.913392027325415,0.0,0.0,0.0
4047,2774,-283.81845,391.7737,-0.011185989,0.0,-0.0,0.0,0.0,7.3782964150265515e-06,1.7642974900721855e-05,1.913392027325415,0.0,0.0,0.0
4048,2774,-283.81845,391.7737,-0.011185989,0.0,-0.0,0.0,0.0,7.3782964150265515e-06,1.7642974900721855e-05,1.913392027325415,0.0,0.0,0.0
4049,2774,-283.81845,391.7737,-0.011185989,0.0,-0.0,0.0,0.0,7.3782964150265515e-06,1.7642974900721855e-05,1.913392027325415,0.0,0.0,0.0
4050,2774,-283.81845,391.7737,-0.011185989,0.0,-0.0,0.0,0.0,7.3782964150265515e-06,1.7642974900721855e-05,1.913392027325415,0.0,0.0,0.0
4051,2774,-283.81845,391.7737,-0.011185989,0.0,-0.0,0.0,0.0,7.3782964150265515e-06,1.7642974900721855e-05,1.913392027325415,0.0,0.0,0.0
4052,2774,-283.81845,391.7737,-0.011185989,0.0,-0.0,0.0,0.0,7.3782964150265515e-06,1.7642974900721855e-05,1.913392027325415,0.0,0.0,0.0
4053,2774,-283.81845,391.7737,-0.011185989,0.0,-0.0,0.0,0.0,7.3782964150265515e-06,1.7642974900721855e-05,1.913392027325415,0.0,0.0,0.0
4054,2774,-283.81845,391.7737,-0.011185989,0.0,-0.0,0.0,0.0,7.3782964150265515e-06,1.7642974900721855e-05,1.913392027325415,0.0,0.0,0.0
4055,2774,-283.81845,391.7737,-0.011185989,0.0,-0.0,0.0,0.0,7.3782964150265515e-06,1.7642974900721855e-05,1.913392027325415,0.0,0.0,0.0
4056,2774,-283.81845,391.7737,-0.011185989,0.0,-0.0,0.0,0.0,7.3782964150265515e-06,1.7642974900721855e-05,1.913392027325415,0.0,0.0,0.0
4057,2774,-283.81845,391.7737,-0.011185989,0.0,-0.0,0.0,0.0,7.3782964150265515e-06,1.7642974900721855e-05,1.913392027325415,0.0,0.0,0.0
4058,2774,-283.81845,391.7737,-0.011185989,0.0,-0.0,0.0,0.0,7.3782964150265515e-06,1.7642974900721855e-05,1.913392027325415,0.0,0.0,0.0
4059,2774,-283.81845,391.7737,-0.011185989,0.0,-0.0,0.0,0.0,7.3782964150265515e-06,1.7642974900721855e-05,1.913392027325415,0.0,0.0,0.0
4060,2774,-283.81845,391.7737,-0.011185989,0.0,-0.0,0.0,0.0,7.3782964150265515e-06,1.7642974900721855e-05,1.913392027325415,0.0,0.0,0.0
4061,2774,-283.81845,391.7737,-0.011185989,0.0,-0.0,0.0,0.0,7.3782964150265515e-06,1.7642974900721855e-05,1.913392027325415,0.0,0.0,0.0
4062,2774,-283.81845,391.7737,-0.011185989,0.0,-0.0,0.0,0.0,7.3782964150265515e-06,1.7642974900721855e-05,1.913392027325415,0.0,0.0,0.0
4063,2774,-283.81845,391.7737,-0.011185989,0.0,-0.0,0.0,0.0,7.3782964150265515e-06,1.7642974900721855e-05,1.913392027325415,0.0,0.0,0.0
4064,2774,-283.81845,391.7737,-0.011185989,0.0,-0.0,0.0,0.0,7.3782964150265515e-06,1.7642974900721855e-05,1.913392027325415,0.0,0.0,0.0
4065,2774,-283.81845,391.7737,-0.011185989,0.0,-0.0,0.0,0.0,7.3782964150265515e-06,1.7642974900721855e-05,1.913392027325415,0.0,0.0,0.0
4066,2774,-283.81845,391.7737,-0.011185989,0.0,-0.0,0.0,0.0,7.3782964150265515e-06,1.7642974900721855e-05,1.913392027325415,0.0,0.0,0.0
4067,2774,-283.81845,391.7737,-0.011185989,0.0,-0.0,0.0,0.0,7.3782964150265515e-06,1.7642974900721855e-05,1.913392027325415,0.0,0.0,0.0
4068,2774,-283.81845,391.7737,-0.011185989,0.0,-0.0,0.0,0.0,7.3782964150265515e-06,1.7642974900721855e-05,1.913392027325415,0.0,0.0,0.0
4069,2774,-283.81845,391.7737,-0.011185989,0.0,-0.0,0.0,0.0,7.3782964150265515e-06,1.7642974900721855e-05,1.913392027325415,0.0,0.0,0.0
4070,2774,-283.81845,391.7737,-0.011185989,0.0,-0.0,0.0,0.0,7.3782964150265515e-06,1.7642974900721855e-05,1.913392027325415,0.0,0.0,0.0
4071,2774,-283.81845,391.7737,-0.011185989,0.0,-0.0,0.0,0.0,7.3782964150265515e-06,1.7642974900721855e-05,1.913392027325415,0.0,0.0,0.0
4072,2774,-283.81845,391.7737,-0.011185989,0.0,-0.0,0.0,0.0,7.3782964150265515e-06,1.7642974900721855e-05,1.913392027325415,0.0,0.0,0.0
4073,2774,-283.81845,391.7737,-0.011185989,0.0,-0.0,0.0,0.0,7.3782964150265515e-06,1.7642974900721855e-05,1.913392027325415,0.0,0.0,0.0
4074,2774,-283.81845,391.7737,-0.011185989,0.0,-0.0,0.0,0.0,7.3782964150265515e-06,1.7642974900721855e-05,1.913392027325415,0.0,0.0,0.0
4075,2774,-283.81845,391.7737,-0.011185989,0.0,-0.0,0.0,0.0,7.3782964150265515e-06,1.7642974900721855e-05,1.913392027325415,0.0,0.0,0.0
4076,2774,-283.81845,391.7737,-0.011185989,0.0,-0.0,0.0,0.0,7.3782964150265515e-06,1.7642974900721855e-05,1.913392027325415,0.0,0.0,0.0
4077,2774,-283.81845,391.7737,-0.011185989,0.0,-0.0,0.0,0.0,7.3782964150265515e-06,1.7642974900721855e-05,1.913392027325415,0.0,0.0,0.0
4078,2774,-283.81845,391.7737,-0.011185989,0.0,-0.0,0.0,0.0,7.3782964150265515e-06,1.7642974900721855e-05,1.913392027325415,0.0,0.0,0.0
4079,2774,-283.81845,391.7737,-0.011185989,0.0,-0.0,0.0,0.0,7.3782964150265515e-06,1.7642974900721855e-05,1.913392027325415,0.0,0.0,0.0
4080,2774,-283.81845,391.7737,-0.011185989,0.0,-0.0,0.0,0.0,7.3782964150265515e-06,1.7642974900721855e-05,1.913392027325415,0.0,0.0,0.0
4081,2774,-283.81845,391.7737,-0.011185989,0.0,-0.0,0.0,0.0,7.3782964150265515e-06,1.7642974900721855e-05,1.913392027325415,0.0,0.0,0.0
4082,2774,-283.81845,391.7737,-0.011185989,0.0,-0.0,0.0,0.0,7.3782964150265515e-06,1.7642974900721855e-05,1.913392027325415,0.0,0.0,0.0
4083,2774,-283.81845,391.7737,-0.011185989,0.0,-0.0,0.0,0.0,7.3782964150265515e-06,1.7642974900721855e-05,1.913392027325415,0.0,0.0,0.0
4084,2774,-283.81845,391.7737,-0.011185989,0.0,-0.0,0.0,0.0,7.3782964150265515e-06,1.7642974900721855e-05,1.913392027325415,0.0,0.0,0.0
4085,2774,-283.81845,391.7737,-0.011185989,0.0,-0.0,0.0,0.0,7.3782964150265515e-06,1.7642974900721855e-05,1.913392027325415,0.0,0.0,0.0
4086,2774,-283.81845,391.7737,-0.011185989,0.0,-0.0,0.0,0.0,7.3782964150265515e-06,1.7642974900721855e-05,1.913392027325415,0.0,0.0,0.0
4087,2774,-283.81845,391.7737,-0.011185989,0.0,-0.0,0.0,0.0,7.3782964150265515e-06,1.7642974900721855e-05,1.913392027325415,0.0,0.0,0.0
4088,2774,-283.81845,391.7737,-0.011185989,0.0,-0.0,0.0,0.0,7.3782964150265515e-06,1.7642974900721855e-05,1.913392027325415,0.0,0.0,0.0
4089,2774,-283.81845,391.7737,-0.011185989,0.0,-0.0,0.0,0.0,7.3782964150265515e-06,1.7642974900721855e-05,1.913392027325415,0.0,0.0,0.0
4090,2774,-283.81845,391.7737,-0.011185989,0.0,-0.0,0.0,0.0,7.3782964150265515e-06,1.7642974900721855e-05,1.913392027325415,0.0,0.0,0.0
4091,2774,-283.81845,391.7737,-0.011185989,0.0,-0.0,0.0,0.0,7.3782964150265515e-06,1.7642974900721855e-05,1.913392027325415,0.0,0.0,0.0
4092,2774,-283.81845,391.7737,-0.011185989,0.0,-0.0,0.0,0.0,7.3782964150265515e-06,1.7642974900721855e-05,1.913392027325415,0.0,0.0,0.0
4093,2774,-283.81845,391.7737,-0.011185989,0.0,-0.0,0.0,0.0,7.3782964150265515e-06,1.7642974900721855e-05,1.913392027325415,0.0,0.0,0.0
4094,2774,-283.81845,391.7737,-0.011185989,0.0,-0.0,0.0,0.0,7.3782964150265515e-06,1.7642974900721855e-05,1.913392027325415,0.0,0.0,0.0
4095,2774,-283.81845,391.7737,-0.011185989,0.0,-0.0,0.0,0.0,7.3782964150265515e-06,1.7642974900721855e-05,1.913392027325415,0.0,0.0,0.0
4096,2774,-283.81845,391.7737,-0.011185989,0.0,-0.0,0.0,0.0,7.3782964150265515e-06,1.7642974900721855e-05,1.913392027325415,0.0,0.0,0.0
4097,2774,-283.81845,391.7737,-0.011185989,0.0,-0.0,0.0,0.0,7.3782964150265515e-06,1.7642974900721855e-05,1.913392027325415,0.0,0.0,0.0
4098,2774,-283.81845,391.7737,-0.011185989,0.0,-0.0,0.0,0.0,7.3782964150265515e-06,1.7642974900721855e-05,1.913392027325415,0.0,0.0,0.0
4099,2774,-283.81845,391.7737,-0.011185989,0.0,-0.0,0.0,0.0,7.3782964150265515e-06,1.7642974900721855e-05,1.913392027325415,0.0,0.0,0.0
4100,2774,-283.81845,391.7737,-0.011185989,0.0,-0.0,0.0,0.0,7.3782964150265515e-06,1.7642974900721855e-05,1.913392027325415,0.0,0.0,0.0
4101,2774,-283.81845,391.7737,-0.011185989,0.0,-0.0,0.0,0.0,7.3782964150265515e-06,1.7642974900721855e-05,1.913392027325415,0.0,0.0,0.0
4102,2774,-283.81845,391.7737,-0.011185989,0.0,-0.0,0.0,0.0,7.3782964150265515e-06,1.7642974900721855e-05,1.913392027325415,0.0,0.0,0.0
4103,2774,-283.81845,391.7737,-0.011185989,0.0,-0.0,0.0,0.0,7.3782964150265515e-06,1.7642974900721855e-05,1.913392027325415,0.0,0.0,0.0
4104,2774,-283.81845,391.7737,-0.011185989,0.0,-0.0,0.0,0.0,7.3782964150265515e-06,1.7642974900721855e-05,1.913392027325415,0.0,0.0,0.0
4105,2774,-283.81845,391.7737,-0.011185989,0.0,-0.0,0.0,0.0,7.3782964150265515e-06,1.7642974900721855e-05,1.913392027325415,0.0,0.0,0.0
4106,2774,-283.81845,391.7737,-0.011185989,0.0,-0.0,0.0,0.0,7.3782964150265515e-06,1.7642974900721855e-05,1.913392027325415,0.0,0.0,0.0
4107,2774,-283.81845,391.7737,-0.011185989,0.0,-0.0,0.0,0.0,7.3782964150265515e-06,1.7642974900721855e-05,1.913392027325415,0.0,0.0,0.0
4108,2774,-283.81845,391.7737,-0.011185989,0.0,-0.0,0.0,0.0,7.3782964150265515e-06,1.7642974900721855e-05,1.913392027325415,0.0,0.0,0.0
4109,2774,-283.81845,391.7737,-0.011185989,0.0,-0.0,0.0,0.0,7.3782964150265515e-06,1.7642974900721855e-05,1.913392027325415,0.0,0.0,0.0
4110,2774,-283.81845,391.7737,-0.011185989,0.0,-0.0,0.0,0.0,7.3782964150265515e-06,1.7642974900721855e-05,1.913392027325415,0.0,0.0,0.0
4111,2774,-283.81845,391.7737,-0.011185989,0.0,-0.0,0.0,0.0,7.3782964150265515e-06,1.7642974900721855e-05,1.913392027325415,0.0,0.0,0.0
4112,2774,-283.81845,391.7737,-0.011185989,0.0,-0.0,0.0,0.0,7.3782964150265515e-06,1.7642974900721855e-05,1.913392027325415,0.0,0.0,0.0
4113,2774,-283.81845,391.7737,-0.011185989,0.0,-0.0,0.0,0.0,7.3782964150265515e-06,1.7642974900721855e-05,1.913392027325415,0.0,0.0,0.0
4114,2774,-283.81845,391.7737,-0.011185989,0.0,-0.0,0.0,0.0,7.3782964150265515e-06,1.7642974900721855e-05,1.913392027325415,0.0,0.0,0.0
4115,2774,-283.81845,391.7737,-0.011185989,0.0,-0.0,0.0,0.0,7.3782964150265515e-06,1.7642974900721855e-05,1.913392027325415,0.0,0.0,0.0
4116,2774,-283.81845,391.7737,-0.011185989,0.0,-0.0,0.0,0.0,7.3782964150265515e-06,1.7642974900721855e-05,1.913392027325415,0.0,0.0,0.0
4117,2774,-283.81845,391.7737,-0.011185989,0.0,-0.0,0.0,0.0,7.3782964150265515e-06,1.7642974900721855e-05,1.913392027325415,0.0,0.0,0.0
4118,2774,-283.81845,391.7737,-0.011185989,0.0,-0.0,0.0,0.0,7.3782964150265515e-06,1.7642974900721855e-05,1.913392027325415,0.0,0.0,0.0
4119,2774,-283.81845,391.7737,-0.011185989,0.0,-0.0,0.0,0.0,7.3782964150265515e-06,1.7642974900721855e-05,1.913392027325415,0.0,0.0,0.0
4120,2774,-283.81845,391.7737,-0.011185989,0.0,-0.0,0.0,0.0,7.3782964150265515e-06,1.7642974900721855e-05,1.913392027325415,0.0,0.0,0.0
4121,2774,-283.81845,391.7737,-0.011185989,0.0,-0.0,0.0,0.0,7.3782964150265515e-06,1.7642974900721855e-05,1.913392027325415,0.0,0.0,0.0
4122,2774,-283.81845,391.7737,-0.011185989,0.0,-0.0,0.0,0.0,7.3782964150265515e-06,1.7642974900721855e-05,1.913392027325415,0.0,0.0,0.0
4123,2774,-283.81845,391.7737,-0.011185989,0.0,-0.0,0.0,0.0,7.3782964150265515e-06,1.7642974900721855e-05,1.913392027325415,0.0,0.0,0.0
4124,2774,-283.81845,391.7737,-0.011185989,0.0,-0.0,0.0,0.0,7.3782964150265515e-06,1.7642974900721855e-05,1.913392027325415,0.0,0.0,0.0
4125,2774,-283.81845,391.7737,-0.011185989,0.0,-0.0,0.0,0.0,7.3782964150265515e-06,1.7642974900721855e-05,1.913392027325415,0.0,0.0,0.0
4126,2774,-283.81845,391.7737,-0.011185989,0.0,-0.0,0.0,0.0,7.3782964150265515e-06,1.7642974900721855e-05,1.913392027325415,0.0,0.0,0.0
4127,2774,-283.81845,391.7737,-0.011185989,0.0,-0.0,0.0,0.0,7.3782964150265515e-06,1.7642974900721855e-05,1.913392027325415,0.0,0.0,0.0
4128,2774,-283.81845,391.7737,-0.011185989,0.0,-0.0,0.0,0.0,7.3782964150265515e-06,1.7642974900721855e-05,1.913392027325415,0.0,0.0,0.0
4129,2774,-283.81845,391.7737,-0.011185989,0.0,-0.0,0.0,0.0,7.3782964150265515e-06,1.7642974900721855e-05,1.913392027325415,0.0,0.0,0.0
4130,2774,-283.81845,391.7737,-0.011185989,0.0,-0.0,0.0,0.0,7.3782964150265515e-06,1.7642974900721855e-05,1.913392027325415,0.0,0.0,0.0
4131,2774,-283.81845,391.7737,-0.011185989,0.0,-0.0,0.0,0.0,7.3782964150265515e-06,1.7642974900721855e-05,1.913392027325415,0.0,0.0,0.0
4132,2774,-283.81845,391.7737,-0.011185989,0.0,-0.0,0.0,0.0,7.3782964150265515e-06,1.7642974900721855e-05,1.913392027325415,0.0,0.0,0.0
4133,2774,-283.81845,391.7737,-0.011185989,0.0,-0.0,0.0,0.0,7.3782964150265515e-06,1.7642974900721855e-05,1.913392027325415,0.0,0.0,0.0
4134,2774,-283.81845,391.7737,-0.011185989,0.0,-0.0,0.0,0.0,7.3782964150265515e-06,1.7642974900721855e-05,1.913392027325415,0.0,0.0,0.0
4135,2774,-283.81845,391.7737,-0.011185989,0.0,-0.0,0.0,0.0,7.3782964150265515e-06,1.7642974900721855e-05,1.913392027325415,0.0,0.0,0.0
4136,2774,-283.81845,391.7737,-0.011185989,0.0,-0.0,0.0,0.0,7.3782964150265515e-06,1.7642974900721855e-05,1.913392027325415,0.0,0.0,0.0
4137,2774,-283.81845,391.7737,-0.011185989,0.0,-0.0,0.0,0.0,7.3782964150265515e-06,1.7642974900721855e-05,1.913392027325415,0.0,0.0,0.0
4138,2774,-283.81845,391.7737,-0.011185989,0.0,-0.0,0.0,0.0,7.3782964150265515e-06,1.7642974900721855e-05,1.913392027325415,0.0,0.0,0.0
4139,2774,-283.81845,391.7737,-0.011185989,0.0,-0.0,0.0,0.0,7.3782964150265515e-06,1.7642974900721855e-05,1.913392027325415,0.0,0.0,0.0
4140,2774,-283.81845,391.7737,-0.011185989,0.0,-0.0,0.0,0.0,7.3782964150265515e-06,1.7642974900721855e-05,1.913392027325415,0.0,0.0,0.0
4141,2774,-283.81845,391.7737,-0.011185989,0.0,-0.0,0.0,0.0,7.3782964150265515e-06,1.7642974900721855e-05,1.913392027325415,0.0,0.0,0.0
4142,2774,-283.81845,391.7737,-0.011185989,0.0,-0.0,0.0,0.0,7.3782964150265515e-06,1.7642974900721855e-05,1.913392027325415,0.0,0.0,0.0
4143,2774,-283.81845,391.7737,-0.011185989,0.0,-0.0,0.0,0.0,7.3782964150265515e-06,1.7642974900721855e-05,1.913392027325415,0.0,0.0,0.0
4144,2774,-283.81845,391.7737,-0.011185989,0.0,-0.0,0.0,0.0,7.3782964150265515e-06,1.7642974900721855e-05,1.913392027325415,0.0,0.0,0.0
4145,2774,-283.81845,391.7737,-0.011185989,0.0,-0.0,0.0,0.0,7.3782964150265515e-06,1.7642974900721855e-05,1.913392027325415,0.0,0.0,0.0
4146,2774,-283.81845,391.7737,-0.011185989,0.0,-0.0,0.0,0.0,7.3782964150265515e-06,1.7642974900721855e-05,1.913392027325415,0.0,0.0,0.0
4147,2774,-283.81845,391.7737,-0.011185989,0.0,-0.0,0.0,0.0,7.3782964150265515e-06,1.7642974900721855e-05,1.913392027325415,0.0,0.0,0.0
4148,2774,-283.81845,391.7737,-0.011185989,0.0,-0.0,0.0,0.0,7.3782964150265515e-06,1.7642974900721855e-05,1.913392027325415,0.0,0.0,0.0
4149,2774,-283.81845,391.7737,-0.011185989,0.0,-0.0,0.0,0.0,7.3782964150265515e-06,1.7642974900721855e-05,1.913392027325415,0.0,0.0,0.0
4150,2774,-283.81845,391.7737,-0.011185989,0.0,-0.0,0.0,0.0,7.3782964150265515e-06,1.7642974900721855e-05,1.913392027325415,0.0,0.0,0.0
4151,2774,-283.81845,391.7737,-0.011185989,0.0,-0.0,0.0,0.0,7.3782964150265515e-06,1.7642974900721855e-05,1.913392027325415,0.0,0.0,0.0
4152,2774,-283.81845,391.7737,-0.011185989,0.0,-0.0,0.0,0.0,7.3782964150265515e-06,1.7642974900721855e-05,1.913392027325415,0.0,0.0,0.0
4153,2774,-283.81845,391.7737,-0.011185989,0.0,-0.0,0.0,0.0,7.3782964150265515e-06,1.7642974900721855e-05,1.913392027325415,0.0,0.0,0.0
4154,2774,-283.81845,391.7737,-0.011185989,0.0,-0.0,0.0,0.0,7.3782964150265515e-06,1.7642974900721855e-05,1.913392027325415,0.0,0.0,0.0
4155,2774,-283.81845,391.7737,-0.011185989,0.0,-0.0,0.0,0.0,7.3782964150265515e-06,1.7642974900721855e-05,1.913392027325415,0.0,0.0,0.0
4156,2774,-283.81845,391.7737,-0.011185989,0.0,-0.0,0.0,0.0,7.3782964150265515e-06,1.7642974900721855e-05,1.913392027325415,0.0,0.0,0.0
4157,2774,-283.81845,391.7737,-0.011185989,0.0,-0.0,0.0,0.0,7.3782964150265515e-06,1.7642974900721855e-05,1.913392027325415,0.0,0.0,0.0
4158,2774,-283.81845,391.7737,-0.011185989,0.0,-0.0,0.0,0.0,7.3782964150265515e-06,1.7642974900721855e-05,1.913392027325415,0.0,0.0,0.0
4159,2774,-283.81845,391.7737,-0.011185989,0.0,-0.0,0.0,0.0,7.3782964150265515e-06,1.7642974900721855e-05,1.913392027325415,0.0,0.0,0.0
4160,2774,-283.81845,391.7737,-0.011185989,0.0,-0.0,0.0,0.0,7.3782964150265515e-06,1.7642974900721855e-05,1.913392027325415,0.0,0.0,0.0
4161,2774,-283.81845,391.7737,-0.011185989,0.0,-0.0,0.0,0.0,7.3782964150265515e-06,1.7642974900721855e-05,1.913392027325415,0.0,0.0,0.0
4162,2774,-283.81845,391.7737,-0.011185989,0.0,-0.0,0.0,0.0,7.3782964150265515e-06,1.7642974900721855e-05,1.913392027325415,0.0,0.0,0.0
4163,2774,-283.81845,391.7737,-0.011185989,0.0,-0.0,0.0,0.0,7.3782964150265515e-06,1.7642974900721855e-05,1.913392027325415,0.0,0.0,0.0
4164,2774,-283.81845,391.7737,-0.011185989,0.0,-0.0,0.0,0.0,7.3782964150265515e-06,1.7642974900721855e-05,1.913392027325415,0.0,0.0,0.0
4165,2774,-283.81845,391.7737,-0.011185989,0.0,-0.0,0.0,0.0,7.3782964150265515e-06,1.7642974900721855e-05,1.913392027325415,0.0,0.0,0.0
4166,2774,-283.81845,391.7737,-0.011185989,0.0,-0.0,0.0,0.0,7.3782964150265515e-06,1.7642974900721855e-05,1.913392027325415,0.0,0.0,0.0
4167,2774,-283.81845,391.7737,-0.011185989,0.0,-0.0,0.0,0.0,7.3782964150265515e-06,1.7642974900721855e-05,1.913392027325415,0.0,0.0,0.0
4168,2774,-283.81845,391.7737,-0.011185989,0.0,-0.0,0.0,0.0,7.3782964150265515e-06,1.7642974900721855e-05,1.913392027325415,0.0,0.0,0.0
4169,2774,-283.81845,391.7737,-0.011185989,0.0,-0.0,0.0,0.0,7.3782964150265515e-06,1.7642974900721855e-05,1.913392027325415,0.0,0.0,0.0
4170,2774,-283.81845,391.7737,-0.011185989,0.0,-0.0,0.0,0.0,7.3782964150265515e-06,1.7642974900721855e-05,1.913392027325415,0.0,0.0,0.0
4171,2774,-283.81845,391.7737,-0.011185989,0.0,-0.0,0.0,0.0,7.3782964150265515e-06,1.7642974900721855e-05,1.913392027325415,0.0,0.0,0.0
4172,2774,-283.81845,391.7737,-0.011185989,0.0,-0.0,0.0,0.0,7.3782964150265515e-06,1.7642974900721855e-05,1.913392027325415,0.0,0.0,0.0
4173,2774,-283.81845,391.7737,-0.011185989,0.0,-0.0,0.0,0.0,7.3782964150265515e-06,1.7642974900721855e-05,1.913392027325415,0.0,0.0,0.0
4174,2774,-283.81845,391.7737,-0.011185989,0.0,-0.0,0.0,0.0,7.3782964150265515e-06,1.7642974900721855e-05,1.913392027325415,0.0,0.0,0.0
4175,2774,-283.81845,391.7737,-0.011185989,0.0,-0.0,0.0,0.0,7.3782964150265515e-06,1.7642974900721855e-05,1.913392027325415,0.0,0.0,0.0
4176,2774,-283.81845,391.7737,-0.011185989,0.0,-0.0,0.0,0.0,7.3782964150265515e-06,1.7642974900721855e-05,1.913392027325415,0.0,0.0,0.0
4177,2774,-283.81845,391.7737,-0.011185989,0.0,-0.0,0.0,0.0,7.3782964150265515e-06,1.7642974900721855e-05,1.913392027325415,0.0,0.0,0.0
4178,2774,-283.81845,391.7737,-0.011185989,0.0,-0.0,0.0,0.0,7.3782964150265515e-06,1.7642974900721855e-05,1.913392027325415,0.0,0.0,0.0
4179,2774,-283.81845,391.7737,-0.011185989,0.0,-0.0,0.0,0.0,7.3782964150265515e-06,1.7642974900721855e-05,1.913392027325415,0.0,0.0,0.0
4180,2774,-283.81845,391.7737,-0.011185989,0.0,-0.0,0.0,0.0,7.3782964150265515e-06,1.7642974900721855e-05,1.913392027325415,0.0,0.0,0.0
4181,2774,-283.81845,391.7737,-0.011185989,0.0,-0.0,0.0,0.0,7.3782964150265515e-06,1.7642974900721855e-05,1.913392027325415,0.0,0.0,0.0
4182,2774,-283.81845,391.7737,-0.011185989,0.0,-0.0,0.0,0.0,7.3782964150265515e-06,1.7642974900721855e-05,1.913392027325415,0.0,0.0,0.0
4183,2774,-283.81845,391.7737,-0.011185989,0.0,-0.0,0.0,0.0,7.3782964150265515e-06,1.7642974900721855e-05,1.913392027325415,0.0,0.0,0.0
4184,2774,-283.81845,391.7737,-0.011185989,0.0,-0.0,0.0,0.0,7.3782964150265515e-06,1.7642974900721855e-05,1.913392027325415,0.0,0.0,0.0
4185,2774,-283.81845,391.7737,-0.011185989,0.0,-0.0,0.0,0.0,7.3782964150265515e-06,1.7642974900721855e-05,1.913392027325415,0.0,0.0,0.0
4186,2774,-283.81845,391.7737,-0.011185989,0.0,-0.0,0.0,0.0,7.3782964150265515e-06,1.7642974900721855e-05,1.913392027325415,0.0,0.0,0.0
4187,2774,-283.81845,391.7737,-0.011185989,0.0,-0.0,0.0,0.0,7.3782964150265515e-06,1.7642974900721855e-05,1.913392027325415,0.0,0.0,0.0
4188,2774,-283.81845,391.7737,-0.011185989,0.0,-0.0,0.0,0.0,7.3782964150265515e-06,1.7642974900721855e-05,1.913392027325415,0.0,0.0,0.0
4189,2774,-283.81845,391.7737,-0.011185989,0.0,-0.0,0.0,0.0,7.3782964150265515e-06,1.7642974900721855e-05,1.913392027325415,0.0,0.0,0.0
4190,2774,-283.81845,391.7737,-0.011185989,0.0,-0.0,0.0,0.0,7.3782964150265515e-06,1.7642974900721855e-05,1.913392027325415,0.0,0.0,0.0
4191,2774,-283.81845,391.7737,-0.011185989,0.0,-0.0,0.0,0.0,7.3782964150265515e-06,1.7642974900721855e-05,1.913392027325415,0.0,0.0,0.0
4192,2774,-283.81845,391.7737,-0.011185989,0.0,-0.0,0.0,0.0,7.3782964150265515e-06,1.7642974900721855e-05,1.913392027325415,0.0,0.0,0.0
4193,2774,-283.81845,391.7737,-0.011185989,0.0,-0.0,0.0,0.0,7.3782964150265515e-06,1.7642974900721855e-05,1.913392027325415,0.0,0.0,0.0
4194,2774,-283.81845,391.7737,-0.011185989,0.0,-0.0,0.0,0.0,7.3782964150265515e-06,1.7642974900721855e-05,1.913392027325415,0.0,0.0,0.0
4195,2774,-283.81845,391.7737,-0.011185989,0.0,-0.0,0.0,0.0,7.3782964150265515e-06,1.7642974900721855e-05,1.913392027325415,0.0,0.0,0.0
4196,2774,-283.81845,391.7737,-0.011185989,0.0,-0.0,0.0,0.0,7.3782964150265515e-06,1.7642974900721855e-05,1.913392027325415,0.0,0.0,0.0
4197,2774,-283.81845,391.7737,-0.011185989,0.0,-0.0,0.0,0.0,7.3782964150265515e-06,1.7642974900721855e-05,1.913392027325415,0.0,0.0,0.0
4198,2774,-283.81845,391.7737,-0.011185989,0.0,-0.0,0.0,0.0,7.3782964150265515e-06,1.7642974900721855e-05,1.913392027325415,0.0,0.0,0.0
4199,2774,-283.81845,391.7737,-0.011185989,0.0,-0.0,0.0,0.0,7.3782964150265515e-06,1.7642974900721855e-05,1.913392027325415,0.0,0.0,0.0
4200,2774,-283.81845,391.7737,-0.011185989,0.0,-0.0,0.0,0.0,7.3782964150265515e-06,1.7642974900721855e-05,1.913392027325415,0.0,0.0,0.0
4201,2774,-283.81845,391.7737,-0.011185989,0.0,-0.0,0.0,0.0,7.3782964150265515e-06,1.7642974900721855e-05,1.913392027325415,0.0,0.0,0.0
4202,2774,-283.81845,391.7737,-0.011185989,0.0,-0.0,0.0,0.0,7.3782964150265515e-06,1.7642974900721855e-05,1.913392027325415,0.0,0.0,0.0
4203,2774,-283.81845,391.7737,-0.011185989,0.0,-0.0,0.0,0.0,7.3782964150265515e-06,1.7642974900721855e-05,1.913392027325415,0.0,0.0,0.0
4204,2774,-283.81845,391.7737,-0.011185989,0.0,-0.0,0.0,0.0,7.3782964150265515e-06,1.7642974900721855e-05,1.913392027325415,0.0,0.0,0.0
4205,2774,-283.81845,391.7737,-0.011185989,0.0,-0.0,0.0,0.0,7.3782964150265515e-06,1.7642974900721855e-05,1.913392027325415,0.0,0.0,0.0
4206,2774,-283.81845,391.7737,-0.011185989,0.0,-0.0,0.0,0.0,7.3782964150265515e-06,1.7642974900721855e-05,1.913392027325415,0.0,0.0,0.0
4207,2774,-283.81845,391.7737,-0.011185989,0.0,-0.0,0.0,0.0,7.3782964150265515e-06,1.7642974900721855e-05,1.913392027325415,0.0,0.0,0.0
4208,2774,-283.81845,391.7737,-0.011185989,0.0,-0.0,0.0,0.0,7.3782964150265515e-06,1.7642974900721855e-05,1.913392027325415,0.0,0.0,0.0
4209,2774,-283.81845,391.7737,-0.011185989,0.0,-0.0,0.0,0.0,7.3782964150265515e-06,1.7642974900721855e-05,1.913392027325415,0.0,0.0,0.0
4210,2774,-283.81845,391.7737,-0.011185989,0.0,-0.0,0.0,0.0,7.3782964150265515e-06,1.7642974900721855e-05,1.913392027325415,0.0,0.0,0.0
4211,2774,-283.81845,391.7737,-0.011185989,0.0,-0.0,0.0,0.0,7.3782964150265515e-06,1.7642974900721855e-05,1.913392027325415,0.0,0.0,0.0
4212,2774,-283.81845,391.7737,-0.011185989,0.0,-0.0,0.0,0.0,7.3782964150265515e-06,1.7642974900721855e-05,1.913392027325415,0.0,0.0,0.0
4213,2774,-283.81845,391.7737,-0.011185989,0.0,-0.0,0.0,0.0,7.3782964150265515e-06,1.7642974900721855e-05,1.913392027325415,0.0,0.0,0.0
4214,2774,-283.81845,391.7737,-0.011185989,0.0,-0.0,0.0,0.0,7.3782964150265515e-06,1.7642974900721855e-05,1.913392027325415,0.0,0.0,0.0
4215,2774,-283.81845,391.7737,-0.011185989,0.0,-0.0,0.0,0.0,7.3782964150265515e-06,1.7642974900721855e-05,1.913392027325415,0.0,0.0,0.0
4216,2774,-283.81845,391.7737,-0.011185989,0.0,-0.0,0.0,0.0,7.3782964150265515e-06,1.7642974900721855e-05,1.913392027325415,0.0,0.0,0.0
4217,2774,-283.81845,391.7737,-0.011185989,0.0,-0.0,0.0,0.0,7.3782964150265515e-06,1.7642974900721855e-05,1.913392027325415,0.0,0.0,0.0
4218,2774,-283.81845,391.7737,-0.011185989,0.0,-0.0,0.0,0.0,7.3782964150265515e-06,1.7642974900721855e-05,1.913392027325415,0.0,0.0,0.0
4219,2774,-283.81845,391.7737,-0.011185989,0.0,-0.0,0.0,0.0,7.3782964150265515e-06,1.7642974900721855e-05,1.913392027325415,0.0,0.0,0.0
4220,2774,-283.81845,391.7737,-0.011185989,0.0,-0.0,0.0,0.0,7.3782964150265515e-06,1.7642974900721855e-05,1.913392027325415,0.0,0.0,0.0
4221,2774,-283.81845,391.7737,-0.011185989,0.0,-0.0,0.0,0.0,7.3782964150265515e-06,1.7642974900721855e-05,1.913392027325415,0.0,0.0,0.0
4222,2774,-283.81845,391.7737,-0.011185989,0.0,-0.0,0.0,0.0,7.3782964150265515e-06,1.7642974900721855e-05,1.913392027325415,0.0,0.0,0.0
4223,2774,-283.81845,391.7737,-0.011185989,0.0,-0.0,0.0,0.0,7.3782964150265515e-06,1.7642974900721855e-05,1.913392027325415,0.0,0.0,0.0
4224,2774,-283.81845,391.7737,-0.011185989,0.0,-0.0,0.0,0.0,7.3782964150265515e-06,1.7642974900721855e-05,1.913392027325415,0.0,0.0,0.0
4225,2774,-283.81845,391.7737,-0.011185989,0.0,-0.0,0.0,0.0,7.3782964150265515e-06,1.7642974900721855e-05,1.913392027325415,0.0,0.0,0.0
4226,2774,-283.81845,391.7737,-0.011185989,0.0,-0.0,0.0,0.0,7.3782964150265515e-06,1.7642974900721855e-05,1.913392027325415,0.0,0.0,0.0
4227,2774,-283.81845,391.7737,-0.011185989,0.0,-0.0,0.0,0.0,7.3782964150265515e-06,1.7642974900721855e-05,1.913392027325415,0.0,0.0,0.0
4228,2774,-283.81845,391.7737,-0.011185989,0.0,-0.0,0.0,0.0,7.3782964150265515e-06,1.7642974900721855e-05,1.913392027325415,0.0,0.0,0.0
4229,2774,-283.81845,391.7737,-0.011185989,0.0,-0.0,0.0,0.0,7.3782964150265515e-06,1.7642974900721855e-05,1.913392027325415,0.0,0.0,0.0
4230,2774,-283.81845,391.7737,-0.011185989,0.0,-0.0,0.0,0.0,7.3782964150265515e-06,1.7642974900721855e-05,1.913392027325415,0.0,0.0,0.0
4231,2774,-283.81845,391.7737,-0.011185989,0.0,-0.0,0.0,0.0,7.3782964150265515e-06,1.7642974900721855e-05,1.913392027325415,0.0,0.0,0.0
4232,2774,-283.81845,391.7737,-0.011185989,0.0,-0.0,0.0,0.0,7.3782964150265515e-06,1.7642974900721855e-05,1.913392027325415,0.0,0.0,0.0
4233,2774,-283.81845,391.7737,-0.011185989,0.0,-0.0,0.0,0.0,7.3782964150265515e-06,1.7642974900721855e-05,1.913392027325415,0.0,0.0,0.0
4234,2774,-283.81845,391.7737,-0.011185989,0.0,-0.0,0.0,0.0,7.3782964150265515e-06,1.7642974900721855e-05,1.913392027325415,0.0,0.0,0.0
4235,2774,-283.81845,391.7737,-0.011185989,0.0,-0.0,0.0,0.0,7.3782964150265515e-06,1.7642974900721855e-05,1.913392027325415,0.0,0.0,0.0
4236,2774,-283.81845,391.7737,-0.011185989,0.0,-0.0,0.0,0.0,7.3782964150265515e-06,1.7642974900721855e-05,1.913392027325415,0.0,0.0,0.0
4237,2774,-283.81845,391.7737,-0.011185989,0.0,-0.0,0.0,0.0,7.3782964150265515e-06,1.7642974900721855e-05,1.913392027325415,0.0,0.0,0.0
4238,2774,-283.81845,391.7737,-0.011185989,0.0,-0.0,0.0,0.0,7.3782964150265515e-06,1.7642974900721855e-05,1.913392027325415,0.0,0.0,0.0
4239,2774,-283.81845,391.7737,-0.011185989,0.0,-0.0,0.0,0.0,7.3782964150265515e-06,1.7642974900721855e-05,1.913392027325415,0.0,0.0,0.0
4240,2774,-283.81845,391.7737,-0.011185989,0.0,-0.0,0.0,0.0,7.3782964150265515e-06,1.7642974900721855e-05,1.913392027325415,0.0,0.0,0.0
4241,2774,-283.81845,391.7737,-0.011185989,0.0,-0.0,0.0,0.0,7.3782964150265515e-06,1.7642974900721855e-05,1.913392027325415,0.0,0.0,0.0
4242,2774,-283.81845,391.7737,-0.011185989,0.0,-0.0,0.0,0.0,7.3782964150265515e-06,1.7642974900721855e-05,1.913392027325415,0.0,0.0,0.0
4243,2774,-283.81845,391.7737,-0.011185989,0.0,-0.0,0.0,0.0,7.3782964150265515e-06,1.7642974900721855e-05,1.913392027325415,0.0,0.0,0.0
4244,2774,-283.81845,391.7737,-0.011185989,0.0,-0.0,0.0,0.0,7.3782964150265515e-06,1.7642974900721855e-05,1.913392027325415,0.0,0.0,0.0
4245,2774,-283.81845,391.7737,-0.011185989,0.0,-0.0,0.0,0.0,7.3782964150265515e-06,1.7642974900721855e-05,1.913392027325415,0.0,0.0,0.0
4246,2774,-283.81845,391.7737,-0.011185989,0.0,-0.0,0.0,0.0,7.3782964150265515e-06,1.7642974900721855e-05,1.913392027325415,0.0,0.0,0.0
4247,2774,-283.81845,391.7737,-0.011185989,0.0,-0.0,0.0,0.0,7.3782964150265515e-06,1.7642974900721855e-05,1.913392027325415,0.0,0.0,0.0
4248,2774,-283.81845,391.7737,-0.011185989,0.0,-0.0,0.0,0.0,7.3782964150265515e-06,1.7642974900721855e-05,1.913392027325415,0.0,0.0,0.0
4249,2774,-283.81845,391.7737,-0.011185989,0.0,-0.0,0.0,0.0,7.3782964150265515e-06,1.7642974900721855e-05,1.913392027325415,0.0,0.0,0.0
4250,2774,-283.81845,391.7737,-0.011185989,0.0,-0.0,0.0,0.0,7.3782964150265515e-06,1.7642974900721855e-05,1.913392027325415,0.0,0.0,0.0
4251,2774,-283.81845,391.7737,-0.011185989,0.0,-0.0,0.0,0.0,7.3782964150265515e-06,1.7642974900721855e-05,1.913392027325415,0.0,0.0,0.0
4252,2774,-283.81845,391.7737,-0.011185989,0.0,-0.0,0.0,0.0,7.3782964150265515e-06,1.7642974900721855e-05,1.913392027325415,0.0,0.0,0.0
4253,2774,-283.81845,391.7737,-0.011185989,0.0,-0.0,0.0,0.0,7.3782964150265515e-06,1.7642974900721855e-05,1.913392027325415,0.0,0.0,0.0
4254,2774,-283.81845,391.7737,-0.011185989,0.0,-0.0,0.0,0.0,7.3782964150265515e-06,1.7642974900721855e-05,1.913392027325415,0.0,0.0,0.0
4255,2774,-283.81845,391.7737,-0.011185989,0.0,-0.0,0.0,0.0,7.3782964150265515e-06,1.7642974900721855e-05,1.913392027325415,0.0,0.0,0.0
4256,2774,-283.81845,391.7737,-0.011185989,0.0,-0.0,0.0,0.0,7.3782964150265515e-06,1.7642974900721855e-05,1.913392027325415,0.0,0.0,0.0
4257,2774,-283.81845,391.7737,-0.011185989,0.0,-0.0,0.0,0.0,7.3782964150265515e-06,1.7642974900721855e-05,1.913392027325415,0.0,0.0,0.0
4258,2774,-283.81845,391.7737,-0.011185989,0.0,-0.0,0.0,0.0,7.3782964150265515e-06,1.7642974900721855e-05,1.913392027325415,0.0,0.0,0.0
4259,2774,-283.81845,391.7737,-0.011185989,0.0,-0.0,0.0,0.0,7.3782964150265515e-06,1.7642974900721855e-05,1.913392027325415,0.0,0.0,0.0
4260,2774,-283.81845,391.7737,-0.011185989,0.0,-0.0,0.0,0.0,7.3782964150265515e-06,1.7642974900721855e-05,1.913392027325415,0.0,0.0,0.0
4261,2774,-283.81845,391.7737,-0.011185989,0.0,-0.0,0.0,0.0,7.3782964150265515e-06,1.7642974900721855e-05,1.913392027325415,0.0,0.0,0.0
4262,2774,-283.81845,391.7737,-0.011185989,0.0,-0.0,0.0,0.0,7.3782964150265515e-06,1.7642974900721855e-05,1.913392027325415,0.0,0.0,0.0
4263,2774,-283.81845,391.7737,-0.011185989,0.0,-0.0,0.0,0.0,7.3782964150265515e-06,1.7642974900721855e-05,1.913392027325415,0.0,0.0,0.0
4264,2774,-283.81845,391.7737,-0.011185989,0.0,-0.0,0.0,0.0,7.3782964150265515e-06,1.7642974900721855e-05,1.913392027325415,0.0,0.0,0.0
4265,2774,-283.81845,391.7737,-0.011185989,0.0,-0.0,0.0,0.0,7.3782964150265515e-06,1.7642974900721855e-05,1.913392027325415,0.0,0.0,0.0
4266,2774,-283.81845,391.7737,-0.011185989,0.0,-0.0,0.0,0.0,7.3782964150265515e-06,1.7642974900721855e-05,1.913392027325415,0.0,0.0,0.0
4267,2774,-283.81845,391.7737,-0.011185989,0.0,-0.0,0.0,0.0,7.3782964150265515e-06,1.7642974900721855e-05,1.913392027325415,0.0,0.0,0.0
4268,2774,-283.81845,391.7737,-0.011185989,0.0,-0.0,0.0,0.0,7.3782964150265515e-06,1.7642974900721855e-05,1.913392027325415,0.0,0.0,0.0
4269,2774,-283.81845,391.7737,-0.011185989,0.0,-0.0,0.0,0.0,7.3782964150265515e-06,1.7642974900721855e-05,1.913392027325415,0.0,0.0,0.0
4270,2774,-283.81845,391.7737,-0.011185989,0.0,-0.0,0.0,0.0,7.3782964150265515e-06,1.7642974900721855e-05,1.913392027325415,0.0,0.0,0.0
4271,2774,-283.81845,391.7737,-0.011185989,0.0,-0.0,0.0,0.0,7.3782964150265515e-06,1.7642974900721855e-05,1.913392027325415,0.0,0.0,0.0
4272,2774,-283.81845,391.7737,-0.011185989,0.0,-0.0,0.0,0.0,7.3782964150265515e-06,1.7642974900721855e-05,1.913392027325415,0.0,0.0,0.0
4273,2774,-283.81845,391.7737,-0.011185989,0.0,-0.0,0.0,0.0,7.3782964150265515e-06,1.7642974900721855e-05,1.913392027325415,0.0,0.0,0.0
4274,2774,-283.81845,391.7737,-0.011185989,0.0,-0.0,0.0,0.0,7.3782964150265515e-06,1.7642974900721855e-05,1.913392027325415,0.0,0.0,0.0
4275,2774,-283.81845,391.7737,-0.011185989,0.0,-0.0,0.0,0.0,7.3782964150265515e-06,1.7642974900721855e-05,1.913392027325415,0.0,0.0,0.0
4276,2774,-283.81845,391.7737,-0.011185989,0.0,-0.0,0.0,0.0,7.3782964150265515e-06,1.7642974900721855e-05,1.913392027325415,0.0,0.0,0.0
4277,2774,-283.81845,391.7737,-0.011185989,0.0,-0.0,0.0,0.0,7.3782964150265515e-06,1.7642974900721855e-05,1.913392027325415,0.0,0.0,0.0
4278,2774,-283.81845,391.7737,-0.011185989,0.0,-0.0,0.0,0.0,7.3782964150265515e-06,1.7642974900721855e-05,1.913392027325415,0.0,0.0,0.0
4279,2774,-283.81845,391.7737,-0.011185989,0.0,-0.0,0.0,0.0,7.3782964150265515e-06,1.7642974900721855e-05,1.913392027325415,0.0,0.0,0.0
4280,2774,-283.81845,391.7737,-0.011185989,0.0,-0.0,0.0,0.0,7.3782964150265515e-06,1.7642974900721855e-05,1.913392027325415,0.0,0.0,0.0
4281,2774,-283.81845,391.7737,-0.011185989,0.0,-0.0,0.0,0.0,7.3782964150265515e-06,1.7642974900721855e-05,1.913392027325415,0.0,0.0,0.0
4282,2774,-283.81845,391.7737,-0.011185989,0.0,-0.0,0.0,0.0,7.3782964150265515e-06,1.7642974900721855e-05,1.913392027325415,0.0,0.0,0.0
4283,2774,-283.81845,391.7737,-0.011185989,0.0,-0.0,0.0,0.0,7.3782964150265515e-06,1.7642974900721855e-05,1.913392027325415,0.0,0.0,0.0
4284,2774,-283.81845,391.7737,-0.011185989,0.0,-0.0,0.0,0.0,7.3782964150265515e-06,1.7642974900721855e-05,1.913392027325415,0.0,0.0,0.0
4285,2774,-283.81845,391.7737,-0.011185989,0.0,-0.0,0.0,0.0,7.3782964150265515e-06,1.7642974900721855e-05,1.913392027325415,0.0,0.0,0.0
4286,2774,-283.81845,391.7737,-0.011185989,0.0,-0.0,0.0,0.0,7.3782964150265515e-06,1.7642974900721855e-05,1.913392027325415,0.0,0.0,0.0
4287,2774,-283.81845,391.7737,-0.011185989,0.0,-0.0,0.0,0.0,7.3782964150265515e-06,1.7642974900721855e-05,1.913392027325415,0.0,0.0,0.0
4288,2774,-283.81845,391.7737,-0.011185989,0.0,-0.0,0.0,0.0,7.3782964150265515e-06,1.7642974900721855e-05,1.913392027325415,0.0,0.0,0.0
4289,2774,-283.81845,391.7737,-0.011185989,0.0,-0.0,0.0,0.0,7.3782964150265515e-06,1.7642974900721855e-05,1.913392027325415,0.0,0.0,0.0
4290,2774,-283.81845,391.7737,-0.011185989,0.0,-0.0,0.0,0.0,7.3782964150265515e-06,1.7642974900721855e-05,1.913392027325415,0.0,0.0,0.0
4291,2774,-283.81845,391.7737,-0.011185989,0.0,-0.0,0.0,0.0,7.3782964150265515e-06,1.7642974900721855e-05,1.913392027325415,0.0,0.0,0.0
4292,2774,-283.81845,391.7737,-0.011185989,0.0,-0.0,0.0,0.0,7.3782964150265515e-06,1.7642974900721855e-05,1.913392027325415,0.0,0.0,0.0
4293,2774,-283.81845,391.7737,-0.011185989,0.0,-0.0,0.0,0.0,7.3782964150265515e-06,1.7642974900721855e-05,1.913392027325415,0.0,0.0,0.0
4294,2774,-283.81845,391.7737,-0.011185989,0.0,-0.0,0.0,0.0,7.3782964150265515e-06,1.7642974900721855e-05,1.913392027325415,0.0,0.0,0.0
4295,2774,-283.81845,391.7737,-0.011185989,0.0,-0.0,0.0,0.0,7.3782964150265515e-06,1.7642974900721855e-05,1.913392027325415,0.0,0.0,0.0
4296,2774,-283.81845,391.7737,-0.011185989,0.0,-0.0,0.0,0.0,7.3782964150265515e-06,1.7642974900721855e-05,1.913392027325415,0.0,0.0,0.0
4297,2774,-283.81845,391.7737,-0.011185989,0.0,-0.0,0.0,0.0,7.3782964150265515e-06,1.7642974900721855e-05,1.913392027325415,0.0,0.0,0.0
4298,2774,-283.81845,391.7737,-0.011185989,0.0,-0.0,0.0,0.0,7.3782964150265515e-06,1.7642974900721855e-05,1.913392027325415,0.0,0.0,0.0
4299,2774,-283.81845,391.7737,-0.011185989,0.0,-0.0,0.0,0.0,7.3782964150265515e-06,1.7642974900721855e-05,1.913392027325415,0.0,0.0,0.0
4300,2774,-283.81845,391.7737,-0.011185989,0.0,-0.0,0.0,0.0,7.3782964150265515e-06,1.7642974900721855e-05,1.913392027325415,0.0,0.0,0.0
4301,2774,-283.81845,391.7737,-0.011185989,0.0,-0.0,0.0,0.0,7.3782964150265515e-06,1.7642974900721855e-05,1.913392027325415,0.0,0.0,0.0
4302,2774,-283.81845,391.7737,-0.011185989,0.0,-0.0,0.0,0.0,7.3782964150265515e-06,1.7642974900721855e-05,1.913392027325415,0.0,0.0,0.0
4303,2774,-283.81845,391.7737,-0.011185989,0.0,-0.0,0.0,0.0,7.3782964150265515e-06,1.7642974900721855e-05,1.913392027325415,0.0,0.0,0.0
4304,2774,-283.81845,391.7737,-0.011185989,0.0,-0.0,0.0,0.0,7.3782964150265515e-06,1.7642974900721855e-05,1.913392027325415,0.0,0.0,0.0
4305,2774,-283.81845,391.7737,-0.011185989,0.0,-0.0,0.0,0.0,7.3782964150265515e-06,1.7642974900721855e-05,1.913392027325415,0.0,0.0,0.0
4306,2774,-283.81845,391.7737,-0.011185989,0.0,-0.0,0.0,0.0,7.3782964150265515e-06,1.7642974900721855e-05,1.913392027325415,0.0,0.0,0.0
4307,2774,-283.81845,391.7737,-0.011185989,0.0,-0.0,0.0,0.0,7.3782964150265515e-06,1.7642974900721855e-05,1.913392027325415,0.0,0.0,0.0
4308,2774,-283.81845,391.7737,-0.011185989,0.0,-0.0,0.0,0.0,7.3782964150265515e-06,1.7642974900721855e-05,1.913392027325415,0.0,0.0,0.0
4309,2774,-283.81845,391.7737,-0.011185989,0.0,-0.0,0.0,0.0,7.3782964150265515e-06,1.7642974900721855e-05,1.913392027325415,0.0,0.0,0.0
4310,2774,-283.81845,391.7737,-0.011185989,0.0,-0.0,0.0,0.0,7.3782964150265515e-06,1.7642974900721855e-05,1.913392027325415,0.0,0.0,0.0
4311,2774,-283.81845,391.7737,-0.011185989,0.0,-0.0,0.0,0.0,7.3782964150265515e-06,1.7642974900721855e-05,1.913392027325415,0.0,0.0,0.0
4312,2774,-283.81845,391.7737,-0.011185989,0.0,-0.0,0.0,0.0,7.3782964150265515e-06,1.7642974900721855e-05,1.913392027325415,0.0,0.0,0.0
4313,2774,-283.81845,391.7737,-0.011185989,0.0,-0.0,0.0,0.0,7.3782964150265515e-06,1.7642974900721855e-05,1.913392027325415,0.0,0.0,0.0
4314,2774,-283.81845,391.7737,-0.011185989,0.0,-0.0,0.0,0.0,7.3782964150265515e-06,1.7642974900721855e-05,1.913392027325415,0.0,0.0,0.0
4315,2774,-283.81845,391.7737,-0.011185989,0.0,-0.0,0.0,0.0,7.3782964150265515e-06,1.7642974900721855e-05,1.913392027325415,0.0,0.0,0.0
4316,2774,-283.81845,391.7737,-0.011185989,0.0,-0.0,0.0,0.0,7.3782964150265515e-06,1.7642974900721855e-05,1.913392027325415,0.0,0.0,0.0
4317,2774,-283.81845,391.7737,-0.011185989,0.0,-0.0,0.0,0.0,7.3782964150265515e-06,1.7642974900721855e-05,1.913392027325415,0.0,0.0,0.0
4318,2774,-283.81845,391.7737,-0.011185989,0.0,-0.0,0.0,0.0,7.3782964150265515e-06,1.7642974900721855e-05,1.913392027325415,0.0,0.0,0.0
4319,2774,-283.81845,391.7737,-0.011185989,0.0,-0.0,0.0,0.0,7.3782964150265515e-06,1.7642974900721855e-05,1.913392027325415,0.0,0.0,0.0
4320,2774,-283.81845,391.7737,-0.011185989,0.0,-0.0,0.0,0.0,7.3782964150265515e-06,1.7642974900721855e-05,1.913392027325415,0.0,0.0,0.0
4321,2774,-283.81845,391.7737,-0.011185989,0.0,-0.0,0.0,0.0,7.3782964150265515e-06,1.7642974900721855e-05,1.913392027325415,0.0,0.0,0.0
4322,2774,-283.81845,391.7737,-0.011185989,0.0,-0.0,0.0,0.0,7.3782964150265515e-06,1.7642974900721855e-05,1.913392027325415,0.0,0.0,0.0
4323,2774,-283.81845,391.7737,-0.011185989,0.0,-0.0,0.0,0.0,7.3782964150265515e-06,1.7642974900721855e-05,1.913392027325415,0.0,0.0,0.0
4324,2774,-283.81845,391.7737,-0.011185989,0.0,-0.0,0.0,0.0,7.3782964150265515e-06,1.7642974900721855e-05,1.913392027325415,0.0,0.0,0.0
4325,2774,-283.81845,391.7737,-0.011185989,0.0,-0.0,0.0,0.0,7.3782964150265515e-06,1.7642974900721855e-05,1.913392027325415,0.0,0.0,0.0
4326,2774,-283.81845,391.7737,-0.011185989,0.0,-0.0,0.0,0.0,7.3782964150265515e-06,1.7642974900721855e-05,1.913392027325415,0.0,0.0,0.0
4327,2774,-283.81845,391.7737,-0.011185989,0.0,-0.0,0.0,0.0,7.3782964150265515e-06,1.7642974900721855e-05,1.913392027325415,0.0,0.0,0.0
4328,2774,-283.81845,391.7737,-0.011185989,0.0,-0.0,0.0,0.0,7.3782964150265515e-06,1.7642974900721855e-05,1.913392027325415,0.0,0.0,0.0
4329,2774,-283.81845,391.7737,-0.011185989,0.0,-0.0,0.0,0.0,7.3782964150265515e-06,1.7642974900721855e-05,1.913392027325415,0.0,0.0,0.0
4330,2774,-283.81845,391.7737,-0.011185989,0.0,-0.0,0.0,0.0,7.3782964150265515e-06,1.7642974900721855e-05,1.913392027325415,0.0,0.0,0.0
4331,2774,-283.81845,391.7737,-0.011185989,0.0,-0.0,0.0,0.0,7.3782964150265515e-06,1.7642974900721855e-05,1.913392027325415,0.0,0.0,0.0
4332,2774,-283.81845,391.7737,-0.011185989,0.0,-0.0,0.0,0.0,7.3782964150265515e-06,1.7642974900721855e-05,1.913392027325415,0.0,0.0,0.0
4333,2774,-283.81845,391.7737,-0.011185989,0.0,-0.0,0.0,0.0,7.3782964150265515e-06,1.7642974900721855e-05,1.913392027325415,0.0,0.0,0.0
4334,2774,-283.81845,391.7737,-0.011185989,0.0,-0.0,0.0,0.0,7.3782964150265515e-06,1.7642974900721855e-05,1.913392027325415,0.0,0.0,0.0
4335,2774,-283.81845,391.7737,-0.011185989,0.0,-0.0,0.0,0.0,7.3782964150265515e-06,1.7642974900721855e-05,1.913392027325415,0.0,0.0,0.0
4336,2774,-283.81845,391.7737,-0.011185989,0.0,-0.0,0.0,0.0,7.3782964150265515e-06,1.7642974900721855e-05,1.913392027325415,0.0,0.0,0.0
4337,2774,-283.81845,391.7737,-0.011185989,0.0,-0.0,0.0,0.0,7.3782964150265515e-06,1.7642974900721855e-05,1.913392027325415,0.0,0.0,0.0
4338,2774,-283.81845,391.7737,-0.011185989,0.0,-0.0,0.0,0.0,7.3782964150265515e-06,1.7642974900721855e-05,1.913392027325415,0.0,0.0,0.0
4339,2774,-283.81845,391.7737,-0.011185989,0.0,-0.0,0.0,0.0,7.3782964150265515e-06,1.7642974900721855e-05,1.913392027325415,0.0,0.0,0.0
4340,2774,-283.81845,391.7737,-0.011185989,0.0,-0.0,0.0,0.0,7.3782964150265515e-06,1.7642974900721855e-05,1.913392027325415,0.0,0.0,0.0
4341,2774,-283.81845,391.7737,-0.011185989,0.0,-0.0,0.0,0.0,7.3782964150265515e-06,1.7642974900721855e-05,1.913392027325415,0.0,0.0,0.0
4342,2774,-283.81845,391.7737,-0.011185989,0.0,-0.0,0.0,0.0,7.3782964150265515e-06,1.7642974900721855e-05,1.913392027325415,0.0,0.0,0.0
4343,2774,-283.81845,391.7737,-0.011185989,0.0,-0.0,0.0,0.0,7.3782964150265515e-06,1.7642974900721855e-05,1.913392027325415,0.0,0.0,0.0
4344,2774,-283.81845,391.7737,-0.011185989,0.0,-0.0,0.0,0.0,7.3782964150265515e-06,1.7642974900721855e-05,1.913392027325415,0.0,0.0,0.0
4345,2774,-283.81845,391.7737,-0.011185989,0.0,-0.0,0.0,0.0,7.3782964150265515e-06,1.7642974900721855e-05,1.913392027325415,0.0,0.0,0.0
4346,2774,-283.81845,391.7737,-0.011185989,0.0,-0.0,0.0,0.0,7.3782964150265515e-06,1.7642974900721855e-05,1.913392027325415,0.0,0.0,0.0
4347,2774,-283.81845,391.7737,-0.011185989,0.0,-0.0,0.0,0.0,7.3782964150265515e-06,1.7642974900721855e-05,1.913392027325415,0.0,0.0,0.0
4348,2774,-283.81845,391.7737,-0.011185989,0.0,-0.0,0.0,0.0,7.3782964150265515e-06,1.7642974900721855e-05,1.913392027325415,0.0,0.0,0.0
4349,2774,-283.81845,391.7737,-0.011185989,0.0,-0.0,0.0,0.0,7.3782964150265515e-06,1.7642974900721855e-05,1.913392027325415,0.0,0.0,0.0
4350,2774,-283.81845,391.7737,-0.011185989,0.0,-0.0,0.0,0.0,7.3782964150265515e-06,1.7642974900721855e-05,1.913392027325415,0.0,0.0,0.0
4351,2774,-283.81845,391.7737,-0.011185989,0.0,-0.0,0.0,0.0,7.3782964150265515e-06,1.7642974900721855e-05,1.913392027325415,0.0,0.0,0.0
4352,2774,-283.81845,391.7737,-0.011185989,0.0,-0.0,0.0,0.0,7.3782964150265515e-06,1.7642974900721855e-05,1.913392027325415,0.0,0.0,0.0
4353,2774,-283.81845,391.7737,-0.011185989,0.0,-0.0,0.0,0.0,7.3782964150265515e-06,1.7642974900721855e-05,1.913392027325415,0.0,0.0,0.0
4354,2774,-283.81845,391.7737,-0.011185989,0.0,-0.0,0.0,0.0,7.3782964150265515e-06,1.7642974900721855e-05,1.913392027325415,0.0,0.0,0.0
4355,2774,-283.81845,391.7737,-0.011185989,0.0,-0.0,0.0,0.0,7.3782964150265515e-06,1.7642974900721855e-05,1.913392027325415,0.0,0.0,0.0
4356,2774,-283.81845,391.7737,-0.011185989,0.0,-0.0,0.0,0.0,7.3782964150265515e-06,1.7642974900721855e-05,1.913392027325415,0.0,0.0,0.0
4357,2774,-283.81845,391.7737,-0.011185989,0.0,-0.0,0.0,0.0,7.3782964150265515e-06,1.7642974900721855e-05,1.913392027325415,0.0,0.0,0.0
4358,2774,-283.81845,391.7737,-0.011185989,0.0,-0.0,0.0,0.0,7.3782964150265515e-06,1.7642974900721855e-05,1.913392027325415,0.0,0.0,0.0
4359,2774,-283.81845,391.7737,-0.011185989,0.0,-0.0,0.0,0.0,7.3782964150265515e-06,1.7642974900721855e-05,1.913392027325415,0.0,0.0,0.0
4360,2774,-283.81845,391.7737,-0.011185989,0.0,-0.0,0.0,0.0,7.3782964150265515e-06,1.7642974900721855e-05,1.913392027325415,0.0,0.0,0.0
4361,2774,-283.81845,391.7737,-0.011185989,0.0,-0.0,0.0,0.0,7.3782964150265515e-06,1.7642974900721855e-05,1.913392027325415,0.0,0.0,0.0
4362,2774,-283.81845,391.7737,-0.011185989,0.0,-0.0,0.0,0.0,7.3782964150265515e-06,1.7642974900721855e-05,1.913392027325415,0.0,0.0,0.0
4363,2774,-283.81845,391.7737,-0.011185989,0.0,-0.0,0.0,0.0,7.3782964150265515e-06,1.7642974900721855e-05,1.913392027325415,0.0,0.0,0.0
4364,2774,-283.81845,391.7737,-0.011185989,0.0,-0.0,0.0,0.0,7.3782964150265515e-06,1.7642974900721855e-05,1.913392027325415,0.0,0.0,0.0
4365,2774,-283.81845,391.7737,-0.011185989,0.0,-0.0,0.0,0.0,7.3782964150265515e-06,1.7642974900721855e-05,1.913392027325415,0.0,0.0,0.0
4366,2774,-283.81845,391.7737,-0.011185989,0.0,-0.0,0.0,0.0,7.3782964150265515e-06,1.7642974900721855e-05,1.913392027325415,0.0,0.0,0.0
4367,2774,-283.81845,391.7737,-0.011185989,0.0,-0.0,0.0,0.0,7.3782964150265515e-06,1.7642974900721855e-05,1.913392027325415,0.0,0.0,0.0
4368,2774,-283.81845,391.7737,-0.011185989,0.0,-0.0,0.0,0.0,7.3782964150265515e-06,1.7642974900721855e-05,1.913392027325415,0.0,0.0,0.0
4369,2774,-283.81845,391.7737,-0.011185989,0.0,-0.0,0.0,0.0,7.3782964150265515e-06,1.7642974900721855e-05,1.913392027325415,0.0,0.0,0.0
4370,2774,-283.81845,391.7737,-0.011185989,0.0,-0.0,0.0,0.0,7.3782964150265515e-06,1.7642974900721855e-05,1.913392027325415,0.0,0.0,0.0
4371,2774,-283.81845,391.7737,-0.011185989,0.0,-0.0,0.0,0.0,7.3782964150265515e-06,1.7642974900721855e-05,1.913392027325415,0.0,0.0,0.0
4372,2774,-283.81845,391.7737,-0.011185989,0.0,-0.0,0.0,0.0,7.3782964150265515e-06,1.7642974900721855e-05,1.913392027325415,0.0,0.0,0.0
4373,2774,-283.81845,391.7737,-0.011185989,0.0,-0.0,0.0,0.0,7.3782964150265515e-06,1.7642974900721855e-05,1.913392027325415,0.0,0.0,0.0
4374,2774,-283.81845,391.7737,-0.011185989,0.0,-0.0,0.0,0.0,7.3782964150265515e-06,1.7642974900721855e-05,1.913392027325415,0.0,0.0,0.0
4375,2774,-283.81845,391.7737,-0.011185989,0.0,-0.0,0.0,0.0,7.3782964150265515e-06,1.7642974900721855e-05,1.913392027325415,0.0,0.0,0.0
4376,2774,-283.81845,391.7737,-0.011185989,0.0,-0.0,0.0,0.0,7.3782964150265515e-06,1.7642974900721855e-05,1.913392027325415,0.0,0.0,0.0
4377,2774,-283.81845,391.7737,-0.011185989,0.0,-0.0,0.0,0.0,7.3782964150265515e-06,1.7642974900721855e-05,1.913392027325415,0.0,0.0,0.0
4378,2774,-283.81845,391.7737,-0.011185989,0.0,-0.0,0.0,0.0,7.3782964150265515e-06,1.7642974900721855e-05,1.913392027325415,0.0,0.0,0.0
4379,2774,-283.81845,391.7737,-0.011185989,0.0,-0.0,0.0,0.0,7.3782964150265515e-06,1.7642974900721855e-05,1.913392027325415,0.0,0.0,0.0
4380,2774,-283.81845,391.7737,-0.011185989,0.0,-0.0,0.0,0.0,7.3782964150265515e-06,1.7642974900721855e-05,1.913392027325415,0.0,0.0,0.0
4381,2774,-283.81845,391.7737,-0.011185989,0.0,-0.0,0.0,0.0,7.3782964150265515e-06,1.7642974900721855e-05,1.913392027325415,0.0,0.0,0.0
4382,2774,-283.81845,391.7737,-0.011185989,0.0,-0.0,0.0,0.0,7.3782964150265515e-06,1.7642974900721855e-05,1.913392027325415,0.0,0.0,0.0
4383,2774,-283.81845,391.7737,-0.011185989,0.0,-0.0,0.0,0.0,7.3782964150265515e-06,1.7642974900721855e-05,1.913392027325415,0.0,0.0,0.0
4384,2774,-283.81845,391.7737,-0.011185989,0.0,-0.0,0.0,0.0,7.3782964150265515e-06,1.7642974900721855e-05,1.913392027325415,0.0,0.0,0.0
4385,2774,-283.81845,391.7737,-0.011185989,0.0,-0.0,0.0,0.0,7.3782964150265515e-06,1.7642974900721855e-05,1.913392027325415,0.0,0.0,0.0
4386,2774,-283.81845,391.7737,-0.011185989,0.0,-0.0,0.0,0.0,7.3782964150265515e-06,1.7642974900721855e-05,1.913392027325415,0.0,0.0,0.0
4387,2774,-283.81845,391.7737,-0.011185989,0.0,-0.0,0.0,0.0,7.3782964150265515e-06,1.7642974900721855e-05,1.913392027325415,0.0,0.0,0.0
4388,2774,-283.81845,391.7737,-0.011185989,0.0,-0.0,0.0,0.0,7.3782964150265515e-06,1.7642974900721855e-05,1.913392027325415,0.0,0.0,0.0
4389,2774,-283.81845,391.7737,-0.011185989,0.0,-0.0,0.0,0.0,7.3782964150265515e-06,1.7642974900721855e-05,1.913392027325415,0.0,0.0,0.0
4390,2774,-283.81845,391.7737,-0.011185989,0.0,-0.0,0.0,0.0,7.3782964150265515e-06,1.7642974900721855e-05,1.913392027325415,0.0,0.0,0.0
4391,2774,-283.81845,391.7737,-0.011185989,0.0,-0.0,0.0,0.0,7.3782964150265515e-06,1.7642974900721855e-05,1.913392027325415,0.0,0.0,0.0
4392,2774,-283.81845,391.7737,-0.011185989,0.0,-0.0,0.0,0.0,7.3782964150265515e-06,1.7642974900721855e-05,1.913392027325415,0.0,0.0,0.0
4393,2774,-283.81845,391.7737,-0.011185989,0.0,-0.0,0.0,0.0,7.3782964150265515e-06,1.7642974900721855e-05,1.913392027325415,0.0,0.0,0.0
4394,2774,-283.81845,391.7737,-0.011185989,0.0,-0.0,0.0,0.0,7.3782964150265515e-06,1.7642974900721855e-05,1.913392027325415,0.0,0.0,0.0
4395,2774,-283.81845,391.7737,-0.011185989,0.0,-0.0,0.0,0.0,7.3782964150265515e-06,1.7642974900721855e-05,1.913392027325415,0.0,0.0,0.0
4396,2774,-283.81845,391.7737,-0.011185989,0.0,-0.0,0.0,0.0,7.3782964150265515e-06,1.7642974900721855e-05,1.913392027325415,0.0,0.0,0.0
4397,2774,-283.81845,391.7737,-0.011185989,0.0,-0.0,0.0,0.0,7.3782964150265515e-06,1.7642974900721855e-05,1.913392027325415,0.0,0.0,0.0
4398,2774,-283.81845,391.7737,-0.011185989,0.0,-0.0,0.0,0.0,7.3782964150265515e-06,1.7642974900721855e-05,1.913392027325415,0.0,0.0,0.0
4399,2774,-283.81845,391.7737,-0.011185989,0.0,-0.0,0.0,0.0,7.3782964150265515e-06,1.7642974900721855e-05,1.913392027325415,0.0,0.0,0.0
4400,2774,-283.81845,391.7737,-0.011185989,0.0,-0.0,0.0,0.0,7.3782964150265515e-06,1.7642974900721855e-05,1.913392027325415,0.0,0.0,0.0
4401,2774,-283.81845,391.7737,-0.011185989,0.0,-0.0,0.0,0.0,7.3782964150265515e-06,1.7642974900721855e-05,1.913392027325415,0.0,0.0,0.0
4402,2774,-283.81845,391.7737,-0.011185989,0.0,-0.0,0.0,0.0,7.3782964150265515e-06,1.7642974900721855e-05,1.913392027325415,0.0,0.0,0.0
4403,2774,-283.81845,391.7737,-0.011185989,0.0,-0.0,0.0,0.0,7.3782964150265515e-06,1.7642974900721855e-05,1.913392027325415,0.0,0.0,0.0
4404,2774,-283.81845,391.7737,-0.011185989,0.0,-0.0,0.0,0.0,7.3782964150265515e-06,1.7642974900721855e-05,1.913392027325415,0.0,0.0,0.0
4405,2774,-283.81845,391.7737,-0.011185989,0.0,-0.0,0.0,0.0,7.3782964150265515e-06,1.7642974900721855e-05,1.913392027325415,0.0,0.0,0.0
4406,2774,-283.81845,391.7737,-0.011185989,0.0,-0.0,0.0,0.0,7.3782964150265515e-06,1.7642974900721855e-05,1.913392027325415,0.0,0.0,0.0
4407,2774,-283.81845,391.7737,-0.011185989,0.0,-0.0,0.0,0.0,7.3782964150265515e-06,1.7642974900721855e-05,1.913392027325415,0.0,0.0,0.0
4408,2774,-283.81845,391.7737,-0.011185989,0.0,-0.0,0.0,0.0,7.3782964150265515e-06,1.7642974900721855e-05,1.913392027325415,0.0,0.0,0.0
4409,2774,-283.81845,391.7737,-0.011185989,0.0,-0.0,0.0,0.0,7.3782964150265515e-06,1.7642974900721855e-05,1.913392027325415,0.0,0.0,0.0
4410,2774,-283.81845,391.7737,-0.011185989,0.0,-0.0,0.0,0.0,7.3782964150265515e-06,1.7642974900721855e-05,1.913392027325415,0.0,0.0,0.0
4411,2774,-283.81845,391.7737,-0.011185989,0.0,-0.0,0.0,0.0,7.3782964150265515e-06,1.7642974900721855e-05,1.913392027325415,0.0,0.0,0.0
4412,2774,-283.81845,391.7737,-0.011185989,0.0,-0.0,0.0,0.0,7.3782964150265515e-06,1.7642974900721855e-05,1.913392027325415,0.0,0.0,0.0
4413,2774,-283.81845,391.7737,-0.011185989,0.0,-0.0,0.0,0.0,7.3782964150265515e-06,1.7642974900721855e-05,1.913392027325415,0.0,0.0,0.0
4414,2774,-283.81845,391.7737,-0.011185989,0.0,-0.0,0.0,0.0,7.3782964150265515e-06,1.7642974900721855e-05,1.913392027325415,0.0,0.0,0.0
4415,2774,-283.81845,391.7737,-0.011185989,0.0,-0.0,0.0,0.0,7.3782964150265515e-06,1.7642974900721855e-05,1.913392027325415,0.0,0.0,0.0
4416,2774,-283.81845,391.7737,-0.011185989,0.0,-0.0,0.0,0.0,7.3782964150265515e-06,1.7642974900721855e-05,1.913392027325415,0.0,0.0,0.0
4417,2774,-283.81845,391.7737,-0.011185989,0.0,-0.0,0.0,0.0,7.3782964150265515e-06,1.7642974900721855e-05,1.913392027325415,0.0,0.0,0.0
4418,2774,-283.81845,391.7737,-0.011185989,0.0,-0.0,0.0,0.0,7.3782964150265515e-06,1.7642974900721855e-05,1.913392027325415,0.0,0.0,0.0
4419,2774,-283.81845,391.7737,-0.011185989,0.0,-0.0,0.0,0.0,7.3782964150265515e-06,1.7642974900721855e-05,1.913392027325415,0.0,0.0,0.0
4420,2774,-283.81845,391.7737,-0.011185989,0.0,-0.0,0.0,0.0,7.3782964150265515e-06,1.7642974900721855e-05,1.913392027325415,0.0,0.0,0.0
4421,2774,-283.81845,391.7737,-0.011185989,0.0,-0.0,0.0,0.0,7.3782964150265515e-06,1.7642974900721855e-05,1.913392027325415,0.0,0.0,0.0
4422,2774,-283.81845,391.7737,-0.011185989,0.0,-0.0,0.0,0.0,7.3782964150265515e-06,1.7642974900721855e-05,1.913392027325415,0.0,0.0,0.0
4423,2774,-283.81845,391.7737,-0.011185989,0.0,-0.0,0.0,0.0,7.3782964150265515e-06,1.7642974900721855e-05,1.913392027325415,0.0,0.0,0.0
4424,2774,-283.81845,391.7737,-0.011185989,0.0,-0.0,0.0,0.0,7.3782964150265515e-06,1.7642974900721855e-05,1.913392027325415,0.0,0.0,0.0
4425,2774,-283.81845,391.7737,-0.011185989,0.0,-0.0,0.0,0.0,7.3782964150265515e-06,1.7642974900721855e-05,1.913392027325415,0.0,0.0,0.0
4426,2774,-283.81845,391.7737,-0.011185989,0.0,-0.0,0.0,0.0,7.3782964150265515e-06,1.7642974900721855e-05,1.913392027325415,0.0,0.0,0.0
4427,2774,-283.81845,391.7737,-0.011185989,0.0,-0.0,0.0,0.0,7.3782964150265515e-06,1.7642974900721855e-05,1.913392027325415,0.0,0.0,0.0
4428,2774,-283.81845,391.7737,-0.011185989,0.0,-0.0,0.0,0.0,7.3782964150265515e-06,1.7642974900721855e-05,1.913392027325415,0.0,0.0,0.0
4429,2774,-283.81845,391.7737,-0.011185989,0.0,-0.0,0.0,0.0,7.3782964150265515e-06,1.7642974900721855e-05,1.913392027325415,0.0,0.0,0.0
4430,2774,-283.81845,391.7737,-0.011185989,0.0,-0.0,0.0,0.0,7.3782964150265515e-06,1.7642974900721855e-05,1.913392027325415,0.0,0.0,0.0
4431,2774,-283.81845,391.7737,-0.011185989,0.0,-0.0,0.0,0.0,7.3782964150265515e-06,1.7642974900721855e-05,1.913392027325415,0.0,0.0,0.0
4432,2774,-283.81845,391.7737,-0.011185989,0.0,-0.0,0.0,0.0,7.3782964150265515e-06,1.7642974900721855e-05,1.913392027325415,0.0,0.0,0.0
4433,2774,-283.81845,391.7737,-0.011185989,0.0,-0.0,0.0,0.0,7.3782964150265515e-06,1.7642974900721855e-05,1.913392027325415,0.0,0.0,0.0
4434,2774,-283.81845,391.7737,-0.011185989,0.0,-0.0,0.0,0.0,7.3782964150265515e-06,1.7642974900721855e-05,1.913392027325415,0.0,0.0,0.0
4435,2774,-283.81845,391.7737,-0.011185989,0.0,-0.0,0.0,0.0,7.3782964150265515e-06,1.7642974900721855e-05,1.913392027325415,0.0,0.0,0.0
4436,2774,-283.81845,391.7737,-0.011185989,0.0,-0.0,0.0,0.0,7.3782964150265515e-06,1.7642974900721855e-05,1.913392027325415,0.0,0.0,0.0
4437,2774,-283.81845,391.7737,-0.011185989,0.0,-0.0,0.0,0.0,7.3782964150265515e-06,1.7642974900721855e-05,1.913392027325415,0.0,0.0,0.0
4438,2774,-283.81845,391.7737,-0.011185989,0.0,-0.0,0.0,0.0,7.3782964150265515e-06,1.7642974900721855e-05,1.913392027325415,0.0,0.0,0.0
4439,2774,-283.81845,391.7737,-0.011185989,0.0,-0.0,0.0,0.0,7.3782964150265515e-06,1.7642974900721855e-05,1.913392027325415,0.0,0.0,0.0
4440,2774,-283.81845,391.7737,-0.011185989,0.0,-0.0,0.0,0.0,7.3782964150265515e-06,1.7642974900721855e-05,1.913392027325415,0.0,0.0,0.0
4441,2774,-283.81845,391.7737,-0.011185989,0.0,-0.0,0.0,0.0,7.3782964150265515e-06,1.7642974900721855e-05,1.913392027325415,0.0,0.0,0.0
4442,2774,-283.81845,391.7737,-0.011185989,0.0,-0.0,0.0,0.0,7.3782964150265515e-06,1.7642974900721855e-05,1.913392027325415,0.0,0.0,0.0
4443,2774,-283.81845,391.7737,-0.011185989,0.0,-0.0,0.0,0.0,7.3782964150265515e-06,1.7642974900721855e-05,1.913392027325415,0.0,0.0,0.0
4444,2774,-283.81845,391.7737,-0.011185989,0.0,-0.0,0.0,0.0,7.3782964150265515e-06,1.7642974900721855e-05,1.913392027325415,0.0,0.0,0.0
4445,2774,-283.81845,391.7737,-0.011185989,0.0,-0.0,0.0,0.0,7.3782964150265515e-06,1.7642974900721855e-05,1.913392027325415,0.0,0.0,0.0
4446,2774,-283.81845,391.7737,-0.011185989,0.0,-0.0,0.0,0.0,7.3782964150265515e-06,1.7642974900721855e-05,1.913392027325415,0.0,0.0,0.0
4447,2774,-283.81845,391.7737,-0.011185989,0.0,-0.0,0.0,0.0,7.3782964150265515e-06,1.7642974900721855e-05,1.913392027325415,0.0,0.0,0.0
4448,2774,-283.81845,391.7737,-0.011185989,0.0,-0.0,0.0,0.0,7.3782964150265515e-06,1.7642974900721855e-05,1.913392027325415,0.0,0.0,0.0
4449,2774,-283.81845,391.7737,-0.011185989,0.0,-0.0,0.0,0.0,7.3782964150265515e-06,1.7642974900721855e-05,1.913392027325415,0.0,0.0,0.0
4450,2774,-283.81845,391.7737,-0.011185989,0.0,-0.0,0.0,0.0,7.3782964150265515e-06,1.7642974900721855e-05,1.913392027325415,0.0,0.0,0.0
4451,2774,-283.81845,391.7737,-0.011185989,0.0,-0.0,0.0,0.0,7.3782964150265515e-06,1.7642974900721855e-05,1.913392027325415,0.0,0.0,0.0
4452,2774,-283.81845,391.7737,-0.011185989,0.0,-0.0,0.0,0.0,7.3782964150265515e-06,1.7642974900721855e-05,1.913392027325415,0.0,0.0,0.0
4453,2774,-283.81845,391.7737,-0.011185989,0.0,-0.0,0.0,0.0,7.3782964150265515e-06,1.7642974900721855e-05,1.913392027325415,0.0,0.0,0.0
4454,2774,-283.81845,391.7737,-0.011185989,0.0,-0.0,0.0,0.0,7.3782964150265515e-06,1.7642974900721855e-05,1.913392027325415,0.0,0.0,0.0
4455,2774,-283.81845,391.7737,-0.011185989,0.0,-0.0,0.0,0.0,7.3782964150265515e-06,1.7642974900721855e-05,1.913392027325415,0.0,0.0,0.0
4456,2774,-283.81845,391.7737,-0.011185989,0.0,-0.0,0.0,0.0,7.3782964150265515e-06,1.7642974900721855e-05,1.913392027325415,0.0,0.0,0.0
4457,2774,-283.81845,391.7737,-0.011185989,0.0,-0.0,0.0,0.0,7.3782964150265515e-06,1.7642974900721855e-05,1.913392027325415,0.0,0.0,0.0
4458,2774,-283.81845,391.7737,-0.011185989,0.0,-0.0,0.0,0.0,7.3782964150265515e-06,1.7642974900721855e-05,1.913392027325415,0.0,0.0,0.0
4459,2774,-283.81845,391.7737,-0.011185989,0.0,-0.0,0.0,0.0,7.3782964150265515e-06,1.7642974900721855e-05,1.913392027325415,0.0,0.0,0.0
4460,2774,-283.81845,391.7737,-0.011185989,0.0,-0.0,0.0,0.0,7.3782964150265515e-06,1.7642974900721855e-05,1.913392027325415,0.0,0.0,0.0
4461,2774,-283.81845,391.7737,-0.011185989,0.0,-0.0,0.0,0.0,7.3782964150265515e-06,1.7642974900721855e-05,1.913392027325415,0.0,0.0,0.0
4462,2774,-283.81845,391.7737,-0.011185989,0.0,-0.0,0.0,0.0,7.3782964150265515e-06,1.7642974900721855e-05,1.913392027325415,0.0,0.0,0.0
4463,2774,-283.81845,391.7737,-0.011185989,0.0,-0.0,0.0,0.0,7.3782964150265515e-06,1.7642974900721855e-05,1.913392027325415,0.0,0.0,0.0
4464,2774,-283.81845,391.7737,-0.011185989,0.0,-0.0,0.0,0.0,7.3782964150265515e-06,1.7642974900721855e-05,1.913392027325415,0.0,0.0,0.0
4465,2774,-283.81845,391.7737,-0.011185989,0.0,-0.0,0.0,0.0,7.3782964150265515e-06,1.7642974900721855e-05,1.913392027325415,0.0,0.0,0.0
4466,2774,-283.81845,391.7737,-0.011185989,0.0,-0.0,0.0,0.0,7.3782964150265515e-06,1.7642974900721855e-05,1.913392027325415,0.0,0.0,0.0
4467,2774,-283.81845,391.7737,-0.011185989,0.0,-0.0,0.0,0.0,7.3782964150265515e-06,1.7642974900721855e-05,1.913392027325415,0.0,0.0,0.0
4468,2774,-283.81845,391.7737,-0.011185989,0.0,-0.0,0.0,0.0,7.3782964150265515e-06,1.7642974900721855e-05,1.913392027325415,0.0,0.0,0.0
4469,2774,-283.81845,391.7737,-0.011185989,0.0,-0.0,0.0,0.0,7.3782964150265515e-06,1.7642974900721855e-05,1.913392027325415,0.0,0.0,0.0
4470,2774,-283.81845,391.7737,-0.011185989,0.0,-0.0,0.0,0.0,7.3782964150265515e-06,1.7642974900721855e-05,1.913392027325415,0.0,0.0,0.0
4471,2774,-283.81845,391.7737,-0.011185989,0.0,-0.0,0.0,0.0,7.3782964150265515e-06,1.7642974900721855e-05,1.913392027325415,0.0,0.0,0.0
4472,2774,-283.81845,391.7737,-0.011185989,0.0,-0.0,0.0,0.0,7.3782964150265515e-06,1.7642974900721855e-05,1.913392027325415,0.0,0.0,0.0
4473,2774,-283.81845,391.7737,-0.011185989,0.0,-0.0,0.0,0.0,7.3782964150265515e-06,1.7642974900721855e-05,1.913392027325415,0.0,0.0,0.0
4474,2774,-283.81845,391.7737,-0.011185989,0.0,-0.0,0.0,0.0,7.3782964150265515e-06,1.7642974900721855e-05,1.913392027325415,0.0,0.0,0.0
4475,2774,-283.81845,391.7737,-0.011185989,0.0,-0.0,0.0,0.0,7.3782964150265515e-06,1.7642974900721855e-05,1.913392027325415,0.0,0.0,0.0
4476,2774,-283.81845,391.7737,-0.011185989,0.0,-0.0,0.0,0.0,7.3782964150265515e-06,1.7642974900721855e-05,1.913392027325415,0.0,0.0,0.0
4477,2774,-283.81845,391.7737,-0.011185989,0.0,-0.0,0.0,0.0,7.3782964150265515e-06,1.7642974900721855e-05,1.913392027325415,0.0,0.0,0.0
4478,2774,-283.81845,391.7737,-0.011185989,0.0,-0.0,0.0,0.0,7.3782964150265515e-06,1.7642974900721855e-05,1.913392027325415,0.0,0.0,0.0
4479,2774,-283.81845,391.7737,-0.011185989,0.0,-0.0,0.0,0.0,7.3782964150265515e-06,1.7642974900721855e-05,1.913392027325415,0.0,0.0,0.0
4480,2774,-283.81845,391.7737,-0.011185989,0.0,-0.0,0.0,0.0,7.3782964150265515e-06,1.7642974900721855e-05,1.913392027325415,0.0,0.0,0.0
4481,2774,-283.81845,391.7737,-0.011185989,0.0,-0.0,0.0,0.0,7.3782964150265515e-06,1.7642974900721855e-05,1.913392027325415,0.0,0.0,0.0
4482,2774,-283.81845,391.7737,-0.011185989,0.0,-0.0,0.0,0.0,7.3782964150265515e-06,1.7642974900721855e-05,1.913392027325415,0.0,0.0,0.0
4483,2774,-283.81845,391.7737,-0.011185989,0.0,-0.0,0.0,0.0,7.3782964150265515e-06,1.7642974900721855e-05,1.913392027325415,0.0,0.0,0.0
4484,2774,-283.81845,391.7737,-0.011185989,0.0,-0.0,0.0,0.0,7.3782964150265515e-06,1.7642974900721855e-05,1.913392027325415,0.0,0.0,0.0
4485,2774,-283.81845,391.7737,-0.011185989,0.0,-0.0,0.0,0.0,7.3782964150265515e-06,1.7642974900721855e-05,1.913392027325415,0.0,0.0,0.0
4486,2774,-283.81845,391.7737,-0.011185989,0.0,-0.0,0.0,0.0,7.3782964150265515e-06,1.7642974900721855e-05,1.913392027325415,0.0,0.0,0.0
4487,2774,-283.81845,391.7737,-0.011185989,0.0,-0.0,0.0,0.0,7.3782964150265515e-06,1.7642974900721855e-05,1.913392027325415,0.0,0.0,0.0
4488,2774,-283.81845,391.7737,-0.011185989,0.0,-0.0,0.0,0.0,7.3782964150265515e-06,1.7642974900721855e-05,1.913392027325415,0.0,0.0,0.0
4489,2774,-283.81845,391.7737,-0.011185989,0.0,-0.0,0.0,0.0,7.3782964150265515e-06,1.7642974900721855e-05,1.913392027325415,0.0,0.0,0.0
4490,2774,-283.81845,391.7737,-0.011185989,0.0,-0.0,0.0,0.0,7.3782964150265515e-06,1.7642974900721855e-05,1.913392027325415,0.0,0.0,0.0
4491,2774,-283.81845,391.7737,-0.011185989,0.0,-0.0,0.0,0.0,7.3782964150265515e-06,1.7642974900721855e-05,1.913392027325415,0.0,0.0,0.0
4492,2774,-283.81845,391.7737,-0.011185989,0.0,-0.0,0.0,0.0,7.3782964150265515e-06,1.7642974900721855e-05,1.913392027325415,0.0,0.0,0.0
4493,2774,-283.81845,391.7737,-0.011185989,0.0,-0.0,0.0,0.0,7.3782964150265515e-06,1.7642974900721855e-05,1.913392027325415,0.0,0.0,0.0
4494,2774,-283.81845,391.7737,-0.011185989,0.0,-0.0,0.0,0.0,7.3782964150265515e-06,1.7642974900721855e-05,1.913392027325415,0.0,0.0,0.0
4495,2774,-283.81845,391.7737,-0.011185989,0.0,-0.0,0.0,0.0,7.3782964150265515e-06,1.7642974900721855e-05,1.913392027325415,0.0,0.0,0.0
4496,2774,-283.81845,391.7737,-0.011185989,0.0,-0.0,0.0,0.0,7.3782964150265515e-06,1.7642974900721855e-05,1.913392027325415,0.0,0.0,0.0
4497,2774,-283.81845,391.7737,-0.011185989,0.0,-0.0,0.0,0.0,7.3782964150265515e-06,1.7642974900721855e-05,1.913392027325415,0.0,0.0,0.0
4498,2774,-283.81845,391.7737,-0.011185989,0.0,-0.0,0.0,0.0,7.3782964150265515e-06,1.7642974900721855e-05,1.913392027325415,0.0,0.0,0.0
4499,2774,-283.81845,391.7737,-0.011185989,0.0,-0.0,0.0,0.0,7.3782964150265515e-06,1.7642974900721855e-05,1.913392027325415,0.0,0.0,0.0
4500,2774,-283.81845,391.7737,-0.011185989,0.0,-0.0,0.0,0.0,7.3782964150265515e-06,1.7642974900721855e-05,1.913392027325415,0.0,0.0,0.0
4501,2774,-283.81845,391.7737,-0.011185989,0.0,-0.0,0.0,0.0,7.3782964150265515e-06,1.7642974900721855e-05,1.913392027325415,0.0,0.0,0.0
4502,2774,-283.81845,391.7737,-0.011185989,0.0,-0.0,0.0,0.0,7.3782964150265515e-06,1.7642974900721855e-05,1.913392027325415,0.0,0.0,0.0
4503,2774,-283.81845,391.7737,-0.011185989,0.0,-0.0,0.0,0.0,7.3782964150265515e-06,1.7642974900721855e-05,1.913392027325415,0.0,0.0,0.0
4504,2774,-283.81845,391.7737,-0.011185989,0.0,-0.0,0.0,0.0,7.3782964150265515e-06,1.7642974900721855e-05,1.913392027325415,0.0,0.0,0.0
4505,2774,-283.81845,391.7737,-0.011185989,0.0,-0.0,0.0,0.0,7.3782964150265515e-06,1.7642974900721855e-05,1.913392027325415,0.0,0.0,0.0
4506,2774,-283.81845,391.7737,-0.011185989,0.0,-0.0,0.0,0.0,7.3782964150265515e-06,1.7642974900721855e-05,1.913392027325415,0.0,0.0,0.0
4507,2774,-283.81845,391.7737,-0.011185989,0.0,-0.0,0.0,0.0,7.3782964150265515e-06,1.7642974900721855e-05,1.913392027325415,0.0,0.0,0.0
4508,2774,-283.81845,391.7737,-0.011185989,0.0,-0.0,0.0,0.0,7.3782964150265515e-06,1.7642974900721855e-05,1.913392027325415,0.0,0.0,0.0
4509,2774,-283.81845,391.7737,-0.011185989,0.0,-0.0,0.0,0.0,7.3782964150265515e-06,1.7642974900721855e-05,1.913392027325415,0.0,0.0,0.0
4510,2774,-283.81845,391.7737,-0.011185989,0.0,-0.0,0.0,0.0,7.3782964150265515e-06,1.7642974900721855e-05,1.913392027325415,0.0,0.0,0.0
4511,2774,-283.81845,391.7737,-0.011185989,0.0,-0.0,0.0,0.0,7.3782964150265515e-06,1.7642974900721855e-05,1.913392027325415,0.0,0.0,0.0
4512,2774,-283.81845,391.7737,-0.011185989,0.0,-0.0,0.0,0.0,7.3782964150265515e-06,1.7642974900721855e-05,1.913392027325415,0.0,0.0,0.0
4513,2774,-283.81845,391.7737,-0.011185989,0.0,-0.0,0.0,0.0,7.3782964150265515e-06,1.7642974900721855e-05,1.913392027325415,0.0,0.0,0.0
4514,2774,-283.81845,391.7737,-0.011185989,0.0,-0.0,0.0,0.0,7.3782964150265515e-06,1.7642974900721855e-05,1.913392027325415,0.0,0.0,0.0
4515,2774,-283.81845,391.7737,-0.011185989,0.0,-0.0,0.0,0.0,7.3782964150265515e-06,1.7642974900721855e-05,1.913392027325415,0.0,0.0,0.0
4516,2774,-283.81845,391.7737,-0.011185989,0.0,-0.0,0.0,0.0,7.3782964150265515e-06,1.7642974900721855e-05,1.913392027325415,0.0,0.0,0.0
4517,2774,-283.81845,391.7737,-0.011185989,0.0,-0.0,0.0,0.0,7.3782964150265515e-06,1.7642974900721855e-05,1.913392027325415,0.0,0.0,0.0
4518,2774,-283.81845,391.7737,-0.011185989,0.0,-0.0,0.0,0.0,7.3782964150265515e-06,1.7642974900721855e-05,1.913392027325415,0.0,0.0,0.0
4519,2774,-283.81845,391.7737,-0.011185989,0.0,-0.0,0.0,0.0,7.3782964150265515e-06,1.7642974900721855e-05,1.913392027325415,0.0,0.0,0.0
4520,2774,-283.81845,391.7737,-0.011185989,0.0,-0.0,0.0,0.0,7.3782964150265515e-06,1.7642974900721855e-05,1.913392027325415,0.0,0.0,0.0
4521,2774,-283.81845,391.7737,-0.011185989,0.0,-0.0,0.0,0.0,7.3782964150265515e-06,1.7642974900721855e-05,1.913392027325415,0.0,0.0,0.0
4522,2774,-283.81845,391.7737,-0.011185989,0.0,-0.0,0.0,0.0,7.3782964150265515e-06,1.7642974900721855e-05,1.913392027325415,0.0,0.0,0.0
4523,2774,-283.81845,391.7737,-0.011185989,0.0,-0.0,0.0,0.0,7.3782964150265515e-06,1.7642974900721855e-05,1.913392027325415,0.0,0.0,0.0
4524,2774,-283.81845,391.7737,-0.011185989,0.0,-0.0,0.0,0.0,7.3782964150265515e-06,1.7642974900721855e-05,1.913392027325415,0.0,0.0,0.0
4525,2774,-283.81845,391.7737,-0.011185989,0.0,-0.0,0.0,0.0,7.3782964150265515e-06,1.7642974900721855e-05,1.913392027325415,0.0,0.0,0.0
4526,2774,-283.81845,391.7737,-0.011185989,0.0,-0.0,0.0,0.0,7.3782964150265515e-06,1.7642974900721855e-05,1.913392027325415,0.0,0.0,0.0
4527,2774,-283.81845,391.7737,-0.011185989,0.0,-0.0,0.0,0.0,7.3782964150265515e-06,1.7642974900721855e-05,1.913392027325415,0.0,0.0,0.0
4528,2774,-283.81845,391.7737,-0.011185989,0.0,-0.0,0.0,0.0,7.3782964150265515e-06,1.7642974900721855e-05,1.913392027325415,0.0,0.0,0.0
4529,2774,-283.81845,391.7737,-0.011185989,0.0,-0.0,0.0,0.0,7.3782964150265515e-06,1.7642974900721855e-05,1.913392027325415,0.0,0.0,0.0
4530,2774,-283.81845,391.7737,-0.011185989,0.0,-0.0,0.0,0.0,7.3782964150265515e-06,1.7642974900721855e-05,1.913392027325415,0.0,0.0,0.0
4531,2774,-283.81845,391.7737,-0.011185989,0.0,-0.0,0.0,0.0,7.3782964150265515e-06,1.7642974900721855e-05,1.913392027325415,0.0,0.0,0.0
4532,2774,-283.81845,391.7737,-0.011185989,0.0,-0.0,0.0,0.0,7.3782964150265515e-06,1.7642974900721855e-05,1.913392027325415,0.0,0.0,0.0
4533,2774,-283.81845,391.7737,-0.011185989,0.0,-0.0,0.0,0.0,7.3782964150265515e-06,1.7642974900721855e-05,1.913392027325415,0.0,0.0,0.0
4534,2774,-283.81845,391.7737,-0.011185989,0.0,-0.0,0.0,0.0,7.3782964150265515e-06,1.7642974900721855e-05,1.913392027325415,0.0,0.0,0.0
4535,2774,-283.81845,391.7737,-0.011185989,0.0,-0.0,0.0,0.0,7.3782964150265515e-06,1.7642974900721855e-05,1.913392027325415,0.0,0.0,0.0
4536,2774,-283.81845,391.7737,-0.011185989,0.0,-0.0,0.0,0.0,7.3782964150265515e-06,1.7642974900721855e-05,1.913392027325415,0.0,0.0,0.0
4537,2774,-283.81845,391.7737,-0.011185989,0.0,-0.0,0.0,0.0,7.3782964150265515e-06,1.7642974900721855e-05,1.913392027325415,0.0,0.0,0.0
4538,2774,-283.81845,391.7737,-0.011185989,0.0,-0.0,0.0,0.0,7.3782964150265515e-06,1.7642974900721855e-05,1.913392027325415,0.0,0.0,0.0
4539,2774,-283.81845,391.7737,-0.011185989,0.0,-0.0,0.0,0.0,7.3782964150265515e-06,1.7642974900721855e-05,1.913392027325415,0.0,0.0,0.0
4540,2774,-283.81845,391.7737,-0.011185989,0.0,-0.0,0.0,0.0,7.3782964150265515e-06,1.7642974900721855e-05,1.913392027325415,0.0,0.0,0.0
4541,2774,-283.81845,391.7737,-0.011185989,0.0,-0.0,0.0,0.0,7.3782964150265515e-06,1.7642974900721855e-05,1.913392027325415,0.0,0.0,0.0
4542,2774,-283.81845,391.7737,-0.011185989,0.0,-0.0,0.0,0.0,7.3782964150265515e-06,1.7642974900721855e-05,1.913392027325415,0.0,0.0,0.0
4543,2774,-283.81845,391.7737,-0.011185989,0.0,-0.0,0.0,0.0,7.3782964150265515e-06,1.7642974900721855e-05,1.913392027325415,0.0,0.0,0.0
4544,2774,-283.81845,391.7737,-0.011185989,0.0,-0.0,0.0,0.0,7.3782964150265515e-06,1.7642974900721855e-05,1.913392027325415,0.0,0.0,0.0
4545,2774,-283.81845,391.7737,-0.011185989,0.0,-0.0,0.0,0.0,7.3782964150265515e-06,1.7642974900721855e-05,1.913392027325415,0.0,0.0,0.0
4546,2774,-283.81845,391.7737,-0.011185989,0.0,-0.0,0.0,0.0,7.3782964150265515e-06,1.7642974900721855e-05,1.913392027325415,0.0,0.0,0.0
4547,2774,-283.81845,391.7737,-0.011185989,0.0,-0.0,0.0,0.0,7.3782964150265515e-06,1.7642974900721855e-05,1.913392027325415,0.0,0.0,0.0
4548,2774,-283.81845,391.7737,-0.011185989,0.0,-0.0,0.0,0.0,7.3782964150265515e-06,1.7642974900721855e-05,1.913392027325415,0.0,0.0,0.0
4549,2774,-283.81845,391.7737,-0.011185989,0.0,-0.0,0.0,0.0,7.3782964150265515e-06,1.7642974900721855e-05,1.913392027325415,0.0,0.0,0.0
4550,2774,-283.81845,391.7737,-0.011185989,0.0,-0.0,0.0,0.0,7.3782964150265515e-06,1.7642974900721855e-05,1.913392027325415,0.0,0.0,0.0
4551,2774,-283.81845,391.7737,-0.011185989,0.0,-0.0,0.0,0.0,7.3782964150265515e-06,1.7642974900721855e-05,1.913392027325415,0.0,0.0,0.0
4552,2774,-283.81845,391.7737,-0.011185989,0.0,-0.0,0.0,0.0,7.3782964150265515e-06,1.7642974900721855e-05,1.913392027325415,0.0,0.0,0.0
4553,2774,-283.81845,391.7737,-0.011185989,0.0,-0.0,0.0,0.0,7.3782964150265515e-06,1.7642974900721855e-05,1.913392027325415,0.0,0.0,0.0
4554,2774,-283.81845,391.7737,-0.011185989,0.0,-0.0,0.0,0.0,7.3782964150265515e-06,1.7642974900721855e-05,1.913392027325415,0.0,0.0,0.0
4555,2774,-283.81845,391.7737,-0.011185989,0.0,-0.0,0.0,0.0,7.3782964150265515e-06,1.7642974900721855e-05,1.913392027325415,0.0,0.0,0.0
4556,2774,-283.81845,391.7737,-0.011185989,0.0,-0.0,0.0,0.0,7.3782964150265515e-06,1.7642974900721855e-05,1.913392027325415,0.0,0.0,0.0
4557,2774,-283.81845,391.7737,-0.011185989,0.0,-0.0,0.0,0.0,7.3782964150265515e-06,1.7642974900721855e-05,1.913392027325415,0.0,0.0,0.0
4558,2774,-283.81845,391.7737,-0.011185989,0.0,-0.0,0.0,0.0,7.3782964150265515e-06,1.7642974900721855e-05,1.913392027325415,0.0,0.0,0.0
4559,2774,-283.81845,391.7737,-0.011185989,0.0,-0.0,0.0,0.0,7.3782964150265515e-06,1.7642974900721855e-05,1.913392027325415,0.0,0.0,0.0
4560,2774,-283.81845,391.7737,-0.011185989,0.0,-0.0,0.0,0.0,7.3782964150265515e-06,1.7642974900721855e-05,1.913392027325415,0.0,0.0,0.0
4561,2774,-283.81845,391.7737,-0.011185989,0.0,-0.0,0.0,0.0,7.3782964150265515e-06,1.7642974900721855e-05,1.913392027325415,0.0,0.0,0.0
4562,2774,-283.81845,391.7737,-0.011185989,0.0,-0.0,0.0,0.0,7.3782964150265515e-06,1.7642974900721855e-05,1.913392027325415,0.0,0.0,0.0
4563,2774,-283.81845,391.7737,-0.011185989,0.0,-0.0,0.0,0.0,7.3782964150265515e-06,1.7642974900721855e-05,1.913392027325415,0.0,0.0,0.0
4564,2774,-283.81845,391.7737,-0.011185989,0.0,-0.0,0.0,0.0,7.3782964150265515e-06,1.7642974900721855e-05,1.913392027325415,0.0,0.0,0.0
4565,2774,-283.81845,391.7737,-0.011185989,0.0,-0.0,0.0,0.0,7.3782964150265515e-06,1.7642974900721855e-05,1.913392027325415,0.0,0.0,0.0
4566,2774,-283.81845,391.7737,-0.011185989,0.0,-0.0,0.0,0.0,7.3782964150265515e-06,1.7642974900721855e-05,1.913392027325415,0.0,0.0,0.0
4567,2774,-283.81845,391.7737,-0.011185989,0.0,-0.0,0.0,0.0,7.3782964150265515e-06,1.7642974900721855e-05,1.913392027325415,0.0,0.0,0.0
4568,2774,-283.81845,391.7737,-0.011185989,0.0,-0.0,0.0,0.0,7.3782964150265515e-06,1.7642974900721855e-05,1.913392027325415,0.0,0.0,0.0
4569,2774,-283.81845,391.7737,-0.011185989,0.0,-0.0,0.0,0.0,7.3782964150265515e-06,1.7642974900721855e-05,1.913392027325415,0.0,0.0,0.0
4570,2774,-283.81845,391.7737,-0.011185989,0.0,-0.0,0.0,0.0,7.3782964150265515e-06,1.7642974900721855e-05,1.913392027325415,0.0,0.0,0.0
4571,2774,-283.81845,391.7737,-0.011185989,0.0,-0.0,0.0,0.0,7.3782964150265515e-06,1.7642974900721855e-05,1.913392027325415,0.0,0.0,0.0
4572,2774,-283.81845,391.7737,-0.011185989,0.0,-0.0,0.0,0.0,7.3782964150265515e-06,1.7642974900721855e-05,1.913392027325415,0.0,0.0,0.0
4573,2774,-283.81845,391.7737,-0.011185989,0.0,-0.0,0.0,0.0,7.3782964150265515e-06,1.7642974900721855e-05,1.913392027325415,0.0,0.0,0.0
4574,2774,-283.81845,391.7737,-0.011185989,0.0,-0.0,0.0,0.0,7.3782964150265515e-06,1.7642974900721855e-05,1.913392027325415,0.0,0.0,0.0
4575,2774,-283.81845,391.7737,-0.011185989,0.0,-0.0,0.0,0.0,7.3782964150265515e-06,1.7642974900721855e-05,1.913392027325415,0.0,0.0,0.0
4576,2774,-283.81845,391.7737,-0.011185989,0.0,-0.0,0.0,0.0,7.3782964150265515e-06,1.7642974900721855e-05,1.913392027325415,0.0,0.0,0.0
4577,2774,-283.81845,391.7737,-0.011185989,0.0,-0.0,0.0,0.0,7.3782964150265515e-06,1.7642974900721855e-05,1.913392027325415,0.0,0.0,0.0
4578,2774,-283.81845,391.7737,-0.011185989,0.0,-0.0,0.0,0.0,7.3782964150265515e-06,1.7642974900721855e-05,1.913392027325415,0.0,0.0,0.0
4579,2774,-283.81845,391.7737,-0.011185989,0.0,-0.0,0.0,0.0,7.3782964150265515e-06,1.7642974900721855e-05,1.913392027325415,0.0,0.0,0.0
4580,2774,-283.81845,391.7737,-0.011185989,0.0,-0.0,0.0,0.0,7.3782964150265515e-06,1.7642974900721855e-05,1.913392027325415,0.0,0.0,0.0
4581,2774,-283.81845,391.7737,-0.011185989,0.0,-0.0,0.0,0.0,7.3782964150265515e-06,1.7642974900721855e-05,1.913392027325415,0.0,0.0,0.0
4582,2774,-283.81845,391.7737,-0.011185989,0.0,-0.0,0.0,0.0,7.3782964150265515e-06,1.7642974900721855e-05,1.913392027325415,0.0,0.0,0.0
4583,2774,-283.81845,391.7737,-0.011185989,0.0,-0.0,0.0,0.0,7.3782964150265515e-06,1.7642974900721855e-05,1.913392027325415,0.0,0.0,0.0
4584,2774,-283.81845,391.7737,-0.011185989,0.0,-0.0,0.0,0.0,7.3782964150265515e-06,1.7642974900721855e-05,1.913392027325415,0.0,0.0,0.0
4585,2774,-283.81845,391.7737,-0.011185989,0.0,-0.0,0.0,0.0,7.3782964150265515e-06,1.7642974900721855e-05,1.913392027325415,0.0,0.0,0.0
4586,2774,-283.81845,391.7737,-0.011185989,0.0,-0.0,0.0,0.0,7.3782964150265515e-06,1.7642974900721855e-05,1.913392027325415,0.0,0.0,0.0
4587,2774,-283.81845,391.7737,-0.011185989,0.0,-0.0,0.0,0.0,7.3782964150265515e-06,1.7642974900721855e-05,1.913392027325415,0.0,0.0,0.0
4588,2774,-283.81845,391.7737,-0.011185989,0.0,-0.0,0.0,0.0,7.3782964150265515e-06,1.7642974900721855e-05,1.913392027325415,0.0,0.0,0.0
4589,2774,-283.81845,391.7737,-0.011185989,0.0,-0.0,0.0,0.0,7.3782964150265515e-06,1.7642974900721855e-05,1.913392027325415,0.0,0.0,0.0
4590,2774,-283.81845,391.7737,-0.011185989,0.0,-0.0,0.0,0.0,7.3782964150265515e-06,1.7642974900721855e-05,1.913392027325415,0.0,0.0,0.0
4591,2774,-283.81845,391.7737,-0.011185989,0.0,-0.0,0.0,0.0,7.3782964150265515e-06,1.7642974900721855e-05,1.913392027325415,0.0,0.0,0.0
4592,2774,-283.81845,391.7737,-0.011185989,0.0,-0.0,0.0,0.0,7.3782964150265515e-06,1.7642974900721855e-05,1.913392027325415,0.0,0.0,0.0
4593,2774,-283.81845,391.7737,-0.011185989,0.0,-0.0,0.0,0.0,7.3782964150265515e-06,1.7642974900721855e-05,1.913392027325415,0.0,0.0,0.0
4594,2774,-283.81845,391.7737,-0.011185989,0.0,-0.0,0.0,0.0,7.3782964150265515e-06,1.7642974900721855e-05,1.913392027325415,0.0,0.0,0.0
4595,2774,-283.81845,391.7737,-0.011185989,0.0,-0.0,0.0,0.0,7.3782964150265515e-06,1.7642974900721855e-05,1.913392027325415,0.0,0.0,0.0
4596,2774,-283.81845,391.7737,-0.011185989,0.0,-0.0,0.0,0.0,7.3782964150265515e-06,1.7642974900721855e-05,1.913392027325415,0.0,0.0,0.0
4597,2774,-283.81845,391.7737,-0.011185989,0.0,-0.0,0.0,0.0,7.3782964150265515e-06,1.7642974900721855e-05,1.913392027325415,0.0,0.0,0.0
4598,2774,-283.81845,391.7737,-0.011185989,0.0,-0.0,0.0,0.0,7.3782964150265515e-06,1.7642974900721855e-05,1.913392027325415,0.0,0.0,0.0
4599,2774,-283.81845,391.7737,-0.011185989,0.0,-0.0,0.0,0.0,7.3782964150265515e-06,1.7642974900721855e-05,1.913392027325415,0.0,0.0,0.0
4600,2774,-283.81845,391.7737,-0.011185989,0.0,-0.0,0.0,0.0,7.3782964150265515e-06,1.7642974900721855e-05,1.913392027325415,0.0,0.0,0.0
4601,2774,-283.81845,391.7737,-0.011185989,0.0,-0.0,0.0,0.0,7.3782964150265515e-06,1.7642974900721855e-05,1.913392027325415,0.0,0.0,0.0
4602,2774,-283.81845,391.7737,-0.011185989,0.0,-0.0,0.0,0.0,7.3782964150265515e-06,1.7642974900721855e-05,1.913392027325415,0.0,0.0,0.0
4603,2774,-283.81845,391.7737,-0.011185989,0.0,-0.0,0.0,0.0,7.3782964150265515e-06,1.7642974900721855e-05,1.913392027325415,0.0,0.0,0.0
4604,2774,-283.81845,391.7737,-0.011185989,0.0,-0.0,0.0,0.0,7.3782964150265515e-06,1.7642974900721855e-05,1.913392027325415,0.0,0.0,0.0
4605,2774,-283.81845,391.7737,-0.011185989,0.0,-0.0,0.0,0.0,7.3782964150265515e-06,1.7642974900721855e-05,1.913392027325415,0.0,0.0,0.0
4606,2774,-283.81845,391.7737,-0.011185989,0.0,-0.0,0.0,0.0,7.3782964150265515e-06,1.7642974900721855e-05,1.913392027325415,0.0,0.0,0.0
4607,2774,-283.81845,391.7737,-0.011185989,0.0,-0.0,0.0,0.0,7.3782964150265515e-06,1.7642974900721855e-05,1.913392027325415,0.0,0.0,0.0
4608,2774,-283.81845,391.7737,-0.011185989,0.0,-0.0,0.0,0.0,7.3782964150265515e-06,1.7642974900721855e-05,1.913392027325415,0.0,0.0,0.0
4609,2774,-283.81845,391.7737,-0.011185989,0.0,-0.0,0.0,0.0,7.3782964150265515e-06,1.7642974900721855e-05,1.913392027325415,0.0,0.0,0.0
4610,2774,-283.81845,391.7737,-0.011185989,0.0,-0.0,0.0,0.0,7.3782964150265515e-06,1.7642974900721855e-05,1.913392027325415,0.0,0.0,0.0
4611,2774,-283.81845,391.7737,-0.011185989,0.0,-0.0,0.0,0.0,7.3782964150265515e-06,1.7642974900721855e-05,1.913392027325415,0.0,0.0,0.0
4612,2774,-283.81845,391.7737,-0.011185989,0.0,-0.0,0.0,0.0,7.3782964150265515e-06,1.7642974900721855e-05,1.913392027325415,0.0,0.0,0.0
4613,2774,-283.81845,391.7737,-0.011185989,0.0,-0.0,0.0,0.0,7.3782964150265515e-06,1.7642974900721855e-05,1.913392027325415,0.0,0.0,0.0
4614,2774,-283.81845,391.7737,-0.011185989,0.0,-0.0,0.0,0.0,7.3782964150265515e-06,1.7642974900721855e-05,1.913392027325415,0.0,0.0,0.0
4615,2774,-283.81845,391.7737,-0.011185989,0.0,-0.0,0.0,0.0,7.3782964150265515e-06,1.7642974900721855e-05,1.913392027325415,0.0,0.0,0.0
4616,2774,-283.81845,391.7737,-0.011185989,0.0,-0.0,0.0,0.0,7.3782964150265515e-06,1.7642974900721855e-05,1.913392027325415,0.0,0.0,0.0
4617,2774,-283.81845,391.7737,-0.011185989,0.0,-0.0,0.0,0.0,7.3782964150265515e-06,1.7642974900721855e-05,1.913392027325415,0.0,0.0,0.0
4618,2774,-283.81845,391.7737,-0.011185989,0.0,-0.0,0.0,0.0,7.3782964150265515e-06,1.7642974900721855e-05,1.913392027325415,0.0,0.0,0.0
4619,2774,-283.81845,391.7737,-0.011185989,0.0,-0.0,0.0,0.0,7.3782964150265515e-06,1.7642974900721855e-05,1.913392027325415,0.0,0.0,0.0
4620,2774,-283.81845,391.7737,-0.011185989,0.0,-0.0,0.0,0.0,7.3782964150265515e-06,1.7642974900721855e-05,1.913392027325415,0.0,0.0,0.0
4621,2774,-283.81845,391.7737,-0.011185989,0.0,-0.0,0.0,0.0,7.3782964150265515e-06,1.7642974900721855e-05,1.913392027325415,0.0,0.0,0.0
4622,2774,-283.81845,391.7737,-0.011185989,0.0,-0.0,0.0,0.0,7.3782964150265515e-06,1.7642974900721855e-05,1.913392027325415,0.0,0.0,0.0
4623,2774,-283.81845,391.7737,-0.011185989,0.0,-0.0,0.0,0.0,7.3782964150265515e-06,1.7642974900721855e-05,1.913392027325415,0.0,0.0,0.0
4624,2774,-283.81845,391.7737,-0.011185989,0.0,-0.0,0.0,0.0,7.3782964150265515e-06,1.7642974900721855e-05,1.913392027325415,0.0,0.0,0.0
4625,2774,-283.81845,391.7737,-0.011185989,0.0,-0.0,0.0,0.0,7.3782964150265515e-06,1.7642974900721855e-05,1.913392027325415,0.0,0.0,0.0
4626,2774,-283.81845,391.7737,-0.011185989,0.0,-0.0,0.0,0.0,7.3782964150265515e-06,1.7642974900721855e-05,1.913392027325415,0.0,0.0,0.0
4627,2774,-283.81845,391.7737,-0.011185989,0.0,-0.0,0.0,0.0,7.3782964150265515e-06,1.7642974900721855e-05,1.913392027325415,0.0,0.0,0.0
4628,2774,-283.81845,391.7737,-0.011185989,0.0,-0.0,0.0,0.0,7.3782964150265515e-06,1.7642974900721855e-05,1.913392027325415,0.0,0.0,0.0
4629,2774,-283.81845,391.7737,-0.011185989,0.0,-0.0,0.0,0.0,7.3782964150265515e-06,1.7642974900721855e-05,1.913392027325415,0.0,0.0,0.0
4630,2774,-283.81845,391.7737,-0.011185989,0.0,-0.0,0.0,0.0,7.3782964150265515e-06,1.7642974900721855e-05,1.913392027325415,0.0,0.0,0.0
4631,2774,-283.81845,391.7737,-0.011185989,0.0,-0.0,0.0,0.0,7.3782964150265515e-06,1.7642974900721855e-05,1.913392027325415,0.0,0.0,0.0
4632,2774,-283.81845,391.7737,-0.011185989,0.0,-0.0,0.0,0.0,7.3782964150265515e-06,1.7642974900721855e-05,1.913392027325415,0.0,0.0,0.0
4633,2774,-283.81845,391.7737,-0.011185989,0.0,-0.0,0.0,0.0,7.3782964150265515e-06,1.7642974900721855e-05,1.913392027325415,0.0,0.0,0.0
4634,2774,-283.81845,391.7737,-0.011185989,0.0,-0.0,0.0,0.0,7.3782964150265515e-06,1.7642974900721855e-05,1.913392027325415,0.0,0.0,0.0
4635,2774,-283.81845,391.7737,-0.011185989,0.0,-0.0,0.0,0.0,7.3782964150265515e-06,1.7642974900721855e-05,1.913392027325415,0.0,0.0,0.0
4636,2774,-283.81845,391.7737,-0.011185989,0.0,-0.0,0.0,0.0,7.3782964150265515e-06,1.7642974900721855e-05,1.913392027325415,0.0,0.0,0.0
4637,2774,-283.81845,391.7737,-0.011185989,0.0,-0.0,0.0,0.0,7.3782964150265515e-06,1.7642974900721855e-05,1.913392027325415,0.0,0.0,0.0
4638,2774,-283.81845,391.7737,-0.011185989,0.0,-0.0,0.0,0.0,7.3782964150265515e-06,1.7642974900721855e-05,1.913392027325415,0.0,0.0,0.0
4639,2774,-283.81845,391.7737,-0.011185989,0.0,-0.0,0.0,0.0,7.3782964150265515e-06,1.7642974900721855e-05,1.913392027325415,0.0,0.0,0.0
4640,2774,-283.81845,391.7737,-0.011185989,0.0,-0.0,0.0,0.0,7.3782964150265515e-06,1.7642974900721855e-05,1.913392027325415,0.0,0.0,0.0
4641,2774,-283.81845,391.7737,-0.011185989,0.0,-0.0,0.0,0.0,7.3782964150265515e-06,1.7642974900721855e-05,1.913392027325415,0.0,0.0,0.0
4642,2774,-283.81845,391.7737,-0.011185989,0.0,-0.0,0.0,0.0,7.3782964150265515e-06,1.7642974900721855e-05,1.913392027325415,0.0,0.0,0.0
4643,2774,-283.81845,391.7737,-0.011185989,0.0,-0.0,0.0,0.0,7.3782964150265515e-06,1.7642974900721855e-05,1.913392027325415,0.0,0.0,0.0
4644,2774,-283.81845,391.7737,-0.011185989,0.0,-0.0,0.0,0.0,7.3782964150265515e-06,1.7642974900721855e-05,1.913392027325415,0.0,0.0,0.0
4645,2774,-283.81845,391.7737,-0.011185989,0.0,-0.0,0.0,0.0,7.3782964150265515e-06,1.7642974900721855e-05,1.913392027325415,0.0,0.0,0.0
4646,2774,-283.81845,391.7737,-0.011185989,0.0,-0.0,0.0,0.0,7.3782964150265515e-06,1.7642974900721855e-05,1.913392027325415,0.0,0.0,0.0
4647,2774,-283.81845,391.7737,-0.011185989,0.0,-0.0,0.0,0.0,7.3782964150265515e-06,1.7642974900721855e-05,1.913392027325415,0.0,0.0,0.0
4648,2774,-283.81845,391.7737,-0.011185989,0.0,-0.0,0.0,0.0,7.3782964150265515e-06,1.7642974900721855e-05,1.913392027325415,0.0,0.0,0.0
4649,2774,-283.81845,391.7737,-0.011185989,0.0,-0.0,0.0,0.0,7.3782964150265515e-06,1.7642974900721855e-05,1.913392027325415,0.0,0.0,0.0
4650,2774,-283.81845,391.7737,-0.011185989,0.0,-0.0,0.0,0.0,7.3782964150265515e-06,1.7642974900721855e-05,1.913392027325415,0.0,0.0,0.0
4651,2774,-283.81845,391.7737,-0.011185989,0.0,-0.0,0.0,0.0,7.3782964150265515e-06,1.7642974900721855e-05,1.913392027325415,0.0,0.0,0.0
4652,2774,-283.81845,391.7737,-0.011185989,0.0,-0.0,0.0,0.0,7.3782964150265515e-06,1.7642974900721855e-05,1.913392027325415,0.0,0.0,0.0
4653,2774,-283.81845,391.7737,-0.011185989,0.0,-0.0,0.0,0.0,7.3782964150265515e-06,1.7642974900721855e-05,1.913392027325415,0.0,0.0,0.0
4654,2774,-283.81845,391.7737,-0.011185989,0.0,-0.0,0.0,0.0,7.3782964150265515e-06,1.7642974900721855e-05,1.913392027325415,0.0,0.0,0.0
4655,2774,-283.81845,391.7737,-0.011185989,0.0,-0.0,0.0,0.0,7.3782964150265515e-06,1.7642974900721855e-05,1.913392027325415,0.0,0.0,0.0
4656,2774,-283.81845,391.7737,-0.011185989,0.0,-0.0,0.0,0.0,7.3782964150265515e-06,1.7642974900721855e-05,1.913392027325415,0.0,0.0,0.0
4657,2774,-283.81845,391.7737,-0.011185989,0.0,-0.0,0.0,0.0,7.3782964150265515e-06,1.7642974900721855e-05,1.913392027325415,0.0,0.0,0.0
4658,2774,-283.81845,391.7737,-0.011185989,0.0,-0.0,0.0,0.0,7.3782964150265515e-06,1.7642974900721855e-05,1.913392027325415,0.0,0.0,0.0
4659,2774,-283.81845,391.7737,-0.011185989,0.0,-0.0,0.0,0.0,7.3782964150265515e-06,1.7642974900721855e-05,1.913392027325415,0.0,0.0,0.0
4660,2774,-283.81845,391.7737,-0.011185989,0.0,-0.0,0.0,0.0,7.3782964150265515e-06,1.7642974900721855e-05,1.913392027325415,0.0,0.0,0.0
4661,2774,-283.81845,391.7737,-0.011185989,0.0,-0.0,0.0,0.0,7.3782964150265515e-06,1.7642974900721855e-05,1.913392027325415,0.0,0.0,0.0
4662,2774,-283.81845,391.7737,-0.011185989,0.0,-0.0,0.0,0.0,7.3782964150265515e-06,1.7642974900721855e-05,1.913392027325415,0.0,0.0,0.0
4663,2774,-283.81845,391.7737,-0.011185989,0.0,-0.0,0.0,0.0,7.3782964150265515e-06,1.7642974900721855e-05,1.913392027325415,0.0,0.0,0.0
4664,2774,-283.81845,391.7737,-0.011185989,0.0,-0.0,0.0,0.0,7.3782964150265515e-06,1.7642974900721855e-05,1.913392027325415,0.0,0.0,0.0
4665,2774,-283.81845,391.7737,-0.011185989,0.0,-0.0,0.0,0.0,7.3782964150265515e-06,1.7642974900721855e-05,1.913392027325415,0.0,0.0,0.0
4666,2774,-283.81845,391.7737,-0.011185989,0.0,-0.0,0.0,0.0,7.3782964150265515e-06,1.7642974900721855e-05,1.913392027325415,0.0,0.0,0.0
4667,2774,-283.81845,391.7737,-0.011185989,0.0,-0.0,0.0,0.0,7.3782964150265515e-06,1.7642974900721855e-05,1.913392027325415,0.0,0.0,0.0
4668,2774,-283.81845,391.7737,-0.011185989,0.0,-0.0,0.0,0.0,7.3782964150265515e-06,1.7642974900721855e-05,1.913392027325415,0.0,0.0,0.0
4669,2774,-283.81845,391.7737,-0.011185989,0.0,-0.0,0.0,0.0,7.3782964150265515e-06,1.7642974900721855e-05,1.913392027325415,0.0,0.0,0.0
4670,2774,-283.81845,391.7737,-0.011185989,0.0,-0.0,0.0,0.0,7.3782964150265515e-06,1.7642974900721855e-05,1.913392027325415,0.0,0.0,0.0
4671,2774,-283.81845,391.7737,-0.011185989,0.0,-0.0,0.0,0.0,7.3782964150265515e-06,1.7642974900721855e-05,1.913392027325415,0.0,0.0,0.0
4672,2774,-283.81845,391.7737,-0.011185989,0.0,-0.0,0.0,0.0,7.3782964150265515e-06,1.7642974900721855e-05,1.913392027325415,0.0,0.0,0.0
4673,2774,-283.81845,391.7737,-0.011185989,0.0,-0.0,0.0,0.0,7.3782964150265515e-06,1.7642974900721855e-05,1.913392027325415,0.0,0.0,0.0
4674,2774,-283.81845,391.7737,-0.011185989,0.0,-0.0,0.0,0.0,7.3782964150265515e-06,1.7642974900721855e-05,1.913392027325415,0.0,0.0,0.0
4675,2774,-283.81845,391.7737,-0.011185989,0.0,-0.0,0.0,0.0,7.3782964150265515e-06,1.7642974900721855e-05,1.913392027325415,0.0,0.0,0.0
4676,2774,-283.81845,391.7737,-0.011185989,0.0,-0.0,0.0,0.0,7.3782964150265515e-06,1.7642974900721855e-05,1.913392027325415,0.0,0.0,0.0
4677,2774,-283.81845,391.7737,-0.011185989,0.0,-0.0,0.0,0.0,7.3782964150265515e-06,1.7642974900721855e-05,1.913392027325415,0.0,0.0,0.0
4678,2774,-283.81845,391.7737,-0.011185989,0.0,-0.0,0.0,0.0,7.3782964150265515e-06,1.7642974900721855e-05,1.913392027325415,0.0,0.0,0.0
4679,2774,-283.81845,391.7737,-0.011185989,0.0,-0.0,0.0,0.0,7.3782964150265515e-06,1.7642974900721855e-05,1.913392027325415,0.0,0.0,0.0
4680,2774,-283.81845,391.7737,-0.011185989,0.0,-0.0,0.0,0.0,7.3782964150265515e-06,1.7642974900721855e-05,1.913392027325415,0.0,0.0,0.0
4681,2774,-283.81845,391.7737,-0.011185989,0.0,-0.0,0.0,0.0,7.3782964150265515e-06,1.7642974900721855e-05,1.913392027325415,0.0,0.0,0.0
4682,2774,-283.81845,391.7737,-0.011185989,0.0,-0.0,0.0,0.0,7.3782964150265515e-06,1.7642974900721855e-05,1.913392027325415,0.0,0.0,0.0
4683,2774,-283.81845,391.7737,-0.011185989,0.0,-0.0,0.0,0.0,7.3782964150265515e-06,1.7642974900721855e-05,1.913392027325415,0.0,0.0,0.0
4684,2774,-283.81845,391.7737,-0.011185989,0.0,-0.0,0.0,0.0,7.3782964150265515e-06,1.7642974900721855e-05,1.913392027325415,0.0,0.0,0.0
4685,2774,-283.81845,391.7737,-0.011185989,0.0,-0.0,0.0,0.0,7.3782964150265515e-06,1.7642974900721855e-05,1.913392027325415,0.0,0.0,0.0
4686,2774,-283.81845,391.7737,-0.011185989,0.0,-0.0,0.0,0.0,7.3782964150265515e-06,1.7642974900721855e-05,1.913392027325415,0.0,0.0,0.0
4687,2774,-283.81845,391.7737,-0.011185989,0.0,-0.0,0.0,0.0,7.3782964150265515e-06,1.7642974900721855e-05,1.913392027325415,0.0,0.0,0.0
4688,2774,-283.81845,391.7737,-0.011185989,0.0,-0.0,0.0,0.0,7.3782964150265515e-06,1.7642974900721855e-05,1.913392027325415,0.0,0.0,0.0
4689,2774,-283.81845,391.7737,-0.011185989,0.0,-0.0,0.0,0.0,7.3782964150265515e-06,1.7642974900721855e-05,1.913392027325415,0.0,0.0,0.0
4690,2774,-283.81845,391.7737,-0.011185989,0.0,-0.0,0.0,0.0,7.3782964150265515e-06,1.7642974900721855e-05,1.913392027325415,0.0,0.0,0.0
4691,2774,-283.81845,391.7737,-0.011185989,0.0,-0.0,0.0,0.0,7.3782964150265515e-06,1.7642974900721855e-05,1.913392027325415,0.0,0.0,0.0
4692,2774,-283.81845,391.7737,-0.011185989,0.0,-0.0,0.0,0.0,7.3782964150265515e-06,1.7642974900721855e-05,1.913392027325415,0.0,0.0,0.0
4693,2774,-283.81845,391.7737,-0.011185989,0.0,-0.0,0.0,0.0,7.3782964150265515e-06,1.7642974900721855e-05,1.913392027325415,0.0,0.0,0.0
4694,2774,-283.81845,391.7737,-0.011185989,0.0,-0.0,0.0,0.0,7.3782964150265515e-06,1.7642974900721855e-05,1.913392027325415,0.0,0.0,0.0
4695,2774,-283.81845,391.7737,-0.011185989,0.0,-0.0,0.0,0.0,7.3782964150265515e-06,1.7642974900721855e-05,1.913392027325415,0.0,0.0,0.0
4696,2774,-283.81845,391.7737,-0.011185989,0.0,-0.0,0.0,0.0,7.3782964150265515e-06,1.7642974900721855e-05,1.913392027325415,0.0,0.0,0.0
4697,2774,-283.81845,391.7737,-0.011185989,0.0,-0.0,0.0,0.0,7.3782964150265515e-06,1.7642974900721855e-05,1.913392027325415,0.0,0.0,0.0
4698,2774,-283.81845,391.7737,-0.011185989,0.0,-0.0,0.0,0.0,7.3782964150265515e-06,1.7642974900721855e-05,1.913392027325415,0.0,0.0,0.0
4699,2774,-283.81845,391.7737,-0.011185989,0.0,-0.0,0.0,0.0,7.3782964150265515e-06,1.7642974900721855e-05,1.913392027325415,0.0,0.0,0.0
4700,2774,-283.81845,391.7737,-0.011185989,0.0,-0.0,0.0,0.0,7.3782964150265515e-06,1.7642974900721855e-05,1.913392027325415,0.0,0.0,0.0
4701,2774,-283.81845,391.7737,-0.011185989,0.0,-0.0,0.0,0.0,7.3782964150265515e-06,1.7642974900721855e-05,1.913392027325415,0.0,0.0,0.0
4702,2774,-283.81845,391.7737,-0.011185989,0.0,-0.0,0.0,0.0,7.3782964150265515e-06,1.7642974900721855e-05,1.913392027325415,0.0,0.0,0.0
4703,2774,-283.81845,391.7737,-0.011185989,0.0,-0.0,0.0,0.0,7.3782964150265515e-06,1.7642974900721855e-05,1.913392027325415,0.0,0.0,0.0
4704,2774,-283.81845,391.7737,-0.011185989,0.0,-0.0,0.0,0.0,7.3782964150265515e-06,1.7642974900721855e-05,1.913392027325415,0.0,0.0,0.0
4705,2774,-283.81845,391.7737,-0.011185989,0.0,-0.0,0.0,0.0,7.3782964150265515e-06,1.7642974900721855e-05,1.913392027325415,0.0,0.0,0.0
4706,2774,-283.81845,391.7737,-0.011185989,0.0,-0.0,0.0,0.0,7.3782964150265515e-06,1.7642974900721855e-05,1.913392027325415,0.0,0.0,0.0
4707,2774,-283.81845,391.7737,-0.011185989,0.0,-0.0,0.0,0.0,7.3782964150265515e-06,1.7642974900721855e-05,1.913392027325415,0.0,0.0,0.0
4708,2774,-283.81845,391.7737,-0.011185989,0.0,-0.0,0.0,0.0,7.3782964150265515e-06,1.7642974900721855e-05,1.913392027325415,0.0,0.0,0.0
4709,2774,-283.81845,391.7737,-0.011185989,0.0,-0.0,0.0,0.0,7.3782964150265515e-06,1.7642974900721855e-05,1.913392027325415,0.0,0.0,0.0
4710,2774,-283.81845,391.7737,-0.011185989,0.0,-0.0,0.0,0.0,7.3782964150265515e-06,1.7642974900721855e-05,1.913392027325415,0.0,0.0,0.0
4711,2774,-283.81845,391.7737,-0.011185989,0.0,-0.0,0.0,0.0,7.3782964150265515e-06,1.7642974900721855e-05,1.913392027325415,0.0,0.0,0.0
4712,2774,-283.81845,391.7737,-0.011185989,0.0,-0.0,0.0,0.0,7.3782964150265515e-06,1.7642974900721855e-05,1.913392027325415,0.0,0.0,0.0
4713,2774,-283.81845,391.7737,-0.011185989,0.0,-0.0,0.0,0.0,7.3782964150265515e-06,1.7642974900721855e-05,1.913392027325415,0.0,0.0,0.0
4714,2774,-283.81845,391.7737,-0.011185989,0.0,-0.0,0.0,0.0,7.3782964150265515e-06,1.7642974900721855e-05,1.913392027325415,0.0,0.0,0.0
4715,2774,-283.81845,391.7737,-0.011185989,0.0,-0.0,0.0,0.0,7.3782964150265515e-06,1.7642974900721855e-05,1.913392027325415,0.0,0.0,0.0
4716,2774,-283.81845,391.7737,-0.011185989,0.0,-0.0,0.0,0.0,7.3782964150265515e-06,1.7642974900721855e-05,1.913392027325415,0.0,0.0,0.0
4717,2774,-283.81845,391.7737,-0.011185989,0.0,-0.0,0.0,0.0,7.3782964150265515e-06,1.7642974900721855e-05,1.913392027325415,0.0,0.0,0.0
4718,2774,-283.81845,391.7737,-0.011185989,0.0,-0.0,0.0,0.0,7.3782964150265515e-06,1.7642974900721855e-05,1.913392027325415,0.0,0.0,0.0
4719,2774,-283.81845,391.7737,-0.011185989,0.0,-0.0,0.0,0.0,7.3782964150265515e-06,1.7642974900721855e-05,1.913392027325415,0.0,0.0,0.0
4720,2774,-283.81845,391.7737,-0.011185989,0.0,-0.0,0.0,0.0,7.3782964150265515e-06,1.7642974900721855e-05,1.913392027325415,0.0,0.0,0.0
4721,2774,-283.81845,391.7737,-0.011185989,0.0,-0.0,0.0,0.0,7.3782964150265515e-06,1.7642974900721855e-05,1.913392027325415,0.0,0.0,0.0
4722,2774,-283.81845,391.7737,-0.011185989,0.0,-0.0,0.0,0.0,7.3782964150265515e-06,1.7642974900721855e-05,1.913392027325415,0.0,0.0,0.0
4723,2774,-283.81845,391.7737,-0.011185989,0.0,-0.0,0.0,0.0,7.3782964150265515e-06,1.7642974900721855e-05,1.913392027325415,0.0,0.0,0.0
4724,2774,-283.81845,391.7737,-0.011185989,0.0,-0.0,0.0,0.0,7.3782964150265515e-06,1.7642974900721855e-05,1.913392027325415,0.0,0.0,0.0
4725,2774,-283.81845,391.7737,-0.011185989,0.0,-0.0,0.0,0.0,7.3782964150265515e-06,1.7642974900721855e-05,1.913392027325415,0.0,0.0,0.0
4726,2774,-283.81845,391.7737,-0.011185989,0.0,-0.0,0.0,0.0,7.3782964150265515e-06,1.7642974900721855e-05,1.913392027325415,0.0,0.0,0.0
4727,2774,-283.81845,391.7737,-0.011185989,0.0,-0.0,0.0,0.0,7.3782964150265515e-06,1.7642974900721855e-05,1.913392027325415,0.0,0.0,0.0
4728,2774,-283.81845,391.7737,-0.011185989,0.0,-0.0,0.0,0.0,7.3782964150265515e-06,1.7642974900721855e-05,1.913392027325415,0.0,0.0,0.0
4729,2774,-283.81845,391.7737,-0.011185989,0.0,-0.0,0.0,0.0,7.3782964150265515e-06,1.7642974900721855e-05,1.913392027325415,0.0,0.0,0.0
4730,2774,-283.81845,391.7737,-0.011185989,0.0,-0.0,0.0,0.0,7.3782964150265515e-06,1.7642974900721855e-05,1.913392027325415,0.0,0.0,0.0
4731,2774,-283.81845,391.7737,-0.011185989,0.0,-0.0,0.0,0.0,7.3782964150265515e-06,1.7642974900721855e-05,1.913392027325415,0.0,0.0,0.0
4732,2774,-283.81845,391.7737,-0.011185989,0.0,-0.0,0.0,0.0,7.3782964150265515e-06,1.7642974900721855e-05,1.913392027325415,0.0,0.0,0.0
4733,2774,-283.81845,391.7737,-0.011185989,0.0,-0.0,0.0,0.0,7.3782964150265515e-06,1.7642974900721855e-05,1.913392027325415,0.0,0.0,0.0
4734,2774,-283.81845,391.7737,-0.011185989,0.0,-0.0,0.0,0.0,7.3782964150265515e-06,1.7642974900721855e-05,1.913392027325415,0.0,0.0,0.0
4735,2774,-283.81845,391.7737,-0.011185989,0.0,-0.0,0.0,0.0,7.3782964150265515e-06,1.7642974900721855e-05,1.913392027325415,0.0,0.0,0.0
4736,2774,-283.81845,391.7737,-0.011185989,0.0,-0.0,0.0,0.0,7.3782964150265515e-06,1.7642974900721855e-05,1.913392027325415,0.0,0.0,0.0
4737,2774,-283.81845,391.7737,-0.011185989,0.0,-0.0,0.0,0.0,7.3782964150265515e-06,1.7642974900721855e-05,1.913392027325415,0.0,0.0,0.0
4738,2774,-283.81845,391.7737,-0.011185989,0.0,-0.0,0.0,0.0,7.3782964150265515e-06,1.7642974900721855e-05,1.913392027325415,0.0,0.0,0.0
4739,2774,-283.81845,391.7737,-0.011185989,0.0,-0.0,0.0,0.0,7.3782964150265515e-06,1.7642974900721855e-05,1.913392027325415,0.0,0.0,0.0
4740,2774,-283.81845,391.7737,-0.011185989,0.0,-0.0,0.0,0.0,7.3782964150265515e-06,1.7642974900721855e-05,1.913392027325415,0.0,0.0,0.0
4741,2774,-283.81845,391.7737,-0.011185989,0.0,-0.0,0.0,0.0,7.3782964150265515e-06,1.7642974900721855e-05,1.913392027325415,0.0,0.0,0.0
4742,2774,-283.81845,391.7737,-0.011185989,0.0,-0.0,0.0,0.0,7.3782964150265515e-06,1.7642974900721855e-05,1.913392027325415,0.0,0.0,0.0
4743,2774,-283.81845,391.7737,-0.011185989,0.0,-0.0,0.0,0.0,7.3782964150265515e-06,1.7642974900721855e-05,1.913392027325415,0.0,0.0,0.0
4744,2774,-283.81845,391.7737,-0.011185989,0.0,-0.0,0.0,0.0,7.3782964150265515e-06,1.7642974900721855e-05,1.913392027325415,0.0,0.0,0.0
4745,2774,-283.81845,391.7737,-0.011185989,0.0,-0.0,0.0,0.0,7.3782964150265515e-06,1.7642974900721855e-05,1.913392027325415,0.0,0.0,0.0
4746,2774,-283.81845,391.7737,-0.011185989,0.0,-0.0,0.0,0.0,7.3782964150265515e-06,1.7642974900721855e-05,1.913392027325415,0.0,0.0,0.0
4747,2774,-283.81845,391.7737,-0.011185989,0.0,-0.0,0.0,0.0,7.3782964150265515e-06,1.7642974900721855e-05,1.913392027325415,0.0,0.0,0.0
4748,2774,-283.81845,391.7737,-0.011185989,0.0,-0.0,0.0,0.0,7.3782964150265515e-06,1.7642974900721855e-05,1.913392027325415,0.0,0.0,0.0
4749,2774,-283.81845,391.7737,-0.011185989,0.0,-0.0,0.0,0.0,7.3782964150265515e-06,1.7642974900721855e-05,1.913392027325415,0.0,0.0,0.0
4750,2774,-283.81845,391.7737,-0.011185989,0.0,-0.0,0.0,0.0,7.3782964150265515e-06,1.7642974900721855e-05,1.913392027325415,0.0,0.0,0.0
4751,2774,-283.81845,391.7737,-0.011185989,0.0,-0.0,0.0,0.0,7.3782964150265515e-06,1.7642974900721855e-05,1.913392027325415,0.0,0.0,0.0
4752,2774,-283.81845,391.7737,-0.011185989,0.0,-0.0,0.0,0.0,7.3782964150265515e-06,1.7642974900721855e-05,1.913392027325415,0.0,0.0,0.0
4753,2774,-283.81845,391.7737,-0.011185989,0.0,-0.0,0.0,0.0,7.3782964150265515e-06,1.7642974900721855e-05,1.913392027325415,0.0,0.0,0.0
4754,2774,-283.81845,391.7737,-0.011185989,0.0,-0.0,0.0,0.0,7.3782964150265515e-06,1.7642974900721855e-05,1.913392027325415,0.0,0.0,0.0
4755,2774,-283.81845,391.7737,-0.011185989,0.0,-0.0,0.0,0.0,7.3782964150265515e-06,1.7642974900721855e-05,1.913392027325415,0.0,0.0,0.0
4756,2774,-283.81845,391.7737,-0.011185989,0.0,-0.0,0.0,0.0,7.3782964150265515e-06,1.7642974900721855e-05,1.913392027325415,0.0,0.0,0.0
4757,2774,-283.81845,391.7737,-0.011185989,0.0,-0.0,0.0,0.0,7.3782964150265515e-06,1.7642974900721855e-05,1.913392027325415,0.0,0.0,0.0
4758,2774,-283.81845,391.7737,-0.011185989,0.0,-0.0,0.0,0.0,7.3782964150265515e-06,1.7642974900721855e-05,1.913392027325415,0.0,0.0,0.0
4759,2774,-283.81845,391.7737,-0.011185989,0.0,-0.0,0.0,0.0,7.3782964150265515e-06,1.7642974900721855e-05,1.913392027325415,0.0,0.0,0.0
4760,2774,-283.81845,391.7737,-0.011185989,0.0,-0.0,0.0,0.0,7.3782964150265515e-06,1.7642974900721855e-05,1.913392027325415,0.0,0.0,0.0
4761,2774,-283.81845,391.7737,-0.011185989,0.0,-0.0,0.0,0.0,7.3782964150265515e-06,1.7642974900721855e-05,1.913392027325415,0.0,0.0,0.0
4762,2774,-283.81845,391.7737,-0.011185989,0.0,-0.0,0.0,0.0,7.3782964150265515e-06,1.7642974900721855e-05,1.913392027325415,0.0,0.0,0.0
4763,2774,-283.81845,391.7737,-0.011185989,0.0,-0.0,0.0,0.0,7.3782964150265515e-06,1.7642974900721855e-05,1.913392027325415,0.0,0.0,0.0
4764,2774,-283.81845,391.7737,-0.011185989,0.0,-0.0,0.0,0.0,7.3782964150265515e-06,1.7642974900721855e-05,1.913392027325415,0.0,0.0,0.0
4765,2774,-283.81845,391.7737,-0.011185989,0.0,-0.0,0.0,0.0,7.3782964150265515e-06,1.7642974900721855e-05,1.913392027325415,0.0,0.0,0.0
4766,2774,-283.81845,391.7737,-0.011185989,0.0,-0.0,0.0,0.0,7.3782964150265515e-06,1.7642974900721855e-05,1.913392027325415,0.0,0.0,0.0
4767,2774,-283.81845,391.7737,-0.011185989,0.0,-0.0,0.0,0.0,7.3782964150265515e-06,1.7642974900721855e-05,1.913392027325415,0.0,0.0,0.0
4768,2774,-283.81845,391.7737,-0.011185989,0.0,-0.0,0.0,0.0,7.3782964150265515e-06,1.7642974900721855e-05,1.913392027325415,0.0,0.0,0.0
4769,2774,-283.81845,391.7737,-0.011185989,0.0,-0.0,0.0,0.0,7.3782964150265515e-06,1.7642974900721855e-05,1.913392027325415,0.0,0.0,0.0
4770,2774,-283.81845,391.7737,-0.011185989,0.0,-0.0,0.0,0.0,7.3782964150265515e-06,1.7642974900721855e-05,1.913392027325415,0.0,0.0,0.0
4771,2774,-283.81845,391.7737,-0.011185989,0.0,-0.0,0.0,0.0,7.3782964150265515e-06,1.7642974900721855e-05,1.913392027325415,0.0,0.0,0.0
4772,2774,-283.81845,391.7737,-0.011185989,0.0,-0.0,0.0,0.0,7.3782964150265515e-06,1.7642974900721855e-05,1.913392027325415,0.0,0.0,0.0
4773,2774,-283.81845,391.7737,-0.011185989,0.0,-0.0,0.0,0.0,7.3782964150265515e-06,1.7642974900721855e-05,1.913392027325415,0.0,0.0,0.0
4774,2774,-283.81845,391.7737,-0.011185989,0.0,-0.0,0.0,0.0,7.3782964150265515e-06,1.7642974900721855e-05,1.913392027325415,0.0,0.0,0.0
4775,2774,-283.81845,391.7737,-0.011185989,0.0,-0.0,0.0,0.0,7.3782964150265515e-06,1.7642974900721855e-05,1.913392027325415,0.0,0.0,0.0
4776,2774,-283.81845,391.7737,-0.011185989,0.0,-0.0,0.0,0.0,7.3782964150265515e-06,1.7642974900721855e-05,1.913392027325415,0.0,0.0,0.0
4777,2774,-283.81845,391.7737,-0.011185989,0.0,-0.0,0.0,0.0,7.3782964150265515e-06,1.7642974900721855e-05,1.913392027325415,0.0,0.0,0.0
4778,2774,-283.81845,391.7737,-0.011185989,0.0,-0.0,0.0,0.0,7.3782964150265515e-06,1.7642974900721855e-05,1.913392027325415,0.0,0.0,0.0
4779,2774,-283.81845,391.7737,-0.011185989,0.0,-0.0,0.0,0.0,7.3782964150265515e-06,1.7642974900721855e-05,1.913392027325415,0.0,0.0,0.0
4780,2774,-283.81845,391.7737,-0.011185989,0.0,-0.0,0.0,0.0,7.3782964150265515e-06,1.7642974900721855e-05,1.913392027325415,0.0,0.0,0.0
4781,2774,-283.81845,391.7737,-0.011185989,0.0,-0.0,0.0,0.0,7.3782964150265515e-06,1.7642974900721855e-05,1.913392027325415,0.0,0.0,0.0
4782,2774,-283.81845,391.7737,-0.011185989,0.0,-0.0,0.0,0.0,7.3782964150265515e-06,1.7642974900721855e-05,1.913392027325415,0.0,0.0,0.0
4783,2774,-283.81845,391.7737,-0.011185989,0.0,-0.0,0.0,0.0,7.3782964150265515e-06,1.7642974900721855e-05,1.913392027325415,0.0,0.0,0.0
4784,2774,-283.81845,391.7737,-0.011185989,0.0,-0.0,0.0,0.0,7.3782964150265515e-06,1.7642974900721855e-05,1.913392027325415,0.0,0.0,0.0
4785,2774,-283.81845,391.7737,-0.011185989,0.0,-0.0,0.0,0.0,7.3782964150265515e-06,1.7642974900721855e-05,1.913392027325415,0.0,0.0,0.0
4786,2774,-283.81845,391.7737,-0.011185989,0.0,-0.0,0.0,0.0,7.3782964150265515e-06,1.7642974900721855e-05,1.913392027325415,0.0,0.0,0.0
4787,2774,-283.81845,391.7737,-0.011185989,0.0,-0.0,0.0,0.0,7.3782964150265515e-06,1.7642974900721855e-05,1.913392027325415,0.0,0.0,0.0
4788,2774,-283.81845,391.7737,-0.011185989,0.0,-0.0,0.0,0.0,7.3782964150265515e-06,1.7642974900721855e-05,1.913392027325415,0.0,0.0,0.0
4789,2774,-283.81845,391.7737,-0.011185989,0.0,-0.0,0.0,0.0,7.3782964150265515e-06,1.7642974900721855e-05,1.913392027325415,0.0,0.0,0.0
4790,2774,-283.81845,391.7737,-0.011185989,0.0,-0.0,0.0,0.0,7.3782964150265515e-06,1.7642974900721855e-05,1.913392027325415,0.0,0.0,0.0
4791,2774,-283.81845,391.7737,-0.011185989,0.0,-0.0,0.0,0.0,7.3782964150265515e-06,1.7642974900721855e-05,1.913392027325415,0.0,0.0,0.0
4792,2774,-283.81845,391.7737,-0.011185989,0.0,-0.0,0.0,0.0,7.3782964150265515e-06,1.7642974900721855e-05,1.913392027325415,0.0,0.0,0.0
4793,2774,-283.81845,391.7737,-0.011185989,0.0,-0.0,0.0,0.0,7.3782964150265515e-06,1.7642974900721855e-05,1.913392027325415,0.0,0.0,0.0
4794,2774,-283.81845,391.7737,-0.011185989,0.0,-0.0,0.0,0.0,7.3782964150265515e-06,1.7642974900721855e-05,1.913392027325415,0.0,0.0,0.0
4795,2774,-283.81845,391.7737,-0.011185989,0.0,-0.0,0.0,0.0,7.3782964150265515e-06,1.7642974900721855e-05,1.913392027325415,0.0,0.0,0.0
4796,2774,-283.81845,391.7737,-0.011185989,0.0,-0.0,0.0,0.0,7.3782964150265515e-06,1.7642974900721855e-05,1.913392027325415,0.0,0.0,0.0
4797,2774,-283.81845,391.7737,-0.011185989,0.0,-0.0,0.0,0.0,7.3782964150265515e-06,1.7642974900721855e-05,1.913392027325415,0.0,0.0,0.0
4798,2774,-283.81845,391.7737,-0.011185989,0.0,-0.0,0.0,0.0,7.3782964150265515e-06,1.7642974900721855e-05,1.913392027325415,0.0,0.0,0.0
4799,2774,-283.81845,391.7737,-0.011185989,0.0,-0.0,0.0,0.0,7.3782964150265515e-06,1.7642974900721855e-05,1.913392027325415,0.0,0.0,0.0
4800,2774,-283.81845,391.7737,-0.011185989,0.0,-0.0,0.0,0.0,7.3782964150265515e-06,1.7642974900721855e-05,1.913392027325415,0.0,0.0,0.0
4801,2774,-283.81845,391.7737,-0.011185989,0.0,-0.0,0.0,0.0,7.3782964150265515e-06,1.7642974900721855e-05,1.913392027325415,0.0,0.0,0.0
4802,2774,-283.81845,391.7737,-0.011185989,0.0,-0.0,0.0,0.0,7.3782964150265515e-06,1.7642974900721855e-05,1.913392027325415,0.0,0.0,0.0
4803,2774,-283.81845,391.7737,-0.011185989,0.0,-0.0,0.0,0.0,7.3782964150265515e-06,1.7642974900721855e-05,1.913392027325415,0.0,0.0,0.0
4804,2774,-283.81845,391.7737,-0.011185989,0.0,-0.0,0.0,0.0,7.3782964150265515e-06,1.7642974900721855e-05,1.913392027325415,0.0,0.0,0.0
4805,2774,-283.81845,391.7737,-0.011185989,0.0,-0.0,0.0,0.0,7.3782964150265515e-06,1.7642974900721855e-05,1.913392027325415,0.0,0.0,0.0
4806,2774,-283.81845,391.7737,-0.011185989,0.0,-0.0,0.0,0.0,7.3782964150265515e-06,1.7642974900721855e-05,1.913392027325415,0.0,0.0,0.0
4807,2774,-283.81845,391.7737,-0.011185989,0.0,-0.0,0.0,0.0,7.3782964150265515e-06,1.7642974900721855e-05,1.913392027325415,0.0,0.0,0.0
4808,2774,-283.81845,391.7737,-0.011185989,0.0,-0.0,0.0,0.0,7.3782964150265515e-06,1.7642974900721855e-05,1.913392027325415,0.0,0.0,0.0
4809,2774,-283.81845,391.7737,-0.011185989,0.0,-0.0,0.0,0.0,7.3782964150265515e-06,1.7642974900721855e-05,1.913392027325415,0.0,0.0,0.0
4810,2774,-283.81845,391.7737,-0.011185989,0.0,-0.0,0.0,0.0,7.3782964150265515e-06,1.7642974900721855e-05,1.913392027325415,0.0,0.0,0.0
4811,2774,-283.81845,391.7737,-0.011185989,0.0,-0.0,0.0,0.0,7.3782964150265515e-06,1.7642974900721855e-05,1.913392027325415,0.0,0.0,0.0
4812,2774,-283.81845,391.7737,-0.011185989,0.0,-0.0,0.0,0.0,7.3782964150265515e-06,1.7642974900721855e-05,1.913392027325415,0.0,0.0,0.0
4813,2774,-283.81845,391.7737,-0.011185989,0.0,-0.0,0.0,0.0,7.3782964150265515e-06,1.7642974900721855e-05,1.913392027325415,0.0,0.0,0.0
4814,2774,-283.81845,391.7737,-0.011185989,0.0,-0.0,0.0,0.0,7.3782964150265515e-06,1.7642974900721855e-05,1.913392027325415,0.0,0.0,0.0
4815,2774,-283.81845,391.7737,-0.011185989,0.0,-0.0,0.0,0.0,7.3782964150265515e-06,1.7642974900721855e-05,1.913392027325415,0.0,0.0,0.0
4816,2774,-283.81845,391.7737,-0.011185989,0.0,-0.0,0.0,0.0,7.3782964150265515e-06,1.7642974900721855e-05,1.913392027325415,0.0,0.0,0.0
4817,2774,-283.81845,391.7737,-0.011185989,0.0,-0.0,0.0,0.0,7.3782964150265515e-06,1.7642974900721855e-05,1.913392027325415,0.0,0.0,0.0
4818,2774,-283.81845,391.7737,-0.011185989,0.0,-0.0,0.0,0.0,7.3782964150265515e-06,1.7642974900721855e-05,1.913392027325415,0.0,0.0,0.0
4819,2774,-283.81845,391.7737,-0.011185989,0.0,-0.0,0.0,0.0,7.3782964150265515e-06,1.7642974900721855e-05,1.913392027325415,0.0,0.0,0.0
4820,2774,-283.81845,391.7737,-0.011185989,0.0,-0.0,0.0,0.0,7.3782964150265515e-06,1.7642974900721855e-05,1.913392027325415,0.0,0.0,0.0
4821,2774,-283.81845,391.7737,-0.011185989,0.0,-0.0,0.0,0.0,7.3782964150265515e-06,1.7642974900721855e-05,1.913392027325415,0.0,0.0,0.0
4822,2774,-283.81845,391.7737,-0.011185989,0.0,-0.0,0.0,0.0,7.3782964150265515e-06,1.7642974900721855e-05,1.913392027325415,0.0,0.0,0.0
4823,2774,-283.81845,391.7737,-0.011185989,0.0,-0.0,0.0,0.0,7.3782964150265515e-06,1.7642974900721855e-05,1.913392027325415,0.0,0.0,0.0
4824,2774,-283.81845,391.7737,-0.011185989,0.0,-0.0,0.0,0.0,7.3782964150265515e-06,1.7642974900721855e-05,1.913392027325415,0.0,0.0,0.0
4825,2774,-283.81845,391.7737,-0.011185989,0.0,-0.0,0.0,0.0,7.3782964150265515e-06,1.7642974900721855e-05,1.913392027325415,0.0,0.0,0.0
4826,2774,-283.81845,391.7737,-0.011185989,0.0,-0.0,0.0,0.0,7.3782964150265515e-06,1.7642974900721855e-05,1.913392027325415,0.0,0.0,0.0
4827,2774,-283.81845,391.7737,-0.011185989,0.0,-0.0,0.0,0.0,7.3782964150265515e-06,1.7642974900721855e-05,1.913392027325415,0.0,0.0,0.0
4828,2774,-283.81845,391.7737,-0.011185989,0.0,-0.0,0.0,0.0,7.3782964150265515e-06,1.7642974900721855e-05,1.913392027325415,0.0,0.0,0.0
4829,2774,-283.81845,391.7737,-0.011185989,0.0,-0.0,0.0,0.0,7.3782964150265515e-06,1.7642974900721855e-05,1.913392027325415,0.0,0.0,0.0
4830,2774,-283.81845,391.7737,-0.011185989,0.0,-0.0,0.0,0.0,7.3782964150265515e-06,1.7642974900721855e-05,1.913392027325415,0.0,0.0,0.0
4831,2774,-283.81845,391.7737,-0.011185989,0.0,-0.0,0.0,0.0,7.3782964150265515e-06,1.7642974900721855e-05,1.913392027325415,0.0,0.0,0.0
4832,2774,-283.81845,391.7737,-0.011185989,0.0,-0.0,0.0,0.0,7.3782964150265515e-06,1.7642974900721855e-05,1.913392027325415,0.0,0.0,0.0
4833,2774,-283.81845,391.7737,-0.011185989,0.0,-0.0,0.0,0.0,7.3782964150265515e-06,1.7642974900721855e-05,1.913392027325415,0.0,0.0,0.0
4834,2774,-283.81845,391.7737,-0.011185989,0.0,-0.0,0.0,0.0,7.3782964150265515e-06,1.7642974900721855e-05,1.913392027325415,0.0,0.0,0.0
4835,2774,-283.81845,391.7737,-0.011185989,0.0,-0.0,0.0,0.0,7.3782964150265515e-06,1.7642974900721855e-05,1.913392027325415,0.0,0.0,0.0
4836,2774,-283.81845,391.7737,-0.011185989,0.0,-0.0,0.0,0.0,7.3782964150265515e-06,1.7642974900721855e-05,1.913392027325415,0.0,0.0,0.0
4837,2774,-283.81845,391.7737,-0.011185989,0.0,-0.0,0.0,0.0,7.3782964150265515e-06,1.7642974900721855e-05,1.913392027325415,0.0,0.0,0.0
4838,2774,-283.81845,391.7737,-0.011185989,0.0,-0.0,0.0,0.0,7.3782964150265515e-06,1.7642974900721855e-05,1.913392027325415,0.0,0.0,0.0
4839,2774,-283.81845,391.7737,-0.011185989,0.0,-0.0,0.0,0.0,7.3782964150265515e-06,1.7642974900721855e-05,1.913392027325415,0.0,0.0,0.0
4840,2774,-283.81845,391.7737,-0.011185989,0.0,-0.0,0.0,0.0,7.3782964150265515e-06,1.7642974900721855e-05,1.913392027325415,0.0,0.0,0.0
4841,2774,-283.81845,391.7737,-0.011185989,0.0,-0.0,0.0,0.0,7.3782964150265515e-06,1.7642974900721855e-05,1.913392027325415,0.0,0.0,0.0
4842,2774,-283.81845,391.7737,-0.011185989,0.0,-0.0,0.0,0.0,7.3782964150265515e-06,1.7642974900721855e-05,1.913392027325415,0.0,0.0,0.0
4843,2774,-283.81845,391.7737,-0.011185989,0.0,-0.0,0.0,0.0,7.3782964150265515e-06,1.7642974900721855e-05,1.913392027325415,0.0,0.0,0.0
4844,2774,-283.81845,391.7737,-0.011185989,0.0,-0.0,0.0,0.0,7.3782964150265515e-06,1.7642974900721855e-05,1.913392027325415,0.0,0.0,0.0
4845,2774,-283.81845,391.7737,-0.011185989,0.0,-0.0,0.0,0.0,7.3782964150265515e-06,1.7642974900721855e-05,1.913392027325415,0.0,0.0,0.0
4846,2774,-283.81845,391.7737,-0.011185989,0.0,-0.0,0.0,0.0,7.3782964150265515e-06,1.7642974900721855e-05,1.913392027325415,0.0,0.0,0.0
4847,2774,-283.81845,391.7737,-0.011185989,0.0,-0.0,0.0,0.0,7.3782964150265515e-06,1.7642974900721855e-05,1.913392027325415,0.0,0.0,0.0
4848,2774,-283.81845,391.7737,-0.011185989,0.0,-0.0,0.0,0.0,7.3782964150265515e-06,1.7642974900721855e-05,1.913392027325415,0.0,0.0,0.0
4849,2774,-283.81845,391.7737,-0.011185989,0.0,-0.0,0.0,0.0,7.3782964150265515e-06,1.7642974900721855e-05,1.913392027325415,0.0,0.0,0.0
4850,2774,-283.81845,391.7737,-0.011185989,0.0,-0.0,0.0,0.0,7.3782964150265515e-06,1.7642974900721855e-05,1.913392027325415,0.0,0.0,0.0
4851,2774,-283.81845,391.7737,-0.011185989,0.0,-0.0,0.0,0.0,7.3782964150265515e-06,1.7642974900721855e-05,1.913392027325415,0.0,0.0,0.0
4852,2774,-283.81845,391.7737,-0.011185989,0.0,-0.0,0.0,0.0,7.3782964150265515e-06,1.7642974900721855e-05,1.913392027325415,0.0,0.0,0.0
4853,2774,-283.81845,391.7737,-0.011185989,0.0,-0.0,0.0,0.0,7.3782964150265515e-06,1.7642974900721855e-05,1.913392027325415,0.0,0.0,0.0
4854,2774,-283.81845,391.7737,-0.011185989,0.0,-0.0,0.0,0.0,7.3782964150265515e-06,1.7642974900721855e-05,1.913392027325415,0.0,0.0,0.0
4855,2774,-283.81845,391.7737,-0.011185989,0.0,-0.0,0.0,0.0,7.3782964150265515e-06,1.7642974900721855e-05,1.913392027325415,0.0,0.0,0.0
4856,2774,-283.81845,391.7737,-0.011185989,0.0,-0.0,0.0,0.0,7.3782964150265515e-06,1.7642974900721855e-05,1.913392027325415,0.0,0.0,0.0
4857,2774,-283.81845,391.7737,-0.011185989,0.0,-0.0,0.0,0.0,7.3782964150265515e-06,1.7642974900721855e-05,1.913392027325415,0.0,0.0,0.0
4858,2774,-283.81845,391.7737,-0.011185989,0.0,-0.0,0.0,0.0,7.3782964150265515e-06,1.7642974900721855e-05,1.913392027325415,0.0,0.0,0.0
4859,2774,-283.81845,391.7737,-0.011185989,0.0,-0.0,0.0,0.0,7.3782964150265515e-06,1.7642974900721855e-05,1.913392027325415,0.0,0.0,0.0
4860,2774,-283.81845,391.7737,-0.011185989,0.0,-0.0,0.0,0.0,7.3782964150265515e-06,1.7642974900721855e-05,1.913392027325415,0.0,0.0,0.0
4861,2774,-283.81845,391.7737,-0.011185989,0.0,-0.0,0.0,0.0,7.3782964150265515e-06,1.7642974900721855e-05,1.913392027325415,0.0,0.0,0.0
4862,2774,-283.81845,391.7737,-0.011185989,0.0,-0.0,0.0,0.0,7.3782964150265515e-06,1.7642974900721855e-05,1.913392027325415,0.0,0.0,0.0
4863,2774,-283.81845,391.7737,-0.011185989,0.0,-0.0,0.0,0.0,7.3782964150265515e-06,1.7642974900721855e-05,1.913392027325415,0.0,0.0,0.0
4864,2774,-283.81845,391.7737,-0.011185989,0.0,-0.0,0.0,0.0,7.3782964150265515e-06,1.7642974900721855e-05,1.913392027325415,0.0,0.0,0.0
4865,2774,-283.81845,391.7737,-0.011185989,0.0,-0.0,0.0,0.0,7.3782964150265515e-06,1.7642974900721855e-05,1.913392027325415,0.0,0.0,0.0
4866,2774,-283.81845,391.7737,-0.011185989,0.0,-0.0,0.0,0.0,7.3782964150265515e-06,1.7642974900721855e-05,1.913392027325415,0.0,0.0,0.0
4867,2774,-283.81845,391.7737,-0.011185989,0.0,-0.0,0.0,0.0,7.3782964150265515e-06,1.7642974900721855e-05,1.913392027325415,0.0,0.0,0.0
4868,2774,-283.81845,391.7737,-0.011185989,0.0,-0.0,0.0,0.0,7.3782964150265515e-06,1.7642974900721855e-05,1.913392027325415,0.0,0.0,0.0
4869,2774,-283.81845,391.7737,-0.011185989,0.0,-0.0,0.0,0.0,7.3782964150265515e-06,1.7642974900721855e-05,1.913392027325415,0.0,0.0,0.0
4870,2774,-283.81845,391.7737,-0.011185989,0.0,-0.0,0.0,0.0,7.3782964150265515e-06,1.7642974900721855e-05,1.913392027325415,0.0,0.0,0.0
4871,2774,-283.81845,391.7737,-0.011185989,0.0,-0.0,0.0,0.0,7.3782964150265515e-06,1.7642974900721855e-05,1.913392027325415,0.0,0.0,0.0
4872,2774,-283.81845,391.7737,-0.011185989,0.0,-0.0,0.0,0.0,7.3782964150265515e-06,1.7642974900721855e-05,1.913392027325415,0.0,0.0,0.0
4873,2774,-283.81845,391.7737,-0.011185989,0.0,-0.0,0.0,0.0,7.3782964150265515e-06,1.7642974900721855e-05,1.913392027325415,0.0,0.0,0.0
4874,2774,-283.81845,391.7737,-0.011185989,0.0,-0.0,0.0,0.0,7.3782964150265515e-06,1.7642974900721855e-05,1.913392027325415,0.0,0.0,0.0
4875,2774,-283.81845,391.7737,-0.011185989,0.0,-0.0,0.0,0.0,7.3782964150265515e-06,1.7642974900721855e-05,1.913392027325415,0.0,0.0,0.0
4876,2774,-283.81845,391.7737,-0.011185989,0.0,-0.0,0.0,0.0,7.3782964150265515e-06,1.7642974900721855e-05,1.913392027325415,0.0,0.0,0.0
4877,2774,-283.81845,391.7737,-0.011185989,0.0,-0.0,0.0,0.0,7.3782964150265515e-06,1.7642974900721855e-05,1.913392027325415,0.0,0.0,0.0
4878,2774,-283.81845,391.7737,-0.011185989,0.0,-0.0,0.0,0.0,7.3782964150265515e-06,1.7642974900721855e-05,1.913392027325415,0.0,0.0,0.0
4879,2774,-283.81845,391.7737,-0.011185989,0.0,-0.0,0.0,0.0,7.3782964150265515e-06,1.7642974900721855e-05,1.913392027325415,0.0,0.0,0.0
4880,2774,-283.81845,391.7737,-0.011185989,0.0,-0.0,0.0,0.0,7.3782964150265515e-06,1.7642974900721855e-05,1.913392027325415,0.0,0.0,0.0
4881,2774,-283.81845,391.7737,-0.011185989,0.0,-0.0,0.0,0.0,7.3782964150265515e-06,1.7642974900721855e-05,1.913392027325415,0.0,0.0,0.0
4882,2774,-283.81845,391.7737,-0.011185989,0.0,-0.0,0.0,0.0,7.3782964150265515e-06,1.7642974900721855e-05,1.913392027325415,0.0,0.0,0.0
4883,2774,-283.81845,391.7737,-0.011185989,0.0,-0.0,0.0,0.0,7.3782964150265515e-06,1.7642974900721855e-05,1.913392027325415,0.0,0.0,0.0
4884,2774,-283.81845,391.7737,-0.011185989,0.0,-0.0,0.0,0.0,7.3782964150265515e-06,1.7642974900721855e-05,1.913392027325415,0.0,0.0,0.0
4885,2774,-283.81845,391.7737,-0.011185989,0.0,-0.0,0.0,0.0,7.3782964150265515e-06,1.7642974900721855e-05,1.913392027325415,0.0,0.0,0.0
4886,2774,-283.81845,391.7737,-0.011185989,0.0,-0.0,0.0,0.0,7.3782964150265515e-06,1.7642974900721855e-05,1.913392027325415,0.0,0.0,0.0
4887,2774,-283.81845,391.7737,-0.011185989,0.0,-0.0,0.0,0.0,7.3782964150265515e-06,1.7642974900721855e-05,1.913392027325415,0.0,0.0,0.0
4888,2774,-283.81845,391.7737,-0.011185989,0.0,-0.0,0.0,0.0,7.3782964150265515e-06,1.7642974900721855e-05,1.913392027325415,0.0,0.0,0.0
4889,2774,-283.81845,391.7737,-0.011185989,0.0,-0.0,0.0,0.0,7.3782964150265515e-06,1.7642974900721855e-05,1.913392027325415,0.0,0.0,0.0
4890,2774,-283.81845,391.7737,-0.011185989,0.0,-0.0,0.0,0.0,7.3782964150265515e-06,1.7642974900721855e-05,1.913392027325415,0.0,0.0,0.0
4891,2774,-283.81845,391.7737,-0.011185989,0.0,-0.0,0.0,0.0,7.3782964150265515e-06,1.7642974900721855e-05,1.913392027325415,0.0,0.0,0.0
4892,2774,-283.81845,391.7737,-0.011185989,0.0,-0.0,0.0,0.0,7.3782964150265515e-06,1.7642974900721855e-05,1.913392027325415,0.0,0.0,0.0
4893,2774,-283.81845,391.7737,-0.011185989,0.0,-0.0,0.0,0.0,7.3782964150265515e-06,1.7642974900721855e-05,1.913392027325415,0.0,0.0,0.0
4894,2774,-283.81845,391.7737,-0.011185989,0.0,-0.0,0.0,0.0,7.3782964150265515e-06,1.7642974900721855e-05,1.913392027325415,0.0,0.0,0.0
4895,2774,-283.81845,391.7737,-0.011185989,0.0,-0.0,0.0,0.0,7.3782964150265515e-06,1.7642974900721855e-05,1.913392027325415,0.0,0.0,0.0
4896,2774,-283.81845,391.7737,-0.011185989,0.0,-0.0,0.0,0.0,7.3782964150265515e-06,1.7642974900721855e-05,1.913392027325415,0.0,0.0,0.0
4897,2774,-283.81845,391.7737,-0.011185989,0.0,-0.0,0.0,0.0,7.3782964150265515e-06,1.7642974900721855e-05,1.913392027325415,0.0,0.0,0.0
4898,2774,-283.81845,391.7737,-0.011185989,0.0,-0.0,0.0,0.0,7.3782964150265515e-06,1.7642974900721855e-05,1.913392027325415,0.0,0.0,0.0
4899,2774,-283.81845,391.7737,-0.011185989,0.0,-0.0,0.0,0.0,7.3782964150265515e-06,1.7642974900721855e-05,1.913392027325415,0.0,0.0,0.0
4900,2774,-283.81845,391.7737,-0.011185989,0.0,-0.0,0.0,0.0,7.3782964150265515e-06,1.7642974900721855e-05,1.913392027325415,0.0,0.0,0.0
4901,2774,-283.81845,391.7737,-0.011185989,0.0,-0.0,0.0,0.0,7.3782964150265515e-06,1.7642974900721855e-05,1.913392027325415,0.0,0.0,0.0
4902,2774,-283.81845,391.7737,-0.011185989,0.0,-0.0,0.0,0.0,7.3782964150265515e-06,1.7642974900721855e-05,1.913392027325415,0.0,0.0,0.0
4903,2774,-283.81845,391.7737,-0.011185989,0.0,-0.0,0.0,0.0,7.3782964150265515e-06,1.7642974900721855e-05,1.913392027325415,0.0,0.0,0.0
4904,2774,-283.81845,391.7737,-0.011185989,0.0,-0.0,0.0,0.0,7.3782964150265515e-06,1.7642974900721855e-05,1.913392027325415,0.0,0.0,0.0
4905,2774,-283.81845,391.7737,-0.011185989,0.0,-0.0,0.0,0.0,7.3782964150265515e-06,1.7642974900721855e-05,1.913392027325415,0.0,0.0,0.0
4906,2774,-283.81845,391.7737,-0.011185989,0.0,-0.0,0.0,0.0,7.3782964150265515e-06,1.7642974900721855e-05,1.913392027325415,0.0,0.0,0.0
4907,2774,-283.81845,391.7737,-0.011185989,0.0,-0.0,0.0,0.0,7.3782964150265515e-06,1.7642974900721855e-05,1.913392027325415,0.0,0.0,0.0
4908,2774,-283.81845,391.7737,-0.011185989,0.0,-0.0,0.0,0.0,7.3782964150265515e-06,1.7642974900721855e-05,1.913392027325415,0.0,0.0,0.0
4909,2774,-283.81845,391.7737,-0.011185989,0.0,-0.0,0.0,0.0,7.3782964150265515e-06,1.7642974900721855e-05,1.913392027325415,0.0,0.0,0.0
4910,2774,-283.81845,391.7737,-0.011185989,0.0,-0.0,0.0,0.0,7.3782964150265515e-06,1.7642974900721855e-05,1.913392027325415,0.0,0.0,0.0
4911,2774,-283.81845,391.7737,-0.011185989,0.0,-0.0,0.0,0.0,7.3782964150265515e-06,1.7642974900721855e-05,1.913392027325415,0.0,0.0,0.0
4912,2774,-283.81845,391.7737,-0.011185989,0.0,-0.0,0.0,0.0,7.3782964150265515e-06,1.7642974900721855e-05,1.913392027325415,0.0,0.0,0.0
4913,2774,-283.81845,391.7737,-0.011185989,0.0,-0.0,0.0,0.0,7.3782964150265515e-06,1.7642974900721855e-05,1.913392027325415,0.0,0.0,0.0
4914,2774,-283.81845,391.7737,-0.011185989,0.0,-0.0,0.0,0.0,7.3782964150265515e-06,1.7642974900721855e-05,1.913392027325415,0.0,0.0,0.0
4915,2774,-283.81845,391.7737,-0.011185989,0.0,-0.0,0.0,0.0,7.3782964150265515e-06,1.7642974900721855e-05,1.913392027325415,0.0,0.0,0.0
4916,2774,-283.81845,391.7737,-0.011185989,0.0,-0.0,0.0,0.0,7.3782964150265515e-06,1.7642974900721855e-05,1.913392027325415,0.0,0.0,0.0
4917,2774,-283.81845,391.7737,-0.011185989,0.0,-0.0,0.0,0.0,7.3782964150265515e-06,1.7642974900721855e-05,1.913392027325415,0.0,0.0,0.0
4918,2774,-283.81845,391.7737,-0.011185989,0.0,-0.0,0.0,0.0,7.3782964150265515e-06,1.7642974900721855e-05,1.913392027325415,0.0,0.0,0.0
4919,2774,-283.81845,391.7737,-0.011185989,0.0,-0.0,0.0,0.0,7.3782964150265515e-06,1.7642974900721855e-05,1.913392027325415,0.0,0.0,0.0
4920,2774,-283.81845,391.7737,-0.011185989,0.0,-0.0,0.0,0.0,7.3782964150265515e-06,1.7642974900721855e-05,1.913392027325415,0.0,0.0,0.0
4921,2774,-283.81845,391.7737,-0.011185989,0.0,-0.0,0.0,0.0,7.3782964150265515e-06,1.7642974900721855e-05,1.913392027325415,0.0,0.0,0.0
4922,2774,-283.81845,391.7737,-0.011185989,0.0,-0.0,0.0,0.0,7.3782964150265515e-06,1.7642974900721855e-05,1.913392027325415,0.0,0.0,0.0
4923,2774,-283.81845,391.7737,-0.011185989,0.0,-0.0,0.0,0.0,7.3782964150265515e-06,1.7642974900721855e-05,1.913392027325415,0.0,0.0,0.0
4924,2774,-283.81845,391.7737,-0.011185989,0.0,-0.0,0.0,0.0,7.3782964150265515e-06,1.7642974900721855e-05,1.913392027325415,0.0,0.0,0.0
4925,2774,-283.81845,391.7737,-0.011185989,0.0,-0.0,0.0,0.0,7.3782964150265515e-06,1.7642974900721855e-05,1.913392027325415,0.0,0.0,0.0
4926,2774,-283.81845,391.7737,-0.011185989,0.0,-0.0,0.0,0.0,7.3782964150265515e-06,1.7642974900721855e-05,1.913392027325415,0.0,0.0,0.0
4927,2774,-283.81845,391.7737,-0.011185989,0.0,-0.0,0.0,0.0,7.3782964150265515e-06,1.7642974900721855e-05,1.913392027325415,0.0,0.0,0.0
4928,2774,-283.81845,391.7737,-0.011185989,0.0,-0.0,0.0,0.0,7.3782964150265515e-06,1.7642974900721855e-05,1.913392027325415,0.0,0.0,0.0
4929,2774,-283.81845,391.7737,-0.011185989,0.0,-0.0,0.0,0.0,7.3782964150265515e-06,1.7642974900721855e-05,1.913392027325415,0.0,0.0,0.0
4930,2774,-283.81845,391.7737,-0.011185989,0.0,-0.0,0.0,0.0,7.3782964150265515e-06,1.7642974900721855e-05,1.913392027325415,0.0,0.0,0.0
4931,2774,-283.81845,391.7737,-0.011185989,0.0,-0.0,0.0,0.0,7.3782964150265515e-06,1.7642974900721855e-05,1.913392027325415,0.0,0.0,0.0
4932,2774,-283.81845,391.7737,-0.011185989,0.0,-0.0,0.0,0.0,7.3782964150265515e-06,1.7642974900721855e-05,1.913392027325415,0.0,0.0,0.0
4933,2774,-283.81845,391.7737,-0.011185989,0.0,-0.0,0.0,0.0,7.3782964150265515e-06,1.7642974900721855e-05,1.913392027325415,0.0,0.0,0.0
4934,2774,-283.81845,391.7737,-0.011185989,0.0,-0.0,0.0,0.0,7.3782964150265515e-06,1.7642974900721855e-05,1.913392027325415,0.0,0.0,0.0
4935,2774,-283.81845,391.7737,-0.011185989,0.0,-0.0,0.0,0.0,7.3782964150265515e-06,1.7642974900721855e-05,1.913392027325415,0.0,0.0,0.0
4936,2774,-283.81845,391.7737,-0.011185989,0.0,-0.0,0.0,0.0,7.3782964150265515e-06,1.7642974900721855e-05,1.913392027325415,0.0,0.0,0.0
4937,2774,-283.81845,391.7737,-0.011185989,0.0,-0.0,0.0,0.0,7.3782964150265515e-06,1.7642974900721855e-05,1.913392027325415,0.0,0.0,0.0
4938,2774,-283.81845,391.7737,-0.011185989,0.0,-0.0,0.0,0.0,7.3782964150265515e-06,1.7642974900721855e-05,1.913392027325415,0.0,0.0,0.0
4939,2774,-283.81845,391.7737,-0.011185989,0.0,-0.0,0.0,0.0,7.3782964150265515e-06,1.7642974900721855e-05,1.913392027325415,0.0,0.0,0.0
4940,2774,-283.81845,391.7737,-0.011185989,0.0,-0.0,0.0,0.0,7.3782964150265515e-06,1.7642974900721855e-05,1.913392027325415,0.0,0.0,0.0
4941,2774,-283.81845,391.7737,-0.011185989,0.0,-0.0,0.0,0.0,7.3782964150265515e-06,1.7642974900721855e-05,1.913392027325415,0.0,0.0,0.0
4942,2774,-283.81845,391.7737,-0.011185989,0.0,-0.0,0.0,0.0,7.3782964150265515e-06,1.7642974900721855e-05,1.913392027325415,0.0,0.0,0.0
4943,2774,-283.81845,391.7737,-0.011185989,0.0,-0.0,0.0,0.0,7.3782964150265515e-06,1.7642974900721855e-05,1.913392027325415,0.0,0.0,0.0
4944,2774,-283.81845,391.7737,-0.011185989,0.0,-0.0,0.0,0.0,7.3782964150265515e-06,1.7642974900721855e-05,1.913392027325415,0.0,0.0,0.0
4945,2774,-283.81845,391.7737,-0.011185989,0.0,-0.0,0.0,0.0,7.3782964150265515e-06,1.7642974900721855e-05,1.913392027325415,0.0,0.0,0.0
4946,2774,-283.81845,391.7737,-0.011185989,0.0,-0.0,0.0,0.0,7.3782964150265515e-06,1.7642974900721855e-05,1.913392027325415,0.0,0.0,0.0
4947,2774,-283.81845,391.7737,-0.011185989,0.0,-0.0,0.0,0.0,7.3782964150265515e-06,1.7642974900721855e-05,1.913392027325415,0.0,0.0,0.0
4948,2774,-283.81845,391.7737,-0.011185989,0.0,-0.0,0.0,0.0,7.3782964150265515e-06,1.7642974900721855e-05,1.913392027325415,0.0,0.0,0.0
4949,2774,-283.81845,391.7737,-0.011185989,0.0,-0.0,0.0,0.0,7.3782964150265515e-06,1.7642974900721855e-05,1.913392027325415,0.0,0.0,0.0
4950,2774,-283.81845,391.7737,-0.011185989,0.0,-0.0,0.0,0.0,7.3782964150265515e-06,1.7642974900721855e-05,1.913392027325415,0.0,0.0,0.0
4951,2774,-283.81845,391.7737,-0.011185989,0.0,-0.0,0.0,0.0,7.3782964150265515e-06,1.7642974900721855e-05,1.913392027325415,0.0,0.0,0.0
4952,2774,-283.81845,391.7737,-0.011185989,0.0,-0.0,0.0,0.0,7.3782964150265515e-06,1.7642974900721855e-05,1.913392027325415,0.0,0.0,0.0
4953,2774,-283.81845,391.7737,-0.011185989,0.0,-0.0,0.0,0.0,7.3782964150265515e-06,1.7642974900721855e-05,1.913392027325415,0.0,0.0,0.0
4954,2774,-283.81845,391.7737,-0.011185989,0.0,-0.0,0.0,0.0,7.3782964150265515e-06,1.7642974900721855e-05,1.913392027325415,0.0,0.0,0.0
4955,2774,-283.81845,391.7737,-0.011185989,0.0,-0.0,0.0,0.0,7.3782964150265515e-06,1.7642974900721855e-05,1.913392027325415,0.0,0.0,0.0
4956,2774,-283.81845,391.7737,-0.011185989,0.0,-0.0,0.0,0.0,7.3782964150265515e-06,1.7642974900721855e-05,1.913392027325415,0.0,0.0,0.0
4957,2774,-283.81845,391.7737,-0.011185989,0.0,-0.0,0.0,0.0,7.3782964150265515e-06,1.7642974900721855e-05,1.913392027325415,0.0,0.0,0.0
4958,2774,-283.81845,391.7737,-0.011185989,0.0,-0.0,0.0,0.0,7.3782964150265515e-06,1.7642974900721855e-05,1.913392027325415,0.0,0.0,0.0
4959,2774,-283.81845,391.7737,-0.011185989,0.0,-0.0,0.0,0.0,7.3782964150265515e-06,1.7642974900721855e-05,1.913392027325415,0.0,0.0,0.0
4960,2774,-283.81845,391.7737,-0.011185989,0.0,-0.0,0.0,0.0,7.3782964150265515e-06,1.7642974900721855e-05,1.913392027325415,0.0,0.0,0.0
4961,2774,-283.81845,391.7737,-0.011185989,0.0,-0.0,0.0,0.0,7.3782964150265515e-06,1.7642974900721855e-05,1.913392027325415,0.0,0.0,0.0
4962,2774,-283.81845,391.7737,-0.011185989,0.0,-0.0,0.0,0.0,7.3782964150265515e-06,1.7642974900721855e-05,1.913392027325415,0.0,0.0,0.0
4963,2774,-283.81845,391.7737,-0.011185989,0.0,-0.0,0.0,0.0,7.3782964150265515e-06,1.7642974900721855e-05,1.913392027325415,0.0,0.0,0.0
4964,2774,-283.81845,391.7737,-0.011185989,0.0,-0.0,0.0,0.0,7.3782964150265515e-06,1.7642974900721855e-05,1.913392027325415,0.0,0.0,0.0
4965,2774,-283.81845,391.7737,-0.011185989,0.0,-0.0,0.0,0.0,7.3782964150265515e-06,1.7642974900721855e-05,1.913392027325415,0.0,0.0,0.0
4966,2774,-283.81845,391.7737,-0.011185989,0.0,-0.0,0.0,0.0,7.3782964150265515e-06,1.7642974900721855e-05,1.913392027325415,0.0,0.0,0.0
4967,2774,-283.81845,391.7737,-0.011185989,0.0,-0.0,0.0,0.0,7.3782964150265515e-06,1.7642974900721855e-05,1.913392027325415,0.0,0.0,0.0
4968,2774,-283.81845,391.7737,-0.011185989,0.0,-0.0,0.0,0.0,7.3782964150265515e-06,1.7642974900721855e-05,1.913392027325415,0.0,0.0,0.0
4969,2774,-283.81845,391.7737,-0.011185989,0.0,-0.0,0.0,0.0,7.3782964150265515e-06,1.7642974900721855e-05,1.913392027325415,0.0,0.0,0.0
4970,2774,-283.81845,391.7737,-0.011185989,0.0,-0.0,0.0,0.0,7.3782964150265515e-06,1.7642974900721855e-05,1.913392027325415,0.0,0.0,0.0
4971,2774,-283.81845,391.7737,-0.011185989,0.0,-0.0,0.0,0.0,7.3782964150265515e-06,1.7642974900721855e-05,1.913392027325415,0.0,0.0,0.0
4972,2774,-283.81845,391.7737,-0.011185989,0.0,-0.0,0.0,0.0,7.3782964150265515e-06,1.7642974900721855e-05,1.913392027325415,0.0,0.0,0.0
4973,2774,-283.81845,391.7737,-0.011185989,0.0,-0.0,0.0,0.0,7.3782964150265515e-06,1.7642974900721855e-05,1.913392027325415,0.0,0.0,0.0
4974,2774,-283.81845,391.7737,-0.011185989,0.0,-0.0,0.0,0.0,7.3782964150265515e-06,1.7642974900721855e-05,1.913392027325415,0.0,0.0,0.0
4975,2774,-283.81845,391.7737,-0.011185989,0.0,-0.0,0.0,0.0,7.3782964150265515e-06,1.7642974900721855e-05,1.913392027325415,0.0,0.0,0.0
4976,2774,-283.81845,391.7737,-0.011185989,0.0,-0.0,0.0,0.0,7.3782964150265515e-06,1.7642974900721855e-05,1.913392027325415,0.0,0.0,0.0
4977,2774,-283.81845,391.7737,-0.011185989,0.0,-0.0,0.0,0.0,7.3782964150265515e-06,1.7642974900721855e-05,1.913392027325415,0.0,0.0,0.0
4978,2774,-283.81845,391.7737,-0.011185989,0.0,-0.0,0.0,0.0,7.3782964150265515e-06,1.7642974900721855e-05,1.913392027325415,0.0,0.0,0.0
4979,2774,-283.81845,391.7737,-0.011185989,0.0,-0.0,0.0,0.0,7.3782964150265515e-06,1.7642974900721855e-05,1.913392027325415,0.0,0.0,0.0
4980,2774,-283.81845,391.7737,-0.011185989,0.0,-0.0,0.0,0.0,7.3782964150265515e-06,1.7642974900721855e-05,1.913392027325415,0.0,0.0,0.0
4981,2774,-283.81845,391.7737,-0.011185989,0.0,-0.0,0.0,0.0,7.3782964150265515e-06,1.7642974900721855e-05,1.913392027325415,0.0,0.0,0.0
4982,2774,-283.81845,391.7737,-0.011185989,0.0,-0.0,0.0,0.0,7.3782964150265515e-06,1.7642974900721855e-05,1.913392027325415,0.0,0.0,0.0
4983,2774,-283.81845,391.7737,-0.011185989,0.0,-0.0,0.0,0.0,7.3782964150265515e-06,1.7642974900721855e-05,1.913392027325415,0.0,0.0,0.0
4984,2774,-283.81845,391.7737,-0.011185989,0.0,-0.0,0.0,0.0,7.3782964150265515e-06,1.7642974900721855e-05,1.913392027325415,0.0,0.0,0.0
4985,2774,-283.81845,391.7737,-0.011185989,0.0,-0.0,0.0,0.0,7.3782964150265515e-06,1.7642974900721855e-05,1.913392027325415,0.0,0.0,0.0
4986,2774,-283.81845,391.7737,-0.011185989,0.0,-0.0,0.0,0.0,7.3782964150265515e-06,1.7642974900721855e-05,1.913392027325415,0.0,0.0,0.0
4987,2774,-283.81845,391.7737,-0.011185989,0.0,-0.0,0.0,0.0,7.3782964150265515e-06,1.7642974900721855e-05,1.913392027325415,0.0,0.0,0.0
4988,2774,-283.81845,391.7737,-0.011185989,0.0,-0.0,0.0,0.0,7.3782964150265515e-06,1.7642974900721855e-05,1.913392027325415,0.0,0.0,0.0
4989,2774,-283.81845,391.7737,-0.011185989,0.0,-0.0,0.0,0.0,7.3782964150265515e-06,1.7642974900721855e-05,1.913392027325415,0.0,0.0,0.0
4990,2774,-283.81845,391.7737,-0.011185989,0.0,-0.0,0.0,0.0,7.3782964150265515e-06,1.7642974900721855e-05,1.913392027325415,0.0,0.0,0.0
4991,2774,-283.81845,391.7737,-0.011185989,0.0,-0.0,0.0,0.0,7.3782964150265515e-06,1.7642974900721855e-05,1.913392027325415,0.0,0.0,0.0
4992,2774,-283.81845,391.7737,-0.011185989,0.0,-0.0,0.0,0.0,7.3782964150265515e-06,1.7642974900721855e-05,1.913392027325415,0.0,0.0,0.0
4993,2774,-283.81845,391.7737,-0.011185989,0.0,-0.0,0.0,0.0,7.3782964150265515e-06,1.7642974900721855e-05,1.913392027325415,0.0,0.0,0.0
4994,2774,-283.81845,391.7737,-0.011185989,0.0,-0.0,0.0,0.0,7.3782964150265515e-06,1.7642974900721855e-05,1.913392027325415,0.0,0.0,0.0
4995,2774,-283.81845,391.7737,-0.011185989,0.0,-0.0,0.0,0.0,7.3782964150265515e-06,1.7642974900721855e-05,1.913392027325415,0.0,0.0,0.0
4996,2774,-283.81845,391.7737,-0.011185989,0.0,-0.0,0.0,0.0,7.3782964150265515e-06,1.7642974900721855e-05,1.913392027325415,0.0,0.0,0.0
4997,2774,-283.81845,391.7737,-0.011185989,0.0,-0.0,0.0,0.0,7.3782964150265515e-06,1.7642974900721855e-05,1.913392027325415,0.0,0.0,0.0
4998,2774,-283.81845,391.7737,-0.011185989,0.0,-0.0,0.0,0.0,7.3782964150265515e-06,1.7642974900721855e-05,1.913392027325415,0.0,0.0,0.0
4999,2774,-283.81845,391.7737,-0.011185989,0.0,-0.0,0.0,0.0,7.3782964150265515e-06,1.7642974900721855e-05,1.913392027325415,0.0,0.0,0.0
5000,2774,-283.81845,391.7737,-0.011185989,0.0,-0.0,0.0,0.0,7.3782964150265515e-06,1.7642974900721855e-05,1.913392027325415,0.0,0.0,0.0
5001,2774,-283.81845,391.7737,-0.011185989,0.0,-0.0,0.0,0.0,7.3782964150265515e-06,1.7642974900721855e-05,1.913392027325415,0.0,0.0,0.0
5002,2774,-283.81845,391.7737,-0.011185989,0.0,-0.0,0.0,0.0,7.3782964150265515e-06,1.7642974900721855e-05,1.913392027325415,0.0,0.0,0.0
5003,2774,-283.81845,391.7737,-0.011185989,0.0,-0.0,0.0,0.0,7.3782964150265515e-06,1.7642974900721855e-05,1.913392027325415,0.0,0.0,0.0
5004,2774,-283.81845,391.7737,-0.011185989,0.0,-0.0,0.0,0.0,7.3782964150265515e-06,1.7642974900721855e-05,1.913392027325415,0.0,0.0,0.0
5005,2774,-283.81845,391.7737,-0.011185989,0.0,-0.0,0.0,0.0,7.3782964150265515e-06,1.7642974900721855e-05,1.913392027325415,0.0,0.0,0.0
5006,2774,-283.81845,391.7737,-0.011185989,0.0,-0.0,0.0,0.0,7.3782964150265515e-06,1.7642974900721855e-05,1.913392027325415,0.0,0.0,0.0
5007,2774,-283.81845,391.7737,-0.011185989,0.0,-0.0,0.0,0.0,7.3782964150265515e-06,1.7642974900721855e-05,1.913392027325415,0.0,0.0,0.0
5008,2774,-283.81845,391.7737,-0.011185989,0.0,-0.0,0.0,0.0,7.3782964150265515e-06,1.7642974900721855e-05,1.913392027325415,0.0,0.0,0.0
5009,2774,-283.81845,391.7737,-0.011185989,0.0,-0.0,0.0,0.0,7.3782964150265515e-06,1.7642974900721855e-05,1.913392027325415,0.0,0.0,0.0
5010,2774,-283.81845,391.7737,-0.011185989,0.0,-0.0,0.0,0.0,7.3782964150265515e-06,1.7642974900721855e-05,1.913392027325415,0.0,0.0,0.0
5011,2774,-283.81845,391.7737,-0.011185989,0.0,-0.0,0.0,0.0,7.3782964150265515e-06,1.7642974900721855e-05,1.913392027325415,0.0,0.0,0.0
5012,2774,-283.81845,391.7737,-0.011185989,0.0,-0.0,0.0,0.0,7.3782964150265515e-06,1.7642974900721855e-05,1.913392027325415,0.0,0.0,0.0
5013,2774,-283.81845,391.7737,-0.011185989,0.0,-0.0,0.0,0.0,7.3782964150265515e-06,1.7642974900721855e-05,1.913392027325415,0.0,0.0,0.0
5014,2774,-283.81845,391.7737,-0.011185989,0.0,-0.0,0.0,0.0,7.3782964150265515e-06,1.7642974900721855e-05,1.913392027325415,0.0,0.0,0.0
5015,2774,-283.81845,391.7737,-0.011185989,0.0,-0.0,0.0,0.0,7.3782964150265515e-06,1.7642974900721855e-05,1.913392027325415,0.0,0.0,0.0
5016,2774,-283.81845,391.7737,-0.011185989,0.0,-0.0,0.0,0.0,7.3782964150265515e-06,1.7642974900721855e-05,1.913392027325415,0.0,0.0,0.0
5017,2774,-283.81845,391.7737,-0.011185989,0.0,-0.0,0.0,0.0,7.3782964150265515e-06,1.7642974900721855e-05,1.913392027325415,0.0,0.0,0.0
5018,2774,-283.81845,391.7737,-0.011185989,0.0,-0.0,0.0,0.0,7.3782964150265515e-06,1.7642974900721855e-05,1.913392027325415,0.0,0.0,0.0
5019,2774,-283.81845,391.7737,-0.011185989,0.0,-0.0,0.0,0.0,7.3782964150265515e-06,1.7642974900721855e-05,1.913392027325415,0.0,0.0,0.0
5020,2774,-283.81845,391.7737,-0.011185989,0.0,-0.0,0.0,0.0,7.3782964150265515e-06,1.7642974900721855e-05,1.913392027325415,0.0,0.0,0.0
5021,2774,-283.81845,391.7737,-0.011185989,0.0,-0.0,0.0,0.0,7.3782964150265515e-06,1.7642974900721855e-05,1.913392027325415,0.0,0.0,0.0
5022,2774,-283.81845,391.7737,-0.011185989,0.0,-0.0,0.0,0.0,7.3782964150265515e-06,1.7642974900721855e-05,1.913392027325415,0.0,0.0,0.0
5023,2774,-283.81845,391.7737,-0.011185989,0.0,-0.0,0.0,0.0,7.3782964150265515e-06,1.7642974900721855e-05,1.913392027325415,0.0,0.0,0.0
5024,2774,-283.81845,391.7737,-0.011185989,0.0,-0.0,0.0,0.0,7.3782964150265515e-06,1.7642974900721855e-05,1.913392027325415,0.0,0.0,0.0
5025,2774,-283.81845,391.7737,-0.011185989,0.0,-0.0,0.0,0.0,7.3782964150265515e-06,1.7642974900721855e-05,1.913392027325415,0.0,0.0,0.0
5026,2774,-283.81845,391.7737,-0.011185989,0.0,-0.0,0.0,0.0,7.3782964150265515e-06,1.7642974900721855e-05,1.913392027325415,0.0,0.0,0.0
5027,2774,-283.81845,391.7737,-0.011185989,0.0,-0.0,0.0,0.0,7.3782964150265515e-06,1.7642974900721855e-05,1.913392027325415,0.0,0.0,0.0
5028,2774,-283.81845,391.7737,-0.011185989,0.0,-0.0,0.0,0.0,7.3782964150265515e-06,1.7642974900721855e-05,1.913392027325415,0.0,0.0,0.0
5029,2774,-283.81845,391.7737,-0.011185989,0.0,-0.0,0.0,0.0,7.3782964150265515e-06,1.7642974900721855e-05,1.913392027325415,0.0,0.0,0.0
5030,2774,-283.81845,391.7737,-0.011185989,0.0,-0.0,0.0,0.0,7.3782964150265515e-06,1.7642974900721855e-05,1.913392027325415,0.0,0.0,0.0
5031,2774,-283.81845,391.7737,-0.011185989,0.0,-0.0,0.0,0.0,7.3782964150265515e-06,1.7642974900721855e-05,1.913392027325415,0.0,0.0,0.0
5032,2774,-283.81845,391.7737,-0.011185989,0.0,-0.0,0.0,0.0,7.3782964150265515e-06,1.7642974900721855e-05,1.913392027325415,0.0,0.0,0.0
5033,2774,-283.81845,391.7737,-0.011185989,0.0,-0.0,0.0,0.0,7.3782964150265515e-06,1.7642974900721855e-05,1.913392027325415,0.0,0.0,0.0
5034,2774,-283.81845,391.7737,-0.011185989,0.0,-0.0,0.0,0.0,7.3782964150265515e-06,1.7642974900721855e-05,1.913392027325415,0.0,0.0,0.0
5035,2774,-283.81845,391.7737,-0.011185989,0.0,-0.0,0.0,0.0,7.3782964150265515e-06,1.7642974900721855e-05,1.913392027325415,0.0,0.0,0.0
5036,2774,-283.81845,391.7737,-0.011185989,0.0,-0.0,0.0,0.0,7.3782964150265515e-06,1.7642974900721855e-05,1.913392027325415,0.0,0.0,0.0
5037,2774,-283.81845,391.7737,-0.011185989,0.0,-0.0,0.0,0.0,7.3782964150265515e-06,1.7642974900721855e-05,1.913392027325415,0.0,0.0,0.0
5038,2774,-283.81845,391.7737,-0.011185989,0.0,-0.0,0.0,0.0,7.3782964150265515e-06,1.7642974900721855e-05,1.913392027325415,0.0,0.0,0.0
5039,2774,-283.81845,391.7737,-0.011185989,0.0,-0.0,0.0,0.0,7.3782964150265515e-06,1.7642974900721855e-05,1.913392027325415,0.0,0.0,0.0
5040,2774,-283.81845,391.7737,-0.011185989,0.0,-0.0,0.0,0.0,7.3782964150265515e-06,1.7642974900721855e-05,1.913392027325415,0.0,0.0,0.0
5041,2774,-283.81845,391.7737,-0.011185989,0.0,-0.0,0.0,0.0,7.3782964150265515e-06,1.7642974900721855e-05,1.913392027325415,0.0,0.0,0.0
5042,2774,-283.81845,391.7737,-0.011185989,0.0,-0.0,0.0,0.0,7.3782964150265515e-06,1.7642974900721855e-05,1.913392027325415,0.0,0.0,0.0
5043,2774,-283.81845,391.7737,-0.011185989,0.0,-0.0,0.0,0.0,7.3782964150265515e-06,1.7642974900721855e-05,1.913392027325415,0.0,0.0,0.0
5044,2774,-283.81845,391.7737,-0.011185989,0.0,-0.0,0.0,0.0,7.3782964150265515e-06,1.7642974900721855e-05,1.913392027325415,0.0,0.0,0.0
5045,2774,-283.81845,391.7737,-0.011185989,0.0,-0.0,0.0,0.0,7.3782964150265515e-06,1.7642974900721855e-05,1.913392027325415,0.0,0.0,0.0
5046,2774,-283.81845,391.7737,-0.011185989,0.0,-0.0,0.0,0.0,7.3782964150265515e-06,1.7642974900721855e-05,1.913392027325415,0.0,0.0,0.0
5047,2774,-283.81845,391.7737,-0.011185989,0.0,-0.0,0.0,0.0,7.3782964150265515e-06,1.7642974900721855e-05,1.913392027325415,0.0,0.0,0.0
5048,2774,-283.81845,391.7737,-0.011185989,0.0,-0.0,0.0,0.0,7.3782964150265515e-06,1.7642974900721855e-05,1.913392027325415,0.0,0.0,0.0
5049,2774,-283.81845,391.7737,-0.011185989,0.0,-0.0,0.0,0.0,7.3782964150265515e-06,1.7642974900721855e-05,1.913392027325415,0.0,0.0,0.0
5050,2774,-283.81845,391.7737,-0.011185989,0.0,-0.0,0.0,0.0,7.3782964150265515e-06,1.7642974900721855e-05,1.913392027325415,0.0,0.0,0.0
5051,2774,-283.81845,391.7737,-0.011185989,0.0,-0.0,0.0,0.0,7.3782964150265515e-06,1.7642974900721855e-05,1.913392027325415,0.0,0.0,0.0
5052,2774,-283.81845,391.7737,-0.011185989,0.0,-0.0,0.0,0.0,7.3782964150265515e-06,1.7642974900721855e-05,1.913392027325415,0.0,0.0,0.0
5053,2774,-283.81845,391.7737,-0.011185989,0.0,-0.0,0.0,0.0,7.3782964150265515e-06,1.7642974900721855e-05,1.913392027325415,0.0,0.0,0.0
5054,2774,-283.81845,391.7737,-0.011185989,0.0,-0.0,0.0,0.0,7.3782964150265515e-06,1.7642974900721855e-05,1.913392027325415,0.0,0.0,0.0
5055,2774,-283.81845,391.7737,-0.011185989,0.0,-0.0,0.0,0.0,7.3782964150265515e-06,1.7642974900721855e-05,1.913392027325415,0.0,0.0,0.0
5056,2774,-283.81845,391.7737,-0.011185989,0.0,-0.0,0.0,0.0,7.3782964150265515e-06,1.7642974900721855e-05,1.913392027325415,0.0,0.0,0.0
5057,2774,-283.81845,391.7737,-0.011185989,0.0,-0.0,0.0,0.0,7.3782964150265515e-06,1.7642974900721855e-05,1.913392027325415,0.0,0.0,0.0
5058,2774,-283.81845,391.7737,-0.011185989,0.0,-0.0,0.0,0.0,7.3782964150265515e-06,1.7642974900721855e-05,1.913392027325415,0.0,0.0,0.0
5059,2774,-283.81845,391.7737,-0.011185989,0.0,-0.0,0.0,0.0,7.3782964150265515e-06,1.7642974900721855e-05,1.913392027325415,0.0,0.0,0.0
5060,2774,-283.81845,391.7737,-0.011185989,0.0,-0.0,0.0,0.0,7.3782964150265515e-06,1.7642974900721855e-05,1.913392027325415,0.0,0.0,0.0
5061,2774,-283.81845,391.7737,-0.011185989,0.0,-0.0,0.0,0.0,7.3782964150265515e-06,1.7642974900721855e-05,1.913392027325415,0.0,0.0,0.0
5062,2774,-283.81845,391.7737,-0.011185989,0.0,-0.0,0.0,0.0,7.3782964150265515e-06,1.7642974900721855e-05,1.913392027325415,0.0,0.0,0.0
5063,2774,-283.81845,391.7737,-0.011185989,0.0,-0.0,0.0,0.0,7.3782964150265515e-06,1.7642974900721855e-05,1.913392027325415,0.0,0.0,0.0
5064,2774,-283.81845,391.7737,-0.011185989,0.0,-0.0,0.0,0.0,7.3782964150265515e-06,1.7642974900721855e-05,1.913392027325415,0.0,0.0,0.0
5065,2774,-283.81845,391.7737,-0.011185989,0.0,-0.0,0.0,0.0,7.3782964150265515e-06,1.7642974900721855e-05,1.913392027325415,0.0,0.0,0.0
5066,2774,-283.81845,391.7737,-0.011185989,0.0,-0.0,0.0,0.0,7.3782964150265515e-06,1.7642974900721855e-05,1.913392027325415,0.0,0.0,0.0
5067,2774,-283.81845,391.7737,-0.011185989,0.0,-0.0,0.0,0.0,7.3782964150265515e-06,1.7642974900721855e-05,1.913392027325415,0.0,0.0,0.0
5068,2774,-283.81845,391.7737,-0.011185989,0.0,-0.0,0.0,0.0,7.3782964150265515e-06,1.7642974900721855e-05,1.913392027325415,0.0,0.0,0.0
5069,2774,-283.81845,391.7737,-0.011185989,0.0,-0.0,0.0,0.0,7.3782964150265515e-06,1.7642974900721855e-05,1.913392027325415,0.0,0.0,0.0
5070,2774,-283.81845,391.7737,-0.011185989,0.0,-0.0,0.0,0.0,7.3782964150265515e-06,1.7642974900721855e-05,1.913392027325415,0.0,0.0,0.0
5071,2774,-283.81845,391.7737,-0.011185989,0.0,-0.0,0.0,0.0,7.3782964150265515e-06,1.7642974900721855e-05,1.913392027325415,0.0,0.0,0.0
5072,2774,-283.81845,391.7737,-0.011185989,0.0,-0.0,0.0,0.0,7.3782964150265515e-06,1.7642974900721855e-05,1.913392027325415,0.0,0.0,0.0
5073,2774,-283.81845,391.7737,-0.011185989,0.0,-0.0,0.0,0.0,7.3782964150265515e-06,1.7642974900721855e-05,1.913392027325415,0.0,0.0,0.0
5074,2774,-283.81845,391.7737,-0.011185989,0.0,-0.0,0.0,0.0,7.3782964150265515e-06,1.7642974900721855e-05,1.913392027325415,0.0,0.0,0.0
5075,2774,-283.81845,391.7737,-0.011185989,0.0,-0.0,0.0,0.0,7.3782964150265515e-06,1.7642974900721855e-05,1.913392027325415,0.0,0.0,0.0
5076,2774,-283.81845,391.7737,-0.011185989,0.0,-0.0,0.0,0.0,7.3782964150265515e-06,1.7642974900721855e-05,1.913392027325415,0.0,0.0,0.0
5077,2774,-283.81845,391.7737,-0.011185989,0.0,-0.0,0.0,0.0,7.3782964150265515e-06,1.7642974900721855e-05,1.913392027325415,0.0,0.0,0.0
5078,2774,-283.81845,391.7737,-0.011185989,0.0,-0.0,0.0,0.0,7.3782964150265515e-06,1.7642974900721855e-05,1.913392027325415,0.0,0.0,0.0
5079,2774,-283.81845,391.7737,-0.011185989,0.0,-0.0,0.0,0.0,7.3782964150265515e-06,1.7642974900721855e-05,1.913392027325415,0.0,0.0,0.0
5080,2774,-283.81845,391.7737,-0.011185989,0.0,-0.0,0.0,0.0,7.3782964150265515e-06,1.7642974900721855e-05,1.913392027325415,0.0,0.0,0.0
5081,2774,-283.81845,391.7737,-0.011185989,0.0,-0.0,0.0,0.0,7.3782964150265515e-06,1.7642974900721855e-05,1.913392027325415,0.0,0.0,0.0
5082,2774,-283.81845,391.7737,-0.011185989,0.0,-0.0,0.0,0.0,7.3782964150265515e-06,1.7642974900721855e-05,1.913392027325415,0.0,0.0,0.0
5083,2774,-283.81845,391.7737,-0.011185989,0.0,-0.0,0.0,0.0,7.3782964150265515e-06,1.7642974900721855e-05,1.913392027325415,0.0,0.0,0.0
5084,2774,-283.81845,391.7737,-0.011185989,0.0,-0.0,0.0,0.0,7.3782964150265515e-06,1.7642974900721855e-05,1.913392027325415,0.0,0.0,0.0
5085,2774,-283.81845,391.7737,-0.011185989,0.0,-0.0,0.0,0.0,7.3782964150265515e-06,1.7642974900721855e-05,1.913392027325415,0.0,0.0,0.0
5086,2774,-283.81845,391.7737,-0.011185989,0.0,-0.0,0.0,0.0,7.3782964150265515e-06,1.7642974900721855e-05,1.913392027325415,0.0,0.0,0.0
5087,2774,-283.81845,391.7737,-0.011185989,0.0,-0.0,0.0,0.0,7.3782964150265515e-06,1.7642974900721855e-05,1.913392027325415,0.0,0.0,0.0
5088,2774,-283.81845,391.7737,-0.011185989,0.0,-0.0,0.0,0.0,7.3782964150265515e-06,1.7642974900721855e-05,1.913392027325415,0.0,0.0,0.0
5089,2774,-283.81845,391.7737,-0.011185989,0.0,-0.0,0.0,0.0,7.3782964150265515e-06,1.7642974900721855e-05,1.913392027325415,0.0,0.0,0.0
5090,2774,-283.81845,391.7737,-0.011185989,0.0,-0.0,0.0,0.0,7.3782964150265515e-06,1.7642974900721855e-05,1.913392027325415,0.0,0.0,0.0
5091,2774,-283.81845,391.7737,-0.011185989,0.0,-0.0,0.0,0.0,7.3782964150265515e-06,1.7642974900721855e-05,1.913392027325415,0.0,0.0,0.0
5092,2774,-283.81845,391.7737,-0.011185989,0.0,-0.0,0.0,0.0,7.3782964150265515e-06,1.7642974900721855e-05,1.913392027325415,0.0,0.0,0.0
5093,2774,-283.81845,391.7737,-0.011185989,0.0,-0.0,0.0,0.0,7.3782964150265515e-06,1.7642974900721855e-05,1.913392027325415,0.0,0.0,0.0
5094,2774,-283.81845,391.7737,-0.011185989,0.0,-0.0,0.0,0.0,7.3782964150265515e-06,1.7642974900721855e-05,1.913392027325415,0.0,0.0,0.0
5095,2774,-283.81845,391.7737,-0.011185989,0.0,-0.0,0.0,0.0,7.3782964150265515e-06,1.7642974900721855e-05,1.913392027325415,0.0,0.0,0.0
5096,2774,-283.81845,391.7737,-0.011185989,0.0,-0.0,0.0,0.0,7.3782964150265515e-06,1.7642974900721855e-05,1.913392027325415,0.0,0.0,0.0
5097,2774,-283.81845,391.7737,-0.011185989,0.0,-0.0,0.0,0.0,7.3782964150265515e-06,1.7642974900721855e-05,1.913392027325415,0.0,0.0,0.0
5098,2774,-283.81845,391.7737,-0.011185989,0.0,-0.0,0.0,0.0,7.3782964150265515e-06,1.7642974900721855e-05,1.913392027325415,0.0,0.0,0.0
5099,2774,-283.81845,391.7737,-0.011185989,0.0,-0.0,0.0,0.0,7.3782964150265515e-06,1.7642974900721855e-05,1.913392027325415,0.0,0.0,0.0
5100,2774,-283.81845,391.7737,-0.011185989,0.0,-0.0,0.0,0.0,7.3782964150265515e-06,1.7642974900721855e-05,1.913392027325415,0.0,0.0,0.0
5101,2774,-283.81845,391.7737,-0.011185989,0.0,-0.0,0.0,0.0,7.3782964150265515e-06,1.7642974900721855e-05,1.913392027325415,0.0,0.0,0.0
5102,2774,-283.81845,391.7737,-0.011185989,0.0,-0.0,0.0,0.0,7.3782964150265515e-06,1.7642974900721855e-05,1.913392027325415,0.0,0.0,0.0
5103,2774,-283.81845,391.7737,-0.011185989,0.0,-0.0,0.0,0.0,7.3782964150265515e-06,1.7642974900721855e-05,1.913392027325415,0.0,0.0,0.0
5104,2774,-283.81845,391.7737,-0.011185989,0.0,-0.0,0.0,0.0,7.3782964150265515e-06,1.7642974900721855e-05,1.913392027325415,0.0,0.0,0.0
5105,2774,-283.81845,391.7737,-0.011185989,0.0,-0.0,0.0,0.0,7.3782964150265515e-06,1.7642974900721855e-05,1.913392027325415,0.0,0.0,0.0
5106,2774,-283.81845,391.7737,-0.011185989,0.0,-0.0,0.0,0.0,7.3782964150265515e-06,1.7642974900721855e-05,1.913392027325415,0.0,0.0,0.0
5107,2774,-283.81845,391.7737,-0.011185989,0.0,-0.0,0.0,0.0,7.3782964150265515e-06,1.7642974900721855e-05,1.913392027325415,0.0,0.0,0.0
5108,2774,-283.81845,391.7737,-0.011185989,0.0,-0.0,0.0,0.0,7.3782964150265515e-06,1.7642974900721855e-05,1.913392027325415,0.0,0.0,0.0
5109,2774,-283.81845,391.7737,-0.011185989,0.0,-0.0,0.0,0.0,7.3782964150265515e-06,1.7642974900721855e-05,1.913392027325415,0.0,0.0,0.0
5110,2774,-283.81845,391.7737,-0.011185989,0.0,-0.0,0.0,0.0,7.3782964150265515e-06,1.7642974900721855e-05,1.913392027325415,0.0,0.0,0.0
5111,2774,-283.81845,391.7737,-0.011185989,0.0,-0.0,0.0,0.0,7.3782964150265515e-06,1.7642974900721855e-05,1.913392027325415,0.0,0.0,0.0
5112,2774,-283.81845,391.7737,-0.011185989,0.0,-0.0,0.0,0.0,7.3782964150265515e-06,1.7642974900721855e-05,1.913392027325415,0.0,0.0,0.0
5113,2774,-283.81845,391.7737,-0.011185989,0.0,-0.0,0.0,0.0,7.3782964150265515e-06,1.7642974900721855e-05,1.913392027325415,0.0,0.0,0.0
5114,2774,-283.81845,391.7737,-0.011185989,0.0,-0.0,0.0,0.0,7.3782964150265515e-06,1.7642974900721855e-05,1.913392027325415,0.0,0.0,0.0
5115,2774,-283.81845,391.7737,-0.011185989,0.0,-0.0,0.0,0.0,7.3782964150265515e-06,1.7642974900721855e-05,1.913392027325415,0.0,0.0,0.0
5116,2774,-283.81845,391.7737,-0.011185989,0.0,-0.0,0.0,0.0,7.3782964150265515e-06,1.7642974900721855e-05,1.913392027325415,0.0,0.0,0.0
5117,2774,-283.81845,391.7737,-0.011185989,0.0,-0.0,0.0,0.0,7.3782964150265515e-06,1.7642974900721855e-05,1.913392027325415,0.0,0.0,0.0
5118,2774,-283.81845,391.7737,-0.011185989,0.0,-0.0,0.0,0.0,7.3782964150265515e-06,1.7642974900721855e-05,1.913392027325415,0.0,0.0,0.0
5119,2774,-283.81845,391.7737,-0.011185989,0.0,-0.0,0.0,0.0,7.3782964150265515e-06,1.7642974900721855e-05,1.913392027325415,0.0,0.0,0.0
5120,2774,-283.81845,391.7737,-0.011185989,0.0,-0.0,0.0,0.0,7.3782964150265515e-06,1.7642974900721855e-05,1.913392027325415,0.0,0.0,0.0
5121,2774,-283.81845,391.7737,-0.011185989,0.0,-0.0,0.0,0.0,7.3782964150265515e-06,1.7642974900721855e-05,1.913392027325415,0.0,0.0,0.0
5122,2774,-283.81845,391.7737,-0.011185989,0.0,-0.0,0.0,0.0,7.3782964150265515e-06,1.7642974900721855e-05,1.913392027325415,0.0,0.0,0.0
5123,2774,-283.81845,391.7737,-0.011185989,0.0,-0.0,0.0,0.0,7.3782964150265515e-06,1.7642974900721855e-05,1.913392027325415,0.0,0.0,0.0
5124,2774,-283.81845,391.7737,-0.011185989,0.0,-0.0,0.0,0.0,7.3782964150265515e-06,1.7642974900721855e-05,1.913392027325415,0.0,0.0,0.0
5125,2774,-283.81845,391.7737,-0.011185989,0.0,-0.0,0.0,0.0,7.3782964150265515e-06,1.7642974900721855e-05,1.913392027325415,0.0,0.0,0.0
5126,2774,-283.81845,391.7737,-0.011185989,0.0,-0.0,0.0,0.0,7.3782964150265515e-06,1.7642974900721855e-05,1.913392027325415,0.0,0.0,0.0
5127,2774,-283.81845,391.7737,-0.011185989,0.0,-0.0,0.0,0.0,7.3782964150265515e-06,1.7642974900721855e-05,1.913392027325415,0.0,0.0,0.0
5128,2774,-283.81845,391.7737,-0.011185989,0.0,-0.0,0.0,0.0,7.3782964150265515e-06,1.7642974900721855e-05,1.913392027325415,0.0,0.0,0.0
5129,2774,-283.81845,391.7737,-0.011185989,0.0,-0.0,0.0,0.0,7.3782964150265515e-06,1.7642974900721855e-05,1.913392027325415,0.0,0.0,0.0
5130,2774,-283.81845,391.7737,-0.011185989,0.0,-0.0,0.0,0.0,7.3782964150265515e-06,1.7642974900721855e-05,1.913392027325415,0.0,0.0,0.0
5131,2774,-283.81845,391.7737,-0.011185989,0.0,-0.0,0.0,0.0,7.3782964150265515e-06,1.7642974900721855e-05,1.913392027325415,0.0,0.0,0.0
5132,2774,-283.81845,391.7737,-0.011185989,0.0,-0.0,0.0,0.0,7.3782964150265515e-06,1.7642974900721855e-05,1.913392027325415,0.0,0.0,0.0
5133,2774,-283.81845,391.7737,-0.011185989,0.0,-0.0,0.0,0.0,7.3782964150265515e-06,1.7642974900721855e-05,1.913392027325415,0.0,0.0,0.0
5134,2774,-283.81845,391.7737,-0.011185989,0.0,-0.0,0.0,0.0,7.3782964150265515e-06,1.7642974900721855e-05,1.913392027325415,0.0,0.0,0.0
5135,2774,-283.81845,391.7737,-0.011185989,0.0,-0.0,0.0,0.0,7.3782964150265515e-06,1.7642974900721855e-05,1.913392027325415,0.0,0.0,0.0
5136,2774,-283.81845,391.7737,-0.011185989,0.0,-0.0,0.0,0.0,7.3782964150265515e-06,1.7642974900721855e-05,1.913392027325415,0.0,0.0,0.0
5137,2774,-283.81845,391.7737,-0.011185989,0.0,-0.0,0.0,0.0,7.3782964150265515e-06,1.7642974900721855e-05,1.913392027325415,0.0,0.0,0.0
5138,2774,-283.81845,391.7737,-0.011185989,0.0,-0.0,0.0,0.0,7.3782964150265515e-06,1.7642974900721855e-05,1.913392027325415,0.0,0.0,0.0
5139,2774,-283.81845,391.7737,-0.011185989,0.0,-0.0,0.0,0.0,7.3782964150265515e-06,1.7642974900721855e-05,1.913392027325415,0.0,0.0,0.0
5140,2774,-283.81845,391.7737,-0.011185989,0.0,-0.0,0.0,0.0,7.3782964150265515e-06,1.7642974900721855e-05,1.913392027325415,0.0,0.0,0.0
5141,2774,-283.81845,391.7737,-0.011185989,0.0,-0.0,0.0,0.0,7.3782964150265515e-06,1.7642974900721855e-05,1.913392027325415,0.0,0.0,0.0
5142,2774,-283.81845,391.7737,-0.011185989,0.0,-0.0,0.0,0.0,7.3782964150265515e-06,1.7642974900721855e-05,1.913392027325415,0.0,0.0,0.0
5143,2774,-283.81845,391.7737,-0.011185989,0.0,-0.0,0.0,0.0,7.3782964150265515e-06,1.7642974900721855e-05,1.913392027325415,0.0,0.0,0.0
5144,2774,-283.81845,391.7737,-0.011185989,0.0,-0.0,0.0,0.0,7.3782964150265515e-06,1.7642974900721855e-05,1.913392027325415,0.0,0.0,0.0
5145,2774,-283.81845,391.7737,-0.011185989,0.0,-0.0,0.0,0.0,7.3782964150265515e-06,1.7642974900721855e-05,1.913392027325415,0.0,0.0,0.0
5146,2774,-283.81845,391.7737,-0.011185989,0.0,-0.0,0.0,0.0,7.3782964150265515e-06,1.7642974900721855e-05,1.913392027325415,0.0,0.0,0.0
5147,2774,-283.81845,391.7737,-0.011185989,0.0,-0.0,0.0,0.0,7.3782964150265515e-06,1.7642974900721855e-05,1.913392027325415,0.0,0.0,0.0
5148,2774,-283.81845,391.7737,-0.011185989,0.0,-0.0,0.0,0.0,7.3782964150265515e-06,1.7642974900721855e-05,1.913392027325415,0.0,0.0,0.0
5149,2774,-283.81845,391.7737,-0.011185989,0.0,-0.0,0.0,0.0,7.3782964150265515e-06,1.7642974900721855e-05,1.913392027325415,0.0,0.0,0.0
5150,2774,-283.81845,391.7737,-0.011185989,0.0,-0.0,0.0,0.0,7.3782964150265515e-06,1.7642974900721855e-05,1.913392027325415,0.0,0.0,0.0
5151,2774,-283.81845,391.7737,-0.011185989,0.0,-0.0,0.0,0.0,7.3782964150265515e-06,1.7642974900721855e-05,1.913392027325415,0.0,0.0,0.0
5152,2774,-283.81845,391.7737,-0.011185989,0.0,-0.0,0.0,0.0,7.3782964150265515e-06,1.7642974900721855e-05,1.913392027325415,0.0,0.0,0.0
5153,2774,-283.81845,391.7737,-0.011185989,0.0,-0.0,0.0,0.0,7.3782964150265515e-06,1.7642974900721855e-05,1.913392027325415,0.0,0.0,0.0
5154,2774,-283.81845,391.7737,-0.011185989,0.0,-0.0,0.0,0.0,7.3782964150265515e-06,1.7642974900721855e-05,1.913392027325415,0.0,0.0,0.0
5155,2774,-283.81845,391.7737,-0.011185989,0.0,-0.0,0.0,0.0,7.3782964150265515e-06,1.7642974900721855e-05,1.913392027325415,0.0,0.0,0.0
5156,2774,-283.81845,391.7737,-0.011185989,0.0,-0.0,0.0,0.0,7.3782964150265515e-06,1.7642974900721855e-05,1.913392027325415,0.0,0.0,0.0
5157,2774,-283.81845,391.7737,-0.011185989,0.0,-0.0,0.0,0.0,7.3782964150265515e-06,1.7642974900721855e-05,1.913392027325415,0.0,0.0,0.0
5158,2774,-283.81845,391.7737,-0.011185989,0.0,-0.0,0.0,0.0,7.3782964150265515e-06,1.7642974900721855e-05,1.913392027325415,0.0,0.0,0.0
5159,2774,-283.81845,391.7737,-0.011185989,0.0,-0.0,0.0,0.0,7.3782964150265515e-06,1.7642974900721855e-05,1.913392027325415,0.0,0.0,0.0
5160,2774,-283.81845,391.7737,-0.011185989,0.0,-0.0,0.0,0.0,7.3782964150265515e-06,1.7642974900721855e-05,1.913392027325415,0.0,0.0,0.0
5161,2774,-283.81845,391.7737,-0.011185989,0.0,-0.0,0.0,0.0,7.3782964150265515e-06,1.7642974900721855e-05,1.913392027325415,0.0,0.0,0.0
5162,2774,-283.81845,391.7737,-0.011185989,0.0,-0.0,0.0,0.0,7.3782964150265515e-06,1.7642974900721855e-05,1.913392027325415,0.0,0.0,0.0
5163,2774,-283.81845,391.7737,-0.011185989,0.0,-0.0,0.0,0.0,7.3782964150265515e-06,1.7642974900721855e-05,1.913392027325415,0.0,0.0,0.0
5164,2774,-283.81845,391.7737,-0.011185989,0.0,-0.0,0.0,0.0,7.3782964150265515e-06,1.7642974900721855e-05,1.913392027325415,0.0,0.0,0.0
5165,2774,-283.81845,391.7737,-0.011185989,0.0,-0.0,0.0,0.0,7.3782964150265515e-06,1.7642974900721855e-05,1.913392027325415,0.0,0.0,0.0
5166,2774,-283.81845,391.7737,-0.011185989,0.0,-0.0,0.0,0.0,7.3782964150265515e-06,1.7642974900721855e-05,1.913392027325415,0.0,0.0,0.0
5167,2774,-283.81845,391.7737,-0.011185989,0.0,-0.0,0.0,0.0,7.3782964150265515e-06,1.7642974900721855e-05,1.913392027325415,0.0,0.0,0.0
5168,2774,-283.81845,391.7737,-0.011185989,0.0,-0.0,0.0,0.0,7.3782964150265515e-06,1.7642974900721855e-05,1.913392027325415,0.0,0.0,0.0
5169,2774,-283.81845,391.7737,-0.011185989,0.0,-0.0,0.0,0.0,7.3782964150265515e-06,1.7642974900721855e-05,1.913392027325415,0.0,0.0,0.0
5170,2774,-283.81845,391.7737,-0.011185989,0.0,-0.0,0.0,0.0,7.3782964150265515e-06,1.7642974900721855e-05,1.913392027325415,0.0,0.0,0.0
5171,2774,-283.81845,391.7737,-0.011185989,0.0,-0.0,0.0,0.0,7.3782964150265515e-06,1.7642974900721855e-05,1.913392027325415,0.0,0.0,0.0
5172,2774,-283.81845,391.7737,-0.011185989,0.0,-0.0,0.0,0.0,7.3782964150265515e-06,1.7642974900721855e-05,1.913392027325415,0.0,0.0,0.0
5173,2774,-283.81845,391.7737,-0.011185989,0.0,-0.0,0.0,0.0,7.3782964150265515e-06,1.7642974900721855e-05,1.913392027325415,0.0,0.0,0.0
5174,2774,-283.81845,391.7737,-0.011185989,0.0,-0.0,0.0,0.0,7.3782964150265515e-06,1.7642974900721855e-05,1.913392027325415,0.0,0.0,0.0
5175,2774,-283.81845,391.7737,-0.011185989,0.0,-0.0,0.0,0.0,7.3782964150265515e-06,1.7642974900721855e-05,1.913392027325415,0.0,0.0,0.0
5176,2774,-283.81845,391.7737,-0.011185989,0.0,-0.0,0.0,0.0,7.3782964150265515e-06,1.7642974900721855e-05,1.913392027325415,0.0,0.0,0.0
5177,2774,-283.81845,391.7737,-0.011185989,0.0,-0.0,0.0,0.0,7.3782964150265515e-06,1.7642974900721855e-05,1.913392027325415,0.0,0.0,0.0
5178,2774,-283.81845,391.7737,-0.011185989,0.0,-0.0,0.0,0.0,7.3782964150265515e-06,1.7642974900721855e-05,1.913392027325415,0.0,0.0,0.0
5179,2774,-283.81845,391.7737,-0.011185989,0.0,-0.0,0.0,0.0,7.3782964150265515e-06,1.7642974900721855e-05,1.913392027325415,0.0,0.0,0.0
5180,2774,-283.81845,391.7737,-0.011185989,0.0,-0.0,0.0,0.0,7.3782964150265515e-06,1.7642974900721855e-05,1.913392027325415,0.0,0.0,0.0
5181,2774,-283.81845,391.7737,-0.011185989,0.0,-0.0,0.0,0.0,7.3782964150265515e-06,1.7642974900721855e-05,1.913392027325415,0.0,0.0,0.0
5182,2774,-283.81845,391.7737,-0.011185989,0.0,-0.0,0.0,0.0,7.3782964150265515e-06,1.7642974900721855e-05,1.913392027325415,0.0,0.0,0.0
5183,2774,-283.81845,391.7737,-0.011185989,0.0,-0.0,0.0,0.0,7.3782964150265515e-06,1.7642974900721855e-05,1.913392027325415,0.0,0.0,0.0
5184,2774,-283.81845,391.7737,-0.011185989,0.0,-0.0,0.0,0.0,7.3782964150265515e-06,1.7642974900721855e-05,1.913392027325415,0.0,0.0,0.0
5185,2774,-283.81845,391.7737,-0.011185989,0.0,-0.0,0.0,0.0,7.3782964150265515e-06,1.7642974900721855e-05,1.913392027325415,0.0,0.0,0.0
5186,2774,-283.81845,391.7737,-0.011185989,0.0,-0.0,0.0,0.0,7.3782964150265515e-06,1.7642974900721855e-05,1.913392027325415,0.0,0.0,0.0
5187,2774,-283.81845,391.7737,-0.011185989,0.0,-0.0,0.0,0.0,7.3782964150265515e-06,1.7642974900721855e-05,1.913392027325415,0.0,0.0,0.0
5188,2774,-283.81845,391.7737,-0.011185989,0.0,-0.0,0.0,0.0,7.3782964150265515e-06,1.7642974900721855e-05,1.913392027325415,0.0,0.0,0.0
5189,2774,-283.81845,391.7737,-0.011185989,0.0,-0.0,0.0,0.0,7.3782964150265515e-06,1.7642974900721855e-05,1.913392027325415,0.0,0.0,0.0
5190,2774,-283.81845,391.7737,-0.011185989,0.0,-0.0,0.0,0.0,7.3782964150265515e-06,1.7642974900721855e-05,1.913392027325415,0.0,0.0,0.0
5191,2774,-283.81845,391.7737,-0.011185989,0.0,-0.0,0.0,0.0,7.3782964150265515e-06,1.7642974900721855e-05,1.913392027325415,0.0,0.0,0.0
5192,2774,-283.81845,391.7737,-0.011185989,0.0,-0.0,0.0,0.0,7.3782964150265515e-06,1.7642974900721855e-05,1.913392027325415,0.0,0.0,0.0
5193,2774,-283.81845,391.7737,-0.011185989,0.0,-0.0,0.0,0.0,7.3782964150265515e-06,1.7642974900721855e-05,1.913392027325415,0.0,0.0,0.0
5194,2774,-283.81845,391.7737,-0.011185989,0.0,-0.0,0.0,0.0,7.3782964150265515e-06,1.7642974900721855e-05,1.913392027325415,0.0,0.0,0.0
5195,2774,-283.81845,391.7737,-0.011185989,0.0,-0.0,0.0,0.0,7.3782964150265515e-06,1.7642974900721855e-05,1.913392027325415,0.0,0.0,0.0
5196,2774,-283.81845,391.7737,-0.011185989,0.0,-0.0,0.0,0.0,7.3782964150265515e-06,1.7642974900721855e-05,1.913392027325415,0.0,0.0,0.0
5197,2774,-283.81845,391.7737,-0.011185989,0.0,-0.0,0.0,0.0,7.3782964150265515e-06,1.7642974900721855e-05,1.913392027325415,0.0,0.0,0.0
5198,2774,-283.81845,391.7737,-0.011185989,0.0,-0.0,0.0,0.0,7.3782964150265515e-06,1.7642974900721855e-05,1.913392027325415,0.0,0.0,0.0
5199,2774,-283.81845,391.7737,-0.011185989,0.0,-0.0,0.0,0.0,7.3782964150265515e-06,1.7642974900721855e-05,1.913392027325415,0.0,0.0,0.0
5200,2774,-283.81845,391.7737,-0.011185989,0.0,-0.0,0.0,0.0,7.3782964150265515e-06,1.7642974900721855e-05,1.913392027325415,0.0,0.0,0.0
5201,2774,-283.81845,391.7737,-0.011185989,0.0,-0.0,0.0,0.0,7.3782964150265515e-06,1.7642974900721855e-05,1.913392027325415,0.0,0.0,0.0
5202,2774,-283.81845,391.7737,-0.011185989,0.0,-0.0,0.0,0.0,7.3782964150265515e-06,1.7642974900721855e-05,1.913392027325415,0.0,0.0,0.0
5203,2774,-283.81845,391.7737,-0.011185989,0.0,-0.0,0.0,0.0,7.3782964150265515e-06,1.7642974900721855e-05,1.913392027325415,0.0,0.0,0.0
5204,2774,-283.81845,391.7737,-0.011185989,0.0,-0.0,0.0,0.0,7.3782964150265515e-06,1.7642974900721855e-05,1.913392027325415,0.0,0.0,0.0
5205,2774,-283.81845,391.7737,-0.011185989,0.0,-0.0,0.0,0.0,7.3782964150265515e-06,1.7642974900721855e-05,1.913392027325415,0.0,0.0,0.0
5206,2774,-283.81845,391.7737,-0.011185989,0.0,-0.0,0.0,0.0,7.3782964150265515e-06,1.7642974900721855e-05,1.913392027325415,0.0,0.0,0.0
5207,2774,-283.81845,391.7737,-0.011185989,0.0,-0.0,0.0,0.0,7.3782964150265515e-06,1.7642974900721855e-05,1.913392027325415,0.0,0.0,0.0
5208,2774,-283.81845,391.7737,-0.011185989,0.0,-0.0,0.0,0.0,7.3782964150265515e-06,1.7642974900721855e-05,1.913392027325415,0.0,0.0,0.0
5209,2774,-283.81845,391.7737,-0.011185989,0.0,-0.0,0.0,0.0,7.3782964150265515e-06,1.7642974900721855e-05,1.913392027325415,0.0,0.0,0.0
5210,2774,-283.81845,391.7737,-0.011185989,0.0,-0.0,0.0,0.0,7.3782964150265515e-06,1.7642974900721855e-05,1.913392027325415,0.0,0.0,0.0
5211,2774,-283.81845,391.7737,-0.011185989,0.0,-0.0,0.0,0.0,7.3782964150265515e-06,1.7642974900721855e-05,1.913392027325415,0.0,0.0,0.0
5212,2774,-283.81845,391.7737,-0.011185989,0.0,-0.0,0.0,0.0,7.3782964150265515e-06,1.7642974900721855e-05,1.913392027325415,0.0,0.0,0.0
5213,2774,-283.81845,391.7737,-0.011185989,0.0,-0.0,0.0,0.0,7.3782964150265515e-06,1.7642974900721855e-05,1.913392027325415,0.0,0.0,0.0
5214,2774,-283.81845,391.7737,-0.011185989,0.0,-0.0,0.0,0.0,7.3782964150265515e-06,1.7642974900721855e-05,1.913392027325415,0.0,0.0,0.0
5215,2774,-283.81845,391.7737,-0.011185989,0.0,-0.0,0.0,0.0,7.3782964150265515e-06,1.7642974900721855e-05,1.913392027325415,0.0,0.0,0.0
5216,2774,-283.81845,391.7737,-0.011185989,0.0,-0.0,0.0,0.0,7.3782964150265515e-06,1.7642974900721855e-05,1.913392027325415,0.0,0.0,0.0
5217,2774,-283.81845,391.7737,-0.011185989,0.0,-0.0,0.0,0.0,7.3782964150265515e-06,1.7642974900721855e-05,1.913392027325415,0.0,0.0,0.0
5218,2774,-283.81845,391.7737,-0.011185989,0.0,-0.0,0.0,0.0,7.3782964150265515e-06,1.7642974900721855e-05,1.913392027325415,0.0,0.0,0.0
5219,2774,-283.81845,391.7737,-0.011185989,0.0,-0.0,0.0,0.0,7.3782964150265515e-06,1.7642974900721855e-05,1.913392027325415,0.0,0.0,0.0
5220,2774,-283.81845,391.7737,-0.011185989,0.0,-0.0,0.0,0.0,7.3782964150265515e-06,1.7642974900721855e-05,1.913392027325415,0.0,0.0,0.0
5221,2774,-283.81845,391.7737,-0.011185989,0.0,-0.0,0.0,0.0,7.3782964150265515e-06,1.7642974900721855e-05,1.913392027325415,0.0,0.0,0.0
5222,2774,-283.81845,391.7737,-0.011185989,0.0,-0.0,0.0,0.0,7.3782964150265515e-06,1.7642974900721855e-05,1.913392027325415,0.0,0.0,0.0
5223,2774,-283.81845,391.7737,-0.011185989,0.0,-0.0,0.0,0.0,7.3782964150265515e-06,1.7642974900721855e-05,1.913392027325415,0.0,0.0,0.0
5224,2774,-283.81845,391.7737,-0.011185989,0.0,-0.0,0.0,0.0,7.3782964150265515e-06,1.7642974900721855e-05,1.913392027325415,0.0,0.0,0.0
5225,2774,-283.81845,391.7737,-0.011185989,0.0,-0.0,0.0,0.0,7.3782964150265515e-06,1.7642974900721855e-05,1.913392027325415,0.0,0.0,0.0
5226,2774,-283.81845,391.7737,-0.011185989,0.0,-0.0,0.0,0.0,7.3782964150265515e-06,1.7642974900721855e-05,1.913392027325415,0.0,0.0,0.0
5227,2774,-283.81845,391.7737,-0.011185989,0.0,-0.0,0.0,0.0,7.3782964150265515e-06,1.7642974900721855e-05,1.913392027325415,0.0,0.0,0.0
5228,2774,-283.81845,391.7737,-0.011185989,0.0,-0.0,0.0,0.0,7.3782964150265515e-06,1.7642974900721855e-05,1.913392027325415,0.0,0.0,0.0
5229,2774,-283.81845,391.7737,-0.011185989,0.0,-0.0,0.0,0.0,7.3782964150265515e-06,1.7642974900721855e-05,1.913392027325415,0.0,0.0,0.0
5230,2774,-283.81845,391.7737,-0.011185989,0.0,-0.0,0.0,0.0,7.3782964150265515e-06,1.7642974900721855e-05,1.913392027325415,0.0,0.0,0.0
5231,2774,-283.81845,391.7737,-0.011185989,0.0,-0.0,0.0,0.0,7.3782964150265515e-06,1.7642974900721855e-05,1.913392027325415,0.0,0.0,0.0
5232,2774,-283.81845,391.7737,-0.011185989,0.0,-0.0,0.0,0.0,7.3782964150265515e-06,1.7642974900721855e-05,1.913392027325415,0.0,0.0,0.0
5233,2774,-283.81845,391.7737,-0.011185989,0.0,-0.0,0.0,0.0,7.3782964150265515e-06,1.7642974900721855e-05,1.913392027325415,0.0,0.0,0.0
5234,2774,-283.81845,391.7737,-0.011185989,0.0,-0.0,0.0,0.0,7.3782964150265515e-06,1.7642974900721855e-05,1.913392027325415,0.0,0.0,0.0
5235,2774,-283.81845,391.7737,-0.011185989,0.0,-0.0,0.0,0.0,7.3782964150265515e-06,1.7642974900721855e-05,1.913392027325415,0.0,0.0,0.0
5236,2774,-283.81845,391.7737,-0.011185989,0.0,-0.0,0.0,0.0,7.3782964150265515e-06,1.7642974900721855e-05,1.913392027325415,0.0,0.0,0.0
5237,2774,-283.81845,391.7737,-0.011185989,0.0,-0.0,0.0,0.0,7.3782964150265515e-06,1.7642974900721855e-05,1.913392027325415,0.0,0.0,0.0
5238,2774,-283.81845,391.7737,-0.011185989,0.0,-0.0,0.0,0.0,7.3782964150265515e-06,1.7642974900721855e-05,1.913392027325415,0.0,0.0,0.0
5239,2774,-283.81845,391.7737,-0.011185989,0.0,-0.0,0.0,0.0,7.3782964150265515e-06,1.7642974900721855e-05,1.913392027325415,0.0,0.0,0.0
5240,2774,-283.81845,391.7737,-0.011185989,0.0,-0.0,0.0,0.0,7.3782964150265515e-06,1.7642974900721855e-05,1.913392027325415,0.0,0.0,0.0
5241,2774,-283.81845,391.7737,-0.011185989,0.0,-0.0,0.0,0.0,7.3782964150265515e-06,1.7642974900721855e-05,1.913392027325415,0.0,0.0,0.0
5242,2774,-283.81845,391.7737,-0.011185989,0.0,-0.0,0.0,0.0,7.3782964150265515e-06,1.7642974900721855e-05,1.913392027325415,0.0,0.0,0.0
5243,2774,-283.81845,391.7737,-0.011185989,0.0,-0.0,0.0,0.0,7.3782964150265515e-06,1.7642974900721855e-05,1.913392027325415,0.0,0.0,0.0
5244,2774,-283.81845,391.7737,-0.011185989,0.0,-0.0,0.0,0.0,7.3782964150265515e-06,1.7642974900721855e-05,1.913392027325415,0.0,0.0,0.0
5245,2774,-283.81845,391.7737,-0.011185989,0.0,-0.0,0.0,0.0,7.3782964150265515e-06,1.7642974900721855e-05,1.913392027325415,0.0,0.0,0.0
5246,2774,-283.81845,391.7737,-0.011185989,0.0,-0.0,0.0,0.0,7.3782964150265515e-06,1.7642974900721855e-05,1.913392027325415,0.0,0.0,0.0
5247,2774,-283.81845,391.7737,-0.011185989,0.0,-0.0,0.0,0.0,7.3782964150265515e-06,1.7642974900721855e-05,1.913392027325415,0.0,0.0,0.0
5248,2774,-283.81845,391.7737,-0.011185989,0.0,-0.0,0.0,0.0,7.3782964150265515e-06,1.7642974900721855e-05,1.913392027325415,0.0,0.0,0.0
5249,2774,-283.81845,391.7737,-0.011185989,0.0,-0.0,0.0,0.0,7.3782964150265515e-06,1.7642974900721855e-05,1.913392027325415,0.0,0.0,0.0
5250,2774,-283.81845,391.7737,-0.011185989,0.0,-0.0,0.0,0.0,7.3782964150265515e-06,1.7642974900721855e-05,1.913392027325415,0.0,0.0,0.0
5251,2774,-283.81845,391.7737,-0.011185989,0.0,-0.0,0.0,0.0,7.3782964150265515e-06,1.7642974900721855e-05,1.913392027325415,0.0,0.0,0.0
5252,2774,-283.81845,391.7737,-0.011185989,0.0,-0.0,0.0,0.0,7.3782964150265515e-06,1.7642974900721855e-05,1.913392027325415,0.0,0.0,0.0
5253,2774,-283.81845,391.7737,-0.011185989,0.0,-0.0,0.0,0.0,7.3782964150265515e-06,1.7642974900721855e-05,1.913392027325415,0.0,0.0,0.0
5254,2774,-283.81845,391.7737,-0.011185989,0.0,-0.0,0.0,0.0,7.3782964150265515e-06,1.7642974900721855e-05,1.913392027325415,0.0,0.0,0.0
5255,2774,-283.81845,391.7737,-0.011185989,0.0,-0.0,0.0,0.0,7.3782964150265515e-06,1.7642974900721855e-05,1.913392027325415,0.0,0.0,0.0
5256,2774,-283.81845,391.7737,-0.011185989,0.0,-0.0,0.0,0.0,7.3782964150265515e-06,1.7642974900721855e-05,1.913392027325415,0.0,0.0,0.0
5257,2774,-283.81845,391.7737,-0.011185989,0.0,-0.0,0.0,0.0,7.3782964150265515e-06,1.7642974900721855e-05,1.913392027325415,0.0,0.0,0.0
5258,2774,-283.81845,391.7737,-0.011185989,0.0,-0.0,0.0,0.0,7.3782964150265515e-06,1.7642974900721855e-05,1.913392027325415,0.0,0.0,0.0
5259,2774,-283.81845,391.7737,-0.011185989,0.0,-0.0,0.0,0.0,7.3782964150265515e-06,1.7642974900721855e-05,1.913392027325415,0.0,0.0,0.0
5260,2774,-283.81845,391.7737,-0.011185989,0.0,-0.0,0.0,0.0,7.3782964150265515e-06,1.7642974900721855e-05,1.913392027325415,0.0,0.0,0.0
5261,2774,-283.81845,391.7737,-0.011185989,0.0,-0.0,0.0,0.0,7.3782964150265515e-06,1.7642974900721855e-05,1.913392027325415,0.0,0.0,0.0
5262,2774,-283.81845,391.7737,-0.011185989,0.0,-0.0,0.0,0.0,7.3782964150265515e-06,1.7642974900721855e-05,1.913392027325415,0.0,0.0,0.0
5263,2774,-283.81845,391.7737,-0.011185989,0.0,-0.0,0.0,0.0,7.3782964150265515e-06,1.7642974900721855e-05,1.913392027325415,0.0,0.0,0.0
5264,2774,-283.81845,391.7737,-0.011185989,0.0,-0.0,0.0,0.0,7.3782964150265515e-06,1.7642974900721855e-05,1.913392027325415,0.0,0.0,0.0
5265,2774,-283.81845,391.7737,-0.011185989,0.0,-0.0,0.0,0.0,7.3782964150265515e-06,1.7642974900721855e-05,1.913392027325415,0.0,0.0,0.0
5266,2774,-283.81845,391.7737,-0.011185989,0.0,-0.0,0.0,0.0,7.3782964150265515e-06,1.7642974900721855e-05,1.913392027325415,0.0,0.0,0.0
5267,2774,-283.81845,391.7737,-0.011185989,0.0,-0.0,0.0,0.0,7.3782964150265515e-06,1.7642974900721855e-05,1.913392027325415,0.0,0.0,0.0
5268,2774,-283.81845,391.7737,-0.011185989,0.0,-0.0,0.0,0.0,7.3782964150265515e-06,1.7642974900721855e-05,1.913392027325415,0.0,0.0,0.0
5269,2774,-283.81845,391.7737,-0.011185989,0.0,-0.0,0.0,0.0,7.3782964150265515e-06,1.7642974900721855e-05,1.913392027325415,0.0,0.0,0.0
5270,2774,-283.81845,391.7737,-0.011185989,0.0,-0.0,0.0,0.0,7.3782964150265515e-06,1.7642974900721855e-05,1.913392027325415,0.0,0.0,0.0
5271,2774,-283.81845,391.7737,-0.011185989,0.0,-0.0,0.0,0.0,7.3782964150265515e-06,1.7642974900721855e-05,1.913392027325415,0.0,0.0,0.0
5272,2774,-283.81845,391.7737,-0.011185989,0.0,-0.0,0.0,0.0,7.3782964150265515e-06,1.7642974900721855e-05,1.913392027325415,0.0,0.0,0.0
5273,2774,-283.81845,391.7737,-0.011185989,0.0,-0.0,0.0,0.0,7.3782964150265515e-06,1.7642974900721855e-05,1.913392027325415,0.0,0.0,0.0
5274,2774,-283.81845,391.7737,-0.011185989,0.0,-0.0,0.0,0.0,7.3782964150265515e-06,1.7642974900721855e-05,1.913392027325415,0.0,0.0,0.0
5275,2774,-283.81845,391.7737,-0.011185989,0.0,-0.0,0.0,0.0,7.3782964150265515e-06,1.7642974900721855e-05,1.913392027325415,0.0,0.0,0.0
5276,2774,-283.81845,391.7737,-0.011185989,0.0,-0.0,0.0,0.0,7.3782964150265515e-06,1.7642974900721855e-05,1.913392027325415,0.0,0.0,0.0
5277,2774,-283.81845,391.7737,-0.011185989,0.0,-0.0,0.0,0.0,7.3782964150265515e-06,1.7642974900721855e-05,1.913392027325415,0.0,0.0,0.0
5278,2774,-283.81845,391.7737,-0.011185989,0.0,-0.0,0.0,0.0,7.3782964150265515e-06,1.7642974900721855e-05,1.913392027325415,0.0,0.0,0.0
5279,2774,-283.81845,391.7737,-0.011185989,0.0,-0.0,0.0,0.0,7.3782964150265515e-06,1.7642974900721855e-05,1.913392027325415,0.0,0.0,0.0
5280,2774,-283.81845,391.7737,-0.011185989,0.0,-0.0,0.0,0.0,7.3782964150265515e-06,1.7642974900721855e-05,1.913392027325415,0.0,0.0,0.0
5281,2774,-283.81845,391.7737,-0.011185989,0.0,-0.0,0.0,0.0,7.3782964150265515e-06,1.7642974900721855e-05,1.913392027325415,0.0,0.0,0.0
5282,2774,-283.81845,391.7737,-0.011185989,0.0,-0.0,0.0,0.0,7.3782964150265515e-06,1.7642974900721855e-05,1.913392027325415,0.0,0.0,0.0
5283,2774,-283.81845,391.7737,-0.011185989,0.0,-0.0,0.0,0.0,7.3782964150265515e-06,1.7642974900721855e-05,1.913392027325415,0.0,0.0,0.0
5284,2774,-283.81845,391.7737,-0.011185989,0.0,-0.0,0.0,0.0,7.3782964150265515e-06,1.7642974900721855e-05,1.913392027325415,0.0,0.0,0.0
5285,2774,-283.81845,391.7737,-0.011185989,0.0,-0.0,0.0,0.0,7.3782964150265515e-06,1.7642974900721855e-05,1.913392027325415,0.0,0.0,0.0
5286,2774,-283.81845,391.7737,-0.011185989,0.0,-0.0,0.0,0.0,7.3782964150265515e-06,1.7642974900721855e-05,1.913392027325415,0.0,0.0,0.0
5287,2774,-283.81845,391.7737,-0.011185989,0.0,-0.0,0.0,0.0,7.3782964150265515e-06,1.7642974900721855e-05,1.913392027325415,0.0,0.0,0.0
5288,2774,-283.81845,391.7737,-0.011185989,0.0,-0.0,0.0,0.0,7.3782964150265515e-06,1.7642974900721855e-05,1.913392027325415,0.0,0.0,0.0
5289,2774,-283.81845,391.7737,-0.011185989,0.0,-0.0,0.0,0.0,7.3782964150265515e-06,1.7642974900721855e-05,1.913392027325415,0.0,0.0,0.0
5290,2774,-283.81845,391.7737,-0.011185989,0.0,-0.0,0.0,0.0,7.3782964150265515e-06,1.7642974900721855e-05,1.913392027325415,0.0,0.0,0.0
5291,2774,-283.81845,391.7737,-0.011185989,0.0,-0.0,0.0,0.0,7.3782964150265515e-06,1.7642974900721855e-05,1.913392027325415,0.0,0.0,0.0
5292,2774,-283.81845,391.7737,-0.011185989,0.0,-0.0,0.0,0.0,7.3782964150265515e-06,1.7642974900721855e-05,1.913392027325415,0.0,0.0,0.0
5293,2774,-283.81845,391.7737,-0.011185989,0.0,-0.0,0.0,0.0,7.3782964150265515e-06,1.7642974900721855e-05,1.913392027325415,0.0,0.0,0.0
5294,2774,-283.81845,391.7737,-0.011185989,0.0,-0.0,0.0,0.0,7.3782964150265515e-06,1.7642974900721855e-05,1.913392027325415,0.0,0.0,0.0
5295,2774,-283.81845,391.7737,-0.011185989,0.0,-0.0,0.0,0.0,7.3782964150265515e-06,1.7642974900721855e-05,1.913392027325415,0.0,0.0,0.0
5296,2774,-283.81845,391.7737,-0.011185989,0.0,-0.0,0.0,0.0,7.3782964150265515e-06,1.7642974900721855e-05,1.913392027325415,0.0,0.0,0.0
5297,2774,-283.81845,391.7737,-0.011185989,0.0,-0.0,0.0,0.0,7.3782964150265515e-06,1.7642974900721855e-05,1.913392027325415,0.0,0.0,0.0
5298,2774,-283.81845,391.7737,-0.011185989,0.0,-0.0,0.0,0.0,7.3782964150265515e-06,1.7642974900721855e-05,1.913392027325415,0.0,0.0,0.0
5299,2774,-283.81845,391.7737,-0.011185989,0.0,-0.0,0.0,0.0,7.3782964150265515e-06,1.7642974900721855e-05,1.913392027325415,0.0,0.0,0.0
5300,2774,-283.81845,391.7737,-0.011185989,0.0,-0.0,0.0,0.0,7.3782964150265515e-06,1.7642974900721855e-05,1.913392027325415,0.0,0.0,0.0
5301,2774,-283.81845,391.7737,-0.011185989,0.0,-0.0,0.0,0.0,7.3782964150265515e-06,1.7642974900721855e-05,1.913392027325415,0.0,0.0,0.0
5302,2774,-283.81845,391.7737,-0.011185989,0.0,-0.0,0.0,0.0,7.3782964150265515e-06,1.7642974900721855e-05,1.913392027325415,0.0,0.0,0.0
5303,2774,-283.81845,391.7737,-0.011185989,0.0,-0.0,0.0,0.0,7.3782964150265515e-06,1.7642974900721855e-05,1.913392027325415,0.0,0.0,0.0
5304,2774,-283.81845,391.7737,-0.011185989,0.0,-0.0,0.0,0.0,7.3782964150265515e-06,1.7642974900721855e-05,1.913392027325415,0.0,0.0,0.0
5305,2774,-283.81845,391.7737,-0.011185989,0.0,-0.0,0.0,0.0,7.3782964150265515e-06,1.7642974900721855e-05,1.913392027325415,0.0,0.0,0.0
5306,2774,-283.81845,391.7737,-0.011185989,0.0,-0.0,0.0,0.0,7.3782964150265515e-06,1.7642974900721855e-05,1.913392027325415,0.0,0.0,0.0
5307,2774,-283.81845,391.7737,-0.011185989,0.0,-0.0,0.0,0.0,7.3782964150265515e-06,1.7642974900721855e-05,1.913392027325415,0.0,0.0,0.0
5308,2774,-283.81845,391.7737,-0.011185989,0.0,-0.0,0.0,0.0,7.3782964150265515e-06,1.7642974900721855e-05,1.913392027325415,0.0,0.0,0.0
5309,2774,-283.81845,391.7737,-0.011185989,0.0,-0.0,0.0,0.0,7.3782964150265515e-06,1.7642974900721855e-05,1.913392027325415,0.0,0.0,0.0
5310,2774,-283.81845,391.7737,-0.011185989,0.0,-0.0,0.0,0.0,7.3782964150265515e-06,1.7642974900721855e-05,1.913392027325415,0.0,0.0,0.0
5311,2774,-283.81845,391.7737,-0.011185989,0.0,-0.0,0.0,0.0,7.3782964150265515e-06,1.7642974900721855e-05,1.913392027325415,0.0,0.0,0.0
5312,2774,-283.81845,391.7737,-0.011185989,0.0,-0.0,0.0,0.0,7.3782964150265515e-06,1.7642974900721855e-05,1.913392027325415,0.0,0.0,0.0
5313,2774,-283.81845,391.7737,-0.011185989,0.0,-0.0,0.0,0.0,7.3782964150265515e-06,1.7642974900721855e-05,1.913392027325415,0.0,0.0,0.0
5314,2774,-283.81845,391.7737,-0.011185989,0.0,-0.0,0.0,0.0,7.3782964150265515e-06,1.7642974900721855e-05,1.913392027325415,0.0,0.0,0.0
5315,2774,-283.81845,391.7737,-0.011185989,0.0,-0.0,0.0,0.0,7.3782964150265515e-06,1.7642974900721855e-05,1.913392027325415,0.0,0.0,0.0
5316,2774,-283.81845,391.7737,-0.011185989,0.0,-0.0,0.0,0.0,7.3782964150265515e-06,1.7642974900721855e-05,1.913392027325415,0.0,0.0,0.0
5317,2774,-283.81845,391.7737,-0.011185989,0.0,-0.0,0.0,0.0,7.3782964150265515e-06,1.7642974900721855e-05,1.913392027325415,0.0,0.0,0.0
5318,2774,-283.81845,391.7737,-0.011185989,0.0,-0.0,0.0,0.0,7.3782964150265515e-06,1.7642974900721855e-05,1.913392027325415,0.0,0.0,0.0
5319,2774,-283.81845,391.7737,-0.011185989,0.0,-0.0,0.0,0.0,7.3782964150265515e-06,1.7642974900721855e-05,1.913392027325415,0.0,0.0,0.0
5320,2774,-283.81845,391.7737,-0.011185989,0.0,-0.0,0.0,0.0,7.3782964150265515e-06,1.7642974900721855e-05,1.913392027325415,0.0,0.0,0.0
5321,2774,-283.81845,391.7737,-0.011185989,0.0,-0.0,0.0,0.0,7.3782964150265515e-06,1.7642974900721855e-05,1.913392027325415,0.0,0.0,0.0
5322,2774,-283.81845,391.7737,-0.011185989,0.0,-0.0,0.0,0.0,7.3782964150265515e-06,1.7642974900721855e-05,1.913392027325415,0.0,0.0,0.0
5323,2774,-283.81845,391.7737,-0.011185989,0.0,-0.0,0.0,0.0,7.3782964150265515e-06,1.7642974900721855e-05,1.913392027325415,0.0,0.0,0.0
5324,2774,-283.81845,391.7737,-0.011185989,0.0,-0.0,0.0,0.0,7.3782964150265515e-06,1.7642974900721855e-05,1.913392027325415,0.0,0.0,0.0
5325,2774,-283.81845,391.7737,-0.011185989,0.0,-0.0,0.0,0.0,7.3782964150265515e-06,1.7642974900721855e-05,1.913392027325415,0.0,0.0,0.0
5326,2774,-283.81845,391.7737,-0.011185989,0.0,-0.0,0.0,0.0,7.3782964150265515e-06,1.7642974900721855e-05,1.913392027325415,0.0,0.0,0.0
5327,2774,-283.81845,391.7737,-0.011185989,0.0,-0.0,0.0,0.0,7.3782964150265515e-06,1.7642974900721855e-05,1.913392027325415,0.0,0.0,0.0
5328,2774,-283.81845,391.7737,-0.011185989,0.0,-0.0,0.0,0.0,7.3782964150265515e-06,1.7642974900721855e-05,1.913392027325415,0.0,0.0,0.0
5329,2774,-283.81845,391.7737,-0.011185989,0.0,-0.0,0.0,0.0,7.3782964150265515e-06,1.7642974900721855e-05,1.913392027325415,0.0,0.0,0.0
5330,2774,-283.81845,391.7737,-0.011185989,0.0,-0.0,0.0,0.0,7.3782964150265515e-06,1.7642974900721855e-05,1.913392027325415,0.0,0.0,0.0
5331,2774,-283.81845,391.7737,-0.011185989,0.0,-0.0,0.0,0.0,7.3782964150265515e-06,1.7642974900721855e-05,1.913392027325415,0.0,0.0,0.0
5332,2774,-283.81845,391.7737,-0.011185989,0.0,-0.0,0.0,0.0,7.3782964150265515e-06,1.7642974900721855e-05,1.913392027325415,0.0,0.0,0.0
5333,2774,-283.81845,391.7737,-0.011185989,0.0,-0.0,0.0,0.0,7.3782964150265515e-06,1.7642974900721855e-05,1.913392027325415,0.0,0.0,0.0
5334,2774,-283.81845,391.7737,-0.011185989,0.0,-0.0,0.0,0.0,7.3782964150265515e-06,1.7642974900721855e-05,1.913392027325415,0.0,0.0,0.0
5335,2774,-283.81845,391.7737,-0.011185989,0.0,-0.0,0.0,0.0,7.3782964150265515e-06,1.7642974900721855e-05,1.913392027325415,0.0,0.0,0.0
5336,2774,-283.81845,391.7737,-0.011185989,0.0,-0.0,0.0,0.0,7.3782964150265515e-06,1.7642974900721855e-05,1.913392027325415,0.0,0.0,0.0
5337,2774,-283.81845,391.7737,-0.011185989,0.0,-0.0,0.0,0.0,7.3782964150265515e-06,1.7642974900721855e-05,1.913392027325415,0.0,0.0,0.0
5338,2774,-283.81845,391.7737,-0.011185989,0.0,-0.0,0.0,0.0,7.3782964150265515e-06,1.7642974900721855e-05,1.913392027325415,0.0,0.0,0.0
5339,2774,-283.81845,391.7737,-0.011185989,0.0,-0.0,0.0,0.0,7.3782964150265515e-06,1.7642974900721855e-05,1.913392027325415,0.0,0.0,0.0
5340,2774,-283.81845,391.7737,-0.011185989,0.0,-0.0,0.0,0.0,7.3782964150265515e-06,1.7642974900721855e-05,1.913392027325415,0.0,0.0,0.0
5341,2774,-283.81845,391.7737,-0.011185989,0.0,-0.0,0.0,0.0,7.3782964150265515e-06,1.7642974900721855e-05,1.913392027325415,0.0,0.0,0.0
5342,2774,-283.81845,391.7737,-0.011185989,0.0,-0.0,0.0,0.0,7.3782964150265515e-06,1.7642974900721855e-05,1.913392027325415,0.0,0.0,0.0
5343,2774,-283.81845,391.7737,-0.011185989,0.0,-0.0,0.0,0.0,7.3782964150265515e-06,1.7642974900721855e-05,1.913392027325415,0.0,0.0,0.0
5344,2774,-283.81845,391.7737,-0.011185989,0.0,-0.0,0.0,0.0,7.3782964150265515e-06,1.7642974900721855e-05,1.913392027325415,0.0,0.0,0.0
5345,2774,-283.81845,391.7737,-0.011185989,0.0,-0.0,0.0,0.0,7.3782964150265515e-06,1.7642974900721855e-05,1.913392027325415,0.0,0.0,0.0
5346,2774,-283.81845,391.7737,-0.011185989,0.0,-0.0,0.0,0.0,7.3782964150265515e-06,1.7642974900721855e-05,1.913392027325415,0.0,0.0,0.0
5347,2774,-283.81845,391.7737,-0.011185989,0.0,-0.0,0.0,0.0,7.3782964150265515e-06,1.7642974900721855e-05,1.913392027325415,0.0,0.0,0.0
5348,2774,-283.81845,391.7737,-0.011185989,0.0,-0.0,0.0,0.0,7.3782964150265515e-06,1.7642974900721855e-05,1.913392027325415,0.0,0.0,0.0
5349,2774,-283.81845,391.7737,-0.011185989,0.0,-0.0,0.0,0.0,7.3782964150265515e-06,1.7642974900721855e-05,1.913392027325415,0.0,0.0,0.0
5350,2774,-283.81845,391.7737,-0.011185989,0.0,-0.0,0.0,0.0,7.3782964150265515e-06,1.7642974900721855e-05,1.913392027325415,0.0,0.0,0.0
5351,2774,-283.81845,391.7737,-0.011185989,0.0,-0.0,0.0,0.0,7.3782964150265515e-06,1.7642974900721855e-05,1.913392027325415,0.0,0.0,0.0
5352,2774,-283.81845,391.7737,-0.011185989,0.0,-0.0,0.0,0.0,7.3782964150265515e-06,1.7642974900721855e-05,1.913392027325415,0.0,0.0,0.0
5353,2774,-283.81845,391.7737,-0.011185989,0.0,-0.0,0.0,0.0,7.3782964150265515e-06,1.7642974900721855e-05,1.913392027325415,0.0,0.0,0.0
5354,2774,-283.81845,391.7737,-0.011185989,0.0,-0.0,0.0,0.0,7.3782964150265515e-06,1.7642974900721855e-05,1.913392027325415,0.0,0.0,0.0
5355,2774,-283.81845,391.7737,-0.011185989,0.0,-0.0,0.0,0.0,7.3782964150265515e-06,1.7642974900721855e-05,1.913392027325415,0.0,0.0,0.0
5356,2774,-283.81845,391.7737,-0.011185989,0.0,-0.0,0.0,0.0,7.3782964150265515e-06,1.7642974900721855e-05,1.913392027325415,0.0,0.0,0.0
5357,2774,-283.81845,391.7737,-0.011185989,0.0,-0.0,0.0,0.0,7.3782964150265515e-06,1.7642974900721855e-05,1.913392027325415,0.0,0.0,0.0
5358,2774,-283.81845,391.7737,-0.011185989,0.0,-0.0,0.0,0.0,7.3782964150265515e-06,1.7642974900721855e-05,1.913392027325415,0.0,0.0,0.0
5359,2774,-283.81845,391.7737,-0.011185989,0.0,-0.0,0.0,0.0,7.3782964150265515e-06,1.7642974900721855e-05,1.913392027325415,0.0,0.0,0.0
5360,2774,-283.81845,391.7737,-0.011185989,0.0,-0.0,0.0,0.0,7.3782964150265515e-06,1.7642974900721855e-05,1.913392027325415,0.0,0.0,0.0
5361,2774,-283.81845,391.7737,-0.011185989,0.0,-0.0,0.0,0.0,7.3782964150265515e-06,1.7642974900721855e-05,1.913392027325415,0.0,0.0,0.0
5362,2774,-283.81845,391.7737,-0.011185989,0.0,-0.0,0.0,0.0,7.3782964150265515e-06,1.7642974900721855e-05,1.913392027325415,0.0,0.0,0.0
5363,2774,-283.81845,391.7737,-0.011185989,0.0,-0.0,0.0,0.0,7.3782964150265515e-06,1.7642974900721855e-05,1.913392027325415,0.0,0.0,0.0
5364,2774,-283.81845,391.7737,-0.011185989,0.0,-0.0,0.0,0.0,7.3782964150265515e-06,1.7642974900721855e-05,1.913392027325415,0.0,0.0,0.0
5365,2774,-283.81845,391.7737,-0.011185989,0.0,-0.0,0.0,0.0,7.3782964150265515e-06,1.7642974900721855e-05,1.913392027325415,0.0,0.0,0.0
5366,2774,-283.81845,391.7737,-0.011185989,0.0,-0.0,0.0,0.0,7.3782964150265515e-06,1.7642974900721855e-05,1.913392027325415,0.0,0.0,0.0
5367,2774,-283.81845,391.7737,-0.011185989,0.0,-0.0,0.0,0.0,7.3782964150265515e-06,1.7642974900721855e-05,1.913392027325415,0.0,0.0,0.0
5368,2774,-283.81845,391.7737,-0.011185989,0.0,-0.0,0.0,0.0,7.3782964150265515e-06,1.7642974900721855e-05,1.913392027325415,0.0,0.0,0.0
5369,2774,-283.81845,391.7737,-0.011185989,0.0,-0.0,0.0,0.0,7.3782964150265515e-06,1.7642974900721855e-05,1.913392027325415,0.0,0.0,0.0
5370,2774,-283.81845,391.7737,-0.011185989,0.0,-0.0,0.0,0.0,7.3782964150265515e-06,1.7642974900721855e-05,1.913392027325415,0.0,0.0,0.0
5371,2774,-283.81845,391.7737,-0.011185989,0.0,-0.0,0.0,0.0,7.3782964150265515e-06,1.7642974900721855e-05,1.913392027325415,0.0,0.0,0.0
5372,2774,-283.81845,391.7737,-0.011185989,0.0,-0.0,0.0,0.0,7.3782964150265515e-06,1.7642974900721855e-05,1.913392027325415,0.0,0.0,0.0
5373,2774,-283.81845,391.7737,-0.011185989,0.0,-0.0,0.0,0.0,7.3782964150265515e-06,1.7642974900721855e-05,1.913392027325415,0.0,0.0,0.0
5374,2774,-283.81845,391.7737,-0.011185989,0.0,-0.0,0.0,0.0,7.3782964150265515e-06,1.7642974900721855e-05,1.913392027325415,0.0,0.0,0.0
5375,2774,-283.81845,391.7737,-0.011185989,0.0,-0.0,0.0,0.0,7.3782964150265515e-06,1.7642974900721855e-05,1.913392027325415,0.0,0.0,0.0
5376,2774,-283.81845,391.7737,-0.011185989,0.0,-0.0,0.0,0.0,7.3782964150265515e-06,1.7642974900721855e-05,1.913392027325415,0.0,0.0,0.0
5377,2774,-283.81845,391.7737,-0.011185989,0.0,-0.0,0.0,0.0,7.3782964150265515e-06,1.7642974900721855e-05,1.913392027325415,0.0,0.0,0.0
5378,2774,-283.81845,391.7737,-0.011185989,0.0,-0.0,0.0,0.0,7.3782964150265515e-06,1.7642974900721855e-05,1.913392027325415,0.0,0.0,0.0
5379,2774,-283.81845,391.7737,-0.011185989,0.0,-0.0,0.0,0.0,7.3782964150265515e-06,1.7642974900721855e-05,1.913392027325415,0.0,0.0,0.0
5380,2774,-283.81845,391.7737,-0.011185989,0.0,-0.0,0.0,0.0,7.3782964150265515e-06,1.7642974900721855e-05,1.913392027325415,0.0,0.0,0.0
5381,2774,-283.81845,391.7737,-0.011185989,0.0,-0.0,0.0,0.0,7.3782964150265515e-06,1.7642974900721855e-05,1.913392027325415,0.0,0.0,0.0
5382,2774,-283.81845,391.7737,-0.011185989,0.0,-0.0,0.0,0.0,7.3782964150265515e-06,1.7642974900721855e-05,1.913392027325415,0.0,0.0,0.0
5383,2774,-283.81845,391.7737,-0.011185989,0.0,-0.0,0.0,0.0,7.3782964150265515e-06,1.7642974900721855e-05,1.913392027325415,0.0,0.0,0.0
5384,2774,-283.81845,391.7737,-0.011185989,0.0,-0.0,0.0,0.0,7.3782964150265515e-06,1.7642974900721855e-05,1.913392027325415,0.0,0.0,0.0
5385,2774,-283.81845,391.7737,-0.011185989,0.0,-0.0,0.0,0.0,7.3782964150265515e-06,1.7642974900721855e-05,1.913392027325415,0.0,0.0,0.0
5386,2774,-283.81845,391.7737,-0.011185989,0.0,-0.0,0.0,0.0,7.3782964150265515e-06,1.7642974900721855e-05,1.913392027325415,0.0,0.0,0.0
5387,2774,-283.81845,391.7737,-0.011185989,0.0,-0.0,0.0,0.0,7.3782964150265515e-06,1.7642974900721855e-05,1.913392027325415,0.0,0.0,0.0
5388,2774,-283.81845,391.7737,-0.011185989,0.0,-0.0,0.0,0.0,7.3782964150265515e-06,1.7642974900721855e-05,1.913392027325415,0.0,0.0,0.0
5389,2774,-283.81845,391.7737,-0.011185989,0.0,-0.0,0.0,0.0,7.3782964150265515e-06,1.7642974900721855e-05,1.913392027325415,0.0,0.0,0.0
5390,2774,-283.81845,391.7737,-0.011185989,0.0,-0.0,0.0,0.0,7.3782964150265515e-06,1.7642974900721855e-05,1.913392027325415,0.0,0.0,0.0
5391,2774,-283.81845,391.7737,-0.011185989,0.0,-0.0,0.0,0.0,7.3782964150265515e-06,1.7642974900721855e-05,1.913392027325415,0.0,0.0,0.0
5392,2774,-283.81845,391.7737,-0.011185989,0.0,-0.0,0.0,0.0,7.3782964150265515e-06,1.7642974900721855e-05,1.913392027325415,0.0,0.0,0.0
5393,2774,-283.81845,391.7737,-0.011185989,0.0,-0.0,0.0,0.0,7.3782964150265515e-06,1.7642974900721855e-05,1.913392027325415,0.0,0.0,0.0
5394,2774,-283.81845,391.7737,-0.011185989,0.0,-0.0,0.0,0.0,7.3782964150265515e-06,1.7642974900721855e-05,1.913392027325415,0.0,0.0,0.0
5395,2774,-283.81845,391.7737,-0.011185989,0.0,-0.0,0.0,0.0,7.3782964150265515e-06,1.7642974900721855e-05,1.913392027325415,0.0,0.0,0.0
5396,2774,-283.81845,391.7737,-0.011185989,0.0,-0.0,0.0,0.0,7.3782964150265515e-06,1.7642974900721855e-05,1.913392027325415,0.0,0.0,0.0
5397,2774,-283.81845,391.7737,-0.011185989,0.0,-0.0,0.0,0.0,7.3782964150265515e-06,1.7642974900721855e-05,1.913392027325415,0.0,0.0,0.0
5398,2774,-283.81845,391.7737,-0.011185989,0.0,-0.0,0.0,0.0,7.3782964150265515e-06,1.7642974900721855e-05,1.913392027325415,0.0,0.0,0.0
5399,2774,-283.81845,391.7737,-0.011185989,0.0,-0.0,0.0,0.0,7.3782964150265515e-06,1.7642974900721855e-05,1.913392027325415,0.0,0.0,0.0
5400,2774,-283.81845,391.7737,-0.011185989,0.0,-0.0,0.0,0.0,7.3782964150265515e-06,1.7642974900721855e-05,1.913392027325415,0.0,0.0,0.0
5401,2774,-283.81845,391.7737,-0.011185989,0.0,-0.0,0.0,0.0,7.3782964150265515e-06,1.7642974900721855e-05,1.913392027325415,0.0,0.0,0.0
5402,2774,-283.81845,391.7737,-0.011185989,0.0,-0.0,0.0,0.0,7.3782964150265515e-06,1.7642974900721855e-05,1.913392027325415,0.0,0.0,0.0
5403,2774,-283.81845,391.7737,-0.011185989,0.0,-0.0,0.0,0.0,7.3782964150265515e-06,1.7642974900721855e-05,1.913392027325415,0.0,0.0,0.0
5404,2774,-283.81845,391.7737,-0.011185989,0.0,-0.0,0.0,0.0,7.3782964150265515e-06,1.7642974900721855e-05,1.913392027325415,0.0,0.0,0.0
5405,2774,-283.81845,391.7737,-0.011185989,0.0,-0.0,0.0,0.0,7.3782964150265515e-06,1.7642974900721855e-05,1.913392027325415,0.0,0.0,0.0
5406,2774,-283.81845,391.7737,-0.011185989,0.0,-0.0,0.0,0.0,7.3782964150265515e-06,1.7642974900721855e-05,1.913392027325415,0.0,0.0,0.0
5407,2774,-283.81845,391.7737,-0.011185989,0.0,-0.0,0.0,0.0,7.3782964150265515e-06,1.7642974900721855e-05,1.913392027325415,0.0,0.0,0.0
5408,2774,-283.81845,391.7737,-0.011185989,0.0,-0.0,0.0,0.0,7.3782964150265515e-06,1.7642974900721855e-05,1.913392027325415,0.0,0.0,0.0
5409,2774,-283.81845,391.7737,-0.011185989,0.0,-0.0,0.0,0.0,7.3782964150265515e-06,1.7642974900721855e-05,1.913392027325415,0.0,0.0,0.0
5410,2774,-283.81845,391.7737,-0.011185989,0.0,-0.0,0.0,0.0,7.3782964150265515e-06,1.7642974900721855e-05,1.913392027325415,0.0,0.0,0.0
5411,2774,-283.81845,391.7737,-0.011185989,0.0,-0.0,0.0,0.0,7.3782964150265515e-06,1.7642974900721855e-05,1.913392027325415,0.0,0.0,0.0
5412,2774,-283.81845,391.7737,-0.011185989,0.0,-0.0,0.0,0.0,7.3782964150265515e-06,1.7642974900721855e-05,1.913392027325415,0.0,0.0,0.0
5413,2774,-283.81845,391.7737,-0.011185989,0.0,-0.0,0.0,0.0,7.3782964150265515e-06,1.7642974900721855e-05,1.913392027325415,0.0,0.0,0.0
5414,2774,-283.81845,391.7737,-0.011185989,0.0,-0.0,0.0,0.0,7.3782964150265515e-06,1.7642974900721855e-05,1.913392027325415,0.0,0.0,0.0
5415,2774,-283.81845,391.7737,-0.011185989,0.0,-0.0,0.0,0.0,7.3782964150265515e-06,1.7642974900721855e-05,1.913392027325415,0.0,0.0,0.0
5416,2774,-283.81845,391.7737,-0.011185989,0.0,-0.0,0.0,0.0,7.3782964150265515e-06,1.7642974900721855e-05,1.913392027325415,0.0,0.0,0.0
5417,2774,-283.81845,391.7737,-0.011185989,0.0,-0.0,0.0,0.0,7.3782964150265515e-06,1.7642974900721855e-05,1.913392027325415,0.0,0.0,0.0
5418,2774,-283.81845,391.7737,-0.011185989,0.0,-0.0,0.0,0.0,7.3782964150265515e-06,1.7642974900721855e-05,1.913392027325415,0.0,0.0,0.0
5419,2774,-283.81845,391.7737,-0.011185989,0.0,-0.0,0.0,0.0,7.3782964150265515e-06,1.7642974900721855e-05,1.913392027325415,0.0,0.0,0.0
5420,2774,-283.81845,391.7737,-0.011185989,0.0,-0.0,0.0,0.0,7.3782964150265515e-06,1.7642974900721855e-05,1.913392027325415,0.0,0.0,0.0
5421,2774,-283.81845,391.7737,-0.011185989,0.0,-0.0,0.0,0.0,7.3782964150265515e-06,1.7642974900721855e-05,1.913392027325415,0.0,0.0,0.0
5422,2774,-283.81845,391.7737,-0.011185989,0.0,-0.0,0.0,0.0,7.3782964150265515e-06,1.7642974900721855e-05,1.913392027325415,0.0,0.0,0.0
5423,2774,-283.81845,391.7737,-0.011185989,0.0,-0.0,0.0,0.0,7.3782964150265515e-06,1.7642974900721855e-05,1.913392027325415,0.0,0.0,0.0
5424,2774,-283.81845,391.7737,-0.011185989,0.0,-0.0,0.0,0.0,7.3782964150265515e-06,1.7642974900721855e-05,1.913392027325415,0.0,0.0,0.0
5425,2774,-283.81845,391.7737,-0.011185989,0.0,-0.0,0.0,0.0,7.3782964150265515e-06,1.7642974900721855e-05,1.913392027325415,0.0,0.0,0.0
5426,2774,-283.81845,391.7737,-0.011185989,0.0,-0.0,0.0,0.0,7.3782964150265515e-06,1.7642974900721855e-05,1.913392027325415,0.0,0.0,0.0
5427,2774,-283.81845,391.7737,-0.011185989,0.0,-0.0,0.0,0.0,7.3782964150265515e-06,1.7642974900721855e-05,1.913392027325415,0.0,0.0,0.0
5428,2774,-283.81845,391.7737,-0.011185989,0.0,-0.0,0.0,0.0,7.3782964150265515e-06,1.7642974900721855e-05,1.913392027325415,0.0,0.0,0.0
5429,2774,-283.81845,391.7737,-0.011185989,0.0,-0.0,0.0,0.0,7.3782964150265515e-06,1.7642974900721855e-05,1.913392027325415,0.0,0.0,0.0
5430,2774,-283.81845,391.7737,-0.011185989,0.0,-0.0,0.0,0.0,7.3782964150265515e-06,1.7642974900721855e-05,1.913392027325415,0.0,0.0,0.0
5431,2774,-283.81845,391.7737,-0.011185989,0.0,-0.0,0.0,0.0,7.3782964150265515e-06,1.7642974900721855e-05,1.913392027325415,0.0,0.0,0.0
5432,2774,-283.81845,391.7737,-0.011185989,0.0,-0.0,0.0,0.0,7.3782964150265515e-06,1.7642974900721855e-05,1.913392027325415,0.0,0.0,0.0
5433,2774,-283.81845,391.7737,-0.011185989,0.0,-0.0,0.0,0.0,7.3782964150265515e-06,1.7642974900721855e-05,1.913392027325415,0.0,0.0,0.0
5434,2774,-283.81845,391.7737,-0.011185989,0.0,-0.0,0.0,0.0,7.3782964150265515e-06,1.7642974900721855e-05,1.913392027325415,0.0,0.0,0.0
5435,2774,-283.81845,391.7737,-0.011185989,0.0,-0.0,0.0,0.0,7.3782964150265515e-06,1.7642974900721855e-05,1.913392027325415,0.0,0.0,0.0
5436,2774,-283.81845,391.7737,-0.011185989,0.0,-0.0,0.0,0.0,7.3782964150265515e-06,1.7642974900721855e-05,1.913392027325415,0.0,0.0,0.0
5437,2774,-283.81845,391.7737,-0.011185989,0.0,-0.0,0.0,0.0,7.3782964150265515e-06,1.7642974900721855e-05,1.913392027325415,0.0,0.0,0.0
5438,2774,-283.81845,391.7737,-0.011185989,0.0,-0.0,0.0,0.0,7.3782964150265515e-06,1.7642974900721855e-05,1.913392027325415,0.0,0.0,0.0
5439,2774,-283.81845,391.7737,-0.011185989,0.0,-0.0,0.0,0.0,7.3782964150265515e-06,1.7642974900721855e-05,1.913392027325415,0.0,0.0,0.0
5440,2774,-283.81845,391.7737,-0.011185989,0.0,-0.0,0.0,0.0,7.3782964150265515e-06,1.7642974900721855e-05,1.913392027325415,0.0,0.0,0.0
5441,2774,-283.81845,391.7737,-0.011185989,0.0,-0.0,0.0,0.0,7.3782964150265515e-06,1.7642974900721855e-05,1.913392027325415,0.0,0.0,0.0
5442,2774,-283.81845,391.7737,-0.011185989,0.0,-0.0,0.0,0.0,7.3782964150265515e-06,1.7642974900721855e-05,1.913392027325415,0.0,0.0,0.0
5443,2774,-283.81845,391.7737,-0.011185989,0.0,-0.0,0.0,0.0,7.3782964150265515e-06,1.7642974900721855e-05,1.913392027325415,0.0,0.0,0.0
5444,2774,-283.81845,391.7737,-0.011185989,0.0,-0.0,0.0,0.0,7.3782964150265515e-06,1.7642974900721855e-05,1.913392027325415,0.0,0.0,0.0
5445,2774,-283.81845,391.7737,-0.011185989,0.0,-0.0,0.0,0.0,7.3782964150265515e-06,1.7642974900721855e-05,1.913392027325415,0.0,0.0,0.0
5446,2774,-283.81845,391.7737,-0.011185989,0.0,-0.0,0.0,0.0,7.3782964150265515e-06,1.7642974900721855e-05,1.913392027325415,0.0,0.0,0.0
5447,2774,-283.81845,391.7737,-0.011185989,0.0,-0.0,0.0,0.0,7.3782964150265515e-06,1.7642974900721855e-05,1.913392027325415,0.0,0.0,0.0
5448,2774,-283.81845,391.7737,-0.011185989,0.0,-0.0,0.0,0.0,7.3782964150265515e-06,1.7642974900721855e-05,1.913392027325415,0.0,0.0,0.0
5449,2774,-283.81845,391.7737,-0.011185989,0.0,-0.0,0.0,0.0,7.3782964150265515e-06,1.7642974900721855e-05,1.913392027325415,0.0,0.0,0.0
5450,2774,-283.81845,391.7737,-0.011185989,0.0,-0.0,0.0,0.0,7.3782964150265515e-06,1.7642974900721855e-05,1.913392027325415,0.0,0.0,0.0
5451,2774,-283.81845,391.7737,-0.011185989,0.0,-0.0,0.0,0.0,7.3782964150265515e-06,1.7642974900721855e-05,1.913392027325415,0.0,0.0,0.0
5452,2774,-283.81845,391.7737,-0.011185989,0.0,-0.0,0.0,0.0,7.3782964150265515e-06,1.7642974900721855e-05,1.913392027325415,0.0,0.0,0.0
5453,2774,-283.81845,391.7737,-0.011185989,0.0,-0.0,0.0,0.0,7.3782964150265515e-06,1.7642974900721855e-05,1.913392027325415,0.0,0.0,0.0
5454,2774,-283.81845,391.7737,-0.011185989,0.0,-0.0,0.0,0.0,7.3782964150265515e-06,1.7642974900721855e-05,1.913392027325415,0.0,0.0,0.0
5455,2774,-283.81845,391.7737,-0.011185989,0.0,-0.0,0.0,0.0,7.3782964150265515e-06,1.7642974900721855e-05,1.913392027325415,0.0,0.0,0.0
5456,2774,-283.81845,391.7737,-0.011185989,0.0,-0.0,0.0,0.0,7.3782964150265515e-06,1.7642974900721855e-05,1.913392027325415,0.0,0.0,0.0
5457,2774,-283.81845,391.7737,-0.011185989,0.0,-0.0,0.0,0.0,7.3782964150265515e-06,1.7642974900721855e-05,1.913392027325415,0.0,0.0,0.0
5458,2774,-283.81845,391.7737,-0.011185989,0.0,-0.0,0.0,0.0,7.3782964150265515e-06,1.7642974900721855e-05,1.913392027325415,0.0,0.0,0.0
5459,2774,-283.81845,391.7737,-0.011185989,0.0,-0.0,0.0,0.0,7.3782964150265515e-06,1.7642974900721855e-05,1.913392027325415,0.0,0.0,0.0
5460,2774,-283.81845,391.7737,-0.011185989,0.0,-0.0,0.0,0.0,7.3782964150265515e-06,1.7642974900721855e-05,1.913392027325415,0.0,0.0,0.0
5461,2774,-283.81845,391.7737,-0.011185989,0.0,-0.0,0.0,0.0,7.3782964150265515e-06,1.7642974900721855e-05,1.913392027325415,0.0,0.0,0.0
5462,2774,-283.81845,391.7737,-0.011185989,0.0,-0.0,0.0,0.0,7.3782964150265515e-06,1.7642974900721855e-05,1.913392027325415,0.0,0.0,0.0
5463,2774,-283.81845,391.7737,-0.011185989,0.0,-0.0,0.0,0.0,7.3782964150265515e-06,1.7642974900721855e-05,1.913392027325415,0.0,0.0,0.0
5464,2774,-283.81845,391.7737,-0.011185989,0.0,-0.0,0.0,0.0,7.3782964150265515e-06,1.7642974900721855e-05,1.913392027325415,0.0,0.0,0.0
5465,2774,-283.81845,391.7737,-0.011185989,0.0,-0.0,0.0,0.0,7.3782964150265515e-06,1.7642974900721855e-05,1.913392027325415,0.0,0.0,0.0
5466,2774,-283.81845,391.7737,-0.011185989,0.0,-0.0,0.0,0.0,7.3782964150265515e-06,1.7642974900721855e-05,1.913392027325415,0.0,0.0,0.0
5467,2774,-283.81845,391.7737,-0.011185989,0.0,-0.0,0.0,0.0,7.3782964150265515e-06,1.7642974900721855e-05,1.913392027325415,0.0,0.0,0.0
5468,2774,-283.81845,391.7737,-0.011185989,0.0,-0.0,0.0,0.0,7.3782964150265515e-06,1.7642974900721855e-05,1.913392027325415,0.0,0.0,0.0
5469,2774,-283.81845,391.7737,-0.011185989,0.0,-0.0,0.0,0.0,7.3782964150265515e-06,1.7642974900721855e-05,1.913392027325415,0.0,0.0,0.0
5470,2774,-283.81845,391.7737,-0.011185989,0.0,-0.0,0.0,0.0,7.3782964150265515e-06,1.7642974900721855e-05,1.913392027325415,0.0,0.0,0.0
5471,2774,-283.81845,391.7737,-0.011185989,0.0,-0.0,0.0,0.0,7.3782964150265515e-06,1.7642974900721855e-05,1.913392027325415,0.0,0.0,0.0
5472,2774,-283.81845,391.7737,-0.011185989,0.0,-0.0,0.0,0.0,7.3782964150265515e-06,1.7642974900721855e-05,1.913392027325415,0.0,0.0,0.0
5473,2774,-283.81845,391.7737,-0.011185989,0.0,-0.0,0.0,0.0,7.3782964150265515e-06,1.7642974900721855e-05,1.913392027325415,0.0,0.0,0.0
5474,2774,-283.81845,391.7737,-0.011185989,0.0,-0.0,0.0,0.0,7.3782964150265515e-06,1.7642974900721855e-05,1.913392027325415,0.0,0.0,0.0
5475,2774,-283.81845,391.7737,-0.011185989,0.0,-0.0,0.0,0.0,7.3782964150265515e-06,1.7642974900721855e-05,1.913392027325415,0.0,0.0,0.0
5476,2774,-283.81845,391.7737,-0.011185989,0.0,-0.0,0.0,0.0,7.3782964150265515e-06,1.7642974900721855e-05,1.913392027325415,0.0,0.0,0.0
5477,2774,-283.81845,391.7737,-0.011185989,0.0,-0.0,0.0,0.0,7.3782964150265515e-06,1.7642974900721855e-05,1.913392027325415,0.0,0.0,0.0
5478,2774,-283.81845,391.7737,-0.011185989,0.0,-0.0,0.0,0.0,7.3782964150265515e-06,1.7642974900721855e-05,1.913392027325415,0.0,0.0,0.0
5479,2774,-283.81845,391.7737,-0.011185989,0.0,-0.0,0.0,0.0,7.3782964150265515e-06,1.7642974900721855e-05,1.913392027325415,0.0,0.0,0.0
5480,2774,-283.81845,391.7737,-0.011185989,0.0,-0.0,0.0,0.0,7.3782964150265515e-06,1.7642974900721855e-05,1.913392027325415,0.0,0.0,0.0
5481,2774,-283.81845,391.7737,-0.011185989,0.0,-0.0,0.0,0.0,7.3782964150265515e-06,1.7642974900721855e-05,1.913392027325415,0.0,0.0,0.0
5482,2774,-283.81845,391.7737,-0.011185989,0.0,-0.0,0.0,0.0,7.3782964150265515e-06,1.7642974900721855e-05,1.913392027325415,0.0,0.0,0.0
5483,2774,-283.81845,391.7737,-0.011185989,0.0,-0.0,0.0,0.0,7.3782964150265515e-06,1.7642974900721855e-05,1.913392027325415,0.0,0.0,0.0
5484,2774,-283.81845,391.7737,-0.011185989,0.0,-0.0,0.0,0.0,7.3782964150265515e-06,1.7642974900721855e-05,1.913392027325415,0.0,0.0,0.0
5485,2774,-283.81845,391.7737,-0.011185989,0.0,-0.0,0.0,0.0,7.3782964150265515e-06,1.7642974900721855e-05,1.913392027325415,0.0,0.0,0.0
5486,2774,-283.81845,391.7737,-0.011185989,0.0,-0.0,0.0,0.0,7.3782964150265515e-06,1.7642974900721855e-05,1.913392027325415,0.0,0.0,0.0
5487,2774,-283.81845,391.7737,-0.011185989,0.0,-0.0,0.0,0.0,7.3782964150265515e-06,1.7642974900721855e-05,1.913392027325415,0.0,0.0,0.0
5488,2774,-283.81845,391.7737,-0.011185989,0.0,-0.0,0.0,0.0,7.3782964150265515e-06,1.7642974900721855e-05,1.913392027325415,0.0,0.0,0.0
5489,2774,-283.81845,391.7737,-0.011185989,0.0,-0.0,0.0,0.0,7.3782964150265515e-06,1.7642974900721855e-05,1.913392027325415,0.0,0.0,0.0
5490,2774,-283.81845,391.7737,-0.011185989,0.0,-0.0,0.0,0.0,7.3782964150265515e-06,1.7642974900721855e-05,1.913392027325415,0.0,0.0,0.0
5491,2774,-283.81845,391.7737,-0.011185989,0.0,-0.0,0.0,0.0,7.3782964150265515e-06,1.7642974900721855e-05,1.913392027325415,0.0,0.0,0.0
5492,2774,-283.81845,391.7737,-0.011185989,0.0,-0.0,0.0,0.0,7.3782964150265515e-06,1.7642974900721855e-05,1.913392027325415,0.0,0.0,0.0
5493,2774,-283.81845,391.7737,-0.011185989,0.0,-0.0,0.0,0.0,7.3782964150265515e-06,1.7642974900721855e-05,1.913392027325415,0.0,0.0,0.0
5494,2774,-283.81845,391.7737,-0.011185989,0.0,-0.0,0.0,0.0,7.3782964150265515e-06,1.7642974900721855e-05,1.913392027325415,0.0,0.0,0.0
5495,2774,-283.81845,391.7737,-0.011185989,0.0,-0.0,0.0,0.0,7.3782964150265515e-06,1.7642974900721855e-05,1.913392027325415,0.0,0.0,0.0
5496,2774,-283.81845,391.7737,-0.011185989,0.0,-0.0,0.0,0.0,7.3782964150265515e-06,1.7642974900721855e-05,1.913392027325415,0.0,0.0,0.0
5497,2774,-283.81845,391.7737,-0.011185989,0.0,-0.0,0.0,0.0,7.3782964150265515e-06,1.7642974900721855e-05,1.913392027325415,0.0,0.0,0.0
5498,2774,-283.81845,391.7737,-0.011185989,0.0,-0.0,0.0,0.0,7.3782964150265515e-06,1.7642974900721855e-05,1.913392027325415,0.0,0.0,0.0
5499,2774,-283.81845,391.7737,-0.011185989,0.0,-0.0,0.0,0.0,7.3782964150265515e-06,1.7642974900721855e-05,1.913392027325415,0.0,0.0,0.0
5500,2774,-283.81845,391.7737,-0.011185989,0.0,-0.0,0.0,0.0,7.3782964150265515e-06,1.7642974900721855e-05,1.913392027325415,0.0,0.0,0.0
5501,2774,-283.81845,391.7737,-0.011185989,0.0,-0.0,0.0,0.0,7.3782964150265515e-06,1.7642974900721855e-05,1.913392027325415,0.0,0.0,0.0
5502,2774,-283.81845,391.7737,-0.011185989,0.0,-0.0,0.0,0.0,7.3782964150265515e-06,1.7642974900721855e-05,1.913392027325415,0.0,0.0,0.0
5503,2774,-283.81845,391.7737,-0.011185989,0.0,-0.0,0.0,0.0,7.3782964150265515e-06,1.7642974900721855e-05,1.913392027325415,0.0,0.0,0.0
5504,2774,-283.81845,391.7737,-0.011185989,0.0,-0.0,0.0,0.0,7.3782964150265515e-06,1.7642974900721855e-05,1.913392027325415,0.0,0.0,0.0
5505,2774,-283.81845,391.7737,-0.011185989,0.0,-0.0,0.0,0.0,7.3782964150265515e-06,1.7642974900721855e-05,1.913392027325415,0.0,0.0,0.0
5506,2774,-283.81845,391.7737,-0.011185989,0.0,-0.0,0.0,0.0,7.3782964150265515e-06,1.7642974900721855e-05,1.913392027325415,0.0,0.0,0.0
5507,2774,-283.81845,391.7737,-0.011185989,0.0,-0.0,0.0,0.0,7.3782964150265515e-06,1.7642974900721855e-05,1.913392027325415,0.0,0.0,0.0
5508,2774,-283.81845,391.7737,-0.011185989,0.0,-0.0,0.0,0.0,7.3782964150265515e-06,1.7642974900721855e-05,1.913392027325415,0.0,0.0,0.0
5509,2774,-283.81845,391.7737,-0.011185989,0.0,-0.0,0.0,0.0,7.3782964150265515e-06,1.7642974900721855e-05,1.913392027325415,0.0,0.0,0.0
5510,2774,-283.81845,391.7737,-0.011185989,0.0,-0.0,0.0,0.0,7.3782964150265515e-06,1.7642974900721855e-05,1.913392027325415,0.0,0.0,0.0
5511,2774,-283.81845,391.7737,-0.011185989,0.0,-0.0,0.0,0.0,7.3782964150265515e-06,1.7642974900721855e-05,1.913392027325415,0.0,0.0,0.0
5512,2774,-283.81845,391.7737,-0.011185989,0.0,-0.0,0.0,0.0,7.3782964150265515e-06,1.7642974900721855e-05,1.913392027325415,0.0,0.0,0.0
5513,2774,-283.81845,391.7737,-0.011185989,0.0,-0.0,0.0,0.0,7.3782964150265515e-06,1.7642974900721855e-05,1.913392027325415,0.0,0.0,0.0
5514,2774,-283.81845,391.7737,-0.011185989,0.0,-0.0,0.0,0.0,7.3782964150265515e-06,1.7642974900721855e-05,1.913392027325415,0.0,0.0,0.0
5515,2774,-283.81845,391.7737,-0.011185989,0.0,-0.0,0.0,0.0,7.3782964150265515e-06,1.7642974900721855e-05,1.913392027325415,0.0,0.0,0.0
5516,2774,-283.81845,391.7737,-0.011185989,0.0,-0.0,0.0,0.0,7.3782964150265515e-06,1.7642974900721855e-05,1.913392027325415,0.0,0.0,0.0
5517,2774,-283.81845,391.7737,-0.011185989,0.0,-0.0,0.0,0.0,7.3782964150265515e-06,1.7642974900721855e-05,1.913392027325415,0.0,0.0,0.0
5518,2774,-283.81845,391.7737,-0.011185989,0.0,-0.0,0.0,0.0,7.3782964150265515e-06,1.7642974900721855e-05,1.913392027325415,0.0,0.0,0.0
5519,2774,-283.81845,391.7737,-0.011185989,0.0,-0.0,0.0,0.0,7.3782964150265515e-06,1.7642974900721855e-05,1.913392027325415,0.0,0.0,0.0
5520,2774,-283.81845,391.7737,-0.011185989,0.0,-0.0,0.0,0.0,7.3782964150265515e-06,1.7642974900721855e-05,1.913392027325415,0.0,0.0,0.0
5521,2774,-283.81845,391.7737,-0.011185989,0.0,-0.0,0.0,0.0,7.3782964150265515e-06,1.7642974900721855e-05,1.913392027325415,0.0,0.0,0.0
5522,2774,-283.81845,391.7737,-0.011185989,0.0,-0.0,0.0,0.0,7.3782964150265515e-06,1.7642974900721855e-05,1.913392027325415,0.0,0.0,0.0
5523,2774,-283.81845,391.7737,-0.011185989,0.0,-0.0,0.0,0.0,7.3782964150265515e-06,1.7642974900721855e-05,1.913392027325415,0.0,0.0,0.0
5524,2774,-283.81845,391.7737,-0.011185989,0.0,-0.0,0.0,0.0,7.3782964150265515e-06,1.7642974900721855e-05,1.913392027325415,0.0,0.0,0.0
5525,2774,-283.81845,391.7737,-0.011185989,0.0,-0.0,0.0,0.0,7.3782964150265515e-06,1.7642974900721855e-05,1.913392027325415,0.0,0.0,0.0
5526,2774,-283.81845,391.7737,-0.011185989,0.0,-0.0,0.0,0.0,7.3782964150265515e-06,1.7642974900721855e-05,1.913392027325415,0.0,0.0,0.0
5527,2774,-283.81845,391.7737,-0.011185989,0.0,-0.0,0.0,0.0,7.3782964150265515e-06,1.7642974900721855e-05,1.913392027325415,0.0,0.0,0.0
5528,2774,-283.81845,391.7737,-0.011185989,0.0,-0.0,0.0,0.0,7.3782964150265515e-06,1.7642974900721855e-05,1.913392027325415,0.0,0.0,0.0
5529,2774,-283.81845,391.7737,-0.011185989,0.0,-0.0,0.0,0.0,7.3782964150265515e-06,1.7642974900721855e-05,1.913392027325415,0.0,0.0,0.0
5530,2774,-283.81845,391.7737,-0.011185989,0.0,-0.0,0.0,0.0,7.3782964150265515e-06,1.7642974900721855e-05,1.913392027325415,0.0,0.0,0.0
5531,2774,-283.81845,391.7737,-0.011185989,0.0,-0.0,0.0,0.0,7.3782964150265515e-06,1.7642974900721855e-05,1.913392027325415,0.0,0.0,0.0
5532,2774,-283.81845,391.7737,-0.011185989,0.0,-0.0,0.0,0.0,7.3782964150265515e-06,1.7642974900721855e-05,1.913392027325415,0.0,0.0,0.0
5533,2774,-283.81845,391.7737,-0.011185989,0.0,-0.0,0.0,0.0,7.3782964150265515e-06,1.7642974900721855e-05,1.913392027325415,0.0,0.0,0.0
5534,2774,-283.81845,391.7737,-0.011185989,0.0,-0.0,0.0,0.0,7.3782964150265515e-06,1.7642974900721855e-05,1.913392027325415,0.0,0.0,0.0
5535,2774,-283.81845,391.7737,-0.011185989,0.0,-0.0,0.0,0.0,7.3782964150265515e-06,1.7642974900721855e-05,1.913392027325415,0.0,0.0,0.0
5536,2774,-283.81845,391.7737,-0.011185989,0.0,-0.0,0.0,0.0,7.3782964150265515e-06,1.7642974900721855e-05,1.913392027325415,0.0,0.0,0.0
5537,2774,-283.81845,391.7737,-0.011185989,0.0,-0.0,0.0,0.0,7.3782964150265515e-06,1.7642974900721855e-05,1.913392027325415,0.0,0.0,0.0
5538,2774,-283.81845,391.7737,-0.011185989,0.0,-0.0,0.0,0.0,7.3782964150265515e-06,1.7642974900721855e-05,1.913392027325415,0.0,0.0,0.0
5539,2774,-283.81845,391.7737,-0.011185989,0.0,-0.0,0.0,0.0,7.3782964150265515e-06,1.7642974900721855e-05,1.913392027325415,0.0,0.0,0.0
5540,2774,-283.81845,391.7737,-0.011185989,0.0,-0.0,0.0,0.0,7.3782964150265515e-06,1.7642974900721855e-05,1.913392027325415,0.0,0.0,0.0
5541,2774,-283.81845,391.7737,-0.011185989,0.0,-0.0,0.0,0.0,7.3782964150265515e-06,1.7642974900721855e-05,1.913392027325415,0.0,0.0,0.0
5542,2774,-283.81845,391.7737,-0.011185989,0.0,-0.0,0.0,0.0,7.3782964150265515e-06,1.7642974900721855e-05,1.913392027325415,0.0,0.0,0.0
5543,2774,-283.81845,391.7737,-0.011185989,0.0,-0.0,0.0,0.0,7.3782964150265515e-06,1.7642974900721855e-05,1.913392027325415,0.0,0.0,0.0
5544,2774,-283.81845,391.7737,-0.011185989,0.0,-0.0,0.0,0.0,7.3782964150265515e-06,1.7642974900721855e-05,1.913392027325415,0.0,0.0,0.0
5545,2774,-283.81845,391.7737,-0.011185989,0.0,-0.0,0.0,0.0,7.3782964150265515e-06,1.7642974900721855e-05,1.913392027325415,0.0,0.0,0.0
5546,2774,-283.81845,391.7737,-0.011185989,0.0,-0.0,0.0,0.0,7.3782964150265515e-06,1.7642974900721855e-05,1.913392027325415,0.0,0.0,0.0
5547,2774,-283.81845,391.7737,-0.011185989,0.0,-0.0,0.0,0.0,7.3782964150265515e-06,1.7642974900721855e-05,1.913392027325415,0.0,0.0,0.0
5548,2774,-283.81845,391.7737,-0.011185989,0.0,-0.0,0.0,0.0,7.3782964150265515e-06,1.7642974900721855e-05,1.913392027325415,0.0,0.0,0.0
5549,2774,-283.81845,391.7737,-0.011185989,0.0,-0.0,0.0,0.0,7.3782964150265515e-06,1.7642974900721855e-05,1.913392027325415,0.0,0.0,0.0
5550,2774,-283.81845,391.7737,-0.011185989,0.0,-0.0,0.0,0.0,7.3782964150265515e-06,1.7642974900721855e-05,1.913392027325415,0.0,0.0,0.0
5551,2774,-283.81845,391.7737,-0.011185989,0.0,-0.0,0.0,0.0,7.3782964150265515e-06,1.7642974900721855e-05,1.913392027325415,0.0,0.0,0.0
5552,2774,-283.81845,391.7737,-0.011185989,0.0,-0.0,0.0,0.0,7.3782964150265515e-06,1.7642974900721855e-05,1.913392027325415,0.0,0.0,0.0
5553,2774,-283.81845,391.7737,-0.011185989,0.0,-0.0,0.0,0.0,7.3782964150265515e-06,1.7642974900721855e-05,1.913392027325415,0.0,0.0,0.0
5554,2774,-283.81845,391.7737,-0.011185989,0.0,-0.0,0.0,0.0,7.3782964150265515e-06,1.7642974900721855e-05,1.913392027325415,0.0,0.0,0.0
5555,2774,-283.81845,391.7737,-0.011185989,0.0,-0.0,0.0,0.0,7.3782964150265515e-06,1.7642974900721855e-05,1.913392027325415,0.0,0.0,0.0
5556,2774,-283.81845,391.7737,-0.011185989,0.0,-0.0,0.0,0.0,7.3782964150265515e-06,1.7642974900721855e-05,1.913392027325415,0.0,0.0,0.0
5557,2774,-283.81845,391.7737,-0.011185989,0.0,-0.0,0.0,0.0,7.3782964150265515e-06,1.7642974900721855e-05,1.913392027325415,0.0,0.0,0.0
5558,2774,-283.81845,391.7737,-0.011185989,0.0,-0.0,0.0,0.0,7.3782964150265515e-06,1.7642974900721855e-05,1.913392027325415,0.0,0.0,0.0
5559,2774,-283.81845,391.7737,-0.011185989,0.0,-0.0,0.0,0.0,7.3782964150265515e-06,1.7642974900721855e-05,1.913392027325415,0.0,0.0,0.0
5560,2774,-283.81845,391.7737,-0.011185989,0.0,-0.0,0.0,0.0,7.3782964150265515e-06,1.7642974900721855e-05,1.913392027325415,0.0,0.0,0.0
5561,2774,-283.81845,391.7737,-0.011185989,0.0,-0.0,0.0,0.0,7.3782964150265515e-06,1.7642974900721855e-05,1.913392027325415,0.0,0.0,0.0
5562,2774,-283.81845,391.7737,-0.011185989,0.0,-0.0,0.0,0.0,7.3782964150265515e-06,1.7642974900721855e-05,1.913392027325415,0.0,0.0,0.0
5563,2774,-283.81845,391.7737,-0.011185989,0.0,-0.0,0.0,0.0,7.3782964150265515e-06,1.7642974900721855e-05,1.913392027325415,0.0,0.0,0.0
5564,2774,-283.81845,391.7737,-0.011185989,0.0,-0.0,0.0,0.0,7.3782964150265515e-06,1.7642974900721855e-05,1.913392027325415,0.0,0.0,0.0
5565,2774,-283.81845,391.7737,-0.011185989,0.0,-0.0,0.0,0.0,7.3782964150265515e-06,1.7642974900721855e-05,1.913392027325415,0.0,0.0,0.0
5566,2774,-283.81845,391.7737,-0.011185989,0.0,-0.0,0.0,0.0,7.3782964150265515e-06,1.7642974900721855e-05,1.913392027325415,0.0,0.0,0.0
5567,2774,-283.81845,391.7737,-0.011185989,0.0,-0.0,0.0,0.0,7.3782964150265515e-06,1.7642974900721855e-05,1.913392027325415,0.0,0.0,0.0
5568,2774,-283.81845,391.7737,-0.011185989,0.0,-0.0,0.0,0.0,7.3782964150265515e-06,1.7642974900721855e-05,1.913392027325415,0.0,0.0,0.0
5569,2774,-283.81845,391.7737,-0.011185989,0.0,-0.0,0.0,0.0,7.3782964150265515e-06,1.7642974900721855e-05,1.913392027325415,0.0,0.0,0.0
5570,2774,-283.81845,391.7737,-0.011185989,0.0,-0.0,0.0,0.0,7.3782964150265515e-06,1.7642974900721855e-05,1.913392027325415,0.0,0.0,0.0
5571,2774,-283.81845,391.7737,-0.011185989,0.0,-0.0,0.0,0.0,7.3782964150265515e-06,1.7642974900721855e-05,1.913392027325415,0.0,0.0,0.0
5572,2774,-283.81845,391.7737,-0.011185989,0.0,-0.0,0.0,0.0,7.3782964150265515e-06,1.7642974900721855e-05,1.913392027325415,0.0,0.0,0.0
5573,2774,-283.81845,391.7737,-0.011185989,0.0,-0.0,0.0,0.0,7.3782964150265515e-06,1.7642974900721855e-05,1.913392027325415,0.0,0.0,0.0
5574,2774,-283.81845,391.7737,-0.011185989,0.0,-0.0,0.0,0.0,7.3782964150265515e-06,1.7642974900721855e-05,1.913392027325415,0.0,0.0,0.0
5575,2774,-283.81845,391.7737,-0.011185989,0.0,-0.0,0.0,0.0,7.3782964150265515e-06,1.7642974900721855e-05,1.913392027325415,0.0,0.0,0.0
5576,2774,-283.81845,391.7737,-0.011185989,0.0,-0.0,0.0,0.0,7.3782964150265515e-06,1.7642974900721855e-05,1.913392027325415,0.0,0.0,0.0
5577,2774,-283.81845,391.7737,-0.011185989,0.0,-0.0,0.0,0.0,7.3782964150265515e-06,1.7642974900721855e-05,1.913392027325415,0.0,0.0,0.0
5578,2774,-283.81845,391.7737,-0.011185989,0.0,-0.0,0.0,0.0,7.3782964150265515e-06,1.7642974900721855e-05,1.913392027325415,0.0,0.0,0.0
5579,2774,-283.81845,391.7737,-0.011185989,0.0,-0.0,0.0,0.0,7.3782964150265515e-06,1.7642974900721855e-05,1.913392027325415,0.0,0.0,0.0
5580,2774,-283.81845,391.7737,-0.011185989,0.0,-0.0,0.0,0.0,7.3782964150265515e-06,1.7642974900721855e-05,1.913392027325415,0.0,0.0,0.0
5581,2774,-283.81845,391.7737,-0.011185989,0.0,-0.0,0.0,0.0,7.3782964150265515e-06,1.7642974900721855e-05,1.913392027325415,0.0,0.0,0.0
5582,2774,-283.81845,391.7737,-0.011185989,0.0,-0.0,0.0,0.0,7.3782964150265515e-06,1.7642974900721855e-05,1.913392027325415,0.0,0.0,0.0
5583,2774,-283.81845,391.7737,-0.011185989,0.0,-0.0,0.0,0.0,7.3782964150265515e-06,1.7642974900721855e-05,1.913392027325415,0.0,0.0,0.0
5584,2774,-283.81845,391.7737,-0.011185989,0.0,-0.0,0.0,0.0,7.3782964150265515e-06,1.7642974900721855e-05,1.913392027325415,0.0,0.0,0.0
5585,2774,-283.81845,391.7737,-0.011185989,0.0,-0.0,0.0,0.0,7.3782964150265515e-06,1.7642974900721855e-05,1.913392027325415,0.0,0.0,0.0
5586,2774,-283.81845,391.7737,-0.011185989,0.0,-0.0,0.0,0.0,7.3782964150265515e-06,1.7642974900721855e-05,1.913392027325415,0.0,0.0,0.0
5587,2774,-283.81845,391.7737,-0.011185989,0.0,-0.0,0.0,0.0,7.3782964150265515e-06,1.7642974900721855e-05,1.913392027325415,0.0,0.0,0.0
5588,2774,-283.81845,391.7737,-0.011185989,0.0,-0.0,0.0,0.0,7.3782964150265515e-06,1.7642974900721855e-05,1.913392027325415,0.0,0.0,0.0
5589,2774,-283.81845,391.7737,-0.011185989,0.0,-0.0,0.0,0.0,7.3782964150265515e-06,1.7642974900721855e-05,1.913392027325415,0.0,0.0,0.0
5590,2774,-283.81845,391.7737,-0.011185989,0.0,-0.0,0.0,0.0,7.3782964150265515e-06,1.7642974900721855e-05,1.913392027325415,0.0,0.0,0.0
5591,2774,-283.81845,391.7737,-0.011185989,0.0,-0.0,0.0,0.0,7.3782964150265515e-06,1.7642974900721855e-05,1.913392027325415,0.0,0.0,0.0
5592,2774,-283.81845,391.7737,-0.011185989,0.0,-0.0,0.0,0.0,7.3782964150265515e-06,1.7642974900721855e-05,1.913392027325415,0.0,0.0,0.0
5593,2774,-283.81845,391.7737,-0.011185989,0.0,-0.0,0.0,0.0,7.3782964150265515e-06,1.7642974900721855e-05,1.913392027325415,0.0,0.0,0.0
5594,2774,-283.81845,391.7737,-0.011185989,0.0,-0.0,0.0,0.0,7.3782964150265515e-06,1.7642974900721855e-05,1.913392027325415,0.0,0.0,0.0
5595,2774,-283.81845,391.7737,-0.011185989,0.0,-0.0,0.0,0.0,7.3782964150265515e-06,1.7642974900721855e-05,1.913392027325415,0.0,0.0,0.0
5596,2774,-283.81845,391.7737,-0.011185989,0.0,-0.0,0.0,0.0,7.3782964150265515e-06,1.7642974900721855e-05,1.913392027325415,0.0,0.0,0.0
5597,2774,-283.81845,391.7737,-0.011185989,0.0,-0.0,0.0,0.0,7.3782964150265515e-06,1.7642974900721855e-05,1.913392027325415,0.0,0.0,0.0
5598,2774,-283.81845,391.7737,-0.011185989,0.0,-0.0,0.0,0.0,7.3782964150265515e-06,1.7642974900721855e-05,1.913392027325415,0.0,0.0,0.0
5599,2774,-283.81845,391.7737,-0.011185989,0.0,-0.0,0.0,0.0,7.3782964150265515e-06,1.7642974900721855e-05,1.913392027325415,0.0,0.0,0.0
5600,2774,-283.81845,391.7737,-0.011185989,0.0,-0.0,0.0,0.0,7.3782964150265515e-06,1.7642974900721855e-05,1.913392027325415,0.0,0.0,0.0
5601,2774,-283.81845,391.7737,-0.011185989,0.0,-0.0,0.0,0.0,7.3782964150265515e-06,1.7642974900721855e-05,1.913392027325415,0.0,0.0,0.0
5602,2774,-283.81845,391.7737,-0.011185989,0.0,-0.0,0.0,0.0,7.3782964150265515e-06,1.7642974900721855e-05,1.913392027325415,0.0,0.0,0.0
5603,2774,-283.81845,391.7737,-0.011185989,0.0,-0.0,0.0,0.0,7.3782964150265515e-06,1.7642974900721855e-05,1.913392027325415,0.0,0.0,0.0
5604,2774,-283.81845,391.7737,-0.011185989,0.0,-0.0,0.0,0.0,7.3782964150265515e-06,1.7642974900721855e-05,1.913392027325415,0.0,0.0,0.0
5605,2774,-283.81845,391.7737,-0.011185989,0.0,-0.0,0.0,0.0,7.3782964150265515e-06,1.7642974900721855e-05,1.913392027325415,0.0,0.0,0.0
5606,2774,-283.81845,391.7737,-0.011185989,0.0,-0.0,0.0,0.0,7.3782964150265515e-06,1.7642974900721855e-05,1.913392027325415,0.0,0.0,0.0
5607,2774,-283.81845,391.7737,-0.011185989,0.0,-0.0,0.0,0.0,7.3782964150265515e-06,1.7642974900721855e-05,1.913392027325415,0.0,0.0,0.0
5608,2774,-283.81845,391.7737,-0.011185989,0.0,-0.0,0.0,0.0,7.3782964150265515e-06,1.7642974900721855e-05,1.913392027325415,0.0,0.0,0.0
5609,2774,-283.81845,391.7737,-0.011185989,0.0,-0.0,0.0,0.0,7.3782964150265515e-06,1.7642974900721855e-05,1.913392027325415,0.0,0.0,0.0
5610,2774,-283.81845,391.7737,-0.011185989,0.0,-0.0,0.0,0.0,7.3782964150265515e-06,1.7642974900721855e-05,1.913392027325415,0.0,0.0,0.0
5611,2774,-283.81845,391.7737,-0.011185989,0.0,-0.0,0.0,0.0,7.3782964150265515e-06,1.7642974900721855e-05,1.913392027325415,0.0,0.0,0.0
5612,2774,-283.81845,391.7737,-0.011185989,0.0,-0.0,0.0,0.0,7.3782964150265515e-06,1.7642974900721855e-05,1.913392027325415,0.0,0.0,0.0
5613,2774,-283.81845,391.7737,-0.011185989,0.0,-0.0,0.0,0.0,7.3782964150265515e-06,1.7642974900721855e-05,1.913392027325415,0.0,0.0,0.0
5614,2774,-283.81845,391.7737,-0.011185989,0.0,-0.0,0.0,0.0,7.3782964150265515e-06,1.7642974900721855e-05,1.913392027325415,0.0,0.0,0.0
5615,2774,-283.81845,391.7737,-0.011185989,0.0,-0.0,0.0,0.0,7.3782964150265515e-06,1.7642974900721855e-05,1.913392027325415,0.0,0.0,0.0
5616,2774,-283.81845,391.7737,-0.011185989,0.0,-0.0,0.0,0.0,7.3782964150265515e-06,1.7642974900721855e-05,1.913392027325415,0.0,0.0,0.0
5617,2774,-283.81845,391.7737,-0.011185989,0.0,-0.0,0.0,0.0,7.3782964150265515e-06,1.7642974900721855e-05,1.913392027325415,0.0,0.0,0.0
5618,2774,-283.81845,391.7737,-0.011185989,0.0,-0.0,0.0,0.0,7.3782964150265515e-06,1.7642974900721855e-05,1.913392027325415,0.0,0.0,0.0
5619,2774,-283.81845,391.7737,-0.011185989,0.0,-0.0,0.0,0.0,7.3782964150265515e-06,1.7642974900721855e-05,1.913392027325415,0.0,0.0,0.0
5620,2774,-283.81845,391.7737,-0.011185989,0.0,-0.0,0.0,0.0,7.3782964150265515e-06,1.7642974900721855e-05,1.913392027325415,0.0,0.0,0.0
5621,2774,-283.81845,391.7737,-0.011185989,0.0,-0.0,0.0,0.0,7.3782964150265515e-06,1.7642974900721855e-05,1.913392027325415,0.0,0.0,0.0
5622,2774,-283.81845,391.7737,-0.011185989,0.0,-0.0,0.0,0.0,7.3782964150265515e-06,1.7642974900721855e-05,1.913392027325415,0.0,0.0,0.0
5623,2774,-283.81845,391.7737,-0.011185989,0.0,-0.0,0.0,0.0,7.3782964150265515e-06,1.7642974900721855e-05,1.913392027325415,0.0,0.0,0.0
5624,2774,-283.81845,391.7737,-0.011185989,0.0,-0.0,0.0,0.0,7.3782964150265515e-06,1.7642974900721855e-05,1.913392027325415,0.0,0.0,0.0
5625,2774,-283.81845,391.7737,-0.011185989,0.0,-0.0,0.0,0.0,7.3782964150265515e-06,1.7642974900721855e-05,1.913392027325415,0.0,0.0,0.0
5626,2774,-283.81845,391.7737,-0.011185989,0.0,-0.0,0.0,0.0,7.3782964150265515e-06,1.7642974900721855e-05,1.913392027325415,0.0,0.0,0.0
5627,2774,-283.81845,391.7737,-0.011185989,0.0,-0.0,0.0,0.0,7.3782964150265515e-06,1.7642974900721855e-05,1.913392027325415,0.0,0.0,0.0
5628,2774,-283.81845,391.7737,-0.011185989,0.0,-0.0,0.0,0.0,7.3782964150265515e-06,1.7642974900721855e-05,1.913392027325415,0.0,0.0,0.0
5629,2774,-283.81845,391.7737,-0.011185989,0.0,-0.0,0.0,0.0,7.3782964150265515e-06,1.7642974900721855e-05,1.913392027325415,0.0,0.0,0.0
5630,2774,-283.81845,391.7737,-0.011185989,0.0,-0.0,0.0,0.0,7.3782964150265515e-06,1.7642974900721855e-05,1.913392027325415,0.0,0.0,0.0
5631,2774,-283.81845,391.7737,-0.011185989,0.0,-0.0,0.0,0.0,7.3782964150265515e-06,1.7642974900721855e-05,1.913392027325415,0.0,0.0,0.0
5632,2774,-283.81845,391.7737,-0.011185989,0.0,-0.0,0.0,0.0,7.3782964150265515e-06,1.7642974900721855e-05,1.913392027325415,0.0,0.0,0.0
5633,2774,-283.81845,391.7737,-0.011185989,0.0,-0.0,0.0,0.0,7.3782964150265515e-06,1.7642974900721855e-05,1.913392027325415,0.0,0.0,0.0
5634,2774,-283.81845,391.7737,-0.011185989,0.0,-0.0,0.0,0.0,7.3782964150265515e-06,1.7642974900721855e-05,1.913392027325415,0.0,0.0,0.0
5635,2774,-283.81845,391.7737,-0.011185989,0.0,-0.0,0.0,0.0,7.3782964150265515e-06,1.7642974900721855e-05,1.913392027325415,0.0,0.0,0.0
5636,2774,-283.81845,391.7737,-0.011185989,0.0,-0.0,0.0,0.0,7.3782964150265515e-06,1.7642974900721855e-05,1.913392027325415,0.0,0.0,0.0
5637,2774,-283.81845,391.7737,-0.011185989,0.0,-0.0,0.0,0.0,7.3782964150265515e-06,1.7642974900721855e-05,1.913392027325415,0.0,0.0,0.0
5638,2774,-283.81845,391.7737,-0.011185989,0.0,-0.0,0.0,0.0,7.3782964150265515e-06,1.7642974900721855e-05,1.913392027325415,0.0,0.0,0.0
5639,2774,-283.81845,391.7737,-0.011185989,0.0,-0.0,0.0,0.0,7.3782964150265515e-06,1.7642974900721855e-05,1.913392027325415,0.0,0.0,0.0
5640,2774,-283.81845,391.7737,-0.011185989,0.0,-0.0,0.0,0.0,7.3782964150265515e-06,1.7642974900721855e-05,1.913392027325415,0.0,0.0,0.0
5641,2774,-283.81845,391.7737,-0.011185989,0.0,-0.0,0.0,0.0,7.3782964150265515e-06,1.7642974900721855e-05,1.913392027325415,0.0,0.0,0.0
5642,2774,-283.81845,391.7737,-0.011185989,0.0,-0.0,0.0,0.0,7.3782964150265515e-06,1.7642974900721855e-05,1.913392027325415,0.0,0.0,0.0
5643,2774,-283.81845,391.7737,-0.011185989,0.0,-0.0,0.0,0.0,7.3782964150265515e-06,1.7642974900721855e-05,1.913392027325415,0.0,0.0,0.0
5644,2774,-283.81845,391.7737,-0.011185989,0.0,-0.0,0.0,0.0,7.3782964150265515e-06,1.7642974900721855e-05,1.913392027325415,0.0,0.0,0.0
5645,2774,-283.81845,391.7737,-0.011185989,0.0,-0.0,0.0,0.0,7.3782964150265515e-06,1.7642974900721855e-05,1.913392027325415,0.0,0.0,0.0
5646,2774,-283.81845,391.7737,-0.011185989,0.0,-0.0,0.0,0.0,7.3782964150265515e-06,1.7642974900721855e-05,1.913392027325415,0.0,0.0,0.0
5647,2774,-283.81845,391.7737,-0.011185989,0.0,-0.0,0.0,0.0,7.3782964150265515e-06,1.7642974900721855e-05,1.913392027325415,0.0,0.0,0.0
5648,2774,-283.81845,391.7737,-0.011185989,0.0,-0.0,0.0,0.0,7.3782964150265515e-06,1.7642974900721855e-05,1.913392027325415,0.0,0.0,0.0
5649,2774,-283.81845,391.7737,-0.011185989,0.0,-0.0,0.0,0.0,7.3782964150265515e-06,1.7642974900721855e-05,1.913392027325415,0.0,0.0,0.0
5650,2774,-283.81845,391.7737,-0.011185989,0.0,-0.0,0.0,0.0,7.3782964150265515e-06,1.7642974900721855e-05,1.913392027325415,0.0,0.0,0.0
5651,2774,-283.81845,391.7737,-0.011185989,0.0,-0.0,0.0,0.0,7.3782964150265515e-06,1.7642974900721855e-05,1.913392027325415,0.0,0.0,0.0
5652,2774,-283.81845,391.7737,-0.011185989,0.0,-0.0,0.0,0.0,7.3782964150265515e-06,1.7642974900721855e-05,1.913392027325415,0.0,0.0,0.0
5653,2774,-283.81845,391.7737,-0.011185989,0.0,-0.0,0.0,0.0,7.3782964150265515e-06,1.7642974900721855e-05,1.913392027325415,0.0,0.0,0.0
5654,2774,-283.81845,391.7737,-0.011185989,0.0,-0.0,0.0,0.0,7.3782964150265515e-06,1.7642974900721855e-05,1.913392027325415,0.0,0.0,0.0
5655,2774,-283.81845,391.7737,-0.011185989,0.0,-0.0,0.0,0.0,7.3782964150265515e-06,1.7642974900721855e-05,1.913392027325415,0.0,0.0,0.0
5656,2774,-283.81845,391.7737,-0.011185989,0.0,-0.0,0.0,0.0,7.3782964150265515e-06,1.7642974900721855e-05,1.913392027325415,0.0,0.0,0.0
5657,2774,-283.81845,391.7737,-0.011185989,0.0,-0.0,0.0,0.0,7.3782964150265515e-06,1.7642974900721855e-05,1.913392027325415,0.0,0.0,0.0
5658,2774,-283.81845,391.7737,-0.011185989,0.0,-0.0,0.0,0.0,7.3782964150265515e-06,1.7642974900721855e-05,1.913392027325415,0.0,0.0,0.0
5659,2774,-283.81845,391.7737,-0.011185989,0.0,-0.0,0.0,0.0,7.3782964150265515e-06,1.7642974900721855e-05,1.913392027325415,0.0,0.0,0.0
5660,2774,-283.81845,391.7737,-0.011185989,0.0,-0.0,0.0,0.0,7.3782964150265515e-06,1.7642974900721855e-05,1.913392027325415,0.0,0.0,0.0
5661,2774,-283.81845,391.7737,-0.011185989,0.0,-0.0,0.0,0.0,7.3782964150265515e-06,1.7642974900721855e-05,1.913392027325415,0.0,0.0,0.0
5662,2774,-283.81845,391.7737,-0.011185989,0.0,-0.0,0.0,0.0,7.3782964150265515e-06,1.7642974900721855e-05,1.913392027325415,0.0,0.0,0.0
5663,2774,-283.81845,391.7737,-0.011185989,0.0,-0.0,0.0,0.0,7.3782964150265515e-06,1.7642974900721855e-05,1.913392027325415,0.0,0.0,0.0
5664,2774,-283.81845,391.7737,-0.011185989,0.0,-0.0,0.0,0.0,7.3782964150265515e-06,1.7642974900721855e-05,1.913392027325415,0.0,0.0,0.0
5665,2774,-283.81845,391.7737,-0.011185989,0.0,-0.0,0.0,0.0,7.3782964150265515e-06,1.7642974900721855e-05,1.913392027325415,0.0,0.0,0.0
5666,2774,-283.81845,391.7737,-0.011185989,0.0,-0.0,0.0,0.0,7.3782964150265515e-06,1.7642974900721855e-05,1.913392027325415,0.0,0.0,0.0
5667,2774,-283.81845,391.7737,-0.011185989,0.0,-0.0,0.0,0.0,7.3782964150265515e-06,1.7642974900721855e-05,1.913392027325415,0.0,0.0,0.0
5668,2774,-283.81845,391.7737,-0.011185989,0.0,-0.0,0.0,0.0,7.3782964150265515e-06,1.7642974900721855e-05,1.913392027325415,0.0,0.0,0.0
5669,2774,-283.81845,391.7737,-0.011185989,0.0,-0.0,0.0,0.0,7.3782964150265515e-06,1.7642974900721855e-05,1.913392027325415,0.0,0.0,0.0
5670,2774,-283.81845,391.7737,-0.011185989,0.0,-0.0,0.0,0.0,7.3782964150265515e-06,1.7642974900721855e-05,1.913392027325415,0.0,0.0,0.0
5671,2774,-283.81845,391.7737,-0.011185989,0.0,-0.0,0.0,0.0,7.3782964150265515e-06,1.7642974900721855e-05,1.913392027325415,0.0,0.0,0.0
5672,2774,-283.81845,391.7737,-0.011185989,0.0,-0.0,0.0,0.0,7.3782964150265515e-06,1.7642974900721855e-05,1.913392027325415,0.0,0.0,0.0
5673,2774,-283.81845,391.7737,-0.011185989,0.0,-0.0,0.0,0.0,7.3782964150265515e-06,1.7642974900721855e-05,1.913392027325415,0.0,0.0,0.0
5674,2774,-283.81845,391.7737,-0.011185989,0.0,-0.0,0.0,0.0,7.3782964150265515e-06,1.7642974900721855e-05,1.913392027325415,0.0,0.0,0.0
5675,2774,-283.81845,391.7737,-0.011185989,0.0,-0.0,0.0,0.0,7.3782964150265515e-06,1.7642974900721855e-05,1.913392027325415,0.0,0.0,0.0
5676,2774,-283.81845,391.7737,-0.011185989,0.0,-0.0,0.0,0.0,7.3782964150265515e-06,1.7642974900721855e-05,1.913392027325415,0.0,0.0,0.0
5677,2774,-283.81845,391.7737,-0.011185989,0.0,-0.0,0.0,0.0,7.3782964150265515e-06,1.7642974900721855e-05,1.913392027325415,0.0,0.0,0.0
5678,2774,-283.81845,391.7737,-0.011185989,0.0,-0.0,0.0,0.0,7.3782964150265515e-06,1.7642974900721855e-05,1.913392027325415,0.0,0.0,0.0
5679,2774,-283.81845,391.7737,-0.011185989,0.0,-0.0,0.0,0.0,7.3782964150265515e-06,1.7642974900721855e-05,1.913392027325415,0.0,0.0,0.0
5680,2774,-283.81845,391.7737,-0.011185989,0.0,-0.0,0.0,0.0,7.3782964150265515e-06,1.7642974900721855e-05,1.913392027325415,0.0,0.0,0.0
5681,2774,-283.81845,391.7737,-0.011185989,0.0,-0.0,0.0,0.0,7.3782964150265515e-06,1.7642974900721855e-05,1.913392027325415,0.0,0.0,0.0
5682,2774,-283.81845,391.7737,-0.011185989,0.0,-0.0,0.0,0.0,7.3782964150265515e-06,1.7642974900721855e-05,1.913392027325415,0.0,0.0,0.0
5683,2774,-283.81845,391.7737,-0.011185989,0.0,-0.0,0.0,0.0,7.3782964150265515e-06,1.7642974900721855e-05,1.913392027325415,0.0,0.0,0.0
5684,2774,-283.81845,391.7737,-0.011185989,0.0,-0.0,0.0,0.0,7.3782964150265515e-06,1.7642974900721855e-05,1.913392027325415,0.0,0.0,0.0
