tick,waypoint_idx,loc_x,loc_y,loc_z,vel_x,vel_y,vel_z,speed,roll,pitch,yaw,throttle,steer,brake
0,2774,-283.8004,391.69943,-0.018575553,0.0022956342,0.00093942217,0.05524637,0.055302027612924576,-0.0010807106403169923,-0.0004167556472915593,1.9198571171876913,0.0,0.0,0.0
1,2774,-283.8004,391.69937,-0.016245613,0.0017296077,0.0007058473,0.038604803,0.03864997625350952,-0.0008069377452754278,-0.00030362604660864694,1.9198572503457458,0.0,0.0,0.0
2,2774,-283.80048,391.69934,-0.014625626,0.0012981084,0.00052818126,0.02666512,0.026701921597123146,-0.0006018743413393266,-0.0002206563876686848,1.9198573835038004,0.0,0.0,0.0
3,2774,-283.8005,391.69928,-0.01351078,0.0009723729,0.0003944233,0.018247552,0.018277699127793312,-0.00044900895978735954,-0.00016009806479050912,1.9198572503457458,0.0,0.0,0.0
4,2774,-283.80057,391.69925,-0.012749862,0.0007273486,0.00029412995,0.012388878,0.012413695454597473,-0.0003350256326226775,-0.00011599062957053517,1.9198571171876913,0.0,0.0,0.0
5,2774,-283.8006,391.69925,-0.012234077,0.0005435543,0.00021913213,0.008360062,0.008380578830838203,-0.0002498045427587232,-8.404254680465137e-05,1.9198571171876913,0.0,0.0,0.0
6,2774,-283.80063,391.69922,-0.01188652,0.00040625807,0.00016333039,0.0056078434,0.005624911282211542,-0.00018642126005090134,-6.091594539363651e-05,1.9198571171876913,0.0,0.0,0.0
7,2774,-283.80063,391.69922,-0.011653518,0.00030319946,0.00012151267,0.0037434911,0.003757714992389083,-0.0001390169926474909,-4.410743521997397e-05,1.9198571171876913,0.0,0.0,0.0
8,2774,-283.80063,391.69922,-0.011497955,0.00022612828,9.039493e-05,0.0024898003,0.0025016816798597574,-0.00010386328251309029,-3.1828879324391507e-05,1.9198571171876913,0.0,0.0,0.0
9,2774,-283.80063,391.69916,-0.011394424,0.00016896914,6.733685e-05,0.0016481017,0.0016581086674705148,-7.723166348497525e-05,-2.3126601411014863e-05,1.9198571171876913,0.0,0.0,0.0
10,2774,-283.80066,391.69916,-0.01132576,0.00012613363,5.014969e-05,0.0010877991,0.0010962351225316525,-5.7524279545711544e-05,-1.680850915774721e-05,1.9198571171876913,0.0,0.0,0.0
11,2774,-283.80066,391.69916,-0.011280403,9.42385e-05,3.7359827e-05,0.0007157135,0.0007228571339510381,-4.3143205595622324e-05,-1.215934635859818e-05,1.9198571171876913,0.0,0.0,0.0
12,2774,-283.80066,391.69916,-0.011280403,0.0,-0.0,0.0,0.0,-4.3143205595622324e-05,-1.215934635859818e-05,1.9198571171876913,0.0,0.0,0.0
13,2774,-283.80066,391.69916,-0.011280403,0.0,-0.0,0.0,0.0,-4.3143205595622324e-05,-1.215934635859818e-05,1.9198571171876913,0.0,0.0,0.0
14,2774,-283.80066,391.69916,-0.011280403,0.0,-0.0,0.0,0.0,-4.3143205595622324e-05,-1.215934635859818e-05,1.9198571171876913,0.0,0.0,0.0
15,2774,-283.80066,391.69916,-0.011280403,0.0,-0.0,0.0,0.0,-4.3143205595622324e-05,-1.215934635859818e-05,1.9198571171876913,0.0,0.0,0.0
16,2774,-283.80066,391.69916,-0.011280403,0.0,-0.0,0.0,0.0,-4.3143205595622324e-05,-1.215934635859818e-05,1.9198571171876913,0.0,0.0,0.0
17,2774,-283.80066,391.69916,-0.011280403,0.0,-0.0,0.0,0.0,-4.3143205595622324e-05,-1.215934635859818e-05,1.9198571171876913,0.0,0.0,0.0
18,2774,-283.80066,391.69916,-0.011280403,0.0,-0.0,0.0,0.0,-4.3143205595622324e-05,-1.215934635859818e-05,1.9198571171876913,0.0,0.0,0.0
19,2774,-283.80066,391.69916,-0.011280403,0.0,-0.0,0.0,0.0,-4.3143205595622324e-05,-1.215934635859818e-05,1.9198571171876913,0.0,0.0,0.0
20,2774,-283.80066,391.69916,-0.011280403,0.0,-0.0,0.0,0.0,-4.3143205595622324e-05,-1.215934635859818e-05,1.9198571171876913,0.0,0.0,0.0
21,2774,-283.80066,391.69916,-0.011280403,0.0,-0.0,0.0,0.0,-4.3143205595622324e-05,-1.215934635859818e-05,1.9198571171876913,0.0,0.0,0.0
22,2774,-283.80066,391.69916,-0.011280403,0.0,-0.0,0.0,0.0,-4.3143205595622324e-05,-1.215934635859818e-05,1.9198571171876913,0.0,0.0,0.0
23,2774,-283.80066,391.69916,-0.011280403,0.0,-0.0,0.0,0.0,-4.3143205595622324e-05,-1.215934635859818e-05,1.9198571171876913,0.0,0.0,0.0
24,2774,-283.80066,391.69916,-0.011280403,0.0,-0.0,0.0,0.0,-4.3143205595622324e-05,-1.215934635859818e-05,1.9198571171876913,0.0,0.0,0.0
25,2774,-283.80066,391.69916,-0.011280403,0.0,-0.0,0.0,0.0,-4.3143205595622324e-05,-1.215934635859818e-05,1.9198571171876913,0.0,0.0,0.0
26,2774,-283.80066,391.69916,-0.011280403,0.0,-0.0,0.0,0.0,-4.3143205595622324e-05,-1.215934635859818e-05,1.9198571171876913,0.0,0.0,0.0
27,2774,-283.80066,391.69916,-0.011280403,0.0,-0.0,0.0,0.0,-4.3143205595622324e-05,-1.215934635859818e-05,1.9198571171876913,0.0,0.0,0.0
28,2774,-283.80066,391.69916,-0.011280403,0.0,-0.0,0.0,0.0,-4.3143205595622324e-05,-1.215934635859818e-05,1.9198571171876913,0.0,0.0,0.0
29,2774,-283.80066,391.69916,-0.011280403,0.0,-0.0,0.0,0.0,-4.3143205595622324e-05,-1.215934635859818e-05,1.9198571171876913,0.0,0.0,0.0
30,2774,-283.80066,391.69916,-0.011280403,0.0,-0.0,0.0,0.0,-4.3143205595622324e-05,-1.215934635859818e-05,1.9198571171876913,0.0,0.0,0.0
31,2774,-283.80066,391.69916,-0.011280403,0.0,-0.0,0.0,0.0,-4.3143205595622324e-05,-1.215934635859818e-05,1.9198571171876913,0.0,0.0,0.0
32,2774,-283.80066,391.69916,-0.011280403,0.0,-0.0,0.0,0.0,-4.3143205595622324e-05,-1.215934635859818e-05,1.9198571171876913,0.0,0.0,0.0
33,2774,-283.80066,391.69916,-0.011280403,0.0,-0.0,0.0,0.0,-4.3143205595622324e-05,-1.215934635859818e-05,1.9198571171876913,0.0,0.0,0.0
34,2774,-283.80066,391.69916,-0.011280403,0.0,-0.0,0.0,0.0,-4.3143205595622324e-05,-1.215934635859818e-05,1.9198571171876913,0.0,0.0,0.0
35,2774,-283.80066,391.69916,-0.011280403,0.0,-0.0,0.0,0.0,-4.3143205595622324e-05,-1.215934635859818e-05,1.9198571171876913,0.0,0.0,0.0
36,2774,-283.80066,391.69916,-0.011280403,0.0,-0.0,0.0,0.0,-4.3143205595622324e-05,-1.215934635859818e-05,1.9198571171876913,0.0,0.0,0.0
37,2774,-283.80066,391.69916,-0.011280403,0.0,-0.0,0.0,0.0,-4.3143205595622324e-05,-1.215934635859818e-05,1.9198571171876913,0.0,0.0,0.0
38,2774,-283.80066,391.69916,-0.011280403,0.0,-0.0,0.0,0.0,-4.3143205595622324e-05,-1.215934635859818e-05,1.9198571171876913,0.0,0.0,0.0
39,2774,-283.80066,391.69916,-0.011280403,0.0,-0.0,0.0,0.0,-4.3143205595622324e-05,-1.215934635859818e-05,1.9198571171876913,0.0,0.0,0.0
40,2774,-283.80066,391.69916,-0.011280403,0.0,-0.0,0.0,0.0,-4.3143205595622324e-05,-1.215934635859818e-05,1.9198571171876913,0.0,0.0,0.0
41,2774,-283.80066,391.69916,-0.011280403,0.0,-0.0,0.0,0.0,-4.3143205595622324e-05,-1.215934635859818e-05,1.9198571171876913,0.0,0.0,0.0
42,2774,-283.80066,391.69916,-0.011280403,0.0,-0.0,0.0,0.0,-4.3143205595622324e-05,-1.215934635859818e-05,1.9198571171876913,0.0,0.0,0.0
43,2774,-283.80066,391.69916,-0.011280403,0.0,-0.0,0.0,0.0,-4.3143205595622324e-05,-1.215934635859818e-05,1.9198571171876913,0.0,0.0,0.0
44,2774,-283.80066,391.69916,-0.011280403,0.0,-0.0,0.0,0.0,-4.3143205595622324e-05,-1.215934635859818e-05,1.9198571171876913,0.0,0.0,0.0
45,2774,-283.80066,391.69916,-0.011280403,0.0,-0.0,0.0,0.0,-4.3143205595622324e-05,-1.215934635859818e-05,1.9198571171876913,0.0,0.0,0.0
46,2774,-283.80066,391.69916,-0.011280403,0.0,-0.0,0.0,0.0,-4.3143205595622324e-05,-1.215934635859818e-05,1.9198571171876913,0.0,0.0,0.0
47,2774,-283.80066,391.69916,-0.011280403,0.0,-0.0,0.0,0.0,-4.3143205595622324e-05,-1.215934635859818e-05,1.9198571171876913,0.0,0.0,0.0
48,2774,-283.80066,391.69916,-0.011280403,0.0,-0.0,0.0,0.0,-4.3143205595622324e-05,-1.215934635859818e-05,1.9198571171876913,0.0,0.0,0.0
49,2774,-283.80066,391.69916,-0.011280403,0.0,-0.0,0.0,0.0,-4.3143205595622324e-05,-1.215934635859818e-05,1.9198571171876913,0.0,0.0,0.0
50,2774,-283.80066,391.69916,-0.011280403,0.0,-0.0,0.0,0.0,-4.3143205595622324e-05,-1.215934635859818e-05,1.9198571171876913,0.0,0.0,0.0
51,2774,-283.80066,391.69916,-0.011280403,0.0,-0.0,0.0,0.0,-4.3143205595622324e-05,-1.215934635859818e-05,1.9198571171876913,0.0,0.0,0.0
52,2774,-283.80066,391.69916,-0.011280403,0.0,-0.0,0.0,0.0,-4.3143205595622324e-05,-1.215934635859818e-05,1.9198571171876913,0.0,0.0,0.0
53,2774,-283.80066,391.69916,-0.011280403,0.0,-0.0,0.0,0.0,-4.3143205595622324e-05,-1.215934635859818e-05,1.9198571171876913,0.0,0.0,0.0
54,2774,-283.80066,391.69916,-0.011280403,0.0,-0.0,0.0,0.0,-4.3143205595622324e-05,-1.215934635859818e-05,1.9198571171876913,0.0,0.0,0.0
55,2774,-283.80066,391.69916,-0.011280403,0.0,-0.0,0.0,0.0,-4.3143205595622324e-05,-1.215934635859818e-05,1.9198571171876913,0.0,0.0,0.0
56,2774,-283.80066,391.69916,-0.011280403,0.0,-0.0,0.0,0.0,-4.3143205595622324e-05,-1.215934635859818e-05,1.9198571171876913,0.0,0.0,0.0
57,2774,-283.80066,391.69916,-0.011280403,0.0,-0.0,0.0,0.0,-4.3143205595622324e-05,-1.215934635859818e-05,1.9198571171876913,0.0,0.0,0.0
58,2774,-283.80066,391.69916,-0.011280403,0.0,-0.0,0.0,0.0,-4.3143205595622324e-05,-1.215934635859818e-05,1.9198571171876913,0.0,0.0,0.0
59,2774,-283.80066,391.69916,-0.011280403,0.0,-0.0,0.0,0.0,-4.3143205595622324e-05,-1.215934635859818e-05,1.9198571171876913,0.0,0.0,0.0
60,2774,-283.80066,391.69916,-0.011280403,0.0,-0.0,0.0,0.0,-4.3143205595622324e-05,-1.215934635859818e-05,1.9198571171876913,0.0,0.0,0.0
61,2774,-283.80066,391.69916,-0.011280403,0.0,-0.0,0.0,0.0,-4.3143205595622324e-05,-1.215934635859818e-05,1.9198571171876913,0.0,0.0,0.0
62,2774,-283.80066,391.69916,-0.011280403,0.0,-0.0,0.0,0.0,-4.3143205595622324e-05,-1.215934635859818e-05,1.9198571171876913,0.0,0.0,0.0
63,2774,-283.80066,391.69916,-0.011280403,0.0,-0.0,0.0,0.0,-4.3143205595622324e-05,-1.215934635859818e-05,1.9198571171876913,0.0,0.0,0.0
64,2774,-283.80066,391.69916,-0.011280403,0.0,-0.0,0.0,0.0,-4.3143205595622324e-05,-1.215934635859818e-05,1.9198571171876913,0.0,0.0,0.0
65,2774,-283.80066,391.69916,-0.011280403,0.0,-0.0,0.0,0.0,-4.3143205595622324e-05,-1.215934635859818e-05,1.9198571171876913,0.0,0.0,0.0
66,2774,-283.80066,391.69916,-0.011280403,0.0,-0.0,0.0,0.0,-4.3143205595622324e-05,-1.215934635859818e-05,1.9198571171876913,0.0,0.0,0.0
67,2774,-283.80066,391.69916,-0.011280403,0.0,-0.0,0.0,0.0,-4.3143205595622324e-05,-1.215934635859818e-05,1.9198571171876913,0.0,0.0,0.0
68,2774,-283.80066,391.69916,-0.011280403,0.0,-0.0,0.0,0.0,-4.3143205595622324e-05,-1.215934635859818e-05,1.9198571171876913,0.0,0.0,0.0
69,2774,-283.80066,391.69916,-0.011280403,0.0,-0.0,0.0,0.0,-4.3143205595622324e-05,-1.215934635859818e-05,1.9198571171876913,0.0,0.0,0.0
70,2774,-283.80066,391.69916,-0.011280403,0.0,-0.0,0.0,0.0,-4.3143205595622324e-05,-1.215934635859818e-05,1.9198571171876913,0.0,0.0,0.0
71,2774,-283.80066,391.69916,-0.011280403,0.0,-0.0,0.0,0.0,-4.3143205595622324e-05,-1.215934635859818e-05,1.9198571171876913,0.0,0.0,0.0
72,2774,-283.80066,391.69916,-0.011280403,0.0,-0.0,0.0,0.0,-4.3143205595622324e-05,-1.215934635859818e-05,1.9198571171876913,0.0,0.0,0.0
73,2774,-283.80066,391.69916,-0.011280403,0.0,-0.0,0.0,0.0,-4.3143205595622324e-05,-1.215934635859818e-05,1.9198571171876913,0.0,0.0,0.0
74,2774,-283.80066,391.69916,-0.011280403,0.0,-0.0,0.0,0.0,-4.3143205595622324e-05,-1.215934635859818e-05,1.9198571171876913,0.0,0.0,0.0
75,2774,-283.80066,391.69916,-0.011280403,0.0,-0.0,0.0,0.0,-4.3143205595622324e-05,-1.215934635859818e-05,1.9198571171876913,0.08,0.05,0.0
76,2774,-283.80066,391.69916,-0.011319885,3.0574945e-08,1.5830426e-06,-0.00035388945,0.00035389300319366157,-3.675161897943216e-05,-1.0490416904479553e-05,1.9198573835038004,0.16,0.1,0.0
77,2774,-283.80066,391.69916,-0.01131874,-2.4851468e-07,1.7987722e-06,0.0002176094,0.0002176169800804928,-2.9294769959040953e-05,-8.463858839408079e-06,1.9198573835038004,0.24,0.15000000000000002,0.0
78,2774,-283.80066,391.69916,-0.011300621,-1.9291062e-07,1.69388e-06,0.00040886877,0.0004088723217137158,-2.23705531566656e-05,-6.556510311320887e-06,1.9198573835038004,0.32,0.2,0.0
79,2774,-283.80066,391.69916,-0.011278495,-2.1279807e-07,1.3400658e-06,0.00042532443,0.00042532660881988704,-1.7044229960591793e-05,-4.887580857202261e-06,1.9198573835038004,0.4,0.25,0.0
80,2774,-283.80066,391.69916,-0.01125782,-3.1656572e-08,1.1890587e-06,0.00037161825,0.0003716201754286885,-1.2783173232380344e-05,-3.5762784901634838e-06,1.9198573835038004,0.48000000000000004,0.3,0.0
81,2774,-283.8007,391.69916,-0.011240692,1.856209e-08,9.460596e-07,0.000296545,0.0002965465246234089,-9.587379924285257e-06,-2.622604226119888e-06,1.9198573835038004,0.56,0.35,0.0
82,2774,-283.8007,391.69916,-0.011227379,7.8255304e-08,7.492233e-07,0.00022671699,0.0002267182426294312,-6.924218326248353e-06,-1.9073485280871915e-06,1.9198573835038004,0.5999886640878686,0.39999999999999997,0.0
83,2774,-283.8007,391.69916,-0.011217384,4.5487635e-08,5.708523e-07,0.00016572952,0.00016573051107116044,-5.32632167220081e-06,-1.311302113059944e-06,1.9198573835038004,0.5999917134744465,0.44999999999999996,0.0
84,2774,-283.8007,391.69916,-0.011214523,1.226828e-07,3.2663777e-07,6.279469e-05,6.279565423028544e-05,-5.32632167220081e-06,-1.311302113059944e-06,1.9198573835038004,0.5999968602172885,0.49999999999999994,0.0
85,2774,-283.8007,391.69916,-0.011210784,1.05185386e-07,3.5832375e-07,8.075714e-05,8.075800724327564e-05,-5.32632167220081e-06,-1.311302113059944e-06,1.9198573835038004,0.5999959620996379,0.5499999999999999,0.0
86,2774,-283.8007,391.69916,-0.01120678,9.7446204e-08,3.0206488e-07,7.62558e-05,7.625645957887173e-05,-2.663160836100405e-06,-7.152556980326968e-07,1.9198571171876913,0.5999961871770211,0.6,0.0
87,2774,-283.8007,391.69916,-0.011203384,7.6995434e-08,2.5723645e-07,6.420612e-05,6.420668069040403e-05,-2.663160836100405e-06,-7.152556980326968e-07,1.9198571171876913,0.5999967896659655,0.65,0.0
88,2774,-283.8007,391.69916,-0.011200561,5.1473155e-08,2.1656838e-07,5.0840375e-05,5.08408629684709e-05,-2.663160836100405e-06,-7.152556980326968e-07,1.9198571171876913,0.5999974579568516,0.7000000000000001,0.0
89,2774,-283.8007,391.69916,-0.011198463,1.0635547e-07,1.5434323e-07,3.873825e-05,3.873870082315989e-05,-2.663160836100405e-06,-7.152556980326968e-07,1.9198571171876913,0.5999980630649588,0.7500000000000001,0.0
90,2774,-283.8007,391.69916,-0.011196861,4.2684103e-08,1.0409125e-07,2.9511451e-05,2.951166607090272e-05,-1.0652644360316953e-06,-2.3841856601089893e-07,1.9198571171876913,0.5999985244166964,0.8000000000000002,0.0
91,2774,-283.8007,391.69916,-0.011195793,7.368353e-08,7.9561964e-08,2.2826194e-05,2.2826452550361864e-05,-1.0652644360316953e-06,-2.3841856601089893e-07,1.9198571171876913,0.5999988586773725,0.8500000000000002,0.0
92,2774,-283.8007,391.69916,-0.011195793,3.5510816e-08,5.4051895e-08,4.816055e-07,4.85928524085466e-07,-1.0652644360316953e-06,-2.3841856601089893e-07,1.9198571171876913,0.5999999757035738,0.9000000000000002,0.0
93,2774,-283.8007,391.69916,-0.011195793,8.974057e-08,7.264688e-08,5.0258636e-06,5.027189672546228e-06,-1.0652644360316953e-06,-2.3841856601089893e-07,1.9198571171876913,0.5999997486405164,0.9500000000000003,0.0
94,2774,-283.8007,391.69916,-0.011195793,4.10301e-08,5.3827744e-08,5.073547e-06,5.073998636362376e-06,-1.0652644360316953e-06,-2.3841856601089893e-07,1.9198571171876913,0.5999997463000682,1.0,0.0
95,2774,-283.8007,391.69916,-0.01119461,6.716054e-08,4.6248687e-08,3.5762787e-06,3.5772081901086494e-06,-1.0652644360316953e-06,-2.3841856601089893e-07,1.9198571171876913,0.5999998211395905,1.0,0.0
96,2774,-283.8007,391.69916,-0.01119461,2.2627015e-08,3.3538942e-08,3.5333633e-06,3.5335947359271813e-06,-1.0652644360316953e-06,-2.3841856601089893e-07,1.9198571171876913,0.5999998233202632,1.0,0.0
97,2774,-283.80063,391.7009,-0.011213226,0.038215194,0.17137209,1.7499923e-06,0.17558130621910095,-8.468851453719711e-05,-4.589557217924621e-05,1.9192379322342479,0.591220934689045,0.95,0.0
98,2774,-283.7981,391.71848,-0.011329804,0.14875928,0.4982589,3.3426284e-06,0.5199915766716003,-0.0006998787344728238,-0.0003234147769204406,1.9126652506639323,0.57400042116642,0.8999999999999999,0.0
99,2774,-283.79248,391.74936,-0.011435165,0.24151696,0.75125736,-3.8242338e-06,0.7891248464584351,-0.0012362389879032945,-0.0005750655548044896,1.9011492094782116,0.5605437576770783,0.8499999999999999,0.0
100,2774,-283.78473,391.7908,-0.011503524,0.29472545,0.95368505,-4.5681e-06,0.9981874823570251,-0.001505751020256476,-0.0007377862578542822,1.8864304507655618,0.5500906258821487,0.7999999999999998,0.0
101,2774,-283.77585,391.84103,-0.011539459,0.33046427,1.1160597,6.7710874e-07,1.1639569997787476,-0.0015563512110051442,-0.0008229016925236229,1.8695516020927485,0.5418021500110627,0.7499999999999998,0.0
102,2774,-283.7668,391.8965,-0.011478462,0.31324118,1.1447697,0.00084273337,1.1868523359298706,-0.001367266903646681,-0.0007935761667437959,1.8517487696797323,0.5406573832035065,0.6999999999999997,0.0
103,0,-283.7584,391.95166,-0.011393585,0.299205,1.1466374,0.00023892878,1.1850321292877197,-0.001022120901279505,-0.0006471872210566166,1.8348921584020212,0.540748393535614,0.6499999999999997,0.0
104,0,-283.75052,392.0076,-0.011333198,0.2783391,1.1615696,-1.9636154e-05,1.1944524049758911,-0.0007233143570097772,-0.0005123615049608714,1.8189482124298804,0.5402773797512055,0.5999999999999996,0.0
105,0,-283.74344,392.06458,-0.011292686,0.25433838,1.1759753,-0.00011372566,1.2031649351119995,-0.0004761732029061678,-0.0004070997052732924,1.8040138708269886,0.5398417532444001,0.5499999999999996,0.0
106,0,-283.73715,392.12256,-0.011265946,0.23078357,1.1927541,-0.00012831688,1.2148759365081787,-0.0002828277077664151,-0.0003281831421451666,1.7901847410764797,0.5392562031745911,0.4999999999999996,0.0
107,0,-283.73172,392.18176,-0.011250953,0.20395204,1.2187605,-0.00011643886,1.2357077598571777,-0.00013369069484930041,-0.000277638412246348,1.777310887208982,0.5382146120071412,0.4499999999999996,0.0
108,0,-283.72733,392.24292,-0.011248474,0.1776622,1.2656261,-9.745121e-05,1.2780349254608154,-2.3968445747051813e-05,-0.00025939939981985805,1.7652708690787884,0.5360982537269593,0.39999999999999963,0.0
109,0,-283.72397,392.30728,-0.0112606045,0.14761917,1.3476998,-7.033348e-05,1.3557603359222412,4.1530155548470375e-05,-0.00027823447009042273,1.7540224755826208,0.532211983203888,0.34999999999999964,0.0
110,0,-283.72168,392.37955,-0.0113154985,0.13031973,1.5253574,-5.387306e-05,1.5309141874313354,2.985313734426791e-05,-0.00040125843592923193,1.7430615703261272,0.5234542906284333,0.29999999999999966,0.0
111,0,-283.72052,392.46042,-0.011379089,0.10914707,1.7639679,-3.8628576e-05,1.7673414945602417,3.8786971823539894e-06,-0.0005468129656532878,1.732520645573539,0.5116329252719879,0.24999999999999967,0.0
112,0,-283.72073,392.55222,-0.011446838,0.07143281,1.893696,-3.071785e-05,1.8950427770614624,-9.587386019777254e-06,-0.0007044076687719097,1.722270138537824,0.5052478611469269,0.19999999999999968,0.0
113,0,-283.7224,392.6479,-0.0114460755,0.027009653,1.9345943,-2.2377968e-05,1.934782862663269,8.469595103743339e-05,-0.0006994008479002632,1.7133074030472168,0.5032608568668365,0.1499999999999997,0.0
114,0,-283.72592,392.74503,-0.011411476,-0.026457604,1.9667987,-1.6307831e-05,1.9669766426086426,0.00022375518950812446,-0.0006154775289190721,1.7059622716027238,0.5016511678695679,0.09999999999999969,0.0
115,0,-283.73163,392.84418,-0.011378479,-0.088744655,2.0099607,-8.974075e-06,2.011918783187866,0.00036950826972482765,-0.0005356073057497173,1.7004998618908622,0.49940406084060673,0.049999999999999684,0.0
116,0,-283.73987,392.9458,-0.011355018,-0.16017893,2.0597703,-5.455017e-06,2.0659890174865723,0.0005135202986261043,-0.00047874449274086907,1.6970296298324345,0.4967005491256714,-3.191891195797325e-16,0.0
117,0,-283.7511,393.05008,-0.0113403695,-0.24191912,2.1120741,-3.8623807e-06,2.1258838176727295,0.0006588461579997255,-0.0004428624932226733,1.6957072371931556,0.4937058091163635,-0.05000000000000032,0.0
118,0,-283.76547,393.15714,-0.011331176,-0.32952935,2.1641588,-2.0074845e-06,2.189103126525879,0.0007900002748094166,-0.00042092798718150123,1.6965040549913073,0.4905448436737061,-0.10000000000000032,0.0
119,0,-283.7835,393.26678,-0.011324653,-0.42683294,2.2124293,-5.588531e-06,2.2532265186309814,0.0009291342521393129,-0.00040507314111272897,1.69965217771589,0.48733867406845094,-0.15000000000000033,0.0
120,0,-283.80563,393.3788,-0.011318398,-0.5318875,2.2549548,-3.3855437e-07,2.3168351650238037,0.0010690727043756437,-0.0003900527760256613,1.7052501423272366,0.48415824174880984,-0.20000000000000034,0.0
121,0,-283.8321,393.49292,-0.011311302,-0.64420927,2.2898836,-4.982948e-06,2.3787753582000732,0.00120664916159048,-0.00037288663520921526,1.7133671910136892,0.48106123208999635,-0.25000000000000033,0.0
122,0,-283.86328,393.60867,-0.011302299,-0.7638356,2.3156586,-3.9720535e-06,2.438384771347046,0.001342005754402546,-0.0003516673985809329,1.7240601822645207,0.4780807614326477,-0.3000000000000003,0.0
123,0,-283.89963,393.7257,-0.011291313,-0.89048696,2.3307707,-3.98159e-06,2.495086908340454,0.0014759426014733284,-0.000325560552649819,1.7373841103562417,0.4752456545829773,-0.31997650629978003,0.0
124,0,-283.9407,393.8438,-0.011281547,-0.9938126,2.3525524,-8.010864e-07,2.5538532733917236,0.0015436461901074873,-0.0003020763287233433,1.7528638673503818,0.47230733633041383,-0.29192277715306286,0.0
125,0,-283.98474,393.96426,-0.011280403,-1.0341243,2.4057772,-4.6157834e-06,2.618621349334717,0.001406784027026821,-0.0002989768929527359,1.7686529505051345,0.4690689325332642,-0.2636003778881431,0.0
126,0,-284.03046,394.08762,-0.011284141,-1.0544242,2.465316,1.411438e-06,2.6813416481018066,0.001160384019731459,-0.0003077983539892982,1.783675975372326,0.4659329175949097,-0.237249661969056,0.0
127,0,-284.07742,394.2139,-0.011288299,-1.0680947,2.5240326,6.4849854e-07,2.7407238483428955,0.0009074452887704232,-0.0003173351169480408,1.7976802079645076,0.46296380758285527,-0.21322785707588882,0.0
128,0,-284.1255,394.343,-0.0112903975,-1.0796372,2.5799356,1.6880035e-06,2.796727418899536,0.0006903111201972539,-0.0003228187515856565,1.8106426119382504,0.4601636290550232,-0.19144639486712933,0.0
129,0,-284.17462,394.4748,-0.011290703,-1.0903964,2.6326706,3.504753e-06,2.8495473861694336,0.0005168816292421912,-0.0003234147769204406,1.8225936804880354,0.4575226306915283,-0.17173580485351603,0.0
130,0,-284.22467,394.60904,-0.011289215,-1.1007795,2.6823173,2.1600722e-06,2.8994035720825195,0.0003827428669671792,-0.0003199577064433884,1.8335784210362853,0.45502982139587406,-0.15392788715732922,0.0
131,1,-284.2756,394.74567,-0.011286354,-1.1109158,2.7290273,2.8419495e-06,2.946476459503174,0.0002805687021777014,-0.00031316277705809893,1.8436514283853465,0.4526761770248413,-0.137855497543845,0.0
132,1,-284.3275,394.8844,-0.011282615,-1.1208185,2.7729855,4.6253203e-07,2.990933418273926,0.00020337953646292885,-0.0003039836813150918,1.8528647673345302,0.45045332908630376,-0.1233545089596487,0.0
133,1,-284.38022,395.02524,-0.011278076,-1.1304677,2.814375,1.3399124e-06,3.0329298973083496,0.0001452941790698824,-0.00029349325831512025,1.8612727663700737,0.44835350513458255,-0.11029861141771474,0.0
134,1,-284.43378,395.168,-0.011273193,-1.139863,2.8533504,5.0926205e-06,3.072604179382324,0.00010175507126905838,-0.00028181075213628984,1.8689300202943242,0.4463697910308838,-0.09854756871653154,0.0
135,1,-284.48804,395.31256,-0.01126789,-1.1489806,2.8900642,-4.4822693e-07,3.1100847721099854,6.928305252040772e-05,-0.0002696513996821997,1.8758883275904832,0.44449576139450075,-0.08799188544185439,0.0
136,1,-284.54306,395.45886,-0.011262779,-1.1578214,2.9246478,-1.4162064e-06,3.145491361618042,4.513980838119014e-05,-0.00025737283565929454,1.8822005520061889,0.4427254319190979,-0.0785132015668031,0.0
137,1,-284.5988,395.60678,-0.011257553,-1.1663773,2.9572334,1.66893e-07,3.178941011428833,2.7336806497241786e-05,-0.00024497507632221984,1.887916228337717,0.4410529494285584,-0.07001153150508145,0.0
138,1,-284.65512,395.75616,-0.01125248,-1.174643,2.9879446,-2.670288e-07,3.210545063018799,1.4326781402872415e-05,-0.00023281572386812965,1.8930832934846888,0.43947274684906007,-0.062395787589462355,0.0
139,1,-284.71213,395.907,-0.0112475585,-1.18262,3.0168834,-1.0585785e-06,3.2403974533081055,4.946719828514303e-06,-0.00022089479455166938,1.897746621711472,0.43798012733459474,-0.055576410173804235,0.0
140,1,-284.76974,396.05923,-0.011242676,-1.1903038,3.0441606,-7.6770783e-07,3.2685985565185547,-1.5979093529892032e-06,-0.0002094507115104689,1.9019492230696715,0.4365700721740723,-0.04947672198367256,0.0
141,1,-284.8279,396.21268,-0.011237907,-1.1976988,3.0698733,-1.6450881e-06,3.2952396869659424,-6.391593727597502e-06,-0.0001983642469210679,1.9057322433981292,0.4352380156517029,-0.044024010910786504,0.0
142,1,-284.88657,396.36734,-0.011233406,-1.2048051,3.0941117,-2.503395e-06,3.320404052734375,-9.587382972031256e-06,-0.00018775462860692673,1.9091331001101604,0.4339797973632813,-0.039158078484250375,0.0
143,1,-284.94574,396.5231,-0.011229439,-1.211638,3.116964,-2.207756e-06,3.3441786766052246,-1.1185270482840804e-05,-0.0001776218240587547,1.9121865474579907,0.4327910661697388,-0.03481367838884902,0.0
144,1,-285.00534,396.6799,-0.011225319,-1.2181884,3.1385086,-3.6764145e-06,3.366633176803589,-1.2250535934787832e-05,-0.0001679658820404878,1.91492480969081,0.43166834115982056,-0.030942534423477285,0.0
145,1,-285.06543,396.83777,-0.011221542,-1.224474,3.158827,-1.5211104e-06,3.3878495693206787,-1.278316510505768e-05,-0.0001589059816116503,1.9173790457933726,0.4306075215339661,-0.027489979925470174,0.0
146,1,-285.12592,396.99658,-0.0112177655,-1.2304913,3.1779897,-1.3923644e-06,3.4078919887542725,-1.2783173232380344e-05,-0.00015020369963461233,1.919576420008797,0.4296054005622864,-0.02441582308109206,0.0
147,1,-285.18674,397.15628,-0.011214333,-1.2362503,3.1960628,-2.8610229e-08,3.4268252849578857,-1.2783173232380344e-05,-0.0001418590523640192,1.9215415665771665,0.4286587357521057,-0.021683966542899915,0.0
148,1,-285.24802,397.31683,-0.011210975,-1.2417667,3.213109,-9.1075896e-07,3.444714069366455,-1.2250547109856493e-05,-0.00013411044668285547,1.9232983207902372,0.42776429653167725,-0.019246226296395295,0.0
149,1,-285.3096,397.47815,-0.0112079615,-1.2470288,3.2291958,3.1471252e-06,3.461616277694702,-1.1185270482840804e-05,-0.0001268386791496289,1.9248675884625663,0.4269191861152649,-0.01707986994551664,0.0
150,1,-285.37152,397.64026,-0.011205024,-1.252054,3.2443745,3.862381e-07,3.477586030960083,-1.0652645376232286e-05,-0.00011980532662670955,1.9262689438281662,0.42612069845199585,-0.015153485337377245,0.0
151,1,-285.43378,397.80304,-0.011202354,-1.2568482,3.2586985,2.3126602e-06,3.492675542831421,-1.0120012142301106e-05,-0.00011324882037905,1.9275179663794133,0.42536622285842896,-0.013439214469990393,0.0
152,1,-285.49628,397.96655,-0.011199531,-1.2614143,3.2722173,3.2663345e-06,3.506932020187378,-9.054746690354077e-06,-0.00010704993258318995,1.928631833505339,0.42465339899063115,-0.011921245628517693,0.0
153,1,-285.55905,398.1306,-0.011197243,-1.2657734,3.2849767,-1.2731551e-06,3.5204055309295654,-8.522117520084227e-06,-0.00010120867949377476,1.929624526801666,0.42397972345352175,-0.01057013567399295,0.0
154,1,-285.62207,398.29538,-0.011194992,-1.269922,3.2970238,-1.2683868e-06,3.5331385135650635,-7.456855623840865e-06,-9.560584141466681e-05,1.9305080304932998,0.42334307432174684,-0.009375809026053599,0.0
155,1,-285.68533,398.46057,-0.011192513,-1.2738807,3.3083966,-1.3542175e-06,3.5451741218566895,-6.924215786460021e-06,-9.03606380420037e-05,1.931294994595418,0.4227412939071655,-0.008310608814708813,0.0
156,1,-285.74887,398.62643,-0.011190529,-1.2776402,3.3191354,-9.5367426e-08,3.556546688079834,-6.391586616190172e-06,-8.54730531211401e-05,1.931995405962109,0.4221726655960083,-0.007365457497861757,0.0
157,1,-285.8126,398.79276,-0.01118866,-1.2812145,3.329278,-3.0994414e-07,3.567296266555786,-5.326324211989142e-06,-8.070468789641413e-05,1.9326188519732965,0.4216351866722107,-0.006527363976475672,0.0
158,1,-285.8765,398.9596,-0.0111867525,-1.2846127,3.3388574,1.7166137e-07,3.5774569511413574,-4.793691486015628e-06,-7.641315269230261e-05,1.933173055796142,0.42112715244293214,-0.005787332416906117,0.0
159,1,-285.9406,399.12683,-0.011185073,-1.2878474,3.3479018,-4.7206876e-07,3.587059736251831,-4.261055204338449e-06,-7.224082905700604e-05,1.9336652079655887,0.4206470131874085,-0.005127950378124013,0.0
160,1,-286.00488,399.29456,-0.011183395,-1.290917,3.3564496,-5.38826e-07,3.596139669418335,-3.7284260340686e-06,-6.830692043201672e-05,1.9341035642810158,0.42019301652908325,-0.004546460186260237,0.0
161,1,-286.0694,399.46265,-0.011181793,-1.2938377,3.3645227,-8.1062313e-07,3.6047232151031494,-3.7284260340686e-06,-6.461143088099594e-05,1.9344927852743308,0.41976383924484256,-0.004023138288952509,0.0
162,1,-286.134,399.63116,-0.011180267,-1.2965965,3.3721533,-1.0251998e-06,3.612835645675659,-3.195793308095086e-06,-6.115436040394374e-05,1.934837930951605,0.41935821771621706,-0.0035674524029289012,0.0
163,1,-286.1988,399.8,-0.01117897,-1.2992257,3.37936,-1.3208389e-06,3.6205055713653564,-2.6631585502909062e-06,-5.781650149570649e-05,1.9351448602672368,0.4189747214317322,-0.0031580092171385175,0.0
164,1,-286.2637,399.96918,-0.011177597,-1.3017137,3.386173,-1.7929077e-06,3.6277577877044678,-2.6631603281427384e-06,-5.4597850092622854e-05,1.935417567962861,0.41861211061477666,-0.0027973333872852906,0.0
165,1,-286.32877,400.13873,-0.0111763,-1.3040757,3.3926096,-2.0551681e-06,3.634613275527954,-2.130529380021057e-06,-5.173682933232273e-05,1.935659116673731,0.4182693362236023,-0.002478142487965063,0.0
166,1,-286.39392,400.3086,-0.01117527,-1.3063179,3.3986952,1.4305114e-08,3.6410982608795166,-2.1305276021692246e-06,-4.899501607717623e-05,1.935873900615646,0.41794508695602417,-0.002198174414648315,0.0
167,1,-286.45926,400.47867,-0.01117424,-1.3084494,3.404443,-2.69413e-06,3.6472280025482178,-1.597896654047543e-06,-4.6372410327183346e-05,1.9360645829496956,0.4176385998725891,-0.0019407775665301744,0.0
168,1,-286.52463,400.64902,-0.011173057,-1.3104533,3.4098797,-1.8024444e-06,3.6530215740203857,-1.597896654047543e-06,-4.386901614600541e-05,1.9362334273628066,0.4173489212989807,-0.0017207964454454144,0.0
169,1,-286.59018,400.81973,-0.011172027,-1.3123627,3.4150155,-1.1157989e-06,3.6585006713867188,-1.597894749206294e-06,-4.160404103879603e-05,1.9363832301741235,0.4170749664306641,-0.0015222746940927406,0.0
170,1,-286.65576,400.99066,-0.011171265,-1.3141693,3.4198744,-6.67572e-08,3.663684368133545,-1.0652638010846123e-06,-3.9339061867925324e-05,1.9365163882286276,0.4168157815933228,-0.0013518766861243074,0.0
171,1,-286.72153,401.16174,-0.0111702345,-1.3158894,3.4244618,-5.340576e-07,3.668583393096924,-1.0652638010846123e-06,-3.7193294265869567e-05,1.9366344994229725,0.41657083034515385,-0.0011883892108683646,0.0
172,1,-286.7873,401.3332,-0.01116951,-1.3174988,3.4288094,-2.2649765e-06,3.6732189655303955,-1.0652655789364447e-06,-3.5166738232628756e-05,1.9367386290215947,0.41633905172348024,-0.0010592011831939837,0.0
173,1,-286.85318,401.50467,-0.011168556,-1.3190463,3.4329085,-1.3160706e-06,3.677600383758545,-1.0652638010846123e-06,-3.337859924152585e-05,1.9368309075533658,0.4161199808120728,-0.0009338023237828736,0.0
174,1,-286.91916,401.6765,-0.011167945,-1.320499,3.4367921,1.2969971e-06,3.681746482849121,-5.326319005423062e-07,-3.159046025042294e-05,1.9369131992310493,0.415912675857544,-0.0008274007614252735,0.0
175,1,-286.98514,401.84842,-0.011167221,-1.3218788,3.4404604,-2.670288e-07,3.6856658458709717,-5.326319005423062e-07,-2.9921530796304317e-05,1.9369856372126995,0.4157167077064514,-0.0007370669973835594,0.0
176,1,-287.05127,402.02063,-0.011166649,-1.3231955,3.4439275,-1.7213821e-06,3.6893742084503174,-5.326327894682224e-07,-2.8371808847339306e-05,1.9370506183432974,0.41553128957748414,-0.0006527496160132593,0.0
177,1,-287.11746,402.19287,-0.011165885,-1.3244358,3.447207,-1.5115737e-06,3.692880392074585,-5.326327894682224e-07,-2.6822088930204965e-05,1.9371074768325707,0.41535598039627075,-0.0005734112765475183,0.0
178,1,-287.18365,402.3653,-0.011165352,-1.3255998,3.450312,-3.581047e-06,3.6961963176727295,-5.326319005423062e-07,-2.5510786055208518e-05,1.9371587426835546,0.41519018411636355,-0.0005100928879132816,0.0
179,1,-287.24997,402.53796,-0.011164627,-1.3267113,3.453245,-3.3664703e-06,3.6993327140808105,-5.326319005423062e-07,-2.4080275675058458e-05,1.937203217473759,0.4150333642959595,-0.00045246806951633846,0.0
180,1,-287.31638,402.71066,-0.011164283,-1.3277634,3.4560192,-1.3494491e-06,3.7022998332977295,-5.326309798690357e-07,-2.2888182337046298e-05,1.9372432980481646,0.41488500833511355,-0.00039057694975031725,0.0
181,1,-287.38278,402.88358,-0.01116375,-1.3287396,3.4586513,-1.0633469e-06,3.7051069736480713,-5.326319005423062e-07,-2.1696088999034136e-05,1.9372785849326082,0.41474465131759647,-0.000345427398249593,0.0
182,1,-287.44916,403.05664,-0.011163253,-1.3296759,3.461136,-6.7710874e-07,3.7077622413635254,-5.326327894682224e-07,-2.0623205198006257e-05,1.937308944969035,0.41461188793182374,-0.0003187294843041256,0.0
183,1,-287.51566,403.22968,-0.01116272,-1.3305914,3.4634755,-5.769729e-07,3.7102744579315186,0.0,-1.9550323428809045e-05,1.9373366418443718,0.4144862771034241,-0.0002780179990892098,0.0
184,1,-287.58224,403.4029,-0.011162414,-1.3314337,3.4656966,-3.3855437e-07,3.7126498222351074,0.0,-1.8596647132934783e-05,1.9373616755586187,0.41436750888824464,-0.00023776179590229526,0.0
185,1,-287.64883,403.57632,-0.011161881,-1.332217,3.467805,-3.7193297e-07,3.7148988246917725,0.0,-1.7642974900721855e-05,1.9373823150570668,0.4142550587654114,-0.000214611932577624,0.0
186,1,-287.71545,403.74976,-0.011161613,-1.3329765,3.4697897,-1.7452239e-06,3.7170238494873047,-9.094946518360097e-13,-1.6689299620762925e-05,1.9374017561330243,0.41414880752563477,-0.0001888481353228664,0.0
187,1,-287.78204,403.9232,-0.011161308,-1.3336908,3.4716694,5.7220458e-08,3.7190346717834473,-4.5474732591800486e-13,-1.573562535671933e-05,1.9374181345737282,0.41404826641082765,-0.00017163681941728082,0.0
188,1,-287.84875,404.09683,-0.011161041,-1.3343761,3.4734433,-1.3542175e-06,3.7209362983703613,0.0,-1.5020369150728967e-05,1.9374331814338872,0.41395318508148193,-0.0001503757619079545,0.0
189,1,-287.91553,404.27066,-0.011160545,-1.3350171,3.475125,-1.3160706e-06,3.722736120223999,0.0,-1.4305113960653935e-05,1.9374467635554466,0.41386319398880006,-0.00013242967451855452,0.0
190,1,-287.98233,404.4445,-0.011160392,-1.3356576,3.4767041,-1.4209747e-06,3.724440097808838,0.0,-1.3589858770578905e-05,1.9374590140964612,0.41377799510955815,-0.0001114417982274349,0.0
191,1,-288.04913,404.61832,-0.011160163,-1.3362029,3.4782317,-2.069473e-06,3.7260615825653076,0.0,-1.2874602564588543e-05,1.937469799898876,0.41369692087173465,-9.216289743598395e-05,0.0
192,1,-288.1159,404.79214,-0.011159668,-1.3367277,3.4796705,3.452301e-06,3.727592706680298,0.0,-1.2278555895582462e-05,1.9374784551724187,0.4136203646659851,-8.050015912329004e-05,0.0
193,1,-288.1827,404.96616,-0.011159591,-1.337235,3.4810224,-1.7976761e-06,3.729036569595337,0.0,-1.1682510242491714e-05,1.9374863114976344,0.41354817152023315,-7.663937373211795e-05,0.0
194,1,-288.2495,405.14038,-0.011159286,-1.3377304,3.4822943,-2.0980835e-07,3.7304017543792725,0.0,-1.1086463573485634e-05,1.9374927030842506,0.4134799122810364,-8.934063039772809e-05,0.0
195,2,-288.31647,405.3146,-0.01115902,-1.3382347,3.4834828,-8.5830686e-07,3.731691837310791,0.0,-1.0490416904479553e-05,1.9374989615128122,0.4134154081344605,0.01118599682446547,0.0
196,2,-288.38284,405.48904,-0.011158676,-1.3169969,3.4926682,4.7683713e-08,3.7327218055725098,-5.2197949238230406e-05,-9.894370235473473e-06,1.9370739210028356,0.41336390972137455,0.01077633126482738,0.0
197,2,-288.44876,405.66364,-0.011158523,-1.3099966,3.496502,-4.0531157e-07,3.7338473796844482,-8.6286403063922e-05,-9.298323566467392e-06,1.9363174500951985,0.4133076310157776,0.009861863716334086,0.0
198,2,-288.5145,405.8385,-0.011158294,-1.3077943,3.4985063,-9.441375e-07,3.734952926635742,-8.841694819063071e-05,-8.821487450360928e-06,1.93551304228794,0.4132523536682129,0.008845912170442479,0.0
199,2,-288.58026,406.0134,-0.011158028,-1.3073262,3.499806,-4.339218e-07,3.736006259918213,-7.669905564892738e-05,-8.344649810381463e-06,1.9347521771645044,0.4131996870040894,0.007892665177491397,0.0
200,2,-288.64597,406.18826,-0.011157951,-1.3074496,3.500822,-6.580353e-07,3.737001419067383,-6.178533322617699e-05,-7.987021707386282e-06,1.934060287913302,0.4131499290466309,0.007025269035502542,0.0
201,2,-288.71164,406.3632,-0.011157875,-1.3077731,3.5017064,-6.198883e-07,3.737943172454834,-4.740426740341044e-05,-7.748603649333049e-06,1.933440437169586,0.41310284137725833,0.006246721265994767,0.0
202,2,-288.77728,406.53812,-0.01115776,-1.3081521,3.502515,-4.529953e-07,3.73883318901062,-3.621898676141631e-05,-7.390975546337867e-06,1.93288769808534,0.413058340549469,0.005553732775614327,0.0
203,2,-288.8429,406.71304,-0.011157722,-1.308529,3.5032682,-1.926422e-06,3.739670515060425,-2.716424311880823e-05,-7.033347443342685e-06,1.9323956790739478,0.4130164742469788,0.004937610570603881,0.0
204,2,-288.9085,406.88803,-0.0111575695,-1.308887,3.5039816,-9.679794e-07,3.740464210510254,-2.0240022252771545e-05,-6.7949293852894525e-06,1.9319575890746299,0.41297678947448735,0.004390430541422631,0.0
205,2,-288.9741,407.0634,-0.01115734,-1.3092198,3.5046563,4.7206876e-07,3.7412126064300537,-1.4913702104443734e-05,-6.4373012822942715e-06,1.9315681017652058,0.4129393696784973,0.0038795454183193512,0.0
206,2,-289.03967,407.2387,-0.011157302,-1.3095767,3.5052783,1.7166137e-07,3.741920232772827,-1.1185275562417467e-05,-6.198882716283372e-06,1.93122202398155,0.41290398836135866,0.003428114643803313,0.0
207,2,-289.1052,407.41406,-0.011156998,-1.3099191,3.5058641,-1.1205673e-06,3.742588758468628,-7.989483270237714e-06,-5.841255121245857e-06,1.9309164262464633,0.41287056207656864,0.0030168704829730843,0.0
208,2,-289.17075,407.58942,-0.011156921,-1.3102635,3.506413,-1.540184e-06,3.7432236671447754,-5.326321164243144e-06,-5.6028360472772914e-06,1.9306463817119293,0.41283881664276123,0.002657833325660322,0.0
209,2,-289.2364,407.76477,-0.011156845,-1.3105813,3.5069323,-8.487701e-07,3.743821144104004,-3.728425018153267e-06,-5.3644179892240595e-06,1.9304078956363129,0.41280894279479985,0.0023582155836059733,0.0
210,2,-289.3021,407.94016,-0.01115673,-1.3108429,3.5074387,-1.9073485e-07,3.744387149810791,-2.663160836100405e-06,-5.125998915255494e-06,1.9301983048585236,0.41278064250946045,0.0021076352461042096,0.0
211,2,-289.3678,408.1155,-0.01115673,-1.3110474,3.507932,-5.00679e-07,3.7449209690093994,-1.5978965270581263e-06,-4.887580857202261e-06,1.9300112177919455,0.41275395154953004,0.0018907165631929167,0.0
212,2,-289.4335,408.29086,-0.011156616,-1.311216,3.5084093,1.9073485e-07,3.745426893234253,-1.0652644360316953e-06,-4.649161783233696e-06,1.9298439712754885,0.4127286553382874,0.0017018728152471134,0.0
213,2,-289.49918,408.46625,-0.011156501,-1.3113571,3.5088668,-1.6450881e-06,3.7459049224853516,-1.0652642455475704e-06,-4.529952754207079e-06,1.929693768990008,0.41270475387573247,0.0015282465159920974,0.0
214,2,-289.56485,408.6416,-0.011156463,-1.311493,3.5092983,-1.3971328e-06,3.746356725692749,-1.0652642455475704e-06,-4.291534188196181e-06,1.92955901303885,0.4126821637153626,0.0013793012630803451,0.0
215,2,-289.63052,408.817,-0.01115631,-1.3113215,3.5098207,-4.9114226e-07,3.746786117553711,-1.5978964000687097e-06,-4.053115622185282e-06,1.9294318470967988,0.4126606941223145,0.0012397000334424173,0.0
216,2,-289.6962,408.99234,-0.01115631,-1.3116193,3.5101454,-1.6069412e-06,3.747194528579712,-1.0652642455475704e-06,-3.933906339179833e-06,1.9293177306440887,0.4126402735710144,0.001122220787647962,0.0
217,2,-289.76187,409.16772,-0.011156197,-1.3117661,3.5105026,2.1982194e-06,3.7475805282592773,-1.0652642455475704e-06,-3.814697056174383e-06,1.9292177289451564,0.41262097358703614,0.0010229455827062048,0.0
218,2,-289.8275,409.34308,-0.01115612,-1.3118576,3.510855,-7.9631803e-07,3.7479424476623535,-5.326322180158476e-07,-3.6954877731689336e-06,1.9291282467325297,0.41260287761688236,0.0009350218451322766,0.0
219,2,-289.8932,409.51846,-0.01115612,-1.3119278,3.5111952,-2.479553e-07,3.7482857704162598,-5.326322180158476e-07,-3.5762784901634838e-06,1.9290464876870643,0.41258571147918705,0.0008651712956262163,0.0
220,2,-289.95883,409.69385,-0.01115612,-1.3119695,3.511526,-5.2452087e-08,3.748610258102417,-5.326321227737852e-07,-3.337859924152585e-06,1.928971652860433,0.4125694870948792,0.0007988553988406724,0.0
221,2,-290.02448,409.86942,-0.011156044,-1.3120067,3.511839,-4.2915343e-07,3.7489163875579834,-1.065264372536987e-06,-3.2186506411471357e-06,1.928902943304309,0.41255418062210086,0.0007226226100466064,0.0
222,2,-290.09012,410.04514,-0.011155968,-1.3119234,3.51218,-1.9073486e-06,3.749206781387329,-1.0652644360316953e-06,-3.099441358141686e-06,1.9288366305931661,0.41253966093063354,0.0006325996580184063,0.0
223,2,-290.1558,410.22092,-0.011156044,-1.3121264,3.5124006,2.388954e-06,3.7494845390319824,-1.065264372536987e-06,-2.9802320751362366e-06,1.9287775084169663,0.4125257730484009,0.0005543627074968643,0.0
224,2,-290.22144,410.3967,-0.011155777,-1.3122663,3.5126271,1.9073486e-08,3.7497456073760986,-5.326322180158476e-07,-2.8610227921307873e-06,1.9287266420401457,0.41251271963119507,0.00047605772948462613,0.0
225,2,-290.28708,410.57248,-0.011155891,-1.3124032,3.5128384,-2.9706955e-06,3.7499914169311523,-1.1368683147950121e-13,-2.8610227921307873e-06,1.9286837651465956,0.4125004291534424,0.0004069564513112731,0.0
226,2,-290.35272,410.74826,-0.0111557,-1.3125349,3.5130377,-1.4972686e-06,3.7502241134643555,3.0572662362992095e-08,-2.741813509125338e-06,1.9286462145752254,0.41248879432678226,0.00034331629487723215,0.0
227,3,-290.41837,410.92404,-0.011155509,-1.3126649,3.513223,4.7683713e-08,3.75044322013855,2.2890775714912165e-07,-2.622604226119888e-06,1.9286142566421445,0.41247783899307255,0.01576769157695295,0.0
228,3,-290.48325,411.09995,-0.011155471,-1.2830238,3.5240166,2.7179717e-06,3.750312566757202,-7.084006874146241e-05,-2.2649763771035397e-06,1.9280042595944618,0.4124843716621399,0.015360687604561062,0.0
229,3,-290.5475,411.27612,-0.011155586,-1.2723211,3.5280504,-2.4080275e-06,3.7504587173461914,-0.00011930960058090454,-1.9073485280871915e-06,1.9269263451432521,0.4124770641326905,0.014167990840207813,0.0
230,3,-290.61145,411.45248,-0.011155433,-1.2684078,3.5296848,4.7206876e-07,3.750670909881592,-0.00012410329867036985,-1.7881392450817419e-06,1.9257731963912479,0.41246645450592045,0.012798467795874593,0.0
231,3,-290.6753,411.6289,-0.011155471,-1.2670128,3.5304136,-2.4652481e-06,3.750885486602783,-0.00010865694809326493,-1.9073485280871915e-06,1.9246757077060261,0.4124557256698609,0.011472504495330446,0.0
232,3,-290.73898,411.8053,-0.011155395,-1.266567,3.5307894,-1.7642975e-07,3.7510886192321777,-8.788429971796953e-05,-1.9073485280871915e-06,1.9236723617653388,0.41244556903839114,0.010237237015595901,0.0
233,3,-290.80264,411.98175,-0.011155509,-1.2665076,3.5310094,-9.1075896e-07,3.7512757778167725,-6.870954799672169e-05,-1.9073485280871915e-06,1.9227696833138566,0.4124362111091614,0.009125567938452435,0.0
234,3,-290.86624,412.1582,-0.011155471,-1.2665781,3.53117,-6.1035155e-07,3.751450538635254,-5.219795330189174e-05,-1.9073485280871915e-06,1.921961813397181,0.41242747306823735,0.008125418411698056,0.0
235,3,-290.9298,412.33463,-0.011155471,-1.2666984,3.5313003,-1.5735625e-07,3.7516138553619385,-3.9414784133172726e-05,-1.9073485280871915e-06,1.9212411620062055,0.4124193072319031,0.007239740667626294,0.0
236,3,-290.99335,412.5111,-0.011155395,-1.2668133,3.531419,-1.0061264e-06,3.7517642974853516,-2.9827402177056802e-05,-1.9073485280871915e-06,1.9205988075512783,0.41241178512573246,0.006444045423396214,0.0
237,3,-291.05685,412.68762,-0.011155319,-1.2669313,3.5315259,-3.0136107e-06,3.7519047260284424,-2.2370555188496265e-05,-1.9073485280871915e-06,1.9200262279169114,0.4124047636985779,0.005729190937780677,0.0
238,4,-291.12033,412.8641,-0.011155395,-1.2670548,3.5316238,-4.4822693e-07,3.7520387172698975,-1.6511598758491276e-05,-1.9073485280871915e-06,1.9195167652003793,0.41239806413650515,0.013823520527020797,0.0
239,4,-291.1835,413.04077,-0.011155357,-1.250214,3.5376031,-1.0490418e-06,3.7520222663879395,-5.273058551990759e-05,-1.6689299620762925e-06,1.9187282032016069,0.41239888668060304,0.013063344260944054,0.0
240,4,-291.24622,413.21756,-0.011155243,-1.2442553,3.539809,-1.926422e-06,3.752121925354004,-7.669903939428206e-05,-1.549720679070843e-06,1.9177277867381184,0.41239390373229984,0.011908312931013154,0.0
241,4,-291.30878,413.3944,-0.011155243,-1.2420919,3.5406995,-1.1157989e-06,3.7522451877593994,-7.669903939428206e-05,-1.549720679070843e-06,1.9167285686971207,0.41238774061203004,0.010718349650479764,0.0
242,4,-291.37125,413.5712,-0.011155167,-1.2413154,3.5411031,-3.1995773e-06,3.7523694038391113,-6.657902318831962e-05,-1.549720679070843e-06,1.9157992586347377,0.41238152980804443,0.009610386096450724,0.0
243,4,-291.4337,413.74805,-0.011155243,-1.241039,3.5413218,-2.0122527e-06,3.752484083175659,-5.379584995593928e-05,-1.549720679070843e-06,1.9149550365691825,0.4123757958412171,0.008608737994253237,0.0
244,4,-291.4961,413.92487,-0.011155357,-1.2409393,3.5414712,-2.5463103e-06,3.7525923252105713,-4.2077941159590634e-05,-1.549720679070843e-06,1.91419603565851,0.41237038373947144,0.007723487398473517,0.0
245,4,-291.5585,414.10175,-0.011155357,-1.2408738,3.5415993,-2.3984908e-06,3.7526915073394775,-3.2490565298966704e-05,-1.549720679070843e-06,1.9135147990516677,0.41236542463302617,0.00694495093497054,0.0
246,4,-291.62082,414.27863,-0.011155319,-1.2407937,3.5417247,-7.9154967e-07,3.7527832984924316,-2.5033712214914173e-05,-1.549720679070843e-06,1.9129022720009494,0.41236083507537846,0.006235830686026621,0.0
247,4,-291.68317,414.4555,-0.011155167,-1.2407339,3.5418365,-2.1457672e-07,3.752869129180908,-1.9174759848570515e-05,-1.549720679070843e-06,1.91235179660363,0.41235654354095463,0.00563183644949892,0.0
248,5,-291.74545,414.6324,-0.011155205,-1.2406197,3.5419607,-1.0728836e-06,3.752948522567749,-1.5446333306544248e-05,-1.549720679070843e-06,1.9118564486408753,0.41235257387161256,0.009542175789619151,0.0
249,5,-291.80746,414.80957,-0.011155281,-1.2318202,3.5450583,-3.3807753e-06,3.75297474861145,-3.3023191421490555e-05,-1.4305113960653936e-06,1.9112377963196499,0.4123512625694275,0.008876978831217743,0.0
250,5,-291.86926,414.9868,-0.011155243,-1.228744,3.546192,-2.2411346e-07,3.753037452697754,-4.4208474095315355e-05,-1.311302113059944e-06,1.9105313928405063,0.41234812736511234,0.008047708198693583,0.0
251,5,-291.93094,415.16406,-0.011155205,-1.2276382,3.5466511,-5.7220456e-07,3.7531094551086426,-4.3143201531961e-05,-1.311302113059944e-06,1.9098460283339744,0.4123445272445679,0.0072140688287477255,0.0
252,5,-291.99252,415.34128,-0.011155243,-1.2272737,3.5468493,-3.0994414e-07,3.7531774044036865,-3.6751623043093484e-05,-1.311302113059944e-06,1.9092161907361707,0.4123411297798157,0.00643863839665669,0.0
253,5,-292.05405,415.51855,-0.011155319,-1.2271905,3.5469472,-1.8978119e-06,3.7532427310943604,-2.929477199087162e-05,-1.311302113059944e-06,1.9086473395273298,0.412337863445282,0.005722868808984955,0.0
254,5,-292.1156,415.69586,-0.0111551285,-1.2272375,3.5469966,-1.0585785e-06,3.7533047199249268,-2.290318537468145e-05,-1.311302113059944e-06,1.9081389420752337,0.4123347640037537,0.005096187858510392,0.0
255,5,-292.1771,415.8731,-0.0111551285,-1.2272971,3.5470357,-4.339218e-07,3.753361225128174,-1.7044229960591793e-05,-1.311302113059944e-06,1.9076860715318658,0.4123319387435913,0.004533181464900376,0.0
256,5,-292.2386,416.05038,-0.0111551285,-1.2273659,3.547066,-4.816055e-07,3.7534122467041016,-1.2783174248295676e-05,-1.311302113059944e-06,1.9072830021008822,0.41232938766479493,0.004035351566206789,0.0
257,5,-292.30008,416.2277,-0.011155167,-1.227427,3.5470984,-3.6239624e-07,3.75346302986145,-9.587381956115922e-06,-1.311302113059944e-06,1.9069234753537216,0.4123268485069275,0.003594417459098719,0.0
258,5,-292.3615,416.405,-0.0111551285,-1.227477,3.5471294,-9.1075896e-07,3.7535085678100586,-6.92421731033302e-06,-1.311302113059944e-06,1.9066042954970754,0.4123245716094971,0.003185740066387214,0.0
259,6,-292.42297,416.5823,-0.011155052,-1.2275512,3.5471487,-5.0544736e-07,3.7535510063171387,-5.32632167220081e-06,-1.311302113059944e-06,1.9063202693668186,0.4123224496841431,0.005284679877333285,0.0
260,6,-292.48434,416.7596,-0.01115509,-1.2228185,3.548808,-9.346008e-07,3.753574848175049,-1.5446333306544248e-05,-1.311302113059944e-06,1.9059732594767813,0.4123212575912476,0.0049186635387534275,0.0
261,6,-292.54562,416.93686,-0.011155205,-1.2211484,3.5494204,3.2424927e-07,3.753610134124756,-2.1837920938649753e-05,-1.1920928300544947e-06,1.9055807095321036,0.4123194932937622,0.004480848394431077,0.0
262,6,-292.60684,417.11417,-0.0111551285,-1.2205033,3.5496821,3.7670134e-07,3.753647804260254,-2.1837918906819086e-05,-1.1920928300544947e-06,1.9051990785478952,0.41231760978698734,0.004040594836220222,0.0
263,6,-292.66794,417.29147,-0.011155167,-1.2202451,3.5498083,1.9073485e-07,3.753683090209961,-1.9174759848570515e-05,-1.1920928300544947e-06,1.9048470086517868,0.41231584548950195,0.00360809948333553,0.0
264,6,-292.72897,417.46878,-0.011155014,-1.2201799,3.5498679,2.7751921e-06,3.753718137741089,-1.5446335338374914e-05,-1.1920928300544947e-06,1.9045284945854133,0.4123140931129456,0.0032033834645592086,0.0
265,6,-292.79004,417.6461,-0.011155014,-1.2202072,3.549892,-6.580353e-07,3.7537500858306885,-1.1717906764517982e-05,-1.1920928300544947e-06,1.9042438026648838,0.4123124957084656,0.0028545949148887197,0.0
266,6,-292.85107,417.8234,-0.011155052,-1.2202374,3.5499158,3.709793e-06,3.753782272338867,-9.054746690354077e-06,-1.1920928300544947e-06,1.9039897370968903,0.4123108863830567,0.0025381192655477805,0.0
267,6,-292.9121,418.0007,-0.011155014,-1.2202772,3.5499318,-1.1014938e-06,3.753810405731201,-6.92421883420602e-06,-1.1920928300544947e-06,1.9037639010364515,0.41230947971343995,0.0022606835315331177,0.0
268,6,-292.9731,418.178,-0.011155014,-1.2203088,3.5499496,-1.3303757e-06,3.7538375854492188,-4.793689962142629e-06,-1.1920928300544947e-06,1.903562699216096,0.4123081207275391,0.002006049020188073,0.0
269,6,-293.03415,418.35535,-0.0111551285,-1.2203513,3.5499628,-7.867813e-07,3.75386381149292,-3.728425018153267e-06,-1.1920928300544947e-06,1.9033836016327883,0.412306809425354,0.0017899503279525835,0.0
270,7,-293.09512,418.53265,-0.01115509,-1.2203729,3.5499797,-5.7220456e-07,3.7538866996765137,-2.6631603281427384e-06,-1.1920928300544947e-06,1.9032240782834924,0.4123056650161743,0.002901108275336871,0.0
271,7,-293.15616,418.71002,-0.011155243,-1.2178371,3.5508661,-1.4066696e-06,3.753901720046997,-7.989483270237714e-06,-1.1920928300544947e-06,1.9030320643688978,0.4123049139976502,0.0027126626542913574,0.0
272,7,-293.21716,418.88776,-0.011155052,-1.2169133,3.5512066,-2.8610228e-07,3.7539241313934326,-1.1717906764517982e-05,-1.1920928300544947e-06,1.9028148835820018,0.4123037934303284,0.0024529386104702026,0.0
273,7,-293.2781,419.06546,-0.0111551285,-1.2165924,3.5513382,-1.4305114e-07,3.7539446353912354,-1.1717906764517982e-05,-1.1920928300544947e-06,1.9026054259622671,0.41230276823043827,0.0021908811771874093,0.0
274,7,-293.3389,419.24316,-0.011154976,-1.2165015,3.5513904,1.1682511e-06,3.75396466255188,-1.0120011126385772e-05,-1.0728835470490452e-06,1.9024126130993453,0.41230176687240605,0.0019053572671151257,0.0
275,7,-293.39972,419.4209,-0.011155052,-1.2165791,3.5513833,3.5285948e-06,3.7539827823638916,-7.989483270237714e-06,-1.0728835470490452e-06,1.9022416381573621,0.41230086088180545,0.0016518507574557932,0.0
276,7,-293.4605,419.59857,-0.01115509,-1.2167022,3.5513594,-1.0490418e-06,3.754000425338745,-5.858953890216658e-06,-1.0728835470490452e-06,1.9020919685040998,0.4122999787330628,0.0014201963735469738,0.0
277,7,-293.52148,419.7763,-0.0111551285,-1.2168494,3.5513263,3.581047e-06,3.754016637802124,-3.7284252721321002e-06,-1.0728835470490452e-06,1.901962006242904,0.4122991681098938,0.001268142347460568,0.0
278,7,-293.5825,419.954,-0.0111551285,-1.2168962,3.5513268,2.7656554e-07,3.7540321350097656,-2.663160836100405e-06,-1.0728835470490452e-06,1.901848688738521,0.41229839324951173,0.001155419009516958,0.0
279,7,-293.64346,420.13174,-0.01115509,-1.21687,3.5513515,3.98159e-06,3.754047155380249,-2.1305284910951407e-06,-1.0728835470490452e-06,1.901746689668771,0.4122976422309876,0.0010456612873035616,0.0
280,8,-293.70444,420.30948,-0.011155052,-1.2168403,3.5513763,-1.1968613e-06,3.754060983657837,-1.597896654047543e-06,-1.0728835470490452e-06,1.9016546774531087,0.41229695081710815,0.0016530426498173457,0.0
281,8,-293.7652,420.48718,-0.011155052,-1.2154281,3.5518706,-6.6280364e-07,3.7540712356567383,-4.793689962142629e-06,-1.0728835470490452e-06,1.901544289425925,0.4122964382171631,0.0015005905718279442,0.0
282,8,-293.82602,420.66492,-0.011154976,-1.2149976,3.5520303,-4.2915343e-07,3.7540829181671143,-6.391586108232505e-06,-1.0728835470490452e-06,1.9014217840157814,0.4122958540916443,0.0013453709286801352,0.0
283,8,-293.88678,420.84262,-0.01115509,-1.2148644,3.552087,-5.5789945e-07,3.754093647003174,-6.391586108232505e-06,-1.0728835470490452e-06,1.9013058033503083,0.41229531764984134,0.0011848702018755343,0.0
284,8,-293.94757,421.02036,-0.011155052,-1.2148591,3.552099,-8.678436e-07,3.754102945327759,-5.326320656285477e-06,-1.0728835470490452e-06,1.9012006084872504,0.4122948527336121,0.0010437740942635212,0.0
285,8,-294.00836,421.1981,-0.011155167,-1.2148885,3.5521014,-3.33786e-07,3.754114866256714,-3.7284255261109336e-06,-1.0728835470490452e-06,1.901107797323261,0.41229425668716435,0.0009186874497191561,0.0
286,8,-294.06912,421.37576,-0.011155243,-1.214926,3.552098,-1.3160706e-06,3.7541239261627197,-2.663160582121572e-06,-1.0728835470490452e-06,1.9010249730133595,0.412293803691864,0.0008032842110350838,0.0
287,8,-294.12988,421.5535,-0.01115509,-1.2149723,3.5520887,-2.388954e-06,3.7541298866271973,-2.1305284910951407e-06,-1.0728835470490452e-06,1.900952668189764,0.41229350566864015,0.000693881425503504,0.0
288,8,-294.19067,421.73123,-0.011154976,-1.2150345,3.5520785,1.7929077e-06,3.7541403770446777,-1.5978967810369595e-06,-1.0728835470490452e-06,1.900888752323602,0.41229298114776614,0.0006049537353380694,0.0
289,8,-294.25143,421.90897,-0.011155205,-1.2150834,3.552071,-3.223419e-06,3.7541494369506836,-1.0652644360316953e-06,-1.0728835470490452e-06,1.9008346901534734,0.41229252815246586,0.0005167556558149935,0.0
290,8,-294.3122,422.0867,-0.01115509,-1.2151455,3.5520575,4.7683715e-09,3.7541565895080566,-5.326322180158476e-07,-1.0728835470490452e-06,1.900787019569961,0.4122921705245972,0.0004348592851209191,0.0
291,9,-294.37296,422.2644,-0.011155052,-1.215217,3.5520403,-9.1075896e-07,3.7541635036468506,-5.684341573975061e-14,-1.0728835470490452e-06,1.9007465395213918,0.41229182481765747,0.0008369923482644187,0.0
292,9,-294.43372,422.44214,-0.011155052,-1.2143598,3.552337,3.814697e-07,3.754166603088379,-2.130528745073974e-06,-1.0728835470490452e-06,1.9006943415640263,0.4122916698455811,0.0007732605996272832,0.0
293,9,-294.49448,422.61987,-0.011154976,-1.2140775,3.5524395,5.0544736e-07,3.7541723251342773,-3.195793308095086e-06,-1.0728835470490452e-06,1.9006330888589544,0.41229138374328617,0.0006980344459696085,0.0
294,9,-294.55524,422.7976,-0.011155052,-1.2139823,3.5524776,-5.865097e-07,3.7541778087615967,-3.1957930541162527e-06,-1.0728835470490452e-06,1.900573300892482,0.41229110956192017,0.0006251926171421936,0.0
295,9,-294.616,422.97534,-0.01115509,-1.2139513,3.5524936,6.9141385e-07,3.754182815551758,-3.195793308095086e-06,-1.0728835470490452e-06,1.900518572932081,0.41229085922241215,0.0005595228979426052,0.0
296,9,-294.67676,423.15305,-0.011155052,-1.213942,3.5525033,-3.528595e-07,3.7541890144348145,-2.1305288720633906e-06,-1.0728835470490452e-06,1.90046917129386,0.4122905492782593,0.0005047400961709667,0.0
297,9,-294.73752,423.33078,-0.011155205,-1.2139306,3.5525105,-1.077652e-06,3.7541921138763428,-2.130528745073974e-06,-1.0728835470490452e-06,1.9004250959778193,0.41229039430618286,0.0004545178887117314,0.0
298,9,-294.7983,423.5085,-0.011155014,-1.2139217,3.552519,-5.149841e-07,3.754197359085083,-1.597896654047543e-06,-1.0728835470490452e-06,1.9003844827711955,0.4122901320457459,0.0004203000934766449,0.0
299,9,-294.85907,423.68625,-0.011155014,-1.2138929,3.5525353,-2.3841858e-07,3.7542035579681396,-1.0652644360316953e-06,-1.0728835470490452e-06,1.9003482637803704,0.41228982210159304,0.0003827534487327182,0.0
300,9,-294.9198,423.86398,-0.011155052,-1.2138711,3.5525453,6.961822e-07,3.7542057037353516,-1.0652644360316953e-06,-1.0728835470490452e-06,1.900314308476472,0.41228971481323246,0.0003374700958273737,0.0
301,9,-294.98056,424.04172,-0.011155167,-1.2138745,3.5525482,-1.25885e-06,3.7542097568511963,-1.0652642455475704e-06,-1.0728835470490452e-06,1.900284481072263,0.4122895121574402,0.0003101696862487003,0.0
302,10,-295.04132,424.21945,-0.011155167,-1.2138592,3.5525568,-9.2506406e-07,3.7542128562927246,-5.326321862684935e-07,-1.0728835470490452e-06,1.9002571836710898,0.4122893571853638,0.0005209534041538343,0.0
303,10,-295.10205,424.3972,-0.011155052,-1.2133776,3.5527234,-4.2915343e-07,3.7542147636413574,-1.597896654047543e-06,-1.0728835470490452e-06,1.9002233615252457,0.41228926181793213,0.00048651821874326457,0.0
304,10,-295.1628,424.57486,-0.011154938,-1.2132056,3.5527852,-3.004074e-07,3.7542176246643066,-2.1305284910951407e-06,-1.0728835470490452e-06,1.9001839467411126,0.4122891187667847,0.0004599697899700564,0.0
305,10,-295.2236,424.7526,-0.011154938,-1.2131078,3.552824,2.5892257e-06,3.754222869873047,-2.663160836100405e-06,-1.0728835470490452e-06,1.9001458635375243,0.41228885650634767,0.00044023353026184984,0.0
306,10,-295.28436,424.93033,-0.011155014,-1.2130222,3.552856,3.33786e-08,3.754225492477417,-2.130528745073974e-06,-1.0728835470490452e-06,1.9001092450725359,0.41228872537612915,0.0004158843407194293,0.0
307,10,-295.3451,425.10806,-0.01115509,-1.2129544,3.552881,-3.0994414e-07,3.7542271614074707,-2.1305288720633906e-06,-1.0728835470490452e-06,1.9000739581880923,0.4122886419296265,0.0003857963277946741,0.0
308,10,-295.40585,425.2858,-0.011155014,-1.2129084,3.5529,-1.8119812e-07,3.754230499267578,-1.5978965270581263e-06,-1.0728835470490452e-06,1.9000408018325208,0.41228847503662114,0.00037045985138471795,0.0
309,10,-295.46652,425.46353,-0.011154976,-1.2128451,3.5529213,-1.9836425e-06,3.75423002243042,-1.597896654047543e-06,-1.0728835470490452e-06,1.9000099091638758,0.412288498878479,0.0003285951830404098,0.0
310,10,-295.52716,425.64127,-0.011155014,-1.2128334,3.5529284,-3.5762787e-07,3.7542331218719482,-1.5978964000687097e-06,-1.0728835470490452e-06,1.8999808807079939,0.4122883439064026,0.000277577522109415,0.0
311,10,-295.5878,425.819,-0.011154938,-1.2128619,3.5529203,-1.4829635e-06,3.754234552383423,-1.0652642455475704e-06,-1.0728835470490452e-06,1.8999554475195837,0.4122882723808289,0.00022973835917271325,0.0
312,11,-295.64853,425.99673,-0.011155014,-1.2129058,3.5529072,-2.1791457e-06,3.7542364597320557,-5.326321862684935e-07,-1.0728835470490452e-06,1.8999340090728085,0.41228817701339726,0.00031291735098469466,0.0
313,11,-295.7091,426.17444,-0.011155052,-1.2127072,3.5529757,-8.487701e-07,3.754236936569214,-1.065264372536987e-06,-1.0728835470490452e-06,1.8999115053615974,0.41228815317153933,0.0002644340806808234,0.0
314,11,-295.76965,426.35217,-0.011155052,-1.2126833,3.5529854,-1.2159347e-06,3.7542386054992676,-1.0652642455475704e-06,-1.0728835470490452e-06,1.8998890016503862,0.4122880697250366,0.00020323172852376554,0.0
315,11,-295.8302,426.5299,-0.011155014,-1.2127407,3.552967,-1.8835067e-06,3.754239559173584,-5.326321227737852e-07,-9.536742640435957e-07,1.8998692942583197,0.4122880220413208,0.00014298879359028247,0.0
316,11,-295.89078,426.70764,-0.011154899,-1.2127137,3.5529768,-1.7929077e-06,3.7542402744293213,-5.326321227737852e-07,-9.536742640435957e-07,1.899851717395125,0.41228798627853397,9.153319873261402e-05,0.0
317,11,-295.95135,426.88538,-0.011154938,-1.2128835,3.55292,-4.339218e-07,3.7542412281036377,2.8421707869875304e-14,-9.536742640435957e-07,1.8998388010638383,0.41228793859481816,4.3539098394816266e-05,0.0
318,11,-296.01212,427.0631,-0.01115509,-1.2130047,3.5528789,-9.2506406e-07,3.754241466522217,4.86326003461857e-07,-9.536742640435957e-07,1.899832409477222,0.4122879266738892,6.083653817170053e-05,0.0
319,11,-296.07285,427.24084,-0.011155052,-1.2129962,3.552884,-9.536743e-07,3.754243850708008,5.455231041793484e-07,-9.536742640435957e-07,1.8998273494711508,0.41228780746459964,7.20700550283137e-05,0.0
320,11,-296.13358,427.41858,-0.01115509,-1.2129593,3.5528958,-9.584427e-07,3.7542428970336914,3.762215441533048e-07,-9.536742640435957e-07,1.8998213573586982,0.41228785514831545,8.403468837738861e-05,0.0
321,11,-296.19434,427.5963,-0.011155167,-1.2129108,3.5529132,4.7683716e-07,3.7542433738708496,1.3257979232178284e-07,-9.536742640435957e-07,1.8998152320881911,0.4122878313064575,0.00010981169107081227,0.0
322,11,-296.25497,427.77405,-0.011155052,-1.2128296,3.5529425,-7.009506e-07,3.7542450428009033,2.8421707869875304e-14,-9.536742640435957e-07,1.8998076420790844,0.41228774785995487,8.817923977249613e-05,0.0
323,12,-296.31552,427.95178,-0.011155052,-1.2128265,3.5529442,4.196167e-07,3.7542457580566406,2.8421707869875304e-14,-9.536742640435957e-07,1.8998000520699776,0.41228771209716797,0.00011690618050162349,0.0
324,12,-296.37607,428.12952,-0.011155167,-1.2127506,3.5529711,5.769729e-07,3.754246711730957,-5.326321227737852e-07,-9.536742640435957e-07,1.8997912636383802,0.41228766441345216,7.451143744994655e-05,0.0
325,12,-296.4366,428.30725,-0.011155014,-1.2127883,3.5529585,-4.196167e-07,3.754246950149536,-5.326321227737852e-07,-9.536742640435957e-07,1.8997835404712191,0.4122876524925232,3.094011257190585e-05,0.0
326,12,-296.4972,428.485,-0.011154938,-1.2128683,3.5529327,3.1661987e-06,3.7542483806610107,2.8421707869875304e-14,-9.536742640435957e-07,1.899778746781257,0.4122875809669495,-2.883204771910148e-06,0.0
327,12,-296.55795,428.66272,-0.011155052,-1.2129499,3.5529058,-4.673004e-07,3.754249095916748,2.613620137610826e-07,-9.536742640435957e-07,1.8997764830943304,0.4122875452041626,1.938870561313166e-05,0.0
328,12,-296.61868,428.84045,-0.0111551285,-1.2129294,3.5529137,-1.9359588e-06,3.7542500495910645,2.613620137610826e-07,-9.536742640435957e-07,1.8997764830943304,0.4122874975204468,3.7394317612691615e-05,0.0
329,12,-296.6794,429.0182,-0.011154976,-1.2128849,3.5529306,-1.1444091e-06,3.754251718521118,1.3109111920146086e-07,-9.536742640435957e-07,1.8997732873010222,0.4122874140739441,5.3006322022728036e-05,0.0
330,12,-296.74002,429.19592,-0.011155014,-1.212835,3.552949,3.147125e-07,3.7542529106140137,0.0,-9.536742640435957e-07,1.8997696920335507,0.4122873544692993,2.7493558580816068e-05,0.0
331,12,-296.80066,429.37366,-0.011154938,-1.2128599,3.5529418,8.249283e-07,3.754254102706909,2.8421707869875304e-14,-9.536742640435957e-07,1.899766629398297,0.41228729486465454,1.1631109011743169e-05,0.0
332,12,-296.86133,429.5514,-0.0111551285,-1.2128922,3.5529318,-3.33786e-06,3.7542550563812256,2.8421707869875304e-14,-9.536742640435957e-07,1.899766629398297,0.41228724718093873,1.0329196300595711e-05,0.0
333,13,-296.92206,429.72913,-0.011155014,-1.2129004,3.5529296,-6.1035155e-07,3.754255771636963,7.778955770763593e-08,-9.536742640435957e-07,1.8997633004469345,0.4122872114181519,0.00010562104946942497,0.0
334,13,-296.98264,429.90686,-0.011155052,-1.2127141,3.5529947,3.33786e-07,3.7542572021484375,-5.326322180158476e-07,-9.536742640435957e-07,1.8997587730730814,0.41228713989257815,7.89553572416441e-05,0.0
335,13,-297.04318,430.0846,-0.011155052,-1.2126938,3.5530028,-6.580353e-07,3.754258155822754,-5.326322180158476e-07,-9.536742640435957e-07,1.8997521151703562,0.41228709220886234,3.95842250572007e-05,0.0
336,13,-297.10373,430.26233,-0.01115509,-1.2127476,3.5529852,2.813339e-07,3.754258871078491,-5.326322180158476e-07,-9.536742640435957e-07,1.899747321480394,0.41228705644607544,6.721689838422692e-08,0.0
337,13,-297.16428,430.44006,-0.0111551285,-1.2128314,3.552957,-1.1253356e-06,3.7542593479156494,0.0,-9.536742640435957e-07,1.8997450577934674,0.41228703260421756,-3.906537721835623e-05,0.0
338,13,-297.22498,430.6178,-0.011155205,-1.2129316,3.5529246,-2.0885468e-06,3.7542612552642822,0.0,-9.536742640435957e-07,1.8997450577934674,0.4122869372367859,-3.1759352575696115e-05,0.0
339,13,-297.2857,430.79553,-0.011154938,-1.2129538,3.5529187,8.4400176e-07,3.754262685775757,4.6805987752502813e-07,-9.536742640435957e-07,1.8997479872706666,0.4122868657112122,-1.0075922455068712e-05,0.0
340,13,-297.34647,430.97327,-0.01115509,-1.2129239,3.5529277,3.671646e-07,3.7542617321014404,3.6240646076312125e-07,-9.536742640435957e-07,1.899749984641484,0.412286913394928,2.2522584585849792e-05,0.0
341,13,-297.40714,431.151,-0.011154938,-1.2128549,3.5529518,3.862381e-07,3.7542619705200195,3.6240646076312125e-07,-9.536742640435957e-07,1.899749984641484,0.41228690147399905,2.3099171324985544e-05,0.0
342,13,-297.46768,431.32874,-0.011154899,-1.2128301,3.5529616,3.390312e-06,3.754263401031494,0.0,-9.536742640435957e-07,1.8997479872706666,0.4122868299484253,-2.4853038812752915e-05,0.0
343,13,-297.52835,431.50647,-0.011154938,-1.2129114,3.5529332,-1.4781952e-07,3.754262685775757,0.0,-9.536742640435957e-07,1.8997479872706666,0.4122868657112122,-2.690491765802262e-05,0.0
344,14,-297.58908,431.6842,-0.011154976,-1.212943,3.5529234,-1.4972686e-06,3.7542636394500732,0.0,-9.536742640435957e-07,1.8997479872706666,0.41228681802749634,7.106900151392885e-05,0.0
345,14,-297.6497,431.86194,-0.01115509,-1.2127658,3.5529845,-4.673004e-07,3.7542641162872314,0.0,-9.536742640435957e-07,1.8997479872706666,0.41228679418563846,5.750347173205841e-05,0.0
346,14,-297.71024,432.03967,-0.011154976,-1.2127293,3.5529983,3.1089783e-06,3.754265546798706,-5.326321227737852e-07,-9.536742640435957e-07,1.8997435930548678,0.4122867226600647,2.0364989531983734e-05,0.0
347,14,-297.77078,432.2174,-0.011155052,-1.2127782,3.552979,-1.6975403e-06,3.754263162612915,-5.326321227737852e-07,-9.536742640435957e-07,1.8997403972615599,0.41228684186935427,-1.789738309972649e-05,0.0
348,14,-297.83136,432.39514,-0.011155014,-1.2128626,3.5529516,1.3828277e-07,3.7542643547058105,-5.326321227737852e-07,-9.536742640435957e-07,1.8997403972615599,0.4122867822647095,-4.593367923758934e-05,0.0
349,14,-297.8921,432.57288,-0.01115509,-1.2129452,3.5529253,6.3896175e-07,3.7542662620544434,-5.326321227737852e-07,-9.536742640435957e-07,1.8997403972615599,0.4122866868972779,-2.902517526435e-05,0.0
350,14,-297.95282,432.7506,-0.0111551285,-1.212945,3.5529265,-1.1062622e-06,3.7542672157287598,3.7155160359979e-07,-9.536742640435957e-07,1.8997447914773584,0.412286639213562,-4.670324458972687e-06,0.0
351,14,-298.01358,432.92834,-0.011155052,-1.2129037,3.5529397,-4.529953e-07,3.7542662620544434,3.7155160359979e-07,-9.536742640435957e-07,1.8997447914773584,0.4122866868972779,2.6348150994243634e-05,0.0
352,14,-298.0742,433.10608,-0.011155014,-1.2128327,3.552962,-1.25885e-06,3.7542645931243896,3.7155160359979e-07,-9.536742640435957e-07,1.8997447914773584,0.41228677034378053,5.3540466673007745e-06,0.0
353,14,-298.13477,433.2838,-0.011155052,-1.2128487,3.552957,-1.4162064e-06,3.7542648315429688,3.7155160359979e-07,-9.536742640435957e-07,1.8997447914773584,0.41228675842285156,-2.9801457095172766e-05,0.0
354,14,-298.19547,433.46155,-0.011155014,-1.2129208,3.5529332,-1.5211104e-06,3.754265785217285,3.7155160359979e-07,-9.536742640435957e-07,1.8997447914773584,0.41228671073913575,-1.9495845948054468e-05,0.0
355,15,-298.2562,433.63928,-0.011155014,-1.212926,3.5529306,-1.8692016e-06,3.7542648315429688,1.7717415779261022e-07,-9.536742640435957e-07,1.899747321480394,0.41228675842285156,8.660861936243144e-05,0.0
356,15,-298.31677,433.81702,-0.0111551285,-1.2127243,3.5529993,-1.0299682e-06,3.7542648315429688,-5.326322180158476e-07,-9.536742640435957e-07,1.8997450577934674,0.41228675842285156,6.241503167434425e-05,0.0
357,15,-298.37732,433.99475,-0.011154938,-1.2126998,3.553009,-1.3303757e-06,3.7542660236358643,-5.326321227737852e-07,-9.536742640435957e-07,1.8997403972615599,0.4122866988182068,2.4833511649791333e-05,0.0
358,15,-298.43787,434.1725,-0.011155014,-1.2127527,3.5529907,-2.1886824e-06,3.754265785217285,-5.326321227737852e-07,-9.536742640435957e-07,1.8997365356779792,0.41228671073913575,-1.4446324256874325e-05,0.0
359,15,-298.4984,434.35022,-0.011154976,-1.2128389,3.552961,-1.5735626e-06,3.754265546798706,-5.326321227737852e-07,-9.536742640435957e-07,1.8997365356779792,0.4122867226600647,-5.1776059828113275e-05,0.0
360,15,-298.55914,434.52795,-0.011155014,-1.212939,3.5529263,-1.5878677e-06,3.754265069961548,-5.326321227737852e-07,-9.536742640435957e-07,1.8997365356779792,0.41228674650192265,-3.4620885941622524e-05,0.0
361,15,-298.61987,434.7057,-0.011154938,-1.2129432,3.5529232,-1.6021728e-06,3.7542636394500732,4.37062586363431e-07,-9.536742640435957e-07,1.8997407967357234,0.41228681802749634,-1.0140119804695808e-05,0.0
362,15,-298.68063,434.88342,-0.011155052,-1.2129046,3.5529375,-2.2315978e-06,3.7542645931243896,2.804331414834353e-07,-9.536742640435957e-07,1.8997427941065408,0.41228677034378053,2.4066776219458172e-05,0.0
363,15,-298.7412,435.06116,-0.011155052,-1.2128288,3.5529625,-1.0919571e-06,3.7542638778686523,2.804331414834353e-07,-9.536742640435957e-07,1.8997427941065408,0.4122868061065674,-8.618795356652532e-06,0.0
364,15,-298.80182,435.2389,-0.011154938,-1.212868,3.5529513,1.1682511e-06,3.754265785217285,2.804331414834353e-07,-9.536742640435957e-07,1.8997427941065408,0.41228671073913575,-3.320627019768276e-05,0.0
365,16,-298.86255,435.41663,-0.011155014,-1.2129282,3.5529308,-1.8119812e-06,3.7542660236358643,2.804331414834353e-07,-9.536742640435957e-07,1.8997427941065408,0.4122866988182068,6.669433439627461e-05,0.0
366,16,-298.92313,435.59436,-0.0111551285,-1.2127563,3.552991,-2.6512146e-06,3.7542672157287598,2.804331414834353e-07,-9.536742640435957e-07,1.8997427941065408,0.412286639213562,4.472842513793016e-05,0.0
367,16,-298.98367,435.7721,-0.011155205,-1.2127379,3.552995,-2.3174284e-06,3.754265308380127,-5.326321227737852e-07,-9.536742640435957e-07,1.8997390656810147,0.4122867345809937,7.470199819177563e-06,0.0
368,16,-299.04422,435.94983,-0.011155167,-1.2127955,3.552976,-1.4352798e-06,3.754265785217285,2.8421707869875304e-14,-9.536742640435957e-07,1.8997365356779792,0.41228671073913575,-3.106645640977416e-05,0.0
369,16,-299.10483,436.12756,-0.011155014,-1.2128847,3.5529459,-1.6880035e-06,3.7542660236358643,2.8421707869875304e-14,-9.536742640435957e-07,1.8997365356779792,0.4122866988182068,-5.087773236727983e-05,0.0
370,16,-299.1656,436.3053,-0.011154938,-1.2129159,3.5529354,-3.147125e-07,3.7542662620544434,2.8421707869875304e-14,-9.536742640435957e-07,1.8997365356779792,0.4122866868972779,-2.372839735551698e-05,0.0
371,16,-299.22632,436.48303,-0.0111551285,-1.2129172,3.5529351,-6.818771e-07,3.7542665004730225,2.8832175579017103e-07,-9.536742640435957e-07,1.8997407967357234,0.4122866749763489,1.508766716302826e-06,0.0
372,16,-299.28702,436.66077,-0.0111551285,-1.212874,3.5529509,-4.2915343e-07,3.754267454147339,2.8832175579017103e-07,-9.536742640435957e-07,1.8997407967357234,0.4122866272926331,1.2426503811092077e-05,0.0
373,16,-299.34763,436.8385,-0.011154976,-1.2128402,3.5529628,-3.2901764e-07,3.754267692565918,2.8832175579017103e-07,-9.536742640435957e-07,1.8997407967357234,0.41228661537170413,-9.724794159125079e-06,0.0
374,16,-299.40826,437.01624,-0.011154976,-1.2128718,3.5529513,-1.8644332e-06,3.7542672157287598,2.8832175579017103e-07,-9.536742640435957e-07,1.8997407967357234,0.412286639213562,-2.2412252429100346e-05,0.0
375,16,-299.46896,437.19397,-0.011154976,-1.2129065,3.5529387,-1.783371e-06,3.7542662620544434,2.8832175579017103e-07,-9.536742640435957e-07,1.8997407967357234,0.4122866868972779,-1.0931218569794885e-05,0.0
376,17,-299.52972,437.3717,-0.011154976,-1.2128991,3.5529413,-2.0122527e-06,3.7542665004730225,1.0240372584368062e-07,-9.536742640435957e-07,1.8997447914773584,0.4122866749763489,9.411213658167069e-05,0.0
377,17,-299.5903,437.54944,-0.0111551285,-1.2126946,3.5530114,-2.2315978e-06,3.7542667388916016,-5.326321227737852e-07,-9.536742640435957e-07,1.8997418620001594,0.41228666305541994,6.899896150981811e-05,0.0
378,17,-299.65085,437.72717,-0.011154976,-1.2126675,3.5530202,-1.66893e-06,3.7542662620544434,-5.326321227737852e-07,-9.536742640435957e-07,1.8997356035715978,0.4122866868972779,2.9022606140083785e-05,0.0
379,17,-299.7114,437.9049,-0.0111551285,-1.2127228,3.5530024,-1.9598008e-06,3.7542672157287598,-5.326321227737852e-07,-9.536742640435957e-07,1.8997318751460714,0.412286639213562,-1.0472553329088031e-05,0.0
380,17,-299.77194,438.08264,-0.011154976,-1.2128083,3.5529726,2.7179717e-06,3.7542667388916016,-5.326321227737852e-07,-9.536742640435957e-07,1.8997318751460714,0.41228666305541994,-4.8311472991005756e-05,0.0
381,17,-299.83258,438.26038,-0.011154938,-1.212908,3.5529375,-1.6212463e-06,3.754265785217285,-5.326321227737852e-07,-9.536742640435957e-07,1.8997318751460714,0.41228671073913575,-6.0042011056101976e-05,0.0
382,17,-299.89334,438.4381,-0.011155014,-1.2129693,3.5529168,-1.0347366e-06,3.754265785217285,5.350104758099896e-07,-9.536742640435957e-07,1.8997361362038157,0.41228671073913575,-2.5553154440610593e-05,0.0
383,17,-299.95407,438.61584,-0.011155014,-1.212932,3.5529296,-2.8610229e-08,3.7542660236358643,4.371856073607652e-07,-9.536742640435957e-07,1.8997391988390693,0.4122866988182068,-5.151804427885163e-07,0.0
384,17,-300.01477,438.79358,-0.011155014,-1.2128786,3.552948,3.2901764e-07,3.7542660236358643,4.371856073607652e-07,-9.536742640435957e-07,1.8997391988390693,0.4122866988182068,1.1257749910852146e-05,0.0
385,17,-300.0754,438.9713,-0.011154976,-1.2128413,3.5529613,-1.5449524e-06,3.7542667388916016,4.371856073607652e-07,-9.536742640435957e-07,1.8997391988390693,0.41228666305541994,-2.8801954350150776e-07,0.0
386,17,-300.13602,439.14905,-0.011154976,-1.2128518,3.5529583,-1.926422e-06,3.7542672157287598,4.371856073607652e-07,-9.536742640435957e-07,1.8997391988390693,0.412286639213562,-2.6528682861313875e-05,0.0
387,18,-300.19675,439.32678,-0.011154976,-1.2129052,3.5529385,-1.9454956e-06,3.754265785217285,6.605708090764606e-08,-9.536742640435957e-07,1.8997418620001594,0.41228671073913575,8.33825417945637e-05,0.0
388,18,-300.2573,439.50452,-0.0111551285,-1.2127105,3.553005,3.0517577e-07,3.754265785217285,-5.326321227737852e-07,-9.536742640435957e-07,1.8997391988390693,0.41228671073913575,4.9591644737822714e-05,0.0
389,18,-300.31784,439.68225,-0.011154976,-1.2127062,3.5530057,-1.2302398e-06,3.754265069961548,-5.326321862684935e-07,-9.536742640435957e-07,1.8997352040974342,0.41228674650192265,1.1414400980305616e-05,0.0
390,18,-300.3784,439.86,-0.011155052,-1.2127688,3.5529852,3.0994414e-07,3.754265785217285,-5.326321862684935e-07,-9.536742640435957e-07,1.8997325409363441,0.41228671073913575,-2.8008967381072295e-05,0.0
391,18,-300.43896,440.03772,-0.01115509,-1.2128606,3.5529544,1.9073485e-07,3.7542665004730225,-5.326321862684935e-07,-9.536742640435957e-07,1.8997325409363441,0.4122866749763489,-5.772126211454608e-05,0.0
392,18,-300.4997,440.21545,-0.011154899,-1.2129502,3.552924,2.5272368e-07,3.7542665004730225,3.8152773343135506e-07,-9.536742640435957e-07,1.8997353372554886,0.4122866749763489,-3.614308902532208e-05,0.0
393,18,-300.56042,440.3932,-0.011155052,-1.2129453,3.5529256,-6.7710874e-07,3.7542665004730225,4.5048873291791363e-07,-9.536742640435957e-07,1.8997390656810147,0.4122866749763489,-1.1452674461614693e-05,0.0
394,18,-300.62115,440.57092,-0.011154976,-1.2129042,3.5529406,-1.1491775e-06,3.754267454147339,2.6123878640594643e-07,-9.536742640435957e-07,1.8997407967357234,0.4122866272926331,1.2814928040759979e-05,0.0
395,18,-300.68182,440.74866,-0.011155014,-1.2128472,3.552959,-7.629394e-07,3.7542662620544434,2.6123878640594643e-07,-9.536742640435957e-07,1.8997407967357234,0.4122866868972779,1.3585733035532107e-05,0.0
396,18,-300.74237,440.9264,-0.011155052,-1.2128278,3.5529659,-1.3160706e-06,3.7542665004730225,2.6123878640594643e-07,-9.536742640435957e-07,1.8997407967357234,0.4122866749763489,-3.61538219010681e-05,0.0
397,19,-300.80304,441.10413,-0.01115509,-1.2129167,3.552936,2.7656554e-07,3.7542672157287598,2.6123878640594643e-07,-9.536742640435957e-07,1.8997407967357234,0.412286639213562,4.8306756783562264e-05,0.0
398,19,-300.86362,441.28186,-0.01115509,-1.212783,3.5529811,3.2901764e-07,3.7542665004730225,2.6123878640594643e-07,-9.536742640435957e-07,1.8997407967357234,0.4122866749763489,2.565606723639384e-05,0.0
399,19,-300.92416,441.4596,-0.011154938,-1.2127815,3.5529814,9.727478e-07,3.7542662620544434,-5.326321227737852e-07,-9.536742640435957e-07,1.8997383998907422,0.4122866868972779,-1.0616937988433352e-05,0.0
400,19,-300.9847,441.63733,-0.011155167,-1.2128454,3.5529578,-1.4495849e-06,3.7542645931243896,-5.326321227737852e-07,-9.536742640435957e-07,1.8997383998907422,0.41228677034378053,-4.666727441269842e-05,0.0
401,19,-301.04544,441.81506,-0.011154861,-1.212936,3.5529284,4.3535233e-06,3.7542662620544434,-5.326321227737852e-07,-9.536742640435957e-07,1.8997383998907422,0.4122866868972779,-2.997497460861009e-05,0.0
402,19,-301.10617,441.9928,-0.011154976,-1.212938,3.5529268,1.4781952e-07,3.754265308380127,3.175352583640992e-07,-9.536742640435957e-07,1.8997425277904318,0.4122867345809937,-6.238772677166248e-06,0.0
403,19,-301.16693,442.17053,-0.0111551285,-1.2128993,3.5529406,-1.4448166e-06,3.754265785217285,1.862568853310186e-07,-9.536742640435957e-07,1.899744392003195,0.41228671073913575,2.6687554977809938e-05,0.0
404,19,-301.22754,442.34827,-0.01115509,-1.2128259,3.552965,-1.9693375e-06,3.754265069961548,1.862568853310186e-07,-9.536742640435957e-07,1.899744392003195,0.41228674650192265,6.177649005067636e-06,0.0
405,19,-301.2881,442.526,-0.0111551285,-1.2128406,3.5529616,-5.912781e-07,3.7542667388916016,1.862568853310186e-07,-9.536742640435957e-07,1.899744392003195,0.41228666305541994,-3.9593846850970464e-05,0.0
406,19,-301.3488,442.70374,-0.01115509,-1.212932,3.552929,-2.6416778e-06,3.754265308380127,1.862568853310186e-07,-9.536742640435957e-07,1.899744392003195,0.4122867345809937,-3.008650159878741e-05,0.0
407,20,-301.40952,442.88147,-0.01115509,-1.2129468,3.5529246,2.4318695e-07,3.7542660236358643,2.432687839149588e-07,-9.536742640435957e-07,1.8997463893740125,0.4122866988182068,7.749507662045357e-05,0.0
408,20,-301.47012,443.0592,-0.011155052,-1.2127465,3.552992,6.4849854e-07,3.754265069961548,2.8421707869875304e-14,-9.536742640435957e-07,1.899744392003195,0.41228674650192265,6.166234801593556e-05,0.0
409,20,-301.53067,443.23694,-0.011154938,-1.2127067,3.5530057,-1.2016296e-06,3.754265308380127,-5.326321227737852e-07,-9.536742640435957e-07,1.8997403972615599,0.4122867345809937,2.546417898851761e-05,0.0
410,20,-301.59122,443.41467,-0.0111551285,-1.2127533,3.5529904,5.102157e-07,3.754265785217285,-5.326321227737852e-07,-9.536742640435957e-07,1.8997365356779792,0.41228671073913575,-1.3217793462065182e-05,0.0
411,20,-301.65176,443.5924,-0.011154976,-1.2128365,3.5529628,2.6130676e-06,3.7542665004730225,-5.326321227737852e-07,-9.536742640435957e-07,1.8997365356779792,0.4122866749763489,-4.984150046993621e-05,0.0
412,20,-301.71246,443.77014,-0.01115509,-1.2129335,3.5529287,-2.9373168e-06,3.754265546798706,-5.326321227737852e-07,-9.536742640435957e-07,1.8997365356779792,0.4122867226600647,-4.24084830924827e-05,0.0
413,20,-301.7732,443.94788,-0.011154938,-1.2129562,3.5529213,-1.8835067e-06,3.7542660236358643,4.355071247468144e-07,-9.536742640435957e-07,1.8997407967357234,0.4122866988182068,-1.8673586487510675e-05,0.0
414,20,-301.83392,444.1256,-0.01115509,-1.2129258,3.552933,-5.197525e-07,3.7542672157287598,3.1470437854182986e-07,-9.536742640435957e-07,1.899743326738759,0.412286639213562,4.66818697334357e-06,0.0
415,20,-301.89462,444.30334,-0.011155014,-1.2128758,3.5529497,-5.8174135e-07,3.7542667388916016,3.1470437854182986e-07,-9.536742640435957e-07,1.899743326738759,0.41228666305541994,1.5816077136949598e-05,0.0
416,20,-301.95526,444.48108,-0.011154976,-1.2128395,3.5529633,-1.4209747e-06,3.754267930984497,3.1470437854182986e-07,-9.536742640435957e-07,1.899743326738759,0.41228660345077517,4.854873695377842e-06,0.0
417,20,-302.0158,444.6588,-0.01115509,-1.2128475,3.5529594,-8.106232e-08,3.7542667388916016,3.1470437854182986e-07,-9.536742640435957e-07,1.899743326738759,0.41228666305541994,-4.470889437764757e-05,0.0
418,21,-302.07654,444.83655,-0.011155052,-1.2129453,3.5529253,-8.34465e-07,3.7542662620544434,3.1470437854182986e-07,-9.536742640435957e-07,1.899743326738759,0.4122866868972779,6.145301176893589e-05,0.0
419,21,-302.13715,445.01428,-0.011154976,-1.2127734,3.5529854,-2.8705597e-06,3.754267692565918,3.1470437854182986e-07,-9.536742640435957e-07,1.899743326738759,0.41228661537170413,4.7577838541543895e-05,0.0
420,21,-302.1977,445.19202,-0.011154976,-1.2127413,3.5529966,-1.2731551e-06,3.754267692565918,-5.326322180158476e-07,-9.536742640435957e-07,1.8997398646293417,0.41228661537170413,1.109707840340421e-05,0.0
421,21,-302.25824,445.36975,-0.011154938,-1.212793,3.5529785,-1.8644332e-06,3.754267454147339,-5.326321227737852e-07,-9.536742640435957e-07,1.8997374677843608,0.4122866272926331,-2.6768749755227214e-05,0.0
422,21,-302.31885,445.5475,-0.0111551285,-1.212879,3.5529506,-4.7206876e-07,3.7542686462402344,-5.326321227737852e-07,-9.536742640435957e-07,1.8997374677843608,0.4122865676879883,-4.6214312924434644e-05,0.0
423,21,-302.37958,445.72522,-0.011154938,-1.212946,3.5529265,-1.7118454e-06,3.754267692565918,3.204224262452779e-07,-9.536742640435957e-07,1.8997403972615599,0.41228661537170413,-2.503332659013819e-05,0.0
424,21,-302.44034,445.90295,-0.011154938,-1.2129334,3.5529323,1.1873245e-06,3.7542688846588135,3.5222629068642927e-07,-9.536742640435957e-07,1.8997425277904318,0.41228655576705936,6.9811734931328305e-06,0.0
425,21,-302.501,446.0807,-0.01115509,-1.2128725,3.5529509,-7.534027e-07,3.7542667388916016,3.5222629068642927e-07,-9.536742640435957e-07,1.8997425277904318,0.41228666305541994,7.244084350350503e-06,0.0
426,21,-302.56165,446.25842,-0.011155014,-1.212854,3.5529578,-3.3855437e-07,3.754267454147339,3.5222629068642927e-07,-9.536742640435957e-07,1.8997425277904318,0.4122866272926331,-3.739191546076532e-06,0.0
427,21,-302.62228,446.43616,-0.011155014,-1.2128688,3.5529525,-5.483627e-07,3.7542672157287598,3.5222629068642927e-07,-9.536742640435957e-07,1.8997425277904318,0.412286639213562,-1.6020284801128023e-05,0.0
428,22,-302.68298,446.6139,-0.011154938,-1.2128974,3.5529432,-1.0728836e-06,3.754267692565918,3.5222629068642927e-07,-9.536742640435957e-07,1.8997425277904318,0.41228661537170413,7.414973722299786e-05,0.0
429,22,-302.74356,446.79163,-0.011154976,-1.2127318,3.5529997,2.0074845e-06,3.754267692565918,3.5222629068642927e-07,-9.536742640435957e-07,1.8997425277904318,0.41228661537170413,5.3261567513350486e-05,0.0
430,22,-302.8041,446.96936,-0.011155052,-1.2127122,3.5530071,-1.3494491e-06,3.754268169403076,-5.326321227737852e-07,-9.536742640435957e-07,1.8997374677843608,0.4122865915298462,1.579909713574449e-05,0.0
431,22,-302.86465,447.1471,-0.011155167,-1.2127672,3.5529866,-3.5572052e-06,3.7542665004730225,-5.326322180158476e-07,-9.536742640435957e-07,1.8997346714652161,0.4122866749763489,-2.1301790358485667e-05,0.0
432,22,-302.9252,447.32483,-0.01115509,-1.2128525,3.5529606,5.197525e-07,3.754269599914551,-5.326322180158476e-07,-9.536742640435957e-07,1.8997346714652161,0.41228652000427246,-5.7688293448410205e-05,0.0
433,22,-302.98593,447.50256,-0.01115509,-1.2129507,3.5529256,-1.7976761e-06,3.754268169403076,3.7250808788564424e-07,-9.536742640435957e-07,1.8997365356779792,0.4122865915298462,-3.8790955320122427e-05,0.0
434,22,-303.04666,447.6803,-0.011154976,-1.2129533,3.5529246,-2.8657912e-06,3.754268169403076,4.4917540837140486e-07,-9.536742640435957e-07,1.8997403972615599,0.4122865915298462,-1.566961252318656e-05,0.0
435,22,-303.10742,447.85803,-0.01115509,-1.2129176,3.5529373,-1.9598008e-06,3.7542686462402344,2.9290207356291823e-07,-9.536742640435957e-07,1.8997425277904318,0.4122865676879883,1.734591585896933e-05,0.0
436,22,-303.1681,448.03577,-0.011154938,-1.2128462,3.5529606,-1.7786026e-06,3.754267692565918,2.9290207356291823e-07,-9.536742640435957e-07,1.8997425277904318,0.41228661537170413,1.8171788949356382e-05,0.0
437,22,-303.22864,448.2135,-0.01115509,-1.2128218,3.5529697,-3.7288664e-06,3.754268169403076,2.9290207356291823e-07,-9.536742640435957e-07,1.8997425277904318,0.4122865915298462,-2.690876084550028e-05,0.0
438,22,-303.28928,448.39124,-0.01115509,-1.2128986,3.5529432,-1.7786026e-06,3.754267930984497,2.9290207356291823e-07,-9.536742640435957e-07,1.8997425277904318,0.41228660345077517,-4.084698276990064e-05,0.0
439,23,-303.35,448.56897,-0.011155052,-1.2129523,3.552924,-1.2922287e-06,3.7542672157287598,2.3670971705270288e-07,-9.536742640435957e-07,1.899744392003195,0.412286639213562,6.211015318239781e-05,0.0
440,23,-303.4106,448.7467,-0.011155052,-1.2127746,3.5529852,-1.282692e-06,3.754267692565918,2.3670971705270288e-07,-9.536742640435957e-07,1.899744392003195,0.41228661537170413,4.8370448440516376e-05,0.0
441,23,-303.47116,448.92444,-0.01115509,-1.21274,3.5529962,-1.0490418e-06,3.7542669773101807,-5.326321227737852e-07,-9.536742640435957e-07,1.8997403972615599,0.412286651134491,1.1559772862026976e-05,0.0
442,23,-303.5317,449.10217,-0.0111551285,-1.2127203,3.5530052,-7.8201293e-07,3.7542691230773926,-5.326321227737852e-07,-9.536742640435957e-07,1.8997361362038157,0.4122865438461304,-2.8318179290428297e-05,0.0
443,23,-303.5923,449.2799,-0.011154976,-1.2128539,3.5529583,-2.7513504e-06,3.754267930984497,-5.326321227737852e-07,-9.536742640435957e-07,1.8997361362038157,0.41228660345077517,-5.658625072406554e-05,0.0
444,23,-303.653,449.45764,-0.01115509,-1.2129514,3.5529256,-1.0299682e-06,3.7542684078216553,-5.326321227737852e-07,-9.536742640435957e-07,1.8997361362038157,0.41228657960891724,-3.990641707748432e-05,0.0
445,23,-303.71375,449.63538,-0.011154976,-1.2129587,3.552924,-2.069473e-06,3.7542691230773926,4.345626409608292e-07,-9.536742640435957e-07,1.8997407967357234,0.4122865438461304,-1.5451861740136024e-05,0.0
446,23,-303.77448,449.8131,-0.011155014,-1.2129214,3.5529354,-2.2363663e-06,3.754267930984497,2.8896743347888927e-07,-9.536742640435957e-07,1.899743326738759,0.41228660345077517,8.10972621231272e-06,0.0
447,23,-303.83517,449.99084,-0.011155052,-1.2128681,3.552953,-2.822876e-06,3.754267454147339,2.8896743347888927e-07,-9.536742640435957e-07,1.899743326738759,0.4122866272926331,1.9477146121541462e-05,0.0
448,23,-303.89575,450.16858,-0.011155052,-1.2128295,3.5529659,-1.5592575e-06,3.7542672157287598,2.8896743347888927e-07,-9.536742640435957e-07,1.899743326738759,0.412286639213562,-1.4771133487832273e-05,0.0
449,23,-303.9564,450.3463,-0.0111551285,-1.2128813,3.552948,-1.1968613e-06,3.7542669773101807,2.8896743347888927e-07,-9.536742640435957e-07,1.899743326738759,0.412286651134491,-2.8326823847570882e-05,0.0
450,24,-304.01712,450.52405,-0.011155014,-1.2129244,3.5529332,-2.0599364e-06,3.7542669773101807,2.8896743347888927e-07,-9.536742640435957e-07,1.899743326738759,0.412286651134491,7.70749650253525e-05,0.0
451,24,-304.0777,450.70178,-0.01115509,-1.2127364,3.552997,-9.918213e-07,3.7542667388916016,2.8896743347888927e-07,-9.536742640435957e-07,1.899743326738759,0.41228666305541994,5.5674170226336413e-05,0.0
452,24,-304.13824,450.87952,-0.011155052,-1.2127116,3.5530062,-1.9311904e-06,3.7542672157287598,-5.326321227737852e-07,-9.536742640435957e-07,1.8997382667326876,0.412286639213562,1.7365066954383587e-05,0.0
453,24,-304.1988,451.05725,-0.01115509,-1.2127669,3.5529883,-1.2016296e-06,3.754268169403076,-5.326321227737852e-07,-9.536742640435957e-07,1.8997356035715978,0.4122865915298462,-2.056145091906868e-05,0.0
454,24,-304.25934,451.235,-0.011154976,-1.2128525,3.5529594,2.4414062e-06,3.7542684078216553,-5.326321227737852e-07,-9.536742640435957e-07,1.8997356035715978,0.41228657960891724,-5.8134842991805514e-05,0.0
455,24,-304.32007,451.41272,-0.0111551285,-1.2129533,3.5529246,-1.66893e-06,3.754268169403076,3.7109206064845775e-07,-9.536742640435957e-07,1.8997374677843608,0.4122865915298462,-3.876588285003715e-05,0.0
456,24,-304.3808,451.59045,-0.01115509,-1.2129561,3.5529234,-1.1348724e-06,3.754267930984497,4.6274273540979586e-07,-9.536742640435957e-07,1.8997407967357234,0.41228660345077517,-1.576914175484888e-05,0.0
457,24,-304.44156,451.7682,-0.011155167,-1.2129208,3.5529356,1.0251998e-06,3.754267930984497,3.0776989921674113e-07,-9.536742640435957e-07,1.899743326738759,0.41228660345077517,1.8859241365918917e-05,0.0
458,24,-304.50223,451.94592,-0.011154976,-1.2128466,3.552961,1.130104e-06,3.754268169403076,3.0776989921674113e-07,-9.536742640435957e-07,1.899743326738759,0.4122865915298462,1.9743384111150917e-05,0.0
459,24,-304.56277,452.12366,-0.011155167,-1.2128208,3.55297,-2.2268296e-06,3.754268169403076,3.0776989921674113e-07,-9.536742640435957e-07,1.899743326738759,0.4122865915298462,-2.7176861392226196e-05,0.0
460,25,-304.62344,452.3014,-0.011155167,-1.2129005,3.552942,-2.632141e-06,3.754267454147339,3.0776989921674113e-07,-9.536742640435957e-07,1.899743326738759,0.4122866272926331,5.236650261072957e-05,0.0
461,25,-304.684,452.47913,-0.011154976,-1.2127721,3.5529864,-1.2683868e-06,3.754268169403076,0.0,-9.536742640435957e-07,1.8997414625259958,0.4122865915298462,2.017435632885664e-05,0.0
462,25,-304.74454,452.65686,-0.011155052,-1.2127893,3.5529795,5.2452087e-08,3.7542669773101807,0.0,-9.536742640435957e-07,1.8997391988390693,0.412286651134491,-1.4967791345444733e-05,0.0
463,25,-304.8051,452.8346,-0.011155052,-1.2128581,3.5529556,8.5830685e-08,3.7542667388916016,0.0,-9.536742640435957e-07,1.8997391988390693,0.41228666305541994,-4.1277699284587455e-05,0.0
464,25,-304.86584,453.01233,-0.011155014,-1.212932,3.552931,1.8119812e-07,3.754267454147339,0.0,-9.536742640435957e-07,1.8997391988390693,0.4122866272926331,-2.5059351405515528e-05,0.0
465,25,-304.92657,453.19006,-0.011154976,-1.2129296,3.5529327,-1.0681152e-06,3.754268169403076,2.768998514505803e-07,-9.536742640435957e-07,1.8997427941065408,0.4122865915298462,-2.6088016467744674e-06,0.0
466,25,-304.9873,453.3678,-0.01115509,-1.2128899,3.5529447,3.862381e-07,3.7542665004730225,2.768998514505803e-07,-9.536742640435957e-07,1.8997427941065408,0.4122866749763489,1.6844122739777607e-05,0.0
467,25,-305.0479,453.54553,-0.0111551285,-1.2128419,3.5529606,4.529953e-07,3.7542662620544434,2.768998514505803e-07,-9.536742640435957e-07,1.8997427941065408,0.4122866868972779,-3.1173446281239348e-06,0.0
468,25,-305.10855,453.72327,-0.011154976,-1.2128638,3.5529504,-5.865097e-07,3.7542636394500732,2.768998514505803e-07,-9.536742640435957e-07,1.8997427941065408,0.41228681802749634,-1.43232967219076e-05,0.0
469,25,-305.16922,453.901,-0.011155014,-1.2128917,3.5529404,6.866455e-07,3.754263162612915,2.768998514505803e-07,-9.536742640435957e-07,1.8997427941065408,0.41228684186935427,-1.5275052408706544e-05,0.0
470,25,-305.22995,454.07874,-0.011154976,-1.2129047,3.5529373,-1.4400482e-06,3.7542643547058105,1.0216677152913785e-07,-9.536742640435957e-07,1.8997450577934674,0.4122867822647095,1.1095177671083434e-05,0.0
471,26,-305.29062,454.25647,-0.011155167,-1.2128605,3.5529537,-1.1920929e-06,3.754265546798706,1.0216677152913785e-07,-9.536742640435957e-07,1.8997450577934674,0.4122867226600647,8.615137410969507e-05,0.0
472,26,-305.35117,454.4342,-0.011155167,-1.2126993,3.5530083,-1.0538101e-06,3.754265308380127,-5.326321227737852e-07,-9.536742640435957e-07,1.8997425277904318,0.4122867345809937,5.3921748508682926e-05,0.0
473,26,-305.4117,454.61194,-0.011155052,-1.2127007,3.553009,-3.528595e-07,3.7542662620544434,-5.326321862684935e-07,-9.536742640435957e-07,1.8997378672585243,0.4122866868972779,1.6501212560625815e-05,0.0
474,26,-305.47226,454.78967,-0.011154976,-1.212763,3.5529888,3.4952163e-06,3.7542672157287598,-5.326322180158476e-07,-9.536742640435957e-07,1.8997346714652161,0.412286639213562,-2.1694582753508948e-05,0.0
475,26,-305.53284,454.9674,-0.011154938,-1.2128512,3.5529585,3.2949447e-06,3.7542672157287598,-5.326322180158476e-07,-9.536742640435957e-07,1.8997346714652161,0.412286639213562,-4.964139689737429e-05,0.0
476,26,-305.59354,455.14514,-0.0111551285,-1.2129353,3.5529299,3.862381e-07,3.754267454147339,3.4660551687609914e-07,-9.536742640435957e-07,1.8997365356779792,0.4122866272926331,-3.959790456526364e-05,0.0
477,26,-305.6543,455.32288,-0.011154938,-1.2129494,3.5529246,1.1014938e-06,3.7542669773101807,4.581525442099078e-07,-9.536742640435957e-07,1.8997395983132328,0.412286651134491,-7.19019026041243e-06,0.0
478,26,-305.71503,455.5006,-0.011154976,-1.2128985,3.5529408,-1.2302398e-06,3.754265785217285,2.7435263423764795e-07,-9.536742640435957e-07,1.8997418620001594,0.41228671073913575,1.6587622565383817e-05,0.0
479,26,-305.77567,455.67834,-0.011154976,-1.21284,3.552962,5.8174135e-07,3.7542667388916016,2.7435263423764795e-07,-9.536742640435957e-07,1.8997418620001594,0.41228666305541994,6.317309508234831e-06,0.0
480,26,-305.8362,455.85608,-0.011155052,-1.2128401,3.5529606,-3.480911e-07,3.754265546798706,2.7435263423764795e-07,-9.536742640435957e-07,1.8997418620001594,0.4122867226600647,-4.0453295253510064e-05,0.0
481,26,-305.8969,456.0338,-0.011154938,-1.2129303,3.5529308,-8.916855e-07,3.7542665004730225,2.7435263423764795e-07,-9.536742640435957e-07,1.8997418620001594,0.4122866749763489,-3.052864846665938e-05,0.0
482,27,-305.95764,456.21155,-0.011154938,-1.2129437,3.5529268,2.8896332e-06,3.7542672157287598,2.401171288263501e-07,-9.536742640435957e-07,1.8997447914773584,0.412286639213562,7.120461894380889e-05,0.0
483,27,-306.01825,456.38928,-0.011155052,-1.2127541,3.5529907,-7.2479247e-07,3.7542662620544434,2.401171288263501e-07,-9.536742640435957e-07,1.8997447914773584,0.4122866868972779,5.7588447303980813e-05,0.0
484,27,-306.0788,456.56702,-0.011154899,-1.212714,3.553005,-5.245209e-07,3.7542667388916016,-5.326321227737852e-07,-9.536742640435957e-07,1.8997383998907422,0.41228666305541994,1.7462008995287327e-05,0.0
485,27,-306.13934,456.74475,-0.011154976,-1.2127684,3.5529864,-1.5830993e-06,3.7542667388916016,-5.326321227737852e-07,-9.536742640435957e-07,1.8997358698877067,0.41228666305541994,-2.0368811940519226e-05,0.0
486,27,-306.1999,456.9225,-0.011155014,-1.2127796,3.5529835,-2.5272368e-07,3.754267692565918,-5.326321227737852e-07,-9.536742640435957e-07,1.8997358698877067,0.41228661537170413,-5.803602621476111e-05,0.0
487,27,-306.26053,457.10022,-0.011155167,-1.2129271,3.5529337,-1.7642974e-06,3.754268169403076,-5.326321227737852e-07,-9.536742640435957e-07,1.8997358698877067,0.4122865915298462,-7.020438130781522e-05,0.0
488,27,-306.32126,457.27795,-0.011155052,-1.2130033,3.5529065,-1.0442734e-06,3.7542672157287598,5.443378484594838e-07,-9.536742640435957e-07,1.8997398646293417,0.412286639213562,-4.7765595049253016e-05,0.0
489,27,-306.38202,457.4557,-0.011154976,-1.2129958,3.552911,-1.6117095e-06,3.7542691230773926,5.572804828102502e-07,-9.536742640435957e-07,1.899744125687086,0.4122865438461304,-1.2413698805485521e-05,0.0
490,27,-306.44275,457.63342,-0.011154899,-1.2129354,3.552932,1.1539458e-06,3.7542693614959717,3.0677042901336677e-07,-9.536742640435957e-07,1.8997466556901215,0.4122865319252014,1.2662821913655844e-05,0.0
491,27,-306.50342,457.81116,-0.011155052,-1.2128724,3.552953,-6.67572e-07,3.7542688846588135,3.0677042901336677e-07,-9.536742640435957e-07,1.8997466556901215,0.41228655576705936,1.2973807307326025e-05,0.0
492,28,-306.5641,457.9889,-0.011155052,-1.2128521,3.5529604,-1.5115737e-06,3.7542693614959717,3.0677042901336677e-07,-9.536742640435957e-07,1.8997466556901215,0.4122865319252014,8.726070436856861e-05,0.0
493,28,-306.62463,458.16663,-0.011155052,-1.212698,3.5530128,-1.3780593e-06,3.7542691230773926,-5.326322180158476e-07,-9.536742640435957e-07,1.899743326738759,0.4122865438461304,5.428236849165731e-05,0.0
494,28,-306.68518,458.34436,-0.011154976,-1.2127024,3.5530112,-3.733635e-06,3.7542688846588135,-5.326321227737852e-07,-9.536742640435957e-07,1.8997382667326876,0.41228655576705936,1.669203873450519e-05,0.0
495,28,-306.74573,458.5221,-0.011155014,-1.2127657,3.5529897,-1.7547607e-06,3.7542691230773926,-5.326321227737852e-07,-9.536742640435957e-07,1.8997356035715978,0.4122865438461304,-2.03837992468375e-05,0.0
496,28,-306.80627,458.69983,-0.0111551285,-1.2128522,3.5529616,-7.200241e-07,3.754270315170288,-5.326321227737852e-07,-9.536742640435957e-07,1.8997356035715978,0.4122864842414856,-5.6946863803066016e-05,0.0
497,28,-306.867,458.87756,-0.011154976,-1.2129519,3.5529277,-1.783371e-06,3.754270553588867,3.8076830497271467e-07,-9.536742640435957e-07,1.8997374677843608,0.41228647232055665,-3.799497789426547e-05,0.0
498,28,-306.92773,459.0553,-0.011154976,-1.2129546,3.5529273,-2.5606155e-06,3.7542710304260254,4.769218974573804e-07,-9.536742640435957e-07,1.8997407967357234,0.4122864484786988,-1.5505925193913162e-05,0.0
499,28,-306.9885,459.23303,-0.0111551285,-1.2129196,3.5529392,-3.004074e-07,3.7542710304260254,3.0561726986854864e-07,-9.536742640435957e-07,1.89974306042265,0.4122864484786988,1.7822152005306135e-05,0.0
500,28,-307.04916,459.41077,-0.011155167,-1.2128482,3.5529625,-2.2745132e-06,3.754270076751709,3.0561726986854864e-07,-9.536742640435957e-07,1.89974306042265,0.4122864961624146,1.8640410253737707e-05,0.0
501,28,-307.1097,459.5885,-0.011155052,-1.2128229,3.5529704,-4.863739e-07,3.7542693614959717,3.0561726986854864e-07,-9.536742640435957e-07,1.89974306042265,0.4122865319252014,-2.6712942323082786e-05,0.0
502,28,-307.17035,459.76624,-0.011155014,-1.2129003,3.5529442,-9.4890595e-07,3.754269599914551,3.0561726986854864e-07,-9.536742640435957e-07,1.89974306042265,0.41228652000427246,-4.076689072450827e-05,0.0
503,29,-307.2311,459.94397,-0.0111551285,-1.212954,3.5529253,-1.4400482e-06,3.7542691230773926,2.2702680578407433e-07,-9.536742640435957e-07,1.8997447914773584,0.4122865438461304,7.30123028810033e-05,0.0
504,29,-307.29172,460.1217,-0.011155205,-1.2127546,3.5529933,-2.1982194e-06,3.7542688846588135,2.2702680578407433e-07,-9.536742640435957e-07,1.8997447914773584,0.41228655576705936,5.9630634572911955e-05,0.0
505,29,-307.35226,460.29944,-0.011155014,-1.2127111,3.5530078,-1.1110305e-06,3.7542686462402344,-5.326321227737852e-07,-9.536742640435957e-07,1.8997390656810147,0.4122865676879883,2.0858334862621304e-05,0.0
506,29,-307.4128,460.47717,-0.011155052,-1.2127616,3.55299,-7.152557e-08,3.754267930984497,-5.326321227737852e-07,-9.536742640435957e-07,1.8997361362038157,0.41228660345077517,-1.694089510016819e-05,0.0
507,29,-307.47336,460.6549,-0.011155052,-1.2128445,3.5529616,6.198883e-08,3.754267930984497,-5.326321227737852e-07,-9.536742640435957e-07,1.8997361362038157,0.41228660345077517,-5.395835447005287e-05,0.0
508,29,-307.5341,460.83264,-0.011155052,-1.2129434,3.5529268,-1.7547607e-06,3.7542669773101807,-5.326321227737852e-07,-9.536742640435957e-07,1.8997361362038157,0.412286651134491,-3.7074787678890955e-05,0.0
509,29,-307.59482,461.01038,-0.011155052,-1.21295,3.5529265,-1.0108947e-06,3.7542688846588135,4.2209408984959607e-07,-9.536742640435957e-07,1.8997407967357234,0.41228655576705936,-1.2388000003904446e-05,0.0
510,29,-307.65555,461.1881,-0.011155052,-1.2129118,3.5529392,-1.5211104e-06,3.7542684078216553,2.7066324246443364e-07,-9.536742640435957e-07,1.8997427941065408,0.41228657960891724,1.0740110076826772e-05,0.0
511,29,-307.71622,461.36584,-0.011155167,-1.212858,3.5529556,-1.3017655e-06,3.7542667388916016,2.7066324246443364e-07,-9.536742640435957e-07,1.8997427941065408,0.41228666305541994,1.1202724164311465e-05,0.0
512,29,-307.77682,461.54358,-0.0111551285,-1.212841,3.5529635,7.1048737e-07,3.7542686462402344,2.7066324246443364e-07,-9.536742640435957e-07,1.8997427941065408,0.4122865676879883,-1.1886032908377789e-05,0.0
513,29,-307.83746,461.7213,-0.011155167,-1.212879,3.5529497,-1.783371e-06,3.754267692565918,2.7066324246443364e-07,-9.536742640435957e-07,1.8997427941065408,0.41228661537170413,-2.530385134670787e-05,0.0
514,30,-307.8982,461.89905,-0.011155014,-1.2129178,3.552937,4.7683716e-07,3.7542684078216553,2.7066324246443364e-07,-9.536742640435957e-07,1.8997427941065408,0.41228657960891724,7.911493145984627e-05,0.0
515,30,-307.95877,462.07678,-0.011154976,-1.2127302,3.5530016,-7.629394e-07,3.7542688846588135,2.7066324246443364e-07,-9.536742640435957e-07,1.8997427941065408,0.41228655576705936,5.773793381615768e-05,0.0
516,30,-308.01932,462.25452,-0.011155052,-1.2127045,3.5530107,2.3841858e-07,3.7542693614959717,-5.326322180158476e-07,-9.536742640435957e-07,1.8997380004165787,0.4122865319252014,1.9761292249545327e-05,0.0
517,30,-308.07986,462.43225,-0.011154899,-1.2127591,3.5529926,2.9087067e-07,3.75426983833313,-5.326322180158476e-07,-9.536742640435957e-07,1.8997346714652161,0.41228650808334355,-1.9071533835277992e-05,0.0
518,30,-308.1404,462.61,-0.0111551285,-1.2128456,3.5529623,-1.7118454e-06,3.7542688846588135,-5.326322180158476e-07,-9.536742640435957e-07,1.8997346714652161,0.41228655576705936,-5.669362466799679e-05,0.0
519,30,-308.2011,462.78772,-0.011155205,-1.2129468,3.5529277,-1.9311904e-06,3.7542691230773926,3.5612467529201806e-07,-9.536742640435957e-07,1.8997365356779792,0.4122865438461304,-4.684333851799776e-05,0.0
520,30,-308.26187,462.96545,-0.01115509,-1.212968,3.5529208,-8.2015987e-07,3.7542693614959717,4.765041340241105e-07,-9.536742640435957e-07,1.8997403972615599,0.4122865319252014,-1.3177650831844871e-05,0.0
521,30,-308.3226,463.1432,-0.0111551285,-1.2129182,3.552937,-3.13282e-06,3.7542684078216553,3.0570740060698264e-07,-9.536742640435957e-07,1.8997427941065408,0.41228657960891724,1.0843715896688021e-05,0.0
522,30,-308.38327,463.32092,-0.011155052,-1.21286,3.5529566,-8.153915e-07,3.754268169403076,3.0570740060698264e-07,-9.536742640435957e-07,1.8997427941065408,0.4122865915298462,1.1321269198038453e-05,0.0
523,30,-308.44388,463.49866,-0.011154976,-1.2128415,3.5529642,-1.6069412e-06,3.7542693614959717,3.0570740060698264e-07,-9.536742640435957e-07,1.8997427941065408,0.4122865319252014,-1.2242317890688784e-05,0.0
524,31,-308.50443,463.6764,-0.01115509,-1.212834,3.5529659,-1.1110305e-06,3.7542686462402344,3.0570740060698264e-07,-9.536742640435957e-07,1.8997427941065408,0.4122865676879883,4.9204841957017274e-05,0.0
525,31,-308.56497,463.85413,-0.0111551285,-1.2127557,3.5529938,-1.9025803e-06,3.75426983833313,-5.326321227737852e-07,-9.536742640435957e-07,1.8997403972615599,0.41228650808334355,1.6098601405200685e-05,0.0
526,31,-308.62552,464.03186,-0.011155014,-1.2127885,3.5529811,-1.0299682e-06,3.7542684078216553,-5.326321862684935e-07,-9.536742640435957e-07,1.8997378672585243,0.41228657960891724,-1.9635114199069605e-05,0.0
527,31,-308.6861,464.2096,-0.011154899,-1.2128637,3.5529559,1.5163421e-06,3.7542686462402344,-5.326321862684935e-07,-9.536742640435957e-07,1.8997378672585243,0.4122865676879883,-4.618214263937251e-05,0.0
528,31,-308.74683,464.38733,-0.01115509,-1.2129408,3.5529296,8.7261196e-07,3.7542688846588135,2.828984187753045e-07,-9.536742640435957e-07,1.8997398646293417,0.41228655576705936,-2.7406933575899724e-05,0.0
529,31,-308.80756,464.56506,-0.011155014,-1.2129349,3.552931,-2.2125244e-06,3.7542684078216553,3.414296822341919e-07,-9.536742640435957e-07,1.8997425277904318,0.41228657960891724,-6.248894615221575e-06,0.0
530,31,-308.86832,464.7428,-0.0111551285,-1.2128974,3.5529413,-1.7786026e-06,3.754265785217285,3.414296822341919e-07,-9.536742640435957e-07,1.8997425277904318,0.41228671073913575,2.3034224253125594e-05,0.0
531,31,-308.92892,464.92053,-0.011155205,-1.2128323,3.552965,-9.775162e-07,3.7542672157287598,3.414296822341919e-07,-9.536742640435957e-07,1.8997425277904318,0.412286639213562,3.306335544244874e-06,0.0
532,31,-308.98947,465.09827,-0.011155167,-1.2128478,3.552958,-2.1219253e-06,3.754265546798706,3.414296822341919e-07,-9.536742640435957e-07,1.8997425277904318,0.4122867226600647,-4.050237347033319e-05,0.0
533,31,-309.0502,465.276,-0.011155014,-1.2129378,3.552929,-1.988411e-06,3.7542672157287598,1.3268006633986802e-07,-9.536742640435957e-07,1.8997447914773584,0.412286639213562,-1.676825175747116e-05,0.0
534,31,-309.11096,465.45374,-0.0111551285,-1.2129242,3.5529337,-6.2465665e-07,3.754267454147339,1.8263343281237543e-07,-9.536742640435957e-07,1.8997466556901215,0.4122866272926331,2.1274820018438725e-05,0.0
535,32,-309.1716,465.63147,-0.011154976,-1.2128499,3.552959,-2.0122527e-06,3.7542672157287598,1.8263343281237543e-07,-9.536742640435957e-07,1.8997466556901215,0.412286639213562,0.0020207034580335954,0.0
536,32,-309.23215,465.8092,-0.011154976,-1.2089081,3.554293,-1.7690658e-06,3.754258632659912,-9.587379924285257e-06,-9.536742640435957e-07,1.899668092437964,0.4122870683670044,0.0019654890444500022,0.0
537,32,-309.29257,465.9869,-0.011155014,-1.2075158,3.554763,-8.34465e-07,3.754255533218384,-1.5978966540475428e-05,-9.536742640435957e-07,1.8995289422710075,0.41228722333908085,0.0018038887443437986,0.0
538,32,-309.35297,466.16464,-0.01115509,-1.2070181,3.5549319,-7.009506e-07,3.754255533218384,-1.6511598758491276e-05,-9.536742640435957e-07,1.899380870514399,0.41228722333908085,0.0016206658683664138,0.0
539,32,-309.4134,466.34235,-0.011155014,-1.206852,3.5549889,-1.3780593e-06,3.754256010055542,-1.4381068870512554e-05,-9.536742640435957e-07,1.8992409213991155,0.4122871994972229,0.0014614198768202599,0.0
540,32,-309.47382,466.52008,-0.011154976,-1.2067772,3.5550168,-1.1587142e-06,3.754258394241333,-1.1185275562417467e-05,-9.536742640435957e-07,1.8991130896667916,0.41228708028793337,0.0013171819544361514,0.0
541,32,-309.53418,466.69775,-0.011155014,-1.2067342,3.5550325,-1.8119812e-06,3.7542593479156494,-9.054746690354077e-06,-9.536742640435957e-07,1.8989972421593733,0.41228703260421756,0.0011777551023772414,0.0
542,32,-309.59457,466.8755,-0.01115509,-1.2067214,3.5550375,-1.1157989e-06,3.7542600631713867,-6.9242193421636855e-06,-9.536742640435957e-07,1.8988927130865876,0.41228699684143066,0.0010579497764688622,0.0
543,32,-309.65497,467.05322,-0.011154976,-1.2067081,3.5550427,-8.34465e-07,3.754260540008545,-5.32632167220081e-06,-9.536742640435957e-07,1.8987993692903804,0.4122869729995728,0.0009547879407334388,0.0
544,32,-309.71536,467.23093,-0.01115509,-1.2066871,3.555051,2.5701522e-06,3.7542619705200195,-4.2610569821902815e-06,-9.536742640435957e-07,1.8987150802418793,0.41228690147399905,0.0008698303642936929,0.0
545,32,-309.77573,467.40866,-0.01115509,-1.2066504,3.555067,-4.339218e-07,3.754265308380127,-3.195793308095086e-06,-9.536742640435957e-07,1.898638913834703,0.4122867345809937,0.0007819104644131946,0.0
546,33,-309.83612,467.5864,-0.011155014,-1.2066318,3.5550733,-7.05719e-07,3.754265069961548,-2.663160836100405e-06,-9.536742640435957e-07,1.898569671646361,0.41228674650192265,0.0049965534262738755,0.0
547,33,-309.89627,467.7641,-0.0111551285,-1.1982036,3.5578842,-1.8644332e-06,3.7542285919189453,-2.1837918906819086e-05,-9.536742640435957e-07,1.8983422376892682,0.41228857040405276,0.004825546343299471,0.0
548,33,-309.95624,467.94196,-0.011155052,-1.195192,3.5588903,-8.2015987e-07,3.7542221546173096,-3.5153726389045946e-05,-9.536742640435957e-07,1.8979910998995413,0.41228889226913457,0.004437197653385918,0.0
549,33,-310.01614,468.12003,-0.01115509,-1.1940727,3.5592678,1.335144e-07,3.7542238235473633,-3.568635047973913e-05,-9.536742640435957e-07,1.89762504840771,0.41228880882263186,0.003996935268628078,0.0
550,33,-310.07605,468.29807,-0.011155052,-1.1936744,3.5594027,-3.4856796e-06,3.754225254058838,-3.142529476744302e-05,-9.536742640435957e-07,1.8972793700982176,0.4122887372970581,0.0035903344347253652,0.0
551,33,-310.13593,468.47617,-0.011154899,-1.193519,3.5594606,3.004074e-07,3.7542307376861572,-2.5033712214914173e-05,-9.536742640435957e-07,1.896963785509043,0.41228846311569217,0.003211565182016855,0.0
552,33,-310.1958,468.65424,-0.011155052,-1.1934686,3.559482,-1.4448166e-06,3.754234790802002,-1.9707388002925033e-05,-9.536742640435957e-07,1.8966804251690588,0.4122882604598999,0.0028822415840909768,0.0
553,33,-310.25568,468.83234,-0.01115509,-1.1934325,3.5594978,-7.2956084e-07,3.7542383670806885,-1.5446331274713584e-05,-9.536742640435957e-07,1.8964255606527383,0.4122880816459656,0.002591345300800104,0.0
554,33,-310.31555,469.01047,-0.011155052,-1.1933938,3.5595129,-1.66893e-07,3.7542402744293213,-1.1717906764517982e-05,-9.536742640435957e-07,1.8961967951151004,0.41228798627853397,0.0023358929397631766,0.0
555,33,-310.37537,469.18854,-0.01115509,-1.193346,3.5595317,-3.33786e-06,3.7542431354522705,-9.054744658523412e-06,-9.536742640435957e-07,1.8959906664467283,0.4122878432273865,0.0020995091011413833,0.0
556,34,-310.43518,469.36664,-0.011154976,-1.1933098,3.5595443,-8.6307523e-07,3.7542433738708496,-6.924218326248353e-06,-9.536742640435957e-07,1.8958053104348587,0.4122878313064575,0.007229511201625512,0.0
557,34,-310.49466,469.5447,-0.011154899,-1.1828043,3.562995,1.7166137e-07,3.7541921138763428,-3.036003439507265e-05,-9.536742640435957e-07,1.895432334724193,0.41229039430618286,0.006887408604984865,0.0
558,34,-310.5539,469.72275,-0.0111551285,-1.1790936,3.5642178,-1.7166137e-07,3.754185676574707,-4.5806366685701566e-05,-9.536742640435957e-07,1.8949174125274264,0.41229071617126467,0.00630705354783768,0.0
559,34,-310.61307,469.90085,-0.011154938,-1.1777166,3.5646791,3.1042098e-06,3.7541916370391846,-4.6338998903717414e-05,-9.536742640435957e-07,1.8943917045282446,0.4122904181480408,0.005697668964449722,0.0
560,34,-310.6721,470.0789,-0.011155014,-1.1771834,3.5648642,4.7683715e-09,3.754199981689453,-3.994741228752724e-05,-9.536742640435957e-07,1.8938986202524164,0.41229000091552737,0.0050991259508247466,0.0
561,34,-310.73108,470.25693,-0.0111551285,-1.1770087,3.564931,-2.1123885e-06,3.754208564758301,-3.2490565298966704e-05,-9.536742640435957e-07,1.8934501439248472,0.41228957176208497,0.004554351231865333,0.0
562,34,-310.79004,470.43503,-0.011155167,-1.1769632,3.564954,-5.7220456e-07,3.754216194152832,-2.5033712214914173e-05,-9.536742640435957e-07,1.8930468081777547,0.41228919029235844,0.004056755109143691,0.0
563,34,-310.84897,470.61313,-0.011155014,-1.1769776,3.5649557,7.7724457e-07,3.7542223930358887,-1.9174759848570515e-05,-9.536742640435957e-07,1.8926863493242125,0.4122888803482056,0.0036083994258790664,0.0
564,34,-310.9079,470.7912,-0.0111551285,-1.1770172,3.564949,3.528595e-07,3.754228353500366,-1.438106785459722e-05,-9.536742640435957e-07,1.892365172096749,0.4122885823249817,0.003218073791102853,0.0
565,34,-310.9668,470.9693,-0.011154938,-1.1770431,3.5649462,3.671646e-06,3.7542338371276855,-1.065264334440162e-05,-9.536742640435957e-07,1.8920787491215108,0.4122883081436157,0.0028615589761103425,0.0
566,34,-311.02567,471.14737,-0.011155052,-1.1770796,3.5649383,-1.3923644e-06,3.754237651824951,-7.989483270237714e-06,-9.536742640435957e-07,1.8918241509212992,0.4122881174087525,0.0025410128999212196,0.0
567,35,-311.08456,471.32547,-0.011155052,-1.177122,3.5649288,1.206398e-06,3.754242181777954,-5.858953382258991e-06,-9.536742640435957e-07,1.8915976490705881,0.4122878909111023,0.008388742308737523,0.0
568,35,-311.1432,471.50385,-0.011154976,-1.1651238,3.5687976,-1.0251998e-06,3.7541749477386475,-3.3023191421490555e-05,-9.536742640435957e-07,1.8911599585454335,0.41229125261306765,0.007977190387365414,0.0
569,35,-311.20154,471.68228,-0.011154938,-1.1608984,3.5701678,2.026558e-06,3.754168748855591,-5.0600056647844195e-05,-9.536742640435957e-07,1.8905612799323837,0.4122915625572205,0.007286057691734065,0.0
570,35,-311.2598,471.8607,-0.01115509,-1.1593603,3.570675,-1.2397766e-06,3.754175901412964,-5.166532108387589e-05,-8.344649810381463e-07,1.8899532802555186,0.41229120492935184,0.0065673802541360154,0.0
571,35,-311.31805,472.03915,-0.011155014,-1.1587864,3.5708706,-1.5211104e-06,3.7541847229003906,-4.47411063133312e-05,-9.536742640435957e-07,1.8893846953627866,0.4122907638549805,0.005901807928130002,0.0
572,35,-311.37625,472.21762,-0.011155014,-1.1585497,3.5709598,-6.198883e-07,3.7541964054107666,-3.621898676141631e-05,-9.536742640435957e-07,1.8888663110566029,0.4122901797294617,0.0052906668402601005,0.0
573,35,-311.43445,472.39606,-0.011154861,-1.1584488,3.5710006,1.1587142e-06,3.754204034805298,-2.822950552300926e-05,-9.536742640435957e-07,1.8883990594433484,0.4122897982597351,0.004757022533674636,0.0
574,35,-311.4926,472.57452,-0.011154976,-1.1583657,3.5710366,-2.2411346e-07,3.7542128562927246,-2.1837918906819086e-05,-9.536742640435957e-07,1.8879793452555518,0.4122893571853638,0.004280168428119039,0.0
575,35,-311.55078,472.75296,-0.011155014,-1.1582885,3.5710711,-1.8787383e-06,3.7542216777801514,-1.7044227928761126e-05,-9.536742640435957e-07,1.8876017090129786,0.41228891611099244,0.003870555933074518,0.0
576,35,-311.60892,472.93143,-0.011154976,-1.1581783,3.571112,-5.197525e-07,3.7542266845703125,-1.3315805450396191e-05,-9.536742640435957e-07,1.8872608243934486,0.4122886657714844,0.003503627436836313,0.0
577,35,-311.667,473.10992,-0.011154976,-1.1580608,3.571155,-1.926422e-06,3.7542312145233154,-1.065264334440162e-05,-9.536742640435957e-07,1.8869528298133809,0.41228843927383424,0.0031605935044269912,0.0
578,36,-311.72495,473.2884,-0.011155014,-1.1579704,3.5711892,-1.7642974e-06,3.7542359828948975,-8.522114980295896e-06,-9.536742640435957e-07,1.8866750621116857,0.41228820085525514,0.009301602536167283,0.0
579,36,-311.7826,473.467,-0.011155014,-1.145212,3.5752218,-1.835823e-06,3.7541606426239014,-3.6751614915770823e-05,-9.536742640435957e-07,1.8861753199331321,0.41229196786880495,0.008824999152001581,0.0
580,36,-311.84,473.64584,-0.011155014,-1.1407123,3.5766513,-1.2731551e-06,3.754152297973633,-5.5393754737309484e-05,-8.344649810381463e-07,1.8855087307122853,0.4122923851013184,0.00805635390192969,0.0
581,36,-311.89728,473.82465,-0.011154976,-1.1390685,3.5771844,-1.5830993e-06,3.7541611194610596,-5.592637476434134e-05,-8.344649810381463e-07,1.8848350841145498,0.412291944026947,0.007254872700710959,0.0
582,36,-311.95453,474.00348,-0.011154861,-1.1384646,3.5773904,7.4386594e-07,3.75417423248291,-4.8469531839442135e-05,-8.344649810381463e-07,1.884205246516746,0.4122912883758545,0.006506328446863345,0.0
583,36,-312.01163,474.18228,-0.011155052,-1.1382362,3.5774744,1.1539458e-06,3.7541849613189697,-3.888215191515688e-05,-9.536742640435957e-07,1.8836334658307061,0.4122907519340515,0.005795711964529513,0.0
584,36,-312.0687,474.36118,-0.011155014,-1.1382072,3.5774953,-1.8835067e-06,3.7541961669921875,-3.036003439507265e-05,-9.536742640435957e-07,1.8831202746886477,0.41229019165039066,0.005146038617035872,0.0
585,36,-312.1257,474.53998,-0.011155014,-1.1382661,3.5774853,-3.3998488e-06,3.754204273223877,-2.2903183342850783e-05,-9.536742640435957e-07,1.8826626104553177,0.4122897863388062,0.004560630869393465,0.0
586,36,-312.1827,474.71884,-0.011155167,-1.1383593,3.577463,-2.5177e-06,3.75421142578125,-1.7044229960591793e-05,-9.536742640435957e-07,1.8822562120729716,0.41228942871093754,0.0040370917267177064,0.0
587,36,-312.2397,474.89767,-0.011155052,-1.1384647,3.5774405,-1.4305115e-06,3.7542219161987305,-1.2783173232380344e-05,-9.536742640435957e-07,1.8818952205872113,0.4122889041900635,0.0035661888028107455,0.0
588,37,-312.29678,475.07654,-0.011155014,-1.1385773,3.5774117,-1.5163421e-06,3.7542285919189453,-9.054746690354077e-06,-9.536742640435957e-07,1.8815761738886199,0.41228857040405276,0.009762801193254496,0.0
589,37,-312.35352,475.25543,-0.011155014,-1.1256629,3.5814147,-1.8692016e-06,3.754150867462158,-3.7284251197448006e-05,-9.536742640435957e-07,1.88103928061286,0.4122924566268921,0.009251265761960722,0.0
590,37,-312.40994,475.43448,-0.011154861,-1.1210923,3.5828395,-2.6607513e-06,3.7541425228118896,-5.5926382891664006e-05,-8.344649810381463e-07,1.8803363392431334,0.41229287385940555,0.008440514739942163,0.0
591,37,-312.46625,475.6137,-0.011154976,-1.1194218,3.583374,-2.1839141e-06,3.7541542053222656,-5.6459006982357186e-05,-8.344649810381463e-07,1.879629403131772,0.41229228973388676,0.0075828701970778465,0.0
592,37,-312.52252,475.7929,-0.011155014,-1.1188403,3.5835712,-3.3283234e-06,3.754169225692749,-4.900215593013532e-05,-9.536742640435957e-07,1.8789705370780863,0.41229153871536256,0.00678853117542856,0.0
593,37,-312.5786,475.97214,-0.01115509,-1.1186396,3.583647,-3.6096571e-06,3.7541816234588623,-3.941478006951139e-05,-9.536742640435957e-07,1.878373056887527,0.41229091882705693,0.006021299746050905,0.0
594,37,-312.6347,476.15137,-0.01115509,-1.1186707,3.5836504,-1.8692016e-06,3.7541942596435547,-3.036003439507265e-05,-9.536742640435957e-07,1.877838294140639,0.4122902870178223,0.005338269882415827,0.0
595,37,-312.69077,476.33063,-0.011155052,-1.1187645,3.5836313,-1.7786026e-06,3.7542037963867188,-2.2903181311020116e-05,-9.536742640435957e-07,1.877362653569951,0.4122898101806641,0.0047211619090245065,0.0
596,37,-312.7468,476.50983,-0.011155014,-1.118891,3.583603,-1.9598008e-06,3.7542145252227783,-1.7044230976507124e-05,-9.536742640435957e-07,1.876940942011337,0.4122892737388611,0.004171640485451586,0.0
597,37,-312.80292,476.6891,-0.011154899,-1.1190212,3.583569,1.0061264e-06,3.754221200942993,-1.2250539998449162e-05,-9.536742640435957e-07,1.8765675668265078,0.4122889399528504,0.003714103044412556,0.0
598,37,-312.85907,476.86835,-0.011155167,-1.1190863,3.5835571,-1.3685226e-06,3.7542290687561035,-9.054746690354077e-06,-9.536742640435957e-07,1.8762364027449565,0.4122885465621948,0.0033285743473854524,0.0
599,38,-312.91522,477.0476,-0.01115509,-1.1190866,3.5835617,-1.039505e-06,3.7542333602905273,-6.9242193421636855e-06,-9.536742640435957e-07,1.8759415908122847,0.41228833198547366,0.0098386093261975,0.0
600,38,-312.97092,477.22684,-0.011154938,-1.1055497,3.587674,-2.5939942e-06,3.754150152206421,-3.7284251197448006e-05,-9.536742640435957e-07,1.875413219652013,0.41229249238967897,0.009334803485816563,0.0
601,38,-313.02634,477.40604,-0.011154938,-1.100775,3.5891333,-1.7547607e-06,3.7541420459747314,-5.699164326403437e-05,-7.152556980326968e-07,1.8747078814373055,0.4122928977012634,0.008540203184316085,0.0
602,38,-313.08167,477.58527,-0.011155014,-1.0989935,3.5896885,-1.6784668e-06,3.7541511058807373,-5.80568995727434e-05,-7.152556980326968e-07,1.8739942874232187,0.41229244470596316,0.007716873938118614,0.0
603,38,-313.1368,477.76456,-0.011155014,-1.0982914,3.5899193,-1.2207031e-06,3.7541663646698,-5.060006071150553e-05,-8.344649810381463e-07,1.8733270324120994,0.41229168176651004,0.0069034584311089406,0.0
604,38,-313.19193,477.94418,-0.0111551285,-1.0980661,3.590002,5.674362e-07,3.7541794776916504,-4.101267672355894e-05,-9.536742640435957e-07,1.8727200979996703,0.4122910261154175,0.006132877865936467,0.0
605,38,-313.24704,478.12378,-0.01115509,-1.0980713,3.5900104,4.959106e-07,3.7541890144348145,-3.195792901728953e-05,-9.536742640435957e-07,1.8721756147148036,0.4122905492782593,0.0054502198464315334,0.0
606,38,-313.30212,478.30338,-0.011154938,-1.0981327,3.59,5.483627e-07,3.754196882247925,-2.396845184254381e-05,-9.536742640435957e-07,1.8716905199222458,0.41229015588760376,0.004838336480618401,0.0
607,38,-313.35718,478.48303,-0.011155052,-1.0982163,3.5899832,-7.486343e-07,3.7542054653167725,-1.8109491348877488e-05,-9.536742640435957e-07,1.8712594872998165,0.4122897267341614,0.0042820607112080316,0.0
608,38,-313.41223,478.6627,-0.011155014,-1.0983232,3.589955,-9.536743e-07,3.7542097568511963,-1.3315805450396191e-05,-9.536742640435957e-07,1.8708771905253356,0.4122895121574402,0.0037910430175341213,0.0
609,38,-313.46722,478.84235,-0.011154976,-1.0984248,3.5899298,-1.707077e-06,3.7542154788970947,-9.587379924285257e-06,-9.536742640435957e-07,1.8705384364346775,0.4122892260551453,0.003333146531837319,0.0
610,39,-313.52225,479.02197,-0.011155052,-1.0985614,3.5898921,-3.7670134e-07,3.7542192935943604,-6.924218326248353e-06,-9.536742640435957e-07,1.8702390971281526,0.412289035320282,0.009976317548782152,0.0
611,39,-313.57693,479.2016,-0.011155052,-1.0847743,3.593992,7.6293944e-08,3.7541327476501465,-3.7816883415463854e-05,-9.536742640435957e-07,1.8697043343812647,0.4122933626174927,0.009470020628886805,0.0
612,39,-313.63132,479.3812,-0.011155052,-1.0799059,3.5954483,-3.814697e-07,3.7541236877441406,-5.805690363640473e-05,-7.152556980326968e-07,1.8689895419446874,0.412293815612793,0.008659704851473554,0.0
613,39,-313.68552,479.56082,-0.011154938,-1.0781007,3.596001,-9.870529e-07,3.754134178161621,-5.912216807243643e-05,-8.344649810381463e-07,1.8682662273926218,0.412293291091919,0.007792650219865403,0.0
614,39,-313.7397,479.74042,-0.011154899,-1.0774511,3.5962124,-2.2888183e-07,3.754150152206421,-5.113269292952138e-05,-8.344649810381463e-07,1.8675897844757416,0.41229249238967897,0.006988295969631194,0.0
615,39,-313.79385,479.92,-0.011155014,-1.077205,3.5962994,-1.1920929e-06,3.7541630268096924,-4.154531300523611e-05,-9.536742640435957e-07,1.866976059002533,0.4122918486595154,0.0062745691754530495,0.0
616,39,-313.848,480.09964,-0.0111551285,-1.0770743,3.5963497,-2.479553e-07,3.754173755645752,-3.2490565298966704e-05,-9.536742640435957e-07,1.866422787286069,0.4122913122177124,0.005636209098066109,0.0
617,39,-313.90207,480.27924,-0.011155014,-1.0769821,3.596388,-1.5735626e-06,3.7541840076446533,-2.5033712214914173e-05,-9.536742640435957e-07,1.8659249093202788,0.4122907996177674,0.005061515969889307,0.0
618,39,-313.95618,480.4589,-0.011155014,-1.0769097,3.5964196,-8.010864e-07,3.7541935443878174,-1.917476188040118e-05,-9.536742640435957e-07,1.8654785635215814,0.4122903227806092,0.004568207966302542,0.0
619,39,-314.01025,480.63855,-0.011154976,-1.0768017,3.5964587,-1.5544891e-06,3.754199981689453,-1.4913700072613067e-05,-9.536742640435957e-07,1.8650756272486524,0.41229000091552737,0.0041308658671051915,0.0
620,40,-314.0643,480.81815,-0.0111551285,-1.0766766,3.596502,-1.1730194e-06,3.7542054653167725,-1.1717908796348647e-05,-9.536742640435957e-07,1.8647126383920747,0.4122897267341614,0.010450576705199475,0.0
621,40,-314.11792,480.9981,-0.011155052,-1.0632697,3.6004012,-1.335144e-07,3.754122018814087,-4.101268078722027e-05,-9.536742640435957e-07,1.8641262103200391,0.4122938990592957,0.009867387401458025,0.0
622,40,-314.17123,481.17807,-0.011154976,-1.0585549,3.6017838,7.7724457e-07,3.7541158199310303,-5.965480029045227e-05,-7.152556980326968e-07,1.8633712041510018,0.4122942090034485,0.00899363724057818,0.0
623,40,-314.2245,481.35806,-0.011155014,-1.0568348,3.6023028,3.1948088e-07,3.754128932952881,-5.965480029045227e-05,-7.152556980326968e-07,1.8626165974561277,0.41229355335235596,0.008110387360332922,0.0
624,40,-314.27765,481.5381,-0.011155052,-1.0561714,3.6025128,-2.2888183e-07,3.7541439533233643,-5.1665312956553224e-05,-8.344649810381463e-07,1.861912990296129,0.4122928023338318,0.0072736321778385194,0.0
625,40,-314.33063,481.71808,-0.01115509,-1.05592,3.6026015,3.7193297e-07,3.7541584968566895,-4.1545308941574786e-05,-9.536742640435957e-07,1.8612738316345099,0.41229207515716554,0.006474951390002405,0.0
626,40,-314.3836,481.89807,-0.011155052,-1.0558963,3.602622,-6.008148e-07,3.754171371459961,-3.2490565298966704e-05,-9.536742640435957e-07,1.8607004530518156,0.412291431427002,0.005766797276952487,0.0
627,40,-314.43655,482.07806,-0.011155052,-1.0559294,3.6026244,-1.66893e-07,3.754183053970337,-2.4501079996898325e-05,-9.536742640435957e-07,1.8601883271741935,0.4122908473014832,0.005133236120402078,0.0
628,40,-314.48947,482.25812,-0.011154976,-1.0559803,3.6026177,-2.2411346e-06,3.754190683364868,-1.8642125598724003e-05,-9.536742640435957e-07,1.8597317282052994,0.4122904658317566,0.004559205545990197,0.0
629,40,-314.5424,482.43814,-0.011154861,-1.0560523,3.6026037,2.5367735e-06,3.754197597503662,-1.3848436652496706e-05,-9.536742640435957e-07,1.8593259956132258,0.4122901201248169,0.004058512457557276,0.0
630,40,-314.59525,482.6182,-0.01115509,-1.0561049,3.602594,-6.67572e-07,3.7542030811309814,-1.0120012142301106e-05,-1.0728835470490452e-06,1.8589646046533022,0.41228984594345097,0.0035912681807549747,0.0
631,41,-314.64813,482.79822,-0.011154938,-1.0561905,3.602574,2.3365021e-06,3.7542080879211426,-7.456851052221867e-06,-1.0728835470490452e-06,1.8586435605838931,0.4122895956039429,0.010084419128084558,0.0
632,41,-314.7007,482.9784,-0.011155052,-1.0425872,3.606449,-7.9631803e-07,3.7541260719299316,-3.781688747912518e-05,-9.536742640435957e-07,1.8580941504510098,0.41229369640350344,0.009561169982990824,0.0
633,41,-314.753,483.15878,-0.011155014,-1.0377749,3.6078277,-8.153915e-07,3.754117250442505,-5.752427141838888e-05,-8.344649810381463e-07,1.857368705370072,0.4122941374778748,0.008720135780001238,0.0
634,41,-314.8051,483.33917,-0.011155052,-1.0360258,3.608343,1.46389e-06,3.754129409790039,-5.805690363640473e-05,-8.344649810381463e-07,1.8566383334411178,0.4122935295104981,0.007837692855658138,0.0
635,41,-314.85715,483.51956,-0.011155052,-1.0354091,3.608537,1.8596648e-07,3.754145860671997,-5.060006071150553e-05,-9.536742640435957e-07,1.8559578957826026,0.4122927069664002,0.006999889876043531,0.0
636,41,-314.90915,483.69995,-0.011154899,-1.0352303,3.608605,2.9850005e-06,3.754161834716797,-4.048004856920442e-05,-9.536742640435957e-07,1.8553408413580312,0.4122919082641602,0.006240989342175308,0.0
637,41,-314.96115,483.88034,-0.011154976,-1.0352051,3.608623,-7.6770783e-07,3.7541723251342773,-3.142529476744302e-05,-9.536742640435957e-07,1.8547879691157307,0.41229138374328617,0.005571665738688161,0.0
638,41,-315.0131,484.06073,-0.011154976,-1.0352112,3.6086328,-1.3828277e-06,3.754183292388916,-2.396845184254381e-05,-9.536742640435957e-07,1.8542940858915755,0.4122908353805542,0.00496426187588893,0.0
639,41,-315.06506,484.24115,-0.01115509,-1.035245,3.608632,-1.4305114e-08,3.7541921138763428,-1.8109493380708154e-05,-9.536742640435957e-07,1.8538533327311675,0.41229039430618286,0.0044394746408909025,0.0
640,41,-315.11697,484.4216,-0.011155052,-1.03525,3.6086395,-1.8119812e-07,3.7542004585266113,-1.3848436652496706e-05,-9.536742640435957e-07,1.8534595843639994,0.41228997707366943,0.003955208713272831,0.0
641,42,-315.16885,484.60202,-0.011154976,-1.0352769,3.6086388,3.0708313e-06,3.7542073726654053,-1.0120011126385772e-05,-9.536742640435957e-07,1.853108047100109,0.41228963136672975,0.010272242147856195,0.0
642,42,-315.22043,484.7824,-0.011154976,-1.0219109,3.6123636,3.0517577e-07,3.7541275024414062,-3.941478006951139e-05,-9.536742640435957e-07,1.8525353343076874,0.4122936248779297,0.009723820993385094,0.0
643,42,-315.2717,484.96295,-0.011155052,-1.0171727,3.6136932,-1.335144e-07,3.754120349884033,-5.805690363640473e-05,-7.152556980326968e-07,1.8517933776279911,0.41229398250579835,0.008874162308390833,0.0
644,42,-315.32278,485.14374,-0.011154899,-1.015428,3.6141977,4.863739e-07,3.754133701324463,-5.858953585442058e-05,-8.344649810381463e-07,1.851049556735532,0.41229331493377686,0.00796081841395646,0.0
645,42,-315.37384,485.32452,-0.011154899,-1.0148425,3.614379,-1.3875961e-06,3.7541496753692627,-5.0600056647844195e-05,-8.344649810381463e-07,1.8503576674843294,0.4122925162315369,0.007112320435008877,0.0
646,42,-315.42487,485.5053,-0.011155052,-1.0146669,3.6144445,5.38826e-07,3.7541654109954834,-4.048004450554309e-05,-9.536742640435957e-07,1.8497307593637249,0.41229172945022585,0.006345348308395533,0.0
647,42,-315.4759,485.6861,-0.01115509,-1.0146356,3.6144662,1.0919571e-06,3.7541778087615967,-3.1425298831104344e-05,-9.536742640435957e-07,1.849168832373718,0.41229110956192017,0.005669313382151421,0.0
648,42,-315.5269,485.8669,-0.011155052,-1.0146298,3.6144786,8.7738033e-07,3.754188060760498,-2.396845184254381e-05,-9.536742640435957e-07,1.8486664270340747,0.4122905969619751,0.005064453664660593,0.0
649,42,-315.57785,486.0477,-0.011155014,-1.014634,3.6144855,4.9114226e-07,3.7541959285736084,-1.8109493380708154e-05,-9.536742640435957e-07,1.8482168854420693,0.4122902035713196,0.0045270912118898455,0.0
650,42,-315.6288,486.22852,-0.01115509,-1.0146344,3.6144936,1.3256073e-06,3.7542037963867188,-1.3848436652496706e-05,-9.536742640435957e-07,1.8478152807496853,0.4122898101806641,0.004055522874549463,0.0
651,42,-315.67972,486.40933,-0.011155052,-1.0146157,3.6145067,9.3936916e-07,3.75421142578125,-1.065264334440162e-05,-1.0728835470490452e-06,1.8474564197927972,0.41228942871093754,0.0036221505025000257,0.0
652,43,-315.73065,486.59015,-0.0111551285,-1.0146157,3.6145134,4.673004e-07,3.7542178630828857,-7.989483270237714e-06,-1.0728835470490452e-06,1.8471352425653336,0.41228910684585574,0.010140982493385416,0.0
653,43,-315.78116,486.77097,-0.011155052,-1.0008867,3.6182528,1.1396407e-06,3.7541346549987793,-3.834951969714103e-05,-9.536742640435957e-07,1.846582370323033,0.41229326725006105,0.00961002905484405,0.0
654,43,-315.83133,486.95175,-0.011154976,-0.9960395,3.61958,9.1075896e-07,3.754124879837036,-5.805691176372739e-05,-7.152556980326968e-07,1.845853329974624,0.4122937560081482,0.008772522243069805,0.0
655,43,-315.88144,487.13248,-0.011154899,-0.99426085,3.6200812,-1.04904174e-07,3.754136800765991,-5.9122164008775095e-05,-7.152556980326968e-07,1.8451188301459802,0.41229315996170046,0.007925339498870494,0.0
656,43,-315.93143,487.31326,-0.011155052,-0.9935548,3.62029,1.0442734e-06,3.7541511058807373,-5.1132696993182704e-05,-8.344649810381463e-07,1.8444326666911213,0.41229244470596316,0.0071102006675487885,0.0
657,43,-315.9813,487.49408,-0.011154938,-0.9932876,3.6203804,-5.5789945e-07,3.7541675567626953,-4.1545317068897446e-05,-9.536742640435957e-07,1.8438084217316066,0.41229162216186527,0.006343183865110004,0.0
658,43,-316.03113,487.67487,-0.011154861,-0.9932304,3.6204083,-2.0503997e-07,3.7541792392730713,-3.2490565298966704e-05,-9.536742640435957e-07,1.8432468942157634,0.4122910380363465,0.005656497196778183,0.0
659,43,-316.08093,487.85565,-0.011154899,-0.99323916,3.6204174,3.056526e-06,3.754190444946289,-2.5033712214914173e-05,-9.536742640435957e-07,1.842745287824447,0.41229047775268557,0.005043195899230948,0.0
660,43,-316.13074,488.03647,-0.011155052,-0.9932665,3.620418,-4.673004e-07,3.7541983127593994,-1.8642125598724003e-05,-9.536742640435957e-07,1.8422977436032593,0.4122900843620301,0.004502876586177207,0.0
661,43,-316.1805,488.2173,-0.011155014,-0.9932832,3.6204214,-6.6280364e-07,3.7542059421539307,-1.4381068870512554e-05,-9.536742640435957e-07,1.8418972041753112,0.4122897028923035,0.0040179472308677616,0.0
662,43,-316.23026,488.3981,-0.011154938,-0.99330145,3.6204252,2.1743774e-06,3.7542145252227783,-1.065264334440162e-05,-9.536742640435957e-07,1.8415406069053497,0.4122892737388611,0.003583205517148759,0.0
663,44,-316.28,488.57895,-0.011155052,-0.99332196,3.6204238,-5.483627e-07,3.754218578338623,-7.989483270237714e-06,-1.0728835470490452e-06,1.8412223591550851,0.4122890710830689,0.01015371395581039,0.0
664,44,-316.32944,488.76007,-0.011154976,-0.97948277,3.624103,-1.0061264e-06,3.7541322708129883,-3.834951969714103e-05,-9.536742640435957e-07,1.8406709516513844,0.4122933864593506,0.00962766046360974,0.0
665,44,-316.37854,488.94125,-0.011154938,-0.9745924,3.625413,-1.87397e-06,3.754124164581299,-5.8589548045404574e-05,-7.152556980326968e-07,1.8399415118288116,0.41229379177093506,0.008784636066118812,0.0
666,44,-316.42746,489.1224,-0.011154938,-0.9728089,3.6259038,-1.578331e-06,3.754135847091675,-5.912216807243643e-05,-7.152556980326968e-07,1.8392064793679497,0.41229320764541627,0.007892753568782208,0.0
667,44,-316.4764,489.3036,-0.011154976,-0.97218686,3.6260877,-1.3256073e-06,3.754152297973633,-5.113269292952138e-05,-8.344649810381463e-07,1.8385208485453088,0.4122923851013184,0.007079437880302856,0.0
668,44,-316.5253,489.4848,-0.011155052,-0.9719449,3.6261678,-1.6927719e-06,3.754167079925537,-4.1545308941574786e-05,-9.536742640435957e-07,1.8378990004307754,0.41229164600372314,0.006335980136602029,0.0
669,44,-316.57413,489.66595,-0.011154976,-0.9718556,3.6262033,-2.7894973e-06,3.754178047180176,-3.2490565298966704e-05,-9.536742640435957e-07,1.8373390708115862,0.41229109764099126,0.005666164911625223,0.0
670,44,-316.623,489.84717,-0.011155014,-0.97182333,3.626222,-1.3875961e-06,3.754187822341919,-2.5033712214914173e-05,-9.536742640435957e-07,1.8368377307363788,0.4122906088829041,0.005085380840720848,0.0
671,44,-316.67178,490.02835,-0.0111551285,-0.97177273,3.626244,-1.0108947e-06,3.7541961669921875,-1.9174759848570515e-05,-9.536742640435957e-07,1.8363877896702099,0.41229019165039066,0.004560934662910651,0.0
672,44,-316.7206,490.20956,-0.011155167,-0.971728,3.6262639,2.9230116e-06,3.7542037963867188,-1.438106785459722e-05,-9.536742640435957e-07,1.8359844539231174,0.4122898101806641,0.004114556012478551,0.0
673,45,-316.76938,490.39078,-0.011155052,-0.97163934,3.6262937,4.7683716e-07,3.754209518432617,-1.1185277594248132e-05,-9.536742640435957e-07,1.8356222640148665,0.41228952407836916,0.010410787512402443,0.0
674,45,-316.81778,490.5721,-0.011154976,-0.9581869,3.6297882,9.059906e-08,3.754128932952881,-4.048004450554309e-05,-9.536742640435957e-07,1.8350373006814307,0.41229355335235596,0.00984381859574923,0.0
675,45,-316.86584,490.75366,-0.011155014,-0.9534268,3.6310337,-7.5817104e-07,3.7541215419769287,-5.912217619975909e-05,-7.152556980326968e-07,1.834285623463756,0.4122939229011536,0.00896615235717409,0.0
676,45,-316.9138,490.9352,-0.011154899,-0.9517035,3.6314995,-3.1948088e-07,3.7541348934173584,-5.9122164008775095e-05,-8.344649810381463e-07,1.8335322151913724,0.4122932553291321,0.008060492129836633,0.0
677,45,-316.96173,491.1168,-0.011155014,-0.9510872,3.6316762,-2.2792815e-06,3.7541494369506836,-5.113269292952138e-05,-8.344649810381463e-07,1.832831936982736,0.41229252815246586,0.0072297485196729135,0.0
678,45,-317.00958,491.2984,-0.011154976,-0.95084697,3.6317565,-1.0347366e-06,3.7541663646698,-4.101268078722027e-05,-9.536742640435957e-07,1.8321958409563706,0.41229168176651004,0.006460434015069246,0.0
679,45,-317.05728,491.47995,-0.011154861,-0.95077705,3.6317875,-1.7166137e-07,3.754178762435913,-3.195792901728953e-05,-9.536742640435957e-07,1.831624992376712,0.41229106187820436,0.005738432221777416,0.0
680,45,-317.10495,491.6615,-0.011154938,-0.9508281,3.6317859,2.6273726e-06,3.754189968109131,-2.4501079996898325e-05,-9.536742640435957e-07,1.8311149970279619,0.4122905015945435,0.005088744321303114,0.0
681,45,-317.15262,491.8431,-0.011154899,-0.9509227,3.631771,1.3542175e-06,3.754199743270874,-1.8109493380708154e-05,-9.536742640435957e-07,1.8306614606943215,0.41229001283645633,0.004509645265281517,0.0
682,45,-317.20035,492.02472,-0.01115509,-0.9510272,3.6317534,-5.483627e-07,3.754209041595459,-1.3315803418565526e-05,-9.536742640435957e-07,1.830258923895556,0.4122895479202271,0.0040230079336417935,0.0
683,45,-317.24808,492.20633,-0.011154976,-0.95107114,3.631749,-8.6307523e-07,3.754215717315674,-1.0120011126385772e-05,-9.536742640435957e-07,1.8299009950450493,0.4122892141342163,0.003600114149585524,0.0
684,46,-317.29584,492.3879,-0.011154861,-0.9510744,3.6317542,1.4686584e-06,3.7542216777801514,-7.456851052221867e-06,-1.0728835470490452e-06,1.8295816820303488,0.41228891611099244,0.010127709329858098,0.0
685,46,-317.34317,492.56952,-0.01115509,-0.9372707,3.6352534,-2.8324127e-06,3.754136800765991,-3.7816883415463854e-05,-9.536742640435957e-07,1.829030540842757,0.41229315996170046,0.009605320192264987,0.0
686,46,-317.3902,492.75107,-0.011154861,-0.9323843,3.6365023,2.0599364e-06,3.754129648208618,-5.805690770006606e-05,-8.344649810381463e-07,1.8283017668104569,0.4122935175895691,0.008785008663220281,0.0
687,46,-317.43707,492.9329,-0.011154938,-0.93055946,3.636982,-7.1048737e-07,3.7541415691375732,-5.858954398174324e-05,-7.152556980326968e-07,1.8275679327720855,0.41229292154312136,0.00790478891367312,0.0
688,46,-317.48383,493.11484,-0.011154976,-0.9299023,3.6371677,-3.3426284e-06,3.7541587352752686,-5.1132696993182704e-05,-8.344649810381463e-07,1.826882435107499,0.4122920632362366,0.007048913273550255,0.0
689,46,-317.53058,493.29678,-0.011155014,-0.92973316,3.637226,-2.0456314e-06,3.7541732788085938,-4.101267672355894e-05,-9.536742640435957e-07,1.8262608533090745,0.41229133605957036,0.006281293100577001,0.0
690,46,-317.57727,493.4788,-0.011155014,-0.9297176,3.637243,-1.7499923e-06,3.754185914993286,-3.1957933080950855e-05,-9.536742640435957e-07,1.8257043857993025,0.4122907042503357,0.0055784405785531815,0.0
691,46,-317.62396,493.66074,-0.011154938,-0.9297838,3.6372356,-1.3065338e-06,3.754194974899292,-2.396845184254381e-05,-9.536742640435957e-07,1.8252073067818393,0.41229025125503543,0.004962119902199573,0.0
692,46,-317.67062,493.8427,-0.01115509,-0.92985034,3.6372278,1.2207031e-06,3.754204034805298,-1.8109493380708154e-05,-9.536742640435957e-07,1.824765754673104,0.4122897982597351,0.0044085804309902015,0.0
693,46,-317.7173,494.02472,-0.01115509,-0.9299225,3.6372173,-8.392334e-07,3.754211664199829,-1.3315803418565526e-05,-9.536742640435957e-07,1.82437360420259,0.4122894167900086,0.003920005461889961,0.0
694,46,-317.76392,494.2067,-0.011155052,-0.92998356,3.6372104,-5.4359435e-07,3.7542200088500977,-1.0120012142301106e-05,-9.536742640435957e-07,1.824024330625626,0.41228899955749515,0.0034816031398235106,0.0
695,47,-317.81052,494.3887,-0.011154976,-0.93004435,3.6372023,-1.2683868e-06,3.75422739982605,-7.456851052221867e-06,-9.536742640435957e-07,1.8237139392005772,0.41228863000869753,0.01009953355672128,0.0
696,47,-317.85684,494.57068,-0.01115509,-0.91607994,3.6406567,-3.33786e-07,3.7541422843933105,-3.7816883415463854e-05,-9.536742640435957e-07,1.8231683906512746,0.4122928857803345,0.009596165879227953,0.0
697,47,-317.90277,494.75266,-0.011154976,-0.9111157,3.641892,-1.4829635e-06,3.7541322708129883,-5.858954398174324e-05,-7.152556980326968e-07,1.822442945570337,0.4122933864593506,0.008761340521131766,0.0
698,47,-317.94858,494.9346,-0.011154976,-0.9092989,3.6423576,-1.3589859e-06,3.754143476486206,-5.9122172136097755e-05,-7.152556980326968e-07,1.8217099104802927,0.41229282617568974,0.007892914223343955,0.0
699,47,-317.99435,495.11655,-0.011155014,-0.9086242,3.6425407,-7.5817104e-07,3.754157781600952,-5.166532108387589e-05,-8.344649810381463e-07,1.8210258775543058,0.41229211091995244,0.007088094654727171,0.0
700,47,-318.04013,495.2985,-0.011155052,-0.9083508,3.6426241,-4.4345856e-07,3.7541725635528564,-4.154531300523611e-05,-9.536742640435957e-07,1.8204040294397723,0.4122913718223572,0.006374018523525786,0.0
701,47,-318.08585,495.4805,-0.011155052,-0.9081923,3.6426764,-6.437302e-07,3.7541847229003906,-3.3023193453321225e-05,-9.536742640435957e-07,1.819842768240038,0.4122907638549805,0.005723898379006406,0.0
702,47,-318.13153,495.66248,-0.01115509,-0.908094,3.6427112,-4.3869017e-07,3.754194736480713,-2.556634646476069e-05,-9.536742640435957e-07,1.8193379660554136,0.4122902631759644,0.005149013947475299,0.0
703,47,-318.1772,495.84445,-0.011154976,-0.90800023,3.642742,-2.0837783e-06,3.754202127456665,-1.9707390034755696e-05,-9.536742640435957e-07,1.8188834976153916,0.4122898936271668,0.004638592810515911,0.0
704,47,-318.22272,496.02643,-0.011155167,-0.9079012,3.6427755,-1.5068053e-06,3.7542107105255127,-1.5446331274713584e-05,-9.536742640435957e-07,1.8184748355461189,0.4122894644737244,0.004149564339441222,0.0
705,48,-318.26816,496.20844,-0.0111551285,-0.90786594,3.642792,-1.6450881e-06,3.754218101501465,-1.1717908796348647e-05,-9.536742640435957e-07,1.818107851947906,0.41228909492492677,0.010411601488074232,0.0
706,48,-318.31335,496.39066,-0.011154899,-0.89442945,3.6460316,3.5715102e-06,3.7541377544403076,-4.048004856920442e-05,-9.536742640435957e-07,1.817521024401707,0.41229311227798465,0.009832702187007927,0.0
707,48,-318.35825,496.573,-0.011154976,-0.8896929,3.6471844,5.865097e-07,3.754132032394409,-5.912216807243643e-05,-7.152556980326968e-07,1.8167688145518142,0.41229339838027956,0.008959191255476706,0.0
708,48,-318.403,496.75534,-0.0111551285,-0.8879679,3.6476178,7.6293944e-08,3.7541449069976807,-5.9122164008775095e-05,-7.152556980326968e-07,1.8160160720697032,0.412292754650116,0.00805947335683369,0.0
709,48,-318.44763,496.93768,-0.011155052,-0.88734126,3.6477861,-2.412796e-06,3.754160165786743,-5.113268886586004e-05,-8.344649810381463e-07,1.815316326493285,0.4122919917106629,0.007191321780273358,0.0
710,48,-318.49222,497.12003,-0.011155014,-0.887172,3.6478417,-5.4359435e-07,3.75417423248291,-4.101268078722027e-05,-9.536742640435957e-07,1.8146818283635735,0.4122912883758545,0.006404074664741985,0.0
711,48,-318.5368,497.3024,-0.01115509,-0.8871663,3.6478584,-2.1648407e-06,3.7541890144348145,-3.142529476744302e-05,-9.536742640435957e-07,1.8141141755772232,0.4122905492782593,0.00570676311949648,0.0
712,48,-318.58133,497.4848,-0.011154976,-0.88719803,3.6478624,-1.835823e-06,3.7542004585266113,-2.396844777888248e-05,-9.536742640435957e-07,1.81360764233789,0.41228997707366943,0.005070943149099712,0.0
713,48,-318.6259,497.66714,-0.011155052,-0.8872668,3.6478546,-5.626678e-07,3.754209041595459,-1.8109493380708154e-05,-9.536742640435957e-07,1.8131559702170126,0.4122895479202271,0.004527101002384688,0.0
714,48,-318.67035,497.84952,-0.011155052,-0.88729644,3.6478558,-6.866455e-07,3.7542171478271484,-1.3315805450396191e-05,-9.536742640435957e-07,1.8127538328924107,0.4122891426086426,0.004015659194776321,0.0
715,48,-318.71484,498.0319,-0.011154938,-0.88736624,3.6478474,1.6880035e-06,3.754225492477417,-1.0120012142301106e-05,-9.536742640435957e-07,1.812395904041904,0.41228872537612915,0.0035769303526371845,0.0
716,49,-318.7593,498.21432,-0.01115509,-0.8874091,3.6478424,-2.799034e-06,3.7542307376861572,-7.456850036306534e-06,-9.536742640435957e-07,1.8120780557658032,0.41228846311569217,0.010096844166913648,0.0
717,49,-318.80347,498.39667,-0.011154976,-0.87357694,3.651092,-1.5735626e-06,3.754145622253418,-3.7816883415463854e-05,-9.536742640435957e-07,1.8115282461587563,0.4122927188873291,0.0095829670878226,0.0
718,49,-318.8473,498.579,-0.011154938,-0.8686677,3.6522543,-1.4019012e-06,3.7541370391845703,-5.752427548205022e-05,-7.152556980326968e-07,1.8108022684456007,0.4122931480407715,0.008760196710201527,0.0
719,49,-318.89093,498.76175,-0.011155014,-0.866844,3.652699,-1.502037e-06,3.754148006439209,-5.858953585442058e-05,-7.152556980326968e-07,1.8100698991458288,0.41229259967803955,0.007858881389410115,0.0
720,49,-318.93457,498.9445,-0.011154938,-0.86623436,3.6528604,-2.646446e-06,3.754164695739746,-5.060006071150553e-05,-8.344649810381463e-07,1.809386931484278,0.4122917652130127,0.0070280113253662095,0.0
721,49,-318.9782,499.12723,-0.011155014,-0.86603713,3.6529205,-2.6893615e-06,3.7541773319244385,-4.101268078722027e-05,-9.536742640435957e-07,1.808768146004998,0.4122911334037781,0.006287803660055139,0.0
722,49,-319.0218,499.31,-0.011155014,-0.8659631,3.65295,-2.2029876e-06,3.7541890144348145,-3.1957933080950855e-05,-9.536742640435957e-07,1.8082122111274441,0.4122905492782593,0.0056144121452499935,0.0
723,49,-319.06534,499.49277,-0.0111551285,-0.86595273,3.6529644,-9.1075896e-07,3.7542006969451904,-2.450108202872899e-05,-9.536742640435957e-07,1.8077145994777628,0.4122899651527405,0.005012816848872462,0.0
724,49,-319.1089,499.6755,-0.011154976,-0.86596084,3.6529727,-1.5258788e-06,3.7542107105255127,-1.8642125598724003e-05,-9.536742640435957e-07,1.8072693189435014,0.4122894644737244,0.004488478420265769,0.0
725,49,-319.1524,499.85828,-0.0111551285,-0.8659474,3.6529853,-3.33786e-07,3.7542197704315186,-1.3848438684327371e-05,-9.536742640435957e-07,1.8068719753088616,0.4122890114784241,0.0040192705386031275,0.0
726,49,-319.19592,500.04105,-0.011154976,-0.86592907,3.6529977,-4.7683716e-07,3.754227638244629,-1.065264334440162e-05,-9.536742640435957e-07,1.8065163101452815,0.41228861808776857,0.0036113929988515607,0.0
727,50,-319.2394,500.22385,-0.0111551285,-0.865885,3.6530142,-7.05719e-07,3.7542335987091064,-8.522115488253562e-06,-9.536742640435957e-07,1.8061971302886355,0.4122883200645447,0.010215284420992331,0.0
728,50,-319.28247,500.4066,-0.011154976,-0.85183424,3.6562266,2.0980835e-06,3.7541463375091553,-3.888214378783422e-05,-9.536742640435957e-07,1.8056415948852451,0.41229268312454226,0.009685692180362295,0.0
729,50,-319.3252,500.58936,-0.011155014,-0.8468692,3.6573708,-2.1934508e-07,3.7541375160217285,-5.9122172136097755e-05,-7.152556980326968e-07,1.8049086929532552,0.4122931241989136,0.00884165238449752,0.0
730,50,-319.36786,500.7721,-0.011154899,-0.8450489,3.6578033,8.2969666e-07,3.7541487216949463,-5.965480029045227e-05,-7.152556980326968e-07,1.8041686004863222,0.4122925639152527,0.007982455363707211,0.0
731,50,-319.4103,500.95483,-0.011154861,-0.8443373,3.6579843,1.1777878e-06,3.754164934158325,-5.2197949238230406e-05,-8.344649810381463e-07,1.8034768443931741,0.4122917532920838,0.007130470976477985,0.0
732,50,-319.45276,501.13757,-0.011155167,-0.8441283,3.6580465,-1.1444091e-06,3.754178524017334,-4.207794522325196e-05,-9.536742640435957e-07,1.8028495367984059,0.4122910737991333,0.006368677331141965,0.0
733,50,-319.49518,501.32034,-0.0111551285,-0.84407234,3.6580715,-1.5163421e-06,3.754190444946289,-3.249056936262804e-05,-9.536742640435957e-07,1.8022862782278541,0.41229047775268557,0.005684463279453219,0.0
734,50,-319.53757,501.5031,-0.01115509,-0.84407073,3.65808,-1.04904174e-07,3.7541983127593994,-2.5033712214914173e-05,-9.536742640435957e-07,1.8017816092012842,0.4122900843620301,0.005072157800790805,0.0
735,50,-319.57996,501.68588,-0.011154938,-0.8440879,3.6580827,-1.4209747e-06,3.754204750061035,-1.9174757816739848e-05,-9.536742640435957e-07,1.8013314018190063,0.41228976249694826,0.004537138945266474,0.0
736,50,-319.62228,501.86865,-0.0111551285,-0.8440854,3.6580899,-9.918213e-07,3.754211187362671,-1.4381069886427886e-05,-9.536742640435957e-07,1.8009292644944044,0.41228944063186646,0.004047311724151039,0.0
737,51,-319.66464,502.05142,-0.011154976,-0.8441005,3.658092,-1.1014938e-06,3.7542166709899902,-1.065264334440162e-05,-9.536742640435957e-07,1.8005698709052982,0.4122891664505005,0.010378942819114908,0.0
738,51,-319.70667,502.23438,-0.011154938,-0.8305039,3.6611164,-6.008148e-07,3.7541322708129883,-3.994741228752724e-05,-9.536742640435957e-07,1.799988236523225,0.4122933864593506,0.00981554814540931,0.0
739,51,-319.74832,502.41754,-0.011155052,-0.82569516,3.662195,-2.6226044e-07,3.7541236877441406,-5.858953585442058e-05,-7.152556980326968e-07,1.7992393556246946,0.412293815612793,0.00893314712178071,0.0
740,51,-319.78986,502.60065,-0.011155014,-0.8239698,3.662596,-5.5789945e-07,3.754135847091675,-5.912218026342042e-05,-7.152556980326968e-07,1.7984894094617283,0.41229320764541627,0.008026513774124949,0.0
741,51,-319.83136,502.78378,-0.011154861,-0.8233608,3.662749,2.2792815e-06,3.7541515827178955,-5.0600056647844195e-05,-8.344649810381463e-07,1.7977911286239094,0.4122924208641052,0.007183457103574773,0.0
742,51,-319.87283,502.9669,-0.011154861,-0.8231536,3.6628103,-7.343292e-07,3.7541658878326416,-4.10126848508816e-05,-9.536742640435957e-07,1.7971591604972337,0.4122917056083679,0.006426995851432719,0.0
743,51,-319.91428,503.15005,-0.011154899,-0.8230773,3.662841,3.1137465e-06,3.754179000854492,-3.1957933080950855e-05,-9.536742640435957e-07,1.7965912413947742,0.4122910499572754,0.005747203656192239,0.0
744,51,-319.9557,503.33322,-0.01115509,-0.8230489,3.662856,7.1525574e-07,3.75418758392334,-2.450107796506766e-05,-9.536742640435957e-07,1.7960819118362965,0.41229062080383305,0.005140564887585835,0.0
745,51,-319.9971,503.5164,-0.011154976,-0.8230332,3.662868,-1.9931792e-06,3.7541956901550293,-1.8642127630554666e-05,-9.536742640435957e-07,1.7956266444479476,0.41229021549224854,0.004611766401660792,0.0
746,51,-320.03848,503.69955,-0.0111551285,-0.8229938,3.6628826,-2.3651123e-06,3.7542014122009277,-1.438106785459722e-05,-9.536742640435957e-07,1.795219047643111,0.4122899293899536,0.0041416619988038725,0.0
747,51,-320.07983,503.88272,-0.011154899,-0.82294285,3.662902,4.7683713e-08,3.754209280014038,-1.11852765783328e-05,-1.0728835470490452e-06,1.794852596677116,0.41228953599929813,0.0037209530430447916,0.0
748,52,-320.1212,504.0659,-0.011154976,-0.8228883,3.6629186,-9.870529e-07,3.754213333129883,-8.522114980295896e-06,-9.536742640435957e-07,1.7945239625986003,0.41228933334350587,0.010204209124835677,0.0
749,52,-320.1621,504.24905,-0.011154938,-0.8090179,3.665922,4.196167e-07,3.7541301250457764,-3.888214378783422e-05,-9.536742640435957e-07,1.7939646987696836,0.4122934937477112,0.00967051123738775,0.0
750,52,-320.2027,504.4322,-0.011154976,-0.8041093,3.6669927,2.4843216e-06,3.7541215419769287,-5.858953585442058e-05,-7.152556980326968e-07,1.7932301989410397,0.4122939229011536,0.008829907592895763,0.0
751,52,-320.24323,504.6153,-0.011155052,-0.8023007,3.6673994,-1.0061264e-06,3.75413179397583,-5.9122172136097755e-05,-7.152556980326968e-07,1.7924907722643793,0.41229341030120853,0.007977518301658675,0.0
752,52,-320.28354,504.79846,-0.01115509,-0.80158085,3.6675723,-7.152557e-08,3.7541468143463135,-5.113269292952138e-05,-8.344649810381463e-07,1.7918006140678853,0.4122926592826843,0.007130585372051416,0.0
753,52,-320.32385,504.9816,-0.011155167,-0.8013606,3.6676345,-1.9502638e-06,3.7541606426239014,-4.1545308941574786e-05,-9.536742640435957e-07,1.7911731733150626,0.41229196786880495,0.006373923321685773,0.0
754,52,-320.3641,505.16476,-0.011155052,-0.8012912,3.6676624,-7.2479247e-07,3.7541730403900146,-3.2490565298966704e-05,-9.536742640435957e-07,1.7906089826381293,0.41229134798049927,0.005684156136129486,0.0
755,52,-320.40436,505.34793,-0.0111551285,-0.80129606,3.667672,-2.5749205e-07,3.754183292388916,-2.5033712214914173e-05,-9.536742640435957e-07,1.7901047130857228,0.4122908353805542,0.005078540231661272,0.0
756,52,-320.44458,505.5311,-0.0111551285,-0.8013013,3.6676803,-2.3031234e-06,3.754192590713501,-1.8642125598724003e-05,-9.536742640435957e-07,1.789654505703445,0.412290370464325,0.004538771515539181,0.0
757,52,-320.4848,505.71423,-0.011154938,-0.8013034,3.6676877,2.4318695e-07,3.7542002201080322,-1.4381069886427886e-05,-9.536742640435957e-07,1.7892521020627339,0.4122899889945984,0.004070537273535094,0.0
758,52,-320.52496,505.8974,-0.01115509,-0.80127496,3.6676974,2.7179718e-07,3.7542037963867188,-1.065264334440162e-05,-9.536742640435957e-07,1.7888913768930828,0.4122898101806641,0.003635925096272035,0.0
759,53,-320.56516,506.08057,-0.011154976,-0.80127066,3.667705,2.9087067e-07,3.7542102336883545,-8.522114980295896e-06,-1.0728835470490452e-06,1.7885684686109105,0.4122894883155823,0.010175244423936879,0.0
760,53,-320.605,506.26413,-0.01115509,-0.78730106,3.6706429,5.197525e-07,3.7541258335113525,-3.8882147851495544e-05,-9.536742640435957e-07,1.7880141316300107,0.4122937083244324,0.009646867236217788,0.0
761,53,-320.6445,506.44763,-0.01115509,-0.7823599,3.671692,9.679794e-07,3.7541189193725586,-5.858954398174324e-05,-8.344649810381463e-07,1.7872828275946748,0.4122940540313721,0.008801056675218476,0.0
762,53,-320.68387,506.63116,-0.011154976,-0.7805579,3.6720867,-1.2302398e-06,3.7541298866271973,-5.9122172136097755e-05,-8.344649810381463e-07,1.7865457977629955,0.41229350566864015,0.007919223101626594,0.0
763,53,-320.7232,506.81473,-0.01115509,-0.7799045,3.6722414,5.245209e-07,3.754145383834839,-5.113268480219871e-05,-8.344649810381463e-07,1.7858585690437003,0.41229273080825807,0.007099182985244802,0.0
764,53,-320.76254,506.99823,-0.011155014,-0.7796609,3.6723068,5.7220456e-07,3.7541587352752686,-4.1545308941574786e-05,-9.536742640435957e-07,1.785234324084186,0.4122920632362366,0.006374188010961116,0.0
765,53,-320.80182,507.1818,-0.011154976,-0.77952766,3.6723459,-2.8610228e-07,3.754169225692749,-3.249056123530538e-05,-9.536742640435957e-07,1.7846723970941791,0.41229153871536256,0.005715154284792543,0.0
766,53,-320.8411,507.36533,-0.011154861,-0.7794535,3.6723733,-9.059906e-07,3.754180669784546,-2.503371424674484e-05,-9.536742640435957e-07,1.784166929119282,0.41229096651077274,0.005141133471619481,0.0
767,53,-320.88037,507.5489,-0.01115509,-0.77936584,3.6723998,-4.3869017e-07,3.7541885375976562,-1.9174759848570515e-05,-9.536742640435957e-07,1.7837141917339687,0.4122905731201172,0.004644060541068086,0.0
768,53,-320.9196,507.73245,-0.011155014,-0.77924246,3.6724334,-3.8146972e-08,3.7541956901550293,-1.4913700072613067e-05,-9.536742640435957e-07,1.783304997032478,0.41229021549224854,0.0041910098220145,0.0
769,54,-320.9587,507.91602,-0.011154938,-0.77912635,3.672464,-1.3923644e-06,3.7542014122009277,-1.1717906764517982e-05,-9.536742640435957e-07,1.782935882905393,0.4122899293899536,0.010413587086314523,0.0
770,54,-320.99747,508.09955,-0.011154861,-0.7656332,3.675219,1.8072128e-06,3.754121780395508,-4.048004450554309e-05,-9.536742640435957e-07,1.782347990094758,0.4122939109802246,0.009842128558644275,0.0
771,54,-321.03592,508.2833,-0.011154938,-0.76085645,3.676202,-2.4366377e-06,3.754112958908081,-5.9122172136097755e-05,-7.152556980326968e-07,1.7815953807707017,0.41229435205459597,0.008972636219544689,0.0
772,54,-321.07428,508.46722,-0.011154899,-0.7591071,3.6765769,-2.837181e-06,3.7541258335113525,-5.9122172136097755e-05,-8.344649810381463e-07,1.7808415730241547,0.4122937083244324,0.008073936111296469,0.0
773,54,-321.11243,508.65115,-0.011154938,-0.75846684,3.6767247,-8.7738033e-07,3.754141092300415,-5.113269292952138e-05,-8.344649810381463e-07,1.7801407621833003,0.4122929453849793,0.0071879075977805814,0.0
774,54,-321.1506,508.83505,-0.011154861,-0.75832736,3.6767702,-1.5306473e-06,3.754157781600952,-4.101267672355894e-05,-9.536742640435957e-07,1.7795063972116434,0.41229211091995244,0.006404235221292568,0.0
775,54,-321.18872,509.019,-0.011154976,-0.75832313,3.6767852,2.603531e-06,3.754171371459961,-3.1425298831104344e-05,-9.536742640435957e-07,1.7789386112672385,0.412291431427002,0.005688297320065032,0.0
776,54,-321.22684,509.20297,-0.01115509,-0.758393,3.6767814,2.8610229e-08,3.7541818618774414,-2.396845184254381e-05,-9.536742640435957e-07,1.7784326106601236,0.41229090690612796,0.005056680820169707,0.0
777,54,-321.26492,509.3869,-0.011154976,-0.75846785,3.6767755,-4.529953e-07,3.7541911602020264,-1.8109493380708154e-05,-9.536742640435957e-07,1.777982003803682,0.4122904419898987,0.004492501085898098,0.0
778,54,-321.30295,509.57086,-0.011154976,-0.7585436,3.6767669,-1.46389e-06,3.7541980743408203,-1.3315803418565526e-05,-9.536742640435957e-07,1.7775819970079523,0.412290096282959,0.003971606351444328,0.0
779,54,-321.341,509.7548,-0.0111551285,-0.7586531,3.6767523,-1.2874602e-07,3.7542059421539307,-9.587379924285257e-06,-9.536742640435957e-07,1.7772267313185357,0.4122897028923035,0.0035254313918062345,0.0
780,55,-321.37903,509.93878,-0.0111551285,-0.7587316,3.676743,-2.479553e-07,3.7542128562927246,-6.924218326248353e-06,-1.0728835470490452e-06,1.7769124783099062,0.4122893571853638,0.010018936361440975,0.0
781,55,-321.41672,510.12268,-0.011154976,-0.7448681,3.6794925,-5.531311e-07,3.7541301250457764,-3.7284251197448006e-05,-9.536742640435957e-07,1.7763674623928216,0.4122934937477112,0.009493878885565495,0.0
782,55,-321.45413,510.30664,-0.011154899,-0.7399808,3.68047,-2.3841858e-07,3.754121780395508,-5.699164326403437e-05,-8.344649810381463e-07,1.7756478762662822,0.4122939109802246,0.00867348478031001,0.0
783,55,-321.49133,510.49054,-0.011154976,-0.73817366,3.6808443,4.529953e-07,3.7541329860687256,-5.805690363640473e-05,-8.344649810381463e-07,1.774922564343399,0.41229335069656375,0.007796601268160776,0.0
784,55,-321.52853,510.67447,-0.011155052,-0.7375363,3.6809888,-9.584427e-07,3.7541494369506836,-5.0067424429828346e-05,-9.536742640435957e-07,1.774245588794301,0.41229252815246586,0.006988243999408964,0.0
785,55,-321.5657,510.85843,-0.01115509,-0.73729926,3.6810515,-1.4209747e-06,3.754164457321167,-4.048004450554309e-05,-9.536742640435957e-07,1.7736313306888742,0.41229177713394166,0.006258114221197204,0.0
786,55,-321.60287,511.04233,-0.01115509,-0.73720276,3.6810832,6.151199e-07,3.754176378250122,-3.1957933080950855e-05,-9.536742640435957e-07,1.773078591604628,0.4122911810874939,0.005620689485758214,0.0
787,55,-321.63998,511.2263,-0.011154976,-0.7371195,3.6811104,-6.008148e-07,3.7541868686676025,-2.4501079996898325e-05,-9.536742640435957e-07,1.772581512587165,0.4122906565666199,0.005039421417660282,0.0
788,55,-321.6771,511.41022,-0.011155014,-0.73706466,3.6811295,-2.8610228e-07,3.754194736480713,-1.8642127630554666e-05,-9.536742640435957e-07,1.7721364983690127,0.4122902631759644,0.0045368483503832316,0.0
789,55,-321.71414,511.59418,-0.01115509,-0.73698294,3.681153,-1.14440915e-07,3.754201889038086,-1.438106785459722e-05,-9.536742640435957e-07,1.7717363584152281,0.41228990554809575,0.004075939795105387,0.0
790,55,-321.75122,511.77817,-0.0111551285,-0.7369175,3.681173,7.4386594e-07,3.754208564758301,-1.1185275562417467e-05,-9.536742640435957e-07,1.7713760327197405,0.41228957176208497,0.003685806068781072,0.0
791,56,-321.78827,511.9621,-0.0111551285,-0.7368105,3.6811986,4.4822693e-07,3.7542126178741455,-9.054745674438744e-06,-1.0728835470490452e-06,1.7710517928570233,0.41228936910629277,0.010231627245073028,0.0
792,56,-321.8249,512.1461,-0.011154899,-0.7227399,3.6839015,3.5762787e-06,3.754128932952881,-3.9414784133172726e-05,-9.536742640435957e-07,1.7704925290281068,0.41229355335235596,0.009707101942319028,0.0
793,56,-321.86118,512.33044,-0.011155014,-0.71774596,3.684868,1.1348724e-06,3.754119396209717,-5.9122164008775095e-05,-7.152556980326968e-07,1.7697569639350268,0.41229403018951416,0.008854264983871925,0.0
794,56,-321.8973,512.5148,-0.011154938,-0.71592796,3.6852353,-2.4318695e-07,3.7541327476501465,-6.018744469945211e-05,-7.152556980326968e-07,1.7690156730456033,0.4122933626174927,0.007957842818242996,0.0
795,56,-321.93335,512.69904,-0.011155014,-0.7152875,3.6853747,-1.2874602e-07,3.754147529602051,-5.166532108387589e-05,-8.344649810381463e-07,1.7683248490588368,0.4122926235198975,0.00710975700615845,0.0
796,56,-321.96936,512.88336,-0.011154938,-0.71509576,3.6854277,2.1791457e-06,3.7541630268096924,-4.1545317068897446e-05,-9.536742640435957e-07,1.7676984735704502,0.4122918486595154,0.0063381184930082525,0.0
797,56,-322.0053,513.06775,-0.011155052,-0.7150688,3.6854458,-2.822876e-06,3.7541754245758057,-3.2490565298966704e-05,-9.536742640435957e-07,1.7671364134223888,0.4122912287712097,0.005630897688914336,0.0
798,56,-322.0413,513.2521,-0.011154899,-0.7151287,3.6854444,-2.2888183e-07,3.754185676574707,-2.4501079996898325e-05,-9.536742640435957e-07,1.766635739137454,0.41229071617126467,0.005023229608948232,0.0
799,56,-322.0772,513.4364,-0.011154938,-0.71516484,3.6854465,2.603531e-06,3.754194498062134,-1.8642125598724003e-05,-9.536742640435957e-07,1.7661888607065388,0.4122902750968933,0.004468334601345555,0.0
800,56,-322.11313,513.6207,-0.01115509,-0.71521825,3.6854439,-4.863739e-07,3.754202127456665,-1.384843462066604e-05,-9.536742640435957e-07,1.7657921828621714,0.4122898936271668,0.003983285978531056,0.0
801,57,-322.149,513.80505,-0.011155014,-0.7152541,3.6854439,-1.4734268e-06,3.754209041595459,-1.0120012142301106e-05,-9.536742640435957e-07,1.7654379824371909,0.4122895479202271,0.010302234759567019,0.0
802,57,-322.18457,513.9894,-0.011155014,-0.701606,3.6879845,-4.529953e-07,3.7541284561157227,-3.9414776005850065e-05,-9.536742640435957e-07,1.7648620738514613,0.4122935771942139,0.00974691747038083,0.0
803,57,-322.2198,514.1737,-0.011154938,-0.69677526,3.6888928,-3.8146972e-08,3.7541210651397705,-5.805690363640473e-05,-7.152556980326968e-07,1.764118519275111,0.4122939467430115,0.008884520480835188,0.0
804,57,-322.25488,514.35803,-0.01115509,-0.6950155,3.6892378,-1.1539458e-06,3.754133939743042,-5.858953585442058e-05,-8.344649810381463e-07,1.763373366802107,0.41229330301284794,0.007993952091670812,0.0
805,57,-322.28995,514.54236,-0.011154938,-0.69437337,3.6893742,-1.6164779e-06,3.7541491985321045,-5.060006071150553e-05,-9.536742640435957e-07,1.7626789475478688,0.4122925400733948,0.00716861355815362,0.0
806,57,-322.32495,514.7267,-0.011155014,-0.6941272,3.6894372,-4.7206876e-07,3.7541654109954834,-4.101268078722027e-05,-9.536742640435957e-07,1.7620487104759015,0.41229172945022585,0.00641618093647368,0.0
807,57,-322.36,514.911,-0.011155052,-0.69403386,3.6894689,6.723404e-07,3.7541794776916504,-3.1957933080950855e-05,-9.536742640435957e-07,1.7614822561120416,0.4122910261154175,0.005765282852620846,0.0
808,57,-322.39493,515.09534,-0.011155052,-0.6939443,3.6894956,7.534027e-07,3.7541890144348145,-2.4501075933236994e-05,-9.536742640435957e-07,1.760972926553564,0.4122905492782593,0.005166676530189729,0.0
809,57,-322.4299,515.27966,-0.011155052,-0.69389164,3.6895134,-1.4543533e-06,3.754196882247925,-1.9174757816739848e-05,-9.536742640435957e-07,1.7605164607427244,0.41229015588760376,0.004656619613989121,0.0
810,57,-322.46484,515.464,-0.011154976,-0.6937979,3.6895392,-1.540184e-06,3.7542049884796143,-1.4913700072613067e-05,-9.536742640435957e-07,1.7601056681445797,0.4122897505760193,0.004204849331841547,0.0
811,57,-322.49976,515.6484,-0.01115509,-0.693684,3.6895669,-2.5939942e-06,3.754211187362671,-1.1717908796348647e-05,-9.536742640435957e-07,1.7597349561208406,0.41228944063186646,0.003798887870434504,0.0
812,58,-322.53467,515.8327,-0.011154899,-0.69356793,3.6895955,-4.7206876e-07,3.7542176246643066,-9.054746690354077e-06,-9.536742640435957e-07,1.7594012620362538,0.4122891187667847,0.010240838567304258,0.0
813,58,-322.56912,516.0172,-0.01115509,-0.67965156,3.6921017,1.7404556e-06,3.754136562347412,-3.9414776005850065e-05,-9.536742640435957e-07,1.7588370713593204,0.41229317188262943,0.009698305409038288,0.0
814,58,-322.60324,516.2019,-0.011154899,-0.6747319,3.6929965,-2.555847e-06,3.75412917137146,-5.858953585442058e-05,-7.152556980326968e-07,1.7580996420534776,0.41229354143142705,0.008838946721200981,0.0
815,58,-322.63727,516.38666,-0.011155052,-0.67294896,3.6933346,-8.153915e-07,3.7541418075561523,-5.9122172136097755e-05,-8.344649810381463e-07,1.757358883796272,0.4122929096221924,0.007954070191367209,0.0
816,58,-322.67114,516.5713,-0.011154976,-0.67229784,3.693469,-1.4495849e-06,3.754157304763794,-5.113269292952138e-05,-8.344649810381463e-07,1.7566681929675598,0.4122921347618103,0.007102391373975526,0.0
817,58,-322.705,516.75604,-0.011154976,-0.672111,3.693517,-9.727478e-07,3.754171133041382,-4.101268078722027e-05,-9.536742640435957e-07,1.7560427495855548,0.41229144334793094,0.006324547164212674,0.0
818,58,-322.73883,516.9408,-0.011155052,-0.67209995,3.6935318,-4.2915342e-08,3.754183769226074,-3.1957933080950855e-05,-9.536742640435957e-07,1.755481887859984,0.4122908115386963,0.005635984934312883,0.0
819,58,-322.77264,517.1255,-0.011155052,-0.67212987,3.6935365,-1.0108947e-06,3.7541937828063965,-2.450108202872899e-05,-9.536742640435957e-07,1.7549813467331037,0.4122903108596802,0.005024799117000969,0.0
820,58,-322.80643,517.31024,-0.01115509,-0.67216355,3.6935391,-2.479553e-07,3.754202365875244,-1.8109493380708154e-05,-9.536742640435957e-07,1.7545350009344065,0.4122898817062378,0.004474142389555942,0.0
821,58,-322.84018,517.49493,-0.011154938,-0.67220795,3.6935391,-3.056526e-06,3.7542102336883545,-1.3848436652496706e-05,-9.536742640435957e-07,1.7541371246675486,0.4122894883155823,0.0039835827682391176,0.0
822,58,-322.87393,517.6797,-0.011155014,-0.672251,3.6935384,-1.6403197e-06,3.7542173862457275,-1.0120012142301106e-05,-9.536742640435957e-07,1.7537822584522955,0.41228913068771367,0.00354881102105423,0.0
823,59,-322.90765,517.86444,-0.011155052,-0.6722855,3.6935375,-1.7166137e-07,3.7542226314544678,-7.456850036306534e-06,-9.536742640435957e-07,1.7534669401792302,0.41228886842727663,0.010094515925901326,0.0
824,59,-322.94107,518.0492,-0.011155014,-0.658238,3.695982,2.8610229e-08,3.7541391849517822,-3.7816883415463854e-05,-9.536742640435957e-07,1.7529188616268918,0.4122930407524109,0.009584100135325029,0.0
825,59,-322.9741,518.2338,-0.0111551285,-0.65324974,3.6968582,-1.87397e-06,3.7541303634643555,-5.805690770006606e-05,-7.152556980326968e-07,1.7521942154942813,0.41229348182678227,0.00875022176144591,0.0
826,59,-323.00702,518.4186,-0.011154938,-0.6514206,3.697193,-6.9141385e-07,3.7541422843933105,-5.9122172136097755e-05,-7.152556980326968e-07,1.751461713036455,0.4122928857803345,0.007882113511208953,0.0
827,59,-323.03995,518.60333,-0.011154976,-0.6507418,3.697329,-5.5789945e-07,3.7541587352752686,-5.113269292952138e-05,-8.344649810381463e-07,1.750778212742686,0.4122920632362366,0.007087108586919831,0.0
828,59,-323.0728,518.788,-0.011155052,-0.6504471,3.6973953,2.4318695e-07,3.7541728019714355,-4.154531300523611e-05,-9.536742640435957e-07,1.7501567641023161,0.41229135990142823,0.0063669070048539,0.0
829,59,-323.10565,518.9727,-0.011155052,-0.65029323,3.6974356,3.33786e-08,3.754185914993286,-3.249056936262804e-05,-9.536742640435957e-07,1.7495959023767456,0.4122907042503357,0.0057254530471614025,0.0
830,59,-323.1384,519.1575,-0.011154976,-0.65017796,3.6974647,-4.1007993e-07,3.754194498062134,-2.556634443293002e-05,-9.536742640435957e-07,1.749090833876012,0.4122902750968933,0.005129891403805186,0.0
831,59,-323.17108,519.3422,-0.011154976,-0.6501204,3.6974852,5.531311e-07,3.754204750061035,-1.9707390034755696e-05,-9.536742640435957e-07,1.748637164384317,0.41228976249694826,0.004585847305045352,0.0
832,59,-323.20364,519.5269,-0.011155014,-0.6501023,3.6974967,-6.866455e-07,3.7542128562927246,-1.4913700072613067e-05,-9.536742640435957e-07,1.7482311654761344,0.4122893571853638,0.00406483734621357,0.0
833,60,-323.23624,519.7117,-0.011155052,-0.6501651,3.6974924,7.6770783e-07,3.7542195320129395,-1.11852765783328e-05,-9.536742640435957e-07,1.7478689755678836,0.412289023399353,0.010334616883748083,0.0
834,60,-323.26852,519.89655,-0.011155014,-0.6365644,3.6997764,4.673004e-07,3.7541391849517822,-3.994741228752724e-05,-9.536742640435957e-07,1.7472884064502463,0.4122930407524109,0.009762738957871329,0.0
835,60,-323.3005,520.08167,-0.011154976,-0.63176984,3.7005894,-3.2901764e-07,3.7541303634643555,-5.858953991808191e-05,-7.152556980326968e-07,1.7465428545030786,0.41229348182678227,0.008891464862574194,0.0
836,60,-323.3324,520.2667,-0.011154899,-0.6300338,3.7008996,-1.9025803e-06,3.7541444301605225,-5.858954398174324e-05,-7.152556980326968e-07,1.7457961041334205,0.4122927784919739,0.008003938743779963,0.0
837,60,-323.36414,520.45184,-0.011154938,-0.6293902,3.7010238,-1.0442734e-06,3.7541589736938477,-5.0600056647844195e-05,-8.344649810381463e-07,1.7451003532986373,0.41229205131530766,0.007141598049859744,0.0
838,60,-323.39584,520.63696,-0.011154899,-0.6292163,3.7010677,1.9931792e-06,3.7541730403900146,-4.048004450554309e-05,-9.536742640435957e-07,1.744470915174997,0.41229134798049927,0.0063614392479093285,0.0
839,60,-323.42752,520.8221,-0.01115509,-0.62920475,3.701081,-1.2874603e-06,3.7541842460632324,-3.1425298831104344e-05,-9.536742640435957e-07,1.7439073902883362,0.4122907876968384,0.005662206129950484,0.0
840,60,-323.45917,521.0072,-0.01115509,-0.62924826,3.7010872,1.4877319e-06,3.754197597503662,-2.396844777888248e-05,-9.536742640435957e-07,1.7434032538939843,0.4122901201248169,0.005034435472714386,0.0
841,60,-323.4908,521.1923,-0.011154938,-0.62931365,3.701084,-1.0538101e-06,3.7542054653167725,-1.8109493380708154e-05,-9.536742640435957e-07,1.7429561091469599,0.4122897267341614,0.004485358981365811,0.0
842,60,-323.52243,521.37744,-0.011155014,-0.62936074,3.701083,-1.4066696e-06,3.7542123794555664,-1.3315803418565526e-05,-9.536742640435957e-07,1.7425570344576116,0.4122893810272217,0.003991789416041492,0.0
843,60,-323.55402,521.5626,-0.011154976,-0.62940806,3.7010815,-9.4890595e-07,3.754218816757202,-1.0120012142301106e-05,-9.536742640435957e-07,1.742201768768195,0.4122890591621399,0.0035423434140944513,0.0
844,61,-323.5856,521.74774,-0.011155052,-0.6294719,3.7010765,-1.2636184e-06,3.7542245388031006,-7.456850036306534e-06,-1.0728835470490452e-06,1.7418859178629116,0.412288773059845,0.010065718509525473,0.0
845,61,-323.61688,521.93286,-0.011154976,-0.615452,3.7033486,-1.3828277e-06,3.754140615463257,-3.7816883415463854e-05,-9.536742640435957e-07,1.7413389045750094,0.41229296922683717,0.009554902665434637,0.0
846,61,-323.64777,522.118,-0.011155014,-0.6104754,3.7041638,-1.3494491e-06,3.7541322708129883,-5.7524279545711544e-05,-7.152556980326968e-07,1.7406155900229439,0.4122933864593506,0.008715586252723069,0.0
847,61,-323.67853,522.30304,-0.011154938,-0.6086653,3.7044725,-1.3971328e-06,3.754143238067627,-5.858953585442058e-05,-7.152556980326968e-07,1.7398857507262075,0.41229283809661865,0.007843745627220271,0.0
848,61,-323.7093,522.48816,-0.011155052,-0.6080062,3.7045946,-1.0347366e-06,3.7541568279266357,-5.0600056647844195e-05,-8.344649810381463e-07,1.7392050467515834,0.41229215860366825,0.007041257817988911,0.0
849,61,-323.74002,522.6733,-0.011155052,-0.6077405,3.7046525,6.723404e-07,3.7541708946228027,-4.101267672355894e-05,-9.536742640435957e-07,1.7385866607464668,0.4122914552688599,0.006319411700634096,0.0
850,61,-323.77072,522.8584,-0.011155205,-0.6076067,3.7046869,-8.1062313e-07,3.754183053970337,-3.195792901728953e-05,-9.536742640435957e-07,1.738029660604477,0.4122908473014832,0.005676794380127949,0.0
851,61,-323.8014,523.0435,-0.011154938,-0.6075104,3.7047136,1.2922287e-06,3.7541940212249756,-2.503371424674484e-05,-9.536742640435957e-07,1.737528453687324,0.41229029893875124,0.005105825214884502,0.0
852,61,-323.83203,523.22864,-0.011155052,-0.60741854,3.7047381,8.821487e-07,3.7542033195495605,-1.9174759848570515e-05,-9.536742640435957e-07,1.737077713672828,0.412289834022522,0.004599223903099812,0.0
853,61,-323.86264,523.41376,-0.011155052,-0.60731965,3.7047627,1.1157989e-06,3.75421142578125,-1.4913700072613067e-05,-9.536742640435957e-07,1.7366725137129724,0.41228942871093754,0.004150168993939717,0.0
854,61,-323.8932,523.5989,-0.011154976,-0.6072108,3.7047877,4.506111e-06,3.754218578338623,-1.1717907780433316e-05,-9.536742640435957e-07,1.7363071280114135,0.4122890710830689,0.003737563769485371,0.0
855,62,-323.9236,523.784,-0.011154976,-0.60712206,3.704808,3.2138823e-06,3.7542240619659424,-9.587378908369924e-06,-9.536742640435957e-07,1.7359775618265163,0.4122887969017029,0.010610328926733095,0.0
856,62,-323.95374,523.9692,-0.011154976,-0.5922944,3.7071126,4.7683716e-07,3.7541306018829346,-4.101268078722027e-05,-9.536742640435957e-07,1.7354021858730047,0.4122934699058533,0.01007422464539737,0.0
857,62,-323.9835,524.15466,-0.011154976,-0.5870282,3.7079418,-6.008148e-07,3.754122257232666,-6.23179613805315e-05,-7.152556980326968e-07,1.7346401223270784,0.41229388713836673,0.009190261706081513,0.0
858,62,-324.0131,524.3402,-0.01115509,-0.58511174,3.7082562,-1.926422e-06,3.754133701324463,-6.285059766220869e-05,-7.152556980326968e-07,1.7338708682462092,0.41229331493377686,0.008257767413619966,0.0
859,62,-324.0427,524.52563,-0.011155014,-0.5844413,3.70838,5.912781e-07,3.7541515827178955,-5.432849030127779e-05,-8.344649810381463e-07,1.7331540784388142,0.4122924208641052,0.007407614259044296,0.0
860,62,-324.07227,524.7112,-0.011154976,-0.5841789,3.7084384,-1.4781952e-07,3.7541685104370117,-4.3675833749976846e-05,-9.536742640435957e-07,1.7325029355522898,0.41229157447814946,0.0066359899794759996,0.0
861,62,-324.1018,524.89667,-0.011154976,-0.58406854,3.7084699,-1.001358e-07,3.7541823387145996,-3.4088459921183586e-05,-9.536742640435957e-07,1.731916640638309,0.41229088306427003,0.00595082151863718,0.0
862,62,-324.13132,525.08215,-0.011154976,-0.5839963,3.708493,2.8610229e-08,3.7541940212249756,-2.6631608868961715e-05,-9.536742640435957e-07,1.7313914652713454,0.41229029893875124,0.005343835492867739,0.0
863,62,-324.16083,525.2677,-0.011154976,-0.5839255,3.7085128,-1.7976761e-06,3.754202365875244,-2.0240022252771545e-05,-9.536742640435957e-07,1.7309190204939653,0.4122898817062378,0.004811804989422078,0.0
864,62,-324.19022,525.45325,-0.0111551285,-0.58383274,3.7085354,2.5320053e-06,3.7542102336883545,-1.5978966540475428e-05,-9.536742640435957e-07,1.7304945126162066,0.4122894883155823,0.00430287026877778,0.0
865,63,-324.21957,525.63873,-0.011154976,-0.5838012,3.7085454,-1.2397766e-06,3.7542154788970947,-1.2250541014364496e-05,-9.536742640435957e-07,1.730114346370598,0.4122892260551453,0.011536798293027202,0.0
866,63,-324.24854,525.8242,-0.011154976,-0.56812423,3.7108767,-1.2874602e-07,3.7541139125823975,-4.527373446768572e-05,-8.344649810381463e-07,1.729477318237851,0.41229430437088016,0.010925094684300998,0.0
867,63,-324.2771,526.00977,-0.011154899,-0.5625781,3.7117136,2.7751921e-06,3.754106044769287,-6.657901912465829e-05,-7.152556980326968e-07,1.7286466782938552,0.41229469776153566,0.009961881640861635,0.0
868,63,-324.30557,526.19525,-0.011154976,-0.56055653,3.712035,1.9836425e-06,3.7541213035583496,-6.711165540633547e-05,-7.152556980326968e-07,1.7278116441340607,0.41229393482208254,0.008979463127078716,0.0
869,63,-324.3339,526.38074,-0.011154976,-0.5597884,3.7121692,-1.2731551e-06,3.7541394233703613,-5.805690770006606e-05,-7.152556980326968e-07,1.7270333353054852,0.41229302883148194,0.008034629025718125,0.0
870,63,-324.36215,526.5662,-0.011154938,-0.5595341,3.712226,-1.8167495e-06,3.754157543182373,-4.687162705807193e-05,-9.536742640435957e-07,1.7263266655102327,0.41229212284088135,0.0071714747717040745,0.0
871,63,-324.39032,526.7518,-0.011154899,-0.55947506,3.71225,-2.3794173e-06,3.7541725635528564,-3.621898676141631e-05,-9.536742640435957e-07,1.7256917679063577,0.4122913718223572,0.006374818624023448,0.0
872,63,-324.41852,526.93726,-0.011154938,-0.5595276,3.7122567,-2.2697448e-06,3.7541871070861816,-2.7696873304993412e-05,-9.536742640435957e-07,1.725125579858607,0.41229064464569093,0.005686590123291013,0.0
873,63,-324.44662,527.12274,-0.011155052,-0.55956435,3.7122617,-1.835823e-06,3.754197597503662,-2.0772656502618056e-05,-9.536742640435957e-07,1.7246205113578734,0.4122901201248169,0.005050247260762001,0.0
874,63,-324.4748,527.3083,-0.011154899,-0.5583422,3.7124524,9.059906e-07,3.754204034805298,-1.8642125598724003e-05,-9.536742640435957e-07,1.7241467349999482,0.4122897982597351,0.0044788686263179875,0.0
875,63,-324.50287,527.4938,-0.011154938,-0.5592393,3.7123268,-2.374649e-06,3.754213571548462,-1.384843462066604e-05,-9.536742640435957e-07,1.7237278197604788,0.4122893214225769,0.003951006961928411,0.0
876,64,-324.53094,527.6793,-0.011155052,-0.5595824,3.7122848,-1.783371e-06,3.754223108291626,-8.522114980295896e-06,-9.536742640435957e-07,1.723368293013318,0.4122888445854187,0.0117639143121267,0.0
877,64,-324.55865,527.8648,-0.0111551285,-0.5428905,3.7146456,-1.25885e-06,3.7541074752807617,-4.420847003165402e-05,-8.344649810381463e-07,1.7227360585705334,0.4122946262359619,0.011178559202066653,0.0
878,64,-324.586,528.0507,-0.01115509,-0.5369653,3.7154949,-3.4856796e-06,3.7540955543518066,-6.817691984236717e-05,-7.152556980326968e-07,1.7218926354533053,0.41229522228240967,0.010212405534760913,0.0
879,64,-324.6131,528.2366,-0.011155014,-0.53478426,3.715825,-3.1948088e-07,3.7541110515594482,-6.924219646938286e-05,-7.152556980326968e-07,1.7210393586400439,0.4122944474220276,0.009174762681330717,0.0
880,64,-324.6402,528.4224,-0.011154938,-0.53402627,3.7159548,-2.2506713e-06,3.754131555557251,-5.965480029045227e-05,-7.152556980326968e-07,1.7202424076838376,0.4122934222221375,0.008218768341045242,0.0
881,64,-324.66724,528.60834,-0.011154976,-0.53375274,3.7160118,-9.679794e-07,3.7541491985321045,-4.8469531839442135e-05,-8.344649810381463e-07,1.7195202915542627,0.4122925400733948,0.007346808186734647,0.0
882,64,-324.69427,528.79425,-0.01115509,-0.53366613,3.71604,-2.3937225e-06,3.754164695739746,-3.781688747912518e-05,-9.536742640435957e-07,1.7188708797224468,0.4122917652130127,0.006578123009088143,0.0
883,64,-324.72128,528.98016,-0.011154976,-0.53361636,3.7160628,2.565384e-06,3.7541801929473877,-2.876213570919444e-05,-9.536742640435957e-07,1.7182892453403735,0.4122909903526306,0.005896324874708007,0.0
884,64,-324.74826,529.166,-0.011154976,-0.53356797,3.7160804,-2.813339e-07,3.754190683364868,-2.2370551124834935e-05,-9.536742640435957e-07,1.717767265766718,0.4122904658317566,0.005293756896046746,0.0
885,64,-324.7752,529.3519,-0.011154976,-0.53350586,3.7160993,-1.1873245e-06,3.7542006969451904,-1.7044230976507124e-05,-9.536742640435957e-07,1.7172996146793,0.4122899651527405,0.004756396617203668,0.0
886,64,-324.80215,529.53784,-0.011155052,-0.5334365,3.716118,3.7670134e-07,3.754209518432617,-1.3315803418565526e-05,-9.536742640435957e-07,1.7168793678592855,0.41228952407836916,0.00429100417177719,0.0
887,65,-324.82904,529.72375,-0.011154976,-0.5333337,3.7161403,-2.0647049e-06,3.7542166709899902,-1.0120011126385772e-05,-9.536742640435957e-07,1.7165011989844943,0.4122891664505005,0.012356624095654769,0.0
888,65,-324.85544,529.90967,-0.011155052,-0.51591355,3.7184727,-4.1007993e-07,3.75409197807312,-4.7936899621426287e-05,-8.344649810381463e-07,1.7158343434475385,0.412295401096344,0.011733366036588366,0.0
889,65,-324.8814,530.0956,-0.011154938,-0.5097322,3.7193127,-6.437302e-07,3.754079580307007,-7.243797352283262e-05,-7.152556980326968e-07,1.714946978172324,0.4122960209846497,0.010716207956077249,0.0
890,65,-324.90717,530.28143,-0.011154976,-0.5074589,3.7196414,4.339218e-07,3.7540974617004395,-7.297061386817113e-05,-7.152556980326968e-07,1.7140516234138394,0.41229512691497805,0.009638809786370934,0.0
891,65,-324.93292,530.46735,-0.011154899,-0.5066444,3.719775,-2.0360947e-06,3.754119634628296,-6.338322988022454e-05,-7.152556980326968e-07,1.7132157903057181,0.41229401826858525,0.008646140849391117,0.0
892,65,-324.95865,530.65326,-0.011154976,-0.50632894,3.7198398,-5.2928925e-07,3.754141330718994,-5.113269292952138e-05,-8.344649810381463e-07,1.7124569225531,0.4122929334640503,0.007754632366789101,0.0
893,65,-324.9843,530.8391,-0.011154938,-0.50617737,3.7198775,-1.1110305e-06,3.7541580200195312,-3.994741228752724e-05,-9.536742640435957e-07,1.7117728896271132,0.41229209899902347,0.006953657151267158,0.0
894,65,-325.00998,531.025,-0.011154976,-0.5060866,3.7199044,-4.1007993e-07,3.7541725635528564,-3.0892666613088495e-05,-9.536742640435957e-07,1.7111588978377954,0.4122913718223572,0.006252148578570371,0.0
895,65,-325.03558,531.21094,-0.011154976,-0.5059854,3.719931,2.632141e-06,3.754185199737549,-2.396845184254381e-05,-9.536742640435957e-07,1.710607090859931,0.4122907400131226,0.005620332612220015,0.0
896,65,-325.0612,531.39685,-0.01115509,-0.5058906,3.7199543,4.2915342e-08,3.7541956901550293,-1.8642127630554666e-05,-9.536742640435957e-07,1.7101117428971762,0.41229021549224854,0.005073936259944358,0.0
897,66,-325.08676,531.5827,-0.011155167,-0.50575924,3.7199821,-1.3446808e-06,3.7542057037353516,-1.4381068870512554e-05,-9.536742640435957e-07,1.7096647313082065,0.41228971481323246,0.012861410990107444,0.0
898,66,-325.1118,531.7686,-0.011155014,-0.48872036,3.7221363,-2.1123885e-06,3.7540838718414307,-5.0067424429828346e-05,-7.152556980326968e-07,1.7089431478108494,0.4122958064079285,0.012157985735796191,0.0
899,66,-325.13644,531.95465,-0.011154861,-0.4826968,3.722913,-1.335144e-06,3.754074811935425,-7.297061386817113e-05,-7.152556980326968e-07,1.7080151693290113,0.4122962594032288,0.011094116598160604,0.0
900,66,-325.16086,532.141,-0.011154861,-0.48047188,3.7232187,-1.8215179e-06,3.7540924549102783,-7.350323795886431e-05,-7.152556980326968e-07,1.7070851934763556,0.4122953772544861,0.009956456986552065,0.0
901,66,-325.18527,532.3272,-0.011154976,-0.4797127,3.7233412,-2.8705597e-06,3.754117012023926,-6.338322988022454e-05,-7.152556980326968e-07,1.7062207313865159,0.4122941493988037,0.008917406948949607,0.0
902,66,-325.2096,532.5135,-0.011155014,-0.47943777,3.7233968,-8.6307523e-07,3.754136800765991,-5.113269292952138e-05,-8.344649810381463e-07,1.7054361641293785,0.41229315996170046,0.00796008807977896,0.0
903,66,-325.23395,532.69977,-0.011155014,-0.4793726,3.7234237,-9.4890595e-07,3.754155397415161,-3.941478006951139e-05,-9.536742640435957e-07,1.7047321574952161,0.412292230129242,0.007126365822235671,0.0
904,66,-325.2582,532.8861,-0.011154861,-0.4793274,3.7234457,3.0994414e-07,3.754171371459961,-3.036003439507265e-05,-9.536742640435957e-07,1.7041015209490853,0.412291431427002,0.006362806718271683,0.0
905,66,-325.2825,533.0724,-0.0111551285,-0.47932762,3.72346,-1.7309188e-06,3.754185676574707,-2.290318537468145e-05,-9.536742640435957e-07,1.7035373302721522,0.41229071617126467,0.005708284236384152,0.0
906,66,-325.3067,533.2587,-0.011155014,-0.47928244,3.7234762,-1.5878677e-06,3.7541959285736084,-1.7576863194522973e-05,-9.536742640435957e-07,1.7030325280875276,0.4122902035713196,0.005101982860905642,0.0
907,66,-325.33093,533.445,-0.011155052,-0.47926906,3.7234886,-1.1682511e-06,3.754206418991089,-1.3315805450396191e-05,-9.536742640435957e-07,1.7025801901763775,0.41228967905044556,0.004588002832639304,0.0
908,67,-325.35513,533.6313,-0.011154976,-0.47920555,3.7235048,-2.3555756e-06,3.754214286804199,-1.065264334440162e-05,-9.536742640435957e-07,1.7021752565326311,0.41228928565979006,0.012620952270039622,0.0
909,67,-325.3788,533.8176,-0.011154938,-0.46177033,3.7255821,-1.6784668e-06,3.7540903091430664,-4.7936899621426287e-05,-7.152556980326968e-07,1.7014841662297555,0.4122954845428467,0.01195710945840142,0.0
910,67,-325.40207,534.00385,-0.011154899,-0.45560816,3.7263303,-2.7656554e-06,3.754079818725586,-7.243797352283262e-05,-7.152556980326968e-07,1.700577493036638,0.4122960090637207,0.010910514541270384,0.0
911,67,-325.42517,534.1901,-0.011155014,-0.45335022,3.7266243,-2.1982194e-06,3.754098415374756,-7.297060574084846e-05,-7.152556980326968e-07,1.6996645614149588,0.41229507923126224,0.00981983466300443,0.0
912,67,-325.44818,534.3764,-0.011154938,-0.4525237,3.7267478,1.6403197e-06,3.7541213035583496,-6.338322988022454e-05,-7.152556980326968e-07,1.6988126161822426,0.41229393482208254,0.008790274499834029,0.0
913,67,-325.47116,534.56274,-0.0111551285,-0.45223975,3.7268012,-2.3126602e-06,3.7541401386260986,-5.113269292952138e-05,-8.344649810381463e-07,1.698040166308065,0.4122929930686951,0.00786121929435331,0.0
914,67,-325.4941,534.749,-0.011154976,-0.45214176,3.7268276,-2.7418137e-06,3.754154682159424,-3.994741228752724e-05,-9.536742640435957e-07,1.697345480737718,0.41229226589202883,0.007034974658798252,0.0
915,67,-325.51703,534.9353,-0.011155014,-0.452094,3.7268465,-2.2411346e-06,3.754167318344116,-3.036003033141132e-05,-9.536742640435957e-07,1.6967228336748574,0.41229163408279423,0.006301377523596,0.0
916,67,-325.53995,535.1216,-0.01115509,-0.45205137,3.7268615,-1.0442734e-06,3.7541773319244385,-2.3435813529035965e-05,-9.536742640435957e-07,1.6961657003748127,0.4122911334037781,0.005663323561787369,0.0
917,67,-325.5628,535.3079,-0.011155014,-0.4519741,3.7268786,-9.012222e-07,3.7541849613189697,-1.8109493380708154e-05,-9.536742640435957e-07,1.6956650260898778,0.4122907519340515,0.005082522263578435,0.0
918,68,-325.58563,535.4942,-0.011155014,-0.45190892,3.7268922,-2.4795531e-06,3.754190683364868,-1.3848436652496706e-05,-9.536742640435957e-07,1.695216150288145,0.4122904658317566,0.01289079372090985,0.0
919,68,-325.60797,535.6805,-0.011155014,-0.43481436,3.7288024,-1.2254715e-06,3.754068613052368,-4.953479627547383e-05,-8.344649810381463e-07,1.6944928357360796,0.4122965693473816,0.01218347017233227,0.0
920,68,-325.62994,535.86676,-0.011154976,-0.4287745,3.7294917,-4.959106e-07,3.754058599472046,-7.297061386817113e-05,-7.152556980326968e-07,1.6935628598834238,0.4122970700263977,0.011120586345922459,0.0
921,68,-325.6517,536.0531,-0.011154899,-0.42653552,3.729767,-5.674362e-07,3.754077196121216,-7.297061386817113e-05,-7.152556980326968e-07,1.6926306203438415,0.41229614019393923,0.010003181367463336,0.0
922,68,-325.67334,536.2394,-0.011155014,-0.42572406,3.7298827,-6.1035155e-07,3.7540998458862305,-6.338322175290187e-05,-7.152556980326968e-07,1.6917624298284757,0.4122950077056885,0.008944091850223882,0.0
923,68,-325.69498,536.4256,-0.011154938,-0.42546463,3.7299328,-1.335144e-06,3.754120111465454,-5.113268886586004e-05,-8.344649810381463e-07,1.6909751994102484,0.4122939944267273,0.008001244332303552,0.0
924,68,-325.71658,536.61194,-0.011154976,-0.42536783,3.729962,-1.8692016e-06,3.754138469696045,-3.994741228752724e-05,-9.536742640435957e-07,1.6902679969827779,0.41229307651519775,0.007157463979008971,0.0
925,68,-325.73813,536.7982,-0.011155052,-0.42532524,3.7299812,-8.6307523e-07,3.754152536392212,-3.036003439507265e-05,-9.536742640435957e-07,1.6896350967497205,0.4122923731803894,0.006400909784208789,0.0
926,68,-325.75967,536.9845,-0.011154976,-0.42530474,3.729997,-2.117157e-06,3.7541658878326416,-2.3435813529035965e-05,-9.536742640435957e-07,1.689067976595588,0.4122917056083679,0.005738887948855622,0.0
927,68,-325.78116,537.17084,-0.011155052,-0.42526102,3.7300122,-1.6880035e-06,3.754176139831543,-1.7576863194522973e-05,-9.536742640435957e-07,1.6885602449337644,0.4122911930084229,0.005137520112337504,0.0
928,68,-325.80264,537.3571,-0.011154976,-0.42523032,3.730023,-7.2956084e-07,3.754183053970337,-1.3848436652496706e-05,-9.536742640435957e-07,1.6881053770195789,0.4122908473014832,0.004616481293687374,0.0
929,69,-325.8241,537.5434,-0.011155014,-0.42516914,3.7300382,-1.9598008e-06,3.7541916370391846,-1.065264334440162e-05,-1.0728835470490452e-06,1.6876979133727967,0.4122904181480408,0.012660098555202774,0.0
930,69,-325.84506,537.73004,-0.011154976,-0.40767837,3.731864,-1.7452239e-06,3.754065752029419,-4.793690368508762e-05,-8.344649810381463e-07,1.687003893592722,0.41229671239852905,0.011987027890786477,0.0
931,69,-325.86563,537.91675,-0.011154938,-0.40150854,3.7325227,1.1920929e-07,3.7540557384490967,-7.243797352283262e-05,-7.152556980326968e-07,1.6860941577643511,0.4122972130775452,0.010934279158410271,0.0
932,69,-325.88605,538.10345,-0.011154899,-0.39925277,3.7327821,-1.1205673e-06,3.754073143005371,-7.297060574084846e-05,-7.152556980326968e-07,1.6851792287718543,0.4122963428497315,0.009841310037132267,0.0
933,69,-325.9063,538.2901,-0.011154938,-0.39842573,3.7328942,-3.480911e-07,3.754096746444702,-6.338323394388587e-05,-7.152556980326968e-07,1.6843247535361026,0.4122951626777649,0.008791984988929963,0.0
934,69,-325.92657,538.4768,-0.011154938,-0.39817715,3.732942,-1.9598008e-06,3.754117965698242,-5.113268886586004e-05,-8.344649810381463e-07,1.683551504713598,0.4122941017150879,0.00785421428524291,0.0
935,69,-325.94678,538.66345,-0.011155052,-0.398105,3.7329674,-5.483627e-07,3.7541353702545166,-3.994741228752724e-05,-9.536742640435957e-07,1.6828564196690872,0.4122932314872742,0.007008215947296541,0.0
936,69,-325.96698,538.85016,-0.011155052,-0.39810658,3.7329834,-1.0251998e-06,3.7541515827178955,-3.036003439507265e-05,-9.536742640435957e-07,1.6822353705028807,0.4122924208641052,0.006264175726293873,0.0
937,69,-325.98715,539.03687,-0.01115509,-0.39810577,3.7329967,-2.336502e-07,3.754164695739746,-2.290318537468145e-05,-9.536742640435957e-07,1.6816797019414358,0.4122917652130127,0.005602347406015914,0.0
938,69,-326.00726,539.2236,-0.011155052,-0.3980971,3.7330081,-6.29425e-07,3.7541751861572266,-1.7576863194522973e-05,-9.536742640435957e-07,1.6811839545045175,0.4122912406921387,0.005002605998957733,0.0
939,69,-326.02737,539.4103,-0.011155052,-0.39810315,3.7330172,-4.0531157e-07,3.7541847229003906,-1.3315804434480857e-05,-9.536742640435957e-07,1.6807402718669102,0.4122907638549805,0.004477664714509991,0.0
940,70,-326.04745,539.5969,-0.011155052,-0.39808962,3.733027,-1.1062622e-06,3.754193067550659,-1.0120012142301106e-05,-1.0728835470490452e-06,1.680343327706434,0.41229034662246705,0.012698976300105455,0.0
941,70,-326.06708,539.7836,-0.011154899,-0.38026434,3.7347524,-1.5687942e-06,3.754061460494995,-4.8469531839442135e-05,-8.344649810381463e-07,1.679653702142158,0.4122969269752503,0.012047594900415452,0.0
942,70,-326.08627,539.97034,-0.011154938,-0.37394944,3.7353783,-1.2493133e-06,3.75404953956604,-7.350324608618697e-05,-7.152556980326968e-07,1.6787417026268603,0.41229752302169803,0.01100062718719439,0.0
943,70,-326.10532,540.157,-0.011154861,-0.37162644,3.7356277,1.3828277e-07,3.7540671825408936,-7.403587830420282e-05,-7.152556980326968e-07,1.677822379418565,0.41229664087295537,0.009912698020729705,0.0
944,70,-326.12424,540.3437,-0.011154938,-0.37075505,3.7357395,-2.3365021e-06,3.7540924549102783,-6.444849431625624e-05,-7.152556980326968e-07,1.6769637762831235,0.4122953772544861,0.00887481674805665,0.0
945,70,-326.14313,540.5304,-0.011154938,-0.37045464,3.7357903,-1.0061264e-06,3.75411319732666,-5.219795330189174e-05,-8.344649810381463e-07,1.6761833369256758,0.412294340133667,0.007938171899327618,0.0
946,70,-326.16196,540.71704,-0.011154976,-0.37034932,3.7358205,-1.2874603e-06,3.7541327476501465,-4.048004450554309e-05,-9.536742640435957e-07,1.675482925558985,0.4122933626174927,0.007096436596858133,0.0
947,70,-326.1808,540.90375,-0.011155014,-0.3703141,3.7358403,-8.4400176e-07,3.7541491985321045,-3.1425298831104344e-05,-9.536742640435957e-07,1.6748545526997807,0.4122925400733948,0.006355472947573853,0.0
948,70,-326.1996,541.0904,-0.01115509,-0.37027666,3.735858,-1.2874602e-07,3.7541630268096924,-2.396845184254381e-05,-9.536742640435957e-07,1.6742922262356104,0.4122918486595154,0.005701285735819997,0.0
949,70,-326.21835,541.27716,-0.011155052,-0.3702223,3.7358742,-5.38826e-07,3.754173755645752,-1.8109491348877488e-05,-9.536742640435957e-07,1.673787690367095,0.4122913122177124,0.005115520305727727,0.0
950,71,-326.2371,541.4638,-0.01115509,-0.37016556,3.7358878,-2.4318695e-07,3.7541818618774414,-1.3848436652496706e-05,-1.0728835470490452e-06,1.6733360182462176,0.41229090690612796,0.013019490272207293,0.0
951,71,-326.2553,541.6505,-0.011154938,-0.35283396,3.7374399,-3.147125e-07,3.7540576457977295,-5.006742849348968e-05,-8.344649810381463e-07,1.6726063121075359,0.41229711771011357,0.012298870235723824,0.0
952,71,-326.27316,541.8372,-0.011154938,-0.3467249,3.7380016,-1.130104e-06,3.7540478706359863,-7.350324608618697e-05,-7.152556980326968e-07,1.6716674146652284,0.4122976064682007,0.011218620689995788,0.0
953,71,-326.29086,542.0239,-0.011154938,-0.34447452,3.7382283,-8.0585477e-07,3.754066228866577,-7.403588643152549e-05,-7.152556980326968e-07,1.6707267861682125,0.4122966885566712,0.010103972071467503,0.0
954,71,-326.3084,542.2109,-0.011154976,-0.34363246,3.7383306,1.9073486e-08,3.7540910243988037,-6.391587022556305e-05,-7.152556980326968e-07,1.6698511388017943,0.41229544878005986,0.009031415267627341,0.0
955,71,-326.32593,542.39795,-0.011155014,-0.34337023,3.738377,-1.87397e-06,3.75411319732666,-5.166532108387589e-05,-8.344649810381463e-07,1.6690557857422421,0.412294340133667,0.008058156210949413,0.0
956,71,-326.34344,542.585,-0.011155014,-0.34331614,3.7384017,-1.9502638e-06,3.7541327476501465,-3.994740416020458e-05,-9.536742640435957e-07,1.668343123834537,0.4122933626174927,0.007200595105352936,0.0
957,71,-326.3609,542.7721,-0.01115509,-0.34330082,3.7384188,-4.959106e-07,3.754148483276367,-3.0892666613088495e-05,-9.536742640435957e-07,1.667705030437354,0.4122925758361817,0.006427398788414351,0.0
958,71,-326.37833,542.9592,-0.01115509,-0.3433126,3.7384317,3.2901764e-07,3.754162311553955,-2.3435817592697295e-05,-9.536742640435957e-07,1.667135646596295,0.41229188442230225,0.005737997217206704,0.0
959,71,-326.39572,543.1463,-0.011155052,-0.34332868,3.738441,-1.4734268e-06,3.7541730403900146,-1.7576865226353636e-05,-9.536742640435957e-07,1.6666263170378173,0.41229134798049927,0.005124368719013085,0.0
960,71,-326.4131,543.3334,-0.011154976,-0.34333962,3.7384484,-1.3017655e-06,3.754181385040283,-1.3315805450396191e-05,-9.536742640435957e-07,1.6661715822816863,0.41229093074798584,0.004576395587010409,0.0
961,72,-326.43045,543.52045,-0.01115509,-0.34334782,3.7384555,-6.3896175e-07,3.7541892528533936,-1.0120011126385772e-05,-1.0728835470490452e-06,1.6657658496896128,0.41229053735733034,0.012715120113273793,0.0
962,72,-326.44736,543.7076,-0.011154976,-0.3256538,3.7399096,-4.339218e-07,3.754060983657837,-4.793690368508762e-05,-8.344649810381463e-07,1.6650706314870476,0.41229695081710815,0.012052242545203245,0.0
963,72,-326.4638,543.89465,-0.011154976,-0.31939292,3.7404385,-5.674362e-07,3.7540500164031982,-7.243797352283262e-05,-7.152556980326968e-07,1.664157833023423,0.4122974991798401,0.010993599274650923,0.0
964,72,-326.48013,544.0817,-0.011154976,-0.3171074,3.7406511,-2.670288e-07,3.75406813621521,-7.350323795886431e-05,-7.152556980326968e-07,1.6632371782345825,0.4122965931892395,0.009900074044526265,0.0
965,72,-326.4963,544.2688,-0.011154899,-0.31625885,3.7407463,6.67572e-08,3.754091262817383,-6.391586616190171e-05,-7.152556980326968e-07,1.6623792408894136,0.4122954368591309,0.008851572944998163,0.0
966,72,-326.51245,544.4559,-0.01115509,-0.31598875,3.7407906,-1.9550323e-07,3.754112720489502,-5.166531702021456e-05,-8.344649810381463e-07,1.66160039942862,0.41229436397552494,0.007904459112902093,0.0
967,72,-326.52856,544.64294,-0.011154976,-0.3159177,3.7408156,-6.866455e-07,3.75413179397583,-3.9947408223865914e-05,-9.536742640435957e-07,1.660901053326365,0.41229341030120853,0.007058874610114371,0.0
968,72,-326.54465,544.83,-0.011155052,-0.31590718,3.7408328,-5.912781e-07,3.754148006439209,-3.0892666613088495e-05,-9.536742640435957e-07,1.660275876260469,0.41229259967803955,0.006307356403305177,0.0
969,72,-326.56073,545.0171,-0.011155052,-0.31590658,3.7408464,9.870529e-07,3.7541615962982178,-2.3435813529035965e-05,-9.536742640435957e-07,1.6597167455896067,0.41229192018508914,0.005650345093287517,0.0
970,72,-326.57675,545.2042,-0.011155014,-0.31587884,3.7408607,-7.343292e-07,3.7541732788085938,-1.7576863194522973e-05,-9.536742640435957e-07,1.6592164707788355,0.41229133605957036,0.005052916800632381,0.0
971,72,-326.59277,545.3913,-0.011155052,-0.31586394,3.740872,5.4359435e-07,3.754183292388916,-1.3315805450396191e-05,-9.536742640435957e-07,1.658769059715702,0.4122908353805542,0.004534600387152092,0.0
972,73,-326.60873,545.57837,-0.011155052,-0.31581956,3.7408829,-9.775162e-07,3.754190444946289,-1.065264334440162e-05,-1.0728835470490452e-06,1.6583679876555362,0.41229047775268557,0.01279431773047372,0.0
973,73,-326.62424,545.76544,-0.011154976,-0.297862,3.7422245,6.1035155e-07,3.7540600299835205,-4.900215999379665e-05,-8.344649810381463e-07,1.6576723699788074,0.412296998500824,0.012136266960985537,0.0
974,73,-326.63937,545.9526,-0.011154861,-0.29149976,3.7427127,-4.529953e-07,3.754047155380249,-7.403587830420282e-05,-7.152556980326968e-07,1.6567535794027302,0.4122976422309876,0.01109770144632071,0.0
975,73,-326.65424,546.13965,-0.011154938,-0.28912523,3.7429144,-5.912781e-07,3.7540647983551025,-7.510113461291185e-05,-7.152556980326968e-07,1.6558262667111645,0.4122967600822449,0.00998030970131308,0.0
976,73,-326.66907,546.3267,-0.011155014,-0.28827763,3.7430038,-1.2159347e-06,3.7540886402130127,-6.498113059793341e-05,-7.152556980326968e-07,1.6549612719891067,0.4122955679893494,0.008944347772319457,0.0
977,73,-326.68384,546.5138,-0.011154976,-0.28796452,3.7430513,5.340576e-07,3.7541120052337646,-5.219795330189174e-05,-8.344649810381463e-07,1.6541749736772609,0.4122943997383118,0.00800108002864779,0.0
978,73,-326.6986,546.70087,-0.011155052,-0.2878534,3.7430785,-7.867813e-07,3.7541306018829346,-4.101268078722027e-05,-9.536742640435957e-07,1.6534688365142265,0.4122934699058533,0.007172244753461923,0.0
979,73,-326.71332,546.88794,-0.01115509,-0.28777584,3.7431002,8.153915e-07,3.754146099090576,-3.1425298831104344e-05,-9.536742640435957e-07,1.6528350041747875,0.4122926950454712,0.006426387473949724,0.0
980,73,-326.72803,547.0751,-0.01115509,-0.28772026,3.7431166,8.5830685e-08,3.7541584968566895,-2.396844777888248e-05,-9.536742640435957e-07,1.6522666855981647,0.41229207515716554,0.005774546123927249,0.0
981,73,-326.74268,547.26215,-0.011155052,-0.28764054,3.743134,-3.9100647e-07,3.754169464111328,-1.8642125598724003e-05,-9.536742640435957e-07,1.6517564239333054,0.4122915267944336,0.005186984318629465,0.0
982,74,-326.75732,547.4492,-0.011155014,-0.28756332,3.743149,5.865097e-07,3.754178762435913,-1.4381068870512554e-05,-9.536742640435957e-07,1.6512983602258118,0.41229106187820436,0.013100668350481438,0.0
983,74,-326.77142,547.6363,-0.011155052,-0.2701606,3.7443197,8.2015987e-07,3.7540533542633057,-5.0600056647844195e-05,-8.344649810381463e-07,1.6505629282907863,0.41229733228683474,0.012375604721619885,0.0
984,74,-326.78516,547.82336,-0.011154899,-0.26402065,3.7447472,6.580353e-07,3.754042863845825,-7.403587017688016e-05,-7.152556980326968e-07,1.6496173729457537,0.41229785680770875,0.011289590592770397,0.0
985,74,-326.79868,548.01044,-0.011154976,-0.26175514,3.7449255,1.8596648e-07,3.7540621757507324,-7.456850239489601e-05,-7.152556980326968e-07,1.6486707523362851,0.4122968912124634,0.010152049427129313,0.0
986,74,-326.81213,548.1976,-0.011155052,-0.26093873,3.7450082,6.580353e-07,3.7540879249572754,-6.391586616190171e-05,-7.152556980326968e-07,1.6477892460154688,0.41229560375213625,0.009089296409912769,0.0
987,74,-326.82556,548.38464,-0.01115509,-0.26065198,3.7450507,-5.2452087e-08,3.754110336303711,-5.166532108387589e-05,-8.344649810381463e-07,1.6469904308464995,0.4122944831848145,0.008135618695347437,0.0
988,74,-326.83896,548.5717,-0.011154938,-0.26053756,3.7450778,-1.14440915e-07,3.754129409790039,-4.048004450554309e-05,-9.536742640435957e-07,1.6462712441941236,0.4122935295104981,0.007285586695926669,0.0
989,74,-326.85233,548.7588,-0.01115509,-0.26047298,3.7450988,-1.5735625e-07,3.754145860671997,-3.089266254942717e-05,-9.536742640435957e-07,1.645627425000597,0.4122927069664002,0.006533441555155289,0.0
990,74,-326.86566,548.94586,-0.011155052,-0.26040873,3.7451165,5.483627e-07,3.7541589736938477,-2.396844777888248e-05,-9.536742640435957e-07,1.64504951904405,0.41229205131530766,0.005866567246325536,0.0
991,74,-326.87897,549.133,-0.0111551285,-0.26033324,3.745132,7.5817104e-07,3.754169225692749,-1.8109493380708154e-05,-9.536742640435957e-07,1.644531933686193,0.41229153871536256,0.005275681847968334,0.0
992,74,-326.89224,549.3201,-0.0111551285,-0.26024356,3.745148,1.001358e-06,3.754179000854492,-1.438106785459722e-05,-9.536742640435957e-07,1.644066146811538,0.4122910499572754,0.0047507887406304005,0.0
993,75,-326.9055,549.5072,-0.01115509,-0.26014274,3.7451625,8.7738033e-07,3.7541866302490234,-1.11852765783328e-05,-1.0728835470490452e-06,1.6436476310462322,0.41229066848754886,0.012817661169098,0.0
994,75,-326.9182,549.69434,-0.011154976,-0.24250147,3.74622,6.29425e-07,3.754060745239258,-4.8469531839442135e-05,-8.344649810381463e-07,1.6429414938831977,0.4122969627380371,0.01214001221044176,0.0
995,75,-326.93057,549.88184,-0.011154899,-0.23625961,3.7466073,4.7683715e-09,3.754049062728882,-7.297061386817113e-05,-7.152556980326968e-07,1.6420192411977033,0.4122975468635559,0.011086394593556329,0.0
996,75,-326.94266,550.0693,-0.011154899,-0.23394868,3.7467723,1.9073485e-07,3.7540690898895264,-7.403587830420282e-05,-7.152556980326968e-07,1.641091529031974,0.4122965455055237,0.009957648291444625,0.0
997,75,-326.95474,550.2568,-0.011154938,-0.23314458,3.746845,1.0585785e-06,3.754091739654541,-6.391586616190171e-05,-7.152556980326968e-07,1.6402270669421344,0.41229541301727296,0.008918992839174323,0.0
998,75,-326.9668,550.4443,-0.011154976,-0.23285384,3.746886,-1.7166137e-07,3.7541146278381348,-5.166532108387589e-05,-8.344649810381463e-07,1.639443032317215,0.41229426860809326,0.007985196526521422,0.0
999,75,-326.97882,550.6318,-0.011155014,-0.23273455,3.7469125,1.0585785e-06,3.754133701324463,-4.048004856920442e-05,-9.536742640435957e-07,1.6387378272605622,0.41229331493377686,0.007154035631104114,0.0
1000,75,-326.9908,550.8192,-0.011154976,-0.23266286,3.746933,-1.5735625e-07,3.7541496753692627,-3.089266254942717e-05,-9.536742640435957e-07,1.6381055928177772,0.4122925162315369,0.006419043194699512,0.0
1001,75,-327.00278,551.0067,-0.01115509,-0.23259021,3.7469509,1.3542175e-06,3.7541627883911133,-2.396845184254381e-05,-9.536742640435957e-07,1.6375382063475359,0.41229186058044437,0.00576665220180372,0.0
1002,75,-327.0147,551.19415,-0.01115509,-0.23250774,3.7469678,1.1014938e-06,3.7541747093200684,-1.8642125598724003e-05,-9.536742640435957e-07,1.6370284773148946,0.4122912645339966,0.005190049992820644,0.0
1003,75,-327.02658,551.38165,-0.011155014,-0.2324086,3.746983,1.1539458e-06,3.754183769226074,-1.4381068870512554e-05,-9.536742640435957e-07,1.6365710793976735,0.4122908115386963,0.004665779625983915,0.0
1004,76,-327.03848,551.56915,-0.01115509,-0.23232244,3.7469952,6.437302e-07,3.754190683364868,-1.11852765783328e-05,-9.536742640435957e-07,1.6361593546931474,0.4122904658317566,0.012822399975196998,0.0
1005,76,-327.0498,551.75665,-0.011154976,-0.2145118,3.7479281,-4.4345856e-07,3.7540619373321533,-4.900215593013532e-05,-8.344649810381463e-07,1.635457212271748,0.41229690313339235,0.012148840927814868,0.0
1006,76,-327.06073,551.94415,-0.011154976,-0.20821325,3.748272,1.4162064e-06,3.7540504932403564,-7.350323795886431e-05,-7.152556980326968e-07,1.6345352259023624,0.4122974753379822,0.011090721251214993,0.0
1007,76,-327.07147,552.1316,-0.011154976,-0.20589292,3.7484198,5.5789945e-07,3.7540700435638428,-7.456850239489601e-05,-7.152556980326968e-07,1.633607380578579,0.4122964978218079,0.009983306994761403,0.0
1008,76,-327.08218,552.31903,-0.011155014,-0.20504074,3.7484896,1.4925002e-06,3.7540931701660156,-6.444849431625624e-05,-7.152556980326968e-07,1.6327419863823578,0.4122953414916992,0.008958468117893942,0.0
1009,76,-327.0928,552.50653,-0.011154938,-0.20470233,3.7485301,8.153915e-07,3.754115343093872,-5.2197949238230406e-05,-8.344649810381463e-07,1.6319551554382938,0.4122942328453064,0.008015856365786337,0.0
1010,76,-327.10327,552.69403,-0.011154976,-0.20457888,3.7485569,4.816055e-07,3.7541353702545166,-4.101268078722027e-05,-9.536742640435957e-07,1.6312468877463873,0.4122932314872742,0.007131973273202499,0.0
1011,76,-327.1137,552.88153,-0.011154976,-0.20460743,3.7485714,6.3896175e-07,3.7541513442993164,-3.142529476744302e-05,-9.536742640435957e-07,1.6306139875133299,0.4122924327850342,0.006340818566647403,0.0
1012,76,-327.12408,553.06903,-0.011154976,-0.20468219,3.748581,9.346008e-07,3.754164934158325,-2.3435817592697295e-05,-9.536742640435957e-07,1.6300507289427781,0.4122917532920838,0.005621840169856269,0.0
1013,76,-327.13446,553.2565,-0.0111551285,-0.20479554,3.7485867,1.4305115e-06,3.7541768550872803,-1.7576863194522973e-05,-9.536742640435957e-07,1.6295497883417343,0.41229115724563603,0.004988692868457675,0.0
1014,77,-327.1449,553.444,-0.011155052,-0.20489947,3.7485898,5.7220458e-08,3.754185438156128,-1.2783174248295676e-05,-9.536742640435957e-07,1.6291046409655274,0.41229072809219364,0.012920005291763577,0.0
1015,77,-327.1549,553.6315,-0.011155014,-0.18753114,3.749375,1.3256073e-06,3.7540619373321533,-4.900215999379665e-05,-8.344649810381463e-07,1.628383456942334,0.41229690313339235,0.01222284721542559,0.0
1016,77,-327.1645,553.8189,-0.011154899,-0.18138239,3.7496676,5.0544736e-07,3.75405216217041,-7.297061386817113e-05,-7.152556980326968e-07,1.6274513505608064,0.4122973918914795,0.01114758800466996,0.0
1017,77,-327.17386,554.0064,-0.011154899,-0.17912471,3.7497945,9.822845e-07,3.754070281982422,-7.297061386817113e-05,-7.152556980326968e-07,1.6265171136504064,0.4122964859008789,0.010017772996828623,0.0
1018,77,-327.18323,554.1939,-0.011155014,-0.17832512,3.7498562,3.4332274e-07,3.754093885421753,-6.338322175290187e-05,-7.152556980326968e-07,1.6256471920803321,0.4122953057289124,0.008981205440442978,0.0
1019,77,-327.19254,554.3814,-0.011155014,-0.17801788,3.7498934,7.867813e-07,3.7541165351867676,-5.113269292952138e-05,-8.344649810381463e-07,1.6248572985010146,0.41229417324066164,0.008039902221705206,0.0
1020,77,-327.2018,554.56885,-0.011155052,-0.17789508,3.7499194,1.7213821e-06,3.754136562347412,-3.994740416020458e-05,-9.536742640435957e-07,1.624147166596345,0.41229317188262943,0.007203472986910049,0.0
1021,77,-327.21106,554.75635,-0.011155052,-0.17782074,3.7499385,1.0299682e-06,3.7541520595550537,-3.0892666613088495e-05,-9.536742640435957e-07,1.623510937411925,0.41229239702224735,0.006462123446599892,0.0
1022,77,-327.2203,554.9438,-0.011155014,-0.17774929,3.749955,1.5354157e-06,3.7541654109954834,-2.3435817592697295e-05,-9.536742640435957e-07,1.6229399556742121,0.41229172945022585,0.005817890806866816,0.0
1023,77,-327.2295,555.1313,-0.01115509,-0.17764065,3.749971,7.8201293e-07,3.754176139831543,-1.8109493380708154e-05,-9.536742640435957e-07,1.6224268976902083,0.4122911930084229,0.005236364663461001,0.0
1024,77,-327.23862,555.3188,-0.01115509,-0.17753309,3.749984,1.707077e-06,3.7541840076446533,-1.4381068870512554e-05,-9.536742640435957e-07,1.6219651055571886,0.4122907996177674,0.004707589768117636,0.0
1025,78,-327.24762,555.5063,-0.01115509,-0.17744395,3.749997,2.0551681e-06,3.75419282913208,-1.1185274546502136e-05,-1.0728835470490452e-06,1.6215496524271362,0.412290358543396,0.012763817721330582,0.0
1026,78,-327.2562,555.6938,-0.011154976,-0.15981789,3.7506626,2.0647049e-06,3.754065990447998,-4.8469531839442135e-05,-8.344649810381463e-07,1.6208481757960094,0.41229670047760014,0.012085733700552213,0.0
1027,78,-327.26437,555.8813,-0.011154938,-0.15359074,3.7509115,2.1600722e-06,3.7540547847747803,-7.297061386817113e-05,-7.152556980326968e-07,1.6199300510102046,0.412297260761261,0.011027955980419115,0.0
1028,78,-327.2724,556.0687,-0.011154976,-0.15130337,3.7510238,1.3208389e-06,3.7540740966796875,-7.350323795886431e-05,-7.152556980326968e-07,1.6190068662183286,0.4122962951660156,0.009930980858289126,0.0
1029,78,-327.2804,556.2562,-0.011155052,-0.15045299,3.7510805,2.0742416e-06,3.754096746444702,-6.391586616190171e-05,-7.152556980326968e-07,1.6181462657120693,0.4122951626777649,0.008916342118898059,0.0
1030,78,-327.28827,556.4437,-0.011154938,-0.15010606,3.7511175,5.483627e-07,3.754119634628296,-5.166532514753722e-05,-8.344649810381463e-07,1.6173634295096406,0.41229401826858525,0.00797454447294756,0.0
1031,78,-327.29605,556.6312,-0.011155014,-0.1499881,3.751141,5.531311e-07,3.754138469696045,-4.048004450554309e-05,-9.536742640435957e-07,1.6166590234013147,0.41229307651519775,0.007112690218809122,0.0
1032,78,-327.30374,556.8187,-0.011155052,-0.1499817,3.7511575,2.2745132e-06,3.754154682159424,-3.0892666613088495e-05,-9.536742640435957e-07,1.6160290526454564,0.41229226589202883,0.00632190092589673,0.0
1033,78,-327.3114,557.0062,-0.011154976,-0.1500507,3.7511675,7.9631803e-07,3.754167318344116,-2.343581556086663e-05,-9.536742640435957e-07,1.6154671256554498,0.41229163408279423,0.0056128778754145885,0.0
1034,78,-327.31906,557.19366,-0.01115509,-0.1501452,3.7511752,2.3126602e-06,3.754178762435913,-1.7576863194522973e-05,-9.536742640435957e-07,1.6149668508446784,0.41229106187820436,0.004989331217874053,0.0
1035,78,-327.32678,557.38116,-0.011154976,-0.15022543,3.7511818,2.093315e-06,3.7541887760162354,-1.2783173232380344e-05,-9.536742640435957e-07,1.6145222361006897,0.4122905611991883,0.004468511678348177,0.0
1036,79,-327.33444,557.56866,-0.011155052,-0.15022676,3.7511895,1.5306473e-06,3.7541964054107666,-9.587379924285257e-06,-1.0728835470490452e-06,1.6141259577304858,0.4122901797294617,0.012730248591637506,0.0
1037,79,-327.3417,557.75616,-0.011154976,-0.13225019,3.7517357,2.4890899e-06,3.754065990447998,-4.793690368508762e-05,-8.344649810381463e-07,1.6134355332178827,0.41229670047760014,0.012091806959778245,0.0
1038,79,-327.34848,557.9436,-0.011154976,-0.1258536,3.7519436,2.1266937e-06,3.754053831100464,-7.350322983154165e-05,-7.152556980326968e-07,1.6125215363317675,0.4122973084449768,0.011038961036904533,0.0
1039,79,-327.3551,558.1311,-0.011154976,-0.123506516,3.75204,1.2493133e-06,3.7540721893310547,-7.456850239489601e-05,-7.152556980326968e-07,1.6115990173301642,0.4122963905334473,0.009940432014412645,0.0
1040,79,-327.36166,558.3186,-0.011154899,-0.12263968,3.7520912,1.1014938e-06,3.7540948390960693,-6.444849431625624e-05,-7.152556980326968e-07,1.61073708524336,0.41229525804519657,0.008912390940502866,0.0
1041,79,-327.36804,558.5061,-0.011154976,-0.12231294,3.7521238,3.1089783e-06,3.7541167736053467,-5.2197949238230406e-05,-8.344649810381463e-07,1.6099549148312038,0.4122941613197327,0.00793767477400038,0.0
1042,79,-327.37442,558.6936,-0.01115509,-0.12226919,3.7521453,2.9087067e-07,3.754136800765991,-4.048004450554309e-05,-9.536742640435957e-07,1.6092522397775864,0.41229315996170046,0.007072822879697888,0.0
1043,79,-327.3807,558.8811,-0.01115509,-0.12229755,3.7521615,1.7261505e-06,3.7541539669036865,-3.0892666613088495e-05,-9.536742640435957e-07,1.6086247990247635,0.4122923016548157,0.006279029874141638,0.0
1044,79,-327.38702,559.06854,-0.011154976,-0.12239147,3.7521718,1.4495849e-06,3.754167318344116,-2.3435813529035965e-05,-9.536742640435957e-07,1.608065535195847,0.41229163408279423,0.005591091441816289,0.0
1045,79,-327.39328,559.25604,-0.011154976,-0.12245945,3.7521808,9.2506406e-07,3.754178762435913,-1.7576861162692306e-05,-9.536742640435957e-07,1.6075685893364382,0.41229106187820436,0.004964411265715531,0.0
1046,80,-327.39954,559.44354,-0.011155014,-0.122544505,3.752187,8.869171e-07,3.75418758392334,-1.2783171200549677e-05,-9.536742640435957e-07,1.6071259719632671,0.41229062080383305,0.012944527963353828,0.0
1047,80,-327.4054,559.63104,-0.011154976,-0.10506316,3.752593,2.2172928e-06,3.754063606262207,-4.900215999379665e-05,-8.344649810381463e-07,1.6064047879400736,0.4122968196868897,0.012242384242615489,0.0
1048,80,-327.41086,559.8185,-0.011154938,-0.09888673,3.752751,2.5987624e-06,3.754053831100464,-7.29706219954938e-05,-7.152556980326968e-07,1.605472415242437,0.4122973084449768,0.01116949403552482,0.0
1049,80,-327.41614,560.006,-0.011154899,-0.096611366,3.7528305,1.6641617e-06,3.7540738582611084,-7.350323795886431e-05,-7.152556980326968e-07,1.6045364472773285,0.4122963070869446,0.010049731621757312,0.0
1050,80,-327.4214,560.1935,-0.011154938,-0.09578072,3.7528753,2.6798248e-06,3.7540974617004395,-6.391585803457906e-05,-7.152556980326968e-07,1.603664395178382,0.41229512691497805,0.00901428686335503,0.0
1051,80,-327.42657,560.381,-0.011155014,-0.09545599,3.7529063,2.7179717e-06,3.754120111465454,-5.1665312956553224e-05,-8.344649810381463e-07,1.6028729037024105,0.4122939944267273,0.00807513520414451,0.0
1052,80,-327.43164,560.5685,-0.011154976,-0.095317006,3.7529287,1.2779235e-06,3.754138946533203,-4.048004450554309e-05,-9.536742640435957e-07,1.6021602417947052,0.4122930526733399,0.00720772767952472,0.0
1053,80,-327.43658,560.756,-0.01115509,-0.09529356,3.752945,2.9420853e-06,3.754154682159424,-3.0892666613088495e-05,-9.536742640435957e-07,1.6015224147136313,0.41229226589202883,0.006401904793429347,0.0
1054,80,-327.44153,560.9435,-0.011155014,-0.09536731,3.7529564,2.5081633e-06,3.7541677951812744,-2.3435817592697295e-05,-9.536742640435957e-07,1.6009528977145178,0.4122916102409363,0.005689377750414193,0.0
1055,80,-327.44647,561.131,-0.011155052,-0.0954531,3.7529683,2.8324127e-06,3.7541821002960205,-1.7576861162692306e-05,-9.536742640435957e-07,1.6004456986849123,0.412290894985199,0.005062870246569783,0.0
1056,80,-327.45145,561.3184,-0.01115509,-0.09552037,3.7529747,1.3685226e-06,3.75419020652771,-1.278317221646501e-05,-9.536742640435957e-07,1.5999956244606888,0.41229048967361454,0.004529945496686861,0.0
1057,81,-327.4564,561.5059,-0.011155052,-0.095526405,3.7529833,2.9420853e-06,3.7541987895965576,-9.587379924285257e-06,-1.0728835470490452e-06,1.5995934871360868,0.41229006052017214,0.012747236480520091,0.0
1058,81,-327.46088,561.6934,-0.011154938,-0.07762354,3.7532687,2.746582e-06,3.7540712356567383,-4.793690368508762e-05,-8.344649810381463e-07,1.5988999999882303,0.4122964382171631,0.012088071682680465,0.0
1059,81,-327.46497,561.8809,-0.011154938,-0.07128508,3.7533827,2.1505355e-06,3.7540595531463623,-7.29706219954938e-05,-7.152556980326968e-07,1.597984405205461,0.4122970223426819,0.01104256992194668,0.0
1060,81,-327.46887,562.0684,-0.011154976,-0.068939336,3.7534447,2.374649e-06,3.754077672958374,-7.403587830420282e-05,-7.152556980326968e-07,1.5970614867296942,0.4122961163520813,0.009945617339474052,0.0
1061,81,-327.47272,562.25586,-0.011154938,-0.0680684,3.7534845,1.5830993e-06,3.754101514816284,-6.444849431625624e-05,-7.152556980326968e-07,1.5961996878009443,0.4122949242591858,0.008920522283754367,0.0
1062,81,-327.47638,562.44336,-0.011155014,-0.067732826,3.753514,2.3937225e-06,3.7541251182556152,-5.219795330189174e-05,-8.344649810381463e-07,1.595416718440461,0.41229374408721925,0.007948175161941006,0.0
1063,81,-327.47998,562.63086,-0.011155014,-0.06767926,3.7535346,2.07901e-06,3.7541446685791016,-4.048004450554309e-05,-9.536742640435957e-07,1.5947125786482441,0.41229276657104497,0.007063848038597112,0.0
1064,81,-327.48358,562.81836,-0.011155014,-0.067742296,3.7535477,1.7690658e-06,3.7541589736938477,-3.0892666613088495e-05,-9.536742640435957e-07,1.594085004737367,0.41229205131530766,0.006284452285921945,0.0
1065,81,-327.48715,563.00586,-0.011154976,-0.06781813,3.7535589,3.6239624e-07,3.754171371459961,-2.2903181311020116e-05,-9.536742640435957e-07,1.5935257409084504,0.412291431427002,0.005588062446346215,0.0
1066,81,-327.49066,563.19336,-0.011155014,-0.067897744,3.7535686,2.093315e-06,3.7541825771331787,-1.7044227928761126e-05,-9.536742640435957e-07,1.5930293276812597,0.41229087114334106,0.00495384979117864,0.0
1067,81,-327.4942,563.38086,-0.011155014,-0.068002485,3.7535763,-1.2397766e-07,3.7541921138763428,-1.2783173232380344e-05,-9.536742640435957e-07,1.5925872429403065,0.41229039430618286,0.004406535816584732,0.0
1068,82,-327.49768,563.56836,-0.01115509,-0.06807271,3.7535827,7.8201293e-07,3.754199981689453,-9.587379924285257e-06,-9.536742640435957e-07,1.5921953587859012,0.41229000091552737,0.012755992817530157,0.0
1069,82,-327.5008,563.75586,-0.011155014,-0.04994088,3.7537365,8.34465e-07,3.754068613052368,-4.793689555776496e-05,-8.344649810381463e-07,1.5915059995377343,0.4122965693473816,0.012110060438237771,0.0
1070,82,-327.50348,563.94336,-0.011154899,-0.043511257,3.7538052,3.671646e-07,3.7540571689605713,-7.350322983154165e-05,-7.152556980326968e-07,1.5905910705452375,0.41229714155197145,0.01106356507647367,0.0
1071,82,-327.506,564.131,-0.011154938,-0.04113646,3.75385,2.5272368e-07,3.754075288772583,-7.456850239489601e-05,-7.152556980326968e-07,1.5896662878567076,0.41229623556137085,0.009970457825693836,0.0
1072,82,-327.50842,564.3187,-0.011154899,-0.04024412,3.753883,2.7179718e-07,3.754098653793335,-6.498112247061075e-05,-7.152556980326968e-07,1.5888034236635218,0.4122950673103333,0.008930297617779852,0.0
1073,82,-327.5107,564.5064,-0.011154938,-0.039927647,3.7539089,6.008148e-07,3.7541213035583496,-5.273058551990759e-05,-8.344649810381463e-07,1.5880183237741665,0.41229393482208254,0.00796051234820202,0.0
1074,82,-327.51297,564.6943,-0.011154938,-0.03987135,3.7539291,-1.3113022e-06,3.754140853881836,-4.101268078722027e-05,-9.536742640435957e-07,1.5873136513497315,0.4122929573059082,0.007091196844666984,0.0
1075,82,-327.5152,564.8822,-0.011154938,-0.03990052,3.7539446,4.0531157e-07,3.7541565895080566,-3.1425298831104344e-05,-9.536742640435957e-07,1.5866847458583093,0.4122921705245972,0.006315899861943512,0.0
1076,82,-327.5174,565.07007,-0.011154938,-0.039952528,3.7539575,-1.0204315e-06,3.7541701793670654,-2.3435813529035965e-05,-9.536742640435957e-07,1.586123218342466,0.41229149103164675,0.005623186670566158,0.0
1077,82,-327.51956,565.25793,-0.011154938,-0.040010694,3.7539678,-6.961822e-07,3.754180908203125,-1.7576863194522973e-05,-9.536742640435957e-07,1.5856236093219673,0.41229095458984377,0.0050045301309706225,0.0
1078,83,-327.5217,565.44586,-0.011154976,-0.040069222,3.7539763,1.5258789e-07,3.75419020652771,-1.3315804434480857e-05,-9.536742640435957e-07,1.585178328787706,0.41229048967361454,0.0130433199086754,0.0
1079,83,-327.52344,565.6337,-0.011155014,-0.022447156,3.753997,-1.4305114e-08,3.7540640830993652,-4.953478814815117e-05,-8.344649810381463e-07,1.5844524842326049,0.41229679584503176,0.01233782401140284,0.0
1080,83,-327.52475,565.82166,-0.011154861,-0.016216535,3.75402,-1.0490418e-06,3.7540550231933594,-7.403587017688016e-05,-7.152556980326968e-07,1.5835123883678068,0.41229724884033203,0.011248401129900252,0.0
1081,83,-327.52594,566.0095,-0.011154938,-0.013937566,3.754046,-4.673004e-07,3.7540719509124756,-7.403587830420282e-05,-7.152556980326968e-07,1.5825694961838643,0.41229640245437627,0.010131357966701086,0.0
1082,83,-327.527,566.1974,-0.011154976,-0.013081661,3.754074,-1.335144e-07,3.754096746444702,-6.444849431625624e-05,-7.152556980326968e-07,1.5816907861821927,0.4122951626777649,0.009071476025960838,0.0
1083,83,-327.52795,566.38525,-0.011154976,-0.012781437,3.7540977,-5.865097e-07,3.754119396209717,-5.1665312956553224e-05,-8.344649810381463e-07,1.5808927699615505,0.41229403018951416,0.008086661778999818,0.0
1084,83,-327.5288,566.5732,-0.011154976,-0.01273008,3.7541173,-6.961822e-07,3.754138708114624,-4.048004856920442e-05,-9.536742640435957e-07,1.5801775780508098,0.41229306459426884,0.0071855343568975995,0.0
1085,83,-327.5297,566.76105,-0.011155014,-0.01279828,3.754134,-2.6655196e-06,3.7541558742523193,-3.0892666613088495e-05,-9.536742640435957e-07,1.5795389520214087,0.41229220628738406,0.00640012266896751,0.0
1086,83,-327.53052,566.9489,-0.011155014,-0.012860349,3.7541475,-1.1157989e-06,3.754169464111328,-2.2903181311020116e-05,-9.536742640435957e-07,1.5789701008125678,0.4122915267944336,0.005689095057038461,0.0
1087,83,-327.5313,567.13684,-0.011154976,-0.012940483,3.7541585,-2.3937225e-06,3.754180908203125,-1.7044230976507124e-05,-9.536742640435957e-07,1.5784641002054527,0.41229095458984377,0.005052527134983478,0.0
1088,83,-327.53207,567.3247,-0.011155052,-0.013027679,3.754168,-1.5544891e-06,3.754190683364868,-1.2783173232380344e-05,-1.0728835470490452e-06,1.5780146917715019,0.4122904658317566,0.004480903303684045,0.0
1089,84,-327.53284,567.51263,-0.011155014,-0.013121601,3.7541766,-2.207756e-06,3.754199743270874,-9.054745674438744e-06,-1.0728835470490452e-06,1.577613886027445,0.41229001283645633,0.012768847047558419,0.0
1090,84,-327.5332,567.7005,-0.011154899,0.0048939344,3.7540643,-2.8848647e-06,3.7540674209594727,-4.7936899621426287e-05,-8.344649810381463e-07,1.5769209315118062,0.4122966289520264,0.012112510351796923,0.0
1091,84,-327.53314,567.88837,-0.011154861,0.011273682,3.7540393,-1.8835067e-06,3.754056215286255,-7.29706219954938e-05,-7.152556980326968e-07,1.5760049372548737,0.41229718923568726,0.011059746798122758,0.0
1092,84,-327.53293,568.0763,-0.011154938,0.0136220455,3.7540505,-1.9788743e-06,3.754075288772583,-7.403587830420282e-05,-7.152556980326968e-07,1.5750802877243981,0.41229623556137085,0.00996244505709974,0.0
1093,84,-327.53262,568.26416,-0.011154938,0.014497742,3.7540708,-1.5830993e-06,3.754098653793335,-6.444849431625624e-05,-7.152556980326968e-07,1.5742167577409398,0.4122950673103333,0.008927075556165358,0.0
1094,84,-327.53217,568.4521,-0.011154938,0.014817487,3.754092,-2.28405e-06,3.7541210651397705,-5.219795330189174e-05,-8.344649810381463e-07,1.5734328562740751,0.4122939467430115,0.007955214318402942,0.0
1095,84,-327.5317,568.63995,-0.011154938,0.014869201,3.754111,-3.118515e-06,3.7541403770446777,-4.048004450554309e-05,-9.536742640435957e-07,1.5727287164818582,0.41229298114776614,0.00709394255350562,0.0
1096,84,-327.5312,568.8278,-0.0111551285,0.014854517,3.7541275,-9.870529e-07,3.7541568279266357,-3.0892666613088495e-05,-9.536742640435957e-07,1.5720995446743269,0.41229215860366825,0.006315541005975932,0.0
1097,84,-327.53067,569.01575,-0.011155014,0.0148010105,3.754141,-2.3651123e-06,3.7541704177856445,-2.343581556086663e-05,-9.536742640435957e-07,1.5715384166326472,0.4122914791107178,0.0056320277630254245,0.0
1098,84,-327.5301,569.2036,-0.011155052,0.014761666,3.7541509,-1.5449524e-06,3.7541799545288086,-1.7576861162692306e-05,-9.536742640435957e-07,1.5710380086638214,0.4122910022735596,0.0050095367061505965,0.0
1099,84,-327.52948,569.39154,-0.0111551285,0.014702862,3.7541606,-1.14440915e-07,3.7541894912719727,-1.3315804434480857e-05,-9.536742640435957e-07,1.57059272812956,0.4122905254364014,0.004450684721061567,0.0
1100,85,-327.52887,569.5794,-0.01115509,0.014633849,3.75417,-7.200241e-07,3.7541985511779785,-9.587379924285257e-06,-1.0728835470490452e-06,1.5701960502851928,0.4122900724411011,0.012847341264802546,0.0
1101,85,-327.52786,569.7673,-0.011155014,0.03287193,3.7539208,1.4305114e-07,3.7540645599365234,-4.8469523712119474e-05,-8.344649810381463e-07,1.5695014978729,0.41229677200317383,0.012201497342595265,0.0
1102,85,-327.52637,569.955,-0.011154976,0.039351188,3.7538474,2.479553e-07,3.7540535926818848,-7.403587830420282e-05,-7.152556980326968e-07,1.5685795115035146,0.4122973203659058,0.01113457118894831,0.0
1103,85,-327.52475,570.1427,-0.011154938,0.041718576,3.753841,4.959106e-07,3.754072666168213,-7.510113461291185e-05,-7.152556980326968e-07,1.5676483372283685,0.41229636669158937,0.01003046589479942,0.0
1104,85,-327.52298,570.3304,-0.011155014,0.04260256,3.753855,6.198883e-07,3.754096746444702,-6.551375875228792e-05,-7.152556980326968e-07,1.5667801467130027,0.4122951626777649,0.008970993690442443,0.0
1105,85,-327.52118,570.51807,-0.011155052,0.04289008,3.753873,-2.0980835e-07,3.7541182041168213,-5.2730589583568915e-05,-8.344649810381463e-07,1.565990785765903,0.41229408979415894,0.008012700029234725,0.0
1106,85,-327.51932,570.70575,-0.011154976,0.04297042,3.7538927,3.862381e-07,3.754138469696045,-4.101268078722027e-05,-9.536742640435957e-07,1.565282384915942,0.41229307651519775,0.007147181766202371,0.0
1107,85,-327.51746,570.89355,-0.0111551285,0.04296732,3.7539074,1.5211104e-06,3.754153251647949,-3.142530289476568e-05,-9.536742640435957e-07,1.5646492183667757,0.4122923374176026,0.006388050684469977,0.0
1108,85,-327.51553,571.0815,-0.0111551285,0.042968176,3.7539208,1.7023086e-06,3.754166603088379,-2.3968449810713143e-05,-9.536742640435957e-07,1.5640828971609704,0.4122916698455811,0.005701448645068312,0.0
1109,85,-327.5136,571.26935,-0.0111551285,0.042953443,3.7539315,1.4686584e-06,3.7541773319244385,-1.8109493380708154e-05,-9.536742640435957e-07,1.5635770297119098,0.4122911334037781,0.005100928000616167,0.0
1110,86,-327.51166,571.4573,-0.01115509,0.042962283,3.7539415,2.2697448e-06,3.7541873455047607,-1.384843462066604e-05,-9.536742640435957e-07,1.5631252244329779,0.41229063272476196,0.013150352074951372,0.0
1111,86,-327.50922,571.6448,-0.011155052,0.060641833,3.7535708,2.4461747e-06,3.7540605068206787,-5.060006071150553e-05,-8.344649810381463e-07,1.562390191972116,0.4122969746589661,0.01242543605260031,0.0
1112,86,-327.5064,571.8323,-0.011154938,0.066872336,3.7534556,1.3780593e-06,3.7540512084960938,-7.456850239489601e-05,-7.152556980326968e-07,1.5614421066240478,0.4122974395751953,0.011334889995102225,0.0
1113,86,-327.50342,572.0198,-0.011155052,0.06916938,3.7534344,2.8991699e-06,3.7540717124938965,-7.456850239489601e-05,-7.152556980326968e-07,1.5604918907471075,0.4122964143753052,0.010199965799866775,0.0
1114,86,-327.50027,572.2073,-0.011155052,0.0700128,3.7534444,2.5367735e-06,3.7540974617004395,-6.444849431625624e-05,-7.152556980326968e-07,1.5596078544232557,0.41229512691497805,0.00911446889969292,0.0
1115,86,-327.4971,572.39484,-0.011155014,0.070272826,3.7534628,1.9550323e-06,3.7541205883026123,-5.2197949238230406e-05,-8.344649810381463e-07,1.558805177670706,0.4122939705848694,0.008133423042821228,0.0
1116,86,-327.4939,572.58234,-0.011155014,0.07033082,3.7534819,2.2125244e-06,3.754140615463257,-4.048004450554309e-05,-9.536742640435957e-07,1.558085458386112,0.41229296922683717,0.007257799935353103,0.0
1117,86,-327.49066,572.76984,-0.011155014,0.07032718,3.7534976,1.2540817e-06,3.7541563510894775,-3.0892666613088495e-05,-9.536742640435957e-07,1.5574420386667487,0.4122921824455261,0.0064786890767360075,0.0
1118,86,-327.48737,572.95734,-0.011155052,0.07031147,3.7535112,3.2043456e-06,3.7541697025299072,-2.343581556086663e-05,-9.536742640435957e-07,1.5568673285035097,0.4122915148735047,0.005773877436311634,0.0
1119,86,-327.4841,573.14484,-0.01115509,0.070275016,3.7535229,3.1375885e-06,3.754180669784546,-1.7576863194522973e-05,-9.536742640435957e-07,1.5563544036775605,0.41229096651077274,0.005168364550342284,0.0
1120,86,-327.48077,573.33234,-0.011155014,0.07028301,3.7535315,1.1968613e-06,3.7541894912719727,-1.3315803418565526e-05,-9.536742640435957e-07,1.5558964731281213,0.4122905254364014,0.00461742560920971,0.0
1121,87,-327.47742,573.51984,-0.011155052,0.07028375,3.7535384,1.0633469e-06,3.7541964054107666,-1.0120011126385772e-05,-1.0728835470490452e-06,1.5554867457944126,0.4122901797294617,0.01284003329852848,0.0
1122,87,-327.47363,573.70734,-0.011154938,0.088212974,3.753031,2.450943e-06,3.7540676593780518,-4.84695277757808e-05,-8.344649810381463e-07,1.5547863344277217,0.41229661703109743,0.01217661373771655,0.0
1123,87,-327.46942,573.89484,-0.011154976,0.09457082,3.7528625,2.1219253e-06,3.754053831100464,-7.350323795886431e-05,-7.152556980326968e-07,1.5538632827939003,0.4122973084449768,0.011117360681542116,0.0
1124,87,-327.46503,574.08234,-0.011155014,0.09691406,3.752822,2.2411346e-06,3.754073143005371,-7.456850239489601e-05,-7.152556980326968e-07,1.5529333069412445,0.4122963428497315,0.01000668928476625,0.0
1125,87,-327.4605,574.2699,-0.011154976,0.097773455,3.7528234,2.9850005e-06,3.754096746444702,-6.444849431625624e-05,-7.152556980326968e-07,1.5520661816903147,0.4122951626777649,0.008950478030911597,0.0
1126,87,-327.45596,574.4574,-0.011155052,0.09805639,3.7528386,3.0088424e-06,3.754119396209717,-5.2197949238230406e-05,-8.344649810381463e-07,1.5512786849559783,0.41229403018951416,0.007996186713132585,0.0
1127,87,-327.4514,574.6449,-0.01115509,0.09813949,3.7528563,3.3712386e-06,3.7541391849517822,-4.048004450554309e-05,-9.536742640435957e-07,1.5505720151607258,0.4122930407524109,0.007145524077462996,0.0
1128,87,-327.44675,574.8324,-0.011155052,0.0981642,3.7528732,3.1995773e-06,3.7541568279266357,-3.0892666613088495e-05,-9.536742640435957e-07,1.549938715453505,0.41229215860366825,0.006377063669491365,0.0
1129,87,-327.4421,575.0199,-0.011154938,0.09815357,3.7528868,2.0885468e-06,3.7541701793670654,-2.3435817592697295e-05,-9.536742640435957e-07,1.549373858986299,0.41229149103164675,0.005705635389597347,0.0
1130,87,-327.43744,575.2074,-0.011154976,0.09816483,3.7528975,1.6784668e-06,3.754181146621704,-1.8109493380708154e-05,-9.536742640435957e-07,1.5488675920630752,0.4122909426689148,0.005107001788925134,0.0
1131,87,-327.43277,575.3949,-0.011155014,0.09818562,3.7529056,2.1839141e-06,3.7541897296905518,-1.384843766841204e-05,-9.536742640435957e-07,1.548415520468034,0.4122905135154724,0.004587907752861823,0.0
1132,88,-327.42804,575.5824,-0.011155052,0.098242395,3.7529123,1.87397e-06,3.754197835922241,-1.0652642328486287e-05,-1.0728835470490452e-06,1.5480103205081786,0.41229010820388795,0.012884822282812968,0.0
1133,88,-327.42285,575.7699,-0.011154938,0.116328485,3.752263,8.821487e-07,3.754065990447998,-4.900215999379665e-05,-8.344649810381463e-07,1.5473088438770517,0.41229670047760014,0.012225044004130398,0.0
1134,88,-327.4172,575.9574,-0.011154861,0.12274606,3.752046,1.835823e-06,3.7540533542633057,-7.456850239489601e-05,-7.152556980326968e-07,1.5463836617143583,0.41229733228683474,0.011158005070194186,0.0
1135,88,-327.41138,576.1449,-0.011154823,0.1251005,3.751987,1.6164779e-06,3.7540719509124756,-7.510113461291185e-05,-7.152556980326968e-07,1.5454510227006124,0.41229640245437627,0.01003779808020425,0.0
1136,88,-327.4055,576.3324,-0.011154938,0.12595299,3.7519827,1.9168854e-06,3.754096269607544,-6.498112247061075e-05,-7.152556980326968e-07,1.5445800358661022,0.4122951865196228,0.008988663200802797,0.0
1137,88,-327.3996,576.51996,-0.011154899,0.1262555,3.751995,9.536743e-09,3.7541186809539795,-5.273058551990759e-05,-8.344649810381463e-07,1.5437896096545665,0.41229406595230106,0.008055327982933765,0.0
1138,88,-327.39365,576.70746,-0.011154938,0.12639573,3.752009,1.4925002e-06,3.7541372776031494,-4.101268078722027e-05,-9.536742640435957e-07,1.543079211433788,0.41229313611984253,0.007215495357376588,0.0
1139,88,-327.38766,576.89496,-0.011154976,0.12647165,3.7520223,-3.8146972e-08,3.754153251647949,-3.142530289476568e-05,-9.536742640435957e-07,1.542441650668823,0.4122923374176026,0.006470008395950423,0.0
1140,88,-327.38165,577.08246,-0.011154976,0.1265381,3.752035,1.4305114e-08,3.7541680335998535,-2.4501079996898325e-05,-9.536742640435957e-07,1.5418697368247285,0.41229159832000734,0.005809179328809661,0.0
1141,88,-327.3756,577.26996,-0.011154938,0.1266133,3.752043,8.153915e-07,3.754178762435913,-1.8642125598724003e-05,-9.536742640435957e-07,1.54135654568267,0.41229106187820436,0.005223617862493551,0.0
1142,89,-327.36957,577.45746,-0.011154976,0.12670116,3.7520492,1.4305114e-07,3.754187822341919,-1.4381068870512554e-05,-9.536742640435957e-07,1.5408955524979775,0.4122906088829041,0.013157893549152512,0.0
1143,89,-327.36298,577.64496,-0.011154938,0.144179,3.7512932,-4.339218e-07,3.7540628910064697,-5.0600056647844195e-05,-8.344649810381463e-07,1.5401559926632624,0.41229685544967654,0.01243317127079898,0.0
1144,89,-327.356,577.83246,-0.011154899,0.15035659,3.751041,-1.0728836e-06,3.7540531158447266,-7.456850239489601e-05,-7.152556980326968e-07,1.539205776786322,0.4122973442077637,0.011337744640014047,0.0
1145,89,-327.3488,578.01996,-0.011154899,0.1526295,3.7509685,-1.8405914e-06,3.754072427749634,-7.456851052221866e-05,-7.152556980326968e-07,1.5382551614352185,0.41229637861251833,0.010190918107980668,0.0
1146,89,-327.34152,578.2075,-0.011154976,0.1534425,3.75096,-1.3494491e-06,3.7540972232818604,-6.444848618893357e-05,-7.152556980326968e-07,1.5373703261630396,0.412295138835907,0.009121393800224208,0.0
1147,89,-327.33426,578.395,-0.011155014,0.15372503,3.7509718,-8.249283e-07,3.754120349884033,-5.166532108387589e-05,-8.344649810381463e-07,1.5365677825685442,0.41229398250579835,0.008167968188258844,0.0
1148,89,-327.32693,578.5825,-0.011154938,0.15384737,3.7509856,-1.7642974e-06,3.7541394233703613,-4.048004450554309e-05,-9.536742640435957e-07,1.5358464653872963,0.41229302883148194,0.0073102915382327995,0.0
1149,89,-327.3196,578.7701,-0.011155014,0.1539065,3.7509997,-7.486343e-07,3.7541558742523193,-3.089266254942717e-05,-9.536742640435957e-07,1.5352002493487884,0.41229220628738406,0.0065615461897779925,0.0
1150,89,-327.31223,578.9576,-0.011154976,0.15398212,3.7510095,-3.4809111e-06,3.754168748855591,-2.396844777888248e-05,-9.536742640435957e-07,1.5346208786536417,0.4122915625572205,0.005887417861008934,0.0
1151,89,-327.30484,579.1451,-0.011155014,0.15405257,3.751016,-1.4209747e-06,3.754178047180176,-1.8642125598724003e-05,-9.536742640435957e-07,1.5341006301346947,0.41229109764099126,0.0053010490496492105,0.0
1152,89,-327.29742,579.3326,-0.01115509,0.15415509,3.7510219,-3.5953522e-06,3.754188060760498,-1.438106785459722e-05,-9.536742640435957e-07,1.5336333785214404,0.4122905969619751,0.004783184862956689,0.0
1153,90,-327.28998,579.5201,-0.011155052,0.15428033,3.7510247,-2.9182434e-06,3.7541961669921875,-1.11852765783328e-05,-1.0728835470490452e-06,1.5332118001208808,0.41229019165039066,0.012856813174488467,0.0
1154,90,-327.282,579.7076,-0.011155014,0.17195785,3.7501285,-1.6450881e-06,3.7540688514709473,-4.900216405745798e-05,-8.344649810381463e-07,1.5325031329548107,0.41229655742645266,0.012183579807507764,0.0
1155,90,-327.27362,579.8951,-0.011154899,0.17823017,3.749824,-3.838539e-06,3.7540571689605713,-7.350323795886431e-05,-7.152556980326968e-07,1.5315780839501718,0.41229714155197145,0.011122848474202014,0.0
1156,90,-327.26505,580.0826,-0.011154899,0.18054628,3.7497313,-2.1600722e-06,3.754075288772583,-7.403587830420282e-05,-7.152556980326968e-07,1.53064704283308,0.41229623556137085,0.010012043543055951,0.0
1157,90,-327.2564,580.27014,-0.011154976,0.181399,3.7497137,-1.9693375e-06,3.754098892211914,-6.444849431625624e-05,-7.152556980326968e-07,1.5297792517918778,0.4122950553894043,0.008976161290527524,0.0
1158,90,-327.24774,580.45764,-0.01115509,0.18172258,3.74972,-1.7404556e-06,3.7541208267211914,-5.166531702021456e-05,-8.344649810381463e-07,1.5289905566350508,0.4122939586639405,0.008043075154882605,0.0
1159,90,-327.239,580.6452,-0.011154976,0.18186647,3.7497323,-2.7847288e-06,3.7541399002075195,-4.048004450554309e-05,-9.536742640435957e-07,1.5282804247303812,0.41229300498962407,0.007203294424980101,0.0
1160,90,-327.23022,580.8327,-0.011155052,0.1819411,3.749744,-1.6260146e-06,3.754155397415161,-3.142530289476568e-05,-9.536742640435957e-07,1.5276440623879066,0.412292230129242,0.006446793853049294,0.0
1161,90,-327.2213,581.0202,-0.011155014,0.18198255,3.749755,-1.6498566e-06,3.7541682720184326,-2.396845184254381e-05,-9.536742640435957e-07,1.5270736132824116,0.41229158639907837,0.005738421559219845,0.0
1162,90,-327.21237,581.2077,-0.011154976,0.18194772,3.7497668,-2.541542e-06,3.754178524017334,-1.8109493380708154e-05,-9.536742640435957e-07,1.526563751091716,0.4122910737991333,0.005102002761504192,0.0
1163,90,-327.2034,581.3952,-0.0111551285,0.18188603,3.7497787,-1.0633469e-06,3.75418758392334,-1.3848436652496706e-05,-9.536742640435957e-07,1.5261107473902935,0.41229062080383305,0.004531198000067531,0.0
1164,91,-327.1945,581.5827,-0.011155052,0.18181264,3.74979,-9.63211e-07,3.754194974899292,-1.0120011126385772e-05,-9.536742640435957e-07,1.5257068790109831,0.41229025125503543,0.012732114013723417,0.0
1165,91,-327.18512,581.7702,-0.011155052,0.19963513,3.7487555,-2.1743774e-06,3.7540674209594727,-4.793689555776496e-05,-8.344649810381463e-07,1.5250128592309085,0.4122966289520264,0.012078594713334166,0.0
1166,91,-327.1753,581.9577,-0.011154899,0.20595858,3.7484016,-2.0742416e-06,3.7540557384490967,-7.297061386817113e-05,-7.152556980326968e-07,1.5240976639223027,0.4122972130775452,0.011020855435974667,0.0
1167,91,-327.16534,582.14526,-0.011154976,0.20827349,3.7482927,-1.4448166e-06,3.7540745735168457,-7.403587830420282e-05,-7.152556980326968e-07,1.5231758107109716,0.41229627132415775,0.009930525754679906,0.0
1168,91,-327.15533,582.33276,-0.011154976,0.20914611,3.7482681,-6.4849854e-07,3.754098653793335,-6.391586616190171e-05,-7.152556980326968e-07,1.5223154765208216,0.4122950673103333,0.008911470663299743,0.0
1169,91,-327.14523,582.5203,-0.011155052,0.2094919,3.7482717,-1.4305114e-07,3.7541215419769287,-5.166532921119855e-05,-8.344649810381463e-07,1.5215331729506107,0.4122939229011536,0.007975971643953,0.0
1170,91,-327.13498,582.7078,-0.011154938,0.20962282,3.7482836,-1.6641617e-06,3.754140615463257,-4.048004450554309e-05,-9.536742640435957e-07,1.5208289000003394,0.41229296922683717,0.007097043233594175,0.0
1171,91,-327.1247,582.8953,-0.011155014,0.20959899,3.748301,-1.7166137e-06,3.7541568279266357,-3.0892666613088495e-05,-9.536742640435957e-07,1.5201993287186446,0.41229215860366825,0.006309878342289007,0.0
1172,91,-327.11438,583.0828,-0.011155052,0.20952648,3.7483177,-1.335144e-06,3.754169225692749,-2.3435817592697295e-05,-9.536742640435957e-07,1.519637934360856,0.41229153871536256,0.005604810628265672,0.0
1173,91,-327.10406,583.2703,-0.011155052,0.20943695,3.748333,-8.678436e-07,3.7541794776916504,-1.7576865226353636e-05,-9.536742640435957e-07,1.5191395237628476,0.4122910261154175,0.004986455505559412,0.0
1174,92,-327.0937,583.4578,-0.0111551285,0.20936626,3.7483447,-8.5830686e-07,3.7541873455047607,-1.278317221646501e-05,-9.536742640435957e-07,1.518695175334968,0.41229063272476196,0.011492549339644293,0.0
1175,92,-327.08304,583.6454,-0.011155052,0.22380508,3.7474234,-1.8501281e-06,3.7541005611419678,-4.261057337760648e-05,-9.536742640435957e-07,1.5180295182205026,0.41229497194290166,0.010831884925129107,0.0
1176,92,-327.07205,583.8329,-0.011155052,0.2289151,3.747108,-9.298324e-07,3.754093885421753,-6.178533322617699e-05,-7.152556980326968e-07,1.5171954161670897,0.4122953057289124,0.009869811725437879,0.0
1177,92,-327.06088,584.02045,-0.011155014,0.2307993,3.747008,-3.814697e-07,3.7541093826293945,-6.178533322617699e-05,-7.152556980326968e-07,1.5163649093811487,0.4122945308685303,0.008870205399779927,0.0
1178,92,-327.04968,584.20795,-0.011155014,0.23147576,3.7469847,-3.814697e-07,3.7541277408599854,-5.3263221801584764e-05,-8.344649810381463e-07,1.515593258455298,0.41229361295700073,0.007945471582945996,0.0
1179,92,-327.03845,584.39545,-0.011154976,0.23172456,3.7469876,-6.1035155e-07,3.754146099090576,-4.314320965928366e-05,-9.536742640435957e-07,1.5148944449852613,0.4122926950454712,0.0071148638304456184,0.0
1180,92,-327.0272,584.58295,-0.011154938,0.23183091,3.7469943,-1.4495849e-06,3.7541592121124268,-3.355582770316774e-05,-9.536742640435957e-07,1.514265805809948,0.4122920393943787,0.006374648620487611,0.0
1181,92,-327.0159,584.77045,-0.011155014,0.23189674,3.7470016,-1.0251998e-06,3.7541706562042236,-2.6098974619115203e-05,-9.536742640435957e-07,1.5137022809232874,0.4122914671897888,0.005717884690310441,0.0
1182,92,-327.0046,584.958,-0.011155052,0.23195943,3.7470083,-5.0544736e-07,3.754181146621704,-1.9707392066586363e-05,-9.536742640435957e-07,1.5131968129483904,0.4122909426689148,0.00514802081145007,0.0
1183,92,-326.9933,585.1455,-0.011154976,0.23205598,3.7470129,-1.9741058e-06,3.7541916370391846,-1.5446333306544248e-05,-9.536742640435957e-07,1.512742477666423,0.4122904181480408,0.004642447412986923,0.0
1184,92,-326.98193,585.333,-0.011155052,0.23217033,3.7470121,-5.245209e-07,3.7541980743408203,-1.2250539998449162e-05,-9.536742640435957e-07,1.5123340819132591,0.412290096282959,0.00419541360248007,0.0
1185,93,-326.97055,585.5205,-0.011155052,0.23230031,3.7470095,-4.2438506e-07,3.7542035579681396,-9.587379924285257e-06,-1.0728835470490452e-06,1.5119648346281196,0.41228982210159304,0.00762014753569292,0.0
1186,93,-326.9589,585.708,-0.01115509,0.24030237,3.7464764,-1.7642975e-07,3.7541749477386475,-2.556634443293002e-05,-9.536742640435957e-07,1.511484000893306,0.41229125261306765,0.007121753947165132,0.0
1187,93,-326.947,585.8955,-0.011154976,0.24313846,3.7462916,-8.010864e-07,3.7541732788085938,-3.621898676141631e-05,-9.536742640435957e-07,1.5109219407452446,0.41229133605957036,0.006456570725836321,0.0
1188,93,-326.9351,586.083,-0.011155014,0.24415739,3.7462325,-1.0585785e-06,3.754180431365967,-3.568635454340046e-05,-9.536742640435957e-07,1.5103734627187428,0.4122909784317017,0.005815636979368551,0.0
1189,93,-326.9231,586.27057,-0.011155052,0.24456252,3.7462149,2.7179718e-07,3.7541892528533936,-3.0892666613088495e-05,-9.536742640435957e-07,1.5098663968471917,0.41229053735733034,0.005208557378123341,0.0
1190,93,-326.91098,586.45807,-0.0111551285,0.24471088,3.7462137,5.0544736e-07,3.754197597503662,-2.4501079996898325e-05,-9.536742640435957e-07,1.5094071347172076,0.4122901201248169,0.004627976888422294,0.0
1191,93,-326.89886,586.64557,-0.011155014,0.24470195,3.746223,2.6226044e-07,3.754206418991089,-1.9174759848570515e-05,-9.536742640435957e-07,1.5089959426448993,0.41228967905044556,0.004112881446631392,0.0
1192,93,-326.88672,586.8331,-0.011155052,0.24465418,3.7462332,-5.2452087e-08,3.754213571548462,-1.438106785459722e-05,-9.536742640435957e-07,1.5086294916789045,0.4122893214225769,0.0036494826476799994,0.0
1193,93,-326.87454,587.0206,-0.011154938,0.24458759,3.7462413,-2.7656554e-07,3.7542171478271484,-1.065264334440162e-05,-9.536742640435957e-07,1.5083045860259148,0.4122891426086426,0.0032293056675101487,0.0
1194,93,-326.86237,587.2081,-0.011154976,0.24450342,3.7462533,-1.1253356e-06,3.754223585128784,-7.989482254322382e-06,-9.536742640435957e-07,1.5080157662056957,0.4122888207435608,0.00285736057609126,0.0
1195,94,-326.85016,587.3956,-0.0111551285,0.24442165,3.7462633,-3.7670134e-07,3.754228353500366,-5.858953890216658e-06,-1.0728835470490452e-06,1.5077605022152116,0.4122885823249817,0.004554826845374069,0.0
1196,94,-326.83795,587.58295,-0.0111551285,0.24852262,3.7459843,2.9563904e-07,3.7542192935943604,-1.3315803418565526e-05,-9.536742640435957e-07,1.5074566355348336,0.412289035320282,0.004228617989160358,0.0
1197,94,-326.8256,587.7701,-0.011155052,0.24997127,3.745888,-9.2506406e-07,3.7542192935943604,-1.8642125598724003e-05,-9.536742640435957e-07,1.5071168161797395,0.412289035320282,0.0038143298000875583,0.0
1198,94,-326.81323,587.95715,-0.011154976,0.2504676,3.7458587,-1.1157989e-06,3.754223108291626,-1.8109493380708154e-05,-9.536742640435957e-07,1.5067899131559321,0.4122888445854187,0.0034185454152643124,0.0
1199,94,-326.80084,588.1443,-0.011155052,0.2506397,3.7458498,-1.9073485e-07,3.754225730895996,-1.5446333306544248e-05,-9.536742640435957e-07,1.5064905738494072,0.41228871345520024,0.0030538102458243553,0.0
1200,94,-326.78848,588.3314,-0.01115509,0.25069174,3.745851,-3.1948088e-07,3.754230499267578,-1.2783173232380344e-05,-9.536742640435957e-07,1.5062198635246007,0.41228847503662114,0.002739210330626233,0.0
1201,94,-326.77606,588.5185,-0.011155052,0.25072938,3.7458518,-3.8146972e-08,3.7542335987091064,-9.587378908369924e-06,-9.536742640435957e-07,1.5059775158654034,0.4122883200645447,0.002443821555187328,0.0
1202,94,-326.76367,588.7056,-0.011155167,0.25073183,3.7458534,1.9073486e-08,3.7542355060577393,-7.456850036306534e-06,-9.536742640435957e-07,1.5057608677107255,0.41228822469711307,0.00219687747225914,0.0
1203,94,-326.75125,588.89276,-0.011155014,0.2507597,3.7458534,-4.9114226e-07,3.754237413406372,-5.858954398174324e-06,-9.536742640435957e-07,1.5055664569511498,0.4122881293296814,0.001971766607499283,0.0
1204,94,-326.73883,589.0799,-0.011155014,0.25078553,3.7458541,2.8610229e-08,3.754239797592163,-4.261057490147948e-06,-9.536742640435957e-07,1.5053922862158586,0.41228801012039185,0.001776702099239937,0.0
1205,94,-326.72638,589.26697,-0.011155014,0.25082335,3.745853,-9.870529e-07,3.7542409896850586,-3.728425018153267e-06,-9.536742640435957e-07,1.5052351597115439,0.41228795051574707,0.0015935683218504435,0.0
1206,95,-326.71393,589.4541,-0.011155052,0.2508471,3.745853,-3.33786e-08,3.7542426586151123,-2.663160836100405e-06,-9.536742640435957e-07,1.5050940121737697,0.4122878670692444,0.0025185481291982747,0.0
1207,95,-326.7014,589.6412,-0.011155014,0.25311196,3.7456996,-1.5163421e-06,3.754241943359375,-7.456850036306534e-06,-9.536742640435957e-07,1.5049257003928767,0.41228790283203126,0.002332210244092376,0.0
1208,95,-326.68875,589.8283,-0.01115509,0.2539008,3.7456458,-9.536743e-07,3.7542412281036377,-1.0120011126385772e-05,-9.536742640435957e-07,1.5047375480618626,0.41228793859481816,0.0020975196644764634,0.0
1209,95,-326.67615,590.01544,-0.01115509,0.2541594,3.7456295,-3.9577483e-07,3.7542426586151123,-1.0120011126385772e-05,-9.536742640435957e-07,1.5045569857399552,0.4122878670692444,0.0018830392014113672,0.0
1210,95,-326.6635,590.2026,-0.011155014,0.2542572,3.745625,4.2915343e-07,3.754244804382324,-8.522115488253562e-06,-9.536742640435957e-07,1.5043920029104247,0.41228775978088383,0.0016815151530221856,0.0
1211,95,-326.65088,590.38965,-0.011155014,0.25428513,3.7456245,4.959106e-07,3.754246234893799,-6.924218326248353e-06,-9.536742640435957e-07,1.5042428658893805,0.4122876882553101,0.0015008956686516776,0.0
1212,95,-326.63824,590.5768,-0.011155014,0.25429037,3.7456274,-4.7683715e-09,3.7542495727539062,-5.32632167220081e-06,-9.536742640435957e-07,1.50411010730904,0.41228752136230473,0.0013447412612712275,0.0
1213,95,-326.6256,590.7639,-0.01115509,0.2546211,3.745606,4.2915342e-08,3.7542502880096436,-4.793689962142629e-06,-9.536742640435957e-07,1.5039846724216972,0.41228748559951783,0.001200111057619427,0.0
1214,95,-326.61298,590.951,-0.011155014,0.25442028,3.7456214,7.6293944e-08,3.7542521953582764,-3.728425018153267e-06,-9.536742640435957e-07,1.5038730859720228,0.4122873902320862,0.0010743091229457867,0.0
1215,95,-326.6003,591.1381,-0.011155052,0.25437096,3.7456245,9.059906e-08,3.7542519569396973,-2.663160836100405e-06,-9.536742640435957e-07,1.503776679540562,0.4122874021530152,0.000960211289199459,0.0
1216,95,-326.58762,591.3252,-0.01115509,0.25435704,3.7456274,6.198883e-08,3.75425386428833,-1.5978967810369595e-06,-9.536742640435957e-07,1.503691058911516,0.4122873067855835,0.0008469736884831906,0.0
1217,96,-326.57498,591.5123,-0.011155014,0.25433004,3.74563,-6.1035155e-07,3.7542545795440674,-1.0652642455475704e-06,-9.536742640435957e-07,1.5036152919785033,0.41228727102279666,0.0013373891954335903,0.0
1218,96,-326.56232,591.69946,-0.011155052,0.25552076,3.745549,-1.039505e-06,3.7542545795440674,-3.7284255261109336e-06,-9.536742640435957e-07,1.5035259429239312,0.41228727102279666,0.001252804358674939,0.0
1219,96,-326.5496,591.88654,-0.011155052,0.25596562,3.7455184,2.813339e-07,3.7542545795440674,-5.32632167220081e-06,-9.536742640435957e-07,1.5034252754347261,0.41228727102279666,0.0011370659648848687,0.0
1220,96,-326.53674,592.07367,-0.011155052,0.2561312,3.7455075,3.6239624e-07,3.7542548179626465,-5.32632167220081e-06,-9.536742640435957e-07,1.5033282032129927,0.4122872591018677,0.000991610241137596,0.0
1221,96,-326.5239,592.26074,-0.011155014,0.25613087,3.7455091,-1.0633469e-06,3.7542564868927,-4.261057490147948e-06,-9.536742640435957e-07,1.5032399194228565,0.412287175655365,0.0008547499522330855,0.0
1222,96,-326.51105,592.4479,-0.0111551285,0.25606826,3.7455156,4.673004e-07,3.754258632659912,-3.195793308095086e-06,-9.536742640435957e-07,1.5031620219609718,0.4122870683670044,0.0007309430858482228,0.0
1223,96,-326.49817,592.635,-0.011155052,0.255984,3.7455215,4.6253203e-07,3.754258871078491,-2.130528745073974e-06,-9.536742640435957e-07,1.5030950434595562,0.41228705644607544,0.0006086561188419408,0.0
1224,96,-326.4854,592.8221,-0.0111551285,0.2558691,3.7455316,8.4400176e-07,3.754261016845703,-1.597896654047543e-06,-9.536742640435957e-07,1.5030380518122286,0.41228694915771485,0.0005393350729243536,0.0
1225,96,-326.47272,593.0092,-0.0111551285,0.25582668,3.745534,-1.1730194e-06,3.754260301589966,-5.326321227737852e-07,-9.536742640435957e-07,1.5029894491223346,0.41228698492050175,0.0005070278450448968,0.0
1226,96,-326.46002,593.19635,-0.01115509,0.25586623,3.7455328,4.816055e-07,3.7542619705200195,-5.326322180158476e-07,-9.536742640435957e-07,1.5029452406482393,0.41228690147399905,0.00048421647664627506,0.0
1227,97,-326.44717,593.3835,-0.011155052,0.25598755,3.745523,5.2928925e-07,3.754260540008545,-5.326322180158476e-07,-9.536742640435957e-07,1.5029036953352342,0.4122869729995728,0.000731709748551666,0.0
1228,97,-326.4343,593.57056,-0.011155052,0.25659588,3.7454808,3.9100647e-07,3.7542600631713867,-2.1305288720633906e-06,-9.536742640435957e-07,1.5028536279067406,0.41228699684143066,0.0006513537742818261,0.0
1229,97,-326.42145,593.7577,-0.011155014,0.25675774,3.7454698,-8.7261196e-07,3.7542600631713867,-2.663161090079238e-06,-9.536742640435957e-07,1.502799299420503,0.41228699684143066,0.0005740643054304984,0.0
1230,97,-326.4086,593.94476,-0.011155052,0.25678942,3.7454677,-2.002716e-07,3.7542600631713867,-2.663160836100405e-06,-9.536742640435957e-07,1.5027492319920095,0.41228699684143066,0.0005006391623689812,0.0
1231,97,-326.39572,594.1319,-0.01115509,0.25677517,3.7454696,-4.1007993e-07,3.754261016845703,-2.130528745073974e-06,-9.536742640435957e-07,1.502703958253478,0.41228694915771485,0.0004247061579806942,0.0
1232,97,-326.38284,594.31903,-0.01115509,0.2567249,3.745474,-6.818771e-07,3.7542619705200195,-1.5978967810369595e-06,-9.536742640435957e-07,1.502665076101563,0.41228690147399905,0.0003556539699038079,0.0
1233,97,-326.36996,594.5061,-0.01115509,0.25666186,3.7454784,6.437302e-07,3.7542619705200195,-1.065264372536987e-06,-9.536742640435957e-07,1.502632052904046,0.41228690147399905,0.0002911452341480962,0.0
1234,97,-326.3571,594.69324,-0.011155052,0.25658962,3.7454836,-7.6293944e-08,3.7542622089385986,-5.326322180158476e-07,-9.536742640435957e-07,1.5026043560287092,0.4122868895530701,0.00023297502134458453,0.0
1235,97,-326.34418,594.8803,-0.01115509,0.25651345,3.7454884,-5.7220458e-08,3.7542619705200195,0.0,-9.536742640435957e-07,1.502582118633607,0.41228690147399905,0.0001666254945990261,0.0
1236,97,-326.33133,595.06744,-0.011155052,0.25640655,3.7454965,-6.818771e-07,3.754262685775757,3.2076628183808483e-07,-9.536742640435957e-07,1.502564408612358,0.4122868657112122,0.00012787031931763376,0.0
1237,97,-326.31842,595.2546,-0.011155014,0.25633326,3.7455015,3.6239624e-07,3.754262685775757,5.719160130737519e-07,-9.536742640435957e-07,1.5025510928069075,0.4122868657112122,6.737514583699194e-05,0.0
1238,98,-326.30554,595.44165,-0.011155052,0.25621575,3.74551,9.155273e-07,3.754263162612915,8.348355996505022e-07,-9.536742640435957e-07,1.5025428370075282,0.41228684186935427,0.0003171931956757512,0.0
1239,98,-326.29266,595.6288,-0.01115509,0.25671387,3.745476,7.2956084e-07,3.754263162612915,-5.326321862684935e-07,-9.536742640435957e-07,1.5025261922507154,0.41228684186935427,0.00028408760798338557,0.0
1240,98,-326.2798,595.81586,-0.011155052,0.25685114,3.745467,3.480911e-07,3.7542636394500732,-1.0652642455475704e-06,-9.536742640435957e-07,1.502504221171722,0.41228681802749634,0.00024185289052223042,0.0
1241,98,-326.26688,596.003,-0.011155052,0.25686702,3.7454655,1.1873245e-06,3.754263401031494,-1.0652644360316953e-06,-9.536742640435957e-07,1.502483581673274,0.4122868299484253,0.00019231974441608345,0.0
1242,98,-326.25403,596.1901,-0.011155052,0.25682378,3.7454698,1.2731551e-06,3.7542645931243896,-1.0652644360316953e-06,-9.536742640435957e-07,1.502465339019807,0.41228677034378053,0.00016306353446624242,0.0
1243,98,-326.24112,596.3772,-0.011154976,0.25679418,3.7454727,1.4162064e-06,3.754265546798706,-5.326321862684935e-07,-9.536742640435957e-07,1.5024500258435391,0.4122867226600647,0.0001157522532861272,0.0
1244,98,-326.22824,596.56433,-0.011154976,0.25672427,3.745477,1.4877319e-06,3.7542648315429688,0.0,-9.536742640435957e-07,1.5024375089864157,0.41228675842285156,8.138964641556961e-05,0.0
1245,98,-326.21536,596.7514,-0.0111551285,0.25665924,3.7454813,1.5354157e-06,3.7542648315429688,4.1435924385268956e-08,-9.536742640435957e-07,1.5024292531870365,0.41228675842285156,4.9255392355630484e-05,0.0
1246,98,-326.20248,596.93854,-0.011155014,0.25659272,3.7454858,1.3303757e-06,3.7542645931243896,3.0215528439311624e-07,-9.536742640435957e-07,1.5024233942326382,0.41228677034378053,1.9542474202611762e-05,0.0
1247,98,-326.18958,597.1257,-0.011155014,0.2565233,3.7454906,1.5735626e-06,3.7542648315429688,4.873860158695968e-07,-9.536742640435957e-07,1.502419665807112,0.41228675842285156,-2.2250716997364633e-05,0.0
1248,98,-326.1767,597.31274,-0.011155014,0.2564218,3.745498,-2.9087067e-07,3.754265308380127,4.873860158695968e-07,-9.536742640435957e-07,1.502419665807112,0.4122867345809937,-5.237257448678406e-05,0.0
1249,99,-326.1638,597.4999,-0.011155014,0.25632665,3.7455037,-1.001358e-07,3.7542643547058105,4.873860158695968e-07,-9.536742640435957e-07,1.502419665807112,0.4122867822647095,0.0001755133547002827,0.0
1250,99,-326.1509,597.68695,-0.011154976,0.2567592,3.7454736,1.0347366e-06,3.7542641162872314,0.0,-9.536742640435957e-07,1.5024163368557495,0.41228679418563846,0.00015939321323049665,0.0
1251,99,-326.13803,597.8741,-0.011155052,0.25688195,3.7454643,-2.1457672e-07,3.754263162612915,-1.065264372536987e-06,-9.536742640435957e-07,1.5024050184211166,0.41228684186935427,0.00013301436860345972,0.0
1252,99,-326.12512,598.0612,-0.011155052,0.25689876,3.7454631,1.1968613e-06,3.754263162612915,-1.065264372536987e-06,-9.536742640435957e-07,1.5023935668284294,0.41228684186935427,9.616643182461498e-05,0.0
1253,99,-326.11224,598.2483,-0.011154976,0.25685778,3.7454655,-6.2465665e-07,3.754262685775757,-5.326321862684935e-07,-9.536742640435957e-07,1.5023838462904506,0.4122868657112122,6.799081810787656e-05,0.0
1254,99,-326.09937,598.4354,-0.01115509,0.2568096,3.7454674,1.2493133e-06,3.7542612552642822,-5.326321227737852e-07,-9.536742640435957e-07,1.5023769220716163,0.4122869372367859,4.341675988630334e-05,0.0
1255,99,-326.0865,598.6225,-0.011155052,0.25676018,3.7454717,1.3208389e-06,3.7542622089385986,0.0,-9.536742640435957e-07,1.5023721283816542,0.4122868895530701,1.8626777781839064e-05,0.0
1256,99,-326.07358,598.80963,-0.011155052,0.25670418,3.7454753,1.4352798e-06,3.7542619705200195,7.956921120242673e-08,-9.536742640435957e-07,1.5023687994302917,0.41228690147399905,-1.589802423883736e-05,0.0
1257,99,-326.0607,598.99677,-0.011155052,0.25662136,3.7454808,1.6117095e-06,3.7542617321014404,7.956921120242673e-08,-9.536742640435957e-07,1.5023687994302917,0.412286913394928,-3.752681701464395e-05,0.0
1258,99,-326.0478,599.18384,-0.01115509,0.25654995,3.7454858,7.629394e-07,3.7542617321014404,7.956921120242673e-08,-9.536742640435957e-07,1.5023687994302917,0.412286913394928,-7.60084447396797e-05,0.0
1259,100,-326.0349,599.371,-0.011154976,0.2564417,3.7454934,7.05719e-07,3.7542619705200195,7.709201754117704e-07,-9.536742640435957e-07,1.5023743920685808,0.41228690147399905,0.0005487312624665182,0.0
1260,100,-326.02203,599.55804,-0.011155014,0.2576849,3.7454062,1.4925002e-06,3.7542600631713867,-2.130528745073974e-06,-9.536742640435957e-07,1.5023562825731682,0.41228699684143066,0.0005303737433288449,0.0
1261,100,-326.00916,599.7452,-0.011154976,0.25810635,3.7453768,1.7309188e-06,3.7542598247528076,-4.2610569821902815e-06,-9.536742640435957e-07,1.5023195309501252,0.41228700876235963,0.0004891525194198877,0.0
1262,100,-325.99628,599.9323,-0.011154976,0.25825992,3.7453659,1.4591217e-06,3.7542593479156494,-4.261057744126781e-06,-9.536742640435957e-07,1.5022795835337739,0.41228703260421756,0.0004443306604792392,0.0
1263,100,-325.9834,600.1194,-0.011155052,0.25832105,3.7453618,1.540184e-06,3.7542595863342285,-3.728425018153267e-06,-9.536742640435957e-07,1.502241234014077,0.4122870206832886,0.0004009869791012216,0.0
1264,100,-325.97052,600.3065,-0.0111551285,0.2584371,3.745355,2.0742416e-06,3.754260540008545,-3.1957930541162527e-06,-9.536742640435957e-07,1.5022048818651972,0.4122869729995728,0.00036228186925496466,0.0
1265,100,-325.95764,600.4936,-0.0111551285,0.258397,3.745357,1.8453597e-06,3.7542600631713867,-2.663160836100405e-06,-9.536742640435957e-07,1.5021718586676802,0.41228699684143066,0.0003274044956909444,0.0
1266,100,-325.94476,600.6807,-0.011155052,0.25839442,3.745357,1.9550323e-06,3.7542598247528076,-2.130528745073974e-06,-9.536742640435957e-07,1.5021425638956893,0.41228700876235963,0.00029979565990872434,0.0
1267,100,-325.9319,600.86786,-0.011155014,0.258408,3.745356,1.3399124e-06,3.7542598247528076,-1.597896654047543e-06,-9.536742640435957e-07,1.5021159322847886,0.41228700876235963,0.00027685665814011865,0.0
1268,100,-325.919,601.05493,-0.011155167,0.25842953,3.745354,2.0980835e-07,3.7542593479156494,-1.065264372536987e-06,-9.536742640435957e-07,1.5020920969930325,0.41228703260421756,0.0002572909505302357,0.0
1269,100,-325.90613,601.24207,-0.011154976,0.25845575,3.745354,1.1920929e-07,3.754261016845703,-1.065264372536987e-06,-9.536742640435957e-07,1.5020695932818213,0.41228694915771485,0.00024266111790169633,0.0
1270,101,-325.89325,601.42914,-0.011155052,0.25848937,3.7453508,2.2745132e-06,3.7542600631713867,-1.065264372536987e-06,-9.536742640435957e-07,1.5020493532575365,0.41228699684143066,0.003376717565896954,0.0
1271,101,-325.88016,601.6163,-0.011155052,0.26501375,3.7448754,3.5762787e-07,3.7542407512664795,-1.5446333306544248e-05,-9.536742640435957e-07,1.5019082057197624,0.41228796243667604,0.0032675970642821856,0.0
1272,101,-325.86697,601.8034,-0.011154976,0.26731429,3.7447066,6.818771e-07,3.7542355060577393,-2.5033712214914173e-05,-9.536742640435957e-07,1.501674513334108,0.41228822469711307,0.0030167858700770015,0.0
1273,101,-325.85367,601.99054,-0.011155014,0.2681831,3.7446449,4.673004e-07,3.7542359828948975,-2.609897665094587e-05,-9.536742640435957e-07,1.5014263067205127,0.41228820085525514,0.0027150962299904557,0.0
1274,101,-325.84027,602.1776,-0.011154976,0.26848355,3.7446258,1.46389e-06,3.7542383670806885,-2.23705531566656e-05,-9.536742640435957e-07,1.5011919485445857,0.4122880816459656,0.002403725192724998,0.0
1275,101,-325.82687,602.36475,-0.011155014,0.26852843,3.7446237,1.8930435e-06,3.754239320755005,-1.8109493380708154e-05,-9.536742640435957e-07,1.5009787624993247,0.4122880339622498,0.002121298195588756,0.0
1276,101,-325.8135,602.5519,-0.011155052,0.26848722,3.7446284,1.7881393e-06,3.7542412281036377,-1.3848438684327371e-05,-9.536742640435957e-07,1.5007898112199836,0.41228793859481816,0.0018810146056838473,0.0
1277,101,-325.80008,602.73895,-0.01115509,0.26844424,3.7446332,1.5878677e-06,3.7542428970336914,-1.065264334440162e-05,-9.536742640435957e-07,1.5006218989132543,0.41228785514831545,0.0016455141828166536,0.0
1278,101,-325.78668,602.9261,-0.011154976,0.2683575,3.744642,1.9216536e-06,3.7542455196380615,-7.4568505442642005e-06,-9.536742640435957e-07,1.5004732945244277,0.41228772401809693,0.0014471017302020873,0.0
1279,101,-325.77325,603.11316,-0.011155052,0.26828378,3.74465,2.1505355e-06,3.7542481422424316,-5.326321164243144e-06,-9.536742640435957e-07,1.500342799631014,0.4122875928878784,0.0012580250825236952,0.0
1280,101,-325.75983,603.30035,-0.01115509,0.26818937,3.744659,6.2465665e-07,3.7542502880096436,-3.728425018153267e-06,-9.536742640435957e-07,1.5002293489685765,0.41228748559951783,0.0010929378472184614,0.0
1281,102,-325.7464,603.4874,-0.011154938,0.268098,3.7446673,2.0551681e-06,3.7542521953582764,-2.663160836100405e-06,-9.536742640435957e-07,1.5001302793760256,0.4122873902320862,0.006022868248652326,0.0
1282,102,-325.7328,603.67456,-0.011154976,0.2784613,3.7438662,1.1253356e-06,3.7542076110839844,-2.556634646476069e-05,-9.536742640435957e-07,1.4998485169326952,0.4122896194458008,0.0057919036431874895,0.0
1283,102,-325.7189,603.8617,-0.011154938,0.28213978,3.743583,1.1920929e-06,3.754199981689453,-4.048004856920442e-05,-9.536742640435957e-07,1.4994246748452091,0.41229000091552737,0.005305679390593723,0.0
1284,102,-325.705,604.0488,-0.011154976,0.28347793,3.7434862,2.4843216e-06,3.754204034805298,-4.1545317068897446e-05,-9.536742640435957e-07,1.498985253265346,0.4122897982597351,0.0047958531127004055,0.0
1285,102,-325.69092,604.2359,-0.011155014,0.28399384,3.7434535,1.2445449e-06,3.7542104721069336,-3.621898676141631e-05,-9.536742640435957e-07,1.4985712648738931,0.41228947639465335,0.004275573368716544,0.0
1286,102,-325.67682,604.42303,-0.011155014,0.2841288,3.743449,2.2554398e-06,3.754216194152832,-2.9294769959040953e-05,-9.536742640435957e-07,1.4981942944215925,0.41228919029235844,0.003797580089936428,0.0
1287,102,-325.6627,604.61017,-0.011155052,0.28412145,3.7434561,1.4877319e-06,3.754222869873047,-2.2370551124834935e-05,-9.536742640435957e-07,1.497857005069534,0.41228885650634767,0.003362797838371094,0.0
1288,102,-325.64856,604.7973,-0.011155052,0.28405502,3.7434664,1.6355514e-06,3.754227876663208,-1.7044229960591793e-05,-9.536742640435957e-07,1.4975572662888454,0.4122886061668396,0.0029782665235499333,0.0
1289,102,-325.63443,604.9844,-0.01115509,0.28397915,3.7434757,2.2792815e-06,3.7542314529418945,-1.2783174248295676e-05,-9.536742640435957e-07,1.4972909501798375,0.4122884273529053,0.002636912854495624,0.0
1290,102,-325.62027,605.1715,-0.01115509,0.28390583,3.7434835,8.535385e-07,3.7542338371276855,-9.054746690354077e-06,-9.536742640435957e-07,1.4970553935814201,0.4122883081436157,0.0023263273964481885,0.0
1291,103,-325.60608,605.35864,-0.011155014,0.28382227,3.7434938,7.343292e-07,3.754237651824951,-6.924217818290686e-06,-9.536742640435957e-07,1.4968464685939034,0.4122881174087525,0.007977620905959567,0.0
1292,103,-325.59167,605.5458,-0.011155014,0.29592615,3.7424932,1.0871887e-06,3.7541747093200684,-3.2490565298966704e-05,-9.536742640435957e-07,1.4964343444152135,0.4122912645339966,0.007600311419693606,0.0
1293,103,-325.577,605.73285,-0.01115509,0.30020693,3.7421432,2.169609e-06,3.7541656494140625,-4.953478814815117e-05,-9.536742640435957e-07,1.4958654932063726,0.4122917175292969,0.006950963229704355,0.0
1294,103,-325.5622,605.92,-0.011155014,0.30178154,3.7420218,2.2554398e-06,3.7541708946228027,-5.0067424429828346e-05,-9.536742640435957e-07,1.495286122511226,0.4122914552688599,0.006261438169478313,0.0
1295,103,-325.54736,606.1071,-0.011154899,0.30235964,3.741984,5.483627e-07,3.7541794776916504,-4.3675841877299506e-05,-9.536742640435957e-07,1.4947432371230132,0.4122910261154175,0.0056168024232151675,0.0
1296,103,-325.53256,606.29425,-0.011155052,0.30258074,3.7419753,2.7370452e-06,3.7541887760162354,-3.515373045270727e-05,-9.536742640435957e-07,1.494250152847185,0.4122905611991883,0.005053867496166942,0.0
1297,103,-325.5177,606.4814,-0.011155014,0.30271742,3.741973,2.3412704e-06,3.754197597503662,-2.7696873304993412e-05,-9.536742640435957e-07,1.4938046059968149,0.4122901201248169,0.004540988198660275,0.0
1298,103,-325.5028,606.6685,-0.011155052,0.30280602,3.7419732,2.684593e-06,3.7542049884796143,-2.130528668880324e-05,-9.536742640435957e-07,1.4934041997269214,0.4122897505760193,0.004083986461166431,0.0
1299,103,-325.48785,606.8556,-0.011155052,0.30288342,3.741974,2.2888182e-06,3.7542121410369873,-1.6511598758491276e-05,-9.536742640435957e-07,1.4930438740314338,0.41228939294815065,0.0036623447117361493,0.0
1300,103,-325.47284,607.0428,-0.011155052,0.30293068,3.7419772,2.322197e-06,3.7542190551757812,-1.2783173232380344e-05,-9.536742640435957e-07,1.4927197673267711,0.41228904724121096,0.003273898581307718,0.0
1301,103,-325.4577,607.22986,-0.0111551285,0.3029464,3.7419815,2.6416778e-06,3.7542245388031006,-9.587379924285257e-06,-9.536742640435957e-07,1.4924300154001704,0.412288773059845,0.002879616363024623,0.0
1302,104,-325.44263,607.417,-0.01115509,0.30285645,3.7419927,2.861023e-06,3.7542285919189453,-7.456850036306534e-06,-1.0728835470490452e-06,1.4921723545647052,0.41228857040405276,0.009050303357976065,0.0
1303,104,-325.42725,607.60406,-0.011155014,0.3161358,3.7408202,2.732277e-06,3.754154682159424,-3.5686358607061794e-05,-9.536742640435957e-07,1.4916933850426546,0.41229226589202883,0.008601903962582634,0.0
1304,104,-325.41156,607.79126,-0.011154938,0.32082763,3.7404122,1.8548965e-06,3.754146099090576,-5.432848217395513e-05,-8.344649810381463e-07,1.4910457042655472,0.4122926950454712,0.007861818792382314,0.0
1305,104,-325.39578,607.9784,-0.011154976,0.32255554,3.740272,1.6832352e-06,3.754154682159424,-5.486111845563231e-05,-8.344649810381463e-07,1.4903891018987883,0.41229226589202883,0.007090502612710085,0.0
1306,104,-325.37982,608.16547,-0.011155014,0.32321227,3.7402272,2.0837783e-06,3.754166603088379,-4.793689555776496e-05,-9.536742640435957e-07,1.489775509583634,0.4122916698455811,0.006324871352196687,0.0
1307,104,-325.36386,608.35266,-0.011154899,0.3233895,3.740223,4.6253203e-07,3.7541773319244385,-3.834952376080236e-05,-9.536742640435957e-07,1.4892178436513714,0.4122911334037781,0.005640040433065812,0.0
1308,104,-325.34787,608.53973,-0.011154938,0.32342017,3.7402291,1.0633469e-06,3.7541863918304443,-2.982740420888747e-05,-9.536742640435957e-07,1.4887175688406,0.4122906804084778,0.005021253911793538,0.0
1309,104,-325.33185,608.72687,-0.011154976,0.32339087,3.740239,-6.67572e-08,3.7541935443878174,-2.290318537468145e-05,-9.536742640435957e-07,1.4882712230419026,0.4122903227806092,0.004468212593651097,0.0
1310,104,-325.31583,608.914,-0.011154938,0.32334262,3.74025,-2.8610229e-08,3.7542004585266113,-1.7044229960591793e-05,-9.536742640435957e-07,1.4878740125653174,0.41228997707366943,0.00398343395790172,0.0
1311,104,-325.29974,609.10114,-0.011155052,0.3233092,3.7402594,8.1062313e-07,3.754206895828247,-1.278317221646501e-05,-9.536742640435957e-07,1.4875200784564457,0.4122896552085877,0.003535155960201484,0.0
1312,104,-325.28366,609.2882,-0.011155014,0.32324925,3.7402704,1.5354157e-06,3.7542126178741455,-9.587379924285257e-06,-9.536742640435957e-07,1.4872050264994894,0.41228936910629277,0.0031378013679427192,0.0
1313,105,-325.26758,609.4754,-0.011155014,0.3231891,3.7402802,1.4209747e-06,3.7542171478271484,-6.924218326248353e-06,-9.536742640435957e-07,1.486924861952813,0.4122891426086426,0.009682440889194191,0.0
1314,105,-325.2512,609.6625,-0.011154938,0.33728865,3.7389522,3.480911e-07,3.7541346549987793,-3.7284251197448006e-05,-9.536742640435957e-07,1.4864107387043732,0.41229326725006105,0.009210767104888462,0.0
1315,105,-325.23444,609.8496,-0.011154976,0.34229523,3.738489,2.3841856e-08,3.7541263103485107,-5.752427548205022e-05,-8.344649810381463e-07,1.4857175178726256,0.4122936844825745,0.008415435329626398,0.0
1316,105,-325.21753,610.03674,-0.011154938,0.3441345,3.7383306,-2.813339e-07,3.754136800765991,-5.805690770006606e-05,-8.344649810381463e-07,1.4850148428190082,0.41229315996170046,0.007571293751083328,0.0
1317,105,-325.20062,610.2239,-0.011155014,0.34479684,3.738285,-1.0633469e-06,3.754152297973633,-5.0600056647844195e-05,-9.536742640435957e-07,1.4843579741361403,0.4122923851013184,0.006794613195734077,0.0
1318,105,-325.1837,610.411,-0.011154938,0.34506014,3.738274,-6.866455e-07,3.7541656494140625,-4.101268078722027e-05,-9.536742640435957e-07,1.4837608934197446,0.4122917175292969,0.006094631626043561,0.0
1319,105,-325.16672,610.5981,-0.011154938,0.34518644,3.7382758,-1.3208389e-06,3.754179000854492,-3.1957933080950855e-05,-9.536742640435957e-07,1.4832229348795485,0.4122910499572754,0.005468218270397528,0.0
1320,105,-325.14975,610.78516,-0.01115509,0.34526682,3.738278,-2.3841856e-08,3.7541885375976562,-2.4501079996898325e-05,-9.536742640435957e-07,1.4827405032480807,0.4122905731201172,0.004923331484963457,0.0
1321,105,-325.13275,610.9722,-0.011155014,0.3453639,3.7382774,-1.2350082e-06,3.754196882247925,-1.9174759848570515e-05,-9.536742640435957e-07,1.4823062748323432,0.41229015588760376,0.004439878963608716,0.0
1322,105,-325.11572,611.1593,-0.011154938,0.3454735,3.7382748,-1.130104e-06,3.754204511642456,-1.4913700072613067e-05,-9.536742640435957e-07,1.4819153227843196,0.41228977441787723,0.004011043730371004,0.0
1323,106,-325.0987,611.34644,-0.011155014,0.3455939,3.7382703,-1.0633469e-06,3.754210948944092,-1.1717906764517982e-05,-9.536742640435957e-07,1.481562187623775,0.4122894525527954,0.010333861586312974,0.0
1324,106,-325.08118,611.53314,-0.011154938,0.35946476,3.7368808,-1.1110305e-06,3.7541301250457764,-4.048004450554309e-05,-9.536742640435957e-07,1.480984814299446,0.4122934937477112,0.00975765226169757,0.0
1325,106,-325.0634,611.7199,-0.011154976,0.36433682,3.7364028,-6.532669e-07,3.7541239261627197,-5.912216807243643e-05,-7.152556980326968e-07,1.4802401944586598,0.412293803691864,0.008900079783002215,0.0
1326,106,-325.04544,611.9067,-0.011154938,0.3661306,3.73624,-1.4019012e-06,3.754136323928833,-5.965480029045227e-05,-8.344649810381463e-07,1.4794934440890015,0.4122931838035584,0.008004789570476956,0.0
1327,106,-325.02737,612.0934,-0.011155014,0.36678058,3.736192,-7.4386594e-07,3.7541520595550537,-5.113269292952138e-05,-9.536742640435957e-07,1.4787984922025454,0.41229239702224735,0.007145629250235492,0.0
1328,106,-325.00928,612.28015,-0.011155052,0.36696503,3.7361882,-6.4849854e-07,3.7541663646698,-4.101268078722027e-05,-9.536742640435957e-07,1.4781682551305781,0.41229168176651004,0.006368613857701641,0.0
1329,106,-324.99115,612.46686,-0.011154938,0.36698812,3.7361991,-1.759529e-06,3.7541794776916504,-3.1957933080950855e-05,-9.536742640435957e-07,1.4776041976116994,0.4122910261154175,0.005671193088997645,0.0
1330,106,-324.97302,612.6536,-0.011155014,0.36695474,3.7362127,-1.3685226e-06,3.754189968109131,-2.450108202872899e-05,-9.536742640435957e-07,1.4771005938495654,0.4122905015945435,0.005059850569934149,0.0
1331,106,-324.95483,612.84033,-0.011154938,0.3669288,3.7362235,-2.1934509e-06,3.7541980743408203,-1.8109491348877488e-05,-9.536742640435957e-07,1.476650785941451,0.412290096282959,0.004499475006383962,0.0
1332,106,-324.93665,613.0271,-0.011155014,0.3668756,3.736236,-2.6082992e-06,3.7542054653167725,-1.384843462066604e-05,-9.536742640435957e-07,1.4762506459876665,0.4122897267341614,0.004010261072176024,0.0
1333,106,-324.91846,613.2138,-0.011154976,0.36683968,3.7362475,-2.6988982e-06,3.754213333129883,-1.0120011126385772e-05,-9.536742640435957e-07,1.4758939155596504,0.41228933334350587,0.003580014643124619,0.0
1334,107,-324.90024,613.4006,-0.011154938,0.36682266,3.7362535,-2.0599364e-06,3.7542173862457275,-7.4568505442642005e-06,-1.0728835470490452e-06,1.4755758009674405,0.41228913068771367,0.010162490867147878,0.0
1335,107,-324.88165,613.5873,-0.011154938,0.38108695,3.7347386,-2.670288e-06,3.7541310787200928,-3.834952376080236e-05,-9.536742640435957e-07,1.4750242603056851,0.4122934460639954,0.009632618752270365,0.0
1336,107,-324.86273,613.77405,-0.011154976,0.38612303,3.7342122,-2.0551681e-06,3.754122018814087,-5.858953585442058e-05,-7.152556980326968e-07,1.4742944210089488,0.4122938990592957,0.008789601297971858,0.0
1337,107,-324.8437,613.9608,-0.011154976,0.3879661,3.7340322,-2.0456314e-06,3.7541327476501465,-5.9122172136097755e-05,-7.152556980326968e-07,1.4735589890739234,0.4122933626174927,0.007912576241391434,0.0
1338,107,-324.82465,614.1475,-0.011154976,0.38864478,3.7339773,-1.1920929e-06,3.7541487216949463,-5.113269292952138e-05,-8.344649810381463e-07,1.472872958777119,0.4122925639152527,0.007106560175972569,0.0
1339,107,-324.8055,614.3343,-0.011155014,0.38892746,3.7339618,-1.1491775e-06,3.754162311553955,-4.154531300523611e-05,-9.536742640435957e-07,1.4722484475014954,0.41229188442230225,0.0063624222243523825,0.0
1340,107,-324.78625,614.52106,-0.01115509,0.38903707,3.7339635,-1.0871887e-06,3.7541754245758057,-3.2490565298966704e-05,-9.536742640435957e-07,1.4716870531437067,0.4122912287712097,0.00566673463869491,0.0
1341,107,-324.76694,614.70776,-0.011155014,0.3890297,3.7339754,-1.835823e-06,3.7541866302490234,-2.5033712214914173e-05,-9.536742640435957e-07,1.4711839820137909,0.41229066848754886,0.005027650646019024,0.0
1342,107,-324.74762,614.89453,-0.011155014,0.3889537,3.7339919,-2.4032593e-06,3.754194974899292,-1.8642125598724003e-05,-9.536742640435957e-07,1.470735905160385,0.41229025125503543,0.004465701222267002,0.0
1343,107,-324.72827,615.08124,-0.011155014,0.3888775,3.734008,-1.6498566e-06,3.7542033195495605,-1.3848436652496706e-05,-9.536742640435957e-07,1.4703373631032546,0.412289834022522,0.003957061790267549,0.0
1344,107,-324.70898,615.26794,-0.011155014,0.38878822,3.7340243,-9.202957e-07,3.7542099952697754,-1.0120011126385772e-05,-1.0728835470490452e-06,1.4699843611007646,0.41228950023651123,0.0035363953744756127,0.0
1345,108,-324.68973,615.4547,-0.011155052,0.38876453,3.7340305,-1.0824203e-06,3.754213809967041,-7.456850036306534e-06,-1.0728835470490452e-06,1.4696706407243532,0.412289309501648,0.010280300146801874,0.0
1346,108,-324.67007,615.6414,-0.011154976,0.4033389,3.7323961,-1.4257431e-06,3.7541260719299316,-3.888214378783422e-05,-9.536742640435957e-07,1.4691151053209628,0.41229369640350344,0.009765648773880196,0.0
1347,108,-324.6501,615.8282,-0.011155014,0.40851626,3.7318237,-1.0156631e-06,3.7541167736053467,-5.9654812481436264e-05,-7.152556980326968e-07,1.4683775428570653,0.4122941613197327,0.00893369953838846,0.0
1348,108,-324.62988,616.01495,-0.011154976,0.41045153,3.731623,-1.5258789e-07,3.7541284561157227,-6.07200687901453e-05,-7.152556980326968e-07,1.4676313251196251,0.4122935771942139,0.00803730857232547,0.0
1349,108,-324.60965,616.2017,-0.011154976,0.4111482,3.7315624,-9.2506406e-07,3.7541444301605225,-5.273058551990759e-05,-8.344649810381463e-07,1.4669341095462423,0.4122927784919739,0.007203324802477316,0.0
1350,108,-324.58942,616.3884,-0.011155014,0.41140646,3.7315493,-6.1035155e-07,3.754159688949585,-4.261057337760648e-05,-9.536742640435957e-07,1.466301209313185,0.41229201555252076,0.006459543032579115,0.0
1351,108,-324.56915,616.5752,-0.011155014,0.4115313,3.731549,-2.5892257e-06,3.7541732788085938,-3.3023193453321225e-05,-9.536742640435957e-07,1.46573076020769,0.41229133605957036,0.005798369421797165,0.0
1352,108,-324.54886,616.76196,-0.011155052,0.41162062,3.7315495,-1.2016296e-06,3.754183292388916,-2.556634646476069e-05,-9.536742640435957e-07,1.4652189006461769,0.4122908353805542,0.005212338591048814,0.0
1353,108,-324.52853,616.94867,-0.011155052,0.41170844,3.731548,-2.0742416e-06,3.7541916370391846,-1.9707388002925033e-05,-9.536742640435957e-07,1.4647588395678657,0.4122904181480408,0.004689589640635656,0.0
1354,108,-324.5082,617.13544,-0.011154976,0.41179785,3.7315445,-8.0585477e-07,3.754197835922241,-1.5446333306544248e-05,-9.536742640435957e-07,1.4643448511764128,0.41229010820388795,0.004239902278508837,0.0
1355,109,-324.48785,617.32214,-0.0111551285,0.4119242,3.7315352,-6.4849854e-07,3.754202365875244,-1.2250539998449162e-05,-9.536742640435957e-07,1.4639720086238017,0.4122898817062378,0.010644424578680327,0.0
1356,109,-324.46704,617.50867,-0.011155014,0.42598388,3.729873,-1.8262863e-06,3.754119634628296,-4.154532113255878e-05,-9.536742640435957e-07,1.4633729305365883,0.41229401826858525,0.010053013003224701,0.0
1357,109,-324.44592,617.69507,-0.011154976,0.430943,3.7292967,-8.34465e-07,3.75411319732666,-6.018743250846812e-05,-7.152556980326968e-07,1.462603676455719,0.412294340133667,0.009163160289114305,0.0
1358,109,-324.42465,617.8814,-0.011155014,0.43275905,3.7290978,-5.7220458e-08,3.754124641418457,-6.072006066282264e-05,-7.152556980326968e-07,1.4618354876392856,0.4122937679290772,0.008237734356849583,0.0
1359,109,-324.40326,618.06775,-0.011155052,0.43341136,3.729039,-8.2015987e-07,3.754141330718994,-5.2197949238230406e-05,-8.344649810381463e-07,1.4611192304641087,0.4122929334640503,0.007350299605040538,0.0
1360,109,-324.38187,618.25415,-0.011154976,0.43359104,3.729034,-2.002716e-07,3.754157066345215,-4.2077941159590634e-05,-9.536742640435957e-07,1.4604710170547834,0.4122921466827393,0.006559598486465494,0.0
1361,109,-324.36044,618.4405,-0.01115509,0.4336296,3.7290423,-1.3065338e-06,3.7541697025299072,-3.2490565298966704e-05,-9.536742640435957e-07,1.4598905810952008,0.4122915148735047,0.005851199093792325,0.0
1362,109,-324.339,618.62683,-0.01115509,0.43362013,3.7290533,-9.346008e-07,3.7541794776916504,-2.5033712214914173e-05,-9.536742640435957e-07,1.4593711315245808,0.4122910261154175,0.005217652903884117,0.0
1363,109,-324.3175,618.8132,-0.011155014,0.43359432,3.7290645,5.7220458e-08,3.754187822341919,-1.8642125598724003e-05,-9.536742640435957e-07,1.4589084072851795,0.4122906088829041,0.004652498676183925,0.0
1364,109,-324.296,618.9996,-0.011155052,0.43356612,3.7290754,-1.1920929e-06,3.75419545173645,-1.3848436652496706e-05,-9.536742640435957e-07,1.4584948183678903,0.4122902274131775,0.004147517686431491,0.0
1365,109,-324.27448,619.1859,-0.011154976,0.43353865,3.7290866,-1.2969971e-06,3.7542033195495605,-1.065264334440162e-05,-9.536742640435957e-07,1.4581257042408053,0.412289834022522,0.0037026799735546093,0.0
1366,110,-324.25293,619.3722,-0.0111551285,0.43352482,3.7290933,-5.674362e-07,3.7542083263397217,-7.989483270237714e-06,-9.536742640435957e-07,1.457797203320344,0.41228958368301394,0.010310355018736837,0.0
1367,110,-324.23102,619.5586,-0.011155014,0.44783786,3.7273138,-9.822845e-07,3.7541213035583496,-3.8882147851495544e-05,-9.536742640435957e-07,1.4572343442239557,0.41229393482208254,0.009770805925520697,0.0
1368,110,-324.20877,619.74493,-0.011155014,0.45289782,3.7266936,2.3841856e-08,3.754112720489502,-5.912217619975909e-05,-7.152556980326968e-07,1.4564927870184232,0.41229436397552494,0.008914131142018026,0.0
1369,110,-324.18643,619.93134,-0.011154976,0.4547501,3.7264798,-1.5258789e-07,3.754124164581299,-5.965480029045227e-05,-7.152556980326968e-07,1.4557464361229284,0.41229379177093506,0.00803606731982695,0.0
1370,110,-324.164,620.1177,-0.011155014,0.45545635,3.72641,-4.4345856e-07,3.754140615463257,-5.166532108387589e-05,-8.344649810381463e-07,1.4550497531817637,0.41229296922683717,0.007201513555071526,0.0
1371,110,-324.14145,620.3041,-0.011155014,0.45571485,3.7263925,-1.2350082e-06,3.754154682159424,-4.207794522325196e-05,-9.536742640435957e-07,1.4544171192648154,0.41229226589202883,0.006421151132483456,0.0
1372,110,-324.11884,620.49036,-0.011155014,0.45576498,3.7263992,-7.343292e-07,3.754167318344116,-3.2490565298966704e-05,-9.536742640435957e-07,1.45384813489792,0.41229163408279423,0.005703341397668781,0.0
1373,110,-324.0962,620.67676,-0.01115509,0.45571,3.7264168,-4.863739e-07,3.754178285598755,-2.5033712214914173e-05,-9.536742640435957e-07,1.4533412021844234,0.4122910857200623,0.005064545448002142,0.0
1374,110,-324.07352,620.8631,-0.011155052,0.45562935,3.7264376,-1.9550323e-07,3.7541890144348145,-1.8642125598724003e-05,-9.536742640435957e-07,1.452890062695764,0.4122905492782593,0.004487573602775952,0.0
1375,110,-324.05084,621.04944,-0.011155014,0.45552844,3.7264574,-4.2438506e-07,3.7541964054107666,-1.3848435636581372e-05,-9.536742640435957e-07,1.4524891237936526,0.4122901797294617,0.003978441295156663,0.0
1376,110,-324.02814,621.2358,-0.011154976,0.4554354,3.7264748,-1.2016296e-06,3.754202365875244,-1.0120011126385772e-05,-1.0728835470490452e-06,1.452134124420345,0.4122898817062378,0.0035187643725881398,0.0
1377,111,-324.00543,621.4221,-0.01115509,0.4553355,3.7264907,-5.0544736e-07,3.7542061805725098,-7.4568505442642005e-06,-1.0728835470490452e-06,1.4518200045697702,0.4122896909713745,0.010291036665987689,0.0
1378,111,-323.9824,621.6085,-0.01115509,0.46991125,3.7245908,-6.6280364e-07,3.7541167736053467,-3.8882147851495544e-05,-9.536742640435957e-07,1.4512650017985975,0.4122941613197327,0.009764315704124818,0.0
1379,111,-323.95905,621.7948,-0.011155014,0.4750642,3.7239287,-4.529953e-07,3.7541086673736572,-5.912217619975909e-05,-7.152556980326968e-07,1.4505261077541551,0.41229456663131714,0.008919258327877464,0.0
1380,111,-323.93555,621.9812,-0.011155014,0.4769649,3.7236984,-1.654625e-06,3.7541210651397705,-6.0187440635790786e-05,-7.152556980326968e-07,1.4497810884392055,0.4122939467430115,0.008035471357885226,0.0
1381,111,-323.91202,622.16754,-0.011154976,0.47767496,3.7236233,-4.673004e-07,3.754136800765991,-5.2197949238230406e-05,-8.344649810381463e-07,1.4490838728658226,0.41229315996170046,0.007211062407178595,0.0
1382,111,-323.88843,622.35394,-0.011155052,0.47795635,3.723604,-1.7642975e-07,3.7541534900665283,-4.261057337760648e-05,-9.536742640435957e-07,1.4484512389488744,0.4122923254966736,0.0064626110697552225,0.0
1383,111,-323.86487,622.5403,-0.0111551285,0.47807947,3.723601,-3.33786e-07,3.7541663646698,-3.3023191421490555e-05,-9.536742640435957e-07,1.4478806566853248,0.41229168176651004,0.00581206914015616,0.0
1384,111,-323.84125,622.7267,-0.011155014,0.47819078,3.7235973,-3.528595e-07,3.7541768550872803,-2.5566342401099355e-05,-9.536742640435957e-07,1.4473681313335391,0.41229115724563603,0.005228755238170064,0.0
1385,111,-323.8176,622.91296,-0.011155052,0.47829288,3.7235928,-1.4305114e-07,3.754185199737549,-1.9707390034755696e-05,-9.536742640435957e-07,1.4469071381488465,0.4122907400131226,0.004705317450414157,0.0
1386,111,-323.79395,623.09937,-0.011155014,0.4783883,3.7235878,-1.0299682e-06,3.754192352294922,-1.5446333306544248e-05,-9.536742640435957e-07,1.4464915518607395,0.41229038238525395,0.004257840640169199,0.0
1387,112,-323.77026,623.2857,-0.01115509,0.47852367,3.7235763,2.6226044e-07,3.7541983127593994,-1.2250539998449162e-05,-1.0728835470490452e-06,1.4461173777275835,0.4122900843620301,0.010700977052867369,0.0
1388,112,-323.74612,623.4718,-0.01115509,0.49263594,3.7216492,6.6280364e-07,3.754112720489502,-4.1545308941574786e-05,-9.536742640435957e-07,1.44551563647928,0.41229436397552494,0.01010774026630403,0.0
1389,112,-323.72168,623.6578,-0.011154899,0.49761575,3.7209792,2.7179718e-07,3.75410532951355,-6.07200687901453e-05,-7.152556980326968e-07,1.4447423876567755,0.41229473352432255,0.009213902655130767,0.0
1390,112,-323.69705,623.84375,-0.011154976,0.49944144,3.7207463,-7.390976e-07,3.754117012023926,-6.07200687901453e-05,-7.152556980326968e-07,1.44396940515038,0.4122941493988037,0.008276656402913802,0.0
1391,112,-323.67236,624.0297,-0.011154976,0.50008374,3.7206771,-4.5776366e-07,3.754133939743042,-5.273058551990759e-05,-8.344649810381463e-07,1.4432498190238408,0.41229330301284794,0.007397729095949148,0.0
1392,112,-323.64764,624.2157,-0.011155052,0.5002865,3.7206652,-8.249283e-07,3.7541491985321045,-4.2077941159590634e-05,-9.536742640435957e-07,1.4425986761373162,0.4122925400733948,0.006605115917403373,0.0
1393,112,-323.6229,624.4017,-0.011154976,0.500339,3.7206721,-7.6293944e-08,3.7541630268096924,-3.302319751698255e-05,-9.536742640435957e-07,1.4420137128038804,0.4122918486595154,0.005895306730889248,0.0
1394,112,-323.59808,624.58765,-0.011155052,0.50034124,3.7206852,7.5817104e-07,3.754176378250122,-2.5033712214914173e-05,-9.536742640435957e-07,1.44149040164968,0.4122911810874939,0.005250824840005595,0.0
1395,112,-323.5733,624.77356,-0.011154976,0.50030667,3.7207026,-1.1014938e-06,3.7541890144348145,-1.9174759848570515e-05,-9.536742640435957e-07,1.4410239489847525,0.4122905492782593,0.00469415404909925,0.0
1396,112,-323.54846,624.95953,-0.011154976,0.5003015,3.7207134,-1.0728836e-06,3.7541987895965576,-1.438106785459722e-05,-9.536742640435957e-07,1.4406070311161006,0.41229006052017214,0.00418804086076378,0.0
1397,112,-323.52362,625.1455,-0.0111551285,0.500287,3.7207248,1.9073486e-06,3.7542083263397217,-1.065264334440162e-05,-9.536742640435957e-07,1.4402357864601434,0.41228958368301394,0.0037470349507890046,0.0
1398,113,-323.49878,625.3315,-0.011155052,0.50029415,3.7207305,-6.723404e-07,3.7542150020599365,-7.989483270237714e-06,-9.536742640435957e-07,1.4399034239561015,0.4122892498970032,0.010377112875470319,0.0
1399,113,-323.4735,625.51746,-0.011154938,0.5146338,3.7186878,-8.0585477e-07,3.754129409790039,-3.8882147851495544e-05,-9.536742640435957e-07,1.4393355048536423,0.4122935295104981,0.009826715566869213,0.0
1400,113,-323.44794,625.7034,-0.011155052,0.51969117,3.7179768,5.0544736e-07,3.754121780395508,-5.912218026342042e-05,-8.344649810381463e-07,1.4385899529064745,0.4122939109802246,0.008971254748669891,0.0
1401,113,-323.42227,625.8894,-0.011155052,0.52155644,3.7177289,3.5619735e-06,3.7541348934173584,-6.018743657212945e-05,-7.152556980326968e-07,1.4378388083210176,0.4122932553291321,0.00809172159953502,0.0
1402,113,-323.39642,626.0754,-0.01115509,0.52227616,3.7176445,-9.536743e-07,3.7541513442993164,-5.2197949238230406e-05,-8.344649810381463e-07,1.4371374648479454,0.4122924327850342,0.007229976974168643,0.0
1403,113,-323.3705,626.26135,-0.011154976,0.5224954,3.7176306,2.336502e-07,3.7541682720184326,-4.20779370959293e-05,-9.536742640435957e-07,1.4365009693474164,0.41229158639907837,0.006439109272965948,0.0
1404,113,-323.34457,626.44727,-0.011154938,0.5225196,3.717641,-1.14440915e-07,3.7541818618774414,-3.2490565298966704e-05,-9.536742640435957e-07,1.4359303870838669,0.41229090690612796,0.005725950781053311,0.0
1405,113,-323.31863,626.63324,-0.01115509,0.52247113,3.7176614,1.3828277e-06,3.754195213317871,-2.503371424674484e-05,-9.536742640435957e-07,1.4354213238414981,0.41229023933410647,0.005100594411861511,0.0
1406,113,-323.29266,626.8192,-0.011155052,0.5224239,3.7176757,1.0824203e-06,3.7542028427124023,-1.8642125598724003e-05,-9.536742640435957e-07,1.4349681869820212,0.4122898578643799,0.004541891171741582,0.0
1407,113,-323.26663,627.00525,-0.0111551285,0.5223778,3.7176902,4.1007993e-07,3.754210948944092,-1.3848436652496706e-05,-9.536742640435957e-07,1.4345643186027108,0.4122894525527954,0.004030988648936504,0.0
1408,113,-323.24063,627.19116,-0.011155014,0.52230805,3.717706,-1.46389e-06,3.7542169094085693,-1.0120012142301106e-05,-9.536742640435957e-07,1.434205324487768,0.41228915452957154,0.003587300048082757,0.0
1409,114,-323.21457,627.37714,-0.011154938,0.5222592,3.71772,1.2874602e-07,3.7542238235473633,-7.4568505442642005e-06,-9.536742640435957e-07,1.4338854788408495,0.41228880882263186,0.010327703063519713,0.0
1410,114,-323.18823,627.56305,-0.011155014,0.5367609,3.7155647,-1.6355514e-06,3.7541356086730957,-3.8882147851495544e-05,-9.536742640435957e-07,1.4333268808022055,0.41229321956634524,0.009808327605156368,0.0
1411,114,-323.16153,627.749,-0.011154938,0.5419138,3.7148092,3.2901764e-07,3.7541282176971436,-5.9654804354113604e-05,-7.152556980326968e-07,1.4325854567547274,0.41229358911514286,0.008962481603854208,0.0
1412,114,-323.1347,627.93463,-0.011155014,0.5438217,3.7145436,-9.822845e-07,3.754141330718994,-6.07200687901453e-05,-7.152556980326968e-07,1.4318359100659246,0.4122929334640503,0.008063813506569203,0.0
1413,114,-323.10785,628.12024,-0.011154899,0.5445121,3.714458,2.6893615e-06,3.7541565895080566,-5.2730589583568915e-05,-8.344649810381463e-07,1.4311368302797787,0.4122921705245972,0.0072296970450879345,0.0
1414,114,-323.08096,628.3058,-0.011154861,0.54477453,3.7144372,3.33786e-08,3.75417423248291,-4.261057337760648e-05,-9.536742640435957e-07,1.4305007342534133,0.4122912883758545,0.006473349529384077,0.0
1415,114,-323.05405,628.4914,-0.011155014,0.5448805,3.7144346,-3.6239624e-07,3.7541868686676025,-3.3023191421490555e-05,-9.536742640435957e-07,1.4299292198834823,0.4122906565666199,0.0058023717361120235,0.0
1416,114,-323.0271,628.677,-0.011155052,0.5449475,3.7144353,-5.340576e-07,3.754197359085083,-2.556634646476069e-05,-9.536742640435957e-07,1.429416295057533,0.4122901320457459,0.005205669764935799,0.0
1417,114,-323.00012,628.86255,-0.011154976,0.54500854,3.714436,-5.7220456e-07,3.754206895828247,-1.9707388002925033e-05,-9.536742640435957e-07,1.428956233979222,0.4122896552085877,0.004671773444734381,0.0
1418,114,-322.97308,629.0481,-0.011155014,0.54506576,3.714436,-5.149841e-07,3.7542152404785156,-1.4913702104443734e-05,-9.536742640435957e-07,1.428543310852205,0.41228923797607425,0.004183051046901421,0.0
1419,115,-322.946,629.2337,-0.0111551285,0.54509944,3.7144382,-1.9931792e-06,3.7542221546173096,-1.1717908796348647e-05,-9.536742640435957e-07,1.428173397776793,0.41228889226913457,0.010641295037131541,0.0
1420,115,-322.91855,629.4193,-0.011154938,0.5591628,3.7122624,-2.3555756e-06,3.754138469696045,-4.101268078722027e-05,-9.536742640435957e-07,1.4275756512701248,0.41229307651519775,0.010052537144204825,0.0
1421,115,-322.89078,629.60486,-0.011154899,0.5641225,3.7115068,1.6355514e-06,3.754133462905884,-6.018743657212945e-05,-7.152556980326968e-07,1.4268075956117459,0.4122933268547058,0.009166837704040007,0.0
1422,115,-322.8628,629.79047,-0.011154899,0.5659466,3.711242,-2.4318695e-06,3.754146099090576,-6.07200687901453e-05,-7.152556980326968e-07,1.426038474688931,0.4122926950454712,0.008229911378803249,0.0
1423,115,-322.8348,629.976,-0.011154938,0.5665792,3.7111626,-1.578331e-06,3.7541630268096924,-5.219795736555307e-05,-8.344649810381463e-07,1.4253226169879178,0.4122918486595154,0.007366709546575429,0.0
1424,115,-322.80676,630.1616,-0.011155014,0.5668016,3.7111435,-2.1743774e-06,3.7541778087615967,-4.20779370959293e-05,-9.536742640435957e-07,1.4246741372624834,0.41229110956192017,0.006582599041510958,0.0
1425,115,-322.77866,630.3472,-0.011154976,0.56687003,3.7111478,-2.8991699e-06,3.754192352294922,-3.2490565298966704e-05,-9.536742640435957e-07,1.4240922365643012,0.41229038238525395,0.005871990968309972,0.0
1426,115,-322.75055,630.5328,-0.011155052,0.56686985,3.711158,-1.87397e-06,3.754202365875244,-2.5033712214914173e-05,-9.536742640435957e-07,1.4235713222550817,0.4122898817062378,0.005243804177619453,0.0
1427,115,-322.72244,630.7184,-0.011155014,0.56686366,3.7111685,-3.1757354e-06,3.754211902618408,-1.9174759848570515e-05,-9.536742640435957e-07,1.4231058016965359,0.4122894048690796,0.004698036973518578,0.0
1428,115,-322.69427,630.904,-0.011154976,0.5668866,3.7111728,-1.8978119e-06,3.7542195320129395,-1.4381069886427886e-05,-9.536742640435957e-07,1.4226894164601018,0.412289023399353,0.004200192915993954,0.0
1429,115,-322.66614,631.08954,-0.011154976,0.5668976,3.7111769,-2.3698806e-06,3.754225254058838,-1.11852765783328e-05,-9.536742640435957e-07,1.4223168402235997,0.4122887372970581,0.0037748739653559954,0.0
1430,116,-322.63794,631.2751,-0.011155052,0.566946,3.7111754,-2.4747849e-06,3.7542309761047363,-8.522114980295896e-06,-1.0728835470490452e-06,1.4219835456131764,0.4122884511947632,0.010395262138858184,0.0
1431,116,-322.60938,631.4607,-0.01115509,0.5812448,3.7088742,-2.8324127e-06,3.754143476486206,-3.9414776005850065e-05,-9.536742640435957e-07,1.4214140286140629,0.41229282617568974,0.009857778481248596,0.0
1432,116,-322.58047,631.6463,-0.011154938,0.5863189,3.7080672,-2.1839141e-06,3.7541353702545166,-5.965480029045227e-05,-7.152556980326968e-07,1.4206662129799688,0.4122932314872742,0.0090069854230809,0.0
1433,116,-322.55145,631.83185,-0.011154899,0.58820385,3.7077806,-1.7356872e-06,3.7541470527648926,-6.018743657212945e-05,-7.152556980326968e-07,1.4199118726012037,0.4122926473617554,0.008119576574185283,0.0
1434,116,-322.52225,632.01746,-0.011155014,0.58891946,3.7076826,-7.4386594e-07,3.754162549972534,-5.219795736555307e-05,-8.344649810381463e-07,1.4192090643895319,0.41229187250137334,0.007255009000778834,0.0
1435,116,-322.493,632.203,-0.011154899,0.58913875,3.7076638,-1.4495849e-06,3.754178285598755,-4.20779370959293e-05,-9.536742640435957e-07,1.4185697725698583,0.4122910857200623,0.006466354366608112,0.0
1436,116,-322.46378,632.3886,-0.011154938,0.58917284,3.707672,-2.3317336e-06,3.7541921138763428,-3.3023191421490555e-05,-9.536742640435957e-07,1.4179971929354913,0.41229039430618286,0.005773851090159451,0.0
1437,116,-322.43448,632.5742,-0.011154899,0.5891746,3.7076826,-8.678436e-07,3.7542026042938232,-2.503371424674484e-05,-9.536742640435957e-07,1.417485333373978,0.41228986978530885,0.005145333005202134,0.0
1438,116,-322.40518,632.75977,-0.01115509,0.5891455,3.7076967,-1.0824203e-06,3.754211902618408,-1.917476188040118e-05,-9.536742640435957e-07,1.4170283349309205,0.4122894048690796,0.0045901125444025295,0.0
1439,116,-322.37585,632.9453,-0.01115509,0.5891215,3.7077062,-1.4591217e-06,3.7542176246643066,-1.438106785459722e-05,-9.536742640435957e-07,1.4166204718099749,0.4122891187667847,0.004092436170933608,0.0
1440,116,-322.34653,633.1309,-0.011155052,0.5890967,3.707719,-8.7261196e-07,3.7542264461517334,-1.065264334440162e-05,-9.536742640435957e-07,1.416257216637288,0.41228867769241334,0.003662324997388932,0.0
1441,117,-322.31717,633.3165,-0.011155167,0.58910084,3.7077227,-2.1409987e-06,3.7542307376861572,-7.989483270237714e-06,-9.536742640435957e-07,1.4159328436165164,0.41228846311569217,0.010388480147562969,0.0
1442,117,-322.2875,633.5017,-0.011155014,0.6035639,3.7053072,3.6239624e-07,3.754143238067627,-3.941478006951139e-05,-9.536742640435957e-07,1.4153681203073651,0.41229283809661865,0.009855196409736125,0.0
1443,117,-322.25745,633.68695,-0.011155052,0.6086885,3.7044592,4.4345856e-07,3.754133701324463,-5.965480841777494e-05,-7.152556980326968e-07,1.4146220357279793,0.41229331493377686,0.008988459149399797,0.0
1444,117,-322.2273,633.87213,-0.011155052,0.6105555,3.7041647,-2.7656554e-07,3.7541463375091553,-6.07200687901453e-05,-7.152556980326968e-07,1.4138692932458685,0.41229268312454226,0.008092079992819749,0.0
1445,117,-322.1971,634.0573,-0.011155014,0.61124474,3.7040656,9.3936916e-07,3.7541606426239014,-5.2730581456246255e-05,-8.344649810381463e-07,1.4131672839825236,0.41229196786880495,0.007261227182141814,0.0
1446,117,-322.1669,634.24255,-0.011155052,0.61151886,3.7040358,6.055832e-07,3.754175901412964,-4.261057337760648e-05,-9.536742640435957e-07,1.412529856375613,0.41229120492935184,0.0065172850087154045,0.0
1447,117,-322.1365,634.42773,-0.01115509,0.6116604,3.7040243,9.584427e-07,3.75418758392334,-3.355582770316774e-05,-9.536742640435957e-07,1.411954613580156,0.41229062080383305,0.005796962003049246,0.0
1448,117,-322.10608,634.6129,-0.01115509,0.6116472,3.7040365,-2.1934508e-07,3.754197359085083,-2.556634646476069e-05,-9.536742640435957e-07,1.4114402240156072,0.4122901320457459,0.005149176858607388,0.0
1449,117,-322.07562,634.7981,-0.011155014,0.6115807,3.704056,1.3828277e-07,3.7542059421539307,-1.9174759848570515e-05,-9.536742640435957e-07,1.4109818939920045,0.4122897028923035,0.0045663696342131,0.0
1450,117,-322.04523,634.9833,-0.011155167,0.6114909,3.70408,-1.2779235e-06,3.7542150020599365,-1.4381069886427886e-05,-9.536742640435957e-07,1.4105749629774404,0.4122892498970032,0.004078648767292547,0.0
1451,118,-322.01483,635.16846,-0.0111551285,0.6114625,3.704093,-1.4162064e-06,3.754223108291626,-1.065264334440162e-05,-9.536742640435957e-07,1.4102122404369717,0.4122888445854187,0.010572721097039934,0.0
1452,118,-321.98404,635.35364,-0.011154861,0.62551755,3.7016597,2.5129318e-06,3.754138708114624,-4.048004450554309e-05,-9.536742640435957e-07,1.4096215513071921,0.41229306459426884,0.009996039663993827,0.0
1453,118,-321.95294,635.5389,-0.011154861,0.63048023,3.70081,-1.9502638e-06,3.7541310787200928,-5.965480029045227e-05,-7.152556980326968e-07,1.4088593546032113,0.4122934460639954,0.009126786531128778,0.0
1454,118,-321.92166,635.72406,-0.01115509,0.63232493,3.7005088,-1.540184e-06,3.7541444301605225,-6.018744469945211e-05,-7.152556980326968e-07,1.4080946278961952,0.4122927784919739,0.00820841146503633,0.0
1455,118,-321.89032,635.9093,-0.011155014,0.63299185,3.7004118,-8.9645386e-07,3.7541611194610596,-5.219795736555307e-05,-8.344649810381463e-07,1.4073819659884899,0.412291944026947,0.007350606949092731,0.0
1456,118,-321.85895,636.0945,-0.011154938,0.63323003,3.7003863,2.8467177e-06,3.754176139831543,-4.2077941159590634e-05,-9.536742640435957e-07,1.4067346846855462,0.4122911930084229,0.006572903977110621,0.0
1457,118,-321.82758,636.27966,-0.011154861,0.6333122,3.7003849,4.2438506e-07,3.7541885375976562,-3.2490565298966704e-05,-9.536742640435957e-07,1.406154115567909,0.4122905731201172,0.005890050359907711,0.0
1458,118,-321.79614,636.46484,-0.011155052,0.6333701,3.7003865,-1.2254715e-06,3.754199981689453,-2.5033710183083506e-05,-9.536742640435957e-07,1.4056330681006348,0.41229000091552737,0.0052719737345584316,0.0
1459,118,-321.7647,636.6501,-0.011154899,0.6334039,3.7003903,1.3160706e-06,3.754209518432617,-1.9174759848570515e-05,-9.536742640435957e-07,1.4051662159615441,0.41228952407836916,0.004736304997254677,0.0
1460,118,-321.73325,636.83527,-0.011154861,0.63346535,3.7003865,-1.2016296e-06,3.754216194152832,-1.4913700072613067e-05,-9.536742640435957e-07,1.4047474338801291,0.41228919029235844,0.004256529503090057,0.0
1461,118,-321.70175,637.0204,-0.011155052,0.6335327,3.7003822,-1.3065338e-06,3.754223346710205,-1.1717908796348647e-05,-9.536742640435957e-07,1.4043720613244823,0.4122888326644898,0.0038251808728219736,0.0
1462,119,-321.67026,637.2056,-0.011154976,0.63359624,3.7003765,-2.4223327e-06,3.754228353500366,-9.054745674438744e-06,-9.536742640435957e-07,1.4040337067079878,0.4122885823249817,0.010442269348314971,0.0
1463,119,-321.63837,637.3905,-0.011154976,0.647859,3.6978166,-3.2901762e-06,3.7541403770446777,-3.9947408223865914e-05,-9.536742640435957e-07,1.4034607275994573,0.41229298114776614,0.009893419209752757,0.0
1464,119,-321.6061,637.5753,-0.011154899,0.6529071,3.6969206,1.3256073e-06,3.7541322708129883,-5.9654804354113604e-05,-7.152556980326968e-07,1.4027091835398369,0.4122933864593506,0.009018609376810469,0.0
1465,119,-321.57376,637.7602,-0.011154938,0.6547426,3.6966074,-2.684593e-06,3.754143476486206,-6.018743657212945e-05,-7.152556980326968e-07,1.401953777896636,0.41229282617568974,0.008124329543941454,0.0
1466,119,-321.54123,637.945,-0.011154899,0.65543294,3.6965008,-2.1362305e-06,3.7541589736938477,-5.219795736555307e-05,-8.344649810381463e-07,1.4012492386302555,0.41229205131530766,0.007245179996181673,0.0
1467,119,-321.5087,638.12976,-0.011154976,0.65561634,3.696484,-3.33786e-06,3.7541747093200684,-4.20779370959293e-05,-9.536742640435957e-07,1.4006103462847455,0.4122912645339966,0.006453222465554124,0.0
1468,119,-321.47614,638.3146,-0.011154976,0.6556315,3.696495,-3.3855438e-06,3.754188060760498,-3.2490565298966704e-05,-9.536742640435957e-07,1.400038432440651,0.4122905969619751,0.005747274401354614,0.0
1469,119,-321.44354,638.4994,-0.011155052,0.6555981,3.6965103,-1.5640259e-06,3.754197359085083,-2.5033710183083506e-05,-9.536742640435957e-07,1.3995276381435737,0.4122901320457459,0.005115407915086927,0.0
1470,119,-321.41092,638.6842,-0.01115509,0.655547,3.6965272,-1.9550323e-06,3.7542049884796143,-1.8642125598724003e-05,-9.536742640435957e-07,1.3990734360196608,0.4122897505760193,0.004550631041686618,0.0
1471,119,-321.37827,638.869,-0.0111551285,0.65549153,3.6965456,1.1730194e-06,3.754213571548462,-1.384843766841204e-05,-9.536742640435957e-07,1.3986674371114782,0.4122893214225769,0.004040633516608704,0.0
1472,119,-321.3456,639.05383,-0.011155205,0.65542394,3.6965632,4.5776366e-07,3.7542190551757812,-1.0120011126385772e-05,-9.536742640435957e-07,1.398307244574045,0.41228904724121096,0.0035937815011991723,0.0
1473,120,-321.31293,639.2386,-0.011155167,0.6553718,3.6965783,8.535385e-07,3.7542247772216797,-7.4568505442642005e-06,-9.536742640435957e-07,1.3979877984012898,0.41228876113891605,0.010333662866599945,0.0
1474,120,-321.27997,639.4234,-0.0111551285,0.6697867,3.6939034,1.3971328e-06,3.754135847091675,-3.8882147851495544e-05,-9.536742640435957e-07,1.3974285345723734,0.41229320764541627,0.009821836084430083,0.0
1475,120,-321.24658,639.6082,-0.0111551285,0.6749257,3.6929588,1.3923644e-06,3.754127025604248,-5.965480841777494e-05,-7.152556980326968e-07,1.3966853794701868,0.41229364871978763,0.00896285680456841,0.0
1476,120,-321.2131,639.793,-0.011154976,0.67680347,3.6926262,2.7656554e-07,3.7541379928588867,-6.0720072853806634e-05,-7.152556980326968e-07,1.3959354333072205,0.4122931003570557,0.008077523481433356,0.0
1477,120,-321.17963,639.97784,-0.011155052,0.6775129,3.6925159,1.7118454e-06,3.754157304763794,-5.273058551990759e-05,-8.344649810381463e-07,1.3952355545727475,0.4122921347618103,0.007267240699551132,0.0
1478,120,-321.1461,640.16266,-0.0111551285,0.6778303,3.6924713,-1.0681152e-06,3.7541706562042236,-4.261057337760648e-05,-9.536742640435957e-07,1.394598659598055,0.4122914671897888,0.006530026632443061,0.0
1479,120,-321.1125,640.3475,-0.011155052,0.6779993,3.692455,6.198883e-07,3.754185199737549,-3.355582770316774e-05,-9.536742640435957e-07,1.39402288417038,0.4122907400131226,0.005861942869029863,0.0
1480,120,-321.0787,640.5322,-0.011154899,0.6781017,3.692446,-2.9087067e-07,3.754194736480713,-2.609897665094587e-05,-9.536742640435957e-07,1.3935062309189046,0.4122902631759644,0.005209470558295037,0.0
1481,120,-321.04492,640.71704,-0.011154938,0.6780721,3.692462,-5.245209e-07,3.7542052268981934,-1.9707392066586363e-05,-9.536742640435957e-07,1.3930435066795033,0.41228973865509033,0.0046352348537108175,0.0
1482,120,-321.0111,640.90186,-0.011154938,0.67802435,3.692478,-1.1539458e-06,3.7542123794555664,-1.4913700072613067e-05,-9.536742640435957e-07,1.3926309830266501,0.4122893810272217,0.0041184534519359915,0.0
1483,121,-320.97726,641.0867,-0.011154976,0.6779637,3.6924953,-2.7704239e-06,3.754218578338623,-1.11852765783328e-05,-9.536742640435957e-07,1.3922639994284371,0.4122890710830689,0.010567901267495388,0.0
1484,121,-320.94318,641.2712,-0.011154899,0.69188267,3.689829,-1.1062622e-06,3.754136323928833,-4.048004450554309e-05,-9.536742640435957e-07,1.3916717124020035,0.4122931838035584,0.009990880743562858,0.0
1485,121,-320.90875,641.4556,-0.011154899,0.69680274,3.688897,-2.0122527e-06,3.7541303634643555,-5.965480029045227e-05,-7.152556980326968e-07,1.3909088499077502,0.41229348182678227,0.00910796651561173,0.0
1486,121,-320.87418,641.6401,-0.011155014,0.69860536,3.6885693,-1.4305114e-07,3.754143476486206,-6.018743250846812e-05,-7.152556980326968e-07,1.390144655832952,0.41229282617568974,0.00818856006402943,0.0
1487,121,-320.8395,641.82446,-0.011154899,0.69925386,3.6884615,-1.0347366e-06,3.7541582584381104,-5.166532921119855e-05,-8.344649810381463e-07,1.3894337249799555,0.4122920870780945,0.007315017227326944,0.0
1488,121,-320.8048,642.0089,-0.011155167,0.6994505,3.688439,-1.5687942e-06,3.7541728019714355,-4.1545317068897446e-05,-9.536742640435957e-07,1.3887892399961563,0.41229135990142823,0.0065283877919969984,0.0
1489,121,-320.77008,642.19336,-0.011155014,0.6994959,3.6884432,-4.2915343e-07,3.754185438156128,-3.2490565298966704e-05,-9.536742640435957e-07,1.3882106682493365,0.41229072809219364,0.005824008352052766,0.0
1490,121,-320.73535,642.37775,-0.011154976,0.69949025,3.6884527,-1.4686584e-06,3.7541937828063965,-2.4501079996898325e-05,-9.536742640435957e-07,1.3876940149978612,0.4122903108596802,0.005202694904273408,0.0
1491,121,-320.7006,642.5622,-0.011155052,0.69948566,3.6884637,2.2554398e-06,3.7542035579681396,-1.8642125598724003e-05,-9.536742640435957e-07,1.387232888655114,0.41228982210159304,0.004653536809012259,0.0
1492,121,-320.6658,642.7465,-0.011155052,0.6994937,3.688471,-7.2956084e-07,3.7542123794555664,-1.4381068870512554e-05,-9.536742640435957e-07,1.3868206313183697,0.4122893810272217,0.0041538947563371145,0.0
1493,121,-320.63098,642.93097,-0.011155014,0.6994874,3.6884778,-1.8119812e-06,3.7542176246643066,-1.065264334440162e-05,-9.536742640435957e-07,1.3864515171912848,0.4122891187667847,0.003712999827781703,0.0
1494,122,-320.59616,643.11536,-0.011155052,0.69948876,3.688483,-1.0108947e-06,3.754223108291626,-7.989482254322382e-06,-9.536742640435957e-07,1.3861216846902784,0.4122888445854187,0.010382922213661867,0.0
1495,122,-320.56094,643.2998,-0.011154899,0.71377,3.6856573,2.0170212e-06,3.754136085510254,-3.9414776005850065e-05,-9.536742640435957e-07,1.385555363484473,0.4122931957244873,0.009844503023495063,0.0
1496,122,-320.5254,643.4842,-0.011154899,0.71882635,3.684664,1.0538101e-06,3.7541258335113525,-5.965480841777494e-05,-7.152556980326968e-07,1.3848094120631418,0.4122937083244324,0.008987512719347324,0.0
1497,122,-320.48978,643.66864,-0.01115509,0.7206893,3.684313,-2.0122527e-06,3.754138469696045,-6.0187440635790786e-05,-7.152556980326968e-07,1.384057468529358,0.41229307651519775,0.008118679418224141,0.0
1498,122,-320.454,643.8531,-0.011155052,0.72143316,3.6841855,-2.2888183e-07,3.7541561126708984,-5.2197949238230406e-05,-8.344649810381463e-07,1.3833542608435225,0.4122921943664551,0.007277098352297393,0.0
1499,122,-320.41815,644.03754,-0.011155052,0.7217061,3.6841476,-2.7179718e-07,3.754171371459961,-4.261057337760648e-05,-9.536742640435957e-07,1.382714436391631,0.412291431427002,0.006496742333961748,0.0
1500,122,-320.38223,644.2219,-0.011155052,0.72177786,3.6841476,2.670288e-07,3.754185199737549,-3.302319751698255e-05,-9.536742640435957e-07,1.3821398593864465,0.4122907400131226,0.005783130855798868,0.0
1501,122,-320.3463,644.4064,-0.011154976,0.72175413,3.6841629,-2.0980835e-06,3.7541956901550293,-2.556634646476069e-05,-9.536742640435957e-07,1.3816269345604972,0.41229021549224854,0.005159246308705128,0.0
1502,122,-320.3104,644.59076,-0.011155052,0.72173005,3.6841753,-1.1920929e-06,3.7542030811309814,-1.9174759848570515e-05,-9.536742640435957e-07,1.381168205062731,0.41228984594345097,0.004607624058711466,0.0
1503,122,-320.2744,644.7752,-0.0111551285,0.7217184,3.684186,6.151199e-07,3.75421142578125,-1.4381069886427886e-05,-9.536742640435957e-07,1.3807599424676218,0.41228942871093754,0.004108515318393555,0.0
1504,122,-320.23846,644.95953,-0.011154938,0.7216972,3.6841953,2.5272368e-07,3.7542166709899902,-1.065264334440162e-05,-9.536742640435957e-07,1.3803944236080086,0.4122891664505005,0.003673127079691469,0.0
1505,123,-320.20245,645.144,-0.011154976,0.721696,3.6842008,-2.0074845e-06,3.7542216777801514,-7.989483270237714e-06,-9.536742640435957e-07,1.3800683195325283,0.41228891611099244,0.010408312119805292,0.0
1506,123,-320.16614,645.328,-0.011154976,0.73608184,3.6812627,-1.3971328e-06,3.7541325092315674,-3.9414784133172726e-05,-9.536742640435957e-07,1.3795033299072679,0.41229337453842163,0.009868620897618497,0.0
1507,123,-320.12946,645.5121,-0.011154899,0.74116975,3.680235,-1.1062622e-06,3.7541260719299316,-6.018743657212945e-05,-7.152556980326968e-07,1.3787553811151192,0.41229369640350344,0.009002765490846573,0.0
1508,123,-320.09268,645.6961,-0.011154861,0.74302876,3.6798732,6.3896175e-07,3.754138708114624,-6.072006472648397e-05,-7.152556980326968e-07,1.3780015733685722,0.41229306459426884,0.00810805554559797,0.0
1509,123,-320.05585,645.8802,-0.011155014,0.74372154,3.679751,4.4345856e-07,3.7541561126708984,-5.273058551990759e-05,-8.344649810381463e-07,1.3772987651569004,0.4122921943664551,0.007273790856872139,0.0
1510,123,-320.019,646.0642,-0.011155052,0.74399334,3.6797125,-1.6593933e-06,3.7541723251342773,-4.261057337760648e-05,-9.536742640435957e-07,1.3766598728113904,0.41229138374328617,0.006528103854646288,0.0
1511,123,-319.98215,646.2482,-0.011154938,0.7441323,3.6796951,-8.34465e-07,3.754182815551758,-3.355582770316774e-05,-9.536742640435957e-07,1.3760836979095517,0.41229085922241215,0.0058637583736402136,0.0
1512,123,-319.94522,646.43225,-0.011155052,0.7442343,3.6796865,1.1491775e-06,3.754194736480713,-2.6098974619115203e-05,-9.536742640435957e-07,1.3755665120258582,0.4122902631759644,0.005264439736105247,0.0
1513,123,-319.90826,646.6163,-0.011155014,0.74431264,3.6796792,4.9114226e-07,3.7542030811309814,-2.0240022252771545e-05,-9.536742640435957e-07,1.375101657257585,0.41228984594345097,0.004731145422482524,0.0
1514,123,-319.8712,646.8003,-0.01115509,0.7443897,3.6796718,4.959106e-07,3.754211187362671,-1.5446333306544248e-05,-9.536742640435957e-07,1.3746835409664426,0.41228944063186646,0.004218281774039085,0.0
1515,124,-319.83405,646.9843,-0.011154976,0.74439317,3.6796772,8.6307523e-07,3.7542171478271484,-1.1717908796348647e-05,-9.536742640435957e-07,1.374308967359123,0.4122891426086426,0.010621140670681413,0.0
1516,124,-319.7966,647.16833,-0.011154938,0.75820595,3.6767697,-5.674362e-07,3.7541325092315674,-4.101268078722027e-05,-9.536742640435957e-07,1.3737109545363457,0.41229337453842163,0.01003419217015034,0.0
1517,124,-319.75888,647.35236,-0.011155014,0.7630859,3.6757529,-3.2901764e-07,3.7541255950927734,-6.018743657212945e-05,-7.152556980326968e-07,1.3729439641424028,0.4122937202453614,0.009163941350443445,0.0
1518,124,-319.72098,647.536,-0.011154938,0.7649109,3.6753871,-1.0108947e-06,3.754138946533203,-6.018744469945211e-05,-7.152556980326968e-07,1.3721752426937515,0.4122930526733399,0.008226961465560146,0.0
1519,124,-319.683,647.7197,-0.011154976,0.7655413,3.6752713,-1.335144e-07,3.7541539669036865,-5.219795736555307e-05,-8.344649810381463e-07,1.3714600507830106,0.4122923016548157,0.007352044812767366,0.0
1520,124,-319.64502,647.9033,-0.01115509,0.7657389,3.6752467,-1.1062622e-06,3.7541704177856445,-4.1545317068897446e-05,-9.536742640435957e-07,1.3708123700059034,0.4122914791107178,0.006553974786776556,0.0
1521,124,-319.60696,648.087,-0.011154976,0.7657692,3.675253,-8.9645386e-07,3.7541825771331787,-3.2490565298966704e-05,-9.536742640435957e-07,1.3702316677302115,0.41229087114334106,0.005832847833749502,0.0
1522,124,-319.5689,648.2706,-0.011155052,0.76573116,3.6752708,-5.912781e-07,3.7541921138763428,-2.4501075933236994e-05,-9.536742640435957e-07,1.3697134165820821,0.41229039430618286,0.0051981582619746915,0.0
1523,124,-319.53082,648.4543,-0.011155014,0.7656924,3.675288,-4.005432e-07,3.7542011737823486,-1.8642125598724003e-05,-9.536742640435957e-07,1.3692516244490625,0.4122899413108826,0.004631313444836355,0.0
1524,124,-319.4927,648.63794,-0.011154976,0.76565397,3.6753042,-1.5926361e-06,3.754209280014038,-1.3848436652496706e-05,-9.536742640435957e-07,1.3688398997445361,0.41228953599929813,0.0041228118152020505,0.0
1525,124,-319.45456,648.82153,-0.011154938,0.7656119,3.6753187,-1.039505e-06,3.7542150020599365,-1.0120011126385772e-05,-9.536742640435957e-07,1.3684734487785413,0.4122892498970032,0.003659644495331973,0.0
1526,125,-319.4164,649.0051,-0.011155014,0.7655521,3.6753368,-1.9693375e-06,3.754220485687256,-7.456850036306534e-06,-9.536742640435957e-07,1.3681469452288977,0.4122889757156372,0.010314611666274728,0.0
1527,125,-319.37793,649.1888,-0.011154938,0.7797226,3.6722677,-2.0074845e-06,3.754133462905884,-3.834951969714103e-05,-9.536742640435957e-07,1.367585018238891,0.4122933268547058,0.009783993239755859,0.0
1528,125,-319.33908,649.37244,-0.011155052,0.7847451,3.6711876,-1.5735626e-06,3.7541234493255615,-5.9122164008775095e-05,-7.152556980326968e-07,1.3668433278753038,0.41229382753372196,0.00892970916086171,0.0
1529,125,-319.30014,649.5561,-0.011154899,0.78658944,3.6708057,-2.0742416e-06,3.754136085510254,-5.9654804354113604e-05,-7.152556980326968e-07,1.3660964443475911,0.4122931957244873,0.008051769767161075,0.0
1530,125,-319.2611,649.73975,-0.011155014,0.78729564,3.670669,-1.8405914e-06,3.754150390625,-5.166532108387589e-05,-9.536742640435957e-07,1.3653985629839358,0.41229248046875,0.007219136067015649,0.0
1531,125,-319.222,649.9234,-0.011154976,0.78756166,3.6706266,-2.4890899e-06,3.754164934158325,-4.2077941159590634e-05,-9.536742640435957e-07,1.3647641980122789,0.4122917532920838,0.006448152414527015,0.0
1532,125,-319.18277,650.10706,-0.011154976,0.78763753,3.6706233,-2.1934509e-06,3.7541773319244385,-3.302319751698255e-05,-9.536742640435957e-07,1.3641938820648385,0.4122911334037781,0.005736239186891674,0.0
1533,125,-319.14352,650.2907,-0.011154976,0.7876089,3.6706405,1.6355514e-06,3.754188299179077,-2.5033710183083506e-05,-9.536742640435957e-07,1.3636845525063608,0.41229058504104615,0.005097434461431886,0.0
1534,125,-319.10428,650.4743,-0.0111551285,0.787544,3.670663,-2.0313262e-06,3.7541966438293457,-1.8642125598724003e-05,-9.536742640435957e-07,1.3632306166985568,0.4122901678085327,0.004529860141743673,0.0
1535,125,-319.06497,650.65796,-0.011154976,0.78747565,3.6706843,-2.0217894e-06,3.7542033195495605,-1.3848436652496706e-05,-9.536742640435957e-07,1.3628271477934097,0.412289834022522,0.00401267714251052,0.0
1536,126,-319.02567,650.8416,-0.011154976,0.78738594,3.670711,-3.2138823e-06,3.7542104721069336,-1.0120011126385772e-05,-9.536742640435957e-07,1.362468419994576,0.41228947639465335,0.010488004317245296,0.0
1537,126,-318.9861,651.02515,-0.011154938,0.8012408,3.6676254,1.759529e-06,3.7541260719299316,-3.994741228752724e-05,-9.536742640435957e-07,1.3618842556094672,0.41229369640350344,0.00992857293931409,0.0
1538,126,-318.9462,651.2084,-0.011154976,0.80615544,3.6665392,-1.964569e-06,3.754117250442505,-5.9122172136097755e-05,-7.152556980326968e-07,1.3611273852276666,0.4122941374778748,0.009038577106578058,0.0
1539,126,-318.90616,651.39166,-0.011154899,0.8079269,3.6661623,-1.1491775e-06,3.7541298866271973,-5.965480029045227e-05,-7.152556980326968e-07,1.3603682511589397,0.41229350566864015,0.008122984015601506,0.0
1540,126,-318.866,651.57495,-0.011154938,0.8085593,3.6660392,-1.835823e-06,3.754145860671997,-5.166532108387589e-05,-8.344649810381463e-07,1.3596626466281232,0.4122927069664002,0.007248093258428238,0.0
1541,126,-318.82587,651.7582,-0.011154976,0.8087346,3.6660156,-2.1409987e-06,3.7541606426239014,-4.1545308941574786e-05,-9.536742640435957e-07,1.3590234879665042,0.41229196786880495,0.006470792182072493,0.0
1542,126,-318.78564,651.9414,-0.011155014,0.80877906,3.66602,-5.102157e-07,3.7541744709014893,-3.1957933080950855e-05,-9.536742640435957e-07,1.3584507751740826,0.4122912764549256,0.0057565390853407585,0.0
1543,126,-318.74545,652.1247,-0.0111551285,0.80874133,3.6660385,-2.6988982e-06,3.7541844844818115,-2.4501079996898325e-05,-9.536742640435957e-07,1.3579390487706238,0.41229077577590945,0.0051416839587287285,0.0
1544,126,-318.7052,652.308,-0.011154938,0.808727,3.666052,-1.4686584e-06,3.754194498062134,-1.8642125598724003e-05,-9.536742640435957e-07,1.3574832487500568,0.4122902750968933,0.004584111346880907,0.0
1545,126,-318.66495,652.4912,-0.011154938,0.80870146,3.6660635,-4.0531157e-07,3.7542002201080322,-1.384843462066604e-05,-9.536742640435957e-07,1.3570757851032746,0.4122899889945984,0.004089557595977707,0.0
1546,126,-318.62466,652.6744,-0.011154976,0.808681,3.6660736,-3.3283234e-06,3.7542057037353516,-1.065264334440162e-05,-9.536742640435957e-07,1.3567125299305878,0.41228971481323246,0.003639943719740378,0.0
1547,127,-318.58438,652.85767,-0.011155014,0.8086474,3.6660886,-2.4890899e-06,3.7542130947113037,-7.989483270237714e-06,-9.536742640435957e-07,1.3563892221742522,0.41228934526443484,0.010340775717655862,0.0
1548,127,-318.54367,653.0409,-0.011155014,0.82287514,3.6628294,-9.155273e-07,3.7541232109069824,-3.888214378783422e-05,-9.536742640435957e-07,1.3558270288681364,0.4122938394546509,0.009791381829848156,0.0
1549,127,-318.5027,653.2242,-0.011155052,0.82787967,3.6616943,-1.0442734e-06,3.7541162967681885,-5.912216807243643e-05,-7.152556980326968e-07,1.3550845395562223,0.4122941851615906,0.008947128132187709,0.0
1550,127,-318.4616,653.4075,-0.01115509,0.82974,3.6612856,-5.00679e-07,3.7541284561157227,-6.018743657212945e-05,-7.152556980326968e-07,1.354336457606019,0.4122935771942139,0.00807995071237136,0.0
1551,127,-318.4204,653.5907,-0.011155052,0.8304752,3.6611352,-7.200241e-07,3.7541441917419434,-5.2197949238230406e-05,-8.344649810381463e-07,1.3536376441359823,0.41229279041290284,0.007246284144974415,0.0
1552,127,-318.3791,653.774,-0.01115509,0.8307531,3.6610875,-6.580353e-07,3.7541592121124268,-4.261057337760648e-05,-9.536742640435957e-07,1.353001015477399,0.4122920393943787,0.006467573422758082,0.0
1553,127,-318.33774,653.9572,-0.01115509,0.83082175,3.661085,2.040863e-06,3.7541720867156982,-3.3023193453321225e-05,-9.536742640435957e-07,1.3524291016333043,0.41229139566421513,0.0057647099240503,0.0
1554,127,-318.29633,654.1405,-0.011154976,0.83081317,3.661097,-2.2125244e-06,3.7541818618774414,-2.556634646476069e-05,-9.536742640435957e-07,1.3519171089137367,0.41229090690612796,0.005128941407829481,0.0
1555,127,-318.2549,654.3237,-0.011155052,0.8307656,3.661117,-1.6164779e-06,3.7541909217834473,-1.9174759848570515e-05,-9.536742640435957e-07,1.351461708367333,0.41229045391082764,0.004566452348270093,0.0
1556,127,-318.2135,654.50696,-0.0111551285,0.8307189,3.661135,-6.198883e-07,3.7541980743408203,-1.4381069886427886e-05,-9.536742640435957e-07,1.3510554431430415,0.412290096282959,0.004072718938782606,0.0
1557,127,-318.17206,654.6902,-0.011155052,0.83069134,3.6611488,6.961822e-07,3.7542054653167725,-1.065264334440162e-05,-9.536742640435957e-07,1.3506929869186817,0.4122897267341614,0.0036286994551883484,0.0
1558,128,-318.13058,654.8734,-0.011155167,0.83066314,3.6611614,-9.298324e-07,3.754211664199829,-7.989483270237714e-06,-9.536742640435957e-07,1.3503703449526188,0.4122894167900086,0.010454748123357997,0.0
1559,128,-318.0888,655.0564,-0.011155167,0.84512085,3.6577594,-1.0347366e-06,3.754122257232666,-3.9414784133172726e-05,-9.536742640435957e-07,1.3498052221693038,0.41229388713836673,0.009918323689259798,0.0
1560,128,-318.04666,655.23926,-0.0111551285,0.8502361,3.656562,-1.0061264e-06,3.754110813140869,-6.072006472648397e-05,-7.152556980326968e-07,1.3490547433741196,0.41229445934295655,0.009042914888288386,0.0
1561,128,-318.0044,655.4222,-0.011154976,0.85209286,3.6561449,3.1137465e-06,3.7541253566741943,-6.125270507182248e-05,-7.152556980326968e-07,1.348297872992319,0.4122937321662903,0.008136658311900365,0.0
1562,128,-317.96213,655.60504,-0.011155014,0.85277027,3.656002,-1.2397766e-07,3.7541401386260986,-5.32632136742621e-05,-8.344649810381463e-07,1.3475917358292846,0.4122929930686951,0.00730073698138862,0.0
1563,128,-317.91983,655.78796,-0.011154976,0.85304016,3.6559546,-1.0156631e-06,3.754155158996582,-4.261056931394515e-05,-9.536742640435957e-07,1.346950313480739,0.4122922420501709,0.006553366045755612,0.0
1564,128,-317.87747,655.97076,-0.011155014,0.85318154,3.655934,1.7166137e-07,3.754167318344116,-3.355582770316774e-05,-9.536742640435957e-07,1.3463722743661373,0.41229163408279423,0.005868278782010555,0.0
1565,128,-317.8351,656.1537,-0.0111551285,0.8532471,3.6559298,-1.2397766e-06,3.754178047180176,-2.6098978682776533e-05,-9.536742640435957e-07,1.3458537569018987,0.41229109764099126,0.00527955923463926,0.0
1566,128,-317.79272,656.33655,-0.011154976,0.8533378,3.655917,7.9631803e-07,3.7541861534118652,-2.0240022252771545e-05,-9.536742640435957e-07,1.345387171078917,0.41229069232940674,0.0047524238443392465,0.0
1567,128,-317.75034,656.51935,-0.01115509,0.85343254,3.6559017,5.769729e-07,3.75419282913208,-1.5446333306544248e-05,-9.536742640435957e-07,1.344968388997502,0.412290358543396,0.004292557079649317,0.0
1568,129,-317.7079,656.70215,-0.01115509,0.85355216,3.655881,7.9631803e-07,3.754199743270874,-1.2250539998449162e-05,-9.536742640435957e-07,1.3445902201227107,0.41229001283645633,0.012795675537181923,0.0
1569,129,-317.6649,656.8851,-0.011154976,0.8715034,3.6515012,4.2438506e-07,3.754061698913574,-5.113269292952138e-05,-7.152556980326968e-07,1.3439064535128329,0.4122969150543213,0.012157845390038285,0.0
1570,129,-317.6215,657.06793,-0.011154899,0.8778699,3.6499617,-1.7642975e-07,3.7540481090545654,-7.669903939428206e-05,-7.152556980326968e-07,1.3429901929397912,0.4122975945472718,0.011121494050840064,0.0
1571,129,-317.57794,657.25085,-0.011154823,0.88024735,3.649407,2.8133393e-06,3.7540652751922607,-7.776429570299109e-05,-7.152556980326968e-07,1.3420618149837895,0.412296736240387,0.01004361207109567,0.0
1572,129,-317.5343,657.43384,-0.011154899,0.88118196,3.6492064,4.1007993e-07,3.754089593887329,-6.711165540633547e-05,-7.152556980326968e-07,1.3411936244684237,0.41229552030563354,0.009034284798373425,0.0
1573,129,-317.4905,657.6167,-0.011154861,0.8815887,3.6491306,3.4570694e-06,3.7541115283966064,-5.4861114391970975e-05,-8.344649810381463e-07,1.3404016003602341,0.4122944235801697,0.008079867533302545,0.0
1574,129,-317.44666,657.7995,-0.011154938,0.8817262,3.6491165,-1.1825562e-06,3.7541301250457764,-4.261057337760648e-05,-9.536742640435957e-07,1.3396890716105834,0.4122934937477112,0.0072132965780498685,0.0
1575,129,-317.40277,657.9824,-0.011154976,0.88175476,3.6491246,-2.117157e-06,3.7541446685791016,-3.302319751698255e-05,-9.536742640435957e-07,1.3390499129489644,0.41229276657104497,0.006449943732719807,0.0
1576,129,-317.3589,658.1653,-0.011154976,0.88177246,3.649134,-1.8024444e-06,3.754157781600952,-2.5033710183083506e-05,-9.536742640435957e-07,1.3384782654209788,0.41229211091995244,0.00577820449653088,0.0
1577,129,-317.31494,658.3482,-0.011154899,0.8818076,3.6491387,-6.008148e-07,3.7541708946228027,-1.9174759848570515e-05,-9.536742640435957e-07,1.337966805333629,0.4122914552688599,0.005176699762228439,0.0
1578,129,-317.271,658.531,-0.011154938,0.8818461,3.6491427,-1.3923644e-06,3.754183769226074,-1.4381069886427886e-05,-9.536742640435957e-07,1.33750887478419,0.4122908115386963,0.004641997339680736,0.0
1579,130,-317.22702,658.71387,-0.011155014,0.8818913,3.6491437,1.3780593e-06,3.754195213317871,-1.11852765783328e-05,-9.536742640435957e-07,1.3370983485021544,0.41229023933410647,0.015387323747620106,0.0
1580,130,-317.18253,658.896,-0.011155052,0.9043023,3.6434417,-3.1900406e-06,3.75398850440979,-6.125270507182248e-05,-7.152556980326968e-07,1.3362991338590215,0.41230057477951054,0.01463916749875736,0.0
1581,130,-317.1375,659.0781,-0.011154899,0.9122187,3.6414483,-2.3555756e-06,3.753969669342041,-9.374326224346653e-05,-5.960464150272474e-07,1.335203243070454,0.412301516532898,0.013380076911777224,0.0
1582,130,-317.09225,659.2602,-0.011154785,0.91513366,3.640743,-9.679794e-07,3.753995180130005,-9.480853480682088e-05,-5.960464150272474e-07,1.3340895091025828,0.41230024099349977,0.0120371488530744,0.0
1583,130,-317.04697,659.4424,-0.011154823,0.9161854,3.6405141,-1.7881393e-06,3.7540297508239746,-8.255798566513372e-05,-7.152556980326968e-07,1.3330475473260892,0.4122985124588013,0.01079946541270103,0.0
1584,130,-317.00153,659.6245,-0.011155052,0.9166019,3.6404407,1.6403197e-06,3.7540602684020996,-6.657902318831962e-05,-7.152556980326968e-07,1.3320998614521846,0.41229698657989505,0.009644374356521846,0.0
1585,130,-316.956,659.80664,-0.011155052,0.91671985,3.640437,-2.9563904e-07,3.7540853023529053,-5.166532108387589e-05,-7.152556980326968e-07,1.3312484488516863,0.41229573488235477,0.008594021586843165,0.0
1586,130,-316.91043,659.9887,-0.01115509,0.9167101,3.6404629,-7.629394e-07,3.754108190536499,-3.9947408223865914e-05,-9.536742640435957e-07,1.330486118989651,0.41229459047317507,0.007651700184409872,0.0
1587,130,-316.8648,660.17084,-0.011155052,0.91665435,3.6404967,-6.866455e-07,3.754127264022827,-2.982740420888747e-05,-9.536742640435957e-07,1.3298071460697354,0.41229363679885866,0.006808447719336219,0.0
1588,130,-316.81915,660.35297,-0.01115509,0.9165823,3.6405308,-3.4332274e-07,3.7541427612304688,-2.2370555188496265e-05,-9.536742640435957e-07,1.3292018095539604,0.4122928619384766,0.006055649488174566,0.0
1589,130,-316.77347,660.535,-0.011155052,0.9165074,3.6405642,-1.2254715e-06,3.7541568279266357,-1.6511596726660613e-05,-9.536742640435957e-07,1.3286630520654372,0.41229215860366825,0.005370003903725597,0.0
1590,131,-316.72775,660.7171,-0.011154938,0.9164062,3.6406002,-9.536743e-09,3.754167079925537,-1.2250539998449162e-05,-1.0728835470490452e-06,1.328184215701441,0.41229164600372314,0.01744141017757855,0.0
1591,131,-316.6815,660.89923,-0.011154976,0.9414808,3.63393,-9.5367426e-08,3.753909111022949,-6.817691984236717e-05,-7.152556980326968e-07,1.3272727488183613,0.41230454444885256,0.016621016539421447,0.0
1592,131,-316.63467,661.08093,-0.011154861,0.95041287,3.6315799,-3.2424927e-07,3.7538857460021973,-0.00010492854694912199,-5.960464150272474e-07,1.3260290525892944,0.41230571269989014,0.01520733401661768,0.0
1593,131,-316.58755,661.26227,-0.011154785,0.95373654,3.6307402,-1.6593933e-06,3.7539162635803223,-0.00010652644360316953,-4.7683713202179786e-07,1.3247641842295612,0.4123041868209839,0.013666179696062283,0.0
1594,131,-316.54037,661.44366,-0.011154976,0.95490676,3.6304774,7.6770783e-07,3.7539596557617188,-9.267799780743483e-05,-5.960464150272474e-07,1.3235810749152936,0.41230201721191406,0.012229604456211433,0.0
1595,131,-316.49313,661.625,-0.011155052,0.9553118,3.630411,-1.2111664e-06,3.753998279571533,-7.456851052221866e-05,-7.152556980326968e-07,1.3225072883637736,0.4123000860214234,0.010923065864663451,0.0
1596,131,-316.4458,661.8064,-0.01115509,0.9554328,3.6304152,-1.0442734e-06,3.754033327102661,-5.805690770006606e-05,-7.152556980326968e-07,1.321543224049165,0.41229833364486695,0.009745537206603237,0.0
1597,131,-316.39838,661.98773,-0.01115509,0.9554435,3.6304412,4.2438506e-07,3.754061222076416,-4.4208474095315355e-05,-9.536742640435957e-07,1.3206798272237612,0.41229693889617924,0.008671208350095749,0.0
1598,131,-316.35098,662.16907,-0.011155052,0.955376,3.630483,2.1934508e-07,3.754084348678589,-3.355582770316774e-05,-9.536742640435957e-07,1.3199100405106738,0.4122957825660706,0.007738242060145156,0.0
1599,131,-316.3035,662.3504,-0.01115509,0.95533955,3.630513,7.2479247e-07,3.7541041374206543,-2.5033712214914173e-05,-9.536742640435957e-07,1.3192230781074878,0.41229479312896733,0.006886717333116874,0.0
1600,132,-316.25598,662.5317,-0.011154976,0.95527625,3.6305456,7.724762e-07,3.754119634628296,-1.9174759848570515e-05,-9.536742640435957e-07,1.3186112168470423,0.41229401826858525,0.019088300638956814,0.0
1601,132,-316.20782,662.713,-0.011154747,0.9808373,3.6234424,9.870529e-07,3.7538483142852783,-7.456850239489601e-05,-7.152556980326968e-07,1.3175691219124943,0.4123075842857361,0.018086430173918363,0.0
1602,132,-316.15906,662.8944,-0.011154708,0.98988754,3.6209607,1.4734268e-06,3.75382924079895,-0.00011078750134729631,-4.7683713202179786e-07,1.316200390270248,0.4123085379600525,0.016521072821895938,0.0
1603,132,-316.11005,663.07587,-0.011154823,0.9932571,3.6200805,6.151199e-07,3.7538702487945557,-0.00011185274952868268,-4.7683713202179786e-07,1.314821405457805,0.4123064875602722,0.014896698387749653,0.0
1604,132,-316.0609,663.2572,-0.011155014,0.9945558,3.6197739,-1.1920929e-07,3.7539186477661133,-9.693904742423895e-05,-5.960464150272474e-07,1.313533633912697,0.41230406761169436,0.013362314274147991,0.0
1605,132,-316.0116,663.4386,-0.011154899,0.99506575,3.6196806,-3.480911e-07,3.7539637088775635,-7.82969360483296e-05,-7.152556980326968e-07,1.3123623756652802,0.41230181455612186,0.011943608575183885,0.0
1606,132,-315.96222,663.61993,-0.011154976,0.9952349,3.6196728,-2.0122527e-06,3.7540009021759033,-6.125270507182248e-05,-7.152556980326968e-07,1.3113092286122086,0.41229995489120486,0.010666360669561694,0.0
1607,132,-315.9128,663.80133,-0.011154899,0.9952795,3.6196935,-1.3065338e-06,3.754032850265503,-4.687163518539459e-05,-8.344649810381463e-07,1.3103655374799388,0.4122983574867249,0.009539194523466306,0.0
1608,132,-315.86334,663.98267,-0.011155052,0.9953127,3.619711,-6.437302e-07,3.754058361053467,-3.568635454340046e-05,-9.536742640435957e-07,1.3095218480466018,0.41229708194732667,0.008527357265902012,0.0
1609,132,-315.81387,664.16394,-0.011155052,0.9953336,3.6197295,-7.5817104e-07,3.754081964492798,-2.7164241086977563e-05,-9.536742640435957e-07,1.3087669750356188,0.41229590177536013,0.007636896580882426,0.0
1610,132,-315.76434,664.3453,-0.01115509,0.9953772,3.6197352,-3.0612946e-06,3.754098892211914,-2.0772654470787393e-05,-9.536742640435957e-07,1.3080909315929021,0.4122950553894043,0.006844275593112394,0.0
1611,133,-315.71478,664.5266,-0.0111551285,0.9954342,3.6197371,-2.2268296e-06,3.7541160583496094,-1.5978966540475428e-05,-1.0728835470490452e-06,1.3074859945512907,0.4122941970825196,0.019646262056212276,0.0
1612,133,-315.66455,664.70734,-0.011154861,1.0221139,3.6119843,-2.3841858e-06,3.7538177967071533,-7.510112648558919e-05,-7.152556980326968e-07,1.3064255238052211,0.41230911016464233,0.01862660815807008,0.0
1613,133,-315.6137,664.88794,-0.011154899,1.0315489,3.6092787,-2.5987624e-06,3.753796100616455,-0.00011398328652806874,-4.7683713202179786e-07,1.3050199073818773,0.41231019496917726,0.017003737863820385,0.0
1614,133,-315.56262,665.0686,-0.011154632,1.0350305,3.608326,-1.1157989e-06,3.7538387775421143,-0.00011504855909142309,-4.7683713202179786e-07,1.3036011083111376,0.4123080611228943,0.015316919141410148,0.0
1615,133,-315.5114,665.2492,-0.011154938,1.036344,3.608002,-5.5789945e-07,3.753889560699463,-0.00010013484885965669,-5.960464150272474e-07,1.3022764519849321,0.4123055219650269,0.013727530781146174,0.0
1616,133,-315.46017,665.4298,-0.011154899,1.0368404,3.6079085,-3.814697e-07,3.753936767578125,-8.096008901108618e-05,-7.152556980326968e-07,1.3010721705399984,0.41230316162109376,0.012301011811939077,0.0
1617,133,-315.40884,665.61035,-0.011154899,1.037069,3.6078856,-1.2874603e-06,3.7539777755737305,-6.338322175290187e-05,-7.152556980326968e-07,1.2999886634504996,0.4123011112213135,0.011012368767913098,0.0
1618,133,-315.35748,665.791,-0.011154938,1.0371823,3.607886,-1.7118454e-06,3.75400972366333,-4.900215999379665e-05,-8.344649810381463e-07,1.2990166096526208,0.4122995138168335,0.009885944874991552,0.0
1619,133,-315.30603,665.97156,-0.011154976,1.0373101,3.6078784,-1.1157989e-06,3.754037618637085,-3.7284251197448006e-05,-9.536742640435957e-07,1.2981446907117287,0.4122981190681458,0.008860905827370369,0.0
1620,133,-315.25452,666.1521,-0.011154976,1.0374044,3.6078756,-1.8930435e-06,3.754060983657837,-2.876213774102511e-05,-9.536742640435957e-07,1.2973622539834635,0.41229695081710815,0.007943649810273807,0.0
1621,133,-315.2029,666.33264,-0.011155052,1.037487,3.6078742,-1.6832352e-06,3.754082441329956,-2.2370555188496265e-05,-9.536742640435957e-07,1.2966607773523366,0.4122958779335022,0.0071084449812081575,0.0
1622,134,-315.1512,666.5132,-0.011155052,1.0375355,3.6078784,-1.4925002e-06,3.7540998458862305,-1.7044229960591793e-05,-1.0728835470490452e-06,1.2960316055448053,0.4122950077056885,0.020102255022395734,0.0
1623,134,-315.09888,666.6935,-0.011154976,1.0645453,3.5996807,-2.8610229e-08,3.7537925243377686,-7.723166348497525e-05,-7.152556980326968e-07,1.294942106342854,0.4123103737831116,0.01907047002180626,0.0
1624,134,-315.04593,666.87335,-0.011154823,1.0741351,3.5968072,-3.480911e-07,3.753769874572754,-0.00011611382352745478,-4.7683713202179786e-07,1.2935025346156117,0.4123115062713623,0.017403465729849396,0.0
1625,134,-314.99274,667.05316,-0.011154861,1.0776671,3.5958002,-2.7656554e-07,3.753817558288574,-0.00011771172018150232,-4.7683713202179786e-07,1.2920504460312459,0.4123091220855713,0.015662422183815156,0.0
1626,134,-314.93936,667.23303,-0.011154747,1.0789732,3.5954657,-7.6293944e-08,3.7538721561431885,-0.0001017327536410269,-5.960464150272474e-07,1.2906942312461231,0.4123063921928406,0.014012070401881453,0.0
1627,134,-314.88596,667.4129,-0.011154861,1.0794214,3.5953836,-1.0299682e-06,3.753922462463379,-8.202536157444054e-05,-7.152556980326968e-07,1.2894643834547246,0.41230387687683107,0.012530701522227775,0.0
1628,134,-314.83252,667.5927,-0.011154861,1.07959,3.595378,2.131462e-06,3.7539656162261963,-6.391586616190171e-05,-7.152556980326968e-07,1.2883587721281782,0.4123017191886902,0.011209763763936759,0.0
1629,134,-314.77902,667.77246,-0.011154938,1.0796727,3.5953887,3.633499e-06,3.753999710083008,-4.900215999379665e-05,-8.344649810381463e-07,1.2873684756768322,0.41230001449584963,0.010026189291523921,0.0
1630,134,-314.72546,667.9523,-0.01115509,1.0797206,3.5954034,7.1048737e-07,3.7540273666381836,-3.781688747912518e-05,-9.536742640435957e-07,1.2864823088241082,0.41229863166809083,0.008976635773679362,0.0
1631,134,-314.67188,668.1321,-0.011155014,1.079773,3.5954123,-2.5749205e-07,3.7540509700775146,-2.8762139772855772e-05,-9.536742640435957e-07,1.2856885536612102,0.4122974514961243,0.008050067378706107,0.0
1632,135,-314.6183,668.3119,-0.011155014,1.0798495,3.5954094,-1.5735625e-07,3.754070281982422,-2.1837918906819086e-05,-9.536742640435957e-07,1.2849768238598864,0.4122964859008789,0.02069281325254572,0.0
1633,135,-314.5639,668.49164,-0.011154938,1.1062663,3.587055,5.2928925e-07,3.753769874572754,-7.93622004843613e-05,-7.152556980326968e-07,1.2838234087917733,0.4123115062713623,0.01957879955247688,0.0
1634,135,-314.5089,668.671,-0.011154708,1.1156492,3.5841272,5.8174135e-07,3.7537500858306885,-0.00011717907170884116,-4.7683713202179786e-07,1.2823335033199283,0.4123124957084656,0.01785668210421272,0.0
1635,135,-314.4536,668.85004,-0.011154976,1.1191177,3.583095,6.67572e-08,3.7537972927093506,-0.00011771172018150232,-4.7683713202179786e-07,1.2808405352128298,0.4123101353645325,0.016031101410435553,0.0
1636,135,-314.39822,669.0291,-0.011154823,1.120334,3.5827734,-8.869171e-07,3.7538530826568604,-0.00010173273738638158,-5.960464150272474e-07,1.279451563546299,0.412307345867157,0.014332795589559012,0.0
1637,135,-314.34268,669.2082,-0.011154785,1.1207415,3.5827014,-1.14440915e-07,3.753906011581421,-8.149272935642469e-05,-7.152556980326968e-07,1.2781918883506915,0.41230469942092896,0.012768820768121839,0.0
1638,135,-314.28708,669.38727,-0.011154976,1.1208035,3.5827277,-2.7656554e-07,3.7539496421813965,-6.338322988022454e-05,-7.152556980326968e-07,1.277063240680716,0.4123025178909302,0.011366121846783286,0.0
1639,135,-314.23145,669.5662,-0.011154938,1.1207471,3.5827835,-2.260208e-06,3.753986120223999,-4.8469531839442135e-05,-8.344649810381463e-07,1.2760549678920121,0.4123006939888001,0.010106404958308116,0.0
1640,135,-314.17575,669.7453,-0.011154861,1.1206405,3.582848,-6.67572e-08,3.7540159225463867,-3.621898676141631e-05,-9.536742640435957e-07,1.2751574826046552,0.4122992038726807,0.00899109615519175,0.0
1641,135,-314.12003,669.92426,-0.011154938,1.1205381,3.5829048,-3.33786e-07,3.7540395259857178,-2.7164241086977563e-05,-9.536742640435957e-07,1.274358401119577,0.4122980237007141,0.00798625509982065,0.0
1642,135,-314.06424,670.1033,-0.01115509,1.1204214,3.582962,-1.14440915e-07,3.754059314727783,-2.0240022252771545e-05,-1.0728835470490452e-06,1.2736480028987984,0.41229703426361086,0.00708646118142745,0.0
1643,136,-314.00848,670.2822,-0.011154976,1.1202967,3.5830204,-2.1266937e-06,3.754077911376953,-1.4913701088528401e-05,-1.0728835470490452e-06,1.2730163010882316,0.4122961044311524,0.020217050467883167,0.0
1644,136,-313.952,670.4613,-0.011155014,1.1473228,3.5741315,-1.8501281e-06,3.7537670135498047,-7.510113461291185e-05,-7.152556980326968e-07,1.2719224076704816,0.4123116493225098,0.01917765953130181,0.0
1645,136,-313.89493,670.6404,-0.011154899,1.1569096,3.5710156,4.7683715e-09,3.753743886947632,-0.00011558118318211628,-4.7683713202179786e-07,1.2704744469858056,0.4123128056526184,0.017545103003085493,0.0
1646,136,-313.8376,670.8192,-0.011154708,1.1605259,3.5698886,8.106232e-08,3.7537882328033447,-0.00011717908796348648,-4.7683713202179786e-07,1.2690130373376245,0.4123105883598328,0.01581627314268431,0.0
1647,136,-313.78012,670.99756,-0.011154861,1.1619086,3.5694997,-8.1062313e-07,3.7538459300994873,-0.00010226537773172009,-5.960464150272474e-07,1.2676463030661957,0.41230770349502566,0.014144831011420665,0.0
1648,136,-313.72256,671.17584,-0.011154938,1.1623708,3.5694036,-6.2465665e-07,3.7538976669311523,-8.255798566513372e-05,-7.152556980326968e-07,1.2664047373660008,0.4123051166534424,0.012614661521845379,0.0
1649,136,-313.66495,671.3541,-0.011154861,1.1624769,3.569417,2.040863e-06,3.75394344329834,-6.444849431625624e-05,-7.152556980326968e-07,1.2652904707659118,0.41230282783508304,0.011241736921409317,0.0
1650,136,-313.60727,671.53235,-0.011155052,1.1624589,3.5694604,2.2697448e-06,3.753978967666626,-4.900215999379665e-05,-8.344649810381463e-07,1.2642948479923857,0.41230105161666875,0.010006208412984047,0.0
1651,136,-313.54953,671.71063,-0.01115509,1.1623847,3.5695174,-5.2928925e-07,3.7540102005004883,-3.675161897943216e-05,-9.536742640435957e-07,1.2634070832430078,0.4122994899749756,0.008905372393744606,0.0
1652,136,-313.4918,671.8888,-0.01115509,1.1622993,3.5695717,5.483627e-07,3.754035472869873,-2.7696877368654742e-05,-9.536742640435957e-07,1.2626161243992542,0.41229822635650637,0.007924063741556082,0.0
1653,136,-313.43405,672.067,-0.01115509,1.1622154,3.5696216,3.2901764e-07,3.754056692123413,-2.0772654470787393e-05,-1.0728835470490452e-06,1.2619119846070372,0.4122971653938294,0.0070722448831231095,0.0
1654,137,-313.37628,672.24524,-0.011155205,1.1621804,3.5696526,-1.2493133e-06,3.754075527191162,-1.5446333306544248e-05,-1.0728835470490452e-06,1.2612848101703236,0.41229622364044194,0.020426278419853325,0.0
1655,137,-313.3177,672.4235,-0.011154823,1.1895531,3.560291,2.3174284e-06,3.7537593841552734,-7.723165535765258e-05,-7.152556980326968e-07,1.2601830604273578,0.41231203079223633,0.019377333193946706,0.0
1656,137,-313.25848,672.6018,-0.011154785,1.199253,3.5570111,6.198883e-08,3.7537362575531006,-0.00011771172018150232,-4.7683713202179786e-07,1.2587216507791767,0.412313187122345,0.01771824893107696,0.0
1657,137,-313.199,672.78015,-0.011154823,1.2028909,3.5558314,-2.670288e-07,3.7537825107574463,-0.00011930961683554987,-4.7683713202179786e-07,1.2572457269030548,0.4123108744621277,0.015989000698161785,0.0
1658,137,-313.13943,672.95844,-0.011154938,1.204316,3.5554123,-2.3841858e-06,3.75384259223938,-0.00010386327438576762,-4.7683713202179786e-07,1.2558646115617398,0.412307870388031,0.014369588104172572,0.0
1659,137,-313.07977,673.1367,-0.011154938,1.2049272,3.555261,-8.821487e-07,3.7538952827453613,-8.415588231918127e-05,-7.152556980326968e-07,1.2546075995272223,0.41230523586273193,0.012902998169862748,0.0
1660,137,-313.02008,673.315,-0.01115509,1.2052444,3.5551987,-1.8692016e-06,3.7539381980895996,-6.657902318831962e-05,-7.152556980326968e-07,1.2534729597447942,0.41230309009552,0.011605832643118973,0.0
1661,137,-312.96027,673.4933,-0.011154899,1.2054936,3.5551522,-1.8501281e-06,3.753974199295044,-5.166532108387589e-05,-8.344649810381463e-07,1.2524515043086943,0.41230129003524785,0.010435075880441257,0.0
1662,137,-312.9003,673.67145,-0.011155014,1.2056966,3.5551171,-1.1730194e-06,3.7540061473846436,-3.994741228752724e-05,-9.536742640435957e-07,1.2515325805745623,0.4122996926307678,0.009346179387443082,0.0
1663,137,-312.84027,673.84973,-0.011155014,1.205802,3.5551074,-5.5789945e-07,3.754030704498291,-3.0892666613088495e-05,-9.536742640435957e-07,1.2507083322171828,0.41229846477508547,0.008388127197562253,0.0
1664,138,-312.7802,674.02795,-0.011154899,1.2059101,3.5550942,5.245209e-07,3.7540528774261475,-2.396844777888248e-05,-9.536742640435957e-07,1.2499673076438684,0.41229735612869267,0.021057729688709895,0.0
1665,138,-312.7195,674.20544,-0.011154785,1.2321393,3.5457683,5.197525e-07,3.7537500858306885,-8.149271310177937e-05,-5.960464150272474e-07,1.248784864119873,0.4123124957084656,0.019882865321098245,0.0
1666,138,-312.6582,674.38293,-0.011154785,1.2414067,3.5425174,-8.535385e-07,3.7537343502044678,-0.0001187769683628887,-3.576278490163484e-07,1.2472688596693455,0.4123132824897766,0.01813476566496196,0.0
1667,138,-312.59665,674.56055,-0.011154632,1.244849,3.5413625,-1.4543533e-06,3.753784418106079,-0.00011877697649021137,-4.7683713202179786e-07,1.2457511241641093,0.41231077909469604,0.016348372139334245,0.0
1668,138,-312.5349,674.73804,-0.011154823,1.2461902,3.5409515,-2.3365021e-06,3.7538416385650635,-0.00010279800994973593,-5.960464150272474e-07,1.2443373850994408,0.4123079180717468,0.014650772689667827,0.0
1669,138,-312.47314,674.9156,-0.011154785,1.2466991,3.5408273,5.149841e-07,3.7538933753967285,-8.309061788314957e-05,-7.152556980326968e-07,1.2430528093476412,0.4123053312301636,0.013135169784572893,0.0
1670,138,-312.41132,675.09314,-0.011154938,1.2469513,3.5407856,-2.6416778e-06,3.7539379596710205,-6.498113059793341e-05,-7.152556980326968e-07,1.2418968642764923,0.412303102016449,0.011785869848860264,0.0
1671,138,-312.3494,675.2706,-0.011154899,1.2471291,3.540762,-2.646446e-06,3.753974676132202,-5.0600056647844195e-05,-8.344649810381463e-07,1.2408576988191433,0.4123012661933899,0.010569204918341563,0.0
1672,138,-312.2875,675.44806,-0.01115509,1.2472606,3.5407495,-1.1253356e-06,3.7540066242218018,-3.8882147851495544e-05,-9.536742640435957e-07,1.239924926647343,0.41229966878890995,0.009511836278748917,0.0
1673,138,-312.22552,675.62555,-0.011155052,1.2474352,3.5407133,-6.7710874e-07,3.754030704498291,-2.982740420888747e-05,-9.536742640435957e-07,1.2390870961684042,0.41229846477508547,0.00857208065364179,0.0
1674,138,-312.1635,675.803,-0.011155014,1.2476315,3.5406668,3.7288664e-06,3.754051923751831,-2.3435817592697295e-05,-9.536742640435957e-07,1.2383330221057482,0.4122974038124085,0.007741193582747668,0.0
1675,139,-312.10147,675.98035,-0.011155052,1.2478513,3.5406084,-8.6307523e-07,3.7540698051452637,-1.8642125598724003e-05,-1.0728835470490452e-06,1.237652850763342,0.41229650974273685,0.020640458385203904,0.0
1676,139,-312.0387,676.15717,-0.011154899,1.2743175,3.5308423,-6.055832e-07,3.7537624835968018,-7.829692792100694e-05,-7.152556980326968e-07,1.2365152815037146,0.41231187582015993,0.019549674044165365,0.0
1677,139,-311.97528,676.334,-0.011154861,1.2837179,3.5274138,6.055832e-07,3.753742218017578,-0.00011717908796348648,-3.576278490163484e-07,1.2350334986731946,0.4123128890991211,0.017864143270407456,0.0
1678,139,-311.9116,676.5107,-0.011154899,1.2872465,3.5261774,-1.3303757e-06,3.753788948059082,-0.00011877697649021137,-4.7683713202179786e-07,1.2335421284627501,0.4123105525970459,0.016097631075045204,0.0
1679,139,-311.8477,676.6875,-0.011154747,1.288595,3.5257459,2.3651123e-06,3.7538461685180664,-0.00010279800994973593,-5.960464150272474e-07,1.2321508931092928,0.4123076915740967,0.014429917559955444,0.0
1680,139,-311.78375,676.8642,-0.011154938,1.2891119,3.5256112,3.0517577e-07,3.753897190093994,-8.309061788314957e-05,-7.152556980326968e-07,1.230885358959287,0.4123051404953003,0.012919330301456693,0.0
1681,139,-311.71976,677.0409,-0.011154861,1.2893306,3.525578,3.2711027e-06,3.753941297531128,-6.498113059793341e-05,-7.152556980326968e-07,1.2297476565416052,0.4123029351234436,0.011572028616338992,0.0
1682,139,-311.6557,677.21765,-0.011154938,1.2894583,3.5255706,3.4856796e-06,3.7539780139923096,-5.0067424429828346e-05,-8.344649810381463e-07,1.2287259347893964,0.41230109930038455,0.010379363207241024,0.0
1683,139,-311.59164,677.39435,-0.011154899,1.2895766,3.5255573,-1.3399124e-06,3.7540061473846436,-3.8349515633479696e-05,-9.536742640435957e-07,1.2278104731646815,0.4122996926307678,0.00933491518530504,0.0
1684,139,-311.52753,677.571,-0.011154938,1.2897329,3.5255268,-1.2254715e-06,3.754031181335449,-2.982740420888747e-05,-9.536742640435957e-07,1.2269875563878472,0.41229844093322754,0.00839863893884619,0.0
1685,139,-311.46335,677.74774,-0.011155014,1.2898941,3.525491,-6.818771e-07,3.7540528774261475,-2.343581556086663e-05,-9.536742640435957e-07,1.2262475970789686,0.41229735612869267,0.007582774644089325,0.0
1686,140,-311.39914,677.9244,-0.0111551285,1.290097,3.5254357,-2.4032593e-06,3.75407075881958,-1.8109493380708154e-05,-1.0728835470490452e-06,1.2255802089097947,0.41229646205902104,0.020578791804061546,0.0
1687,140,-311.33423,678.1004,-0.011154938,1.3165934,3.5152931,-1.2111664e-06,3.753758668899536,-7.82969360483296e-05,-7.152556980326968e-07,1.2244527596623096,0.4123120665550232,0.01950076945638783,0.0
1688,140,-311.2687,678.2763,-0.011154785,1.3260032,3.5117307,-2.336502e-07,3.7537364959716797,-0.00011771172830882499,-4.7683713202179786e-07,1.2229764363120244,0.412313175201416,0.017816158799843152,0.0
1689,140,-311.20288,678.45233,-0.011154785,1.3295248,3.5104504,-2.040863e-06,3.753784656524658,-0.00011877697649021137,-4.7683713202179786e-07,1.2214891940012695,0.41231076717376713,0.016064906575252284,0.0
1690,140,-311.13696,678.62836,-0.011154861,1.3308895,3.5099926,-1.8596648e-06,3.7538399696350098,-0.00010333064216775178,-5.960464150272474e-07,1.2201007549669567,0.41230800151824953,0.014434690436873487,0.0
1691,140,-311.07086,678.80426,-0.011154938,1.3314764,3.5098245,-8.821487e-07,3.7538909912109375,-8.362325822848808e-05,-7.152556980326968e-07,1.2188377508199866,0.41230545043945316,0.012915736905993057,0.0
1692,140,-311.00473,678.9802,-0.011154938,1.3316985,3.5097847,-1.411438e-06,3.753932476043701,-6.551376687961059e-05,-7.152556980326968e-07,1.2176996489281413,0.412303376197815,0.011572842632206298,0.0
1693,140,-310.93854,679.1561,-0.011155014,1.3318348,3.5097704,-1.6975403e-06,3.753967523574829,-5.0600056647844195e-05,-8.344649810381463e-07,1.2166789924403685,0.41230162382125857,0.010371268238073009,0.0
1694,140,-310.87228,679.3321,-0.011154861,1.3319397,3.5097625,-2.0360947e-06,3.753997325897217,-3.8882147851495544e-05,-9.536742640435957e-07,1.2157627318673265,0.4123001337051392,0.009308721975064523,0.0
1695,140,-310.806,679.50806,-0.011154976,1.3320547,3.509747,-2.245903e-06,3.754023790359497,-2.982740420888747e-05,-9.536742640435957e-07,1.2149416793032553,0.41229881048202516,0.00837635014182116,0.0
1696,141,-310.7397,679.6839,-0.011154938,1.3322052,3.509711,-1.9216536e-06,3.7540433406829834,-2.3435817592697295e-05,-1.0728835470490452e-06,1.2142034510490853,0.4122978329658509,0.020882263432994833,0.0
1697,141,-310.67273,679.85913,-0.011154938,1.3577844,3.4995754,-1.926422e-06,3.7537455558776855,-7.989482457505448e-05,-7.152556980326968e-07,1.2130283312180878,0.41231272220611576,0.019727016612178377,0.0
1698,141,-310.60513,680.03436,-0.011154823,1.3668493,3.4960277,-7.7724457e-07,3.753729820251465,-0.00011717908796348648,-4.7683713202179786e-07,1.211523645202193,0.4123135089874268,0.017998219974248667,0.0
1699,141,-310.53732,680.2096,-0.011154899,1.3702295,3.494759,-2.07901e-06,3.7537808418273926,-0.00011771172018150232,-4.7683713202179786e-07,1.2100180270799168,0.41231095790863037,0.01622975650144669,0.0
1700,141,-310.4693,680.38477,-0.011154861,1.3715562,3.4943013,-2.2554398e-06,3.7538392543792725,-0.00010173273738638158,-5.960464150272474e-07,1.2086138753951725,0.4123080372810364,0.014544278653522681,0.0
1701,141,-310.40128,680.56,-0.011155014,1.3720607,3.494163,1.8119812e-07,3.753894805908203,-8.202536157444054e-05,-7.152556980326968e-07,1.2073392864974606,0.41230525970458987,0.013051418727794369,0.0
1702,141,-310.3332,680.73517,-0.011154938,1.3723333,3.494105,-4.005432e-07,3.7539405822753906,-6.444848618893357e-05,-7.152556980326968e-07,1.2061902656451458,0.41230297088623047,0.011714380401776662,0.0
1703,141,-310.26505,680.9103,-0.011155052,1.3725237,3.494073,2.4414062e-06,3.7539801597595215,-5.0067424429828346e-05,-8.344649810381463e-07,1.2051588233549582,0.41230099201202397,0.010521210432050086,0.0
1704,141,-310.19684,681.08545,-0.011155052,1.3726872,3.4940407,-4.673004e-07,3.754009962081909,-3.888214378783422e-05,-9.536742640435957e-07,1.204231377505338,0.4122995018959046,0.009469296427283046,0.0
1705,141,-310.12863,681.26056,-0.011154976,1.37287,3.4939957,-5.245209e-07,3.754034996032715,-2.9827400145226135e-05,-9.536742640435957e-07,1.2033974086099797,0.4122982501983643,0.008550532836315213,0.0
1706,141,-310.06033,681.43567,-0.0111551285,1.3730989,3.493927,-2.3365021e-06,3.7540547847747803,-2.3435813529035965e-05,-1.0728835470490452e-06,1.2026458645503593,0.412297260761261,0.007725344785920813,0.0
1707,142,-309.99197,681.6108,-0.011154976,1.3733335,3.4938567,3.0851363e-06,3.754075050354004,-1.8642125598724003e-05,-1.0728835470490452e-06,1.2019671579465527,0.4122962474822998,0.020488792400989008,0.0
1708,142,-309.9229,681.7852,-0.011154785,1.3991816,3.4832602,3.881454e-06,3.7537729740142822,-7.776429570299109e-05,-7.152556980326968e-07,1.200836646063814,0.4123113512992859,0.019394780056304555,0.0
1709,142,-309.85324,681.95966,-0.011154861,1.4083476,3.4795444,-3.4332274e-07,3.7537543773651123,-0.00011664645574547064,-4.7683713202179786e-07,1.1993653827195998,0.4123122811317444,0.017719738502208638,0.0
1710,142,-309.78333,682.13416,-0.011154823,1.4117881,3.4782002,-3.7670134e-07,3.753801107406616,-0.00011771172018150232,-4.7683713202179786e-07,1.1978858635760061,0.4123099446296692,0.01599432558574694,0.0
1711,142,-309.7133,682.3086,-0.011154861,1.4131563,3.4777052,-7.486343e-07,3.753857135772705,-0.00010226538585904275,-5.960464150272474e-07,1.1965042156024732,0.41230714321136475,0.01437422209649547,0.0
1712,142,-309.64307,682.483,-0.011154823,1.4137474,3.47752,-1.2016296e-06,3.753908395767212,-8.255797753781106e-05,-7.152556980326968e-07,1.1952458719874106,0.4123045802116394,0.012870696414990848,0.0
1713,142,-309.5728,682.6574,-0.011154823,1.413987,3.4774683,-9.965896e-07,3.753950595855713,-6.498113059793341e-05,-7.152556980326968e-07,1.194112696943582,0.4123024702072144,0.011544907990391748,0.0
1714,142,-309.5025,682.8318,-0.011154899,1.4141524,3.4774394,-1.1968613e-06,3.753986120223999,-5.0067424429828346e-05,-8.344649810381463e-07,1.1930948367749536,0.4123006939888001,0.010358659893082324,0.0
1715,142,-309.43216,683.0061,-0.0111551285,1.4142877,3.4774153,-2.8562545e-06,3.7540149688720703,-3.8882147851495544e-05,-9.536742640435957e-07,1.192181239363002,0.4122992515563965,0.009306402874794973,0.0
1716,142,-309.3618,683.1805,-0.011155052,1.414429,3.4773853,-1.1062622e-06,3.754040241241455,-2.982740420888747e-05,-9.536742640435957e-07,1.1913609857472576,0.41229798793792727,0.008392147403906036,0.0
1717,142,-309.29138,683.35486,-0.011155014,1.414621,3.4773297,-2.3841858e-07,3.754060983657837,-2.343581556086663e-05,-9.536742640435957e-07,1.1906222248608695,0.41229695081710815,0.00759314864659008,0.0
1718,143,-309.22092,683.5291,-0.011155052,1.4148611,3.4772518,-4.339218e-07,3.7540793418884277,-1.8642125598724003e-05,-1.0728835470490452e-06,1.1899553693239138,0.41229603290557865,0.020473199313107978,0.0
1719,143,-309.1498,683.7027,-0.011154899,1.4407763,3.466262,-1.9073486e-08,3.753772735595703,-7.82969360483296e-05,-7.152556980326968e-07,1.1888309827116823,0.4123113632202149,0.01940294081066539,0.0
1720,143,-309.07806,683.8764,-0.011154861,1.4499925,3.462396,-8.4400176e-07,3.753753423690796,-0.00011717907170884116,-4.7683713202179786e-07,1.1873619830543947,0.4123123288154602,0.01775233315221789,0.0
1721,143,-309.00607,684.05005,-0.01115467,1.4534917,3.4609792,2.5987624e-06,3.7538001537323,-0.00011824434427219551,-4.7683713202179786e-07,1.185881398646365,0.41230999231338505,0.016034217706789096,0.0
1722,143,-308.93396,684.2233,-0.011154785,1.4548937,3.4604483,-2.479553e-07,3.7538535594940186,-0.00010279800994973593,-5.960464150272474e-07,1.1844970875117418,0.4123073220252991,0.014381507065410987,0.0
1723,143,-308.86176,684.3962,-0.011154899,1.455441,3.4602742,5.626678e-07,3.7539055347442627,-8.362324197384276e-05,-7.152556980326968e-07,1.1832375454741888,0.4123047232627869,0.012824286747962222,0.0
1724,143,-308.78946,684.56903,-0.011155014,1.4555703,3.4602675,-1.9073485e-07,3.7539494037628174,-6.498113059793341e-05,-7.152556980326968e-07,1.1821050362206327,0.41230252981185916,0.011413970013881248,0.0
1725,143,-308.717,684.7419,-0.011155052,1.4555357,3.460322,5.912781e-07,3.753986120223999,-5.0067424429828346e-05,-8.344649810381463e-07,1.181093967112784,0.4123006939888001,0.010118854569697024,0.0
1726,143,-308.64462,684.9147,-0.011154899,1.4553819,3.4604168,8.153915e-07,3.754014015197754,-3.7284251197448006e-05,-9.536742640435957e-07,1.1801938186643373,0.4122992992401123,0.008986313104711454,0.0
1727,143,-308.57224,685.0874,-0.011155014,1.4552408,3.4605029,-4.673004e-07,3.7540388107299805,-2.7696873304993412e-05,-9.536742640435957e-07,1.1793938050728776,0.412298059463501,0.007981517117211118,0.0
1728,144,-308.49985,685.2602,-0.011155052,1.455116,3.4605782,4.959106e-07,3.7540597915649414,-2.0240022252771545e-05,-9.536742640435957e-07,1.1786834068520988,0.41229701042175293,0.020553405517703145,0.0
1729,144,-308.4267,685.43304,-0.011154938,1.4802986,3.449563,-3.862381e-07,3.753767251968384,-7.776428757566843e-05,-7.152556980326968e-07,1.1775365165286562,0.41231163740158083,0.01943133706719885,0.0
1730,144,-308.35297,685.6059,-0.011154747,1.4892198,3.4457018,5.2928925e-07,3.7537496089935303,-0.00011504854283677777,-4.7683713202179786e-07,1.1760575300172809,0.4123125195503235,0.017750397816198946,0.0
1731,144,-308.279,685.77826,-0.011154861,1.4925791,3.4443016,5.865097e-07,3.7537989616394043,-0.00011611381540013212,-4.7683713202179786e-07,1.1745746819223246,0.41231005191802983,0.015961276625764274,0.0
1732,144,-308.20493,685.9504,-0.011154823,1.4938052,3.4438303,9.536743e-09,3.753854274749756,-0.00010013485698697936,-5.960464150272474e-07,1.1731919686843555,0.41230728626251223,0.014261311795271852,0.0
1733,144,-308.1308,686.1225,-0.011154747,1.4942002,3.443716,-1.8596648e-07,3.753906726837158,-8.096008901108618e-05,-7.152556980326968e-07,1.1719392177075822,0.4123046636581421,0.012724793116171276,0.0
1734,144,-308.05658,686.2945,-0.011155014,1.4943019,3.4437182,-2.0980835e-07,3.7539491653442383,-6.285059766220869e-05,-7.152556980326968e-07,1.1708148310953508,0.41230254173278813,0.011322175493803124,0.0
1735,144,-307.98236,686.46655,-0.011155014,1.4942535,3.4437783,1.0204315e-06,3.7539849281311035,-4.793689555776496e-05,-9.536742640435957e-07,1.1698106862063364,0.41230075359344487,0.01009417708788075,0.0
1736,144,-307.90808,686.63855,-0.011155014,1.494205,3.4438286,-7.9631803e-07,3.754011631011963,-3.621898676141631e-05,-9.536742640435957e-07,1.1689159972381242,0.4122994184494019,0.008989390284277352,0.0
1737,144,-307.83377,686.8106,-0.01115509,1.4941418,3.443884,1.5163421e-06,3.754037380218506,-2.7164245150638894e-05,-9.536742640435957e-07,1.168118247333591,0.41229813098907475,0.008018701430921172,0.0
1738,144,-307.75946,686.98254,-0.011155014,1.4941047,3.4439228,-9.965896e-07,3.754058361053467,-2.0240022252771545e-05,-1.0728835470490452e-06,1.1674063843742128,0.41229708194732667,0.007149610479529441,0.0
1739,145,-307.68506,687.1546,-0.011154938,1.494072,3.443956,-1.8787383e-06,3.754075527191162,-1.5446333306544248e-05,-1.0728835470490452e-06,1.1667716199283924,0.41229622364044194,0.02022381714722597,0.0
1740,145,-307.60995,687.3266,-0.011154785,1.5199342,3.432284,2.7179717e-06,3.753767967224121,-7.563376683092771e-05,-7.152556980326968e-07,1.1656742644012252,0.412311601638794,0.019187899958265597,0.0
1741,145,-307.53424,687.49835,-0.011154747,1.5291253,3.4281738,-1.6975403e-06,3.7537448406219482,-0.00011558118318211628,-4.7683713202179786e-07,1.1642257710843311,0.4123127579689026,0.017531727807588837,0.0
1742,145,-307.45825,687.6697,-0.011154899,1.5325563,3.4266896,-1.4543533e-06,3.753788948059082,-0.00011717908796348648,-4.7683713202179786e-07,1.1627642282780957,0.4123105525970459,0.01575030856825823,0.0
1743,145,-307.38217,687.841,-0.011154785,1.5337751,3.4262033,-1.0442734e-06,3.753842830657959,-0.00010173274551370423,-5.960464150272474e-07,1.1614005566419208,0.41230785846710205,0.014083586875317654,0.0
1744,145,-307.30588,688.0123,-0.011154823,1.5341879,3.426076,-2.7418137e-06,3.7538952827453613,-8.202534531979521e-05,-7.152556980326968e-07,1.160163784631688,0.41230523586273193,0.012530565629425843,0.0
1745,145,-307.22955,688.1836,-0.011155014,1.5342288,3.4261081,-3.2043456e-06,3.753941297531128,-6.338323394388587e-05,-7.152556980326968e-07,1.1590549775118333,0.4123029351234436,0.01113453326191024,0.0
1746,145,-307.1532,688.35486,-0.011154861,1.5341389,3.4261913,-1.2397766e-06,3.7539803981781006,-4.8469531839442135e-05,-8.344649810381463e-07,1.158066412115196,0.412300980091095,0.009892741837494971,0.0
1747,145,-307.07678,688.52606,-0.011155052,1.5340167,3.4262795,-1.6117095e-06,3.7540111541748047,-3.621898676141631e-05,-9.536742640435957e-07,1.1571869031651973,0.4122994422912598,0.008769313062007103,0.0
1748,145,-307.00034,688.6973,-0.011154976,1.5338583,3.4263806,-3.519058e-06,3.7540385723114014,-2.6631608868961715e-05,-9.536742640435957e-07,1.156405531701368,0.41229807138443,0.007777485857605855,0.0
1749,145,-306.92383,688.8685,-0.011154976,1.533711,3.4264703,-2.1028518e-06,3.7540602684020996,-1.9707392066586363e-05,-1.0728835470490452e-06,1.1557125771857295,0.41229698657989505,0.006870965004623165,0.0
1750,146,-306.84732,689.03973,-0.011154938,1.5335275,3.4265742,-3.2997132e-06,3.754080057144165,-1.4381065822766556e-05,-1.0728835470490452e-06,1.1550983190803026,0.41229599714279175,0.02027893330026291,0.0
1751,146,-306.7702,689.211,-0.011154976,1.5597754,3.414355,-3.504753e-06,3.753760814666748,-7.616639092162088e-05,-7.152556980326968e-07,1.1540114830394412,0.41231195926666264,0.019280211474704007,0.0
1752,146,-306.69247,689.38153,-0.011154823,1.569142,3.4100354,-1.7309188e-06,3.7537379264831543,-0.00011717908796348648,-4.7683713202179786e-07,1.1525599270872937,0.4123131036758423,0.01758269730027871,0.0
1753,146,-306.6145,689.5521,-0.011154708,1.5725636,3.408514,-1.4305115e-06,3.7537879943847656,-0.00011877697649021137,-4.7683713202179786e-07,1.1510937237491505,0.4123106002807617,0.01582364637172681,0.0
1754,146,-306.53632,689.72266,-0.011154823,1.5738343,3.4079907,-2.155304e-06,3.753845453262329,-0.00010333064216775178,-5.960464150272474e-07,1.1497247257907952,0.4123077273368836,0.01413686967444937,0.0
1755,146,-306.4581,689.8932,-0.011154976,1.5742406,3.4078624,-1.5830993e-06,3.753899335861206,-8.309062601047223e-05,-7.152556980326968e-07,1.1484832932486548,0.41230503320693973,0.012619292348779693,0.0
1756,146,-306.37982,690.0637,-0.011155014,1.5743577,3.4078577,-8.6307523e-07,3.753944158554077,-6.444849431625624e-05,-7.152556980326968e-07,1.1473683608582932,0.41230279207229614,0.011259871515059777,0.0
1757,146,-306.30148,690.2342,-0.011155014,1.5743741,3.4078906,3.3044814e-06,3.753980875015259,-4.95347922118125e-05,-8.344649810381463e-07,1.1463718059783854,0.41230095624923707,0.010037019753298434,0.0
1758,146,-306.2231,690.40466,-0.011155052,1.574341,3.4079382,-1.1730194e-06,3.7540102005004883,-3.7284251197448006e-05,-9.536742640435957e-07,1.1454824433323536,0.4122994899749756,0.008953927289582551,0.0
1759,146,-306.1447,690.57513,-0.011155167,1.5743108,3.407979,-1.4257431e-06,3.7540345191955566,-2.8229503491178593e-05,-9.536742640435957e-07,1.14468882132751,0.4122982740402222,0.007995331155842765,0.0
1760,147,-306.06628,690.74554,-0.011155167,1.5742989,3.4080083,-2.2554398e-06,3.754056215286255,-2.130528668880324e-05,-1.0728835470490452e-06,1.1439792220550584,0.41229718923568726,0.020908641652906287,0.0
1761,147,-305.98718,690.9158,-0.011154861,1.5997404,3.3957987,-1.1682511e-06,3.7537472248077393,-7.989482457505448e-05,-5.960464150272474e-07,1.1428192822422742,0.41231263875961305,0.01978643238037813,0.0
1762,147,-305.90747,691.0855,-0.011154899,1.6087729,3.391509,-1.66893e-06,3.7537293434143066,-0.00011824434427219551,-3.576278490163484e-07,1.141316060964979,0.4123135328292847,0.018026063329292668,0.0
1763,147,-305.82755,691.2553,-0.011154708,1.6120777,3.3899941,-2.3841858e-07,3.7537789344787598,-0.00011930960870822721,-4.7683713202179786e-07,1.1398087117879943,0.41231105327606205,0.01622846240969949,0.0
1764,147,-305.74744,691.42505,-0.011154823,1.6133288,3.3894644,-1.1205673e-06,3.753837823867798,-0.00010279800994973593,-5.960464150272474e-07,1.1384036279968683,0.4123081088066101,0.014521599841776516,0.0
1765,147,-305.66727,691.59485,-0.011154976,1.6137717,3.389313,7.534027e-07,3.753891706466675,-8.309063413779489e-05,-7.152556980326968e-07,1.1371290390991564,0.41230541467666626,0.012989915555795558,0.0
1766,147,-305.58704,691.7646,-0.011154938,1.613949,3.389278,7.009506e-07,3.7539360523223877,-6.498113059793341e-05,-7.152556980326968e-07,1.1359833471982044,0.41230319738388066,0.011613785148448673,0.0
1767,147,-305.50677,691.93427,-0.011155052,1.6140251,3.3892825,9.059906e-08,3.7539730072021484,-4.95347922118125e-05,-8.344649810381463e-07,1.1349576307043603,0.4123013496398926,0.010389306853097371,0.0
1768,147,-305.42645,692.10406,-0.011154899,1.6140766,3.3892915,1.1157989e-06,3.7540032863616943,-3.781688747912518e-05,-9.536742640435957e-07,1.1340392396024466,0.4122998356819153,0.009318386112648864,0.0
1769,147,-305.3461,692.2737,-0.01115509,1.6141639,3.3892775,1.04904174e-07,3.754028081893921,-2.929476792721029e-05,-9.536742640435957e-07,1.1332164559836666,0.412298595905304,0.008345907966237586,0.0
1770,147,-305.26575,692.44336,-0.011154976,1.6142313,3.389269,-8.4400176e-07,3.75404953956604,-2.23705531566656e-05,-9.536742640435957e-07,1.1324786272036602,0.41229752302169803,0.0075097171077745505,0.0
1771,148,-305.18533,692.61304,-0.011154899,1.6143554,3.3892312,2.684593e-06,3.754068613052368,-1.7576863194522973e-05,-1.0728835470490452e-06,1.1318160327244484,0.4122965693473816,0.02066756601656848,0.0
1772,148,-305.10422,692.78217,-0.011155014,1.6400471,3.3765197,-2.1743774e-06,3.7537500858306885,-7.82969360483296e-05,-7.152556980326968e-07,1.1306879176866909,0.4123124957084656,0.01958056715834799,0.0
1773,148,-305.0225,692.9512,-0.01115467,1.6491565,3.3720574,-2.002716e-07,3.753729820251465,-0.00011824434427219551,-3.576278490163484e-07,1.1292056022239527,0.4123135089874268,0.017884223365989584,0.0
1774,148,-304.94052,693.12024,-0.011154785,1.6525587,3.3704455,-4.863739e-07,3.7537784576416016,-0.00011930960058090454,-4.7683713202179786e-07,1.1277138325393448,0.4123110771179199,0.01613854897980436,0.0
1775,148,-304.85843,693.2892,-0.011154899,1.6539035,3.3698483,-2.336502e-07,3.7538344860076904,-0.00010386327438576762,-4.7683713202179786e-07,1.1263194013925795,0.4123082756996155,0.014488343039918234,0.0
1776,148,-304.77628,693.4582,-0.011154785,1.6544584,3.3696334,-9.3936916e-07,3.7538862228393555,-8.415588231918127e-05,-7.152556980326968e-07,1.125050538291211,0.41230568885803226,0.013011310543587043,0.0
1777,148,-304.69406,693.6272,-0.011154861,1.6547599,3.3695343,-2.4747849e-06,3.75393009185791,-6.60463950339651e-05,-7.152556980326968e-07,1.1239065774449677,0.41230349540710454,0.011698379878396727,0.0
1778,148,-304.61163,693.7961,-0.011154938,1.6549916,3.3694603,-7.343292e-07,3.7539658546447754,-5.166532108387589e-05,-8.344649810381463e-07,1.122877531999761,0.4123017072677613,0.010465929936899966,0.0
1779,148,-304.52917,693.96497,-0.011154861,1.6550897,3.369446,1.5354157e-06,3.7539963722229004,-3.9414776005850065e-05,-9.536742640435957e-07,1.121952749311231,0.412300181388855,0.009373237616829644,0.0
1780,148,-304.4467,694.1339,-0.011155014,1.6551658,3.369437,-1.2111664e-06,3.754021644592285,-3.036003439507265e-05,-9.536742640435957e-07,1.1211250388444343,0.41229891777038574,0.00842243576826754,0.0
1781,149,-304.36417,694.3028,-0.011155052,1.6552823,3.3694048,-1.6021728e-06,3.7540442943573,-2.343581556086663e-05,-1.0728835470490452e-06,1.1203814842680841,0.412297785282135,0.02100584676172687,0.0
1782,149,-304.28104,694.47107,-0.011154861,1.67994,3.3568437,-1.2159347e-06,3.753744602203369,-8.042747304771566e-05,-7.152556980326968e-07,1.1191991739021436,0.41231276988983157,0.019840284853664084,0.0
1783,149,-304.19733,694.6393,-0.011154708,1.6886752,3.352438,-2.2697448e-06,3.7537267208099365,-0.00011771172018150232,-4.7683713202179786e-07,1.117685832612706,0.4123136639595032,0.0181151425807235,0.0
1784,149,-304.1134,694.8073,-0.011154785,1.691964,3.3508358,-1.1491775e-06,3.753777265548706,-0.00011824436052684085,-4.7683713202179786e-07,1.1161710931636961,0.4123111367225647,0.01632932612760608,0.0
1785,149,-304.02936,694.97473,-0.011154823,1.6932439,3.3502553,-1.5830993e-06,3.753835916519165,-0.00010226538585904275,-5.960464150272474e-07,1.114759018574709,0.4123082041740418,0.014577682021357058,0.0
1786,149,-303.94522,695.14215,-0.011154823,1.6936319,3.3501208,2.412796e-06,3.7538912296295166,-8.255798566513372e-05,-7.152556980326968e-07,1.113478104669408,0.4123054385185242,0.012981608696860747,0.0
1787,149,-303.86102,695.3096,-0.011154938,1.6936874,3.3501444,-1.0347366e-06,3.753937244415283,-6.391586616190171e-05,-7.152556980326968e-07,1.112330282239584,0.4123031377792359,0.011550460972423836,0.0
1788,149,-303.7768,695.4769,-0.01115509,1.6936277,3.3502157,9.059906e-08,3.7539737224578857,-4.84695277757808e-05,-8.344649810381463e-07,1.1113052981150398,0.4123013138771057,0.010269134592413656,0.0
1789,149,-303.6925,695.64435,-0.01115509,1.6935273,3.3503025,1.5735625e-07,3.7540061473846436,-3.675161897943216e-05,-9.536742640435957e-07,1.110393564915851,0.4122996926307678,0.009133579852259169,0.0
1790,149,-303.60825,695.8117,-0.011154938,1.6934295,3.35038,9.441375e-07,3.754031181335449,-2.71642390551469e-05,-9.536742640435957e-07,1.109581899994622,0.41229844093322754,0.008136579912110371,0.0
1791,149,-303.52393,695.97894,-0.01115509,1.6933645,3.3504384,7.6293944e-08,3.754053831100464,-2.0240022252771545e-05,-1.0728835470490452e-06,1.1088591180747747,0.4122973084449768,0.007218639345518593,0.0
1792,150,-303.43958,696.1463,-0.011155167,1.6932588,3.3505135,8.916855e-07,3.75407338142395,-1.4913700072613067e-05,-1.0728835470490452e-06,1.1082162309876296,0.4122963309288025,0.020279377125939965,0.0
1793,150,-303.3545,696.31366,-0.011154976,1.7183598,3.3373644,-5.0544736e-07,3.7537662982940674,-7.510113461291185e-05,-7.152556980326968e-07,1.1071135491382822,0.41231168508529664,0.019230245115851502,0.0
1794,150,-303.2689,696.4805,-0.011154861,1.7272742,3.332736,-3.33786e-08,3.7537455558776855,-0.00011504855909142309,-4.7683713202179786e-07,1.1056601289733714,0.41231272220611576,0.01755448740664906,0.0
1795,150,-303.18298,696.64716,-0.011154708,1.7305821,3.3310738,-6.6280364e-07,3.753793716430664,-0.0001166464394908253,-4.7683713202179786e-07,1.1041953237948006,0.4123103141784668,0.01576838706382091,0.0
1796,150,-303.09695,696.8139,-0.011154785,1.7317562,3.3305252,-2.0074845e-06,3.7538483142852783,-0.00010120012142301106,-5.960464150272474e-07,1.102829654787808,0.4123075842857361,0.014108696596460303,0.0
1797,150,-303.01093,696.9805,-0.011154861,1.7321745,3.330368,-1.2493133e-06,3.753901958465576,-8.149272122910202e-05,-7.152556980326968e-07,1.1015906856696758,0.4123049020767212,0.012609762642052547,0.0
1798,150,-302.9248,697.14716,-0.011154899,1.7323235,3.3303397,-1.5306473e-06,3.7539455890655518,-6.338322175290187e-05,-7.152556980326968e-07,1.1004780169662407,0.41230272054672246,0.011261564508855992,0.0
1799,150,-302.83865,697.3137,-0.011154938,1.7323687,3.3303564,-1.2159347e-06,3.753981113433838,-4.900216405745798e-05,-8.344649810381463e-07,1.099481994718551,0.4123009443283081,0.010058489042827095,0.0
1800,150,-302.7525,697.4803,-0.011154861,1.7323831,3.330382,1.5306473e-06,3.7540106773376465,-3.7284251197448006e-05,-9.536742640435957e-07,1.0985913670710015,0.4122994661331177,0.009005548818969028,0.0
1801,150,-302.66623,697.64685,-0.011154938,1.7324282,3.3303869,-7.05719e-07,3.754035711288452,-2.8229503491178593e-05,-9.536742640435957e-07,1.0977946824309042,0.4122982144355774,0.00804578525597095,0.0
1802,150,-302.58,697.8134,-0.011155014,1.7324456,3.330401,-1.8596648e-06,3.754056215286255,-2.130528668880324e-05,-1.0728835470490452e-06,1.0970830192086078,0.41229718923568726,0.007220155238891517,0.0
1803,151,-302.49365,697.98,-0.01115509,1.7325147,3.3303857,-2.9802322e-06,3.7540745735168457,-1.6511595710745278e-05,-1.0728835470490452e-06,1.0964443266001795,0.41229627132415775,0.02048750083587249,0.0
1804,151,-302.40662,698.14624,-0.011154823,1.7578763,3.3167114,-2.2172928e-06,3.753758668899536,-7.776428757566843e-05,-7.152556980326968e-07,1.0953349202690796,0.4123120665550232,0.019434785311282426,0.0
1805,151,-302.319,698.3122,-0.011154708,1.766885,3.3118982,-1.8072128e-06,3.7537384033203125,-0.00011824434427219551,-3.576278490163484e-07,1.0938681842987186,0.4123130798339844,0.01775365497170041,0.0
1806,151,-302.2311,698.478,-0.011154785,1.7702441,3.3101552,-2.2363663e-06,3.753783702850342,-0.0001198422327989204,-4.7683713202179786e-07,1.0923871338374982,0.41231081485748294,0.015983511609094836,0.0
1807,151,-302.14313,698.644,-0.011154785,1.7715026,3.3095462,-2.555847e-06,3.753840446472168,-0.00010386327438576762,-5.960464150272474e-07,1.091005152968829,0.4123079776763916,0.01435226377430154,0.0
1808,151,-302.05505,698.8098,-0.011154861,1.7720364,3.30932,-2.9420853e-06,3.7538928985595703,-8.415588231918127e-05,-7.152556980326968e-07,1.0897476083020934,0.4123053550720215,0.01285604033173309,0.0
1809,151,-301.9668,698.9757,-0.011154823,1.7722694,3.309244,2.5749205e-07,3.7539358139038086,-6.604638690664245e-05,-7.152556980326968e-07,1.0886156982597825,0.41230320930480957,0.011494072182338255,0.0
1810,151,-301.87854,699.1415,-0.011154899,1.7723609,3.309235,-2.9468536e-06,3.7539710998535156,-5.0600056647844195e-05,-8.344649810381463e-07,1.087600434673217,0.41230144500732424,0.01027744877996186,0.0
1811,151,-301.7902,699.3073,-0.0111551285,1.7724087,3.3092432,-2.617836e-06,3.7540009021759033,-3.888214378783422e-05,-9.536742640435957e-07,1.0866918972673365,0.41229995489120486,0.009193969479122377,0.0
1812,151,-301.70184,699.4731,-0.011155014,1.7724502,3.3092504,-2.1886824e-06,3.7540268898010254,-2.929477199087162e-05,-9.536742640435957e-07,1.0858785678704264,0.41229865550994876,0.008236812797068263,0.0
1813,152,-301.61343,699.6389,-0.0111551285,1.7725081,3.3092427,-2.6369094e-06,3.754047393798828,-2.2370551124834935e-05,-9.536742640435957e-07,1.0851509256815894,0.4122976303100586,0.020964017270943394,0.0
1814,152,-301.5244,699.8041,-0.011154785,1.7969178,3.2957087,-7.343292e-07,3.7537460327148438,-8.042746492039299e-05,-5.960464150272474e-07,1.0839769376940553,0.4123126983642578,0.01979414109555628,0.0
1815,152,-301.43488,699.9692,-0.011154938,1.805535,3.2909765,1.8596648e-07,3.7537291049957275,-0.00011824432801755019,-3.576278490163484e-07,1.0824690558848524,0.41231354475021365,0.018076949761644413,0.0
1816,152,-301.3451,700.13434,-0.011155014,1.8087811,3.2892473,-2.2649765e-06,3.7537763118743896,-0.00011877698461753402,-4.7683713202179786e-07,1.0809580448613687,0.41231118440628056,0.01632312788775918,0.0
1817,152,-301.2552,700.29926,-0.011154899,1.8100958,3.2885916,1.9073486e-08,3.753835678100586,-0.00010279800994973593,-5.960464150272474e-07,1.0795480342222263,0.4123082160949707,0.01465300195514738,0.0
1818,152,-301.16522,700.46356,-0.011154976,1.8106381,3.2883523,5.912781e-07,3.753887414932251,-8.362325822848808e-05,-7.152556980326968e-07,1.0782651229461078,0.4123056292533875,0.01305418401383353,0.0
1819,152,-301.0752,700.62787,-0.011155014,1.8107482,3.2883434,2.479553e-07,3.7539329528808594,-6.498113059793341e-05,-7.152556980326968e-07,1.0771116412989672,0.41230335235595705,0.011615786353156951,0.0
1820,152,-300.98508,700.7922,-0.011155014,1.8107085,3.2884092,-1.5735625e-07,3.7539713382720947,-4.953478814815117e-05,-8.344649810381463e-07,1.076082396116679,0.4123014330863953,0.010319927906585133,0.0
1821,152,-300.89496,700.9564,-0.01115509,1.8106027,3.2885056,5.626678e-07,3.754004716873169,-3.7284251197448006e-05,-9.536742640435957e-07,1.0751652034372556,0.41229976415634156,0.009166397278323718,0.0
1822,152,-300.80487,701.1206,-0.01115509,1.8104835,3.2886016,9.012222e-07,3.754031181335449,-2.769687533682408e-05,-9.536742640435957e-07,1.0743502761436914,0.41229844093322754,0.008152132528587683,0.0
1823,152,-300.7147,701.28485,-0.01115509,1.81039,3.28868,8.1062313e-07,3.7540547847747803,-2.0772654470787393e-05,-1.0728835470490452e-06,1.0736246979046993,0.412297260761261,0.0072406863581665004,0.0
1824,153,-300.6245,701.44904,-0.01115509,1.810292,3.2887552,1.1873245e-06,3.75407338142395,-1.4913701088528401e-05,-1.0728835470490452e-06,1.0729802129209,0.4122963309288025,0.020357517337135148,0.0
1825,153,-300.53363,701.6133,-0.011154976,1.8350168,3.2746692,1.8024444e-06,3.7537641525268555,-7.563376683092771e-05,-7.152556980326968e-07,1.071873869225054,0.4123117923736572,0.01931633105885755,0.0
1826,153,-300.44214,701.77704,-0.011154708,1.8438203,3.2696984,4.0340424e-06,3.7537448406219482,-0.00011558117505479361,-4.7683713202179786e-07,1.0704142572106088,0.4123127579689026,0.017621149899566986,0.0
1827,153,-300.3504,701.9406,-0.011154823,1.8470645,3.2679203,-1.5735625e-07,3.753791570663452,-0.00011771172018150232,-4.7683713202179786e-07,1.068943925972776,0.4123104214668274,0.01583974568051087,0.0
1828,153,-300.2585,702.1041,-0.01115467,1.8482423,3.2673202,1.6975403e-06,3.7538487911224365,-0.00010173273738638158,-5.960464150272474e-07,1.0675722648533308,0.4123075604438782,0.014150332742724814,0.0
1829,153,-300.16663,702.2677,-0.011154785,1.8486189,3.2671645,-2.069473e-06,3.753898859024048,-8.202536157444054e-05,-7.152556980326968e-07,1.0663297670467542,0.4123050570487976,0.012651292638009896,0.0
1830,153,-300.07468,702.4312,-0.011154823,1.8487664,3.267134,-2.3603438e-06,3.7539446353912354,-6.391586616190171e-05,-7.152556980326968e-07,1.0652127707065477,0.41230276823043827,0.011301700394046425,0.0
1831,153,-299.98264,702.59467,-0.011154938,1.848817,3.267146,-1.2207031e-06,3.7539803981781006,-4.900215999379665e-05,-8.344649810381463e-07,1.06421355266555,0.412300980091095,0.01007931775734591,0.0
1832,153,-299.8906,702.7582,-0.011154823,1.8488075,3.2671864,-1.5544891e-06,3.7540106773376465,-3.7284251197448006e-05,-9.536742640435957e-07,1.0633203284359374,0.4122994661331177,0.009017749547168493,0.0
1833,153,-299.79852,702.92163,-0.011155052,1.8488345,3.2672,-9.3936916e-07,3.754035711288452,-2.8229503491178593e-05,-9.536742640435957e-07,1.0625218461621044,0.4122982144355774,0.008070766257202485,0.0
1834,153,-299.7064,703.0851,-0.01115509,1.8488727,3.2672038,-7.343292e-07,3.7540578842163086,-2.130528668880324e-05,-1.0728835470490452e-06,1.0618075863577452,0.4122971057891846,0.007224191585575087,0.0
1835,154,-299.61423,703.2484,-0.01115509,1.8489121,3.2672002,-8.916855e-07,3.7540743350982666,-1.6511595710745278e-05,-1.0728835470490452e-06,1.061168361117099,0.4122962832450867,0.020536493771155975,0.0
1836,154,-299.5214,703.41156,-0.011154938,1.8738476,3.2525964,-8.9645386e-07,3.753756523132324,-7.776429570299109e-05,-7.152556980326968e-07,1.0600568908361543,0.4123121738433838,0.019494762074944993,0.0
1837,154,-299.42795,703.57434,-0.011154785,1.8827287,3.2474377,-8.6307523e-07,3.7537341117858887,-0.00011824433614487286,-4.7683713202179786e-07,1.0585856940709673,0.4123132944107056,0.01780587129623742,0.0
1838,154,-299.3343,703.7372,-0.011154899,1.8860372,3.2455716,-3.170967e-06,3.7537810802459717,-0.00011984224905356572,-3.576278490163484e-07,1.05710118150033,0.41231094598770146,0.016073563239951336,0.0
1839,154,-299.24045,703.8999,-0.011154861,1.8873544,3.2448719,-1.0585785e-06,3.753838062286377,-0.00010439590660378348,-4.7683713202179786e-07,1.0557131419401806,0.41230809688568115,0.014417827391008019,0.0
1840,154,-299.1466,704.06274,-0.011154976,1.887875,3.2446294,-7.486343e-07,3.753890037536621,-8.468851453719711e-05,-7.152556980326968e-07,1.0544503375302923,0.41230549812316897,0.012963431159242915,0.0
1841,154,-299.0527,704.22546,-0.011155014,1.8881907,3.2444952,-8.487701e-07,3.7539329528808594,-6.657902318831962e-05,-7.152556980326968e-07,1.0533110372159564,0.41230335235595705,0.01165190902397731,0.0
1842,154,-298.9587,704.3882,-0.011155014,1.8884166,3.2444067,-1.4162064e-06,3.753970146179199,-5.166532108387589e-05,-8.344649810381463e-07,1.0522858533543304,0.41230149269104005,0.010480757972357518,0.0
1843,154,-298.86475,704.55084,-0.01115509,1.8886143,3.2443287,2.8896332e-06,3.754002332687378,-3.994741228752724e-05,-9.536742640435957e-07,1.0513632011946725,0.4122998833656311,0.009462432041787225,0.0
1844,154,-298.77066,704.7135,-0.011154976,1.8888499,3.244219,-3.1280517e-06,3.754025936126709,-3.1425298831104344e-05,-9.536742640435957e-07,1.0505316957233224,0.4122987031936646,0.008543204603792091,0.0
1845,155,-298.67642,704.87616,-0.011155014,1.8907111,3.2431505,-3.7193297e-07,3.7540395259857178,-2.929477199087162e-05,-9.536742640435957e-07,1.0497455971485583,0.4122980237007141,0.02109170508930924,0.0
1846,155,-298.5816,705.0382,-0.011154823,1.9134066,3.2294872,-1.3828277e-06,3.7537598609924316,-8.468851453719711e-05,-5.960464150272474e-07,1.0485268014756834,0.41231200695037845,0.01988642330197277,0.0
1847,155,-298.48624,705.1998,-0.011154747,1.9214914,3.2246697,-1.759529e-06,3.7537479400634766,-0.00011930961683554987,-4.7683713202179786e-07,1.0470003441178775,0.4123126029968262,0.018111230733765946,0.0
1848,155,-298.39062,705.3611,-0.011154976,1.9244877,3.2229412,-1.1587142e-06,3.753798484802246,-0.00011824435239951818,-4.7683713202179786e-07,1.0454812770320963,0.4123100757598877,0.01624707987876812,0.0
1849,155,-298.2949,705.52234,-0.011154899,1.925536,3.222383,8.106232e-08,3.753856897354126,-0.00010173273738638158,-5.960464150272474e-07,1.0440709334978175,0.4123071551322937,0.014505015723235629,0.0
1850,155,-298.19907,705.6835,-0.011154938,1.9258593,3.22225,6.198883e-08,3.753908395767212,-8.149272122910202e-05,-7.152556980326968e-07,1.0427946801244243,0.4123045802116394,0.012903709213980463,0.0
1851,155,-298.10318,705.84467,-0.011154823,1.9258766,3.2222903,3.8146972e-08,3.7539520263671875,-6.285058953488603e-05,-7.152556980326968e-07,1.041652650069971,0.41230239868164065,0.011479046789393193,0.0
1852,155,-298.0073,706.00586,-0.011154976,1.9258071,3.2223728,-9.965896e-07,3.7539870738983154,-4.740426740341044e-05,-8.344649810381463e-07,1.0406341906900975,0.41230064630508423,0.010224630859662397,0.0
1853,155,-297.91132,706.167,-0.011155205,1.9257399,3.2224452,-5.197525e-07,3.7540149688720703,-3.568635454340046e-05,-9.536742640435957e-07,1.0397266519696258,0.4122992515563965,0.009083601781771524,0.0
1854,155,-297.81534,706.3281,-0.011154899,1.9256374,3.2225344,4.196167e-07,3.7540388107299805,-2.6631608868961715e-05,-9.536742640435957e-07,1.0389191815271137,0.412298059463501,0.008080000816190558,0.0
1855,155,-297.7193,706.4892,-0.011155052,1.9255524,3.2226117,1.6880035e-06,3.754061698913574,-1.9707390034755696e-05,-1.0728835470490452e-06,1.0382006606650103,0.4122969150543213,0.007164867513700829,0.0
1856,156,-297.62323,706.65027,-0.011154899,1.9254409,3.2227042,1.5687942e-06,3.7540838718414307,-1.4381068870512554e-05,-1.0728835470490452e-06,1.037561968056582,0.4122958064079285,0.02028367204731304,0.0
1857,156,-297.52658,706.8111,-0.011154823,1.9496385,3.2077596,-8.4400176e-07,3.7537729740142822,-7.510113461291185e-05,-7.152556980326968e-07,1.0364621491054065,0.4123113512992859,0.019232606707573183,0.0
1858,156,-297.42938,706.97156,-0.01115467,1.9582258,3.2025003,-8.7261196e-07,3.7537522315979004,-0.00011504854283677777,-4.7683713202179786e-07,1.035009061835632,0.412312388420105,0.01755809596139932,0.0
1859,156,-297.33188,707.132,-0.011154747,1.9614156,3.2006013,1.3542175e-06,3.753798246383667,-0.00011717907983616381,-4.7683713202179786e-07,1.0335442566570612,0.4123100876808167,0.015809757541016812,0.0
1860,156,-297.23434,707.2925,-0.011154708,1.9626198,3.1999292,-1.3685226e-06,3.753854513168335,-0.00010173274551370423,-5.960464150272474e-07,1.0321764571211967,0.41230727434158326,0.014196659388039306,0.0
1861,156,-297.13672,707.45294,-0.011154899,1.9631326,3.1996748,-2.8991699e-06,3.753905773162842,-8.255798566513372e-05,-7.152556980326968e-07,1.0309332935243476,0.4123047113418579,0.012739054897169318,0.0
1862,156,-297.03897,707.61334,-0.011154823,1.963397,3.1995623,-2.169609e-06,3.753948211669922,-6.444849431625624e-05,-7.152556980326968e-07,1.0298123024425059,0.41230258941650394,0.011412400627537496,0.0
1863,156,-296.9411,707.77374,-0.011154861,1.9635377,3.1995175,-2.6655196e-06,3.753983497619629,-5.0067424429828346e-05,-8.344649810381463e-07,1.0288054278133743,0.41230082511901855,0.010213093504199508,0.0
1864,156,-296.84317,707.934,-0.011154938,1.9636157,3.1995041,-2.1123885e-06,3.7540130615234375,-3.834951969714103e-05,-9.536742640435957e-07,1.0279032819941099,0.41229934692382814,0.009120536125748355,0.0
1865,156,-296.74524,708.09436,-0.011155014,1.9636372,3.1995196,-1.1587142e-06,3.754037380218506,-2.929477199087162e-05,-9.536742640435957e-07,1.0270957449725706,0.41229813098907475,0.008176163459601418,0.0
1866,156,-296.64725,708.2547,-0.011154976,1.9636989,3.1995075,-1.0204315e-06,3.754059314727783,-2.2370555188496265e-05,-9.536742640435957e-07,1.0263733625268867,0.41229703426361086,0.007335682868370257,0.0
1867,157,-296.54926,708.415,-0.011155052,1.9637762,3.1994815,-1.3637542e-06,3.754077672958374,-1.7044227928761126e-05,-1.0728835470490452e-06,1.0257252822756158,0.4122961163520813,0.0170755012674654,0.0
1868,157,-296.45084,708.57477,-0.011154938,1.9820808,3.1879573,-1.654625e-06,3.7538933753967285,-6.23179613805315e-05,-7.152556980326968e-07,1.0247409779367225,0.4123053312301636,0.016100249870054827,0.0
1869,157,-296.35196,708.7344,-0.011154823,1.9885775,3.1839,-1.707077e-06,3.7538859844207764,-9.161272524408046e-05,-5.960464150272474e-07,1.023504538821626,0.4123057007789612,0.01467741621882638,0.0
1870,157,-296.25293,708.89404,-0.011154899,1.9910022,3.1824248,-1.66893e-06,3.753920316696167,-9.214537371674164e-05,-7.152556980326968e-07,1.0222727602384372,0.41230398416519165,0.013248597946278251,0.0
1871,157,-296.15375,709.05365,-0.011154899,1.9919872,3.1818547,-2.1266937e-06,3.7539596557617188,-7.989482457505448e-05,-7.152556980326968e-07,1.0211252707037493,0.41230201721191406,0.011896158490465355,0.0
1872,157,-296.05453,709.21326,-0.011154899,1.9924036,3.1816378,-8.2015987e-07,3.7539966106414795,-6.444849431625624e-05,-7.152556980326968e-07,1.0200824433999014,0.412300169467926,0.010687564354359405,0.0
1873,157,-295.95526,709.37286,-0.011154976,1.9926409,3.1815255,-1.7261505e-06,3.7540273666381836,-5.113269292952138e-05,-8.344649810381463e-07,1.0191423475351036,0.41229863166809083,0.009612102371587486,0.0
1874,157,-295.85596,709.5324,-0.011154861,1.9928267,3.1814392,1.9502638e-06,3.7540528774261475,-3.9414776005850065e-05,-9.536742640435957e-07,1.018295928361649,0.41229735612869267,0.008655150873518714,0.0
1875,157,-295.75662,709.69196,-0.011154976,1.9930025,3.1813543,-1.0108947e-06,3.7540743350982666,-3.0892666613088495e-05,-9.536742640435957e-07,1.0175337316576685,0.4122962832450867,0.007816202857431708,0.0
1876,157,-295.65726,709.85144,-0.011154899,1.9932013,3.1812487,-6.961822e-07,3.7540905475616455,-2.450107796506766e-05,-9.536742640435957e-07,1.0168468358335097,0.41229547262191774,0.007071372029937182,0.0
1877,158,-295.55786,710.011,-0.01115509,1.9934164,3.1811337,-1.0967254e-07,3.7541072368621826,-1.9174759848570515e-05,-1.0728835470490452e-06,1.016226252720494,0.4122946381568909,0.011698389370995677,0.0
1878,158,-295.45816,710.1698,-0.011155052,2.0028183,3.1751604,2.2935867e-06,3.754054546356201,-4.048004450554309e-05,-9.536742640435957e-07,1.015460793644178,0.41229727268218996,0.010840262754817077,0.0
1879,158,-295.35825,710.32855,-0.011154938,2.0060778,3.1731088,-5.38826e-07,3.7540602684020996,-5.3263221801584764e-05,-9.536742640435957e-07,1.0145948668157387,0.41229698657989505,0.009801126949668509,0.0
1880,158,-295.25815,710.4874,-0.011154976,2.0072403,3.1723952,-1.3637542e-06,3.7540783882141113,-5.166532108387589e-05,-9.536742640435957e-07,1.013758634233454,0.41229608058929446,0.008782737818810938,0.0
1881,158,-295.15805,710.6462,-0.011155052,2.0076478,3.172163,-1.2397766e-07,3.7541003227233887,-4.420847003165402e-05,-9.536742640435957e-07,1.0129904454170204,0.41229498386383057,0.007840650818377808,0.0
1882,158,-295.0579,710.80493,-0.011154976,2.0077693,3.1721082,-1.9931792e-06,3.7541189193725586,-3.515373045270727e-05,-9.536742640435957e-07,1.0122975574804092,0.4122940540313721,0.006987019503167104,0.0
1883,158,-294.95773,710.9637,-0.0111551285,2.0077808,3.17212,2.1934508e-07,3.7541351318359375,-2.7164241086977563e-05,-9.536742640435957e-07,1.0116781727898838,0.41229324340820317,0.006235562629932614,0.0
1884,158,-294.85754,711.1223,-0.011155052,2.0077775,3.1721387,2.9420853e-06,3.7541489601135254,-2.0772656502618056e-05,-9.536742640435957e-07,1.0111253005475835,0.41229255199432374,0.005545254371243166,0.0
1885,158,-294.75732,711.28107,-0.011155014,2.007734,3.1721792,-1.5735626e-06,3.754159927368164,-1.5446333306544248e-05,-1.0728835470490452e-06,1.0106319499556462,0.4122920036315918,0.004952038295542515,0.0
1886,158,-294.65707,711.43976,-0.011154938,2.0077217,3.1722,2.3841856e-08,3.7541708946228027,-1.1717906764517982e-05,-1.0728835470490452e-06,1.0101921289016196,0.4122914552688599,0.004412108682574552,0.0
1887,158,-294.55685,711.59845,-0.011154938,2.0077,3.172225,-1.4925002e-06,3.754180431365967,-8.522114980295896e-06,-1.0728835470490452e-06,1.0097999118520782,0.4122909784317017,0.003950312924457848,0.0
1888,159,-294.45657,711.7571,-0.011155014,2.0077112,3.1722255,-4.7683716e-07,3.7541868686676025,-6.391586616190172e-06,-1.0728835470490452e-06,1.009449439852624,0.4122906565666199,0.006650186726947603,0.0
1889,159,-294.35617,711.9158,-0.011155167,2.0131416,3.1687622,-2.3126602e-06,3.7541701793670654,-1.9707388002925033e-05,-9.536742640435957e-07,1.0090164764384042,0.41229149103164675,0.006201152829070224,0.0
1890,159,-294.2556,712.0745,-0.011155014,2.0150821,3.1675298,-8.2969666e-07,3.754171133041382,-2.8229503491178593e-05,-9.536742640435957e-07,1.0085221937400854,0.41229144334793094,0.0056536266395173385,0.0
1891,159,-294.155,712.2332,-0.011154938,2.015846,3.1670506,-1.3780593e-06,3.7541770935058594,-2.822950552300926e-05,-9.536742640435957e-07,1.0080418260584625,0.41229114532470706,0.005107730733658063,0.0
1892,159,-294.05438,712.3919,-0.011154938,2.016177,3.1668503,-1.7499923e-06,3.754185914993286,-2.4501079996898325e-05,-9.536742640435957e-07,1.0075971447354464,0.4122907042503357,0.00461645821518938,0.0
1893,159,-293.95374,712.5506,-0.01115509,2.0163705,3.166736,-8.7738033e-07,3.7541933059692383,-2.0240022252771545e-05,-9.536742640435957e-07,1.0071926771448907,0.4122903347015381,0.004178334670586375,0.0
1894,159,-293.8531,712.7093,-0.011155014,2.0165217,3.1666455,-6.723404e-07,3.7541980743408203,-1.5978966540475428e-05,-9.536742640435957e-07,1.0068258932837595,0.412290096282959,0.0037990277494785903,0.0
1895,159,-293.75244,712.868,-0.01115509,2.0166805,3.1665509,-2.222061e-06,3.7542035579681396,-1.3315804434480857e-05,-9.536742640435957e-07,1.0064933976216632,0.41228982210159304,0.0034755298483714913,0.0
1896,159,-293.65176,713.0266,-0.011155014,2.0168679,3.1664379,-4.7206876e-07,3.754209041595459,-1.065264334440162e-05,-1.0728835470490452e-06,1.0061904630476666,0.4122895479202271,0.0031808228294791163,0.0
1897,159,-293.55106,713.18524,-0.011155167,2.017053,3.1663263,-2.8085708e-06,3.754214286804199,-9.054746690354077e-06,-1.0728835470490452e-06,1.005913893768462,0.41228928565979006,0.002922332018812633,0.0
1898,159,-293.45038,713.3439,-0.011155014,2.0172453,3.1662076,1.0490418e-06,3.7542173862457275,-7.456851052221867e-06,-1.0728835470490452e-06,1.005659761621441,0.41228913068771367,0.002717516527666388,0.0
1899,160,-293.34967,713.50256,-0.011155014,2.017487,3.1660597,-2.2745132e-06,3.754222869873047,-6.924218326248353e-06,-1.0728835470490452e-06,1.0054254034455141,0.41228885650634767,0.005802071136425885,0.0
1900,160,-293.24872,713.66077,-0.01115509,2.02341,3.1622472,-2.8181075e-06,3.754197120666504,-2.1837918906819086e-05,-9.536742640435957e-07,1.0050819888229483,0.41229014396667485,0.00544662809819993,0.0
1901,160,-293.14767,713.81866,-0.01115509,2.0254912,3.1609151,-3.1900406e-06,3.754197597503662,-3.089267067674983e-05,-9.536742640435957e-07,1.004659145420871,0.4122901201248169,0.004923704680205435,0.0
1902,160,-293.04645,713.97656,-0.0111551285,2.0261977,3.1604657,-1.9454956e-06,3.7542004585266113,-3.036003439507265e-05,-9.536742640435957e-07,1.004241428603892,0.41228997707366943,0.004363045563169427,0.0
1903,160,-292.94522,714.13446,-0.011155052,2.026353,3.1603756,-6.29425e-07,3.7542083263397217,-2.609897665094587e-05,-9.536742640435957e-07,1.0038579334069206,0.41228958368301394,0.003846290696936952,0.0
1904,160,-292.844,714.2923,-0.011155052,2.0263143,3.160407,-5.531311e-07,3.754213809967041,-2.024002428460221e-05,-9.536742640435957e-07,1.003515051416573,0.412289309501648,0.0033706060059748356,0.0
1905,160,-292.74274,714.4502,-0.011155052,2.0261922,3.160495,-3.814697e-07,3.7542221546173096,-1.4913700072613067e-05,-9.536742640435957e-07,1.0032117839474401,0.41228889226913457,0.0029470146444380728,0.0
1906,160,-292.64145,714.6081,-0.01115509,2.0260477,3.160597,1.9073485e-07,3.754230260848999,-1.065264334440162e-05,-9.536742640435957e-07,1.0029460670496777,0.41228848695755005,0.0025605470692594548,0.0
1907,160,-292.54016,714.766,-0.011154899,2.0258815,3.1607103,1.7976761e-06,3.7542357444763184,-7.4568505442642005e-06,-1.0728835470490452e-06,1.0027138394026227,0.4122882127761841,0.002213912765567806,0.0
1908,160,-292.43887,714.9238,-0.011155014,2.0263093,3.160441,3.437996e-06,3.754239797592163,-6.391586616190172e-06,-9.536742640435957e-07,1.0024992551977896,0.41228801012039185,0.001871820985213285,0.0
1909,161,-292.3376,715.0817,-0.011155052,2.0257034,3.1608365,-1.5258789e-07,3.7542457580566406,-3.728425018153267e-06,-1.0728835470490452e-06,1.002315497082574,0.41228771209716797,0.0056292994091698256,0.0
1910,161,-292.2362,715.23956,-0.011154938,2.032398,3.156503,-1.9979477e-06,3.7542178630828857,-2.0240022252771545e-05,-9.536742640435957e-07,1.0020098327684603,0.41228910684585574,0.005321370978417689,0.0
1911,161,-292.1346,715.39746,-0.011155014,2.0347323,3.1549942,1.3923644e-06,3.754214286804199,-3.1425298831104344e-05,-9.536742640435957e-07,1.001606030968177,0.41228928565979006,0.004850191715634706,0.0
1912,161,-292.03302,715.55536,-0.011155014,2.0355797,3.1544526,-5.2452087e-08,3.754218578338623,-3.1957933080950855e-05,-9.536742640435957e-07,1.00119916653264,0.4122890710830689,0.004380058069993521,0.0
1913,161,-291.93137,715.71326,-0.011154938,2.035918,3.1542418,-6.437302e-07,3.7542247772216797,-2.769687533682408e-05,-9.536742640435957e-07,1.000818667391895,0.41228876113891605,0.003934338928900273,0.0
1914,161,-291.82977,715.87115,-0.011154976,2.036058,3.1541598,-1.5544891e-06,3.7542316913604736,-2.2370555188496265e-05,-9.536742640435957e-07,1.0004731888194844,0.41228841543197636,0.0035564497487563193,0.0
1915,161,-291.72812,716.02905,-0.011154976,2.0361714,3.1540923,-7.4386594e-07,3.7542366981506348,-1.8109493380708154e-05,-9.536742640435957e-07,1.0001604005494547,0.4122881650924683,0.003211421059373066,0.0
1916,161,-291.62646,716.18695,-0.01115509,2.036262,3.1540384,1.1777878e-06,3.7542405128479004,-1.3848436652496706e-05,-9.536742640435957e-07,0.9998781054739063,0.412287974357605,0.0029132622715330354,0.0
1917,161,-291.52478,716.34485,-0.011155052,2.0363634,3.153977,-3.1948088e-07,3.754243850708008,-1.1185275562417467e-05,-9.536742640435957e-07,0.9996225085882859,0.41228780746459964,0.0026483630515521097,0.0
1918,161,-291.42313,716.5026,-0.011154938,2.0364702,3.1539116,1.2636184e-06,3.754246711730957,-9.054745674438744e-06,-9.536742640435957e-07,0.9993902143622038,0.41228766441345216,0.002405959973824464,0.0
1919,161,-291.32144,716.6605,-0.011155167,2.036569,3.1538503,-1.7118454e-06,3.754249095916748,-7.456850036306534e-06,-9.536742640435957e-07,0.9991797580570603,0.4122875452041626,0.0022171633481019503,0.0
1920,162,-291.21973,716.81836,-0.01115509,2.0367148,3.1537602,-1.077652e-06,3.7542524337768555,-5.858954398174324e-06,-9.536742640435957e-07,0.9989870117731658,0.41228737831115725,0.006297160113989013,0.0
1921,162,-291.1178,716.97626,-0.01115509,2.0442135,3.1488614,5.38826e-07,3.754215955734253,-2.5033712214914173e-05,-9.536742640435957e-07,0.9986455279423904,0.41228920221328735,0.00602503265745961,0.0
1922,162,-291.01562,717.1335,-0.01115509,2.0469558,3.1470745,-1.1157989e-06,3.754211664199829,-3.781688747912518e-05,-9.536742640435957e-07,0.9981913258184774,0.4122894167900086,0.005453641778467513,0.0
1923,162,-290.91345,717.2906,-0.011155052,2.0478754,3.1464784,-3.2567978e-06,3.754213809967041,-3.781688747912518e-05,-9.536742640435957e-07,0.9977331955319565,0.412289309501648,0.004859124903110686,0.0
1924,162,-290.81125,717.4477,-0.011154938,2.0481339,3.1463203,-1.5687942e-06,3.7542221546173096,-3.2490565298966704e-05,-9.536742640435957e-07,0.9973082216010071,0.41228889226913457,0.004300766179966615,0.0
1925,162,-290.70905,717.6048,-0.011154938,2.048145,3.1463208,-2.1076203e-06,3.7542288303375244,-2.556634646476069e-05,-9.536742640435957e-07,0.9969263243006897,0.4122885584831238,0.00379903943372257,0.0
1926,162,-290.60684,717.76196,-0.011155052,2.0480776,3.1463754,3.9577483e-07,3.754237651824951,-1.9707390034755696e-05,-9.536742640435957e-07,0.9965869709987863,0.4122881174087525,0.003364829645622054,0.0
1927,162,-290.5046,717.91907,-0.011155014,2.0480068,3.146425,-8.392334e-07,3.7542405128479004,-1.4381069886427886e-05,-9.536742640435957e-07,0.9962861003746347,0.412287974357605,0.0029608721667943104,0.0
1928,162,-290.40234,718.0762,-0.011154861,2.0479066,3.1464934,-9.2506406e-07,3.7542433738708496,-1.065264334440162e-05,-9.536742640435957e-07,0.9960202503188176,0.4122878313064575,0.002592114622629552,0.0
1929,162,-290.30008,718.2333,-0.011154938,2.0477872,3.1465774,-2.6988982e-06,3.75424861907959,-7.456851052221867e-06,-9.536742640435957e-07,0.9957869574073266,0.41228756904602054,0.0022638859997021494,0.0
1930,162,-290.1978,718.3903,-0.01115509,2.0476644,3.1466634,1.5258789e-07,3.75425386428833,-5.32632167220081e-06,-9.536742640435957e-07,0.9955824932146358,0.4122873067855835,0.0019564132995526593,0.0
1931,163,-290.09555,718.5474,-0.01115509,2.0475159,3.1467645,-2.7656554e-06,3.7542574405670166,-3.195793308095086e-06,-9.536742640435957e-07,0.9954045274747912,0.4122871279716492,0.006377720446308556,0.0
1932,163,-289.99304,718.7045,-0.01115509,2.055456,3.1415367,4.005432e-07,3.7542178630828857,-2.3968449810713143e-05,-9.536742640435957e-07,0.9950695018096593,0.41228910684585574,0.006050000249249411,0.0
1933,163,-289.89032,718.86163,-0.011155014,2.0582323,3.1397073,5.4359435e-07,3.754208564758301,-3.7284251197448006e-05,-9.536742640435957e-07,0.994614167842283,0.41228957176208497,0.005520997127205476,0.0
1934,163,-289.78757,719.0188,-0.011155052,2.059243,3.1390502,-2.9754638e-06,3.754213333129883,-3.781688747912518e-05,-9.536742640435957e-07,0.9941523757092632,0.41228933334350587,0.004992034836138169,0.0
1935,163,-289.68478,719.1759,-0.0111551285,2.0596526,3.138791,-3.13282e-06,3.7542214393615723,-3.3023193453321225e-05,-9.536742640435957e-07,0.9937202778223978,0.4122889280319214,0.004490292362204595,0.0
1936,163,-289.582,719.333,-0.011155014,2.059829,3.1386826,-2.2268296e-06,3.754227638244629,-2.716424311880823e-05,-9.536742640435957e-07,0.9933263297181478,0.41228861808776857,0.004045059140947226,0.0
1937,163,-289.4792,719.4901,-0.011154938,2.0599382,3.1386156,3.814697e-07,3.7542314529418945,-2.130528668880324e-05,-9.536742640435957e-07,0.9929705313965133,0.4122884273529053,0.0036482676377417463,0.0
1938,163,-289.37637,719.6473,-0.011155014,2.0600288,3.1385632,-2.1266937e-06,3.754237174987793,-1.6511596726660613e-05,-9.536742640435957e-07,0.9926493541690498,0.41228814125061036,0.0033170071014673405,0.0
1939,163,-289.27356,719.8044,-0.0111551285,2.0601532,3.1384876,-6.437302e-07,3.754242420196533,-1.3315803418565526e-05,-9.536742640435957e-07,0.9923584703989858,0.4122878789901734,0.0030225981069951246,0.0
1940,163,-289.1707,719.9615,-0.011154976,2.060289,3.1384022,-1.835823e-06,3.7542455196380615,-1.0652642328486287e-05,-9.536742640435957e-07,0.9920936856076047,0.41228772401809693,0.002751675111615689,0.0
1941,164,-289.06787,720.11847,-0.011155205,2.0604146,3.1383214,-1.7786026e-06,3.754246711730957,-8.522115488253562e-06,-9.536742640435957e-07,0.9918535350563068,0.41228766441345216,0.007001015674153639,0.0
1942,164,-288.96475,720.27563,-0.011155052,2.0682552,3.1331103,-1.1587142e-06,3.7542057037353516,-2.822950552300926e-05,-9.536742640435957e-07,0.9914609851116292,0.41228971481323246,0.006671813828822683,0.0
1943,164,-288.8614,720.43207,-0.011154938,2.071118,3.1312127,-2.1409987e-06,3.7542006969451904,-4.101268078722027e-05,-9.536742640435957e-07,0.990952853975642,0.4122899651527405,0.006031792736151541,0.0
1944,164,-288.75806,720.58844,-0.011154976,2.072075,3.130587,-1.130104e-06,3.754206895828247,-4.101268078722027e-05,-9.536742640435957e-07,0.9904441902074369,0.4122896552085877,0.0053909748213225184,0.0
1945,164,-288.65466,720.7448,-0.0111551285,2.0723703,3.1304,-2.1600722e-06,3.75421404838562,-3.46210941710301e-05,-9.536742640435957e-07,0.9899738759589288,0.412289297580719,0.004787137205093549,0.0
1946,164,-288.55124,720.9012,-0.011154976,2.0724149,3.1303833,-1.2493133e-06,3.7542247772216797,-2.7696871273162745e-05,-9.536742640435957e-07,0.989549301502143,0.41228876113891605,0.004236429521850126,0.0
1947,164,-288.44775,721.0575,-0.011155052,2.0723608,3.1304271,-6.3896175e-07,3.7542314529418945,-2.130528668880324e-05,-9.536742640435957e-07,0.9891716652595698,0.4122884273529053,0.003719148991882143,0.0
1948,164,-288.34436,721.2138,-0.011155052,2.0722313,3.1305172,1.4781952e-07,3.754235029220581,-1.5446333306544248e-05,-9.536742640435957e-07,0.9888382374910918,0.41228824853897095,0.0032853223235902937,0.0
1949,164,-288.24094,721.3701,-0.011155052,2.0721314,3.1305907,-7.2956084e-07,3.7542412281036377,-1.11852765783328e-05,-9.536742640435957e-07,0.9885437584535564,0.41228793859481816,0.0028934936636868746,0.0
1950,164,-288.1375,721.5265,-0.011155014,2.07203,3.1306605,3.2424927e-07,3.7542433738708496,-7.989483270237714e-06,-9.536742640435957e-07,0.9882838339311646,0.4122878313064575,0.0025600497497971627,0.0
1951,164,-288.0341,721.6828,-0.0111551285,2.071958,3.1307123,4.863739e-07,3.754246950149536,-5.858953382258991e-06,-9.536742640435957e-07,0.9880547354983905,0.4122876524925232,0.0022537695628345985,0.0
1952,165,-287.93063,721.83905,-0.011155014,2.0718808,3.130767,-1.206398e-06,3.7542500495910645,-4.261057490147948e-06,-9.536742640435957e-07,0.9878524018345718,0.4122874975204468,0.006718770415011969,0.0
1953,165,-287.82693,721.99536,-0.011155052,2.079926,3.1253772,-3.6239624e-07,3.7542076110839844,-2.5033712214914173e-05,-9.536742640435957e-07,0.987491277190757,0.4122896194458008,0.006365059123268793,0.0
1954,165,-287.723,722.1518,-0.01115509,2.0827496,3.123492,-1.0871887e-06,3.754204034805298,-3.8349515633479696e-05,-9.536742640435957e-07,0.9870097110866435,0.4122897982597351,0.00582371422310115,0.0
1955,165,-287.61905,722.3081,-0.01115509,2.0838087,3.1227899,-2.1743774e-06,3.7542076110839844,-3.9414776005850065e-05,-9.536742640435957e-07,0.9865228852393769,0.4122896194458008,0.0052628489462924815,0.0
1956,165,-287.51505,722.4644,-0.011154976,2.0842314,3.1225164,-6.151199e-07,3.7542150020599365,-3.4088459921183586e-05,-9.536742640435957e-07,0.9860670186397826,0.4122892498970032,0.004733728975868138,0.0
1957,165,-287.41092,722.62085,-0.0111551285,2.0844145,3.1224017,-1.0061264e-06,3.754221200942993,-2.7696873304993412e-05,-9.536742640435957e-07,0.9856516320887575,0.4122889399528504,0.004253235697155307,0.0
1958,165,-287.30676,722.77716,-0.011155014,2.08451,3.1223452,-2.2888183e-07,3.7542271614074707,-2.1837918906819086e-05,-9.536742640435957e-07,0.9852765924282472,0.4122886419296265,0.0037998378061758855,0.0
1959,165,-287.20258,722.9335,-0.0111551285,2.0845358,3.1223319,-1.3971328e-06,3.754230499267578,-1.7044229960591793e-05,-9.536742640435957e-07,0.9849404349196519,0.41228847503662114,0.0033923753679943993,0.0
1960,165,-287.09836,723.08984,-0.011155052,2.0845394,3.1223364,1.0681152e-06,3.7542362213134766,-1.2783173232380344e-05,-9.536742640435957e-07,0.9846395642955001,0.41228818893432617,0.0030383737760893903,0.0
1961,165,-286.99417,723.24615,-0.011155014,2.0845532,3.122332,2.2888183e-07,3.7542402744293213,-1.0120011126385772e-05,-9.536742640435957e-07,0.9843700523931841,0.41228798627853397,0.0027269578304137273,0.0
1962,165,-286.88998,723.4024,-0.011154938,2.084577,3.1223178,-1.335144e-06,3.754241466522217,-7.456850036306534e-06,-9.536742640435957e-07,0.9841287034193957,0.4122879266738892,0.0024431368144218557,0.0
1963,166,-286.78577,723.5587,-0.011154976,2.085083,3.1219823,1.3828277e-07,3.7542436122894287,-6.924218326248353e-06,-9.536742640435957e-07,0.9839012694623029,0.4122878193855286,0.006943009047098198,0.0
1964,166,-286.68137,723.7149,-0.011154976,2.0929239,3.116681,8.106232e-08,3.754201889038086,-2.7696871273162745e-05,-9.536742640435957e-07,0.9835157103154867,0.41228990554809575,0.006593606210559497,0.0
1965,166,-286.57684,723.8704,-0.01115509,2.0957403,3.1147814,-1.5306473e-06,3.7541964054107666,-4.048004450554309e-05,-9.536742640435957e-07,0.9830139707661157,0.4122901797294617,0.00596434761597355,0.0
1966,166,-286.47214,724.02606,-0.011154938,2.0966878,3.1141493,-1.001358e-06,3.7542011737823486,-4.048004450554309e-05,-9.536742640435957e-07,0.9825111659523088,0.4122899413108826,0.005310547131438477,0.0
1967,166,-286.3674,724.18164,-0.01115509,2.0969462,3.1139836,-2.1791457e-06,3.7542078495025635,-3.46210941710301e-05,-9.536742640435957e-07,0.9820466440791717,0.41228960752487187,0.00468858409485956,0.0
1968,166,-286.26266,724.3372,-0.011155052,2.0969346,3.114002,-7.486343e-07,3.7542166709899902,-2.7164241086977563e-05,-9.536742640435957e-07,0.9816296596314926,0.4122891664505005,0.004127994115032976,0.0
1969,166,-286.15793,724.4928,-0.01115509,2.09683,3.1140804,-2.5463103e-06,3.754223346710205,-2.0772656502618056e-05,-9.536742640435957e-07,0.9812600794512168,0.4122888326644898,0.0036284370822157316,0.0
1970,166,-286.05316,724.6483,-0.011155014,2.0966992,3.1141765,-9.918213e-07,3.75423002243042,-1.4913700072613067e-05,-9.536742640435957e-07,0.9809340419547639,0.412288498878479,0.0031624565645267584,0.0
1971,166,-285.94836,724.8039,-0.011154938,2.0965269,3.1142995,-4.6253203e-07,3.7542357444763184,-1.0652641312570954e-05,-9.536742640435957e-07,0.9806480184536894,0.4122882127761841,0.0027482988659229828,0.0
1972,166,-285.84357,724.95935,-0.01115509,2.0963461,3.1144269,-1.6355514e-06,3.7542405128479004,-7.456850036306534e-06,-9.536742640435957e-07,0.980399279207876,0.412287974357605,0.0023501031923206677,0.0
1973,167,-285.73877,725.1149,-0.01115509,2.0961156,3.1145864,-1.4686584e-06,3.754244089126587,-4.793689962142629e-06,-9.536742640435957e-07,0.9801842289498521,0.4122877955436707,0.006875090903074843,0.0
1974,167,-285.63385,725.27045,-0.011155014,2.1041946,3.109082,-1.1157989e-06,3.7542011737823486,-2.503371424674484e-05,-9.536742640435957e-07,0.9798112532391865,0.4122899413108826,0.006505715372008812,0.0
1975,167,-285.52872,725.4261,-0.011154976,2.1070228,3.1071582,-2.2697448e-06,3.754194736480713,-3.8882147851495544e-05,-9.536742640435957e-07,0.9793180358053039,0.4122902631759644,0.005957111683323234,0.0
1976,167,-285.42352,725.5816,-0.01115509,2.1080954,3.106436,-2.603531e-06,3.7541990280151367,-3.9414784133172726e-05,-9.536742640435957e-07,0.9788199581024317,0.4122900485992432,0.0053750214936397174,0.0
1977,167,-285.3182,725.7372,-0.01115509,2.1085103,3.1061642,-2.8324127e-06,3.7542073726654053,-3.46210941710301e-05,-9.536742640435957e-07,0.9783545041229131,0.41228963136672975,0.004821423015986588,0.0
1978,167,-285.2129,725.8928,-0.01115509,2.108671,3.106066,-3.3569336e-06,3.754216194152832,-2.822950552300926e-05,-9.536742640435957e-07,0.9779304622983453,0.41228919029235844,0.004338896660982005,0.0
1979,167,-285.10754,726.04834,-0.011155167,2.1087716,3.106004,-2.8419495e-06,3.7542214393615723,-2.1837918906819086e-05,-9.536742640435957e-07,0.9775480989448372,0.4122889280319214,0.003886303560957134,0.0
1980,167,-285.0022,726.2039,-0.011155052,2.108819,3.105982,-7.724762e-07,3.754229784011841,-1.7044229960591793e-05,-9.536742640435957e-07,0.9772044845851897,0.412288510799408,0.0035021523146773824,0.0
1981,167,-284.89685,726.35944,-0.01115509,2.1088824,3.105944,-2.2888183e-07,3.7542340755462646,-1.3315805450396191e-05,-9.536742640435957e-07,0.9768955578987405,0.4122882962226868,0.003157888880477929,0.0
1982,167,-284.79147,726.51495,-0.011155052,2.1089487,3.1059024,-9.202957e-07,3.754236936569214,-1.0120011126385772e-05,-9.536742640435957e-07,0.9766176570389907,0.41228815317153933,0.002851344742968081,0.0
1983,167,-284.6861,726.6705,-0.011154938,2.1090186,3.1058588,2.0170212e-06,3.754240036010742,-7.989483270237714e-06,-9.536742640435957e-07,0.9763662546320873,0.41228799819946294,0.002586788218730332,0.0
1984,168,-284.58072,726.826,-0.011154976,2.1091056,3.1058033,-6.198883e-07,3.7542431354522705,-6.391587124147838e-06,-9.536742640435957e-07,0.9761393533072125,0.4122878432273865,0.007120852421402436,0.0
1985,168,-284.4751,726.98126,-0.011155167,2.1173062,3.1001642,-9.2506406e-07,3.7541980743408203,-2.769687533682408e-05,-9.536742640435957e-07,0.9757499991558429,0.412290096282959,0.006753104509616219,0.0
1986,168,-284.36932,727.13605,-0.011154899,2.1202157,3.0981655,-1.3923644e-06,3.75419020652771,-4.1545317068897446e-05,-9.536742640435957e-07,0.9752370077508664,0.41229048967361454,0.006117877984389109,0.0
1987,168,-284.26346,727.29083,-0.011154938,2.1212091,3.0974944,-1.1157989e-06,3.754197597503662,-4.154531300523611e-05,-9.536742640435957e-07,0.9747219523960451,0.4122901201248169,0.005460361933268483,0.0
1988,168,-284.15756,727.4457,-0.01115509,2.1215029,3.0973024,-1.0299682e-06,3.7542052268981934,-3.568635454340046e-05,-9.536742640435957e-07,0.9742453131399481,0.41228973865509033,0.004858043054005976,0.0
1989,168,-284.05167,727.60046,-0.01115509,2.1215618,3.0972717,-7.8201293e-07,3.7542130947113037,-2.822950552300926e-05,-9.536742640435957e-07,0.9738154789400093,0.41228934526443484,0.004308065646800151,0.0
1990,168,-283.94577,727.7552,-0.011154938,2.121526,3.0973027,-1.7786026e-06,3.754218578338623,-2.1837918906819086e-05,-9.536742640435957e-07,0.973431983743038,0.4122890710830689,0.0038084471612880285,0.0
1991,168,-283.8398,727.91,-0.011155167,2.1214468,3.0973635,-2.5510788e-06,3.7542238235473633,-1.5978966540475428e-05,-9.536742640435957e-07,0.9730915651766986,0.41228880882263186,0.003360067680125059,0.0
1992,168,-283.73386,728.06476,-0.01115509,2.1213524,3.0974343,-4.196167e-07,3.7542290687561035,-1.1717907780433316e-05,-9.536742640435957e-07,0.9727906945525469,0.4122885465621948,0.0029635565217260053,0.0
1993,168,-283.6279,728.21954,-0.01115509,2.1212602,3.0975018,-8.678436e-07,3.75423264503479,-8.522114980295896e-06,-9.536742640435957e-07,0.972524911075757,0.4122883677482605,0.0026130324942511937,0.0
1994,168,-283.52194,728.37427,-0.011154938,2.1211731,3.0975618,-1.8835067e-06,3.754232883453369,-5.858953890216658e-06,-9.536742640435957e-07,0.9722899536885847,0.4122883558273316,0.0022878451458524887,0.0
1995,169,-283.41595,728.529,-0.011154976,2.1210701,3.0976367,-6.437302e-07,3.7542364597320557,-4.261057490147948e-06,-9.536742640435957e-07,0.9720838915992398,0.41228817701339726,0.006932712028941383,0.0
1996,169,-283.30975,728.68384,-0.011154938,2.1293316,3.0919085,-1.6927719e-06,3.7541909217834473,-2.556634443293002e-05,-9.536742640435957e-07,0.9717131129964736,0.41229045391082764,0.006595529323534212,0.0
1997,169,-283.20334,728.83856,-0.011155167,2.1322722,3.0898716,-2.5177e-06,3.754183292388916,-3.994741228752724e-05,-9.536742640435957e-07,0.971216233716092,0.4122908353805542,0.006032872112908041,0.0
1998,169,-283.0969,728.9934,-0.01115509,2.1333683,3.0891204,-2.4032593e-06,3.75418758392334,-4.101267672355894e-05,-9.536742640435957e-07,0.9707116978475765,0.41229062080383305,0.005481735841068829,0.0
1999,169,-282.99042,729.1482,-0.011154976,2.133856,3.088792,-1.8310546e-06,3.754194736480713,-3.5686358607061794e-05,-9.536742640435957e-07,0.9702383209638149,0.4122902631759644,0.004962593093772716,0.0
2000,169,-282.8839,729.303,-0.011155014,2.1341138,3.0886226,-1.2922287e-06,3.754201650619507,-2.929476792721029e-05,-9.536742640435957e-07,0.9698052243915408,0.41228991746902466,0.004497856219522462,0.0
2001,169,-282.7774,729.4578,-0.01115509,2.1342976,3.088504,-1.001358e-07,3.75420880317688,-2.3435813529035965e-05,-9.536742640435957e-07,0.9694110765502091,0.412289559841156,0.004107237111011889,0.0
2002,169,-282.6708,729.61255,-0.011154938,2.1351635,3.0879126,1.1825562e-06,3.7542147636413574,-2.0772658534448723e-05,-9.536742640435957e-07,0.9690372353121892,0.41228926181793213,0.0037027958016642784,0.0
2003,169,-282.5641,729.76733,-0.011154899,2.1348665,3.0881262,1.4305115e-06,3.7542214393615723,-1.5978966540475428e-05,-9.536742640435957e-07,0.9687000125391579,0.4122889280319214,0.00333031736545418,0.0
2004,169,-282.4575,729.9221,-0.011155167,2.1348283,3.08816,-2.632141e-06,3.754227638244629,-1.2250539998449162e-05,-9.536742640435957e-07,0.9684034029727503,0.41228861808776857,0.00306177111907058,0.0
2005,170,-282.35077,730.0768,-0.01115509,2.134964,3.0880709,-9.202957e-07,3.7542312145233154,-9.587379924285257e-06,-9.536742640435957e-07,0.9681355555461156,0.41228843927383424,0.00730648830353995,0.0
2006,170,-282.24393,730.231,-0.011155014,2.142727,3.0826433,-1.3065338e-06,3.7541935443878174,-2.876213774102511e-05,-9.536742640435957e-07,0.9677179718871912,0.4122903227806092,0.006881897595637104,0.0
2007,170,-282.13687,730.385,-0.011154899,2.1454513,3.080745,-7.2956084e-07,3.7541911602020264,-4.101268078722027e-05,-9.536742640435957e-07,0.9671884688834562,0.4122904419898987,0.006229900341265184,0.0
2008,170,-282.02982,730.53906,-0.011154976,2.1463857,3.0801022,-1.1777878e-06,3.754197835922241,-4.101268078722027e-05,-9.536742640435957e-07,0.9666622948310838,0.41229010820388795,0.0055964789807168725,0.0
2009,170,-281.9227,730.69305,-0.011154976,2.146724,3.079879,-2.7561186e-06,3.7542080879211426,-3.5153726389045946e-05,-9.536742640435957e-07,0.9661749363515992,0.4122895956039429,0.004992665106166173,0.0
2010,170,-281.81543,730.8471,-0.011154976,2.1468167,3.0798252,2.0885468e-06,3.7542169094085693,-2.822950552300926e-05,-9.536742640435957e-07,0.9657338502960549,0.41228915452957154,0.004423505671364862,0.0
2011,170,-281.70816,731.0011,-0.011154899,2.1467838,3.0798573,-4.7206876e-07,3.7542245388031006,-2.130528668880324e-05,-9.536742640435957e-07,0.9653402350869412,0.412288773059845,0.0039057796044874673,0.0
2012,170,-281.60086,731.1551,-0.011155014,2.1466973,3.0799258,-2.1886824e-06,3.7542312145233154,-1.5978966540475428e-05,-9.536742640435957e-07,0.96499089493095,0.41228843927383424,0.0034371483968727683,0.0
2013,170,-281.4936,731.309,-0.011155052,2.146585,3.080012,-1.1825562e-06,3.754237651824951,-1.1717907780433316e-05,-9.536742640435957e-07,0.9646824342976916,0.4122881174087525,0.0030174566280653722,0.0
2014,170,-281.38644,731.463,-0.011155167,2.1464624,3.080102,-2.3174284e-06,3.754241466522217,-8.522114980295896e-06,-9.536742640435957e-07,0.9644113244987216,0.4122879266738892,0.0026996533779172845,0.0
2015,170,-281.2793,731.617,-0.011155052,2.1464355,3.080126,-4.7206876e-07,3.7542459964752197,-5.858953890216658e-06,-9.536742640435957e-07,0.9641706413152057,0.41228770017623906,0.0024265405610410236,0.0
2016,171,-281.17215,731.77094,-0.011155052,2.146451,3.080118,-3.1948088e-07,3.7542481422424316,-4.793689962142629e-06,-9.536742640435957e-07,0.9639558573732907,0.4122875928878784,0.006921293835681401,0.0
2017,171,-281.06467,731.9249,-0.011154976,2.1544707,3.0744631,-1.2016296e-06,3.754206895828247,-2.556634646476069e-05,-9.536742640435957e-07,0.9635804182386168,0.4122896552085877,0.006571815809945652,0.0
2018,171,-280.95703,732.079,-0.011154976,2.1573198,3.0724564,-1.1157989e-06,3.754199981689453,-3.9414776005850065e-05,-9.536742640435957e-07,0.96308293974699,0.41229000091552737,0.006047731975513601,0.0
2019,171,-280.84937,732.233,-0.011154976,2.1584487,3.0716684,-7.343292e-07,3.754204034805298,-4.048004856920442e-05,-9.536742640435957e-07,0.9625786701945835,0.4122897982597351,0.005507731715473402,0.0
2020,171,-280.74152,732.387,-0.011154976,2.1589656,3.071315,-5.8174135e-07,3.7542121410369873,-3.568635454340046e-05,-9.536742640435957e-07,0.9621039617302769,0.41228939294815065,0.00498125928764376,0.0
2021,171,-280.63367,732.541,-0.011155014,2.1592233,3.0711432,-9.870529e-07,3.7542197704315186,-2.929477199087162e-05,-9.536742640435957e-07,0.9616688677871852,0.4122890114784241,0.0045044490672296504,0.0
2022,171,-280.5258,732.695,-0.0111551285,2.1593904,3.071034,-1.9836425e-06,3.7542266845703125,-2.343581556086663e-05,-9.536742640435957e-07,0.9612742538926627,0.4122886657714844,0.004081616917697902,0.0
2023,171,-280.4179,732.84906,-0.0111551285,2.159535,3.0709393,-2.5844574e-06,3.754232168197632,-1.8642125598724003e-05,-9.536742640435957e-07,0.9609156592518835,0.41228839159011843,0.003729142450319414,0.0
2024,171,-280.31003,733.00305,-0.011155052,2.1597147,3.0708196,-3.8146972e-08,3.754237651824951,-1.4913700072613067e-05,-9.536742640435957e-07,0.9605902209666759,0.4122881174087525,0.003419816346215503,0.0
2025,171,-280.20212,733.15704,-0.011154899,2.1599135,3.0706847,-1.2397766e-07,3.754241943359375,-1.2250539998449162e-05,-9.536742640435957e-07,0.9602925461358323,0.41228790283203126,0.0031506466580558633,0.0
2026,171,-280.0942,733.3109,-0.011155052,2.1601295,3.0705361,-5.674362e-07,3.754244565963745,-1.0120011126385772e-05,-9.536742640435957e-07,0.9600192392289629,0.41228777170181274,0.002898063817294788,0.0
2027,172,-279.9863,733.4649,-0.011155052,2.1603305,3.0703967,5.7220456e-07,3.754246234893799,-8.522114980295896e-06,-9.536742640435957e-07,0.9597685691913591,0.4122876882553101,0.007207565021684247,0.0
2028,172,-279.87814,733.6181,-0.011155052,2.1681473,3.0648308,1.6212464e-07,3.754204273223877,-2.876213774102511e-05,-9.536742640435957e-07,0.9593621042299858,0.4122897863388062,0.0067685069783172585,0.0
2029,172,-279.76987,733.77136,-0.011155014,2.1708426,3.0629177,8.1062313e-07,3.7542006969451904,-4.1545308941574786e-05,-9.536742640435957e-07,0.9588422551852024,0.4122899651527405,0.0061694035877253835,0.0
2030,172,-279.66144,733.9247,-0.011154976,2.1718366,3.0622199,-4.1484833e-07,3.7542061805725098,-4.101268078722027e-05,-9.536742640435957e-07,0.9583235379838821,0.4122896909713745,0.005551649794312283,0.0
2031,172,-279.553,734.0779,-0.011154976,2.1722052,3.0619676,-3.9577483e-07,3.754213809967041,-3.568635047973913e-05,-9.536742640435957e-07,0.9578408400363053,0.412289309501648,0.004964324279027513,0.0
2032,172,-279.44455,734.2311,-0.011154976,2.1723266,3.061892,-1.1920929e-07,3.7542223930358887,-2.8762139772855772e-05,-9.536742640435957e-07,0.9574030829321235,0.4122888803482056,0.004432183196430788,0.0
2033,172,-279.33612,734.38434,-0.011155167,2.1723588,3.0618775,-4.0531157e-07,3.7542290687561035,-2.23705531566656e-05,-9.536742640435957e-07,0.9570105329874459,0.4122885465621948,0.003985286060533876,0.0
2034,172,-279.22763,734.53754,-0.011155167,2.172411,3.0618463,-1.6355514e-06,3.7542340755462646,-1.7044229960591793e-05,-9.536742640435957e-07,0.9566584630913374,0.4122882962226868,0.0035670655224732013,0.0
2035,172,-279.11914,734.69073,-0.011154938,2.1724358,3.0618334,3.5524367e-06,3.754237651824951,-1.3315803418565526e-05,-9.536742640435957e-07,0.956342612186054,0.4122881174087525,0.0032014852521362928,0.0
2036,172,-279.01065,734.844,-0.011154976,2.1724663,3.061815,-1.1348724e-06,3.7542405128479004,-1.0120011126385772e-05,-9.536742640435957e-07,0.9560593184250968,0.412287974357605,0.002899476628228671,0.0
2037,173,-278.90216,734.9971,-0.011155014,2.1725407,3.061765,4.1007993e-07,3.7542426586151123,-7.989483270237714e-06,-9.536742640435957e-07,0.9558040544346127,0.4122878670692444,0.007029169866011527,0.0
2038,173,-278.79343,735.1504,-0.011154938,2.1800008,3.0564122,-1.3017655e-06,3.7542054653167725,-2.716424311880823e-05,-9.536742640435957e-07,0.9554035150066648,0.4122897267341614,0.00668315550774572,0.0
2039,173,-278.6845,735.3035,-0.011155014,2.182718,3.0544643,-6.3896175e-07,3.7541990280151367,-3.941478006951139e-05,-9.536742640435957e-07,0.9548928538676421,0.4122900485992432,0.006133684026971838,0.0
2040,173,-278.5755,735.456,-0.011155014,2.1837833,3.053709,4.7683715e-09,3.754204034805298,-3.994741228752724e-05,-9.536742640435957e-07,0.9543793298304476,0.4122897982597351,0.005451276058481808,0.0
2041,173,-278.4665,735.6084,-0.011155014,2.1840568,3.0535238,4.7683715e-09,3.7542123794555664,-3.4088459921183586e-05,-9.536742640435957e-07,0.9539025574162961,0.4122893810272217,0.0048053629399931784,0.0
2042,173,-278.35745,735.7609,-0.011154861,2.1840365,3.0535488,-3.0517577e-07,3.754221200942993,-2.7164241086977563e-05,-9.536742640435957e-07,0.9534749203242566,0.4122889399528504,0.004237376359471342,0.0
2043,173,-278.2484,735.9133,-0.011155014,2.1839406,3.0536249,-4.1484833e-07,3.7542271614074707,-2.0240022252771545e-05,-9.536742640435957e-07,0.9530962188172474,0.4122886419296265,0.003708665059063989,0.0
2044,173,-278.13934,736.06573,-0.011154976,2.1837852,3.053744,-1.3542175e-06,3.7542335987091064,-1.4913700072613067e-05,-9.536742640435957e-07,0.9527621918375242,0.4122883200645447,0.0032264686072658983,0.0
2045,173,-278.03027,736.2182,-0.011155014,2.1835942,3.0538855,-9.059906e-08,3.754237651824951,-1.065264334440162e-05,-9.536742640435957e-07,0.9524703759610788,0.4122881174087525,0.0028086016623602625,0.0
2046,173,-277.92117,736.3706,-0.011154938,2.1834157,3.0540166,2.7847288e-06,3.7542405128479004,-6.924218326248353e-06,-9.536742640435957e-07,0.9522157777608672,0.412287974357605,0.002411315602723928,0.0
2047,173,-277.81207,736.52295,-0.011155014,2.1832,3.054173,-2.155304e-06,3.754242181777954,-4.261057490147948e-06,-9.536742640435957e-07,0.9519952014435814,0.4122878909111023,0.0020358620627150513,0.0
2048,174,-277.70297,736.67535,-0.011155052,2.1829407,3.0543604,-8.916855e-07,3.754244089126587,-2.1305284910951407e-06,-9.536742640435957e-07,0.9518067827964583,0.4122877955436707,0.006578998188813358,0.0
2049,174,-277.5937,736.8278,-0.01115509,2.1908302,3.0486553,-9.727478e-07,3.754202365875244,-2.3435817592697295e-05,-9.536742640435957e-07,0.95146003922253,0.4122898817062378,0.0062337520869552845,0.0
2050,174,-277.48425,736.9802,-0.011155052,2.1935816,3.046667,-1.4543533e-06,3.754194974899292,-3.7284251197448006e-05,-9.536742640435957e-07,0.9509896583949947,0.41229025125503543,0.00568862795915763,0.0
2051,174,-277.37463,737.1327,-0.01115509,2.1945856,3.0459507,-2.4318695e-06,3.7542004585266113,-3.834952376080236e-05,-9.536742640435957e-07,0.9505139512452793,0.41228997707366943,0.005108454974312335,0.0
2052,174,-277.26505,737.28516,-0.011154976,2.1949346,3.0457087,-1.0347366e-06,3.7542083263397217,-3.3023193453321225e-05,-9.536742640435957e-07,0.9500698691335085,0.41228958368301394,0.0045818301711197705,0.0
2053,174,-277.1554,737.43756,-0.011154976,2.1950727,3.045617,-1.1873245e-06,3.7542147636413574,-2.6631608868961715e-05,-9.536742640435957e-07,0.9496666665444706,0.41228926181793213,0.004085941671305683,0.0
2054,174,-277.04575,737.5901,-0.011154976,2.1951027,3.0456045,-1.130104e-06,3.7542219161987305,-2.0772654470787393e-05,-9.536742640435957e-07,0.9493050092684379,0.4122889041900635,0.003673060881860372,0.0
2055,174,-276.9361,737.7425,-0.011155052,2.1951501,3.0455792,-2.3841858e-07,3.7542293071746826,-1.5978966540475428e-05,-9.536742640435957e-07,0.9489800370364209,0.4122885346412659,0.0032886578334133582,0.0
2056,174,-276.82645,737.8949,-0.0111551285,2.1951733,3.0455658,2.8610228e-07,3.7542319297790527,-1.2250539998449162e-05,-9.536742640435957e-07,0.9486892864244115,0.4122884035110474,0.0029539831168557346,0.0
2057,174,-276.71677,738.04724,-0.011154899,2.1952074,3.045548,2.388954e-06,3.754237174987793,-9.587379924285257e-06,-9.536742640435957e-07,0.9484277640053658,0.41228814125061036,0.002638391215016274,0.0
2058,174,-276.6071,738.19965,-0.011154938,2.1952138,3.0455449,-2.3603438e-06,3.7542386054992676,-7.456850036306534e-06,-9.536742640435957e-07,0.9481940050406841,0.4122880697250366,0.002378439644556188,0.0
2059,175,-276.4974,738.3521,-0.011154938,2.1952522,3.0455213,-1.1253356e-06,3.754241943359375,-5.858954398174324e-06,-9.536742640435957e-07,0.9479846139999766,0.41228790283203126,0.00699693259962968,0.0
2060,175,-276.38748,738.5045,-0.011154938,2.2033827,3.039588,2.7179717e-06,3.7541964054107666,-2.7164241086977563e-05,-9.536742640435957e-07,0.9476080430218393,0.4122901797294617,0.0066772140016538506,0.0
2061,175,-276.2774,738.65625,-0.01115509,2.206318,3.0374494,3.4236907e-06,3.7541894912719727,-4.154531300523611e-05,-9.536742640435957e-07,0.9471047055758144,0.4122905254364014,0.006052214351240318,0.0
2062,175,-276.1672,738.8079,-0.011155167,2.2073185,3.0367289,-2.2649765e-06,3.754194736480713,-4.1545308941574786e-05,-9.536742640435957e-07,0.9465965744398273,0.4122902631759644,0.005382485587010775,0.0
2063,175,-276.05704,738.95966,-0.01115509,2.207582,3.0365448,-3.5429e-06,3.7542006969451904,-3.568635454340046e-05,-9.536742640435957e-07,0.9461257275591013,0.4122899651527405,0.004781179000705897,0.0
2064,175,-275.94684,739.1113,-0.011155014,2.207622,3.0365257,-2.336502e-07,3.75420880317688,-2.822950552300926e-05,-9.536742640435957e-07,0.9457023515248059,0.412289559841156,0.004223411236453295,0.0
2065,175,-275.8366,739.26294,-0.011155014,2.2075562,3.036583,-7.9154967e-07,3.754216194152832,-2.1837918906819086e-05,-9.536742640435957e-07,0.9453253144934779,0.41228919029235844,0.003704820956190829,0.0
2066,175,-275.72638,739.4146,-0.01115509,2.207425,3.036688,-8.7738033e-07,3.7542243003845215,-1.5978966540475428e-05,-9.536742640435957e-07,0.9449923527781908,0.4122887849807739,0.0032551598830734287,0.0
2067,175,-275.61612,739.5662,-0.011154899,2.207296,3.0367868,2.0837783e-06,3.754228353500366,-1.1717907780433316e-05,-9.536742640435957e-07,0.9446994050582821,0.4122885823249817,0.0028326910733783043,0.0
2068,175,-275.50586,739.7179,-0.01115509,2.207134,3.0369112,-2.9087066e-06,3.7542335987091064,-7.989483778195381e-06,-9.536742640435957e-07,0.9444432089614164,0.4122883200645447,0.0024691171136642914,0.0
2069,176,-275.3956,739.8695,-0.01115509,2.206985,3.0370226,-2.4032593e-06,3.7542362213134766,-5.32632167220081e-06,-9.536742640435957e-07,0.9442193702717953,0.41228818893432617,0.006975413985421128,0.0
2070,176,-275.28513,740.0212,-0.011154938,2.2148721,3.0312252,-2.0647049e-06,3.7541956901550293,-2.6098974619115203e-05,-9.536742640435957e-07,0.9438386713939685,0.41229021549224854,0.006598216316904464,0.0
2071,176,-275.17444,740.1728,-0.011155052,2.2176375,3.0291944,-3.0660628e-06,3.7541890144348145,-3.9414784133172726e-05,-9.536742640435957e-07,0.9433374644768155,0.4122905492782593,0.00601268729890546,0.0
2072,176,-275.0637,740.3245,-0.011154938,2.2186406,3.0284653,-1.2350082e-06,3.7541935443878174,-3.994741228752724e-05,-9.536742640435957e-07,0.9428329951873273,0.4122903227806092,0.005436018838611966,0.0
2073,176,-274.9529,740.47614,-0.011155014,2.219053,3.0281734,-7.390976e-07,3.754201650619507,-3.46210941710301e-05,-9.536742640435957e-07,0.9423621483066013,0.41228991746902466,0.004880909615005352,0.0
2074,176,-274.84213,740.62787,-0.011154976,2.2192197,3.0280619,-1.0061264e-06,3.7542102336883545,-2.822950958667059e-05,-9.536742640435957e-07,0.9419329133179077,0.4122894883155823,0.004410186902350591,0.0
2075,176,-274.73132,740.77954,-0.011155014,2.219352,3.0279727,-1.25885e-06,3.7542166709899902,-2.23705531566656e-05,-9.536742640435957e-07,0.9415456896954102,0.4122891664505005,0.003982957881250443,0.0
2076,176,-274.6205,740.93115,-0.011155052,2.219461,3.0278997,-1.3017655e-06,3.7542221546173096,-1.7576861162692306e-05,-9.536742640435957e-07,0.9411952176959558,0.41228889226913457,0.0035994145685326884,0.0
2077,176,-274.50967,741.0828,-0.011155167,2.2195585,3.0278325,-2.3937225e-06,3.754225492477417,-1.3848438684327371e-05,-9.536742640435957e-07,0.9408789007374816,0.41228872537612915,0.003273574597592731,0.0
2078,176,-274.39883,741.23444,-0.011155052,2.2196822,3.0277472,-2.4032593e-06,3.754229784011841,-1.1185275562417467e-05,-9.536742640435957e-07,0.9405916788139166,0.412288510799408,0.0029817689471676257,0.0
2079,176,-274.288,741.38605,-0.01115509,2.219811,3.0276554,-1.3685226e-06,3.7542319297790527,-9.054746690354077e-06,-9.536742640435957e-07,0.9403313548173613,0.4122884035110474,0.002735835879668808,0.0
2080,177,-274.17712,741.5377,-0.011155014,2.219967,3.0275435,2.069473e-06,3.7542340755462646,-7.456851052221867e-06,-9.536742640435957e-07,0.9400927355836902,0.4122882962226868,0.007224835615221151,0.0
2081,177,-274.066,741.68896,-0.011155014,2.2279294,3.0216331,-1.4781952e-07,3.7541892528533936,-2.8229507554839924e-05,-9.536742640435957e-07,0.9396932614201784,0.41229053735733034,0.006836090715195556,0.0
2082,177,-273.95468,741.8399,-0.011154938,2.230741,3.019549,2.9039381e-06,3.7541818618774414,-4.20779370959293e-05,-9.536742640435957e-07,0.9391723471109589,0.41229090690612796,0.006195833917657982,0.0
2083,177,-273.84332,741.9908,-0.01115509,2.2317085,3.0188394,4.7683715e-09,3.7541861534118652,-4.2077941159590634e-05,-9.536742640435957e-07,0.9386509001695214,0.41229069232940674,0.005540176709340579,0.0
2084,177,-273.73196,742.1417,-0.011155014,2.2320125,3.0186255,4.816055e-07,3.754194974899292,-3.568635454340046e-05,-9.536742640435957e-07,0.9381672035365357,0.41229025125503543,0.004948399941664065,0.0
2085,177,-273.6206,742.29254,-0.011155167,2.2321067,3.0185661,-7.009506e-07,3.7542033195495605,-2.876213570919444e-05,-9.536742640435957e-07,0.93773051169679,0.412289834022522,0.0043983495825402385,0.0
2086,177,-273.50922,742.4434,-0.011154976,2.2320986,3.0185823,-1.1014938e-06,3.75421142578125,-2.2370551124834935e-05,-9.536742640435957e-07,0.9373396262277935,0.41228942871093754,0.00391500906419486,0.0
2087,177,-273.3978,742.59436,-0.0111551285,2.232073,3.0186105,-1.7261505e-06,3.754218816757202,-1.6511596726660613e-05,-9.536742640435957e-07,0.936991218178184,0.4122890591621399,0.0034950339214281025,0.0
2088,177,-273.2864,742.74524,-0.01115509,2.2320633,3.0186284,-4.4345856e-07,3.75422739982605,-1.2783173232380344e-05,-9.536742640435957e-07,0.9366806935950808,0.41228863000869753,0.0031244935036444446,0.0
2089,177,-273.17496,742.896,-0.01115509,2.2320645,3.0186346,4.0531157e-07,3.7542331218719482,-9.587377892454592e-06,-9.536742640435957e-07,0.9364031256304672,0.4122883439064026,0.002751470750964891,0.0
2090,178,-273.06354,743.0469,-0.011154899,2.2319994,3.0186894,6.008148e-07,3.7542386054992676,-6.92421883420602e-06,-9.536742640435957e-07,0.9361565834925532,0.4122880697250366,0.0070856456075921274,0.0
2091,178,-272.9518,743.1977,-0.011155052,2.239626,3.0129857,1.8596648e-07,3.7541985511779785,-2.6631608868961715e-05,-9.536742640435957e-07,0.9357597724901313,0.4122900724411011,0.006689796522307626,0.0
2092,178,-272.8399,743.34863,-0.011155014,2.2423067,3.0109856,5.7220458e-08,3.7541942596435547,-3.9947408223865914e-05,-9.536742640435957e-07,0.9352479129286181,0.4122902870178223,0.006131887524099967,0.0
2093,178,-272.72797,743.4996,-0.011154938,2.243347,3.0102184,2.4986266e-06,3.7542004585266113,-3.994741228752724e-05,-9.536742640435957e-07,0.934734522049478,0.41228997707366943,0.0055744350353513685,0.0
2094,178,-272.616,743.65045,-0.011155014,2.2438207,3.0098763,-3.2901764e-07,3.754209280014038,-3.5153726389045946e-05,-9.536742640435957e-07,0.9342529559453645,0.41228953599929813,0.005050322270939746,0.0
2095,178,-272.50406,743.8014,-0.011155052,2.2440798,3.0096939,9.059906e-08,3.7542178630828857,-2.876213570919444e-05,-9.536742640435957e-07,0.9338124691010654,0.41228910684585574,0.004610025361081368,0.0
2096,178,-272.39203,743.9523,-0.011155052,2.2443182,3.0095258,-2.7179718e-07,3.754225492477417,-2.343581556086663e-05,-9.536742640435957e-07,0.9334103317764634,0.41228872537612915,0.004196266575347727,0.0
2097,178,-272.27985,744.1031,-0.011155014,2.2445138,3.0093875,-5.626678e-07,3.7542314529418945,-1.8642125598724003e-05,-9.536742640435957e-07,0.9330438142314412,0.4122884273529053,0.003784328831534432,0.0
2098,178,-272.16766,744.25397,-0.011155014,2.2446277,3.00931,-1.0967254e-07,3.754237651824951,-1.4913700072613067e-05,-9.536742640435957e-07,0.9327109856742086,0.4122881174087525,0.003437907530723251,0.0
2099,178,-272.05545,744.40485,-0.011154861,2.244754,3.0092213,-6.961822e-07,3.754242181777954,-1.1717907780433316e-05,-9.536742640435957e-07,0.9324101150500569,0.4122878909111023,0.003134114124145685,0.0
2100,178,-271.94324,744.55566,-0.01115509,2.2448938,3.0091221,1.7642975e-07,3.754246234893799,-9.587378908369924e-06,-9.536742640435957e-07,0.9321362755109696,0.4122876882553101,0.0028615146788271016,0.0
2101,179,-271.83102,744.70654,-0.011154976,2.2450347,3.009021,-1.6927719e-06,3.7542495727539062,-7.989483270237714e-06,-9.536742640435957e-07,0.9318859383685021,0.41228752136230473,0.007120667585979635,0.0
2102,179,-271.71866,744.8567,-0.011154976,2.2525895,3.0033197,-1.0156631e-06,3.754209518432617,-2.7696873304993412e-05,-9.536742640435957e-07,0.9314844002551453,0.41228952407836916,0.006690141625816782,0.0
2103,179,-271.60614,745.00684,-0.011155014,2.2551997,3.001354,-1.335144e-06,3.754204511642456,-4.048004450554309e-05,-9.536742640435957e-07,0.9309708762179508,0.41228977441787723,0.006085196409369928,0.0
2104,179,-271.49356,745.1569,-0.011154861,2.2561426,3.0006545,1.5544891e-06,3.754211902618408,-4.048004856920442e-05,-9.536742640435957e-07,0.9304586171822741,0.4122894048690796,0.00546218780021676,0.0
2105,179,-271.38083,745.30707,-0.011154861,2.2564719,3.0004165,-1.1873245e-06,3.7542195320129395,-3.46210941710301e-05,-9.536742640435957e-07,0.9299823108213134,0.412289023399353,0.00486410725014951,0.0
2106,179,-271.26807,745.45715,-0.011154899,2.2565475,3.0003695,1.7929077e-06,3.75422739982605,-2.7696873304993412e-05,-9.536742640435957e-07,0.9295530092535926,0.41228863000869753,0.00431031602062979,0.0
2107,179,-271.1553,745.6073,-0.011154938,2.2565126,3.0004025,-1.5830993e-06,3.754232883453369,-2.1305282625141908e-05,-9.536742640435957e-07,0.9291695140566213,0.4122883558273316,0.00383043393002543,0.0
2108,179,-271.04254,745.7574,-0.011155052,2.2564695,3.0004404,-9.012222e-07,3.754237174987793,-1.5978966540475428e-05,-9.536742640435957e-07,0.9288280968048731,0.41228814125061036,0.003395026634598505,0.0
2109,179,-270.92975,745.9075,-0.011155052,2.256413,3.0004895,-1.8072128e-06,3.7542426586151123,-1.1717907780433316e-05,-9.536742640435957e-07,0.9285251622308766,0.4122878670692444,0.003002296686091135,0.0
2110,179,-270.81696,746.05756,-0.011155052,2.2563455,3.0005443,-1.1157989e-06,3.7542457580566406,-8.522114980295896e-06,-9.536742640435957e-07,0.9282566490139693,0.41228771209716797,0.0026554331181772597,0.0
2111,179,-270.70413,746.2076,-0.011154861,2.2562826,3.000596,-9.155273e-07,3.754249334335327,-6.391586108232505e-06,-9.536742640435957e-07,0.928019028465707,0.41228753328323364,0.002323608693264515,0.0
2112,180,-270.5913,746.35767,-0.011155052,2.256184,3.0006726,-1.411438e-06,3.75425124168396,-4.261057744126781e-06,-9.536742640435957e-07,0.9278099037411085,0.412287437915802,0.006785781241489033,0.0
2113,180,-270.4784,746.5077,-0.01115509,2.2638924,2.9948092,-2.4318695e-06,3.7542097568511963,-2.5033712214914173e-05,-9.536742640435957e-07,0.9274433861960864,0.4122895121574402,0.006460256158257648,0.0
2114,180,-270.36526,746.6579,-0.011154938,2.2666547,2.9927123,1.5163421e-06,3.754204273223877,-3.8882147851495544e-05,-9.536742640435957e-07,0.9269544298199478,0.4122897863388062,0.00596936575683967,0.0
2115,180,-270.25214,746.80774,-0.011155014,2.267784,2.9918597,-1.1110305e-06,3.754206895828247,-3.994741228752724e-05,-9.536742640435957e-07,0.9264585492249751,0.4122896552085877,0.005415031286173286,0.0
2116,180,-270.1388,746.9571,-0.011155014,2.2682593,2.99151,-1.0919571e-06,3.7542152404785156,-3.5153726389045946e-05,-9.536742640435957e-07,0.9259914307697752,0.41228923797607425,0.004758718288953518,0.0
2117,180,-270.02545,747.1064,-0.011154861,2.2682724,2.9915085,-6.580353e-07,3.7542219161987305,-2.822950552300926e-05,-9.536742640435957e-07,0.9255685207886706,0.4122889041900635,0.004144116126651945,0.0
2118,180,-269.9121,747.2557,-0.011154976,2.2681046,2.9916441,-1.87397e-06,3.7542288303375244,-2.130528668880324e-05,-9.536742640435957e-07,0.9251956116570322,0.4122885584831238,0.0035893322877652324,0.0
2119,180,-269.79874,747.4051,-0.011154938,2.267874,2.9918284,-3.5762787e-07,3.7542362213134766,-1.5446333306544248e-05,-9.536742640435957e-07,0.9248702399508518,0.41228818893432617,0.003108477328835416,0.0
2120,180,-269.6854,747.55426,-0.011155014,2.2676466,2.9920056,-3.480911e-07,3.7542402744293213,-1.0652644360316952e-05,-9.536742640435957e-07,0.9245874122430854,0.41228798627853397,0.002629492031519847,0.0
2121,180,-269.5722,747.7042,-0.011154976,2.2673395,2.992243,3.0183792e-06,3.754243850708008,-6.391586108232505e-06,-9.536742640435957e-07,0.9243444653726429,0.41228780746459964,0.0024389210234526445,0.0
2122,181,-269.45898,747.8543,-0.011154976,2.2674007,2.992199,3.1137465e-06,3.7542457580566406,-4.793689962142629e-06,-9.536742640435957e-07,0.9241298811678098,0.41228771209716797,0.00700722698297495,0.0
2123,181,-269.3455,748.0036,-0.0111551285,2.2753208,2.9861257,-1.6260146e-06,3.754201889038086,-2.6098978682776533e-05,-9.536742640435957e-07,0.9237511796608006,0.41228990554809575,0.006611644884821602,0.0
2124,181,-269.23178,748.15295,-0.011154938,2.2787094,2.9835296,3.0231474e-06,3.754193067550659,-4.207794522325196e-05,-9.536742640435957e-07,0.9232340603561344,0.41229034662246705,0.006004583355476865,0.0
2125,181,-269.1181,748.30225,-0.011154899,2.2792706,2.9831095,3.2186508e-06,3.754199981689453,-4.1545308941574786e-05,-9.536742640435957e-07,0.922716874472441,0.41229000091552737,0.005399779827872172,0.0
2126,181,-269.0043,748.4516,-0.011154976,2.2795157,2.9829304,-7.629394e-07,3.754206418991089,-3.5153726389045946e-05,-9.536742640435957e-07,0.9222443631160336,0.41228967905044556,0.004841723973458212,0.0
2127,181,-268.8904,748.6009,-0.011155014,2.2796228,2.982859,3.4904479e-06,3.7542147636413574,-2.822950552300926e-05,-9.536742640435957e-07,0.9218171920771849,0.41228926181793213,0.00431344745928017,0.0
2128,181,-268.77646,748.7503,-0.011154938,2.2796347,2.9828577,-1.2969971e-06,3.754220962524414,-2.1837918906819086e-05,-9.536742640435957e-07,0.9214348287236769,0.41228895187377934,0.0038559996173045913,0.0
2129,181,-268.6625,748.8996,-0.0111551285,2.2796433,2.98286,-8.916855e-07,3.754227876663208,-1.6511596726660613e-05,-9.536742640435957e-07,0.9210928122606834,0.4122886061668396,0.00342967262004795,0.0
2130,181,-268.54855,749.0489,-0.0111551285,2.279619,2.982883,-1.7499923e-06,3.7542314529418945,-1.2250539998449162e-05,-9.536742640435957e-07,0.9207876139997604,0.4122884273529053,0.0030542342487642968,0.0
2131,181,-268.43457,749.1982,-0.011155014,2.2795959,2.9829059,2.7179718e-07,3.7542355060577393,-9.054746690354077e-06,-9.536742640435957e-07,0.9205161047266268,0.41228822469711307,0.00271632923141402,0.0
2132,181,-268.3206,749.3474,-0.011155014,2.2795696,2.9829311,1.9073485e-07,3.754239559173584,-6.924218326248353e-06,-9.536742640435957e-07,0.9202742231206203,0.4122880220413208,0.00240398700013276,0.0
2133,182,-268.2066,749.4967,-0.01115509,2.2795246,2.9829683,-1.6069412e-06,3.754241943359375,-5.32632167220081e-06,-9.536742640435957e-07,0.9200595057577327,0.41228790283203126,0.006921623344808064,0.0
2134,182,-268.0925,749.646,-0.0111551285,2.287305,2.9769537,-1.5640259e-06,3.754199981689453,-2.6098978682776533e-05,-9.536742640435957e-07,0.9196846658343041,0.41229000091552737,0.006606796154026233,0.0
2135,182,-267.97824,749.7947,-0.011155014,2.2901244,2.9747775,1.7642975e-07,3.7541937828063965,-3.9947408223865914e-05,-9.536742640435957e-07,0.9191854562879687,0.4122903108596802,0.006000551391238125,0.0
2136,182,-267.86392,749.94324,-0.011155014,2.2911077,2.9740283,-2.7179718e-07,3.7542002201080322,-4.048004856920442e-05,-9.536742640435957e-07,0.9186823185790255,0.4122899889945984,0.005356380462634861,0.0
2137,182,-267.74942,750.0918,-0.0111551285,2.2913992,2.973813,-2.3698806e-06,3.7542076110839844,-3.515372232538461e-05,-9.536742640435957e-07,0.918215066965771,0.4122896194458008,0.00471519305928317,0.0
2138,182,-267.63492,750.24036,-0.0111551285,2.2913764,2.9738398,-2.684593e-06,3.7542150020599365,-2.7696871273162745e-05,-9.536742640435957e-07,0.9177947535667293,0.4122892498970032,0.004133144251645704,0.0
2139,182,-267.52042,750.3889,-0.011154861,2.2912445,2.97395,-2.0980835e-07,3.7542216777801514,-2.0772656502618056e-05,-9.536742640435957e-07,0.9174235754897995,0.41228891611099244,0.0036127434967684574,0.0
2140,182,-267.40594,750.5374,-0.011155014,2.2910776,2.9740872,-1.4019012e-06,3.7542285919189453,-1.4913701088528401e-05,-9.536742640435957e-07,0.9170981372045919,0.41228857040405276,0.0031443164309786983,0.0
2141,182,-267.2916,750.6859,-0.011155014,2.2908936,2.974233,-1.46389e-06,3.7542316913604736,-1.0652642328486287e-05,-9.536742640435957e-07,0.9168137116001713,0.41228841543197636,0.002762493959548719,0.0
2142,182,-267.17722,750.8344,-0.01115509,2.2907653,2.9743364,-2.0980835e-06,3.75423526763916,-7.456851052221867e-06,-9.536742640435957e-07,0.9165645063011671,0.41228823661804204,0.002416201331269246,0.0
2143,182,-267.06284,750.98285,-0.011154899,2.290645,2.9744341,1.5306473e-06,3.754239320755005,-4.793689962142629e-06,-9.536742640435957e-07,0.9163459939337262,0.4122880339622498,0.0020918713734264394,0.0
2144,183,-266.94846,751.1314,-0.01115509,2.2905014,2.9745471,1.4734268e-06,3.7542412281036377,-3.195793308095086e-06,-9.536742640435957e-07,0.9161558442318946,0.41228793859481816,0.006842083167995582,0.0
2145,183,-266.8338,751.2799,-0.011154861,2.2985551,2.9682682,-6.723404e-07,3.7541937828063965,-2.5033712214914173e-05,-9.536742640435957e-07,0.9157975159072244,0.4122903108596802,0.00649555360561447,0.0
2146,183,-266.71893,751.4285,-0.011155014,2.3013806,2.9660683,-9.2506406e-07,3.7541861534118652,-3.9947416351188574e-05,-9.536742640435957e-07,0.9153085595310858,0.41229069232940674,0.005960184875350181,0.0
2147,183,-266.60403,751.577,-0.011155052,2.3024626,2.9652355,-8.4400176e-07,3.7541918754577637,-4.101268078722027e-05,-9.536742640435957e-07,0.9148120797248678,0.4122904062271118,0.005394016464035252,0.0
2148,183,-266.4891,751.7256,-0.011154938,2.3029008,2.964902,-2.1409987e-06,3.754197120666504,-3.568635047973913e-05,-9.536742640435957e-07,0.9143454273228586,0.41229014396667485,0.004879207519547383,0.0
2149,183,-266.37402,751.87415,-0.0111551285,2.3031342,2.9647324,-2.1219253e-06,3.754206418991089,-2.929477199087162e-05,-9.536742640435957e-07,0.9139193881274732,0.41228967905044556,0.004386799622036218,0.0
2150,183,-266.2589,752.0227,-0.011155052,2.303247,2.9646523,-3.566742e-06,3.7542123794555664,-2.3435817592697295e-05,-9.536742640435957e-07,0.913533296348439,0.4122893810272217,0.003945207429132286,0.0
2151,183,-266.14377,752.1712,-0.01115509,2.3033223,2.9646018,-2.2268296e-06,3.754218578338623,-1.8109491348877488e-05,-9.536742640435957e-07,0.9131853543520202,0.4122890710830689,0.0035379131735446636,0.0
2152,183,-266.02866,752.31976,-0.011155014,2.3033648,2.964575,-2.0503996e-06,3.754223585128784,-1.3848436652496706e-05,-9.536742640435957e-07,0.9128728323980994,0.4122888207435608,0.0032068739695432853,0.0
2153,183,-265.91354,752.46826,-0.01115509,2.303451,2.9645116,-1.7118454e-06,3.7542264461517334,-1.11852765783328e-05,-9.536742640435957e-07,0.9125905373225509,0.41228867769241334,0.0029094840473707587,0.0
2154,184,-265.79837,752.6167,-0.011155052,2.3035483,2.964442,-1.3113022e-06,3.7542312145233154,-8.522115488253562e-06,-9.536742640435957e-07,0.9123352733320669,0.41228843927383424,0.007299994150170249,0.0
2155,184,-265.68307,752.76483,-0.011155014,2.3111956,2.9584265,4.7206876e-07,3.754185914993286,-2.876213774102511e-05,-9.536742640435957e-07,0.9119242144178131,0.4122907042503357,0.006895205644594123,0.0
2156,184,-265.5676,752.91254,-0.011154899,2.3138955,2.9563086,1.4686584e-06,3.754180669784546,-4.20779370959293e-05,-9.536742640435957e-07,0.9113962427317049,0.41229096651077274,0.006231436254834361,0.0
2157,184,-265.45212,753.06036,-0.011154861,2.3147988,2.9556067,9.870529e-07,3.7541849613189697,-4.154530487791345e-05,-9.536742640435957e-07,0.9108700021003052,0.4122907519340515,0.0055948801076955886,0.0
2158,184,-265.33646,753.2082,-0.0111551285,2.315122,2.955365,-3.98159e-06,3.7541940212249756,-3.568635454340046e-05,-9.536742640435957e-07,0.9103828433579025,0.41229029893875124,0.004969766303547418,0.0
2159,184,-265.22076,753.3559,-0.011154899,2.315176,2.9553325,1.4448166e-06,3.754201889038086,-2.822950552300926e-05,-9.536742640435957e-07,0.9099426894087397,0.41228990554809575,0.004375554498270752,0.0
2160,184,-265.1051,753.5037,-0.01115509,2.3150902,2.9554095,-9.2506406e-07,3.754209518432617,-2.1837918906819086e-05,-9.536742640435957e-07,0.9095518705187705,0.41228952407836916,0.003878506488208772,0.0
2161,184,-264.98938,753.6515,-0.01115509,2.3150172,2.955474,-7.9631803e-07,3.7542152404785156,-1.5978966540475428e-05,-9.536742640435957e-07,0.9092055929980329,0.41228923797607425,0.003410982484552717,0.0
2162,184,-264.87366,753.7992,-0.01115509,2.314908,2.9555655,-1.039505e-06,3.7542197704315186,-1.1717908796348647e-05,-9.536742640435957e-07,0.9088994626307284,0.4122890114784241,0.0029806682914331195,0.0
2163,184,-264.75793,753.94696,-0.011155052,2.3147686,2.955679,-2.0503997e-07,3.754223108291626,-7.989483270237714e-06,-9.536742640435957e-07,0.9086304833606303,0.4122888445854187,0.0026110150674581497,0.0
2164,184,-264.6422,754.09467,-0.011155052,2.314646,2.9557805,-1.001358e-07,3.75422739982605,-5.858953382258991e-06,-9.536742640435957e-07,0.9083950599202674,0.41228863000869753,0.0022675771022981246,0.0
2165,185,-264.5265,754.2423,-0.011155014,2.3145044,2.9558916,-1.8453597e-06,3.754227638244629,-3.7284252721321002e-06,-9.536742640435957e-07,0.9081893307260588,0.41228861808776857,0.006642369505592144,0.0
2166,185,-264.41064,754.3901,-0.011154976,2.3219354,2.9500093,-3.0994414e-07,3.7541894912719727,-2.3968449810713143e-05,-9.536742640435957e-07,0.9078304031901433,0.4122905254364014,0.006315207394719994,0.0
2167,185,-264.29462,754.5379,-0.011154976,2.3245833,2.9479156,-5.197525e-07,3.754183530807495,-3.7284251197448006e-05,-9.536742640435957e-07,0.9073526986696103,0.41229082345962526,0.005813192019243671,0.0
2168,185,-264.17856,754.6856,-0.011155014,2.3256338,2.947094,1.9073486e-08,3.7541890144348145,-3.834951969714103e-05,-9.536742640435957e-07,0.9068684028253795,0.4122905492782593,0.005283302045884562,0.0
2169,185,-264.0625,754.83344,-0.011154938,2.3260965,2.9467423,-9.5367426e-08,3.754199743270874,-3.408846195301425e-05,-9.536742640435957e-07,0.9064125362257851,0.41229001283645633,0.0048242561029129116,0.0
2170,185,-263.94635,754.98114,-0.011155052,2.3264043,2.9465094,-4.196167e-07,3.7542076110839844,-2.8229507554839924e-05,-9.536742640435957e-07,0.9059934878282612,0.4122896194458008,0.004378094194172,0.0
2171,185,-263.83008,755.12897,-0.011155052,2.3266041,2.9463608,7.6293944e-08,3.7542147636413574,-2.2903181311020116e-05,-9.536742640435957e-07,0.9056109247376712,0.41228926181793213,0.003983257187149596,0.0
2172,185,-263.71378,755.2767,-0.011154938,2.3267772,2.9462306,1.4972686e-06,3.7542200088500977,-1.8109493380708154e-05,-9.536742640435957e-07,0.905262583267089,0.41228899955749515,0.00360831996728352,0.0
2173,185,-263.59747,755.42444,-0.011155052,2.3269076,2.9461367,1.1730194e-06,3.7542271614074707,-1.4381068870512554e-05,-9.536742640435957e-07,0.904946066571533,0.4122886419296265,0.003298908843267403,0.0
2174,185,-263.48117,755.57214,-0.011155052,2.327066,2.9460175,1.2159347e-06,3.7542316913604736,-1.1717908796348647e-05,-9.536742640435957e-07,0.9046586449108862,0.41228841543197636,0.0030247500097616304,0.0
2175,185,-263.36487,755.7199,-0.011155014,2.327236,2.945888,-1.25885e-06,3.75423526763916,-9.587379924285257e-06,-9.536742640435957e-07,0.9043953914371319,0.41228823661804204,0.0028115597024405766,0.0
2176,186,-263.24854,755.8676,-0.01115509,2.3274617,2.9457152,-1.6927719e-06,3.754239559173584,-8.522115488253562e-06,-9.536742640435957e-07,0.9041531103569619,0.4122880220413208,0.0052560400573178736,0.0
2177,186,-263.1321,756.0146,-0.011155014,2.3319552,2.9421377,-3.147125e-07,3.754222869873047,-1.9707392066586363e-05,-9.536742640435957e-07,0.9038262073331547,0.41228885650634767,0.004863733663138863,0.0
2178,186,-263.01562,756.16156,-0.011155014,2.3334572,2.9409444,-1.2445449e-06,3.754221200942993,-2.6631608868961715e-05,-9.536742640435957e-07,0.9034409810814747,0.4122889399528504,0.004383844682530407,0.0
2179,186,-262.89914,756.3085,-0.011154938,2.3339598,2.940549,-2.0313262e-06,3.7542238235473633,-2.556634646476069e-05,-9.536742640435957e-07,0.9030666737902641,0.41228880882263186,0.003908979892565119,0.0
2180,186,-262.78262,756.45544,-0.011155052,2.334103,2.9404428,-9.155273e-07,3.754229784011841,-2.1837918906819086e-05,-9.536742640435957e-07,0.9027235254838074,0.412288510799408,0.003481126284325383,0.0
2181,186,-262.66595,756.6024,-0.011155014,2.3341303,2.9404263,-7.867813e-07,3.7542335987091064,-1.7044230976507124e-05,-9.536742640435957e-07,0.9024151980086035,0.4122883200645447,0.0030610827194105608,0.0
2182,186,-262.54935,756.7493,-0.01115509,2.33406,2.9404862,3.33786e-07,3.754236936569214,-1.2783173232380344e-05,-9.536742640435957e-07,0.902140825837298,0.41228815317153933,0.0026876590043689113,0.0
2183,186,-262.43283,756.8963,-0.01115509,2.3339655,2.9405675,1.2874602e-07,3.754241943359375,-9.587379924285257e-06,-9.536742640435957e-07,0.9018996100215642,0.41228790283203126,0.002397215617892474,0.0
2184,186,-262.3163,757.0433,-0.01115509,2.3339317,2.9405968,-2.1648407e-06,3.754243850708008,-6.924217818290686e-06,-9.536742640435957e-07,0.9016859579231125,0.41228780746459964,0.002145977157611833,0.0
2185,186,-262.19977,757.1901,-0.01115509,2.333927,2.9406,-2.7370452e-06,3.7542433738708496,-5.32632167220081e-06,-9.536742640435957e-07,0.9014952755890628,0.4122878313064575,0.0018869382139817632,0.0
2186,187,-262.08322,757.3371,-0.011154938,2.333878,2.9406443,6.1035155e-07,3.7542476654052734,-3.7284260340686e-06,-9.536742640435957e-07,0.9013260317017883,0.41228761672973635,0.0031454305515533723,0.0
2187,187,-261.9665,757.4841,-0.011155052,2.3362231,2.9387767,-1.0824203e-06,3.754244089126587,-9.587379924285257e-06,-9.536742640435957e-07,0.9011197698753617,0.4122877955436707,0.002907982905006028,0.0
2188,187,-261.84976,757.6309,-0.011154976,2.337022,2.9381418,-2.603531e-06,3.754244327545166,-1.3315803418565526e-05,-9.536742640435957e-07,0.9008864103848435,0.4122877836227417,0.0026159436882080295,0.0
2189,187,-261.73303,757.7779,-0.011154976,2.3372855,2.9379363,-1.7881393e-06,3.7542474269866943,-1.2783174248295676e-05,-9.536742640435957e-07,0.900662238800086,0.4122876286506653,0.002359872994201974,0.0
2190,187,-261.6163,757.9248,-0.0111551285,2.3374016,2.9378438,-3.2663345e-06,3.7542471885681152,-1.1185275562417467e-05,-9.536742640435957e-07,0.9004561101317139,0.4122876405715943,0.002119116094181669,0.0
2191,187,-261.49957,758.0718,-0.011154938,2.337457,2.9378076,1.6260146e-06,3.754253387451172,-9.054746690354077e-06,-9.536742640435957e-07,0.9002691562231904,0.41228733062744144,0.0019187406296383189,0.0
2192,187,-261.3828,758.2186,-0.011154976,2.3375137,2.9377644,-2.2363663e-06,3.7542548179626465,-6.924218326248353e-06,-9.536742640435957e-07,0.9001008444422973,0.4122872591018677,0.0017131658559936883,0.0
2193,187,-261.26608,758.3656,-0.01115509,2.3375292,2.9377568,5.2452087e-08,3.754258632659912,-5.858954398174324e-06,-9.536742640435957e-07,0.89994911083919,0.4122870683670044,0.001566856208022709,0.0
2194,187,-261.14932,758.5125,-0.0111551285,2.3375924,2.9377093,-9.346008e-07,3.754260778427124,-4.2610569821902815e-06,-9.536742640435957e-07,0.8998115585688875,0.4122869610786438,0.0014214988457327796,0.0
2195,187,-261.03256,758.65936,-0.0111551285,2.3376453,2.93767,6.2465665e-07,3.754262924194336,-3.7284255261109336e-06,-9.536742640435957e-07,0.899686989208899,0.41228685379028324,0.001282043176665627,0.0
2196,187,-260.9158,758.80634,-0.011154976,2.3376787,2.9376428,-1.411438e-06,3.7542624473571777,-3.1957930541162527e-06,-9.536742640435957e-07,0.8995746703899249,0.4122868776321411,0.0011938925880045556,0.0
2197,188,-260.79904,758.9532,-0.01115509,2.3377674,2.9375737,-6.2465665e-07,3.7542636394500732,-2.663161090079238e-06,-9.536742640435957e-07,0.8994707405283846,0.41228681802749634,0.0018125739671152278,0.0
2198,188,-260.6821,759.10016,-0.011154976,2.3389974,2.936592,-1.6021728e-06,3.7542619705200195,-5.858953890216658e-06,-9.536742640435957e-07,0.8993482351182409,0.41228690147399905,0.0016830961791123083,0.0
2199,188,-260.56516,759.247,-0.01115509,2.3394368,2.9362407,-5.00679e-07,3.754260778427124,-7.456850036306534e-06,-9.536742640435957e-07,0.899212413902647,0.4122869610786438,0.0015166756136022238,0.0
2200,188,-260.4482,759.394,-0.0111551285,2.3395865,2.9361234,-1.206398e-06,3.7542622089385986,-7.4568505442642005e-06,-9.536742640435957e-07,0.8990819855882602,0.4122868895530701,0.001381394132457313,0.0
2201,188,-260.33127,759.54083,-0.01115509,2.3396754,2.9360554,-6.9141385e-07,3.7542645931243896,-6.391586616190172e-06,-9.536742640435957e-07,0.8989620101811522,0.41228677034378053,0.0012390669490966628,0.0
2202,188,-260.2143,759.68774,-0.0111551285,2.33971,2.9360301,-2.0837783e-06,3.7542662620544434,-5.32632167220081e-06,-9.536742640435957e-07,0.8988528871554862,0.4122866868972779,0.0011171453976369884,0.0
2203,188,-260.09735,759.83466,-0.011155052,2.3397362,2.9360104,-7.724762e-07,3.754267454147339,-4.261057490147948e-06,-9.536742640435957e-07,0.8987543501951533,0.4122866272926331,0.00101956569323344,0.0
2204,188,-259.98038,759.98157,-0.0111551285,2.339779,2.9359775,-1.8405914e-06,3.754268169403076,-3.195793308095086e-06,-9.536742640435957e-07,0.8986649345615538,0.4122865915298462,0.0009285819340978868,0.0
2205,188,-259.8634,760.1284,-0.011155014,2.3398182,2.9359457,-9.346008e-07,3.754267930984497,-2.663160836100405e-06,-9.536742640435957e-07,0.8985834418321974,0.41228660345077517,0.0008362595796763835,0.0
2206,188,-259.74643,760.27527,-0.011155014,2.3398407,2.9359293,-3.528595e-07,3.7542688846588135,-2.130528745073974e-06,-9.536742640435957e-07,0.8985099385861113,0.41228655576705936,0.0007561615284596549,0.0
2207,188,-259.62946,760.42224,-0.011155014,2.3398619,2.9359136,-2.6226044e-07,3.75426983833313,-1.597896654047543e-06,-9.536742640435957e-07,0.8984432264008048,0.41228650808334355,0.0007200254229069064,0.0
2208,189,-259.51248,760.56915,-0.011155167,2.3399398,2.9358525,-1.1110305e-06,3.7542707920074463,-1.597896654047543e-06,-9.536742640435957e-07,0.8983820402747602,0.4122864603996277,0.0009844618694336991,0.0
2209,189,-259.3955,760.716,-0.011154976,2.3405135,2.9353967,-1.4829635e-06,3.7542717456817627,-3.195793308095086e-06,-9.536742640435957e-07,0.8983121988751729,0.4122864127159119,0.0009207356601211292,0.0
2210,189,-259.27856,760.86285,-0.011154976,2.3407369,2.9352179,-1.25885e-06,3.7542715072631836,-3.7284255261109336e-06,-9.536742640435957e-07,0.8982376969436779,0.41228642463684084,0.0008602624387514455,0.0
2211,189,-259.1616,761.0098,-0.0111551285,2.3408632,2.9351196,-2.2554398e-06,3.7542734146118164,-3.7284252721321002e-06,-9.536742640435957e-07,0.898165325541055,0.4122863292694092,0.0008219213884514081,0.0
2212,189,-259.04462,761.1567,-0.011155167,2.3409853,2.9350204,-2.5177e-06,3.7542717456817627,-3.728425018153267e-06,-9.536742640435957e-07,0.8980960167736857,0.4122864127159119,0.0007683693543427382,0.0
2213,189,-258.92764,761.3036,-0.011154976,2.3410754,2.9349487,-1.8072128e-06,3.754271984100342,-3.195793562073919e-06,-9.536742640435957e-07,0.8980299703786517,0.4122864007949829,0.0007355277451060088,0.0
2214,189,-258.81067,761.45044,-0.011154899,2.3411806,2.934866,1.8262863e-06,3.754272937774658,-3.1957930541162527e-06,-9.536742640435957e-07,0.8979676524091439,0.4122863531112671,0.0006995786860391884,0.0
2215,189,-258.6937,761.59735,-0.011154938,2.3412786,2.9347887,-1.7929077e-06,3.7542736530303955,-2.663160836100405e-06,-9.536742640435957e-07,0.8979085968119713,0.41228631734848026,0.000686985245723331,0.0
2216,189,-258.57672,761.74426,-0.01115509,2.3414066,2.9346871,-3.1948089e-06,3.7542741298675537,-2.663160836100405e-06,-9.536742640435957e-07,0.8978516051646437,0.4122862935066223,0.0006844145083650804,0.0
2217,189,-258.45975,761.8912,-0.011154938,2.341557,2.9345686,-3.3426284e-06,3.754275321960449,-2.663160836100405e-06,-9.536742640435957e-07,0.8977950795705067,0.41228623390197755,0.0006910725835190914,0.0
2218,190,-258.34277,762.038,-0.011154976,2.3417275,2.9344335,-1.630783e-06,3.7542760372161865,-2.663160836100405e-06,-9.536742640435957e-07,0.8977391531876151,0.4122861981391907,0.0006466692578526513,0.0
2219,190,-258.22577,762.1849,-0.011155014,2.3418224,2.934358,-2.565384e-06,3.7542760372161865,-2.663160836100405e-06,-9.536742640435957e-07,0.8976848912804047,0.4122861981391907,0.000616067570643151,0.0
2220,190,-258.1086,762.3318,-0.011155014,2.3419118,2.9342875,-9.775162e-07,3.754276990890503,-2.663160836100405e-06,-9.536742640435957e-07,0.8976326267440119,0.4122861504554749,0.000568173904956797,0.0
2221,190,-257.99146,762.47876,-0.011155014,2.3419662,2.9342449,-1.5306473e-06,3.754277467727661,-2.1305284910951407e-06,-9.536742640435957e-07,0.8975835580009272,0.41228612661361697,0.0005376245926070472,0.0
2222,190,-257.8743,762.6256,-0.011155014,2.342031,2.9341953,-1.46389e-06,3.754279136657715,-2.130528745073974e-06,-9.536742640435957e-07,0.8975377516301778,0.41228604316711426,0.00049063834987385,0.0
2223,190,-257.7571,762.77246,-0.011154976,2.3420656,2.9341683,-2.8657912e-06,3.754279613494873,-1.597896654047543e-06,-9.536742640435957e-07,0.8974952742107911,0.4122860193252564,0.00044147413276620837,0.0
2224,190,-257.63992,762.9194,-0.011155167,2.3420813,2.9341588,-3.0660628e-06,3.754281997680664,-1.597896654047543e-06,-9.536742640435957e-07,0.8974568581120667,0.41228590011596683,0.0004113385444404916,0.0
2225,190,-257.52277,763.0662,-0.0111551285,2.3421135,2.9341333,-2.5939942e-06,3.754281997680664,-1.0652644360316953e-06,-9.536742640435957e-07,0.8974211717534596,0.41228590011596683,0.00038176389378598345,0.0
2226,190,-257.40558,763.21313,-0.011154899,2.342146,2.9341085,2.2315978e-06,3.7542829513549805,-1.065264372536987e-06,-9.536742640435957e-07,0.8973875493446973,0.412285852432251,0.0003621829157409574,0.0
2227,190,-257.28842,763.36,-0.011154899,2.3421886,2.934074,-6.9141385e-07,3.7542824745178223,-1.065264372536987e-06,-9.536742640435957e-07,0.8973566566760525,0.4122858762741089,0.0003433028529146586,0.0
2228,190,-257.17123,763.50684,-0.0111551285,2.3422337,2.9340408,-8.0585477e-07,3.7542848587036133,-1.0652642455475704e-06,-9.536742640435957e-07,0.8973284271684976,0.41228575706481935,0.0003204109481472045,0.0
2229,191,-257.05405,763.6538,-0.0111551285,2.342269,2.9340143,1.8024444e-06,3.754286050796509,-1.0652644360316953e-06,-9.536742640435957e-07,0.8973008634512153,0.41228569746017457,0.00019955006288257542,0.0
2230,191,-256.93686,763.80066,-0.011155205,2.342138,2.934118,-1.6260146e-06,3.7542855739593506,-5.326321862684935e-07,-9.536742640435957e-07,0.8972790255302766,0.4122857213020325,0.00017735029780125016,0.0
2231,191,-256.81967,763.9476,-0.0111551285,2.3421025,2.934149,-1.1157989e-06,3.7542874813079834,0.0,-9.536742640435957e-07,0.8972619147202728,0.41228562593460083,0.00017296820582159427,0.0
2232,191,-256.70248,764.0944,-0.011154976,2.3421147,2.934138,-7.486343e-07,3.754286527633667,5.935126190082822e-08,-9.536742640435957e-07,0.8972469344391412,0.4122856736183167,0.00016141117279829795,0.0
2233,191,-256.58533,764.24133,-0.011155014,2.3421297,2.9341288,-3.8146972e-08,3.754288673400879,0.0,-9.536742640435957e-07,0.8972332191595273,0.41228556632995605,0.00017188044465142762,0.0
2234,191,-256.46814,764.3882,-0.01115509,2.342178,2.9340892,3.147125e-07,3.7542879581451416,0.0,-9.536742640435957e-07,0.8972193041428316,0.41228560209274295,0.0001642333431264251,0.0
2235,191,-256.35095,764.53503,-0.0111551285,2.3422089,2.9340658,1.9550323e-07,3.754288911819458,-5.326321862684935e-07,-9.536742640435957e-07,0.8972059883373812,0.41228555440902714,0.000158433982839282,0.0
2236,191,-256.23376,764.68195,-0.011154976,2.3422365,2.9340432,4.2915343e-07,3.7542884349823,-5.326321227737852e-07,-9.536742640435957e-07,0.8971926725319308,0.412285578250885,0.00016782905022115976,0.0
2237,191,-256.1166,764.8288,-0.011155052,2.3422878,2.934004,-5.38826e-07,3.7542898654937744,-5.326321862684935e-07,-9.536742640435957e-07,0.8971787575152351,0.4122855067253113,0.00017390479956518116,0.0
2238,191,-255.9994,764.9757,-0.011155014,2.3423407,2.9339614,-8.5830686e-07,3.754289388656616,-5.326321862684935e-07,-9.536742640435957e-07,0.8971655748678392,0.4122855305671692,0.0001847432686991551,0.0
2239,191,-255.88222,765.12256,-0.0111551285,2.3424027,2.9339113,-2.1839141e-06,3.754289150238037,-5.326321862684935e-07,-9.536742640435957e-07,0.8971505945867075,0.4122855424880982,0.00018533902064447118,0.0
2240,192,-255.76503,765.2694,-0.011154976,2.3424542,2.9338722,-1.578331e-06,3.7542905807495117,-1.0652644360316953e-06,-9.536742640435957e-07,0.8971356808846032,0.41228547096252444,2.2219299979835702e-05,0.0
2241,192,-255.64784,765.4163,-0.011154899,2.3422363,2.9340456,1.835823e-06,3.7542901039123535,0.0,-9.536742640435957e-07,0.8971264929788424,0.41228549480438237,2.9123824136652804e-05,0.0
2242,192,-255.53069,765.5632,-0.011155167,2.3421912,2.9340794,-2.374649e-06,3.7542884349823,3.5135914345515533e-07,-9.536742640435957e-07,0.8971228977113708,0.412285578250885,4.078248012558018e-05,0.0
2243,192,-255.4135,765.7101,-0.011155014,2.3422015,2.934071,-1.6403197e-06,3.7542884349823,3.862839632934516e-07,-9.536742640435957e-07,0.8971196353390354,0.412285578250885,5.870293476269946e-05,0.0
2244,192,-255.29631,765.85693,-0.011155052,2.3422396,2.9340405,-5.149841e-07,3.7542884349823,1.8278842339533945e-07,-9.536742640435957e-07,0.8971159734925366,0.412285578250885,6.587759218209497e-05,0.0
2245,192,-255.17912,766.0038,-0.011154938,2.342272,2.9340155,-1.4543533e-06,3.754288911819458,0.0,-9.536742640435957e-07,0.8971105805913291,0.41228555440902714,7.19345075328164e-05,0.0
2246,192,-255.06194,766.1507,-0.011154976,2.3423028,2.933992,-1.7356872e-06,3.7542896270751953,0.0,-9.536742640435957e-07,0.8971053208481762,0.41228551864624025,9.301116291732233e-05,0.0
2247,192,-254.94475,766.29755,-0.011154976,2.342358,2.933948,-5.912781e-07,3.7542898654937744,-5.326321862684935e-07,-9.536742640435957e-07,0.8970988626825328,0.4122855067253113,0.00010127070626148527,0.0
2248,192,-254.82756,766.44446,-0.011155052,2.342403,2.9339125,-1.2350082e-06,3.7542901039123535,-5.326322180158476e-07,-9.536742640435957e-07,0.8970915389895351,0.41228549480438237,0.00012532101010291383,0.0
2249,192,-254.71037,766.5913,-0.01115509,2.342473,2.933859,-4.816055e-07,3.7542920112609863,-5.326321862684935e-07,-9.536742640435957e-07,0.8970824176628015,0.4122853994369507,0.0001351010445262631,0.0
2250,193,-254.59319,766.73816,-0.011155014,2.3425293,2.9338138,-1.7452239e-06,3.7542917728424072,-1.065264372536987e-06,-9.536742640435957e-07,0.8970722976506592,0.41228541135787966,0.0014294321216919343,0.0
2251,193,-254.47601,766.8851,-0.011154976,2.3446572,2.9321074,-1.5735626e-06,3.754287004470825,-6.924217818290686e-06,-9.536742640435957e-07,0.8970115775778055,0.41228564977645876,0.0014302045444983683,0.0
2252,193,-254.35886,767.03204,-0.011155014,2.345486,2.9314418,-9.1075896e-07,3.7542850971221924,-1.11852765783328e-05,-9.536742640435957e-07,0.8969102442983279,0.4122857451438904,0.0013985899269732026,0.0
2253,193,-254.24162,767.1789,-0.011155014,2.3459196,2.9310946,-2.2315978e-06,3.7542848587036133,-1.1717907780433316e-05,-9.536742640435957e-07,0.8967995899550352,0.41228575706481935,0.0013227438277188734,0.0
2254,193,-254.12427,767.32587,-0.011154938,2.3461635,2.9308984,-2.1028518e-06,3.754283905029297,-1.065264334440162e-05,-9.536742640435957e-07,0.8966893350859059,0.41228580474853516,0.0012477002759101665,0.0
2255,193,-254.00691,767.4727,-0.011154938,2.3463402,2.9307578,-2.5749207e-06,3.7542848587036133,-9.587378908369924e-06,-9.536742640435957e-07,0.896583407853548,0.41228575706481935,0.001159905382779968,0.0
2256,193,-253.88957,767.61957,-0.011155014,2.346464,2.930661,-2.4032593e-06,3.754286527633667,-7.989482254322382e-06,-9.536742640435957e-07,0.8964842716819698,0.4122856736183167,0.0010901829436299646,0.0
2257,193,-253.77222,767.76654,-0.01115509,2.3465848,2.9305642,-2.07901e-06,3.754286527633667,-6.391586108232505e-06,-9.536742640435957e-07,0.8963910610438169,0.4122856736183167,0.0010577788331134282,0.0
2258,193,-253.65486,767.9134,-0.011155014,2.3467536,2.93043,-1.3828277e-06,3.7542872428894043,-5.858953890216658e-06,-9.536742640435957e-07,0.896302577516599,0.4122856378555298,0.0010123343709400885,0.0
2259,193,-253.53752,768.0603,-0.011155014,2.346908,2.930306,-2.1076203e-06,3.754287004470825,-5.32632167220081e-06,-9.536742640435957e-07,0.8962174895197711,0.41228564977645876,0.0009997007265161654,0.0
2260,193,-253.42015,768.20715,-0.01115509,2.3471048,2.9301496,-9.298324e-07,3.7542879581451416,-4.793689962142629e-06,-9.536742640435957e-07,0.8961343323147333,0.41228560209274295,0.0009752346488609442,0.0
2261,194,-253.30278,768.3541,-0.0111551285,2.347292,2.9299998,-2.7847288e-06,3.7542879581451416,-4.793689962142629e-06,-9.536742640435957e-07,0.896053904849813,0.41228560209274295,0.005468627840038408,0.0
2262,194,-253.18527,768.50024,-0.011155052,2.3547223,2.9239807,-7.7724457e-07,3.7542483806610107,-2.556634646476069e-05,-9.536742640435957e-07,0.8958003719140374,0.4122875809669495,0.005219814654701448,0.0
2263,194,-253.06763,768.6465,-0.011154976,2.3572907,2.9219003,-1.7118454e-06,3.7542405128479004,-3.888215191515688e-05,-9.536742640435957e-07,0.8954180751395565,0.412287974357605,0.0047999631972277974,0.0
2264,194,-252.9498,768.79266,-0.011155167,2.35826,2.9211218,-1.3780593e-06,3.7542431354522705,-3.941478006951139e-05,-9.536742640435957e-07,0.8950211309790802,0.4122878432273865,0.00431303813099318,0.0
2265,194,-252.83197,768.9388,-0.011154976,2.3585906,2.9208593,-1.5544891e-06,3.754246711730957,-3.408846195301425e-05,-9.536742640435957e-07,0.894647223162033,0.41228766441345216,0.0038473586040257924,0.0
2266,194,-252.7141,769.08496,-0.01115509,2.3586812,2.9207911,-5.0544736e-07,3.7542507648468018,-2.71642390551469e-05,-9.536742640435957e-07,0.8943080695972115,0.41228746175765996,0.0034307073984794698,0.0
2267,194,-252.59624,769.23126,-0.01115509,2.3586977,2.920783,-2.5272368e-07,3.7542545795440674,-2.130528668880324e-05,-9.536742640435957e-07,0.8940038034426699,0.41228727102279666,0.003093778655861242,0.0
2268,194,-252.47835,769.3773,-0.0111551285,2.3587477,2.920747,-1.8787383e-06,3.754258155822754,-1.6511596726660613e-05,-9.536742640435957e-07,0.8937305631148278,0.41228709220886234,0.002739061435525561,0.0
2269,194,-252.36046,769.5235,-0.011154938,2.35872,2.9207737,3.0851363e-06,3.7542614936828613,-1.225053898253383e-05,-9.536742640435957e-07,0.8934865509799493,0.412286925315857,0.0024530350542189454,0.0
2270,194,-252.24257,769.6697,-0.011154976,2.358721,2.9207766,-9.870529e-07,3.7542643547058105,-9.054746690354077e-06,-9.536742640435957e-07,0.8932692370349988,0.4122867822647095,0.0022061725379128334,0.0
2271,194,-252.12466,769.81586,-0.011155052,2.3587432,2.9207604,3.4332274e-07,3.754265546798706,-6.924218326248353e-06,-9.536742640435957e-07,0.8930743602222323,0.4122867226600647,0.001988448921720632,0.0
2272,195,-252.00676,769.9619,-0.0111551285,2.3587756,2.9207337,2.7656554e-07,3.754265308380127,-5.32632167220081e-06,-9.536742640435957e-07,0.8928986581693144,0.4122867345809937,0.008447631006245335,0.0
2273,195,-251.88861,770.10785,-0.011154938,2.3694248,2.9120014,-9.965896e-07,3.754187822341919,-3.568635047973913e-05,-9.536742640435957e-07,0.8924843368827252,0.4122906088829041,0.008103475819198916,0.0
2274,195,-251.77023,770.25336,-0.01115509,2.3732262,2.9088886,-1.7404556e-06,3.754175901412964,-5.539374254632549e-05,-8.344649810381463e-07,0.8918854585325937,0.41229120492935184,0.0074012738400436266,0.0
2275,195,-251.65167,770.3988,-0.011154861,2.374595,2.9077806,1.3399124e-06,3.754183053970337,-5.592637476434134e-05,-8.344649810381463e-07,0.8912702683207854,0.4122908473014832,0.006629378567305478,0.0
2276,195,-251.53313,770.54425,-0.011154899,2.3750386,2.907432,-1.3780593e-06,3.7541937828063965,-4.8469523712119474e-05,-9.536742640435957e-07,0.8906945594721375,0.4122903108596802,0.005916568086133032,0.0
2277,195,-251.41455,770.6897,-0.011154938,2.3751683,2.90734,-1.3256073e-06,3.754204511642456,-3.888214378783422e-05,-9.536742640435957e-07,0.8901731125307,0.41228977441787723,0.005271306608809306,0.0
2278,195,-251.29593,770.83514,-0.011154899,2.3751864,2.9073381,2.0360947e-06,3.754214286804199,-3.036003439507265e-05,-9.536742640435957e-07,0.889705461443282,0.41228928565979006,0.004688202291903804,0.0
2279,195,-251.17734,770.9805,-0.011155014,2.375158,2.9073718,-1.9550323e-06,3.7542226314544678,-2.290318537468145e-05,-9.536742640435957e-07,0.8892884104165757,0.41228886842727663,0.004169367748951199,0.0
2280,195,-251.0587,771.126,-0.011154938,2.3751197,2.907412,1.1348724e-06,3.7542293071746826,-1.7044229960591793e-05,-9.536742640435957e-07,0.8889176983928366,0.4122885346412659,0.0037159927318490913,0.0
2281,195,-250.94005,771.27136,-0.011155014,2.375093,2.9074385,-2.002716e-06,3.754232883453369,-1.2783173232380344e-05,-9.536742640435957e-07,0.888587000364476,0.4122883558273316,0.003298097444905331,0.0
2282,196,-250.8214,771.4168,-0.011155014,2.37505,2.9074776,-1.7166137e-06,3.7542362213134766,-9.587379924285257e-06,-9.536742640435957e-07,0.888292920801104,0.41228818893432617,0.010617759088563631,0.0
2283,196,-250.70245,771.5621,-0.011154861,2.3871913,2.8973842,2.2268296e-06,3.754133462905884,-4.314320965928366e-05,-8.344649810381463e-07,0.8877358540800867,0.4122933268547058,0.010118312050738107,0.0
2284,196,-250.58322,771.7068,-0.011155014,2.3915184,2.8937979,8.106232e-08,3.7541213035583496,-6.498113059793341e-05,-7.152556980326968e-07,0.8869767200113596,0.41229393482208254,0.009207259306297727,0.0
2285,196,-250.46387,771.85156,-0.011155014,2.3930516,2.8925467,1.8119812e-07,3.754133939743042,-6.551375875228792e-05,-7.152556980326968e-07,0.8862070664563267,0.41229330301284794,0.008273209674101285,0.0
2286,196,-250.34438,771.9962,-0.0111551285,2.393597,2.892116,-2.3555756e-06,3.754149913787842,-5.645901104601852e-05,-8.344649810381463e-07,0.8854890782264413,0.41229250431060793,0.007356431524404486,0.0
2287,196,-250.22485,772.141,-0.011154938,2.3937144,2.8920407,-7.1525574e-07,3.754166841506958,-4.527373446768572e-05,-9.536742640435957e-07,0.8848393334994893,0.4122916579246521,0.006549676704760136,0.0
2288,196,-250.10533,772.2857,-0.011154976,2.393719,2.8920538,-2.207756e-06,3.7541799545288086,-3.515373045270727e-05,-9.536742640435957e-07,0.8842581651706067,0.4122910022735596,0.005824305092187975,0.0
2289,196,-249.98578,772.4303,-0.011154976,2.3936791,2.892101,3.528595e-07,3.754190683364868,-2.6631608868961715e-05,-9.536742640435957e-07,0.8837400471805318,0.4122904658317566,0.005149088506721439,0.0
2290,196,-249.86621,772.575,-0.0111551285,2.3935828,2.892194,-2.4795531e-06,3.7542009353637695,-1.9707390034755696e-05,-9.536742640435957e-07,0.8832808516295749,0.41228995323181156,0.004577158211271682,0.0
2291,196,-249.74661,772.7196,-0.0111551285,2.3935196,2.8922567,-5.7220458e-08,3.754209041595459,-1.4381069886427886e-05,-9.536742640435957e-07,0.8828722561393295,0.4122895479202271,0.004034451794391308,0.0
2292,196,-249.627,772.86426,-0.011155014,2.3934145,2.892351,-4.196167e-07,3.7542147636413574,-1.065264334440162e-05,-9.536742640435957e-07,0.8825110649164875,0.41228926181793213,0.003564984625586212,0.0
2293,197,-249.50737,773.0089,-0.0111551285,2.3933241,2.8924336,6.341934e-07,3.754220724105835,-7.456850036306534e-06,-9.536742640435957e-07,0.882192018217896,0.41228896379470825,0.011687195072951755,0.0
2294,197,-249.38748,773.1533,-0.011155052,2.4066849,2.8811681,-1.1110305e-06,3.7540993690490723,-4.527373446768572e-05,-8.344649810381463e-07,0.8815812222218863,0.41229503154754643,0.01112715257806402,0.0
2295,197,-249.26726,773.29724,-0.011154976,2.411424,2.8771832,-2.0074845e-06,3.7540841102600098,-6.977481243275338e-05,-7.152556980326968e-07,0.8807471201684735,0.41229579448699955,0.010127019893160465,0.0
2296,197,-249.14691,773.4412,-0.011154899,2.4131067,2.8757892,-1.1539458e-06,3.7540974617004395,-7.084007686878508e-05,-7.152556980326968e-07,0.879900700995019,0.41229512691497805,0.009102468665386271,0.0
2297,197,-249.02646,773.5852,-0.011154861,2.4137104,2.8753057,-7.9154967e-07,3.754115104675293,-6.125270507182248e-05,-7.152556980326968e-07,0.8791112734688923,0.4122942447662354,0.008134752409586736,0.0
2298,197,-248.90599,773.7292,-0.011154976,2.413906,2.8751657,-1.3828277e-07,3.754133701324463,-4.95347922118125e-05,-8.344649810381463e-07,0.8783950162937155,0.41229331493377686,0.007265960068377487,0.0
2299,197,-248.7855,773.8731,-0.01115509,2.4139674,2.8751345,-1.87397e-06,3.7541494369506836,-3.834951969714103e-05,-9.536742640435957e-07,0.877752528680734,0.41229252815246586,0.006483556151996894,0.0
2300,197,-248.665,774.017,-0.011154976,2.413977,2.8751476,-1.0538101e-06,3.7541654109954834,-2.929477199087162e-05,-9.536742640435957e-07,0.8771772193062496,0.41229172945022585,0.0057873557428105606,0.0
2301,197,-248.54446,774.16095,-0.011155014,2.4139721,2.8751657,-5.2928925e-07,3.754176378250122,-2.23705531566656e-05,-9.536742640435957e-07,0.876663961585164,0.4122911810874939,0.005174826651731013,0.0
2302,197,-248.4239,774.30475,-0.011155014,2.4139798,2.8751726,-9.059906e-07,3.7541863918304443,-1.7044227928761126e-05,-9.536742640435957e-07,0.8762052320873979,0.4122906804084778,0.0045992963440120846,0.0
2303,197,-248.30333,774.44867,-0.01115509,2.413946,2.8752124,-1.5115737e-06,3.754195213317871,-1.2783173232380344e-05,-9.536742640435957e-07,0.8757962371229889,0.41229023933410647,0.004121795559711916,0.0
2304,198,-248.18275,774.59247,-0.01115509,2.413959,2.8752117,-1.2445449e-06,3.7542030811309814,-9.587379924285257e-06,-9.536742640435957e-07,0.8754307182633756,0.41228984594345097,0.012609831485064536,0.0
2305,198,-248.06181,774.736,-0.011154899,2.4279206,2.8632576,-2.374649e-06,3.7540700435638428,-4.900215999379665e-05,-7.152556980326968e-07,0.8747607335121389,0.4122964978218079,0.011988242586325176,0.0
2306,198,-247.94052,774.8792,-0.011154899,2.4328783,2.8590298,-8.7738033e-07,3.7540576457977295,-7.456850239489601e-05,-7.152556980326968e-07,0.8738583879557927,0.41229711771011357,0.010933507655661619,0.0
2307,198,-247.81914,775.0224,-0.011154823,2.4346836,2.857515,1.6784668e-06,3.7540745735168457,-7.563376683092771e-05,-7.152556980326968e-07,0.8729448571228684,0.41229627132415775,0.009854059300534252,0.0
2308,198,-247.69772,775.1656,-0.011154938,2.4353762,2.8569596,-1.1253356e-06,3.754101037979126,-6.551375875228792e-05,-7.152556980326968e-07,0.8720917134676615,0.4122949481010437,0.008857655343973822,0.0
2309,198,-247.57626,775.30884,-0.011154938,2.4356792,2.8567297,-1.1348724e-06,3.754122734069824,-5.3263221801584764e-05,-8.344649810381463e-07,0.8713150691147671,0.4122938632965088,0.00797551148228102,0.0
2310,198,-247.4547,775.45197,-0.011154861,2.4358726,2.8565905,1.1968613e-06,3.7541422843933105,-4.2077941159590634e-05,-9.536742640435957e-07,0.8706135924836402,0.4122928857803345,0.007149084914502765,0.0
2311,198,-247.33304,775.59515,-0.011154976,2.4359674,2.8565297,-2.7799606e-06,3.754157781600952,-3.2490565298966704e-05,-9.536742640435957e-07,0.8699824233052915,0.41229211091995244,0.006414015821814998,0.0
2312,198,-247.21135,775.7383,-0.011155014,2.436039,2.8564851,-9.441375e-07,3.7541701793670654,-2.5033712214914173e-05,-9.536742640435957e-07,0.8694163018365679,0.41229149103164675,0.005750231132935591,0.0
2313,198,-247.08965,775.8813,-0.011154938,2.4360921,2.8564541,-1.5878677e-06,3.754181146621704,-1.9174755784909184e-05,-9.536742640435957e-07,0.8689075049103082,0.4122909426689148,0.0051332400755326945,0.0
2314,199,-246.96791,776.0244,-0.01115509,2.4361022,2.8564563,-3.6764145e-06,3.7541892528533936,-1.4913700072613067e-05,-9.536742640435957e-07,0.8684526369961227,0.41229053735733034,0.013329758370716982,0.0
2315,199,-246.84592,776.167,-0.011154899,2.449677,2.8446486,-2.8991699e-06,3.754056930541992,-5.219795736555307e-05,-7.152556980326968e-07,0.8677102142632359,0.4122971534729004,0.012600091114248651,0.0
2316,199,-246.72359,776.3095,-0.011154938,2.454475,2.840496,-1.5830993e-06,3.7540464401245117,-7.616640717626622e-05,-7.152556980326968e-07,0.8667492125838808,0.4122976779937744,0.011518464074818019,0.0
2317,199,-246.60112,776.45197,-0.011154899,2.4562929,2.8389502,-3.13282e-06,3.754066228866577,-7.669903939428206e-05,-7.152556980326968e-07,0.8657852148482993,0.4122966885566712,0.010405210313720862,0.0
2318,199,-246.47856,776.59436,-0.011154861,2.4570284,2.838343,-2.245903e-06,3.7540884017944336,-6.657903131564229e-05,-7.152556980326968e-07,0.8648850663998525,0.4122955799102783,0.009355388623846548,0.0
2319,199,-246.35597,776.73676,-0.011155014,2.457353,2.8380938,-1.9359588e-06,3.754112482070923,-5.379584995593928e-05,-8.344649810381463e-07,0.8640653454163262,0.4122943758964539,0.00841621341832747,0.0
2320,199,-246.23337,776.8792,-0.011155052,2.4575448,2.8379526,-6.67572e-07,3.754131317138672,-4.261056931394515e-05,-9.536742640435957e-07,0.8633248534752296,0.4122934341430664,0.007604613502569626,0.0
2321,199,-246.11073,777.02155,-0.011154976,2.4577372,2.8378072,-2.0742416e-06,3.7541472911834717,-3.302319751698255e-05,-9.536742640435957e-07,0.862656466620647,0.41229263544082645,0.006867192265840033,0.0
2322,199,-245.98808,777.1639,-0.011155205,2.457909,2.837678,-1.1873245e-06,3.754162073135376,-2.609897665094587e-05,-9.536742640435957e-07,0.8620534603708258,0.4122918963432312,0.006226724145249497,0.0
2323,199,-245.8654,777.3062,-0.011154976,2.4581017,2.8375247,-1.0967254e-06,3.7541723251342773,-2.0772658534448723e-05,-9.536742640435957e-07,0.861507112873196,0.41229138374328617,0.005668991406862561,0.0
2324,199,-245.7427,777.44855,-0.0111551285,2.458324,2.8373458,9.059906e-08,3.754182815551758,-1.6511596726660613e-05,-9.536742640435957e-07,0.8610116983314141,0.41229085922241215,0.005192950825011891,0.0
2325,200,-245.62,777.59094,-0.011155052,2.4585896,2.837128,-2.3841858e-07,3.7541918754577637,-1.3848436652496706e-05,-9.536742640435957e-07,0.8605589609461006,0.4122904062271118,0.013434978522675299,0.0
2326,200,-245.49687,777.7325,-0.011154899,2.4722197,2.8250802,-1.0681152e-06,3.7540576457977295,-5.219795330189174e-05,-7.152556980326968e-07,0.8598116113651971,0.41229711771011357,0.012691979214325667,0.0
2327,200,-245.37341,777.87415,-0.011155052,2.4770246,2.8208544,-1.2159347e-06,3.754047155380249,-7.723166348497525e-05,-7.152556980326968e-07,0.8588443512572803,0.4122976422309876,0.011629484977635164,0.0
2328,200,-245.2498,778.01514,-0.011154861,2.4805179,2.817793,-6.2465665e-07,3.754054546356201,-8.255799379245638e-05,-7.152556980326968e-07,0.8578318839898594,0.41229727268218996,0.010355499444569405,0.0
2329,200,-245.12607,778.156,-0.011155014,2.4800248,2.8182695,4.7206876e-07,3.75408673286438,-6.977482056007604e-05,-7.152556980326968e-07,0.8568959160247511,0.41229566335678103,0.009132210838531756,0.0
2330,200,-245.00232,778.2969,-0.011154899,2.479746,2.8185484,2.9087066e-06,3.7541120052337646,-5.326321773792343e-05,-7.152556980326968e-07,0.8560751297767887,0.4122943997383118,0.008057144047378867,0.0
2331,200,-244.87852,778.43774,-0.011155014,2.479521,2.8187726,5.38826e-07,3.754131555557251,-3.941478006951139e-05,-9.536742640435957e-07,0.8553534131213772,0.4122934222221375,0.0071005906728507494,0.0
2332,200,-244.7547,778.5785,-0.011154938,2.47931,2.818981,8.7738033e-07,3.7541487216949463,-2.876213570919444e-05,-9.536742640435957e-07,0.8547169176208482,0.4122925639152527,0.006216949389602357,0.0
2333,200,-244.63086,778.7193,-0.011154899,2.4790573,2.8192225,1.335144e-07,3.7541630268096924,-2.0772656502618056e-05,-9.536742640435957e-07,0.8541577203709588,0.4122918486595154,0.005440906592196999,0.0
2334,200,-244.50699,778.86005,-0.011155167,2.4788136,2.819453,-1.4352798e-06,3.7541751861572266,-1.4381068870512554e-05,-9.536742640435957e-07,0.853667099519139,0.4122912406921387,0.004724031787581106,0.0
2335,201,-244.38324,779.0008,-0.01115509,2.4785357,2.8197098,-1.5115737e-06,3.7541847229003906,-9.58738094020059e-06,-1.0728835470490452e-06,0.8532394624270996,0.4122907638549805,0.013011387259935697,0.0
2336,201,-244.2591,779.1416,-0.011154938,2.491928,2.8077056,-4.1484833e-07,3.7540533542633057,-4.740426740341044e-05,-8.344649810381463e-07,0.852524603411495,0.41229733228683474,0.012321861390330976,0.0
2337,201,-244.13464,779.28217,-0.011154976,2.4966686,2.8034759,-2.6130676e-06,3.754042148590088,-7.243797352283262e-05,-7.152556980326968e-07,0.8515887686044412,0.41229789257049565,0.011250927379699448,0.0
2338,201,-244.01012,779.42224,-0.011154976,2.4984353,2.8019269,-3.9100647e-07,3.754060983657837,-7.350322983154165e-05,-7.152556980326968e-07,0.8506474743171527,0.41229695081710815,0.010072979120816321,0.0
2339,201,-243.88539,779.5624,-0.011154861,2.4990137,2.8014452,2.4700164e-06,3.754086494445801,-6.391586616190171e-05,-7.152556980326968e-07,0.8497713608975439,0.41229567527771,0.00895262597656963,0.0
2340,201,-243.76064,779.70245,-0.011154823,2.5008428,2.79983,-6.3896175e-07,3.7540993690490723,-5.645901917334118e-05,-7.152556980326968e-07,0.8489372588441311,0.41229503154754643,0.007869844014914886,0.0
2341,201,-243.6359,779.84247,-0.011154938,2.49963,2.8009522,-6.3896175e-07,3.7541286945343018,-4.261057337760648e-05,-9.536742640435957e-07,0.8481996298012063,0.4122935652732849,0.0069052225352998296,0.0
2342,201,-243.5111,779.9825,-0.011154938,2.499123,2.8014343,2.8133393e-06,3.7541511058807373,-2.929477199087162e-05,-9.536742640435957e-07,0.8475699253614571,0.41229244470596316,0.0060666758166333335,0.0
2343,201,-243.38626,780.1225,-0.011155052,2.498825,2.8017218,-1.9073485e-07,3.754167318344116,-2.0240022252771545e-05,-9.536742640435957e-07,0.847022446020364,0.41229163408279423,0.005326455824526705,0.0
2344,201,-243.26141,780.2625,-0.011155014,2.498598,2.8019414,-9.155273e-07,3.7541801929473877,-1.384843766841204e-05,-1.0728835470490452e-06,0.8465425443919318,0.4122909903526306,0.004668178252291197,0.0
2345,201,-243.13655,780.40247,-0.011155014,2.4983983,2.8021367,-1.0204315e-06,3.75419282913208,-9.054745674438744e-06,-1.0728835470490452e-06,0.8461216983606721,0.412290358543396,0.0040622793044526005,0.0
2346,202,-243.01167,780.5424,-0.0111551285,2.4981768,2.8023453,-2.4461747e-06,3.7542011737823486,-5.858954398174324e-06,-1.0728835470490452e-06,0.8457542487092683,0.4122899413108826,0.012858071127125226,0.0
2347,202,-242.88652,780.68243,-0.011154976,2.5121672,2.78962,-1.7118454e-06,3.7540595531463623,-4.687162705807193e-05,-8.344649810381463e-07,0.8450750094732437,0.4122970223426819,0.012247558156840603,0.0
2348,202,-242.76105,780.8218,-0.011154861,2.5171592,2.7850957,-2.8467177e-06,3.7540442943573,-7.403587830420282e-05,-7.152556980326968e-07,0.8441552202117575,0.412297785282135,0.011145373594618162,0.0
2349,202,-242.6354,780.9612,-0.011154861,2.518939,2.7835152,2.732277e-06,3.754065990447998,-7.563377495825036e-05,-7.152556980326968e-07,0.8432235798834206,0.41229670047760014,0.010011570855984229,0.0
2350,202,-242.5097,781.10046,-0.011154976,2.5195723,2.7829754,-7.534027e-07,3.7540907859802246,-6.551375875228792e-05,-7.152556980326968e-07,0.842354923314864,0.41229546070098877,0.008928703143844478,0.0
2351,202,-242.38397,781.23975,-0.011154976,2.519752,2.7828434,-8.916855e-07,3.7541134357452393,-5.2730589583568915e-05,-8.344649810381463e-07,0.8415681589498273,0.41229432821273804,0.007951551040644675,0.0
2352,202,-242.25824,781.37897,-0.011154976,2.5197763,2.7828488,-1.5258788e-06,3.754133701324463,-4.101268078722027e-05,-9.536742640435957e-07,0.8408635531044196,0.41229331493377686,0.007073852042123962,0.0
2353,202,-242.13246,781.51825,-0.011155052,2.5197437,2.7829025,-1.1444091e-06,3.7541515827178955,-3.0892666613088495e-05,-9.536742640435957e-07,0.8402349805081336,0.4122924208641052,0.006303649836220867,0.0
2354,202,-242.00665,781.6575,-0.011155014,2.5197127,2.7829485,-8.487701e-07,3.754164934158325,-2.343581556086663e-05,-9.536742640435957e-07,0.8396751174679717,0.4122917532920838,0.005605506972070766,0.0
2355,202,-241.88083,781.7967,-0.011155014,2.519668,2.7830074,-1.66893e-07,3.754178762435913,-1.7576863194522973e-05,-9.536742640435957e-07,0.8391761076587181,0.41229106187820436,0.004987117854332451,0.0
2356,202,-241.75499,781.93585,-0.01115509,2.5196254,2.7830582,-1.6832352e-06,3.754187822341919,-1.2783173232380344e-05,-9.536742640435957e-07,0.8387324250211109,0.4122906088829041,0.004423553225579206,0.0
2357,203,-241.62915,782.0751,-0.011155052,2.5195673,2.7831216,-1.2874603e-06,3.7541956901550293,-9.587379924285257e-06,-1.0728835470490452e-06,0.8383382771797792,0.41229021549224854,0.01337375501782238,0.0
2358,203,-241.5029,782.214,-0.011154938,2.5337894,2.7699792,-2.207756e-06,3.7540476322174072,-5.113269292952138e-05,-7.152556980326968e-07,0.8376244834286107,0.41229761838912965,0.012697557740091812,0.0
2359,203,-241.37636,782.3525,-0.011154785,2.5388243,2.7653482,2.7370452e-06,3.754035234451294,-7.82969360483296e-05,-7.152556980326968e-07,0.8366673433328362,0.41229823827743534,0.011576062079047895,0.0
2360,203,-241.24973,782.4911,-0.011154899,2.5406578,2.7636926,-1.1253356e-06,3.754056215286255,-7.936220861168396e-05,-7.152556980326968e-07,0.8357001498039467,0.41229718923568726,0.01045783475144367,0.0
2361,203,-241.12299,782.6296,-0.011154938,2.5413992,2.7630458,-1.4686584e-06,3.754081964492798,-6.870954799672169e-05,-7.152556980326968e-07,0.834795806876783,0.41229590177536013,0.00938466462280929,0.0
2362,203,-240.99611,782.7681,-0.011154899,2.5416965,2.7628057,-1.6355514e-06,3.7541067600250244,-5.5926382891664006e-05,-7.152556980326968e-07,0.8339722908887033,0.4122946619987488,0.008408748430011298,0.0
2363,203,-240.86919,782.9066,-0.011155014,2.5418303,2.762712,-1.783371e-06,3.7541282176971436,-4.3675841877299506e-05,-9.536742640435957e-07,0.8332309999992797,0.41229358911514286,0.0075252381692174925,0.0
2364,203,-240.74223,783.04504,-0.011154976,2.5418918,2.762677,-2.28405e-06,3.7541441917419434,-3.3555823639506403e-05,-9.536742640435957e-07,0.8325655426218962,0.41229279041290284,0.006727403355745453,0.0
2365,203,-240.61528,783.1836,-0.011154976,2.5419188,2.76267,-1.6975403e-06,3.754157304763794,-2.556634443293002e-05,-9.536742640435957e-07,0.8319700598021544,0.4122921347618103,0.006062403291719676,0.0
2366,203,-240.48831,783.32196,-0.011154938,2.5420077,2.7626026,-3.0088424e-06,3.7541677951812744,-1.9707388002925033e-05,-9.536742640435957e-07,0.8314353636342938,0.4122916102409363,0.005435269462358655,0.0
2367,204,-240.3613,783.4604,-0.011154976,2.542064,2.762564,2.3555756e-06,3.7541775703430176,-1.5446333306544248e-05,-9.536742640435957e-07,0.8309549959526707,0.41229112148284913,0.013869024803393328,0.0
2368,204,-240.234,783.59827,-0.011155014,2.5555923,2.749861,-2.2315978e-06,3.7540361881256104,-5.379585401960061e-05,-7.152556980326968e-07,0.8301783515997764,0.4122981905937195,0.013097814256387138,0.0
2369,204,-240.1064,783.736,-0.011154899,2.5603683,2.7454026,2.6130676e-06,3.7540273666381836,-7.882956013902278e-05,-7.152556980326968e-07,0.8291790669797514,0.41229863166809083,0.011969883982909697,0.0
2370,204,-239.97859,783.87384,-0.011154938,2.5621789,2.743742,-8.916855e-07,3.7540485858917236,-7.936219235703864e-05,-7.152556980326968e-07,0.8281766531454456,0.41229757070541384,0.01081950512683635,0.0
2371,204,-239.85075,784.0116,-0.011154938,2.5629265,2.7430813,8.9645386e-07,3.7540762424468994,-6.870954799672169e-05,-7.152556980326968e-07,0.827240884917419,0.41229618787765504,0.009751701985798245,0.0
2372,204,-239.7229,784.14935,-0.011155052,2.563289,2.7427745,4.7206876e-07,3.7540993690490723,-5.5926382891664006e-05,-7.152556980326968e-07,0.8263876746831849,0.41229503154754643,0.008803846857500611,0.0
2373,204,-239.59503,784.2871,-0.011154938,2.5635402,2.742567,9.155273e-07,3.754119396209717,-4.4208474095315355e-05,-9.536742640435957e-07,0.8256148253348439,0.41229403018951416,0.007974718948915058,0.0
2374,204,-239.46712,784.42474,-0.011154976,2.5637805,2.7423642,3.33786e-08,3.7541353702545166,-3.5153726389045946e-05,-9.536742640435957e-07,0.8249158787067525,0.4122932314872742,0.007220034565236972,0.0
2375,204,-239.33919,784.5623,-0.011154938,2.5639942,2.742181,-8.2015987e-07,3.754147529602051,-2.769687533682408e-05,-9.536742640435957e-07,0.8242831116317497,0.4122926235198975,0.006550092021684114,0.0
2376,204,-239.21124,784.6998,-0.011154938,2.564208,2.741998,2.9468536e-06,3.754159688949585,-2.1837918906819086e-05,-9.536742640435957e-07,0.8237090006797559,0.41229201555252076,0.005954610616745025,0.0
2377,204,-239.08328,784.83673,-0.01115509,2.5644264,2.7418087,2.298355e-06,3.7541706562042236,-1.8109493380708154e-05,-9.536742640435957e-07,0.823188752160809,0.4122914671897888,0.005268222460996442,0.0
2378,205,-238.9553,784.9735,-0.01115509,2.564413,2.7418334,-4.1484833e-07,3.7541797161102295,-1.3848436652496706e-05,-9.536742640435957e-07,0.8227205018621457,0.41229101419448855,0.013530994423202393,0.0
2379,205,-238.82689,785.1105,-0.011155014,2.5775456,2.7293072,2.6798248e-06,3.7540457248687744,-5.166532108387589e-05,-7.152556980326968e-07,0.821964097533536,0.4122977137565613,0.0128061254706084,0.0
2380,205,-238.69817,785.247,-0.011154861,2.5822167,2.724869,-1.8453597e-06,3.7540316581726074,-7.669903939428206e-05,-7.152556980326968e-07,0.8209873166247222,0.41229841709136966,0.011664606333954058,0.0
2381,205,-238.56937,785.38324,-0.011154976,2.5839267,2.7232778,-1.8310546e-06,3.754053831100464,-7.669903939428206e-05,-7.152556980326968e-07,0.8200094038724451,0.4122973084449768,0.010453779413258589,0.0
2382,205,-238.44044,785.5194,-0.011154938,2.5845046,2.7227664,-2.0980835e-07,3.7540805339813232,-6.604638690664245e-05,-7.152556980326968e-07,0.8191007333085101,0.41229597330093387,0.009299506672921488,0.0
2383,205,-238.3114,785.6556,-0.011155014,2.5846338,2.722678,-3.5762787e-07,3.75410532951355,-5.2730589583568915e-05,-8.344649810381463e-07,0.8182795475863841,0.41229473352432255,0.008234764000872833,0.0
2384,205,-238.18234,785.7918,-0.011155014,2.5845735,2.7227645,-9.2506406e-07,3.75412654876709,-4.048004450554309e-05,-9.536742640435957e-07,0.8175471782866124,0.4122936725616455,0.007298906318966959,0.0
2385,205,-238.05324,785.928,-0.011155014,2.5844774,2.722882,-4.9114226e-07,3.754145622253418,-3.0360032363241983e-05,-9.536742640435957e-07,0.816896834348415,0.4122927188873291,0.006446239141893684,0.0
2386,205,-237.92412,786.064,-0.011155014,2.584343,2.72303,-3.0517577e-07,3.7541606426239014,-2.2370555188496265e-05,-9.536742640435957e-07,0.8163205262885218,0.41229196786880495,0.005654583711545853,0.0
2387,205,-237.79497,786.20013,-0.011155052,2.5841527,2.723228,-5.769729e-07,3.7541730403900146,-1.5978967556390763e-05,-9.536742640435957e-07,0.8158129277847528,0.41229134798049927,0.004957333323186657,0.0
2388,205,-237.66599,786.3362,-0.011154899,2.5839617,2.7234237,1.6021728e-06,3.754183769226074,-1.1185275562417467e-05,-1.0728835470490452e-06,0.8153659827748102,0.4122908115386963,0.0043705340789653825,0.0
2389,206,-237.53703,786.4722,-0.011154899,2.583825,2.7235677,-4.196167e-07,3.7541940212249756,-7.456850036306534e-06,-1.0728835470490452e-06,0.814973565988187,0.41229029893875124,0.013159819780957652,0.0
2390,206,-237.4076,786.6083,-0.011155014,2.597471,2.7103586,2.3412704e-06,3.7540512084960938,-4.8469531839442135e-05,-8.344649810381463e-07,0.8142703583023516,0.4122974395751953,0.012516956911140568,0.0
2391,206,-237.27785,786.7437,-0.011155014,2.6023374,2.7056673,-2.6226044e-06,3.7540371417999268,-7.563377495825036e-05,-7.152556980326968e-07,0.8133277324345181,0.41229814291000366,0.011394184546861898,0.0
2392,206,-237.148,786.87915,-0.011154938,2.6040833,2.7040145,-7.7724457e-07,3.7540571689605713,-7.723166348497525e-05,-7.152556980326968e-07,0.8123748533964877,0.41229714155197145,0.010244473448860734,0.0
2393,206,-237.018,787.0145,-0.011155014,2.6047204,2.7034369,-7.009506e-07,3.7540831565856934,-6.657902318831962e-05,-7.152556980326968e-07,0.81148635627781,0.41229584217071535,0.0091435522648848,0.0
2394,206,-236.88799,787.1499,-0.011154823,2.6049123,2.7032847,-6.151199e-07,3.7541065216064453,-5.379585401960061e-05,-8.344649810381463e-07,0.8106806168900066,0.4122946739196778,0.008150437387857878,0.0
2395,206,-236.75795,787.2853,-0.011154976,2.6049523,2.7032754,-8.249283e-07,3.7541277408599854,-4.154531300523611e-05,-9.536742640435957e-07,0.809959432866813,0.41229361295700073,0.00727121511919009,0.0
2396,206,-236.62787,787.4207,-0.011155052,2.6049542,2.7032974,-3.0374526e-06,3.7541449069976807,-3.1957933080950855e-05,-9.536742640435957e-07,0.8093144152507958,0.412292754650116,0.006502844151690794,0.0
2397,206,-236.49777,787.55597,-0.011154938,2.6049674,2.7033017,-5.912781e-07,3.754157066345215,-2.3968449810713143e-05,-9.536742640435957e-07,0.80873817376993,0.4122921466827393,0.00577971600296644,0.0
2398,206,-236.36765,787.6913,-0.01115509,2.6049302,2.7033553,-2.4700164e-06,3.7541697025299072,-1.8109497444369485e-05,-9.536742640435957e-07,0.8082247163117627,0.4122915148735047,0.005151599224486452,0.0
2399,207,-236.23752,787.82654,-0.01115509,2.6049047,2.7033937,1.1157989e-06,3.7541799545288086,-1.3315804434480857e-05,-9.536742640435957e-07,0.8077665860252419,0.4122910022735596,0.013616270487380277,0.0
2400,207,-236.10707,787.96155,-0.011155052,2.6181204,2.6904035,-2.5606155e-06,3.7540411949157715,-5.219795330189174e-05,-7.152556980326968e-07,0.8070119127513407,0.41229794025421146,0.01289117767651297,0.0
2401,207,-235.97632,788.09625,-0.011154899,2.6228135,2.685813,-5.102157e-07,3.7540299892425537,-7.776429570299109e-05,-7.152556980326968e-07,0.8060308707847826,0.4122985005378723,0.011766904016122728,0.0
2402,207,-235.84538,788.23083,-0.011154938,2.6245646,2.6841333,1.4400482e-06,3.7540526390075684,-7.82969360483296e-05,-7.152556980326968e-07,0.8050460338136713,0.4122973680496216,0.010587275180856177,0.0
2403,207,-235.71443,788.36554,-0.011154976,2.6252148,2.683533,-2.9993057e-06,3.7540781497955322,-6.764429168801266e-05,-7.152556980326968e-07,0.8041279090278666,0.4122960925102234,0.009528638339921841,0.0
2404,207,-235.58344,788.5001,-0.011154823,2.6255255,2.6832614,6.9141385e-07,3.754101276397705,-5.4861114391970975e-05,-7.152556980326968e-07,0.8032926751309905,0.41229493618011476,0.008554326665326028,0.0
2405,207,-235.45242,788.63477,-0.011154938,2.6256871,2.6831348,-1.3494491e-06,3.7541239261627197,-4.314320965928366e-05,-9.536742640435957e-07,0.8025395997537433,0.412293803691864,0.007710861973506421,0.0
2406,207,-235.32137,788.7693,-0.011155052,2.6258404,2.68301,-1.4734268e-06,3.7541418075561523,-3.355582770316774e-05,-9.536742640435957e-07,0.8018610928870183,0.4122929096221924,0.006938075233457213,0.0
2407,207,-235.1903,788.9039,-0.011154938,2.6259575,2.6829138,1.707077e-06,3.754154920578003,-2.6098974619115203e-05,-9.536742640435957e-07,0.8012494979426816,0.41229225397109986,0.006282209862984657,0.0
2408,207,-235.05923,789.0384,-0.011155014,2.6261156,2.6827714,-1.1491775e-06,3.7541637420654297,-2.0772656502618056e-05,-9.536742640435957e-07,0.8006977575438445,0.41229181289672856,0.005700502512986928,0.0
2409,207,-234.92812,789.173,-0.011154938,2.6262927,2.682612,1.4019012e-06,3.754173755645752,-1.6511596726660613e-05,-9.536742640435957e-07,0.8001987477345909,0.4122913122177124,0.005209686965329129,0.0
2410,208,-234.79701,789.30743,-0.011154976,2.6265166,2.682403,-2.8276443e-06,3.754181146621704,-1.3315805450396191e-05,-9.536742640435957e-07,0.7997444124526234,0.4122909426689148,0.013663963752345262,0.0
2411,208,-234.66548,789.4413,-0.011155014,2.63969,2.6692433,-1.835823e-06,3.7540409564971924,-5.273058551990759e-05,-7.152556980326968e-07,0.7989875420708229,0.4122979521751404,0.012919394436277215,0.0
2412,208,-234.53363,789.5752,-0.011154938,2.6443431,2.664615,-2.2935867e-06,3.7540276050567627,-7.82969360483296e-05,-7.152556980326968e-07,0.7980037703641476,0.41229861974716187,0.011843653024670362,0.0
2413,208,-234.40172,789.7085,-0.011155052,2.6461544,2.6628442,-3.3617018e-06,3.754047393798828,-7.882956013902278e-05,-7.152556980326968e-07,0.7970152049675102,0.4122976303100586,0.010637335152603906,0.0
2414,208,-234.2697,789.8416,-0.011154976,2.646793,2.6622448,-2.0647049e-06,3.754072427749634,-6.817691984236717e-05,-7.152556980326968e-07,0.7960915541224435,0.41229637861251833,0.009460061595208097,0.0
2415,208,-234.13753,789.9747,-0.011155052,2.6469357,2.6621368,1.2302398e-06,3.754096508026123,-5.4861114391970975e-05,-7.152556980326968e-07,0.7952570525948671,0.41229517459869386,0.008353424741698418,0.0
2416,208,-234.00534,790.1077,-0.011154861,2.646846,2.6622553,-1.3637542e-06,3.754117250442505,-4.2077941159590634e-05,-9.536742640435957e-07,0.794512965386299,0.4122941374778748,0.007360897642907989,0.0
2417,208,-233.87312,790.24066,-0.011154976,2.6466784,2.6624477,-1.2493133e-06,3.7541356086730957,-3.142529476744302e-05,-9.536742640435957e-07,0.7938546319648314,0.41229321956634524,0.006440272862260325,0.0
2418,208,-233.74104,790.3737,-0.011155052,2.6464386,2.66271,-9.012222e-07,3.754152774810791,-2.23705531566656e-05,-9.536742640435957e-07,0.7932749949535757,0.41229236125946045,0.0056876268687367105,0.0
2419,208,-233.60898,790.5067,-0.011155167,2.6462786,2.6628876,-2.2649765e-06,3.7541656494140625,-1.5978964508644764e-05,-9.536742640435957e-07,0.792765399078989,0.4122917175292969,0.005014998125152506,0.0
2420,208,-233.47688,790.6396,-0.011155052,2.64614,2.6630416,-6.7710874e-07,3.7541773319244385,-1.11852765783328e-05,-9.536742640435957e-07,0.7923157909079563,0.4122911334037781,0.004374297751358858,0.0
2421,209,-233.34477,790.7726,-0.011155052,2.6459491,2.663245,-1.6069412e-06,3.7541871070861816,-7.4568505442642005e-06,-1.0728835470490452e-06,0.7919206443812159,0.41229064464569093,0.013152464119994576,0.0
2422,209,-233.21223,790.9055,-0.01115509,2.6592565,2.6497564,2.565384e-06,3.754045009613037,-4.8469531839442135e-05,-7.152556980326968e-07,0.7912169706421897,0.41229774951934817,0.012491297499313775,0.0
2423,209,-233.0794,791.038,-0.011155014,2.663978,2.6449916,0.0,3.754032611846924,-7.510113461291185e-05,-7.152556980326968e-07,0.7902746776694924,0.41229836940765385,0.011389371374511147,0.0
2424,209,-232.9465,791.1703,-0.011155014,2.6657028,2.6432838,1.5306473e-06,3.754054069519043,-7.669903126695939e-05,-7.152556980326968e-07,0.7893228638958981,0.4122972965240479,0.010217246280441454,0.0
2425,209,-232.81349,791.3026,-0.011155014,2.6662967,2.642719,-1.7786026e-06,3.7540781497955322,-6.657902318831962e-05,-7.152556980326968e-07,0.7884354986206836,0.4122960925102234,0.009126814844795475,0.0
2426,209,-232.68034,791.4349,-0.011155014,2.6664891,2.642561,1.66893e-07,3.754103422164917,-5.32632136742621e-05,-8.344649810381463e-07,0.7876316234456433,0.4122948288917542,0.008106355988086381,0.0
2427,209,-232.54716,791.5672,-0.011155052,2.6664858,2.6425922,2.298355e-06,3.7541229724884033,-4.1545317068897446e-05,-9.536742640435957e-07,0.7869120373191039,0.41229385137557983,0.007208026924692442,0.0
2428,209,-232.41396,791.69934,-0.011155052,2.666443,2.642661,7.390976e-07,3.754141330718994,-3.142529476744302e-05,-9.536742640435957e-07,0.7862712141818036,0.4122929334640503,0.006361979071633744,0.0
2429,209,-232.28073,791.83154,-0.011155014,2.666324,2.6428046,8.2015987e-07,3.754157543182373,-2.3435813529035965e-05,-9.536742640435957e-07,0.7857028956051806,0.41229212284088135,0.005623581699954432,0.0
2430,209,-232.14748,791.96375,-0.011154976,2.6662068,2.642941,-3.814697e-07,3.7541704177856445,-1.7044229960591793e-05,-9.536742640435957e-07,0.7851988923688831,0.4122914791107178,0.004961798741712461,0.0
2431,210,-232.01433,792.09595,-0.011155052,2.6660867,2.6430767,-7.867813e-07,3.754180669784546,-1.2250539998449162e-05,-9.536742640435957e-07,0.7847546105200306,0.41229096651077274,0.013529364710141295,0.0
2432,210,-231.88083,792.22784,-0.011155014,2.679093,2.6296904,-4.339218e-07,3.7540392875671387,-5.113269292952138e-05,-7.152556980326968e-07,0.7840109893646533,0.4122980356216431,0.012804801011548492,0.0
2433,210,-231.74701,792.3594,-0.011154938,2.6836932,2.6249824,-6.008148e-07,3.7540299892425537,-7.669904752160473e-05,-7.152556980326968e-07,0.7830378703023383,0.4122985005378723,0.011660140702994476,0.0
2434,210,-231.61311,792.4909,-0.011155052,2.6853669,2.6233022,-1.5926361e-06,3.7540524005889893,-7.776429570299109e-05,-7.152556980326968e-07,0.7820610228144973,0.41229737997055055,0.010506067279400696,0.0
2435,210,-231.47914,792.6225,-0.011154899,2.6860144,2.6226785,-1.4019012e-06,3.754080057144165,-6.711165540633547e-05,-7.152556980326968e-07,0.7811495559314177,0.41229599714279175,0.00944644800719341,0.0
2436,210,-231.34502,792.75397,-0.011155014,2.686308,2.6224115,-1.2397766e-07,3.754103422164917,-5.432848217395513e-05,-7.152556980326968e-07,0.780321312832403,0.4122948288917542,0.008445938513119576,0.0
2437,210,-231.21088,792.88544,-0.011154938,2.6878438,2.6208549,-1.8692016e-06,3.7541158199310303,-4.740426740341044e-05,-9.536742640435957e-07,0.7795372116284565,0.4122942090034485,0.007508414126410287,0.0
2438,210,-231.07672,793.0169,-0.011154899,2.6882815,2.6204283,-2.3794173e-06,3.754131317138672,-3.994741228752724e-05,-9.536742640435957e-07,0.7788037770642486,0.4122934341430664,0.006643196609865596,0.0
2439,210,-230.94254,793.1483,-0.011154899,2.6871238,2.621649,2.1791457e-06,3.754154682159424,-2.822950552300926e-05,-9.536742640435957e-07,0.7781736731503358,0.41229226589202883,0.005899866785633083,0.0
2440,210,-230.80832,793.2797,-0.01115509,2.6867638,2.622038,-8.1062313e-07,3.754168748855591,-1.8109493380708154e-05,-9.536742640435957e-07,0.7776377785599846,0.4122915625572205,0.00528153140754529,0.0
2441,210,-230.67407,793.41113,-0.011154976,2.6866777,2.6221416,-2.3603438e-06,3.7541794776916504,-1.2250539998449162e-05,-9.536742640435957e-07,0.7771664656260678,0.4122910261154175,0.004749459316707195,0.0
2442,211,-230.53984,793.54254,-0.0111551285,2.6866982,2.622134,-1.8119812e-06,3.7541887760162354,-9.054745674438744e-06,-1.0728835470490452e-06,0.7767461522270261,0.4122905611991883,0.01341799751731372,0.0
2443,211,-230.40529,793.67334,-0.011154861,2.699749,2.608489,-1.940727e-06,3.7540459632873535,-4.95347922118125e-05,-7.152556980326968e-07,0.7760170452995897,0.41229770183563236,0.012706364857648514,0.0
2444,211,-230.27045,793.80414,-0.011154861,2.7043555,2.6036978,-2.2792815e-06,3.754035234451294,-7.616639092162088e-05,-7.152556980326968e-07,0.7750545788816351,0.41229823827743534,0.01164990988446768,0.0
2445,211,-230.13547,793.9349,-0.011154938,2.7061362,2.6018732,-1.6117095e-06,3.7540533542633057,-7.776428757566843e-05,-7.152556980326968e-07,0.7740825916627834,0.41229733228683474,0.010556825396831226,0.0
2446,211,-230.00038,794.06537,-0.011155014,2.7068973,2.6011193,-3.7670134e-06,3.754079818725586,-6.764429168801266e-05,-7.152556980326968e-07,0.7731716574119217,0.4122960090637207,0.009481617861444235,0.0
2447,211,-229.86526,794.1953,-0.011154976,2.7072055,2.600828,-1.7166137e-06,3.7541003227233887,-5.5393746609986823e-05,-7.152556980326968e-07,0.7723408177308443,0.41229498386383057,0.008385169640222467,0.0
2448,211,-229.73015,794.3252,-0.011155014,2.7071838,2.6008804,-1.3065338e-06,3.7541208267211914,-4.3143205595622324e-05,-9.536742640435957e-07,0.7715967971013034,0.4122939586639405,0.007387105615750472,0.0
2449,211,-229.595,794.45514,-0.011155014,2.7070365,2.601057,-1.7213821e-06,3.7541370391845703,-3.1957933080950855e-05,-9.536742640435957e-07,0.7709363997299911,0.4122931480407715,0.006505194901223784,0.0
2450,211,-229.4598,794.58496,-0.01115509,2.706866,2.6012561,-1.5640259e-06,3.7541520595550537,-2.3435817592697295e-05,-9.536742640435957e-07,0.7703531008722364,0.41229239702224735,0.0056728363314710005,0.0
2451,211,-229.3246,794.7154,-0.011155052,2.7066238,2.6015255,1.8596648e-07,3.754164218902588,-1.6511596726660613e-05,-9.536742640435957e-07,0.7698418405219685,0.4122917890548706,0.005111343945107062,0.0
2452,211,-229.18939,794.84595,-0.01115509,2.7066197,2.6015413,-1.7690658e-06,3.7541720867156982,-1.2250539998449162e-05,-1.0728835470490452e-06,0.769388037872219,0.41229139566421513,0.004672608983960843,0.0
2453,212,-229.05415,794.9763,-0.011154976,2.706773,2.601396,-1.7547607e-06,3.7541818618774414,-9.587379924285257e-06,-1.0728835470490452e-06,0.7689789097497555,0.41229090690612796,0.0134594982411008,0.0
2454,212,-228.91862,795.10614,-0.011154899,2.7199078,2.5874438,4.2915342e-08,3.754033088684082,-5.0600056647844195e-05,-7.152556980326968e-07,0.7682529320366,0.4122983455657959,0.012778796643477582,0.0
2455,212,-228.78279,795.23553,-0.011155014,2.7245784,2.5825078,-3.5476685e-06,3.754021167755127,-7.776429570299109e-05,-7.152556980326968e-07,0.7672884682478277,0.4122989416122437,0.01165440454406605,0.0
2456,212,-228.64673,795.36475,-0.011154861,2.7262917,2.5807292,-1.3828277e-06,3.7540416717529297,-7.882956826634545e-05,-7.152556980326968e-07,0.7663136847098315,0.4122979164123535,0.010439817220602388,0.0
2457,212,-228.51068,795.4939,-0.011155014,2.7268636,2.5801663,-1.3065338e-06,3.754070281982422,-6.81769117150445e-05,-7.152556980326968e-07,0.7654066120425504,0.4122964859008789,0.009309465082840132,0.0
2458,212,-228.37459,795.62305,-0.011154976,2.7270272,2.5800316,-2.8610228e-07,3.754096508026123,-5.4861114391970975e-05,-8.344649810381463e-07,0.7645864250058333,0.41229517459869386,0.008288663593918638,0.0
2459,212,-228.23846,795.7522,-0.011154976,2.7270467,2.5800433,-9.679794e-07,3.7541186809539795,-4.2077941159590634e-05,-9.536742640435957e-07,0.7638519251771895,0.41229406595230106,0.007378843190160762,0.0
2460,212,-228.10234,795.8813,-0.011155014,2.7270226,2.580097,-1.7738342e-06,3.754138231277466,-3.1957933080950855e-05,-9.536742640435957e-07,0.7631963214958393,0.4122930884361267,0.006562128373223403,0.0
2461,212,-227.96619,796.0104,-0.011154976,2.7269783,2.5801675,-1.335144e-06,3.7541544437408447,-2.396844777888248e-05,-9.536742640435957e-07,0.7626125565848938,0.4122922778129578,0.005836630771201002,0.0
2462,212,-227.83002,796.13947,-0.011154976,2.726932,2.5802338,2.1886824e-06,3.7541663646698,-1.8109493380708154e-05,-9.536742640435957e-07,0.7620932401723284,0.41229168176651004,0.005196435639376712,0.0
2463,213,-227.69382,796.2685,-0.011154899,2.7268972,2.5802858,-6.151199e-07,3.7541768550872803,-1.3315805450396191e-05,-9.536742640435957e-07,0.7616310485651452,0.41229115724563603,0.013613903768056835,0.0
2464,213,-227.55728,796.39734,-0.011155052,2.7394369,2.5667675,8.1062313e-07,3.7540390491485596,-5.166532108387589e-05,-7.152556980326968e-07,0.7608741116043174,0.41229804754257204,0.012885407324696656,0.0
2465,213,-227.42049,796.52576,-0.011154899,2.743891,2.5619903,1.707077e-06,3.754028797149658,-7.723165535765258e-05,-7.152556980326968e-07,0.7598935356909502,0.4122985601425171,0.01174446110261548,0.0
2466,213,-227.2835,796.6541,-0.011154976,2.7455323,2.5602639,-7.343292e-07,3.7540509700775146,-7.776429570299109e-05,-7.152556980326968e-07,0.7589092313520569,0.4122974514961243,0.01055745984259604,0.0
2467,213,-227.14645,796.78253,-0.011155052,2.7461329,2.559659,-9.202957e-07,3.754077672958374,-6.71116594699968e-05,-7.152556980326968e-07,0.7579931705160969,0.4122961163520813,0.009473825976749898,0.0
2468,213,-227.00938,796.91095,-0.011155052,2.7463853,2.5594225,3.9577483e-07,3.754101276397705,-5.43284781102938e-05,-8.344649810381463e-07,0.7571611989915561,0.41229493618011476,0.008505150510100472,0.0
2469,213,-226.87231,797.0393,-0.0111551285,2.7465277,2.559302,-1.5211104e-06,3.7541232109069824,-4.261057337760648e-05,-9.536742640435957e-07,0.7564118520398351,0.4122938394546509,0.007642007053246716,0.0
2470,213,-226.73521,797.16766,-0.011155014,2.746636,2.559213,-1.1110305e-06,3.7541415691375732,-3.3023193453321225e-05,-9.536742640435957e-07,0.7557380722840451,0.41229292154312136,0.006883213996962104,0.0
2471,213,-226.59808,797.2959,-0.011154938,2.7467494,2.5591133,2.1934508e-07,3.7541568279266357,-2.556634646476069e-05,-9.536742640435957e-07,0.7551314707667522,0.41229215860366825,0.00618470444146214,0.0
2472,213,-226.46094,797.42426,-0.01115509,2.746834,2.5590394,3.3855437e-07,3.7541682720184326,-1.9707388002925033e-05,-9.536742640435957e-07,0.754586588007722,0.41229158639907837,0.005610255753856316,0.0
2473,213,-226.32376,797.55255,-0.011154976,2.7469814,2.558897,5.00679e-07,3.754179000854492,-1.5978966540475428e-05,-9.536742640435957e-07,0.7540938366270301,0.4122910499572754,0.0050937087485369605,0.0
2474,214,-226.1866,797.6808,-0.0111551285,2.74714,2.5587392,-2.2411346e-06,3.75418758392334,-1.2783174248295676e-05,-9.536742640435957e-07,0.7536476239863874,0.41229062080383305,0.0135970891541069,0.0
2475,214,-226.04904,797.8085,-0.011154976,2.7597296,2.5449471,-6.29425e-07,3.7540464401245117,-5.2197949238230406e-05,-7.152556980326968e-07,0.7528976112443938,0.4122976779937744,0.012867643474029595,0.0
2476,214,-225.9112,797.93616,-0.011154861,2.7641864,2.540088,2.0837783e-06,3.7540342807769775,-7.776428757566843e-05,-7.152556980326968e-07,0.7519196984921167,0.41229828596115115,0.011802725246034403,0.0
2477,214,-225.7732,798.0635,-0.011154938,2.7659273,2.5382214,6.67572e-07,3.754054069519043,-7.882956013902278e-05,-7.152556980326968e-07,0.7509349281000326,0.4122972965240479,0.010634853302530493,0.0
2478,214,-225.63513,798.19037,-0.011154976,2.7682042,2.5357623,5.7220458e-08,3.754070520401001,-7.403587830420282e-05,-7.152556980326968e-07,0.7499693324677972,0.41229647397994995,0.009390920391830964,0.0
2479,214,-225.49707,798.3172,-0.011155014,2.7672632,2.5368366,-8.5830685e-08,3.7541024684906006,-5.858953585442058e-05,-7.152556980326968e-07,0.7491016745846494,0.41229487657547,0.008263166979221297,0.0
2480,214,-225.359,798.444,-0.01115509,2.7668533,2.5373185,-1.1682511e-06,3.7541260719299316,-4.261057337760648e-05,-9.536742640435957e-07,0.7483532597393099,0.41229369640350344,0.00727416459384902,0.0
2481,214,-225.22092,798.57074,-0.011154938,2.7665942,2.5376296,-1.8835067e-06,3.754145383834839,-3.0360032363241983e-05,-9.536742640435957e-07,0.7476991873755864,0.41229273080825807,0.006408604144600606,0.0
2482,214,-225.08281,798.6975,-0.011154976,2.766397,2.537865,-1.5211104e-06,3.7541592121124268,-2.1305288720633905e-05,-9.536742640435957e-07,0.7471240111591565,0.4122920393943787,0.005638115294002685,0.0
2483,214,-224.94466,798.8242,-0.011154899,2.7662227,2.538073,3.056526e-06,3.754171371459961,-1.4913702104443734e-05,-9.536742640435957e-07,0.7466174779198235,0.412291431427002,0.004925103723682121,0.0
2484,214,-224.80652,798.9509,-0.01115509,2.7660198,2.5383077,-3.33786e-07,3.754180669784546,-1.0120011126385772e-05,-1.0728835470490452e-06,0.746173196070971,0.41229096651077274,0.0042925355036008556,0.0
2485,215,-224.66833,799.0776,-0.011155014,2.765816,2.5385416,-4.0531157e-07,3.7541885375976562,-6.391586108232505e-06,-1.0728835470490452e-06,0.7457849737630646,0.4122905731201172,0.013063912762474527,0.0
2486,215,-224.52985,799.20435,-0.011154976,2.778461,2.5244837,-5.245209e-07,3.7540462017059326,-4.740426333974911e-05,-8.344649810381463e-07,0.7450883574009272,0.4122976899147034,0.01243527959171896,0.0
2487,215,-224.39105,799.3305,-0.011154976,2.782981,2.5194786,-2.4366377e-06,3.7540318965911865,-7.456851052221866e-05,-7.152556980326968e-07,0.744151923382628,0.4122984051704407,0.011321788769402708,0.0
2488,215,-224.25209,799.45654,-0.011154938,2.784606,2.5177119,-1.1062622e-06,3.754051446914673,-7.616639092162088e-05,-7.152556980326968e-07,0.7432055025102412,0.41229742765426636,0.01014297016455808,0.0
2489,215,-224.11308,799.58264,-0.011154861,2.7851503,2.5171485,-2.5987624e-06,3.754077672958374,-6.604638284298111e-05,-7.152556980326968e-07,0.7423239961894249,0.4122961163520813,0.009060115480987865,0.0
2490,215,-223.97406,799.7087,-0.011154938,2.7853265,2.5169878,-1.3542175e-06,3.7541005611419678,-5.32632136742621e-05,-8.344649810381463e-07,0.74152604654781,0.41229497194290166,0.008075675889976082,0.0
2491,215,-223.83499,799.83466,-0.011154976,2.7853637,2.5169775,-2.3174284e-06,3.7541213035583496,-4.101268078722027e-05,-9.536742640435957e-07,0.7408107880580419,0.41229393482208254,0.007179531841166419,0.0
2492,215,-223.69594,799.96063,-0.0111551285,2.7853322,2.517038,-2.4843216e-06,3.754138469696045,-3.142529476744302e-05,-9.536742640435957e-07,0.7401726946608589,0.41229307651519775,0.0063933036601444195,0.0
2493,215,-223.55682,800.0866,-0.01115509,2.7852993,2.517096,-1.9025803e-06,3.75415301322937,-2.343581556086663e-05,-9.536742640435957e-07,0.7396044426632633,0.41229234933853154,0.005688642956862717,0.0
2494,215,-223.41771,800.2126,-0.011155052,2.7852612,2.5171552,-1.9121169e-06,3.754164457321167,-1.7576863194522973e-05,-9.536742640435957e-07,0.7390983088980937,0.41229177713394166,0.005070654156766856,0.0
2495,216,-223.2786,800.3385,-0.011155052,2.785238,2.517196,-1.0538101e-06,3.7541744709014893,-1.3315804434480857e-05,-1.0728835470490452e-06,0.7386477020416523,0.4122912764549256,0.013596667169142315,0.0
2496,216,-223.13911,800.46405,-0.011155014,2.7975972,2.5032434,-1.9836425e-06,3.754034996032715,-5.219795330189174e-05,-7.152556980326968e-07,0.7378972898254952,0.4122982501983643,0.012847224684922599,0.0
2497,216,-222.99939,800.58936,-0.011154899,2.801946,2.4983578,-2.8800964e-06,3.754023551940918,-7.723166348497525e-05,-7.152556980326968e-07,0.7369199762844634,0.4122988224029541,0.011719921468764114,0.0
2498,216,-222.85953,800.71466,-0.011154861,2.8035617,2.4965782,-2.2506713e-06,3.7540459632873535,-7.82969360483296e-05,-7.152556980326968e-07,0.7359383351066602,0.41229770183563236,0.01057299205980043,0.0
2499,216,-222.71956,800.83997,-0.011154861,2.8042042,2.495898,3.2901764e-07,3.7540736198425293,-6.764428356068999e-05,-7.152556980326968e-07,0.7350225405868092,0.41229631900787356,0.009503205441810441,0.0
2500,216,-222.57956,800.9652,-0.011155052,2.8044882,2.4956157,-1.1014938e-06,3.7540979385375977,-5.4861114391970975e-05,-7.152556980326968e-07,0.7341895037978324,0.4122951030731201,0.00853317937994381,0.0
2501,216,-222.43954,801.09045,-0.011155014,2.8046408,2.495478,-1.5258788e-06,3.754120349884033,-4.3143201531961e-05,-9.536742640435957e-07,0.7334380928962666,0.41229398250579835,0.007679191895289969,0.0
2502,216,-222.2995,801.2157,-0.01115509,2.8047674,2.495363,-1.783371e-06,3.754138708114624,-3.355582770316774e-05,-9.536742640435957e-07,0.7327615834003591,0.41229306459426884,0.0069301027655158135,0.0
2503,216,-222.15945,801.3408,-0.0111551285,2.8049026,2.4952328,-2.8896332e-06,3.75415301322937,-2.609897665094587e-05,-9.536742640435957e-07,0.7321518526687856,0.41229234933853154,0.006249360465018317,0.0
2504,216,-222.01936,801.46606,-0.011154976,2.8050249,2.4951162,-1.1825562e-06,3.754167079925537,-2.0240022252771545e-05,-9.536742640435957e-07,0.7316020430617387,0.41229164600372314,0.005685622066897644,0.0
2505,216,-221.87927,801.59125,-0.011154976,2.8052032,2.4949317,-1.3637542e-06,3.7541775703430176,-1.6511596726660613e-05,-9.536742640435957e-07,0.7311040319378939,0.41229112148284913,0.005189893836646482,0.0
2506,217,-221.73915,801.7164,-0.01115509,2.8054068,2.4947145,-5.483627e-07,3.754185438156128,-1.3315804434480857e-05,-1.0728835470490452e-06,0.7306513611316077,0.41229072809219364,0.013687206405180095,0.0
2507,217,-221.59872,801.8408,-0.011154976,2.8176944,2.4806159,-2.2888182e-06,3.7540454864501953,-5.3263221801584764e-05,-7.152556980326968e-07,0.7298939581175891,0.41229772567749023,0.012949690910580283,0.0
2508,217,-221.45801,801.96515,-0.011155014,2.822047,2.4756474,-2.5272368e-07,3.754035234451294,-7.882956826634545e-05,-7.152556980326968e-07,0.7289090545674506,0.41229823827743534,0.011852071213313003,0.0
2509,217,-221.31708,802.08887,-0.011154899,2.8237152,2.473776,2.5224685e-06,3.754055976867676,-7.93622004843613e-05,-7.152556980326968e-07,0.7279182920629138,0.4122972011566162,0.010581834251174142,0.0
2510,217,-221.17613,802.21265,-0.011154938,2.8242233,2.4732382,-1.3446808e-06,3.7540836334228516,-6.81769117150445e-05,-7.152556980326968e-07,0.7269968383257464,0.4122958183288574,0.009416937449616334,0.0
2511,217,-221.03516,802.3363,-0.011154976,2.824343,2.473139,9.5367426e-08,3.754108428955078,-5.432848217395513e-05,-7.152556980326968e-07,0.7261654660124509,0.4122945785522461,0.008337662177843864,0.0
2512,217,-220.89415,802.45996,-0.011154976,2.8242877,2.4732344,-1.5306473e-06,3.754129648208618,-4.154531300523611e-05,-9.536742640435957e-07,0.7254234427537276,0.4122935175895691,0.00737014741812942,0.0
2513,217,-220.75311,802.5837,-0.011155014,2.8241725,2.4733922,-6.198883e-07,3.7541470527648926,-3.1425298831104344e-05,-9.536742640435957e-07,0.724765641964478,0.4122926473617554,0.0065235970638345036,0.0
2514,217,-220.61209,802.7073,-0.011154976,2.824062,2.47354,-5.865097e-07,3.7541613578796387,-2.2903181311020116e-05,-9.536742640435957e-07,0.7241829423179686,0.4122919321060181,0.0057461070657151584,0.0
2515,217,-220.47101,802.83093,-0.011155052,2.8239226,2.4737167,-3.0994414e-07,3.7541728019714355,-1.6511596726660613e-05,-9.536742640435957e-07,0.7236684195953653,0.41229135990142823,0.005059179451765635,0.0
2516,217,-220.32994,802.9544,-0.011155052,2.8237865,2.4738884,-4.7683716e-07,3.754183530807495,-1.1717907780433316e-05,-9.536742640435957e-07,0.7232146169456158,0.41229082345962526,0.00439519108941047,0.0
2517,218,-220.18884,803.078,-0.011155052,2.823583,2.4741352,5.7220458e-08,3.754193067550659,-7.989482254322382e-06,-1.0728835470490452e-06,0.7228166740997308,0.41229034662246705,0.01318719204405942,0.0
2518,218,-220.04744,803.20154,-0.011154938,2.8359408,2.4597435,-5.38826e-07,3.7540509700775146,-4.84695277757808e-05,-7.152556980326968e-07,0.7221104037786418,0.4122974514961243,0.01253947582157209,0.0
2519,218,-219.90576,803.32446,-0.011155052,2.8403485,2.4546335,-5.674362e-07,3.7540385723114014,-7.563376683092771e-05,-7.152556980326968e-07,0.7211650481706909,0.41229807138443,0.011411766931214352,0.0
2520,218,-219.76402,803.4474,-0.011154861,2.841926,2.452833,2.5510788e-06,3.7540557384490967,-7.669903939428206e-05,-7.152556980326968e-07,0.7202105046569792,0.4122972130775452,0.010269738895384965,0.0
2521,218,-219.62209,803.5704,-0.011155014,2.8425186,2.4521854,7.534027e-07,3.7540812492370605,-6.657901912465829e-05,-7.152556980326968e-07,0.7193198770094295,0.412295937538147,0.00919518362618359,0.0
2522,218,-219.48012,803.69324,-0.011155052,2.8427377,2.4519675,-2.8610229e-08,3.7541046142578125,-5.379584589227795e-05,-7.152556980326968e-07,0.7185118073556722,0.4122947692871094,0.008200486883863932,0.0
2523,218,-219.33813,803.81616,-0.011154938,2.842792,2.4519339,3.914833e-06,3.7541239261627197,-4.20779370959293e-05,-9.536742640435957e-07,0.7177858962215439,0.412293803691864,0.007333450735722315,0.0
2524,218,-219.19612,803.939,-0.011155014,2.842824,2.4519222,-1.66893e-07,3.7541403770446777,-3.1957933080950855e-05,-9.536742640435957e-07,0.7171366841268098,0.41229298114776614,0.006551807872547168,0.0
2525,218,-219.0541,804.0618,-0.011155052,2.8428369,2.4519272,1.1539458e-06,3.7541534900665283,-2.450107796506766e-05,-9.536742640435957e-07,0.7165561150091725,0.4122923254966736,0.005846295055394661,0.0
2526,218,-218.91206,804.1847,-0.011155014,2.8428345,2.4519477,1.5258789e-07,3.7541651725769043,-1.8642125598724003e-05,-9.536742640435957e-07,0.7160372646497978,0.4122917413711548,0.005248096088636199,0.0
2527,219,-218.76999,804.3075,-0.01115509,2.8428714,2.4519205,-1.5258789e-07,3.7541751861572266,-1.4381068870512554e-05,-9.536742640435957e-07,0.7155734085669333,0.4122912406921387,0.013699550752524159,0.0
2528,219,-218.62767,804.4298,-0.011155014,2.8548443,2.4377542,1.8787383e-06,3.754035472869873,-5.2730589583568915e-05,-7.152556980326968e-07,0.7148110787048981,0.41229822635650637,0.012946196171867649,0.0
2529,219,-218.48508,804.552,-0.011154938,2.859072,2.4327767,-2.0503997e-07,3.754023790359497,-7.776430383031376e-05,-7.152556980326968e-07,0.713825243048378,0.41229881048202516,0.011841447283223823,0.0
2530,219,-218.34238,804.6742,-0.011154823,2.8606882,2.4309096,2.0217894e-06,3.7540457248687744,-7.82969360483296e-05,-7.152556980326968e-07,0.7128344805438412,0.4122977137565613,0.010725790858158332,0.0
2531,219,-218.19965,804.7964,-0.011154938,2.8613818,2.4301295,-8.0585477e-07,3.7540693283081055,-6.81769239060285e-05,-7.152556980326968e-07,0.7119077004844937,0.4122965335845947,0.009704722336581468,0.0
2532,219,-218.05678,804.9186,-0.011155014,2.8617647,2.4297166,-1.2874602e-07,3.754093647003174,-5.592637476434134e-05,-7.152556980326968e-07,0.7110608152578485,0.41229531764984134,0.008777994550180716,0.0
2533,219,-217.91382,805.04047,-0.011154938,2.862028,2.4294374,-1.3542175e-06,3.7541139125823975,-4.474110224966987e-05,-9.536742640435957e-07,0.7102921603882244,0.41229430437088016,0.00787218810664665,0.0
2534,219,-217.77086,805.1619,-0.01115509,2.8621492,2.4293218,-2.0885468e-06,3.754131555557251,-3.515373045270727e-05,-9.536742640435957e-07,0.709598207187177,0.4122934222221375,0.006957785556270708,0.0
2535,219,-217.62787,805.28326,-0.011154899,2.86209,2.4294167,-7.2956084e-07,3.75414776802063,-2.6631608868961715e-05,-9.536742640435957e-07,0.7089787559176246,0.4122926115989685,0.006098116668739378,0.0
2536,219,-217.48486,805.4051,-0.011155052,2.8619225,2.4296355,-7.629394e-07,3.7541615962982178,-1.9707390034755696e-05,-9.536742640435957e-07,0.708431676050695,0.41229192018508914,0.005474146392033064,0.0
2537,219,-217.34181,805.52704,-0.01115509,2.8619149,2.4296606,-2.450943e-06,3.7541720867156982,-1.4381068870512554e-05,-1.0728835470490452e-06,0.707946048625919,0.41229139566421513,0.004969633377492864,0.0
2538,220,-217.19879,805.6488,-0.011154899,2.8620214,2.42955,8.6307523e-07,3.7541816234588623,-1.11852765783328e-05,-1.0728835470490452e-06,0.7075091570490916,0.41229091882705693,0.013506917760647965,0.0
2539,220,-217.05547,805.77014,-0.011155052,2.8739781,2.4151769,-1.759529e-06,3.7540416717529297,-5.113269292952138e-05,-7.152556980326968e-07,0.7067676664225863,0.4122979164123535,0.01280973522710981,0.0
2540,220,-216.91191,805.89087,-0.011154938,2.8782394,2.4100776,-1.9931792e-06,3.7540292739868164,-7.723166348497525e-05,-7.152556980326968e-07,0.7057962118359526,0.4122985363006592,0.01165406227389693,0.0
2541,220,-216.76822,806.0115,-0.011154938,2.8797753,2.408276,-1.8405914e-06,3.7540512084960938,-7.776427944834577e-05,-7.152556980326968e-07,0.7048192977690843,0.4122974395751953,0.010446441810962643,0.0
2542,220,-216.62453,806.1321,-0.011154976,2.8803008,2.4076893,-2.2363663e-06,3.754077911376953,-6.711165540633547e-05,-7.152556980326968e-07,0.7039112264163945,0.4122961044311524,0.009336224444106938,0.0
2543,220,-216.48082,806.2526,-0.011154976,2.8804781,2.4075143,-1.940727e-06,3.7541017532348633,-5.379585401960061e-05,-8.344649810381463e-07,0.7030893083249689,0.4122949123382569,0.008328326532362857,0.0
2544,220,-216.33707,806.37317,-0.011154976,2.8805249,2.407492,-2.8419495e-06,3.7541232109069824,-4.154531300523611e-05,-9.536742640435957e-07,0.7023521453352349,0.4122938394546509,0.007428783180871889,0.0
2545,220,-216.1933,806.4937,-0.011154976,2.8805308,2.4075146,-3.2997132e-06,3.7541422843933105,-3.195792901728953e-05,-9.536742640435957e-07,0.701693212702522,0.4122928857803345,0.006635737961661365,0.0
2546,220,-216.04953,806.6142,-0.011155167,2.8805358,2.407531,-3.3712386e-06,3.7541565895080566,-2.396845184254381e-05,-9.536742640435957e-07,0.7011046541016145,0.4122921705245972,0.005925113211806196,0.0
2547,220,-215.90572,806.73474,-0.011155014,2.880537,2.4075482,-7.4386594e-07,3.754168748855591,-1.8109493380708154e-05,-9.536742640435957e-07,0.7005789461024329,0.4122915625572205,0.005311636278766479,0.0
2548,220,-215.7619,806.8552,-0.0111551285,2.8805656,2.407531,-6.1035155e-07,3.7541794776916504,-1.3848436652496706e-05,-9.536742640435957e-07,0.7001091644861429,0.4122910261154175,0.004760887237332909,0.0
2549,221,-215.61809,806.9756,-0.011155052,2.8805978,2.4075065,-9.346008e-07,3.7541885375976562,-1.065264334440162e-05,-9.536742640435957e-07,0.6996877858226651,0.4122905731201172,0.013384953343370682,0.0
2550,221,-215.47386,807.09576,-0.011155052,2.8925068,2.3929598,-9.775162e-07,3.754045009613037,-5.060006071150553e-05,-7.152556980326968e-07,0.6989597441596647,0.41229774951934817,0.012704680238381423,0.0
2551,221,-215.32938,807.21564,-0.011154938,2.8967526,2.387801,-1.001358e-06,3.7540335655212402,-7.723166348497525e-05,-7.152556980326968e-07,0.697998343006146,0.412298321723938,0.011622489370045536,0.0
2552,221,-215.18471,807.33545,-0.011154899,2.8983612,2.3858795,-1.3923644e-06,3.7540535926818848,-7.82969360483296e-05,-7.152556980326968e-07,0.6970273544727033,0.4122973203659058,0.010493196108987001,0.0
2553,221,-215.04004,807.4553,-0.01115509,2.8990054,2.3851411,-1.8024444e-06,3.7540817260742188,-6.81769117150445e-05,-7.152556980326968e-07,0.696120215226395,0.4122959136962891,0.009476562083497213,0.0
2554,221,-214.89534,807.5751,-0.011154899,2.8993444,2.384767,-6.055832e-07,3.754106044769287,-5.5393746609986823e-05,-7.152556980326968e-07,0.6952914394951624,0.41229469776153566,0.008541480590790193,0.0
2555,221,-214.75063,807.6948,-0.01115509,2.899551,2.3845487,1.7213821e-06,3.754126787185669,-4.367583781363817e-05,-9.536742640435957e-07,0.6945414267531688,0.4122936606407166,0.007722141316456247,0.0
2556,221,-214.6059,807.8146,-0.0111551285,2.899736,2.384352,-1.077652e-06,3.7541449069976807,-3.46210941710301e-05,-9.536742640435957e-07,0.6938639851508799,0.412292754650116,0.007012366336822781,0.0
2557,221,-214.46107,807.9344,-0.01115509,2.900866,2.382993,7.152557e-08,3.754154920578003,-3.0892666613088495e-05,-9.536742640435957e-07,0.6932226959603888,0.41229225397109986,0.006366174797336405,0.0
2558,221,-214.3161,808.054,-0.01115509,2.9004881,2.3834796,-9.965896e-07,3.754171848297119,-2.396845184254381e-05,-9.536742640435957e-07,0.6926431921071875,0.41229140758514404,0.005724822611466155,0.0
2559,222,-214.17113,808.1736,-0.01115509,2.9012787,2.3825264,1.5258788e-06,3.7541778087615967,-2.0772654470787393e-05,-9.536742640435957e-07,0.6921083627812723,0.41229110956192017,0.013745191857881651,0.0
2560,222,-214.02615,808.2925,-0.011155052,2.9015462,2.3822122,-1.1444091e-06,3.7541849613189697,-1.8109493380708154e-05,-9.536742640435957e-07,0.6916109508686729,0.4122907519340515,0.01336289158205811,0.0
2561,222,-213.88092,808.41144,-0.011154861,2.9122646,2.368904,1.66893e-06,3.754063367843628,-5.3263221801584764e-05,-8.344649810381463e-07,0.6908428286312667,0.4122968316078186,0.012613954687775259,0.0
2562,222,-213.73544,808.52997,-0.011154938,2.9160843,2.3641868,-4.1484833e-07,3.7540547847747803,-7.563377495825036e-05,-7.152556980326968e-07,0.6898745032589139,0.412297260761261,0.011478378033246249,0.0
2563,222,-213.5898,808.64825,-0.011154899,2.917485,2.3624916,-1.2779235e-06,3.754075765609741,-7.510113461291185e-05,-7.152556980326968e-07,0.6889094402588964,0.412296211719513,0.01026678725610728,0.0
2564,222,-213.44415,808.7665,-0.011154899,2.9179373,2.3619728,2.3126602e-06,3.754100799560547,-6.444849431625624e-05,-7.152556980326968e-07,0.6880151507648479,0.4122949600219727,0.00913798389839963,0.0
2565,222,-213.29848,808.88477,-0.011154938,2.9180434,2.361877,-7.534027e-07,3.7541229724884033,-5.166532108387589e-05,-8.344649810381463e-07,0.6872076137433085,0.41229385137557983,0.00813748479107277,0.0
2566,222,-213.15277,809.0029,-0.011154938,2.91805,2.3618977,-7.534027e-07,3.754141330718994,-3.9414776005850065e-05,-9.536742640435957e-07,0.6864858305088698,0.4122929334640503,0.007214722624556332,0.0
2567,222,-213.00705,809.12115,-0.0111551285,2.9179873,2.3620012,-1.630783e-06,3.754157781600952,-2.9827402177056802e-05,-9.536742640435957e-07,0.6858440086861607,0.41229211091995244,0.006414301205909454,0.0
2568,222,-212.86128,809.23926,-0.011155052,2.9179342,2.3620892,-5.531311e-07,3.75417160987854,-2.23705531566656e-05,-9.536742640435957e-07,0.685273093527475,0.412291419506073,0.005662150990709267,0.0
2569,222,-212.71552,809.3574,-0.011155052,2.9178338,2.3622298,-1.1539458e-06,3.7541821002960205,-1.6511596726660613e-05,-9.536742640435957e-07,0.6847664937091147,0.412290894985199,0.005014614360708496,0.0
2570,223,-212.56976,809.4755,-0.011154938,2.9177532,2.3623455,2.5749205e-07,3.754192352294922,-1.1717909812263981e-05,-9.536742640435957e-07,0.6843186165927906,0.41229038238525395,0.013385598238753172,0.0
2571,223,-212.4237,809.59344,-0.011155052,2.9291177,2.3480237,-1.4781951e-06,3.7540571689605713,-5.006742036616701e-05,-7.152556980326968e-07,0.6835781912307213,0.41229714155197145,0.012679462233272593,0.0
2572,223,-212.27737,809.71094,-0.011154861,2.933162,2.3429542,-1.9025803e-06,3.7540476322174072,-7.563377495825036e-05,-7.152556980326968e-07,0.6826141934951399,0.41229761838912965,0.011554139406124804,0.0
2573,223,-212.13095,809.8284,-0.011154976,2.934647,2.341127,-3.33786e-08,3.75406813621521,-7.616640717626622e-05,-7.152556980326968e-07,0.681646400755005,0.4122965931892395,0.010418710636776398,0.0
2574,223,-211.98451,809.9459,-0.011154938,2.9352322,2.3404317,-1.5497208e-06,3.7540924549102783,-6.604638284298111e-05,-7.152556980326968e-07,0.680743522566441,0.4122953772544861,0.009377981798564385,0.0
2575,223,-211.83806,810.06335,-0.011154899,2.9355104,2.3401194,-1.5926361e-06,3.754115104675293,-5.379584995593928e-05,-7.152556980326968e-07,0.6799216710540426,0.4122942447662354,0.00843857720988509,0.0
2576,223,-211.69154,810.1808,-0.011154938,2.9356782,2.3399396,-3.5381315e-06,3.7541344165802,-4.2077941159590634e-05,-9.536742640435957e-07,0.6791797143743464,0.41229327917099,0.007604936303290202,0.0
2577,223,-211.54486,810.29816,-0.011154938,2.9358175,2.3397925,-1.8548965e-06,3.7541515827178955,-3.3023191421490555e-05,-9.536742640435957e-07,0.6785101956763006,0.4122924208641052,0.00682527019831892,0.0
2578,223,-211.39813,810.4156,-0.011155014,2.9359016,2.3397095,-2.7656554e-06,3.7541656494140625,-2.556634646476069e-05,-9.536742640435957e-07,0.6779083878489699,0.4122917175292969,0.006153203076075965,0.0
2579,223,-211.25142,810.53296,-0.011155014,2.9360013,2.3396034,-2.3603438e-06,3.7541773319244385,-2.0240022252771545e-05,-9.536742640435957e-07,0.6773661016720025,0.4122911334037781,0.005557634240122449,0.0
2580,223,-211.10466,810.65027,-0.011154938,2.9361107,2.3394823,1.3208389e-06,3.75418758392334,-1.5978966540475428e-05,-9.536742640435957e-07,0.676877677928082,0.41229062080383305,0.005014148793168481,0.0
2581,224,-210.9579,810.76764,-0.011155052,2.9362066,2.339373,-2.3698806e-06,3.754194498062134,-1.2783173232380344e-05,-1.0728835470490452e-06,0.6764366584515649,0.4122902750968933,0.013484003065891703,0.0
2582,224,-210.81091,810.88434,-0.011154861,2.9476302,2.3247364,-3.261566e-06,3.754054069519043,-5.166532108387589e-05,-7.152556980326968e-07,0.6756937030864599,0.4122972965240479,0.012766613817434437,0.0
2583,224,-210.66367,811.0009,-0.011155014,2.9516823,2.3195739,-3.1471252e-06,3.754044771194458,-7.723165535765258e-05,-7.152556980326968e-07,0.6747242458706438,0.41229776144027713,0.011697341918063769,0.0
2584,224,-210.51627,811.1169,-0.011154976,2.9532492,2.3176103,-3.2138823e-06,3.7540643215179443,-7.82969360483296e-05,-7.152556980326968e-07,0.6737473318037756,0.4122967839241028,0.010458856506717039,0.0
2585,224,-210.36884,811.2328,-0.011154976,2.9537466,2.317019,-1.1730194e-06,3.7540905475616455,-6.764429168801266e-05,-7.152556980326968e-07,0.6728375959754045,0.41229547262191774,0.009291246456932276,0.0
2586,224,-210.2214,811.34863,-0.01115509,2.9538465,2.316933,4.1484833e-07,3.7541160583496094,-5.379584995593928e-05,-8.344649810381463e-07,0.6720168763064693,0.4122941970825196,0.008227084664663783,0.0
2587,224,-210.07394,811.4646,-0.011154938,2.9537933,2.3170323,-2.2935867e-06,3.7541356086730957,-4.1545317068897446e-05,-9.536742640435957e-07,0.6712844404276703,0.41229321956634524,0.007307916466590088,0.0
2588,224,-209.92645,811.5804,-0.011155052,2.9537334,2.317138,-6.2465665e-07,3.7541537284851074,-3.089266254942717e-05,-9.536742640435957e-07,0.6706335638572549,0.41229231357574464,0.006439499362973432,0.0
2589,224,-209.77896,811.6962,-0.011154976,2.9536078,2.3173218,-6.4849854e-07,3.7541682720184326,-2.2903183342850783e-05,-9.536742640435957e-07,0.6700577884295797,0.41229158639907837,0.005687352753247363,0.0
2590,224,-209.63144,811.812,-0.011154976,2.9534934,2.3174868,-5.912781e-07,3.7541799545288086,-1.6511596726660613e-05,-9.536742640435957e-07,0.6695486586081839,0.4122910022735596,0.0049952621093531146,0.0
2591,225,-209.4839,811.9278,-0.01115509,2.9533553,2.3176782,1.1682511e-06,3.7541897296905518,-1.1717908796348647e-05,-9.536742640435957e-07,0.6691002488596418,0.4122905135154724,0.013328419152224692,0.0
2592,225,-209.33603,812.0435,-0.011155014,2.9644356,2.3032718,2.813339e-07,3.754056453704834,-4.95347922118125e-05,-7.152556980326968e-07,0.6683618874474173,0.41229717731475835,0.012621544947344129,0.0
2593,225,-209.18794,812.1586,-0.011155014,2.968375,2.2981758,3.0612946e-06,3.7540462017059326,-7.456850239489601e-05,-7.152556980326968e-07,0.66740215076958,0.4122976899147034,0.011468541441064278,0.0
2594,225,-209.03973,812.2738,-0.011154899,2.9697814,2.296392,2.965927e-06,3.7540669441223145,-7.563377495825036e-05,-7.152556980326968e-07,0.6664396843516254,0.4122966527938843,0.010313251979564488,0.0
2595,225,-208.89154,812.389,-0.011154899,2.9703069,2.2957542,-1.3637542e-06,3.7540926933288574,-6.498113872525608e-05,-7.152556980326968e-07,0.665544396172168,0.41229536533355715,0.009259012279953497,0.0
2596,225,-208.74332,812.504,-0.011155014,2.970537,2.2954974,-6.67572e-08,3.754117727279663,-5.2730589583568915e-05,-8.344649810381463e-07,0.6647315328284485,0.41229411363601687,0.008286753226767384,0.0
2597,225,-208.59508,812.61914,-0.011154899,2.9706333,2.2954073,3.2901764e-07,3.754138708114624,-4.101268078722027e-05,-9.536742640435957e-07,0.6640002287931128,0.41229306459426884,0.007444569625965367,0.0
2598,225,-208.4468,812.7342,-0.011154976,2.9707198,2.2953238,-5.5789945e-07,3.7541561126708984,-3.195792901728953e-05,-9.536742640435957e-07,0.6633428940570539,0.4122921943664551,0.0066842771234978055,0.0
2599,225,-208.29848,812.8493,-0.011155052,2.9707897,2.2952554,7.390976e-07,3.754169464111328,-2.450107796506766e-05,-9.536742640435957e-07,0.6627533367707377,0.4122915267944336,0.006035702141985293,0.0
2600,225,-208.15005,812.9643,-0.011154938,2.9708927,2.2951376,-1.3208389e-06,3.754179000854492,-1.917476188040118e-05,-9.536742640435957e-07,0.6622218363961851,0.4122910499572754,0.005412566040954315,0.0
2601,225,-208.00154,813.0793,-0.011155052,2.9709516,2.295078,1.3875961e-06,3.7541892528533936,-1.4913700072613067e-05,-9.536742640435957e-07,0.6617440652966249,0.41229053735733034,0.004845265662706628,0.0
2602,226,-207.85303,813.1943,-0.01115509,2.9709814,2.2950478,1.6355514e-06,3.7541942596435547,-1.1717908796348647e-05,-9.536742640435957e-07,0.6613152297820949,0.4122902870178223,0.01337443150560361,0.0
2603,226,-207.70432,813.3087,-0.011154976,2.9822206,2.2801962,2.8610229e-08,3.7540557384490967,-5.1132696993182704e-05,-7.152556980326968e-07,0.6605839257467592,0.4122972130775452,0.012663717039289497,0.0
2604,226,-207.55534,813.4231,-0.011154938,2.9861946,2.2749665,-2.7656554e-07,3.754041910171509,-7.669903939428206e-05,-7.152556980326968e-07,0.6596230572254586,0.41229790449142456,0.011611847399916022,0.0
2605,226,-207.40619,813.53735,-0.011154938,2.9877417,2.2729676,1.1920929e-07,3.7540621757507324,-7.776429570299109e-05,-7.152556980326968e-07,0.6586541992208877,0.4122968912124634,0.01050439200581475,0.0
2606,226,-207.257,813.65094,-0.011154823,2.988383,2.2721653,1.4305115e-06,3.754086971282959,-6.764429168801266e-05,-7.152556980326968e-07,0.657747193132634,0.41229565143585206,0.00931720293897979,0.0
2607,226,-207.1078,813.76447,-0.011154976,2.988504,2.2720447,-8.535385e-07,3.754110336303711,-5.486111845563231e-05,-7.152556980326968e-07,0.6569242763557995,0.4122944831848145,0.00822170845847602,0.0
2608,226,-206.95857,813.87805,-0.011154938,2.9884262,2.272183,2.1457672e-06,3.75413179397583,-4.20779370959293e-05,-9.536742640435957e-07,0.6561919070560277,0.41229341030120853,0.007254377837402955,0.0
2609,226,-206.80933,813.99146,-0.011154938,2.9882982,2.2723777,-1.5974044e-06,3.754148006439209,-3.1425298831104344e-05,-9.536742640435957e-07,0.6555430944354571,0.41229259967803955,0.006339200837810748,0.0
2610,226,-206.66008,814.105,-0.011154976,2.9880908,2.2726743,1.9836425e-06,3.754162311553955,-2.2370551124834935e-05,-9.536742640435957e-07,0.6549727119089894,0.41229188442230225,0.005557997744056704,0.0
2611,226,-206.51077,814.21844,-0.011154976,2.9879055,2.2729373,-7.2956084e-07,3.75417423248291,-1.5978966540475428e-05,-9.536742640435957e-07,0.6544721042030818,0.4122912883758545,0.0048295118917200675,0.0
2612,227,-206.36148,814.33185,-0.011155014,2.9876857,2.2732394,-2.336502e-07,3.7541821002960205,-1.065264334440162e-05,-1.0728835470490452e-06,0.6540347465730635,0.412290894985199,0.013231818492270921,0.0
2613,227,-206.21193,814.4454,-0.011155014,2.9985902,2.258613,-1.0633469e-06,3.7540481090545654,-4.900215593013532e-05,-8.344649810381463e-07,0.6533066383310359,0.4122975945472718,0.012548826764032798,0.0
2614,227,-206.06212,814.5583,-0.011155014,3.0024796,2.2534215,-5.8174135e-07,3.7540366649627686,-7.403588643152549e-05,-7.152556980326968e-07,0.6523548911364688,0.4122981667518616,0.011410890724298118,0.0
2615,227,-205.91219,814.6711,-0.011154976,3.0038753,2.2515955,-8.249283e-07,3.7540576457977295,-7.510114274023452e-05,-7.152556980326968e-07,0.6513977510406943,0.41229711771011357,0.010224736923910821,0.0
2616,227,-205.7622,814.7839,-0.011154938,3.004351,2.2510052,-1.2397766e-06,3.7540841102600098,-6.498113059793341e-05,-7.152556980326968e-07,0.6505087212897986,0.41229579448699955,0.009125946526271517,0.0
2617,227,-205.61223,814.8966,-0.011154899,3.0044997,2.250849,2.8657912e-06,3.7541096210479736,-5.219795330189174e-05,-8.344649810381463e-07,0.6497044466405947,0.41229451894760133,0.008129193749872254,0.0
2618,227,-205.46222,815.00934,-0.011155014,3.0045257,2.2508497,-4.2915343e-07,3.7541308403015137,-4.048004450554309e-05,-9.536742640435957e-07,0.6489843944608645,0.41229345798492434,0.007242773761092213,0.0
2619,227,-205.31218,815.1221,-0.01115509,3.0045161,2.2508912,-2.4700164e-06,3.754148006439209,-3.089267067674983e-05,-9.536742640435957e-07,0.6483409747415013,0.41229259967803955,0.00645665336000909,0.0
2620,227,-205.16214,815.2348,-0.011154976,3.0045018,2.2509348,-6.29425e-07,3.7541627883911133,-2.2903181311020116e-05,-9.536742640435957e-07,0.6477678624749164,0.41229186058044437,0.005769328234146888,0.0
2621,227,-205.01207,815.3475,-0.011155014,3.0045037,2.2509534,-1.8453597e-06,3.7541754245758057,-1.7576863194522973e-05,-9.536742640435957e-07,0.6472566021246483,0.4122912287712097,0.005144113489377756,0.0
2622,227,-204.86198,815.46014,-0.011154976,3.0044959,2.2509818,-1.9454956e-06,3.7541863918304443,-1.3315803418565526e-05,-1.0728835470490452e-06,0.6467995371025635,0.4122906804084778,0.004591892652536633,0.0
2623,228,-204.71191,815.5728,-0.011154938,3.004492,2.2510002,-1.8072128e-06,3.7541942596435547,-1.0120011126385772e-05,-1.0728835470490452e-06,0.6463921400348086,0.4122902870178223,0.013350541248572875,0.0
2624,228,-204.56148,815.68506,-0.011154938,3.0157473,2.23566,-2.2888182e-06,3.7540524005889893,-5.0600056647844195e-05,-7.152556980326968e-07,0.645672487329242,0.41229737997055055,0.012653338378323746,0.0
2625,228,-204.41081,815.7971,-0.011154938,3.0197215,2.2302656,-1.7690658e-06,3.7540383338928223,-7.723167161229791e-05,-7.152556980326968e-07,0.6447158798656855,0.4122980833053589,0.011583278190153153,0.0
2626,228,-204.26007,815.9091,-0.011154938,3.0212371,2.2282448,-5.5789945e-07,3.7540576457977295,-7.829692792100694e-05,-7.152556980326968e-07,0.643749751601232,0.41229711771011357,0.010488348431102787,0.0
2627,228,-204.10925,816.0212,-0.011154861,3.02188,2.2274172,-1.8310546e-06,3.7540838718414307,-6.81769117150445e-05,-7.152556980326968e-07,0.6428437441983871,0.4122958064079285,0.009489330343501471,0.0
2628,228,-203.9583,816.1331,-0.011154976,3.0222287,2.2269807,4.7683715e-09,3.754105567932129,-5.592638695532533e-05,-7.152556980326968e-07,0.6420155676783996,0.4122947216033936,0.008551524912965507,0.0
2629,228,-203.8073,816.2451,-0.011154976,3.022431,2.2267418,-1.8215179e-06,3.754126787185669,-4.4208474095315355e-05,-9.536742640435957e-07,0.6412650888832153,0.4122936606407166,0.007738293042227462,0.0
2630,228,-203.65631,816.35693,-0.0111551285,3.022614,2.2265189,-3.0088424e-06,3.7541420459747314,-3.5153726389045946e-05,-9.536742640435957e-07,0.6405863822794087,0.4122928977012634,0.006987157000331779,0.0
2631,228,-203.5053,816.4686,-0.0111551285,3.022762,2.226345,-2.9563903e-06,3.7541580200195312,-2.7696873304993412e-05,-9.536742640435957e-07,0.6399728565432816,0.41229209899902347,0.0062925496951623675,0.0
2632,228,-203.35425,816.57996,-0.01115509,3.0228698,2.2262197,5.483627e-07,3.7541704177856445,-2.1837920938649753e-05,-9.536742640435957e-07,0.6394189856155724,0.4122914791107178,0.005562529660216391,0.0
2633,228,-203.20322,816.6911,-0.0111551285,3.0228336,2.2262895,-8.0585477e-07,3.754182815551758,-1.6511596726660613e-05,-9.536742640435957e-07,0.6389241702850357,0.41229085922241215,0.004850392610433083,0.0
2634,229,-203.05217,816.80273,-0.0111551285,3.0226831,2.2265105,-6.532669e-07,3.75419282913208,-1.1717907780433316e-05,-9.536742640435957e-07,0.6384873452872355,0.412290358543396,0.013516674617281114,0.0
2635,229,-202.90085,816.9139,-0.011155014,3.0336938,2.2112463,-6.151199e-07,3.75405216217041,-5.113269292952138e-05,-7.152556980326968e-07,0.6377480517686295,0.4122973918914795,0.012824779092877226,0.0
2636,229,-202.7493,817.02435,-0.011154861,3.03762,2.20583,1.8453597e-06,3.7540407180786133,-7.723166348497525e-05,-7.152556980326968e-07,0.6367760645497778,0.41229796409606934,0.011651926763720405,0.0
2637,229,-202.59758,817.1348,-0.011155052,3.0390158,2.2039423,-1.654625e-06,3.754061698913574,-7.82969360483296e-05,-7.152556980326968e-07,0.6357997496941548,0.4122969150543213,0.010452355866259174,0.0
2638,229,-202.44586,817.2453,-0.011154938,3.0395033,2.20331,-1.3160706e-06,3.7540853023529053,-6.711165540633547e-05,-7.152556980326968e-07,0.634891145709247,0.41229573488235477,0.009349400967422167,0.0
2639,229,-202.29411,817.3558,-0.011155052,3.03968,2.2031076,2.0503997e-07,3.7541093826293945,-5.432848217395513e-05,-7.152556980326968e-07,0.6340681623533853,0.4122945308685303,0.008361701770990076,0.0
2640,229,-202.14233,817.4661,-0.011155014,3.0397537,2.203041,2.670288e-07,3.7541301250457764,-4.207794522325196e-05,-9.536742640435957e-07,0.6333294014669972,0.4122934937477112,0.007453138809704623,0.0
2641,229,-201.99055,817.57654,-0.011154976,3.0397613,2.20306,3.7193297e-07,3.7541472911834717,-3.1957933080950855e-05,-9.536742640435957e-07,0.6326684048844395,0.41229263544082645,0.006671638203111862,0.0
2642,229,-201.83875,817.6868,-0.011155052,3.0397828,2.2030516,-3.814697e-07,3.754159688949585,-2.450107796506766e-05,-9.536742640435957e-07,0.6320777823336873,0.41229201555252076,0.005946801455689491,0.0
2643,229,-201.68694,817.79724,-0.011155014,3.0397754,2.2030792,-1.7642975e-07,3.7541701793670654,-1.8642125598724003e-05,-9.536742640435957e-07,0.6315500103846607,0.41229149103164675,0.005351481546829547,0.0
2644,230,-201.5351,817.90753,-0.01115509,3.0398235,2.2030275,5.2452087e-08,3.754178762435913,-1.4381068870512554e-05,-9.536742640435957e-07,0.6310775656072807,0.41229106187820436,0.013682217190733231,0.0
2645,230,-201.38292,818.0174,-0.011154899,3.0504303,2.1880796,2.1886824e-06,3.754040241241455,-5.2197949238230406e-05,-7.152556980326968e-07,0.6303114407406922,0.41229798793792727,0.012913739054155687,0.0
2646,230,-201.23055,818.1271,-0.011155052,3.0541687,2.1828399,4.7683716e-07,3.7540295124053955,-7.723165535765258e-05,-7.152556980326968e-07,0.6293262042954174,0.41229852437973025,0.011801170766531949,0.0
2647,230,-201.07805,818.23676,-0.011155014,3.0555909,2.1808846,3.0374526e-06,3.7540502548217773,-7.776429570299109e-05,-7.152556980326968e-07,0.628338171530998,0.41229748725891113,0.010679280407932435,0.0
2648,230,-200.92554,818.3465,-0.011154938,3.0561974,2.1800797,-7.2479247e-07,3.7540764808654785,-6.764429575167398e-05,-7.152556980326968e-07,0.6274145206859313,0.4122961759567261,0.009670305809017076,0.0
2649,230,-200.77303,818.45605,-0.011154976,3.0565464,2.1796312,8.678436e-07,3.7541003227233887,-5.486111845563231e-05,-7.152556980326968e-07,0.6265708978316213,0.41229498386383057,0.008737197607537033,0.0
2650,230,-200.62042,818.56555,-0.011154976,3.0567737,2.1793463,6.818771e-07,3.754119873046875,-4.367583781363817e-05,-9.536742640435957e-07,0.6258054387553054,0.4122940063476563,0.00788892159729257,0.0
2651,230,-200.46767,818.6744,-0.011155052,3.056945,2.1791356,2.4890899e-06,3.7541372776031494,-3.46210941710301e-05,-9.536742640435957e-07,0.6251131500299393,0.41229313611984253,0.006925935384079896,0.0
2652,230,-200.3149,818.7831,-0.011155052,3.0568552,2.1792908,-1.8930435e-06,3.7541539669036865,-2.6098978682776533e-05,-9.536742640435957e-07,0.6244947640248228,0.4122923016548157,0.006013618897218624,0.0
2653,230,-200.16226,818.89246,-0.011154938,3.0566285,2.1796308,-8.4400176e-07,3.754166841506958,-1.9174759848570515e-05,-9.536742640435957e-07,0.6239514791624468,0.4122916579246521,0.00543793629019174,0.0
2654,230,-200.00963,819.00195,-0.0111551285,3.0566475,2.1796198,-2.8991699e-06,3.754175901412964,-1.3848436652496706e-05,-9.536742640435957e-07,0.6234699130583331,0.41229120492935184,0.005001990205180882,0.0
2655,231,-199.8569,819.1109,-0.011155014,3.056828,2.179382,2.7179718e-07,3.7541847229003906,-1.11852765783328e-05,-1.0728835470490452e-06,0.6230338204298327,0.4122907638549805,0.01338259012169691,0.0
2656,231,-199.70392,819.2197,-0.011154938,3.0673733,2.1642776,-1.4352798e-06,3.7540481090545654,-5.060006071150553e-05,-7.152556980326968e-07,0.6222966574400988,0.4122975945472718,0.012697865204260209,0.0
2657,231,-199.55066,819.3279,-0.011154899,3.0711462,2.158899,-2.8324127e-06,3.754035711288452,-7.616639904894355e-05,-7.152556980326968e-07,0.6213330591786808,0.4122982144355774,0.01153449898175344,0.0
2658,231,-199.39734,819.436,-0.011154976,3.072489,2.1570258,2.1028518e-06,3.7540576457977295,-7.669903939428206e-05,-7.152556980326968e-07,0.620365266438546,0.41229711771011357,0.010348819314822765,0.0
2659,231,-199.24387,819.5441,-0.011154976,3.0729616,2.1563947,-3.862381e-07,3.754081964492798,-6.604638690664245e-05,-7.152556980326968e-07,0.6194662498335625,0.41229590177536013,0.009249401014785191,0.0
2660,231,-199.09035,819.6522,-0.011155014,3.0731244,2.1562047,-2.222061e-06,3.754106044769287,-5.326321773792343e-05,-8.344649810381463e-07,0.618651788593189,0.41229469776153566,0.008243726586993556,0.0
2661,231,-198.93681,819.7603,-0.011154861,3.0731606,2.1561897,-6.29425e-07,3.754127025604248,-4.101268078722027e-05,-9.536742640435957e-07,0.6179216164013166,0.41229364871978763,0.007352208439216634,0.0
2662,231,-198.78328,819.86835,-0.01115509,3.0731637,2.1562152,-1.8167495e-06,3.7541441917419434,-3.1425298831104344e-05,-9.536742640435957e-07,0.6172696745664652,0.41229279041290284,0.006552427988116852,0.0
2663,231,-198.6297,819.9764,-0.011155014,3.073151,2.156259,-1.3446808e-06,3.7541592121124268,-2.396845184254381e-05,-9.536742640435957e-07,0.6166875075521738,0.4122920393943787,0.005840516137904631,0.0
2664,231,-198.4761,820.08435,-0.011154899,3.0731375,2.1563013,1.8405914e-06,3.7541723251342773,-1.8109491348877488e-05,-9.536742640435957e-07,0.6161687237718264,0.41229138374328617,0.005194245928617676,0.0
2665,231,-198.32251,820.1923,-0.011155014,3.0731106,2.156359,-1.2445449e-06,3.754183292388916,-1.3315803418565526e-05,-9.536742640435957e-07,0.6157069316388066,0.4122908353805542,0.004627259955798518,0.0
2666,232,-198.1689,820.3003,-0.011155052,3.0730913,2.1564019,-8.392334e-07,3.7541921138763428,-1.0120011126385772e-05,-1.0728835470490452e-06,0.6152951403552531,0.41229039430618286,0.011547547373473178,0.0
2667,232,-198.01514,820.4079,-0.011154938,3.0817468,2.1438444,-1.759529e-06,3.7540955543518066,-4.2077941159590634e-05,-9.536742640435957e-07,0.6146427990462382,0.41229522228240967,0.010906211013445601,0.0
2668,232,-197.86115,820.5152,-0.011154899,3.0848138,2.1394155,-2.4318695e-06,3.7540876865386963,-6.285058953488603e-05,-7.152556980326968e-07,0.6138086304137982,0.4122956156730652,0.009932149173106959,0.0
2669,232,-197.70706,820.62256,-0.011154861,3.085942,2.1378157,-1.5830993e-06,3.754103660583496,-6.338322988022454e-05,-7.152556980326968e-07,0.6129746615184398,0.4122948169708252,0.008968385107860879,0.0
2670,232,-197.55295,820.7298,-0.011155052,3.086406,2.1371818,2.813339e-07,3.754124164581299,-5.539375067364816e-05,-8.344649810381463e-07,0.6121974845333275,0.41229379177093506,0.00805371520085624,0.0
2671,232,-197.39882,820.8371,-0.01115509,3.0866027,2.1369274,-1.4591217e-06,3.754141092300415,-4.47411063133312e-05,-9.536742640435957e-07,0.6114907481590477,0.4122929453849793,0.0072557483135984235,0.0
2672,232,-197.24469,820.94434,-0.011154976,3.086739,2.136757,2.6369094e-06,3.7541561126708984,-3.5153726389045946e-05,-9.536742640435957e-07,0.6108521221296467,0.4122921943664551,0.006542810807674446,0.0
2673,232,-197.09053,821.05164,-0.0111551285,3.0868542,2.1366134,2.8133393e-06,3.754169225692749,-2.7696873304993412e-05,-9.536742640435957e-07,0.6102768127551623,0.41229153871536256,0.005938625563817643,0.0
2674,232,-196.93636,821.1588,-0.011155167,3.0869982,2.1364207,-1.0919571e-06,3.754178047180176,-2.1837918906819086e-05,-9.536742640435957e-07,0.6097558318669156,0.41229109764099126,0.005380177265935548,0.0
2675,232,-196.78218,821.266,-0.011155014,3.0871308,2.1362467,3.7050247e-06,3.754187822341919,-1.7576863194522973e-05,-9.536742640435957e-07,0.6092839863007808,0.4122906088829041,0.004901256176275769,0.0
2676,233,-196.62799,821.37317,-0.011155014,3.0872815,2.1360414,-4.7683716e-07,3.754194974899292,-1.438106785459722e-05,-9.536742640435957e-07,0.608855217365278,0.41229025125503543,0.008223651181121516,0.0
2677,233,-196.47359,821.4798,-0.011155052,3.0918002,2.1294453,2.6082992e-06,3.754166603088379,-2.9294769959040953e-05,-9.536742640435957e-07,0.6083204546183901,0.4122916698455811,0.007612344801712991,0.0
2678,233,-196.31906,821.5863,-0.011154976,3.0933506,2.127192,-6.151199e-07,3.7541663646698,-3.834951969714103e-05,-9.536742640435957e-07,0.6077127878366613,0.41229168176651004,0.006864232638606805,0.0
2679,233,-196.1645,821.6928,-0.01115509,3.0938864,2.1264336,3.118515e-06,3.754178047180176,-3.7284251197448006e-05,-9.536742640435957e-07,0.6071257605533806,0.41229109764099126,0.006142385089346807,0.0
2680,233,-196.00996,821.7992,-0.011155014,3.0940654,2.126191,1.1014938e-06,3.754188299179077,-3.1425298831104344e-05,-9.536742640435957e-07,0.6065878685922118,0.41229058504104615,0.005460980112312237,0.0
2681,233,-195.8554,821.9056,-0.011155014,3.0940943,2.1261656,-5.674362e-07,3.754197597503662,-2.503371424674484e-05,-9.536742640435957e-07,0.6061037059060355,0.4122901201248169,0.0048469427234938715,0.0
2682,233,-195.70079,822.012,-0.011154976,3.09407,2.126216,-8.535385e-07,3.7542061805725098,-1.9174759848570515e-05,-9.536742640435957e-07,0.6056722738094426,0.4122896909713745,0.004315618477195387,0.0
2683,233,-195.5462,822.1184,-0.011155014,3.0940511,2.1262598,9.5367426e-08,3.7542154788970947,-1.4381069886427886e-05,-9.536742640435957e-07,0.6052883125592804,0.4122892260551453,0.0038354219096465893,0.0
2684,233,-195.3916,822.22473,-0.011155052,3.0940247,2.1263106,9.012222e-07,3.7542223930358887,-1.065264334440162e-05,-9.536742640435957e-07,0.6049466955704504,0.4122888803482056,0.003391270189212285,0.0
2685,233,-195.23698,822.3312,-0.011155052,3.0939784,2.1263885,2.6226044e-07,3.754228353500366,-7.989483270237714e-06,-9.536742640435957e-07,0.6046438275754812,0.4122885823249817,0.003035267187711416,0.0
2686,233,-195.08235,822.4375,-0.01115509,3.0939736,2.1264024,7.05719e-07,3.754232406616211,-5.858953890216658e-06,-9.536742640435957e-07,0.6043741825151107,0.41228837966918946,0.0026818073588822473,0.0
2687,234,-194.92773,822.5438,-0.011155014,3.093939,2.12646,-2.7179718e-07,3.7542364597320557,-4.2610569821902815e-06,-1.0728835470490452e-06,0.6041345645960309,0.41228817701339726,0.0045025616775025935,0.0
2688,234,-194.77304,822.65015,-0.011155014,3.0963838,2.1228843,5.2452087e-08,3.754228353500366,-1.2783173232380344e-05,-9.536742640435957e-07,0.6038400855584953,0.4122885823249817,0.0041913046136096465,0.0
2689,234,-194.61824,822.75653,-0.011155014,3.0972493,2.12162,-5.340576e-07,3.75422739982605,-1.8642125598724003e-05,-9.536742640435957e-07,0.6035055259465542,0.41228863000869753,0.003830731302361966,0.0
2690,234,-194.46344,822.86285,-0.011154938,3.0976043,2.1211066,-8.7261196e-07,3.754230499267578,-1.8642125598724003e-05,-9.536742640435957e-07,0.6031805537145372,0.41228847503662114,0.0034743873780165298,0.0
2691,234,-194.30861,822.9692,-0.011154938,3.0977738,2.1208673,-1.1539458e-06,3.754235029220581,-1.6511596726660613e-05,-9.536742640435957e-07,0.6028786178259494,0.41228824853897095,0.0031492572910351894,0.0
2692,234,-194.15381,823.0756,-0.011154899,3.0978792,2.1207225,2.732277e-06,3.7542402744293213,-1.3848435636581372e-05,-9.536742640435957e-07,0.6026032469692353,0.41228798627853397,0.002904752961255988,0.0
2693,234,-193.99898,823.18195,-0.011155014,3.0980165,2.1205263,-6.6280364e-07,3.7542426586151123,-1.1185275562417467e-05,-9.536742640435957e-07,0.6023507792978957,0.4122878670692444,0.002661103858301558,0.0
2694,234,-193.84416,823.28827,-0.011155052,3.0981328,2.1203606,-2.5749205e-07,3.7542450428009033,-9.587379924285257e-06,-9.536742640435957e-07,0.6021196169152769,0.41228774785995487,0.002457783927608861,0.0
2695,234,-193.68932,823.3946,-0.011155052,3.0982606,2.1201794,-1.001358e-07,3.7542483806610107,-7.989483270237714e-06,-9.536742640435957e-07,0.6019064974490433,0.4122875809669495,0.0022825934764216073,0.0
2696,234,-193.53448,823.5009,-0.011155014,3.098399,2.1199825,-8.7261196e-07,3.754251003265381,-6.924218326248353e-06,-9.536742640435957e-07,0.60171008931865,0.412287449836731,0.002145076711140175,0.0
2697,234,-193.37964,823.60724,-0.011155014,3.0985625,2.1197486,-4.339218e-07,3.754254102706909,-6.391587124147838e-06,-9.536742640435957e-07,0.6015262646244072,0.41228729486465454,0.0020352715206633904,0.0
2698,235,-193.22481,823.7135,-0.011155052,3.0987473,2.1194818,-1.001358e-06,3.754256010055542,-5.858953890216658e-06,-9.536742640435957e-07,0.6013536917857701,0.4122871994972229,0.002759399259878807,0.0
2699,235,-193.06989,823.8198,-0.011154938,3.099894,2.1178002,1.2111664e-06,3.75425386428833,-9.587379924285257e-06,-9.536742640435957e-07,0.6011583489198128,0.4122873067855835,0.002620044987090076,0.0
2700,235,-192.91486,823.9261,-0.011154938,3.1003907,2.1170757,-1.3637542e-06,3.7542550563812256,-1.1717907780433316e-05,-9.536742640435957e-07,0.600946760771206,0.41228724718093873,0.0024367180749253797,0.0
2701,235,-192.75983,824.0316,-0.011155014,3.1006465,2.116705,-1.4019012e-06,3.7542574405670166,-1.1717907780433316e-05,-9.536742640435957e-07,0.6007411647350519,0.4122871279716492,0.002084269084028364,0.0
2702,235,-192.6048,824.13715,-0.01115509,3.1006112,2.116756,-2.3841858e-06,3.7542569637298584,-9.587379924285257e-06,-9.536742640435957e-07,0.6005547434587463,0.4122871518135071,0.0017495026747295914,0.0
2703,235,-192.44977,824.24274,-0.01115509,3.1004739,2.11696,-1.4829635e-06,3.754258632659912,-6.92421883420602e-06,-9.536742640435957e-07,0.6003928898434967,0.4122870683670044,0.001455342502840521,0.0
2704,235,-192.29471,824.34863,-0.011155052,3.10031,2.1172001,1.2397766e-06,3.754258632659912,-4.261057490147948e-06,-9.536742640435957e-07,0.6002564694166574,0.4122870683670044,0.001269188796760784,0.0
2705,235,-192.13966,824.45496,-0.01115509,3.1002285,2.117321,-1.926422e-06,3.7542595863342285,-2.663160836100405e-06,-9.536742640435957e-07,0.60014035559313,0.4122870206832886,0.0012431881527576471,0.0
2706,235,-191.9846,824.56116,-0.011155052,3.10033,2.1171684,-1.3494491e-06,3.7542576789855957,-2.1305284910951407e-06,-9.536742640435957e-07,0.6000343617817449,0.4122871160507202,0.0012017852560108361,0.0
2707,235,-191.82954,824.66675,-0.011155052,3.1004653,2.1169736,-1.1253356e-06,3.7542593479156494,-2.130528745073974e-06,-9.536742640435957e-07,0.5999336942925398,0.41228703260421756,0.0009696249321283547,0.0
2708,236,-191.67448,824.7722,-0.01115509,3.100381,2.1170971,1.2874603e-06,3.7542593479156494,-1.5978967810369595e-06,-9.536742640435957e-07,0.5998437460267224,0.41228703260421756,0.0011953517360220804,0.0
2709,236,-191.51945,824.8777,-0.011154976,3.1007419,2.116567,-2.6226044e-06,3.754258394241333,-2.663160836100405e-06,-9.536742640435957e-07,0.5997531319706325,0.41228708028793337,0.0009969022319480678,0.0
2710,236,-191.3644,824.9833,-0.011155014,3.1007564,2.1165426,-1.2636184e-06,3.7542564868927,-2.663160836100405e-06,-9.536742640435957e-07,0.5996652476546599,0.412287175655365,0.000819452791055873,0.0
2711,236,-191.20934,825.08875,-0.011154976,3.1006806,2.1166556,-1.6450881e-06,3.7542576789855957,-2.130528745073974e-06,-9.536742640435957e-07,0.5995884820362383,0.4122871160507202,0.0006213316156985501,0.0
2712,236,-191.05426,825.1942,-0.011154976,3.1005316,2.1168747,-1.7786026e-06,3.754258155822754,-1.065264372536987e-06,-9.536742640435957e-07,0.5995272959101937,0.41228709220886234,0.00043238079365349373,0.0
2713,236,-190.8992,825.29974,-0.0111551285,3.1003482,2.1171455,-3.6382673e-06,3.7542595863342285,4.059421472150831e-07,-9.536742640435957e-07,0.5994809569072264,0.4122870206832886,0.00027206429506079446,0.0
2714,236,-190.74411,825.406,-0.01115509,3.1001642,2.1174164,-1.6736984e-06,3.754260301589966,1.5451575683640455e-06,-9.536742640435957e-07,0.5994490655531727,0.41228698492050175,0.00032158593798530867,0.0
2715,236,-190.58907,825.51227,-0.011155014,3.100204,2.117358,-2.207756e-06,3.754260301589966,1.5240633563721126e-06,-9.536742640435957e-07,0.5994219013100539,0.41228698492050175,0.0003959697074599008,0.0
2716,236,-190.43398,825.6184,-0.011155052,3.10034,2.1171572,-1.4877319e-06,3.7542593479156494,6.335804864084865e-07,-9.536742640435957e-07,0.5993925399590357,0.41228703260421756,0.0004314818618577735,0.0
2717,236,-190.2789,825.7239,-0.011154976,3.100467,2.1169689,-3.7145614e-06,3.754257917404175,-5.326322180158476e-07,-9.536742640435957e-07,0.5993601159727641,0.4122871041297913,0.0002531881419718958,0.0
2718,236,-190.12384,825.82935,-0.0111551285,3.1003478,2.1171417,-2.1934509e-06,3.7542569637298584,0.0,-9.536742640435957e-07,0.5993323525184,0.4122871518135071,6.825017517925075e-05,0.0
2719,237,-189.96877,825.9356,-0.0111551285,3.100134,2.1174588,1.783371e-06,3.7542593479156494,9.184409869123706e-07,-9.536742640435957e-07,0.5993169727631047,0.41228703260421756,0.0006128014647971242,0.0
2720,237,-189.81369,826.04126,-0.011154976,3.1007168,2.1166015,2.5844574e-06,3.7542572021484375,-1.0652644360316953e-06,-9.536742640435957e-07,0.5992876114120866,0.41228713989257815,0.0005330186130853122,0.0
2721,237,-189.65863,826.1468,-0.011154976,3.100858,2.1163938,1.282692e-06,3.7542567253112793,-2.663161090079238e-06,-9.536742640435957e-07,0.5992465987312994,0.4122871637344361,0.00040779750811053536,0.0
2722,237,-189.50356,826.25226,-0.011154976,3.1008198,2.116449,-1.7690658e-06,3.754256248474121,-2.663160836100405e-06,-9.536742640435957e-07,0.5992082492116022,0.41228718757629396,0.00026209094271888574,0.0
2723,237,-189.3485,826.3577,-0.011155014,3.100693,2.1166375,3.8146972e-08,3.7542576789855957,-1.5978967810369595e-06,-9.536742640435957e-07,0.5991795536508566,0.4122871160507202,0.00012319913275788284,0.0
2724,237,-189.19342,826.4632,-0.011155014,3.1005297,2.116879,-5.7220456e-07,3.7542591094970703,-2.8421707869875304e-14,-9.536742640435957e-07,0.5991613775764169,0.41228704452514653,-1.4262729638253103e-05,0.0
2725,237,-189.03833,826.56866,-0.01115509,3.10034,2.1171587,2.3841856e-08,3.7542600631713867,1.0917320781977699e-06,-9.536742640435957e-07,0.5991544533575827,0.41228699684143066,-0.0001511751555159045,0.0
2726,237,-188.88326,826.6749,-0.011154976,3.100124,2.117473,-1.0728836e-06,3.754258871078491,2.2055018997528333e-06,-9.536742640435957e-07,0.599158780994354,0.41228705644607544,-4.419134849856017e-05,0.0
2727,237,-188.72818,826.7811,-0.011154938,3.1001709,2.1174064,3.094673e-06,3.7542600631713867,2.104304160651278e-06,-9.536742640435957e-07,0.599164573369725,0.41228699684143066,5.646042146514943e-05,0.0
2728,237,-188.5731,826.8874,-0.0111551285,3.1002948,2.1172266,9.2506406e-07,3.7542612552642822,2.104304160651278e-06,-9.536742640435957e-07,0.599164573369725,0.4122869372367859,0.0001809118353603909,0.0
2729,237,-188.41803,826.9929,-0.011155014,3.1004803,2.1169543,9.536743e-07,3.754260778427124,-2.8421707869875304e-14,-9.536742640435957e-07,0.5991570499396455,0.4122869610786438,4.891970505787653e-05,0.0
2730,238,-188.26294,827.0984,-0.01115509,3.1004,2.1170712,1.3256073e-06,3.754260301589966,-5.326321862684935e-07,-9.536742640435957e-07,0.5991491936144298,0.41228698492050175,0.000732950404104993,0.0
2731,238,-188.10786,827.20386,-0.01115509,3.1011815,2.1159215,3.5333633e-06,3.7542576789855957,-3.195793562073919e-06,-9.536742640435957e-07,0.5991177017345396,0.4122871160507202,0.0006208521515004791,0.0
2732,238,-187.9528,827.3093,-0.01115509,3.1013553,2.1156652,-4.7206876e-07,3.7542567253112793,-4.793689962142629e-06,-9.536742640435957e-07,0.5990702974671361,0.4122871637344361,0.000484437461494782,0.0
2733,238,-187.79773,827.4149,-0.011154938,3.101326,2.115709,-3.862381e-07,3.7542574405670166,-4.261057490147948e-06,-9.536742640435957e-07,0.5990256229398501,0.4122871279716492,0.00037341456909596423,0.0
2734,238,-187.64267,827.5204,-0.011154899,3.1012506,2.1158197,-1.4352798e-06,3.7542574405670166,-3.1957930541162527e-06,-9.536742640435957e-07,0.5989893373699977,0.4122871279716492,0.00023903982845205582,0.0
2735,238,-187.4876,827.62585,-0.011155014,3.1011205,2.1160123,-7.8201293e-07,3.754258394241333,-1.597896654047543e-06,-9.536742640435957e-07,0.5989621731268789,0.41228708028793337,0.00010544492491615281,0.0
2736,238,-187.33252,827.7313,-0.011154899,3.1009572,2.1162505,-2.0742416e-06,3.754257917404175,-5.326321862684935e-07,-9.536742640435957e-07,0.5989461275813112,0.4122871041297913,-2.3402583367398337e-05,0.0
2737,238,-187.17744,827.8368,-0.011154976,3.1007745,2.1165187,-1.4448166e-06,3.754258155822754,9.03650910528863e-07,-9.536742640435957e-07,0.5989404017849675,0.41228709220886234,-0.00015012316308331495,0.0
2738,238,-187.02235,827.94226,-0.011154976,3.100572,2.116815,-1.6450881e-06,3.754258155822754,2.0141630090851002e-06,-9.536742640435957e-07,0.5989451288959025,0.41228709220886234,-0.0002798432962898079,0.0
2739,238,-186.86728,828.0477,-0.011154976,3.1003468,2.1171477,-1.9073486e-06,3.7542595863342285,2.9922884503485303e-06,-9.536742640435957e-07,0.5989600425980068,0.4122870206832886,-0.0004087348125034255,0.0
2740,239,-186.7122,828.154,-0.011155052,3.100097,2.117511,-1.6021728e-06,3.754258155822754,3.8974461538000965e-06,-9.536742640435957e-07,0.5989856089444716,0.41228709220886234,0.0057768755898761365,0.0
2741,239,-186.55702,828.2595,-0.011154899,3.107118,2.1070879,-3.1805039e-06,3.754197835922241,-2.5033710183083506e-05,-9.536742640435957e-07,0.5987784150116635,0.41229010820388795,0.005639367343409897,0.0
2742,239,-186.40166,828.36505,-0.01115509,3.1095867,2.103422,1.0442734e-06,3.7541861534118652,-4.420847003165402e-05,-9.536742640435957e-07,0.5983858650669858,0.41229069232940674,0.00523989632771086,0.0
2743,239,-186.24629,828.4707,-0.011154976,3.1105413,2.102016,-6.818771e-07,3.7541894912719727,-4.687163112173326e-05,-9.536742640435957e-07,0.5979608245570092,0.4122905254364014,0.0048377916250652445,0.0
2744,239,-186.09091,828.57605,-0.011154938,3.1110103,2.1013312,-1.0299682e-06,3.754194736480713,-4.1545317068897446e-05,-9.536742640435957e-07,0.5975501651169189,0.4122902631759644,0.0043871108440876804,0.0
2745,239,-185.93555,828.6809,-0.011155052,3.111227,2.1010234,-1.5926361e-06,3.754202127456665,-3.46210941710301e-05,-9.536742640435957e-07,0.5971693996600649,0.4122898936271668,0.0038549307110904377,0.0
2746,239,-185.78015,828.7857,-0.011154899,3.1112175,2.1010497,-2.5939942e-06,3.75420880317688,-2.7164241086977563e-05,-9.536742640435957e-07,0.5968263845116626,0.412289559841156,0.003346145592481359,0.0
2747,239,-185.62474,828.8905,-0.011155014,3.1111042,2.101228,-1.7786026e-06,3.7542147636413574,-2.0240022252771545e-05,-9.536742640435957e-07,0.5965237828328024,0.41228926181793213,0.002881464476316926,0.0
2748,239,-185.46935,828.99536,-0.011155014,3.11095,2.1014676,-1.4781951e-06,3.754221200942993,-1.4381068870512554e-05,-9.536742640435957e-07,0.5962617943605658,0.4122889399528504,0.002485310704327301,0.0
2749,239,-185.31393,829.1009,-0.011155052,3.110804,2.1016917,-7.7724457e-07,3.754225730895996,-9.58738094020059e-06,-9.536742640435957e-07,0.596034360403473,0.41228871345520024,0.002347934223398608,0.0
2750,239,-185.15851,829.20636,-0.01115509,3.1109102,2.1015394,-6.198883e-07,3.754228353500366,-7.456851052221867e-06,-9.536742640435957e-07,0.595830894896191,0.4122885823249817,0.0022365634477808007,0.0
2751,240,-185.00308,829.3112,-0.01115509,3.1110995,2.1012642,-2.4843216e-06,3.7542312145233154,-6.391586108232505e-06,-9.536742640435957e-07,0.5956402125621414,0.41228843927383424,0.012127912324836938,0.0
2752,240,-184.8473,829.4159,-0.011154938,3.1226442,2.0837712,2.3794173e-06,3.754065752029419,-5.273058551990759e-05,-7.152556980326968e-07,0.5950755558320173,0.41229671239852905,0.011660114657662592,0.0
2753,240,-184.69124,829.52014,-0.011155014,3.1267455,2.0775723,5.2452087e-08,3.7540435791015625,-8.309063413779489e-05,-7.152556980326968e-07,0.5942244761266552,0.4122978210449219,0.01068860007607461,0.0
2754,240,-184.53502,829.6243,-0.011154899,3.128265,2.075315,-7.7724457e-07,3.754060983657837,-8.468851453719711e-05,-7.152556980326968e-07,0.5933408392769669,0.41229695081710815,0.00964602548983178,0.0
2755,240,-184.37877,829.7285,-0.011154899,3.1288476,2.0744808,3.170967e-06,3.7540855407714844,-7.403587017688016e-05,-7.152556980326968e-07,0.5925088677524262,0.4122957229614258,0.008676748906360436,0.0
2756,240,-184.22252,829.8327,-0.011155014,3.1291013,2.0741363,-1.0681152e-06,3.7541065216064453,-5.9654804354113604e-05,-7.152556980326968e-07,0.5917493342095356,0.4122946739196778,0.007814441509810668,0.0
2757,240,-184.06622,829.9368,-0.011154976,3.129255,2.073937,5.865097e-07,3.754124641418457,-4.687163112173326e-05,-9.536742640435957e-07,0.5910622386482951,0.4122937679290772,0.007034372950113854,0.0
2758,240,-183.90991,830.041,-0.01115509,3.1293652,2.0738008,3.0183792e-06,3.754141330718994,-3.6751614915770823e-05,-9.536742640435957e-07,0.5904433200109607,0.4122929334640503,0.006372292812952777,0.0
2759,240,-183.75362,830.1451,-0.011155014,3.1294997,2.0736208,-3.004074e-07,3.7541539669036865,-2.876213774102511e-05,-9.536742640435957e-07,0.5898840561820441,0.4122923016548157,0.005769306100005647,0.0
2760,240,-183.5973,830.2492,-0.011155052,3.1303113,2.0724094,-3.147125e-07,3.7541615962982178,-2.556634646476069e-05,-9.536742640435957e-07,0.5893546197573363,0.41229192018508914,0.005238279868857913,0.0
2761,240,-183.44095,830.3533,-0.0111551285,3.1300232,2.0728679,9.5367426e-08,3.7541747093200684,-1.9707390034755696e-05,-9.536742640435957e-07,0.5888769818158306,0.4122912645339966,0.004762718828457538,0.0
2762,241,-183.28462,830.45734,-0.011154938,3.1300457,2.0728467,2.541542e-06,3.7541816234588623,-1.4913700072613067e-05,-9.536742640435957e-07,0.5884550039411076,0.41229091882705693,0.016691364287557492,0.0
2763,241,-183.12785,830.5604,-0.011154861,3.1438818,2.0513468,1.7166137e-07,3.7539336681365967,-6.92421883420602e-05,-7.152556980326968e-07,0.5876002623892467,0.4123033165931702,0.01588288233700091,0.0
2764,241,-182.97078,830.66327,-0.011154938,3.1487658,2.043796,-1.6736984e-06,3.753908634185791,-0.00010492854694912199,-5.960464150272474e-07,0.5864156217573522,0.4123045682907105,0.014557569685501566,0.0
2765,241,-182.81358,830.766,-0.011154747,3.1506283,2.0409794,-1.2493133e-06,3.753938674926758,-0.00010599381138515369,-5.960464150272474e-07,0.5852064800434289,0.41230306625366214,0.013168409024580038,0.0
2766,241,-182.65625,830.8687,-0.011154785,3.151395,2.0398662,1.9454956e-06,3.7539772987365723,-9.214538184406431e-05,-5.960464150272474e-07,0.5840714407868371,0.4123011350631714,0.011871010347057205,0.0
2767,241,-182.49886,830.97144,-0.011154899,3.1517649,2.0393617,-8.1062313e-07,3.7540135383605957,-7.510113461291185e-05,-7.152556980326968e-07,0.5830344058583603,0.41229932308197026,0.01070998330343775,0.0
2768,241,-182.34148,831.07404,-0.011154899,3.1520052,2.0390465,-1.0061264e-06,3.7540442943573,-5.9122172136097755e-05,-7.152556980326968e-07,0.5820953752579984,0.412297785282135,0.00966490326364844,0.0
2769,241,-182.18405,831.17645,-0.011154899,3.1521928,2.0388029,-5.531311e-07,3.7540693283081055,-4.6338998903717414e-05,-8.344649810381463e-07,0.5812469587137263,0.4122965335845947,0.008692524917893794,0.0
2770,241,-182.02661,831.2785,-0.011155014,3.1523201,2.0386467,-9.441375e-07,3.754091501235962,-3.621898676141631e-05,-9.536742640435957e-07,0.5804820988486555,0.4122954249382019,0.0077217521626788835,0.0
2771,241,-181.86916,831.3804,-0.011154976,3.152315,2.0386887,-7.4386594e-07,3.7541098594665527,-2.7696873304993412e-05,-9.536742640435957e-07,0.5797966011840692,0.41229450702667236,0.006791836747176994,0.0
2772,242,-181.71167,831.4825,-0.011155014,3.1522043,2.0388935,-1.3875961e-06,3.7541282176971436,-2.0772658534448723e-05,-9.536742640435957e-07,0.5791888678233131,0.41229358911514286,0.01918371171729002,0.0
2773,242,-181.55382,831.58405,-0.011154823,3.1664724,2.0161421,1.4019012e-06,3.7538483142852783,-7.616639904894355e-05,-7.152556980326968e-07,0.5781464399936288,0.4123075842857361,0.0181827241719294,0.0
2774,242,-181.39566,831.6853,-0.011154785,3.1715443,2.0081155,-8.5830686e-07,3.7538275718688965,-0.00011238538987402119,-4.7683713202179786e-07,0.5767723154501752,0.4123086214065552,0.016654627275121264,0.0
2775,242,-181.23738,831.7858,-0.011154785,3.1735077,2.0050848,-6.532669e-07,3.753866672515869,-0.00011345065431005288,-4.7683713202179786e-07,0.5753847419432166,0.41230666637420654,0.01492805420806688,0.0
2776,242,-181.079,831.8863,-0.011154747,3.174186,2.0041058,-1.0156631e-06,3.7539174556732178,-9.80043199875933e-05,-5.960464150272474e-07,0.5740905122324654,0.41230412721633913,0.013298909437471104,0.0
2777,242,-180.92049,831.9867,-0.011154861,3.1743808,2.0038855,-9.2506406e-07,3.75396466255188,-7.882955201170013e-05,-7.152556980326968e-07,0.5729191874060213,0.41230176687240605,0.011799884376182583,0.0
2778,242,-180.76195,832.0871,-0.011154938,3.1743724,2.0039718,-1.8978119e-06,3.7540037631988525,-6.0720072853806634e-05,-7.152556980326968e-07,0.5718726316766475,0.4122998118400574,0.010463249690317254,0.0
2779,242,-180.60338,832.1874,-0.011154899,3.1743007,2.0041442,8.678436e-07,3.754034996032715,-4.5806366685701566e-05,-8.344649810381463e-07,0.5709415239805284,0.4122982501983643,0.009239344808754879,0.0
2780,242,-180.44476,832.2877,-0.011155052,3.1741748,2.0043945,-7.4386594e-07,3.7540621757507324,-3.355582770316774e-05,-9.536742640435957e-07,0.5701170758860672,0.4122968912124634,0.00816591765629164,0.0
2781,242,-180.28615,832.388,-0.011154938,3.1740541,2.00463,2.2172928e-06,3.7540860176086426,-2.4501079996898325e-05,-9.536742640435957e-07,0.5693873697473855,0.41229569911956787,0.0071974784917536285,0.0
2782,242,-180.12758,832.4883,-0.011155014,3.173923,2.0048761,-1.1777878e-06,3.7541065216064453,-1.7576863194522973e-05,-9.536742640435957e-07,0.5687429513426135,0.4122946739196778,0.006350417937038558,0.0
2783,243,-179.96907,832.58844,-0.011155052,3.1738057,2.00509,-9.202957e-07,3.7541215419769287,-1.2250541014364496e-05,-1.0728835470490452e-06,0.5681739669757181,0.4122939229011536,0.019959741375666595,0.0
2784,243,-179.81013,832.68823,-0.011154861,3.1890447,1.9801524,-1.2874603e-06,3.7537992000579834,-7.510113461291185e-05,-7.152556980326968e-07,0.5671232167676273,0.41231003999710086,0.01898169426916391,0.0
2785,243,-179.65082,832.7874,-0.011154708,3.1944866,1.9713118,-1.6355514e-06,3.7537734508514404,-0.00011664644761814797,-3.576278490163484e-07,0.5656998903230345,0.412311327457428,0.01733739987013943,0.0
2786,243,-179.49136,832.8863,-0.011154861,3.196519,1.9680934,-2.3460389e-06,3.753814697265625,-0.00011930961683554987,-4.7683713202179786e-07,0.5642570562234568,0.4123092651367188,0.015586316078090549,0.0
2787,243,-179.3319,832.9853,-0.011154861,3.197275,1.9669698,-1.0585785e-06,3.7538697719573975,-0.00010333064216775178,-4.7683713202179786e-07,0.5629084314474407,0.41230651140213015,0.014002587772606555,0.0
2788,243,-179.1723,833.0841,-0.011154823,3.197619,1.9665049,-2.4890899e-06,3.7539191246032715,-8.362325010116541e-05,-7.152556980326968e-07,0.5616817794493502,0.4123040437698364,0.012524124229889154,0.0
2789,243,-179.01259,833.1829,-0.011154976,3.1977582,1.9663562,-1.3923644e-06,3.753959894180298,-6.551375875228792e-05,-7.152556980326968e-07,0.5605781654936214,0.41230200529098515,0.011198416711869838,0.0
2790,243,-178.85286,833.2818,-0.011154938,3.1978276,1.9663111,-1.5687942e-06,3.753995180130005,-5.060006071150553e-05,-8.344649810381463e-07,0.5595885348325479,0.41230024099349977,0.010051740886320467,0.0
2791,243,-178.6931,833.38055,-0.011154938,3.1979125,1.9662292,-2.5606155e-06,3.7540247440338135,-3.8882147851495544e-05,-9.536742640435957e-07,0.5587011029783063,0.41229876279830935,0.0090100302295418,0.0
2792,243,-178.53331,833.47925,-0.011155014,3.1979787,1.9661644,-1.5640259e-06,3.754047155380249,-2.9827402177056802e-05,-9.536742640435957e-07,0.5579054170236178,0.4122976422309876,0.008075670224241606,0.0
2793,243,-178.3735,833.57794,-0.011154899,3.1980371,1.9661096,8.821487e-07,3.754068374633789,-2.290318537468145e-05,-9.536742640435957e-07,0.5571921226151537,0.4122965812683106,0.0072599769261309285,0.0
2794,244,-178.2137,833.67664,-0.011155052,3.1981125,1.9660217,-1.0728836e-06,3.7540862560272217,-1.7576865226353636e-05,-1.0728835470490452e-06,0.5565514326359079,0.41229568719863896,0.021300795804303743,0.0
2795,244,-178.05354,833.77454,-0.011154785,3.2135947,1.9399334,-2.1505355e-06,3.7537357807159424,-8.202536157444054e-05,-5.960464150272474e-07,0.5554130977174672,0.4123132109642029,0.02024794811826607,0.0
2796,244,-177.89302,833.87195,-0.011154708,3.2191753,1.9306058,-2.1505355e-06,3.753708600997925,-0.0001251685712337242,-3.576278490163484e-07,0.5538909014174052,0.4123145699501038,0.018547902453075523,0.0
2797,244,-177.73236,833.9688,-0.011154785,3.2213292,1.9271029,-1.0251998e-06,3.753756523132324,-0.00012676645976044908,-3.576278490163484e-07,0.5523488978567357,0.4123121738433838,0.01668129541862355,0.0
2798,244,-177.57153,834.06537,-0.011154708,3.2221365,1.9258728,-2.3269654e-06,3.7538180351257324,-0.0001102548610019578,-4.7683713202179786e-07,0.5509064965208351,0.4123090982437134,0.014848264827842565,0.0
2799,244,-177.4107,834.162,-0.011154861,3.2223597,1.9256103,-1.6260146e-06,3.7538750171661377,-8.841694819063071e-05,-5.960464150272474e-07,0.5496005821908011,0.4123062491416931,0.01321838833036344,0.0
2800,244,-177.24985,834.2585,-0.011154861,3.222407,1.925625,-1.707077e-06,3.753923177719116,-6.870954799672169e-05,-7.152556980326968e-07,0.5484302893392794,0.4123038411140442,0.01173287743483093,0.0
2801,244,-177.08894,834.355,-0.011155052,3.2223616,1.9257768,-3.352165e-06,3.7539618015289307,-5.166532108387589e-05,-8.344649810381463e-07,0.5473885272998676,0.4123019099235535,0.01041316355410697,0.0
2802,244,-176.92801,834.4514,-0.011154976,3.2222934,1.9259554,-2.1934509e-06,3.753995180130005,-3.8882147851495544e-05,-9.536742640435957e-07,0.5464622798727381,0.41230024099349977,0.009224028822600774,0.0
2803,244,-176.76704,834.5478,-0.011155014,3.2222044,1.9261574,-1.6021728e-06,3.7540223598480225,-2.876213774102511e-05,-9.536742640435957e-07,0.5456404283603397,0.4122988820075989,0.008147050881751413,0.0
2804,245,-176.6061,834.6441,-0.011155014,3.222094,1.9263895,-2.450943e-06,3.754046678543091,-2.0772656502618056e-05,-1.0728835470490452e-06,0.544912320118312,0.41229766607284546,0.021855146442254027,0.0
2805,245,-176.44476,834.7401,-0.011154861,3.2369754,1.900605,-1.5640259e-06,3.7537059783935547,-8.255797753781106e-05,-5.960464150272474e-07,0.5437090040692734,0.4123147010803223,0.020715734618110836,0.0
2806,245,-176.28308,834.83527,-0.011154747,3.242322,1.8914245,-1.3113022e-06,3.75368332862854,-0.00012410329867036985,-3.576278490163484e-07,0.5421399694235395,0.41231583356857304,0.018868342660449965,0.0
2807,245,-176.12129,834.93036,-0.011154823,3.2443023,1.8881329,-9.679794e-07,3.753737211227417,-0.0001251685712337242,-3.576278490163484e-07,0.5405633114791853,0.4123131394386292,0.016997226508835866,0.0
2808,245,-175.95929,835.02545,-0.011154861,3.245088,1.8869063,-7.2956084e-07,3.7537996768951416,-0.00010812432400257174,-4.7683713202179786e-07,0.5390932798469753,0.41231001615524293,0.015250620499814562,0.0
2809,245,-175.79729,835.1204,-0.011154938,3.24543,1.8864332,-5.340576e-07,3.7538576126098633,-8.735168375459901e-05,-5.960464150272474e-07,0.5377574715337051,0.41230711936950687,0.013663315381080251,0.0
2810,245,-175.63525,835.21545,-0.011155014,3.2455995,1.8862387,-2.7656554e-07,3.753906488418579,-6.870955612404434e-05,-7.152556980326968e-07,0.5365541221951529,0.4123046755790711,0.012279497062040182,0.0
2811,245,-175.47318,835.31036,-0.011154899,3.245747,1.8860689,2.4700164e-06,3.753948450088501,-5.3263221801584764e-05,-7.152556980326968e-07,0.5354729120820942,0.412302577495575,0.011030260609483526,0.0
2812,245,-175.3111,835.4052,-0.011155014,3.2458677,1.8859295,-1.2922287e-06,3.7539827823638916,-4.101268078722027e-05,-9.536742640435957e-07,0.5345013909164333,0.41230086088180545,0.009923829931743781,0.0
2813,245,-175.14896,835.50006,-0.01115509,3.2459872,1.8857776,2.1028518e-06,3.754009962081909,-3.1957933080950855e-05,-9.536742640435957e-07,0.5336273081571558,0.4122995018959046,0.008952736098174626,0.0
2814,245,-174.98683,835.5949,-0.011155052,3.2461238,1.8855891,-2.8610229e-08,3.754033327102661,-2.5033716278575504e-05,-9.536742640435957e-07,0.5328401776074692,0.41229833364486695,0.008120899064500269,0.0
2815,246,-174.82468,835.6897,-0.01115509,3.2463012,1.8853256,2.1934508e-07,3.754054307937622,-2.0240022252771545e-05,-1.0728835470490452e-06,0.5321285476746864,0.41229728460311893,0.022112551576364537,0.0
2816,246,-174.66212,835.7835,-0.011154823,3.2611885,1.8587388,1.8930435e-06,3.753699541091919,-8.468851453719711e-05,-5.960464150272474e-07,0.5309220691218532,0.41231502294540406,0.02095369817020881,0.0
2817,246,-174.49925,835.8768,-0.011154823,3.2665312,1.8492796,2.6607513e-06,3.7536730766296387,-0.00012676645976044908,-3.576278490163484e-07,0.5293374882732561,0.4123163461685181,0.01914719532649941,0.0
2818,246,-174.33621,835.9695,-0.011154823,3.26857,1.8457828,-1.04904174e-07,3.7537267208099365,-0.0001283643564144966,-3.576278490163484e-07,0.5277412893844035,0.4123136639595032,0.01717884664163431,0.0
2819,246,-174.17307,836.06226,-0.011154899,3.2693012,1.8446153,6.055832e-07,3.7537896633148193,-0.00011078750134729631,-4.7683713202179786e-07,0.5262530816777536,0.41231051683425907,0.015364378526120978,0.0
2820,246,-174.00986,836.15497,-0.011154823,3.2695782,1.8442407,-1.1825562e-06,3.7538468837738037,-8.94822126266624e-05,-5.960464150272474e-07,0.5249042904541693,0.41230765581130985,0.013718986095137851,0.0
2821,246,-173.84665,836.24756,-0.011155014,3.2696834,1.8441552,1.66893e-07,3.7538962364196777,-6.977482056007604e-05,-7.152556980326968e-07,0.5236931180799149,0.4123051881790161,0.012230112043624968,0.0
2822,246,-173.68341,836.3402,-0.011155014,3.2697113,1.844192,9.536743e-07,3.753938674926758,-5.326321773792343e-05,-7.152556980326968e-07,0.5226108094129067,0.41230306625366214,0.010935459737821755,0.0
2823,246,-173.52013,836.43274,-0.0111551285,3.2697449,1.8441987,-1.9550323e-07,3.7539713382720947,-4.048004856920442e-05,-9.536742640435957e-07,0.5216430166727719,0.4123014330863953,0.009755559581231952,0.0
2824,246,-173.35683,836.5252,-0.011154938,3.269756,1.8442384,2.374649e-06,3.754000663757324,-3.036003439507265e-05,-9.536742640435957e-07,0.5207785212934186,0.4122999668121338,0.008697338414874847,0.0
2825,246,-173.19353,836.61774,-0.011154938,3.2697546,1.8442914,-5.865097e-07,3.754025459289551,-2.2903183342850783e-05,-1.0728835470490452e-06,0.5200072698417316,0.4122987270355225,0.007794574476574361,0.0
2826,247,-173.0302,836.71014,-0.011155014,3.2697887,1.8442682,2.8610228e-07,3.7540435791015625,-1.7576861162692306e-05,-1.0728835470490452e-06,0.5193175444089148,0.4122978210449219,0.021969374138988168,0.0
2827,247,-172.86646,836.80194,-0.011154861,3.2844374,1.8173122,9.059906e-07,3.753685235977173,-8.255798566513372e-05,-5.960464150272474e-07,0.518130340484471,0.41231573820114137,0.020854632610281264,0.0
2828,247,-172.70242,836.8932,-0.011154708,3.2897246,1.8076714,9.441375e-07,3.753659963607788,-0.00012570119532441737,-3.576278490163484e-07,0.5165579768873746,0.4123170018196106,0.019086751390987276,0.0
2829,247,-172.5382,836.9842,-0.011154823,3.2917638,1.8040648,-1.0585785e-06,3.7537126541137695,-0.0001278317404511261,-3.576278490163484e-07,0.5149690351124925,0.41231436729431153,0.017227770182734598,0.0
2830,247,-172.37387,837.0746,-0.011154785,3.2925942,1.8026793,-3.147125e-07,3.7537753582000732,-0.00011132013356531216,-4.7683713202179786e-07,0.5134824918815238,0.41231123208999637,0.015337723095477599,0.0
2831,247,-172.2095,837.1649,-0.011154747,3.2928324,1.8023711,-3.33786e-08,3.753836154937744,-9.001484484467825e-05,-5.960464150272474e-07,0.5121338671055078,0.4123081922531128,0.013609610052637475,0.0
2832,247,-172.04512,837.2552,-0.011154899,3.2928448,1.8024566,-1.5830993e-06,3.7538881301879883,-6.92421883420602e-05,-7.152556980326968e-07,0.5109280210534335,0.4123055934906006,0.012052093672760663,0.0
2833,247,-171.88068,837.34546,-0.011154976,3.2927673,1.8026843,5.769729e-07,3.753929615020752,-5.219795330189174e-05,-8.344649810381463e-07,0.5098557325300267,0.4123035192489624,0.01066209428621687,0.0
2834,247,-171.71623,837.43567,-0.011154938,3.2926607,1.8029513,-5.2452087e-08,3.7539641857147217,-3.8882147851495544e-05,-9.536742640435957e-07,0.5089050173103821,0.4123017907142639,0.009412934811959848,0.0
2835,247,-171.55176,837.5258,-0.011154976,3.2925355,1.8032409,-1.1014938e-06,3.7539937496185303,-2.822950552300926e-05,-9.536742640435957e-07,0.508063991038135,0.4123003125190735,0.008279436156786935,0.0
2836,248,-171.38727,837.6159,-0.011154899,3.2923863,1.8035681,-3.33786e-08,3.7540199756622314,-2.0240022252771545e-05,-1.0728835470490452e-06,0.5073220343584389,0.41229900121688845,0.02213769438929625,0.0
2837,248,-171.22246,837.70575,-0.011154823,3.3064165,1.7769871,-1.3971328e-06,3.7536747455596924,-8.255798566513372e-05,-5.960464150272474e-07,0.5061027726323735,0.4123162627220154,0.020982936748271504,0.0
2838,248,-171.05728,837.7948,-0.011154708,3.3114715,1.7675043,-9.4890595e-07,3.7536535263061523,-0.000124635922761063,-3.576278490163484e-07,0.5045128654615961,0.4123173236846924,0.01912600181932643,0.0
2839,248,-170.89198,837.8837,-0.011154785,3.3133624,1.7640741,1.4305114e-08,3.7537083625793457,-0.00012570119532441737,-3.576278490163484e-07,0.5029150686760895,0.41231458187103276,0.017228934310634922,0.0
2840,248,-170.72665,837.97253,-0.011154747,3.3141158,1.7627975,2.3841856e-08,3.7537739276885986,-0.00010918959656592611,-4.7683713202179786e-07,0.5014252297832719,0.4123113036155701,0.015453709474856301,0.0
2841,248,-170.56133,838.0613,-0.011154938,3.3144405,1.7623115,-1.8453597e-06,3.7538323402404785,-8.841694819063071e-05,-5.960464150272474e-07,0.5000712453955619,0.4123083829879761,0.013856565814197641,0.0
2842,248,-170.39589,838.1501,-0.011154861,3.314615,1.7620888,-1.1634827e-06,3.7538819313049316,-6.924219646938286e-05,-7.152556980326968e-07,0.4988520502485237,0.41230590343475343,0.012455796336847302,0.0
2843,248,-170.23033,838.2387,-0.01115509,3.3147616,1.7618997,-2.646446e-06,3.753922700881958,-5.379584995593928e-05,-7.152556980326968e-07,0.4977553272221154,0.4123038649559021,0.011157683740567302,0.0
2844,248,-170.0647,838.3274,-0.011154938,3.3148515,1.7618066,-1.7929077e-06,3.753958225250244,-4.1545317068897446e-05,-9.536742640435957e-07,0.49677105617273576,0.4123020887374878,0.010029884120310851,0.0
2845,248,-169.89906,838.416,-0.011155014,3.3149514,1.76168,-5.626678e-07,3.7539870738983154,-3.1957933080950855e-05,-9.536742640435957e-07,0.4958874193230475,0.41230064630508423,0.009031763325340269,0.0
2846,248,-169.7334,838.5046,-0.011154899,3.315064,1.761525,-1.0681152e-06,3.754013776779175,-2.5033710183083506e-05,-9.536742640435957e-07,0.49509163349981816,0.4122993111610413,0.00813989619962468,0.0
2847,249,-169.56773,838.5931,-0.01115509,3.3151772,1.7613596,1.6355514e-06,3.7540361881256104,-1.9707390034755696e-05,-1.0728835470490452e-06,0.4943757757988049,0.4122981905937195,0.022240846683331275,0.0
2848,249,-169.40175,838.68066,-0.011154861,3.3291302,1.7340668,1.3446808e-06,3.7536776065826416,-8.468851453719711e-05,-5.960464150272474e-07,0.49316300552789644,0.41231611967086795,0.02107262326316287,0.0
2849,249,-169.23544,838.7677,-0.011154632,3.3341467,1.7243533,-3.3617018e-06,3.753655433654785,-0.00012729906759649694,-3.576278490163484e-07,0.49156983598478377,0.41231722831726075,0.019253598290457332,0.0
2850,249,-169.06898,838.85425,-0.011154632,3.3360617,1.7207627,1.964569e-06,3.753709077835083,-0.00012889697237786714,-3.576278490163484e-07,0.4899644491901704,0.41231454610824586,0.01728892489266397,0.0
2851,249,-168.90248,838.94073,-0.011154823,3.3367665,1.7195356,-1.7547607e-06,3.7537732124328613,-0.00011132013356531216,-4.7683713202179786e-07,0.4884677859470595,0.41231133937835696,0.01545643999033772,0.0
2852,249,-168.73595,839.0272,-0.011154823,3.3370287,1.7191529,-1.5544891e-06,3.753831148147583,-9.00148367173556e-05,-5.960464150272474e-07,0.48711057247652784,0.4123084425926209,0.013815436041075465,0.0
2853,249,-168.5694,839.11365,-0.011155014,3.3371441,1.7190386,-3.3426284e-06,3.7538812160491943,-6.977481243275338e-05,-7.152556980326968e-07,0.4858919432512212,0.4123059391975403,0.012349470562453245,0.0
2854,249,-168.4028,839.19995,-0.011154861,3.3372087,1.7190069,-9.155273e-07,3.7539241313934326,-5.379584995593928e-05,-7.152556980326968e-07,0.48480057983650676,0.4123037934303284,0.011017407175904282,0.0
2855,249,-168.2362,839.28625,-0.011154976,3.3372302,1.7190394,-2.0456314e-06,3.753957986831665,-4.101268078722027e-05,-9.536742640435957e-07,0.4838253302453197,0.41230210065841677,0.009849340549914385,0.0
2856,249,-168.06958,839.37256,-0.011154938,3.3372586,1.7190477,-1.7452239e-06,3.7539870738983154,-3.0892666613088495e-05,-9.536742640435957e-07,0.48295341130442776,0.41230064630508423,0.008824703917002748,0.0
2857,249,-167.90294,839.45874,-0.01115509,3.3373013,1.7190108,-3.6239624e-06,3.7540082931518555,-2.343581556086663e-05,-1.0728835470490452e-06,0.4821731051050346,0.41229958534240724,0.007885156998491079,0.0
2858,250,-167.73628,839.545,-0.011155052,3.3373282,1.7190058,-1.7976761e-06,3.7540297508239746,-1.8109491348877488e-05,-1.0728835470490452e-06,0.48147475768818854,0.4122985124588013,0.022162544779077583,0.0
2859,250,-167.5692,839.63043,-0.011154976,3.351035,1.6913252,-2.5844574e-06,3.753667116165161,-8.362324197384276e-05,-5.960464150272474e-07,0.48027690111938454,0.41231664419174197,0.02102203128852306,0.0
2860,250,-167.40181,839.71545,-0.011154708,3.3559766,1.6814386,-2.3555756e-06,3.7536401748657227,-0.00012729910010578758,-3.576278490163484e-07,0.4786912217168377,0.41231799125671387,0.01925392048132578,0.0
2861,250,-167.2343,839.8,-0.011154823,3.3579037,1.6777099,-1.3208389e-06,3.753695249557495,-0.00012889700488715779,-3.576278490163484e-07,0.477089064005046,0.4123152375221253,0.01734008532222145,0.0
2862,250,-167.0666,839.8841,-0.011154823,3.358655,1.6763482,-1.2159347e-06,3.7537589073181152,-0.00011238538174669853,-4.7683713202179786e-07,0.4755913354974991,0.41231205463409426,0.015431314012582234,0.0
2863,250,-166.8989,839.96826,-0.011154899,3.3588684,1.6760597,-9.918213e-07,3.7538211345672607,-9.054746893537144e-05,-5.960464150272474e-07,0.47423358939474947,0.412308943271637,0.013728529120974341,0.0
2864,250,-166.73117,840.0523,-0.011154899,3.3589141,1.6760879,-3.2281876e-06,3.7538745403289795,-6.977482056007604e-05,-7.152556980326968e-07,0.47301868859496893,0.41230627298355105,0.012180562654337018,0.0
2865,250,-166.56342,840.1363,-0.011154899,3.3588758,1.676263,-1.0442734e-06,3.753918409347534,-5.273058551990759e-05,-7.152556980326968e-07,0.4719363466384471,0.4123040795326233,0.010786501786957609,0.0
2866,250,-166.39561,840.2203,-0.011154976,3.3587945,1.6765001,-1.4066696e-06,3.7539515495300293,-3.941478006951139e-05,-9.536742640435957e-07,0.4709759774598509,0.4123024225234986,0.009547896749715862,0.0
2867,250,-166.22783,840.3042,-0.01115509,3.358708,1.6767416,-4.959106e-07,3.7539820671081543,-2.876213570919444e-05,-9.536742640435957e-07,0.4701243318327572,0.4123008966445923,0.008434980036770881,0.0
2868,251,-166.06,840.3881,-0.011154976,3.3586113,1.6769938,-1.3303757e-06,3.7540082931518555,-2.0772656502618056e-05,-1.0728835470490452e-06,0.4693711898764828,0.41229958534240724,0.022310317304320613,0.0
2869,251,-165.89189,840.47156,-0.011154938,3.3716567,1.6498171,6.198883e-08,3.753660202026367,-8.362325822848808e-05,-5.960464150272474e-07,0.46813867892399413,0.41231698989868165,0.021122366749113806,0.0
2870,251,-165.72348,840.55426,-0.011154747,3.3763466,1.640152,2.3412704e-06,3.7536401748657227,-0.0001251685712337242,-3.576278490163484e-07,0.46653652121220246,0.41231799125671387,0.019255001217051513,0.0
2871,251,-165.5549,840.63696,-0.011154823,3.3781085,1.6366436,5.245209e-07,3.7536940574645996,-0.0001262338112877879,-3.576278490163484e-07,0.46492790533476736,0.41231529712677006,0.017377403238582216,0.0
2872,251,-165.38625,840.7195,-0.011154823,3.3788435,1.6352775,3.3855437e-07,3.75376033782959,-0.00010972222878394195,-4.7683713202179786e-07,0.46342641511218063,0.4123119831085205,0.015599717349866085,0.0
2873,251,-165.21756,840.80206,-0.011154899,3.3791711,1.6347381,6.437302e-07,3.7538201808929443,-8.89495722813239e-05,-5.960464150272474e-07,0.46206127873740604,0.4123089909553528,0.014033328855920364,0.0
2874,251,-165.04884,840.8846,-0.011154899,3.3793857,1.6344116,-7.9631803e-07,3.753871202468872,-7.030745277809189e-05,-7.152556980326968e-07,0.4608287677849174,0.4123064398765564,0.012640230530411897,0.0
2875,251,-164.88011,840.96704,-0.011154976,3.3795633,1.6341419,3.528595e-07,3.753913640975952,-5.4861114391970975e-05,-7.152556980326968e-07,0.4597182296103543,0.4123043179512024,0.011408657846606891,0.0
2876,251,-164.71136,841.04944,-0.0111551285,3.3797367,1.6338644,6.3896175e-07,3.753948926925659,-4.261056931394515e-05,-9.536742640435957e-07,0.4587163816977801,0.41230255365371704,0.010321335914971913,0.0
2877,251,-164.54257,841.1318,-0.011155052,3.3799179,1.6335586,9.775162e-07,3.753978967666626,-3.3555823639506403e-05,-9.536742640435957e-07,0.4578114062698576,0.41230105161666875,0.009357588108408005,0.0
2878,251,-164.37378,841.2141,-0.011155014,3.3801057,1.6332284,-1.7642975e-07,3.75400447845459,-2.71642390551469e-05,-9.536742640435957e-07,0.4569917185758448,0.41229977607727053,0.008533613060624463,0.0
2879,252,-164.20497,841.29645,-0.011154861,3.3803265,1.6328201,1.9788743e-06,3.75402569770813,-2.23705531566656e-05,-1.0728835470490452e-06,0.45624709873505864,0.41229871511459354,0.022493751590349477,0.0
2880,252,-164.03578,841.3777,-0.011154899,3.3931727,1.6051196,-9.822845e-07,3.753669023513794,-8.6286403063922e-05,-5.960464150272474e-07,0.4550086955386582,0.41231654882431035,0.02131523808266662,0.0
2881,252,-163.86627,841.4582,-0.01115467,3.3978086,1.5952302,-1.5878677e-06,3.7536466121673584,-0.0001288969561232218,-3.576278490163484e-07,0.45339375465363413,0.4123176693916321,0.019444789038203993,0.0
2882,252,-163.69662,841.5385,-0.011154708,3.399564,1.5916198,-1.3589859e-06,3.7537033557891846,-0.00012996226119586682,-3.576278490163484e-07,0.45177032494263547,0.41231483221054077,0.017516633444025292,0.0
2883,252,-163.52689,841.6187,-0.011154823,3.400266,1.5902765,-3.452301e-06,3.753769874572754,-0.00011238538174669853,-4.7683713202179786e-07,0.4502560515468164,0.4123115062713623,0.01570308068074599,0.0
2884,252,-163.35712,841.699,-0.011154785,3.4005635,1.5897791,-1.4781951e-06,3.753828763961792,-9.054746893537144e-05,-5.960464150272474e-07,0.44888022923816784,0.41230856180191044,0.014102536881386322,0.0
2885,252,-163.18733,841.7791,-0.011154861,3.400746,1.5895058,-1.7166137e-06,3.753878355026245,-7.137270908680092e-05,-7.152556980326968e-07,0.447640261434627,0.41230608224868776,0.012660391052810577,0.0
2886,252,-163.01752,841.85925,-0.011154938,3.4008758,1.5893265,-4.0245054e-06,3.753920078277588,-5.5393746609986823e-05,-7.152556980326968e-07,0.4465254622023198,0.4123039960861206,0.01139779466869732,0.0
2887,252,-162.84769,841.93933,-0.011154938,3.4010067,1.5891262,-3.2997132e-06,3.753953695297241,-4.261057337760648e-05,-9.536742640435957e-07,0.44552248244628234,0.41230231523513794,0.010280692274079881,0.0
2888,252,-162.67783,842.01935,-0.01115509,3.401146,1.5888994,-1.9121169e-06,3.753983974456787,-3.35558297349984e-05,-9.536742640435957e-07,0.44461917149404107,0.4123008012771607,0.009290169151187794,0.0
2889,253,-162.50795,842.09937,-0.01115509,3.4012911,1.5886472,-8.392334e-07,3.7540085315704346,-2.6631610900792382e-05,-9.536742640435957e-07,0.44380374485777246,0.41229957342147827,0.0226025360356484,0.0
2890,253,-162.33774,842.17834,-0.011154785,3.4133127,1.5618371,-1.7786026e-06,3.7536699771881104,-8.68190434092605e-05,-5.960464150272474e-07,0.44252266450490346,0.4123165011405945,0.021321445603181326,0.0
2891,253,-162.16724,842.25684,-0.011154747,3.4175985,1.5523989,-7.486343e-07,3.7536544799804688,-0.00012623384379707855,-3.576278490163484e-07,0.4408939084717246,0.41231727600097656,0.019454530812909678,0.0
2892,253,-161.9966,842.33484,-0.011154785,3.419244,1.5489044,-1.4972686e-06,3.753709554672241,-0.00012623384379707855,-3.576278490163484e-07,0.43926628428200903,0.412314522266388,0.017463515958811848,0.0
2893,253,-161.82588,842.4127,-0.011154747,3.419857,1.5477085,-1.7642975e-07,3.753774642944336,-0.00010918959656592611,-4.7683713202179786e-07,0.43775247693938074,0.4123112678527832,0.015591060102065086,0.0
2894,253,-161.65514,842.4906,-0.011154976,3.4200745,1.5473732,-1.8978119e-06,3.7538342475891113,-8.735167562727635e-05,-5.960464150272474e-07,0.436382014242426,0.41230828762054444,0.013913814371844465,0.0
2895,253,-161.48434,842.5684,-0.011155052,3.4201577,1.5473094,3.2424927e-07,3.7538840770721436,-6.817691984236717e-05,-7.152556980326968e-07,0.43515323171546344,0.41230579614639284,0.012409569290924932,0.0
2896,253,-161.31357,842.64624,-0.011155052,3.4201903,1.5473429,2.4938583e-06,3.75392746925354,-5.166532514753722e-05,-8.344649810381463e-07,0.43405494408191475,0.412303626537323,0.011090405285434736,0.0
2897,253,-161.14275,842.7239,-0.011154938,3.420223,1.547357,8.9645386e-07,3.7539632320404053,-3.941478006951139e-05,-9.536742640435957e-07,0.4330732696145979,0.41230183839797974,0.009868097021085006,0.0
2898,253,-160.9719,842.80164,-0.011155014,3.4202142,1.5474458,3.905296e-06,3.7539918422698975,-2.9827400145226135e-05,-9.536742640435957e-07,0.43219762224817987,0.4123004078865051,0.008832023819403812,0.0
2899,253,-160.80104,842.8793,-0.01115509,3.4202392,1.5474477,4.1007993e-07,3.7540152072906494,-2.2370555188496265e-05,-1.0728835470490452e-06,0.43141575144164623,0.41229923963546755,0.007886206706161681,0.0
2900,254,-160.63016,842.95685,-0.011155014,3.420255,1.5474622,-1.335144e-07,3.754035472869873,-1.7044227928761126e-05,-1.0728835470490452e-06,0.43071690468209584,0.41229822635650637,0.021733460395534285,0.0
2901,254,-160.45897,843.0338,-0.011154785,3.4322186,1.5198885,2.4175642e-06,3.7536895275115967,-8.096008901108618e-05,-5.960464150272474e-07,0.42953236391874217,0.4123155236244202,0.02061089519833865,0.0
2902,254,-160.28749,843.1102,-0.011154708,3.4365273,1.5100654,-1.8501281e-06,3.753667116165161,-0.00012303802610701549,-3.576278490163484e-07,0.4279749140237502,0.41231664419174197,0.01885429102307209,0.0
2903,254,-160.11589,843.1863,-0.011154747,3.4381964,1.5063909,-5.769729e-07,3.7537193298339844,-0.0001251685712337242,-3.576278490163484e-07,0.4264036822701171,0.4123140335083008,0.016988729993730096,0.0
2904,254,-159.94423,843.26184,-0.011154785,3.4388626,1.5050256,-1.2207031e-06,3.753781795501709,-0.0001086569562205876,-4.7683713202179786e-07,0.42493578116677905,0.41231091022491456,0.015128690244330343,0.0
2905,254,-159.77249,843.3374,-0.011154747,3.4390635,1.5047152,4.7683715e-09,3.7538414001464844,-8.78843078452922e-05,-5.960464150272474e-07,0.4236051660176346,0.4123079299926758,0.013445559416883716,0.0
2906,254,-159.60072,843.4128,-0.011154861,3.4390988,1.5047615,-1.8596648e-07,3.753892421722412,-6.764429168801266e-05,-7.152556980326968e-07,0.42241479958939643,0.4123053789138794,0.01189117298998672,0.0
2907,254,-159.42892,843.4883,-0.011154938,3.4390347,1.5050122,-6.198883e-08,3.753934144973755,-5.1132696993182704e-05,-8.344649810381463e-07,0.42135649266171255,0.4123032927513123,0.010547585319899234,0.0
2908,254,-159.25713,843.5636,-0.01115509,3.4389741,1.5052365,3.2901764e-07,3.7539687156677246,-3.781688747912518e-05,-9.536742640435957e-07,0.42041742877183697,0.4123015642166138,0.009301713948604845,0.0
2909,254,-159.0853,843.639,-0.011155014,3.4388738,1.5055391,-9.965896e-07,3.753998041152954,-2.769687533682408e-05,-9.536742640435957e-07,0.4195860231690279,0.41230009794235234,0.008213688300828133,0.0
2910,254,-158.91345,843.7142,-0.011154938,3.4387808,1.5058136,2.1600722e-06,3.7540230751037598,-1.9707390034755696e-05,-1.0728835470490452e-06,0.41885145676135677,0.41229884624481206,0.007178801147517337,0.0
2911,255,-158.7416,843.7894,-0.0111551285,3.438638,1.5061983,3.4046172e-06,3.7540464401245117,-1.384843766841204e-05,-1.0728835470490452e-06,0.4182054404599308,0.4122976779937744,-0.042821198852482666,0.0
2912,255,-158.57076,843.86707,-0.011154137,3.3964334,1.5931178,1.3828277e-07,3.751504421234131,0.00020141963260284401,1.0728835470490452e-06,0.41932233693159643,0.4124247789382935,-0.0803363336382452,0.0
2913,255,-158.40182,843.94824,-0.01115158,3.3450143,1.689783,-4.2915343e-07,3.7475976943969727,0.0005191294191256305,6.914138414316069e-06,0.42331488145881596,0.4126201152801514,-0.07688475754549018,0.0
2914,255,-158.23425,844.0318,-0.011150016,3.3245082,1.7293222,-2.7370452e-06,3.747387170791626,0.0006680432963990435,1.1205672094554583e-05,0.4289048898764059,0.4126306414604187,-0.07061749983632942,0.0
2915,255,-158.06721,844.11646,-0.011150055,3.3172178,1.7448152,-1.0156631e-06,3.748108148574829,0.0006427764255197542,1.0728835978448119e-05,0.43463977425729616,0.4125945925712586,-0.06386404534980764,0.0
2916,255,-157.90042,844.20184,-0.01115097,3.3147259,1.7512395,-1.1157989e-06,3.748899459838867,0.0005472351313016737,8.583068376392361e-06,0.44004219626560365,0.4125550270080567,-0.05737222400438404,0.0
2917,255,-157.73378,844.2875,-0.011152115,3.31402,1.754033,-3.5762787e-07,3.7495813369750977,0.00043980291384240327,5.841255121245857e-06,0.44497926416293343,0.41252093315124516,-0.051456307254596295,0.0
2918,255,-157.56723,844.37317,-0.01115303,3.313899,1.7554427,-5.4359435e-07,3.750134229660034,0.0003437316856774309,3.814697056174383e-06,0.4494405583315205,0.4124932885169983,-0.04619302517646414,0.0
2919,255,-157.40077,844.4592,-0.01115364,3.3138814,1.7564143,-1.6260146e-06,3.7505733966827393,0.00026547702796159215,2.1457670940980904e-06,0.45345770380930966,0.41247133016586307,-0.04144083496682375,0.0
2920,255,-157.23436,844.5453,-0.011154289,3.3139021,1.7571318,-2.2363663e-06,3.750927686691284,0.00020416559485620975,1.0728835470490452e-06,0.45707001551189314,0.4124536156654358,-0.03727483269889579,0.0
2921,256,-157.06802,844.6316,-0.011154556,3.3138232,1.757896,-9.441375e-07,3.751216173171997,0.00015733378355186188,-0.0,0.46032010401671225,0.41243919134140017,-0.014905794836546978,0.0
2922,256,-156.90132,844.7175,-0.0111551285,3.331197,1.7249427,-1.7213821e-06,3.7513065338134766,3.603161133743017e-05,-9.536742640435957e-07,0.46253855049426185,0.4124346733093262,-0.01177017542323359,0.0
2923,256,-156.73427,844.803,-0.011155243,3.3374333,1.7131078,2.2411346e-06,3.7514262199401855,-4.900215999379665e-05,-1.549720679070843e-06,0.4639036868690365,0.41242868900299073,-0.009905653598188338,0.0
2924,256,-156.56711,844.8879,-0.011155471,3.3398833,1.7085841,5.674362e-07,3.7515437602996826,-7.669903939428206e-05,-1.9073485280871915e-06,0.4648992097740217,0.4124228119850159,-0.008678443412396986,0.0
2925,256,-156.39995,844.9727,-0.011155319,3.3408456,1.7069545,3.0899048e-06,3.7516586780548096,-7.563377495825036e-05,-1.9073485280871915e-06,0.4657082448236742,0.41241706609725953,-0.007720129831867011,0.0
2926,256,-156.23273,845.0576,-0.011155395,3.3412373,1.7064449,7.7724457e-07,3.7517757415771484,-6.391586616190171e-05,-1.9073485280871915e-06,0.46640442842213453,0.4124112129211426,-0.0069113024083407235,0.0
2927,256,-156.06554,845.1426,-0.011155471,3.3414078,1.706365,1.3923644e-06,3.7518911361694336,-5.060006071150553e-05,-1.9073485280871915e-06,0.46701915258075205,0.41240544319152833,-0.006196964883079144,0.0
2928,256,-155.89833,845.2275,-0.011155471,3.3415017,1.7064319,1.1348724e-06,3.7520053386688232,-3.888214378783422e-05,-1.9073485280871915e-06,0.4675681965289855,0.41239973306655886,-0.0055998697336188214,0.0
2929,256,-155.73116,845.3125,-0.011155319,3.3415322,1.7066183,-4.7683716e-07,3.752117156982422,-2.876213570919444e-05,-1.7881392450817419e-06,0.4680609146201638,0.41239414215087894,-0.0050447502806914395,0.0
2930,256,-155.56398,845.39746,-0.011155319,3.341562,1.7067958,-1.2254715e-06,3.7522244453430176,-2.1305288720633905e-05,-1.7881392450817419e-06,0.46850516317950264,0.41238877773284915,-0.004584833983341697,0.0
2931,256,-155.39682,845.4825,-0.011155319,3.341557,1.7070341,-3.6239624e-07,3.752328395843506,-1.4913702104443734e-05,-1.7881392450817419e-06,0.46890676787188657,0.41238358020782473,-0.0041703253754036725,0.0
2932,257,-155.22966,845.5675,-0.011155243,3.3415432,1.7072784,7.2479247e-07,3.752427339553833,-1.0652642328486287e-05,-1.6689299620762925e-06,0.46927158765171384,0.41237863302230837,0.022091795492660958,0.0
2933,257,-155.06197,845.65155,-0.011154899,3.364618,1.6595838,2.7608871e-06,3.7516493797302246,-0.00012729910010578758,-9.536742640435957e-07,0.46861005843693815,0.41241753101348877,0.02184161304920349,0.0
2934,257,-154.89374,845.7345,-0.011154823,3.372874,1.6426839,-5.483627e-07,3.751624822616577,-0.00020506340393610135,-4.7683713202179786e-07,0.46714262338679086,0.4124187588691712,0.020234572403341155,0.0
2935,257,-154.72531,845.8171,-0.011154708,3.3760412,1.6364987,-3.9100647e-07,3.751770496368408,-0.00021092234207963035,-3.576278490163484e-07,0.4655192269653058,0.4124114751815796,0.01832672091583562,0.0
2936,257,-154.55676,845.8997,-0.011154747,3.377328,1.6342365,-2.2792815e-06,3.7519423961639404,-0.00018375806645153146,-5.960464150272474e-07,0.46395804864478773,0.412402880191803,0.01652106342577117,0.0
2937,257,-154.38818,845.9823,-0.011154899,3.3779492,1.633333,-2.0503997e-07,3.752108335494995,-0.00014913702104443733,-7.152556980326968e-07,0.462522072185017,0.41239458322525024,0.0148808494845757,0.0
2938,257,-154.21951,846.0648,-0.011154938,3.378328,1.6328962,1.835823e-06,3.7522594928741455,-0.00011717907983616381,-9.536742640435957e-07,0.461219719832941,0.41238702535629274,0.01340830877857754,0.0
2939,257,-154.0508,846.1472,-0.01115509,3.3786142,1.6326132,-1.3208389e-06,3.752393960952759,-9.054746080804877e-05,-1.1920928300544947e-06,0.46004370118507565,0.4123803019523621,0.012080259065606268,0.0
2940,257,-153.88205,846.22943,-0.011155167,3.378855,1.6323962,1.0967254e-07,3.752516269683838,-7.030745277809189e-05,-1.311302113059944e-06,0.4589826978067881,0.41237418651580815,0.010860361722596185,0.0
2941,257,-153.71329,846.3112,-0.0111551285,3.3790474,1.6322551,-1.87397e-06,3.7526280879974365,-5.432848217395513e-05,-1.311302113059944e-06,0.45802718889718125,0.4123685956001282,0.009645033503401637,0.0
2942,257,-153.54451,846.3929,-0.011155281,3.3791106,1.6323618,-2.026558e-06,3.7527315616607666,-4.101268078722027e-05,-1.4305113960653936e-06,0.45717224760823855,0.4123634219169617,0.008518274765224484,0.0
2943,258,-153.3757,846.47485,-0.011155281,3.3790963,1.6326067,-2.026558e-06,3.7528252601623535,-3.0892666613088495e-05,-1.4305113960653936e-06,0.45641271406534795,0.41235873699188236,0.023882880685675196,0.0
2944,258,-153.20654,846.55597,-0.011154938,3.3930175,1.602665,-6.67572e-07,3.7524795532226562,-9.747169589690011e-05,-9.536742640435957e-07,0.45512590791613533,0.4123760223388672,0.02265091580148318,0.0
2945,258,-153.03703,846.6363,-0.011154785,3.3981192,1.5918912,-2.1934508e-07,3.7525100708007812,-0.00014221276970094067,-5.960464150272474e-07,0.4534198536323169,0.41237449645996094,0.020655842469165363,0.0
2946,258,-152.86739,846.7166,-0.011154861,3.4000669,1.5880139,-7.5817104e-07,3.752631425857544,-0.00014274541817360184,-5.960464150272474e-07,0.4516983863036897,0.4123684287071228,0.018644031389974516,0.0
2947,258,-152.69768,846.79694,-0.011154938,3.4009056,1.5865241,-9.298324e-07,3.7527613639831543,-0.00012357065019770867,-7.152556980326968e-07,0.45008980371576823,0.4123619318008423,0.016794978360769517,0.0
2948,258,-152.52792,846.8771,-0.011155014,3.40135,1.5858454,-1.335144e-07,3.7528772354125977,-0.00010013484885965669,-9.536742640435957e-07,0.44862406643081587,0.4123561382293701,0.015098120543064867,0.0
2949,258,-152.35811,846.9571,-0.01115509,3.4016254,1.5855004,-3.671646e-07,3.752980947494507,-7.882956826634545e-05,-1.0728835470490452e-06,0.4472993768150968,0.41235095262527466,0.0135625501205182,0.0
2950,258,-152.1882,847.0367,-0.011155014,3.4018238,1.5852923,-1.4972686e-06,3.75307297706604,-6.125270507182248e-05,-1.1920928300544947e-06,0.4461062806467413,0.41234635114669804,0.012068001662478052,0.0
2951,258,-152.01828,847.11597,-0.011154976,3.401887,1.5853516,-8.9645386e-07,3.75315523147583,-4.687163112173326e-05,-1.1920928300544947e-06,0.44503835304961953,0.41234223842620854,0.010638751432651668,0.0
2952,258,-151.84834,847.1957,-0.0111551285,3.401827,1.5856576,-1.0061264e-06,3.753230333328247,-3.515373045270727e-05,-1.311302113059944e-06,0.4440897017798197,0.4123384833335877,0.00951598217773796,0.0
2953,258,-151.67838,847.2755,-0.011155243,3.401863,1.585742,1.7404556e-06,3.753298759460449,-2.609897665094587e-05,-1.311302113059944e-06,0.44324604563599623,0.41233506202697756,0.008587877368871795,0.0
2954,259,-151.50839,847.3553,-0.011155281,3.4019845,1.5856242,-6.9141385e-07,3.753358840942383,-2.0240022252771545e-05,-1.311302113059944e-06,0.4424891752541957,0.41233205795288086,0.020264456645785595,0.0
2955,259,-151.33817,847.4342,-0.0111551285,3.4126227,1.562052,-1.335144e-06,3.753131866455078,-7.403587830420282e-05,-9.536742640435957e-07,0.4413280037294075,0.4123434066772461,0.01910631214869035,0.0
2956,259,-151.16766,847.5127,-0.011154938,3.4164379,1.5537453,-8.678436e-07,3.753154993057251,-0.00010918960469324876,-7.152556980326968e-07,0.4398643636838136,0.41234225034713745,0.01743468836240988,0.0
2957,259,-150.99706,847.5906,-0.011154785,3.4179223,1.5506655,1.7738342e-06,3.753232717514038,-0.00010972222878394195,-7.152556980326968e-07,0.4384038528525005,0.41233836412429814,0.015607531662872924,0.0
2958,259,-150.82642,847.6685,-0.011155014,3.4184554,1.5496991,-1.2922287e-06,3.753319025039673,-9.480853480682088e-05,-7.152556980326968e-07,0.43704777122543215,0.4123340487480164,0.013939588083152344,0.0
2959,259,-150.65573,847.74634,-0.011154899,3.418666,1.5494268,2.2363663e-06,3.7533984184265137,-7.616639904894355e-05,-9.536742640435957e-07,0.4358216185700461,0.41233007907867436,0.012410274169159598,0.0
2960,259,-150.48503,847.82404,-0.011154899,3.4187343,1.5494419,-9.965896e-07,3.753467082977295,-5.858953585442058e-05,-1.0728835470490452e-06,0.43472339751552463,0.41232664585113527,0.01101655630934609,0.0
2961,259,-150.3143,847.9018,-0.01115509,3.418733,1.5495971,1.5068053e-06,3.7535297870635986,-4.47411063133312e-05,-1.0728835470490452e-06,0.4337449854205431,0.4123235106468201,0.009801236147958726,0.0
2962,259,-150.14355,847.97943,-0.011155167,3.4187305,1.5497347,-2.093315e-06,3.753584384918213,-3.35558297349984e-05,-1.1920928300544947e-06,0.43287463108679164,0.4123207807540894,0.008690494814352034,0.0
2963,259,-149.9728,848.05707,-0.011155014,3.4187026,1.5499128,-2.0551681e-06,3.7536325454711914,-2.4501079996898325e-05,-1.1920928300544947e-06,0.4321007164740146,0.41231837272644045,0.007707835243908795,0.0
2964,260,-149.80203,848.13477,-0.011155167,3.418673,1.5500815,-1.1920929e-07,3.7536752223968506,-1.8109493380708154e-05,-1.1920928300544947e-06,0.43141412025547854,0.4123162388801575,0.017010505765609387,0.0
2965,260,-149.631,848.2119,-0.011154976,3.4270465,1.5311056,-4.2915343e-07,3.7535226345062256,-6.018743657212945e-05,-9.536742640435957e-07,0.4304143695822628,0.41232386827468875,0.015963834634605278,0.0
2966,260,-149.45976,848.28894,-0.011154976,3.4300117,1.5244856,1.5735626e-06,3.7535367012023926,-8.788429971796953e-05,-7.152556980326968e-07,0.4291802940226337,0.4123231649398804,0.01457624438116826,0.0
2967,260,-149.28845,848.3656,-0.011154899,3.431181,1.521982,-1.7786026e-06,3.753589153289795,-8.841694006330804e-05,-7.152556980326968e-07,0.4279557392639017,0.4123205423355103,0.013113674061609655,0.0
2968,260,-149.11707,848.44183,-0.01115509,3.4316466,1.521071,-1.7356872e-06,3.753645658493042,-7.669904752160473e-05,-8.344649810381463e-07,0.42681803684621983,0.4123177170753479,0.011649350440088024,0.0
2969,260,-148.94566,848.518,-0.011155014,3.4317682,1.5209323,-3.7670134e-07,3.7537004947662354,-6.125269694449982e-05,-9.536742640435957e-07,0.42579008995496287,0.41231497526168825,0.010312349311763712,0.0
2970,260,-148.77425,848.5941,-0.011154976,3.4317553,1.5210779,-1.540184e-06,3.7537477016448975,-4.687162705807193e-05,-9.536742640435957e-07,0.42487289727553956,0.41231261491775517,0.009101556848511709,0.0
2971,260,-148.60281,848.6703,-0.01115509,3.4316833,1.5213399,-3.2329558e-06,3.7537882328033447,-3.515373045270727e-05,-1.0728835470490452e-06,0.4240606331430654,0.4123105883598328,0.008045601872008711,0.0
2972,260,-148.43135,848.74634,-0.011155014,3.431615,1.5215875,-1.5449524e-06,3.753826141357422,-2.556634646476069e-05,-1.0728835470490452e-06,0.42334157964874397,0.4123086929321289,0.0070675394172176114,0.0
2973,260,-148.25987,848.8223,-0.01115509,3.4315135,1.5218948,-6.9141385e-07,3.7538578510284424,-1.8109491348877488e-05,-1.0728835470490452e-06,0.4227077140197915,0.4123071074485779,0.006173571805276106,0.0
2974,260,-148.0884,848.8983,-0.011155052,3.4313858,1.522255,-1.4495849e-06,3.753887176513672,-1.2783173232380344e-05,-1.0728835470490452e-06,0.4221511133519649,0.41230564117431645,0.005373980670612819,0.0
2975,261,-147.9169,848.9743,-0.01115509,3.4312477,1.5226299,-1.9979477e-06,3.753912925720215,-7.989483270237714e-06,-1.0728835470490452e-06,0.4216653860586481,0.41230435371398927,0.01108593674733231,0.0
2976,261,-147.74529,849.05035,-0.011154976,3.43638,1.510873,-2.1934509e-06,3.753857135772705,-3.462109823469143e-05,-1.0728835470490452e-06,0.4209948353856798,0.41230714321136475,0.010404757129550083,0.0
2977,261,-147.57355,849.12616,-0.011155167,3.4382138,1.5067211,-2.7894973e-06,3.7538676261901855,-5.2197949238230406e-05,-9.536742640435957e-07,0.4201846684925641,0.41230661869049073,0.009478778975983008,0.0
2978,261,-147.40175,849.2015,-0.011155052,3.4389207,1.5051762,-3.0231474e-06,3.7538955211639404,-5.326321773792343e-05,-9.536742640435957e-07,0.4193846216115906,0.412305223941803,0.00843816705165983,0.0
2979,261,-147.2299,849.2768,-0.011154976,3.4391305,1.5047771,-1.2350082e-06,3.753927707672119,-4.580636262204023e-05,-9.536742640435957e-07,0.41864586072520266,0.4123036146163941,0.007473393522139241,0.0
2980,261,-147.05806,849.352,-0.011155167,3.439161,1.5047817,-2.7370452e-06,3.753957509994507,-3.621899082507764e-05,-1.0728835470490452e-06,0.41798329953550456,0.4123021245002747,0.00657319752723772,0.0
2981,261,-146.88618,849.42725,-0.0111551285,3.4391026,1.5049826,-2.684593e-06,3.7539844512939453,-2.71642390551469e-05,-1.0728835470490452e-06,0.4173953068563287,0.41230077743530275,0.005782975067839728,0.0
2982,261,-146.7143,849.5025,-0.011154938,3.439025,1.5052141,-6.866455e-07,3.7540061473846436,-2.0240022252771545e-05,-1.0728835470490452e-06,0.416875923864736,0.4122996926307678,0.0050789830312028585,0.0
2983,261,-146.5424,849.57764,-0.01115509,3.4389436,1.505452,-1.25885e-06,3.7540271282196045,-1.438106785459722e-05,-1.0728835470490452e-06,0.41642002397562805,0.4122986435890198,0.004414174700283084,0.0
2984,261,-146.3705,849.6528,-0.011154938,3.4388301,1.5057591,1.3780593e-06,3.7540464401245117,-9.58738094020059e-06,-1.0728835470490452e-06,0.4160205165226025,0.4122976779937744,0.003813628982380948,0.0
2985,261,-146.1986,849.72797,-0.011155014,3.4387012,1.5060965,-1.3303757e-06,3.754063606262207,-5.858953890216658e-06,-1.0728835470490452e-06,0.4156733068954835,0.4122968196868897,0.0032962644155327446,0.0
2986,262,-146.02667,849.80304,-0.011154976,3.4385822,1.5064049,-1.988411e-06,3.7540781497955322,-3.195793562073919e-06,-1.0728835470490452e-06,0.4153728690350089,0.4122960925102234,0.025387798391842024,0.0
2987,262,-145.85437,849.8775,-0.011154747,3.4557135,1.464929,-1.578331e-06,3.753394842147827,-0.00010173274551370423,-3.576278490163484e-07,0.414301213012361,0.4123302578926087,0.0245933462462809,0.0
2988,262,-145.68167,849.95087,-0.011154441,3.462251,1.4491874,1.4781951e-06,3.7533087730407715,-0.00017310543834585983,-0.0,0.4125489195941161,0.4123345613479614,0.022618629696661195,0.0
2989,262,-145.50879,850.02405,-0.011154556,3.4647405,1.4434115,-1.2016296e-06,3.753380298614502,-0.00018109493787074287,-0.0,0.4107006857976011,0.4123309850692749,0.020473885693545666,0.0
2990,262,-145.33585,850.09656,-0.0111545175,3.4657729,1.441189,-1.1730194e-06,3.753479480743408,-0.00015925703318673846,-0.0,0.40894775987859733,0.41232602596282963,0.01827949471590606,0.0
2991,262,-145.16283,850.16907,-0.011154708,3.4661343,1.4405566,-1.039505e-06,3.753570318222046,-0.00012889700488715779,-3.576278490163484e-07,0.4073482986174094,0.41232148408889774,0.01628754205710163,0.0
2992,262,-144.98973,850.2415,-0.011154861,3.466258,1.4404638,-8.869171e-07,3.7536489963531494,-0.00010066748107767255,-5.960464150272474e-07,0.40591122360368903,0.41231755018234256,0.014490601595332105,0.0
2993,262,-144.8166,850.3139,-0.011154938,3.4662838,1.4405682,-9.155273e-07,3.7537128925323486,-7.669903126695939e-05,-7.152556980326968e-07,0.40462761324778446,0.41231435537338257,0.01288041977630293,0.0
2994,262,-144.64346,850.3862,-0.011155052,3.4662704,1.4407408,-2.1934509e-06,3.7537667751312256,-5.752427548205022e-05,-7.152556980326968e-07,0.40348451792889517,0.41231166124343877,0.01143974313196442,0.0
2995,262,-144.47029,850.4585,-0.011155052,3.4662368,1.4409337,-1.3017655e-06,3.753809928894043,-4.3143205595622324e-05,-9.536742640435957e-07,0.40246825565692096,0.4123095035552979,0.010145622827736185,0.0
2996,262,-144.2971,850.5307,-0.0111551285,3.466191,1.441143,1.1539458e-06,3.75384783744812,-3.1957933080950855e-05,-1.0728835470490452e-06,0.4015649447046797,0.41230760812759404,0.008978621610722238,0.0
2997,263,-144.12389,850.60284,-0.01115509,3.466129,1.4413741,1.8596648e-06,3.7538793087005615,-2.343581556086663e-05,-1.0728835470490452e-06,0.40076439848100187,0.41230603456497195,0.03024828366298967,0.0
2998,263,-143.95032,850.67426,-0.011154747,3.482275,1.4000033,1.6212463e-06,3.7531650066375732,-0.00011611382352745478,-2.3841856601089893e-07,0.3992495924529648,0.41234174966812137,0.02891474286671857,0.0
2999,263,-143.77637,850.7447,-0.011154366,3.488443,1.3843781,-1.1110305e-06,3.7530970573425293,-0.0001826928182701451,5.960464150272474e-07,0.39711483581267093,0.41234514713287357,0.026514732549457597,0.0
3000,263,-143.60223,850.8145,-0.011154328,3.4908528,1.3785579,-6.008148e-07,3.753195285797119,-0.00018801917295959423,5.960464150272474e-07,0.39492621673933015,0.41234023571014405,0.02388690003836641,0.0
3001,263,-143.42801,850.88403,-0.011154556,3.4918191,1.3764462,-7.6770783e-07,3.753319263458252,-0.00016405072314888108,-0.0,0.3928713882212523,0.4123340368270874,0.021357350808264845,0.0
3002,263,-143.25371,850.9535,-0.011154594,3.4922023,1.3757869,1.3303757e-06,3.7534339427948,-0.00013262540603130074,-2.3841856601089893e-07,0.3910029476899663,0.41232830286026,0.019061092823703697,0.0
3003,263,-143.07936,851.02295,-0.011154708,3.492363,1.3756384,1.630783e-06,3.7535290718078613,-0.00010333064216775178,-4.7683713202179786e-07,0.3893235250170487,0.41232354640960694,0.017023368686048288,0.0
3004,263,-142.905,851.0922,-0.011154938,3.4924548,1.3756206,1.6927719e-06,3.753607749938965,-7.936219235703864e-05,-7.152556980326968e-07,0.38782100281953963,0.41231961250305177,0.01517186860645515,0.0
3005,263,-142.7306,851.16156,-0.011154861,3.4924948,1.375703,-1.4209747e-06,3.7536754608154297,-6.018743657212945e-05,-7.152556980326968e-07,0.38647926897284407,0.41231622695922854,0.013562795808557503,0.0
3006,263,-142.55618,851.2308,-0.01115509,3.4925442,1.3757244,-2.4843216e-06,3.7537291049957275,-4.527373446768572e-05,-9.536742640435957e-07,0.38528031385009043,0.41231354475021365,0.01210868718292798,0.0
3007,264,-142.38176,851.3,-0.01115509,3.4925823,1.3757591,-4.7683716e-07,3.753777503967285,-3.46210941710301e-05,-1.0728835470490452e-06,0.38420869111695616,0.4123111248016358,0.02441213274230264,0.0
3008,264,-142.20703,851.36847,-0.011154823,3.5023918,1.3497425,-1.8787383e-06,3.753472089767456,-8.894958040864655e-05,-5.960464150272474e-07,0.3827317019763982,0.4123263955116272,0.022868741372207818,0.0
3009,264,-142.03207,851.4364,-0.011154823,3.505903,1.340602,-2.6655196e-06,3.753474235534668,-0.00012410329867036985,-3.576278490163484e-07,0.38095380892217495,0.4123262882232666,0.02079473708841578,0.0
3010,264,-141.85703,851.5042,-0.011154823,3.507259,1.3372538,-3.862381e-07,3.753546714782715,-0.00012303803423433814,-3.576278490163484e-07,0.3792024808998252,0.4123226642608643,0.01873469315072064,0.0
3011,264,-141.68188,851.572,-0.011154747,3.507839,1.3359534,-3.2901764e-07,3.7536256313323975,-0.00010599380325783102,-4.7683713202179786e-07,0.3775795505315309,0.41231871843338014,0.016854475770549264,0.0
3012,264,-141.50671,851.6396,-0.011154938,3.5081456,1.3353437,-8.9645386e-07,3.753695249557495,-8.575377897322881e-05,-7.152556980326968e-07,0.376105224552063,0.4123152375221253,0.015116927034076463,0.0
3013,264,-141.33154,851.70654,-0.011155014,3.5083184,1.3350607,-2.670288e-06,3.753756046295166,-6.764428356068999e-05,-7.152556980326968e-07,0.37477634045762714,0.41231219768524174,0.01340066218591755,0.0
3014,264,-141.15633,851.77344,-0.011154976,3.5083232,1.3351914,-8.4400176e-07,3.7538070678710938,-5.166531702021456e-05,-9.536742640435957e-07,0.3735880712687474,0.4123096466064453,0.01184677775495473,0.0
3015,264,-140.9811,851.8403,-0.011154938,3.508265,1.3354776,-2.0885468e-06,3.753854513168335,-3.8882147851495544e-05,-9.536742640435957e-07,0.372532926844858,0.41230727434158326,0.010445872038133333,0.0
3016,264,-140.80586,851.90765,-0.011155052,3.5081716,1.3358308,-7.5817104e-07,3.7538928985595703,-2.822950552300926e-05,-1.0728835470490452e-06,0.3715997219093806,0.4123053550720215,0.009401796877965047,0.0
3017,264,-140.6306,851.97504,-0.011155052,3.5082157,1.3358026,-9.63211e-07,3.7539241313934326,-2.0772656502618056e-05,-1.0728835470490452e-06,0.37076831630657153,0.4123037934303284,0.008508392325154811,0.0
3018,265,-140.45532,852.0423,-0.011155014,3.5083241,1.3355933,1.6975403e-06,3.753951072692871,-1.6511596726660613e-05,-1.0728835470490452e-06,0.37002050067247727,0.41230244636535646,0.03523922973920172,0.0
3019,265,-140.27957,852.10803,-0.011154632,3.5264604,1.2838223,1.335144e-06,3.7528820037841797,-0.00013369066234000977,-0.0,0.36837306922215424,0.412355899810791,0.03382135219828134,0.0
3020,265,-140.10341,852.17255,-0.011154175,3.5335119,1.2639238,-6.723404e-07,3.752760410308838,-0.0002205097220039156,1.0728835470490452e-06,0.36591603680044715,0.4123619794845581,0.031033532728158283,0.0
3021,265,-139.92703,852.2367,-0.011154137,3.536263,1.2565861,-1.9121169e-06,3.752887487411499,-0.00022849920527415332,1.0728835470490452e-06,0.36336952216611335,0.41235562562942507,0.028042327993076897,0.0
3022,265,-139.75053,852.3001,-0.011154328,3.537432,1.2537812,-2.6512146e-06,3.7530510425567627,-0.00020026969771931339,5.960464150272474e-07,0.36096741744188915,0.4123474478721619,0.025049553039308923,0.0
3023,265,-139.574,852.3636,-0.011154594,3.537889,1.2529514,-3.414154e-06,3.753204822540283,-0.0001624528102401882,-0.0,0.35877936429028007,0.41233975887298585,0.022368327278648698,0.0
3024,265,-139.39742,852.4269,-0.011154747,3.5381002,1.252734,-9.918213e-07,3.753331184387207,-0.00012676645976044908,-2.3841856601089893e-07,0.35681235350914753,0.41233344078063966,0.019932118300736688,0.0
3025,265,-139.2208,852.49005,-0.011154861,3.5381906,1.2527862,-1.5830993e-06,3.7534339427948,-9.693906367888427e-05,-4.7683713202179786e-07,0.3550530692930412,0.41232830286026,0.01774021851849424,0.0
3026,265,-139.04411,852.55316,-0.011154861,3.5382235,1.2529466,-1.0156631e-06,3.753518581390381,-7.350324608618697e-05,-7.152556980326968e-07,0.3534834354360621,0.41232407093048096,0.015781684173799538,0.0
3027,265,-138.86742,852.6162,-0.01115509,3.5382304,1.2531366,-3.004074e-06,3.7535884380340576,-5.4861114391970975e-05,-8.344649810381463e-07,0.35208470994203883,0.41232057809829714,0.014035148259154839,0.0
3028,265,-138.69067,852.6792,-0.011154899,3.538226,1.2533275,7.486343e-07,3.753647804260254,-4.101268078722027e-05,-9.536742640435957e-07,0.3508399817380494,0.41231760978698734,0.01247191944232557,0.0
3029,266,-138.5139,852.7422,-0.011154976,3.5382116,1.2535204,-3.2997132e-06,3.7536985874176025,-3.0360032363241983e-05,-1.0728835470490452e-06,0.3497326393567945,0.4123150706291199,0.028842476056517262,0.0
3030,266,-138.33687,852.80444,-0.011154823,3.5495262,1.2196118,-1.8930435e-06,3.7532105445861816,-0.00010279800994973593,-4.7683713202179786e-07,0.34808733843534356,0.41233947277069094,0.027211661425412495,0.0
3031,266,-138.15955,852.86584,-0.011154556,3.553725,1.2072643,-1.9311904e-06,3.7531917095184326,-0.00015286543031590294,-0.0,0.3460090408101593,0.4123404145240784,0.024797041892961804,0.0
3032,266,-137.9821,852.9269,-0.011154556,3.5553603,1.2027392,-2.2029876e-06,3.7532877922058105,-0.00015393071100657996,-0.0,0.3439360362176416,0.4123356103897095,0.022301754431709044,0.0
3033,266,-137.80461,852.9878,-0.011154632,3.5560317,1.2010956,-3.5429e-06,3.7533974647521973,-0.00013315804637663924,-2.3841856601089893e-07,0.3420079075884243,0.41233012676239017,0.019976974618215213,0.0
3034,266,-137.62703,853.04865,-0.011154899,3.5563366,1.2005005,6.866455e-07,3.753495931625366,-0.00010759169991187856,-4.7683713202179786e-07,0.34025824404175586,0.4123252034187317,0.017878068683798775,0.0
3035,266,-137.44942,853.10944,-0.011154976,3.5565007,1.2002705,1.3065338e-06,3.753577709197998,-8.415588231918127e-05,-7.152556980326968e-07,0.33868541439146865,0.4123211145401001,0.016008242049791694,0.0
3036,266,-137.27179,853.17017,-0.011155052,3.5566177,1.2001446,1.783371e-06,3.753648519515991,-6.498112247061075e-05,-7.152556980326968e-07,0.3372744716459447,0.41231757402420044,0.014349034562704227,0.0
3037,266,-137.09413,853.2308,-0.011154938,3.556718,1.2000285,-1.1491775e-06,3.753706455230713,-5.006742036616701e-05,-9.536742640435957e-07,0.3360094701281571,0.4123146772384644,0.012855652388177553,0.0
3038,266,-136.91646,853.2914,-0.0111551285,3.5568023,1.1999356,1.8072128e-06,3.753756523132324,-3.8349515633479696e-05,-1.0728835470490452e-06,0.33487546284648767,0.4123121738433838,0.011551672870527881,0.0
3039,266,-136.73877,853.3519,-0.011155052,3.5568953,1.1997871,2.222061e-06,3.7537970542907715,-2.982740420888747e-05,-1.0728835470490452e-06,0.333857103335155,0.41231014728546145,0.010395779429234362,0.0
3040,267,-136.56107,853.4125,-0.011154976,3.5569952,1.1996044,7.6293944e-08,3.753833293914795,-2.3435813529035965e-05,-1.0728835470490452e-06,0.3329420411846038,0.41230833530426025,0.019290378929602385,0.0
3041,267,-136.38318,853.4724,-0.011155014,3.5633545,1.1800439,1.7642975e-07,3.75366473197937,-6.444849431625624e-05,-7.152556980326968e-07,0.33173775973966996,0.4123167634010315,0.018054684579276486,0.0
3042,267,-136.20512,853.53156,-0.011154823,3.5656595,1.1730934,2.1886824e-06,3.7536749839782715,-9.108010115338729e-05,-7.152556980326968e-07,0.33032152396147946,0.41231625080108647,0.01633778132576669,0.0
3043,267,-136.027,853.5907,-0.011154976,3.566509,1.1706702,1.4305114e-08,3.753725528717041,-9.054746893537144e-05,-7.152556980326968e-07,0.3289377454590743,0.41231372356414797,0.014668659699859553,0.0
3044,267,-135.84885,853.64984,-0.011155014,3.5668514,1.1698004,6.1035155e-07,3.753779649734497,-7.776430383031376e-05,-7.152556980326968e-07,0.3276605266897859,0.41231101751327515,0.013151440277775345,0.0
3045,267,-135.67068,853.70886,-0.011154976,3.5670166,1.1694496,-5.7220458e-08,3.7538273334503174,-6.231796950785417e-05,-8.344649810381463e-07,0.3265052474089095,0.41230863332748413,0.011770223003960259,0.0
3046,267,-135.49251,853.7679,-0.01115509,3.567107,1.1693116,3.480911e-07,3.7538702487945557,-4.900215999379665e-05,-9.536742640435957e-07,0.3254671472159966,0.4123064875602722,0.010554809477151915,0.0
3047,267,-135.31432,853.82684,-0.01115509,3.5671813,1.1692022,1.1920929e-06,3.7539069652557373,-3.7816883415463854e-05,-9.536742640435957e-07,0.32453557346668693,0.41230465173721315,0.009472178171627313,0.0
3048,267,-135.13611,853.88574,-0.01115509,3.5672493,1.1690956,7.867813e-07,3.7539381980895996,-2.9294769959040953e-05,-1.0728835470490452e-06,0.32369987351662005,0.41230309009552,0.008507146449242586,0.0
3049,267,-134.95789,853.94464,-0.0111551285,3.567313,1.168984,1.1014938e-06,3.7539639472961426,-2.290318537468145e-05,-1.0728835470490452e-06,0.32294939472143575,0.4123018026351929,0.007667477668511832,0.0
3050,267,-134.77963,854.0035,-0.0111551285,3.5673892,1.1688265,2.2411346e-06,3.7539873123168945,-1.7576863194522973e-05,-1.0728835470490452e-06,0.32227458299072326,0.4123006343841553,0.006916397153891628,0.0
3051,268,-134.60135,854.0624,-0.011155014,3.567467,1.1686565,1.0824203e-06,3.7540082931518555,-1.4381069886427886e-05,-1.0728835470490452e-06,0.3216657510760175,0.41229958534240724,0.01723627645713671,0.0
3052,268,-134.42288,854.1204,-0.011154899,3.5742972,1.1469437,1.707077e-06,3.7538087368011475,-6.285059766220869e-05,-7.152556980326968e-07,0.3206947625425747,0.41230956315994266,0.016258579776296272,0.0
3053,268,-134.24425,854.178,-0.011154899,3.576727,1.1393203,1.3017655e-06,3.7538015842437744,-9.427588633415971e-05,-7.152556980326968e-07,0.3194526974996753,0.4123099207878113,0.014803420242471532,0.0
3054,268,-134.06554,854.23553,-0.011154976,3.5776455,1.1365618,2.1457672e-06,3.753840684890747,-9.480853480682088e-05,-7.152556980326968e-07,0.3182116644316984,0.4123079657554627,0.013357556331365886,0.0
3055,268,-133.8868,854.293,-0.011154899,3.5780382,1.1354774,6.2465665e-07,3.7538869380950928,-8.202536157444054e-05,-7.152556980326968e-07,0.31705531988638597,0.41230565309524536,0.012018599986411325,0.0
3056,268,-133.70802,854.35046,-0.011155014,3.5782368,1.1349899,1.4734268e-06,3.7539286613464355,-6.657903131564229e-05,-7.152556980326968e-07,0.3160028719131003,0.4123035669326782,0.01081121584855387,0.0
3057,268,-133.52925,854.4079,-0.011154861,3.5783625,1.1347094,1.3399124e-06,3.7539637088775635,-5.2730589583568915e-05,-8.344649810381463e-07,0.31505265603616,0.41230181455612186,0.009754978438160589,0.0
3058,268,-133.35045,854.4653,-0.011155052,3.5784752,1.1344488,2.9230116e-06,3.7539923191070557,-4.101268078722027e-05,-9.536742640435957e-07,0.31419565079737255,0.41230038404464725,0.008816939881343503,0.0
3059,268,-133.17165,854.52264,-0.011155014,3.578585,1.1341838,7.9631803e-07,3.754016876220703,-3.2490565298966704e-05,-9.536742640435957e-07,0.31342170289508187,0.41229915618896484,0.00800791104918119,0.0
3060,268,-132.99283,854.5799,-0.011155052,3.5787096,1.1338594,1.2254715e-06,3.754037618637085,-2.556634443293002e-05,-9.536742640435957e-07,0.31272079218568666,0.4122981190681458,0.007270965993925291,0.0
3061,268,-132.81401,854.63727,-0.01115509,3.5788307,1.1335459,5.245209e-07,3.754058599472046,-2.0772656502618056e-05,-1.0728835470490452e-06,0.3120842966851577,0.4122970700263977,0.006688305975310834,0.0
3062,269,-132.63518,854.6945,-0.011155052,3.578994,1.1330833,-7.8201293e-07,3.7540745735168457,-1.7576863194522973e-05,-1.0728835470490452e-06,0.3115037275675204,0.41229627132415775,0.023345611329470838,0.0
3063,269,-132.45604,854.7504,-0.011154861,3.58907,1.099201,1.0585785e-06,3.7536203861236572,-9.321063002545067e-05,-4.7683713202179786e-07,0.3103308381339359,0.41231898069381717,0.022238735625311663,0.0
3064,269,-132.2767,854.8058,-0.011154747,3.5927675,1.086911,4.5776366e-07,3.7535786628723145,-0.00014487594704566524,-1.1920928300544947e-07,0.3086818420764725,0.4123210668563843,0.02037916552079157,0.0
3065,269,-132.09723,854.86053,-0.011154708,3.5942094,1.0823393,-2.670288e-07,3.75363826751709,-0.00014753910813574447,-1.1920928300544947e-07,0.3069949958420163,0.41231808662414554,0.018317045357992712,0.0
3066,269,-131.91772,854.91504,-0.011154632,3.594767,1.0807555,2.8038023e-06,3.753715991973877,-0.0001283643564144966,-3.576278490163484e-07,0.30541364407624083,0.4123142004013062,0.01633478557540938,0.0
3067,269,-131.73814,854.9696,-0.011154785,3.594966,1.080338,1.8119812e-07,3.753786325454712,-0.00010333064216775178,-4.7683713202179786e-07,0.30397873288090616,0.4123106837272644,0.014564844368447478,0.0
3068,269,-131.55853,855.024,-0.011155014,3.595046,1.080274,8.678436e-07,3.7538444995880127,-7.989482457505448e-05,-7.152556980326968e-07,0.3026924260743979,0.4123077750205994,0.0129413694898755,0.0
3069,269,-131.37889,855.07837,-0.011154938,3.5950582,1.0804052,7.2479247e-07,3.7538938522338867,-6.0720072853806634e-05,-7.152556980326968e-07,0.30154460364457375,0.4123053073883057,0.01150347739247066,0.0
3070,269,-131.19923,855.1327,-0.011154976,3.5950506,1.080568,5.7220456e-07,3.7539334297180176,-4.5806366685701566e-05,-9.536742640435957e-07,0.30052301505041934,0.4123033285140991,0.010216310996681903,0.0
3071,269,-131.01956,855.18695,-0.011154899,3.5950313,1.0807433,1.0824203e-06,3.753965377807617,-3.408846195301425e-05,-9.536742640435957e-07,0.2996148771187023,0.41230173110961915,0.009060606951228688,0.0
3072,270,-130.83987,855.2412,-0.011154938,3.5950036,1.0809315,-1.3685226e-06,3.753993034362793,-2.503371424674484e-05,-1.0728835470490452e-06,0.29880797259792197,0.41230034828186035,0.014452654968581611,0.0
3073,270,-130.66014,855.2952,-0.011154976,3.5986617,1.0684488,8.392334e-07,3.7539243698120117,-4.793689555776496e-05,-9.536742640435957e-07,0.2978455061799673,0.41230378150939945,0.013385932757944393,0.0
3074,270,-130.48029,855.3488,-0.011155014,3.5999584,1.0641035,3.3187866e-06,3.7539336681365967,-6.285060578953135e-05,-7.152556980326968e-07,0.29677221897115175,0.4123033165931702,0.012070697566529948,0.0
3075,270,-130.30043,855.40234,-0.011154976,3.6004279,1.0626215,-4.4345856e-07,3.7539639472961426,-6.0720072853806634e-05,-8.344649810381463e-07,0.29573997773263705,0.4123018026351929,0.010800769896774339,0.0
3076,270,-130.12054,855.4558,-0.011154938,3.6005993,1.0621417,-2.5749205e-07,3.7539925575256348,-5.166531702021456e-05,-9.536742640435957e-07,0.2947945555456589,0.4123003721237183,0.009632810438988303,0.0
3077,270,-129.94063,855.50934,-0.01115509,3.600659,1.062029,8.535385e-07,3.7540178298950195,-4.101268078722027e-05,-9.536742640435957e-07,0.2939434425507832,0.41229910850524903,0.008610087764018635,0.0
3078,270,-129.76067,855.5628,-0.0111551285,3.600695,1.0619891,-1.8596648e-06,3.7540411949157715,-3.1957933080950855e-05,-9.536742640435957e-07,0.29318177847902055,0.41229794025421146,0.00769116890833905,0.0
3079,270,-129.58067,855.61615,-0.01115509,3.6007183,1.061985,-1.4829635e-06,3.7540624141693115,-2.4501079996898325e-05,-9.536742640435957e-07,0.2925006084512055,0.41229687929153447,0.0068446475214200934,0.0
3080,270,-129.40068,855.6695,-0.011154976,3.6007202,1.0620403,6.29425e-07,3.754079818725586,-1.810949541253882e-05,-1.0728835470490452e-06,0.2918923091687178,0.4122960090637207,0.006098679222950078,0.0
3081,270,-129.22066,855.7229,-0.011155052,3.6007216,1.0620917,2.4652481e-06,3.7540955543518066,-1.384843766841204e-05,-1.0728835470490452e-06,0.2913506554925093,0.41229522228240967,0.00546379243494599,0.0
3082,270,-129.04063,855.77625,-0.011155052,3.600741,1.0620784,2.0503997e-07,3.75411057472229,-1.065264334440162e-05,-1.0728835470490452e-06,0.2908664595168193,0.4122944712638855,0.004890546943653916,0.0
3083,271,-128.86063,855.8295,-0.011154938,3.6007595,1.062059,1.2397766e-07,3.7541229724884033,-7.989483270237714e-06,-1.0728835470490452e-06,0.290433462813086,0.41229385137557983,0.007890900185949484,0.0
3084,271,-128.68059,855.8828,-0.011155052,3.6027877,1.0550808,2.8038023e-06,3.754101037979126,-2.23705531566656e-05,-1.0728835470490452e-06,0.2899103513959672,0.4122949481010437,0.007364078545051368,0.0
3085,271,-128.50047,855.9354,-0.011154938,3.6035323,1.0525509,2.2411346e-06,3.754105567932129,-3.1957935112781526e-05,-9.536742640435957e-07,0.2893218260845733,0.4122947216033936,0.0065850675847901,0.0
3086,271,-128.32037,855.98804,-0.01115509,3.6037626,1.051806,2.5320053e-06,3.754117965698242,-3.1957935112781526e-05,-9.536742640435957e-07,0.2887561373795269,0.4122941017150879,0.005836818638169001,0.0
3087,271,-128.14024,856.0406,-0.011155052,3.6038156,1.0516709,-1.5974044e-06,3.7541308403015137,-2.6631608868961715e-05,-9.536742640435957e-07,0.28824111531421914,0.41229345798492434,0.005135274730073776,0.0
3088,271,-127.96014,856.0931,-0.011155052,3.6037948,1.0517844,-4.5776366e-07,3.7541427612304688,-2.0772654470787393e-05,-1.0728835470490452e-06,0.28778248568499387,0.4122928619384766,0.004489919584979505,0.0
3089,271,-127.78001,856.1457,-0.011155014,3.6037402,1.0520103,-9.155273e-07,3.7541534900665283,-1.5446331274713584e-05,-1.0728835470490452e-06,0.2873782511210335,0.4122923254966736,0.003947262594642367,0.0
3090,271,-127.59987,856.1981,-0.011155014,3.603695,1.0522029,-7.7724457e-07,3.754164218902588,-1.0652645376232286e-05,-1.0728835470490452e-06,0.28702295214210327,0.4122917890548706,0.0034088724235392673,0.0
3091,271,-127.41973,856.2506,-0.01115509,3.6036174,1.0524927,4.673004e-07,3.7541708946228027,-7.456851052221867e-06,-1.0728835470490452e-06,0.28671355940246335,0.4122914552688599,0.002944107266564585,0.0
3092,271,-127.23959,856.30304,-0.011155014,3.6035402,1.0527763,-5.2452087e-08,3.754176378250122,-4.261057490147948e-06,-1.0728835470490452e-06,0.28644507947506975,0.4122911810874939,0.002505585036191347,0.0
3093,271,-127.05944,856.3555,-0.011155052,3.6034508,1.0531046,3.0517576e-06,3.7541825771331787,-2.130528745073974e-06,-1.0728835470490452e-06,0.2862144164351552,0.41229087114334106,0.002128292693373681,0.0
3094,272,-126.879295,856.40796,-0.0111551285,3.603366,1.0534161,-4.9114226e-07,3.7541885375976562,-5.326321227737852e-07,-1.0728835470490452e-06,0.286017908436221,0.4122905731201172,0.004267233067950789,0.0
3095,272,-126.69912,856.4604,-0.01115509,3.6047006,1.048809,-2.040863e-06,3.7541799545288086,-1.065264334440162e-05,-1.0728835470490452e-06,0.2857558200954436,0.4122910022735596,0.003942235739407924,0.0
3096,272,-126.51888,856.5129,-0.011154899,3.6051424,1.0472943,1.7976761e-06,3.754181146621704,-1.7576863194522973e-05,-9.536742640435957e-07,0.285444263537418,0.4122909426689148,0.0035649511109350205,0.0
3097,272,-126.33864,856.5653,-0.01115509,3.6053002,1.046768,-5.865097e-07,3.754185914993286,-1.8109493380708154e-05,-9.536742640435957e-07,0.2851406631731489,0.4122907042503357,0.0031836396524177963,0.0
3098,272,-126.15841,856.6178,-0.011155014,3.6053512,1.0466125,-1.9073486e-08,3.7541916370391846,-1.5446333306544248e-05,-9.536742640435957e-07,0.2848615638909086,0.4122904181480408,0.0028544105058261357,0.0
3099,272,-125.978165,856.6702,-0.011154976,3.6053772,1.0465454,-1.3208389e-06,3.7541980743408203,-1.2250541014364496e-05,-9.536742640435957e-07,0.2846096288517871,0.412290096282959,0.0025449577990015845,0.0
3100,272,-125.79792,856.72266,-0.011154899,3.6053853,1.0465374,-9.441375e-07,3.7542035579681396,-9.587378908369924e-06,-1.0728835470490452e-06,0.2843837927913484,0.41228982210159304,0.0022717828009671957,0.0
3101,272,-125.61766,856.7751,-0.011155014,3.6053882,1.04654,-1.25885e-06,3.754207134246826,-7.456850036306534e-06,-1.0728835470490452e-06,0.28418189189120674,0.4122896432876587,0.0020309009655834617,0.0
3102,272,-125.43741,856.82745,-0.011155014,3.6053917,1.0465398,-1.4543533e-06,3.7542102336883545,-5.858953382258991e-06,-1.0728835470490452e-06,0.28400192878054464,0.4122894883155823,0.0018014553275460853,0.0
3103,272,-125.25716,856.8799,-0.011155052,3.6053894,1.0465679,-1.46389e-06,3.754215955734253,-4.261057490147948e-06,-1.0728835470490452e-06,0.2838410738507039,0.41228920221328735,0.0016195595926999057,0.0
3104,272,-125.076904,856.9323,-0.011155014,3.605399,1.0465573,-1.6021728e-06,3.7542221546173096,-3.195793308095086e-06,-1.0728835470490452e-06,0.28369772920503034,0.41228889226913457,0.0014639706845351486,0.0
3105,272,-124.89664,856.9847,-0.011155014,3.6054115,1.0465211,-2.4318695e-07,3.7542240619659424,-2.663160836100405e-06,-1.0728835470490452e-06,0.28356833286556615,0.4122887969017029,0.0013045778692863683,0.0
3106,273,-124.716385,857.0371,-0.011154976,3.6054144,1.0465182,-4.0340424e-06,3.754225969314575,-2.1305288720633906e-06,-1.0728835470490452e-06,0.2834527849637703,0.4122887015342713,0.003622893955953569,0.0
3107,273,-124.536095,857.08954,-0.01115509,3.6068149,1.0416356,-1.4209747e-06,3.754213333129883,-1.3315803418565526e-05,-9.536742640435957e-07,0.2832546124891548,0.41228933334350587,0.0034792719540594863,0.0
3108,273,-124.35575,857.1419,-0.011154976,3.6073353,1.0398186,5.149841e-07,3.7542097568511963,-2.0772656502618056e-05,-9.536742640435957e-07,0.2829915254629686,0.4122895121574402,0.0032390753133013724,0.0
3109,273,-124.17541,857.19434,-0.01115509,3.6075642,1.0390344,1.4305114e-08,3.7542126178741455,-2.1305284656972574e-05,-9.536742640435957e-07,0.2827235448782794,0.41228936910629277,0.0030184463838974058,0.0
3110,273,-123.99506,857.2461,-0.011154938,3.6077065,1.0385565,2.0551681e-06,3.7542171478271484,-1.917476188040118e-05,-9.536742640435957e-07,0.28246684943870937,0.4122891426086426,0.0026270217266270283,0.0
3111,273,-123.81472,857.2977,-0.011154976,3.6077096,1.0385578,-2.7656554e-07,3.754220485687256,-1.5446333306544248e-05,-9.536742640435957e-07,0.282233057184514,0.4122889757156372,0.0022232965765549453,0.0
3112,273,-123.634384,857.34937,-0.011155014,3.6076427,1.038802,-1.7929077e-06,3.754223585128784,-1.1717908796348647e-05,-9.536742640435957e-07,0.2820296249667456,0.4122888207435608,0.0018509631065167086,0.0
3113,273,-123.45403,857.4016,-0.011154938,3.6075482,1.0391395,-2.9039381e-06,3.7542264461517334,-7.456851052221867e-06,-1.0728835470490452e-06,0.2818564862063768,0.41228867769241334,0.0017125784599827912,0.0
3114,273,-123.27368,857.45404,-0.011154976,3.6075566,1.0391185,-2.3460389e-06,3.7542285919189453,-5.32632167220081e-06,-9.536742640435957e-07,0.2817052186564603,0.41228857040405276,0.0016774895559641808,0.0
3115,273,-123.093315,857.5059,-0.01115509,3.6076434,1.0388238,-2.2268296e-06,3.754230499267578,-4.793689454184962e-06,-9.536742640435957e-07,0.28156400453965885,0.41228847503662114,0.00146597185743804,0.0
3116,273,-122.912964,857.5575,-0.01115509,3.607649,1.0388099,-1.7786026e-06,3.754232168197632,-3.728425018153267e-06,-9.536742640435957e-07,0.28143410885749026,0.41228839159011843,0.0011466515807613776,0.0
3117,274,-122.732605,857.6096,-0.011155052,3.6075587,1.0391293,-5.626678e-07,3.7542335987091064,-2.130528745073974e-06,-9.536742640435957e-07,0.281324386620579,0.4122883200645447,0.0032280308238660034,0.0
3118,274,-122.55221,857.66125,-0.011155052,3.6087832,1.0348362,5.7220456e-07,3.7542245388031006,-1.1717907780433316e-05,-9.536742640435957e-07,0.2811459881170573,0.412288773059845,0.002989060884877612,0.0
3119,274,-122.371765,857.7129,-0.011154976,3.6091769,1.0334557,-2.069473e-06,3.7542226314544678,-1.7576865226353636e-05,-9.536742640435957e-07,0.28091532507714284,0.41228886842727663,0.0026774604386514164,0.0
3120,274,-122.19132,857.7645,-0.011155052,3.609298,1.0330398,-6.580353e-07,3.7542247772216797,-1.7576863194522973e-05,-9.536742640435957e-07,0.2806879244095637,0.41228876113891605,0.002369432883886509,0.0
3121,274,-122.01088,857.81616,-0.01115509,3.6093252,1.0329586,-3.2901764e-07,3.7542285919189453,-1.4381068870512554e-05,-9.536742640435957e-07,0.2804791325801015,0.41228857040405276,0.002085054266884635,0.0
3122,274,-121.83044,857.8678,-0.011155014,3.6093178,1.0329964,-1.66893e-06,3.7542316913604736,-1.11852765783328e-05,-9.536742640435957e-07,0.28029264472476867,0.41228841543197636,0.0018290700088539667,0.0
3123,274,-121.64999,857.91943,-0.01115509,3.6092975,1.0330743,-6.6280364e-07,3.7542335987091064,-8.522114980295896e-06,-9.536742640435957e-07,0.28012806136940177,0.4122883200645447,0.0016001111780846312,0.0
3124,274,-121.46953,857.97107,-0.011155052,3.609273,1.033165,-5.00679e-07,3.754235029220581,-6.391586616190172e-06,-9.536742640435957e-07,0.27998378461734674,0.41228824853897095,0.001395808833857675,0.0
3125,274,-121.28908,858.0227,-0.01115509,3.6092477,1.0332592,-4.4345856e-07,3.7542366981506348,-4.261057744126781e-06,-9.536742640435957e-07,0.27985751749216337,0.4122881650924683,0.0012143913922291912,0.0
3126,274,-121.10862,858.0743,-0.011154976,3.6092227,1.0333515,-3.147125e-07,3.7542381286621094,-2.663160836100405e-06,-9.536742640435957e-07,0.27974726262303407,0.41228809356689455,0.0010282200371296375,0.0
3127,274,-120.92816,858.1259,-0.01115509,3.6091833,1.0334914,1.7213821e-06,3.7542388439178467,-1.597896654047543e-06,-9.536742640435957e-07,0.27965298672044525,0.4122880578041077,0.0008827146483031038,0.0
3128,275,-120.7477,858.1775,-0.011155052,3.6091533,1.0336024,-1.3589859e-06,3.7542405128479004,-1.065264372536987e-06,-9.536742640435957e-07,0.27957152728060247,0.412287974357605,0.0019643852692437587,0.0
3129,275,-120.56725,858.2291,-0.01115509,3.6098099,1.0312952,-4.2915343e-07,3.754237174987793,-5.858954398174324e-06,-9.536742640435957e-07,0.2794553801675614,0.41228814125061036,0.0018439183071301513,0.0
3130,275,-120.386795,858.2807,-0.011155052,3.6100383,1.0304884,-1.0633469e-06,3.75423526763916,-9.05474770626941e-06,-9.536742640435957e-07,0.27931213539042876,0.41228823661804204,0.0016731033750737277,0.0
3131,275,-120.206345,858.33234,-0.01115509,3.61012,1.0302039,-6.67572e-08,3.7542357444763184,-9.587379924285257e-06,-9.536742640435957e-07,0.2791704385756797,0.4122882127761841,0.0015239029104836428,0.0
3132,275,-120.025894,858.384,-0.011155052,3.6101635,1.0300611,9.5367426e-08,3.7542383670806885,-8.522114980295896e-06,-9.536742640435957e-07,0.27903879519404573,0.4122880816459656,0.0013912031962329764,0.0
3133,275,-119.845436,858.43555,-0.011155052,3.6101935,1.0299603,2.5749205e-07,3.754239559173584,-6.924218326248353e-06,-9.536742640435957e-07,0.2789174216273654,0.4122880220413208,0.001255968351283752,0.0
3134,275,-119.66498,858.4872,-0.011154976,3.6102083,1.0299062,-1.2350082e-06,3.754239082336426,-5.858953890216658e-06,-9.536742640435957e-07,0.27880711682396564,0.41228804588317874,0.0011576765808715848,0.0
3135,275,-119.48452,858.53876,-0.011155014,3.610235,1.0298214,1.5735625e-07,3.754241466522217,-4.793689962142629e-06,-9.536742640435957e-07,0.2787064826242743,0.4122879266738892,0.0010558214439361923,0.0
3136,275,-119.30407,858.5904,-0.011155052,3.6102557,1.029756,-1.4209747e-06,3.7542433738708496,-3.7284252721321002e-06,-9.536742640435957e-07,0.27861435389531436,0.4122878313064575,0.0009914119463175614,0.0
3137,275,-119.12361,858.6419,-0.01115509,3.610288,1.0296419,1.9121169e-06,3.7542431354522705,-3.195793308095086e-06,-9.536742640435957e-07,0.278529116095675,0.4122878432273865,0.0008947735602604015,0.0
3138,276,-118.94315,858.6936,-0.01115509,3.6103032,1.0295931,2.5320053e-06,3.754244565963745,-2.663160582121572e-06,-9.536742640435957e-07,0.2784508358043835,0.41228777170181274,0.0013057578263159831,0.0
3139,276,-118.7626,858.7451,-0.01115509,3.6105936,1.0285716,-1.8119812e-07,3.7542436122894287,-4.793689962142629e-06,-9.536742640435957e-07,0.27836025503780715,0.4122878193855286,0.001210277908973637,0.0
3140,276,-118.58205,858.79675,-0.01115509,3.610697,1.0282048,-9.918213e-07,3.7542426586151123,-5.858954398174324e-06,-9.536742640435957e-07,0.2782622673544491,0.4122878670692444,0.001138654184723135,0.0
3141,276,-118.40149,858.8483,-0.011155052,3.610761,1.0279849,6.2465665e-07,3.754244089126587,-5.858953382258991e-06,-9.536742640435957e-07,0.2781663602656926,0.4122877955436707,0.0010576262454290576,0.0
3142,276,-118.22093,858.89996,-0.011155014,3.6108038,1.0278417,-4.005432e-07,3.7542459964752197,-5.32632167220081e-06,-9.536742640435957e-07,0.2780763620656047,0.41228770017623906,0.0010057429473952343,0.0
3143,276,-118.040375,858.95154,-0.011154976,3.6108809,1.0275769,-9.536743e-07,3.7542476654052734,-4.793689962142629e-06,-9.536742640435957e-07,0.2779884777496321,0.41228761672973635,0.0009442407692191055,0.0
3144,276,-117.859825,859.0032,-0.011154976,3.6108997,1.0275048,-9.441375e-07,3.7542459964752197,-4.261057490147948e-06,-9.536742640435957e-07,0.2779064856775713,0.41228770017623906,0.0009153779312466533,0.0
3145,276,-117.67927,859.05475,-0.01115509,3.6109471,1.0273414,-1.411438e-06,3.754246950149536,-3.7284252721321002e-06,-9.536742640435957e-07,0.27782980328293383,0.4122876524925232,0.0008803897547552854,0.0
3146,276,-117.49871,859.1063,-0.011155014,3.610997,1.0271722,8.5830685e-08,3.75424861907959,-3.7284252721321002e-06,-9.536742640435957e-07,0.2777557174703592,0.41228756904602054,0.0008555864760306647,0.0
3147,276,-117.31815,859.15796,-0.011155052,3.6110497,1.0269881,-6.437302e-07,3.754248857498169,-3.195793562073919e-06,-9.536742640435957e-07,0.27768437804265866,0.4122875571250916,0.0008645632235025857,0.0
3148,276,-117.13759,859.20953,-0.011154938,3.6111212,1.0267372,2.4890899e-06,3.754249095916748,-3.7284255261109336e-06,-9.536742640435957e-07,0.2776135379576626,0.4122875452041626,0.0008615728925434611,0.0
3149,277,-116.95703,859.26105,-0.011155052,3.6111917,1.0264902,-6.198883e-08,3.754249334335327,-3.7284252721321002e-06,-9.536742640435957e-07,0.2775432305048845,0.41228753328323364,0.0011093990280408269,0.0
3150,277,-116.776474,859.31274,-0.011155014,3.6114025,1.025745,-3.147125e-07,3.7542483806610107,-4.793689454184962e-06,-9.536742640435957e-07,0.2774633356721821,0.4122875809669495,0.0011124476010078111,0.0
3151,277,-116.59592,859.36426,-0.011154976,3.61153,1.0252986,-1.9168854e-06,3.754249095916748,-5.858953890216658e-06,-9.536742640435957e-07,0.2773759839884275,0.4122875452041626,0.001065445592855756,0.0
3152,277,-116.41536,859.4159,-0.011155052,3.6116087,1.0250301,-1.0967254e-07,3.754251480102539,-5.858953382258991e-06,-9.536742640435957e-07,0.27728811631721173,0.41228742599487306,0.001057233590057575,0.0
3153,277,-116.2348,859.46747,-0.01115509,3.6116912,1.0247437,-2.222061e-06,3.7542526721954346,-5.858953890216658e-06,-9.536742640435957e-07,0.2772012806209183,0.4122873663902283,0.0010419338209454205,0.0
3154,277,-116.054245,859.5191,-0.011154938,3.6117685,1.0244696,-1.2159347e-06,3.7542521953582764,-5.32632167220081e-06,-9.536742640435957e-07,0.2771155434785746,0.4122873902320862,0.001055419933271953,0.0
3155,277,-115.87369,859.5707,-0.011155052,3.6118617,1.0241457,-6.723404e-07,3.754253625869751,-5.326322180158476e-06,-9.536742640435957e-07,0.2770297730467172,0.4122873187065125,0.0010614003160981736,0.0
3156,277,-115.69313,859.6223,-0.011155052,3.6119552,1.0238202,-4.2438506e-07,3.7542545795440674,-5.326321164243144e-06,-9.536742640435957e-07,0.276943453337885,0.41228727102279666,0.0010986636854844079,0.0
3157,277,-115.51257,859.6738,-0.011154976,3.612066,1.0234302,1.9598008e-06,3.7542548179626465,-5.326321164243144e-06,-9.536742640435957e-07,0.2768555690219124,0.4122872591018677,0.001106841232774616,0.0
3158,277,-115.332016,859.7247,-0.011154938,3.6121678,1.0230725,2.5606155e-06,3.754255533218384,-5.858953890216658e-06,-9.536742640435957e-07,0.2767660701645289,0.41228722333908085,0.0008788484291779503,0.0
3159,277,-115.15146,859.7755,-0.011154976,3.612134,1.0231913,-3.528595e-07,3.7542552947998047,-4.793688946227296e-06,-9.536742640435957e-07,0.27668512671214734,0.41228723526000977,0.0006493257521363497,0.0
3160,278,-114.97091,859.8268,-0.011155014,3.6120512,1.0234928,7.152557e-08,3.754257917404175,-2.663160836100405e-06,-1.0728835470490452e-06,0.27661959630457456,0.4122871041297913,0.0004958699081251213,0.0
3161,278,-114.79035,859.8784,-0.011155052,3.6119814,1.0237437,-2.336502e-07,3.754258871078491,-1.0652642455475704e-06,-1.0728835470490452e-06,0.2765695621655947,0.41228705644607544,0.0005459463222738528,0.0
3162,278,-114.60978,859.93,-0.011154976,3.6120195,1.0236099,-3.8146972e-08,3.7542593479156494,-5.326321227737852e-07,-9.536742640435957e-07,0.27652428842706334,0.41228703260421756,0.000593985475962366,0.0
3163,278,-114.42923,859.9813,-0.01115509,3.6120903,1.0233644,-2.3841858e-07,3.754260301589966,-1.065264372536987e-06,-9.536742640435957e-07,0.2764779827136096,0.41228698492050175,0.0005832613650600313,0.0
3164,278,-114.24866,860.0321,-0.011154938,3.6121402,1.0231928,2.555847e-06,3.7542617321014404,-1.5978967810369595e-06,-1.0728835470490452e-06,0.2764305285119358,0.412286913394928,0.00041356286308380107,0.0
3165,278,-114.0681,860.0829,-0.011154976,3.612094,1.0233582,2.7704239e-06,3.7542622089385986,-1.065264372536987e-06,-9.536742640435957e-07,0.2763895158311485,0.4122868895530701,0.0002439579018120426,0.0
3166,278,-113.887535,860.1345,-0.01115509,3.6120126,1.0236526,2.5177e-06,3.7542643547058105,-1.4210853934937652e-14,-9.536742640435957e-07,0.2763607703361325,0.4122867822647095,0.00035110424753019294,0.0
3167,278,-113.70698,860.1861,-0.011155052,3.6120641,1.0234683,2.155304e-06,3.7542636394500732,0.0,-9.536742640435957e-07,0.27633418865950216,0.41228681802749634,0.0004558009434876914,0.0
3168,278,-113.52641,860.23694,-0.011155052,3.6121578,1.0231367,1.7642975e-07,3.754263401031494,-1.0652644360316953e-06,-9.536742640435957e-07,0.27630163151517595,0.4122868299484253,0.00030870773164074454,0.0
3169,278,-113.34585,860.2877,-0.011155052,3.6121266,1.0232413,2.8324127e-06,3.7542617321014404,-1.065264372536987e-06,-9.536742640435957e-07,0.27627183740048067,0.412286913394928,0.00013109249072577165,0.0
3170,278,-113.16528,860.339,-0.011155052,3.612038,1.023556,2.4223327e-06,3.7542622089385986,3.070291977286304e-08,-9.536742640435957e-07,0.27625211336365724,0.4122868895530701,0.00014243744217910535,0.0
3171,279,-112.984726,860.3905,-0.011154938,3.6120288,1.0235919,1.940727e-06,3.754263162612915,4.999888900362418e-07,-9.536742640435957e-07,0.27623828157074565,0.41228684186935427,-0.00020837379973211458,0.0
3172,279,-112.80416,860.4421,-0.01115509,3.611836,1.0242716,-8.7738033e-07,3.754263162612915,4.999888900362418e-07,-9.536742640435957e-07,0.27623828157074565,0.41228684186935427,-0.0001163656531462296,0.0
3173,279,-112.62359,860.49365,-0.011154976,3.6118236,1.0243192,-8.6307523e-07,3.7542641162872314,2.626309269338699e-06,-9.536742640435957e-07,0.2762489175703492,0.41228679418563846,-3.6183866540977553e-06,0.0
3174,279,-112.443016,860.5452,-0.011154938,3.6118767,1.0241368,2.28405e-06,3.754265546798706,1.851903297935883e-06,-9.536742640435957e-07,0.2762537112603113,0.4122867226600647,0.00010965975158096127,0.0
3175,279,-112.26246,860.5968,-0.0111551285,3.6119547,1.0238627,2.2411346e-06,3.754265785217285,5.945983547097227e-07,-9.536742640435957e-07,0.2762510314544644,0.41228671073913575,0.00022365496719549283,0.0
3176,279,-112.081894,860.6483,-0.011155052,3.6120455,1.023536,6.055832e-07,3.7542641162872314,-5.326322180158476e-07,-9.536742640435957e-07,0.27623931354566805,0.41228679418563846,0.0003171369516515182,0.0
3177,279,-111.90133,860.69934,-0.011155014,3.6121378,1.0232114,-1.2874602e-07,3.7542643547058105,-1.597896654047543e-06,-9.536742640435957e-07,0.2762196560878719,0.4122867822647095,0.0002544297685686044,0.0
3178,279,-111.72076,860.7501,-0.011155052,3.612147,1.0231773,-6.9141385e-07,3.7542641162872314,-2.1305288720633906e-06,-9.536742640435957e-07,0.27619780152217643,0.41228679418563846,0.00010251003201716926,0.0
3179,279,-111.54019,860.8011,-0.011155014,3.6120808,1.0234143,-9.536743e-09,3.7542648315429688,-1.065264372536987e-06,-9.536742640435957e-07,0.27618290446482885,0.41228675842285156,1.2252215521287412e-05,0.0
3180,279,-111.35963,860.85266,-0.01115509,3.612019,1.0236366,9.536743e-09,3.7542660236358643,-1.4210853934937652e-14,-9.536742640435957e-07,0.27617593031172416,0.4122866988182068,0.00015206084455775216,0.0
3181,279,-111.17906,860.9041,-0.01115509,3.6120796,1.0234172,2.8324127e-06,3.7542645931243896,0.0,-9.536742640435957e-07,0.27616797411796756,0.41228677034378053,0.0002598731720167975,0.0
3182,280,-110.998505,860.9549,-0.0111551285,3.6121657,1.0231123,-8.5830686e-07,3.7542641162872314,-1.065264372536987e-06,-9.536742640435957e-07,0.27615252778364513,0.41228679418563846,0.00017628035146974799,0.0
3183,280,-110.81794,861.0057,-0.011154976,3.612159,1.0231395,-3.7670134e-07,3.754265308380127,-1.0652642455475704e-06,-9.536742640435957e-07,0.2761359995401298,0.4122867345809937,6.107217053748812e-05,0.0
3184,280,-110.63737,861.05646,-0.01115509,3.6121037,1.0233372,3.0136107e-06,3.754265785217285,-5.326322180158476e-07,-9.536742640435957e-07,0.2761258628832307,0.41228671073913575,-5.373050110898588e-05,0.0
3185,280,-110.4568,861.10785,-0.011154976,3.612027,1.0236067,-7.867813e-07,3.754265546798706,4.694681584078018e-07,-9.536742640435957e-07,0.27612374899911546,0.4122867226600647,4.180889846902473e-06,0.0
3186,280,-110.27624,861.1594,-0.011155052,3.6120348,1.0235775,6.008148e-07,3.754265069961548,4.694681584078018e-07,-9.536742640435957e-07,0.27612374899911546,0.41228674650192265,0.00012329259364135962,0.0
3187,280,-110.09567,861.21063,-0.011155014,3.6121035,1.0233334,-7.5817104e-07,3.7542645931243896,2.02009565302893e-08,-9.536742640435957e-07,0.27611952123088496,0.41228677034378053,0.0001364151840222988,0.0
3188,280,-109.91511,861.2614,-0.011155014,3.612137,1.0232146,-5.9604645e-07,3.7542645931243896,-5.326322180158476e-07,-9.536742640435957e-07,0.27611044983842187,0.41228677034378053,9.120322363439024e-06,0.0
3189,280,-109.734535,861.31226,-0.01115509,3.612084,1.0234052,-1.4305114e-07,3.754265546798706,-1.4210853934937652e-14,-9.536742640435957e-07,0.27610459088402367,0.4122867226600647,-0.00010573155699017511,0.0
3190,280,-109.55397,861.36383,-0.011154938,3.6120062,1.0236832,2.746582e-06,3.7542662620544434,6.770264230902642e-07,-9.536742640435957e-07,0.27610673805765257,0.4122866868972779,3.6603727940261334e-05,0.0
3191,280,-109.373405,861.41534,-0.011155014,3.6120577,1.0234985,2.0980835e-07,3.754265546798706,6.770264230902642e-07,-9.536742640435957e-07,0.27610673805765257,0.4122867226600647,0.00016885951913432216,0.0
3192,280,-109.19284,861.46625,-0.011154976,3.6121473,1.0231788,-2.336502e-07,3.7542645931243896,-5.326321862684935e-07,-9.536742640435957e-07,0.276101361801202,0.41228677034378053,7.027501751744988e-05,0.0
3193,281,-109.012276,861.517,-0.011155052,3.6121266,1.0232513,1.3828277e-07,3.7542643547058105,-5.326321862684935e-07,-9.536742640435957e-07,0.27609340560744533,0.4122867822647095,0.01969909394905073,0.0
3194,281,-108.83142,861.56726,-0.011154899,3.6222188,0.9849529,4.7683715e-09,3.7537448406219482,-8.89495722813239e-05,-5.960464150272474e-07,0.275369541778405,0.4123127579689026,0.01924216704720849,0.0
3195,281,-108.65034,861.6165,-0.01115467,3.6260011,0.97062755,-5.4359435e-07,3.7536652088165283,-0.00015126754991650072,-2.3841856601089893e-07,0.27403213556848083,0.4123167395591736,0.017737812598341035,0.0
3196,281,-108.469154,861.6655,-0.011154708,3.6274402,0.9653912,1.001358e-07,3.7537052631378174,-0.0001581917524960614,-1.1920928300544947e-07,0.27259136541874796,0.41231473684310915,0.016042493171097807,0.0
3197,281,-108.28795,861.7146,-0.011154861,3.6280234,0.9634375,-2.2888182e-06,3.7537670135498047,-0.0001384843766841204,-3.576278490163484e-07,0.2712182562054599,0.4123116493225098,0.014469270501206796,0.0
3198,281,-108.106636,861.7635,-0.011154708,3.628308,0.96258366,-1.04904174e-07,3.7538228034973145,-0.00011291801396471437,-4.7683713202179786e-07,0.269957998443364,0.4123088598251343,0.013000720260523813,0.0
3199,281,-107.92533,861.8124,-0.011154976,3.6284633,0.96219844,-2.1600722e-06,3.7538743019104004,-8.894958040864655e-05,-5.960464150272474e-07,0.2688171668114013,0.41230628490448,0.011707586162054686,0.0
3200,281,-107.744,861.8613,-0.011154976,3.6285806,0.9619183,-3.0994414e-07,3.753915786743164,-6.870954799672169e-05,-7.152556980326968e-07,0.2677881047214379,0.41230421066284184,0.010600318451354682,0.0
3201,281,-107.56265,861.91016,-0.011154899,3.6287081,0.96157485,-5.00679e-07,3.753951072692871,-5.379584995593928e-05,-8.344649810381463e-07,0.26685867814575703,0.41230244636535646,0.009604375705753882,0.0
3202,281,-107.38131,861.95886,-0.011154976,3.6288304,0.96122503,1.8310546e-06,3.7539796829223633,-4.2077941159590634e-05,-9.536742640435957e-07,0.26601760193923957,0.41230101585388185,0.008704691237704187,0.0
3203,281,-107.19995,862.00757,-0.011155052,3.6289444,0.9608897,-5.149841e-07,3.7540040016174316,-3.3023191421490555e-05,-9.536742640435957e-07,0.2652554385247725,0.41229979991912846,0.007931135228138516,0.0
3204,282,-107.018585,862.0559,-0.011154976,3.6290724,0.96049607,-1.335144e-06,3.7540271282196045,-2.6631610900792382e-05,-9.536742640435957e-07,0.2645630166413519,0.4122986435890198,0.013661389893020806,0.0
3205,282,-106.837105,862.1039,-0.011154899,3.6324623,0.9472943,-9.775162e-07,3.753951072692871,-5.166532108387589e-05,-9.536742640435957e-07,0.26368520545654817,0.41230244636535646,0.012723547007330542,0.0
3206,282,-106.65557,862.1515,-0.011154976,3.6336784,0.9426509,-5.674362e-07,3.7539591789245605,-6.711165540633547e-05,-7.152556980326968e-07,0.26267640003562615,0.412302041053772,0.011527581232978323,0.0
3207,282,-106.47396,862.1987,-0.011154938,3.634139,0.94098365,-6.341934e-07,3.7539868354797363,-6.498113059793341e-05,-7.152556980326968e-07,0.2616958407670158,0.4123006582260132,0.01027050121127967,0.0
3208,282,-106.29232,862.246,-0.011154938,3.6342833,0.9405407,-1.3589859e-06,3.7540154457092285,-5.4861114391970975e-05,-8.344649810381463e-07,0.2607962415955438,0.4122992277145386,0.009120258061370803,0.0
3209,282,-106.11068,862.2932,-0.011154938,3.634317,0.9405156,-9.822845e-07,3.7540416717529297,-4.367583781363817e-05,-9.536742640435957e-07,0.2599882052313002,0.4122979164123535,0.008093287909245168,0.0
3210,282,-105.92902,862.3404,-0.011154899,3.6343143,0.9406184,1.5974044e-06,3.7540647983551025,-3.3023193453321225e-05,-9.536742640435957e-07,0.2592686523942744,0.4122967600822449,0.007164976278743284,0.0
3211,282,-105.74735,862.3876,-0.011154938,3.634292,0.9407826,-2.3460389e-06,3.754084348678589,-2.4501079996898325e-05,-9.536742640435957e-07,0.25862951037741216,0.4122957825660706,0.0063427553605477725,0.0
3212,282,-105.565674,862.4347,-0.011155014,3.634268,0.9409507,-1.1014938e-06,3.754103422164917,-1.8109491348877488e-05,-1.0728835470490452e-06,0.2580632723953909,0.4122948288917542,0.005595744010095018,0.0
3213,282,-105.383995,862.4817,-0.01115509,3.634235,0.9411437,-2.684593e-06,3.754119873046875,-1.2783173232380344e-05,-1.0728835470490452e-06,0.25756268133424004,0.4122940063476563,0.004888724077234081,0.0
3214,282,-105.20229,862.52875,-0.011155014,3.634176,0.94142133,1.1205673e-06,3.7541322708129883,-9.054746690354077e-06,-1.0728835470490452e-06,0.2571221445556705,0.4122933864593506,0.004276834592051324,0.0
3215,283,-105.0206,862.57574,-0.0111551285,3.634121,0.94168234,-1.1062622e-06,3.7541444301605225,-5.858953382258991e-06,-1.0728835470490452e-06,0.2567365021850702,0.4122927784919739,0.0073877583992960245,0.0
3216,283,-104.8389,862.62286,-0.011155052,3.6359212,0.93462753,-1.2493133e-06,3.754124641418457,-2.0240022252771545e-05,-9.536742640435957e-07,0.256258198453292,0.4122937679290772,0.006891383168741968,0.0
3217,283,-104.65712,862.67,-0.011155052,3.636571,0.93211955,9.679794e-07,3.7541303634643555,-3.0360036426903317e-05,-9.536742640435957e-07,0.2557106525331717,0.41229348182678227,0.006309250891982277,0.0
3218,283,-104.47533,862.71704,-0.011154976,3.6368456,0.93108726,-9.536743e-07,3.7541401386260986,-3.089266254942717e-05,-9.536742640435957e-07,0.2551763891289882,0.4122929930686951,0.005737685613744371,0.0
3219,283,-104.29355,862.7641,-0.01115509,3.6369882,0.93058014,-3.5619735e-06,3.754152774810791,-2.7164241086977563e-05,-9.536742640435957e-07,0.25467950984860666,0.41229236125946045,0.005227760661869951,0.0
3220,283,-104.11176,862.81116,-0.011154976,3.6370888,0.930229,-2.026558e-06,3.7541630268096924,-2.2903183342850783e-05,-9.536742640435957e-07,0.2542235433804715,0.4122918486595154,0.004784015706588986,0.0
3221,283,-103.92997,862.8583,-0.011155014,3.6371832,0.9299039,-2.6559828e-06,3.754173994064331,-1.8642125598724003e-05,-9.536742640435957e-07,0.2538075909077147,0.41229130029678346,0.004426744629377103,0.0
3222,283,-103.748184,862.905,-0.01115509,3.63729,0.92950904,-3.633499e-06,3.7541797161102295,-1.5978966540475428e-05,-1.0728835470490452e-06,0.25342466163247496,0.41229101419448855,0.004008338144615985,0.0
3223,283,-103.566376,862.9513,-0.011155052,3.6373532,0.9292947,-1.654625e-06,3.754187822341919,-1.3315803418565526e-05,-1.0728835470490452e-06,0.25307412305399324,0.4122906088829041,0.003465118216724844,0.0
3224,283,-103.384575,862.9975,-0.011155014,3.6373172,0.9294679,-2.2029876e-06,3.7541959285736084,-1.0120011126385772e-05,-1.0728835470490452e-06,0.2527625664959676,0.4122902035713196,0.0029417251710408925,0.0
3225,283,-103.202774,863.0444,-0.011154976,3.6372333,0.9298236,-3.3330916e-06,3.7542026042938232,-6.924218326248353e-06,-1.0728835470490452e-06,0.2524925053166768,0.41228986978530885,0.0027271766631190076,0.0
3226,284,-103.02096,863.0913,-0.011155014,3.6372643,0.9297247,-2.3078917e-06,3.7542083263397217,-4.793689454184962e-06,-1.0728835470490452e-06,0.25225280417381285,0.41228958368301394,0.004589055588647404,0.0
3227,284,-102.83907,863.13745,-0.0111551285,3.638362,0.92539066,-2.4318695e-06,3.7542011737823486,-1.3848436652496706e-05,-9.536742640435957e-07,0.25195403078901957,0.4122899413108826,0.004180664603087763,0.0
3228,284,-102.65717,863.1837,-0.0111551285,3.6387062,0.9240443,-8.4400176e-07,3.7542030811309814,-1.9174759848570515e-05,-9.536742640435957e-07,0.2516173572929631,0.41228984594345097,0.003753281630326157,0.0
3229,284,-102.47527,863.23,-0.0111551285,3.6388228,0.9236147,-1.8072128e-06,3.7542104721069336,-1.8642125598724003e-05,-9.536742640435957e-07,0.2512940994708979,0.41228947639465335,0.0033447858312849158,0.0
3230,284,-102.29337,863.2761,-0.01115509,3.6388578,0.92350143,1.4781952e-07,3.754216432571411,-1.5978966540475428e-05,-9.536742640435957e-07,0.25099955385433514,0.4122891783714295,0.0029394333471518606,0.0
3231,284,-102.111465,863.3224,-0.01115509,3.6388469,0.9235644,-1.8596648e-07,3.754221200942993,-1.2250539998449162e-05,-9.536742640435957e-07,0.25073693288133975,0.4122889399528504,0.0026114349889405,0.0
3232,284,-101.92956,863.3686,-0.011155014,3.638839,0.923611,-1.5878677e-06,3.754225015640259,-9.054746690354077e-06,-1.0728835470490452e-06,0.2505036732593624,0.4122887492179871,0.002303937055406885,0.0
3233,284,-101.74764,863.41473,-0.01115509,3.638826,0.92368495,-9.059906e-08,3.7542307376861572,-6.92421883420602e-06,-1.0728835470490452e-06,0.2502975612357471,0.41228846311569217,0.0020106589145284844,0.0
3234,284,-101.56573,863.46094,-0.011154976,3.6388,0.9238029,-7.9154967e-07,3.754234552383423,-4.793689962142629e-06,-1.0728835470490452e-06,0.25011591700464686,0.4122882723808289,0.001768979556918718,0.0
3235,284,-101.38382,863.5071,-0.011154976,3.6387815,0.923892,2.0456314e-06,3.7542386054992676,-3.1957930541162527e-06,-9.536742640435957e-07,0.24995667661621696,0.4122880697250366,0.0015341392502624311,0.0
3236,284,-101.20189,863.5533,-0.011155167,3.638753,0.92401046,-2.026558e-06,3.754240036010742,-2.1305288720633906e-06,-9.536742640435957e-07,0.2498176596073148,0.41228799819946294,0.0013449126665672961,0.0
3237,285,-101.01998,863.59937,-0.011155167,3.6387355,0.924096,-7.1525574e-07,3.754244327545166,-1.0652642455475704e-06,-9.536742640435957e-07,0.24969620281685037,0.4122877836227417,0.002361636193646722,0.0
3238,285,-100.83805,863.6455,-0.011155014,3.6393175,0.9217947,-1.1205673e-06,3.7542426586151123,-5.858953890216658e-06,-9.536742640435957e-07,0.24954436934520224,0.4122878670692444,0.002186997530290941,0.0
3239,285,-100.65614,863.6917,-0.011155014,3.6395175,0.92101204,1.9073485e-07,3.754244327545166,-9.587379924285257e-06,-9.536742640435957e-07,0.24936969926720667,0.4122877836227417,0.00200257798697021,0.0
3240,285,-100.47423,863.73785,-0.01115509,3.6396017,0.9206871,1.7166137e-07,3.754246234893799,-9.587381956115922e-06,-9.536742640435957e-07,0.2491997729449028,0.4122876882553101,0.0018102761160568375,0.0
3241,285,-100.29231,863.78406,-0.011155052,3.6396391,0.9205484,4.959106e-07,3.75424861907959,-8.522115488253562e-06,-9.536742640435957e-07,0.24904214709788375,0.41228756904602054,0.0016549580431206002,0.0
3242,285,-100.11035,863.83014,-0.011155014,3.6396704,0.9204322,3.3855437e-07,3.7542502880096436,-6.924218326248353e-06,-9.536742640435957e-07,0.248897753832531,0.41228748559951783,0.001480308990027761,0.0
3243,285,-99.92833,863.8763,-0.011155014,3.6396828,0.92039686,-4.0531157e-07,3.75425386428833,-5.858953890216658e-06,-9.536742640435957e-07,0.24876729222863075,0.4122873067855835,0.001340239943478276,0.0
3244,285,-99.746315,863.9225,-0.011155052,3.639696,0.92035156,4.0531157e-07,3.7542552947998047,-4.261057490147948e-06,-9.536742640435957e-07,0.24864954721893562,0.41228723526000977,0.0012415422289211956,0.0
3245,285,-99.56429,863.96857,-0.01115509,3.639723,0.9202511,6.532669e-07,3.7542569637298584,-3.7284252721321002e-06,-9.536742640435957e-07,0.24854147281294883,0.4122871518135071,0.0011169116288484787,0.0
3246,285,-99.38227,864.0148,-0.011155052,3.639736,0.92020905,-2.5272368e-07,3.7542593479156494,-3.195793308095086e-06,-9.536742640435957e-07,0.24844341855056348,0.41228703260421756,0.001053742267904573,0.0
3247,286,-99.20025,864.06085,-0.01115509,3.6397684,0.9200849,7.724762e-07,3.754260301589966,-2.663160836100405e-06,-9.536742640435957e-07,0.24835292100777123,0.41228698492050175,0.02406038485853551,0.0
3248,286,-99.01803,864.1058,-0.011154823,3.65015,0.8749338,5.483627e-07,3.7535455226898193,-0.00010492854694912199,-3.576278490163484e-07,0.24744048872879645,0.41232272386550906,0.023433541263344192,0.0
3249,286,-98.83555,864.14966,-0.011154479,3.6541078,0.857795,2.813339e-07,3.7534406185150146,-0.00017896440899867948,-0.0,0.24580319393537256,0.4123279690742493,0.021606623287317044,0.0
3250,286,-98.65297,864.19324,-0.011154556,3.6556432,0.85148513,-4.4345856e-07,3.7534990310668945,-0.00018695390852356252,-0.0,0.24404818742176715,0.4123250484466553,0.019560612320768785,0.0
3251,286,-98.47033,864.23615,-0.011154747,3.6562903,0.8490811,3.9100647e-07,3.753584623336792,-0.00016405070689423575,-0.0,0.24237622159990177,0.41232076883316043,0.0174497394985098,0.0
3252,286,-98.287674,864.279,-0.011154785,3.6565306,0.848414,6.6280364e-07,3.7536678314208984,-0.00013315806263128457,-2.3841856601089893e-07,0.24084864904338915,0.4123166084289551,0.015517044484693161,0.0
3253,286,-98.104996,864.3217,-0.011154861,3.6566162,0.8483669,1.4257431e-06,3.7537405490875244,-0.00010333063404042912,-4.7683713202179786e-07,0.23947767035897316,0.4123129725456238,0.01375739175417347,0.0
3254,286,-97.92231,864.36444,-0.011154861,3.6566274,0.84857494,-3.1948088e-07,3.753798484802246,-7.82969360483296e-05,-7.152556980326968e-07,0.23825577876133117,0.4123100757598877,0.01219722836241039,0.0
3255,286,-97.73961,864.407,-0.011154938,3.6566188,0.84883523,1.1205673e-06,3.7538490295410156,-5.858954398174324e-05,-7.152556980326968e-07,0.2371708069332329,0.41230754852294926,0.01075763574044851,0.0
3256,286,-97.55689,864.4496,-0.011154976,3.6565773,0.84920144,1.6832352e-06,3.7538914680480957,-4.3143205595622324e-05,-9.536742640435957e-07,0.23621048768890715,0.4123054265975952,0.009501237830220673,0.0
3257,286,-97.37417,864.4922,-0.01115509,3.6565356,0.84953445,1.25885e-06,3.7539262771606445,-3.142530289476568e-05,-9.536742640435957e-07,0.23536145528863306,0.4123036861419678,0.00839110073647279,0.0
3258,287,-97.19142,864.53467,-0.011154976,3.656498,0.8498313,3.5095213e-06,3.7539565563201904,-2.23705531566656e-05,-1.0728835470490452e-06,0.23461099313820555,0.4123021721839905,0.020138045160771875,0.0
3259,287,-97.00852,864.57684,-0.011154823,3.6620104,0.82458633,2.3078917e-06,3.753700017929077,-7.510113461291185e-05,-7.152556980326968e-07,0.2334604909025345,0.4123149991035462,0.018987505044786995,0.0
3260,287,-96.82549,864.61835,-0.011154823,3.663995,0.8156857,4.7683716e-07,3.7536919116973877,-0.00010972223691126462,-4.7683713202179786e-07,0.23200642159210805,0.41231540441513065,0.017279382441903565,0.0
3261,287,-96.64244,864.6596,-0.011154785,3.6647635,0.81246465,1.2874602e-07,3.7537434101104736,-0.00010972222878394195,-4.7683713202179786e-07,0.23055661333942573,0.41231282949447634,0.015524277883699901,0.0
3262,287,-96.45934,864.70074,-0.011154823,3.6650732,0.81132185,-2.1934508e-07,3.753798723220825,-9.480852667949822e-05,-5.960464150272474e-07,0.22921008580276803,0.41231006383895874,0.013879536442247348,0.0
3263,287,-96.27619,864.7419,-0.011154976,3.6652048,0.8109554,5.38826e-07,3.753848075866699,-7.616639092162088e-05,-7.152556980326968e-07,0.22799035802351175,0.4123075962066651,0.01240892481374914,0.0
3264,287,-96.092995,864.78296,-0.011155014,3.6652749,0.8108309,1.0156631e-06,3.753889560699463,-5.912217619975909e-05,-7.152556980326968e-07,0.22689528282802798,0.4123055219650269,0.01109198802963049,0.0
3265,287,-95.90978,864.824,-0.011154899,3.665322,0.81078994,4.014969e-06,3.7539267539978027,-4.5806366685701566e-05,-9.536742640435957e-07,0.22591415763768596,0.4123036623001099,0.009915409199311546,0.0
3266,287,-95.72657,864.865,-0.011155052,3.6653562,0.8107736,-9.2506406e-07,3.7539565563201904,-3.4621090107368764e-05,-9.536742640435957e-07,0.22503691237461387,0.4123021721839905,0.008886831082310786,0.0
3267,287,-95.54335,864.90594,-0.011154938,3.6653955,0.8107175,-1.9311904e-06,3.7539827823638916,-2.663160683713105e-05,-9.536742640435957e-07,0.22425184577477214,0.41230086088180545,0.00796981444077375,0.0
3268,287,-95.36011,864.94684,-0.011155052,3.6654336,0.8106451,1.6498566e-06,3.75400447845459,-2.0240022252771545e-05,-1.0728835470490452e-06,0.22354767269304157,0.41229977607727053,0.007146597474380025,0.0
3269,288,-95.176865,864.98773,-0.011154938,3.6654696,0.81057507,-1.0061264e-06,3.7540245056152344,-1.5978966540475428e-05,-1.0728835470490452e-06,0.22291598752723157,0.4122987747192383,0.013678580217120909,0.0
3270,288,-94.99357,865.0281,-0.011154938,3.6685934,0.7958854,-1.1920929e-06,3.7539327144622803,-4.633899484005608e-05,-9.536742640435957e-07,0.2220701675650224,0.412303364276886,0.012772529573348857,0.0
3271,288,-94.810196,865.06836,-0.011154823,3.6697032,0.7907554,9.1075896e-07,3.7539331912994385,-6.551375875228792e-05,-7.152556980326968e-07,0.2210682863629346,0.4123033404350281,0.011656512467492785,0.0
3272,288,-94.626785,865.1085,-0.011154976,3.6701567,0.78876966,-2.5939942e-06,3.7539589405059814,-6.551375062496527e-05,-7.152556980326968e-07,0.22008393208977087,0.41230205297470096,0.01054347820340103,0.0
3273,288,-94.44337,865.14795,-0.011154899,3.6703677,0.7879155,-2.3031234e-06,3.75398588180542,-5.699164326403437e-05,-8.344649810381463e-07,0.2191699684931693,0.412300705909729,0.009324432006058703,0.0
3274,288,-94.25995,865.1873,-0.011155014,3.6704082,0.7878545,-3.390312e-06,3.7540128231048584,-4.580636262204023e-05,-9.536742640435957e-07,0.21834435526573112,0.4122993588447571,0.008201354698759135,0.0
3275,288,-94.07652,865.2267,-0.011154899,3.6703825,0.7880941,-2.4604797e-06,3.754037857055664,-3.462109823469143e-05,-9.536742640435957e-07,0.21761148662325494,0.4122981071472168,0.007196127588445263,0.0
3276,288,-93.89308,865.266,-0.01115509,3.6703322,0.78842705,-1.5544891e-06,3.754058599472046,-2.556634646476069e-05,-9.536742640435957e-07,0.21696538709804492,0.4122970700263977,0.0062793661281266115,0.0
3277,288,-93.70965,865.3053,-0.011155014,3.6702645,0.7888265,-1.6880035e-06,3.7540762424468994,-1.8109493380708154e-05,-1.0728835470490452e-06,0.21639919905029406,0.41229618787765504,0.00546128447699235,0.0
3278,288,-93.52619,865.3454,-0.011154976,3.6701913,0.7892421,-2.503395e-06,3.75409197807312,-1.1717907780433316e-05,-1.0728835470490452e-06,0.21590493299673216,0.412295401096344,0.005021627326904613,0.0
3279,288,-93.342735,865.3854,-0.011154976,3.6702402,0.7890738,7.7724457e-07,3.7541046142578125,-9.05474770626941e-06,-1.0728835470490452e-06,0.21546393016497187,0.4122947692871094,0.004628220834001354,0.0
3280,289,-93.15928,865.42505,-0.011155014,3.6703224,0.7887464,-2.28405e-06,3.7541160583496094,-7.4568505442642005e-06,-1.0728835470490452e-06,0.21506177619561306,0.4122941970825196,0.00806175513321388,0.0
3281,289,-92.975746,865.4643,-0.011154976,3.6720085,0.78073347,-1.7929077e-06,3.754089832305908,-2.4501079996898325e-05,-9.536742640435957e-07,0.21454563893159892,0.41229550838470463,0.007469169616706931,0.0
3282,289,-92.792206,865.5036,-0.011155052,3.6725943,0.7780026,-2.5892257e-06,3.754096031188965,-3.5153726389045946e-05,-9.536742640435957e-07,0.21395177065326806,0.4122951984405518,0.006797005134302637,0.0
3283,289,-92.60866,865.54285,-0.011155167,3.672828,0.7769569,-2.5510788e-06,3.754108190536499,-3.515372232538461e-05,-9.536742640435957e-07,0.21337438068418205,0.41229459047317507,0.006137849857766019,0.0
3284,289,-92.42505,865.58215,-0.011155014,3.6729345,0.7765124,-2.1648407e-06,3.754120349884033,-3.036003439507265e-05,-9.536742640435957e-07,0.21284013392475534,0.41229398250579835,0.00555783413380002,0.0
3285,289,-92.2414,865.62146,-0.011155052,3.673008,0.7762316,-2.6750563e-06,3.754134178161621,-2.5033712214914173e-05,-9.536742640435957e-07,0.2123533247222457,0.412293291091919,0.005048539482331504,0.0
3286,289,-92.057755,865.6607,-0.011155014,3.673072,0.77598596,8.106232e-08,3.754146099090576,-2.0240022252771545e-05,-9.536742640435957e-07,0.21191177261351055,0.4122926950454712,0.004591454500559375,0.0
3287,289,-91.87409,865.6999,-0.011155014,3.6731305,0.7757559,-1.7690658e-06,3.7541556358337402,-1.6511595710745278e-05,-1.0728835470490452e-06,0.2115101679211266,0.412292218208313,0.004177464454271614,0.0
3288,289,-91.69044,865.73914,-0.011154976,3.6731865,0.7755424,4.7683716e-07,3.7541663646698,-1.3315804434480857e-05,-1.0728835470490452e-06,0.21114478221956773,0.41229168176651004,0.003844634908151882,0.0
3289,289,-91.506775,865.7783,-0.011155014,3.6732519,0.7752567,-1.3399124e-06,3.754171371459961,-1.1185277594248132e-05,-1.0728835470490452e-06,0.21081082181887179,0.412291431427002,0.0035458834749128565,0.0
3290,289,-91.323105,865.8175,-0.011155014,3.6733217,0.7749545,-1.66893e-06,3.7541773319244385,-9.587379924285257e-06,-1.0728835470490452e-06,0.21050350967383347,0.4122911334037781,0.0032974853732027336,0.0
3291,290,-91.13944,865.8567,-0.01115509,3.673401,0.774609,-6.961822e-07,3.754183769226074,-8.522114980295896e-06,-1.0728835470490452e-06,0.210219616701631,0.4122908115386963,-0.006871355129586835,0.0
3292,290,-90.955894,865.89606,-0.011154976,3.6691008,0.79432774,-1.6260146e-06,3.754098653793335,3.859214466058749e-05,-9.536742640435957e-07,0.21033890967370975,0.4122950673103333,-0.006921751362965439,0.0
3293,290,-90.77247,865.93567,-0.011154976,3.667589,0.80129606,-4.339218e-07,3.7541024684906006,7.040958071467006e-05,-8.344649810381463e-07,0.21077888053054764,0.41229487657547,-0.00649407776479959,0.0
3294,290,-90.58902,865.97534,-0.011155014,3.6670241,0.8039462,-3.528595e-07,3.754117250442505,7.449757525001954e-05,-8.344649810381463e-07,0.21129180535649691,0.4122941374778748,-0.0059671578611915025,0.0
3295,290,-90.40566,866.0152,-0.011154938,3.666791,0.8050711,1.1348724e-06,3.7541306018829346,6.604200221606597e-05,-9.536742640435957e-07,0.21179565878998308,0.4122934699058533,-0.005405455089372707,0.0
3296,290,-90.22232,866.05566,-0.011154976,3.6666958,0.8055535,-9.965896e-07,3.754141092300415,5.417810232272913e-05,-9.536742640435957e-07,0.21226439178659384,0.4122929453849793,-0.004711894677190643,0.0
3297,290,-90.03898,866.09607,-0.01115509,3.6667256,0.805453,-4.863739e-07,3.754148483276367,4.206774136964908e-05,-9.536742640435957e-07,0.21268517123882635,0.4122925758361817,-0.004093595092667669,0.0
3298,290,-89.85565,866.13654,-0.011154976,3.6667917,0.8051876,-7.009506e-07,3.7541561126708984,3.136906994926318e-05,-9.536742640435957e-07,0.2130553506303474,0.4122921943664551,-0.0035138788738722825,0.0
3299,290,-89.672325,866.17706,-0.011155014,3.6668782,0.8048184,-4.7206876e-07,3.7541615962982178,2.2543094184961832e-05,-9.536742640435957e-07,0.21337601187034974,0.41229192018508914,-0.0029681928828130294,0.0
3300,290,-89.48899,866.21686,-0.011154976,3.6669827,0.80436397,2.026558e-06,3.7541661262512207,1.5415316395517788e-05,-1.0728835470490452e-06,0.2136503008178711,0.412291693687439,-0.0027421493810994855,0.0
3301,290,-89.30563,866.2566,-0.011155052,3.666976,0.804415,3.671646e-07,3.7541704177856445,1.1050247207785776e-05,-1.0728835470490452e-06,0.21389209920009347,0.4122914791107178,-0.002600100620992062,0.0
3302,291,-89.122314,866.2966,-0.011155052,3.666912,0.80472577,2.3460389e-06,3.7541747093200684,8.967855451937605e-06,-1.0728835470490452e-06,0.21411527209944212,0.4122912645339966,-0.011755462104215058,0.0
3303,291,-88.93905,866.33716,-0.011154899,3.662576,0.82375634,4.4345856e-07,3.7540695667266846,5.1340553270278584e-05,-8.344649810381463e-07,0.2146820094241678,0.4122965216636658,-0.011265084970696702,0.0
3304,291,-88.7559,866.37823,-0.011154976,3.661058,0.830498,1.7642975e-07,3.7540740966796875,7.899659287438445e-05,-7.152556980326968e-07,0.21551076851064363,0.4122962951660156,-0.01031186556763161,0.0
3305,291,-88.57281,866.41925,-0.011155052,3.6605182,0.83295894,2.799034e-06,3.7540929317474365,8.01813939721376e-05,-7.152556980326968e-07,0.21636565986531586,0.4122953534126282,-0.009348646964302845,0.0
3306,291,-88.389725,866.4604,-0.011155052,3.660306,0.8339741,-4.2915342e-08,3.7541112899780273,6.975864718797748e-05,-7.152556980326968e-07,0.21717099977895585,0.4122944355010987,-0.008428120602636525,0.0
3307,291,-88.20665,866.50146,-0.011154976,3.6602185,0.83443135,2.5272368e-07,3.7541277408599854,5.67634036617007e-05,-8.344649810381463e-07,0.21790764678122856,0.41229361295700073,-0.00762828931970409,0.0
3308,291,-88.02358,866.54254,-0.0111551285,3.6601555,0.8347609,-3.004074e-07,3.7541396617889404,4.497605502052284e-05,-9.536742640435957e-07,0.21857608357008165,0.412293016910553,-0.0069332954747465345,0.0
3309,291,-87.840515,866.58374,-0.0111551285,3.660092,0.83508754,6.7710874e-07,3.754150390625,3.549871904508912e-05,-9.536742640435957e-07,0.2191827516664017,0.41229248046875,-0.006296602026620302,0.0
3310,291,-87.657455,866.6249,-0.011155167,3.6600344,0.8353807,-1.9073486e-08,3.754159450531006,2.8111025413233945e-05,-9.536742640435957e-07,0.21973351002458688,0.41229202747344973,-0.005770841872150471,0.0
3311,291,-87.4744,866.6661,-0.011155052,3.659956,0.8357515,3.3283234e-06,3.7541654109954834,2.264910088628073e-05,-1.0728835470490452e-06,0.2202357489166622,0.41229172945022585,-0.005307083898030126,0.0
3312,291,-87.29136,866.7076,-0.01115509,3.65987,0.8361574,3.1805039e-06,3.7541720867156982,1.869067619247968e-05,-1.0728835470490452e-06,0.22069647578524593,0.41229139566421513,-0.004799954467772695,0.0
3313,292,-87.10831,866.7496,-0.011155052,3.6598208,0.83638656,4.2438506e-07,3.7541749477386475,1.536067030976516e-05,-1.0728835470490452e-06,0.22111618997304242,0.41229125261306765,-0.008552073817664499,0.0
3314,292,-86.92533,866.79156,-0.011154976,3.6578155,0.8450112,1.0061264e-06,3.7541520595550537,3.214152726806822e-05,-9.536742640435957e-07,0.2216595081249322,0.41229239702224735,-0.007940004377516767,0.0
3315,292,-86.74238,866.8335,-0.011154899,3.6571372,0.84797543,-1.04904174e-07,3.754159688949585,4.241680987800755e-05,-9.536742640435957e-07,0.22228907940662693,0.41229201555252076,-0.007237705253933017,0.0
3316,292,-86.55951,866.8754,-0.011154938,3.656879,0.84912944,-8.6307523e-07,3.75416898727417,4.1370567440667654e-05,-9.536742640435957e-07,0.22290265507702436,0.4122915506362915,-0.006561280604555015,0.0
3317,292,-86.37665,866.9174,-0.0111551285,3.6567626,0.84966636,-7.343292e-07,3.7541770935058594,3.567178225386643e-05,-9.536742640435957e-07,0.22347255490554452,0.41229114532470706,-0.005935001652194657,0.0
3318,292,-86.19379,866.95935,-0.0111551285,3.6566963,0.84997165,-6.198883e-07,3.7541816234588623,2.913500101830899e-05,-9.536742640435957e-07,0.2239918879628668,0.41229091882705693,-0.0054049639526532476,0.0
3319,292,-86.010925,867.0013,-0.011154976,3.6566339,0.85026526,-3.814697e-07,3.7541871070861816,2.3473365823398487e-05,-9.536742640435957e-07,0.22446380010802883,0.41229064464569093,-0.004951617269508756,0.0
3320,292,-85.82807,867.04333,-0.011154861,3.6565623,0.8505929,2.0074845e-06,3.7541918754577637,1.909073755505394e-05,-9.536742640435957e-07,0.22489523220462165,0.4122904062271118,-0.004526197587626443,0.0
3321,292,-85.645226,867.0854,-0.011154938,3.6564975,0.85088867,-1.3446808e-06,3.7541956901550293,1.5698885794623067e-05,-1.0728835470490452e-06,0.22528936340119657,0.41229021549224854,-0.004163901600831079,0.0
3322,292,-85.46238,867.1274,-0.011155052,3.656426,0.8512125,-9.63211e-07,3.754199504852295,1.3147864486726986e-05,-1.0728835470490452e-06,0.22565050468976813,0.4122900247573853,-0.0038848920909641967,0.0
3323,292,-85.279526,867.1696,-0.011154938,3.6563306,0.8516337,1.2683868e-06,3.754202127456665,1.1485987516848828e-05,-1.0728835470490452e-06,0.22598499772268207,0.4122898936271668,-0.0035676351281487893,0.0
3324,293,-85.09669,867.21246,-0.011155052,3.6562612,0.85194576,-9.918213e-07,3.7542054653167725,1.0113777469903562e-05,-1.0728835470490452e-06,0.22629392440913126,0.4122897267341614,0.014922650844557003,0.0
3325,293,-84.91365,867.25397,-0.011154823,3.6641045,0.815553,2.3555756e-06,3.753769874572754,-7.616639904894355e-05,-7.152556980326968e-07,0.2258774226593997,0.4123115062713623,0.014779111622644173,0.0
3326,293,-84.73045,867.29474,-0.011154785,3.6668816,0.80269146,-1.6498566e-06,3.753709316253662,-0.0001336906785946551,-4.7683713202179786e-07,0.22489097114687753,0.4123145341873169,0.013709524330029418,0.0
3327,293,-84.54716,867.3351,-0.011154632,3.667946,0.7979424,-1.3399124e-06,3.753736972808838,-0.0001400822570835226,-4.7683713202179786e-07,0.22379161824889282,0.41231315135955815,0.01238332734140514,0.0
3328,293,-84.36385,867.37537,-0.011154747,3.6683593,0.79625237,-2.245903e-06,3.753781795501709,-0.00012303803423433814,-5.960464150272474e-07,0.22273381066391335,0.41231091022491456,0.011103475849220099,0.0
3329,293,-84.18056,867.4156,-0.011154938,3.6685317,0.7956686,-1.6212463e-06,3.753826379776001,-9.960221664164085e-05,-7.152556980326968e-07,0.22176335476268846,0.4123086810112,0.009930114092761391,0.0
3330,293,-83.99724,867.4558,-0.011154899,3.6686125,0.79548645,-1.7023086e-06,3.7538669109344482,-7.776429570299109e-05,-7.152556980326968e-07,0.22088770739627042,0.41230665445327763,0.008889403451243491,0.0
3331,293,-83.81391,867.496,-0.011155052,3.6686645,0.7954126,-1.335144e-06,3.753901958465576,-5.9654804354113604e-05,-8.344649810381463e-07,0.22010260750691507,0.4123049020767212,0.007957405073530389,0.0
3332,293,-83.63058,867.53613,-0.011155014,3.6687028,0.7953757,-1.2540817e-06,3.753931760787964,-4.527373446768572e-05,-9.536742640435957e-07,0.21939900034691612,0.41230341196060183,0.007142329583702991,0.0
3333,293,-83.447235,867.57623,-0.01115509,3.6687453,0.79531246,-2.2745132e-06,3.7539596557617188,-3.462109823469143e-05,-9.536742640435957e-07,0.21876783116856735,0.41230201721191406,0.006410967543841724,0.0
3334,293,-83.26389,867.61633,-0.011154899,3.6687808,0.7952445,-1.6212463e-06,3.7539801597595215,-2.6631608868961715e-05,-1.0728835470490452e-06,0.21820167641033011,0.41230099201202397,0.0057764674029797325,0.0
3335,294,-83.08054,867.6564,-0.011154976,3.668827,0.79513526,-1.7881393e-06,3.754002094268799,-2.0240022252771545e-05,-1.0728835470490452e-06,0.21769243007563654,0.4122998952865601,0.009906393238041674,0.0
3336,294,-82.897095,867.69604,-0.01115509,3.6708572,0.78554547,-1.2540817e-06,3.753967761993408,-3.781688747912518e-05,-9.536742640435957e-07,0.21705330470353115,0.4123016119003296,0.009208457783015081,0.0
3337,294,-82.71357,867.7355,-0.011154976,3.6715798,0.7822046,5.626678e-07,3.753976821899414,-4.84695277757808e-05,-9.536742640435957e-07,0.21632090211424573,0.41230115890502933,0.008328267533579868,0.0
3338,294,-82.530045,867.7747,-0.011155052,3.6718516,0.781032,-4.2915342e-08,3.7539985179901123,-4.687163112173326e-05,-9.536742640435957e-07,0.2156109033676306,0.4123000741004944,0.007432420198573053,0.0
3339,294,-82.34651,867.81415,-0.011155052,3.6719441,0.7806972,-2.0837783e-06,3.7540194988250732,-3.9414776005850065e-05,-9.536742640435957e-07,0.21495951080975403,0.4122990250587464,0.006670506284378036,0.0
3340,294,-82.162964,867.8534,-0.011154976,3.6719995,0.7805355,-3.6859512e-06,3.754039764404297,-3.142530289476568e-05,-9.536742640435957e-07,0.21437146819630773,0.4122980117797852,0.0059427553850556515,0.0
3341,294,-81.97942,867.8927,-0.0111551285,3.672019,0.78052527,-3.5429e-06,3.754056930541992,-2.450108202872899e-05,-1.0728835470490452e-06,0.21384471157744686,0.4122971534729004,0.005320110428629088,0.0
3342,294,-81.795876,867.93195,-0.01115509,3.672041,0.7805043,4.339218e-07,3.7540740966796875,-1.8642125598724003e-05,-1.0728835470490452e-06,0.21337331541974602,0.4122962951660156,0.004755849388775558,0.0
3343,294,-81.61231,867.97125,-0.01115509,3.6720564,0.7804967,-1.964569e-06,3.754087448120117,-1.4381066838681887e-05,-1.0728835470490452e-06,0.2129520033352955,0.4122956275939942,0.00428385461485801,0.0
3344,294,-81.42876,868.01044,-0.011154976,3.6720848,0.7804277,-2.0599364e-06,3.754101037979126,-1.11852765783328e-05,-1.0728835470490452e-06,0.21257381781574744,0.4122949481010437,0.0038321069082664413,0.0
3345,294,-81.24519,868.04956,-0.011154938,3.672101,0.78040105,3.9577483e-07,3.7541112899780273,-8.522115488253562e-06,-1.0728835470490452e-06,0.21223456438238497,0.4122944355010987,0.003411794414273093,0.0
3346,295,-81.06162,868.0888,-0.011155167,3.672109,0.78042,-2.8705597e-06,3.7541229724884033,-6.391586616190172e-06,-1.0728835470490452e-06,0.21193148000557713,0.41229385137557983,-0.012986349528359526,0.0
3347,295,-80.87823,868.1288,-0.011154976,3.6648278,0.8126759,-1.707077e-06,3.753852128982544,6.989458478683204e-05,-7.152556980326968e-07,0.2122776743025306,0.4123073935508728,-0.012896456482407195,0.0
3348,295,-80.695,868.16943,-0.011154938,3.6622663,0.82410175,5.2928925e-07,3.753843069076538,0.00012069665010311638,-5.960464150272474e-07,0.21313364756639572,0.41230784654617314,-0.011970729207188812,0.0
3349,295,-80.511826,868.21045,-0.011154785,3.661349,0.82833016,-1.3875961e-06,3.7538788318634033,0.00012593164555851528,-5.960464150272474e-07,0.21409290154628544,0.4123060584068299,-0.010817711072876091,0.0
3350,295,-80.32869,868.25146,-0.011154938,3.6610434,0.8298501,-2.4318695e-06,3.7539167404174805,0.00011025464156424591,-7.152556980326968e-07,0.21501703508929976,0.412304162979126,-0.009717706971892188,0.0
3351,295,-80.14555,868.29254,-0.011154938,3.6609485,0.8304171,-1.835823e-06,3.7539494037628174,8.937977585182305e-05,-7.152556980326968e-07,0.215865518212599,0.41230252981185916,-0.008708577078447426,0.0
3352,295,-79.962425,868.3337,-0.011155014,3.6609251,0.83063483,-1.2540817e-06,3.7539749145507812,6.98996155995602e-05,-7.152556980326968e-07,0.21663250860654182,0.41230125427246095,-0.007796204212023505,0.0
3353,295,-79.779305,868.37476,-0.011154976,3.660927,0.83072233,-1.0299682e-06,3.7539961338043213,5.371963598767079e-05,-9.536742640435957e-07,0.21732118541967949,0.41230019330978396,-0.007016760911834205,0.0
3354,295,-79.59619,868.4159,-0.011155014,3.6609175,0.8308422,-1.2254715e-06,3.7540132999420166,4.1133306510178506e-05,-9.536742640435957e-07,0.21794010405701392,0.41229933500289917,-0.00631962332766601,0.0
3355,295,-79.413086,868.4571,-0.01115509,3.6609044,0.8309706,-1.2302398e-06,3.754028797149658,3.161060788330351e-05,-9.536742640435957e-07,0.21849670472484048,0.4122985601425171,-0.005693436174046362,0.0
3356,295,-79.22998,868.4983,-0.011155052,3.660889,0.8310969,-1.2445449e-06,3.7540416717529297,2.4404578199433335e-05,-1.0728835470490452e-06,0.2189984442742114,0.4122979164123535,-0.0051518338502250195,0.0
3357,296,-79.04688,868.5395,-0.01115509,3.6608648,0.8312604,-1.0824203e-06,3.754054546356201,1.9051580114465553e-05,-1.0728835470490452e-06,0.2194512149490385,0.41229727268218996,-0.00923690998612799,0.0
3358,296,-78.86385,868.58124,-0.011155014,3.6587102,0.84060705,-1.2493133e-06,3.754035234451294,3.640135981830362e-05,-9.536742640435957e-07,0.2200365611118811,0.41229823827743534,-0.008580639540721037,0.0
3359,296,-78.680885,868.6231,-0.011155014,3.657984,0.84382606,-1.5544891e-06,3.754049777984619,4.7096879869327094e-05,-9.536742640435957e-07,0.2207161998220693,0.41229751110076907,-0.007772097093778257,0.0
3360,296,-78.49791,868.66504,-0.01115509,3.6577356,0.8449787,-1.5640259e-06,3.7540669441223145,4.543794702208346e-05,-9.536742640435957e-07,0.221377729036845,0.4122966527938843,-0.00697749494739798,0.0
3361,296,-78.31498,868.7069,-0.011154938,3.6576555,0.84539586,1.6260146e-06,3.7540829181671143,3.857745452487485e-05,-9.536742640435957e-07,0.22198706029425513,0.4122958540916443,-0.0062731417172198906,0.0
3362,296,-78.132065,868.7489,-0.011155014,3.6576214,0.8456021,-1.2922287e-06,3.754096031188965,3.09808988597443e-05,-1.0728835470490452e-06,0.22253886727211955,0.4122951984405518,-0.005613984528071832,0.0
3363,296,-77.94916,868.7909,-0.011155052,3.6576123,0.8456803,-1.6069412e-06,3.7541048526763916,2.42056924547263e-05,-1.0728835470490452e-06,0.2230347478670923,0.41229475736618043,-0.005034102022091551,0.0
3364,296,-77.76626,868.8329,-0.011154976,3.6576092,0.84573966,-2.4175642e-06,3.754115104675293,1.8682589506430397e-05,-1.0728835470490452e-06,0.22348002840135356,0.4122942447662354,-0.004527360996870073,0.0
3365,296,-77.58336,868.8749,-0.011154938,3.6575997,0.8458148,-3.0136107e-06,3.754122734069824,1.44637532035358e-05,-1.0728835470490452e-06,0.22387953585437906,0.4122938632965088,-0.004089114913121752,0.0
3366,296,-77.40046,868.91693,-0.011155014,3.657582,0.8459241,4.339218e-07,3.7541303634643555,1.137128254845029e-05,-1.0728835470490452e-06,0.22423957858900095,0.41229348182678227,-0.0036891212122924606,0.0
3367,296,-77.217575,868.95905,-0.011154938,3.657567,0.8460274,-2.1123885e-06,3.754138708114624,9.00946632805476e-06,-1.0728835470490452e-06,0.22456448424199063,0.41229306459426884,-0.0033178371751473312,0.0
3368,297,-77.03468,869.0011,-0.011155014,3.657555,0.8461002,-3.056526e-06,3.754143714904785,7.192311779131053e-06,-1.0728835470490452e-06,0.22485688268492451,0.4122928142547608,0.004178594335555012,0.0
3369,297,-76.8517,869.04285,-0.011154976,3.6607878,0.8317138,9.679794e-07,3.754079818725586,-2.769687533682408e-05,-1.0728835470490452e-06,0.22484413280120577,0.4122960090637207,0.0042966541588973835,0.0
3370,297,-76.66865,869.08435,-0.01115509,3.6619236,0.8266461,-7.9631803e-07,3.754068374633789,-5.1132696993182704e-05,-9.536742640435957e-07,0.22458898532401936,0.4122965812683106,0.004035208232734301,0.0
3371,297,-76.48557,869.1259,-0.011155052,3.6623516,0.82478184,-4.2915343e-07,3.754075765609741,-5.379584995593928e-05,-9.536742640435957e-07,0.22427578093506922,0.412296211719513,0.0037197964053838676,0.0
3372,297,-76.30249,869.1675,-0.011155014,3.6625392,0.82399595,-1.8787383e-06,3.7540862560272217,-4.7936899621426287e-05,-9.536742640435957e-07,0.2239631258230939,0.41229568719863896,0.0034130712866935592,0.0
3373,297,-76.1194,869.209,-0.011155167,3.6626427,0.82358617,7.1048737e-07,3.7540972232818604,-3.941478006951139e-05,-9.536742640435957e-07,0.22366964547096718,0.412295138835907,0.0031213955906065805,0.0
3374,297,-75.936264,869.25055,-0.011155052,3.6627114,0.8233295,-1.4305115e-06,3.75410795211792,-3.142530289476568e-05,-1.0728835470490452e-06,0.2233985190272403,0.41229460239410404,0.002884942192394728,0.0
3375,297,-75.753136,869.292,-0.011154976,3.6627798,0.82307035,-3.8146972e-08,3.754117727279663,-2.5033712214914173e-05,-1.0728835470490452e-06,0.2231492637939657,0.41229411363601687,0.002647663923463491,0.0
3376,297,-75.57001,869.3335,-0.011155052,3.6628358,0.822864,-1.2969971e-06,3.754127264022827,-1.9707390034755696e-05,-1.0728835470490452e-06,0.22291969930800087,0.41229363679885866,0.002468239022541916,0.0
3377,297,-75.38687,869.375,-0.011155014,3.6629016,0.82260484,-1.0061264e-06,3.7541346549987793,-1.5978966540475428e-05,-1.0728835470490452e-06,0.22270716240825575,0.41229326725006105,0.00232436213719939,0.0
3378,297,-75.203735,869.41644,-0.011155014,3.6629796,0.82229805,-1.4734268e-06,3.754143476486206,-1.3315804434480857e-05,-1.0728835470490452e-06,0.22250849059093583,0.41229282617568974,0.0021899629494377517,0.0
3379,298,-75.0206,869.45795,-0.011155052,3.663057,0.82198787,-1.1634827e-06,3.7541511058807373,-1.1185277594248132e-05,-1.0728835470490452e-06,0.2223220859593871,0.41229244470596316,0.003612404157510393,0.0
3380,298,-74.83745,869.49896,-0.011155052,3.6638217,0.8185641,-4.959106e-07,3.7541491985321045,-1.7044230976507124e-05,-1.0728835470490452e-06,0.2220866625190241,0.4122925400733948,0.0033408863459085582,0.0
3381,298,-74.65427,869.5397,-0.011155014,3.6640859,0.8173995,2.3460389e-06,3.7541534900665283,-2.0240022252771545e-05,-1.0728835470490452e-06,0.22181926450082332,0.4122923254966736,0.0029434606497029275,0.0
3382,298,-74.471085,869.5804,-0.01115509,3.6641476,0.8171464,4.2438506e-07,3.7541584968566895,-1.8109493380708154e-05,-1.0728835470490452e-06,0.22156361768093252,0.41229207515716554,0.0025575687004738908,0.0
3383,298,-74.2879,869.62115,-0.011155167,3.664139,0.8172134,-1.077652e-06,3.754164695739746,-1.4913702104443734e-05,-1.0728835470490452e-06,0.2213345858271857,0.4122917652130127,0.0022207499613080034,0.0
3384,298,-74.10472,869.66187,-0.01115509,3.6641138,0.8173605,2.336502e-07,3.7541720867156982,-1.1185277594248132e-05,-1.0728835470490452e-06,0.22113380012575054,0.41229139566421513,0.001898340163199059,0.0
3385,298,-73.92153,869.7026,-0.01115509,3.664073,0.8175766,7.6293944e-08,3.7541792392730713,-7.456851052221867e-06,-1.0728835470490452e-06,0.22095961274570255,0.4122910380363465,0.0016046169523339807,0.0
3386,298,-73.73834,869.74316,-0.011155052,3.6640234,0.8178233,5.7220456e-07,3.7541847229003906,-4.793689962142629e-06,-1.0728835470490452e-06,0.22081100835687614,0.4122907638549805,0.001295135021806192,0.0
3387,298,-73.55515,869.7839,-0.0111551285,3.6639516,0.8181742,7.343292e-07,3.7541909217834473,-2.663160836100405e-06,-1.0728835470490452e-06,0.22068742103753966,0.41229045391082764,0.0010512545207009445,0.0
3388,298,-73.371956,869.8246,-0.01115509,3.663885,0.81848663,9.63211e-07,3.7541942596435547,-5.326321227737852e-07,-1.0728835470490452e-06,0.22058678683784827,0.4122902870178223,0.000827577322147528,0.0
3389,299,-73.18877,869.86523,-0.01115509,3.663821,0.81880134,8.392334e-07,3.7542002201080322,7.609120759945755e-07,-1.0728835470490452e-06,0.22050527746373505,0.4122899889945984,0.0019246006737416892,0.0
3390,299,-73.00557,869.90594,-0.01115509,3.6643338,0.81649685,1.4400482e-06,3.7541987895965576,-4.2610569821902815e-06,-1.0728835470490452e-06,0.22039182680129765,0.41229006052017214,0.0017570073099462372,0.0
3391,299,-72.82238,869.94653,-0.011155052,3.6644926,0.81579405,1.0251998e-06,3.7542011737823486,-7.4568505442642005e-06,-1.0728835470490452e-06,0.22025335906937035,0.4122899413108826,0.0015227322783140645,0.0
3392,299,-72.63919,869.98724,-0.01115509,3.6645205,0.8156838,1.654625e-06,3.754204511642456,-7.456850036306534e-06,-1.0728835470490452e-06,0.2201207336470844,0.41228977441787723,0.0013260030000245857,0.0
3393,299,-72.45599,870.02795,-0.011155052,3.6645172,0.8157163,1.077652e-06,3.7542080879211426,-6.391586616190172e-06,-1.0728835470490452e-06,0.22000194001771006,0.4122895956039429,0.0011450433485074578,0.0
3394,299,-72.272804,870.0686,-0.011154976,3.6645017,0.8158042,1.1682511e-06,3.7542121410369873,-4.793689962142629e-06,-1.0728835470490452e-06,0.21989809337995378,0.41228939294815065,0.0009634372178590849,0.0
3395,299,-72.08961,870.10925,-0.0111551285,3.6644735,0.81594944,1.9311904e-06,3.754216194152832,-3.195793562073919e-06,-1.0728835470490452e-06,0.21980859452257032,0.41228919029235844,0.0007959365743096003,0.0
3396,299,-71.90641,870.1499,-0.011155014,3.6644387,0.8161215,2.2411346e-06,3.7542197704315186,-1.597896654047543e-06,-1.0728835470490452e-06,0.21973351002458688,0.4122890114784241,0.0006424998371283884,0.0
3397,299,-71.72321,870.19055,-0.011155014,3.6643987,0.81630874,1.6021728e-06,3.754221200942993,-5.326322180158476e-07,-1.0728835470490452e-06,0.21967170804254024,0.4122889399528504,0.0005008863271614545,0.0
3398,299,-71.540016,870.2312,-0.011154938,3.664356,0.8165093,-2.2888183e-07,3.754223108291626,2.9504927411355096e-07,-1.0728835470490452e-06,0.2196227058784828,0.4122888445854187,0.0003695447924703232,0.0
3399,299,-71.35681,870.27185,-0.0111551285,3.6643112,0.8167235,-3.7670134e-07,3.754225969314575,1.0433315859325157e-06,-1.0728835470490452e-06,0.21958435635878565,0.4122887015342713,0.00024385957432296508,0.0
3400,300,-71.173615,870.3125,-0.0111551285,3.6642604,0.8169581,3.1042098e-06,3.754227638244629,1.6671550310004317e-06,-1.0728835470490452e-06,0.21955719211566682,0.41228861808776857,0.001214203581741813,0.0
3401,300,-70.990395,870.3531,-0.011155052,3.6646924,0.81501114,1.2683868e-06,3.754225969314575,-2.663161090079238e-06,-1.0728835470490452e-06,0.21949755395200587,0.4122887015342713,0.001104509925980792,0.0
3402,300,-70.807144,870.3938,-0.0111551285,3.6648195,0.8144407,2.5272368e-07,3.7542264461517334,-5.858953382258991e-06,-9.536742640435957e-07,0.21941389740426376,0.41228867769241334,0.0009919663755644638,0.0
3403,300,-70.6239,870.43445,-0.011154976,3.6648605,0.814263,7.1525574e-07,3.754227638244629,-6.391586616190172e-06,-9.536742640435957e-07,0.21932972486906044,0.41228861808776857,0.0008618119669486741,0.0
3404,300,-70.44066,870.47504,-0.011155014,3.664862,0.8142576,2.2411346e-07,3.754227876663208,-5.326321164243144e-06,-9.536742640435957e-07,0.21925304247442298,0.4122886061668396,0.0007218871602244006,0.0
3405,300,-70.257416,870.51575,-0.01115509,3.6648428,0.8143515,1.2111664e-06,3.754229784011841,-3.7284252721321002e-06,-9.536742640435957e-07,0.2191864800919278,0.412288510799408,0.0006292275011767834,0.0
3406,300,-70.074165,870.5564,-0.011155014,3.6648302,0.81440884,4.1484833e-07,3.754229784011841,-2.663161090079238e-06,-9.536742640435957e-07,0.21912897245713892,0.412288510799408,0.0005278133904842334,0.0
3407,300,-69.89092,870.597,-0.011154938,3.6648128,0.8144955,-5.9604645e-07,3.7542316913604736,-1.597896654047543e-06,-9.536742640435957e-07,0.21907995364832464,0.41228841543197636,0.0004149868457626225,0.0
3408,300,-69.70767,870.6377,-0.011155052,3.6647825,0.81463444,1.0919571e-06,3.754232406616211,-1.0652644360316953e-06,-9.536742640435957e-07,0.21904000623197345,0.41228837966918946,0.00035177393333919634,0.0
3409,300,-69.52442,870.67834,-0.011155014,3.6647673,0.81471235,2.1457672e-07,3.7542343139648438,-5.326321862684935e-07,-9.536742640435957e-07,0.21900698303445645,0.41228828430175785,0.00027364194788844225,0.0
3410,300,-69.34117,870.719,-0.011154976,3.664744,0.8148165,-5.102157e-07,3.7542340755462646,1.6685426761030075e-07,-9.536742640435957e-07,0.21897980214658083,0.4122882962226868,0.00019916386527974648,0.0
3411,301,-69.15792,870.7596,-0.011155014,3.6647177,0.8149374,1.2207031e-06,3.754234790802002,5.601355223690284e-07,-9.536742640435957e-07,0.21895902949007823,0.4122882604598999,0.0009727619682991014,0.0
3412,301,-68.97468,870.80023,-0.011154938,3.6650646,0.81336516,-1.3399124e-06,3.754232406616211,-3.1957930541162527e-06,-1.0728835470490452e-06,0.21891164186743162,0.41228837966918946,0.000914511290578409,0.0
3413,301,-68.79143,870.84094,-0.011154976,3.6651812,0.8128447,-3.2424927e-07,3.7542333602905273,-5.326322180158476e-06,-9.536742640435957e-07,0.2188434815882824,0.41228833198547366,0.0008454992936518275,0.0
3414,301,-68.608185,870.88153,-0.01115509,3.6652272,0.81263566,-7.2479247e-07,3.7542331218719482,-5.858954398174324e-06,-9.536742640435957e-07,0.21877369012296552,0.4122883439064026,0.0007417892630684407,0.0
3415,301,-68.424934,870.9222,-0.011154938,3.6652353,0.81260115,1.926422e-06,3.7542335987091064,-4.793690470100295e-06,-9.536742640435957e-07,0.21870817636014958,0.4122883200645447,0.0006602864446075107,0.0
3416,301,-68.24169,870.9629,-0.011155014,3.6652355,0.81259453,-1.988411e-06,3.754232406616211,-3.728425018153267e-06,-9.536742640435957e-07,0.218649570171411,0.41228837966918946,0.0006077582805188505,0.0
3417,301,-68.05845,871.0035,-0.011154938,3.6652472,0.8125572,-7.9154967e-07,3.7542357444763184,-3.195793308095086e-06,-9.536742640435957e-07,0.21859630694960944,0.4122882127761841,0.0005248731565976508,0.0
3418,301,-67.87519,871.0441,-0.011155052,3.6652396,0.8125836,9.441375e-07,3.7542340755462646,-2.130528745073974e-06,-9.536742640435957e-07,0.21854946860393767,0.4122882962226868,0.0004688363421693898,0.0
3419,301,-67.69195,871.0847,-0.011155052,3.6652396,0.8125919,-8.0585477e-07,3.7542357444763184,-1.5978965270581263e-06,-9.536742640435957e-07,0.2185073740139576,0.4122882127761841,0.00039888744964340324,0.0
3420,301,-67.5087,871.1254,-0.01115509,3.6652305,0.81263494,-1.8644332e-06,3.7542364597320557,-1.0652642455475704e-06,-9.536742640435957e-07,0.21847115502313252,0.41228817701339726,0.0003807180238285778,0.0
3421,301,-67.325455,871.1661,-0.011154899,3.66524,0.8125982,9.155273e-07,3.754237651824951,-1.065264372536987e-06,-9.536742640435957e-07,0.21843813182561553,0.4122881174087525,0.0003463651285876387,0.0
3422,302,-67.142204,871.2067,-0.011154899,3.6652439,0.81257576,-2.951622e-06,3.7542364597320557,-1.065264372536987e-06,-9.536742640435957e-07,0.21840777178918863,0.41228817701339726,0.0005948618931397897,0.0
3423,302,-66.958954,871.2473,-0.011155014,3.6653726,0.81199265,-1.8024444e-06,3.7542362213134766,-2.1305284910951407e-06,-9.536742640435957e-07,0.21836940562473467,0.41228818893432617,0.0005453070832917019,0.0
3424,302,-66.7757,871.28796,-0.011155014,3.665415,0.81180555,-2.026558e-06,3.754236936569214,-2.663160836100405e-06,-9.536742640435957e-07,0.21832574642761418,0.41228815317153933,0.0005055466114209421,0.0
3425,302,-66.59245,871.3287,-0.011154938,3.6654353,0.8117139,-3.7145614e-06,3.754236936569214,-2.663160582121572e-06,-9.536742640435957e-07,0.21828313585017292,0.41228815317153933,0.0004860080737768088,0.0
3426,302,-66.40921,871.36926,-0.011154976,3.6654575,0.8116173,-2.3698806e-06,3.754237651824951,-2.663161090079238e-06,-9.536742640435957e-07,0.2182421231693857,0.4122881174087525,0.00043597768529251256,0.0
3427,302,-66.22596,871.4099,-0.011155014,3.6654642,0.81158674,-2.6512146e-06,3.754237651824951,-2.1305288720633906e-06,-9.536742640435957e-07,0.21820377364968857,0.4122881174087525,0.00040822943493374275,0.0
3428,302,-66.04272,871.4505,-0.011155052,3.665474,0.8115403,-2.4986266e-06,3.754237174987793,-1.5978965270581263e-06,-9.536742640435957e-07,0.21816915255551753,0.41228814125061036,0.0003682298202136545,0.0
3429,302,-65.85946,871.49115,-0.011155052,3.6654778,0.8115202,-2.3317336e-06,3.7542366981506348,-1.597896654047543e-06,-9.536742640435957e-07,0.21813666199021856,0.4122881650924683,0.00035127534543005957,0.0
3430,302,-65.676216,871.53186,-0.011154976,3.6654892,0.8114695,-4.038811e-06,3.7542366981506348,-1.0652642455475704e-06,-9.536742640435957e-07,0.21810681794125286,0.4122881650924683,0.00036366824256276907,0.0
3431,302,-65.492966,871.5725,-0.01115509,3.665515,0.81135505,-1.4781951e-06,3.754237174987793,-1.0652644360316953e-06,-9.536742640435957e-07,0.2180770238265576,0.41228814125061036,0.0003580523391670174,0.0
3432,302,-65.3097,871.6131,-0.011154976,3.6655357,0.8112563,-2.8133393e-06,3.7542359828948975,-1.597896654047543e-06,-9.536742640435957e-07,0.2180477124098099,0.41228820085525514,0.00033113056064057515,0.0
3433,303,-65.126396,871.65375,-0.0111551285,3.665546,0.81120557,-1.578331e-06,3.754235029220581,-1.597896654047543e-06,-9.536742640435957e-07,0.21801946625749827,0.41228824853897095,0.000549996999001434,0.0
3434,303,-64.94311,871.69434,-0.011155052,3.665665,0.8106782,-6.1035155e-07,3.754237413406372,-2.130528745073974e-06,-9.536742640435957e-07,0.21798379654364802,0.4122881293296814,0.0005197422359745067,0.0
3435,303,-64.75981,871.735,-0.01115509,3.6657095,0.8104762,0.0,3.754237413406372,-3.195793308095086e-06,-9.536742640435957e-07,0.21794278386286078,0.4122881293296814,0.0005001056430203001,0.0
3436,303,-64.576515,871.7757,-0.011154976,3.665738,0.8103456,-3.0994414e-07,3.754236936569214,-3.1957930541162527e-06,-9.536742640435957e-07,0.21790123854985557,0.41228815317153933,0.0005001082307574446,0.0
3437,303,-64.39321,871.8163,-0.011155014,3.6657696,0.8102003,-1.6498566e-06,3.7542364597320557,-2.663160836100405e-06,-9.536742640435957e-07,0.21786020922431154,0.41228817701339726,0.00046859217795805144,0.0
3438,303,-64.209915,871.85693,-0.0111551285,3.6657884,0.8101158,-9.536743e-09,3.7542364597320557,-2.663160836100405e-06,-9.536742640435957e-07,0.21782081108493517,0.41228817701339726,0.0004608611004805042,0.0
3439,303,-64.02662,871.8976,-0.0111551285,3.6658123,0.8100064,3.247261e-06,3.7542362213134766,-2.663160836100405e-06,-9.536742640435957e-07,0.2177824449204812,0.41228818893432617,0.00045870538394354114,0.0
3440,303,-63.84332,871.9382,-0.011154976,3.6658401,0.80988127,5.5789945e-07,3.7542364597320557,-2.1305284910951407e-06,-9.536742640435957e-07,0.21774517730997692,0.41228817701339726,0.00044157446329107876,0.0
3441,303,-63.660023,871.9789,-0.011154938,3.665863,0.8097826,2.8467177e-06,3.754237651824951,-2.1305284910951407e-06,-9.536742640435957e-07,0.217707876409959,0.4122881174087525,0.0004722714045466886,0.0
3442,303,-63.476727,872.01953,-0.011155014,3.6659036,0.80959797,4.6253203e-07,3.754237174987793,-2.1305284910951407e-06,-9.536742640435957e-07,0.2176705921546979,0.41228814125061036,0.0004885750700512013,0.0
3443,303,-63.29343,872.0601,-0.011154976,3.6659453,0.80941254,-4.7683713e-08,3.7542381286621094,-2.663160836100405e-06,-9.536742640435957e-07,0.21763171000278272,0.41228809356689455,0.00048580066235038303,0.0
3444,304,-63.11013,872.10077,-0.01115509,3.6659775,0.80926085,3.0231474e-06,3.754236936569214,-2.663161090079238e-06,-9.536742640435957e-07,0.21759231186340636,0.41228815317153933,0.0002263821379412369,0.0
3445,304,-62.926834,872.14136,-0.011155014,3.665894,0.8096379,6.866455e-07,3.7542366981506348,-1.065264372536987e-06,-9.536742640435957e-07,0.2175630170914155,0.4122881650924683,0.00021351943217597343,0.0
3446,304,-62.743534,872.18207,-0.011154976,3.6658766,0.8097174,8.821487e-07,3.7542366981506348,-5.326321862684935e-07,-9.536742640435957e-07,0.21754222779015606,0.4122881650924683,0.0002475953617559979,0.0
3447,304,-62.560238,872.2227,-0.011155014,3.6658978,0.8096267,3.4427642e-06,3.7542381286621094,-5.326321862684935e-07,-9.536742640435957e-07,0.21752252039808948,0.41228809356689455,0.000270865685404659,0.0
3448,304,-62.376938,872.26337,-0.011155052,3.6659245,0.80950224,1.3017655e-06,3.754237174987793,-5.326321862684935e-07,-9.536742640435957e-07,0.21750123175412567,0.41228814125061036,0.00029615362510252205,0.0
3449,304,-62.193638,872.30396,-0.011155052,3.665957,0.8093589,1.2159347e-06,3.7542378902435303,-1.0652644360316953e-06,-9.536742640435957e-07,0.217478861200969,0.4122881054878235,0.00030564034209132584,0.0
3450,304,-62.01034,872.3446,-0.01115509,3.665985,0.80923605,-9.4890595e-07,3.7542388439178467,-1.065264372536987e-06,-9.536742640435957e-07,0.21745436011894026,0.4122880578041077,0.0003366279292802557,0.0
3451,304,-61.827038,872.3852,-0.011155014,3.6660206,0.80907303,6.055832e-07,3.7542383670806885,-1.5978965270581263e-06,-9.536742640435957e-07,0.2174287771277187,0.4122880816459656,0.0003507723272086171,0.0
3452,304,-61.643745,872.42584,-0.011155014,3.6660533,0.8089265,8.34465e-07,3.7542388439178467,-1.597896654047543e-06,-9.536742640435957e-07,0.21740108025238186,0.4122880578041077,0.0003906248309157303,0.0
3453,304,-61.46044,872.4665,-0.011154938,3.6660967,0.80872923,2.799034e-06,3.7542386054992676,-2.1305288720633906e-06,-9.536742640435957e-07,0.2173712694929298,0.4122880697250366,0.0004353815501610059,0.0
3454,305,-61.277145,872.50714,-0.011154938,3.666148,0.80850005,2.732277e-06,3.754239320755005,-2.1305288720633906e-06,-9.536742640435957e-07,0.21733824629541282,0.4122880339622498,0.00022639180645095744,0.0
3455,305,-61.093853,872.5478,-0.011155052,3.6660898,0.8087644,8.249283e-07,3.754239320755005,-1.597896654047543e-06,-9.536742640435957e-07,0.21731161468451202,0.4122880339622498,0.0002447839596927845,0.0
3456,305,-60.91055,872.58844,-0.011154938,3.6660922,0.8087491,3.3426284e-06,3.7542383670806885,-1.065264372536987e-06,-9.536742640435957e-07,0.21729029275103456,0.4122880816459656,0.0002736694299206934,0.0
3457,305,-60.72725,872.629,-0.011154976,3.6661184,0.8086357,-2.670288e-07,3.754239559173584,-1.065264372536987e-06,-9.536742640435957e-07,0.21726848811960955,0.4122880220413208,0.0002897566475071555,0.0
3458,305,-60.543953,872.6697,-0.011154938,3.6661456,0.80851364,2.7894973e-06,3.754240036010742,-1.0652644360316953e-06,-9.536742640435957e-07,0.21724610092169608,0.41228799819946294,0.0003269124325533116,0.0
3459,305,-60.360653,872.71027,-0.011155052,3.6661823,0.80834186,8.1062313e-07,3.7542388439178467,-1.5978965270581263e-06,-1.0728835470490452e-06,0.21722106720744933,0.4122880578041077,0.0003476921469299435,0.0
3460,305,-60.177357,872.7509,-0.01115509,3.6662157,0.8081815,-1.4448166e-06,3.754236936569214,-1.597896654047543e-06,-9.536742640435957e-07,0.21719445224130535,0.41228815317153933,0.0003910944201232738,0.0
3461,305,-59.994057,872.79156,-0.01115509,3.6662624,0.80797446,-2.0980835e-07,3.7542378902435303,-2.1305288720633906e-06,-9.536742640435957e-07,0.21716460819233965,0.4122881054878235,0.00043762998123965917,0.0
3462,305,-59.81076,872.8323,-0.011154976,3.6663146,0.8077391,2.8562545e-06,3.7542383670806885,-2.663161090079238e-06,-9.536742640435957e-07,0.21713160163957948,0.4122880816459656,0.0005105432393837915,0.0
3463,305,-59.627464,872.87286,-0.011154976,3.666382,0.8074315,1.0633469e-06,3.7542381286621094,-3.195793308095086e-06,-9.536742640435957e-07,0.21709376810734354,0.41228809356689455,0.0005445246365518068,0.0
3464,305,-59.444164,872.9135,-0.01115509,3.66644,0.8071674,8.6307523e-07,3.754237651824951,-3.195793308095086e-06,-9.536742640435957e-07,0.2170522227943383,0.4122881174087525,0.0006067647847249505,0.0
3465,306,-59.260864,872.9541,-0.011154976,3.666509,0.80685,4.9114226e-07,3.754236936569214,-3.728425018153267e-06,-9.536742640435957e-07,0.21700588379137092,0.41228815317153933,4.707348916492744e-05,0.0
3466,306,-59.077568,872.99475,-0.011155052,3.666308,0.80776227,2.2888183e-07,3.7542366981506348,-1.065264372536987e-06,-9.536742640435957e-07,0.21697925218047012,0.4122881650924683,7.500386496592553e-05,0.0
3467,306,-58.894268,873.03546,-0.011154938,3.6662688,0.8079431,4.7683713e-08,3.754237413406372,5.227809505281576e-07,-9.536742640435957e-07,0.21696753427167378,0.4122881293296814,0.00014364167351587338,0.0
3468,306,-58.710964,873.07605,-0.011154938,3.6662905,0.80784285,6.866455e-07,3.754237174987793,6.435353137654164e-07,-9.536742640435957e-07,0.21695739761477467,0.41228814125061036,0.0001868766741043427,0.0
3469,306,-58.527664,873.1167,-0.011155052,3.6663213,0.80769944,3.0517577e-07,3.7542362213134766,1.5134978051633846e-07,-9.536742640435957e-07,0.2169446310862991,0.41228818893432617,0.00024950853769457534,0.0
3470,306,-58.344368,873.15735,-0.011154976,3.6663668,0.80749345,1.0108947e-06,3.7542364597320557,-5.326321862684935e-07,-9.536742640435957e-07,0.21692757021056577,0.41228817701339726,0.00031382397088259277,0.0
3471,306,-58.161068,873.19794,-0.011154976,3.66642,0.8072524,-7.6293944e-08,3.7542364597320557,-1.0652642455475704e-06,-9.536742640435957e-07,0.21690574893438394,0.41228817701339726,0.00036025476437060507,0.0
3472,306,-57.97777,873.2386,-0.011154938,3.6664705,0.80702376,3.1614302e-06,3.7542366981506348,-2.130528745073974e-06,-9.536742640435957e-07,0.21687910067872634,0.4122881650924683,0.00042835995706062965,0.0
3473,306,-57.79445,873.2792,-0.011154976,3.6665318,0.80674404,-4.529953e-07,3.7542364597320557,-2.663160836100405e-06,-9.536742640435957e-07,0.21684822465483822,0.41228817701339726,0.00047800090216568663,0.0
3474,306,-57.611103,873.3198,-0.01115509,3.66659,0.8064729,-1.8453597e-06,3.754235029220581,-3.195793562073919e-06,-9.536742640435957e-07,0.21681255494098797,0.41228824853897095,0.000551860815529372,0.0
3475,306,-57.427753,873.36053,-0.011154976,3.666663,0.8061451,-2.1457672e-07,3.7542357444763184,-3.728425018153267e-06,-9.536742640435957e-07,0.21677150897068714,0.4122882127761841,0.0006560646733435919,0.0
3476,307,-57.244408,873.4011,-0.011154938,3.666755,0.8057243,2.7656554e-07,3.7542355060577393,-4.261057490147948e-06,-9.536742640435957e-07,0.2167235720710657,0.41228822469711307,2.0458593787768195e-05,0.0
3477,307,-57.06106,873.4418,-0.01115509,3.6665304,0.8067506,-8.5830685e-08,3.7542364597320557,-1.597896654047543e-06,-9.536742640435957e-07,0.2166964078279469,0.41228817701339726,5.8366798341973946e-05,0.0
3478,307,-56.877747,873.4824,-0.01115509,3.666489,0.80694795,1.1634827e-06,3.7542383670806885,5.329122296794573e-07,-9.536742640435957e-07,0.21668630446056142,0.4122880816459656,0.00012633667751472228,0.0
3479,307,-56.69444,873.523,-0.011155014,3.6665077,0.8068576,6.6280364e-07,3.754237413406372,7.351155094005399e-07,-9.536742640435957e-07,0.21667724971285515,0.4122881293296814,0.00018566698463735843,0.0
3480,307,-56.511093,873.56366,-0.011154976,3.666545,0.8066886,-9.965896e-07,3.754237413406372,1.6136395955185316e-07,-9.536742640435957e-07,0.21666498252708397,0.4122881293296814,0.000262350375447516,0.0
3481,307,-56.327744,873.60425,-0.011155052,3.666597,0.806447,-8.821487e-07,3.7542362213134766,-5.326321862684935e-07,-9.536742640435957e-07,0.21664797158562107,0.41228818893432617,0.00032214824262364174,0.0
3482,307,-56.144394,873.6449,-0.011154938,3.666651,0.8062026,-7.534027e-07,3.7542364597320557,-1.5978967810369595e-06,-9.536742640435957e-07,0.2166250517554896,0.41228817701339726,0.0004015065995222114,0.0
3483,307,-55.96105,873.68555,-0.011155052,3.666718,0.80590475,1.7881393e-06,3.7542381286621094,-2.130528745073974e-06,-9.536742640435957e-07,0.21659680560317793,0.41228809356689455,0.00048494471604276535,0.0
3484,307,-55.7777,873.72626,-0.011155014,3.6667912,0.80556583,-6.9141385e-07,3.7542366981506348,-2.663160836100405e-06,-9.536742640435957e-07,0.21656220115376373,0.4122881650924683,0.0005938765348194768,0.0
3485,307,-55.594353,873.76685,-0.011155014,3.666882,0.80514634,-4.2438506e-07,3.7542355060577393,-3.728425018153267e-06,-9.536742640435957e-07,0.21651957393156565,0.41228822469711307,0.0006638245707739232,0.0
3486,307,-55.41101,873.8075,-0.011154976,3.6669674,0.8047604,2.6226044e-07,3.7542362213134766,-4.261057490147948e-06,-9.536742640435957e-07,0.216470588412265,0.41228818893432617,0.0007644724245532902,0.0
3487,308,-55.227665,873.8474,-0.01115509,3.6670668,0.8043058,-8.106232e-08,3.7542357444763184,-4.793689962142629e-06,-9.536742640435957e-07,0.2164135801201805,0.4122882127761841,-0.000512908449606917,0.0
3488,308,-55.044315,873.8881,-0.011154938,3.6665664,0.8065969,-9.2506406e-07,3.7542386054992676,7.501314999561843e-07,-9.536742640435957e-07,0.21640241148835895,0.4122880697250366,-0.00044270138773992745,0.0
3489,308,-54.861004,873.92865,-0.011154976,3.666438,0.8071889,1.4829635e-06,3.7542405128479004,4.69602392570622e-06,-9.536742640435957e-07,0.2164269292151445,0.412287974357605,-0.0003663189203793794,0.0
3490,308,-54.6777,873.9693,-0.011154938,3.6664116,0.80730474,-1.2636184e-06,3.754239559173584,5.2422739808009135e-06,-9.536742640435957e-07,0.21645672332983976,0.4122880220413208,-0.0002443257133263327,0.0
3491,308,-54.4944,874.0099,-0.011154976,3.666441,0.8071756,1.14440915e-07,3.7542405128479004,4.1595131969284825e-06,-9.536742640435957e-07,0.21648179033360013,0.412287974357605,-0.000139161612613836,0.0
3492,308,-54.311096,874.05054,-0.011155014,3.6664834,0.8069819,-1.2159347e-06,3.7542405128479004,2.64988282270039e-06,-9.536742640435957e-07,0.21649933390728104,0.412287974357605,-1.8793341179487963e-05,0.0
3493,308,-54.127758,874.0911,-0.011155052,3.6665416,0.8067146,-6.055832e-07,3.754239559173584,1.1212182587964989e-06,-9.536742640435957e-07,0.21650734003530808,0.4122880220413208,7.607725111846166e-05,0.0
3494,308,-53.94441,874.1318,-0.011155052,3.666599,0.8064517,-7.534027e-07,3.754239320755005,1.1212182587964989e-06,-9.536742640435957e-07,0.21650734003530808,0.4122880339622498,0.00018864491954470497,0.0
3495,308,-53.761063,874.1724,-0.011155052,3.6666691,0.80613387,-1.282692e-06,3.754239559173584,-1.0652644360316953e-06,-9.536742640435957e-07,0.21649830193235864,0.4122880220413208,0.0003013890051707699,0.0
3496,308,-53.577713,874.213,-0.0111551285,3.6667476,0.8057759,-1.4591217e-06,3.754239320755005,-2.130528745073974e-06,-9.536742640435957e-07,0.21648017579218928,0.4122880339622498,0.00039262093144631737,0.0
3497,308,-53.394363,874.25366,-0.011155014,3.6668243,0.8054262,-1.25885e-06,3.754239082336426,-3.195793562073919e-06,-9.536742640435957e-07,0.2164540768135065,0.41228804588317874,0.00051111444235771,0.0
3498,309,-53.211018,874.29425,-0.011155052,3.6669173,0.80500424,-5.0544736e-07,3.754239559173584,-3.7284252721321002e-06,-9.536742640435957e-07,0.21641890644236064,0.4122880220413208,-6.988862362895267e-05,0.0
3499,309,-53.027668,874.3349,-0.011154976,3.6667101,0.8059509,-2.0647049e-06,3.7542402744293213,-1.597896654047543e-06,-9.536742640435957e-07,0.21640187885614096,0.41228798627853397,-6.936639755576141e-06,0.0
3500,309,-52.84432,874.3756,-0.011155014,3.666679,0.8060948,-1.6117095e-06,3.7542407512664795,2.4721104336398395e-07,-9.536742640435957e-07,0.21639866641807604,0.41228796243667604,9.746656247562679e-05,0.0
3501,309,-52.660976,874.41626,-0.011154938,3.6667154,0.8059298,1.1396407e-06,3.7542407512664795,2.659368392415617e-07,-1.0728835470490452e-06,0.21639390601762754,0.41228796243667604,0.0001920588649763096,0.0
3502,309,-52.477627,874.45685,-0.011154938,3.66677,0.8056748,1.7499923e-06,3.754239320755005,-5.326321862684935e-07,-1.0728835470490452e-06,0.21638325337326722,0.4122880339622498,0.0002691395940725601,0.0
3503,309,-52.294277,874.4975,-0.011155014,3.6668277,0.8054073,1.4686584e-06,3.7542383670806885,-1.597896654047543e-06,-1.0728835470490452e-06,0.2163661924975339,0.4122880816459656,0.0003647534192748474,0.0
3504,309,-52.110928,874.5381,-0.011154976,3.6669006,0.8050813,-1.4925002e-06,3.754239797592163,-2.130528745073974e-06,-9.536742640435957e-07,0.21634169141550516,0.41228801012039185,0.00044205885885415305,0.0
3505,309,-51.92758,874.57874,-0.011155014,3.6669714,0.80475545,-1.6450881e-06,3.754239082336426,-3.1957930541162527e-06,-9.536742640435957e-07,0.21631079874686024,0.41228804588317874,0.0005426879611300967,0.0
3506,309,-51.744236,874.61865,-0.011155052,3.6670566,0.8043655,-6.2465665e-07,3.7542386054992676,-3.7284255261109336e-06,-9.536742640435957e-07,0.2162719332397019,0.4122880697250366,0.0003872430875770108,0.0
3507,309,-51.560886,874.6585,-0.011155014,3.6670375,0.80445415,-1.2350082e-06,3.7542388439178467,-3.195793308095086e-06,-1.0728835470490452e-06,0.21623516497190198,0.4122880578041077,0.00019992791352427782,0.0
3508,309,-51.377544,874.6989,-0.0111551285,3.6669672,0.8047707,-2.7418137e-06,3.7542381286621094,-1.597896654047543e-06,-9.536742640435957e-07,0.21620959862543723,0.41228809356689455,0.00022971342713502623,0.0
3509,310,-51.194195,874.7395,-0.011155052,3.666972,0.8047548,-1.5830993e-06,3.754239320755005,-1.065264372536987e-06,-9.536742640435957e-07,0.21618935860115263,0.4122880339622498,-0.0006242260526516852,0.0
3510,310,-51.010845,874.78015,-0.011154976,3.6666067,0.8064298,1.1539458e-06,3.754241943359375,3.2246587644254593e-06,-9.536742640435957e-07,0.21620319039406422,0.41228790283203126,-0.0005300462886007327,0.0
3511,310,-50.827488,874.8207,-0.0111551285,3.666518,0.80683196,-3.9577483e-07,3.754241943359375,5.541763789086885e-06,-9.536742640435957e-07,0.21624049129408215,0.41228790283203126,-0.0004326288374332753,0.0
3512,310,-50.644154,874.8613,-0.011154976,3.6665082,0.8068692,-5.2928925e-07,3.7542402744293213,5.321834882133391e-06,-9.536742640435957e-07,0.21627830818156127,0.41228798627853397,-0.0002945225681517094,0.0
3513,310,-50.460804,874.9019,-0.01115509,3.6665463,0.80669796,-9.918213e-07,3.7542407512664795,3.931773170959734e-06,-9.536742640435957e-07,0.2163092008502062,0.41228796243667604,-0.0001768992578521319,0.0
3514,310,-50.277454,874.94257,-0.011154938,3.6665957,0.80647755,-9.727478e-07,3.754241466522217,2.2983484338503223e-06,-1.0728835470490452e-06,0.21632997350670882,0.4122879266738892,-4.6766317655834314e-05,0.0
3515,310,-50.094105,874.98315,-0.011155167,3.6666589,0.8061907,-2.6512146e-06,3.754241704940796,7.530866706699539e-07,-1.0728835470490452e-06,0.21634169141550516,0.4122879147529602,6.145685279697516e-05,0.0
3516,310,-49.91075,875.0238,-0.01115509,3.6667223,0.8059013,-1.2874602e-07,3.754241466522217,7.530866706699539e-07,-1.0728835470490452e-06,0.21634169141550516,0.4122879266738892,0.000183939585324957,0.0
3517,310,-49.727406,875.06445,-0.011154976,3.666796,0.8055587,-1.5878677e-06,3.754240036010742,-1.5978965270581263e-06,-9.536742640435957e-07,0.21633529982888897,0.41228799819946294,0.0003114253503113624,0.0
3518,310,-49.544056,875.10504,-0.011155052,3.6668823,0.8051654,-1.0108947e-06,3.754240036010742,-2.663161090079238e-06,-9.536742640435957e-07,0.2163171736887196,0.41228799819946294,0.0004151519218902251,0.0
3519,310,-49.360706,875.1457,-0.01115509,3.666968,0.8047788,1.1634827e-06,3.7542407512664795,-3.7284252721321002e-06,-9.536742640435957e-07,0.2162900094456008,0.41228796243667604,0.0005462435905158091,0.0
3520,311,-49.17736,875.1856,-0.0111551285,3.6670685,0.8043158,-2.3937225e-06,3.754239559173584,-4.261057744126781e-06,-9.536742640435957e-07,0.2162527251903397,0.4122880220413208,-0.0004129782260567775,0.0
3521,311,-48.99401,875.22614,-0.0111551285,3.6666975,0.8060082,-1.7690658e-06,3.7542402744293213,0.0,-9.536742640435957e-07,0.21624744880243,0.41228798627853397,-0.0003707317519060571,0.0
3522,311,-48.81066,875.2668,-0.011155014,3.6665978,0.8064718,-1.5592575e-06,3.7542426586151123,2.8921887887323413e-06,-9.536742640435957e-07,0.21626872080163698,0.4122878670692444,-0.00025631564153605937,0.0
3523,311,-48.62731,875.3074,-0.01115509,3.6666002,0.8064568,1.4352798e-06,3.754241466522217,3.2262595930111573e-06,-1.0728835470490452e-06,0.21629215661922968,0.4122879266738892,-0.0001492248412216771,0.0
3524,311,-48.44396,875.348,-0.011154938,3.6666348,0.8062966,-1.7213821e-06,3.7542409896850586,2.321360693990628e-06,-9.536742640435957e-07,0.2163097168376674,0.41228795051574707,-2.5354114996416416e-05,0.0
3525,311,-48.26061,875.3887,-0.011155014,3.6666915,0.8060353,-2.670288e-07,3.7542402744293213,1.0037326031426027e-06,-9.536742640435957e-07,0.21631828888742607,0.41228798627853397,9.611919295550568e-05,0.0
3526,311,-48.07726,875.42926,-0.01115509,3.6667604,0.80572265,-8.5830685e-08,3.7542405128479004,1.0037326031426027e-06,-9.536742640435957e-07,0.21631828888742607,0.412287974357605,0.00019696495127215834,0.0
3527,311,-47.89391,875.4699,-0.01115509,3.666828,0.80541027,-3.7193297e-07,3.754239320755005,-1.5978965270581263e-06,-9.536742640435957e-07,0.21630760295355214,0.4122880339622498,0.00031468078081731875,0.0
3528,311,-47.71056,875.5105,-0.011155014,3.6669073,0.8050418,1.3971328e-06,3.754237651824951,-2.663160836100405e-06,-9.536742640435957e-07,0.21628896082592158,0.4122881174087525,0.00041385953813662455,0.0
3529,311,-47.527214,875.5511,-0.011155014,3.66699,0.8046707,-1.0728836e-06,3.754239082336426,-3.1957930541162527e-06,-9.536742640435957e-07,0.21626126395058476,0.41228804588317874,0.0005151816475825966,0.0
3530,311,-47.343872,875.59094,-0.011155014,3.6670778,0.80427283,-1.5068053e-06,3.754239320755005,-4.261057744126781e-06,-9.536742640435957e-07,0.2162255609472209,0.4122880339622498,0.0003283376972364045,0.0
3531,312,-47.160522,875.63086,-0.01115509,3.6670449,0.80442864,-7.534027e-07,3.7542407512664795,-3.1957930541162527e-06,-9.536742640435957e-07,0.2161925377497039,0.41228796243667604,-0.0005573553382750514,0.0
3532,312,-46.977173,875.67145,-0.011155052,3.6666608,0.80618864,-1.0347366e-06,3.7542431354522705,1.5375563628544366e-06,-9.536742640435957e-07,0.21619788071664087,0.4122878432273865,-0.0004878567004086516,0.0
3533,312,-46.793823,875.71204,-0.011155052,3.666559,0.80664974,-7.343292e-07,3.7542426586151123,4.5003982533022184e-06,-9.536742640435957e-07,0.21622982200496502,0.4122878670692444,-0.0003784263188517203,0.0
3534,312,-46.610466,875.7526,-0.011155014,3.6665561,0.80667096,-1.1777878e-06,3.754244565963745,4.605941697229347e-06,-9.536742640435957e-07,0.21626339447945683,0.41228777170181274,-0.0002617336696120319,0.0
3535,312,-46.427116,875.7933,-0.011154976,3.6665866,0.8065274,-1.3208389e-06,3.7542433738708496,3.4627672222810134e-06,-9.536742640435957e-07,0.2162900094456008,0.4122878313064575,-0.00012936204293856647,0.0
3536,312,-46.243763,875.83386,-0.011154976,3.6666412,0.8062778,-9.775162e-07,3.7542431354522705,1.924094876433469e-06,-9.536742640435957e-07,0.21630811894101334,0.4122878432273865,-1.848417963340328e-05,0.0
3537,312,-46.060413,875.8745,-0.011155052,3.6666992,0.8060123,-7.724762e-07,3.7542426586151123,4.861603775152524e-07,-9.536742640435957e-07,0.2163161250690404,0.4122878670692444,0.00010739254230080873,0.0
3538,312,-45.877064,875.91516,-0.011154938,3.66677,0.8056867,7.9631803e-07,3.754241943359375,4.861603775152524e-07,-9.536742640435957e-07,0.2163161250690404,0.41228790283203126,0.00023421708447678537,0.0
3539,312,-45.693714,875.95575,-0.011154976,3.6668527,0.80531615,2.2411346e-06,3.7542431354522705,-2.1305288720633906e-06,-1.0728835470490452e-06,0.21630335854056484,0.4122878432273865,0.0003357066418001544,0.0
3540,312,-45.51037,875.9964,-0.011154938,3.6669314,0.80495656,1.2159347e-06,3.7542428970336914,-3.195793308095086e-06,-9.536742640435957e-07,0.21628201996233057,0.41228785514831545,0.00046233495595797674,0.0
3541,312,-45.32702,876.0366,-0.01115509,3.6670253,0.80452734,-1.3160706e-06,3.7542428970336914,-3.7284255261109336e-06,-1.0728835470490452e-06,0.21625165992590367,0.41228785514831545,0.00042420346639027623,0.0
3542,313,-45.143677,876.0765,-0.01115509,3.667057,0.8043849,-1.1634827e-06,3.7542431354522705,-3.7284252721321002e-06,-9.536742640435957e-07,0.21621758810870748,0.4122878432273865,-0.0005036605317226923,0.0
3543,313,-44.960327,876.11707,-0.011154976,3.6666744,0.80612737,-4.7683716e-07,3.7542431354522705,7.022766177193653e-07,-9.536742640435957e-07,0.21621867001790032,0.4122878432273865,-0.0004388981653512459,0.0
3544,313,-44.77697,876.1577,-0.011155014,3.6665754,0.8065802,-1.3303757e-06,3.754243850708008,3.734990370991645e-06,-9.536742640435957e-07,0.21624635024848032,0.41228780746459964,-0.0003179572949286607,0.0
3545,313,-44.59362,876.19836,-0.01115509,3.6665773,0.80656403,-2.7227402e-06,3.754242181777954,3.890041908875639e-06,-9.536742640435957e-07,0.21627509574349638,0.4122878909111023,-0.00018811848138109206,0.0
3546,313,-44.410267,876.23895,-0.011155014,3.666622,0.8063714,-2.0456314e-06,3.754244565963745,2.7415854361331187e-06,-9.536742640435957e-07,0.21629695030919183,0.41228777170181274,-7.767924551101256e-05,0.0
3547,313,-44.226917,876.2796,-0.011154938,3.6666725,0.80613637,9.441375e-07,3.7542431354522705,1.3413074263937465e-06,-9.536742640435957e-07,0.2163097168376674,0.4122878432273865,4.736374233400618e-05,0.0
3548,313,-44.043568,876.3202,-0.01115509,3.6667378,0.8058345,-5.2928925e-07,3.754242420196533,0.0,-9.536742640435957e-07,0.21631289598621867,0.4122878789901734,0.00015029033503365078,0.0
3549,313,-43.860218,876.36084,-0.011155052,3.666804,0.8055317,-1.4877319e-06,3.754241943359375,-1.065264372536987e-06,-9.536742640435957e-07,0.21630707032133412,0.41228790283203126,0.00027198457411675594,0.0
3550,313,-43.67687,876.4015,-0.011155052,3.6668837,0.80516785,-1.1444091e-06,3.754241943359375,-2.130528745073974e-06,-9.536742640435957e-07,0.21629162398701168,0.41228790283203126,0.00039458930619640584,0.0
3551,313,-43.493523,876.4421,-0.011155052,3.666974,0.80476,1.1062622e-06,3.7542426586151123,-3.195793308095086e-06,-9.536742640435957e-07,0.21626710626022613,0.4122878670692444,0.0004983225048015011,0.0
3552,313,-43.310173,876.482,-0.011154976,3.6670651,0.8043515,-1.5544891e-06,3.754244089126587,-4.261057744126781e-06,-9.536742640435957e-07,0.2162325018108119,0.4122877955436707,0.00033578121492415904,0.0
3553,314,-43.12683,876.5219,-0.01115509,3.6670396,0.80445766,-7.8201293e-07,3.754241943359375,-3.7284255261109336e-06,-9.536742640435957e-07,0.21620001124551294,0.41228790283203126,-0.0004996856274669275,0.0
3554,314,-42.94348,876.56256,-0.011155052,3.6666799,0.80610085,-1.3446808e-06,3.7542428970336914,1.1082384165466677e-06,-9.536742640435957e-07,0.21620373967103906,0.41228785514831545,-0.0004142505274848747,0.0
3555,314,-42.76013,876.6031,-0.011155014,3.6665957,0.8064856,-2.117157e-06,3.7542433738708496,3.824079034273016e-06,-9.536742640435957e-07,0.21623092055891469,0.4122878313064575,-0.00032488821138658056,0.0
3556,314,-42.576775,876.64374,-0.01115509,3.6665893,0.80650926,1.6880035e-06,3.754242181777954,3.958091219593051e-06,-9.536742640435957e-07,0.2162591167769559,0.4122878909111023,-0.00019548865558738346,0.0
3557,314,-42.393425,876.6843,-0.011154976,3.6666276,0.8063285,-1.7166137e-06,3.7542407512664795,2.8596050822838307e-06,-9.536742640435957e-07,0.21628148733011254,0.41228796243667604,-8.334145869668263e-05,0.0
3558,314,-42.21007,876.725,-0.01115509,3.666679,0.80609536,-5.197525e-07,3.7542407512664795,1.4406037529605045e-06,-9.536742640435957e-07,0.21629481978031975,0.41228796243667604,4.311283613243223e-05,0.0
3559,314,-42.026722,876.7656,-0.011154976,3.6667452,0.80579245,-1.8692016e-06,3.7542405128479004,5.150416916490241e-08,-9.536742640435957e-07,0.21629801557362785,0.412287974357605,0.00016687587759421565,0.0
3560,314,-41.843372,876.8062,-0.011155052,3.66682,0.80544823,8.9645386e-07,3.754239559173584,-1.065264372536987e-06,-9.536742640435957e-07,0.21629215661922968,0.4122880220413208,0.0002698496366451412,0.0
3561,314,-41.660027,876.84686,-0.01115509,3.6668937,0.8051072,-2.0837783e-06,3.7542386054992676,-2.130528745073974e-06,-9.536742640435957e-07,0.21627617765268922,0.4122880697250366,0.0003933733234349284,0.0
3562,314,-41.476677,876.88745,-0.011154976,3.6669834,0.8047037,-1.001358e-06,3.754239559173584,-3.1957930541162527e-06,-9.536742640435957e-07,0.21625116058319926,0.4122880220413208,0.0004975935471462955,0.0
3563,314,-41.293335,876.9274,-0.01115509,3.6670728,0.80429524,-7.724762e-07,3.754239320755005,-4.261057490147948e-06,-9.536742640435957e-07,0.21621707212124627,0.4122880339622498,0.00036171524892030584,0.0
3564,315,-41.109985,876.96735,-0.011155014,3.667062,0.8043487,-1.0919571e-06,3.7542402744293213,-3.7284252721321002e-06,-9.536742640435957e-07,0.21618351629151125,0.41228798627853397,-0.0004653607202497086,0.0
3565,315,-40.926643,877.0079,-0.01115509,3.6667106,0.8059548,-6.580353e-07,3.754241466522217,8.642474914405186e-07,-9.536742640435957e-07,0.2161850975434085,0.4122879266738892,-0.00041211999676055155,0.0
3566,315,-40.743313,877.0485,-0.011155014,3.6666174,0.8063868,-1.8787383e-06,3.7542433738708496,3.690588521476388e-06,-9.536742640435957e-07,0.21621064724511646,0.4122878313064575,-0.0002892093503576715,0.0
3567,315,-40.559986,877.08905,-0.011154938,3.6666253,0.80635536,1.5354157e-06,3.754244327545166,3.7683873176640817e-06,-1.0728835470490452e-06,0.21623729550077406,0.4122877836227417,-0.00019194847794880315,0.0
3568,315,-40.37666,877.12964,-0.01115509,3.6666555,0.80621725,1.2397766e-06,3.754244089126587,2.743876579187471e-06,-1.0728835470490452e-06,0.21625806815727666,0.4122877955436707,-7.885076253782351e-05,0.0
3569,315,-40.193333,877.1703,-0.011154938,3.6667056,0.80599284,1.039505e-06,3.754244804382324,1.435238323119609e-06,-9.536742640435957e-07,0.21627086797526587,0.41228775978088383,5.054176978716292e-05,0.0
3570,315,-40.01,877.21094,-0.011155014,3.6667721,0.80568564,-2.503395e-06,3.754243850708008,5.4035671437530104e-08,-9.536742640435957e-07,0.21627403047906033,0.41228780746459964,0.00017744765382538338,0.0
3571,315,-39.82665,877.2515,-0.011155052,3.6668494,0.805332,-3.323555e-06,3.7542433738708496,-1.0652644360316953e-06,-9.536742640435957e-07,0.21626710626022613,0.4122878313064575,0.00028136169573379327,0.0
3572,315,-39.6433,877.2922,-0.01115509,3.6669252,0.8049846,-3.3283234e-06,3.7542431354522705,-2.130528745073974e-06,-9.536742640435957e-07,0.21625061130622444,0.4122878432273865,0.0004065684840064439,0.0
3573,315,-39.45995,877.3326,-0.011154938,3.6670146,0.80457294,1.0442734e-06,3.754242181777954,-3.195793562073919e-06,-9.536742640435957e-07,0.21622451232754167,0.4122878909111023,0.00044271785140297733,0.0
3574,315,-39.276604,877.3725,-0.011154899,3.6670742,0.80429703,-1.8024444e-06,3.7542412281036377,-3.7284255261109336e-06,-9.536742640435957e-07,0.2161920217622427,0.41228793859481816,0.0002826550793470907,0.0
3575,316,-39.093258,877.41235,-0.011155052,3.6670418,0.8044475,-1.8596648e-06,3.754241704940796,-3.195793562073919e-06,-9.536742640435957e-07,0.21616324297771303,0.4122879147529602,-0.0005750373937630863,0.0
3576,316,-38.909916,877.45294,-0.011155052,3.6666675,0.80615973,-1.1444091e-06,3.7542433738708496,1.7212026156326068e-06,-9.536742640435957e-07,0.2161712657504969,0.4122878313064575,-0.0005006632045441511,0.0
3577,316,-38.72659,877.4936,-0.0111551285,3.666571,0.80660206,-8.1062313e-07,3.754244089126587,4.541819153252135e-06,-9.536742640435957e-07,0.21620478829071826,0.4122877955436707,-0.00037012640307536836,0.0
3578,316,-38.543262,877.5341,-0.011155052,3.6665764,0.8065778,-1.4448166e-06,3.754244327545166,4.491570964975307e-06,-9.536742640435957e-07,0.2162389100421849,0.4122877836227417,-0.00026628384134589955,0.0
3579,316,-38.359932,877.57477,-0.011155014,3.6666033,0.8064454,-6.866455e-07,3.754242181777954,3.32927315378072e-06,-9.536742640435957e-07,0.21626552500832888,0.4122878909111023,-0.00013127105538058572,0.0
3580,316,-38.176605,877.61536,-0.011155052,3.6666594,0.8061946,-6.29425e-07,3.7542431354522705,1.8228283090681146e-06,-9.536742640435957e-07,0.21628365114849823,0.4122878432273865,-1.6994631822647824e-05,0.0
3581,316,-37.99328,877.656,-0.0111551285,3.666717,0.80592155,-4.7683715e-09,3.7542407512664795,3.835729297331014e-07,-9.536742640435957e-07,0.21629215661922968,0.41228796243667604,0.00011302607726064584,0.0
3582,316,-37.809937,877.6966,-0.011154976,3.6667917,0.80558574,2.5606155e-06,3.754241466522217,-1.065264372536987e-06,-9.536742640435957e-07,0.2162900094456008,0.4122879266738892,0.0002189585851105409,0.0
3583,316,-37.626587,877.73724,-0.011155014,3.6668627,0.80525273,-1.1205673e-06,3.754239320755005,-2.1305284910951407e-06,-9.536742640435957e-07,0.21627882416902247,0.4122880339622498,0.0003456994022761226,0.0
3584,316,-37.44324,877.7779,-0.011155014,3.666952,0.8048563,-1.1825562e-06,3.754241466522217,-3.195793308095086e-06,-9.536742640435957e-07,0.21625806815727666,0.4122879266738892,0.00047583538656398457,0.0
3585,316,-37.259895,877.81793,-0.01115509,3.667049,0.80440754,3.814697e-07,3.7542402744293213,-3.7284252721321002e-06,-9.536742640435957e-07,0.21622664285641374,0.41228798627853397,0.00036594484581595064,0.0
3586,317,-37.076546,877.85785,-0.011154976,3.6670504,0.804402,-4.529953e-07,3.7542402744293213,-3.7284255261109336e-06,-9.536742640435957e-07,0.2161946849233328,0.41228798627853397,-0.0008839710860286919,0.0
3587,317,-36.89321,877.8985,-0.011154976,3.6665137,0.806845,7.7724457e-07,3.7542405128479004,2.6449729038968497e-06,-9.536742640435957e-07,0.2162122617865273,0.412287974357605,-0.0007941153276676038,0.0
3588,317,-36.70988,877.939,-0.01115509,3.666365,0.8075213,-7.9154967e-07,3.7542405128479004,6.643213097443121e-06,-9.536742640435957e-07,0.21626607428530373,0.412287974357605,-0.0006843285664119619,0.0
3589,317,-36.52655,877.9797,-0.011155014,3.666333,0.80767006,9.584427e-07,3.754241466522217,7.001822066692144e-06,-9.536742640435957e-07,0.2163230492878746,0.4122879266738892,-0.0005325254761202813,0.0
3590,317,-36.343224,878.02026,-0.011155052,3.666358,0.8075587,8.249283e-07,3.754241943359375,5.623261533001393e-06,-9.536742640435957e-07,0.2163736327038293,0.41228790283203126,-0.00040027342995720215,0.0
3591,317,-36.159893,878.06085,-0.0111551285,3.6663995,0.80737793,3.695488e-06,3.7542433738708496,3.82611442064233e-06,-9.536742640435957e-07,0.2164135801201805,0.4122878313064575,-0.00027630802958568293,0.0
3592,317,-35.976562,878.10144,-0.01115509,3.6664445,0.8071626,-1.5115737e-06,3.7542412281036377,2.1557525259044218e-06,-9.536742640435957e-07,0.2164439401566074,0.41228793859481816,-0.0001581700527867397,0.0
3593,317,-35.79324,878.1421,-0.0111551285,3.666498,0.8069226,-4.3869017e-07,3.754241704940796,7.355922276704676e-07,-9.536742640435957e-07,0.21646364754867398,0.4122879147529602,-2.49232445718817e-05,0.0
3594,317,-35.609913,878.18274,-0.011154976,3.6665633,0.80661917,1.5735625e-07,3.7542405128479004,-5.326321227737852e-07,-9.536742640435957e-07,0.21647323492859827,0.412287974357605,0.00010596233082524003,0.0
3595,317,-35.426586,878.2233,-0.01115509,3.6666374,0.8062745,3.6287306e-06,3.7542388439178467,-5.326321227737852e-07,-9.536742640435957e-07,0.21647323492859827,0.4122880578041077,0.00021426777594266502,0.0
3596,317,-35.243263,878.264,-0.01115509,3.6667116,0.8059361,3.1423567e-06,3.7542386054992676,-2.663160836100405e-06,-9.536742640435957e-07,0.21646153366455873,0.4122880697250366,0.0003445915247993265,0.0
3597,318,-35.05992,878.30457,-0.011154976,3.6667995,0.8055314,-2.6226044e-07,3.754237651824951,-3.7284255261109336e-06,-9.536742640435957e-07,0.21644076100805612,0.4122881174087525,-0.0003647578459135462,0.0
3598,318,-34.876595,878.3452,-0.011154976,3.666527,0.8067783,7.724762e-07,3.754239082336426,-5.326321862684935e-07,-9.536742640435957e-07,0.21644234225995335,0.41228804588317874,-0.0002880349279592607,0.0
3599,318,-34.69327,878.38586,-0.011154976,3.6664703,0.80704,4.7683713e-08,3.754240036010742,1.7356706468556091e-06,-9.536742640435957e-07,0.21646153366455873,0.41228799819946294,-0.00018199637165388846,0.0
3600,318,-34.509945,878.42645,-0.011154938,3.6664867,0.80696636,2.989769e-06,3.7542402744293213,1.8270362303766734e-06,-9.536742640435957e-07,0.21647912717251006,0.41228798627853397,-8.889171657053034e-05,0.0
3601,318,-34.32662,878.4671,-0.011155014,3.666524,0.8068007,8.010864e-07,3.7542409896850586,1.074339226731566e-06,-9.536742640435957e-07,0.21649136106876762,0.41228795051574707,2.1267799120311696e-05,0.0
3602,318,-34.14329,878.5077,-0.011154976,3.666578,0.80655205,1.335144e-07,3.7542402744293213,4.096326977667239e-08,-9.536742640435957e-07,0.21649560548175492,0.41228798627853397,0.00011057203804653192,0.0
3603,318,-33.959965,878.54834,-0.011155052,3.666633,0.80629754,4.339218e-07,3.754239320755005,-1.0652644360316953e-06,-9.536742640435957e-07,0.21649242633320365,0.4122880339622498,0.00021780262410386447,0.0
3604,318,-33.77664,878.589,-0.011154976,3.6667013,0.8059856,3.3426284e-06,3.754239082336426,-1.5978967810369595e-06,-9.536742640435957e-07,0.2164807084244073,0.41228804588317874,0.0003251701827826865,0.0
3605,318,-33.593307,878.6296,-0.01115509,3.6667788,0.8056345,3.3044814e-06,3.754239320755005,-2.663160836100405e-06,-9.536742640435957e-07,0.2164604850448795,0.4122880339622498,0.0004114803459718888,0.0
3606,318,-33.40996,878.6702,-0.01115509,3.6668527,0.8052915,-1.1682511e-06,3.7542381286621094,-3.1957930541162527e-06,-9.536742640435957e-07,0.21643223889256785,0.41228809356689455,0.0005217856128215866,0.0
3607,319,-33.226612,878.71094,-0.011154976,3.6669421,0.8048841,1.5258789e-07,3.7542381286621094,-4.261057490147948e-06,-9.536742640435957e-07,0.2163960199017428,0.41228809356689455,-7.736501269763063e-05,0.0
3608,319,-33.04327,878.7515,-0.011154976,3.6667278,0.8058696,-4.1484833e-07,3.754240036010742,-1.597896654047543e-06,-9.536742640435957e-07,0.21637844303854825,0.41228799819946294,-3.241245496982539e-05,0.0
3609,319,-32.859947,878.7922,-0.011154976,3.6666858,0.80606204,-4.529953e-07,3.7542405128479004,4.0483257718751397e-07,-9.536742640435957e-07,0.21637631250967618,0.412287974357605,5.49950518743392e-05,0.0
3610,319,-32.67662,878.83276,-0.01115509,3.6667094,0.8059504,2.450943e-06,3.754239559173584,5.753845385041395e-07,-9.536742640435957e-07,0.21637418198080413,0.4122880220413208,0.00013280410384427095,0.0
3611,319,-32.493294,878.8734,-0.011154976,3.6667523,0.8057533,3.0994414e-07,3.754239082336426,-7.105426967468826e-15,-9.536742640435957e-07,0.21636779039418794,0.41228804588317874,0.00022884723978758357,0.0
3612,319,-32.309944,878.91406,-0.011154976,3.6668136,0.80547696,-7.8201293e-07,3.754239559173584,-1.0652642455475704e-06,-9.536742640435957e-07,0.2163539253117627,0.4122880220413208,0.00032256894598148484,0.0
3613,319,-32.126595,878.95465,-0.011154976,3.6668832,0.80516136,-8.821487e-07,3.754240036010742,-2.1305284910951407e-06,-9.536742640435957e-07,0.21633318594477371,0.41228799819946294,0.0003985742538327977,0.0
3614,319,-31.943249,878.9953,-0.011155014,3.6669507,0.80484974,-1.4305114e-07,3.754239082336426,-2.663160836100405e-06,-9.536742640435957e-07,0.2163054724246801,0.41228804588317874,0.0004950113468174995,0.0
3615,319,-31.759905,879.0354,-0.0111551285,3.6670306,0.8044814,-1.9979477e-06,3.7542381286621094,-3.195793308095086e-06,-9.536742640435957e-07,0.21627086797526587,0.41228809356689455,0.00041037027947112757,0.0
3616,319,-31.576557,879.0752,-0.011154976,3.6670392,0.80444306,-8.5830686e-07,3.7542383670806885,-3.195793308095086e-06,-9.536742640435957e-07,0.21623516497190198,0.4122880816459656,0.00021166375074044616,0.0
3617,319,-31.39321,879.11554,-0.011155014,3.666975,0.80474377,-3.9100647e-07,3.754240036010742,-2.1305284910951407e-06,-9.536742640435957e-07,0.2162085333610012,0.41228799819946294,0.00021380532965866301,0.0
3618,319,-31.209862,879.1561,-0.01115509,3.666968,0.80477554,2.9182434e-06,3.7542402744293213,-1.0652644360316953e-06,-9.536742640435957e-07,0.2161888259689346,0.41228798627853397,0.0003259852121937537,0.0
3619,320,-31.026512,879.1962,-0.011154976,3.667026,0.8045137,-4.5776366e-07,3.7542405128479004,-1.065264372536987e-06,-9.536742640435957e-07,0.21616645541577795,0.412287974357605,-0.0005945477258180883,0.0
3620,320,-30.843174,879.2369,-0.011154976,3.6666484,0.8062335,-3.147125e-07,3.7542407512664795,2.6977918659233903e-06,-9.536742640435957e-07,0.21617657542792024,0.41228796243667604,-0.0005031216225685099,0.0
3621,320,-30.659845,879.27747,-0.011154976,3.6665595,0.8066459,1.3923644e-06,3.754242420196533,5.122235964862712e-06,-9.536742640435957e-07,0.21621117987733446,0.4122878789901734,-0.0003892223181118356,0.0
3622,320,-30.476519,879.31805,-0.011154976,3.666559,0.80664665,3.671646e-07,3.754242181777954,4.929412694904306e-06,-9.536742640435957e-07,0.2162458176162623,0.4122878909111023,-0.00026955612262326495,0.0
3623,320,-30.29319,879.35864,-0.011154976,3.6665928,0.80649346,-3.7193297e-07,3.754242181777954,3.6327740497795163e-06,-9.536742640435957e-07,0.21627403047906033,0.4122878909111023,-0.00015212212447469033,0.0
3624,320,-30.109863,879.3993,-0.011155052,3.6666396,0.8062723,-6.866455e-07,3.7542402744293213,2.096855215452176e-06,-9.536742640435957e-07,0.2162926892514477,0.41228798627853397,-2.1326996968437146e-05,0.0
3625,320,-29.926537,879.4399,-0.01115509,3.666704,0.8059788,-5.00679e-07,3.7542402744293213,5.784103788282487e-07,-9.536742640435957e-07,0.21630225998661518,0.41228798627853397,8.796341293047544e-05,0.0
3626,320,-29.7432,879.4805,-0.011154938,3.6667693,0.80567986,1.6450881e-06,3.754240036010742,5.784103788282487e-07,-9.536742640435957e-07,0.21630225998661518,0.41228799819946294,0.00021389447873809207,0.0
3627,320,-29.559853,879.5212,-0.011155014,3.666848,0.80532235,-1.5544891e-06,3.754240036010742,-2.130528745073974e-06,-9.536742640435957e-07,0.21629162398701168,0.41228799819946294,0.0003379396982970735,0.0
3628,320,-29.376505,879.56177,-0.011155052,3.6669345,0.80492514,-1.3542175e-06,3.754239320755005,-2.663160836100405e-06,-9.536742640435957e-07,0.21627086797526587,0.4122880339622498,0.0004410153971405935,0.0
3629,320,-29.19316,879.602,-0.01115509,3.667021,0.804533,-1.578331e-06,3.754239797592163,-3.7284252721321002e-06,-9.536742640435957e-07,0.21624152326900456,0.41228801012039185,0.0004041345427620111,0.0
3630,321,-29.009811,879.64185,-0.011155052,3.66705,0.80440265,-4.4345856e-07,3.754240036010742,-3.7284252721321002e-06,-9.536742640435957e-07,0.2162090493484624,0.41228799819946294,-0.0006639324883219067,0.0
3631,321,-28.826473,879.6825,-0.01115509,3.6666038,0.8064361,-3.9577483e-07,3.7542405128479004,1.5252773751948377e-06,-9.536742640435957e-07,0.21621758810870748,0.412287974357605,-0.0005796918905604593,0.0
3632,321,-28.643145,879.7231,-0.011154976,3.6664898,0.8069644,-1.9025803e-06,3.7542428970336914,4.896475703898805e-06,-9.536742640435957e-07,0.21625538835142977,0.41228785514831545,-0.00046704966980645995,0.0
3633,321,-28.459816,879.76373,-0.011154976,3.6664793,0.8070184,1.25885e-06,3.754244089126587,5.140059183461784e-06,-9.536742640435957e-07,0.21629591833426942,0.4122877955436707,-0.00032868718385470775,0.0
3634,321,-28.27649,879.8044,-0.011154938,3.6665127,0.80685943,7.9154967e-07,3.7542426586151123,3.913730006691106e-06,-9.536742640435957e-07,0.21632945751924762,0.4122878670692444,-0.0001921604552254047,0.0
3635,321,-28.09316,879.845,-0.011154938,3.6665685,0.8066126,-8.916855e-07,3.754244089126587,2.2561081981844823e-06,-9.536742640435957e-07,0.21635286004732668,0.4122877955436707,-7.939038835601298e-05,0.0
3636,321,-27.909834,879.8856,-0.011154976,3.6666243,0.80635726,-2.1028518e-06,3.754243850708008,7.615564202944194e-07,-9.536742640435957e-07,0.2163661924975339,0.41228780746459964,4.726318451312907e-05,0.0
3637,321,-27.72651,879.9262,-0.011155052,3.666693,0.80604637,-7.9154967e-07,3.754244089126587,-5.326321862684935e-07,-9.536742640435957e-07,0.21636937164608516,0.4122877955436707,0.00015102497514860402,0.0
3638,321,-27.543179,879.96686,-0.011155052,3.6667578,0.80573833,3.9100647e-07,3.7542412281036377,-1.597896654047543e-06,-9.536742640435957e-07,0.21636352933644382,0.41228793859481816,0.0002740368960077108,0.0
3639,321,-27.35983,880.0075,-0.011155052,3.6668384,0.8053707,3.671646e-07,3.7542409896850586,-2.663160836100405e-06,-9.536742640435957e-07,0.21634859898958256,0.41228795051574707,0.0003978145667282204,0.0
3640,321,-27.176483,880.0481,-0.0111551285,3.6669285,0.8049587,-5.197525e-07,3.7542407512664795,-3.728425018153267e-06,-9.536742640435957e-07,0.2163235652753358,0.41228796243667604,0.0005008773856831124,0.0
3641,322,-26.993137,880.08844,-0.011155014,3.667019,0.80454993,-1.8501281e-06,3.7542412281036377,-4.2610569821902815e-06,-9.536742640435957e-07,0.21628896082592158,0.41228793859481816,0.011642635573112011,0.0
3642,322,-26.80967,880.12805,-0.011154861,3.6717327,0.78183854,-2.298355e-06,3.7540502548217773,-5.645901510967985e-05,-7.152556980326968e-07,0.21582076046152884,0.41229748725891113,0.01128343204474706,0.0
3643,322,-26.626102,880.1674,-0.011154861,3.6733975,0.77384686,-2.0647049e-06,3.7540230751037598,-9.054746893537144e-05,-7.152556980326968e-07,0.21502076351482585,0.41229884624481206,0.010437293741799964,0.0
3644,322,-26.442492,880.2062,-0.011154976,3.6740515,0.7708077,-2.4604797e-06,3.754037618637085,-9.267799780743483e-05,-7.152556980326968e-07,0.21416855196600051,0.4122981190681458,0.009367654801687986,0.0
3645,322,-26.258852,880.24475,-0.011154823,3.6742828,0.76981527,1.835823e-06,3.7540602684020996,-8.042746492039299e-05,-7.152556980326968e-07,0.21336054889127046,0.41229698657989505,0.008305841553103788,0.0
3646,322,-26.075203,880.2833,-0.011154899,3.6743414,0.7696454,-2.5177e-06,3.7540829181671143,-6.444849431625624e-05,-7.152556980326968e-07,0.21262763031452384,0.4122958540916443,0.0073421281941465424,0.0
3647,322,-25.891544,880.32196,-0.011155014,3.6743405,0.7697562,-1.5974044e-06,3.7541048526763916,-4.95347922118125e-05,-8.344649810381463e-07,0.2119740739382616,0.41229475736618043,0.006501265099955611,0.0
3648,322,-25.707882,880.3605,-0.011155014,3.6743243,0.76991254,-1.630783e-06,3.7541210651397705,-3.7284251197448006e-05,-9.536742640435957e-07,0.21139353811013795,0.4122939467430115,0.005717591091874826,0.0
3649,322,-25.52421,880.39886,-0.011155052,3.6742902,0.7701488,-2.07901e-06,3.754136085510254,-2.7696873304993412e-05,-9.536742640435957e-07,0.2108811459164067,0.4122931957244873,0.004978391330454706,0.0
3650,322,-25.340536,880.4374,-0.01115509,3.6742337,0.770485,-2.555847e-06,3.7541496753692627,-1.9707390034755696e-05,-9.536742640435957e-07,0.2104315876796445,0.4122925162315369,0.004359181733236846,0.0
3651,322,-25.156855,880.4758,-0.011155014,3.6741872,0.77076346,-1.8835067e-06,3.7541613578796387,-1.3848436652496706e-05,-1.0728835470490452e-06,0.21003852174750562,0.4122919321060181,0.0037868811503954515,0.0
3652,323,-24.973171,880.5143,-0.011155052,3.6741326,0.7710635,-2.2554398e-06,3.754169464111328,-9.05474770626941e-06,-1.0728835470490452e-06,0.2096949573221286,0.4122915267944336,0.013617893661341671,0.0
3653,323,-24.789389,880.5524,-0.011154899,3.6782174,0.7504883,-2.222061e-06,3.753999948501587,-5.379584995593928e-05,-7.152556980326968e-07,0.20899933964539988,0.41230000257492067,0.012964200081357855,0.0
3654,323,-24.605516,880.5903,-0.011154938,3.6796703,0.74325395,-3.170967e-06,3.7539846897125244,-8.362324197384276e-05,-7.152556980326968e-07,0.2080320628927263,0.4123007655143738,0.011887607936790336,0.0
3655,323,-24.421604,880.6277,-0.011154899,3.680239,0.74053586,-2.2172928e-06,3.754004716873169,-8.522115488253562e-05,-7.152556980326968e-07,0.20704459605003853,0.41229976415634156,0.010680054423204214,0.0
3656,323,-24.23767,880.6648,-0.011155052,3.6804554,0.73960334,-2.6130676e-06,3.754033327102661,-7.403588643152549e-05,-7.152556980326968e-07,0.2061199298748062,0.41229833364486695,0.009473726009887853,0.0
3657,323,-24.053719,880.7019,-0.011154976,3.6805131,0.7394601,5.8174135e-07,3.754061698913574,-5.912216807243643e-05,-7.152556980326968e-07,0.20528316466030333,0.4122969150543213,0.00838256654774676,0.0
3658,323,-23.869747,880.73895,-0.01115509,3.680513,0.7395822,3.147125e-07,3.7540853023529053,-4.527373853134705e-05,-9.536742640435957e-07,0.20453696356761994,0.41229573488235477,0.00739089863267546,0.0
3659,323,-23.685774,880.77594,-0.011154976,3.680487,0.73982006,-2.3460389e-06,3.7541067600250244,-3.408846195301425e-05,-9.536742640435957e-07,0.20387648297252348,0.4122946619987488,0.006490682390892999,0.0
3660,323,-23.501797,880.81287,-0.011155052,3.6804433,0.74012023,-1.4543533e-06,3.7541232109069824,-2.4501079996898325e-05,-9.536742640435957e-07,0.20329378332601414,0.4122938394546509,0.005668153542967502,0.0
3661,323,-23.31783,880.84985,-0.011155052,3.6803865,0.74047405,-1.4162064e-06,3.7541372776031494,-1.7576865226353636e-05,-9.536742640435957e-07,0.2027824397519621,0.41229313611984253,0.004956278126392938,0.0
3662,323,-23.13386,880.8867,-0.011154976,3.6803353,0.7407958,4.3869017e-07,3.754150390625,-1.1717906764517982e-05,-1.0728835470490452e-06,0.20233557796580362,0.41229248046875,0.004277750809739448,0.0
3663,324,-22.949883,880.92365,-0.01115509,3.6802661,0.74119323,-9.059906e-07,3.7541613578796387,-7.4568505442642005e-06,-1.0728835470490452e-06,0.2019462071696772,0.4122919321060181,0.00951058402031706,0.0
3664,324,-22.765842,880.9605,-0.011155052,3.6824858,0.72979814,-1.2683868e-06,3.75410532951355,-3.1425298831104344e-05,-9.536742640435957e-07,0.20138536208886335,0.41229473352432255,0.008918798477365219,0.0
3665,324,-22.581753,880.9973,-0.011154976,3.683268,0.72583157,-2.2172928e-06,3.754103660583496,-4.740426740341044e-05,-9.536742640435957e-07,0.20069398882512196,0.4122948169708252,0.008147859627059193,0.0
3666,324,-22.397636,881.03357,-0.011154976,3.683579,0.72431535,-2.0503996e-06,3.7541160583496094,-4.793689555776496e-05,-9.536742640435957e-07,0.20000797517307436,0.4122941970825196,0.007242606166039374,0.0
3667,324,-22.21351,881.06976,-0.011155014,3.6836696,0.7239366,-1.5735626e-06,3.75413179397583,-4.101268078722027e-05,-9.536742640435957e-07,0.1993741261888787,0.41229341030120853,0.006387605179168959,0.0
3668,324,-22.029377,881.1059,-0.0111551285,3.6836746,0.7239866,-1.940727e-06,3.7541463375091553,-3.249056123530538e-05,-9.536742640435957e-07,0.19880580761225577,0.41229268312454226,0.005598152893234796,0.0
3669,324,-21.845242,881.1421,-0.011155052,3.6836429,0.72421944,-1.5830993e-06,3.754160165786743,-2.4501079996898325e-05,-9.536742640435957e-07,0.19830356872018046,0.4122919917106629,0.004910623400797218,0.0
3670,324,-21.661098,881.17816,-0.011155014,3.6836047,0.7244709,-2.002716e-06,3.754171371459961,-1.757685913086164e-05,-9.536742640435957e-07,0.1978614506897137,0.412291431427002,0.004259089733515961,0.0
3671,324,-21.47695,881.2143,-0.01115509,3.6835485,0.724805,-3.9100647e-07,3.754180431365967,-1.2250539998449162e-05,-9.536742640435957e-07,0.1974758249638702,0.4122909784317017,0.003695332281489004,0.0
3672,324,-21.292799,881.25037,-0.01115509,3.6834936,0.7251235,-2.07901e-06,3.754188299179077,-7.989483270237714e-06,-1.0728835470490452e-06,0.19714026666652024,0.41229058504104615,0.0031691941271640295,0.0
3673,324,-21.108643,881.2864,-0.0111551285,3.683431,0.72548324,-1.1110305e-06,3.7541961669921875,-4.793689454184962e-06,-1.0728835470490452e-06,0.19684996546294478,0.41229019165039066,0.0026693720744246684,0.0
3674,325,-20.924486,881.3225,-0.011155052,3.6833534,0.72591406,5.2928925e-07,3.7542035579681396,-2.130528745073974e-06,-1.0728835470490452e-06,0.19660282411378543,0.41228982210159304,0.00581885876013861,0.0
3675,325,-20.740305,881.3586,-0.01115509,3.6846733,0.7190741,3.7670134e-07,3.7541823387145996,-1.6511595710745278e-05,-9.536742640435957e-07,0.19625554790763908,0.41229088306427003,0.005421633826414414,0.0
3676,325,-20.556091,881.39465,-0.011155167,3.685125,0.716755,-1.1491775e-06,3.7541823387145996,-2.6631608868961715e-05,-9.536742640435957e-07,0.19583267121604814,0.41229088306427003,0.004927892342472441,0.0
3677,325,-20.371864,881.4308,-0.011155052,3.6852968,0.71591,2.479553e-07,3.7541897296905518,-2.7164241086977563e-05,-9.536742640435957e-07,0.1954155868998281,0.4122905135154724,0.004462597225870968,0.0
3678,325,-20.18763,881.46686,-0.0111551285,3.6853771,0.7155353,1.0871887e-06,3.754196882247925,-2.3968449810713143e-05,-9.536742640435957e-07,0.19502784728986938,0.41229015588760376,0.004024976440780589,0.0
3679,325,-20.003393,881.5029,-0.01115509,3.6854198,0.7153473,2.555847e-06,3.7542030811309814,-1.9174759848570515e-05,-9.536742640435957e-07,0.19467471212932486,0.41228984594345097,0.003638924506406953,0.0
3680,325,-19.819145,881.53906,-0.011155052,3.6854525,0.71520734,1.1920929e-06,3.7542083263397217,-1.5446333306544248e-05,-9.536742640435957e-07,0.19435513279851535,0.41228958368301394,0.0033221850672148726,0.0
3681,325,-19.634892,881.5751,-0.0111551285,3.6854937,0.7150256,3.2663345e-06,3.754214286804199,-1.2250541014364496e-05,-9.536742640435957e-07,0.19406484823969672,0.41228928565979006,0.003013794621016037,0.0
3682,325,-19.450636,881.61115,-0.0111551285,3.6855264,0.7148846,1.5115737e-06,3.7542195320129395,-1.0120011126385772e-05,-1.0728835470490452e-06,0.19380116200226524,0.412289023399353,0.0027682070569737777,0.0
3683,325,-19.266378,881.64716,-0.011155167,3.6855679,0.7146932,5.531311e-07,3.7542238235473633,-8.522114980295896e-06,-1.0728835470490452e-06,0.1935598962522609,0.41228880882263186,0.0025406399211688135,0.0
3684,325,-19.082119,881.68317,-0.011154899,3.6856081,0.71450424,-1.14440915e-07,3.75422739982605,-6.924217818290686e-06,-1.0728835470490452e-06,0.19333940315875914,0.41228863000869753,0.002350058874882925,0.0
3685,326,-18.897858,881.7192,-0.011155014,3.6856532,0.7142898,1.578331e-06,3.7542309761047363,-6.391586616190172e-06,-9.536742640435957e-07,0.19313592100672028,0.4122884511947632,0.0038442132587877117,0.0
3686,326,-18.713573,881.7551,-0.011155052,3.686344,0.7106905,-3.814697e-07,3.754225969314575,-1.3315803418565526e-05,-9.536742640435957e-07,0.19288346998013758,0.4122887015342713,0.0036298098602275133,0.0
3687,326,-18.529272,881.79047,-0.011155052,3.6866095,0.709309,-2.7036667e-06,3.754225492477417,-1.8109491348877488e-05,-9.536742640435957e-07,0.1925958319376522,0.41228872537612915,0.003218271688690626,0.0
3688,326,-18.344963,881.8257,-0.01115509,3.6866794,0.7089598,2.8610229e-08,3.754228115081787,-1.7576865226353636e-05,-9.536742640435957e-07,0.19231834719682275,0.4122885942459107,0.002784008048070009,0.0
3689,326,-18.160645,881.861,-0.011154976,3.686669,0.7090373,-1.001358e-06,3.75423264503479,-1.3848436652496706e-05,-9.536742640435957e-07,0.19206855933133013,0.4122883677482605,0.00241431452095292,0.0
3690,326,-17.976332,881.89624,-0.011154938,3.6866407,0.7092035,-1.988411e-06,3.7542362213134766,-1.0652644360316952e-05,-9.536742640435957e-07,0.19185014683243,0.41228818893432617,0.0020467882742873584,0.0
3691,326,-17.792023,881.93146,-0.011154938,3.6865914,0.7094737,-1.5926361e-06,3.7542388439178467,-6.924218326248353e-06,-9.536742640435957e-07,0.1916616116720092,0.4122880578041077,0.0017115739414306395,0.0
3692,326,-17.607708,881.9667,-0.011155052,3.6865332,0.7097878,-1.6117095e-06,3.7542409896850586,-4.261057490147948e-06,-9.536742640435957e-07,0.19150182200660446,0.41228795051574707,0.001405619291187562,0.0
3693,326,-17.423393,882.00183,-0.011154899,3.6864705,0.71012795,-1.7786026e-06,3.754243850708008,-2.1305288720633906e-06,-9.536742640435957e-07,0.19136864730734368,0.41228780746459964,0.0011046824607061528,0.0
3694,326,-17.239079,882.0371,-0.011155052,3.686396,0.710531,-1.46389e-06,3.754246711730957,-7.105426967468826e-15,-9.536742640435957e-07,0.19126052296708648,0.41228766441345216,0.0008669374282232533,0.0
3695,326,-17.054773,882.07227,-0.011154938,3.686328,0.7108877,-1.5497208e-06,3.7542476654052734,1.4276738175513984e-06,-9.536742640435957e-07,0.1911747691799859,0.41228761672973635,0.0006033060755558283,0.0
3696,327,-16.870464,882.1083,-0.011155014,3.686244,0.71133643,-8.6307523e-07,3.7542502880096436,2.70657546989099e-06,-9.536742640435957e-07,0.1911103040368492,0.41228748559951783,0.0018179352157338654,0.0
3697,327,-16.686144,882.1435,-0.01115509,3.6867175,0.7088634,-2.4032593e-06,3.7542471885681152,-3.195793308095086e-06,-9.536742640435957e-07,0.19101016917986222,0.4122876405715943,0.0016415351709922696,0.0
3698,327,-16.501816,882.1787,-0.011155052,3.6868527,0.7081545,-1.5211104e-06,3.754246473312378,-6.924218326248353e-06,-9.536742640435957e-07,0.1908818214600772,0.4122876763343811,0.0014242922964474345,0.0
3699,327,-16.317488,882.214,-0.011154976,3.6868782,0.7080323,-2.7608871e-06,3.7542483806610107,-6.924217818290686e-06,-9.536742640435957e-07,0.19075825078549752,0.4122875809669495,0.0012259874524180377,0.0
3700,327,-16.133158,882.24915,-0.011154976,3.6868694,0.70808583,-7.009506e-07,3.7542498111724854,-5.858953890216658e-06,-9.536742640435957e-07,0.19064747992890704,0.41228750944137577,0.0010071814820290066,0.0
3701,327,-15.948827,882.28436,-0.011155052,3.6868334,0.7082775,-1.4972686e-06,3.7542505264282227,-4.261057490147948e-06,-9.536742640435957e-07,0.19055318738156143,0.41228747367858887,0.0008216166344224737,0.0
3702,327,-15.764494,882.3195,-0.011155052,3.686796,0.70848954,-1.2350082e-06,3.75425386428833,-2.130528745073974e-06,-9.536742640435957e-07,0.1904748904455131,0.4122873067855835,0.0006328103825572691,0.0
3703,327,-15.580162,882.3547,-0.011155014,3.6867473,0.7087554,-1.8787383e-06,3.754256248474121,-1.0652642455475704e-06,-9.536742640435957e-07,0.19041257247600524,0.41228718757629396,0.00045706706906363737,0.0
3704,327,-15.395827,882.3899,-0.011155014,3.6866908,0.70905006,2.2935867e-06,3.7542564868927,4.48527286136417e-07,-9.536742640435957e-07,0.1903646355763838,0.412287175655365,0.00031136812845111185,0.0
3705,327,-15.211496,882.42505,-0.011155014,3.6866374,0.7093297,-1.0490418e-06,3.7542567253112793,1.44358076585393e-06,-9.536742640435957e-07,0.19032999783745597,0.4122871637344361,0.00015337647621080307,0.0
3706,327,-15.027172,882.4602,-0.011154976,3.686574,0.7096619,-2.5224685e-06,3.7542574405670166,2.3313357126647976e-06,-9.536742640435957e-07,0.1903081599165173,0.4122871279716492,5.173258769461235e-07,0.0
3707,328,-14.842846,882.49536,-0.0111551285,3.6865032,0.7100321,-2.5939942e-06,3.7542576789855957,3.152834058352439e-06,-9.536742640435957e-07,0.19029912181356787,0.4122871160507202,0.0008775485309932845,0.0
3708,328,-14.658514,882.5305,-0.011154976,3.6868243,0.7083525,-6.961822e-07,3.754255771636963,-1.065264372536987e-06,-9.536742640435957e-07,0.1902629194674996,0.4122872114181519,0.0007740914029023359,0.0
3709,328,-14.474177,882.56573,-0.011155052,3.6869073,0.7079158,9.536743e-09,3.7542548179626465,-3.7284252721321002e-06,-9.536742640435957e-07,0.19020482926622226,0.4122872591018677,0.0006532247819330339,0.0
3710,328,-14.289831,882.6009,-0.011155052,3.6869183,0.70786476,-7.534027e-07,3.754256248474121,-3.7284252721321002e-06,-9.536742640435957e-07,0.19014783761889456,0.41228718757629396,0.0005134083345793166,0.0
3711,328,-14.105484,882.63605,-0.011155052,3.6868956,0.7079886,-4.673004e-07,3.7542572021484375,-3.1957930541162527e-06,-9.536742640435957e-07,0.1900988354548371,0.41228713989257815,0.000378756157047909,0.0
3712,328,-13.921149,882.6712,-0.0111551285,3.6868565,0.7081834,-1.4305114e-08,3.754255533218384,-1.597896654047543e-06,-1.0728835470490452e-06,0.19006051922465358,0.41228722333908085,0.00025288157671847944,0.0
3713,328,-13.736814,882.70636,-0.0111551285,3.6868136,0.70841134,-1.1682511e-06,3.754256248474121,-5.326322180158476e-07,-9.536742640435957e-07,0.19003227307234194,0.41228718757629396,0.0001334933788041519,0.0
3714,328,-13.552477,882.74164,-0.011155014,3.6867669,0.7086635,-1.0824203e-06,3.754258155822754,5.27728140725471e-07,-9.536742640435957e-07,0.1900141802216862,0.41228709220886234,5.86863166275576e-05,0.0
3715,328,-13.368138,882.7768,-0.01115509,3.6867316,0.70885766,-1.9073486e-08,3.7542600631713867,1.248760460330024e-06,-9.536742640435957e-07,0.1900045595522483,0.41228699684143066,-5.088756293765667e-05,0.0
3716,328,-13.183801,882.81195,-0.0111551285,3.6866815,0.70912266,-1.783371e-06,3.754261016845703,1.9000030792626212e-06,-1.0728835470490452e-06,0.19000244566813304,0.41228694915771485,-0.00016043805830098245,0.0
3717,328,-12.999469,882.8471,-0.011154976,3.686623,0.7094303,1.0585785e-06,3.7542617321014404,2.5628889768353023e-06,-1.0728835470490452e-06,0.19000885389950603,0.412286913394928,-0.00026988087299766793,0.0
3718,328,-12.815142,882.88226,-0.01115509,3.6865582,0.70977336,7.486343e-07,3.754262924194336,3.2208437483718704e-06,-9.536742640435957e-07,0.1900248162212897,0.41228685379028324,-0.000379825149331456,0.0
3719,329,-12.630814,882.9173,-0.01115509,3.686487,0.7101512,6.29425e-07,3.7542643547058105,3.860541505462251e-06,-9.536742640435957e-07,0.19004933394807524,0.4122867822647095,0.0007057961677781894,0.0
3720,329,-12.446479,882.95245,-0.0111551285,3.6868718,0.7081317,-6.6280364e-07,3.754260778427124,-1.065264372536987e-06,-1.0728835470490452e-06,0.19003655077484286,0.4122869610786438,0.0006369820024004594,0.0
3721,329,-12.262134,882.98773,-0.011154976,3.6869807,0.7075695,2.8467177e-06,3.7542617321014404,-4.793690470100295e-06,-9.536742640435957e-07,0.18999392355264477,0.412286913394928,0.0005570493810285379,0.0
3722,329,-12.077786,883.0229,-0.011155014,3.6870067,0.70742804,-2.4318695e-07,3.754260778427124,-5.326322180158476e-06,-9.536742640435957e-07,0.18994761783919104,0.4122869610786438,0.0004362230395595906,0.0
3723,329,-11.893438,883.05804,-0.011154976,3.6869924,0.7075085,9.584427e-07,3.7542617321014404,-4.2610569821902815e-06,-9.536742640435957e-07,0.18990655522413338,0.412286913394928,0.0003171688210561441,0.0
3724,329,-11.709091,883.0932,-0.011155052,3.686961,0.7076763,9.346008e-07,3.7542624473571777,-2.663160836100405e-06,-9.536742640435957e-07,0.1898740813035912,0.4122868776321411,0.00020371774424286313,0.0
3725,329,-11.524742,883.12836,-0.011155014,3.6869218,0.70788497,3.1900406e-06,3.754263401031494,-1.597896654047543e-06,-9.536742640435957e-07,0.1898506288412417,0.4122868299484253,9.5477576984573e-05,0.0
3726,329,-11.3404,883.1636,-0.011155052,3.686877,0.7081196,1.1253356e-06,3.7542636394500732,0.0,-9.536742640435957e-07,0.18983679704833012,0.41228681802749634,1.3119250042911527e-05,0.0
3727,329,-11.156063,883.1987,-0.011155052,3.6868362,0.7083324,4.7206876e-07,3.7542636394500732,7.197699178141021e-07,-9.536742640435957e-07,0.18983040546171392,0.41228681802749634,-8.693011552033689e-05,0.0
3728,329,-10.9717245,883.2339,-0.011154976,3.6867874,0.7085934,2.7704239e-06,3.754265069961548,7.197699178141021e-07,-9.536742640435957e-07,0.18983040546171392,0.41228674650192265,-0.0001885272298758176,0.0
3729,329,-10.787385,883.26904,-0.011155014,3.6867309,0.7088918,1.2207031e-06,3.754265785217285,2.2440508070568556e-06,-9.536742640435957e-07,0.18984105810607424,0.41228671073913575,-0.0002876889036637245,0.0
3730,330,-10.603046,883.30414,-0.011155014,3.686669,0.70921767,3.2663345e-06,3.7542667388916016,2.9486744431738785e-06,-9.536742640435957e-07,0.18985863496926875,0.41228666305541994,0.0006105079679721565,0.0
3731,330,-10.418705,883.3393,-0.01115509,3.6869879,0.7075449,1.9359588e-06,3.7542641162872314,-1.0652644360316953e-06,-9.536742640435957e-07,0.18984585179603639,0.41228679418563846,0.000547419399665821,0.0
3732,330,-10.234356,883.3745,-0.011155052,3.6870742,0.7070858,6.341934e-07,3.7542624473571777,-3.728425018153267e-06,-9.536742640435957e-07,0.18980855089601845,0.4122868776321411,0.00046439462344347195,0.0
3733,330,-10.050003,883.40967,-0.01115509,3.6870883,0.7070002,-3.33786e-07,3.7542600631713867,-4.261057490147948e-06,-9.536742640435957e-07,0.1897691527566421,0.41228699684143066,0.0003587519910069505,0.0
3734,330,-9.865651,883.4448,-0.01115509,3.687072,0.70708585,1.7929077e-06,3.754260301589966,-3.195793308095086e-06,-9.536742640435957e-07,0.18973508093944588,0.41228698492050175,0.00025563808167335616,0.0
3735,330,-9.681303,883.48,-0.011155052,3.6870427,0.7072401,1.9025803e-06,3.754260540008545,-2.1305288720633906e-06,-9.536742640435957e-07,0.1897084326837883,0.4122869729995728,0.00015738689953891458,0.0
3736,330,-9.496954,883.51514,-0.011154976,3.6870086,0.7074277,3.6811828e-06,3.7542624473571777,-1.0652644360316953e-06,-9.536742640435957e-07,0.18968979055615773,0.4122868776321411,6.380260557571332e-05,0.0
3737,330,-9.312604,883.5503,-0.0111551285,3.6869683,0.7076363,9.918213e-07,3.7542622089385986,-7.105426967468826e-15,-9.536742640435957e-07,0.18967912126704062,0.4122868895530701,-2.6002539681638394e-05,0.0
3738,330,-9.128259,883.58545,-0.011155052,3.6869256,0.7078639,1.783371e-06,3.754263162612915,8.810717477938822e-07,-9.536742640435957e-07,0.18967594211848932,0.41228684186935427,-0.00011329590028832118,0.0
3739,330,-8.943914,883.6206,-0.011155052,3.6868787,0.7081111,9.965896e-07,3.7542636394500732,1.6092733819021772e-06,-9.536742640435957e-07,0.18967967054401544,0.41228681802749634,-0.00020027994955851234,0.0
3740,330,-8.75957,883.65576,-0.011155014,3.6868277,0.7083817,1.6927719e-06,3.7542645931243896,2.252973845403886e-06,-9.536742640435957e-07,0.18969085582059378,0.41228677034378053,-0.0002877803133099353,0.0
