tick,waypoint_idx,loc_x,loc_y,loc_z,vel_x,vel_y,vel_z,speed,roll,pitch,yaw,throttle,steer,brake
684,0,-283.66833,393.28918,-0.011110687,0.5434412,1.5998319,-2.1171569e-05,1.689612627029419,-0.00024341293988788769,9.799003215435247e-05,1.5976564369172177,0.0,0.0,0.0
685,0,-283.64932,393.37183,-0.011127128,0.41945395,1.6409097,-1.4190674e-05,1.6936724185943604,-6.92421731033302e-06,6.079673382482156e-05,1.5825701619741368,0.0,0.0,0.0
686,0,-283.63852,393.45676,-0.011151962,0.16230795,1.6644295,-1.0232925e-05,1.672324538230896,0.0007392289551547648,3.2186506411471357e-06,1.5744360690567079,0.0,0.0,0.0
687,0,-283.63593,393.54175,-0.011157913,0.03037534,1.6559837,-1.019001e-05,1.6562622785568237,0.001324403403924153,-1.037120736749527e-05,1.5725739868225246,0.0,0.0,0.0
688,0,-283.63547,393.62643,-0.0111561585,0.0034809741,1.6498615,-8.649826e-06,1.6498651504516602,0.0013335508681273575,-5.3644179892240595e-06,1.572216856920345,0.0,0.0,0.0
689,0,-283.63547,393.71085,-0.011152725,-0.002502413,1.6437318,-3.3473968e-06,1.6437337398529053,0.0011190916290074828,3.814697056174383e-06,1.5720927536135472,0.0,0.0,0.0
690,0,-283.6356,393.79495,-0.011149254,-0.0036020768,1.6375728,-1.5830993e-06,1.637576699256897,0.0008777463612781861,1.2278555895582462e-05,1.5720032714009204,0.0,0.0,0.0
691,0,-283.63574,393.87875,-0.0111463545,-0.0034668136,1.6314203,1.4305114e-07,1.6314239501953125,0.0006700491196321722,1.9192694817856196e-05,1.5719179170879836,0.0,0.0,0.0
692,0,-283.63593,393.96222,-0.011144065,-0.003052591,1.6252825,-2.5749207e-06,1.6252853870391846,0.0005057114369747201,2.4557111791164923e-05,1.5718328290911554,0.0,0.0,0.0
693,0,-283.63608,394.04538,-0.011142502,-0.0026199534,1.619166,-6.341934e-07,1.6191681623458862,0.0003797805228752445,2.8848646995276438e-05,1.5717474747782183,0.0,0.0,0.0
694,0,-283.6363,394.1282,-0.011141204,-0.002233245,1.6130712,-5.197525e-07,1.6130727529525757,0.00028449839272222887,3.147125071343866e-05,1.571661720991118,0.0,0.0,0.0
695,0,-283.63647,394.2108,-0.011140403,-0.0018990687,1.6070007,-1.373291e-06,1.6070019006729126,0.0002128073932979927,3.3497808778510135e-05,1.5715766329942897,0.0,0.0,0.0
696,0,-283.63647,394.29303,-0.011139793,-0.0016106932,1.6009535,-2.4318695e-06,1.600954294204712,0.00015897995650252525,3.5166738232628756e-05,1.5714908792071893,0.0,0.0,0.0
697,0,-283.6365,394.37494,-0.011139335,-0.0013582596,1.5949303,-2.951622e-06,1.59493088722229,0.00011859578595877147,3.6239622033656635e-05,1.5714045927878706,0.0,0.0,0.0
698,0,-283.63654,394.45663,-0.011139182,-0.0011336007,1.5889331,-2.1600722e-06,1.5889334678649902,8.833860080016329e-05,3.6835667686747385e-05,1.5713188390007702,0.0,0.0,0.0
699,0,-283.63657,394.53802,-0.011138878,-0.0009306508,1.5829571,-2.1219253e-06,1.58295738697052,6.563101976366386e-05,3.7312505834684514e-05,1.571232419423397,0.0,0.0,0.0
700,0,-283.6366,394.61908,-0.011138763,-0.000743464,1.577006,-3.2806395e-06,1.5770061016082764,4.8631830409352835e-05,3.778934398262165e-05,1.5711458666879694,0.0,0.0,0.0
701,1,-283.63663,394.69983,-0.011138725,-0.0005685663,1.5710773,-3.2901762e-06,1.5710774660110474,3.5879983942175464e-05,3.778934398262165e-05,1.5710587813203238,0.0,0.0,0.0
702,1,-283.63666,394.7803,-0.011138763,-0.00040300004,1.5651727,-1.0490418e-06,1.565172791481018,2.6329806837378235e-05,3.778934398262165e-05,1.5709718291107329,0.0,0.0,0.0
703,1,-283.6367,394.86053,-0.011138763,-0.0002448089,1.5592887,-7.534027e-07,1.559288740158081,1.9179349754044215e-05,3.778934398262165e-05,1.5708852763753052,0.0,0.0,0.0
704,1,-283.63672,394.94043,-0.011138801,-9.293271e-05,1.5534322,-8.678436e-07,1.5534322261810303,1.380329343876732e-05,3.778934398262165e-05,1.5707983241657142,0.0,0.0,0.0
705,1,-283.63675,395.02,-0.011138801,5.5515975e-05,1.5475979,-1.4877319e-06,1.547597885131836,9.799453265927688e-06,3.778934398262165e-05,1.570711105640014,0.0,0.0,0.0
706,1,-283.63678,395.09927,-0.011138687,0.00020038181,1.5417863,-1.4448166e-06,1.5417863130569458,6.779774976269711e-06,3.778934398262165e-05,1.570622555533769,0.0,0.0,0.0
707,1,-283.63684,395.17834,-0.011138763,0.00034176724,1.5359993,-3.1900406e-06,1.5359992980957031,4.514183716410979e-06,3.778934398262165e-05,1.5705353370080688,0.0,0.0,0.0
708,1,-283.63687,395.25705,-0.011138763,0.0004814258,1.5302315,-1.1062622e-06,1.5302314758300781,2.821899892663719e-06,3.778934398262165e-05,1.5704473195340418,0.0,0.0,0.0
709,1,-283.6369,395.3355,-0.011138916,0.0006186588,1.5244889,-2.3269654e-06,1.5244890451431274,1.5640633717396582e-06,3.7312505834684514e-05,1.570359967850287,0.0,0.0,0.0
710,1,-283.63693,395.41367,-0.011138878,0.0007542406,1.5187672,-2.4604797e-06,1.5187673568725586,6.119516489726547e-07,3.7312505834684514e-05,1.570271684060151,0.0,0.0,0.0
711,1,-283.63696,395.49155,-0.011138992,0.0008890367,1.5130707,-2.0742416e-06,1.5130709409713745,0.0,3.7312505834684514e-05,1.570183666586124,0.0,0.0,0.0
712,1,-283.637,395.56912,-0.011139069,0.0010225436,1.5073944,-1.4162064e-06,1.507394790649414,-5.326327894682224e-07,3.7312505834684514e-05,1.5700947170057151,0.0,0.0,0.0
713,1,-283.63705,395.64642,-0.011139069,0.0011551369,1.501743,-1.7356872e-06,1.5017434358596802,-1.0652638010846123e-06,3.6835667686747385e-05,1.570005900583361,0.0,0.0,0.0
714,1,-283.6371,395.7235,-0.011139182,0.0012868735,1.496113,-6.67572e-08,1.4961135387420654,-1.597896654047543e-06,3.6835667686747385e-05,1.569916817844898,0.0,0.0,0.0
715,1,-283.63712,395.80026,-0.011139259,0.0014178188,1.4905069,-2.5844574e-06,1.4905074834823608,-1.597896654047543e-06,3.6835667686747385e-05,1.5698274687903258,0.0,0.0,0.0
716,1,-283.63718,395.87668,-0.011139297,0.001547787,1.4849186,-1.7881393e-06,1.4849194288253784,-1.597896654047543e-06,3.6835667686747385e-05,1.569737986577699,0.0,0.0,0.0
717,1,-283.6372,395.95285,-0.011139297,0.0016767774,1.4793562,-8.869171e-07,1.479357123374939,-1.597896654047543e-06,3.6239622033656635e-05,1.5696478385747998,0.0,0.0,0.0
718,1,-283.63724,396.02878,-0.011139335,0.0018052289,1.4738133,-4.339218e-07,1.4738143682479858,-2.130529380021057e-06,3.6239622033656635e-05,1.5695584895202277,0.0,0.0,0.0
719,1,-283.6372,396.1044,-0.011139488,0.0019326925,1.4682934,9.536743e-09,1.4682947397232056,-2.1305276021692246e-06,3.6239622033656635e-05,1.569468474675383,0.0,0.0,0.0
720,1,-283.63705,396.1798,-0.0111394115,0.002059633,1.4627964,-2.3603438e-06,1.4627978801727295,-2.130529380021057e-06,3.6239622033656635e-05,1.5693776608822114,0.0,0.0,0.0
721,1,-283.6369,396.25494,-0.011139564,0.0021861987,1.4573184,-3.1948088e-07,1.457319974899292,-2.1305276021692246e-06,3.6239622033656635e-05,1.5692875128793122,0.0,0.0,0.0
722,1,-283.63672,396.32974,-0.011139526,0.0023117957,1.4518664,-6.866455e-07,1.4518681764602661,-2.130529380021057e-06,3.5762783885719506e-05,1.569196299611977,0.0,0.0,0.0
723,1,-283.63657,396.4043,-0.011139679,0.0024367676,1.4464351,-6.151199e-07,1.446437120437622,-2.1305276021692246e-06,3.5762783885719506e-05,1.5691056189768597,0.0,0.0,0.0
724,1,-283.6364,396.47858,-0.011139717,0.0025614132,1.4410232,-3.9577483e-07,1.4410254955291748,-2.130529380021057e-06,3.5762783885719506e-05,1.5690145388675791,0.0,0.0,0.0
725,1,-283.63626,396.5526,-0.011139717,0.0026846747,1.4356331,-3.147125e-07,1.4356355667114258,-2.130529380021057e-06,3.5166738232628756e-05,1.5689235919163529,0.0,0.0,0.0
726,1,-283.6361,396.6263,-0.0111398315,0.002807644,1.4302636,-4.3869017e-07,1.4302663803100586,-2.130529380021057e-06,3.5166738232628756e-05,1.5688318460167996,0.0,0.0,0.0
727,1,-283.63596,396.69983,-0.01113987,0.00292999,1.4249188,-6.67572e-07,1.4249218702316284,-2.130529380021057e-06,3.5166738232628756e-05,1.5687403664333555,0.0,0.0,0.0
728,1,-283.6358,396.77307,-0.011139946,0.0030508935,1.4195957,-2.6273726e-06,1.4195990562438965,-2.1305276021692246e-06,3.5166738232628756e-05,1.5686486205338022,0.0,0.0,0.0
729,1,-283.63565,396.84598,-0.011139984,0.003171268,1.4142921,-8.535385e-07,1.4142956733703613,-2.130529380021057e-06,3.5166738232628756e-05,1.568557140950358,0.0,0.0,0.0
730,1,-283.63547,396.91867,-0.011140098,0.003291479,1.4090104,-1.4495849e-06,1.4090142250061035,-2.1305276021692246e-06,3.468990008469163e-05,1.5684643297863687,0.0,0.0,0.0
731,1,-283.6353,396.99112,-0.011140022,0.0034106579,1.4037495,-1.3923644e-06,1.403753638267517,-2.130529380021057e-06,3.468990008469163e-05,1.5683723175707065,0.0,0.0,0.0
732,1,-283.63516,397.06323,-0.011140098,0.0035294886,1.3985083,-1.8167495e-06,1.3985127210617065,-2.130529380021057e-06,3.468990008469163e-05,1.5682796395647718,0.0,0.0,0.0
733,1,-283.635,397.13516,-0.011140098,0.003647826,1.3932887,-4.4345856e-07,1.3932934999465942,-2.1305276021692246e-06,3.468990008469163e-05,1.5681868284007825,0.0,0.0,0.0
734,1,-283.63486,397.20682,-0.011140251,0.0037650317,1.38809,-6.008148e-07,1.3880951404571533,-2.130529380021057e-06,3.409385443160088e-05,1.5680942835529021,0.0,0.0,0.0
735,1,-283.63467,397.27817,-0.011140289,0.0036486338,1.3831459,-1.3494491e-06,1.3831506967544556,-1.597896654047543e-06,3.409385443160088e-05,1.5680542029784965,0.0,0.0,0.0
736,1,-283.6345,397.34933,-0.0111404415,0.0036136135,1.3780531,-6.866455e-07,1.378057837486267,-1.597896654047543e-06,3.409385443160088e-05,1.5680542029784965,0.0,0.0,0.0
737,1,-283.63428,397.42023,-0.0111404415,0.0035874534,1.3729618,-1.3780593e-06,1.3729664087295532,-1.0652638010846123e-06,3.3497808778510135e-05,1.5680621924617668,0.0,0.0,0.0
738,1,-283.6341,397.4908,-0.011140556,0.0035618788,1.3678799,-7.8201293e-07,1.3678845167160034,-5.326327894682224e-07,3.3497808778510135e-05,1.568070181945037,0.0,0.0,0.0
739,1,-283.6339,397.5612,-0.011140632,0.0035367995,1.3628129,-5.2452087e-08,1.362817406654358,-5.326327894682224e-07,3.3497808778510135e-05,1.5680777719541437,0.0,0.0,0.0
740,1,-283.6337,397.63132,-0.011140671,0.0035119744,1.3577615,-2.9563904e-07,1.357766032218933,0.0,3.3497808778510135e-05,1.5680850956471415,0.0,0.0,0.0
741,1,-283.63348,397.70117,-0.011140709,0.0034872335,1.3527287,-2.7179718e-07,1.3527332544326782,0.0,3.3020970630573006e-05,1.5680925524981937,0.0,0.0,0.0
742,1,-283.6333,397.77084,-0.011140671,0.003462811,1.3477163,-1.0204315e-06,1.347720742225647,0.0,3.3020970630573006e-05,1.568100541981464,0.0,0.0,0.0
743,1,-283.6331,397.84018,-0.011140709,0.0034379964,1.3427205,-1.1205673e-06,1.3427249193191528,0.0,3.3020970630573006e-05,1.568108531464734,0.0,0.0,0.0
744,1,-283.6329,397.9093,-0.011140709,0.0034132404,1.3377441,-2.0503997e-07,1.3377485275268555,4.747561966321687e-10,3.3020970630573006e-05,1.5681165209480044,0.0,0.0,0.0
745,1,-283.63272,397.97824,-0.011140862,0.0033885597,1.33279,-2.093315e-06,1.3327943086624146,4.633147751105614e-08,3.3020970630573006e-05,1.5681245104312747,0.0,0.0,0.0
746,1,-283.6325,398.04678,-0.011140862,0.0033644207,1.3278546,-1.2397766e-07,1.3278589248657227,7.791640426114532e-08,3.3020970630573006e-05,1.5681326330725993,0.0,0.0,0.0
747,1,-283.6323,398.11523,-0.011140938,0.0033404182,1.3229389,-1.2111664e-06,1.322943091392517,8.63074045736398e-08,3.2424924977482256e-05,1.5681400899236515,0.0,0.0,0.0
748,1,-283.6321,398.18338,-0.011140976,0.0033168807,1.318044,1.3828277e-07,1.318048119544983,1.0982511433937957e-07,3.2424924977482256e-05,1.5681474136166493,0.0,0.0,0.0
749,1,-283.6319,398.25125,-0.011140976,0.0032935606,1.3131667,-7.1525574e-07,1.3131709098815918,1.0958137402788709e-07,3.2424924977482256e-05,1.568155003625756,0.0,0.0,0.0
750,1,-283.6317,398.31894,-0.01114109,0.0032700193,1.308312,-1.3828277e-06,1.3083161115646362,1.2049713030025223e-07,3.2424924977482256e-05,1.5681624604768083,0.0,0.0,0.0
751,1,-283.63153,398.38632,-0.01114109,0.0032470971,1.303474,-1.001358e-07,1.3034780025482178,1.3065982345848422e-07,3.194808682954513e-05,1.568170316802024,0.0,0.0,0.0
752,1,-283.63132,398.45346,-0.01114109,0.0032239284,1.2986565,-1.3113022e-06,1.2986605167388916,1.2523377204483778e-07,3.194808682954513e-05,1.5681779068111308,0.0,0.0,0.0
753,1,-283.6311,398.52045,-0.011141128,0.003201138,1.2938577,-1.3399124e-06,1.2938616275787354,1.3020870942967896e-07,3.194808682954513e-05,1.568185363662183,0.0,0.0,0.0
754,1,-283.63092,398.58707,-0.011141204,0.0031782158,1.2890799,-2.3078917e-06,1.2890838384628296,1.2836061657617765e-07,3.194808682954513e-05,1.5681926873551806,0.0,0.0,0.0
755,1,-283.6307,398.6536,-0.011141281,0.003155446,1.2843194,6.67572e-08,1.2843233346939087,1.318348882776664e-07,3.194808682954513e-05,1.5682008099965055,0.0,0.0,0.0
756,1,-283.63052,398.7198,-0.011141319,0.0031324099,1.2795784,-5.626678e-07,1.2795822620391846,1.3620046694693782e-07,3.147125071343866e-05,1.5682086663217212,0.0,0.0,0.0
757,1,-283.63034,398.78577,-0.011141357,0.0031089946,1.2748582,-1.1777878e-06,1.2748620510101318,1.4671603194655554e-07,3.147125071343866e-05,1.5682177210694275,0.0,0.0,0.0
758,1,-283.6301,398.8516,-0.011141433,0.0030855741,1.2701564,-1.3446808e-06,1.2701600790023804,1.389762333624015e-07,3.147125071343866e-05,1.5682257105526975,0.0,0.0,0.0
759,1,-283.6299,398.91702,-0.01114151,0.0030624687,1.2654729,-1.0490418e-06,1.2654765844345093,1.479529564853005e-07,3.147125071343866e-05,1.5682340995101314,0.0,0.0,0.0
760,1,-283.62973,398.98236,-0.01114151,0.0030391172,1.2608095,-1.759529e-06,1.2608132362365723,1.4898431690591925e-07,3.147125071343866e-05,1.5682428879417287,0.0,0.0,0.0
761,1,-283.62952,399.04742,-0.011141548,0.0030162525,1.2561623,-1.2779235e-06,1.256165862083435,1.4896066512707692e-07,3.087520506034791e-05,1.5682512768991623,0.0,0.0,0.0
762,1,-283.62933,399.1122,-0.011141701,0.0029932966,1.251539,-1.2874603e-06,1.251542568206787,1.48598697668727e-07,3.087520506034791e-05,1.568259932172705,0.0,0.0,0.0
763,1,-283.62912,399.17688,-0.011141624,0.002971043,1.24693,-2.6082992e-06,1.2469335794448853,1.4766554768817363e-07,3.087520506034791e-05,1.568268321130139,0.0,0.0,0.0
764,1,-283.6289,399.24115,-0.011141701,0.0029482003,1.2423397,-5.340576e-07,1.2423431873321533,1.4503893034251026e-07,3.087520506034791e-05,1.5682764437714636,0.0,0.0,0.0
765,1,-283.62872,399.30533,-0.011141815,0.0029258593,1.2377675,-8.5830685e-08,1.237770915031433,1.4869327303674212e-07,3.087520506034791e-05,1.5682843000966793,0.0,0.0,0.0
766,1,-283.62854,399.3692,-0.011141815,0.0029040852,1.233216,-8.106232e-08,1.2332195043563843,1.5341264422066966e-07,3.039836691241078e-05,1.5682922895799496,0.0,0.0,0.0
767,1,-283.62833,399.43292,-0.01114193,0.0028823512,1.2286825,-9.346008e-07,1.2286858558654785,1.465623271314346e-07,3.039836691241078e-05,1.5683001459051653,0.0,0.0,0.0
768,1,-283.62814,399.4964,-0.01114193,0.0028604378,1.2241646,-2.5272368e-07,1.2241679430007935,1.4059331659342475e-07,3.039836691241078e-05,1.568308801178708,0.0,0.0,0.0
769,1,-283.62793,399.5596,-0.011141892,0.0028386947,1.2196683,-9.441375e-07,1.219671607017517,1.4058422097646057e-07,3.039836691241078e-05,1.5683173232941963,0.0,0.0,0.0
770,1,-283.62772,399.62268,-0.01114193,0.0028167546,1.2151916,-2.427101e-06,1.2151949405670166,1.4221859064181892e-07,3.039836691241078e-05,1.5683254459355211,0.0,0.0,0.0
771,1,-283.62753,399.6854,-0.01114212,0.0027952092,1.2107292,-4.339218e-07,1.2107324600219727,1.449916426585027e-07,2.9802321259320033e-05,1.5683338348929547,0.0,0.0,0.0
772,1,-283.62735,399.748,-0.011142158,0.0027733438,1.2062869,-1.6450881e-06,1.2062901258468628,1.4461783343705453e-07,2.9802321259320033e-05,1.5683423570084432,0.0,0.0,0.0
773,1,-283.62714,399.8103,-0.011142158,0.0027518899,1.2018622,3.3855437e-07,1.2018654346466064,1.3489896828985021e-07,2.9802321259320033e-05,1.568351012281986,0.0,0.0,0.0
774,1,-283.62695,399.8724,-0.011142196,0.002730478,1.1974568,-6.4849854e-07,1.1974599361419678,1.442922325728843e-07,2.9802321259320033e-05,1.5683588686072016,0.0,0.0,0.0
775,1,-283.62674,399.93433,-0.011142196,0.0027094255,1.1930666,-5.9604645e-07,1.1930696964263916,1.4023134913507484e-07,2.9802321259320033e-05,1.5683680565129623,0.0,0.0,0.0
776,1,-283.62653,399.99597,-0.011142311,0.0026879322,1.1886965,-1.2874602e-07,1.1886996030807495,1.3278167374682753e-07,2.9325483111382904e-05,1.568375912838178,0.0,0.0,0.0
777,1,-283.62634,400.0575,-0.011142311,0.002666841,1.1843439,-6.151199e-07,1.1843469142913818,1.271873692930206e-07,2.9325483111382904e-05,1.5683845681117208,0.0,0.0,0.0
778,1,-283.62616,400.11865,-0.011142311,0.0026458423,1.1800088,-6.151199e-07,1.1800117492675781,1.400876447365114e-07,2.9325483111382904e-05,1.5683929570691546,0.0,0.0,0.0
779,1,-283.62595,400.17975,-0.011142349,0.0026250011,1.175691,-5.769729e-07,1.1756939888000488,1.388552759430871e-07,2.9325483111382904e-05,1.5684014791846428,0.0,0.0,0.0
780,1,-283.62573,400.2405,-0.011142463,0.0026041516,1.1713916,-1.7499923e-06,1.1713944673538208,1.388643715600513e-07,2.9325483111382904e-05,1.5684101344581856,0.0,0.0,0.0
781,1,-283.62555,400.30112,-0.01114254,0.0025829016,1.1671072,-4.2915342e-08,1.1671100854873657,1.3967745304720646e-07,2.8848646995276438e-05,1.5684191892058919,0.0,0.0,0.0
782,1,-283.62534,400.36148,-0.011142578,0.0025618891,1.1628424,1.9073486e-08,1.162845253944397,1.374455664293766e-07,2.8848646995276438e-05,1.5684286434277617,0.0,0.0,0.0
783,1,-283.62515,400.42172,-0.011142616,0.0025404333,1.1585946,2.4318695e-07,1.1585973501205444,1.574817343495271e-07,2.8848646995276438e-05,1.568437698175468,0.0,0.0,0.0
784,1,-283.62497,400.48166,-0.011142616,0.002519215,1.1543655,-9.822845e-07,1.154368281364441,1.5747717860420648e-07,2.8848646995276438e-05,1.5684463534490107,0.0,0.0,0.0
785,1,-283.62473,400.54144,-0.011142731,0.0024988598,1.1501505,9.1075896e-07,1.1501532793045044,1.7192995522353935e-07,2.8252599310355025e-05,1.568455940828935,0.0,0.0,0.0
786,1,-283.62454,400.601,-0.0111426925,0.002478099,1.1459557,4.4822693e-07,1.145958423614502,1.537709924806464e-07,2.8252599310355025e-05,1.5684643297863687,0.0,0.0,0.0
787,1,-283.62436,400.6603,-0.011142807,0.0024578082,1.141778,-6.198883e-07,1.1417806148529053,1.5002659841636587e-07,2.8252599310355025e-05,1.568472851901857,0.0,0.0,0.0
788,1,-283.62415,400.71948,-0.011142807,0.0024374195,1.1376151,5.483627e-07,1.1376177072525024,1.5903241798934406e-07,2.8252599310355025e-05,1.5684819066495632,0.0,0.0,0.0
789,1,-283.62396,400.77838,-0.011142807,0.0024173756,1.1334708,-4.339218e-07,1.13347327709198,1.6288503878392452e-07,2.8252599310355025e-05,1.5684909613972695,0.0,0.0,0.0
790,1,-283.62375,400.8372,-0.011142883,0.0023975107,1.1293395,4.6253203e-07,1.129341959953308,1.5453405601133705e-07,2.8252599310355025e-05,1.5684989508805398,0.0,0.0,0.0
791,1,-283.62354,400.89563,-0.011142845,0.002378187,1.1252288,7.8201293e-07,1.1252312660217285,1.6087778057038838e-07,2.777576319424856e-05,1.568507472996028,0.0,0.0,0.0
792,1,-283.62335,400.954,-0.011142922,0.0023585388,1.1211364,-2.3841856e-08,1.1211389303207397,1.4389205717381394e-07,2.777576319424856e-05,1.5685159951115162,0.0,0.0,0.0
793,1,-283.62317,401.01205,-0.011142959,0.0023389186,1.1170584,8.487701e-07,1.1170607805252075,1.500256936167726e-07,2.777576319424856e-05,1.5685250498592225,0.0,0.0,0.0
794,1,-283.62296,401.07004,-0.011142959,0.0023190996,1.112999,-2.7179718e-07,1.1130013465881348,1.4638316093828478e-07,2.777576319424856e-05,1.5685341046069288,0.0,0.0,0.0
795,1,-283.62277,401.1277,-0.011142997,0.002299434,1.1089543,4.2915342e-08,1.1089566946029663,1.4846499368672108e-07,2.777576319424856e-05,1.5685432925126896,0.0,0.0,0.0
796,1,-283.62256,401.18527,-0.011143188,0.0022793598,1.1049286,-1.1014938e-06,1.1049309968948364,1.5161093425158262e-07,2.717971754115781e-05,1.5685527467345592,0.0,0.0,0.0
797,1,-283.62234,401.2425,-0.011143226,0.002259586,1.1009167,1.0967254e-07,1.1009190082550049,1.425678274111544e-07,2.717971754115781e-05,1.5685623341144836,0.0,0.0,0.0
798,1,-283.62216,401.29968,-0.011143226,0.0022402233,1.0969207,1.3828277e-06,1.0969229936599731,1.6005468279299862e-07,2.717971754115781e-05,1.5685715220202443,0.0,0.0,0.0
799,1,-283.62198,401.3565,-0.011143264,0.002220533,1.0929434,8.487701e-07,1.0929456949234009,1.562648265175742e-07,2.717971754115781e-05,1.5685803104518417,0.0,0.0,0.0
800,1,-283.62177,401.41327,-0.011143264,0.00220108,1.0889803,1.3828277e-06,1.0889825820922852,1.6391003386003605e-07,2.717971754115781e-05,1.5685900309898204,0.0,0.0,0.0
801,1,-283.62155,401.46973,-0.011143303,0.0021815936,1.085036,8.916855e-07,1.085038185119629,1.5749536983813485e-07,2.670287939322068e-05,1.5685985531053086,0.0,0.0,0.0
802,1,-283.62137,401.5261,-0.011143379,0.0021625308,1.0811058,1.1730194e-06,1.0811079740524292,1.6290596029030988e-07,2.670287939322068e-05,1.5686082736432876,0.0,0.0,0.0
803,1,-283.62115,401.58215,-0.011143379,0.0021432862,1.0771931,9.2506406e-07,1.0771952867507935,1.5064141767684956e-07,2.670287939322068e-05,1.5686177278651572,0.0,0.0,0.0
804,1,-283.62097,401.63812,-0.011143532,0.0021240506,1.0732964,1.3446808e-06,1.0732985734939575,1.4477426852463242e-07,2.670287939322068e-05,1.5686267826128635,0.0,0.0,0.0
805,1,-283.6208,401.6938,-0.011143532,0.0021052954,1.0694146,1.3828277e-06,1.0694166421890259,1.5003659883292337e-07,2.670287939322068e-05,1.5686365031508422,0.0,0.0,0.0
806,1,-283.62057,401.74936,-0.01114357,0.0020862392,1.0655502,1.8167495e-06,1.0655522346496582,1.4571105357723605e-07,2.670287939322068e-05,1.5686455578985485,0.0,0.0,0.0
807,1,-283.62036,401.80463,-0.01114357,0.0020674183,1.0617017,1.2254715e-06,1.0617036819458008,1.5483510029707168e-07,2.670287939322068e-05,1.5686548789623638,0.0,0.0,0.0
808,1,-283.62018,401.85986,-0.011143532,0.002048499,1.0578675,1.6975403e-06,1.057869553565979,1.5259227671573687e-07,2.610683374012993e-05,1.5686647326583971,0.0,0.0,0.0
809,1,-283.61996,401.9148,-0.011143684,0.0020296723,1.0540506,1.1348724e-06,1.0540525913238525,1.56024721278132e-07,2.610683374012993e-05,1.5686748526705394,0.0,0.0,0.0
810,1,-283.61978,401.96964,-0.011143608,0.002010643,1.0502479,5.8174135e-07,1.0502498149871826,1.4565738467504419e-07,2.610683374012993e-05,1.5686837742601913,0.0,0.0,0.0
811,1,-283.61957,402.02417,-0.011143608,0.0019925262,1.0464622,3.7193297e-07,1.0464640855789185,1.670732608592327e-07,2.610683374012993e-05,1.5686933616401155,0.0,0.0,0.0
812,1,-283.61935,402.0786,-0.011143684,0.0019741778,1.0426922,4.0531157e-07,1.042694091796875,1.582848154201248e-07,2.610683374012993e-05,1.5687025495458764,0.0,0.0,0.0
813,1,-283.61917,402.13275,-0.011143837,0.0019560496,1.0389371,9.1075896e-07,1.0389388799667358,1.611679037662951e-07,2.5629995592192802e-05,1.5687116042935825,0.0,0.0,0.0
814,1,-283.61908,402.18686,-0.011143875,0.0019377613,1.0351983,1.8167495e-06,1.0352001190185547,1.4641863860654827e-07,2.5629995592192802e-05,1.5687210585154523,0.0,0.0,0.0
815,1,-283.619,402.24066,-0.011143875,0.0019200849,1.0314747,1.7929077e-06,1.0314764976501465,1.5129261940519001e-07,2.5629995592192802e-05,1.568730779053431,0.0,0.0,0.0
816,1,-283.61887,402.29437,-0.011143875,0.0019021662,1.0277673,8.34465e-07,1.0277690887451172,1.5157274218453925e-07,2.5629995592192802e-05,1.568739700643083,0.0,0.0,0.0
817,1,-283.61877,402.3478,-0.011143913,0.0018842625,1.0240729,1.783371e-06,1.024074673652649,1.4449687601774013e-07,2.5629995592192802e-05,1.5687494211810618,0.0,0.0,0.0
818,1,-283.61865,402.40112,-0.011143951,0.001866317,1.0203964,6.67572e-07,1.0203980207443237,1.4384840456185664e-07,2.5629995592192802e-05,1.568759541193204,0.0,0.0,0.0
819,1,-283.61856,402.45422,-0.011143989,0.0018484284,1.0167314,1.5640259e-06,1.0167330503463745,1.4444684218759853e-07,2.5629995592192802e-05,1.5687684627828558,0.0,0.0,0.0
820,1,-283.61844,402.50714,-0.011144027,0.0018305918,1.0130836,2.069473e-06,1.0130852460861206,1.4552550616590192e-07,2.5033949939102056e-05,1.568778582794998,0.0,0.0,0.0
821,1,-283.61835,402.55988,-0.011144065,0.0018123825,1.0094512,1.9550323e-06,1.0094528198242188,1.6217380280888497e-07,2.5033949939102056e-05,1.5687891022813039,0.0,0.0,0.0
822,1,-283.61826,402.61243,-0.011144065,0.001794028,1.005833,1.9216536e-06,1.0058345794677734,1.4447595451135476e-07,2.5033949939102056e-05,1.5687993554515007,0.0,0.0,0.0
823,1,-283.61816,402.66483,-0.0111441035,0.0017764459,1.0022305,1.8787383e-06,1.0022320747375488,1.6518969033746793e-07,2.5033949939102056e-05,1.5688096086216974,0.0,0.0,0.0
824,1,-283.61807,402.71695,-0.011151428,0.0019742586,1.0413115,0.00013545514,1.0413134098052979,1.1812516641907068e-07,2.4557111791164923e-05,1.5688189296855128,0.0,0.0,0.0
825,1,-283.6179,402.76877,-0.011152038,0.0020385117,1.0343505,0.00018969059,1.0343525409698486,-5.326327894682224e-07,2.777576319424856e-05,1.5688213265304938,0.0,0.0,0.0
826,1,-283.6177,402.82034,-0.011151505,0.0020497236,1.036856,0.00020159244,1.036858081817627,-5.326327894682224e-07,2.777576319424856e-05,1.5688213265304938,0.0,0.0,0.0
827,1,-283.61755,402.8714,-0.011146888,0.0019180918,0.9716032,0.00018108367,0.971605122089386,-5.326309798690357e-07,3.3497808778510135e-05,1.5688221254788208,0.0,0.0,0.0
828,1,-283.61737,402.92236,-0.011151886,0.002011563,1.018564,0.0002756357,1.0185660123825073,0.0,3.087520506034791e-05,1.5688221254788208,0.0,0.0,0.0
829,1,-283.6172,402.97327,-0.011150817,0.0020745224,1.0503608,0.00021631717,1.0503628253936768,0.0,2.3961066138074177e-05,1.5688213265304938,0.0,0.0,0.0
830,1,-283.61703,403.02374,-0.011152382,0.0019986015,1.0120399,0.0002824974,1.0120419263839722,0.0,2.670287939322068e-05,1.5688217260046573,0.0,0.0,0.0
831,1,-283.61685,403.0741,-0.011156539,0.001994167,1.009784,-0.0013494968,1.00978684425354,0.0,2.670287939322068e-05,1.5688217260046573,0.0,0.0,0.0
832,1,-283.61667,403.12448,-0.011152458,0.0019974161,1.0114641,0.00025755406,1.011466145515442,0.0,2.0265578618884075e-05,1.5688217260046573,0.0,0.0,0.0
833,1,-283.61646,403.17474,-0.011154938,0.0019841278,1.0048612,0.0003047514,1.0048632621765137,0.0,2.0265578618884075e-05,1.5688217260046573,0.0,0.0,0.0
834,1,-283.61627,403.22476,-0.011157531,0.0019765003,1.0009059,-0.0013519573,1.0009087324142456,0.0,2.0265578618884075e-05,1.5688217260046573,0.0,0.0,0.0
835,1,-283.61606,403.27475,-0.011189499,0.0019707412,0.9979698,-0.00076919555,0.9979720711708069,0.0,1.7642974900721855e-05,1.5688217260046573,0.0,0.0,0.0
836,1,-283.61588,403.32462,-0.011212349,0.0019646229,0.9948919,-0.00025036334,0.9948938488960266,0.0,1.7642974900721855e-05,1.5688217260046573,0.0,0.0,0.0
837,1,-283.6157,403.3742,-0.011217422,0.0019581465,0.99164665,-1.1377334e-05,0.9916485548019409,0.0,1.7642974900721855e-05,1.5688217260046573,0.0,0.0,0.0
838,1,-283.61554,403.42383,-0.011214866,0.0019515902,0.98831534,8.27074e-05,0.9883173108100891,0.0,1.7642974900721855e-05,1.5688217260046573,0.0,0.0,0.0
839,1,-283.61554,403.47305,-0.011209641,0.0019448916,0.9849422,0.00010786533,0.9849441051483154,0.0,1.7642974900721855e-05,1.5688217260046573,0.0,0.0,0.0
840,1,-283.61554,403.52225,-0.011204147,0.0019381943,0.9815511,0.00010195732,0.9815530180931091,0.0,1.7642974900721855e-05,1.5688217260046573,0.0,0.0,0.0
841,1,-283.61554,403.5712,-0.011199302,0.0019314928,0.9781557,8.670807e-05,0.9781575798988342,0.0,1.7642974900721855e-05,1.5688217260046573,0.0,0.0,0.0
842,1,-283.61554,403.62003,-0.011195411,0.0019248028,0.9747632,6.801605e-05,0.9747651219367981,0.0,1.7642974900721855e-05,1.5688217260046573,0.0,0.0,0.0
843,1,-283.61554,403.6687,-0.011192436,0.0019180722,0.97137815,5.1627158e-05,0.9713800549507141,0.0,1.7642974900721855e-05,1.5688217260046573,0.0,0.0,0.0
844,1,-283.61554,403.71713,-0.011190185,0.0019113695,0.96800244,3.7288664e-05,0.9680042862892151,1.809894337776612e-10,1.9669530933962662e-05,1.5688217260046573,0.0,0.0,0.0
845,1,-283.61554,403.76553,-0.011188583,0.0019047306,0.964637,2.5997162e-05,0.964638888835907,1.809894337776612e-10,1.9669530933962662e-05,1.5688217260046573,0.0,0.0,0.0
846,1,-283.61554,403.8136,-0.011187515,0.0018980996,0.9612823,1.8982886e-05,0.9612841606140137,1.809894337776612e-10,1.9669530933962662e-05,1.5688217260046573,0.0,0.0,0.0
847,1,-283.61554,403.86163,-0.0111867525,0.0018914094,0.95793915,1.3618469e-05,0.9579409956932068,1.809894337776612e-10,1.9669530933962662e-05,1.5688217260046573,0.0,0.0,0.0
848,1,-283.61554,403.90936,-0.011186256,0.0018849104,0.95460737,9.145737e-06,0.954609215259552,1.809894337776612e-10,1.9669530933962662e-05,1.5688217260046573,0.0,0.0,0.0
849,1,-283.61554,403.95703,-0.011185874,0.0018783672,0.9512869,6.608963e-06,0.9512887597084045,1.809894337776612e-10,1.9669530933962662e-05,1.5688217260046573,0.0,0.0,0.0
850,1,-283.61554,404.00452,-0.01118557,0.0018718162,0.9479778,2.9087066e-06,0.9479796290397644,1.809894337776612e-10,1.9669530933962662e-05,1.5688217260046573,0.0,0.0,0.0
851,1,-283.62106,404.03244,-0.0095621105,-0.091721326,0.30592412,0.04104524,0.3220047652721405,0.0002365922956536938,0.000198125823783438,1.5695722047998417,0.0,0.0,0.0
852,1,-283.62302,404.04007,-0.007835235,-0.016244164,0.073749445,0.02303458,0.07895217090845108,7.917814913534416e-05,0.00045704837732803627,1.5699908537232021,0.0,0.0,0.0
853,1,-283.62326,404.04178,-0.0072591016,-0.0022870293,0.019606374,0.0018025783,0.019821444526314735,-1.8109483221554827e-05,0.0005501508245615251,1.5701911234371762,0.0,0.0,0.0
854,1,-283.62335,404.0423,-0.007516708,-0.0008605937,0.0044761444,-0.008797646,0.009908332489430904,-3.7284046998466107e-06,0.0005289315879332427,1.5702363971757074,0.0,0.0,0.0
855,1,-283.62332,404.0424,-0.008077964,-0.00041930092,0.0010233903,-0.011630626,0.011683091521263123,-0.00010120016205962437,0.0003989934811403292,1.570259300361082,0.0,0.0,0.0
856,1,-283.62332,404.04242,-0.008709145,-0.00015085834,0.00035753095,-0.011684284,0.011690725572407246,-0.0001757686319452297,0.00025939939981985805,1.5702752793276227,0.0,0.0,0.0
857,1,-283.62332,404.04245,-0.009302826,0.00012832765,0.0010181401,-0.010520863,0.010570792481303215,-0.00016245277773089756,0.00017416476983634784,1.5702742140631865,0.0,0.0,0.0
858,1,-283.62332,404.04248,-0.009796714,-0.000395365,0.00016256481,-0.007911952,0.007923492230474949,-0.0001411475215195543,0.00011563300299141298,1.570271684060151,0.0,0.0,0.0
859,1,-283.62332,404.04248,-0.010161094,1.49328e-05,-0.000492282,-0.0062232874,0.00624274555593729,-0.00017523598347256856,4.6372410327183346e-05,1.5702795403853667,0.0,0.0,0.0
860,1,-283.62332,404.04254,-0.01044487,5.1587147e-05,-0.00059795537,-0.0047497842,0.00478755310177803,-0.00015978964915010896,1.3828276828632138e-05,1.5702790077531488,0.0,0.0,0.0
861,1,-283.62332,404.04254,-0.010653343,9.451151e-05,-0.00073769235,-0.0035521078,0.003629131242632866,-0.00014753909188109914,-9.298323566467392e-06,1.5702800730175848,0.0,0.0,0.0
862,1,-283.62332,404.04254,-0.010653343,0.0,-0.0,0.0,0.0,-0.00014753909188109914,-9.298323566467392e-06,1.5702800730175848,0.0,0.0,0.0
863,1,-283.62332,404.04254,-0.010653343,0.0,-0.0,0.0,0.0,-0.00014753909188109914,-9.298323566467392e-06,1.5702800730175848,0.0,0.0,0.0
864,1,-283.62332,404.04254,-0.010653343,0.0,-0.0,0.0,0.0,-0.00014753909188109914,-9.298323566467392e-06,1.5702800730175848,0.0,0.0,0.0
865,1,-283.62332,404.04254,-0.010653343,0.0,-0.0,0.0,0.0,-0.00014753909188109914,-9.298323566467392e-06,1.5702800730175848,0.0,0.0,0.0
866,1,-283.62332,404.04254,-0.010653343,0.0,-0.0,0.0,0.0,-0.00014753909188109914,-9.298323566467392e-06,1.5702800730175848,0.0,0.0,0.0
867,1,-283.62332,404.04254,-0.010653343,0.0,-0.0,0.0,0.0,-0.00014753909188109914,-9.298323566467392e-06,1.5702800730175848,0.0,0.0,0.0
868,1,-283.62332,404.04254,-0.010653343,0.0,-0.0,0.0,0.0,-0.00014753909188109914,-9.298323566467392e-06,1.5702800730175848,0.0,0.0,0.0
869,1,-283.62332,404.04254,-0.010653343,0.0,-0.0,0.0,0.0,-0.00014753909188109914,-9.298323566467392e-06,1.5702800730175848,0.0,0.0,0.0
870,1,-283.62332,404.04254,-0.010653343,0.0,-0.0,0.0,0.0,-0.00014753909188109914,-9.298323566467392e-06,1.5702800730175848,0.0,0.0,0.0
871,1,-283.62332,404.04254,-0.010653343,0.0,-0.0,0.0,0.0,-0.00014753909188109914,-9.298323566467392e-06,1.5702800730175848,0.0,0.0,0.0
872,1,-283.62332,404.04254,-0.010653343,0.0,-0.0,0.0,0.0,-0.00014753909188109914,-9.298323566467392e-06,1.5702800730175848,0.0,0.0,0.0
873,1,-283.62332,404.04254,-0.010653343,0.0,-0.0,0.0,0.0,-0.00014753909188109914,-9.298323566467392e-06,1.5702800730175848,0.0,0.0,0.0
874,1,-283.62332,404.04254,-0.010653343,0.0,-0.0,0.0,0.0,-0.00014753909188109914,-9.298323566467392e-06,1.5702800730175848,0.0,0.0,0.0
875,1,-283.62332,404.04254,-0.010653343,0.0,-0.0,0.0,0.0,-0.00014753909188109914,-9.298323566467392e-06,1.5702800730175848,0.0,0.0,0.0
876,1,-283.62332,404.04254,-0.010653343,0.0,-0.0,0.0,0.0,-0.00014753909188109914,-9.298323566467392e-06,1.5702800730175848,0.0,0.0,0.0
877,1,-283.62332,404.04254,-0.010653343,0.0,-0.0,0.0,0.0,-0.00014753909188109914,-9.298323566467392e-06,1.5702800730175848,0.0,0.0,0.0
878,1,-283.62332,404.04254,-0.010653343,0.0,-0.0,0.0,0.0,-0.00014753909188109914,-9.298323566467392e-06,1.5702800730175848,0.0,0.0,0.0
879,1,-283.62332,404.04254,-0.010653343,0.0,-0.0,0.0,0.0,-0.00014753909188109914,-9.298323566467392e-06,1.5702800730175848,0.0,0.0,0.0
880,1,-283.62332,404.04254,-0.010653343,0.0,-0.0,0.0,0.0,-0.00014753909188109914,-9.298323566467392e-06,1.5702800730175848,0.0,0.0,0.0
881,1,-283.62332,404.04254,-0.010653343,0.0,-0.0,0.0,0.0,-0.00014753909188109914,-9.298323566467392e-06,1.5702800730175848,0.0,0.0,0.0
882,1,-283.62332,404.04254,-0.010653343,0.0,-0.0,0.0,0.0,-0.00014753909188109914,-9.298323566467392e-06,1.5702800730175848,0.0,0.0,0.0
883,1,-283.62332,404.04254,-0.010653343,0.0,-0.0,0.0,0.0,-0.00014753909188109914,-9.298323566467392e-06,1.5702800730175848,0.0,0.0,0.0
884,1,-283.62332,404.04254,-0.010653343,0.0,-0.0,0.0,0.0,-0.00014753909188109914,-9.298323566467392e-06,1.5702800730175848,0.0,0.0,0.0
885,1,-283.62332,404.04254,-0.010653343,0.0,-0.0,0.0,0.0,-0.00014753909188109914,-9.298323566467392e-06,1.5702800730175848,0.0,0.0,0.0
886,1,-283.62332,404.04254,-0.010653343,0.0,-0.0,0.0,0.0,-0.00014753909188109914,-9.298323566467392e-06,1.5702800730175848,0.0,0.0,0.0
887,1,-283.62332,404.04254,-0.010653343,0.0,-0.0,0.0,0.0,-0.00014753909188109914,-9.298323566467392e-06,1.5702800730175848,0.0,0.0,0.0
888,1,-283.62332,404.04254,-0.010653343,0.0,-0.0,0.0,0.0,-0.00014753909188109914,-9.298323566467392e-06,1.5702800730175848,0.0,0.0,0.0
889,1,-283.62332,404.04254,-0.010653343,0.0,-0.0,0.0,0.0,-0.00014753909188109914,-9.298323566467392e-06,1.5702800730175848,0.0,0.0,0.0
890,1,-283.62332,404.04254,-0.010653343,0.0,-0.0,0.0,0.0,-0.00014753909188109914,-9.298323566467392e-06,1.5702800730175848,0.0,0.0,0.0
891,1,-283.62332,404.04254,-0.010653343,0.0,-0.0,0.0,0.0,-0.00014753909188109914,-9.298323566467392e-06,1.5702800730175848,0.0,0.0,0.0
892,1,-283.62332,404.04254,-0.010653343,0.0,-0.0,0.0,0.0,-0.00014753909188109914,-9.298323566467392e-06,1.5702800730175848,0.0,0.0,0.0
893,1,-283.62332,404.04254,-0.010653343,0.0,-0.0,0.0,0.0,-0.00014753909188109914,-9.298323566467392e-06,1.5702800730175848,0.0,0.0,0.0
894,1,-283.62332,404.04254,-0.010653343,0.0,-0.0,0.0,0.0,-0.00014753909188109914,-9.298323566467392e-06,1.5702800730175848,0.0,0.0,0.0
895,1,-283.62332,404.04254,-0.010653343,0.0,-0.0,0.0,0.0,-0.00014753909188109914,-9.298323566467392e-06,1.5702800730175848,0.0,0.0,0.0
896,1,-283.62332,404.04254,-0.010653343,0.0,-0.0,0.0,0.0,-0.00014753909188109914,-9.298323566467392e-06,1.5702800730175848,0.0,0.0,0.0
897,1,-283.62332,404.04254,-0.010653343,0.0,-0.0,0.0,0.0,-0.00014753909188109914,-9.298323566467392e-06,1.5702800730175848,0.0,0.0,0.0
898,1,-283.62332,404.04254,-0.010653343,0.0,-0.0,0.0,0.0,-0.00014753909188109914,-9.298323566467392e-06,1.5702800730175848,0.0,0.0,0.0
899,1,-283.62332,404.04254,-0.010653343,0.0,-0.0,0.0,0.0,-0.00014753909188109914,-9.298323566467392e-06,1.5702800730175848,0.0,0.0,0.0
900,1,-283.62332,404.04254,-0.010653343,0.0,-0.0,0.0,0.0,-0.00014753909188109914,-9.298323566467392e-06,1.5702800730175848,0.0,0.0,0.0
901,1,-283.62332,404.04254,-0.010653343,0.0,-0.0,0.0,0.0,-0.00014753909188109914,-9.298323566467392e-06,1.5702800730175848,0.0,0.0,0.0
902,1,-283.62332,404.04254,-0.010653343,0.0,-0.0,0.0,0.0,-0.00014753909188109914,-9.298323566467392e-06,1.5702800730175848,0.0,0.0,0.0
903,1,-283.62332,404.04254,-0.010653343,0.0,-0.0,0.0,0.0,-0.00014753909188109914,-9.298323566467392e-06,1.5702800730175848,0.0,0.0,0.0
904,1,-283.62332,404.04254,-0.010653343,0.0,-0.0,0.0,0.0,-0.00014753909188109914,-9.298323566467392e-06,1.5702800730175848,0.0,0.0,0.0
905,1,-283.62332,404.04254,-0.010653343,0.0,-0.0,0.0,0.0,-0.00014753909188109914,-9.298323566467392e-06,1.5702800730175848,0.0,0.0,0.0
906,1,-283.62332,404.04254,-0.010653343,0.0,-0.0,0.0,0.0,-0.00014753909188109914,-9.298323566467392e-06,1.5702800730175848,0.0,0.0,0.0
907,1,-283.62332,404.04254,-0.010653343,0.0,-0.0,0.0,0.0,-0.00014753909188109914,-9.298323566467392e-06,1.5702800730175848,0.0,0.0,0.0
908,1,-283.62332,404.04254,-0.010653343,0.0,-0.0,0.0,0.0,-0.00014753909188109914,-9.298323566467392e-06,1.5702800730175848,0.0,0.0,0.0
909,1,-283.62332,404.04254,-0.010653343,0.0,-0.0,0.0,0.0,-0.00014753909188109914,-9.298323566467392e-06,1.5702800730175848,0.0,0.0,0.0
910,1,-283.62332,404.04254,-0.010653343,0.0,-0.0,0.0,0.0,-0.00014753909188109914,-9.298323566467392e-06,1.5702800730175848,0.0,0.0,0.0
911,1,-283.62332,404.04254,-0.010653343,0.0,-0.0,0.0,0.0,-0.00014753909188109914,-9.298323566467392e-06,1.5702800730175848,0.0,0.0,0.0
912,1,-283.62332,404.04254,-0.010653343,0.0,-0.0,0.0,0.0,-0.00014753909188109914,-9.298323566467392e-06,1.5702800730175848,0.0,0.0,0.0
913,1,-283.62332,404.04254,-0.010653343,0.0,-0.0,0.0,0.0,-0.00014753909188109914,-9.298323566467392e-06,1.5702800730175848,0.0,0.0,0.0
914,1,-283.62332,404.04254,-0.010653343,0.0,-0.0,0.0,0.0,-0.00014753909188109914,-9.298323566467392e-06,1.5702800730175848,0.0,0.0,0.0
915,1,-283.62332,404.04254,-0.010653343,0.0,-0.0,0.0,0.0,-0.00014753909188109914,-9.298323566467392e-06,1.5702800730175848,0.0,0.0,0.0
916,1,-283.62332,404.04254,-0.010653343,0.0,-0.0,0.0,0.0,-0.00014753909188109914,-9.298323566467392e-06,1.5702800730175848,0.0,0.0,0.0
917,1,-283.62332,404.04254,-0.010653343,0.0,-0.0,0.0,0.0,-0.00014753909188109914,-9.298323566467392e-06,1.5702800730175848,0.0,0.0,0.0
918,1,-283.62332,404.04254,-0.010653343,0.0,-0.0,0.0,0.0,-0.00014753909188109914,-9.298323566467392e-06,1.5702800730175848,0.0,0.0,0.0
919,1,-283.62332,404.04254,-0.010653343,0.0,-0.0,0.0,0.0,-0.00014753909188109914,-9.298323566467392e-06,1.5702800730175848,0.0,0.0,0.0
920,1,-283.62332,404.04254,-0.010653343,0.0,-0.0,0.0,0.0,-0.00014753909188109914,-9.298323566467392e-06,1.5702800730175848,0.0,0.0,0.0
921,1,-283.62332,404.04254,-0.010653343,0.0,-0.0,0.0,0.0,-0.00014753909188109914,-9.298323566467392e-06,1.5702800730175848,0.0,0.0,0.0
922,1,-283.62332,404.04254,-0.010653343,0.0,-0.0,0.0,0.0,-0.00014753909188109914,-9.298323566467392e-06,1.5702800730175848,0.0,0.0,0.0
923,1,-283.62332,404.04254,-0.010653343,0.0,-0.0,0.0,0.0,-0.00014753909188109914,-9.298323566467392e-06,1.5702800730175848,0.0,0.0,0.0
924,1,-283.62332,404.04254,-0.010653343,0.0,-0.0,0.0,0.0,-0.00014753909188109914,-9.298323566467392e-06,1.5702800730175848,0.0,0.0,0.0
925,1,-283.62332,404.04254,-0.010653343,0.0,-0.0,0.0,0.0,-0.00014753909188109914,-9.298323566467392e-06,1.5702800730175848,0.0,0.0,0.0
926,1,-283.62332,404.04254,-0.010653343,0.0,-0.0,0.0,0.0,-0.00014753909188109914,-9.298323566467392e-06,1.5702800730175848,0.0,0.0,0.0
927,1,-283.62332,404.04254,-0.010653343,0.0,-0.0,0.0,0.0,-0.00014753909188109914,-9.298323566467392e-06,1.5702800730175848,0.0,0.0,0.0
928,1,-283.62332,404.04254,-0.010653343,0.0,-0.0,0.0,0.0,-0.00014753909188109914,-9.298323566467392e-06,1.5702800730175848,0.0,0.0,0.0
929,1,-283.62332,404.04254,-0.010653343,0.0,-0.0,0.0,0.0,-0.00014753909188109914,-9.298323566467392e-06,1.5702800730175848,0.0,0.0,0.0
930,1,-283.62332,404.04254,-0.010653343,0.0,-0.0,0.0,0.0,-0.00014753909188109914,-9.298323566467392e-06,1.5702800730175848,0.0,0.0,0.0
931,1,-283.62332,404.04254,-0.010653343,0.0,-0.0,0.0,0.0,-0.00014753909188109914,-9.298323566467392e-06,1.5702800730175848,0.0,0.0,0.0
932,1,-283.62332,404.04254,-0.010653343,0.0,-0.0,0.0,0.0,-0.00014753909188109914,-9.298323566467392e-06,1.5702800730175848,0.0,0.0,0.0
933,1,-283.62332,404.04254,-0.010653343,0.0,-0.0,0.0,0.0,-0.00014753909188109914,-9.298323566467392e-06,1.5702800730175848,0.0,0.0,0.0
934,1,-283.62332,404.04254,-0.010653343,0.0,-0.0,0.0,0.0,-0.00014753909188109914,-9.298323566467392e-06,1.5702800730175848,0.0,0.0,0.0
935,1,-283.62332,404.04254,-0.010653343,0.0,-0.0,0.0,0.0,-0.00014753909188109914,-9.298323566467392e-06,1.5702800730175848,0.0,0.0,0.0
936,1,-283.62332,404.04254,-0.010653343,0.0,-0.0,0.0,0.0,-0.00014753909188109914,-9.298323566467392e-06,1.5702800730175848,0.0,0.0,0.0
937,1,-283.62332,404.04254,-0.010653343,0.0,-0.0,0.0,0.0,-0.00014753909188109914,-9.298323566467392e-06,1.5702800730175848,0.0,0.0,0.0
938,1,-283.62332,404.04254,-0.010653343,0.0,-0.0,0.0,0.0,-0.00014753909188109914,-9.298323566467392e-06,1.5702800730175848,0.0,0.0,0.0
939,1,-283.62332,404.04254,-0.010653343,0.0,-0.0,0.0,0.0,-0.00014753909188109914,-9.298323566467392e-06,1.5702800730175848,0.0,0.0,0.0
940,1,-283.62332,404.04254,-0.010653343,0.0,-0.0,0.0,0.0,-0.00014753909188109914,-9.298323566467392e-06,1.5702800730175848,0.0,0.0,0.0
941,1,-283.62332,404.04254,-0.010653343,0.0,-0.0,0.0,0.0,-0.00014753909188109914,-9.298323566467392e-06,1.5702800730175848,0.0,0.0,0.0
942,1,-283.62332,404.04254,-0.010653343,0.0,-0.0,0.0,0.0,-0.00014753909188109914,-9.298323566467392e-06,1.5702800730175848,0.0,0.0,0.0
943,1,-283.62332,404.04254,-0.010653343,0.0,-0.0,0.0,0.0,-0.00014753909188109914,-9.298323566467392e-06,1.5702800730175848,0.0,0.0,0.0
944,1,-283.62332,404.04254,-0.010653343,0.0,-0.0,0.0,0.0,-0.00014753909188109914,-9.298323566467392e-06,1.5702800730175848,0.0,0.0,0.0
945,1,-283.62332,404.04254,-0.010653343,0.0,-0.0,0.0,0.0,-0.00014753909188109914,-9.298323566467392e-06,1.5702800730175848,0.0,0.0,0.0
946,1,-283.62332,404.04254,-0.010653343,0.0,-0.0,0.0,0.0,-0.00014753909188109914,-9.298323566467392e-06,1.5702800730175848,0.0,0.0,0.0
947,1,-283.62332,404.04254,-0.010653343,0.0,-0.0,0.0,0.0,-0.00014753909188109914,-9.298323566467392e-06,1.5702800730175848,0.0,0.0,0.0
948,1,-283.62332,404.04254,-0.010653343,0.0,-0.0,0.0,0.0,-0.00014753909188109914,-9.298323566467392e-06,1.5702800730175848,0.0,0.0,0.0
949,1,-283.62332,404.04254,-0.010653343,0.0,-0.0,0.0,0.0,-0.00014753909188109914,-9.298323566467392e-06,1.5702800730175848,0.0,0.0,0.0
950,1,-283.62332,404.04254,-0.010653343,0.0,-0.0,0.0,0.0,-0.00014753909188109914,-9.298323566467392e-06,1.5702800730175848,0.0,0.0,0.0
951,1,-283.62332,404.04254,-0.010653343,0.0,-0.0,0.0,0.0,-0.00014753909188109914,-9.298323566467392e-06,1.5702800730175848,0.0,0.0,0.0
952,1,-283.62332,404.04254,-0.010653343,0.0,-0.0,0.0,0.0,-0.00014753909188109914,-9.298323566467392e-06,1.5702800730175848,0.0,0.0,0.0
953,1,-283.62332,404.04254,-0.010653343,0.0,-0.0,0.0,0.0,-0.00014753909188109914,-9.298323566467392e-06,1.5702800730175848,0.0,0.0,0.0
954,1,-283.62332,404.04254,-0.010653343,0.0,-0.0,0.0,0.0,-0.00014753909188109914,-9.298323566467392e-06,1.5702800730175848,0.0,0.0,0.0
955,1,-283.62332,404.04254,-0.010653343,0.0,-0.0,0.0,0.0,-0.00014753909188109914,-9.298323566467392e-06,1.5702800730175848,0.0,0.0,0.0
956,1,-283.62332,404.04254,-0.010653343,0.0,-0.0,0.0,0.0,-0.00014753909188109914,-9.298323566467392e-06,1.5702800730175848,0.0,0.0,0.0
957,1,-283.62332,404.04254,-0.010653343,0.0,-0.0,0.0,0.0,-0.00014753909188109914,-9.298323566467392e-06,1.5702800730175848,0.0,0.0,0.0
958,1,-283.62332,404.04254,-0.010653343,0.0,-0.0,0.0,0.0,-0.00014753909188109914,-9.298323566467392e-06,1.5702800730175848,0.0,0.0,0.0
959,1,-283.62332,404.04254,-0.010653343,0.0,-0.0,0.0,0.0,-0.00014753909188109914,-9.298323566467392e-06,1.5702800730175848,0.0,0.0,0.0
960,1,-283.62332,404.04254,-0.010653343,0.0,-0.0,0.0,0.0,-0.00014753909188109914,-9.298323566467392e-06,1.5702800730175848,0.0,0.0,0.0
961,1,-283.62332,404.04254,-0.010653343,0.0,-0.0,0.0,0.0,-0.00014753909188109914,-9.298323566467392e-06,1.5702800730175848,0.0,0.0,0.0
962,1,-283.62332,404.04254,-0.010653343,0.0,-0.0,0.0,0.0,-0.00014753909188109914,-9.298323566467392e-06,1.5702800730175848,0.0,0.0,0.0
963,1,-283.62332,404.04254,-0.010653343,0.0,-0.0,0.0,0.0,-0.00014753909188109914,-9.298323566467392e-06,1.5702800730175848,0.0,0.0,0.0
964,1,-283.62332,404.04254,-0.010653343,0.0,-0.0,0.0,0.0,-0.00014753909188109914,-9.298323566467392e-06,1.5702800730175848,0.0,0.0,0.0
965,1,-283.62332,404.04254,-0.010653343,0.0,-0.0,0.0,0.0,-0.00014753909188109914,-9.298323566467392e-06,1.5702800730175848,0.0,0.0,0.0
966,1,-283.62332,404.04254,-0.010653343,0.0,-0.0,0.0,0.0,-0.00014753909188109914,-9.298323566467392e-06,1.5702800730175848,0.0,0.0,0.0
967,1,-283.62332,404.04254,-0.010653343,0.0,-0.0,0.0,0.0,-0.00014753909188109914,-9.298323566467392e-06,1.5702800730175848,0.0,0.0,0.0
968,1,-283.62332,404.04254,-0.010653343,0.0,-0.0,0.0,0.0,-0.00014753909188109914,-9.298323566467392e-06,1.5702800730175848,0.0,0.0,0.0
969,1,-283.62332,404.04254,-0.010653343,0.0,-0.0,0.0,0.0,-0.00014753909188109914,-9.298323566467392e-06,1.5702800730175848,0.0,0.0,0.0
970,1,-283.62332,404.04254,-0.010653343,0.0,-0.0,0.0,0.0,-0.00014753909188109914,-9.298323566467392e-06,1.5702800730175848,0.0,0.0,0.0
971,1,-283.62332,404.04254,-0.010653343,0.0,-0.0,0.0,0.0,-0.00014753909188109914,-9.298323566467392e-06,1.5702800730175848,0.0,0.0,0.0
972,1,-283.62332,404.04254,-0.010653343,0.0,-0.0,0.0,0.0,-0.00014753909188109914,-9.298323566467392e-06,1.5702800730175848,0.0,0.0,0.0
973,1,-283.62332,404.04254,-0.010653343,0.0,-0.0,0.0,0.0,-0.00014753909188109914,-9.298323566467392e-06,1.5702800730175848,0.0,0.0,0.0
974,1,-283.62332,404.04254,-0.010653343,0.0,-0.0,0.0,0.0,-0.00014753909188109914,-9.298323566467392e-06,1.5702800730175848,0.0,0.0,0.0
975,1,-283.62332,404.04254,-0.010653343,0.0,-0.0,0.0,0.0,-0.00014753909188109914,-9.298323566467392e-06,1.5702800730175848,0.0,0.0,0.0
976,1,-283.62332,404.04254,-0.010653343,0.0,-0.0,0.0,0.0,-0.00014753909188109914,-9.298323566467392e-06,1.5702800730175848,0.0,0.0,0.0
977,1,-283.62332,404.04254,-0.010653343,0.0,-0.0,0.0,0.0,-0.00014753909188109914,-9.298323566467392e-06,1.5702800730175848,0.0,0.0,0.0
978,1,-283.62332,404.04254,-0.010653343,0.0,-0.0,0.0,0.0,-0.00014753909188109914,-9.298323566467392e-06,1.5702800730175848,0.0,0.0,0.0
979,1,-283.62332,404.04254,-0.010653343,0.0,-0.0,0.0,0.0,-0.00014753909188109914,-9.298323566467392e-06,1.5702800730175848,0.0,0.0,0.0
980,1,-283.62332,404.04254,-0.010653343,0.0,-0.0,0.0,0.0,-0.00014753909188109914,-9.298323566467392e-06,1.5702800730175848,0.0,0.0,0.0
981,1,-283.62332,404.04254,-0.010653343,0.0,-0.0,0.0,0.0,-0.00014753909188109914,-9.298323566467392e-06,1.5702800730175848,0.0,0.0,0.0
982,1,-283.62332,404.04254,-0.010653343,0.0,-0.0,0.0,0.0,-0.00014753909188109914,-9.298323566467392e-06,1.5702800730175848,0.0,0.0,0.0
983,1,-283.62332,404.04254,-0.010653343,0.0,-0.0,0.0,0.0,-0.00014753909188109914,-9.298323566467392e-06,1.5702800730175848,0.0,0.0,0.0
984,1,-283.62332,404.04254,-0.010653343,0.0,-0.0,0.0,0.0,-0.00014753909188109914,-9.298323566467392e-06,1.5702800730175848,0.0,0.0,0.0
985,1,-283.62332,404.04254,-0.010653343,0.0,-0.0,0.0,0.0,-0.00014753909188109914,-9.298323566467392e-06,1.5702800730175848,0.0,0.0,0.0
986,1,-283.62332,404.04254,-0.010653343,0.0,-0.0,0.0,0.0,-0.00014753909188109914,-9.298323566467392e-06,1.5702800730175848,0.0,0.0,0.0
987,1,-283.62332,404.04254,-0.010653343,0.0,-0.0,0.0,0.0,-0.00014753909188109914,-9.298323566467392e-06,1.5702800730175848,0.0,0.0,0.0
988,1,-283.62332,404.04254,-0.010653343,0.0,-0.0,0.0,0.0,-0.00014753909188109914,-9.298323566467392e-06,1.5702800730175848,0.0,0.0,0.0
989,1,-283.62332,404.04254,-0.010653343,0.0,-0.0,0.0,0.0,-0.00014753909188109914,-9.298323566467392e-06,1.5702800730175848,0.0,0.0,0.0
990,1,-283.62332,404.04254,-0.010653343,0.0,-0.0,0.0,0.0,-0.00014753909188109914,-9.298323566467392e-06,1.5702800730175848,0.0,0.0,0.0
991,1,-283.62332,404.04254,-0.010653343,0.0,-0.0,0.0,0.0,-0.00014753909188109914,-9.298323566467392e-06,1.5702800730175848,0.0,0.0,0.0
992,1,-283.62332,404.04254,-0.010653343,0.0,-0.0,0.0,0.0,-0.00014753909188109914,-9.298323566467392e-06,1.5702800730175848,0.0,0.0,0.0
993,1,-283.62332,404.04254,-0.010653343,0.0,-0.0,0.0,0.0,-0.00014753909188109914,-9.298323566467392e-06,1.5702800730175848,0.0,0.0,0.0
994,1,-283.62332,404.04254,-0.010653343,0.0,-0.0,0.0,0.0,-0.00014753909188109914,-9.298323566467392e-06,1.5702800730175848,0.0,0.0,0.0
995,1,-283.62332,404.04254,-0.010653343,0.0,-0.0,0.0,0.0,-0.00014753909188109914,-9.298323566467392e-06,1.5702800730175848,0.0,0.0,0.0
996,1,-283.62332,404.04254,-0.010653343,0.0,-0.0,0.0,0.0,-0.00014753909188109914,-9.298323566467392e-06,1.5702800730175848,0.0,0.0,0.0
997,1,-283.62332,404.04254,-0.010653343,0.0,-0.0,0.0,0.0,-0.00014753909188109914,-9.298323566467392e-06,1.5702800730175848,0.0,0.0,0.0
998,1,-283.62332,404.04254,-0.010653343,0.0,-0.0,0.0,0.0,-0.00014753909188109914,-9.298323566467392e-06,1.5702800730175848,0.0,0.0,0.0
999,1,-283.62332,404.04254,-0.010653343,0.0,-0.0,0.0,0.0,-0.00014753909188109914,-9.298323566467392e-06,1.5702800730175848,0.0,0.0,0.0
1000,1,-283.62332,404.04254,-0.010653343,0.0,-0.0,0.0,0.0,-0.00014753909188109914,-9.298323566467392e-06,1.5702800730175848,0.0,0.0,0.0
1001,1,-283.62332,404.04254,-0.010653343,0.0,-0.0,0.0,0.0,-0.00014753909188109914,-9.298323566467392e-06,1.5702800730175848,0.0,0.0,0.0
1002,1,-283.62332,404.04254,-0.010653343,0.0,-0.0,0.0,0.0,-0.00014753909188109914,-9.298323566467392e-06,1.5702800730175848,0.0,0.0,0.0
1003,1,-283.62332,404.04254,-0.010653343,0.0,-0.0,0.0,0.0,-0.00014753909188109914,-9.298323566467392e-06,1.5702800730175848,0.0,0.0,0.0
1004,1,-283.62332,404.04254,-0.010653343,0.0,-0.0,0.0,0.0,-0.00014753909188109914,-9.298323566467392e-06,1.5702800730175848,0.0,0.0,0.0
1005,1,-283.62332,404.04254,-0.010653343,0.0,-0.0,0.0,0.0,-0.00014753909188109914,-9.298323566467392e-06,1.5702800730175848,0.0,0.0,0.0
1006,1,-283.62332,404.04254,-0.010653343,0.0,-0.0,0.0,0.0,-0.00014753909188109914,-9.298323566467392e-06,1.5702800730175848,0.0,0.0,0.0
1007,1,-283.62332,404.04254,-0.010653343,0.0,-0.0,0.0,0.0,-0.00014753909188109914,-9.298323566467392e-06,1.5702800730175848,0.0,0.0,0.0
1008,1,-283.62332,404.04254,-0.010653343,0.0,-0.0,0.0,0.0,-0.00014753909188109914,-9.298323566467392e-06,1.5702800730175848,0.0,0.0,0.0
1009,1,-283.62332,404.04254,-0.010653343,0.0,-0.0,0.0,0.0,-0.00014753909188109914,-9.298323566467392e-06,1.5702800730175848,0.0,0.0,0.0
1010,1,-283.62332,404.04254,-0.010653343,0.0,-0.0,0.0,0.0,-0.00014753909188109914,-9.298323566467392e-06,1.5702800730175848,0.0,0.0,0.0
1011,1,-283.62332,404.04254,-0.010653343,0.0,-0.0,0.0,0.0,-0.00014753909188109914,-9.298323566467392e-06,1.5702800730175848,0.0,0.0,0.0
1012,1,-283.62332,404.04254,-0.010653343,0.0,-0.0,0.0,0.0,-0.00014753909188109914,-9.298323566467392e-06,1.5702800730175848,0.0,0.0,0.0
1013,1,-283.62332,404.04254,-0.010653343,0.0,-0.0,0.0,0.0,-0.00014753909188109914,-9.298323566467392e-06,1.5702800730175848,0.0,0.0,0.0
1014,1,-283.62332,404.04254,-0.010653343,0.0,-0.0,0.0,0.0,-0.00014753909188109914,-9.298323566467392e-06,1.5702800730175848,0.0,0.0,0.0
1015,1,-283.62332,404.04254,-0.010653343,0.0,-0.0,0.0,0.0,-0.00014753909188109914,-9.298323566467392e-06,1.5702800730175848,0.0,0.0,0.0
1016,1,-283.62332,404.04254,-0.010653343,0.0,-0.0,0.0,0.0,-0.00014753909188109914,-9.298323566467392e-06,1.5702800730175848,0.0,0.0,0.0
1017,1,-283.62332,404.04254,-0.010653343,0.0,-0.0,0.0,0.0,-0.00014753909188109914,-9.298323566467392e-06,1.5702800730175848,0.0,0.0,0.0
1018,1,-283.62332,404.04254,-0.010653343,0.0,-0.0,0.0,0.0,-0.00014753909188109914,-9.298323566467392e-06,1.5702800730175848,0.0,0.0,0.0
1019,1,-283.62332,404.04254,-0.010653343,0.0,-0.0,0.0,0.0,-0.00014753909188109914,-9.298323566467392e-06,1.5702800730175848,0.0,0.0,0.0
1020,1,-283.62332,404.04254,-0.010653343,0.0,-0.0,0.0,0.0,-0.00014753909188109914,-9.298323566467392e-06,1.5702800730175848,0.0,0.0,0.0
1021,1,-283.62332,404.04254,-0.010653343,0.0,-0.0,0.0,0.0,-0.00014753909188109914,-9.298323566467392e-06,1.5702800730175848,0.0,0.0,0.0
1022,1,-283.62332,404.04254,-0.010653343,0.0,-0.0,0.0,0.0,-0.00014753909188109914,-9.298323566467392e-06,1.5702800730175848,0.0,0.0,0.0
1023,1,-283.62332,404.04254,-0.010653343,0.0,-0.0,0.0,0.0,-0.00014753909188109914,-9.298323566467392e-06,1.5702800730175848,0.0,0.0,0.0
1024,1,-283.62332,404.04254,-0.010653343,0.0,-0.0,0.0,0.0,-0.00014753909188109914,-9.298323566467392e-06,1.5702800730175848,0.0,0.0,0.0
1025,1,-283.62332,404.04254,-0.010653343,0.0,-0.0,0.0,0.0,-0.00014753909188109914,-9.298323566467392e-06,1.5702800730175848,0.0,0.0,0.0
1026,1,-283.62332,404.04254,-0.010653343,0.0,-0.0,0.0,0.0,-0.00014753909188109914,-9.298323566467392e-06,1.5702800730175848,0.0,0.0,0.0
1027,1,-283.62332,404.04254,-0.010653343,0.0,-0.0,0.0,0.0,-0.00014753909188109914,-9.298323566467392e-06,1.5702800730175848,0.0,0.0,0.0
1028,1,-283.62332,404.04254,-0.010653343,0.0,-0.0,0.0,0.0,-0.00014753909188109914,-9.298323566467392e-06,1.5702800730175848,0.0,0.0,0.0
1029,1,-283.62332,404.04254,-0.010653343,0.0,-0.0,0.0,0.0,-0.00014753909188109914,-9.298323566467392e-06,1.5702800730175848,0.0,0.0,0.0
1030,1,-283.62332,404.04254,-0.010653343,0.0,-0.0,0.0,0.0,-0.00014753909188109914,-9.298323566467392e-06,1.5702800730175848,0.0,0.0,0.0
1031,1,-283.62332,404.04254,-0.010653343,0.0,-0.0,0.0,0.0,-0.00014753909188109914,-9.298323566467392e-06,1.5702800730175848,0.0,0.0,0.0
1032,1,-283.62332,404.04254,-0.010653343,0.0,-0.0,0.0,0.0,-0.00014753909188109914,-9.298323566467392e-06,1.5702800730175848,0.0,0.0,0.0
1033,1,-283.62332,404.04254,-0.010653343,0.0,-0.0,0.0,0.0,-0.00014753909188109914,-9.298323566467392e-06,1.5702800730175848,0.0,0.0,0.0
1034,1,-283.62332,404.04254,-0.010653343,0.0,-0.0,0.0,0.0,-0.00014753909188109914,-9.298323566467392e-06,1.5702800730175848,0.0,0.0,0.0
1035,1,-283.62332,404.04254,-0.010653343,0.0,-0.0,0.0,0.0,-0.00014753909188109914,-9.298323566467392e-06,1.5702800730175848,0.0,0.0,0.0
1036,1,-283.62332,404.04254,-0.010653343,0.0,-0.0,0.0,0.0,-0.00014753909188109914,-9.298323566467392e-06,1.5702800730175848,0.0,0.0,0.0
1037,1,-283.62332,404.04254,-0.010653343,0.0,-0.0,0.0,0.0,-0.00014753909188109914,-9.298323566467392e-06,1.5702800730175848,0.0,0.0,0.0
1038,1,-283.62332,404.04254,-0.010653343,0.0,-0.0,0.0,0.0,-0.00014753909188109914,-9.298323566467392e-06,1.5702800730175848,0.0,0.0,0.0
1039,1,-283.62332,404.04254,-0.010653343,0.0,-0.0,0.0,0.0,-0.00014753909188109914,-9.298323566467392e-06,1.5702800730175848,0.0,0.0,0.0
1040,1,-283.62332,404.04254,-0.010653343,0.0,-0.0,0.0,0.0,-0.00014753909188109914,-9.298323566467392e-06,1.5702800730175848,0.0,0.0,0.0
1041,1,-283.62332,404.04254,-0.010653343,0.0,-0.0,0.0,0.0,-0.00014753909188109914,-9.298323566467392e-06,1.5702800730175848,0.0,0.0,0.0
1042,1,-283.62332,404.04254,-0.010653343,0.0,-0.0,0.0,0.0,-0.00014753909188109914,-9.298323566467392e-06,1.5702800730175848,0.0,0.0,0.0
1043,1,-283.62332,404.04254,-0.010653343,0.0,-0.0,0.0,0.0,-0.00014753909188109914,-9.298323566467392e-06,1.5702800730175848,0.0,0.0,0.0
1044,1,-283.62332,404.04254,-0.010653343,0.0,-0.0,0.0,0.0,-0.00014753909188109914,-9.298323566467392e-06,1.5702800730175848,0.0,0.0,0.0
1045,1,-283.62332,404.04254,-0.010653343,0.0,-0.0,0.0,0.0,-0.00014753909188109914,-9.298323566467392e-06,1.5702800730175848,0.0,0.0,0.0
1046,1,-283.62332,404.04254,-0.010653343,0.0,-0.0,0.0,0.0,-0.00014753909188109914,-9.298323566467392e-06,1.5702800730175848,0.0,0.0,0.0
1047,1,-283.62332,404.04254,-0.010653343,0.0,-0.0,0.0,0.0,-0.00014753909188109914,-9.298323566467392e-06,1.5702800730175848,0.0,0.0,0.0
1048,1,-283.62332,404.04254,-0.010653343,0.0,-0.0,0.0,0.0,-0.00014753909188109914,-9.298323566467392e-06,1.5702800730175848,0.0,0.0,0.0
1049,1,-283.62332,404.04254,-0.010653343,0.0,-0.0,0.0,0.0,-0.00014753909188109914,-9.298323566467392e-06,1.5702800730175848,0.0,0.0,0.0
1050,1,-283.62332,404.04254,-0.010653343,0.0,-0.0,0.0,0.0,-0.00014753909188109914,-9.298323566467392e-06,1.5702800730175848,0.0,0.0,0.0
1051,1,-283.62332,404.04254,-0.010653343,0.0,-0.0,0.0,0.0,-0.00014753909188109914,-9.298323566467392e-06,1.5702800730175848,0.0,0.0,0.0
1052,1,-283.62332,404.04254,-0.010653343,0.0,-0.0,0.0,0.0,-0.00014753909188109914,-9.298323566467392e-06,1.5702800730175848,0.0,0.0,0.0
1053,1,-283.62332,404.04254,-0.010653343,0.0,-0.0,0.0,0.0,-0.00014753909188109914,-9.298323566467392e-06,1.5702800730175848,0.0,0.0,0.0
1054,1,-283.62332,404.04254,-0.010653343,0.0,-0.0,0.0,0.0,-0.00014753909188109914,-9.298323566467392e-06,1.5702800730175848,0.0,0.0,0.0
1055,1,-283.62332,404.04254,-0.010653343,0.0,-0.0,0.0,0.0,-0.00014753909188109914,-9.298323566467392e-06,1.5702800730175848,0.0,0.0,0.0
1056,1,-283.62332,404.04254,-0.010653343,0.0,-0.0,0.0,0.0,-0.00014753909188109914,-9.298323566467392e-06,1.5702800730175848,0.0,0.0,0.0
1057,1,-283.62332,404.04254,-0.010653343,0.0,-0.0,0.0,0.0,-0.00014753909188109914,-9.298323566467392e-06,1.5702800730175848,0.0,0.0,0.0
1058,1,-283.62332,404.04254,-0.010653343,0.0,-0.0,0.0,0.0,-0.00014753909188109914,-9.298323566467392e-06,1.5702800730175848,0.0,0.0,0.0
1059,1,-283.62332,404.04254,-0.010653343,0.0,-0.0,0.0,0.0,-0.00014753909188109914,-9.298323566467392e-06,1.5702800730175848,0.0,0.0,0.0
1060,1,-283.62332,404.04254,-0.010653343,0.0,-0.0,0.0,0.0,-0.00014753909188109914,-9.298323566467392e-06,1.5702800730175848,0.0,0.0,0.0
1061,1,-283.62332,404.04254,-0.010653343,0.0,-0.0,0.0,0.0,-0.00014753909188109914,-9.298323566467392e-06,1.5702800730175848,0.0,0.0,0.0
1062,1,-283.62332,404.04254,-0.010653343,0.0,-0.0,0.0,0.0,-0.00014753909188109914,-9.298323566467392e-06,1.5702800730175848,0.0,0.0,0.0
1063,1,-283.62332,404.04254,-0.010653343,0.0,-0.0,0.0,0.0,-0.00014753909188109914,-9.298323566467392e-06,1.5702800730175848,0.0,0.0,0.0
1064,1,-283.62332,404.04254,-0.010653343,0.0,-0.0,0.0,0.0,-0.00014753909188109914,-9.298323566467392e-06,1.5702800730175848,0.0,0.0,0.0
1065,1,-283.62332,404.04254,-0.010653343,0.0,-0.0,0.0,0.0,-0.00014753909188109914,-9.298323566467392e-06,1.5702800730175848,0.0,0.0,0.0
1066,1,-283.62332,404.04254,-0.010653343,0.0,-0.0,0.0,0.0,-0.00014753909188109914,-9.298323566467392e-06,1.5702800730175848,0.0,0.0,0.0
1067,1,-283.62332,404.04254,-0.010653343,0.0,-0.0,0.0,0.0,-0.00014753909188109914,-9.298323566467392e-06,1.5702800730175848,0.0,0.0,0.0
1068,1,-283.62332,404.04254,-0.010653343,0.0,-0.0,0.0,0.0,-0.00014753909188109914,-9.298323566467392e-06,1.5702800730175848,0.0,0.0,0.0
1069,1,-283.62332,404.04254,-0.010653343,0.0,-0.0,0.0,0.0,-0.00014753909188109914,-9.298323566467392e-06,1.5702800730175848,0.0,0.0,0.0
1070,1,-283.62332,404.04254,-0.010653343,0.0,-0.0,0.0,0.0,-0.00014753909188109914,-9.298323566467392e-06,1.5702800730175848,0.0,0.0,0.0
1071,1,-283.62332,404.04254,-0.010653343,0.0,-0.0,0.0,0.0,-0.00014753909188109914,-9.298323566467392e-06,1.5702800730175848,0.0,0.0,0.0
1072,1,-283.62332,404.04254,-0.010653343,0.0,-0.0,0.0,0.0,-0.00014753909188109914,-9.298323566467392e-06,1.5702800730175848,0.0,0.0,0.0
1073,1,-283.62332,404.04254,-0.010653343,0.0,-0.0,0.0,0.0,-0.00014753909188109914,-9.298323566467392e-06,1.5702800730175848,0.0,0.0,0.0
1074,1,-283.62332,404.04254,-0.010653343,0.0,-0.0,0.0,0.0,-0.00014753909188109914,-9.298323566467392e-06,1.5702800730175848,0.0,0.0,0.0
1075,1,-283.62332,404.04254,-0.010653343,0.0,-0.0,0.0,0.0,-0.00014753909188109914,-9.298323566467392e-06,1.5702800730175848,0.0,0.0,0.0
1076,1,-283.62332,404.04254,-0.010653343,0.0,-0.0,0.0,0.0,-0.00014753909188109914,-9.298323566467392e-06,1.5702800730175848,0.0,0.0,0.0
1077,1,-283.62332,404.04254,-0.010653343,0.0,-0.0,0.0,0.0,-0.00014753909188109914,-9.298323566467392e-06,1.5702800730175848,0.0,0.0,0.0
1078,1,-283.62332,404.04254,-0.010653343,0.0,-0.0,0.0,0.0,-0.00014753909188109914,-9.298323566467392e-06,1.5702800730175848,0.0,0.0,0.0
1079,1,-283.62332,404.04254,-0.010653343,0.0,-0.0,0.0,0.0,-0.00014753909188109914,-9.298323566467392e-06,1.5702800730175848,0.0,0.0,0.0
1080,1,-283.62332,404.04254,-0.010653343,0.0,-0.0,0.0,0.0,-0.00014753909188109914,-9.298323566467392e-06,1.5702800730175848,0.0,0.0,0.0
1081,1,-283.62332,404.04254,-0.010653343,0.0,-0.0,0.0,0.0,-0.00014753909188109914,-9.298323566467392e-06,1.5702800730175848,0.0,0.0,0.0
1082,1,-283.62332,404.04254,-0.010653343,0.0,-0.0,0.0,0.0,-0.00014753909188109914,-9.298323566467392e-06,1.5702800730175848,0.0,0.0,0.0
1083,1,-283.62332,404.04254,-0.010653343,0.0,-0.0,0.0,0.0,-0.00014753909188109914,-9.298323566467392e-06,1.5702800730175848,0.0,0.0,0.0
1084,1,-283.62332,404.04254,-0.010653343,0.0,-0.0,0.0,0.0,-0.00014753909188109914,-9.298323566467392e-06,1.5702800730175848,0.0,0.0,0.0
1085,1,-283.62332,404.04254,-0.010653343,0.0,-0.0,0.0,0.0,-0.00014753909188109914,-9.298323566467392e-06,1.5702800730175848,0.0,0.0,0.0
1086,1,-283.62332,404.04254,-0.010653343,0.0,-0.0,0.0,0.0,-0.00014753909188109914,-9.298323566467392e-06,1.5702800730175848,0.0,0.0,0.0
1087,1,-283.62332,404.04254,-0.010653343,0.0,-0.0,0.0,0.0,-0.00014753909188109914,-9.298323566467392e-06,1.5702800730175848,0.0,0.0,0.0
1088,1,-283.62332,404.04254,-0.010653343,0.0,-0.0,0.0,0.0,-0.00014753909188109914,-9.298323566467392e-06,1.5702800730175848,0.0,0.0,0.0
1089,1,-283.62332,404.04254,-0.010653343,0.0,-0.0,0.0,0.0,-0.00014753909188109914,-9.298323566467392e-06,1.5702800730175848,0.0,0.0,0.0
1090,1,-283.62332,404.04254,-0.010653343,0.0,-0.0,0.0,0.0,-0.00014753909188109914,-9.298323566467392e-06,1.5702800730175848,0.0,0.0,0.0
1091,1,-283.62332,404.04254,-0.010653343,0.0,-0.0,0.0,0.0,-0.00014753909188109914,-9.298323566467392e-06,1.5702800730175848,0.0,0.0,0.0
1092,1,-283.62332,404.04254,-0.010653343,0.0,-0.0,0.0,0.0,-0.00014753909188109914,-9.298323566467392e-06,1.5702800730175848,0.0,0.0,0.0
1093,1,-283.62332,404.04254,-0.010653343,0.0,-0.0,0.0,0.0,-0.00014753909188109914,-9.298323566467392e-06,1.5702800730175848,0.0,0.0,0.0
1094,1,-283.62332,404.04254,-0.010653343,0.0,-0.0,0.0,0.0,-0.00014753909188109914,-9.298323566467392e-06,1.5702800730175848,0.0,0.0,0.0
1095,1,-283.62332,404.04254,-0.010653343,0.0,-0.0,0.0,0.0,-0.00014753909188109914,-9.298323566467392e-06,1.5702800730175848,0.0,0.0,0.0
1096,1,-283.62332,404.04254,-0.010653343,0.0,-0.0,0.0,0.0,-0.00014753909188109914,-9.298323566467392e-06,1.5702800730175848,0.0,0.0,0.0
1097,1,-283.62332,404.04254,-0.010653343,0.0,-0.0,0.0,0.0,-0.00014753909188109914,-9.298323566467392e-06,1.5702800730175848,0.0,0.0,0.0
1098,1,-283.62332,404.04254,-0.010653343,0.0,-0.0,0.0,0.0,-0.00014753909188109914,-9.298323566467392e-06,1.5702800730175848,0.0,0.0,0.0
1099,1,-283.62332,404.04254,-0.010653343,0.0,-0.0,0.0,0.0,-0.00014753909188109914,-9.298323566467392e-06,1.5702800730175848,0.0,0.0,0.0
1100,1,-283.62332,404.04254,-0.010653343,0.0,-0.0,0.0,0.0,-0.00014753909188109914,-9.298323566467392e-06,1.5702800730175848,0.0,0.0,0.0
1101,1,-283.62332,404.04254,-0.010653343,0.0,-0.0,0.0,0.0,-0.00014753909188109914,-9.298323566467392e-06,1.5702800730175848,0.0,0.0,0.0
1102,1,-283.62332,404.04254,-0.010653343,0.0,-0.0,0.0,0.0,-0.00014753909188109914,-9.298323566467392e-06,1.5702800730175848,0.0,0.0,0.0
1103,1,-283.62332,404.04254,-0.010653343,0.0,-0.0,0.0,0.0,-0.00014753909188109914,-9.298323566467392e-06,1.5702800730175848,0.0,0.0,0.0
1104,1,-283.62332,404.04254,-0.010653343,0.0,-0.0,0.0,0.0,-0.00014753909188109914,-9.298323566467392e-06,1.5702800730175848,0.0,0.0,0.0
1105,1,-283.62332,404.04254,-0.010653343,0.0,-0.0,0.0,0.0,-0.00014753909188109914,-9.298323566467392e-06,1.5702800730175848,0.0,0.0,0.0
1106,1,-283.62332,404.04254,-0.010653343,0.0,-0.0,0.0,0.0,-0.00014753909188109914,-9.298323566467392e-06,1.5702800730175848,0.0,0.0,0.0
1107,1,-283.62332,404.04254,-0.010653343,0.0,-0.0,0.0,0.0,-0.00014753909188109914,-9.298323566467392e-06,1.5702800730175848,0.0,0.0,0.0
1108,1,-283.62332,404.04254,-0.010653343,0.0,-0.0,0.0,0.0,-0.00014753909188109914,-9.298323566467392e-06,1.5702800730175848,0.0,0.0,0.0
1109,1,-283.62332,404.04254,-0.010653343,0.0,-0.0,0.0,0.0,-0.00014753909188109914,-9.298323566467392e-06,1.5702800730175848,0.0,0.0,0.0
1110,1,-283.62332,404.04254,-0.010653343,0.0,-0.0,0.0,0.0,-0.00014753909188109914,-9.298323566467392e-06,1.5702800730175848,0.0,0.0,0.0
1111,1,-283.62332,404.04254,-0.010653343,0.0,-0.0,0.0,0.0,-0.00014753909188109914,-9.298323566467392e-06,1.5702800730175848,0.0,0.0,0.0
1112,1,-283.62332,404.04254,-0.010653343,0.0,-0.0,0.0,0.0,-0.00014753909188109914,-9.298323566467392e-06,1.5702800730175848,0.0,0.0,0.0
1113,1,-283.62332,404.04254,-0.010653343,0.0,-0.0,0.0,0.0,-0.00014753909188109914,-9.298323566467392e-06,1.5702800730175848,0.0,0.0,0.0
1114,1,-283.62332,404.04254,-0.010653343,0.0,-0.0,0.0,0.0,-0.00014753909188109914,-9.298323566467392e-06,1.5702800730175848,0.0,0.0,0.0
1115,1,-283.62332,404.04254,-0.010653343,0.0,-0.0,0.0,0.0,-0.00014753909188109914,-9.298323566467392e-06,1.5702800730175848,0.0,0.0,0.0
1116,1,-283.62332,404.04254,-0.010653343,0.0,-0.0,0.0,0.0,-0.00014753909188109914,-9.298323566467392e-06,1.5702800730175848,0.0,0.0,0.0
1117,1,-283.62332,404.04254,-0.010653343,0.0,-0.0,0.0,0.0,-0.00014753909188109914,-9.298323566467392e-06,1.5702800730175848,0.0,0.0,0.0
1118,1,-283.62332,404.04254,-0.010653343,0.0,-0.0,0.0,0.0,-0.00014753909188109914,-9.298323566467392e-06,1.5702800730175848,0.0,0.0,0.0
1119,1,-283.62332,404.04254,-0.010653343,0.0,-0.0,0.0,0.0,-0.00014753909188109914,-9.298323566467392e-06,1.5702800730175848,0.0,0.0,0.0
1120,1,-283.62332,404.04254,-0.010653343,0.0,-0.0,0.0,0.0,-0.00014753909188109914,-9.298323566467392e-06,1.5702800730175848,0.0,0.0,0.0
1121,1,-283.62332,404.04254,-0.010653343,0.0,-0.0,0.0,0.0,-0.00014753909188109914,-9.298323566467392e-06,1.5702800730175848,0.0,0.0,0.0
1122,1,-283.62332,404.04254,-0.010653343,0.0,-0.0,0.0,0.0,-0.00014753909188109914,-9.298323566467392e-06,1.5702800730175848,0.0,0.0,0.0
1123,1,-283.62332,404.04254,-0.010653343,0.0,-0.0,0.0,0.0,-0.00014753909188109914,-9.298323566467392e-06,1.5702800730175848,0.0,0.0,0.0
1124,1,-283.62332,404.04254,-0.010653343,0.0,-0.0,0.0,0.0,-0.00014753909188109914,-9.298323566467392e-06,1.5702800730175848,0.0,0.0,0.0
1125,1,-283.62332,404.04254,-0.010653343,0.0,-0.0,0.0,0.0,-0.00014753909188109914,-9.298323566467392e-06,1.5702800730175848,0.0,0.0,0.0
1126,1,-283.62332,404.04254,-0.010653343,0.0,-0.0,0.0,0.0,-0.00014753909188109914,-9.298323566467392e-06,1.5702800730175848,0.0,0.0,0.0
1127,1,-283.62332,404.04254,-0.010653343,0.0,-0.0,0.0,0.0,-0.00014753909188109914,-9.298323566467392e-06,1.5702800730175848,0.0,0.0,0.0
1128,1,-283.62332,404.04254,-0.010653343,0.0,-0.0,0.0,0.0,-0.00014753909188109914,-9.298323566467392e-06,1.5702800730175848,0.0,0.0,0.0
1129,1,-283.62332,404.04254,-0.010653343,0.0,-0.0,0.0,0.0,-0.00014753909188109914,-9.298323566467392e-06,1.5702800730175848,0.0,0.0,0.0
1130,1,-283.62332,404.04254,-0.010653343,0.0,-0.0,0.0,0.0,-0.00014753909188109914,-9.298323566467392e-06,1.5702800730175848,0.0,0.0,0.0
1131,1,-283.62332,404.04254,-0.010653343,0.0,-0.0,0.0,0.0,-0.00014753909188109914,-9.298323566467392e-06,1.5702800730175848,0.0,0.0,0.0
1132,1,-283.62332,404.04254,-0.010653343,0.0,-0.0,0.0,0.0,-0.00014753909188109914,-9.298323566467392e-06,1.5702800730175848,0.0,0.0,0.0
1133,1,-283.62332,404.04254,-0.010653343,0.0,-0.0,0.0,0.0,-0.00014753909188109914,-9.298323566467392e-06,1.5702800730175848,0.0,0.0,0.0
1134,1,-283.62332,404.04254,-0.010653343,0.0,-0.0,0.0,0.0,-0.00014753909188109914,-9.298323566467392e-06,1.5702800730175848,0.0,0.0,0.0
1135,1,-283.62332,404.04254,-0.010653343,0.0,-0.0,0.0,0.0,-0.00014753909188109914,-9.298323566467392e-06,1.5702800730175848,0.0,0.0,0.0
1136,1,-283.62332,404.04254,-0.010653343,0.0,-0.0,0.0,0.0,-0.00014753909188109914,-9.298323566467392e-06,1.5702800730175848,0.0,0.0,0.0
1137,1,-283.62332,404.04254,-0.010653343,0.0,-0.0,0.0,0.0,-0.00014753909188109914,-9.298323566467392e-06,1.5702800730175848,0.0,0.0,0.0
1138,1,-283.62332,404.04254,-0.010653343,0.0,-0.0,0.0,0.0,-0.00014753909188109914,-9.298323566467392e-06,1.5702800730175848,0.0,0.0,0.0
1139,1,-283.62332,404.04254,-0.010653343,0.0,-0.0,0.0,0.0,-0.00014753909188109914,-9.298323566467392e-06,1.5702800730175848,0.0,0.0,0.0
1140,1,-283.62332,404.04254,-0.010653343,0.0,-0.0,0.0,0.0,-0.00014753909188109914,-9.298323566467392e-06,1.5702800730175848,0.0,0.0,0.0
1141,1,-283.62332,404.04254,-0.010653343,0.0,-0.0,0.0,0.0,-0.00014753909188109914,-9.298323566467392e-06,1.5702800730175848,0.0,0.0,0.0
1142,1,-283.62332,404.04254,-0.010653343,0.0,-0.0,0.0,0.0,-0.00014753909188109914,-9.298323566467392e-06,1.5702800730175848,0.0,0.0,0.0
1143,1,-283.62332,404.04254,-0.010653343,0.0,-0.0,0.0,0.0,-0.00014753909188109914,-9.298323566467392e-06,1.5702800730175848,0.0,0.0,0.0
1144,1,-283.62332,404.04254,-0.010653343,0.0,-0.0,0.0,0.0,-0.00014753909188109914,-9.298323566467392e-06,1.5702800730175848,0.0,0.0,0.0
1145,1,-283.62332,404.04254,-0.010653343,0.0,-0.0,0.0,0.0,-0.00014753909188109914,-9.298323566467392e-06,1.5702800730175848,0.0,0.0,0.0
1146,1,-283.62332,404.04254,-0.010653343,0.0,-0.0,0.0,0.0,-0.00014753909188109914,-9.298323566467392e-06,1.5702800730175848,0.0,0.0,0.0
1147,1,-283.62332,404.04254,-0.010653343,0.0,-0.0,0.0,0.0,-0.00014753909188109914,-9.298323566467392e-06,1.5702800730175848,0.0,0.0,0.0
1148,1,-283.62332,404.04254,-0.010653343,0.0,-0.0,0.0,0.0,-0.00014753909188109914,-9.298323566467392e-06,1.5702800730175848,0.0,0.0,0.0
1149,1,-283.62332,404.04254,-0.010653343,0.0,-0.0,0.0,0.0,-0.00014753909188109914,-9.298323566467392e-06,1.5702800730175848,0.0,0.0,0.0
1150,1,-283.62332,404.04254,-0.010653343,0.0,-0.0,0.0,0.0,-0.00014753909188109914,-9.298323566467392e-06,1.5702800730175848,0.0,0.0,0.0
1151,1,-283.62332,404.04254,-0.010653343,0.0,-0.0,0.0,0.0,-0.00014753909188109914,-9.298323566467392e-06,1.5702800730175848,0.0,0.0,0.0
1152,1,-283.62332,404.04254,-0.010653343,0.0,-0.0,0.0,0.0,-0.00014753909188109914,-9.298323566467392e-06,1.5702800730175848,0.0,0.0,0.0
1153,1,-283.62332,404.04254,-0.010653343,0.0,-0.0,0.0,0.0,-0.00014753909188109914,-9.298323566467392e-06,1.5702800730175848,0.0,0.0,0.0
1154,1,-283.62332,404.04254,-0.010653343,0.0,-0.0,0.0,0.0,-0.00014753909188109914,-9.298323566467392e-06,1.5702800730175848,0.0,0.0,0.0
1155,1,-283.62332,404.04254,-0.010653343,0.0,-0.0,0.0,0.0,-0.00014753909188109914,-9.298323566467392e-06,1.5702800730175848,0.0,0.0,0.0
1156,1,-283.62332,404.04254,-0.010653343,0.0,-0.0,0.0,0.0,-0.00014753909188109914,-9.298323566467392e-06,1.5702800730175848,0.0,0.0,0.0
1157,1,-283.62332,404.04254,-0.010653343,0.0,-0.0,0.0,0.0,-0.00014753909188109914,-9.298323566467392e-06,1.5702800730175848,0.0,0.0,0.0
1158,1,-283.62332,404.04254,-0.010653343,0.0,-0.0,0.0,0.0,-0.00014753909188109914,-9.298323566467392e-06,1.5702800730175848,0.0,0.0,0.0
1159,1,-283.62332,404.04254,-0.010653343,0.0,-0.0,0.0,0.0,-0.00014753909188109914,-9.298323566467392e-06,1.5702800730175848,0.0,0.0,0.0
1160,1,-283.62332,404.04254,-0.010653343,0.0,-0.0,0.0,0.0,-0.00014753909188109914,-9.298323566467392e-06,1.5702800730175848,0.0,0.0,0.0
1161,1,-283.62332,404.04254,-0.010653343,0.0,-0.0,0.0,0.0,-0.00014753909188109914,-9.298323566467392e-06,1.5702800730175848,0.0,0.0,0.0
1162,1,-283.62332,404.04254,-0.010653343,0.0,-0.0,0.0,0.0,-0.00014753909188109914,-9.298323566467392e-06,1.5702800730175848,0.0,0.0,0.0
1163,1,-283.62332,404.04254,-0.010653343,0.0,-0.0,0.0,0.0,-0.00014753909188109914,-9.298323566467392e-06,1.5702800730175848,0.0,0.0,0.0
1164,1,-283.62332,404.04254,-0.010653343,0.0,-0.0,0.0,0.0,-0.00014753909188109914,-9.298323566467392e-06,1.5702800730175848,0.0,0.0,0.0
1165,1,-283.62332,404.04254,-0.010653343,0.0,-0.0,0.0,0.0,-0.00014753909188109914,-9.298323566467392e-06,1.5702800730175848,0.0,0.0,0.0
1166,1,-283.62332,404.04254,-0.010653343,0.0,-0.0,0.0,0.0,-0.00014753909188109914,-9.298323566467392e-06,1.5702800730175848,0.0,0.0,0.0
1167,1,-283.62332,404.04254,-0.010653343,0.0,-0.0,0.0,0.0,-0.00014753909188109914,-9.298323566467392e-06,1.5702800730175848,0.0,0.0,0.0
1168,1,-283.62332,404.04254,-0.010653343,0.0,-0.0,0.0,0.0,-0.00014753909188109914,-9.298323566467392e-06,1.5702800730175848,0.0,0.0,0.0
1169,1,-283.62332,404.04254,-0.010653343,0.0,-0.0,0.0,0.0,-0.00014753909188109914,-9.298323566467392e-06,1.5702800730175848,0.0,0.0,0.0
1170,1,-283.62332,404.04254,-0.010653343,0.0,-0.0,0.0,0.0,-0.00014753909188109914,-9.298323566467392e-06,1.5702800730175848,0.0,0.0,0.0
1171,1,-283.62332,404.04254,-0.010653343,0.0,-0.0,0.0,0.0,-0.00014753909188109914,-9.298323566467392e-06,1.5702800730175848,0.0,0.0,0.0
1172,1,-283.62332,404.04254,-0.010653343,0.0,-0.0,0.0,0.0,-0.00014753909188109914,-9.298323566467392e-06,1.5702800730175848,0.0,0.0,0.0
1173,1,-283.62332,404.04254,-0.010653343,0.0,-0.0,0.0,0.0,-0.00014753909188109914,-9.298323566467392e-06,1.5702800730175848,0.0,0.0,0.0
1174,1,-283.62332,404.04254,-0.010653343,0.0,-0.0,0.0,0.0,-0.00014753909188109914,-9.298323566467392e-06,1.5702800730175848,0.0,0.0,0.0
1175,1,-283.62332,404.04254,-0.010653343,0.0,-0.0,0.0,0.0,-0.00014753909188109914,-9.298323566467392e-06,1.5702800730175848,0.0,0.0,0.0
1176,1,-283.62332,404.04254,-0.010653343,0.0,-0.0,0.0,0.0,-0.00014753909188109914,-9.298323566467392e-06,1.5702800730175848,0.0,0.0,0.0
1177,1,-283.62332,404.04254,-0.010653343,0.0,-0.0,0.0,0.0,-0.00014753909188109914,-9.298323566467392e-06,1.5702800730175848,0.0,0.0,0.0
1178,1,-283.62332,404.04254,-0.010653343,0.0,-0.0,0.0,0.0,-0.00014753909188109914,-9.298323566467392e-06,1.5702800730175848,0.0,0.0,0.0
1179,1,-283.62332,404.04254,-0.010653343,0.0,-0.0,0.0,0.0,-0.00014753909188109914,-9.298323566467392e-06,1.5702800730175848,0.0,0.0,0.0
1180,1,-283.62332,404.04254,-0.010653343,0.0,-0.0,0.0,0.0,-0.00014753909188109914,-9.298323566467392e-06,1.5702800730175848,0.0,0.0,0.0
1181,1,-283.62332,404.04254,-0.010653343,0.0,-0.0,0.0,0.0,-0.00014753909188109914,-9.298323566467392e-06,1.5702800730175848,0.0,0.0,0.0
1182,1,-283.62332,404.04254,-0.010653343,0.0,-0.0,0.0,0.0,-0.00014753909188109914,-9.298323566467392e-06,1.5702800730175848,0.0,0.0,0.0
1183,1,-283.62332,404.04254,-0.010653343,0.0,-0.0,0.0,0.0,-0.00014753909188109914,-9.298323566467392e-06,1.5702800730175848,0.0,0.0,0.0
1184,1,-283.62332,404.04254,-0.010653343,0.0,-0.0,0.0,0.0,-0.00014753909188109914,-9.298323566467392e-06,1.5702800730175848,0.0,0.0,0.0
1185,1,-283.62332,404.04254,-0.010653343,0.0,-0.0,0.0,0.0,-0.00014753909188109914,-9.298323566467392e-06,1.5702800730175848,0.0,0.0,0.0
1186,1,-283.62332,404.04254,-0.010653343,0.0,-0.0,0.0,0.0,-0.00014753909188109914,-9.298323566467392e-06,1.5702800730175848,0.0,0.0,0.0
1187,1,-283.62332,404.04254,-0.010653343,0.0,-0.0,0.0,0.0,-0.00014753909188109914,-9.298323566467392e-06,1.5702800730175848,0.0,0.0,0.0
1188,1,-283.62332,404.04254,-0.010653343,0.0,-0.0,0.0,0.0,-0.00014753909188109914,-9.298323566467392e-06,1.5702800730175848,0.0,0.0,0.0
1189,1,-283.62332,404.04254,-0.010653343,0.0,-0.0,0.0,0.0,-0.00014753909188109914,-9.298323566467392e-06,1.5702800730175848,0.0,0.0,0.0
1190,1,-283.62332,404.04254,-0.010653343,0.0,-0.0,0.0,0.0,-0.00014753909188109914,-9.298323566467392e-06,1.5702800730175848,0.0,0.0,0.0
1191,1,-283.62332,404.04254,-0.010653343,0.0,-0.0,0.0,0.0,-0.00014753909188109914,-9.298323566467392e-06,1.5702800730175848,0.0,0.0,0.0
1192,1,-283.62332,404.04254,-0.010653343,0.0,-0.0,0.0,0.0,-0.00014753909188109914,-9.298323566467392e-06,1.5702800730175848,0.0,0.0,0.0
1193,1,-283.62332,404.04254,-0.010653343,0.0,-0.0,0.0,0.0,-0.00014753909188109914,-9.298323566467392e-06,1.5702800730175848,0.0,0.0,0.0
1194,1,-283.62332,404.04254,-0.010653343,0.0,-0.0,0.0,0.0,-0.00014753909188109914,-9.298323566467392e-06,1.5702800730175848,0.0,0.0,0.0
1195,1,-283.62332,404.04254,-0.010653343,0.0,-0.0,0.0,0.0,-0.00014753909188109914,-9.298323566467392e-06,1.5702800730175848,0.0,0.0,0.0
1196,1,-283.62332,404.04254,-0.010653343,0.0,-0.0,0.0,0.0,-0.00014753909188109914,-9.298323566467392e-06,1.5702800730175848,0.0,0.0,0.0
1197,1,-283.62332,404.04254,-0.010653343,0.0,-0.0,0.0,0.0,-0.00014753909188109914,-9.298323566467392e-06,1.5702800730175848,0.0,0.0,0.0
1198,1,-283.62332,404.04254,-0.010653343,0.0,-0.0,0.0,0.0,-0.00014753909188109914,-9.298323566467392e-06,1.5702800730175848,0.0,0.0,0.0
1199,1,-283.62332,404.04254,-0.010653343,0.0,-0.0,0.0,0.0,-0.00014753909188109914,-9.298323566467392e-06,1.5702800730175848,0.0,0.0,0.0
1200,1,-283.62332,404.04254,-0.010653343,0.0,-0.0,0.0,0.0,-0.00014753909188109914,-9.298323566467392e-06,1.5702800730175848,0.0,0.0,0.0
1201,1,-283.62332,404.04254,-0.010653343,0.0,-0.0,0.0,0.0,-0.00014753909188109914,-9.298323566467392e-06,1.5702800730175848,0.0,0.0,0.0
1202,1,-283.62332,404.04254,-0.010653343,0.0,-0.0,0.0,0.0,-0.00014753909188109914,-9.298323566467392e-06,1.5702800730175848,0.0,0.0,0.0
1203,1,-283.62332,404.04254,-0.010653343,0.0,-0.0,0.0,0.0,-0.00014753909188109914,-9.298323566467392e-06,1.5702800730175848,0.0,0.0,0.0
1204,1,-283.62332,404.04254,-0.010653343,0.0,-0.0,0.0,0.0,-0.00014753909188109914,-9.298323566467392e-06,1.5702800730175848,0.0,0.0,0.0
1205,1,-283.62332,404.04254,-0.010653343,0.0,-0.0,0.0,0.0,-0.00014753909188109914,-9.298323566467392e-06,1.5702800730175848,0.0,0.0,0.0
1206,1,-283.62332,404.04254,-0.010653343,0.0,-0.0,0.0,0.0,-0.00014753909188109914,-9.298323566467392e-06,1.5702800730175848,0.0,0.0,0.0
1207,1,-283.62332,404.04254,-0.010653343,0.0,-0.0,0.0,0.0,-0.00014753909188109914,-9.298323566467392e-06,1.5702800730175848,0.0,0.0,0.0
1208,1,-283.62332,404.04254,-0.010653343,0.0,-0.0,0.0,0.0,-0.00014753909188109914,-9.298323566467392e-06,1.5702800730175848,0.0,0.0,0.0
1209,1,-283.62332,404.04254,-0.010653343,0.0,-0.0,0.0,0.0,-0.00014753909188109914,-9.298323566467392e-06,1.5702800730175848,0.0,0.0,0.0
1210,1,-283.62332,404.04254,-0.010653343,0.0,-0.0,0.0,0.0,-0.00014753909188109914,-9.298323566467392e-06,1.5702800730175848,0.0,0.0,0.0
1211,1,-283.62332,404.04254,-0.010653343,0.0,-0.0,0.0,0.0,-0.00014753909188109914,-9.298323566467392e-06,1.5702800730175848,0.0,0.0,0.0
1212,1,-283.62332,404.04254,-0.010653343,0.0,-0.0,0.0,0.0,-0.00014753909188109914,-9.298323566467392e-06,1.5702800730175848,0.0,0.0,0.0
1213,1,-283.62332,404.04254,-0.010653343,0.0,-0.0,0.0,0.0,-0.00014753909188109914,-9.298323566467392e-06,1.5702800730175848,0.0,0.0,0.0
1214,1,-283.62332,404.04254,-0.010653343,0.0,-0.0,0.0,0.0,-0.00014753909188109914,-9.298323566467392e-06,1.5702800730175848,0.0,0.0,0.0
1215,1,-283.62332,404.04254,-0.010653343,0.0,-0.0,0.0,0.0,-0.00014753909188109914,-9.298323566467392e-06,1.5702800730175848,0.0,0.0,0.0
1216,1,-283.62332,404.04254,-0.010653343,0.0,-0.0,0.0,0.0,-0.00014753909188109914,-9.298323566467392e-06,1.5702800730175848,0.0,0.0,0.0
1217,1,-283.62332,404.04254,-0.010653343,0.0,-0.0,0.0,0.0,-0.00014753909188109914,-9.298323566467392e-06,1.5702800730175848,0.0,0.0,0.0
1218,1,-283.62332,404.04254,-0.010653343,0.0,-0.0,0.0,0.0,-0.00014753909188109914,-9.298323566467392e-06,1.5702800730175848,0.0,0.0,0.0
1219,1,-283.62332,404.04254,-0.010653343,0.0,-0.0,0.0,0.0,-0.00014753909188109914,-9.298323566467392e-06,1.5702800730175848,0.0,0.0,0.0
1220,1,-283.62332,404.04254,-0.010653343,0.0,-0.0,0.0,0.0,-0.00014753909188109914,-9.298323566467392e-06,1.5702800730175848,0.0,0.0,0.0
1221,1,-283.62332,404.04254,-0.010653343,0.0,-0.0,0.0,0.0,-0.00014753909188109914,-9.298323566467392e-06,1.5702800730175848,0.0,0.0,0.0
1222,1,-283.62332,404.04254,-0.010653343,0.0,-0.0,0.0,0.0,-0.00014753909188109914,-9.298323566467392e-06,1.5702800730175848,0.0,0.0,0.0
1223,1,-283.62332,404.04254,-0.010653343,0.0,-0.0,0.0,0.0,-0.00014753909188109914,-9.298323566467392e-06,1.5702800730175848,0.0,0.0,0.0
1224,1,-283.62332,404.04254,-0.010653343,0.0,-0.0,0.0,0.0,-0.00014753909188109914,-9.298323566467392e-06,1.5702800730175848,0.0,0.0,0.0
1225,1,-283.62332,404.04254,-0.010653343,0.0,-0.0,0.0,0.0,-0.00014753909188109914,-9.298323566467392e-06,1.5702800730175848,0.0,0.0,0.0
1226,1,-283.62332,404.04254,-0.010653343,0.0,-0.0,0.0,0.0,-0.00014753909188109914,-9.298323566467392e-06,1.5702800730175848,0.0,0.0,0.0
1227,1,-283.62332,404.04254,-0.010653343,0.0,-0.0,0.0,0.0,-0.00014753909188109914,-9.298323566467392e-06,1.5702800730175848,0.0,0.0,0.0
1228,1,-283.62332,404.04254,-0.010653343,0.0,-0.0,0.0,0.0,-0.00014753909188109914,-9.298323566467392e-06,1.5702800730175848,0.0,0.0,0.0
1229,1,-283.62332,404.04254,-0.010653343,0.0,-0.0,0.0,0.0,-0.00014753909188109914,-9.298323566467392e-06,1.5702800730175848,0.0,0.0,0.0
1230,1,-283.62332,404.04254,-0.010653343,0.0,-0.0,0.0,0.0,-0.00014753909188109914,-9.298323566467392e-06,1.5702800730175848,0.0,0.0,0.0
1231,1,-283.62332,404.04254,-0.010653343,0.0,-0.0,0.0,0.0,-0.00014753909188109914,-9.298323566467392e-06,1.5702800730175848,0.0,0.0,0.0
1232,1,-283.62332,404.04254,-0.010653343,0.0,-0.0,0.0,0.0,-0.00014753909188109914,-9.298323566467392e-06,1.5702800730175848,0.0,0.0,0.0
1233,1,-283.62332,404.04254,-0.010653343,0.0,-0.0,0.0,0.0,-0.00014753909188109914,-9.298323566467392e-06,1.5702800730175848,0.0,0.0,0.0
1234,1,-283.62332,404.04254,-0.010653343,0.0,-0.0,0.0,0.0,-0.00014753909188109914,-9.298323566467392e-06,1.5702800730175848,0.0,0.0,0.0
1235,1,-283.62332,404.04254,-0.010653343,0.0,-0.0,0.0,0.0,-0.00014753909188109914,-9.298323566467392e-06,1.5702800730175848,0.0,0.0,0.0
1236,1,-283.62332,404.04254,-0.010653343,0.0,-0.0,0.0,0.0,-0.00014753909188109914,-9.298323566467392e-06,1.5702800730175848,0.0,0.0,0.0
1237,1,-283.62332,404.04254,-0.010653343,0.0,-0.0,0.0,0.0,-0.00014753909188109914,-9.298323566467392e-06,1.5702800730175848,0.0,0.0,0.0
1238,1,-283.62332,404.04254,-0.010653343,0.0,-0.0,0.0,0.0,-0.00014753909188109914,-9.298323566467392e-06,1.5702800730175848,0.0,0.0,0.0
1239,1,-283.62332,404.04254,-0.010653343,0.0,-0.0,0.0,0.0,-0.00014753909188109914,-9.298323566467392e-06,1.5702800730175848,0.0,0.0,0.0
1240,1,-283.62332,404.04254,-0.010653343,0.0,-0.0,0.0,0.0,-0.00014753909188109914,-9.298323566467392e-06,1.5702800730175848,0.0,0.0,0.0
1241,1,-283.62332,404.04254,-0.010653343,0.0,-0.0,0.0,0.0,-0.00014753909188109914,-9.298323566467392e-06,1.5702800730175848,0.0,0.0,0.0
1242,1,-283.62332,404.04254,-0.010653343,0.0,-0.0,0.0,0.0,-0.00014753909188109914,-9.298323566467392e-06,1.5702800730175848,0.0,0.0,0.0
1243,1,-283.62332,404.04254,-0.010653343,0.0,-0.0,0.0,0.0,-0.00014753909188109914,-9.298323566467392e-06,1.5702800730175848,0.0,0.0,0.0
1244,1,-283.62332,404.04254,-0.010653343,0.0,-0.0,0.0,0.0,-0.00014753909188109914,-9.298323566467392e-06,1.5702800730175848,0.0,0.0,0.0
1245,1,-283.62332,404.04254,-0.010653343,0.0,-0.0,0.0,0.0,-0.00014753909188109914,-9.298323566467392e-06,1.5702800730175848,0.0,0.0,0.0
1246,1,-283.62332,404.04254,-0.010653343,0.0,-0.0,0.0,0.0,-0.00014753909188109914,-9.298323566467392e-06,1.5702800730175848,0.0,0.0,0.0
1247,1,-283.62332,404.04254,-0.010653343,0.0,-0.0,0.0,0.0,-0.00014753909188109914,-9.298323566467392e-06,1.5702800730175848,0.0,0.0,0.0
1248,1,-283.62332,404.04254,-0.010653343,0.0,-0.0,0.0,0.0,-0.00014753909188109914,-9.298323566467392e-06,1.5702800730175848,0.0,0.0,0.0
1249,1,-283.62332,404.04254,-0.010653343,0.0,-0.0,0.0,0.0,-0.00014753909188109914,-9.298323566467392e-06,1.5702800730175848,0.0,0.0,0.0
1250,1,-283.62332,404.04254,-0.010653343,0.0,-0.0,0.0,0.0,-0.00014753909188109914,-9.298323566467392e-06,1.5702800730175848,0.0,0.0,0.0
1251,1,-283.62332,404.04254,-0.010653343,0.0,-0.0,0.0,0.0,-0.00014753909188109914,-9.298323566467392e-06,1.5702800730175848,0.0,0.0,0.0
1252,1,-283.62332,404.04254,-0.010653343,0.0,-0.0,0.0,0.0,-0.00014753909188109914,-9.298323566467392e-06,1.5702800730175848,0.0,0.0,0.0
1253,1,-283.62332,404.04254,-0.010653343,0.0,-0.0,0.0,0.0,-0.00014753909188109914,-9.298323566467392e-06,1.5702800730175848,0.0,0.0,0.0
1254,1,-283.62332,404.04254,-0.010653343,0.0,-0.0,0.0,0.0,-0.00014753909188109914,-9.298323566467392e-06,1.5702800730175848,0.0,0.0,0.0
1255,1,-283.62332,404.04254,-0.010653343,0.0,-0.0,0.0,0.0,-0.00014753909188109914,-9.298323566467392e-06,1.5702800730175848,0.0,0.0,0.0
1256,1,-283.62332,404.04254,-0.010653343,0.0,-0.0,0.0,0.0,-0.00014753909188109914,-9.298323566467392e-06,1.5702800730175848,0.0,0.0,0.0
1257,1,-283.62332,404.04254,-0.010653343,0.0,-0.0,0.0,0.0,-0.00014753909188109914,-9.298323566467392e-06,1.5702800730175848,0.0,0.0,0.0
1258,1,-283.62332,404.04254,-0.010653343,0.0,-0.0,0.0,0.0,-0.00014753909188109914,-9.298323566467392e-06,1.5702800730175848,0.0,0.0,0.0
1259,1,-283.62332,404.04254,-0.010653343,0.0,-0.0,0.0,0.0,-0.00014753909188109914,-9.298323566467392e-06,1.5702800730175848,0.0,0.0,0.0
1260,1,-283.62332,404.04254,-0.010653343,0.0,-0.0,0.0,0.0,-0.00014753909188109914,-9.298323566467392e-06,1.5702800730175848,0.0,0.0,0.0
1261,1,-283.62332,404.04254,-0.010653343,0.0,-0.0,0.0,0.0,-0.00014753909188109914,-9.298323566467392e-06,1.5702800730175848,0.0,0.0,0.0
1262,1,-283.62332,404.04254,-0.010653343,0.0,-0.0,0.0,0.0,-0.00014753909188109914,-9.298323566467392e-06,1.5702800730175848,0.0,0.0,0.0
1263,1,-283.62332,404.04254,-0.010653343,0.0,-0.0,0.0,0.0,-0.00014753909188109914,-9.298323566467392e-06,1.5702800730175848,0.0,0.0,0.0
1264,1,-283.62332,404.04254,-0.010653343,0.0,-0.0,0.0,0.0,-0.00014753909188109914,-9.298323566467392e-06,1.5702800730175848,0.0,0.0,0.0
1265,1,-283.62332,404.04254,-0.010653343,0.0,-0.0,0.0,0.0,-0.00014753909188109914,-9.298323566467392e-06,1.5702800730175848,0.0,0.0,0.0
1266,1,-283.62332,404.04254,-0.010653343,0.0,-0.0,0.0,0.0,-0.00014753909188109914,-9.298323566467392e-06,1.5702800730175848,0.0,0.0,0.0
1267,1,-283.62332,404.04254,-0.010653343,0.0,-0.0,0.0,0.0,-0.00014753909188109914,-9.298323566467392e-06,1.5702800730175848,0.0,0.0,0.0
1268,1,-283.62332,404.04254,-0.010653343,0.0,-0.0,0.0,0.0,-0.00014753909188109914,-9.298323566467392e-06,1.5702800730175848,0.0,0.0,0.0
1269,1,-283.62332,404.04254,-0.010653343,0.0,-0.0,0.0,0.0,-0.00014753909188109914,-9.298323566467392e-06,1.5702800730175848,0.0,0.0,0.0
1270,1,-283.62332,404.04254,-0.010653343,0.0,-0.0,0.0,0.0,-0.00014753909188109914,-9.298323566467392e-06,1.5702800730175848,0.0,0.0,0.0
1271,1,-283.62332,404.04254,-0.010653343,0.0,-0.0,0.0,0.0,-0.00014753909188109914,-9.298323566467392e-06,1.5702800730175848,0.0,0.0,0.0
1272,1,-283.62332,404.04254,-0.010653343,0.0,-0.0,0.0,0.0,-0.00014753909188109914,-9.298323566467392e-06,1.5702800730175848,0.0,0.0,0.0
1273,1,-283.62332,404.04254,-0.010653343,0.0,-0.0,0.0,0.0,-0.00014753909188109914,-9.298323566467392e-06,1.5702800730175848,0.0,0.0,0.0
1274,1,-283.62332,404.04254,-0.010653343,0.0,-0.0,0.0,0.0,-0.00014753909188109914,-9.298323566467392e-06,1.5702800730175848,0.0,0.0,0.0
1275,1,-283.62332,404.04254,-0.010653343,0.0,-0.0,0.0,0.0,-0.00014753909188109914,-9.298323566467392e-06,1.5702800730175848,0.0,0.0,0.0
1276,1,-283.62332,404.04254,-0.010653343,0.0,-0.0,0.0,0.0,-0.00014753909188109914,-9.298323566467392e-06,1.5702800730175848,0.0,0.0,0.0
1277,1,-283.62332,404.04254,-0.010653343,0.0,-0.0,0.0,0.0,-0.00014753909188109914,-9.298323566467392e-06,1.5702800730175848,0.0,0.0,0.0
1278,1,-283.62332,404.04254,-0.010653343,0.0,-0.0,0.0,0.0,-0.00014753909188109914,-9.298323566467392e-06,1.5702800730175848,0.0,0.0,0.0
1279,1,-283.62332,404.04254,-0.010653343,0.0,-0.0,0.0,0.0,-0.00014753909188109914,-9.298323566467392e-06,1.5702800730175848,0.0,0.0,0.0
1280,1,-283.62332,404.04254,-0.010653343,0.0,-0.0,0.0,0.0,-0.00014753909188109914,-9.298323566467392e-06,1.5702800730175848,0.0,0.0,0.0
1281,1,-283.62332,404.04254,-0.010653343,0.0,-0.0,0.0,0.0,-0.00014753909188109914,-9.298323566467392e-06,1.5702800730175848,0.0,0.0,0.0
1282,1,-283.62332,404.04254,-0.010653343,0.0,-0.0,0.0,0.0,-0.00014753909188109914,-9.298323566467392e-06,1.5702800730175848,0.0,0.0,0.0
1283,1,-283.62332,404.04254,-0.010653343,0.0,-0.0,0.0,0.0,-0.00014753909188109914,-9.298323566467392e-06,1.5702800730175848,0.0,0.0,0.0
1284,1,-283.62332,404.04254,-0.010653343,0.0,-0.0,0.0,0.0,-0.00014753909188109914,-9.298323566467392e-06,1.5702800730175848,0.0,0.0,0.0
1285,1,-283.62332,404.04254,-0.010653343,0.0,-0.0,0.0,0.0,-0.00014753909188109914,-9.298323566467392e-06,1.5702800730175848,0.0,0.0,0.0
1286,1,-283.62332,404.04254,-0.010653343,0.0,-0.0,0.0,0.0,-0.00014753909188109914,-9.298323566467392e-06,1.5702800730175848,0.0,0.0,0.0
1287,1,-283.62332,404.04254,-0.010653343,0.0,-0.0,0.0,0.0,-0.00014753909188109914,-9.298323566467392e-06,1.5702800730175848,0.0,0.0,0.0
1288,1,-283.62332,404.04254,-0.010653343,0.0,-0.0,0.0,0.0,-0.00014753909188109914,-9.298323566467392e-06,1.5702800730175848,0.0,0.0,0.0
1289,1,-283.62332,404.04254,-0.010653343,0.0,-0.0,0.0,0.0,-0.00014753909188109914,-9.298323566467392e-06,1.5702800730175848,0.0,0.0,0.0
1290,1,-283.62332,404.04254,-0.010653343,0.0,-0.0,0.0,0.0,-0.00014753909188109914,-9.298323566467392e-06,1.5702800730175848,0.0,0.0,0.0
1291,1,-283.62332,404.04254,-0.010653343,0.0,-0.0,0.0,0.0,-0.00014753909188109914,-9.298323566467392e-06,1.5702800730175848,0.0,0.0,0.0
1292,1,-283.62332,404.04254,-0.010653343,0.0,-0.0,0.0,0.0,-0.00014753909188109914,-9.298323566467392e-06,1.5702800730175848,0.0,0.0,0.0
1293,1,-283.62332,404.04254,-0.010653343,0.0,-0.0,0.0,0.0,-0.00014753909188109914,-9.298323566467392e-06,1.5702800730175848,0.0,0.0,0.0
1294,1,-283.62332,404.04254,-0.010653343,0.0,-0.0,0.0,0.0,-0.00014753909188109914,-9.298323566467392e-06,1.5702800730175848,0.0,0.0,0.0
1295,1,-283.62332,404.04254,-0.010653343,0.0,-0.0,0.0,0.0,-0.00014753909188109914,-9.298323566467392e-06,1.5702800730175848,0.0,0.0,0.0
1296,1,-283.62332,404.04254,-0.010653343,0.0,-0.0,0.0,0.0,-0.00014753909188109914,-9.298323566467392e-06,1.5702800730175848,0.0,0.0,0.0
1297,1,-283.62332,404.04254,-0.010653343,0.0,-0.0,0.0,0.0,-0.00014753909188109914,-9.298323566467392e-06,1.5702800730175848,0.0,0.0,0.0
1298,1,-283.62332,404.04254,-0.010653343,0.0,-0.0,0.0,0.0,-0.00014753909188109914,-9.298323566467392e-06,1.5702800730175848,0.0,0.0,0.0
1299,1,-283.62332,404.04254,-0.010653343,0.0,-0.0,0.0,0.0,-0.00014753909188109914,-9.298323566467392e-06,1.5702800730175848,0.0,0.0,0.0
1300,1,-283.62332,404.04254,-0.010653343,0.0,-0.0,0.0,0.0,-0.00014753909188109914,-9.298323566467392e-06,1.5702800730175848,0.0,0.0,0.0
1301,1,-283.62332,404.04254,-0.010653343,0.0,-0.0,0.0,0.0,-0.00014753909188109914,-9.298323566467392e-06,1.5702800730175848,0.0,0.0,0.0
1302,1,-283.62332,404.04254,-0.010653343,0.0,-0.0,0.0,0.0,-0.00014753909188109914,-9.298323566467392e-06,1.5702800730175848,0.0,0.0,0.0
1303,1,-283.62332,404.04254,-0.010653343,0.0,-0.0,0.0,0.0,-0.00014753909188109914,-9.298323566467392e-06,1.5702800730175848,0.0,0.0,0.0
1304,1,-283.62332,404.04254,-0.010653343,0.0,-0.0,0.0,0.0,-0.00014753909188109914,-9.298323566467392e-06,1.5702800730175848,0.0,0.0,0.0
1305,1,-283.62332,404.04254,-0.010653343,0.0,-0.0,0.0,0.0,-0.00014753909188109914,-9.298323566467392e-06,1.5702800730175848,0.0,0.0,0.0
1306,1,-283.62332,404.04254,-0.010653343,0.0,-0.0,0.0,0.0,-0.00014753909188109914,-9.298323566467392e-06,1.5702800730175848,0.0,0.0,0.0
1307,1,-283.62332,404.04254,-0.010653343,0.0,-0.0,0.0,0.0,-0.00014753909188109914,-9.298323566467392e-06,1.5702800730175848,0.0,0.0,0.0
1308,1,-283.62332,404.04254,-0.010653343,0.0,-0.0,0.0,0.0,-0.00014753909188109914,-9.298323566467392e-06,1.5702800730175848,0.0,0.0,0.0
1309,1,-283.62332,404.04254,-0.010653343,0.0,-0.0,0.0,0.0,-0.00014753909188109914,-9.298323566467392e-06,1.5702800730175848,0.0,0.0,0.0
1310,1,-283.62332,404.04254,-0.010653343,0.0,-0.0,0.0,0.0,-0.00014753909188109914,-9.298323566467392e-06,1.5702800730175848,0.0,0.0,0.0
1311,1,-283.62332,404.04254,-0.010653343,0.0,-0.0,0.0,0.0,-0.00014753909188109914,-9.298323566467392e-06,1.5702800730175848,0.0,0.0,0.0
1312,1,-283.62332,404.04254,-0.010653343,0.0,-0.0,0.0,0.0,-0.00014753909188109914,-9.298323566467392e-06,1.5702800730175848,0.0,0.0,0.0
1313,1,-283.62332,404.04254,-0.010653343,0.0,-0.0,0.0,0.0,-0.00014753909188109914,-9.298323566467392e-06,1.5702800730175848,0.0,0.0,0.0
1314,1,-283.62332,404.04254,-0.010653343,0.0,-0.0,0.0,0.0,-0.00014753909188109914,-9.298323566467392e-06,1.5702800730175848,0.0,0.0,0.0
1315,1,-283.62332,404.04254,-0.010653343,0.0,-0.0,0.0,0.0,-0.00014753909188109914,-9.298323566467392e-06,1.5702800730175848,0.0,0.0,0.0
1316,1,-283.62332,404.04254,-0.010653343,0.0,-0.0,0.0,0.0,-0.00014753909188109914,-9.298323566467392e-06,1.5702800730175848,0.0,0.0,0.0
1317,1,-283.62332,404.04254,-0.010653343,0.0,-0.0,0.0,0.0,-0.00014753909188109914,-9.298323566467392e-06,1.5702800730175848,0.0,0.0,0.0
1318,1,-283.62332,404.04254,-0.010653343,0.0,-0.0,0.0,0.0,-0.00014753909188109914,-9.298323566467392e-06,1.5702800730175848,0.0,0.0,0.0
1319,1,-283.62332,404.04254,-0.010653343,0.0,-0.0,0.0,0.0,-0.00014753909188109914,-9.298323566467392e-06,1.5702800730175848,0.0,0.0,0.0
1320,1,-283.62332,404.04254,-0.010653343,0.0,-0.0,0.0,0.0,-0.00014753909188109914,-9.298323566467392e-06,1.5702800730175848,0.0,0.0,0.0
1321,1,-283.62332,404.04254,-0.010653343,0.0,-0.0,0.0,0.0,-0.00014753909188109914,-9.298323566467392e-06,1.5702800730175848,0.0,0.0,0.0
1322,1,-283.62332,404.04254,-0.010653343,0.0,-0.0,0.0,0.0,-0.00014753909188109914,-9.298323566467392e-06,1.5702800730175848,0.0,0.0,0.0
1323,1,-283.62332,404.04254,-0.010653343,0.0,-0.0,0.0,0.0,-0.00014753909188109914,-9.298323566467392e-06,1.5702800730175848,0.0,0.0,0.0
1324,1,-283.62332,404.04254,-0.010653343,0.0,-0.0,0.0,0.0,-0.00014753909188109914,-9.298323566467392e-06,1.5702800730175848,0.0,0.0,0.0
1325,1,-283.62332,404.04254,-0.010653343,0.0,-0.0,0.0,0.0,-0.00014753909188109914,-9.298323566467392e-06,1.5702800730175848,0.0,0.0,0.0
1326,1,-283.62332,404.04254,-0.010653343,0.0,-0.0,0.0,0.0,-0.00014753909188109914,-9.298323566467392e-06,1.5702800730175848,0.0,0.0,0.0
1327,1,-283.62332,404.04254,-0.010653343,0.0,-0.0,0.0,0.0,-0.00014753909188109914,-9.298323566467392e-06,1.5702800730175848,0.0,0.0,0.0
1328,1,-283.62332,404.04254,-0.010653343,0.0,-0.0,0.0,0.0,-0.00014753909188109914,-9.298323566467392e-06,1.5702800730175848,0.0,0.0,0.0
1329,1,-283.62332,404.04254,-0.010653343,0.0,-0.0,0.0,0.0,-0.00014753909188109914,-9.298323566467392e-06,1.5702800730175848,0.0,0.0,0.0
1330,1,-283.62332,404.04254,-0.010653343,0.0,-0.0,0.0,0.0,-0.00014753909188109914,-9.298323566467392e-06,1.5702800730175848,0.0,0.0,0.0
1331,1,-283.62332,404.04254,-0.010653343,0.0,-0.0,0.0,0.0,-0.00014753909188109914,-9.298323566467392e-06,1.5702800730175848,0.0,0.0,0.0
1332,1,-283.62332,404.04254,-0.010653343,0.0,-0.0,0.0,0.0,-0.00014753909188109914,-9.298323566467392e-06,1.5702800730175848,0.0,0.0,0.0
1333,1,-283.62332,404.04254,-0.010653343,0.0,-0.0,0.0,0.0,-0.00014753909188109914,-9.298323566467392e-06,1.5702800730175848,0.0,0.0,0.0
1334,1,-283.62332,404.04254,-0.010653343,0.0,-0.0,0.0,0.0,-0.00014753909188109914,-9.298323566467392e-06,1.5702800730175848,0.0,0.0,0.0
1335,1,-283.62332,404.04254,-0.010653343,0.0,-0.0,0.0,0.0,-0.00014753909188109914,-9.298323566467392e-06,1.5702800730175848,0.0,0.0,0.0
1336,1,-283.62332,404.04254,-0.010653343,0.0,-0.0,0.0,0.0,-0.00014753909188109914,-9.298323566467392e-06,1.5702800730175848,0.0,0.0,0.0
1337,1,-283.62332,404.04254,-0.010653343,0.0,-0.0,0.0,0.0,-0.00014753909188109914,-9.298323566467392e-06,1.5702800730175848,0.0,0.0,0.0
1338,1,-283.62332,404.04254,-0.010653343,0.0,-0.0,0.0,0.0,-0.00014753909188109914,-9.298323566467392e-06,1.5702800730175848,0.0,0.0,0.0
1339,1,-283.62332,404.04254,-0.010653343,0.0,-0.0,0.0,0.0,-0.00014753909188109914,-9.298323566467392e-06,1.5702800730175848,0.0,0.0,0.0
1340,1,-283.62332,404.04254,-0.010653343,0.0,-0.0,0.0,0.0,-0.00014753909188109914,-9.298323566467392e-06,1.5702800730175848,0.0,0.0,0.0
1341,1,-283.62332,404.04254,-0.010653343,0.0,-0.0,0.0,0.0,-0.00014753909188109914,-9.298323566467392e-06,1.5702800730175848,0.0,0.0,0.0
1342,1,-283.62332,404.04254,-0.010653343,0.0,-0.0,0.0,0.0,-0.00014753909188109914,-9.298323566467392e-06,1.5702800730175848,0.0,0.0,0.0
1343,1,-283.62332,404.04254,-0.010653343,0.0,-0.0,0.0,0.0,-0.00014753909188109914,-9.298323566467392e-06,1.5702800730175848,0.0,0.0,0.0
1344,1,-283.62332,404.04254,-0.010653343,0.0,-0.0,0.0,0.0,-0.00014753909188109914,-9.298323566467392e-06,1.5702800730175848,0.0,0.0,0.0
1345,1,-283.62332,404.04254,-0.010653343,0.0,-0.0,0.0,0.0,-0.00014753909188109914,-9.298323566467392e-06,1.5702800730175848,0.0,0.0,0.0
1346,1,-283.62332,404.04254,-0.010653343,0.0,-0.0,0.0,0.0,-0.00014753909188109914,-9.298323566467392e-06,1.5702800730175848,0.0,0.0,0.0
1347,1,-283.62332,404.04254,-0.010653343,0.0,-0.0,0.0,0.0,-0.00014753909188109914,-9.298323566467392e-06,1.5702800730175848,0.0,0.0,0.0
1348,1,-283.62332,404.04254,-0.010653343,0.0,-0.0,0.0,0.0,-0.00014753909188109914,-9.298323566467392e-06,1.5702800730175848,0.0,0.0,0.0
1349,1,-283.62332,404.04254,-0.010653343,0.0,-0.0,0.0,0.0,-0.00014753909188109914,-9.298323566467392e-06,1.5702800730175848,0.0,0.0,0.0
1350,1,-283.62332,404.04254,-0.010653343,0.0,-0.0,0.0,0.0,-0.00014753909188109914,-9.298323566467392e-06,1.5702800730175848,0.0,0.0,0.0
1351,1,-283.62332,404.04254,-0.010653343,0.0,-0.0,0.0,0.0,-0.00014753909188109914,-9.298323566467392e-06,1.5702800730175848,0.0,0.0,0.0
1352,1,-283.62332,404.04254,-0.010653343,0.0,-0.0,0.0,0.0,-0.00014753909188109914,-9.298323566467392e-06,1.5702800730175848,0.0,0.0,0.0
1353,1,-283.62332,404.04254,-0.010653343,0.0,-0.0,0.0,0.0,-0.00014753909188109914,-9.298323566467392e-06,1.5702800730175848,0.0,0.0,0.0
1354,1,-283.62332,404.04254,-0.010653343,0.0,-0.0,0.0,0.0,-0.00014753909188109914,-9.298323566467392e-06,1.5702800730175848,0.0,0.0,0.0
1355,1,-283.62332,404.04254,-0.010653343,0.0,-0.0,0.0,0.0,-0.00014753909188109914,-9.298323566467392e-06,1.5702800730175848,0.0,0.0,0.0
1356,1,-283.62332,404.04254,-0.010653343,0.0,-0.0,0.0,0.0,-0.00014753909188109914,-9.298323566467392e-06,1.5702800730175848,0.0,0.0,0.0
1357,1,-283.62332,404.04254,-0.010653343,0.0,-0.0,0.0,0.0,-0.00014753909188109914,-9.298323566467392e-06,1.5702800730175848,0.0,0.0,0.0
1358,1,-283.62332,404.04254,-0.010653343,0.0,-0.0,0.0,0.0,-0.00014753909188109914,-9.298323566467392e-06,1.5702800730175848,0.0,0.0,0.0
1359,1,-283.62332,404.04254,-0.010653343,0.0,-0.0,0.0,0.0,-0.00014753909188109914,-9.298323566467392e-06,1.5702800730175848,0.0,0.0,0.0
1360,1,-283.62332,404.04254,-0.010653343,0.0,-0.0,0.0,0.0,-0.00014753909188109914,-9.298323566467392e-06,1.5702800730175848,0.0,0.0,0.0
1361,1,-283.62332,404.04254,-0.010653343,0.0,-0.0,0.0,0.0,-0.00014753909188109914,-9.298323566467392e-06,1.5702800730175848,0.0,0.0,0.0
1362,1,-283.62332,404.04254,-0.010653343,0.0,-0.0,0.0,0.0,-0.00014753909188109914,-9.298323566467392e-06,1.5702800730175848,0.0,0.0,0.0
1363,1,-283.62332,404.04254,-0.010653343,0.0,-0.0,0.0,0.0,-0.00014753909188109914,-9.298323566467392e-06,1.5702800730175848,0.0,0.0,0.0
1364,1,-283.62332,404.04254,-0.010653343,0.0,-0.0,0.0,0.0,-0.00014753909188109914,-9.298323566467392e-06,1.5702800730175848,0.0,0.0,0.0
1365,1,-283.62332,404.04254,-0.010653343,0.0,-0.0,0.0,0.0,-0.00014753909188109914,-9.298323566467392e-06,1.5702800730175848,0.0,0.0,0.0
1366,1,-283.62332,404.04254,-0.010653343,0.0,-0.0,0.0,0.0,-0.00014753909188109914,-9.298323566467392e-06,1.5702800730175848,0.0,0.0,0.0
1367,1,-283.62332,404.04254,-0.010653343,0.0,-0.0,0.0,0.0,-0.00014753909188109914,-9.298323566467392e-06,1.5702800730175848,0.0,0.0,0.0
1368,1,-283.62332,404.04254,-0.010653343,0.0,-0.0,0.0,0.0,-0.00014753909188109914,-9.298323566467392e-06,1.5702800730175848,0.0,0.0,0.0
1369,1,-283.62332,404.04254,-0.010653343,0.0,-0.0,0.0,0.0,-0.00014753909188109914,-9.298323566467392e-06,1.5702800730175848,0.0,0.0,0.0
1370,1,-283.62332,404.04254,-0.010653343,0.0,-0.0,0.0,0.0,-0.00014753909188109914,-9.298323566467392e-06,1.5702800730175848,0.0,0.0,0.0
1371,1,-283.62332,404.04254,-0.010653343,0.0,-0.0,0.0,0.0,-0.00014753909188109914,-9.298323566467392e-06,1.5702800730175848,0.0,0.0,0.0
1372,1,-283.62332,404.04254,-0.010653343,0.0,-0.0,0.0,0.0,-0.00014753909188109914,-9.298323566467392e-06,1.5702800730175848,0.0,0.0,0.0
1373,1,-283.62332,404.04254,-0.010653343,0.0,-0.0,0.0,0.0,-0.00014753909188109914,-9.298323566467392e-06,1.5702800730175848,0.0,0.0,0.0
1374,1,-283.62332,404.04254,-0.010653343,0.0,-0.0,0.0,0.0,-0.00014753909188109914,-9.298323566467392e-06,1.5702800730175848,0.0,0.0,0.0
1375,1,-283.62332,404.04254,-0.010653343,0.0,-0.0,0.0,0.0,-0.00014753909188109914,-9.298323566467392e-06,1.5702800730175848,0.0,0.0,0.0
1376,1,-283.62332,404.04254,-0.010653343,0.0,-0.0,0.0,0.0,-0.00014753909188109914,-9.298323566467392e-06,1.5702800730175848,0.0,0.0,0.0
1377,1,-283.62332,404.04254,-0.010653343,0.0,-0.0,0.0,0.0,-0.00014753909188109914,-9.298323566467392e-06,1.5702800730175848,0.0,0.0,0.0
1378,1,-283.62332,404.04254,-0.010653343,0.0,-0.0,0.0,0.0,-0.00014753909188109914,-9.298323566467392e-06,1.5702800730175848,0.0,0.0,0.0
1379,1,-283.62332,404.04254,-0.010653343,0.0,-0.0,0.0,0.0,-0.00014753909188109914,-9.298323566467392e-06,1.5702800730175848,0.0,0.0,0.0
1380,1,-283.62332,404.04254,-0.010653343,0.0,-0.0,0.0,0.0,-0.00014753909188109914,-9.298323566467392e-06,1.5702800730175848,0.0,0.0,0.0
1381,1,-283.62332,404.04254,-0.010653343,0.0,-0.0,0.0,0.0,-0.00014753909188109914,-9.298323566467392e-06,1.5702800730175848,0.0,0.0,0.0
1382,1,-283.62332,404.04254,-0.010653343,0.0,-0.0,0.0,0.0,-0.00014753909188109914,-9.298323566467392e-06,1.5702800730175848,0.0,0.0,0.0
1383,1,-283.62332,404.04254,-0.010653343,0.0,-0.0,0.0,0.0,-0.00014753909188109914,-9.298323566467392e-06,1.5702800730175848,0.0,0.0,0.0
1384,1,-283.62332,404.04254,-0.010653343,0.0,-0.0,0.0,0.0,-0.00014753909188109914,-9.298323566467392e-06,1.5702800730175848,0.0,0.0,0.0
1385,1,-283.62332,404.04254,-0.010653343,0.0,-0.0,0.0,0.0,-0.00014753909188109914,-9.298323566467392e-06,1.5702800730175848,0.0,0.0,0.0
1386,1,-283.62332,404.04254,-0.010653343,0.0,-0.0,0.0,0.0,-0.00014753909188109914,-9.298323566467392e-06,1.5702800730175848,0.0,0.0,0.0
1387,1,-283.62332,404.04254,-0.010653343,0.0,-0.0,0.0,0.0,-0.00014753909188109914,-9.298323566467392e-06,1.5702800730175848,0.0,0.0,0.0
1388,1,-283.62332,404.04254,-0.010653343,0.0,-0.0,0.0,0.0,-0.00014753909188109914,-9.298323566467392e-06,1.5702800730175848,0.0,0.0,0.0
1389,1,-283.62332,404.04254,-0.010653343,0.0,-0.0,0.0,0.0,-0.00014753909188109914,-9.298323566467392e-06,1.5702800730175848,0.0,0.0,0.0
1390,1,-283.62332,404.04254,-0.010653343,0.0,-0.0,0.0,0.0,-0.00014753909188109914,-9.298323566467392e-06,1.5702800730175848,0.0,0.0,0.0
1391,1,-283.62332,404.04254,-0.010653343,0.0,-0.0,0.0,0.0,-0.00014753909188109914,-9.298323566467392e-06,1.5702800730175848,0.0,0.0,0.0
1392,1,-283.62332,404.04254,-0.010653343,0.0,-0.0,0.0,0.0,-0.00014753909188109914,-9.298323566467392e-06,1.5702800730175848,0.0,0.0,0.0
1393,1,-283.62332,404.04254,-0.010653343,0.0,-0.0,0.0,0.0,-0.00014753909188109914,-9.298323566467392e-06,1.5702800730175848,0.0,0.0,0.0
1394,1,-283.62332,404.04254,-0.010653343,0.0,-0.0,0.0,0.0,-0.00014753909188109914,-9.298323566467392e-06,1.5702800730175848,0.0,0.0,0.0
1395,1,-283.62332,404.04254,-0.010653343,0.0,-0.0,0.0,0.0,-0.00014753909188109914,-9.298323566467392e-06,1.5702800730175848,0.0,0.0,0.0
1396,1,-283.62332,404.04254,-0.010653343,0.0,-0.0,0.0,0.0,-0.00014753909188109914,-9.298323566467392e-06,1.5702800730175848,0.0,0.0,0.0
1397,1,-283.62332,404.04254,-0.010653343,0.0,-0.0,0.0,0.0,-0.00014753909188109914,-9.298323566467392e-06,1.5702800730175848,0.0,0.0,0.0
1398,1,-283.62332,404.04254,-0.010653343,0.0,-0.0,0.0,0.0,-0.00014753909188109914,-9.298323566467392e-06,1.5702800730175848,0.0,0.0,0.0
1399,1,-283.62332,404.04254,-0.010653343,0.0,-0.0,0.0,0.0,-0.00014753909188109914,-9.298323566467392e-06,1.5702800730175848,0.0,0.0,0.0
1400,1,-283.62332,404.04254,-0.010653343,0.0,-0.0,0.0,0.0,-0.00014753909188109914,-9.298323566467392e-06,1.5702800730175848,0.0,0.0,0.0
1401,1,-283.62332,404.04254,-0.010653343,0.0,-0.0,0.0,0.0,-0.00014753909188109914,-9.298323566467392e-06,1.5702800730175848,0.0,0.0,0.0
1402,1,-283.62332,404.04254,-0.010653343,0.0,-0.0,0.0,0.0,-0.00014753909188109914,-9.298323566467392e-06,1.5702800730175848,0.0,0.0,0.0
1403,1,-283.62332,404.04254,-0.010653343,0.0,-0.0,0.0,0.0,-0.00014753909188109914,-9.298323566467392e-06,1.5702800730175848,0.0,0.0,0.0
1404,1,-283.62332,404.04254,-0.010653343,0.0,-0.0,0.0,0.0,-0.00014753909188109914,-9.298323566467392e-06,1.5702800730175848,0.0,0.0,0.0
1405,1,-283.62332,404.04254,-0.010653343,0.0,-0.0,0.0,0.0,-0.00014753909188109914,-9.298323566467392e-06,1.5702800730175848,0.0,0.0,0.0
1406,1,-283.62332,404.04254,-0.010653343,0.0,-0.0,0.0,0.0,-0.00014753909188109914,-9.298323566467392e-06,1.5702800730175848,0.0,0.0,0.0
1407,1,-283.62332,404.04254,-0.010653343,0.0,-0.0,0.0,0.0,-0.00014753909188109914,-9.298323566467392e-06,1.5702800730175848,0.0,0.0,0.0
1408,1,-283.62332,404.04254,-0.010653343,0.0,-0.0,0.0,0.0,-0.00014753909188109914,-9.298323566467392e-06,1.5702800730175848,0.0,0.0,0.0
1409,1,-283.62332,404.04254,-0.010653343,0.0,-0.0,0.0,0.0,-0.00014753909188109914,-9.298323566467392e-06,1.5702800730175848,0.0,0.0,0.0
1410,1,-283.62332,404.04254,-0.010653343,0.0,-0.0,0.0,0.0,-0.00014753909188109914,-9.298323566467392e-06,1.5702800730175848,0.0,0.0,0.0
1411,1,-283.62332,404.04254,-0.010653343,0.0,-0.0,0.0,0.0,-0.00014753909188109914,-9.298323566467392e-06,1.5702800730175848,0.0,0.0,0.0
1412,1,-283.62332,404.04254,-0.010653343,0.0,-0.0,0.0,0.0,-0.00014753909188109914,-9.298323566467392e-06,1.5702800730175848,0.0,0.0,0.0
1413,1,-283.62332,404.04254,-0.010653343,0.0,-0.0,0.0,0.0,-0.00014753909188109914,-9.298323566467392e-06,1.5702800730175848,0.0,0.0,0.0
1414,1,-283.62332,404.04254,-0.010653343,0.0,-0.0,0.0,0.0,-0.00014753909188109914,-9.298323566467392e-06,1.5702800730175848,0.0,0.0,0.0
1415,1,-283.62332,404.04254,-0.010653343,0.0,-0.0,0.0,0.0,-0.00014753909188109914,-9.298323566467392e-06,1.5702800730175848,0.0,0.0,0.0
1416,1,-283.62332,404.04254,-0.010653343,0.0,-0.0,0.0,0.0,-0.00014753909188109914,-9.298323566467392e-06,1.5702800730175848,0.0,0.0,0.0
1417,1,-283.62332,404.04254,-0.010653343,0.0,-0.0,0.0,0.0,-0.00014753909188109914,-9.298323566467392e-06,1.5702800730175848,0.0,0.0,0.0
1418,1,-283.62332,404.04254,-0.010653343,0.0,-0.0,0.0,0.0,-0.00014753909188109914,-9.298323566467392e-06,1.5702800730175848,0.0,0.0,0.0
1419,1,-283.62332,404.04254,-0.010653343,0.0,-0.0,0.0,0.0,-0.00014753909188109914,-9.298323566467392e-06,1.5702800730175848,0.0,0.0,0.0
1420,1,-283.62332,404.04254,-0.010653343,0.0,-0.0,0.0,0.0,-0.00014753909188109914,-9.298323566467392e-06,1.5702800730175848,0.0,0.0,0.0
1421,1,-283.62332,404.04254,-0.010653343,0.0,-0.0,0.0,0.0,-0.00014753909188109914,-9.298323566467392e-06,1.5702800730175848,0.0,0.0,0.0
1422,1,-283.62332,404.04254,-0.010653343,0.0,-0.0,0.0,0.0,-0.00014753909188109914,-9.298323566467392e-06,1.5702800730175848,0.0,0.0,0.0
1423,1,-283.62332,404.04254,-0.010653343,0.0,-0.0,0.0,0.0,-0.00014753909188109914,-9.298323566467392e-06,1.5702800730175848,0.0,0.0,0.0
1424,1,-283.62332,404.04254,-0.010653343,0.0,-0.0,0.0,0.0,-0.00014753909188109914,-9.298323566467392e-06,1.5702800730175848,0.0,0.0,0.0
1425,1,-283.62332,404.04254,-0.010653343,0.0,-0.0,0.0,0.0,-0.00014753909188109914,-9.298323566467392e-06,1.5702800730175848,0.0,0.0,0.0
1426,1,-283.62332,404.04254,-0.010653343,0.0,-0.0,0.0,0.0,-0.00014753909188109914,-9.298323566467392e-06,1.5702800730175848,0.0,0.0,0.0
1427,1,-283.62332,404.04254,-0.010653343,0.0,-0.0,0.0,0.0,-0.00014753909188109914,-9.298323566467392e-06,1.5702800730175848,0.0,0.0,0.0
1428,1,-283.62332,404.04254,-0.010653343,0.0,-0.0,0.0,0.0,-0.00014753909188109914,-9.298323566467392e-06,1.5702800730175848,0.0,0.0,0.0
1429,1,-283.62332,404.04254,-0.010653343,0.0,-0.0,0.0,0.0,-0.00014753909188109914,-9.298323566467392e-06,1.5702800730175848,0.0,0.0,0.0
1430,1,-283.62332,404.04254,-0.010653343,0.0,-0.0,0.0,0.0,-0.00014753909188109914,-9.298323566467392e-06,1.5702800730175848,0.0,0.0,0.0
1431,1,-283.62332,404.04254,-0.010653343,0.0,-0.0,0.0,0.0,-0.00014753909188109914,-9.298323566467392e-06,1.5702800730175848,0.0,0.0,0.0
1432,1,-283.62332,404.04254,-0.010653343,0.0,-0.0,0.0,0.0,-0.00014753909188109914,-9.298323566467392e-06,1.5702800730175848,0.0,0.0,0.0
1433,1,-283.62332,404.04254,-0.010653343,0.0,-0.0,0.0,0.0,-0.00014753909188109914,-9.298323566467392e-06,1.5702800730175848,0.0,0.0,0.0
1434,1,-283.62332,404.04254,-0.010653343,0.0,-0.0,0.0,0.0,-0.00014753909188109914,-9.298323566467392e-06,1.5702800730175848,0.0,0.0,0.0
1435,1,-283.62332,404.04254,-0.010653343,0.0,-0.0,0.0,0.0,-0.00014753909188109914,-9.298323566467392e-06,1.5702800730175848,0.0,0.0,0.0
1436,1,-283.62332,404.04254,-0.010653343,0.0,-0.0,0.0,0.0,-0.00014753909188109914,-9.298323566467392e-06,1.5702800730175848,0.0,0.0,0.0
1437,1,-283.62332,404.04254,-0.010653343,0.0,-0.0,0.0,0.0,-0.00014753909188109914,-9.298323566467392e-06,1.5702800730175848,0.0,0.0,0.0
1438,1,-283.62332,404.04254,-0.010653343,0.0,-0.0,0.0,0.0,-0.00014753909188109914,-9.298323566467392e-06,1.5702800730175848,0.0,0.0,0.0
1439,1,-283.62332,404.04254,-0.010653343,0.0,-0.0,0.0,0.0,-0.00014753909188109914,-9.298323566467392e-06,1.5702800730175848,0.0,0.0,0.0
1440,1,-283.62332,404.04254,-0.010653343,0.0,-0.0,0.0,0.0,-0.00014753909188109914,-9.298323566467392e-06,1.5702800730175848,0.0,0.0,0.0
1441,1,-283.62332,404.04254,-0.010653343,0.0,-0.0,0.0,0.0,-0.00014753909188109914,-9.298323566467392e-06,1.5702800730175848,0.0,0.0,0.0
1442,1,-283.62332,404.04254,-0.010653343,0.0,-0.0,0.0,0.0,-0.00014753909188109914,-9.298323566467392e-06,1.5702800730175848,0.0,0.0,0.0
1443,1,-283.62332,404.04254,-0.010653343,0.0,-0.0,0.0,0.0,-0.00014753909188109914,-9.298323566467392e-06,1.5702800730175848,0.0,0.0,0.0
1444,1,-283.62332,404.04254,-0.010653343,0.0,-0.0,0.0,0.0,-0.00014753909188109914,-9.298323566467392e-06,1.5702800730175848,0.0,0.0,0.0
1445,1,-283.62332,404.04254,-0.010653343,0.0,-0.0,0.0,0.0,-0.00014753909188109914,-9.298323566467392e-06,1.5702800730175848,0.0,0.0,0.0
1446,1,-283.62332,404.04254,-0.010653343,0.0,-0.0,0.0,0.0,-0.00014753909188109914,-9.298323566467392e-06,1.5702800730175848,0.0,0.0,0.0
1447,1,-283.62332,404.04254,-0.010653343,0.0,-0.0,0.0,0.0,-0.00014753909188109914,-9.298323566467392e-06,1.5702800730175848,0.0,0.0,0.0
1448,1,-283.62332,404.04254,-0.010653343,0.0,-0.0,0.0,0.0,-0.00014753909188109914,-9.298323566467392e-06,1.5702800730175848,0.0,0.0,0.0
1449,1,-283.62332,404.04254,-0.010653343,0.0,-0.0,0.0,0.0,-0.00014753909188109914,-9.298323566467392e-06,1.5702800730175848,0.0,0.0,0.0
1450,1,-283.62332,404.04254,-0.010653343,0.0,-0.0,0.0,0.0,-0.00014753909188109914,-9.298323566467392e-06,1.5702800730175848,0.0,0.0,0.0
1451,1,-283.62332,404.04254,-0.010653343,0.0,-0.0,0.0,0.0,-0.00014753909188109914,-9.298323566467392e-06,1.5702800730175848,0.0,0.0,0.0
1452,1,-283.62332,404.04254,-0.010653343,0.0,-0.0,0.0,0.0,-0.00014753909188109914,-9.298323566467392e-06,1.5702800730175848,0.0,0.0,0.0
1453,1,-283.62332,404.04254,-0.010653343,0.0,-0.0,0.0,0.0,-0.00014753909188109914,-9.298323566467392e-06,1.5702800730175848,0.0,0.0,0.0
1454,1,-283.62332,404.04254,-0.010653343,0.0,-0.0,0.0,0.0,-0.00014753909188109914,-9.298323566467392e-06,1.5702800730175848,0.0,0.0,0.0
1455,1,-283.62332,404.04254,-0.010653343,0.0,-0.0,0.0,0.0,-0.00014753909188109914,-9.298323566467392e-06,1.5702800730175848,0.0,0.0,0.0
1456,1,-283.62332,404.04254,-0.010653343,0.0,-0.0,0.0,0.0,-0.00014753909188109914,-9.298323566467392e-06,1.5702800730175848,0.0,0.0,0.0
1457,1,-283.62332,404.04254,-0.010653343,0.0,-0.0,0.0,0.0,-0.00014753909188109914,-9.298323566467392e-06,1.5702800730175848,0.0,0.0,0.0
1458,1,-283.62332,404.04254,-0.010653343,0.0,-0.0,0.0,0.0,-0.00014753909188109914,-9.298323566467392e-06,1.5702800730175848,0.0,0.0,0.0
1459,1,-283.62332,404.04254,-0.010653343,0.0,-0.0,0.0,0.0,-0.00014753909188109914,-9.298323566467392e-06,1.5702800730175848,0.0,0.0,0.0
1460,1,-283.62332,404.04254,-0.010653343,0.0,-0.0,0.0,0.0,-0.00014753909188109914,-9.298323566467392e-06,1.5702800730175848,0.0,0.0,0.0
1461,1,-283.62332,404.04254,-0.010653343,0.0,-0.0,0.0,0.0,-0.00014753909188109914,-9.298323566467392e-06,1.5702800730175848,0.0,0.0,0.0
1462,1,-283.62332,404.04254,-0.010653343,0.0,-0.0,0.0,0.0,-0.00014753909188109914,-9.298323566467392e-06,1.5702800730175848,0.0,0.0,0.0
1463,1,-283.62332,404.04254,-0.010653343,0.0,-0.0,0.0,0.0,-0.00014753909188109914,-9.298323566467392e-06,1.5702800730175848,0.0,0.0,0.0
1464,1,-283.62332,404.04254,-0.010653343,0.0,-0.0,0.0,0.0,-0.00014753909188109914,-9.298323566467392e-06,1.5702800730175848,0.0,0.0,0.0
1465,1,-283.62332,404.04254,-0.010653343,0.0,-0.0,0.0,0.0,-0.00014753909188109914,-9.298323566467392e-06,1.5702800730175848,0.0,0.0,0.0
1466,1,-283.62332,404.04254,-0.010653343,0.0,-0.0,0.0,0.0,-0.00014753909188109914,-9.298323566467392e-06,1.5702800730175848,0.0,0.0,0.0
1467,1,-283.62332,404.04254,-0.010653343,0.0,-0.0,0.0,0.0,-0.00014753909188109914,-9.298323566467392e-06,1.5702800730175848,0.0,0.0,0.0
1468,1,-283.62332,404.04254,-0.010653343,0.0,-0.0,0.0,0.0,-0.00014753909188109914,-9.298323566467392e-06,1.5702800730175848,0.0,0.0,0.0
1469,1,-283.62332,404.04254,-0.010653343,0.0,-0.0,0.0,0.0,-0.00014753909188109914,-9.298323566467392e-06,1.5702800730175848,0.0,0.0,0.0
1470,1,-283.62332,404.04254,-0.010653343,0.0,-0.0,0.0,0.0,-0.00014753909188109914,-9.298323566467392e-06,1.5702800730175848,0.0,0.0,0.0
1471,1,-283.62332,404.04254,-0.010653343,0.0,-0.0,0.0,0.0,-0.00014753909188109914,-9.298323566467392e-06,1.5702800730175848,0.0,0.0,0.0
1472,1,-283.62332,404.04254,-0.010653343,0.0,-0.0,0.0,0.0,-0.00014753909188109914,-9.298323566467392e-06,1.5702800730175848,0.0,0.0,0.0
1473,1,-283.62332,404.04254,-0.010653343,0.0,-0.0,0.0,0.0,-0.00014753909188109914,-9.298323566467392e-06,1.5702800730175848,0.0,0.0,0.0
1474,1,-283.62332,404.04254,-0.010653343,0.0,-0.0,0.0,0.0,-0.00014753909188109914,-9.298323566467392e-06,1.5702800730175848,0.0,0.0,0.0
1475,1,-283.62332,404.04254,-0.010653343,0.0,-0.0,0.0,0.0,-0.00014753909188109914,-9.298323566467392e-06,1.5702800730175848,0.0,0.0,0.0
1476,1,-283.62332,404.04254,-0.010653343,0.0,-0.0,0.0,0.0,-0.00014753909188109914,-9.298323566467392e-06,1.5702800730175848,0.0,0.0,0.0
1477,1,-283.62332,404.04254,-0.010653343,0.0,-0.0,0.0,0.0,-0.00014753909188109914,-9.298323566467392e-06,1.5702800730175848,0.0,0.0,0.0
1478,1,-283.62332,404.04254,-0.010653343,0.0,-0.0,0.0,0.0,-0.00014753909188109914,-9.298323566467392e-06,1.5702800730175848,0.0,0.0,0.0
1479,1,-283.62332,404.04254,-0.010653343,0.0,-0.0,0.0,0.0,-0.00014753909188109914,-9.298323566467392e-06,1.5702800730175848,0.0,0.0,0.0
1480,1,-283.62332,404.04254,-0.010653343,0.0,-0.0,0.0,0.0,-0.00014753909188109914,-9.298323566467392e-06,1.5702800730175848,0.0,0.0,0.0
1481,1,-283.62332,404.04254,-0.010653343,0.0,-0.0,0.0,0.0,-0.00014753909188109914,-9.298323566467392e-06,1.5702800730175848,0.0,0.0,0.0
1482,1,-283.62332,404.04254,-0.010653343,0.0,-0.0,0.0,0.0,-0.00014753909188109914,-9.298323566467392e-06,1.5702800730175848,0.0,0.0,0.0
1483,1,-283.62332,404.04254,-0.010653343,0.0,-0.0,0.0,0.0,-0.00014753909188109914,-9.298323566467392e-06,1.5702800730175848,0.0,0.0,0.0
1484,1,-283.62332,404.04254,-0.010653343,0.0,-0.0,0.0,0.0,-0.00014753909188109914,-9.298323566467392e-06,1.5702800730175848,0.0,0.0,0.0
1485,1,-283.62332,404.04254,-0.010653343,0.0,-0.0,0.0,0.0,-0.00014753909188109914,-9.298323566467392e-06,1.5702800730175848,0.0,0.0,0.0
1486,1,-283.62332,404.04254,-0.010653343,0.0,-0.0,0.0,0.0,-0.00014753909188109914,-9.298323566467392e-06,1.5702800730175848,0.0,0.0,0.0
1487,1,-283.62332,404.04254,-0.010653343,0.0,-0.0,0.0,0.0,-0.00014753909188109914,-9.298323566467392e-06,1.5702800730175848,0.0,0.0,0.0
1488,1,-283.62332,404.04254,-0.010653343,0.0,-0.0,0.0,0.0,-0.00014753909188109914,-9.298323566467392e-06,1.5702800730175848,0.0,0.0,0.0
1489,1,-283.62332,404.04254,-0.010653343,0.0,-0.0,0.0,0.0,-0.00014753909188109914,-9.298323566467392e-06,1.5702800730175848,0.0,0.0,0.0
1490,1,-283.62332,404.04254,-0.010653343,0.0,-0.0,0.0,0.0,-0.00014753909188109914,-9.298323566467392e-06,1.5702800730175848,0.0,0.0,0.0
1491,1,-283.62332,404.04254,-0.010653343,0.0,-0.0,0.0,0.0,-0.00014753909188109914,-9.298323566467392e-06,1.5702800730175848,0.0,0.0,0.0
1492,1,-283.62332,404.04254,-0.010653343,0.0,-0.0,0.0,0.0,-0.00014753909188109914,-9.298323566467392e-06,1.5702800730175848,0.0,0.0,0.0
1493,1,-283.62332,404.04254,-0.010653343,0.0,-0.0,0.0,0.0,-0.00014753909188109914,-9.298323566467392e-06,1.5702800730175848,0.0,0.0,0.0
1494,1,-283.62332,404.04254,-0.010653343,0.0,-0.0,0.0,0.0,-0.00014753909188109914,-9.298323566467392e-06,1.5702800730175848,0.0,0.0,0.0
1495,1,-283.62332,404.04254,-0.010653343,0.0,-0.0,0.0,0.0,-0.00014753909188109914,-9.298323566467392e-06,1.5702800730175848,0.0,0.0,0.0
1496,1,-283.62332,404.04254,-0.010653343,0.0,-0.0,0.0,0.0,-0.00014753909188109914,-9.298323566467392e-06,1.5702800730175848,0.0,0.0,0.0
1497,1,-283.62332,404.04254,-0.010653343,0.0,-0.0,0.0,0.0,-0.00014753909188109914,-9.298323566467392e-06,1.5702800730175848,0.0,0.0,0.0
1498,1,-283.62332,404.04254,-0.010653343,0.0,-0.0,0.0,0.0,-0.00014753909188109914,-9.298323566467392e-06,1.5702800730175848,0.0,0.0,0.0
1499,1,-283.62332,404.04254,-0.010653343,0.0,-0.0,0.0,0.0,-0.00014753909188109914,-9.298323566467392e-06,1.5702800730175848,0.0,0.0,0.0
1500,1,-283.62332,404.04254,-0.010653343,0.0,-0.0,0.0,0.0,-0.00014753909188109914,-9.298323566467392e-06,1.5702800730175848,0.0,0.0,0.0
1501,1,-283.62332,404.04254,-0.010653343,0.0,-0.0,0.0,0.0,-0.00014753909188109914,-9.298323566467392e-06,1.5702800730175848,0.0,0.0,0.0
1502,1,-283.62332,404.04254,-0.010653343,0.0,-0.0,0.0,0.0,-0.00014753909188109914,-9.298323566467392e-06,1.5702800730175848,0.0,0.0,0.0
1503,1,-283.62332,404.04254,-0.010653343,0.0,-0.0,0.0,0.0,-0.00014753909188109914,-9.298323566467392e-06,1.5702800730175848,0.0,0.0,0.0
1504,1,-283.62332,404.04254,-0.010653343,0.0,-0.0,0.0,0.0,-0.00014753909188109914,-9.298323566467392e-06,1.5702800730175848,0.0,0.0,0.0
1505,1,-283.62332,404.04254,-0.010653343,0.0,-0.0,0.0,0.0,-0.00014753909188109914,-9.298323566467392e-06,1.5702800730175848,0.0,0.0,0.0
1506,1,-283.62332,404.04254,-0.010653343,0.0,-0.0,0.0,0.0,-0.00014753909188109914,-9.298323566467392e-06,1.5702800730175848,0.0,0.0,0.0
1507,1,-283.62332,404.04254,-0.010653343,0.0,-0.0,0.0,0.0,-0.00014753909188109914,-9.298323566467392e-06,1.5702800730175848,0.0,0.0,0.0
1508,1,-283.62332,404.04254,-0.010653343,0.0,-0.0,0.0,0.0,-0.00014753909188109914,-9.298323566467392e-06,1.5702800730175848,0.0,0.0,0.0
1509,1,-283.62332,404.04254,-0.010653343,0.0,-0.0,0.0,0.0,-0.00014753909188109914,-9.298323566467392e-06,1.5702800730175848,0.0,0.0,0.0
1510,1,-283.62332,404.04254,-0.010653343,0.0,-0.0,0.0,0.0,-0.00014753909188109914,-9.298323566467392e-06,1.5702800730175848,0.0,0.0,0.0
1511,1,-283.62332,404.04254,-0.010653343,0.0,-0.0,0.0,0.0,-0.00014753909188109914,-9.298323566467392e-06,1.5702800730175848,0.0,0.0,0.0
1512,1,-283.62332,404.04254,-0.010653343,0.0,-0.0,0.0,0.0,-0.00014753909188109914,-9.298323566467392e-06,1.5702800730175848,0.0,0.0,0.0
1513,1,-283.62332,404.04254,-0.010653343,0.0,-0.0,0.0,0.0,-0.00014753909188109914,-9.298323566467392e-06,1.5702800730175848,0.0,0.0,0.0
1514,1,-283.62332,404.04254,-0.010653343,0.0,-0.0,0.0,0.0,-0.00014753909188109914,-9.298323566467392e-06,1.5702800730175848,0.0,0.0,0.0
1515,1,-283.62332,404.04254,-0.010653343,0.0,-0.0,0.0,0.0,-0.00014753909188109914,-9.298323566467392e-06,1.5702800730175848,0.0,0.0,0.0
1516,1,-283.62332,404.04254,-0.010653343,0.0,-0.0,0.0,0.0,-0.00014753909188109914,-9.298323566467392e-06,1.5702800730175848,0.0,0.0,0.0
1517,1,-283.62332,404.04254,-0.010653343,0.0,-0.0,0.0,0.0,-0.00014753909188109914,-9.298323566467392e-06,1.5702800730175848,0.0,0.0,0.0
1518,1,-283.62332,404.04254,-0.010653343,0.0,-0.0,0.0,0.0,-0.00014753909188109914,-9.298323566467392e-06,1.5702800730175848,0.0,0.0,0.0
1519,1,-283.62332,404.04254,-0.010653343,0.0,-0.0,0.0,0.0,-0.00014753909188109914,-9.298323566467392e-06,1.5702800730175848,0.0,0.0,0.0
1520,1,-283.62332,404.04254,-0.010653343,0.0,-0.0,0.0,0.0,-0.00014753909188109914,-9.298323566467392e-06,1.5702800730175848,0.0,0.0,0.0
1521,1,-283.62332,404.04254,-0.010653343,0.0,-0.0,0.0,0.0,-0.00014753909188109914,-9.298323566467392e-06,1.5702800730175848,0.0,0.0,0.0
1522,1,-283.62332,404.04254,-0.010653343,0.0,-0.0,0.0,0.0,-0.00014753909188109914,-9.298323566467392e-06,1.5702800730175848,0.0,0.0,0.0
1523,1,-283.62332,404.04254,-0.010653343,0.0,-0.0,0.0,0.0,-0.00014753909188109914,-9.298323566467392e-06,1.5702800730175848,0.0,0.0,0.0
1524,1,-283.62332,404.04254,-0.010653343,0.0,-0.0,0.0,0.0,-0.00014753909188109914,-9.298323566467392e-06,1.5702800730175848,0.0,0.0,0.0
1525,1,-283.62332,404.04254,-0.010653343,0.0,-0.0,0.0,0.0,-0.00014753909188109914,-9.298323566467392e-06,1.5702800730175848,0.0,0.0,0.0
1526,1,-283.62332,404.04254,-0.010653343,0.0,-0.0,0.0,0.0,-0.00014753909188109914,-9.298323566467392e-06,1.5702800730175848,0.0,0.0,0.0
1527,1,-283.62332,404.04254,-0.010653343,0.0,-0.0,0.0,0.0,-0.00014753909188109914,-9.298323566467392e-06,1.5702800730175848,0.0,0.0,0.0
1528,1,-283.62332,404.04254,-0.010653343,0.0,-0.0,0.0,0.0,-0.00014753909188109914,-9.298323566467392e-06,1.5702800730175848,0.0,0.0,0.0
1529,1,-283.62332,404.04254,-0.010653343,0.0,-0.0,0.0,0.0,-0.00014753909188109914,-9.298323566467392e-06,1.5702800730175848,0.0,0.0,0.0
1530,1,-283.62332,404.04254,-0.010653343,0.0,-0.0,0.0,0.0,-0.00014753909188109914,-9.298323566467392e-06,1.5702800730175848,0.0,0.0,0.0
1531,1,-283.62332,404.04254,-0.010653343,0.0,-0.0,0.0,0.0,-0.00014753909188109914,-9.298323566467392e-06,1.5702800730175848,0.0,0.0,0.0
1532,1,-283.62332,404.04254,-0.010653343,0.0,-0.0,0.0,0.0,-0.00014753909188109914,-9.298323566467392e-06,1.5702800730175848,0.0,0.0,0.0
1533,1,-283.62332,404.04254,-0.010653343,0.0,-0.0,0.0,0.0,-0.00014753909188109914,-9.298323566467392e-06,1.5702800730175848,0.0,0.0,0.0
1534,1,-283.62332,404.04254,-0.010653343,0.0,-0.0,0.0,0.0,-0.00014753909188109914,-9.298323566467392e-06,1.5702800730175848,0.0,0.0,0.0
1535,1,-283.62332,404.04254,-0.010653343,0.0,-0.0,0.0,0.0,-0.00014753909188109914,-9.298323566467392e-06,1.5702800730175848,0.0,0.0,0.0
1536,1,-283.62332,404.04254,-0.010653343,0.0,-0.0,0.0,0.0,-0.00014753909188109914,-9.298323566467392e-06,1.5702800730175848,0.0,0.0,0.0
1537,1,-283.62332,404.04254,-0.010653343,0.0,-0.0,0.0,0.0,-0.00014753909188109914,-9.298323566467392e-06,1.5702800730175848,0.0,0.0,0.0
1538,1,-283.62332,404.04254,-0.010653343,0.0,-0.0,0.0,0.0,-0.00014753909188109914,-9.298323566467392e-06,1.5702800730175848,0.0,0.0,0.0
1539,1,-283.62332,404.04254,-0.010653343,0.0,-0.0,0.0,0.0,-0.00014753909188109914,-9.298323566467392e-06,1.5702800730175848,0.0,0.0,0.0
1540,1,-283.62332,404.04254,-0.010653343,0.0,-0.0,0.0,0.0,-0.00014753909188109914,-9.298323566467392e-06,1.5702800730175848,0.0,0.0,0.0
1541,1,-283.62332,404.04254,-0.010653343,0.0,-0.0,0.0,0.0,-0.00014753909188109914,-9.298323566467392e-06,1.5702800730175848,0.0,0.0,0.0
1542,1,-283.62332,404.04254,-0.010653343,0.0,-0.0,0.0,0.0,-0.00014753909188109914,-9.298323566467392e-06,1.5702800730175848,0.0,0.0,0.0
1543,1,-283.62332,404.04254,-0.010653343,0.0,-0.0,0.0,0.0,-0.00014753909188109914,-9.298323566467392e-06,1.5702800730175848,0.0,0.0,0.0
1544,1,-283.62332,404.04254,-0.010653343,0.0,-0.0,0.0,0.0,-0.00014753909188109914,-9.298323566467392e-06,1.5702800730175848,0.0,0.0,0.0
1545,1,-283.62332,404.04254,-0.010653343,0.0,-0.0,0.0,0.0,-0.00014753909188109914,-9.298323566467392e-06,1.5702800730175848,0.0,0.0,0.0
1546,1,-283.62332,404.04254,-0.010653343,0.0,-0.0,0.0,0.0,-0.00014753909188109914,-9.298323566467392e-06,1.5702800730175848,0.0,0.0,0.0
1547,1,-283.62332,404.04254,-0.010653343,0.0,-0.0,0.0,0.0,-0.00014753909188109914,-9.298323566467392e-06,1.5702800730175848,0.0,0.0,0.0
1548,1,-283.62332,404.04254,-0.010653343,0.0,-0.0,0.0,0.0,-0.00014753909188109914,-9.298323566467392e-06,1.5702800730175848,0.0,0.0,0.0
1549,1,-283.62332,404.04254,-0.010653343,0.0,-0.0,0.0,0.0,-0.00014753909188109914,-9.298323566467392e-06,1.5702800730175848,0.0,0.0,0.0
1550,1,-283.62332,404.04254,-0.010653343,0.0,-0.0,0.0,0.0,-0.00014753909188109914,-9.298323566467392e-06,1.5702800730175848,0.0,0.0,0.0
1551,1,-283.62332,404.04254,-0.010653343,0.0,-0.0,0.0,0.0,-0.00014753909188109914,-9.298323566467392e-06,1.5702800730175848,0.0,0.0,0.0
1552,1,-283.62332,404.04254,-0.010653343,0.0,-0.0,0.0,0.0,-0.00014753909188109914,-9.298323566467392e-06,1.5702800730175848,0.0,0.0,0.0
1553,1,-283.62332,404.04254,-0.010653343,0.0,-0.0,0.0,0.0,-0.00014753909188109914,-9.298323566467392e-06,1.5702800730175848,0.0,0.0,0.0
1554,1,-283.62332,404.04254,-0.010653343,0.0,-0.0,0.0,0.0,-0.00014753909188109914,-9.298323566467392e-06,1.5702800730175848,0.0,0.0,0.0
1555,1,-283.62332,404.04254,-0.010653343,0.0,-0.0,0.0,0.0,-0.00014753909188109914,-9.298323566467392e-06,1.5702800730175848,0.0,0.0,0.0
1556,1,-283.62332,404.04254,-0.010653343,0.0,-0.0,0.0,0.0,-0.00014753909188109914,-9.298323566467392e-06,1.5702800730175848,0.0,0.0,0.0
1557,1,-283.62332,404.04254,-0.010653343,0.0,-0.0,0.0,0.0,-0.00014753909188109914,-9.298323566467392e-06,1.5702800730175848,0.0,0.0,0.0
1558,1,-283.62332,404.04254,-0.010653343,0.0,-0.0,0.0,0.0,-0.00014753909188109914,-9.298323566467392e-06,1.5702800730175848,0.0,0.0,0.0
1559,1,-283.62332,404.04254,-0.010653343,0.0,-0.0,0.0,0.0,-0.00014753909188109914,-9.298323566467392e-06,1.5702800730175848,0.0,0.0,0.0
1560,1,-283.62332,404.04254,-0.010653343,0.0,-0.0,0.0,0.0,-0.00014753909188109914,-9.298323566467392e-06,1.5702800730175848,0.0,0.0,0.0
1561,1,-283.62332,404.04254,-0.010653343,0.0,-0.0,0.0,0.0,-0.00014753909188109914,-9.298323566467392e-06,1.5702800730175848,0.0,0.0,0.0
1562,1,-283.62332,404.04254,-0.010653343,0.0,-0.0,0.0,0.0,-0.00014753909188109914,-9.298323566467392e-06,1.5702800730175848,0.0,0.0,0.0
1563,1,-283.62332,404.04254,-0.010653343,0.0,-0.0,0.0,0.0,-0.00014753909188109914,-9.298323566467392e-06,1.5702800730175848,0.0,0.0,0.0
1564,1,-283.62332,404.04254,-0.010653343,0.0,-0.0,0.0,0.0,-0.00014753909188109914,-9.298323566467392e-06,1.5702800730175848,0.0,0.0,0.0
1565,1,-283.62332,404.04254,-0.010653343,0.0,-0.0,0.0,0.0,-0.00014753909188109914,-9.298323566467392e-06,1.5702800730175848,0.0,0.0,0.0
1566,1,-283.62332,404.04254,-0.010653343,0.0,-0.0,0.0,0.0,-0.00014753909188109914,-9.298323566467392e-06,1.5702800730175848,0.0,0.0,0.0
1567,1,-283.62332,404.04254,-0.010653343,0.0,-0.0,0.0,0.0,-0.00014753909188109914,-9.298323566467392e-06,1.5702800730175848,0.0,0.0,0.0
1568,1,-283.62332,404.04254,-0.010653343,0.0,-0.0,0.0,0.0,-0.00014753909188109914,-9.298323566467392e-06,1.5702800730175848,0.0,0.0,0.0
1569,1,-283.62332,404.04254,-0.010653343,0.0,-0.0,0.0,0.0,-0.00014753909188109914,-9.298323566467392e-06,1.5702800730175848,0.0,0.0,0.0
1570,1,-283.62332,404.04254,-0.010653343,0.0,-0.0,0.0,0.0,-0.00014753909188109914,-9.298323566467392e-06,1.5702800730175848,0.0,0.0,0.0
1571,1,-283.62332,404.04254,-0.010653343,0.0,-0.0,0.0,0.0,-0.00014753909188109914,-9.298323566467392e-06,1.5702800730175848,0.0,0.0,0.0
1572,1,-283.62332,404.04254,-0.010653343,0.0,-0.0,0.0,0.0,-0.00014753909188109914,-9.298323566467392e-06,1.5702800730175848,0.0,0.0,0.0
1573,1,-283.62332,404.04254,-0.010653343,0.0,-0.0,0.0,0.0,-0.00014753909188109914,-9.298323566467392e-06,1.5702800730175848,0.0,0.0,0.0
1574,1,-283.62332,404.04254,-0.010653343,0.0,-0.0,0.0,0.0,-0.00014753909188109914,-9.298323566467392e-06,1.5702800730175848,0.0,0.0,0.0
1575,1,-283.62332,404.04254,-0.010653343,0.0,-0.0,0.0,0.0,-0.00014753909188109914,-9.298323566467392e-06,1.5702800730175848,0.0,0.0,0.0
1576,1,-283.62332,404.04254,-0.010653343,0.0,-0.0,0.0,0.0,-0.00014753909188109914,-9.298323566467392e-06,1.5702800730175848,0.0,0.0,0.0
1577,1,-283.62332,404.04254,-0.010653343,0.0,-0.0,0.0,0.0,-0.00014753909188109914,-9.298323566467392e-06,1.5702800730175848,0.0,0.0,0.0
1578,1,-283.62332,404.04254,-0.010653343,0.0,-0.0,0.0,0.0,-0.00014753909188109914,-9.298323566467392e-06,1.5702800730175848,0.0,0.0,0.0
1579,1,-283.62332,404.04254,-0.010653343,0.0,-0.0,0.0,0.0,-0.00014753909188109914,-9.298323566467392e-06,1.5702800730175848,0.0,0.0,0.0
1580,1,-283.62332,404.04254,-0.010653343,0.0,-0.0,0.0,0.0,-0.00014753909188109914,-9.298323566467392e-06,1.5702800730175848,0.0,0.0,0.0
1581,1,-283.62332,404.04254,-0.010653343,0.0,-0.0,0.0,0.0,-0.00014753909188109914,-9.298323566467392e-06,1.5702800730175848,0.0,0.0,0.0
1582,1,-283.62332,404.04254,-0.010653343,0.0,-0.0,0.0,0.0,-0.00014753909188109914,-9.298323566467392e-06,1.5702800730175848,0.0,0.0,0.0
1583,1,-283.62332,404.04254,-0.010653343,0.0,-0.0,0.0,0.0,-0.00014753909188109914,-9.298323566467392e-06,1.5702800730175848,0.0,0.0,0.0
1584,1,-283.62332,404.04254,-0.010653343,0.0,-0.0,0.0,0.0,-0.00014753909188109914,-9.298323566467392e-06,1.5702800730175848,0.0,0.0,0.0
1585,1,-283.62332,404.04254,-0.010653343,0.0,-0.0,0.0,0.0,-0.00014753909188109914,-9.298323566467392e-06,1.5702800730175848,0.0,0.0,0.0
1586,1,-283.62332,404.04254,-0.010653343,0.0,-0.0,0.0,0.0,-0.00014753909188109914,-9.298323566467392e-06,1.5702800730175848,0.0,0.0,0.0
1587,1,-283.62332,404.04254,-0.010653343,0.0,-0.0,0.0,0.0,-0.00014753909188109914,-9.298323566467392e-06,1.5702800730175848,0.0,0.0,0.0
1588,1,-283.62332,404.04254,-0.010653343,0.0,-0.0,0.0,0.0,-0.00014753909188109914,-9.298323566467392e-06,1.5702800730175848,0.0,0.0,0.0
1589,1,-283.62332,404.04254,-0.010653343,0.0,-0.0,0.0,0.0,-0.00014753909188109914,-9.298323566467392e-06,1.5702800730175848,0.0,0.0,0.0
1590,1,-283.62332,404.04254,-0.010653343,0.0,-0.0,0.0,0.0,-0.00014753909188109914,-9.298323566467392e-06,1.5702800730175848,0.0,0.0,0.0
1591,1,-283.62332,404.04254,-0.010653343,0.0,-0.0,0.0,0.0,-0.00014753909188109914,-9.298323566467392e-06,1.5702800730175848,0.0,0.0,0.0
1592,1,-283.62332,404.04254,-0.010653343,0.0,-0.0,0.0,0.0,-0.00014753909188109914,-9.298323566467392e-06,1.5702800730175848,0.0,0.0,0.0
1593,1,-283.62332,404.04254,-0.010653343,0.0,-0.0,0.0,0.0,-0.00014753909188109914,-9.298323566467392e-06,1.5702800730175848,0.0,0.0,0.0
1594,1,-283.62332,404.04254,-0.010653343,0.0,-0.0,0.0,0.0,-0.00014753909188109914,-9.298323566467392e-06,1.5702800730175848,0.0,0.0,0.0
1595,1,-283.62332,404.04254,-0.010653343,0.0,-0.0,0.0,0.0,-0.00014753909188109914,-9.298323566467392e-06,1.5702800730175848,0.0,0.0,0.0
1596,1,-283.62332,404.04254,-0.010653343,0.0,-0.0,0.0,0.0,-0.00014753909188109914,-9.298323566467392e-06,1.5702800730175848,0.0,0.0,0.0
1597,1,-283.62332,404.04254,-0.010653343,0.0,-0.0,0.0,0.0,-0.00014753909188109914,-9.298323566467392e-06,1.5702800730175848,0.0,0.0,0.0
1598,1,-283.62332,404.04254,-0.010653343,0.0,-0.0,0.0,0.0,-0.00014753909188109914,-9.298323566467392e-06,1.5702800730175848,0.0,0.0,0.0
1599,1,-283.62332,404.04254,-0.010653343,0.0,-0.0,0.0,0.0,-0.00014753909188109914,-9.298323566467392e-06,1.5702800730175848,0.0,0.0,0.0
1600,1,-283.62332,404.04254,-0.010653343,0.0,-0.0,0.0,0.0,-0.00014753909188109914,-9.298323566467392e-06,1.5702800730175848,0.0,0.0,0.0
1601,1,-283.62332,404.04254,-0.010653343,0.0,-0.0,0.0,0.0,-0.00014753909188109914,-9.298323566467392e-06,1.5702800730175848,0.0,0.0,0.0
1602,1,-283.62332,404.04254,-0.010653343,0.0,-0.0,0.0,0.0,-0.00014753909188109914,-9.298323566467392e-06,1.5702800730175848,0.0,0.0,0.0
1603,1,-283.62332,404.04254,-0.010653343,0.0,-0.0,0.0,0.0,-0.00014753909188109914,-9.298323566467392e-06,1.5702800730175848,0.0,0.0,0.0
1604,1,-283.62332,404.04254,-0.010653343,0.0,-0.0,0.0,0.0,-0.00014753909188109914,-9.298323566467392e-06,1.5702800730175848,0.0,0.0,0.0
1605,1,-283.62332,404.04254,-0.010653343,0.0,-0.0,0.0,0.0,-0.00014753909188109914,-9.298323566467392e-06,1.5702800730175848,0.0,0.0,0.0
1606,1,-283.62332,404.04254,-0.010653343,0.0,-0.0,0.0,0.0,-0.00014753909188109914,-9.298323566467392e-06,1.5702800730175848,0.0,0.0,0.0
1607,1,-283.62332,404.04254,-0.010653343,0.0,-0.0,0.0,0.0,-0.00014753909188109914,-9.298323566467392e-06,1.5702800730175848,0.0,0.0,0.0
1608,1,-283.62332,404.04254,-0.010653343,0.0,-0.0,0.0,0.0,-0.00014753909188109914,-9.298323566467392e-06,1.5702800730175848,0.0,0.0,0.0
1609,1,-283.62332,404.04254,-0.010653343,0.0,-0.0,0.0,0.0,-0.00014753909188109914,-9.298323566467392e-06,1.5702800730175848,0.0,0.0,0.0
1610,1,-283.62332,404.04254,-0.010653343,0.0,-0.0,0.0,0.0,-0.00014753909188109914,-9.298323566467392e-06,1.5702800730175848,0.0,0.0,0.0
1611,1,-283.62332,404.04254,-0.010653343,0.0,-0.0,0.0,0.0,-0.00014753909188109914,-9.298323566467392e-06,1.5702800730175848,0.0,0.0,0.0
1612,1,-283.62332,404.04254,-0.010653343,0.0,-0.0,0.0,0.0,-0.00014753909188109914,-9.298323566467392e-06,1.5702800730175848,0.0,0.0,0.0
1613,1,-283.62332,404.04254,-0.010653343,0.0,-0.0,0.0,0.0,-0.00014753909188109914,-9.298323566467392e-06,1.5702800730175848,0.0,0.0,0.0
1614,1,-283.62332,404.04254,-0.010653343,0.0,-0.0,0.0,0.0,-0.00014753909188109914,-9.298323566467392e-06,1.5702800730175848,0.0,0.0,0.0
1615,1,-283.62332,404.04254,-0.010653343,0.0,-0.0,0.0,0.0,-0.00014753909188109914,-9.298323566467392e-06,1.5702800730175848,0.0,0.0,0.0
1616,1,-283.62332,404.04254,-0.010653343,0.0,-0.0,0.0,0.0,-0.00014753909188109914,-9.298323566467392e-06,1.5702800730175848,0.0,0.0,0.0
1617,1,-283.62332,404.04254,-0.010653343,0.0,-0.0,0.0,0.0,-0.00014753909188109914,-9.298323566467392e-06,1.5702800730175848,0.0,0.0,0.0
1618,1,-283.62332,404.04254,-0.010653343,0.0,-0.0,0.0,0.0,-0.00014753909188109914,-9.298323566467392e-06,1.5702800730175848,0.0,0.0,0.0
1619,1,-283.62332,404.04254,-0.010653343,0.0,-0.0,0.0,0.0,-0.00014753909188109914,-9.298323566467392e-06,1.5702800730175848,0.0,0.0,0.0
1620,1,-283.62332,404.04254,-0.010653343,0.0,-0.0,0.0,0.0,-0.00014753909188109914,-9.298323566467392e-06,1.5702800730175848,0.0,0.0,0.0
1621,1,-283.62332,404.04254,-0.010653343,0.0,-0.0,0.0,0.0,-0.00014753909188109914,-9.298323566467392e-06,1.5702800730175848,0.0,0.0,0.0
1622,1,-283.62332,404.04254,-0.010653343,0.0,-0.0,0.0,0.0,-0.00014753909188109914,-9.298323566467392e-06,1.5702800730175848,0.0,0.0,0.0
1623,1,-283.62332,404.04254,-0.010653343,0.0,-0.0,0.0,0.0,-0.00014753909188109914,-9.298323566467392e-06,1.5702800730175848,0.0,0.0,0.0
1624,1,-283.62332,404.04254,-0.010653343,0.0,-0.0,0.0,0.0,-0.00014753909188109914,-9.298323566467392e-06,1.5702800730175848,0.0,0.0,0.0
1625,1,-283.62332,404.04254,-0.010653343,0.0,-0.0,0.0,0.0,-0.00014753909188109914,-9.298323566467392e-06,1.5702800730175848,0.0,0.0,0.0
1626,1,-283.62332,404.04254,-0.010653343,0.0,-0.0,0.0,0.0,-0.00014753909188109914,-9.298323566467392e-06,1.5702800730175848,0.0,0.0,0.0
1627,1,-283.62332,404.04254,-0.010653343,0.0,-0.0,0.0,0.0,-0.00014753909188109914,-9.298323566467392e-06,1.5702800730175848,0.0,0.0,0.0
1628,1,-283.62332,404.04254,-0.010653343,0.0,-0.0,0.0,0.0,-0.00014753909188109914,-9.298323566467392e-06,1.5702800730175848,0.0,0.0,0.0
1629,1,-283.62332,404.04254,-0.010653343,0.0,-0.0,0.0,0.0,-0.00014753909188109914,-9.298323566467392e-06,1.5702800730175848,0.0,0.0,0.0
1630,1,-283.62332,404.04254,-0.010653343,0.0,-0.0,0.0,0.0,-0.00014753909188109914,-9.298323566467392e-06,1.5702800730175848,0.0,0.0,0.0
1631,1,-283.62332,404.04254,-0.010653343,0.0,-0.0,0.0,0.0,-0.00014753909188109914,-9.298323566467392e-06,1.5702800730175848,0.0,0.0,0.0
1632,1,-283.62332,404.04254,-0.010653343,0.0,-0.0,0.0,0.0,-0.00014753909188109914,-9.298323566467392e-06,1.5702800730175848,0.0,0.0,0.0
1633,1,-283.62332,404.04254,-0.010653343,0.0,-0.0,0.0,0.0,-0.00014753909188109914,-9.298323566467392e-06,1.5702800730175848,0.0,0.0,0.0
1634,1,-283.62332,404.04254,-0.010653343,0.0,-0.0,0.0,0.0,-0.00014753909188109914,-9.298323566467392e-06,1.5702800730175848,0.0,0.0,0.0
1635,1,-283.62332,404.04254,-0.010653343,0.0,-0.0,0.0,0.0,-0.00014753909188109914,-9.298323566467392e-06,1.5702800730175848,0.0,0.0,0.0
1636,1,-283.62332,404.04254,-0.010653343,0.0,-0.0,0.0,0.0,-0.00014753909188109914,-9.298323566467392e-06,1.5702800730175848,0.0,0.0,0.0
1637,1,-283.62332,404.04254,-0.010653343,0.0,-0.0,0.0,0.0,-0.00014753909188109914,-9.298323566467392e-06,1.5702800730175848,0.0,0.0,0.0
1638,1,-283.62332,404.04254,-0.010653343,0.0,-0.0,0.0,0.0,-0.00014753909188109914,-9.298323566467392e-06,1.5702800730175848,0.0,0.0,0.0
1639,1,-283.62332,404.04254,-0.010653343,0.0,-0.0,0.0,0.0,-0.00014753909188109914,-9.298323566467392e-06,1.5702800730175848,0.0,0.0,0.0
1640,1,-283.62332,404.04254,-0.010653343,0.0,-0.0,0.0,0.0,-0.00014753909188109914,-9.298323566467392e-06,1.5702800730175848,0.0,0.0,0.0
1641,1,-283.62332,404.04254,-0.010653343,0.0,-0.0,0.0,0.0,-0.00014753909188109914,-9.298323566467392e-06,1.5702800730175848,0.0,0.0,0.0
1642,1,-283.62332,404.04254,-0.010653343,0.0,-0.0,0.0,0.0,-0.00014753909188109914,-9.298323566467392e-06,1.5702800730175848,0.0,0.0,0.0
1643,1,-283.62332,404.04254,-0.010653343,0.0,-0.0,0.0,0.0,-0.00014753909188109914,-9.298323566467392e-06,1.5702800730175848,0.0,0.0,0.0
1644,1,-283.62332,404.04254,-0.010653343,0.0,-0.0,0.0,0.0,-0.00014753909188109914,-9.298323566467392e-06,1.5702800730175848,0.0,0.0,0.0
1645,1,-283.62332,404.04254,-0.010653343,0.0,-0.0,0.0,0.0,-0.00014753909188109914,-9.298323566467392e-06,1.5702800730175848,0.0,0.0,0.0
1646,1,-283.62332,404.04254,-0.010653343,0.0,-0.0,0.0,0.0,-0.00014753909188109914,-9.298323566467392e-06,1.5702800730175848,0.0,0.0,0.0
1647,1,-283.62332,404.04254,-0.010653343,0.0,-0.0,0.0,0.0,-0.00014753909188109914,-9.298323566467392e-06,1.5702800730175848,0.0,0.0,0.0
1648,1,-283.62332,404.04254,-0.010653343,0.0,-0.0,0.0,0.0,-0.00014753909188109914,-9.298323566467392e-06,1.5702800730175848,0.0,0.0,0.0
1649,1,-283.62332,404.04254,-0.010653343,0.0,-0.0,0.0,0.0,-0.00014753909188109914,-9.298323566467392e-06,1.5702800730175848,0.0,0.0,0.0
1650,1,-283.62332,404.04254,-0.010653343,0.0,-0.0,0.0,0.0,-0.00014753909188109914,-9.298323566467392e-06,1.5702800730175848,0.0,0.0,0.0
1651,1,-283.62332,404.04254,-0.010653343,0.0,-0.0,0.0,0.0,-0.00014753909188109914,-9.298323566467392e-06,1.5702800730175848,0.0,0.0,0.0
1652,1,-283.62332,404.04254,-0.010653343,0.0,-0.0,0.0,0.0,-0.00014753909188109914,-9.298323566467392e-06,1.5702800730175848,0.0,0.0,0.0
1653,1,-283.62332,404.04254,-0.010653343,0.0,-0.0,0.0,0.0,-0.00014753909188109914,-9.298323566467392e-06,1.5702800730175848,0.0,0.0,0.0
1654,1,-283.62332,404.04254,-0.010653343,0.0,-0.0,0.0,0.0,-0.00014753909188109914,-9.298323566467392e-06,1.5702800730175848,0.0,0.0,0.0
1655,1,-283.62332,404.04254,-0.010653343,0.0,-0.0,0.0,0.0,-0.00014753909188109914,-9.298323566467392e-06,1.5702800730175848,0.0,0.0,0.0
1656,1,-283.62332,404.04254,-0.010653343,0.0,-0.0,0.0,0.0,-0.00014753909188109914,-9.298323566467392e-06,1.5702800730175848,0.0,0.0,0.0
1657,1,-283.62332,404.04254,-0.010653343,0.0,-0.0,0.0,0.0,-0.00014753909188109914,-9.298323566467392e-06,1.5702800730175848,0.0,0.0,0.0
1658,1,-283.62332,404.04254,-0.010653343,0.0,-0.0,0.0,0.0,-0.00014753909188109914,-9.298323566467392e-06,1.5702800730175848,0.0,0.0,0.0
1659,1,-283.62332,404.04254,-0.010653343,0.0,-0.0,0.0,0.0,-0.00014753909188109914,-9.298323566467392e-06,1.5702800730175848,0.0,0.0,0.0
1660,1,-283.62332,404.04254,-0.010653343,0.0,-0.0,0.0,0.0,-0.00014753909188109914,-9.298323566467392e-06,1.5702800730175848,0.0,0.0,0.0
1661,1,-283.62332,404.04254,-0.010653343,0.0,-0.0,0.0,0.0,-0.00014753909188109914,-9.298323566467392e-06,1.5702800730175848,0.0,0.0,0.0
1662,1,-283.62332,404.04254,-0.010653343,0.0,-0.0,0.0,0.0,-0.00014753909188109914,-9.298323566467392e-06,1.5702800730175848,0.0,0.0,0.0
1663,1,-283.62332,404.04254,-0.010653343,0.0,-0.0,0.0,0.0,-0.00014753909188109914,-9.298323566467392e-06,1.5702800730175848,0.0,0.0,0.0
1664,1,-283.62332,404.04254,-0.010653343,0.0,-0.0,0.0,0.0,-0.00014753909188109914,-9.298323566467392e-06,1.5702800730175848,0.0,0.0,0.0
1665,1,-283.62332,404.04254,-0.010653343,0.0,-0.0,0.0,0.0,-0.00014753909188109914,-9.298323566467392e-06,1.5702800730175848,0.0,0.0,0.0
1666,1,-283.62332,404.04254,-0.010653343,0.0,-0.0,0.0,0.0,-0.00014753909188109914,-9.298323566467392e-06,1.5702800730175848,0.0,0.0,0.0
1667,1,-283.62332,404.04254,-0.010653343,0.0,-0.0,0.0,0.0,-0.00014753909188109914,-9.298323566467392e-06,1.5702800730175848,0.0,0.0,0.0
1668,1,-283.62332,404.04254,-0.010653343,0.0,-0.0,0.0,0.0,-0.00014753909188109914,-9.298323566467392e-06,1.5702800730175848,0.0,0.0,0.0
1669,1,-283.62332,404.04254,-0.010653343,0.0,-0.0,0.0,0.0,-0.00014753909188109914,-9.298323566467392e-06,1.5702800730175848,0.0,0.0,0.0
1670,1,-283.62332,404.04254,-0.010653343,0.0,-0.0,0.0,0.0,-0.00014753909188109914,-9.298323566467392e-06,1.5702800730175848,0.0,0.0,0.0
1671,1,-283.62332,404.04254,-0.010653343,0.0,-0.0,0.0,0.0,-0.00014753909188109914,-9.298323566467392e-06,1.5702800730175848,0.0,0.0,0.0
1672,1,-283.62332,404.04254,-0.010653343,0.0,-0.0,0.0,0.0,-0.00014753909188109914,-9.298323566467392e-06,1.5702800730175848,0.0,0.0,0.0
1673,1,-283.62332,404.04254,-0.010653343,0.0,-0.0,0.0,0.0,-0.00014753909188109914,-9.298323566467392e-06,1.5702800730175848,0.0,0.0,0.0
1674,1,-283.62332,404.04254,-0.010653343,0.0,-0.0,0.0,0.0,-0.00014753909188109914,-9.298323566467392e-06,1.5702800730175848,0.0,0.0,0.0
1675,1,-283.62332,404.04254,-0.010653343,0.0,-0.0,0.0,0.0,-0.00014753909188109914,-9.298323566467392e-06,1.5702800730175848,0.0,0.0,0.0
1676,1,-283.62332,404.04254,-0.010653343,0.0,-0.0,0.0,0.0,-0.00014753909188109914,-9.298323566467392e-06,1.5702800730175848,0.0,0.0,0.0
1677,1,-283.62332,404.04254,-0.010653343,0.0,-0.0,0.0,0.0,-0.00014753909188109914,-9.298323566467392e-06,1.5702800730175848,0.0,0.0,0.0
1678,1,-283.62332,404.04254,-0.010653343,0.0,-0.0,0.0,0.0,-0.00014753909188109914,-9.298323566467392e-06,1.5702800730175848,0.0,0.0,0.0
1679,1,-283.62332,404.04254,-0.010653343,0.0,-0.0,0.0,0.0,-0.00014753909188109914,-9.298323566467392e-06,1.5702800730175848,0.0,0.0,0.0
1680,1,-283.62332,404.04254,-0.010653343,0.0,-0.0,0.0,0.0,-0.00014753909188109914,-9.298323566467392e-06,1.5702800730175848,0.0,0.0,0.0
1681,1,-283.62332,404.04254,-0.010653343,0.0,-0.0,0.0,0.0,-0.00014753909188109914,-9.298323566467392e-06,1.5702800730175848,0.0,0.0,0.0
1682,1,-283.62332,404.04254,-0.010653343,0.0,-0.0,0.0,0.0,-0.00014753909188109914,-9.298323566467392e-06,1.5702800730175848,0.0,0.0,0.0
1683,1,-283.62332,404.04254,-0.010653343,0.0,-0.0,0.0,0.0,-0.00014753909188109914,-9.298323566467392e-06,1.5702800730175848,0.0,0.0,0.0
1684,1,-283.62332,404.04254,-0.010653343,0.0,-0.0,0.0,0.0,-0.00014753909188109914,-9.298323566467392e-06,1.5702800730175848,0.0,0.0,0.0
1685,1,-283.62332,404.04254,-0.010653343,0.0,-0.0,0.0,0.0,-0.00014753909188109914,-9.298323566467392e-06,1.5702800730175848,0.0,0.0,0.0
1686,1,-283.62332,404.04254,-0.010653343,0.0,-0.0,0.0,0.0,-0.00014753909188109914,-9.298323566467392e-06,1.5702800730175848,0.0,0.0,0.0
1687,1,-283.62332,404.04254,-0.010653343,0.0,-0.0,0.0,0.0,-0.00014753909188109914,-9.298323566467392e-06,1.5702800730175848,0.0,0.0,0.0
1688,1,-283.62332,404.04254,-0.010653343,0.0,-0.0,0.0,0.0,-0.00014753909188109914,-9.298323566467392e-06,1.5702800730175848,0.0,0.0,0.0
1689,1,-283.62332,404.04254,-0.010653343,0.0,-0.0,0.0,0.0,-0.00014753909188109914,-9.298323566467392e-06,1.5702800730175848,0.0,0.0,0.0
1690,1,-283.62332,404.04254,-0.010653343,0.0,-0.0,0.0,0.0,-0.00014753909188109914,-9.298323566467392e-06,1.5702800730175848,0.0,0.0,0.0
1691,1,-283.62332,404.04254,-0.010653343,0.0,-0.0,0.0,0.0,-0.00014753909188109914,-9.298323566467392e-06,1.5702800730175848,0.0,0.0,0.0
1692,1,-283.62332,404.04254,-0.010653343,0.0,-0.0,0.0,0.0,-0.00014753909188109914,-9.298323566467392e-06,1.5702800730175848,0.0,0.0,0.0
1693,1,-283.62332,404.04254,-0.010653343,0.0,-0.0,0.0,0.0,-0.00014753909188109914,-9.298323566467392e-06,1.5702800730175848,0.0,0.0,0.0
1694,1,-283.62332,404.04254,-0.010653343,0.0,-0.0,0.0,0.0,-0.00014753909188109914,-9.298323566467392e-06,1.5702800730175848,0.0,0.0,0.0
1695,1,-283.62332,404.04254,-0.010653343,0.0,-0.0,0.0,0.0,-0.00014753909188109914,-9.298323566467392e-06,1.5702800730175848,0.0,0.0,0.0
1696,1,-283.62332,404.04254,-0.010653343,0.0,-0.0,0.0,0.0,-0.00014753909188109914,-9.298323566467392e-06,1.5702800730175848,0.0,0.0,0.0
1697,1,-283.62332,404.04254,-0.010653343,0.0,-0.0,0.0,0.0,-0.00014753909188109914,-9.298323566467392e-06,1.5702800730175848,0.0,0.0,0.0
1698,1,-283.62332,404.04254,-0.010653343,0.0,-0.0,0.0,0.0,-0.00014753909188109914,-9.298323566467392e-06,1.5702800730175848,0.0,0.0,0.0
1699,1,-283.62332,404.04254,-0.010653343,0.0,-0.0,0.0,0.0,-0.00014753909188109914,-9.298323566467392e-06,1.5702800730175848,0.0,0.0,0.0
1700,1,-283.62332,404.04254,-0.010653343,0.0,-0.0,0.0,0.0,-0.00014753909188109914,-9.298323566467392e-06,1.5702800730175848,0.0,0.0,0.0
1701,1,-283.62332,404.04254,-0.010653343,0.0,-0.0,0.0,0.0,-0.00014753909188109914,-9.298323566467392e-06,1.5702800730175848,0.0,0.0,0.0
1702,1,-283.62332,404.04254,-0.010653343,0.0,-0.0,0.0,0.0,-0.00014753909188109914,-9.298323566467392e-06,1.5702800730175848,0.0,0.0,0.0
1703,1,-283.62332,404.04254,-0.010653343,0.0,-0.0,0.0,0.0,-0.00014753909188109914,-9.298323566467392e-06,1.5702800730175848,0.0,0.0,0.0
1704,1,-283.62332,404.04254,-0.010653343,0.0,-0.0,0.0,0.0,-0.00014753909188109914,-9.298323566467392e-06,1.5702800730175848,0.0,0.0,0.0
1705,1,-283.62332,404.04254,-0.010653343,0.0,-0.0,0.0,0.0,-0.00014753909188109914,-9.298323566467392e-06,1.5702800730175848,0.0,0.0,0.0
1706,1,-283.62332,404.04254,-0.010653343,0.0,-0.0,0.0,0.0,-0.00014753909188109914,-9.298323566467392e-06,1.5702800730175848,0.0,0.0,0.0
1707,1,-283.62332,404.04254,-0.010653343,0.0,-0.0,0.0,0.0,-0.00014753909188109914,-9.298323566467392e-06,1.5702800730175848,0.0,0.0,0.0
1708,1,-283.62332,404.04254,-0.010653343,0.0,-0.0,0.0,0.0,-0.00014753909188109914,-9.298323566467392e-06,1.5702800730175848,0.0,0.0,0.0
1709,1,-283.62332,404.04254,-0.010653343,0.0,-0.0,0.0,0.0,-0.00014753909188109914,-9.298323566467392e-06,1.5702800730175848,0.0,0.0,0.0
1710,1,-283.62332,404.04254,-0.010653343,0.0,-0.0,0.0,0.0,-0.00014753909188109914,-9.298323566467392e-06,1.5702800730175848,0.0,0.0,0.0
1711,1,-283.62332,404.04254,-0.010653343,0.0,-0.0,0.0,0.0,-0.00014753909188109914,-9.298323566467392e-06,1.5702800730175848,0.0,0.0,0.0
1712,1,-283.62332,404.04254,-0.010653343,0.0,-0.0,0.0,0.0,-0.00014753909188109914,-9.298323566467392e-06,1.5702800730175848,0.0,0.0,0.0
1713,1,-283.62332,404.04254,-0.010653343,0.0,-0.0,0.0,0.0,-0.00014753909188109914,-9.298323566467392e-06,1.5702800730175848,0.0,0.0,0.0
1714,1,-283.62332,404.04254,-0.010653343,0.0,-0.0,0.0,0.0,-0.00014753909188109914,-9.298323566467392e-06,1.5702800730175848,0.0,0.0,0.0
1715,1,-283.62332,404.04254,-0.010653343,0.0,-0.0,0.0,0.0,-0.00014753909188109914,-9.298323566467392e-06,1.5702800730175848,0.0,0.0,0.0
1716,1,-283.62332,404.04254,-0.010653343,0.0,-0.0,0.0,0.0,-0.00014753909188109914,-9.298323566467392e-06,1.5702800730175848,0.0,0.0,0.0
1717,1,-283.62332,404.04254,-0.010653343,0.0,-0.0,0.0,0.0,-0.00014753909188109914,-9.298323566467392e-06,1.5702800730175848,0.0,0.0,0.0
1718,1,-283.62332,404.04254,-0.010653343,0.0,-0.0,0.0,0.0,-0.00014753909188109914,-9.298323566467392e-06,1.5702800730175848,0.0,0.0,0.0
1719,1,-283.62332,404.04254,-0.010653343,0.0,-0.0,0.0,0.0,-0.00014753909188109914,-9.298323566467392e-06,1.5702800730175848,0.0,0.0,0.0
1720,1,-283.62332,404.04254,-0.010653343,0.0,-0.0,0.0,0.0,-0.00014753909188109914,-9.298323566467392e-06,1.5702800730175848,0.0,0.0,0.0
1721,1,-283.62332,404.04254,-0.010653343,0.0,-0.0,0.0,0.0,-0.00014753909188109914,-9.298323566467392e-06,1.5702800730175848,0.0,0.0,0.0
1722,1,-283.62332,404.04254,-0.010653343,0.0,-0.0,0.0,0.0,-0.00014753909188109914,-9.298323566467392e-06,1.5702800730175848,0.0,0.0,0.0
1723,1,-283.62332,404.04254,-0.010653343,0.0,-0.0,0.0,0.0,-0.00014753909188109914,-9.298323566467392e-06,1.5702800730175848,0.0,0.0,0.0
1724,1,-283.62332,404.04254,-0.010653343,0.0,-0.0,0.0,0.0,-0.00014753909188109914,-9.298323566467392e-06,1.5702800730175848,0.0,0.0,0.0
1725,1,-283.62332,404.04254,-0.010653343,0.0,-0.0,0.0,0.0,-0.00014753909188109914,-9.298323566467392e-06,1.5702800730175848,0.0,0.0,0.0
1726,1,-283.62332,404.04254,-0.010653343,0.0,-0.0,0.0,0.0,-0.00014753909188109914,-9.298323566467392e-06,1.5702800730175848,0.0,0.0,0.0
1727,1,-283.62332,404.04254,-0.010653343,0.0,-0.0,0.0,0.0,-0.00014753909188109914,-9.298323566467392e-06,1.5702800730175848,0.0,0.0,0.0
1728,1,-283.62332,404.04254,-0.010653343,0.0,-0.0,0.0,0.0,-0.00014753909188109914,-9.298323566467392e-06,1.5702800730175848,0.0,0.0,0.0
1729,1,-283.62332,404.04254,-0.010653343,0.0,-0.0,0.0,0.0,-0.00014753909188109914,-9.298323566467392e-06,1.5702800730175848,0.0,0.0,0.0
1730,1,-283.62332,404.04254,-0.010653343,0.0,-0.0,0.0,0.0,-0.00014753909188109914,-9.298323566467392e-06,1.5702800730175848,0.0,0.0,0.0
1731,1,-283.62332,404.04254,-0.010653343,0.0,-0.0,0.0,0.0,-0.00014753909188109914,-9.298323566467392e-06,1.5702800730175848,0.0,0.0,0.0
1732,1,-283.62332,404.04254,-0.010653343,0.0,-0.0,0.0,0.0,-0.00014753909188109914,-9.298323566467392e-06,1.5702800730175848,0.0,0.0,0.0
1733,1,-283.62332,404.04254,-0.010653343,0.0,-0.0,0.0,0.0,-0.00014753909188109914,-9.298323566467392e-06,1.5702800730175848,0.0,0.0,0.0
1734,1,-283.62332,404.04254,-0.010653343,0.0,-0.0,0.0,0.0,-0.00014753909188109914,-9.298323566467392e-06,1.5702800730175848,0.0,0.0,0.0
1735,1,-283.62332,404.04254,-0.010653343,0.0,-0.0,0.0,0.0,-0.00014753909188109914,-9.298323566467392e-06,1.5702800730175848,0.0,0.0,0.0
1736,1,-283.62332,404.04254,-0.010653343,0.0,-0.0,0.0,0.0,-0.00014753909188109914,-9.298323566467392e-06,1.5702800730175848,0.0,0.0,0.0
1737,1,-283.62332,404.04254,-0.010653343,0.0,-0.0,0.0,0.0,-0.00014753909188109914,-9.298323566467392e-06,1.5702800730175848,0.0,0.0,0.0
1738,1,-283.62332,404.04254,-0.010653343,0.0,-0.0,0.0,0.0,-0.00014753909188109914,-9.298323566467392e-06,1.5702800730175848,0.0,0.0,0.0
1739,1,-283.62332,404.04254,-0.010653343,0.0,-0.0,0.0,0.0,-0.00014753909188109914,-9.298323566467392e-06,1.5702800730175848,0.0,0.0,0.0
1740,1,-283.62332,404.04254,-0.010653343,0.0,-0.0,0.0,0.0,-0.00014753909188109914,-9.298323566467392e-06,1.5702800730175848,0.0,0.0,0.0
1741,1,-283.62332,404.04254,-0.010653343,0.0,-0.0,0.0,0.0,-0.00014753909188109914,-9.298323566467392e-06,1.5702800730175848,0.0,0.0,0.0
1742,1,-283.62332,404.04254,-0.010653343,0.0,-0.0,0.0,0.0,-0.00014753909188109914,-9.298323566467392e-06,1.5702800730175848,0.0,0.0,0.0
1743,1,-283.62332,404.04254,-0.010653343,0.0,-0.0,0.0,0.0,-0.00014753909188109914,-9.298323566467392e-06,1.5702800730175848,0.0,0.0,0.0
1744,1,-283.62332,404.04254,-0.010653343,0.0,-0.0,0.0,0.0,-0.00014753909188109914,-9.298323566467392e-06,1.5702800730175848,0.0,0.0,0.0
1745,1,-283.62332,404.04254,-0.010653343,0.0,-0.0,0.0,0.0,-0.00014753909188109914,-9.298323566467392e-06,1.5702800730175848,0.0,0.0,0.0
1746,1,-283.62332,404.04254,-0.010653343,0.0,-0.0,0.0,0.0,-0.00014753909188109914,-9.298323566467392e-06,1.5702800730175848,0.0,0.0,0.0
1747,1,-283.62332,404.04254,-0.010653343,0.0,-0.0,0.0,0.0,-0.00014753909188109914,-9.298323566467392e-06,1.5702800730175848,0.0,0.0,0.0
1748,1,-283.62332,404.04254,-0.010653343,0.0,-0.0,0.0,0.0,-0.00014753909188109914,-9.298323566467392e-06,1.5702800730175848,0.0,0.0,0.0
1749,1,-283.62332,404.04254,-0.010653343,0.0,-0.0,0.0,0.0,-0.00014753909188109914,-9.298323566467392e-06,1.5702800730175848,0.0,0.0,0.0
1750,1,-283.62332,404.04254,-0.010653343,0.0,-0.0,0.0,0.0,-0.00014753909188109914,-9.298323566467392e-06,1.5702800730175848,0.0,0.0,0.0
1751,1,-283.62332,404.04254,-0.010653343,0.0,-0.0,0.0,0.0,-0.00014753909188109914,-9.298323566467392e-06,1.5702800730175848,0.0,0.0,0.0
1752,1,-283.62332,404.04254,-0.010653343,0.0,-0.0,0.0,0.0,-0.00014753909188109914,-9.298323566467392e-06,1.5702800730175848,0.0,0.0,0.0
1753,1,-283.62332,404.04254,-0.010653343,0.0,-0.0,0.0,0.0,-0.00014753909188109914,-9.298323566467392e-06,1.5702800730175848,0.0,0.0,0.0
1754,1,-283.62332,404.04254,-0.010653343,0.0,-0.0,0.0,0.0,-0.00014753909188109914,-9.298323566467392e-06,1.5702800730175848,0.0,0.0,0.0
1755,1,-283.62332,404.04254,-0.010653343,0.0,-0.0,0.0,0.0,-0.00014753909188109914,-9.298323566467392e-06,1.5702800730175848,0.0,0.0,0.0
1756,1,-283.62332,404.04254,-0.010653343,0.0,-0.0,0.0,0.0,-0.00014753909188109914,-9.298323566467392e-06,1.5702800730175848,0.0,0.0,0.0
1757,1,-283.62332,404.04254,-0.010653343,0.0,-0.0,0.0,0.0,-0.00014753909188109914,-9.298323566467392e-06,1.5702800730175848,0.0,0.0,0.0
1758,1,-283.62332,404.04254,-0.010653343,0.0,-0.0,0.0,0.0,-0.00014753909188109914,-9.298323566467392e-06,1.5702800730175848,0.0,0.0,0.0
1759,1,-283.62332,404.04254,-0.010653343,0.0,-0.0,0.0,0.0,-0.00014753909188109914,-9.298323566467392e-06,1.5702800730175848,0.0,0.0,0.0
1760,1,-283.62332,404.04254,-0.010653343,0.0,-0.0,0.0,0.0,-0.00014753909188109914,-9.298323566467392e-06,1.5702800730175848,0.0,0.0,0.0
1761,1,-283.62332,404.04254,-0.010653343,0.0,-0.0,0.0,0.0,-0.00014753909188109914,-9.298323566467392e-06,1.5702800730175848,0.0,0.0,0.0
1762,1,-283.62332,404.04254,-0.010653343,0.0,-0.0,0.0,0.0,-0.00014753909188109914,-9.298323566467392e-06,1.5702800730175848,0.0,0.0,0.0
1763,1,-283.62332,404.04254,-0.010653343,0.0,-0.0,0.0,0.0,-0.00014753909188109914,-9.298323566467392e-06,1.5702800730175848,0.0,0.0,0.0
1764,1,-283.62332,404.04254,-0.010653343,0.0,-0.0,0.0,0.0,-0.00014753909188109914,-9.298323566467392e-06,1.5702800730175848,0.0,0.0,0.0
1765,1,-283.62332,404.04254,-0.010653343,0.0,-0.0,0.0,0.0,-0.00014753909188109914,-9.298323566467392e-06,1.5702800730175848,0.0,0.0,0.0
1766,1,-283.62332,404.04254,-0.010653343,0.0,-0.0,0.0,0.0,-0.00014753909188109914,-9.298323566467392e-06,1.5702800730175848,0.0,0.0,0.0
1767,1,-283.62332,404.04254,-0.010653343,0.0,-0.0,0.0,0.0,-0.00014753909188109914,-9.298323566467392e-06,1.5702800730175848,0.0,0.0,0.0
1768,1,-283.62332,404.04254,-0.010653343,0.0,-0.0,0.0,0.0,-0.00014753909188109914,-9.298323566467392e-06,1.5702800730175848,0.0,0.0,0.0
1769,1,-283.62332,404.04254,-0.010653343,0.0,-0.0,0.0,0.0,-0.00014753909188109914,-9.298323566467392e-06,1.5702800730175848,0.0,0.0,0.0
1770,1,-283.62332,404.04254,-0.010653343,0.0,-0.0,0.0,0.0,-0.00014753909188109914,-9.298323566467392e-06,1.5702800730175848,0.0,0.0,0.0
1771,1,-283.62332,404.04254,-0.010653343,0.0,-0.0,0.0,0.0,-0.00014753909188109914,-9.298323566467392e-06,1.5702800730175848,0.0,0.0,0.0
1772,1,-283.62332,404.04254,-0.010653343,0.0,-0.0,0.0,0.0,-0.00014753909188109914,-9.298323566467392e-06,1.5702800730175848,0.0,0.0,0.0
1773,1,-283.62332,404.04254,-0.010653343,0.0,-0.0,0.0,0.0,-0.00014753909188109914,-9.298323566467392e-06,1.5702800730175848,0.0,0.0,0.0
1774,1,-283.62332,404.04254,-0.010653343,0.0,-0.0,0.0,0.0,-0.00014753909188109914,-9.298323566467392e-06,1.5702800730175848,0.0,0.0,0.0
1775,1,-283.62332,404.04254,-0.010653343,0.0,-0.0,0.0,0.0,-0.00014753909188109914,-9.298323566467392e-06,1.5702800730175848,0.0,0.0,0.0
1776,1,-283.62332,404.04254,-0.010653343,0.0,-0.0,0.0,0.0,-0.00014753909188109914,-9.298323566467392e-06,1.5702800730175848,0.0,0.0,0.0
1777,1,-283.62332,404.04254,-0.010653343,0.0,-0.0,0.0,0.0,-0.00014753909188109914,-9.298323566467392e-06,1.5702800730175848,0.0,0.0,0.0
1778,1,-283.62332,404.04254,-0.010653343,0.0,-0.0,0.0,0.0,-0.00014753909188109914,-9.298323566467392e-06,1.5702800730175848,0.0,0.0,0.0
1779,1,-283.62332,404.04254,-0.010653343,0.0,-0.0,0.0,0.0,-0.00014753909188109914,-9.298323566467392e-06,1.5702800730175848,0.0,0.0,0.0
1780,1,-283.62332,404.04254,-0.010653343,0.0,-0.0,0.0,0.0,-0.00014753909188109914,-9.298323566467392e-06,1.5702800730175848,0.0,0.0,0.0
1781,1,-283.62332,404.04254,-0.010653343,0.0,-0.0,0.0,0.0,-0.00014753909188109914,-9.298323566467392e-06,1.5702800730175848,0.0,0.0,0.0
1782,1,-283.62332,404.04254,-0.010653343,0.0,-0.0,0.0,0.0,-0.00014753909188109914,-9.298323566467392e-06,1.5702800730175848,0.0,0.0,0.0
1783,1,-283.62332,404.04254,-0.010653343,0.0,-0.0,0.0,0.0,-0.00014753909188109914,-9.298323566467392e-06,1.5702800730175848,0.0,0.0,0.0
1784,1,-283.62332,404.04254,-0.010653343,0.0,-0.0,0.0,0.0,-0.00014753909188109914,-9.298323566467392e-06,1.5702800730175848,0.0,0.0,0.0
1785,1,-283.62332,404.04254,-0.010653343,0.0,-0.0,0.0,0.0,-0.00014753909188109914,-9.298323566467392e-06,1.5702800730175848,0.0,0.0,0.0
1786,1,-283.62332,404.04254,-0.010653343,0.0,-0.0,0.0,0.0,-0.00014753909188109914,-9.298323566467392e-06,1.5702800730175848,0.0,0.0,0.0
1787,1,-283.62332,404.04254,-0.010653343,0.0,-0.0,0.0,0.0,-0.00014753909188109914,-9.298323566467392e-06,1.5702800730175848,0.0,0.0,0.0
1788,1,-283.62332,404.04254,-0.010653343,0.0,-0.0,0.0,0.0,-0.00014753909188109914,-9.298323566467392e-06,1.5702800730175848,0.0,0.0,0.0
1789,1,-283.62332,404.04254,-0.010653343,0.0,-0.0,0.0,0.0,-0.00014753909188109914,-9.298323566467392e-06,1.5702800730175848,0.0,0.0,0.0
1790,1,-283.62332,404.04254,-0.010653343,0.0,-0.0,0.0,0.0,-0.00014753909188109914,-9.298323566467392e-06,1.5702800730175848,0.0,0.0,0.0
1791,1,-283.62332,404.04254,-0.010653343,0.0,-0.0,0.0,0.0,-0.00014753909188109914,-9.298323566467392e-06,1.5702800730175848,0.0,0.0,0.0
1792,1,-283.62332,404.04254,-0.010653343,0.0,-0.0,0.0,0.0,-0.00014753909188109914,-9.298323566467392e-06,1.5702800730175848,0.0,0.0,0.0
1793,1,-283.62332,404.04254,-0.010653343,0.0,-0.0,0.0,0.0,-0.00014753909188109914,-9.298323566467392e-06,1.5702800730175848,0.0,0.0,0.0
1794,1,-283.62332,404.04254,-0.010653343,0.0,-0.0,0.0,0.0,-0.00014753909188109914,-9.298323566467392e-06,1.5702800730175848,0.0,0.0,0.0
1795,1,-283.62332,404.04254,-0.010653343,0.0,-0.0,0.0,0.0,-0.00014753909188109914,-9.298323566467392e-06,1.5702800730175848,0.0,0.0,0.0
1796,1,-283.62332,404.04254,-0.010653343,0.0,-0.0,0.0,0.0,-0.00014753909188109914,-9.298323566467392e-06,1.5702800730175848,0.0,0.0,0.0
1797,1,-283.62332,404.04254,-0.010653343,0.0,-0.0,0.0,0.0,-0.00014753909188109914,-9.298323566467392e-06,1.5702800730175848,0.0,0.0,0.0
1798,1,-283.62332,404.04254,-0.010653343,0.0,-0.0,0.0,0.0,-0.00014753909188109914,-9.298323566467392e-06,1.5702800730175848,0.0,0.0,0.0
1799,1,-283.62332,404.04254,-0.010653343,0.0,-0.0,0.0,0.0,-0.00014753909188109914,-9.298323566467392e-06,1.5702800730175848,0.0,0.0,0.0
1800,1,-283.62332,404.04254,-0.010653343,0.0,-0.0,0.0,0.0,-0.00014753909188109914,-9.298323566467392e-06,1.5702800730175848,0.0,0.0,0.0
1801,1,-283.62332,404.04254,-0.010653343,0.0,-0.0,0.0,0.0,-0.00014753909188109914,-9.298323566467392e-06,1.5702800730175848,0.0,0.0,0.0
1802,1,-283.62332,404.04254,-0.010653343,0.0,-0.0,0.0,0.0,-0.00014753909188109914,-9.298323566467392e-06,1.5702800730175848,0.0,0.0,0.0
1803,1,-283.62332,404.04254,-0.010653343,0.0,-0.0,0.0,0.0,-0.00014753909188109914,-9.298323566467392e-06,1.5702800730175848,0.0,0.0,0.0
1804,1,-283.62332,404.04254,-0.010653343,0.0,-0.0,0.0,0.0,-0.00014753909188109914,-9.298323566467392e-06,1.5702800730175848,0.0,0.0,0.0
1805,1,-283.62332,404.04254,-0.010653343,0.0,-0.0,0.0,0.0,-0.00014753909188109914,-9.298323566467392e-06,1.5702800730175848,0.0,0.0,0.0
1806,1,-283.62332,404.04254,-0.010653343,0.0,-0.0,0.0,0.0,-0.00014753909188109914,-9.298323566467392e-06,1.5702800730175848,0.0,0.0,0.0
1807,1,-283.62332,404.04254,-0.010653343,0.0,-0.0,0.0,0.0,-0.00014753909188109914,-9.298323566467392e-06,1.5702800730175848,0.0,0.0,0.0
1808,1,-283.62332,404.04254,-0.010653343,0.0,-0.0,0.0,0.0,-0.00014753909188109914,-9.298323566467392e-06,1.5702800730175848,0.0,0.0,0.0
1809,1,-283.62332,404.04254,-0.010653343,0.0,-0.0,0.0,0.0,-0.00014753909188109914,-9.298323566467392e-06,1.5702800730175848,0.0,0.0,0.0
1810,1,-283.62332,404.04254,-0.010653343,0.0,-0.0,0.0,0.0,-0.00014753909188109914,-9.298323566467392e-06,1.5702800730175848,0.0,0.0,0.0
1811,1,-283.62332,404.04254,-0.010653343,0.0,-0.0,0.0,0.0,-0.00014753909188109914,-9.298323566467392e-06,1.5702800730175848,0.0,0.0,0.0
1812,1,-283.62332,404.04254,-0.010653343,0.0,-0.0,0.0,0.0,-0.00014753909188109914,-9.298323566467392e-06,1.5702800730175848,0.0,0.0,0.0
1813,1,-283.62332,404.04254,-0.010653343,0.0,-0.0,0.0,0.0,-0.00014753909188109914,-9.298323566467392e-06,1.5702800730175848,0.0,0.0,0.0
1814,1,-283.62332,404.04254,-0.010653343,0.0,-0.0,0.0,0.0,-0.00014753909188109914,-9.298323566467392e-06,1.5702800730175848,0.0,0.0,0.0
1815,1,-283.62332,404.04254,-0.010653343,0.0,-0.0,0.0,0.0,-0.00014753909188109914,-9.298323566467392e-06,1.5702800730175848,0.0,0.0,0.0
1816,1,-283.62332,404.04254,-0.010653343,0.0,-0.0,0.0,0.0,-0.00014753909188109914,-9.298323566467392e-06,1.5702800730175848,0.0,0.0,0.0
1817,1,-283.62332,404.04254,-0.010653343,0.0,-0.0,0.0,0.0,-0.00014753909188109914,-9.298323566467392e-06,1.5702800730175848,0.0,0.0,0.0
1818,1,-283.62332,404.04254,-0.010653343,0.0,-0.0,0.0,0.0,-0.00014753909188109914,-9.298323566467392e-06,1.5702800730175848,0.0,0.0,0.0
1819,1,-283.62332,404.04254,-0.010653343,0.0,-0.0,0.0,0.0,-0.00014753909188109914,-9.298323566467392e-06,1.5702800730175848,0.0,0.0,0.0
1820,1,-283.62332,404.04254,-0.010653343,0.0,-0.0,0.0,0.0,-0.00014753909188109914,-9.298323566467392e-06,1.5702800730175848,0.0,0.0,0.0
1821,1,-283.62332,404.04254,-0.010653343,0.0,-0.0,0.0,0.0,-0.00014753909188109914,-9.298323566467392e-06,1.5702800730175848,0.0,0.0,0.0
1822,1,-283.62332,404.04254,-0.010653343,0.0,-0.0,0.0,0.0,-0.00014753909188109914,-9.298323566467392e-06,1.5702800730175848,0.0,0.0,0.0
1823,1,-283.62332,404.04254,-0.010653343,0.0,-0.0,0.0,0.0,-0.00014753909188109914,-9.298323566467392e-06,1.5702800730175848,0.0,0.0,0.0
1824,1,-283.62332,404.04254,-0.010653343,0.0,-0.0,0.0,0.0,-0.00014753909188109914,-9.298323566467392e-06,1.5702800730175848,0.0,0.0,0.0
1825,1,-283.62332,404.04254,-0.010653343,0.0,-0.0,0.0,0.0,-0.00014753909188109914,-9.298323566467392e-06,1.5702800730175848,0.0,0.0,0.0
1826,1,-283.62332,404.04254,-0.010653343,0.0,-0.0,0.0,0.0,-0.00014753909188109914,-9.298323566467392e-06,1.5702800730175848,0.0,0.0,0.0
1827,1,-283.62332,404.04254,-0.010653343,0.0,-0.0,0.0,0.0,-0.00014753909188109914,-9.298323566467392e-06,1.5702800730175848,0.0,0.0,0.0
1828,1,-283.62332,404.04254,-0.010653343,0.0,-0.0,0.0,0.0,-0.00014753909188109914,-9.298323566467392e-06,1.5702800730175848,0.0,0.0,0.0
1829,1,-283.62332,404.04254,-0.010653343,0.0,-0.0,0.0,0.0,-0.00014753909188109914,-9.298323566467392e-06,1.5702800730175848,0.0,0.0,0.0
1830,1,-283.62332,404.04254,-0.010653343,0.0,-0.0,0.0,0.0,-0.00014753909188109914,-9.298323566467392e-06,1.5702800730175848,0.0,0.0,0.0
1831,1,-283.62332,404.04254,-0.010653343,0.0,-0.0,0.0,0.0,-0.00014753909188109914,-9.298323566467392e-06,1.5702800730175848,0.0,0.0,0.0
1832,1,-283.62332,404.04254,-0.010653343,0.0,-0.0,0.0,0.0,-0.00014753909188109914,-9.298323566467392e-06,1.5702800730175848,0.0,0.0,0.0
1833,1,-283.62332,404.04254,-0.010653343,0.0,-0.0,0.0,0.0,-0.00014753909188109914,-9.298323566467392e-06,1.5702800730175848,0.0,0.0,0.0
1834,1,-283.62332,404.04254,-0.010653343,0.0,-0.0,0.0,0.0,-0.00014753909188109914,-9.298323566467392e-06,1.5702800730175848,0.0,0.0,0.0
1835,1,-283.62332,404.04254,-0.010653343,0.0,-0.0,0.0,0.0,-0.00014753909188109914,-9.298323566467392e-06,1.5702800730175848,0.0,0.0,0.0
1836,1,-283.62332,404.04254,-0.010653343,0.0,-0.0,0.0,0.0,-0.00014753909188109914,-9.298323566467392e-06,1.5702800730175848,0.0,0.0,0.0
1837,1,-283.62332,404.04254,-0.010653343,0.0,-0.0,0.0,0.0,-0.00014753909188109914,-9.298323566467392e-06,1.5702800730175848,0.0,0.0,0.0
1838,1,-283.62332,404.04254,-0.010653343,0.0,-0.0,0.0,0.0,-0.00014753909188109914,-9.298323566467392e-06,1.5702800730175848,0.0,0.0,0.0
1839,1,-283.62332,404.04254,-0.010653343,0.0,-0.0,0.0,0.0,-0.00014753909188109914,-9.298323566467392e-06,1.5702800730175848,0.0,0.0,0.0
1840,1,-283.62332,404.04254,-0.010653343,0.0,-0.0,0.0,0.0,-0.00014753909188109914,-9.298323566467392e-06,1.5702800730175848,0.0,0.0,0.0
1841,1,-283.62332,404.04254,-0.010653343,0.0,-0.0,0.0,0.0,-0.00014753909188109914,-9.298323566467392e-06,1.5702800730175848,0.0,0.0,0.0
1842,1,-283.62332,404.04254,-0.010653343,0.0,-0.0,0.0,0.0,-0.00014753909188109914,-9.298323566467392e-06,1.5702800730175848,0.0,0.0,0.0
1843,1,-283.62332,404.04254,-0.010653343,0.0,-0.0,0.0,0.0,-0.00014753909188109914,-9.298323566467392e-06,1.5702800730175848,0.0,0.0,0.0
1844,1,-283.62332,404.04254,-0.010653343,0.0,-0.0,0.0,0.0,-0.00014753909188109914,-9.298323566467392e-06,1.5702800730175848,0.0,0.0,0.0
1845,1,-283.62332,404.04254,-0.010653343,0.0,-0.0,0.0,0.0,-0.00014753909188109914,-9.298323566467392e-06,1.5702800730175848,0.0,0.0,0.0
1846,1,-283.62332,404.04254,-0.010653343,0.0,-0.0,0.0,0.0,-0.00014753909188109914,-9.298323566467392e-06,1.5702800730175848,0.0,0.0,0.0
1847,1,-283.62332,404.04254,-0.010653343,0.0,-0.0,0.0,0.0,-0.00014753909188109914,-9.298323566467392e-06,1.5702800730175848,0.0,0.0,0.0
1848,1,-283.62332,404.04254,-0.010653343,0.0,-0.0,0.0,0.0,-0.00014753909188109914,-9.298323566467392e-06,1.5702800730175848,0.0,0.0,0.0
1849,1,-283.62332,404.04254,-0.010653343,0.0,-0.0,0.0,0.0,-0.00014753909188109914,-9.298323566467392e-06,1.5702800730175848,0.0,0.0,0.0
1850,1,-283.62332,404.04254,-0.010653343,0.0,-0.0,0.0,0.0,-0.00014753909188109914,-9.298323566467392e-06,1.5702800730175848,0.0,0.0,0.0
1851,1,-283.62332,404.04254,-0.010653343,0.0,-0.0,0.0,0.0,-0.00014753909188109914,-9.298323566467392e-06,1.5702800730175848,0.0,0.0,0.0
1852,1,-283.62332,404.04254,-0.010653343,0.0,-0.0,0.0,0.0,-0.00014753909188109914,-9.298323566467392e-06,1.5702800730175848,0.0,0.0,0.0
1853,1,-283.62332,404.04254,-0.010653343,0.0,-0.0,0.0,0.0,-0.00014753909188109914,-9.298323566467392e-06,1.5702800730175848,0.0,0.0,0.0
1854,1,-283.62332,404.04254,-0.010653343,0.0,-0.0,0.0,0.0,-0.00014753909188109914,-9.298323566467392e-06,1.5702800730175848,0.0,0.0,0.0
1855,1,-283.62332,404.04254,-0.010653343,0.0,-0.0,0.0,0.0,-0.00014753909188109914,-9.298323566467392e-06,1.5702800730175848,0.0,0.0,0.0
1856,1,-283.62332,404.04254,-0.010653343,0.0,-0.0,0.0,0.0,-0.00014753909188109914,-9.298323566467392e-06,1.5702800730175848,0.0,0.0,0.0
1857,1,-283.62332,404.04254,-0.010653343,0.0,-0.0,0.0,0.0,-0.00014753909188109914,-9.298323566467392e-06,1.5702800730175848,0.0,0.0,0.0
1858,1,-283.62332,404.04254,-0.010653343,0.0,-0.0,0.0,0.0,-0.00014753909188109914,-9.298323566467392e-06,1.5702800730175848,0.0,0.0,0.0
1859,1,-283.62332,404.04254,-0.010653343,0.0,-0.0,0.0,0.0,-0.00014753909188109914,-9.298323566467392e-06,1.5702800730175848,0.0,0.0,0.0
1860,1,-283.62332,404.04254,-0.010653343,0.0,-0.0,0.0,0.0,-0.00014753909188109914,-9.298323566467392e-06,1.5702800730175848,0.0,0.0,0.0
1861,1,-283.62332,404.04254,-0.010653343,0.0,-0.0,0.0,0.0,-0.00014753909188109914,-9.298323566467392e-06,1.5702800730175848,0.0,0.0,0.0
1862,1,-283.62332,404.04254,-0.010653343,0.0,-0.0,0.0,0.0,-0.00014753909188109914,-9.298323566467392e-06,1.5702800730175848,0.0,0.0,0.0
1863,1,-283.62332,404.04254,-0.010653343,0.0,-0.0,0.0,0.0,-0.00014753909188109914,-9.298323566467392e-06,1.5702800730175848,0.0,0.0,0.0
1864,1,-283.62332,404.04254,-0.010653343,0.0,-0.0,0.0,0.0,-0.00014753909188109914,-9.298323566467392e-06,1.5702800730175848,0.0,0.0,0.0
1865,1,-283.62332,404.04254,-0.010653343,0.0,-0.0,0.0,0.0,-0.00014753909188109914,-9.298323566467392e-06,1.5702800730175848,0.0,0.0,0.0
1866,1,-283.62332,404.04254,-0.010653343,0.0,-0.0,0.0,0.0,-0.00014753909188109914,-9.298323566467392e-06,1.5702800730175848,0.0,0.0,0.0
1867,1,-283.62332,404.04254,-0.010653343,0.0,-0.0,0.0,0.0,-0.00014753909188109914,-9.298323566467392e-06,1.5702800730175848,0.0,0.0,0.0
1868,1,-283.62332,404.04254,-0.010653343,0.0,-0.0,0.0,0.0,-0.00014753909188109914,-9.298323566467392e-06,1.5702800730175848,0.0,0.0,0.0
1869,1,-283.62332,404.04254,-0.010653343,0.0,-0.0,0.0,0.0,-0.00014753909188109914,-9.298323566467392e-06,1.5702800730175848,0.0,0.0,0.0
1870,1,-283.62332,404.04254,-0.010653343,0.0,-0.0,0.0,0.0,-0.00014753909188109914,-9.298323566467392e-06,1.5702800730175848,0.0,0.0,0.0
1871,1,-283.62332,404.04254,-0.010653343,0.0,-0.0,0.0,0.0,-0.00014753909188109914,-9.298323566467392e-06,1.5702800730175848,0.0,0.0,0.0
1872,1,-283.62332,404.04254,-0.010653343,0.0,-0.0,0.0,0.0,-0.00014753909188109914,-9.298323566467392e-06,1.5702800730175848,0.0,0.0,0.0
1873,1,-283.62332,404.04254,-0.010653343,0.0,-0.0,0.0,0.0,-0.00014753909188109914,-9.298323566467392e-06,1.5702800730175848,0.0,0.0,0.0
1874,1,-283.62332,404.04254,-0.010653343,0.0,-0.0,0.0,0.0,-0.00014753909188109914,-9.298323566467392e-06,1.5702800730175848,0.0,0.0,0.0
1875,1,-283.62332,404.04254,-0.010653343,0.0,-0.0,0.0,0.0,-0.00014753909188109914,-9.298323566467392e-06,1.5702800730175848,0.0,0.0,0.0
1876,1,-283.62332,404.04254,-0.010653343,0.0,-0.0,0.0,0.0,-0.00014753909188109914,-9.298323566467392e-06,1.5702800730175848,0.0,0.0,0.0
1877,1,-283.62332,404.04254,-0.010653343,0.0,-0.0,0.0,0.0,-0.00014753909188109914,-9.298323566467392e-06,1.5702800730175848,0.0,0.0,0.0
1878,1,-283.62332,404.04254,-0.010653343,0.0,-0.0,0.0,0.0,-0.00014753909188109914,-9.298323566467392e-06,1.5702800730175848,0.0,0.0,0.0
1879,1,-283.62332,404.04254,-0.010653343,0.0,-0.0,0.0,0.0,-0.00014753909188109914,-9.298323566467392e-06,1.5702800730175848,0.0,0.0,0.0
1880,1,-283.62332,404.04254,-0.010653343,0.0,-0.0,0.0,0.0,-0.00014753909188109914,-9.298323566467392e-06,1.5702800730175848,0.0,0.0,0.0
1881,1,-283.62332,404.04254,-0.010653343,0.0,-0.0,0.0,0.0,-0.00014753909188109914,-9.298323566467392e-06,1.5702800730175848,0.0,0.0,0.0
1882,1,-283.62332,404.04254,-0.010653343,0.0,-0.0,0.0,0.0,-0.00014753909188109914,-9.298323566467392e-06,1.5702800730175848,0.0,0.0,0.0
1883,1,-283.62332,404.04254,-0.010653343,0.0,-0.0,0.0,0.0,-0.00014753909188109914,-9.298323566467392e-06,1.5702800730175848,0.0,0.0,0.0
1884,1,-283.62332,404.04254,-0.010653343,0.0,-0.0,0.0,0.0,-0.00014753909188109914,-9.298323566467392e-06,1.5702800730175848,0.0,0.0,0.0
1885,1,-283.62332,404.04254,-0.010653343,0.0,-0.0,0.0,0.0,-0.00014753909188109914,-9.298323566467392e-06,1.5702800730175848,0.0,0.0,0.0
1886,1,-283.62332,404.04254,-0.010653343,0.0,-0.0,0.0,0.0,-0.00014753909188109914,-9.298323566467392e-06,1.5702800730175848,0.0,0.0,0.0
1887,1,-283.62332,404.04254,-0.010653343,0.0,-0.0,0.0,0.0,-0.00014753909188109914,-9.298323566467392e-06,1.5702800730175848,0.0,0.0,0.0
1888,1,-283.62332,404.04254,-0.010653343,0.0,-0.0,0.0,0.0,-0.00014753909188109914,-9.298323566467392e-06,1.5702800730175848,0.0,0.0,0.0
1889,1,-283.62332,404.04254,-0.010653343,0.0,-0.0,0.0,0.0,-0.00014753909188109914,-9.298323566467392e-06,1.5702800730175848,0.0,0.0,0.0
1890,1,-283.62332,404.04254,-0.010653343,0.0,-0.0,0.0,0.0,-0.00014753909188109914,-9.298323566467392e-06,1.5702800730175848,0.0,0.0,0.0
1891,1,-283.62332,404.04254,-0.010653343,0.0,-0.0,0.0,0.0,-0.00014753909188109914,-9.298323566467392e-06,1.5702800730175848,0.0,0.0,0.0
1892,1,-283.62332,404.04254,-0.010653343,0.0,-0.0,0.0,0.0,-0.00014753909188109914,-9.298323566467392e-06,1.5702800730175848,0.0,0.0,0.0
1893,1,-283.62332,404.04254,-0.010653343,0.0,-0.0,0.0,0.0,-0.00014753909188109914,-9.298323566467392e-06,1.5702800730175848,0.0,0.0,0.0
1894,1,-283.62332,404.04254,-0.010653343,0.0,-0.0,0.0,0.0,-0.00014753909188109914,-9.298323566467392e-06,1.5702800730175848,0.0,0.0,0.0
1895,1,-283.62332,404.04254,-0.010653343,0.0,-0.0,0.0,0.0,-0.00014753909188109914,-9.298323566467392e-06,1.5702800730175848,0.0,0.0,0.0
1896,1,-283.62332,404.04254,-0.010653343,0.0,-0.0,0.0,0.0,-0.00014753909188109914,-9.298323566467392e-06,1.5702800730175848,0.0,0.0,0.0
1897,1,-283.62332,404.04254,-0.010653343,0.0,-0.0,0.0,0.0,-0.00014753909188109914,-9.298323566467392e-06,1.5702800730175848,0.0,0.0,0.0
1898,1,-283.62332,404.04254,-0.010653343,0.0,-0.0,0.0,0.0,-0.00014753909188109914,-9.298323566467392e-06,1.5702800730175848,0.0,0.0,0.0
1899,1,-283.62332,404.04254,-0.010653343,0.0,-0.0,0.0,0.0,-0.00014753909188109914,-9.298323566467392e-06,1.5702800730175848,0.0,0.0,0.0
1900,1,-283.62332,404.04254,-0.010653343,0.0,-0.0,0.0,0.0,-0.00014753909188109914,-9.298323566467392e-06,1.5702800730175848,0.0,0.0,0.0
1901,1,-283.62332,404.04254,-0.010653343,0.0,-0.0,0.0,0.0,-0.00014753909188109914,-9.298323566467392e-06,1.5702800730175848,0.0,0.0,0.0
1902,1,-283.62332,404.04254,-0.010653343,0.0,-0.0,0.0,0.0,-0.00014753909188109914,-9.298323566467392e-06,1.5702800730175848,0.0,0.0,0.0
1903,1,-283.62332,404.04254,-0.010653343,0.0,-0.0,0.0,0.0,-0.00014753909188109914,-9.298323566467392e-06,1.5702800730175848,0.0,0.0,0.0
1904,1,-283.62332,404.04254,-0.010653343,0.0,-0.0,0.0,0.0,-0.00014753909188109914,-9.298323566467392e-06,1.5702800730175848,0.0,0.0,0.0
1905,1,-283.62332,404.04254,-0.010653343,0.0,-0.0,0.0,0.0,-0.00014753909188109914,-9.298323566467392e-06,1.5702800730175848,0.0,0.0,0.0
1906,1,-283.62332,404.04254,-0.010653343,0.0,-0.0,0.0,0.0,-0.00014753909188109914,-9.298323566467392e-06,1.5702800730175848,0.0,0.0,0.0
1907,1,-283.62332,404.04254,-0.010653343,0.0,-0.0,0.0,0.0,-0.00014753909188109914,-9.298323566467392e-06,1.5702800730175848,0.0,0.0,0.0
1908,1,-283.62332,404.04254,-0.010653343,0.0,-0.0,0.0,0.0,-0.00014753909188109914,-9.298323566467392e-06,1.5702800730175848,0.0,0.0,0.0
1909,1,-283.62332,404.04254,-0.010653343,0.0,-0.0,0.0,0.0,-0.00014753909188109914,-9.298323566467392e-06,1.5702800730175848,0.0,0.0,0.0
1910,1,-283.62332,404.04254,-0.010653343,0.0,-0.0,0.0,0.0,-0.00014753909188109914,-9.298323566467392e-06,1.5702800730175848,0.0,0.0,0.0
1911,1,-283.62332,404.04254,-0.010653343,0.0,-0.0,0.0,0.0,-0.00014753909188109914,-9.298323566467392e-06,1.5702800730175848,0.0,0.0,0.0
1912,1,-283.62332,404.04254,-0.010653343,0.0,-0.0,0.0,0.0,-0.00014753909188109914,-9.298323566467392e-06,1.5702800730175848,0.0,0.0,0.0
1913,1,-283.62332,404.04254,-0.010653343,0.0,-0.0,0.0,0.0,-0.00014753909188109914,-9.298323566467392e-06,1.5702800730175848,0.0,0.0,0.0
1914,1,-283.62332,404.04254,-0.010653343,0.0,-0.0,0.0,0.0,-0.00014753909188109914,-9.298323566467392e-06,1.5702800730175848,0.0,0.0,0.0
1915,1,-283.62332,404.04254,-0.010653343,0.0,-0.0,0.0,0.0,-0.00014753909188109914,-9.298323566467392e-06,1.5702800730175848,0.0,0.0,0.0
1916,1,-283.62332,404.04254,-0.010653343,0.0,-0.0,0.0,0.0,-0.00014753909188109914,-9.298323566467392e-06,1.5702800730175848,0.0,0.0,0.0
1917,1,-283.62332,404.04254,-0.010653343,0.0,-0.0,0.0,0.0,-0.00014753909188109914,-9.298323566467392e-06,1.5702800730175848,0.0,0.0,0.0
1918,1,-283.62332,404.04254,-0.010653343,0.0,-0.0,0.0,0.0,-0.00014753909188109914,-9.298323566467392e-06,1.5702800730175848,0.0,0.0,0.0
1919,1,-283.62332,404.04254,-0.010653343,0.0,-0.0,0.0,0.0,-0.00014753909188109914,-9.298323566467392e-06,1.5702800730175848,0.0,0.0,0.0
1920,1,-283.62332,404.04254,-0.010653343,0.0,-0.0,0.0,0.0,-0.00014753909188109914,-9.298323566467392e-06,1.5702800730175848,0.0,0.0,0.0
1921,1,-283.62332,404.04254,-0.010653343,0.0,-0.0,0.0,0.0,-0.00014753909188109914,-9.298323566467392e-06,1.5702800730175848,0.0,0.0,0.0
1922,1,-283.62332,404.04254,-0.010653343,0.0,-0.0,0.0,0.0,-0.00014753909188109914,-9.298323566467392e-06,1.5702800730175848,0.0,0.0,0.0
1923,1,-283.62332,404.04254,-0.010653343,0.0,-0.0,0.0,0.0,-0.00014753909188109914,-9.298323566467392e-06,1.5702800730175848,0.0,0.0,0.0
1924,1,-283.62332,404.04254,-0.010653343,0.0,-0.0,0.0,0.0,-0.00014753909188109914,-9.298323566467392e-06,1.5702800730175848,0.0,0.0,0.0
1925,1,-283.62332,404.04254,-0.010653343,0.0,-0.0,0.0,0.0,-0.00014753909188109914,-9.298323566467392e-06,1.5702800730175848,0.0,0.0,0.0
