tick,waypoint_idx,loc_x,loc_y,loc_z,vel_x,vel_y,vel_z,speed,roll,pitch,yaw,throttle,steer,brake
0,2774,-283.8003,391.69998,-0.006203041,0.00048857764,0.00020077222,0.06063363,0.06063593178987503,-0.00020506338768145601,-8.773803229201081e-05,1.9198593808746178,0.0,0.0,0.0
1,2774,-283.8003,391.69995,-0.0036841582,0.00036580747,0.00015015867,0.042558994,0.04256083071231842,-0.00015180016587987126,-6.484984995496451e-05,1.9198593808746178,0.0,0.0,0.0
2,2774,-283.8003,391.69995,-0.001927452,0.00027276174,0.000111877336,0.029505853,0.02950732596218586,-0.00011238538174669853,-4.7922132276148354e-05,1.9198593808746178,0.0,0.0,0.0
3,2774,-283.80032,391.69995,-0.0007158279,0.00020263951,8.304405e-05,0.02025126,0.020252443850040436,-8.309062601047223e-05,-3.5405157306597324e-05,1.9198593808746178,0.0,0.0,0.0
4,2774,-283.80032,391.69995,0.00011238098,0.0001501901,6.1517574e-05,0.013785457,0.01378641277551651,-6.125270507182248e-05,-2.6226041245283548e-05,1.9198593808746178,0.0,0.0,0.0
5,2774,-283.80035,391.69995,0.00067420956,0.00011119558,4.55371e-05,0.009317889,0.009318663738667965,-4.527373446768572e-05,-1.9431113891824764e-05,1.9198593808746178,0.0,0.0,0.0
6,2774,-283.80035,391.69992,0.0010529327,8.223119e-05,3.3645752e-05,0.006261296,0.006261926144361496,-3.355582770316774e-05,-1.4305113960653935e-05,1.9198593808746178,0.0,0.0,0.0
7,2774,-283.80035,391.69992,0.0013068389,6.082004e-05,2.4884093e-05,0.004186697,0.0041872127912938595,-2.4501079996898325e-05,-1.0609626441463835e-05,1.9198593808746178,0.0,0.0,0.0
8,2774,-283.80035,391.69992,0.0014762878,4.5019737e-05,1.842996e-05,0.0027853106,0.002785735297948122,-1.8109493380708154e-05,-7.867812678359665e-06,1.9198593808746178,0.0,0.0,0.0
9,2774,-283.80035,391.69992,0.0015888214,3.3426488e-05,1.3680409e-05,0.0018479251,0.0018482779851183295,-1.3315804434480857e-05,-5.841255121245857e-06,1.9198593808746178,0.0,0.0,0.0
10,2774,-283.80035,391.69992,0.0016633605,2.4655817e-05,1.009367e-05,0.0012201119,0.0012204026570543647,-9.587379924285257e-06,-4.410743725180464e-06,1.9198593808746178,0.0,0.0,0.0
11,2774,-283.80035,391.69992,0.0016633605,0.0,-0.0,0.0,0.0,-9.587379924285257e-06,-4.410743725180464e-06,1.9198593808746178,0.0,0.0,0.0
12,2774,-283.80035,391.69992,0.0016633605,0.0,-0.0,0.0,0.0,-9.587379924285257e-06,-4.410743725180464e-06,1.9198593808746178,0.0,0.0,0.0
13,2774,-283.80035,391.69992,0.0016633605,0.0,-0.0,0.0,0.0,-9.587379924285257e-06,-4.410743725180464e-06,1.9198593808746178,0.0,0.0,0.0
14,2774,-283.80035,391.69992,0.0016633605,0.0,-0.0,0.0,0.0,-9.587379924285257e-06,-4.410743725180464e-06,1.9198593808746178,0.0,0.0,0.0
15,2774,-283.80035,391.69992,0.0016633605,0.0,-0.0,0.0,0.0,-9.587379924285257e-06,-4.410743725180464e-06,1.9198593808746178,0.0,0.0,0.0
16,2774,-283.80035,391.69992,0.0016633605,0.0,-0.0,0.0,0.0,-9.587379924285257e-06,-4.410743725180464e-06,1.9198593808746178,0.0,0.0,0.0
17,2774,-283.80035,391.69992,0.0016633605,0.0,-0.0,0.0,0.0,-9.587379924285257e-06,-4.410743725180464e-06,1.9198593808746178,0.0,0.0,0.0
18,2774,-283.80035,391.69992,0.0016633605,0.0,-0.0,0.0,0.0,-9.587379924285257e-06,-4.410743725180464e-06,1.9198593808746178,0.0,0.0,0.0
19,2774,-283.80035,391.69992,0.0016633605,0.0,-0.0,0.0,0.0,-9.587379924285257e-06,-4.410743725180464e-06,1.9198593808746178,0.0,0.0,0.0
20,2774,-283.80035,391.69992,0.0016633605,0.0,-0.0,0.0,0.0,-9.587379924285257e-06,-4.410743725180464e-06,1.9198593808746178,0.0,0.0,0.0
21,2774,-283.80035,391.69992,0.0016633605,0.0,-0.0,0.0,0.0,-9.587379924285257e-06,-4.410743725180464e-06,1.9198593808746178,0.0,0.0,0.0
22,2774,-283.80035,391.69992,0.0016633605,0.0,-0.0,0.0,0.0,-9.587379924285257e-06,-4.410743725180464e-06,1.9198593808746178,0.0,0.0,0.0
23,2774,-283.80035,391.69992,0.0016633605,0.0,-0.0,0.0,0.0,-9.587379924285257e-06,-4.410743725180464e-06,1.9198593808746178,0.0,0.0,0.0
24,2774,-283.80035,391.69992,0.0016633605,0.0,-0.0,0.0,0.0,-9.587379924285257e-06,-4.410743725180464e-06,1.9198593808746178,0.0,0.0,0.0
25,2774,-283.80035,391.69992,0.0016633605,0.0,-0.0,0.0,0.0,-9.587379924285257e-06,-4.410743725180464e-06,1.9198593808746178,0.0,0.0,0.0
26,2774,-283.80035,391.69992,0.0016633605,0.0,-0.0,0.0,0.0,-9.587379924285257e-06,-4.410743725180464e-06,1.9198593808746178,0.0,0.0,0.0
27,2774,-283.80035,391.69992,0.0016633605,0.0,-0.0,0.0,0.0,-9.587379924285257e-06,-4.410743725180464e-06,1.9198593808746178,0.0,0.0,0.0
28,2774,-283.80035,391.69992,0.0016633605,0.0,-0.0,0.0,0.0,-9.587379924285257e-06,-4.410743725180464e-06,1.9198593808746178,0.0,0.0,0.0
29,2774,-283.80035,391.69992,0.0016633605,0.0,-0.0,0.0,0.0,-9.587379924285257e-06,-4.410743725180464e-06,1.9198593808746178,0.0,0.0,0.0
30,2774,-283.80035,391.69992,0.0016633605,0.0,-0.0,0.0,0.0,-9.587379924285257e-06,-4.410743725180464e-06,1.9198593808746178,0.0,0.0,0.0
31,2774,-283.80035,391.69992,0.0016633605,0.0,-0.0,0.0,0.0,-9.587379924285257e-06,-4.410743725180464e-06,1.9198593808746178,0.0,0.0,0.0
32,2774,-283.80035,391.69992,0.0016633605,0.0,-0.0,0.0,0.0,-9.587379924285257e-06,-4.410743725180464e-06,1.9198593808746178,0.0,0.0,0.0
33,2774,-283.80035,391.69992,0.0016633605,0.0,-0.0,0.0,0.0,-9.587379924285257e-06,-4.410743725180464e-06,1.9198593808746178,0.0,0.0,0.0
34,2774,-283.80035,391.69992,0.0016633605,0.0,-0.0,0.0,0.0,-9.587379924285257e-06,-4.410743725180464e-06,1.9198593808746178,0.0,0.0,0.0
35,2774,-283.80035,391.69992,0.0016633605,0.0,-0.0,0.0,0.0,-9.587379924285257e-06,-4.410743725180464e-06,1.9198593808746178,0.0,0.0,0.0
36,2774,-283.80035,391.69992,0.0016633605,0.0,-0.0,0.0,0.0,-9.587379924285257e-06,-4.410743725180464e-06,1.9198593808746178,0.0,0.0,0.0
37,2774,-283.80035,391.69992,0.0016633605,0.0,-0.0,0.0,0.0,-9.587379924285257e-06,-4.410743725180464e-06,1.9198593808746178,0.0,0.0,0.0
38,2774,-283.80035,391.69992,0.0016633605,0.0,-0.0,0.0,0.0,-9.587379924285257e-06,-4.410743725180464e-06,1.9198593808746178,0.0,0.0,0.0
39,2774,-283.80035,391.69992,0.0016633605,0.0,-0.0,0.0,0.0,-9.587379924285257e-06,-4.410743725180464e-06,1.9198593808746178,0.0,0.0,0.0
40,2774,-283.80035,391.69992,0.0016633605,0.0,-0.0,0.0,0.0,-9.587379924285257e-06,-4.410743725180464e-06,1.9198593808746178,0.0,0.0,0.0
41,2774,-283.80035,391.69992,0.0016633605,0.0,-0.0,0.0,0.0,-9.587379924285257e-06,-4.410743725180464e-06,1.9198593808746178,0.0,0.0,0.0
42,2774,-283.80035,391.69992,0.0016633605,0.0,-0.0,0.0,0.0,-9.587379924285257e-06,-4.410743725180464e-06,1.9198593808746178,0.0,0.0,0.0
43,2774,-283.80035,391.69992,0.0016633605,0.0,-0.0,0.0,0.0,-9.587379924285257e-06,-4.410743725180464e-06,1.9198593808746178,0.0,0.0,0.0
44,2774,-283.80035,391.69992,0.0016633605,0.0,-0.0,0.0,0.0,-9.587379924285257e-06,-4.410743725180464e-06,1.9198593808746178,0.0,0.0,0.0
45,2774,-283.80035,391.69992,0.0016633605,0.0,-0.0,0.0,0.0,-9.587379924285257e-06,-4.410743725180464e-06,1.9198593808746178,0.0,0.0,0.0
46,2774,-283.80035,391.69992,0.0016633605,0.0,-0.0,0.0,0.0,-9.587379924285257e-06,-4.410743725180464e-06,1.9198593808746178,0.0,0.0,0.0
47,2774,-283.80035,391.69992,0.0016633605,0.0,-0.0,0.0,0.0,-9.587379924285257e-06,-4.410743725180464e-06,1.9198593808746178,0.0,0.0,0.0
48,2774,-283.80035,391.69992,0.0016633605,0.0,-0.0,0.0,0.0,-9.587379924285257e-06,-4.410743725180464e-06,1.9198593808746178,0.0,0.0,0.0
49,2774,-283.80035,391.69992,0.0016633605,0.0,-0.0,0.0,0.0,-9.587379924285257e-06,-4.410743725180464e-06,1.9198593808746178,0.0,0.0,0.0
50,2774,-283.80035,391.69992,0.0016633605,0.0,-0.0,0.0,0.0,-9.587379924285257e-06,-4.410743725180464e-06,1.9198593808746178,0.0,0.0,0.0
51,2774,-283.80035,391.69992,0.0016633605,0.0,-0.0,0.0,0.0,-9.587379924285257e-06,-4.410743725180464e-06,1.9198593808746178,0.0,0.0,0.0
52,2774,-283.80035,391.69992,0.0016633605,0.0,-0.0,0.0,0.0,-9.587379924285257e-06,-4.410743725180464e-06,1.9198593808746178,0.0,0.0,0.0
53,2774,-283.80035,391.69992,0.0016633605,0.0,-0.0,0.0,0.0,-9.587379924285257e-06,-4.410743725180464e-06,1.9198593808746178,0.0,0.0,0.0
54,2774,-283.80035,391.69992,0.0016633605,0.0,-0.0,0.0,0.0,-9.587379924285257e-06,-4.410743725180464e-06,1.9198593808746178,0.0,0.0,0.0
55,2774,-283.80035,391.69992,0.0016633605,0.0,-0.0,0.0,0.0,-9.587379924285257e-06,-4.410743725180464e-06,1.9198593808746178,0.0,0.0,0.0
56,2774,-283.80035,391.69992,0.0016633605,0.0,-0.0,0.0,0.0,-9.587379924285257e-06,-4.410743725180464e-06,1.9198593808746178,0.0,0.0,0.0
57,2774,-283.80035,391.69992,0.0016633605,0.0,-0.0,0.0,0.0,-9.587379924285257e-06,-4.410743725180464e-06,1.9198593808746178,0.0,0.0,0.0
58,2774,-283.80035,391.69992,0.0016633605,0.0,-0.0,0.0,0.0,-9.587379924285257e-06,-4.410743725180464e-06,1.9198593808746178,0.0,0.0,0.0
59,2774,-283.80035,391.69992,0.0016633605,0.0,-0.0,0.0,0.0,-9.587379924285257e-06,-4.410743725180464e-06,1.9198593808746178,0.0,0.0,0.0
60,2774,-283.80035,391.69992,0.0016633605,0.0,-0.0,0.0,0.0,-9.587379924285257e-06,-4.410743725180464e-06,1.9198593808746178,0.0,0.0,0.0
61,2774,-283.80035,391.69992,0.0016633605,0.0,-0.0,0.0,0.0,-9.587379924285257e-06,-4.410743725180464e-06,1.9198593808746178,0.0,0.0,0.0
62,2774,-283.80035,391.69992,0.0016633605,0.0,-0.0,0.0,0.0,-9.587379924285257e-06,-4.410743725180464e-06,1.9198593808746178,0.0,0.0,0.0
63,2774,-283.80035,391.69992,0.0016633605,0.0,-0.0,0.0,0.0,-9.587379924285257e-06,-4.410743725180464e-06,1.9198593808746178,0.0,0.114501953125,0.0
64,2774,-283.80035,391.69992,0.0016506194,-6.0796808e-09,5.5122877e-07,-0.0002519369,0.0002519375120755285,-7.456851052221867e-06,-3.337859924152585e-06,1.9198593808746178,0.0,0.2041015625,0.0
65,2774,-283.80035,391.69992,0.0016569518,-6.378597e-08,6.526127e-07,0.00034377098,0.0003437716222833842,-7.456851052221867e-06,-3.337859924152585e-06,1.9198593808746178,0.0,0.226654052734375,0.0
66,2774,-283.80035,391.69992,0.0016805266,-4.1828326e-08,5.8242006e-07,0.00052709103,0.0005270913825370371,-4.261057490147948e-06,-2.1457670940980904e-06,1.9198593808746178,0.0,0.185882568359375,0.0
67,2774,-283.80035,391.69992,0.0017073822,-6.8090976e-08,4.27181e-07,0.0005242109,0.000524211092852056,-4.261057490147948e-06,-2.1457670940980904e-06,1.9198593808746178,0.0,0.0,0.0
68,2774,-283.80035,391.69992,0.0017317962,-8.776871e-08,2.3701037e-07,0.00045018195,0.00045018200762569904,-2.130528745073974e-06,-1.311302113059944e-06,1.9198593808746178,0.0,0.0,0.0
69,2774,-283.80035,391.69992,0.0017518234,-6.900728e-08,1.9663788e-07,0.0003571701,0.0003571701527107507,-2.130528745073974e-06,-1.311302113059944e-06,1.9198593808746178,0.0,0.0,0.0
70,2774,-283.80035,391.69992,0.001767273,-2.8005584e-08,1.7061613e-07,0.0002705097,0.00027050977223552763,-2.130528745073974e-06,-1.311302113059944e-06,1.9198593808746178,0.0,0.0,0.0
71,2774,-283.80035,391.69992,0.0017789077,7.0521264e-09,1.19185266e-07,0.0001977396,0.00019773963140323758,-2.130528745073974e-06,-1.311302113059944e-06,1.9198593808746178,0.0,0.0,0.0
72,2774,-283.80035,391.69992,0.0017789077,0.0,-0.0,0.0,0.0,-2.130528745073974e-06,-1.311302113059944e-06,1.9198593808746178,0.0,0.0,0.0
73,2774,-283.80035,391.69992,0.0017789077,0.0,-0.0,0.0,0.0,-2.130528745073974e-06,-1.311302113059944e-06,1.9198593808746178,0.0,0.0,0.0
74,2774,-283.80035,391.69992,0.0017789077,0.0,-0.0,0.0,0.0,-2.130528745073974e-06,-1.311302113059944e-06,1.9198593808746178,0.0,0.0,0.0
75,2774,-283.80035,391.69992,0.0017789077,0.0,-0.0,0.0,0.0,-2.130528745073974e-06,-1.311302113059944e-06,1.9198593808746178,0.0,0.220062255859375,0.0
76,2774,-283.80035,391.69992,0.0017319488,-2.9067325e-08,3.899513e-08,-0.0004948521,0.0004948520800098777,-2.130528745073974e-06,-1.311302113059944e-06,1.9198593808746178,0.0,0.999969482421875,0.0
77,2774,-283.80035,391.69992,0.0017237854,-3.0386758e-08,9.024838e-08,3.788471e-05,3.788483081734739e-05,-5.326321862684935e-07,-4.7683713202179786e-07,1.9198593808746178,0.0,0.999969482421875,0.0
78,2774,-283.80035,391.69992,0.0017321395,-2.1823679e-08,6.523596e-08,0.00024042129,0.00024042130098678172,-5.326321862684935e-07,-4.7683713202179786e-07,1.9198593808746178,0.0,0.999969482421875,0.0
79,2774,-283.80035,391.69992,0.0017458724,-8.39369e-09,8.215146e-08,0.000285964,0.0002859639935195446,-5.326321862684935e-07,-4.7683713202179786e-07,1.9198593808746178,0.0,0.0,0.0
80,2774,-283.80035,391.69992,0.001759758,4.3368644e-08,5.5226263e-08,0.00026415347,0.00026415346655994654,-5.326321862684935e-07,-4.7683713202179786e-07,1.9198593808746178,0.0,-0.284912109375,0.0
81,2774,-283.80035,391.69992,0.001771698,-4.0817365e-08,3.9442694e-09,0.00021734237,0.00021734237088821828,-5.326321862684935e-07,-4.7683713202179786e-07,1.9198593808746178,0.0,-0.559356689453125,0.0
82,2774,-283.80035,391.69992,0.0017812348,1.9385295e-08,3.1237875e-08,0.00016891956,0.00016891956329345703,-5.326321862684935e-07,-4.7683713202179786e-07,1.9198593808746178,0.9999847412109375,-0.582489013671875,0.0
83,2774,-283.80035,391.69992,0.0017884827,-3.52063e-08,-2.0367102e-08,0.00012545586,0.00012545585923362523,-5.326321862684935e-07,-4.7683713202179786e-07,1.9198593808746178,0.9999847412109375,-0.585418701171875,0.0
84,2774,-283.80035,391.69992,0.00179039,-1.3188178e-08,-1.155747e-08,4.506111e-05,4.506111508817412e-05,-5.326321862684935e-07,-4.7683713202179786e-07,1.9198593808746178,0.9999847412109375,-0.297576904296875,0.0
85,2774,-283.80035,391.69992,0.0017931747,5.8684257e-09,7.0979382e-09,5.838394e-05,5.8383939176565036e-05,-5.326321862684935e-07,-4.7683713202179786e-07,1.9198593808746178,0.9999847412109375,-0.115631103515625,0.0
86,2774,-283.80035,391.69992,0.0017960357,1.3797328e-08,3.9657444e-08,5.525112e-05,5.5251133744604886e-05,-5.326321862684935e-07,-4.7683713202179786e-07,1.9198593808746178,0.9999847412109375,0.0,0.0
87,2774,-283.80035,391.69992,0.0017985916,-2.8334783e-09,-4.867754e-09,4.7335623e-05,4.7335623094113544e-05,-5.326321862684935e-07,-4.7683713202179786e-07,1.9198593808746178,0.9999847412109375,0.0,0.062744140625
88,2774,-283.80035,391.69992,0.0018006515,2.8582296e-08,1.1553118e-08,3.71933e-05,3.719331289175898e-05,-5.326321862684935e-07,-4.7683713202179786e-07,1.9198593808746178,0.9999847412109375,-0.11907958984375,0.3882293701171875
89,2774,-283.80035,391.69992,0.0018022537,-1.4803504e-10,-8.407289e-09,2.8553008e-05,2.8553007723530754e-05,-5.326321862684935e-07,-4.7683713202179786e-07,1.9198593808746178,0.0901947021484375,0.0,0.9999847412109375
90,2774,-283.80035,391.69992,0.0018034362,3.4249457e-08,2.283695e-08,2.1581649e-05,2.1581688997684978e-05,-5.326321862684935e-07,-4.7683713202179786e-07,1.9198593808746178,0.0,0.124786376953125,0.9999847412109375
91,2774,-283.80035,391.69992,0.0018034362,-2.6990579e-08,3.8119965e-09,1.5478134e-05,1.5478157365578227e-05,-5.326321862684935e-07,-4.7683713202179786e-07,1.9198593808746178,0.0,0.1568603515625,0.0
92,2774,-283.80035,391.69992,0.0018045807,5.3986104e-09,2.6492835e-09,4.606247e-06,4.606250968208769e-06,-5.326321862684935e-07,-4.7683713202179786e-07,1.9198593808746178,0.0,0.16302490234375,0.0
93,2774,-283.80035,391.69992,0.0018045807,-1.3614407e-08,-1.2227074e-08,3.5905837e-06,3.590630285543739e-06,-5.326321862684935e-07,-4.7683713202179786e-07,1.9198593808746178,0.0,0.16302490234375,0.0
94,2774,-283.80035,391.69992,0.0018045807,6.1283714e-08,3.021627e-08,3.9577485e-06,3.958338311349507e-06,-5.326321862684935e-07,-4.7683713202179786e-07,1.9198593808746178,0.0,0.221466064453125,0.0
95,2774,-283.80035,391.69992,0.0018045807,1.9801913e-08,-1.3700057e-08,3.733635e-06,3.733712446774007e-06,-5.326321862684935e-07,-4.7683713202179786e-07,1.9198593808746178,0.0,0.270233154296875,0.0
96,2774,-283.80035,391.69992,0.0018045807,-1.3544827e-08,-1.0082788e-08,3.604889e-06,3.604928451750311e-06,-5.326321862684935e-07,-4.7683713202179786e-07,1.9198593808746178,0.0,0.284576416015625,0.0
97,2774,-283.80035,391.69992,0.001805725,-6.055111e-09,-5.9507386e-09,3.9196016e-06,3.9196106627059635e-06,-5.326321862684935e-07,-4.7683713202179786e-07,1.9198593808746178,0.0,0.394256591796875,0.0
98,2774,-283.80035,391.69992,0.001805725,-3.518388e-08,-1.22461765e-08,3.6811828e-06,3.6813712540606502e-06,-5.326321862684935e-07,-4.7683713202179786e-07,1.9198593808746178,0.0,0.6641845703125,0.0
99,2774,-283.80035,391.69992,0.001805725,-5.162743e-09,-7.2528277e-09,3.8146973e-06,3.81470772481407e-06,-5.326321862684935e-07,-4.7683713202179786e-07,1.9198593808746178,0.0,0.999969482421875,0.0
100,2774,-283.80035,391.69992,0.001805725,5.0106735e-08,2.2233495e-08,8.010864e-07,8.029597893255414e-07,-5.326321862684935e-07,-4.7683713202179786e-07,1.9198593808746178,0.0,0.96826171875,0.0
101,2774,-283.80035,391.69992,0.001805725,-1.7592562e-08,-7.0779764e-09,2.4223327e-06,2.4224068511102814e-06,-5.326321862684935e-07,-4.7683713202179786e-07,1.9198593808746178,0.0,0.0,0.0
102,2774,-283.80035,391.69992,0.001805725,6.1014277e-10,-4.68197e-09,2.8514862e-06,2.851490080502117e-06,-5.326321862684935e-07,-4.7683713202179786e-07,1.9198593808746178,0.0,0.0,0.0
103,2774,-283.80035,391.69992,0.001805725,-3.3467267e-09,-7.32878e-09,2.5129318e-06,2.512944774935022e-06,-5.326321862684935e-07,-4.7683713202179786e-07,1.9198593808746178,0.0,0.0,0.0
104,2774,-283.80035,391.69992,0.001805725,2.0853763e-08,7.678906e-11,3.4236907e-06,3.423754151299363e-06,-5.326321862684935e-07,-4.7683713202179786e-07,1.9198593808746178,0.0,0.0,0.0
105,2774,-283.80035,391.69992,0.001805725,-5.333272e-09,7.43563e-09,3.8146973e-06,3.814708179561421e-06,-5.326321862684935e-07,-4.7683713202179786e-07,1.9198593808746178,0.0,0.0,0.0
106,2774,-283.80035,391.69992,0.001805725,1.9200503e-09,-5.2340487e-09,3.3330916e-06,3.3330961741739884e-06,-5.326321862684935e-07,-4.7683713202179786e-07,1.9198593808746178,0.0,0.0,0.0
107,2774,-283.80035,391.69992,0.001805725,1.2504441e-09,-6.780631e-09,3.7956238e-06,3.795629936576006e-06,-5.326321862684935e-07,-4.7683713202179786e-07,1.9198593808746178,0.0,0.0,0.0
108,2774,-283.80035,391.69992,0.001805725,0.0,-0.0,0.0,0.0,-5.326321862684935e-07,-4.7683713202179786e-07,1.9198593808746178,0.0,0.0,0.0
109,2774,-283.80035,391.69992,0.001805725,0.0,-0.0,0.0,0.0,-5.326321862684935e-07,-4.7683713202179786e-07,1.9198593808746178,0.0,0.0,0.0
110,2774,-283.80035,391.69992,0.001805725,0.0,-0.0,0.0,0.0,-5.326321862684935e-07,-4.7683713202179786e-07,1.9198593808746178,0.0,0.0,0.0
111,2774,-283.80035,391.69992,0.001805725,0.0,-0.0,0.0,0.0,-5.326321862684935e-07,-4.7683713202179786e-07,1.9198593808746178,0.0,0.0,0.0
112,2774,-283.80035,391.69992,0.001805725,0.0,-0.0,0.0,0.0,-5.326321862684935e-07,-4.7683713202179786e-07,1.9198593808746178,0.0,0.0,0.0
113,2774,-283.80035,391.69992,0.001805725,0.0,-0.0,0.0,0.0,-5.326321862684935e-07,-4.7683713202179786e-07,1.9198593808746178,0.0,0.0,0.0
114,2774,-283.80035,391.69992,0.001805725,0.0,-0.0,0.0,0.0,-5.326321862684935e-07,-4.7683713202179786e-07,1.9198593808746178,0.0,0.0,0.0
115,2774,-283.80035,391.69992,0.001805725,0.0,-0.0,0.0,0.0,-5.326321862684935e-07,-4.7683713202179786e-07,1.9198593808746178,0.0,0.0,0.0
116,2774,-283.80035,391.69992,0.001805725,0.0,-0.0,0.0,0.0,-5.326321862684935e-07,-4.7683713202179786e-07,1.9198593808746178,0.0,0.0,0.0
117,2774,-283.80035,391.69992,0.001805725,0.0,-0.0,0.0,0.0,-5.326321862684935e-07,-4.7683713202179786e-07,1.9198593808746178,0.0,0.0,0.0
118,2774,-283.80035,391.69992,0.001805725,0.0,-0.0,0.0,0.0,-5.326321862684935e-07,-4.7683713202179786e-07,1.9198593808746178,0.0,0.0,0.0
119,2774,-283.80035,391.69992,0.001805725,0.0,-0.0,0.0,0.0,-5.326321862684935e-07,-4.7683713202179786e-07,1.9198593808746178,0.0,0.0,0.0
120,2774,-283.80035,391.69992,0.001805725,0.0,-0.0,0.0,0.0,-5.326321862684935e-07,-4.7683713202179786e-07,1.9198593808746178,0.0,0.0,0.0
121,2774,-283.80035,391.69992,0.001805725,0.0,-0.0,0.0,0.0,-5.326321862684935e-07,-4.7683713202179786e-07,1.9198593808746178,0.0,0.0,0.0
122,2774,-283.80035,391.69992,0.001805725,0.0,-0.0,0.0,0.0,-5.326321862684935e-07,-4.7683713202179786e-07,1.9198593808746178,0.0274505615234375,0.0,0.0
123,2774,-283.80035,391.69992,0.0017559051,-6.800717e-11,-1.0219726e-09,-0.0005684709,0.0005684709176421165,-5.326321862684935e-07,-4.7683713202179786e-07,1.9198593808746178,0.0352935791015625,0.0,0.0
124,2774,-283.80035,391.69992,0.0017434311,3.0229906e-08,8.14454e-09,-5.2652358e-05,5.265236541163176e-05,-5.326321862684935e-07,-4.7683713202179786e-07,1.9198593808746178,0.0,0.0,0.0
125,2774,-283.80035,391.69992,0.0017473983,-3.722219e-08,-2.161483e-09,0.00015569686,0.0001556968636577949,-5.326321862684935e-07,-4.7683713202179786e-07,1.9198593808746178,0.0,0.0,0.0
126,2774,-283.80035,391.69992,0.0017572403,-3.5633377e-08,-3.1817904e-09,0.0002150917,0.00021509169891942292,-5.326321862684935e-07,-4.7683713202179786e-07,1.9198593808746178,0.0,0.0,0.0
127,2774,-283.80035,391.69992,0.0017679596,-6.9792443e-09,2.0189535e-08,0.00020913123,0.00020913123444188386,-5.326321862684935e-07,-4.7683713202179786e-07,1.9198593808746178,0.0,0.0,0.0
128,2774,-283.80035,391.69992,0.0017775726,2.8834262e-09,-7.931374e-09,0.00017691612,0.00017691611719783396,-5.326321862684935e-07,-4.7683713202179786e-07,1.9198593808746178,0.0,0.0,0.0
129,2774,-283.80035,391.69992,0.0017853928,2.9346447e-08,1.5659566e-08,0.00013789654,0.00013789655349683017,-5.326321862684935e-07,-4.7683713202179786e-07,1.9198593808746178,0.0,0.0,0.0
130,2774,-283.80035,391.69992,0.0017913817,-1.3118795e-08,-1.677954e-08,0.00010333538,0.00010333537647966295,-5.326321862684935e-07,-4.7683713202179786e-07,1.9198593808746178,0.0,0.0,0.0
131,2774,-283.80035,391.69992,0.0017913817,0.0,-0.0,0.0,0.0,-5.326321862684935e-07,-4.7683713202179786e-07,1.9198593808746178,0.0,0.0,0.0
132,2774,-283.80035,391.69992,0.0017913817,0.0,-0.0,0.0,0.0,-5.326321862684935e-07,-4.7683713202179786e-07,1.9198593808746178,0.0,0.0,0.0
133,2774,-283.80035,391.69992,0.0017913817,0.0,-0.0,0.0,0.0,-5.326321862684935e-07,-4.7683713202179786e-07,1.9198593808746178,0.0,0.0,0.0
134,2774,-283.80035,391.69992,0.0017913817,0.0,-0.0,0.0,0.0,-5.326321862684935e-07,-4.7683713202179786e-07,1.9198593808746178,0.0,0.0,0.0
135,2774,-283.80035,391.69992,0.0017913817,0.0,-0.0,0.0,0.0,-5.326321862684935e-07,-4.7683713202179786e-07,1.9198593808746178,0.0,0.0,0.0
136,2774,-283.80035,391.69992,0.0017913817,0.0,-0.0,0.0,0.0,-5.326321862684935e-07,-4.7683713202179786e-07,1.9198593808746178,0.0,0.0,0.0
137,2774,-283.80035,391.69992,0.0017913817,0.0,-0.0,0.0,0.0,-5.326321862684935e-07,-4.7683713202179786e-07,1.9198593808746178,0.0,0.0,0.0
138,2774,-283.80035,391.69992,0.0017913817,0.0,-0.0,0.0,0.0,-5.326321862684935e-07,-4.7683713202179786e-07,1.9198593808746178,0.0,0.0,0.0
139,2774,-283.80035,391.69992,0.0017913817,0.0,-0.0,0.0,0.0,-5.326321862684935e-07,-4.7683713202179786e-07,1.9198593808746178,0.0,0.0,0.0
140,2774,-283.80035,391.69992,0.0017913817,0.0,-0.0,0.0,0.0,-5.326321862684935e-07,-4.7683713202179786e-07,1.9198593808746178,0.0,0.0,0.0
141,2774,-283.80035,391.69992,0.0017913817,0.0,-0.0,0.0,0.0,-5.326321862684935e-07,-4.7683713202179786e-07,1.9198593808746178,0.0,0.0,0.0
142,2774,-283.80035,391.69992,0.0017913817,0.0,-0.0,0.0,0.0,-5.326321862684935e-07,-4.7683713202179786e-07,1.9198593808746178,0.0,0.0,0.0
143,2774,-283.80035,391.69992,0.0017913817,0.0,-0.0,0.0,0.0,-5.326321862684935e-07,-4.7683713202179786e-07,1.9198593808746178,0.0,0.0,0.0
144,2774,-283.80035,391.69992,0.0017913817,0.0,-0.0,0.0,0.0,-5.326321862684935e-07,-4.7683713202179786e-07,1.9198593808746178,0.0,0.0,0.0
145,2774,-283.80035,391.69992,0.0017913817,0.0,-0.0,0.0,0.0,-5.326321862684935e-07,-4.7683713202179786e-07,1.9198593808746178,0.0,0.0,0.0
146,2774,-283.80035,391.69992,0.0017913817,0.0,-0.0,0.0,0.0,-5.326321862684935e-07,-4.7683713202179786e-07,1.9198593808746178,0.0,0.0,0.0
147,2774,-283.80035,391.69992,0.0017913817,0.0,-0.0,0.0,0.0,-5.326321862684935e-07,-4.7683713202179786e-07,1.9198593808746178,0.0,0.0,0.0
148,2774,-283.80035,391.69992,0.0017913817,0.0,-0.0,0.0,0.0,-5.326321862684935e-07,-4.7683713202179786e-07,1.9198593808746178,0.0,0.0,0.0
149,2774,-283.80035,391.69992,0.0017913817,0.0,-0.0,0.0,0.0,-5.326321862684935e-07,-4.7683713202179786e-07,1.9198593808746178,0.0,0.0,0.0
150,2774,-283.80035,391.69992,0.0017913817,0.0,-0.0,0.0,0.0,-5.326321862684935e-07,-4.7683713202179786e-07,1.9198593808746178,0.0,0.0,0.0
151,2774,-283.80035,391.69992,0.0017913817,0.0,-0.0,0.0,0.0,-5.326321862684935e-07,-4.7683713202179786e-07,1.9198593808746178,0.0,0.0,0.0
152,2774,-283.80035,391.69992,0.0017913817,0.0,-0.0,0.0,0.0,-5.326321862684935e-07,-4.7683713202179786e-07,1.9198593808746178,0.0,0.0,0.0
153,2774,-283.80035,391.69992,0.0017913817,0.0,-0.0,0.0,0.0,-5.326321862684935e-07,-4.7683713202179786e-07,1.9198593808746178,0.0,0.0,0.0
154,2774,-283.80035,391.69992,0.0017913817,0.0,-0.0,0.0,0.0,-5.326321862684935e-07,-4.7683713202179786e-07,1.9198593808746178,0.0,0.0,0.0
155,2774,-283.80035,391.69992,0.0017913817,0.0,-0.0,0.0,0.0,-5.326321862684935e-07,-4.7683713202179786e-07,1.9198593808746178,0.0,0.0,0.0
156,2774,-283.80035,391.69992,0.0017913817,0.0,-0.0,0.0,0.0,-5.326321862684935e-07,-4.7683713202179786e-07,1.9198593808746178,0.0,0.0,0.0
157,2774,-283.80035,391.69992,0.0017913817,0.0,-0.0,0.0,0.0,-5.326321862684935e-07,-4.7683713202179786e-07,1.9198593808746178,0.0,0.0,0.0
158,2774,-283.80035,391.69992,0.0017913817,0.0,-0.0,0.0,0.0,-5.326321862684935e-07,-4.7683713202179786e-07,1.9198593808746178,0.0,0.0,0.0
159,2774,-283.80035,391.69992,0.0017913817,0.0,-0.0,0.0,0.0,-5.326321862684935e-07,-4.7683713202179786e-07,1.9198593808746178,0.0,0.0,0.0
160,2774,-283.80035,391.69992,0.0017913817,0.0,-0.0,0.0,0.0,-5.326321862684935e-07,-4.7683713202179786e-07,1.9198593808746178,0.0,0.0,0.0
161,2774,-283.80035,391.69992,0.0017913817,0.0,-0.0,0.0,0.0,-5.326321862684935e-07,-4.7683713202179786e-07,1.9198593808746178,0.0,0.0,0.0
162,2774,-283.80035,391.69992,0.0017913817,0.0,-0.0,0.0,0.0,-5.326321862684935e-07,-4.7683713202179786e-07,1.9198593808746178,0.0,0.0,0.0
163,2774,-283.80035,391.69992,0.0017913817,0.0,-0.0,0.0,0.0,-5.326321862684935e-07,-4.7683713202179786e-07,1.9198593808746178,0.0,0.0,0.0
164,2774,-283.80035,391.69992,0.0017913817,0.0,-0.0,0.0,0.0,-5.326321862684935e-07,-4.7683713202179786e-07,1.9198593808746178,0.0,0.0,0.0
165,2774,-283.80035,391.69992,0.0017913817,0.0,-0.0,0.0,0.0,-5.326321862684935e-07,-4.7683713202179786e-07,1.9198593808746178,0.0,0.0,0.0
166,2774,-283.80035,391.69992,0.0017913817,0.0,-0.0,0.0,0.0,-5.326321862684935e-07,-4.7683713202179786e-07,1.9198593808746178,0.0,0.0,0.0
167,2774,-283.80035,391.69992,0.0017913817,0.0,-0.0,0.0,0.0,-5.326321862684935e-07,-4.7683713202179786e-07,1.9198593808746178,0.0,0.0,0.0
168,2774,-283.80035,391.69992,0.0017913817,0.0,-0.0,0.0,0.0,-5.326321862684935e-07,-4.7683713202179786e-07,1.9198593808746178,0.0,0.0,0.0
169,2774,-283.80035,391.69992,0.0017913817,0.0,-0.0,0.0,0.0,-5.326321862684935e-07,-4.7683713202179786e-07,1.9198593808746178,0.0,0.0,0.0
170,2774,-283.80035,391.69992,0.0017913817,0.0,-0.0,0.0,0.0,-5.326321862684935e-07,-4.7683713202179786e-07,1.9198593808746178,0.0,0.0,0.0
171,2774,-283.80035,391.69992,0.0017913817,0.0,-0.0,0.0,0.0,-5.326321862684935e-07,-4.7683713202179786e-07,1.9198593808746178,0.0,0.0,0.0
172,2774,-283.80035,391.69992,0.0017913817,0.0,-0.0,0.0,0.0,-5.326321862684935e-07,-4.7683713202179786e-07,1.9198593808746178,0.9999847412109375,0.0,0.0
173,2774,-283.80035,391.69992,0.0017429352,5.1842357e-09,-7.403889e-10,-0.0005294037,0.0005294036818668246,-5.326321862684935e-07,-4.7683713202179786e-07,1.9198593808746178,0.9999847412109375,0.0,0.0
174,2774,-283.80035,391.69992,0.0017327499,-3.941875e-09,-6.7184764e-09,-3.30925e-06,3.3092590001615463e-06,-5.326321862684935e-07,-4.7683713202179786e-07,1.9198593808746178,0.9999847412109375,0.0,0.0
175,2774,-283.80035,391.69992,0.0017391205,-2.2423743e-08,-1.5633194e-08,0.00020190715,0.00020190715440548956,-5.326321862684935e-07,-4.7683713202179786e-07,1.9198593808746178,0.823516845703125,0.0,0.0
176,2774,-283.80035,391.69992,0.0017510605,-3.6585696e-08,-7.0104402e-09,0.00025364876,0.00025364875909872353,-5.326321862684935e-07,-4.7683713202179786e-07,1.9198593808746178,0.0,0.0,0.0
177,2774,-283.80035,391.69992,0.0017634963,3.9135295e-09,-9.352511e-09,0.00023782729,0.00023782729113008827,-5.326321862684935e-07,-4.7683713202179786e-07,1.9198593808746178,0.0,0.0,0.0
178,2774,-283.80035,391.69992,0.0017743682,-2.9222614e-08,-6.1478556e-09,0.00019989013,0.00019989012798760086,-5.326321862684935e-07,-4.7683713202179786e-07,1.9198593808746178,0.0,0.12188720703125,0.0
179,2774,-283.80035,391.69992,0.0017831039,-9.590613e-09,-1.6838391e-09,0.00015555858,0.00015555857680737972,-5.326321862684935e-07,-4.7683713202179786e-07,1.9198593808746178,0.0,0.1339111328125,0.0
180,2774,-283.80035,391.69992,0.0017897796,-3.0008348e-08,9.206695e-09,0.00011650085,0.00011650085070868954,-5.326321862684935e-07,-4.7683713202179786e-07,1.9198593808746178,0.0,0.104644775390625,0.0
181,2774,-283.80035,391.69992,0.0017914962,4.5311616e-08,2.8919239e-08,4.146099e-05,4.146102219237946e-05,-5.326321862684935e-07,-4.7683713202179786e-07,1.9198593808746178,0.0,0.0,0.0
182,2774,-283.80035,391.69992,0.0017940521,-5.791351e-08,-9.045113e-09,5.38826e-05,5.388262798078358e-05,-5.326321862684935e-07,-4.7683713202179786e-07,1.9198593808746178,0.0,-0.4615478515625,0.0
183,2774,-283.80035,391.69992,0.0017967224,6.7117956e-09,-2.8713816e-09,5.2556992e-05,5.255699215922505e-05,-5.326321862684935e-07,-4.7683713202179786e-07,1.9198593808746178,0.0,-0.529022216796875,0.0
184,2774,-283.80035,391.69992,0.0017991256,-3.0599207e-08,-1.9797182e-09,4.459858e-05,4.4598589738598093e-05,-5.326321862684935e-07,-4.7683713202179786e-07,1.9198593808746178,0.0,-0.44482421875,0.0
185,2774,-283.80035,391.69992,0.0018010711,4.3171976e-08,2.647401e-08,3.369808e-05,3.3698117476888e-05,-5.326321862684935e-07,-4.7683713202179786e-07,1.9198593808746178,0.0,0.0,0.0
186,2774,-283.80035,391.69992,0.0018025207,3.2223287e-08,4.665378e-09,2.57349e-05,2.57349202001933e-05,-5.326321862684935e-07,-4.7683713202179786e-07,1.9198593808746178,0.0,0.0,0.0
187,2774,-283.80035,391.69992,0.0018036651,-3.39548e-08,-7.614466e-09,1.9221305e-05,1.922133560583461e-05,-5.326321862684935e-07,-4.7683713202179786e-07,1.9198593808746178,0.0,0.0,0.0
188,2774,-283.80035,391.69992,0.0018036651,-3.421547e-08,-7.874836e-09,1.4576912e-05,1.4576954527001362e-05,-5.326321862684935e-07,-4.7683713202179786e-07,1.9198593808746178,0.0,0.0,0.0
189,2774,-283.80035,391.69992,0.0018036651,0.0,-0.0,0.0,0.0,-5.326321862684935e-07,-4.7683713202179786e-07,1.9198593808746178,0.0,0.0,0.0
190,2774,-283.80035,391.69992,0.0018036651,0.0,-0.0,0.0,0.0,-5.326321862684935e-07,-4.7683713202179786e-07,1.9198593808746178,0.0,0.0,0.0
191,2774,-283.80035,391.69992,0.0018036651,0.0,-0.0,0.0,0.0,-5.326321862684935e-07,-4.7683713202179786e-07,1.9198593808746178,0.0,0.0,0.0
192,2774,-283.80035,391.69992,0.0018036651,0.0,-0.0,0.0,0.0,-5.326321862684935e-07,-4.7683713202179786e-07,1.9198593808746178,0.0,0.0,0.0
193,2774,-283.80035,391.69992,0.0018036651,0.0,-0.0,0.0,0.0,-5.326321862684935e-07,-4.7683713202179786e-07,1.9198593808746178,0.0,-0.41949462890625,0.0
194,2774,-283.80035,391.69992,0.0017546081,-2.784226e-08,-1.2206148e-08,-0.00056503294,0.0005650329403579235,-5.326321862684935e-07,-4.7683713202179786e-07,1.9198593808746178,0.0,-1.0,0.0
195,2774,-283.80035,391.69992,0.0017422866,-2.4970545e-08,-1.2633252e-08,-4.658222e-05,4.6582230424974114e-05,-5.326321862684935e-07,-4.7683713202179786e-07,1.9198593808746178,0.0,-1.0,0.0
196,2774,-283.80035,391.69992,0.001746521,-2.3750061e-08,-9.604797e-09,0.00016096115,0.00016096114995889366,-5.326321862684935e-07,-4.7683713202179786e-07,1.9198593808746178,0.0,-0.99658203125,0.0
197,2774,-283.80035,391.69992,0.0017565917,-8.102446e-09,-6.020781e-10,0.00021942615,0.0002194261469412595,-5.326321862684935e-07,-4.7683713202179786e-07,1.9198593808746178,0.0,-0.312103271484375,0.0
198,2774,-283.80035,391.69992,0.0017675399,3.5600145e-09,1.6292026e-08,0.00021154403,0.00021154402929823846,-5.326321862684935e-07,-4.7683713202179786e-07,1.9198593808746178,0.0,0.0,0.0
199,2774,-283.80035,391.69992,0.0017772292,-3.097656e-09,1.3057455e-08,0.00017871856,0.00017871856107376516,-5.326321862684935e-07,-4.7683713202179786e-07,1.9198593808746178,0.0,0.0,0.0
200,2774,-283.80035,391.69992,0.0017850875,-6.505795e-09,-2.1156363e-09,0.00014133453,0.0001413345307810232,-5.326321862684935e-07,-4.7683713202179786e-07,1.9198593808746178,0.0,0.0,0.0
201,2774,-283.80035,391.69992,0.0017911529,-3.635455e-10,1.6476216e-08,0.000106334686,0.00010633468627929688,-5.326321862684935e-07,-4.7683713202179786e-07,1.9198593808746178,0.0,0.0,0.0
202,2774,-283.80035,391.69992,0.0017911529,0.0,-0.0,0.0,0.0,-5.326321862684935e-07,-4.7683713202179786e-07,1.9198593808746178,0.0,0.0,0.0
203,2774,-283.80035,391.69992,0.0017911529,0.0,-0.0,0.0,0.0,-5.326321862684935e-07,-4.7683713202179786e-07,1.9198593808746178,0.0,0.0,0.0
204,2774,-283.80035,391.69992,0.0017911529,0.0,-0.0,0.0,0.0,-5.326321862684935e-07,-4.7683713202179786e-07,1.9198593808746178,0.0,0.0,0.0
205,2774,-283.80035,391.69992,0.0017911529,0.0,-0.0,0.0,0.0,-5.326321862684935e-07,-4.7683713202179786e-07,1.9198593808746178,0.0,0.0,0.0
206,2774,-283.80035,391.69992,0.0017911529,0.0,-0.0,0.0,0.0,-5.326321862684935e-07,-4.7683713202179786e-07,1.9198593808746178,0.0,0.0,0.0
207,2774,-283.80035,391.69992,0.0017911529,0.0,-0.0,0.0,0.0,-5.326321862684935e-07,-4.7683713202179786e-07,1.9198593808746178,0.0,0.0,0.0
208,2774,-283.80035,391.69992,0.0017911529,0.0,-0.0,0.0,0.0,-5.326321862684935e-07,-4.7683713202179786e-07,1.9198593808746178,0.0,0.0,0.0
209,2774,-283.80035,391.69992,0.0017911529,0.0,-0.0,0.0,0.0,-5.326321862684935e-07,-4.7683713202179786e-07,1.9198593808746178,0.0,0.0,0.0
210,2774,-283.80035,391.69992,0.0017911529,0.0,-0.0,0.0,0.0,-5.326321862684935e-07,-4.7683713202179786e-07,1.9198593808746178,0.0,0.0,0.0
211,2774,-283.80035,391.69992,0.0017911529,0.0,-0.0,0.0,0.0,-5.326321862684935e-07,-4.7683713202179786e-07,1.9198593808746178,0.0,0.0,0.0
212,2774,-283.80035,391.69992,0.0017911529,0.0,-0.0,0.0,0.0,-5.326321862684935e-07,-4.7683713202179786e-07,1.9198593808746178,0.0,0.0,0.0
213,2774,-283.80035,391.69992,0.0017911529,0.0,-0.0,0.0,0.0,-5.326321862684935e-07,-4.7683713202179786e-07,1.9198593808746178,0.0,0.1007080078125,0.0
214,2774,-283.80035,391.69992,0.0017427444,-1.30064315e-08,8.319363e-09,-0.00052885053,0.000528850534465164,-5.326321862684935e-07,-4.7683713202179786e-07,1.9198593808746178,0.0,0.10284423828125,0.0
215,2774,-283.80035,391.69992,0.0017325974,-1.0519873e-08,-5.3448024e-09,-2.3365021e-06,2.3365319066215307e-06,-5.326321862684935e-07,-4.7683713202179786e-07,1.9198593808746178,0.0,0.10369873046875,0.0
216,2774,-283.80035,391.69992,0.001739006,2.6271028e-09,1.3567726e-08,0.00020315647,0.00020315646543167531,-5.326321862684935e-07,-4.7683713202179786e-07,1.9198593808746178,0.0,0.10369873046875,0.0
217,2774,-283.80035,391.69992,0.0017509841,5.643309e-08,-2.78939e-09,0.00025437353,0.00025437353178858757,-5.326321862684935e-07,-4.7683713202179786e-07,1.9198593808746178,0.0,0.10369873046875,0.0
218,2774,-283.80035,391.69992,0.0017634201,8.908569e-10,1.0102493e-08,0.00023905754,0.00023905753914732486,-5.326321862684935e-07,-4.7683713202179786e-07,1.9198593808746178,0.0,0.10369873046875,0.0
219,2774,-283.80035,391.69992,0.0017743682,2.6469108e-08,1.7207801e-08,0.00019874095,0.0001987409486901015,-5.326321862684935e-07,-4.7683713202179786e-07,1.9198593808746178,0.0,0.10369873046875,0.0
220,2774,-283.80035,391.69992,0.0017831039,-1.0041899e-08,6.896948e-10,0.00015515328,0.00015515327686443925,-5.326321862684935e-07,-4.7683713202179786e-07,1.9198593808746178,0.0,0.10369873046875,0.0
221,2774,-283.80035,391.69992,0.0017897796,-1.0838211e-08,1.6869333e-08,0.00011610031,0.00011610030924202874,-5.326321862684935e-07,-4.7683713202179786e-07,1.9198593808746178,0.0,0.10369873046875,0.0
222,2774,-283.80035,391.69992,0.0017914962,4.5700954e-08,2.894469e-08,4.143715e-05,4.1437186155235395e-05,-5.326321862684935e-07,-4.7683713202179786e-07,1.9198593808746178,0.0,0.10369873046875,0.0
223,2774,-283.80035,391.69992,0.0017940521,-5.760061e-08,-7.862595e-09,5.3863525e-05,5.3863554057898e-05,-5.326321862684935e-07,-4.7683713202179786e-07,1.9198593808746178,0.0,0.10369873046875,0.0
224,2774,-283.80035,391.69992,0.0017967224,3.5408462e-08,-8.111751e-09,5.2232743e-05,5.223275366006419e-05,-5.326321862684935e-07,-4.7683713202179786e-07,1.9198593808746178,0.0,0.10369873046875,0.0
225,2774,-283.80035,391.69992,0.0017991256,-3.083294e-08,-3.0988876e-09,4.458904e-05,4.45890509581659e-05,-5.326321862684935e-07,-4.7683713202179786e-07,1.9198593808746178,0.9999847412109375,0.0,0.0
226,2774,-283.80035,391.69992,0.0018010711,4.6921276e-08,2.4292849e-08,3.3674238e-05,3.367427780176513e-05,-5.326321862684935e-07,-4.7683713202179786e-07,1.9198593808746178,0.9999847412109375,0.0,0.0
227,2774,-283.80035,391.69992,0.0018025207,3.350499e-08,2.3908808e-09,2.5720596e-05,2.572061748651322e-05,-5.326321862684935e-07,-4.7683713202179786e-07,1.9198593808746178,0.9999847412109375,0.0,0.0
228,2774,-283.80035,391.69992,0.0018036651,-5.1793894e-08,-1.4625625e-08,1.9197463e-05,1.919753776746802e-05,-5.326321862684935e-07,-4.7683713202179786e-07,1.9198593808746178,0.9999847412109375,0.0,0.0
229,2774,-283.80035,391.69992,0.0018036651,-1.3868225e-09,1.8762663e-08,1.4133453e-05,1.4133465811028145e-05,-5.326321862684935e-07,-4.7683713202179786e-07,1.9198593808746178,0.9999847412109375,0.0,0.0
230,2774,-283.80035,391.69992,0.0018047332,2.9697123e-08,1.22712445e-08,4.1818616e-06,4.181984877504874e-06,-5.326321862684935e-07,-4.7683713202179786e-07,1.9198593808746178,0.9999847412109375,0.0,0.0
231,2774,-283.80035,391.69992,0.0018047332,2.8189271e-08,1.43236845e-08,4.42028e-06,4.420393452164717e-06,-5.326321862684935e-07,-4.7683713202179786e-07,1.9198593808746178,0.9999847412109375,0.0,0.0
232,2774,-283.80035,391.69992,0.0018047332,-1.2842333e-08,-1.25108475e-08,3.74794e-06,3.747982873392175e-06,-5.326321862684935e-07,-4.7683713202179786e-07,1.9198593808746178,0.9999847412109375,0.0,0.0
233,2774,-283.80035,391.69992,0.0018047332,1.7960451e-09,1.0341689e-08,2.6988982e-06,2.6989187063009012e-06,-5.326321862684935e-07,-4.7683713202179786e-07,1.9198593808746178,0.9999847412109375,0.0,0.0
234,2774,-283.80035,391.69992,0.0018047332,2.7201872e-09,1.2150965e-08,2.7036667e-06,2.7036953724746127e-06,-5.326321862684935e-07,-4.7683713202179786e-07,1.9198593808746178,0.9999847412109375,0.0,0.0
235,2774,-283.80035,391.69992,0.0018057632,-1.5601564e-09,-2.452621e-09,3.9577485e-06,3.9577494135301095e-06,-5.326321862684935e-07,-4.7683713202179786e-07,1.9198593808746178,0.9999847412109375,0.0,0.0
236,2774,-283.80035,391.69992,0.0018057632,9.871544e-09,-1.1932979e-08,3.2520293e-06,3.252066107961582e-06,-5.326321862684935e-07,-4.7683713202179786e-07,1.9198593808746178,0.9999847412109375,0.0,0.0
237,2774,-283.80035,391.69992,0.0018057632,-3.6088335e-09,1.5548723e-08,3.8862227e-06,3.886255399265792e-06,-5.326321862684935e-07,-4.7683713202179786e-07,1.9198593808746178,0.9999847412109375,0.0,0.0
238,2774,-283.80035,391.69992,0.0018057632,-8.182533e-09,1.1332005e-08,1.5354157e-06,1.5354793276856071e-06,-5.326321862684935e-07,-4.7683713202179786e-07,1.9198593808746178,0.9999847412109375,0.0,0.0
239,2774,-283.80035,391.69992,0.0018057632,-1.5816333e-08,-8.500945e-09,1.707077e-06,1.707171463749546e-06,-5.326321862684935e-07,-4.7683713202179786e-07,1.9198593808746178,0.9999847412109375,0.0,0.0
240,2774,-283.80035,391.69992,0.0018057632,1.4281137e-09,-4.565558e-09,2.8514862e-06,2.851490080502117e-06,-5.326321862684935e-07,-4.7683713202179786e-07,1.9198593808746178,0.9999847412109375,0.0,0.0
241,2774,-283.80035,391.69992,0.0018057632,5.5344866e-09,1.0622749e-08,3.5715102e-06,3.571530214685481e-06,-5.326321862684935e-07,-4.7683713202179786e-07,1.9198593808746178,0.9999847412109375,0.0,0.0
242,2774,-283.80035,391.69992,0.0018057632,2.1229183e-09,-5.93176e-09,3.4761429e-06,3.4761485494527733e-06,-5.326321862684935e-07,-4.7683713202179786e-07,1.9198593808746178,0.9999847412109375,0.0,0.0
243,2774,-283.80035,391.69992,0.0018057632,3.2828837e-08,5.6065863e-09,4.262924e-06,4.263054051989457e-06,-5.326321862684935e-07,-4.7683713202179786e-07,1.9198593808746178,0.9999847412109375,0.0,0.0
244,2774,-283.80035,391.69992,0.0018057632,2.4285605e-09,-5.403421e-09,3.3712386e-06,3.3712435651978012e-06,-5.326321862684935e-07,-4.7683713202179786e-07,1.9198593808746178,0.9999847412109375,0.0,0.0
245,2774,-283.80035,391.69992,0.0018057632,-2.3182907e-09,-8.452555e-09,3.8337707e-06,3.8337807382049505e-06,-5.326321862684935e-07,-4.7683713202179786e-07,1.9198593808746178,0.9999847412109375,0.0,0.0
246,2774,-283.80035,391.69992,0.0018057632,3.6272716e-09,1.620407e-08,1.1062622e-06,1.1063867759730783e-06,-5.326321862684935e-07,-4.7683713202179786e-07,1.9198593808746178,0.0,0.0,0.0
247,2774,-283.80035,391.69992,0.0018057632,2.4775087e-08,6.67002e-09,1.8548965e-06,1.8550739468992106e-06,-5.326321862684935e-07,-4.7683713202179786e-07,1.9198593808746178,0.0,0.0,0.0
248,2774,-283.802,391.70453,0.001768875,-0.11897322,0.32688487,8.535385e-07,0.3478625416755676,2.840606576634098e-07,-0.00011134146778730147,1.91986151140349,0.0,0.0,0.0
249,2774,-283.81354,391.73627,0.001619377,-0.30292776,0.83228946,9.059906e-07,0.8857036828994751,2.7392528310342453e-07,-0.0005561112729651099,1.91986151140349,0.0,0.0,0.0
250,2774,-283.83167,391.78607,0.0015214157,-0.40007925,1.0992116,-2.412796e-06,1.1697561740875244,2.7724316733836665e-07,-0.000847697243707063,1.9198613782454355,0.0,0.130218505859375,0.0
251,2774,-283.85162,391.8456,0.0014983368,-0.36842117,1.2553537,-7.486343e-07,1.3082993030548096,-0.00016724650020233083,-0.0009163617419542659,1.918562554581804,0.0,0.145599365234375,0.0
252,0,-283.87003,391.9103,0.001524086,-0.3418616,1.3282437,-3.9625165e-06,1.3715323209762573,-0.0004218447166685513,-0.0008399485892619633,1.915005636629894,0.0,0.148712158203125,0.0
253,0,-283.88815,391.97702,0.0015696716,-0.33696982,1.3541949,-1.4781951e-06,1.395490050315857,-0.00047723840232361816,-0.00070393082249665,1.9110789387606266,0.0,0.150421142578125,0.0
254,0,-283.90607,392.04443,0.0016197586,-0.329655,1.3577256,1.2207031e-06,1.3971725702285767,-0.000440486844299106,-0.000555038401355066,1.9070716802683845,0.0,0.150421142578125,0.0
255,0,-283.9236,392.11163,0.001666336,-0.32151458,1.3492597,6.1035155e-07,1.3870376348495483,-0.0003749730489738661,-0.00041651722415392945,1.9030710796788675,0.0,0.150421142578125,0.0
256,0,-283.9407,392.17822,0.0017059325,-0.3123215,1.3346062,1.9454956e-06,1.3706635236740112,-0.0003089266214306103,-0.0002985000466774761,1.8991098938734836,0.0,0.117645263671875,0.0
257,0,-283.9582,392.24387,0.0017374038,-0.32965693,1.3113551,3.376007e-06,1.3521560430526733,-0.0001757686319452297,-0.00020503996473754242,1.8958612368177503,0.0,0.116973876953125,0.0
258,0,-283.97546,392.3085,0.0017624664,-0.32253045,1.2914014,1.707077e-06,1.331068515777588,-0.00010226536960439742,-0.00013065337620580327,1.8928364184516384,0.0,0.0,0.0
259,0,-283.99463,392.37158,0.0017813492,-0.40368396,1.2441552,2.565384e-06,1.3080072402954102,0.00016087549196712236,-7.450580010055408e-05,1.891761699793737,0.0,0.0,0.0
260,0,-284.01498,392.4331,0.0017957687,-0.40473774,1.2208099,2.5939942e-06,1.286152958869934,0.00029872143494680524,-3.111362210248581e-05,1.89174612030136,0.0,0.0,0.0
261,0,-284.03503,392.4936,0.001806755,-0.39901027,1.1997554,3.3473968e-06,1.2643663883209229,0.0002897713346471394,1.6689299620762925e-06,1.89174612030136,0.0,0.0,0.0
262,0,-284.05478,392.553,0.0018150329,-0.39245972,1.179177,3.4475327e-06,1.2427723407745361,0.00023971962439567918,2.610683374012993e-05,1.89174612030136,0.0,-0.6507568359375,0.0
263,0,-284.0756,392.61075,0.0018221283,-0.45786408,1.1281681,-1.5735626e-06,1.217539668083191,0.0003473057896008245,4.6849248475120475e-05,1.8929887512659909,0.0,-1.0,0.0
264,0,-284.09943,392.66574,0.0018299484,-0.53535885,1.0602386,-1.8262863e-06,1.1877351999282837,0.0006266733385075756,7.033347646525751e-05,1.8969572607643725,0.0,-1.0,0.0
265,0,-284.1262,392.71738,0.0018395996,-0.6062577,0.98321533,1.2207031e-06,1.1551021337509155,0.0008989939134986249,9.9062911891719e-05,1.9034858670186472,0.0,-1.0,0.0
266,0,-284.15558,392.7652,0.0018503951,-0.67013615,0.8974265,-1.926422e-06,1.120025396347046,0.001111539200640749,0.00013101100278492547,1.9123793603209123,0.0,-1.0,0.0
267,0,-284.1872,392.80875,0.0018622589,-0.72703975,0.8021224,-6.570816e-06,1.0825835466384888,0.0012631235210853469,0.00016617774101755422,1.9234890031242868,0.0,-1.0,0.0
268,0,-284.22083,392.84744,0.0018751144,-0.7765627,0.69586927,-4.849434e-06,1.0427290201187134,0.0013659427352199095,0.00020456313471692796,1.9367026763468786,0.0,-0.347747802734375,0.0
269,0,-284.2544,392.88516,0.0018681335,-0.7114872,0.7677305,3.0088424e-06,1.0467206239700317,0.0010983228736197428,0.00018489359971930394,1.949271331953453,0.0,0.0,0.0
270,0,-284.28375,392.9275,0.0018437958,-0.581319,0.8655389,4.7206877e-06,1.0426357984542847,0.000359602266242878,0.00011241435565199068,1.9571759935429718,0.0,0.0,0.0
271,0,-284.3075,392.9732,0.0018280792,-0.42744377,0.9303733,1.0538101e-06,1.0238665342330933,-0.0004308994318655301,6.449222337584232e-05,1.9601635276538225,0.0,0.0,0.0
272,0,-284.3271,393.02,0.0018239593,-0.38476446,0.92923015,4.1007993e-07,1.005739688873291,-0.0008511462193707432,5.221366748025986e-05,1.9602741819971155,0.0,0.0,0.0
273,0,-284.34604,393.06604,0.0018242645,-0.3749656,0.91473407,-1.940727e-06,0.9886038899421692,-0.0008372978467209125,5.280971313335061e-05,1.9602747146293333,0.0,0.0,0.0
274,0,-284.36465,393.11136,0.0018254089,-0.36780563,0.8993727,1.0824203e-06,0.9716749787330627,-0.0006956177417472783,5.698203676864718e-05,1.9602747146293333,0.0,0.0,0.0
275,0,-284.38293,393.15588,0.0018267441,-0.36146095,0.88393515,8.7738033e-07,0.9549844861030579,-0.0005422194679029703,6.079673382482156e-05,1.9602752472615514,0.0,0.0,0.0
276,0,-284.40085,393.19968,0.0018277358,-0.35541072,0.8686563,1.2207031e-06,0.9385523796081543,-0.0004111920723082344,6.389617365909025e-05,1.9602747146293333,0.0,0.0,0.0
277,0,-284.41852,393.24265,0.0018284988,-0.3494839,0.85361594,1.3208389e-06,0.9223877191543579,-0.0003073288223044347,6.604194126114601e-05,1.9602747146293333,0.0,0.0,0.0
278,0,-284.43585,393.28494,0.0018289185,-0.34363052,0.8388379,1.3446808e-06,0.9064937829971313,-0.00022849922152879865,6.711482506217389e-05,1.9602747146293333,0.0,0.0,0.0
279,0,-284.4529,393.3265,0.0018291092,-0.33784172,0.824325,1.8262863e-06,0.890869677066803,-0.00016937702907439422,6.771087071526463e-05,1.9602747146293333,0.0,0.734100341796875,0.0
280,0,-284.46854,393.36774,0.001829834,-0.27557662,0.8280843,8.6307523e-07,0.8727348446846008,-0.0002487392133041102,6.985663831732039e-05,1.9593255640168292,0.0,0.999969482421875,0.0
281,0,-284.48108,393.40878,0.0018323897,-0.20167491,0.82730544,6.4849854e-07,0.8515322208404541,-0.0004516720558588575,7.784365900879134e-05,1.9563923583922158,0.0,0.991668701171875,0.0
282,0,-284.49057,393.44937,0.00183712,-0.12788373,0.81839794,-4.2915342e-08,0.82832932472229,-0.0006450176160171915,9.107589120024806e-05,1.9516142479224503,0.0,0.107696533203125,0.0
283,0,-284.50012,393.48917,0.0018350601,-0.21223743,0.79214275,2.4032593e-06,0.8200822472572327,-0.00048522791810314653,8.523463811083287e-05,1.9475136456340008,0.0,0.0,0.0
284,0,-284.5138,393.52728,0.0018305588,-0.28950658,0.7506097,2.0599364e-06,0.804505467414856,-6.9242193421636855e-06,7.18831943505612e-05,1.9468013832004591,0.0,0.0,0.0
285,0,-284.52832,393.56436,0.0018286514,-0.28933695,0.73602825,2.3460389e-06,0.7908561825752258,0.00018613784405501133,6.663799097789808e-05,1.9467976547749328,0.0,0.0,0.0
286,0,-284.54272,393.60086,0.0018276977,-0.28541803,0.72306013,1.502037e-06,0.7773541212081909,0.0002082775162294779,6.389617365909025e-05,1.9467976547749328,0.0,0.0,0.0
287,0,-284.55685,393.63663,0.00182724,-0.2808058,0.71055055,1.6403197e-06,0.7640248537063599,0.00017989001352207714,6.234645577378657e-05,1.9467976547749328,0.0,0.0,0.0
288,0,-284.57077,393.6718,0.0018268967,-0.27601773,0.6983219,2.3555756e-06,0.7508922815322876,0.00014249096795568132,6.127357197275869e-05,1.9467976547749328,0.0,0.0,0.0
289,0,-284.58444,393.7064,0.0018265533,-0.2712334,0.68631583,2.260208e-06,0.7379681468009949,0.0001088561162624345,6.0200688171730816e-05,1.9467976547749328,0.0,0.0,0.0
290,0,-284.59784,393.74042,0.00182621,-0.2665144,0.674513,2.3603438e-06,0.7252569794654846,8.180222593073898e-05,5.912780437070294e-05,1.9467976547749328,0.0,0.0,0.0
291,0,-284.61102,393.77383,0.0018259048,-0.2618788,0.662907,3.1948089e-06,0.7127595543861389,6.1002741136011696e-05,5.853175871761219e-05,1.9467976547749328,0.0,0.0,0.0
292,0,-284.624,393.80667,0.0018256378,-0.2573303,0.6514952,4.0245054e-06,0.700474739074707,4.531634195674437e-05,5.757808242173793e-05,1.9467976547749328,0.0,0.0,0.0
293,0,-284.63672,393.83893,0.0018253326,-0.2528675,0.6402755,2.8181075e-06,0.6884000897407532,3.362614123518318e-05,5.650519862071005e-05,1.9467976547749328,0.0,0.0,0.0
294,0,-284.64926,393.8707,0.0018250274,-0.24848822,0.6292461,2.9182434e-06,0.6765331029891968,2.4952566993620157e-05,5.59091529676193e-05,1.9467976547749328,0.0,0.0,0.0
295,0,-284.6616,393.90182,0.0018247223,-0.24418941,0.6184043,2.5129318e-06,0.6648702025413513,1.8504182583002436e-05,5.483626916659142e-05,1.9467976547749328,0.0,0.0,0.0
296,0,-284.67368,393.93246,0.001824417,-0.23996831,0.60774785,3.1471252e-06,0.6534081697463989,1.37544258794278e-05,5.388259693437849e-05,1.9467976547749328,0.0,0.0,0.0
297,0,-284.68555,393.96255,0.0018241119,-0.23582318,0.5972735,3.13282e-06,0.6421434879302979,1.024434087664749e-05,5.280971313335061e-05,1.9467976547749328,0.0,0.0,0.0
298,0,-284.69724,393.99213,0.0018237686,-0.23175125,0.58697927,2.6988982e-06,0.6310731172561646,7.643394949508085e-06,5.221366748025986e-05,1.9467976547749328,0.0,0.0,0.0
299,0,-284.7087,394.0212,0.0018235015,-0.22775163,0.5768616,3.1518935e-06,0.620193600654602,5.718054560876574e-06,5.114078367923199e-05,1.9467976547749328,0.0,0.0,0.0
300,0,-284.72,394.0498,0.0018231964,-0.2238218,0.5669179,3.156662e-06,0.6095015406608582,5.718054560876574e-06,5.114078367923199e-05,1.9467976547749328,0.0,0.0,0.0
301,0,-284.73108,394.07785,0.0018229674,-0.21996069,0.55714524,2.8514862e-06,0.5989937782287598,3.2458263763001888e-06,4.9591061730266976e-05,1.9467976547749328,0.0,0.0,0.0
302,0,-284.74197,394.1054,0.0018227005,-0.21616684,0.5475409,2.4890899e-06,0.5886672735214233,3.2458263763001888e-06,4.9591061730266976e-05,1.9467976547749328,0.0,0.0,0.0
303,0,-284.7527,394.13254,0.0018223953,-0.21243875,0.5381021,2.5463103e-06,0.5785188674926758,1.8769259275304314e-06,4.7922132276148354e-05,1.9467976547749328,0.0,0.0,0.0
304,0,-284.7632,394.1592,0.0018221283,-0.20877533,0.52882576,2.6082992e-06,0.5685453414916992,1.8769259275304314e-06,4.7922132276148354e-05,1.9467976547749328,0.0,0.0,0.0
305,0,-284.77356,394.18542,0.0018218613,-0.20517543,0.51970917,2.555847e-06,0.5587437748908997,1.8769259275304314e-06,4.7922132276148354e-05,1.9467976547749328,0.0,0.0,0.0
306,0,-284.78372,394.21112,0.0018215942,-0.20163761,0.51074976,1.6736984e-06,0.5491111278533936,9.030845377308134e-07,4.518031902100185e-05,1.9467976547749328,0.0,0.0,0.0
307,0,-284.7937,394.2364,0.0018212891,-0.19816095,0.50194466,1.9359588e-06,0.5396444797515869,9.030845377308134e-07,4.518031902100185e-05,1.9467976547749328,0.0,0.0,0.0
308,0,-284.8035,394.26123,0.0018210983,-0.19474462,0.4932915,2.3031234e-06,0.530341386795044,9.030845377308134e-07,4.518031902100185e-05,1.9467976547749328,0.0,0.0,0.0
309,0,-284.81317,394.28564,0.0018207931,-0.19138712,0.48478758,2.350807e-06,0.5211986303329468,5.279725636050777e-07,4.315375892409971e-05,1.9467976547749328,0.0,0.0,0.0
310,0,-284.82263,394.3097,0.0018206023,-0.18808767,0.47643024,2.2935867e-06,0.5122135877609253,5.279725636050777e-07,4.315375892409971e-05,1.9467976547749328,0.0,0.0,0.0
311,0,-284.83194,394.33328,0.0018203354,-0.18484484,0.46821696,2.1648407e-06,0.5033832788467407,5.279725636050777e-07,4.315375892409971e-05,1.9467976547749328,0.0,0.0,0.0
312,0,-284.84113,394.35648,0.0018201064,-0.18165822,0.46014515,2.6512146e-06,0.4947052299976349,3.804434342976899e-07,4.100799132204395e-05,1.9467976547749328,0.0,0.0,0.0
313,0,-284.8501,394.37924,0.0018198395,-0.17852648,0.45221248,1.888275e-06,0.4861767590045929,3.804434342976899e-07,4.100799132204395e-05,1.9467976547749328,0.0,0.0,0.0
314,0,-284.85895,394.40164,0.0018196106,-0.17544866,0.4444165,1.8596648e-06,0.47779521346092224,3.804434342976899e-07,4.100799132204395e-05,1.9467976547749328,0.0,0.0,0.0
315,0,-284.86765,394.4236,0.0018193435,-0.17242393,0.43675506,2.1648407e-06,0.4695582985877991,3.0490809747152887e-07,3.886222778364953e-05,1.9467976547749328,0.0,0.0,0.0
316,0,-284.8762,394.44525,0.0018191527,-0.16945156,0.4292258,1.1157989e-06,0.4614635705947876,3.0490809747152887e-07,3.886222778364953e-05,1.9467976547749328,0.0,0.0,0.0
317,0,-284.88458,394.46652,0.0018188858,-0.16653034,0.42182648,2.6607513e-06,0.4535084664821625,3.0490809747152887e-07,3.886222778364953e-05,1.9467976547749328,0.0,0.0,0.0
318,0,-284.8928,394.48743,0.0018187332,-0.16365965,0.41455448,1.282692e-06,0.4456903636455536,2.7417443633879976e-07,3.6835667686747385e-05,1.9467976547749328,0.0,0.1180419921875,0.0
319,1,-284.90027,394.5081,0.0018187332,-0.13135266,0.41649663,-1.3875961e-06,0.4367184042930603,-6.604638690664245e-05,3.7312505834684514e-05,1.9462865941617467,0.0,0.0,0.0
320,1,-284.9078,394.52835,0.0018185043,-0.15635522,0.39963764,1.8310546e-06,0.42913541197776794,-2.9827402177056802e-05,3.6835667686747385e-05,1.9460154843627766,0.0,0.0,0.0
321,1,-284.91562,394.54816,0.0018184661,-0.15437779,0.39251626,-2.5081633e-06,0.4217837154865265,6.85007631730116e-06,3.5762783885719506e-05,1.9460149517305587,0.0,0.0,0.0
322,1,-284.92325,394.5676,0.001818161,-0.15187979,0.38571277,-2.8133393e-06,0.41453808546066284,1.5663400887962843e-05,3.5166738232628756e-05,1.9460149517305587,0.0,0.0,0.0
323,1,-284.93076,394.58676,0.0018179321,-0.1493146,0.37905726,-2.427101e-06,0.4074055254459381,1.5663400887962843e-05,3.5166738232628756e-05,1.9460149517305587,0.0,0.0,0.0
324,1,-284.93817,394.6055,0.0018176651,-0.14675485,0.3725249,-3.5572052e-06,0.40038955211639404,1.2907005184128976e-05,3.3497808778510135e-05,1.9460149517305587,0.0,0.0,0.0
325,1,-284.94543,394.62393,0.001817398,-0.1442263,0.3661069,-3.2377243e-06,0.3934914171695709,1.0117224470627836e-05,3.2424924977482256e-05,1.9460149517305587,0.0,0.0,0.0
326,1,-284.95258,394.64206,0.0018172073,-0.14173757,0.35979903,-3.709793e-06,0.3867103159427643,7.728210672899598e-06,3.194808682954513e-05,1.9460149517305587,0.0,0.0,0.0
327,1,-284.9596,394.65988,0.0018169403,-0.13929111,0.35359904,-2.603531e-06,0.3800451159477234,5.842522475623556e-06,3.147125071343866e-05,1.9460149517305587,0.0,0.0,0.0
328,1,-284.9665,394.6774,0.0018167114,-0.13688706,0.34750533,-3.4999846e-06,0.37349435687065125,5.842522475623556e-06,3.147125071343866e-05,1.9460149517305587,0.0,0.0,0.0
329,1,-284.97327,394.6946,0.0018165207,-0.13452514,0.34151596,-3.1375885e-06,0.36705607175827026,3.3568163963054223e-06,3.039836691241078e-05,1.9460149517305587,0.0,0.12481689453125,0.0
330,1,-284.9794,394.71176,0.0018165588,-0.10696619,0.34333476,-2.026558e-06,0.3596116304397583,-5.326321773792343e-05,3.087520506034791e-05,1.945585383846729,0.0,0.200714111328125,0.0
331,1,-284.98434,394.7288,0.0018173599,-0.08455388,0.34162387,-1.5640259e-06,0.3519321382045746,-0.00014327805039161768,3.3020970630573006e-05,1.9443832329306672,0.0,0.221771240234375,0.0
332,1,-284.98874,394.74557,0.0018175506,-0.07711335,0.3368168,-1.1253356e-06,0.34553149342536926,-0.00017044229351042593,3.409385443160088e-05,1.9429147659055974,0.0,0.224700927734375,0.0
333,1,-284.99295,394.76212,0.0018173218,-0.07438557,0.3313411,1.4305115e-06,0.3395881652832031,-0.00015180016587987126,3.3020970630573006e-05,1.9414383093972574,0.0,0.2276611328125,0.0
334,1,-284.9971,394.77832,0.0018169403,-0.07194901,0.32588142,3.170967e-06,0.33372947573661804,-0.00012197276979830644,3.194808682954513e-05,1.9399687771077518,0.0,0.2276611328125,0.0
335,1,-285.0011,394.79428,0.0018164063,-0.07025873,0.3204004,3.1089783e-06,0.32801327109336853,-9.267798968011216e-05,3.039836691241078e-05,1.9385229469519478,0.0,0.2276611328125,0.0
336,1,-285.00507,394.81,0.0018160248,-0.06863828,0.31499687,3.1614302e-06,0.32238832116127014,-6.81769117150445e-05,2.8848646995276438e-05,1.937101751036227,0.0,0.2276611328125,0.0
337,1,-285.00885,394.82547,0.0018157195,-0.067060605,0.30967838,4.4012068e-06,0.31685614585876465,-4.900215999379665e-05,2.777576319424856e-05,1.9357043904122624,0.0,0.2276611328125,0.0
338,1,-285.0126,394.8406,0.0018152618,-0.06551816,0.30444676,3.6239624e-07,0.3114168643951416,-3.46210941710301e-05,2.670287939322068e-05,1.934330865080054,0.0,0.2276611328125,0.0
339,1,-285.0163,394.85553,0.0018151855,-0.06400912,0.29930183,1.8119812e-07,0.30606985092163086,-2.3435817592697295e-05,2.610683374012993e-05,1.9329810418815474,0.0,0.2276611328125,0.0
340,1,-285.01984,394.87024,0.0018149185,-0.06253373,0.29424256,1.0967254e-07,0.300814151763916,-1.5446331274713584e-05,2.5629995592192802e-05,1.9316545213425789,0.0,0.2276611328125,0.0
341,1,-285.02338,394.8846,0.0018146514,-0.061091952,0.28926772,1.9741058e-06,0.2956485152244568,-9.587379924285257e-06,2.5033949939102056e-05,1.930350105040658,0.0,0.2276611328125,0.0
342,1,-285.02676,394.89883,0.001814537,-0.059684098,0.2843758,3.1471252e-06,0.2905714511871338,-4.793689962142629e-06,2.4557111791164923e-05,1.9290680592918938,0.0,0.2276611328125,0.0
343,1,-285.0301,394.91275,0.0018143081,-0.058310315,0.2795652,2.0647049e-06,0.28558149933815,-1.597896654047543e-06,2.3961066138074177e-05,1.9278083840962865,0.0,0.2276611328125,0.0
344,1,-285.03342,394.92642,0.0018141937,-0.05696977,0.27483496,-1.0919571e-06,0.2806774079799652,8.880869606405763e-07,2.3484227990137044e-05,1.9265700141893995,0.0,0.2276611328125,0.0
345,1,-285.03656,394.93994,0.0018141174,-0.055662517,0.27018347,-1.2302398e-06,0.2758576273918152,2.6921332175195583e-06,2.2888182337046298e-05,1.925352283780961,0.0,0.2276611328125,0.0
346,1,-285.03967,394.95316,0.0018137741,-0.05438786,0.26560935,2.0170212e-06,0.2711205780506134,4.0309331108930606e-06,2.2411344189109166e-05,1.9241561249773518,0.0,0.2276611328125,0.0
347,1,-285.0428,394.96622,0.0018137741,-0.053145096,0.26111138,-2.479553e-07,0.2664649188518524,5.0037649983253925e-06,2.181529853601842e-05,1.9229800730399729,0.0,0.2276611328125,0.0
348,1,-285.04575,394.97897,0.0018135833,-0.05193369,0.25668818,-1.1157989e-06,0.26188915967941284,5.742078926667206e-06,2.181529853601842e-05,1.9218239948107694,0.0,0.2276611328125,0.0
349,1,-285.04865,394.99155,0.0018133926,-0.050752424,0.2523388,-1.001358e-07,0.2573920488357544,6.252734864203395e-06,2.1338462419911954e-05,1.9206876239736326,0.0,0.2276611328125,0.0
350,1,-285.05154,395.00394,0.00181324,-0.049601063,0.2480617,2.350807e-06,0.2529720962047577,6.639029050144884e-06,2.074241473499054e-05,1.9195713600027258,0.941162109375,0.2276611328125,0.0
351,1,-285.05408,395.01495,0.001819725,-0.04595592,0.22858907,1.373291e-06,0.23316283524036407,2.1354647982994514e-05,3.99351115846774e-05,1.918618347806641,0.9999847412109375,0.2276611328125,0.0
352,1,-285.05634,395.02487,0.0018233871,-0.044058304,0.22408411,1.5258789e-07,0.22837430238723755,2.7152385355043503e-05,5.0663945531294854e-05,1.9176947635406014,0.9999847412109375,0.223968505859375,0.0
353,1,-285.05893,395.03592,0.0018138504,-0.053331442,0.25637925,-2.5749205e-07,0.2618674635887146,1.0699619269391421e-05,2.2411344189109166e-05,1.916613919612193,0.9999847412109375,0.223968505859375,0.0
354,1,-285.0624,395.051,0.0017882156,-0.07454167,0.36008427,7.05719e-07,0.3677188456058502,-3.6751623043093484e-05,-5.400180443953211e-05,1.915242125334693,0.9999847412109375,0.223968505859375,0.0
355,1,-285.0673,395.07242,0.0017513656,-0.10349284,0.5112273,2.5081633e-06,0.521597683429718,-0.00010652643547584686,-0.0001636743468363763,1.9133464872707746,0.9999847412109375,0.223968505859375,0.0
356,1,-285.074,395.1016,0.0017105102,-0.1331191,0.6709775,1.8119812e-07,0.6840551495552063,-0.0001837580989608221,-0.00028514861104452714,1.9107901189404075,0.9999847412109375,0.223968505859375,0.0
357,1,-285.08252,395.13928,0.00167202,-0.16473746,0.83700454,-1.0061264e-06,0.8530621528625488,-0.00026258769973645823,-0.0003998279296127432,1.9074362670216163,0.9999847412109375,0.223968505859375,0.0
358,1,-285.09293,395.18594,0.0016391753,-0.19564289,1.0206828,3.147125e-07,1.0392639636993408,-0.00033555826484069334,-0.0004974603514426187,1.9034054395537268,0.9999847412109375,0.223968505859375,0.0
359,1,-285.1051,395.24176,0.0016119003,-0.22729495,1.2125798,-1.2016296e-06,1.233698844909668,-0.0004005393304200455,-0.0005791186831256165,1.8985684732238703,0.9999847412109375,0.223968505859375,0.0
360,1,-285.11905,395.30722,0.0015885162,-0.25699824,1.4100142,-3.3855438e-06,1.4332438707351685,-0.00046072677105583627,-0.0006488561180014446,1.8929329580411538,0.9999847412109375,0.223968505859375,0.0
361,1,-285.13467,395.3826,0.0015687179,-0.2843029,1.6126078,-1.0442734e-06,1.6374773979187012,-0.0005182510180922571,-0.0007073878604644115,1.886487841887053,0.9999847412109375,0.223968505859375,0.0
362,1,-285.15186,395.4682,0.0015525818,-0.3081612,1.8181003,-2.9802322e-06,1.8440314531326294,-0.0005747101632390996,-0.0007555484240055124,1.8791957073482526,0.9999847412109375,0.2047119140625,0.0
363,1,-285.1711,395.56387,0.0015393829,-0.34998965,2.0193114,-1.5878677e-06,2.04941725730896,-0.0005704491054949728,-0.0007946491033724211,1.8715313960471136,0.9999847412109375,0.189483642578125,0.0
364,1,-285.19238,395.66956,0.0015302658,-0.38923016,2.21677,-1.9598008e-06,2.2506818771362305,-0.0005406216037582134,-0.0008218288209135789,1.8637040992872616,0.9999847412109375,0.186279296875,0.0
365,1,-285.21518,395.785,0.0015247344,-0.4118931,2.4132395,-9.012222e-07,2.4481382369995117,-0.000545415293720356,-0.0008374452438447214,1.855444305166381,0.9999847412109375,0.13092041015625,0.0
366,1,-285.24112,395.91003,0.0015200042,-0.5042247,2.5992844,5.865097e-07,2.6477389335632324,-0.0003888214541329875,-0.0008515118838719788,1.8482729449830155,0.9999847412109375,0.0,0.0
367,1,-285.27356,396.04382,0.001516304,-0.71805507,2.7477765,-4.7683716e-07,2.8400490283966064,0.0001091910513566827,-0.0008623599740876858,1.844891263030833,0.9999847412109375,-0.1370849609375,0.0
368,1,-285.31506,396.185,0.0015165329,-0.9496275,2.8722963,-3.4999846e-06,3.025207042694092,0.0007829447834595643,-0.0008623599740876858,1.8468508169609132,0.9999847412109375,-0.535003662109375,0.0
369,1,-285.36777,396.33154,0.0015236663,-1.23426,2.9478152,-7.3862075e-06,3.1957802772521973,0.0015973837874782425,-0.0008416175512253725,1.855517275780249,0.9999847412109375,-0.62103271484375,0.0
370,1,-285.4331,396.48138,0.0015387344,-1.5472232,2.9745898,-1.21593475e-05,3.352921724319458,0.0024529937275110268,-0.0007972716928677687,1.8715850587430787,0.9999847412109375,-0.660552978515625,0.0
371,1,-285.51233,396.6319,0.0015617752,-1.883449,2.9445028,-1.7251969e-05,3.4953508377075195,0.0032968639125041457,-0.0007290839758772443,1.8954339326208471,0.9999847412109375,-0.672088623046875,0.0
372,1,-285.60635,396.78015,0.0015932083,-2.237628,2.8463762,-2.4881363e-05,3.620612621307373,0.004117971092183868,-0.0006356239264466012,1.9273804141091107,0.9999847412109375,-0.673065185546875,0.0
373,1,-285.71567,396.92355,0.0016291046,-2.5774746,2.726961,-2.6831627e-05,3.752291440963745,0.00485236741124629,-0.0005285739532267979,1.9671350175973776,0.9999847412109375,-0.595428466796875,0.0
374,1,-285.83777,397.0678,0.0016342163,-2.7967315,2.8092058,-1.2454986e-05,3.964005947113037,0.004953253883033107,-0.0005108117870755678,2.009220286513627,0.9999847412109375,-0.331085205078125,0.0
375,1,-285.96823,397.2209,0.0016069412,-2.8425992,3.100399,1.39236445e-05,4.206286430358887,0.004206720415362108,-0.0005877017860431302,2.047373664396484,0.9999847412109375,0.0,0.0
376,1,-286.09814,397.39163,0.0015649796,-2.6642625,3.5200565,4.3463708e-05,4.414645195007324,0.0023851457976263803,-0.0007106065403131244,2.0727153732232964,0.9999847412109375,0.31787109375,0.0
377,1,-286.21933,397.58093,0.0015432739,-2.3457391,3.9234524,3.282547e-05,4.571211338043213,3.434992198673127e-05,-0.0007785558341660189,2.0814984784983777,0.9999847412109375,0.4744873046875,0.0
378,1,-286.32886,397.78604,0.0015430831,-2.0288582,4.2610025,7.147789e-06,4.71936559677124,-0.0020548949670679776,-0.0007841586803724495,2.0756710825591207,0.9999847412109375,0.838409423828125,0.0
379,1,-286.42557,398.00467,0.0015568542,-1.676878,4.5543756,-2.535343e-05,4.853272914886475,-0.0036927383872808963,-0.0007473229883037342,2.0576003361404425,0.9999847412109375,0.88720703125,0.0
380,1,-286.50656,398.2351,0.0015831374,-1.2607208,4.803051,-4.4136046e-05,4.965754508972168,-0.0050301771064957135,-0.0006712675028271671,2.028045506469125,0.9999847412109375,0.94781494140625,0.0
381,1,-286.56833,398.47507,0.0016222381,-0.76910216,4.992711,-6.0334205e-05,5.051601886749268,-0.00619930534518915,-0.0005551576454331717,1.9873157865477256,0.9999847412109375,0.95452880859375,0.0
382,1,-286.607,398.72144,0.0016753387,-0.20289175,5.101976,-6.2460895e-05,5.106008529663086,-0.0072661687181721935,-0.00039732455168621056,1.9357509957313388,0.9999847412109375,0.0,0.0
383,1,-286.62573,398.97507,0.0017076492,0.038470335,5.3162603,0.001604371,5.316399574279785,-0.0077103824275514595,-0.00032067297585627804,1.8784751891153315,0.9999847412109375,0.0,0.0
384,1,-286.64462,399.24377,0.0017102814,-0.19407813,5.5846305,0.00064291,5.588001728057861,-0.0063846634376532665,-0.0004512071404932664,1.831083571727099,0.9999847412109375,0.0,0.0
385,1,-286.67703,399.52567,0.0016735458,-0.6649138,5.7546325,0.00022911071,5.792918682098389,-0.003794471140921923,-0.0006017684910889689,1.80174246073326,0.9999847412109375,0.0,0.0
386,1,-286.72748,399.8156,0.0016467285,-1.0739559,5.884866,2.4094581e-05,5.982059001922607,-0.0010860369624971506,-0.0006887912458407674,1.7907896781180912,0.9999847412109375,0.0,0.0
387,1,-286.7883,400.1144,0.0016230393,-1.2557914,6.0656457,-8.795261e-05,6.194276809692383,0.000393875608531821,-0.000751852962900121,1.7878853677913051,0.9999847412109375,-0.18603515625,0.0
388,1,-286.85776,400.42188,0.0016041183,-1.5463202,6.1980095,-0.00012096881,6.387990951538086,0.0013074654133094915,-0.0007929801414090119,1.7903987260700676,0.9999847412109375,-0.460205078125,0.0
389,1,-286.94257,400.73428,0.0015992355,-1.9733627,6.2423935,-0.00012610912,6.546879768371582,0.002538932687531123,-0.0007922648719961222,1.8035265123475042,0.9999847412109375,-0.70318603515625,0.0
390,1,-287.0471,401.04742,0.0016103744,-2.4789681,6.195294,-0.0001229,6.6728515625,0.00399628127512406,-0.0007456540913589062,1.828980606572318,0.9999847412109375,-0.180328369140625,0.0
391,1,-287.1682,401.36316,0.0016079711,-2.6596344,6.356871,-0.00010329246,6.890824794769287,0.004616395214057108,-0.0007380246809919122,1.8598205446276534,0.9999847412109375,0.0,0.0
392,1,-287.29044,401.691,0.0015864181,-2.4756045,6.6546984,-3.6168098e-05,7.100255489349365,0.0033804780681312516,-0.0007869004489273214,1.8792802627128626,0.9999847412109375,0.0,0.0
393,1,-287.40805,402.032,0.0015715408,-2.379398,6.913777,-5.2976607e-06,7.311760902404785,0.0017145970752154931,-0.000824093743193191,1.8860438929333367,0.9999847412109375,0.0,0.0
394,1,-287.52603,402.38434,0.00156044,-2.3894978,7.136867,-6.03199e-06,7.526258945465088,0.0007420194876456123,-0.0008547305637206917,1.8881215580577622,0.9999847412109375,0.131622314453125,0.0
395,1,-287.64252,402.74792,0.0015546416,-2.218756,7.3943706,-8.859634e-06,7.7200775146484375,-0.00015552859140598218,-0.0008713006792023536,1.8853065967855485,0.9999847412109375,0.151580810546875,0.0
396,1,-287.74976,403.12366,0.0015568924,-1.9723581,7.653499,-1.3918876e-05,7.90355920791626,-0.0014279869765004875,-0.0008646249613858791,1.8726585789784895,0.9999847412109375,0.154510498046875,0.0
397,1,-287.84897,403.51147,0.001556816,-1.800318,7.9000382,-1.961708e-05,8.10257625579834,-0.002340385445812984,-0.0008635520247572539,1.8543332343595997,0.9999847412109375,0.154510498046875,0.0
398,1,-287.94147,403.9113,0.0015547561,-1.6555402,8.140124,-2.034664e-05,8.306771278381348,-0.00285597369292665,-0.000868201178413165,1.8335435336260053,0.9999847412109375,0.154510498046875,0.0
399,1,-288.02737,404.3229,0.0015530013,-1.5121123,8.376411,-1.7762184e-05,8.511800765991211,-0.003149454045053382,-0.0008723735508123975,1.8115552772438206,0.9999847412109375,0.1297607421875,0.0
400,1,-288.10788,404.74643,0.0015499115,-1.4295071,8.605272,-9.86576e-06,8.723198890686035,-0.0031750201314438174,-0.0008796452939636561,1.7902703617055258,0.9999847412109375,0.0,0.0
401,1,-288.18915,405.18054,0.0015457153,-1.6209899,8.78173,4.224777e-06,8.930083274841309,-0.002452770843814328,-0.0008895396916288436,1.7754341575888033,0.9999847412109375,0.0,0.0
402,2,-288.27625,405.62424,0.0015429306,-1.7434852,8.971457,1.513958e-05,9.139298439025879,-0.0014439656829666378,-0.0008970498579177321,1.7696104900750724,0.9999847412109375,-0.1318359375,0.0
403,2,-288.3701,406.07693,0.001543541,-2.0276995,9.103746,1.2235641e-05,9.32682991027832,-0.00037444038424655956,-0.000896215409445318,1.7709832164589538,0.9999847412109375,-0.21673583984375,0.0
404,2,-288.47968,406.53433,0.001554718,-2.4831235,9.144623,4.2819975e-06,9.475759506225586,0.0012868434698783285,-0.0008647441404454034,1.7852258019686975,0.9999847412109375,-0.28436279296875,0.0
405,2,-288.60986,406.99304,0.0015727234,-3.0053194,9.124718,-2.2597313e-05,9.606894493103027,0.00313262749628707,-0.0008134841411336952,1.8126425127588452,0.9999847412109375,-0.371917724609375,0.0
406,2,-288.76407,407.45004,0.0015951156,-3.5966265,9.023596,-5.115032e-05,9.713958740234375,0.004940030143893832,-0.0007499455777990818,1.8517952418407542,0.9999847412109375,-0.42742919921875,0.0
407,2,-288.946,407.901,0.0016225051,-4.23799,8.838759,-8.296013e-05,9.802255630493164,0.006709537361575259,-0.0006698369640013878,1.9021505580480815,0.9999847412109375,-0.4716796875,0.0
408,2,-289.15796,408.34277,0.0016507339,-4.9020905,8.582337,-0.000101466176,9.883673667907715,0.008322585945809131,-0.0005869865166302405,1.9619542371707919,0.9999847412109375,-0.534393310546875,0.0
409,2,-289.40155,408.7712,0.0016810226,-5.5889006,8.221945,-0.00011989593,9.941638946533203,0.00980297321750018,-0.0004962682357544693,2.029924766092339,0.9999847412109375,-0.552734375,0.0
410,2,-289.67795,409.18207,0.0017116546,-6.269177,7.790964,-0.00012848854,10.00008487701416,0.011149628710725869,-0.0004028081538145356,2.1050928873339894,0.9999847412109375,-0.418365478515625,0.0
411,2,-289.98605,409.5772,0.0017158508,-6.8491364,7.5209427,-9.787083e-05,10.17227840423584,0.011878660736756653,-0.00038337705820918683,2.1820736891716015,0.9999847412109375,-0.22235107421875,0.0
412,2,-290.32126,409.96558,0.0016854476,-7.224094,7.517863,-4.196167e-06,10.426207542419434,0.011398926596189806,-0.0004595517877638595,2.2502129293482054,0.9999847412109375,-0.16497802734375,0.0
413,2,-290.67654,410.35498,0.0016490936,-7.5189953,7.5735154,9.870052e-05,10.672086715698242,0.009916679793073556,-0.0005577802349285193,2.300885428041361,0.9999847412109375,0.0,0.0
414,3,-291.04758,410.74655,0.0016233826,-7.6318393,7.774137,0.000148077,10.894135475158691,0.00801865320655249,-0.0006327628487950424,2.334381070335724,0.9999847412109375,0.0,0.0
415,3,-291.4283,411.14438,0.0016056823,-7.7747107,7.936687,0.00015073776,11.11022663116455,0.006005729944345918,-0.0006921291047490046,2.3503294105236634,0.9999847412109375,0.287261962890625,0.0
416,3,-291.81674,411.54926,0.001592903,-7.7733808,8.204443,0.000116424555,11.302138328552246,0.00414093331443037,-0.0007383822831890664,2.3538588979163455,0.9999847412109375,0.473968505859375,0.0
417,3,-292.2026,411.96753,0.0015922164,-7.552465,8.595724,8.575439e-05,11.442298889160156,0.0017434744279144138,-0.0007480382577166239,2.3409886393163193,0.9999847412109375,0.600341796875,0.0
418,4,-292.57623,412.40332,0.001606903,-7.135113,9.047497,3.9801598e-05,11.52245807647705,-0.0010311759090600998,-0.0007125138603955823,2.31052287539414,0.9999847412109375,0.640960693359375,0.0
419,4,-292.9283,412.85873,0.001636734,-6.5343046,9.510227,-3.091812e-05,11.538698196411133,-0.003933488149824059,-0.0006332396950703023,2.2631204722034926,0.9999847412109375,0.648529052734375,0.0
420,4,-293.25024,413.3339,0.0016801833,-5.769542,9.935684,-0.00010772228,11.489361763000488,-0.006768156033881425,-0.0005122422933920565,2.2004484354287124,0.9999847412109375,0.661956787109375,0.0
421,5,-293.53488,413.82718,0.0017317962,-4.895476,10.303408,-0.000173707,11.40727424621582,-0.009374325996781618,-0.0003633499047597633,2.1249863012027177,0.9999847412109375,0.71014404296875,0.0
422,5,-293.77774,414.3369,0.0017808151,-3.944009,10.602641,-0.00021436214,11.3124361038208,-0.011646535038837223,-0.00021791457034987696,2.0396893793871693,0.9999847412109375,0.730987548828125,0.0
423,5,-293.9748,414.8604,0.0018258666,-2.9328625,10.821813,-0.00023036002,11.212194442749023,-0.013591174226515783,-8.058547632759918e-05,1.9469333428324724,0.9999847412109375,0.734130859375,0.0
424,6,-294.12305,415.3946,0.0018646622,-1.8811915,10.95698,-0.00022754668,11.11729621887207,-0.015230618274163164,3.945827343674027e-05,1.8486484506967167,0.9999847412109375,0.6947021484375,0.0
425,6,-294.22073,415.93643,0.0018913269,-0.8187774,11.026701,-0.00020694733,11.057058334350586,-0.016569119917145086,0.00012516974969551027,1.7465523087249484,0.9999847412109375,0.0,0.0
426,6,-294.26877,416.4854,0.001886177,0.10331835,11.144647,-0.00015539645,11.145125389099121,-0.017388844021563377,0.00012040137634346163,1.6440357867751112,0.9999847412109375,-0.472869873046875,0.0
427,6,-294.27835,417.0476,0.001822586,0.59917855,11.390424,7.133484e-06,11.406172752380371,-0.01677418644197309,-4.422664272512759e-05,1.5537002973351874,0.9999847412109375,-1.0,0.0
428,7,-294.2668,417.62494,0.0017486954,0.6597536,11.639,0.00024329186,11.657684326171875,-0.014304371887330905,-0.0002369880475034262,1.491811895711163,0.9999847412109375,-1.0,0.0
429,7,-294.2478,418.21323,0.0017064285,0.50927657,11.830136,0.00037590502,11.841093063354492,-0.010794325570606469,-0.0003573894238468878,1.4651635068955031,0.9999847412109375,-1.0,0.0
430,7,-294.23007,418.80893,0.0016865539,0.18962602,11.97246,0.00036121844,11.97396183013916,-0.007138868577769105,-0.00043177601237862697,1.4699528026418471,0.9999847412109375,-1.0,0.0
431,7,-294.22556,419.4093,0.0016812896,-0.34891987,12.043531,0.00026819707,12.048584938049316,-0.0034136401453378927,-0.00046896930664449654,1.5010248351861832,0.9999847412109375,0.259521484375,0.0
432,8,-294.24017,420.01483,0.001662178,-0.6780208,12.2171,0.00013679505,12.235899925231934,-0.00039148455020448543,-0.0005477666582038074,1.5474264224391787,0.9999847412109375,0.0,0.0
433,8,-294.2587,420.63214,0.0016198349,-0.51684797,12.447264,3.926277e-05,12.457989692687988,0.00024430080112484027,-0.000684857361597746,1.583985099461296,0.9999847412109375,0.0,0.0
434,8,-294.27505,421.26074,0.0015925597,-0.4369837,12.667165,-1.8119812e-06,12.674699783325195,-0.00013582118308475048,-0.0007680654111660475,1.6032721115498134,0.9999847412109375,0.0,0.0
435,8,-294.29407,421.90015,0.0015745163,-0.46183762,12.880615,-1.8134117e-05,12.88889217376709,-0.00022210760240331783,-0.0008200406798906454,1.6129035667901395,0.9999847412109375,0.0,0.0
436,9,-294.3171,422.54996,0.0015618897,-0.51754755,13.088697,-1.8525123e-05,13.098925590515137,-5.8589523663436586e-05,-0.0008546113196425861,1.6177061783419338,0.9999847412109375,0.0,0.0
437,9,-294.3438,423.2101,0.0015536117,-0.5732687,13.293493,-1.8548964e-05,13.305849075317383,0.00015276998303855342,-0.0008763074350554189,1.6201206001861996,0.9999847412109375,0.0,0.0
438,9,-294.37347,423.88043,0.0015484238,-0.62001634,13.496303,-1.709938e-05,13.510536193847656,0.0003105163907619953,-0.0008891820244131081,1.6213468527101267,0.9999847412109375,-0.1575927734375,0.0
439,10,-294.40958,424.56012,0.0015485,-0.9032665,13.66076,-1.4228821e-05,13.690589904785156,0.0008934364502619422,-0.0008873938833901745,1.6258896728975838,0.9999847412109375,-0.260498046875,0.0
440,10,-294.4631,425.246,0.0015618897,-1.4270817,13.73948,-2.2678374e-05,13.813394546508789,0.0024158649966963893,-0.0008469819742941732,1.6430906309042421,0.9999847412109375,0.0,0.0
441,10,-294.5339,425.9378,0.0015686416,-1.580974,13.913315,-3.165722e-05,14.002849578857422,0.003468861466733931,-0.0008257627051566003,1.6683050406309488,0.9999847412109375,0.0,0.0
442,11,-294.60675,426.63977,0.0015626145,-1.5651525,14.120716,-2.7894973e-06,14.207192420959473,0.0029227880874429396,-0.0008391141407895493,1.683465884084552,0.9999847412109375,-0.918121337890625,0.0
443,11,-294.6879,427.35074,0.0015607452,-1.8766568,14.26666,-1.9073486e-08,14.389559745788574,0.002864867974774269,-0.0008450745891931341,1.6955800712511044,0.9999847412109375,-0.97930908203125,0.0
444,12,-294.78986,428.06644,0.0015723801,-2.446737,14.302006,-2.3427008e-05,14.509785652160645,0.004029041277423937,-0.0008130072948584353,1.7171866966490807,0.9999847412109375,-0.990631103515625,0.0
445,12,-294.92038,428.78128,0.0016005324,-3.1751473,14.207491,-6.5231325e-05,14.557965278625488,0.0059366307968827196,-0.0007340907967488908,1.7534263269726065,0.9999847412109375,-0.450775146484375,0.0
446,12,-295.08545,429.48917,0.0016413116,-4.0015593,13.984869,-0.00011260986,14.546100616455078,0.008157873073428284,-0.0006183385415520496,1.8051967138251472,0.9999847412109375,-0.100372314453125,0.0
447,13,-295.2861,430.19016,0.0016557693,-4.660003,13.913519,-0.00013803958,14.673160552978516,0.00982744829209639,-0.0005725622093872477,1.8662996160856529,0.9999847412109375,0.0,0.0
448,13,-295.5097,430.89502,0.0016275024,-4.8469615,14.079609,-3.666401e-05,14.890547752380371,0.009448865378979413,-0.0006389617853548384,1.9165498705879764,0.9999847412109375,0.0,0.0
449,13,-295.7473,431.607,0.0016041946,-5.058885,14.226773,6.466389e-05,15.09945011138916,0.00803238669136916,-0.0006977319509554352,1.9464210837967957,0.9999847412109375,0.0,0.0
450,14,-296.00235,432.32373,0.0015885925,-5.348729,14.336453,8.175373e-05,15.301725387573242,0.007023021070350658,-0.0007462501166936904,1.9637288345631663,0.9999847412109375,0.0,0.0
451,14,-296.27438,433.0448,0.0015763473,-5.635559,14.4410925,6.184578e-05,15.501763343811035,0.006348826756086237,-0.0007879733855559466,1.9737790718849073,0.9999847412109375,0.0,0.0
452,15,-296.5613,433.77084,0.0015669632,-5.8896575,14.555224,4.6658515e-05,15.701675415039062,0.00576980352023797,-0.0008205175261659051,1.9795878256965336,0.9999847412109375,-0.294158935546875,0.0
453,15,-296.86423,434.50043,0.0015648269,-6.315861,14.560532,2.2745133e-05,15.871332168579102,0.0056604407060441364,-0.0008313655513630309,1.9867685069437142,0.9999847412109375,-0.881988525390625,0.0
454,15,-297.19034,435.2274,0.001579895,-6.908531,14.408308,-2.1662712e-05,15.978959083557129,0.006506435438199839,-0.0007929801414090119,2.005394522449674,0.9999847412109375,-1.0,0.0
455,16,-297.54456,435.94452,0.0016127395,-7.6015778,14.095415,-7.2803494e-05,16.014516830444336,0.008008299127517505,-0.0007014274120608267,2.0398415790434674,0.9999847412109375,-0.699066162109375,0.0
456,16,-297.9306,436.64438,0.0016590881,-8.351214,13.616263,-0.00012853145,15.973272323608398,0.009870911913324322,-0.0005675553885156011,2.0907343211587723,0.9999847412109375,0.0,0.0
457,16,-298.3505,437.32413,0.0016866302,-9.049926,13.247752,-0.00015443802,16.043819427490234,0.011492461807100432,-0.0004838704926720399,2.153610622389162,0.9999847412109375,0.0,0.0
458,17,-298.79874,437.996,0.0016609954,-9.395485,13.258774,-6.137848e-05,16.2502384185791,0.011414375011106866,-0.0005422830235661918,2.210795082579779,0.9999847412109375,0.0,0.0
459,17,-299.2657,438.66843,0.0016303634,-9.688233,13.301381,6.921291e-05,16.455656051635742,0.00995193442830078,-0.0006169080677448515,2.2474807923858933,0.9999847412109375,0.123687744140625,0.0
460,18,-299.75027,439.34042,0.0016099929,-9.845962,13.41977,0.00012447358,16.64431381225586,0.008319482738960809,-0.0006744861176572988,2.26599349038747,0.9999847412109375,0.237060546875,0.0
461,18,-300.24155,440.01743,0.0016026306,-9.757653,13.6665535,0.00015481471,16.79245376586914,0.005979768805055499,-0.0006984472203683249,2.2615364239871134,0.9999847412109375,0.299285888671875,0.0
462,18,-300.72842,440.7046,0.0016062927,-9.47015,14.00175,0.00014495372,16.90363121032715,0.003095980423122708,-0.000694394092047198,2.2337616511884044,0.9999847412109375,0.685516357421875,0.0
463,19,-301.2006,441.4068,0.001616516,-8.950878,14.400914,8.9364046e-05,16.95595932006836,-8.468852266451978e-05,-0.0006762742586802323,2.186480821301519,0.9999847412109375,0.999969482421875,0.0
464,19,-301.64474,442.12686,0.0016402435,-8.181597,14.802473,-2.6655196e-06,16.913063049316406,-0.0035563842793945137,-0.0006200075035154588,2.121887580116356,0.9999847412109375,0.999969482421875,0.0
465,20,-302.05,442.8642,0.0016761398,-7.2328477,15.140309,-0.000114626884,16.779245376586914,-0.007020624225369587,-0.0005264282100067102,2.043291970551774,0.9999847412109375,0.999969482421875,0.0
466,20,-302.40848,443.616,0.0017216873,-6.1699944,15.372931,-0.00021453857,16.564897537231445,-0.010200971199142213,-0.00039958950647511326,1.954846127063316,0.9999847412109375,0.34674072265625,0.0
467,21,-302.71512,444.3799,0.001759262,-5.0495195,15.593372,-0.00028001308,16.390573501586914,-0.01299516085515065,-0.0002912282710169269,1.8599736763903332,0.9999847412109375,0.0,0.0
468,21,-302.969,445.15897,0.0017491531,-4.012844,15.877502,-0.00029788018,16.376750946044922,-0.015202919318231738,-0.0003149509180810325,1.7623407260894286,0.9999847412109375,0.0,0.0
469,21,-303.17804,445.95654,0.0016900634,-3.3364983,16.188189,-0.0001932907,16.52845001220703,-0.01597896550017813,-0.0004677772234656377,1.6734103204406308,0.9999847412109375,0.0,0.0
470,22,-303.3537,446.7717,0.0016306305,-2.8062015,16.4628,-1.9168854e-06,16.700254440307617,-0.015219963549208244,-0.0006183385415520496,1.6073194506164612,0.9999847412109375,0.0,0.0
471,22,-303.4915,447.60114,0.0015941238,-2.114347,16.705387,6.896019e-05,16.83865737915039,-0.014643123897394382,-0.0007234811296708137,1.5597802941038383,0.9999847412109375,0.0,0.0
472,23,-303.58893,448.4425,0.0015683365,-1.3901956,16.91603,6.353378e-05,16.973058700561523,-0.014418355181986297,-0.0008063315770419608,1.5253574722759646,0.9999847412109375,0.0,0.0
473,23,-303.64752,449.29388,0.0015489196,-0.7001647,17.10441,5.2962303e-05,17.11873435974121,-0.01423406131366091,-0.0008696317172389444,1.5008093854539957,0.9999847412109375,0.0,0.0
474,23,-303.67105,450.15442,0.0015351486,-0.081105046,17.280558,5.9776306e-05,17.28074836730957,-0.013862820818893068,-0.0009118318323764605,1.4837514391978748,0.9999847412109375,-0.29217529296875,0.0
475,24,-303.66864,451.02393,0.0015234374,0.18566793,17.472155,0.000114598275,17.473140716552734,-0.012678244685431222,-0.0009396075752524023,1.4763526450574165,0.9999847412109375,-0.663604736328125,0.0
476,24,-303.65897,451.90207,0.0015195083,0.040953107,17.6343,0.00022669316,17.634347915649414,-0.01002307307862222,-0.0009400844215276622,1.4880730838568008,0.9999847412109375,-1.0,0.0
477,25,-303.65866,452.786,0.0015306473,-0.43275082,17.720802,0.00027287484,17.726085662841797,-0.006327670229879619,-0.0009073018577800738,1.522477529873153,0.0,-1.0,0.0
478,25,-303.68277,453.67136,0.0015568924,-1.1720034,17.67753,0.00021739959,17.716339111328125,-0.002095375275711507,-0.0008435248713078305,1.5780604981422512,0.0,-1.0,0.0
479,26,-303.7431,454.55017,0.0016065215,-2.0714211,17.422861,8.100509e-05,17.545564651489258,0.0021983159445559397,-0.0007174014371891232,1.6506361652207635,0.0,-1.0,0.0
480,26,-303.84613,455.41156,0.0016899109,-3.0116942,16.924782,-7.121086e-05,17.19065284729004,0.0061440499540565095,-0.00048768516534624626,1.7346407881173511,0.0,-1.0,0.0
481,27,-303.99344,456.24475,0.0018040466,-3.9072511,16.224144,-0.00019855022,16.688003540039062,0.009496768989087214,-0.0001581907121987606,1.8243910479077299,0.0,-1.0,0.0
482,27,-304.18307,457.04117,0.001936264,-4.705503,15.372171,-0.00026528834,16.076236724853516,0.012169460242739193,0.00023651121748281175,1.9149891250311355,0.0,-1.0,0.0
483,27,-304.4111,457.79407,0.0020750808,-5.402968,14.414477,-0.00027163504,15.393804550170898,0.014212430411885123,0.0006572007977813284,2.0026999360587316,0.0,-1.0,0.0
484,28,-304.6738,458.4984,0.0022076033,-6.013256,13.380347,-0.0002505827,14.669456481933594,0.015797339994429328,0.001061558636971877,2.085741693063201,0.0,0.0,0.0
485,28,-304.96802,459.15067,0.0023226165,-6.5974164,12.288981,-0.00022783279,13.947937965393066,0.017120354731494057,0.001411437927039167,2.163989626947473,0.0,0.0,0.0
486,28,-305.29407,459.7487,0.002399826,-7.2158833,11.17286,-0.00021878719,13.300442695617676,0.018450155327851988,0.0016447304484186204,2.240286795333262,0.0,0.0,0.0
487,29,-305.65207,460.29443,0.0024191283,-7.8014994,10.171953,-0.00019384384,12.819205284118652,0.019506837311151982,0.0017092226392851721,2.315436141289227,0.0,0.0,0.0
488,29,-306.0366,460.7991,0.0023750304,-8.1115,9.559934,-3.1085012e-05,12.537494659423828,0.01916685358908434,0.0016041992952445137,2.379983176629478,0.0,0.0,0.0
489,29,-306.4375,461.2739,0.002318306,-8.32164,9.039094,0.0001958704,12.286371231079102,0.017440202459007174,0.0014584063098735372,2.422075502922616,0.0,0.72210693359375,0.0
490,29,-306.85043,461.72086,0.002274475,-8.3623295,8.672061,0.00029783248,12.047123908996582,0.015362739152258215,0.0013315676713605215,2.4440692187850352,0.0,0.999969482421875,0.0
491,30,-307.26352,462.1499,0.0022444152,-8.14874,8.523728,0.00037977696,11.792197227478027,0.012398763614081518,0.0012410878136223803,2.4418486750681274,0.0,0.999969482421875,0.0
492,30,-307.6643,462.57065,0.0022328186,-7.695221,8.539127,0.00038920878,11.494916915893555,0.008744293863382626,0.0011947153911042129,2.416049834640203,0.0,0.989105224609375,0.0
493,30,-308.0407,462.9907,0.0022381973,-7.0198607,8.658511,0.00031715393,11.1466703414917,0.0047155865213922505,0.0011904239046640374,2.3706687707169256,0.0,0.46002197265625,0.0
494,30,-308.38538,463.41492,0.0022444916,-6.310575,8.801612,0.00018239021,10.830130577087402,0.0009003217229659491,0.0011845826353199767,2.311994538212518,0.0,0.0,0.0
495,31,-308.70248,463.84436,0.002221527,-5.923419,8.838996,4.8904418e-05,10.640241622924805,-0.0016666058200600995,0.0010998248028477905,2.251425732908628,0.0,0.0,0.0
496,31,-309.00964,464.27274,0.0021790694,-5.948167,8.627153,-3.647804e-06,10.47895336151123,-0.0018439724786965394,0.0009709596001742114,2.208763889616376,0.0,0.0,0.0
497,31,-309.313,464.69385,0.0021562576,-5.929379,8.425267,-1.5907288e-05,10.302556037902832,-0.0010098704903023033,0.0009070634346424438,2.1881365085512217,0.0,0.187286376953125,0.0
498,31,-309.60593,465.1115,0.0021447754,-5.6236334,8.4092455,-2.0656586e-05,10.116355895996094,-0.0010476873127628471,0.0008746385381105909,2.175514989197009,0.0,0.55413818359375,0.0
499,32,-309.8781,465.53033,0.0021457672,-5.0912538,8.474757,-3.401756e-05,9.886474609375,-0.0023222762104747707,0.000879883717101286,2.1563335714457135,0.0,0.999969482421875,0.0
500,32,-310.12274,465.95053,0.0021635818,-4.41479,8.533476,-5.9475897e-05,9.607839584350586,-0.004159324210262778,0.0009320974089635139,2.125474325472475,0.0,0.97357177734375,0.0
501,32,-310.33405,466.3707,0.0021974181,-3.6261854,8.545303,-9.039879e-05,9.282856941223145,-0.006121008929289471,0.0010311603046005875,2.0820295128197395,0.0,0.0,0.0
502,32,-310.5138,466.78967,0.0022133635,-3.1441305,8.522567,-9.270668e-05,9.084035873413086,-0.007371097265121316,0.0010818242135589304,2.031648497107893,0.0,0.0,0.0
503,33,-310.68323,467.20627,0.0021819687,-3.2283528,8.347129,-4.630089e-06,8.94968318939209,-0.0063942492571316,0.0010050534586694736,1.9941927342725827,0.0,0.0,0.0
504,33,-310.85434,467.61487,0.002155838,-3.3383925,8.136716,6.9999696e-05,8.794942855834961,-0.00425466511721329,0.0009347199984588615,1.9773447782684144,0.0,0.0,0.0
505,33,-311.02393,468.01617,0.0021368407,-3.332389,7.9777427,6.412029e-05,8.645761489868164,-0.00270843456853626,0.0008757114097206347,1.9710372143846162,0.0,-0.1527099609375,0.0
506,33,-311.19373,468.40897,0.0021226883,-3.4784076,7.7357364,4.6200752e-05,8.48180103302002,-0.0013662015091734866,0.0008287429618676833,1.9722094047384144,0.0,-0.103363037109375,0.0
507,33,-311.36856,468.79047,0.002112541,-3.592121,7.5106754,2.1381378e-05,8.325477600097656,-2.7164241086977563e-05,0.0007958411540419893,1.9819025121579759,0.0,0.0,0.0
508,34,-311.54178,469.16464,0.0020998763,-3.4332695,7.4277205,6.6423413e-06,8.182809829711914,0.00021587436854188566,0.0007563828724779264,1.9900093076742316,0.0,0.0,0.0
509,34,-311.7093,469.5337,0.0020885086,-3.326181,7.3230224,8.392334e-07,8.043017387390137,-6.018743250846812e-05,0.00072169298864788,1.9928014989191252,0.0,0.0,0.0
510,34,-311.87323,469.89676,0.0020787811,-3.254369,7.204874,-1.7642974e-06,7.905765533447266,-0.00020186759437336094,0.0006929635532214185,1.993705109476989,0.0,0.0,0.0
511,34,-312.03415,470.2537,0.0020708083,-3.1940787,7.0839844,-2.670288e-06,7.770777225494385,-0.00022477074723875173,0.0006684064251756083,1.9939907335039,0.0,0.0,0.0
512,35,-312.1923,470.60455,0.0020634842,-3.1379929,6.9636326,-2.9611588e-06,7.638009071350098,-0.00019867180106526583,0.0006482600926666605,1.9940792836101453,0.0,0.0,0.0
513,35,-312.34772,470.94952,0.0020574187,-3.0838733,6.844802,-4.3582913e-06,7.507435321807861,-0.0001603222651134795,0.0006306171055749547,1.994105648904937,0.0,0.0,0.0
514,35,-312.50043,471.28857,0.0020519637,-3.0310018,6.7277822,-6.1416627e-06,7.379026412963867,-0.0001241033067976925,0.0006151199267219179,1.9941137715462618,0.4705810546875,0.0,0.0
515,35,-312.65063,471.62195,0.0020462035,-2.982276,6.619644,-4.1818616e-06,7.260417461395264,-9.374324598882119e-05,0.0005981922090431017,1.9941159020751338,0.9999847412109375,0.0,0.0
516,35,-312.79877,471.95074,0.0020343016,-2.948953,6.5455956,-2.222061e-06,7.179216384887695,-7.030746090541455e-05,0.0005619525423091704,1.9941159020751338,0.9999847412109375,0.0,0.0
517,35,-312.94592,472.2772,0.002008934,-2.9404433,6.526603,-2.8944014e-06,7.158404350280762,-5.273058551990759e-05,0.00048673150530501735,1.9941159020751338,0.9999847412109375,0.21343994140625,0.0
518,36,-313.08978,472.6059,0.0019687652,-2.7553833,6.6466246,-5.7983398e-06,7.195120334625244,-0.0004857605503211624,0.00036799905841567435,1.9907047921929057,0.9999847412109375,0.30999755859375,0.0
519,36,-313.22217,472.94186,0.0019261169,-2.3972466,6.8443613,-1.1491776e-05,7.252039432525635,-0.0017358483985136476,0.0002396106532534191,1.9767460996553645,0.9999847412109375,0.332427978515625,0.0
520,36,-313.3373,473.2867,0.0018908309,-1.9467411,7.0554166,-2.6950836e-05,7.319064617156982,-0.003364637201057459,0.00013208388252229202,1.950279072109939,0.9999847412109375,0.33746337890625,0.0
521,36,-313.43457,473.6414,0.0018531036,-1.5682333,7.2748523,-4.3325424e-05,7.441964149475098,-0.004711664080419538,1.8119811016828318e-05,1.9144628843997358,0.9999847412109375,0.0,0.0
522,36,-313.52368,474.0072,0.0017943954,-1.6565827,7.464906,-2.0308495e-05,7.64650821685791,-0.00472284883684922,-0.00015127658749930153,1.8802724233769716,0.9999847412109375,0.0,0.0
523,37,-313.62268,474.38144,0.0017347336,-1.9973547,7.574405,3.3364297e-05,7.833328723907471,-0.0029720877765284297,-0.00032174584746632196,1.8629243257200865,0.9999847412109375,0.154998779296875,0.0
524,37,-313.72668,474.7647,0.0016910553,-1.9501088,7.791511,3.414631e-05,8.03184700012207,-0.0019062907082787186,-0.0004539489415574289,1.8532225630269823,0.9999847412109375,0.349273681640625,0.0
525,37,-313.82095,475.1595,0.0016675186,-1.6040654,8.029979,7.87735e-06,8.18862533569336,-0.002454901112612066,-0.0005289315879332427,1.8360022971024208,0.9999847412109375,0.517242431640625,0.0
526,37,-313.8967,475.56433,0.0016659164,-1.0873312,8.226929,-2.0985603e-05,8.29847240447998,-0.00389300836132918,-0.0005377530814790957,1.806344669413026,0.9999847412109375,0.56951904296875,0.0
527,37,-313.9472,475.9764,0.0016841888,-0.44016787,8.3504925,-5.9142112e-05,8.362085342407227,-0.005685849447467824,-0.00048816201162150605,1.7631436691580875,0.3019561767578125,0.2518310546875,0.0
528,38,-313.97385,476.39587,0.0016855621,-0.11906196,8.54407,-6.8178175e-05,8.544899940490723,-0.006808637642896581,-0.0004816055053738465,1.7126060595741444,0.0,0.0,0.0
529,38,-313.99686,476.82593,0.0016618728,-0.33992556,8.680651,1.0151863e-05,8.68730354309082,-0.0057023594857803644,-0.0005394220109332143,1.675556428805071,0.0,0.0,0.0
530,38,-314.0274,477.25983,0.0016751098,-0.568619,8.689154,6.804943e-05,8.707738876342773,-0.003524426606387888,-0.0004945993063003507,1.6589739899615836,0.0,0.0,0.0
531,38,-314.06107,477.6928,0.0017175674,-0.6469487,8.639038,5.6033132e-05,8.663228034973145,-0.00200269726977675,-0.00037205218673680126,1.6528476541899655,0.0,0.0,0.0
532,38,-314.09512,478.1224,0.0017707443,-0.66503227,8.551476,3.332138e-05,8.577295303344727,-0.0011792476006499241,-0.00021874903507693627,1.6507124647859943,0.0,0.0,0.941162109375
533,38,-314.12866,478.546,0.001829834,-0.65962744,8.395844,1.4657974e-05,8.421716690063477,-0.000751544059620361,-4.553794560012403e-05,1.6499795628540046,0.0,0.0,0.9999847412109375
534,39,-314.16135,478.95886,0.0019070053,-0.6404269,8.129641,5.3977965e-06,8.154827117919922,-0.0005139900253667116,0.00018274782398992553,1.649724698337684,0.0,0.0,0.9999847412109375
535,39,-314.19272,479.3554,0.0020026397,-0.61156964,7.7577224,9.155273e-07,7.781790733337402,-0.0003675161979216442,0.00046718116562156296,1.6496365477056023,0.0,0.0,0.9999847412109375
536,39,-314.22235,479.73077,0.0021108245,-0.57577765,7.30189,-4.5633315e-06,7.32455587387085,-0.0002689792375887124,0.0007894038593631447,1.6496051224047394,0.0,0.0,0.9999847412109375
537,39,-314.25018,480.08295,0.0022109984,-0.53905416,6.8350396,-2.746582e-06,6.856263160705566,-0.00019920441702863637,0.0010870694575682068,1.6495939371281612,0.0,0.0,0.9999847412109375
538,39,-314.2761,480.41177,0.0022917176,-0.50228626,6.367808,-4.210472e-06,6.387587070465088,-0.00014807167533517903,0.0013278721452365488,1.6495903418606894,0.0,0.0,0.9999847412109375
539,40,-314.30023,480.71725,0.0023530577,-0.46570888,5.9031534,-4.2152406e-06,5.92149543762207,-0.00010972231818449124,0.001510620001735765,1.6495884776479264,0.0,0.0,0.9999847412109375
540,40,-314.32254,480.99966,0.0023979568,-0.42945904,5.4428926,-1.6927719e-06,5.459808826446533,-8.149275373839268e-05,0.0016442536021433606,1.6495874123834904,0.0,0.0,0.9999847412109375
541,40,-314.34302,481.25922,0.0024297715,-0.39362565,4.9881253,-2.3984908e-06,5.003632068634033,-6.072010942675861e-05,0.0017389058322807346,1.6495874123834904,0.0,0.0,0.9999847412109375
542,40,-314.36172,481.49625,0.0024000166,-0.35826465,4.539503,-0.0007530546,4.553618907928467,-4.5806415449637543e-05,0.0018002985873766789,1.6495872792254358,0.0,0.0,0.9999847412109375
543,40,-314.3787,481.71097,0.0023924254,-0.32338163,4.0971985,-0.00022389888,4.109940528869629,-3.4088441634707594e-05,0.0018413065868260455,1.6495872792254358,0.0,0.0,0.9999847412109375
544,40,-314.39392,481.9038,0.0023968506,-0.28901368,3.6615477,1.4219284e-05,3.672935962677002,-2.503364313267154e-05,0.0018651483804403848,1.6495874123834904,0.0,0.0,0.9999847412109375
545,40,-314.40744,482.0751,0.0024040602,-0.2551708,3.2326338,0.00010663032,3.242689371109009,-1.8642141853369327e-05,0.0018758772265779862,1.6495874123834904,0.0,0.0,0.9999847412109375
546,40,-314.41928,482.22507,0.0024103164,-0.22185525,2.8104694,0.00012667179,2.8192121982574463,-1.384844173207337e-05,0.001876354072853246,1.6495874123834904,0.0,0.0,0.9999847412109375
547,40,-314.42944,482.35413,0.0024139786,-0.18906613,2.395024,0.000116524694,2.402475118637085,-1.011994204414314e-05,0.0018690823947205687,1.6495874123834904,0.0,0.0,0.9999847412109375
548,40,-314.43802,482.46262,0.0024149322,-0.1568,1.9862448,9.711742e-05,1.9924243688583374,-7.456879497851186e-06,0.0018562078053628794,1.6495874123834904,0.0,0.0,0.9999847412109375
549,40,-314.445,482.55084,0.0024134063,-0.12505382,1.5840814,7.4915886e-05,1.5890097618103027,-5.32624243080485e-06,0.0018391608436059577,1.6495872792254358,0.0,0.0,0.9999847412109375
550,40,-314.45038,482.61905,0.0024105452,-0.09169695,1.1598271,5.404472e-05,1.163446307182312,-4.260982566392152e-06,0.0018210409452204107,1.6496418740277825,0.0,0.0,0.9999847412109375
551,40,-314.45236,482.64432,0.0025495146,-0.000105048566,0.0010974741,3.5943984e-05,0.0011030760360881686,-4.2610437752909546e-06,0.0022268294532739015,1.6497565231127105,0.0,0.0,0.9999847412109375
552,40,-314.45236,482.64432,0.0025523757,1.6461929e-05,-0.00020734273,2.57349e-05,0.00020958122331649065,-4.260927452985346e-06,0.00223064422347598,1.6497565231127105,0.0,0.0,0.9999847412109375
553,40,-314.45236,482.64447,0.0024267577,2.6350519e-05,-0.00033181554,2.4914742e-05,0.0003337913076393306,-3.1957806091534254e-06,0.0018546580224589944,1.6497565231127105,0.0,0.0,0.9999847412109375
554,40,-314.45236,482.64468,0.0022891997,2.4496474e-05,-0.0003091812,1.9865036e-05,0.0003107856318820268,-2.6631194375505922e-06,0.0014429091310205003,1.649756389954656,0.0,0.0,0.9999847412109375
555,40,-314.4524,482.6448,0.002171669,1.9939565e-05,-0.00025150384,1.4224052e-05,0.0002526936586946249,-1.5979174803118657e-06,0.0010908840977331227,1.6497559904804924,0.0,0.0,0.9999847412109375
556,40,-314.4524,482.6449,0.002079277,1.5415388e-05,-0.00019410686,1.1806488e-05,0.0001950756268342957,-1.0652878020843503e-06,0.0008149146799594745,1.649755857322438,0.0,0.0,0.9999847412109375
557,40,-314.4524,482.645,0.0020090484,1.1568437e-05,-0.00014643474,6.7949295e-06,0.0001470480638090521,-1.0652585945185315e-06,0.0006045102596438408,1.649755857322438,0.0,0.0,0.9999847412109375
558,40,-314.45242,482.64508,0.0019564438,8.669239e-06,-0.00010926411,3.080368e-06,0.00010965076216962188,-5.326437740527585e-07,0.0004472732237409544,1.6497557241643834,0.0,0.0,0.9999847412109375
559,40,-314.45242,482.6451,0.0019171905,6.4206856e-06,-8.110929e-05,4.4345857e-06,8.148379129124805e-05,-5.326292337645575e-07,0.0003306865525809898,1.6497557241643834,0.8431243896484375,0.0,0.0
560,40,-314.45242,482.64514,0.0019050598,3.4705863e-06,-4.3828342e-05,1.1062622e-06,4.3979453039355576e-05,-5.326292337645575e-07,0.0002945661299251641,1.6497557241643834,0.9999847412109375,0.0,0.0
561,40,-314.45242,482.6451,0.001885643,0.0008360624,-0.01056351,2.6226044e-06,0.010596543550491333,0.0,0.00023710725907224116,1.6497557241643834,0.9999847412109375,0.0,0.0
562,40,-314.4525,482.64597,0.0018628311,-0.00015706143,0.001993798,2.6559828e-06,0.0019999765790998936,0.0,0.00016891955833636205,1.6497557241643834,0.9999847412109375,0.0,0.0
563,40,-314.4528,482.6496,0.0018305206,-0.008801526,0.10564518,4.5728684e-06,0.10601118206977844,2.6900304632647363e-07,7.247924406731327e-05,1.649788880519955,0.9999847412109375,0.0,0.0
564,40,-314.4536,482.6595,0.0017844772,-0.020777168,0.26658314,3.1089783e-06,0.2673915922641754,5.297479073965425e-07,-6.484984995496451e-05,1.6497272283407196,0.9999847412109375,-0.21563720703125,0.0
565,40,-314.4555,482.67694,0.0017376327,-0.06265361,0.4288595,1.6212463e-06,0.43341198563575745,5.23947848657958e-05,-0.0002042055000104831,1.6500754366532475,0.9999847412109375,-0.588623046875,0.0
566,40,-314.45975,482.70218,0.0016970825,-0.1273646,0.56259316,3.33786e-07,0.5768299698829651,0.0002111917140619594,-0.0003250837063745592,1.6518771982887406,0.9999847412109375,-0.75469970703125,0.0
567,41,-314.46756,482.73544,0.0016633605,-0.22064196,0.7191718,3.6239624e-07,0.752257227897644,0.0004618307215477419,-0.0004251002945621525,1.6557580897872586,0.9999847412109375,-0.839324951171875,0.0
568,41,-314.48004,482.77625,0.0016393661,-0.34952274,0.86615425,-2.0313262e-06,0.9340178966522217,0.0007881889871715399,-0.0004972219283049889,1.6625185242144247,0.9999847412109375,-0.72967529296875,0.0
569,41,-314.49832,482.8233,0.0016264725,-0.5021448,0.9837323,-3.261566e-06,1.1044812202453613,0.001162531323397498,-0.0005357265173185322,1.6728220281558321,0.9999847412109375,-0.16400146484375,0.0
570,41,-314.52048,482.87875,0.001606102,-0.50713533,1.2124795,-9.155273e-07,1.3142651319503784,0.0012254144344140184,-0.0005956887986072784,1.684524890092022,0.9999847412109375,0.0,0.0
571,41,-314.53998,482.94702,0.0015722275,-0.38298264,1.477275,2.3365021e-06,1.5261118412017822,0.0006378727241180507,-0.000696062988992026,1.6922481904113063,0.9999847412109375,0.0,0.0
572,41,-314.55356,483.0277,0.0015463256,-0.24195825,1.7126234,2.6130676e-06,1.729630708694458,-0.00022796660556542812,-0.0007730722320376939,1.694226386469017,0.9999847412109375,0.0,0.0
573,41,-314.56534,483.11923,0.0015304184,-0.2433162,1.9232976,2.2506713e-06,1.9386274814605713,-0.0006093311923915484,-0.0008207558842849538,1.6943164013138616,0.9999847412109375,0.0,0.0
574,41,-314.57806,483.221,0.0015209197,-0.2642827,2.1260786,1.1634827e-06,2.142441511154175,-0.0006263754883866368,-0.0008491277175142611,1.6943205292135513,0.9999847412109375,-0.4150390625,0.0
575,41,-314.59427,483.3323,0.0015169906,-0.41272417,2.2980504,2.8800964e-06,2.3348183631896973,-0.0002790991847124322,-0.0008604525889866466,1.6962884721010654,0.9999847412109375,-0.75732421875,0.0
576,41,-314.61865,483.45132,0.0015210342,-0.6326967,2.4314494,4.7445296e-06,2.5124194622039795,0.00046121541820360213,-0.000848531692179477,1.703567157676361,0.9999847412109375,-0.756011962890625,0.0
577,41,-314.653,483.5762,0.0015332031,-0.88616323,2.5267065,-3.3807753e-06,2.677597999572754,0.0013167947995031753,-0.0008134841411336952,1.7169531374214808,0.9999847412109375,-0.227996826171875,0.0
578,41,-314.69327,483.70898,0.0015345764,-0.8899878,2.7441912,-3.671646e-06,2.8849027156829834,0.001541741535786863,-0.0008085965643401542,1.7317876104834946,0.9999847412109375,0.0,0.0
579,41,-314.73004,483.85373,0.0015250777,-0.6839358,3.0003052,5.8174132e-06,3.0772714614868164,0.0007818831600640855,-0.0008363723072160961,1.740423576108349,0.9999847412109375,0.0,0.0
580,41,-314.75995,484.01007,0.0015192794,-0.5902203,3.219034,2.1409987e-06,3.272696018218994,-0.00020399812324542433,-0.0008535384480325422,1.7418112161943349,0.9999847412109375,0.0,0.0
581,41,-314.78934,484.17664,0.0015160751,-0.59932125,3.4195657,-3.528595e-07,3.4716875553131104,-0.000570981607675826,-0.0008635520247572539,1.741950233203237,0.9999847412109375,0.0,0.0
582,41,-314.82,484.353,0.0015140533,-0.62688667,3.616794,1.1968613e-06,3.670720100402832,-0.0005992112452678286,-0.0008697509613170499,1.741964747431178,0.9999847412109375,0.0,0.0
583,41,-314.85226,484.53928,0.0015124511,-0.6589569,3.813463,1.2207031e-06,3.8699772357940674,-0.0005139900253667116,-0.0008741616918353311,1.741966345327832,0.9999847412109375,0.0,0.0
584,42,-314.88617,484.73538,0.0015112686,-0.69247395,4.0102997,7.629394e-07,4.069646835327148,-0.000407996213981558,-0.0008779763970188281,1.741966345327832,0.9999847412109375,0.0,0.0
585,42,-314.92178,484.94128,0.0015102768,-0.7265386,4.207581,1.2016296e-06,4.269847393035889,-0.00031212238222941475,-0.0008808374096518056,1.741966345327832,0.9999847412109375,0.0,0.0
586,42,-314.9591,485.1571,0.001509285,-0.76084524,4.4054294,1.0538101e-06,4.470648288726807,-0.00023489075938105283,-0.000883698422284783,1.7419662121697774,0.9999847412109375,0.0,0.0
587,42,-314.9981,485.38284,0.0015083313,-0.7952881,4.6039076,1.2302398e-06,4.672092437744141,-0.00017523596721792322,-0.0008865594349177605,1.7419664784858866,0.9999847412109375,0.0,0.0
588,42,-315.03885,485.6185,0.0015073394,-0.82983315,4.803045,1.1682511e-06,4.874203681945801,-0.00012996221243193084,-0.0008893012684912136,1.7419664784858866,0.9999847412109375,0.0,0.0
589,42,-315.0813,485.86414,0.0015290832,-0.864478,5.0029144,0.0013788223,5.077054023742676,-9.53411507701914e-05,-0.0008924007042618211,1.7419664784858866,0.9999847412109375,0.0,0.0
590,42,-315.1255,486.11975,0.0015694427,-0.8992095,5.2033796,0.0004789686,5.280505657196045,-6.977479617810805e-05,-0.0008953808959543228,1.7419664784858866,0.9999847412109375,0.0,0.0
591,42,-315.17142,486.38547,0.0015799713,-0.93404675,5.40453,7.741928e-05,5.484650135040283,-5.113268480219871e-05,-0.0008984803967435114,1.7419664784858866,0.9999847412109375,0.0,0.0
592,43,-315.2191,486.66122,0.0015777206,-0.9689874,5.6063743,-8.224487e-05,5.6894965171813965,-3.781688747912518e-05,-0.0009014605884360132,1.7419664784858866,0.9999847412109375,0.0,0.0
593,43,-315.2685,486.94714,0.0015708541,-1.0040412,5.8089514,-0.00012819767,5.895083904266357,-2.8229473013718607e-05,-0.0009045600242066205,1.741967410592268,0.9999847412109375,-0.155181884765625,0.0
594,43,-315.32324,487.24225,0.0015657806,-1.2414848,5.957907,-0.0001264286,6.085880279541016,0.00040405114654255294,-0.0009007453190231236,1.745227119766525,0.9999847412109375,-0.280181884765625,0.0
595,43,-315.3919,487.543,0.0015708541,-1.6408089,6.024796,-0.000116844174,6.244231224060059,0.0015892744099440862,-0.0008690356919041603,1.7583943208280948,0.9999847412109375,-0.308929443359375,0.0
596,43,-315.4789,487.84616,0.0015859985,-2.0820649,6.0432005,-0.000107684136,6.391812324523926,0.0030523454129144654,-0.0008113383979136074,1.7828358812064604,0.9999847412109375,-0.31561279296875,0.0
597,43,-315.58337,488.152,0.0015946579,-2.4457269,6.09979,-9.7188946e-05,6.571835041046143,0.004108627141827972,-0.0007747411289825219,1.8144565249353528,0.9999847412109375,-0.195343017578125,0.0
598,43,-315.699,488.46503,0.0015843582,-2.5442305,6.30723,-5.6238172e-05,6.801048755645752,0.004088804276760996,-0.0007938145898814258,1.8446482495813632,0.9999847412109375,0.0,0.0
599,44,-315.81577,488.7901,0.0015679931,-2.3651369,6.596841,-1.4495849e-05,7.0080084800720215,0.0028581304893055587,-0.0008324384229730748,1.8643167594960344,0.9999847412109375,0.0,0.0
600,44,-315.92737,489.1281,0.0015586471,-2.2539852,6.8557725,5.9366225e-06,7.216790676116943,0.001252324064768453,-0.0008573531532160392,1.871216077774048,0.9999847412109375,0.0,0.0
601,44,-316.03885,489.47745,0.001551361,-2.2563837,7.079138,2.3031234e-06,7.430037498474121,0.000354435369624069,-0.0008780955760783524,1.8733097218650139,0.9999847412109375,0.0,0.0
602,44,-316.15234,489.83734,0.0015454483,-2.297914,7.288967,-4.429817e-06,7.642607688903809,-1.7576885544660295e-05,-0.0008952617168947985,1.8739455515752703,0.9999847412109375,-0.3214111328125,0.0
603,44,-316.2723,490.2059,0.0015434646,-2.5615942,7.406728,-6.7949295e-06,7.837179183959961,0.00031896097159204767,-0.0009007453190231236,1.8776713139402912,0.9999847412109375,0.0,0.0
604,45,-316.39972,490.58252,0.0015424729,-2.5728068,7.6241403,-3.4856796e-06,8.04654312133789,0.0005757329055229606,-0.0009025334600460571,1.8841779491155728,0.9999847412109375,0.0,0.0
605,45,-316.5279,490.97003,0.0015396881,-2.5935276,7.8396683,-4.7302246e-06,8.257529258728027,0.0002879698973243298,-0.0009102821144911568,1.8864734608171665,0.9999847412109375,0.0,0.0
606,45,-316.6586,491.36774,0.0015372466,-2.6452043,8.044209,-2.3937225e-06,8.467963218688965,9.683802480354288e-05,-0.0009171962554452612,1.8872525685940693,0.9999847412109375,0.0,0.0
607,45,-316.7924,491.77548,0.0015353393,-2.7061036,8.2449255,-3.8194657e-06,8.677660942077637,1.4072958004712233e-05,-0.0009223221903578507,1.8875236783930394,0.9999847412109375,0.144805908203125,0.0
608,45,-316.92545,492.19412,0.0015368653,-2.5434697,8.495294,-5.4073334e-06,8.867877960205078,-0.0004809668928683104,-0.0009174346135643098,1.8840011152191916,0.9999847412109375,0.325042724609375,0.0
609,46,-317.04706,492.62463,0.0015500641,-2.1548116,8.75158,-1.04904175e-05,9.012955665588379,-0.0018492988008766977,-0.0008792876917665019,1.8688254912215385,0.9999847412109375,0.494720458984375,0.0
610,46,-317.1491,493.06573,0.0015775298,-1.6046191,8.967246,-3.276825e-05,9.109682083129883,-0.0037151094605862123,-0.0008012055771107901,1.8392939642097588,0.9999847412109375,0.0,0.0
611,46,-317.23303,493.5175,0.0015883255,-1.4323621,9.200435,-4.4169425e-05,9.311264991760254,-0.004862931110187388,-0.0007686614365008315,1.8021549843861133,0.9999847412109375,0.0,0.0
612,46,-317.31982,493.98047,0.0015738677,-1.6949964,9.368574,9.10759e-06,9.520671844482422,-0.003800331135617398,-0.000803589808487089,1.7787202320578521,0.9999847412109375,0.0,0.0
613,47,-317.41278,494.4532,0.0015639877,-1.8375666,9.558221,3.338337e-05,9.733254432678223,-0.002372876271186276,-0.000831127128225401,1.7688271212404256,0.9999847412109375,0.0,0.0
614,47,-317.5083,494.93637,0.001556282,-1.9028513,9.761737,2.58255e-05,9.94546890258789,-0.0014892391614236597,-0.0008556842562712113,1.764838504875814,0.9999847412109375,0.0,0.0
615,47,-317.6054,495.43,0.0015501785,-1.9441613,9.967805,1.3532638e-05,10.155633926391602,-0.0010109358197569161,-0.0008757114097206347,1.763221966094136,0.9999847412109375,0.0,0.0
616,47,-317.70395,495.93396,0.0015457153,-1.9800459,10.173243,5.9366225e-06,10.364142417907715,-0.0007371628596967706,-0.0008903741401012575,1.7625561758216162,0.9999847412109375,0.0,0.0
617,48,-317.8041,496.44824,0.0015425873,-2.0157394,10.377467,4.262924e-06,10.571425437927246,-0.0005608616605521062,-0.0009001492936883394,1.7622777423296483,0.9999847412109375,0.0,0.0
618,48,-317.90598,496.9727,0.0015404129,-2.052326,10.580566,2.5367735e-06,10.777774810791016,-0.0004330298307004309,-0.0009064674093076597,1.7621582995547582,0.9999847412109375,0.0,0.0
619,48,-318.00967,497.50726,0.0015392303,-2.089756,10.782747,8.5830686e-07,10.983384132385254,-0.00033502556760409624,-0.0009101628704130512,1.7621074331779378,0.9999847412109375,0.0,0.0
620,48,-318.11526,498.05194,0.0015385436,-2.1277635,10.984197,5.245209e-07,11.188384056091309,-0.0002577939447557343,-0.0009123086136331389,1.7620849294667267,0.9999847412109375,0.0,0.0
621,49,-318.22284,498.60672,0.001538124,-2.1661088,11.185042,-4.5776366e-07,11.392857551574707,-0.00019707387190192764,-0.0009130238830460287,1.7620753420868023,0.9999847412109375,0.0,0.0
622,49,-318.33215,499.17148,0.0015382385,-2.204624,11.385373,-9.584427e-07,11.596857070922852,-0.00015020223671653306,-0.0009131431271241342,1.7620706815548948,0.9999847412109375,0.0,0.0
623,49,-318.4434,499.74625,0.0015382003,-2.2432039,11.58525,-3.5572052e-06,11.800422668457031,-0.00011345064618273023,-0.0009126662808488744,1.7620688173421315,0.9999847412109375,0.0,0.0
624,50,-318.55658,500.33096,0.0015383529,-2.2817857,11.784707,-3.7288664e-06,12.00357723236084,-8.522117113718095e-05,-0.0009118318323764605,1.7620688173421315,0.9999847412109375,0.0,0.0
625,50,-318.67172,500.9257,0.0015386582,-2.3203335,11.983768,-2.3841856e-08,12.20633602142334,-6.391582146162707e-05,-0.0009108781398259409,1.7620688173421315,0.9999847412109375,0.0,0.0
626,50,-318.78882,501.5303,0.0015390395,-2.3588254,12.1824465,1.001358e-07,12.408708572387695,-4.79368752394583e-05,-0.0009096860241377914,1.7620688173421315,0.9999847412109375,0.0,0.0
627,51,-318.90787,502.1449,0.0015394973,-2.3972514,12.380752,2.2411346e-07,12.610702514648438,-3.568637079804579e-05,-0.0009084939734682231,1.7620688173421315,0.9999847412109375,0.0,0.0
628,51,-319.02887,502.76938,0.0015399551,-2.435606,12.578694,-1.0967254e-07,12.81232738494873,-2.6631614964453712e-05,-0.0009070634346424438,1.7620686841840771,0.9999847412109375,0.0,0.0
629,51,-319.15164,503.40375,0.001540451,-2.473888,12.776274,-6.818771e-07,13.013581275939941,-1.970734736631172e-05,-0.00090575213989477,1.7620686841840771,0.9999847412109375,0.0,0.0
630,52,-319.27634,504.048,0.0015409088,-2.512097,12.973495,-4.5776366e-07,13.214468955993652,-1.4381081061496547e-05,-0.0009042024220094663,1.7620686841840771,0.9999847412109375,0.0,0.0
631,52,-319.403,504.7021,0.0015414046,-2.5502334,13.170359,-4.3869017e-07,13.414993286132812,-1.065264639214762e-05,-0.0009028911272617925,1.7620686841840771,0.9999847412109375,0.0,0.0
632,52,-319.53162,505.36597,0.0015418625,-2.5882971,13.366866,-7.390976e-07,13.615153312683105,-7.989470571296054e-06,-0.0009013414093764889,1.7620686841840771,0.9999847412109375,0.0,0.0
633,53,-319.66205,506.0397,0.0015423965,-2.6262896,13.563017,-1.835823e-06,13.814949035644531,-5.8589523663436586e-06,-0.0008999108705507095,1.7620686841840771,0.9999847412109375,0.0,0.0
634,53,-319.79437,506.7233,0.0015428542,-2.664211,13.758812,-1.8453597e-06,14.014382362365723,-5.8589523663436586e-06,-0.0008999108705507095,1.7620686841840771,0.9999847412109375,0.0,0.0
635,53,-319.92865,507.41666,0.0015433502,-2.7020621,13.954254,-1.926422e-06,14.213457107543945,-3.1957473379262757e-06,-0.0008969306138396265,1.7620686841840771,0.9999847412109375,0.0,0.0
636,54,-320.06482,508.11978,0.0015438461,-2.7398431,14.149342,-2.3698806e-06,14.412169456481934,-3.1957473379262757e-06,-0.0008969306138396265,1.7620686841840771,0.9999847412109375,0.0,0.0
637,54,-320.20282,508.83267,0.001544342,-2.777554,14.344075,-2.8133393e-06,14.610520362854004,-1.5978299846038264e-06,-0.000894069601206649,1.7620686841840771,0.9999847412109375,0.0,0.0
638,54,-320.34274,509.55524,0.0015447998,-2.8151968,14.538455,-3.004074e-06,14.808511734008789,-1.5978299846038264e-06,-0.000894069601206649,1.7620686841840771,0.9999847412109375,0.0,0.0
639,55,-320.48456,510.28745,0.0015452957,-2.8527694,14.732483,-2.670288e-06,15.006143569946289,-5.326002801775719e-07,-0.0008912085885736716,1.7620686841840771,0.9999847412109375,0.0,0.0
640,55,-320.6282,511.02945,0.0015457534,-2.8902733,14.926158,-2.6369094e-06,15.20341682434082,-5.326002801775719e-07,-0.0008912085885736716,1.7620686841840771,0.9999847412109375,0.0,0.0
641,55,-320.77377,511.78104,0.0015462112,-2.9277086,15.119478,-2.7656554e-06,15.400327682495117,2.910384242268536e-11,-0.0008882283968811698,1.7620686841840771,0.9999847412109375,0.0,0.0
642,56,-320.92114,512.54236,0.0015467071,-2.965075,15.3124485,-2.6130676e-06,15.596882820129395,2.910384242268536e-11,-0.0008882283968811698,1.7620686841840771,0.9999847412109375,0.0,0.0
643,56,-321.07047,513.3133,0.0015471649,-3.002375,15.505067,-3.4713744e-06,15.793079376220703,2.910384242268536e-11,-0.000885367319229611,1.7620686841840771,0.9999847412109375,0.0,0.0
644,57,-321.2216,514.09375,0.0015476608,-3.0396063,15.697333,-3.1852721e-06,15.988917350769043,2.910384242268536e-11,-0.000885367319229611,1.7620686841840771,0.9999847412109375,0.0,0.0
645,57,-321.3746,514.8839,0.0015480804,-3.0767696,15.889248,-3.1805039e-06,16.184396743774414,1.3457616119284526e-07,-0.0008825063065966335,1.7620686841840771,0.9999847412109375,0.0,0.0
646,57,-321.52945,515.68365,0.0015485763,-3.1138654,16.08081,-2.7942656e-06,16.379518508911133,1.3457616119284526e-07,-0.0008825063065966335,1.7620686841840771,0.9999847412109375,0.0,0.0
647,58,-321.6862,516.493,0.0015490722,-3.1508915,16.272026,-2.8467177e-06,16.57428550720215,1.9997247251329368e-07,-0.0008796452939636561,1.7620686841840771,0.9999847412109375,0.0,0.0
648,58,-321.84473,517.31177,0.00154953,-3.187849,16.46289,-2.8991699e-06,16.768695831298828,1.9997247251329368e-07,-0.0008796452939636561,1.7620686841840771,0.9999847412109375,0.0,0.0
649,59,-322.00516,518.1402,0.0015499877,-3.2247412,16.653406,-2.837181e-06,16.962749481201172,2.41299924126268e-07,-0.0008767842813306786,1.7620686841840771,0.9999847412109375,0.0,0.0
650,59,-322.1674,518.9781,0.0015504456,-3.2615635,16.843569,-3.13282e-06,17.156444549560547,2.41299924126268e-07,-0.0008767842813306786,1.7620686841840771,0.9999847412109375,0.0,0.0
651,60,-322.33148,519.8255,0.0015509414,-3.298319,17.03338,-3.156662e-06,17.349782943725586,2.584711949341766e-07,-0.0008740424477572255,1.7620686841840771,0.9999847412109375,0.0,0.0
652,60,-322.4974,520.68243,0.0015513992,-3.3350067,17.222845,-3.6573408e-06,17.542766571044922,2.584711949341766e-07,-0.0008740424477572255,1.7620686841840771,0.9999847412109375,0.0,0.0
653,60,-322.66516,521.54877,0.001551857,-3.3716269,17.41196,-3.8433072e-06,17.735395431518555,2.6728964162295697e-07,-0.0008713006792023536,1.7620686841840771,0.9999847412109375,0.1728515625,0.0
654,61,-322.8303,522.4249,0.0015554428,-3.1514056,17.625576,-3.7050247e-06,17.90509033203125,-0.000518783650310273,-0.0008606910121242765,1.7579857919168767,0.9999847412109375,0.203643798828125,0.0
655,61,-322.98083,523.3109,0.0015694809,-2.6908748,17.826721,-1.224041e-05,18.02866554260254,-0.002035719947145082,-0.0008202791030282753,1.740626242667304,0.9999847412109375,0.1370849609375,0.0
656,62,-323.11438,524.2067,0.0015772629,-2.3433821,18.041992,-2.3641585e-05,18.193540573120117,-0.0034663704748471363,-0.0007996558592254864,1.713012857430654,0.9999847412109375,0.0,0.0
657,62,-323.238,525.1133,0.0015720367,-2.307124,18.242182,-1.721382e-05,18.387495040893555,-0.003772634000206249,-0.0008122920254455457,1.6874971110266048,0.9999847412109375,0.0,0.0
658,63,-323.35706,526.03033,0.0015664292,-2.2311623,18.446236,1.9025803e-06,18.58068084716797,-0.003401921716392894,-0.0008263587304913844,1.671587519832526,0.9999847412109375,0.0,0.0
659,63,-323.4687,526.958,0.0015629196,-2.108541,18.652817,4.630089e-06,18.771615982055664,-0.0031744874992258015,-0.0008368491534913559,1.661705860607787,0.9999847412109375,0.0,0.0
660,64,-323.5727,527.89606,0.0015600967,-1.9821036,18.85787,4.7063827e-06,18.96175193786621,-0.0030658307868248937,-0.0008457898586060238,1.6555343842556918,0.9999847412109375,0.0,0.0
661,64,-323.66998,528.8444,0.0015583419,-1.870186,19.06031,4.0721893e-06,19.15184211730957,-0.0029619680244604538,-0.0008513927048124545,1.6516702706720414,0.9999847412109375,0.136444091796875,0.0
662,65,-323.75745,529.80273,0.0015612793,-1.5287075,19.25245,-6.1702726e-06,19.313047409057617,-0.0033108410869635333,-0.0008441209616611958,1.6452796161622327,0.9999847412109375,0.11895751953125,0.0
663,65,-323.82767,530.77,0.0015698242,-1.1286427,19.43552,-2.0823478e-05,19.468263626098633,-0.004246143261799362,-0.0008211135515006892,1.6294821440500462,0.9999847412109375,0.0,0.0
664,66,-323.88666,531.7469,0.0015696335,-1.0482429,19.63126,-1.3608932e-05,19.659225463867188,-0.004399542640959552,-0.0008195638336153855,1.6125653453316993,0.9999847412109375,-0.13275146484375,0.0
665,66,-323.94495,532.73303,0.0015684509,-1.2139704,19.793766,1.6942024e-05,19.830957412719727,-0.0034099111996631314,-0.0008183717179272361,1.605915565247826,0.9999847412109375,-0.1737060546875,0.0
666,67,-324.01233,533.72614,0.0015756988,-1.56274,19.912878,3.621578e-05,19.974105834960938,-0.0015313174967583993,-0.0007950067055695753,1.6163630130461524,0.9999847412109375,-0.1807861328125,0.0
667,67,-324.09363,534.7253,0.001581726,-1.9624552,20.024218,2.3498535e-05,20.12015151977539,0.0004573612467412555,-0.0007797479498541684,1.6415117758519886,0.9999847412109375,-0.182037353515625,0.0
668,68,-324.19336,535.73016,0.0015831374,-2.4335015,20.117804,-5.917549e-06,20.264450073242188,0.0023273702862825225,-0.000779986307973217,1.676710243347348,0.9999847412109375,0.0,0.0
669,68,-324.30957,536.74176,0.0015744781,-2.5872366,20.288548,-1.8453598e-05,20.45284652709961,0.0032538803884805366,-0.0008063315770419608,1.7116979216424273,0.9999847412109375,0.0,0.0
670,69,-324.43542,537.762,0.0015661239,-2.7592134,20.456533,-9.6035e-06,20.64177894592285,0.0032468271727810302,-0.0008291005640648375,1.7350366670133912,0.9999847412109375,0.0,0.0
671,69,-324.57495,538.78986,0.0015614318,-3.006307,20.607819,-5.249977e-06,20.825946807861328,0.003363821347899297,-0.0008424519996977865,1.750439458652028,0.9999847412109375,0.0,0.0
672,70,-324.72922,539.8248,0.0015583038,-3.2688076,20.752699,-7.061958e-06,21.008560180664062,0.0035916763653245677,-0.0008512734607343488,1.7606829083108544,0.9999847412109375,0.0,0.0
673,70,-324.8974,540.8669,0.0015566254,-3.5181088,20.897593,-5.0115586e-06,21.191659927368164,0.0037777683875344073,-0.0008562802816059953,1.7675040628108742,0.9999847412109375,0.0,0.0
674,71,-325.07812,541.9161,0.0015559387,-3.741818,21.045797,-2.8085708e-06,21.375844955444336,0.0038382861225632063,-0.0008585452689041887,1.7720372956184072,0.9999847412109375,0.0,0.0
675,71,-325.2697,542.9728,0.0015555953,-3.9361367,21.198627,1.1491775e-06,21.560958862304688,0.0037566383889089602,-0.0008585452689041887,1.7750444039632702,0.9999847412109375,0.0,0.0
676,72,-325.47043,544.0371,0.0015559006,-4.1018367,21.356247,4.7683716e-06,21.746593475341797,0.0035537645507167435,-0.0008569955510188851,1.7770391116197395,0.9999847412109375,0.0,0.0
677,72,-325.67892,545.1095,0.0015566634,-4.2419133,21.518227,8.587837e-06,21.932348251342773,0.0032650745075859266,-0.0008552074099959514,1.7783633684717814,0.9999847412109375,0.142242431640625,0.0
678,73,-325.88934,546.1906,0.0015591811,-4.094188,21.717812,1.6112328e-05,22.10035514831543,0.0023854805132829168,-0.0008462667048812836,1.774971433349402,0.9999847412109375,0.481414794921875,0.0
679,73,-326.08774,547.2809,0.0015720748,-3.6362612,21.908321,2.506733e-05,22.208038330078125,0.0003877355137881021,-0.0008078812949272646,1.756955414891125,0.9999847412109375,0.604248046875,0.0
680,74,-326.26218,548.3783,0.001598587,-2.9328976,22.039425,-1.7213821e-06,22.23371696472168,-0.002360625990246237,-0.000734448398946045,1.720318041458796,0.9999847412109375,0.603424072265625,0.0
681,75,-326.40192,549.4795,0.0016360092,-2.03731,22.073847,-7.146835e-05,22.16766357421875,-0.005465338148763312,-0.0006328820928731481,1.6653863492342764,0.9999847412109375,0.0,0.0
682,75,-326.5006,550.58325,0.0016557693,-1.1612147,22.153496,-0.00014519691,22.183908462524414,-0.008334628947511984,-0.000581979695758594,1.597189052145909,0.9999847412109375,0.0,0.0
683,76,-326.56415,551.69556,0.001627655,-0.6584023,22.332655,-0.00013785363,22.342357635498047,-0.009741842227212553,-0.0006585120925290021,1.5311065712791732,0.9999847412109375,0.0,0.0
684,76,-326.601,552.8178,0.0015951156,-0.17206237,22.50176,-6.040573e-05,22.502418518066406,-0.00981161912836723,-0.0007427930137073475,1.4816973430490965,0.9999847412109375,0.0,0.0
685,77,-326.60532,553.94794,0.0015748214,0.44018453,22.636292,-2.9702185e-05,22.64057159423828,-0.010047572080056348,-0.0007996558592254864,1.444856370951431,0.9999847412109375,0.0,0.0
686,77,-326.57452,555.08405,0.0015610885,1.0898387,22.74641,-2.7642249e-05,22.772502899169922,-0.010481669418333867,-0.0008422135765601567,1.4170721439308522,0.9999847412109375,0.0,0.0
687,78,-326.50912,556.22504,0.0015513229,1.7301795,22.842638,-2.8457642e-05,22.908069610595703,-0.010885935191213293,-0.0008718967045371378,1.3961498177749718,0.9999847412109375,0.0,0.0
688,79,-326.41086,557.3706,0.001544838,2.3337762,22.933804,-2.3183822e-05,23.052242279052734,-0.011102184912025028,-0.0008901357169636277,1.3805307774558206,0.9999847412109375,0.0,0.0
689,79,-326.28262,558.5205,0.0015410613,2.884464,23.026594,-6.67572e-08,23.206554412841797,-0.011061703823158521,-0.00089871875486256,1.3690131383734458,0.9999847412109375,0.0,0.0
690,80,-326.12753,559.6751,0.0015397263,3.3738947,23.12555,2.7742386e-05,23.370370864868164,-0.010756505562235442,-0.0009007453190231236,1.36063523305822,0.9999847412109375,0.0,0.0
691,80,-325.94907,560.8348,0.0015398407,3.7996109,23.233278,4.7211644e-05,23.54192543029785,-0.01021907861396015,-0.0008984803967435114,1.3546228805812572,0.9999847412109375,0.0,0.0
692,81,-325.75052,561.99994,0.0015412521,4.163513,23.35082,6.2713625e-05,23.719099044799805,-0.009500028240530659,-0.000894069601206649,1.3503586270438224,0.9999847412109375,0.0,0.0
693,82,-325.535,563.17126,0.001543579,4.470458,23.478064,7.469177e-05,23.899885177612305,-0.008658468295768319,-0.0008879899737435398,1.3473608397627745,0.9999847412109375,0.0,0.0
694,82,-325.30527,564.3491,0.0015462112,4.727005,23.61418,7.167339e-05,24.082651138305664,-0.007751928780853996,-0.0008817910371837439,1.3452678614620814,0.9999847412109375,0.0,0.0
695,83,-325.06372,565.53394,0.0015491104,4.9403977,23.757975,6.8058966e-05,24.26620864868164,-0.0068304750436865794,-0.0008751153193672694,1.343809248133045,0.9999847412109375,0.0,0.0
696,84,-324.81238,566.7261,0.0015519714,5.117793,23.908161,5.8050155e-05,24.449785232543945,-0.005933521348250591,-0.0008685588456289005,1.3427935184932887,0.9999847412109375,0.0,0.0
697,84,-324.55292,567.9258,0.0015549851,5.265781,24.06348,4.5137404e-05,24.632896423339844,-0.00508983295521079,-0.0008618831278124259,1.3420840523788917,0.9999847412109375,0.0,0.0
698,84,-324.28656,569.13336,0.0015575027,5.3901353,24.222841,3.6091802e-05,24.815309524536133,-0.004318581243449517,-0.0008553265890554757,1.3415873728355918,0.9999847412109375,-1.0,0.0
699,84,-324.0191,570.34973,0.0015615463,5.230013,24.424574,3.757e-05,24.978246688842773,-0.0030855386990401306,-0.0008429288459730463,1.3455351096774708,0.9999847412109375,-0.987274169921875,0.0
700,84,-323.7642,571.57544,0.001574211,4.7608066,24.623226,3.8752554e-05,25.079246520996094,-0.0008346346206122519,-0.000804424256959503,1.3639909491897744,0.9999847412109375,0.0,0.0
701,84,-323.5248,572.81055,0.001579895,4.5904875,24.822365,1.2192726e-05,25.243263244628906,0.001076651205193479,-0.0007908343981889241,1.3930609503846434,0.9999847412109375,0.0,0.0
702,84,-323.28943,574.0558,0.0015744781,4.5283914,25.018105,-5.9223175e-06,25.424633026123047,0.0015576315569081189,-0.0008080005390053702,1.4148770334023544,0.9999847412109375,0.0,0.0
703,84,-323.0621,575.31165,0.0015703964,4.372651,25.224806,-9.679794e-06,25.600994110107422,0.0019440805480280229,-0.0008196830126749098,1.430282355044027,0.9999847412109375,0.0,0.0
704,84,-322.84952,576.5749,0.0015265273,3.554803,25.105892,-0.006034255,25.356311798095703,0.0009060672199397536,-0.0010875463038434667,1.444285921845936,0.0,0.0,0.0
705,84,-286.32996,398.64334,0.0015111541,-3.4515245,9.473571,-3.8247108e-05,10.082736015319824,8.208884917133473e-06,-0.001006722420632883,1.9201784275732094,0.0,0.0,0.0
706,84,-286.50378,399.12045,0.0015330886,-3.4920206,9.584749,-2.708435e-05,10.20106029510498,6.150514987287602e-06,-0.0009371041648165791,1.9201784275732094,0.0,0.0,0.0
707,84,-286.67856,399.60034,0.0015809631,-3.4958258,9.595212,-1.9488334e-05,10.212193489074707,4.64453581276568e-06,-0.0007916688466613381,1.9201785607312638,0.0,0.0,0.0
708,84,-286.8528,400.07867,0.0016496277,-3.4743512,9.5362835,-1.0008812e-05,10.149474143981934,3.509165853382937e-06,-0.0005856752218825667,1.920178028099046,0.0,0.0,0.0
709,84,-287.02554,400.55276,0.001724472,-3.4382117,9.4370985,-9.417534e-06,10.043910026550293,2.6608031505917527e-06,-0.0003616809753056447,1.9201785607312638,0.0,0.0,0.0
710,84,-287.19623,401.0212,0.0017953109,-3.393643,9.314775,-5.9747695e-06,9.913721084594727,2.0424557431465935e-06,-0.00014984606492816747,1.9201785607312638,0.0,0.0,0.0
711,84,-287.36453,401.48325,0.0018571853,-3.3443596,9.179508,-3.33786e-06,9.769755363464355,1.5757830980085371e-06,3.468990008469163e-05,1.9201785607312638,0.0,0.0,0.0
712,84,-287.53033,401.93823,0.0019083404,-3.2925928,9.037425,-3.876686e-06,9.618535041809082,1.228545396069234e-06,0.0001873969939004819,1.9201785607312638,0.0,0.0,0.0
713,84,-287.6935,402.38608,0.0019491195,-3.2396865,8.892211,-3.3140182e-06,9.463983535766602,9.717042214128971e-07,0.0003089904696774477,1.9201785607312638,0.0,0.0,0.0
714,84,-287.854,402.8266,0.0019807434,-3.1864474,8.746084,-3.7717818e-06,9.308460235595703,7.86152682922723e-07,0.00040268894224572063,1.9201785607312638,0.9999847412109375,0.0,0.0
715,84,-288.0119,403.25998,0.0020035552,-3.1360402,8.607731,-3.5429e-06,9.161211013793945,6.394839069128209e-07,0.0004712342939426899,1.9201781612571005,0.9999847412109375,0.0,0.0
716,84,-288.1676,403.68738,0.0020130158,-3.0987294,8.5053215,-2.9039381e-06,9.052216529846191,5.389447349257688e-07,0.0004996060946627066,1.920178028099046,0.9999847412109375,0.0,0.0
717,84,-288.322,404.11118,0.0020029831,-3.0833066,8.462989,-3.285408e-06,9.007161140441895,4.611938772428426e-07,0.00046932694135094137,1.9201781612571005,0.9999847412109375,0.0,0.0
718,84,-288.47635,404.5349,0.0019704436,-3.0951376,8.495463,-3.1471252e-06,9.04172420501709,4.123285084707589e-07,0.00037288663520921526,1.9201785607312638,0.9999847412109375,0.0,0.0
719,84,-288.63202,404.96207,0.0019197464,-3.1286566,8.587467,-3.1614302e-06,9.139643669128418,3.585664595418157e-07,0.00022208689398517351,1.9201785607312638,0.9999847412109375,0.0,0.0
720,2,-288.7897,405.39496,0.0018616103,-3.1757488,8.716724,-2.9802322e-06,9.277212142944336,3.2944261149600927e-07,4.899501607717623e-05,1.9201785607312638,0.9999847412109375,0.0,0.0
721,2,-288.94998,405.83487,0.0018043136,-3.231368,8.869387,-2.9087066e-06,9.439690589904785,3.2254683219563034e-07,-0.00012135505263933589,1.9201785607312638,0.9999847412109375,0.0,0.0
722,2,-289.11325,406.283,0.0017525101,-3.2923684,9.036819,-3.0755996e-06,9.617889404296875,3.1110540323323686e-07,-0.00027561184808578453,1.9201785607312638,0.9999847412109375,0.0,0.0
723,2,-289.27963,406.7397,0.0017079543,-3.3567684,9.213584,-2.5224685e-06,9.80601978302002,3.0455703522932974e-07,-0.0004081725768833363,1.9201785607312638,0.9999847412109375,0.0,0.0
724,2,-289.4493,407.2054,0.0016709518,-3.4233105,9.396228,-3.3330916e-06,10.000408172607422,3.0043886369095523e-07,-0.0005180835302268264,1.920178028099046,0.9999847412109375,0.0,0.0
725,2,-289.62238,407.6804,0.0016409683,-3.4911923,9.582548,-2.5463103e-06,10.198708534240723,2.942397800774148e-07,-0.0006071328491391884,1.9201784275732094,0.9999847412109375,0.0,0.0
726,2,-289.79883,408.1647,0.0016172028,-3.5598977,9.7711315,-3.581047e-06,10.399417877197266,2.850138402244323e-07,-0.0006779432206436416,1.9201785607312638,0.9999847412109375,0.0,0.0
727,2,-289.9787,408.6585,0.0015985107,-3.6290963,9.961066,-3.3283234e-06,10.60156536102295,2.9293013822398753e-07,-0.0007334947063955254,1.9201785607312638,0.9999847412109375,0.0,0.0
728,2,-290.16208,409.16183,0.0015839767,-3.698572,10.151764,-7.1811673e-06,10.804524421691895,2.8937945064105786e-07,-0.0007764100909459312,1.9201785607312638,0.9999847412109375,0.0,0.0
729,2,-290.34894,409.67468,0.0015726852,-3.7681873,10.342841,-4.4393537e-06,11.007887840270996,2.941524748535002e-07,-0.0008096694359501981,1.920178827047373,0.9999847412109375,0.0,0.0
730,2,-290.53925,410.19705,0.0015642548,-3.8378496,10.534049,-2.3984908e-06,11.211390495300293,2.9607338026374627e-07,-0.0008347034102712681,1.920178827047373,0.9999847412109375,0.0,0.0
731,3,-290.73306,410.72906,0.0015578842,-3.9075005,10.725225,-2.5272368e-06,11.414859771728516,2.8841906143064316e-07,-0.0008535384480325422,1.9201784275732094,0.9999847412109375,0.0,0.0
732,3,-290.93036,411.27057,0.001553154,-3.9771008,10.916265,-2.9134749e-06,11.618182182312012,2.841990126327988e-07,-0.0008679628202941164,1.9201784275732094,0.9999847412109375,0.0,0.0
733,3,-291.13113,411.82162,0.0015496826,-4.046626,11.107097,-3.0517576e-06,11.821285247802734,2.969173836738443e-07,-0.0008780955760783524,1.9201784275732094,0.9999847412109375,0.0,0.0
734,3,-291.33536,412.3822,0.0015471649,-4.1160607,11.297673,-2.4604797e-06,12.024116516113281,2.919697172662186e-07,-0.0008857249864453466,1.9201784275732094,0.9999847412109375,0.0,0.0
735,4,-291.54306,412.95233,0.0015453339,-4.18539,11.487972,-1.9121169e-06,12.226651191711426,3.028836639393972e-07,-0.0008908509863765174,1.9201784275732094,0.9999847412109375,0.0,0.0
736,4,-291.75424,413.53195,0.0015441132,-4.2546105,11.677965,-1.9454956e-06,12.428861618041992,2.975285519886006e-07,-0.0008945464474819088,1.9201784275732094,0.9999847412109375,0.0,0.0
737,4,-291.96887,414.12103,0.0015433502,-4.3237157,11.867643,-2.298355e-06,12.630735397338867,2.929883628715e-07,-0.0008969306138396265,1.9201784275732094,0.9999847412109375,0.0,0.0
738,5,-292.18695,414.7196,0.0015428162,-4.392703,12.056998,-2.646446e-06,12.832265853881836,2.929883628715e-07,-0.0008969306138396265,1.9201784275732094,0.9999847412109375,0.0,0.0
739,5,-292.40848,415.32764,0.0015426254,-4.4615707,12.246028,-2.7894973e-06,13.033449172973633,2.994203133277363e-07,-0.0008990764220782956,1.9201784275732094,0.9999847412109375,0.0,0.0
740,5,-292.63342,415.94516,0.0015425491,-4.530318,12.434719,-2.861023e-06,13.234273910522461,2.994203133277363e-07,-0.0008990764220782956,1.9201784275732094,0.9999847412109375,0.0,0.0
741,6,-292.86185,416.57205,0.0015426254,-4.5989423,12.623078,-3.6859512e-06,13.434744834899902,2.994203133277363e-07,-0.0008990764220782956,1.9201784275732094,0.9999847412109375,0.0,0.0
742,6,-293.0937,417.20837,0.0015428162,-4.667444,12.811102,-3.2520293e-06,13.634858131408691,2.994203133277363e-07,-0.0008990764220782956,1.9201784275732094,0.9999847412109375,0.0,0.0
743,6,-293.32895,417.8541,0.0015430831,-4.735823,12.998786,-3.5381315e-06,13.834610939025879,2.994203133277363e-07,-0.0008990764220782956,1.9201784275732094,0.9999847412109375,0.0,0.0
744,7,-293.5676,418.50916,0.0015433502,-4.804079,13.186132,-2.8038023e-06,14.034004211425781,2.852467388144823e-07,-0.0008968114347801022,1.9201784275732094,0.9999847412109375,0.0,0.0
745,7,-293.8097,419.1736,0.0015436935,-4.872212,13.373144,-3.1805039e-06,14.233040809631348,2.852467388144823e-07,-0.0008968114347801022,1.9201784275732094,0.9999847412109375,0.0,0.0
746,7,-294.05518,419.8474,0.001544075,-4.940222,13.559819,-3.2663345e-06,14.431717872619629,2.8070654969738166e-07,-0.0008945464474819088,1.9201784275732094,0.9999847412109375,0.0,0.0
747,8,-294.30405,420.53055,0.0015444946,-5.0081086,13.746155,-2.9945372e-06,14.630034446716309,2.8070654969738166e-07,-0.0008945464474819088,1.9201784275732094,0.9999847412109375,0.0,0.0
748,8,-294.55634,421.22296,0.0015449142,-5.075873,13.932151,-3.7956238e-06,14.827990531921387,2.9051454554136427e-07,-0.0008919238579865612,1.9201784275732094,0.9999847412109375,0.0,0.0
749,8,-294.81198,421.92468,0.0015453339,-5.1435137,14.117807,-2.117157e-06,15.025585174560547,2.9051454554136427e-07,-0.0008919238579865612,1.9201784275732094,0.9999847412109375,0.0,0.0
750,9,-295.071,422.63565,0.0015457916,-5.2110314,14.303128,-2.7608871e-06,15.222822189331055,2.861198545483366e-07,-0.0008893012684912136,1.9201784275732094,0.9999847412109375,0.0,0.0
751,9,-295.3334,423.3559,0.0015462494,-5.278426,14.488113,-2.1266937e-06,15.419702529907227,2.861198545483366e-07,-0.0008893012684912136,1.9201784275732094,0.9999847412109375,0.0,0.0
752,10,-295.59918,424.0854,0.0015467071,-5.345699,14.67276,-3.027916e-06,15.61622142791748,2.8844817375439937e-07,-0.0008864402558582362,1.9201784275732094,0.9999847412109375,0.0,0.0
753,10,-295.86832,424.8241,0.0015471649,-5.412848,14.857071,-2.965927e-06,15.812383651733398,2.8844817375439937e-07,-0.0008864402558582362,1.9201784275732094,0.9999847412109375,0.0,0.0
754,10,-296.1408,425.572,0.0015476608,-5.479874,15.041043,-2.92778e-06,16.0081844329834,2.912130190800352e-07,-0.000883698422284783,1.9201784275732094,0.9999847412109375,0.0,0.0
755,11,-296.41663,426.3291,0.0015481185,-5.546778,15.224681,-2.9420853e-06,16.203630447387695,2.912130190800352e-07,-0.000883698422284783,1.9201784275732094,0.9999847412109375,0.0,0.0
756,11,-296.6958,427.09534,0.0015486527,-5.6135607,15.407982,-2.9754638e-06,16.398717880249023,2.9319208564308545e-07,-0.0008808374096518056,1.9201784275732094,0.9999847412109375,0.0,0.0
757,12,-296.9783,427.87082,0.0015490722,-5.68022,15.590948,-2.6798248e-06,16.593448638916016,2.9319208564308545e-07,-0.0008808374096518056,1.9201784275732094,0.9999847412109375,0.0,0.0
758,12,-297.26416,428.6554,0.00154953,-5.7467575,15.773579,-2.6082992e-06,16.787824630737305,2.8606166164817825e-07,-0.0008779763970188281,1.9201784275732094,0.9999847412109375,0.0,0.0
759,13,-297.5533,429.44907,0.0015499877,-5.813174,15.9558735,-2.5701522e-06,16.981840133666992,2.8606166164817825e-07,-0.0008779763970188281,1.9201784275732094,0.9999847412109375,0.0,0.0
760,13,-297.8458,430.25186,0.0015504456,-5.8794656,16.137835,-3.0899048e-06,17.175500869750977,2.897578473551808e-07,-0.0008751153193672694,1.9201784275732094,0.9999847412109375,0.0,0.0
761,13,-298.14157,431.06378,0.0015509414,-5.945637,16.31946,-2.7799606e-06,17.368804931640625,2.897578473551808e-07,-0.0008751153193672694,1.9201784275732094,0.9999847412109375,0.0,0.0
762,14,-298.44067,431.8847,0.0015513992,-6.0116863,16.50075,-3.6811828e-06,17.561752319335938,2.8891381219772864e-07,-0.0008723735508123975,1.9201784275732094,0.9999847412109375,0.0,0.0
763,14,-298.74307,432.71472,0.0015518188,-6.077615,16.681707,-3.414154e-06,17.754344940185547,2.8891381219772864e-07,-0.0008723735508123975,1.9201784275732094,0.9999847412109375,0.0,0.0
764,15,-299.04877,433.55377,0.0015522765,-6.1434216,16.862333,-3.352165e-06,17.946584701538086,2.980815274031986e-07,-0.0008696317172389444,1.9201784275732094,0.9999847412109375,0.0,0.0
765,15,-299.35773,434.40186,0.0015527725,-6.2091055,17.042624,-3.30925e-06,18.13846778869629,2.980815274031986e-07,-0.0008696317172389444,1.9201784275732094,0.9999847412109375,0.0,0.0
766,16,-299.66998,435.25894,0.0015532684,-6.27467,17.222582,-3.0088424e-06,18.329998016357422,2.900488753506809e-07,-0.0008668898836654912,1.9201784275732094,0.9999847412109375,0.0,0.0
767,16,-299.98553,436.125,0.0015536499,-6.340114,17.402206,-1.4925002e-06,18.52117347717285,2.900488753506809e-07,-0.0008668898836654912,1.9201784275732094,0.9999847412109375,0.0,0.0
768,17,-300.30432,437.00003,0.0015543365,-6.405442,17.5815,3.8146972e-08,18.71199607849121,3.084424986617792e-07,-0.0008640288710325138,1.920180158627918,0.9999847412109375,0.0,0.0
769,17,-300.62634,437.884,0.0015548324,-6.4706535,17.760454,1.2350082e-06,18.902462005615234,3.084424986617792e-07,-0.0008640288710325138,1.920180158627918,0.9999847412109375,0.0,0.0
770,18,-300.95163,438.77695,0.0015552139,-6.535746,17.93908,-1.4209747e-06,19.092578887939453,3.9383316663696155e-07,-0.0008612870374590606,1.9201821559987355,0.9999847412109375,0.0,0.0
771,18,-301.28018,439.67877,0.0015555572,-6.6007214,18.11737,1.0728836e-06,19.282339096069336,3.9383316663696155e-07,-0.0008612870374590606,1.9201821559987355,0.9999847412109375,0.0,0.0
772,18,-301.612,440.58957,0.0015562057,-6.665576,18.29533,-1.2159347e-06,19.47174835205078,4.6857180361070916e-07,-0.0008585452689041887,1.9201842865276075,0.9999847412109375,0.0,0.0
773,19,-301.94705,441.50922,0.0015565872,-6.7303123,18.47296,-3.0994414e-07,19.660808563232422,4.6857180361070916e-07,-0.0008585452689041887,1.9201842865276075,0.9999847412109375,0.0,0.0
774,20,-302.28537,442.4377,0.0015569305,-6.7949286,18.650255,-1.9025803e-06,19.849510192871094,5.462208475288738e-07,-0.0008556842562712113,1.9201862838984252,0.9999847412109375,0.0,0.0
775,20,-302.62686,443.37512,0.0015574646,-6.859425,18.827225,-4.2438506e-07,20.037866592407227,5.462208475288738e-07,-0.0008556842562712113,1.9201862838984252,0.9999847412109375,0.0,0.0
776,21,-302.97162,444.3213,0.0015578842,-6.923802,19.00386,1.1730194e-06,20.225868225097656,6.007614685710103e-07,-0.0008529424226977581,1.9201885475853517,0.9999847412109375,0.0,0.0
777,21,-303.31955,445.27637,0.0015584183,-6.98806,19.180166,-1.502037e-06,20.41351890563965,6.007614685710103e-07,-0.0008529424226977581,1.9201885475853517,0.9999847412109375,0.0,0.0
778,22,-303.67075,446.24023,0.0015587616,-7.0521984,19.356146,1.1157989e-06,20.60082244873047,6.394404765323427e-07,-0.000850200589124305,1.9201908112722783,0.9999847412109375,0.0,0.0
779,22,-304.02512,447.2129,0.00155941,-7.1162167,19.531796,3.4856796e-06,20.78777503967285,6.394404765323427e-07,-0.000850200589124305,1.9201908112722783,0.9999847412109375,0.0,0.0
780,23,-304.38266,448.19434,0.0015597534,-7.1801167,19.707117,-1.1014938e-06,20.97437858581543,6.60337029497333e-07,-0.0008474588205694331,1.9201926754850414,0.9999847412109375,0.0,0.0
781,23,-304.74344,449.18448,0.0015600967,-7.2438974,19.88211,1.1396407e-06,21.160633087158203,6.60337029497333e-07,-0.0008474588205694331,1.9201926754850414,0.9999847412109375,0.125091552734375,0.0
782,24,-305.10303,450.18445,0.001563797,-7.054961,20.122656,-1.2016296e-06,21.323549270629883,-0.0005257079991816417,-0.0008356571028217877,1.9160414731358804,0.9999847412109375,0.250335693359375,0.0
783,24,-305.44897,451.19608,0.0015793227,-6.582398,20.388065,-1.3794899e-05,21.424312591552734,-0.00211934320537357,-0.0007911920003860782,1.897981778835726,0.9999847412109375,0.460052490234375,0.0
784,25,-305.77023,452.2187,0.0016093826,-5.878568,20.622925,-4.8651695e-05,21.444406509399414,-0.004447477980135027,-0.0007072686814048872,1.8619710472078925,0.9999847412109375,0.530059814453125,0.0
785,25,-306.05664,453.25015,0.0016505432,-4.98582,20.786058,-0.00010707855,21.375654220581055,-0.007147389652960058,-0.000592827785974301,1.808128987343379,0.9999847412109375,0.0,0.0
786,26,-306.3024,454.29004,0.0016732407,-4.128857,20.990875,-0.00016541958,21.393089294433594,-0.009648097916544463,-0.0005295276457773175,1.7412178639034652,0.9999847412109375,0.0,0.0
787,26,-306.51486,455.3434,0.0016461563,-3.6714032,21.240913,-0.00013254165,21.555871963500977,-0.010712297088140126,-0.0005997419269284054,1.676584542143896,0.9999847412109375,0.0,0.0
788,27,-306.70337,456.4105,0.0016126251,-3.2391014,21.478937,-3.520012e-05,21.721797943115234,-0.01045663466378982,-0.0006849765406572703,1.628923546011402,0.9999847412109375,0.0,0.0
789,27,-306.86203,457.49008,0.0015908813,-2.6826422,21.702621,3.0994414e-07,21.8677921295166,-0.010410295660822442,-0.0007475614114413642,1.5939699561782756,0.9999847412109375,0.0,0.0
790,28,-306.9886,458.58072,0.0015751647,-2.0922241,21.909328,-5.159378e-06,22.009000778198242,-0.010599912730436083,-0.0007967948465925089,1.5680764403735987,0.9999847412109375,0.0,0.0
791,28,-307.0836,459.68152,0.0015633011,-1.5152991,22.102581,-6.0224534e-06,22.154462814331055,-0.01079006139197044,-0.0008335112945831186,1.5489514816374126,0.9999847412109375,0.0,0.0
792,29,-307.14905,460.79184,0.0015550995,-0.9791229,22.286814,-1.4066696e-06,22.308311462402344,-0.010818292980119881,-0.0008581876016884532,1.534964426434262,0.9999847412109375,0.0,0.0
793,30,-307.18805,461.91125,0.0015496063,-0.4988537,22.46583,1.6479491e-05,22.47136688232422,-0.010615359064758542,-0.0008726119739500274,1.5248673174773355,0.9999847412109375,0.0,0.0
794,30,-307.20383,463.03943,0.0015467071,-0.08125325,22.642406,3.6268233e-05,22.642553329467773,-0.010177005870223403,-0.0008797645380417618,1.5176781141146667,0.9999847412109375,0.0,0.0
795,31,-307.19983,464.17648,0.0015457534,0.27302045,22.818316,5.4965018e-05,22.819948196411133,-0.009538376719930498,-0.0008819102812618495,1.5126238338398597,0.9999847412109375,0.0,0.0
796,31,-307.17938,465.32233,0.0015460205,0.5675304,22.994501,6.7176814e-05,23.001502990722656,-0.00875221364673371,-0.0008813142559270654,1.5091079285687372,0.9999847412109375,0.0,0.0
797,32,-307.14532,466.477,0.0015473937,0.80842537,23.171362,6.991863e-05,23.18545913696289,-0.00787709683193907,-0.000878214820156458,1.5066801909190208,0.9999847412109375,0.0,0.0
798,33,-307.1003,467.6405,0.0015494155,1.003079,23.348942,6.729602e-05,23.3704776763916,-0.006967362043865303,-0.0008741616918353311,1.5050102557574867,0.9999847412109375,0.0,0.0
799,33,-307.04648,468.81284,0.0015516662,1.159069,23.52712,5.8541296e-05,23.555654525756836,-0.006067746227636536,-0.0008696317172389444,1.503862566485717,0.9999847412109375,-0.93994140625,0.0
800,33,-306.9903,469.99414,0.0015546416,1.0122634,23.703505,6.258488e-05,23.725109100341797,-0.0046642608533134285,-0.0008596181405142326,1.5074035054710864,0.9999847412109375,-0.65643310546875,0.0
801,33,-306.94614,471.18277,0.0015659713,0.5472531,23.827856,7.185936e-05,23.83414077758789,-0.0022109563369837834,-0.0008251666798218161,1.52575734591364,0.9999847412109375,0.0,0.0
802,33,-307.09506,471.967,0.016917838,-7.05132,3.0236216,0.65991706,7.700577259063721,0.012264509086222501,0.0011461972253659577,1.468588332057345,0.0,0.0,0.0
803,33,-286.21686,398.23428,0.0015298843,-3.3718157,9.101768,-0.00017490864,9.70625114440918,3.9126333260893224e-05,-0.0010036229848622755,1.9255610756104231,0.0,0.0,0.0
804,33,-286.38675,398.6928,0.0015455628,-3.4132395,9.213714,-0.000119633674,9.825615882873535,2.9101774491433634e-05,-0.000935673691009381,1.9255610756104231,0.0,0.0,0.0
805,33,-286.5576,399.15417,0.0015890121,-3.4178095,9.226144,-8.105278e-05,9.838858604431152,2.164414727989749e-05,-0.000791907269798968,1.9255610756104231,0.0,0.0,0.0
806,33,-286.72797,399.61414,0.001653862,-3.3971004,9.170304,-5.5088996e-05,9.779303550720215,1.610743005022641e-05,-0.0005888938367126984,1.9255612087684775,0.0,0.0,0.0
807,33,-286.89688,400.0701,0.0017261123,-3.3617883,9.07503,-3.5438537e-05,9.677696228027344,1.201269390072831e-05,-0.00036764142370922947,1.9255620077168045,0.0,0.0,0.0
808,33,-287.06375,400.52063,0.0017948531,-3.3181245,8.957197,-2.4695395e-05,9.552032470703125,8.967696969145684e-06,-0.00015878677004283536,1.9255620077168045,0.0,0.0,0.0
809,33,-287.2283,400.96487,0.0018549728,-3.2698152,8.826815,-1.7113685e-05,9.412988662719727,6.718273493851187e-06,2.2888182337046298e-05,1.9255620077168045,0.0,0.0,0.0
810,33,-287.3904,401.40237,0.0019047546,-3.2190754,8.689862,-1.1239052e-05,9.266938209533691,5.038716549435884e-06,0.00017309188197165863,1.9255620077168045,0.0,0.0,0.0
811,33,-287.5499,401.833,0.0019444656,-3.167232,8.549926,-9.350776e-06,9.117707252502441,3.7872378806434716e-06,0.0002924203867050764,1.9255620077168045,0.0,0.0,0.0
812,33,-287.70676,402.2566,0.0019751356,-3.115078,8.409146,-5.2690507e-06,8.967577934265137,2.865010259812123e-06,0.00038504598766330545,1.9255620077168045,0.0,0.0,0.0
813,33,-287.86105,402.6732,0.001998291,-3.0630863,8.268802,-3.437996e-06,8.817913055419922,2.187618742149125e-06,0.0004543065762638738,1.9255614750845866,0.0,0.0,0.0
814,33,-288.01282,403.08276,0.002015419,-3.0115347,8.129645,-3.3998488e-06,8.669514656066895,1.6771229382672717e-06,0.000505566575575582,1.9255612087684775,0.0,0.0,0.0
815,33,-288.16196,403.48547,0.002027664,-2.960586,7.9921155,-2.646446e-06,8.522850036621094,1.308391896599652e-06,0.0005422830235661918,1.9255612087684775,0.0,0.0,0.0
816,33,-288.3086,403.8813,0.00203598,-2.910332,7.856457,-2.7704239e-06,8.378183364868164,1.031410835417154e-06,0.0005671977863184468,1.9255612087684775,0.0,0.0,0.0
817,33,-288.45276,404.27042,0.0020414733,-2.860822,7.722807,-2.965927e-06,8.235657691955566,8.259086246315576e-07,0.0005838870808596332,1.9255612087684775,0.0,0.0,0.0
818,33,-288.59445,404.65292,0.002044792,-2.8120804,7.59123,-3.1280517e-06,8.095342636108398,6.709597576908866e-07,0.0005933046322495608,1.9255612087684775,0.0,0.0,0.0
819,33,-288.73373,405.0289,0.0020463562,-2.7641168,7.4617534,-8.5783e-06,7.957267761230469,5.605107760950903e-07,0.0005981922090431017,1.9255612087684775,0.0,0.0,0.0
820,2,-288.87067,405.39847,0.002046547,-2.7169313,7.334376,-5.135536e-06,7.8214311599731445,5.605107760950903e-07,0.0005981922090431017,1.9255612087684775,0.0,0.0,0.0
821,2,-289.00522,405.76175,0.0020458985,-2.670519,7.209086,2.093315e-06,7.687820911407471,5.605107760950903e-07,0.0005981922090431017,1.9255612087684775,0.0,0.0,0.0
822,2,-289.13748,406.1188,0.0020446014,-2.6248724,7.0858645,3.0899048e-06,7.5564165115356445,3.722089325674816e-07,0.0005939006575843449,1.9255612087684775,0.0,0.0,0.0
823,2,-289.2675,406.46976,0.0020428465,-2.5799825,6.964685,3.9720535e-06,7.427189826965332,3.3254039132462413e-07,0.0005885362345155442,1.9255612087684775,0.0,0.0,0.0
824,2,-289.39523,406.81467,0.0020407867,-2.5358386,6.8455176,3.13282e-06,7.300108909606934,3.204914132458475e-07,0.0005822181188962238,1.9255612087684775,0.0,0.0,0.0
825,2,-289.52084,407.15375,0.0020384598,-2.4924293,6.7283354,3.9196016e-06,7.175144672393799,3.0914094045309597e-07,0.0005751847988825951,1.9255612087684775,0.0,0.0,0.0
826,2,-289.64426,407.48694,0.0020358658,-2.4497445,6.613107,3.33786e-06,7.05226469039917,2.837915035949196e-07,0.000567793811653231,1.9255612087684775,0.0,0.0,0.0
827,2,-289.76562,407.8145,0.0020332336,-2.4077723,6.499802,3.0899048e-06,6.931435585021973,2.721208587355576e-07,0.000559925978148607,1.9255612087684775,0.0,0.0,0.0
828,2,-289.88486,408.13647,0.002030487,-2.3665016,6.388393,2.708435e-06,6.812627792358398,2.69530623857751e-07,0.0005512236961715691,1.9255612087684775,0.0,0.0,0.0
829,2,-290.00208,408.45285,0.002027626,-2.3259215,6.2788463,2.8944014e-06,6.695806503295898,2.753804548282789e-07,0.0005427598698414516,1.9255612087684775,0.0,0.0,0.0
830,2,-290.11722,408.76382,0.002024765,-2.2860212,6.171135,3.3426284e-06,6.580942153930664,2.5116606524937773e-07,0.0005347728572773033,1.9255612087684775,0.0,0.0,0.0
831,2,-290.2304,409.06946,0.0020219802,-2.2467897,6.0652294,2.5367735e-06,6.468003749847412,2.50787716156286e-07,0.0005261897868690802,1.9255612087684775,0.0,0.0,0.0
832,2,-290.34164,409.36984,0.0020191192,-2.2082164,5.9610996,2.8800964e-06,6.356959342956543,2.406013870928888e-07,0.0005178451395984871,1.9255612087684775,0.0,0.0,0.0
833,2,-290.45096,409.66507,0.0020163727,-2.1702902,5.858718,-8.5830685e-08,6.247778415679932,2.5735064032207126e-07,0.0005097388829562332,1.9255612087684775,0.0,0.0,0.0
834,2,-290.5585,409.95523,0.0020135497,-2.1330144,5.758098,5.8174135e-07,6.140475749969482,2.3598841716639754e-07,0.0005011558125480102,1.925563472455404,0.0,0.0,0.0
835,2,-290.66412,410.2404,0.0020106887,-2.096416,5.659379,2.2745132e-06,6.035191059112549,1.919397728397447e-07,0.0004928111652774171,1.9255781198413995,0.0,0.0,0.0
836,2,-290.7679,410.52066,0.0020080947,-2.0605037,5.5623565,3.1757354e-06,5.931735515594482,1.8172433145259125e-07,0.00048410888330037915,1.9255871745891058,0.0,0.0,0.0
837,3,-290.86996,410.79617,0.0020053864,-2.025009,5.4665337,1.5640259e-06,5.829549789428711,1.9228902548275726e-07,0.0004761218707362308,1.9255889056438145,0.0,0.0,0.0
838,3,-290.97025,411.0669,0.0020026397,-1.9899533,5.371898,2.336502e-07,5.728630065917969,1.8630818905532623e-07,0.0004687309160161573,1.925590636698523,0.0,0.0,0.0
839,3,-291.06882,411.33292,0.0020002746,-1.9553552,5.2784977,1.04904174e-07,5.629027366638184,1.9594155857780255e-07,0.0004616975634932379,1.9255921014371224,0.0,0.0,0.0
840,3,-291.16565,411.5943,0.0019979859,-1.9212208,5.1863494,6.198883e-08,5.530760288238525,1.9045548879113408e-07,0.00045490263410794847,1.925593299859613,0.0,0.0,0.0
841,3,-291.26077,411.85114,0.001995964,-1.8875487,5.095448,-2.3841856e-08,5.4338226318359375,1.8799621174919938e-07,0.00044834612786028895,1.9255948977562671,0.0,0.0,0.0
842,3,-291.35425,412.10342,0.0019937134,-1.8543321,5.005779,7.534027e-07,5.338199138641357,1.8821449068266295e-07,0.0004421472238097836,1.9255958298626485,0.0,0.0,0.0
843,3,-291.44604,412.3513,0.0019916915,-1.8215637,4.917318,2.5510788e-06,5.243864059448242,1.8783614158957125e-07,0.00043618677540619875,1.9255971614431937,0.0,0.0,0.0
844,4,-291.53625,412.59473,0.0019896699,-1.7892339,4.830041,1.0538101e-06,5.150791645050049,1.8687572063180235e-07,0.00043034550606213827,1.9255984930237386,0.0,0.0,0.0
845,4,-291.62485,412.83386,0.0019878387,-1.7573335,4.7439213,1.988411e-06,5.058953285217285,1.8066204910902963e-07,0.0004245042692273684,1.9255994251301203,0.0,0.0,0.0
846,4,-291.71188,413.06882,0.001964035,-1.7271522,4.662651,-0.0013087463,4.972259998321533,2.1795858678651282e-07,0.000417590128273264,1.9255172666104912,0.0,0.0,0.0
847,4,-291.79745,413.29987,0.0019198227,-1.6984719,4.585559,-0.00049043656,4.890006065368652,0.0,0.0004062652242915878,1.9255136713430197,0.0,0.0,0.0
848,4,-291.88156,413.527,0.0019038772,-1.6697917,4.5082397,-0.00010030269,4.807538986206055,-5.326437740527585e-07,0.000396251647566876,1.9255128723946926,0.0,0.0,0.0
849,4,-291.9643,413.75027,0.0019010162,-1.6413141,4.4313903,6.395816e-05,4.725582599639893,-5.326292337645575e-07,0.0003873109749614988,1.9255128723946926,0.0,0.0,0.0
850,4,-292.0456,413.9696,0.0019036102,-1.6131579,4.3553824,0.00012023925,4.644527435302734,-5.326437740527585e-07,0.00038027762243857946,1.9255128723946926,0.0,0.0,0.0
851,4,-292.1255,414.18542,0.0019076538,-1.5853884,4.2804112,0.00012459279,4.564578533172607,0.0,0.00037336348148447505,1.9255128723946926,0.0,0.0,0.0
852,5,-292.204,414.39734,0.0019115066,-1.5580406,4.206574,0.00010935307,4.485839366912842,1.4551916367080876e-11,0.0003674030005715996,1.9255128723946926,0.0,0.0,0.0
853,5,-292.28116,414.60574,0.0019144821,-1.5311296,4.1339173,8.813381e-05,4.408359527587891,-1.4551916367080876e-11,0.0003616809753056447,1.9255128723946926,0.0,0.0,0.0
854,5,-292.357,414.81046,0.0019163131,-1.5046616,4.062456,6.7510606e-05,4.332153797149658,2.6586349491663493e-08,0.0003557204943927692,1.9255128723946926,0.0,0.0,0.0
855,5,-292.43155,415.01166,0.0019172287,-1.4786357,3.9921875,4.8470498e-05,4.257220268249512,8.763163433629935e-08,0.0003499984691268143,1.9255128723946926,0.0,0.0,0.0
856,5,-292.5048,415.20935,0.0019173431,-1.4530485,3.9231045,3.6063193e-05,4.183550834655762,1.3296085581365445e-07,0.00034451483448919864,1.9255128723946926,0.0,0.0,0.0
857,5,-292.57675,415.40363,0.0019169616,-1.4278958,3.855194,2.5191306e-05,4.1111321449279785,1.5523983144146267e-07,0.00033879277671395306,1.9255128723946926,0.0,0.0,0.0
858,5,-292.64746,415.59457,0.0019161606,-1.4031711,3.788439,1.7814637e-05,4.039945602416992,1.8352875582045818e-07,0.0003334283536451523,1.9255128723946926,0.0,0.0,0.0
859,5,-292.71695,415.78217,0.0019150543,-1.3788763,3.7228448,1.183033e-05,3.969996690750122,1.967855461142235e-07,0.00032758711681038244,1.9255128723946926,0.0,0.0,0.0
860,5,-292.78522,415.96655,0.0019135665,-1.3550373,3.6584814,9.260178e-06,3.901360273361206,2.054875911290101e-07,0.00032222269374158175,1.9255128723946926,0.0,0.0,0.0
861,5,-292.85233,416.14774,0.0019120406,-1.3316324,3.5952902,6.432533e-06,3.8339738845825195,2.3296160854798672e-07,0.000316858270672781,1.9255128723946926,0.0,0.0,0.0
862,6,-292.91827,416.32578,0.0019105148,-1.3086438,3.5332227,3.223419e-06,3.7677860260009766,2.350716329469089e-07,0.00031113621289753543,1.9255128723946926,0.0,0.0,0.0
863,6,-292.9831,416.50073,0.00190876,-1.2860588,3.4722447,3.0994415e-06,3.7027597427368164,2.2763560892094641e-07,0.00030565261076921044,1.9255128723946926,0.0,0.0,0.0
864,6,-293.04678,416.67273,0.0019070816,-1.2638669,3.4123294,3.4189225e-06,3.638866901397705,2.4029578706183353e-07,0.00030040739926922466,1.9255128723946926,0.0,0.0,0.0
865,6,-293.10938,416.8417,0.0019053649,-1.2420604,3.3534536,3.5333633e-06,3.576082468032837,2.3833127666066141e-07,0.00029516218776923887,1.9255128723946926,0.0,0.0,0.0
866,6,-293.1709,417.0078,0.0019036484,-1.2206314,3.2955968,3.452301e-06,3.5143845081329346,2.4188194836991397e-07,0.00029027461097569796,1.9255128723946926,0.0,0.0,0.0
867,6,-293.23135,417.17102,0.001902008,-1.1995729,3.2387407,2.9134749e-06,3.45375394821167,2.3435860324635983e-07,0.0002850293994757122,1.9255128723946926,0.0,0.0,0.0
868,6,-293.29074,417.3314,0.0019003677,-1.1788782,3.1828668,3.2711027e-06,3.3941707611083984,2.3849134682028955e-07,0.0002801418226821712,1.9255128723946926,0.0,0.0,0.0
869,6,-293.34912,417.489,0.0018986892,-1.158541,3.1279585,3.5381315e-06,3.3356170654296875,2.502347566153651e-07,0.0002753734574574453,1.9255128723946926,0.0,0.0,0.0
870,6,-293.40652,417.64392,0.0018971252,-1.1385552,3.073998,3.2138823e-06,3.278074264526367,2.2834865449517257e-07,0.00027060507597807397,1.9255128723946926,0.0,0.0,0.0
871,6,-293.46286,417.79617,0.0018955612,-1.1189142,3.0209694,3.3187866e-06,3.221525192260742,2.4038310815942524e-07,0.000265717499184533,1.9255128723946926,0.0,0.0,0.0
872,6,-293.51825,417.94577,0.0018940734,-1.0996128,2.968857,3.5476685e-06,3.1659531593322754,2.3936446255414386e-07,0.00026106832927397667,1.9255128723946926,0.0,0.0,0.0
873,6,-293.57275,418.09277,0.0018925476,-1.0806442,2.9176443,2.4890899e-06,3.1113405227661133,2.432425606004303e-07,0.00025677679406986516,1.9255128723946926,0.0,0.0,0.0
874,7,-293.62625,418.2373,0.0018910598,-1.0620033,2.8673146,2.4175642e-06,3.0576696395874023,2.5859481913123965e-07,0.0002523660472969387,1.9255128723946926,0.0,0.0,0.0
875,7,-293.67886,418.37933,0.0018896102,-1.0436841,2.817855,2.3937225e-06,3.0049264430999756,2.479646461831377e-07,0.0002481937236616421,1.9255128723946926,0.0,0.0,0.0
876,7,-293.73053,418.51886,0.0018881607,-1.025681,2.7692485,2.9993057e-06,2.9530932903289795,2.4273320605043545e-07,0.00024342535843691616,1.9255128723946926,0.0,0.0,0.0
877,7,-293.7813,418.656,0.0018867492,-1.0079887,2.7214797,2.861023e-06,2.902153253555298,2.4620384267987394e-07,0.0002396106532534191,1.9255128723946926,0.0,0.0,0.0
878,7,-293.83124,418.7908,0.0018853759,-0.9906017,2.674537,2.965927e-06,2.8520939350128174,2.3646861177160492e-07,0.00023543832961812254,1.9255128723946926,0.0,0.0,0.0
879,7,-293.8803,418.92328,0.0018839645,-0.97351474,2.6284032,2.7513504e-06,2.8028974533081055,2.406231816515133e-07,0.00023114679441401103,1.9255128723946926,0.0,0.0,0.0
880,7,-293.9285,419.05347,0.0018826675,-0.95672286,2.5830672,2.3126602e-06,2.754551649093628,2.410379132124618e-07,0.0002273321054851593,1.9255128723946926,0.0,0.0,0.0
881,7,-293.9759,419.18137,0.0018813706,-0.9402208,2.5385132,2.9373168e-06,2.7070398330688477,2.3480968552781094e-07,0.00022315978184986272,1.9255128723946926,0.0,0.0,0.0
882,7,-294.02246,419.30707,0.0018800735,-0.92400366,2.494728,2.4318695e-06,2.6603479385375977,2.3179744894495533e-07,0.00021946428823518065,1.9255128723946926,0.0,0.0,0.0
883,7,-294.0682,419.4306,0.0018787765,-0.90806645,2.4516988,2.541542e-06,2.614461898803711,2.3598840129272049e-07,0.00021576879462049855,1.9255128723946926,0.0,0.0,0.0
884,7,-294.11316,419.55203,0.0018775559,-0.8924041,2.409412,2.5701522e-06,2.5693678855895996,2.3767642398659363e-07,0.00021207331726046176,1.9255128723946926,0.0,0.0,0.0
885,7,-294.15735,419.67136,0.0018763732,-0.877012,2.3678548,2.4986266e-06,2.5250518321990967,2.219239741830368e-07,0.00020825861207696473,1.9255128723946926,0.0,0.0,0.0
886,7,-294.2008,419.78864,0.0018751144,-0.86188567,2.3270154,2.7370452e-06,2.4815011024475098,2.3139727354588497e-07,0.00020503996473754242,1.9255128723946926,0.0,0.0,0.0
887,7,-294.2435,419.90387,0.0018739318,-0.84702057,2.2868803,2.8800964e-06,2.438701629638672,2.3144819630194278e-07,0.00020134447112286032,1.9255128723946926,0.0,0.0,0.0
888,8,-294.28543,420.01715,0.0018727493,-0.8324119,2.2474382,2.8324127e-06,2.3966410160064697,2.3532627847455217e-07,0.00019764899376282355,1.9255128723946926,0.0,0.0,0.0
889,8,-294.32666,420.12848,0.0018716048,-0.8180553,2.2086768,2.6798248e-06,2.355306386947632,2.3160826646157094e-07,0.00019443034642340124,1.9255128723946926,0.0,0.0,0.0
890,8,-294.3672,420.23785,0.0018704986,-0.80394614,2.170584,2.8705597e-06,2.3146843910217285,2.3709433624823938e-07,0.00019121168282933363,1.9255128723946926,0.0,0.0,0.0
891,8,-294.40698,420.3453,0.0018693923,-0.7900809,2.1331482,2.8419495e-06,2.274763584136963,2.458545900368614e-07,0.00018799303548991132,1.9255128723946926,0.0,0.0,0.0
892,8,-294.44614,420.45096,0.001868286,-0.7764547,2.096359,2.3841858e-06,2.235531806945801,2.3717437132805345e-07,0.00018429755812987453,1.9255128723946926,0.0,0.0,0.0
893,8,-294.48456,420.5548,0.0018672561,-0.7630638,2.060204,2.4414062e-06,2.196976661682129,2.3987375360943036e-07,0.0001810788945358069,1.9255128723946926,0.0,0.0,0.0
894,8,-294.52237,420.65683,0.0018662262,-0.7499036,2.0246732,3.1518935e-06,2.1590871810913086,2.3874597647425576e-07,0.00017845628878581402,1.9255128723946926,0.0,0.0,0.0
895,8,-294.5595,420.7571,0.0018651962,-0.7369708,1.9897556,2.6273726e-06,2.1218514442443848,2.3842583615499944e-07,0.0001752376414463917,1.9255128723946926,0.0,0.0,0.0
896,8,-294.59598,420.85562,0.0018642044,-0.72426087,1.9554408,2.7275084e-06,2.0852582454681396,2.380402169178072e-07,0.00017201899410696942,1.9255128723946926,0.0,0.0,0.0
897,8,-294.63184,420.95245,0.0018631744,-0.7117705,1.9217172,2.9468536e-06,2.0492959022521973,2.429878674517558e-07,0.00016891955833636205,1.9255128723946926,0.0,0.0,0.0
898,8,-294.6671,421.04764,0.0018621444,-0.69949555,1.8885763,3.0517576e-06,2.0139548778533936,2.4389007963568924e-07,0.00016617774101755422,1.9255128723946926,0.0,0.0,0.0
899,8,-294.70175,421.14117,0.0018611908,-0.6874325,1.8560064,2.7513504e-06,1.9792228937149048,2.3675965564078204e-07,0.00016355513526756133,1.9255128723946926,0.0,0.0,0.0
900,8,-294.7358,421.23306,0.0018602753,-0.6755775,1.8239994,2.861023e-06,1.9450910091400146,2.324231734215898e-07,0.00016033648792813902,1.9255128723946926,0.0,0.0,0.0
901,8,-294.76926,421.3234,0.0018593216,-0.66392696,1.792544,2.875328e-06,1.911547303199768,2.3095342966118022e-07,0.00015771388217814615,1.9255128723946926,0.0,0.0,0.0
902,8,-294.80212,421.41214,0.001858406,-0.65247756,1.7616316,2.6988982e-06,1.8785825967788696,2.4258769205268545e-07,0.0001549720648593383,1.9255128723946926,0.0,0.0,0.0
903,8,-294.83444,421.4994,0.0018574905,-0.6412256,1.7312521,2.822876e-06,1.8461862802505493,2.4047766765376327e-07,0.00015234945910934543,1.9255128723946926,0.0,0.0,0.0
904,8,-294.86618,421.58514,0.0018566513,-0.6301677,1.7013974,2.6607513e-06,1.81434965133667,2.3463507507998174e-07,0.0001496076580451829,1.9255128723946926,0.0,0.0,0.0
905,8,-294.8974,421.66943,0.001855812,-0.6193008,1.672057,2.684593e-06,1.7830615043640137,2.426167885027646e-07,0.00014698505229519002,1.9255128723946926,0.0,0.0,0.0
906,8,-294.92807,421.75226,0.0018548965,-0.6086211,1.6432233,2.9373168e-06,1.752313494682312,2.458182075690046e-07,0.00014436244654519713,1.9255128723946926,0.0,0.0,0.0
907,8,-294.9582,421.83365,0.0018540573,-0.5981259,1.6148869,2.6607513e-06,1.7220958471298218,2.490487389590009e-07,0.00014221667081581871,1.9255128723946926,0.0,0.0,0.0
908,9,-294.98782,421.91364,0.0018532943,-0.5878116,1.5870394,2.5939942e-06,1.6923996210098267,2.3475147675397551e-07,0.00013959406506582582,1.9255128723946926,0.0,0.0,0.0
909,9,-295.01694,421.99222,0.0018524551,-0.57767534,1.559672,2.6273726e-06,1.6632153987884521,2.637680028690753e-07,0.00013744830559109274,1.9255128723946926,0.0,0.0,0.0
910,9,-295.04553,422.0695,0.001851654,-0.56771386,1.5327767,2.9087066e-06,1.6345345973968506,2.662199938932324e-07,0.00013482569984109985,1.9255128723946926,0.0,0.0,0.0
911,9,-295.07367,422.1454,0.001850891,-0.5579244,1.5063454,2.8657912e-06,1.6063486337661743,2.4285689374220685e-07,0.0001326799322390441,1.9255128723946926,0.0,0.0,0.0
912,9,-295.1013,422.2199,0.0018501282,-0.5483033,1.4803702,2.412796e-06,1.5786489248275757,2.4537437955797695e-07,0.00013053416463698834,1.9255128723946926,0.0,0.0,0.0
913,9,-295.12845,422.29327,0.001849327,-0.53884846,1.4548427,3.0899048e-06,1.551426649093628,2.397718922236377e-07,0.00012838839703493258,1.9255128723946926,0.0,0.0,0.0
914,9,-295.15515,422.36536,0.0018485641,-0.52955663,1.4297564,2.951622e-06,1.524674892425537,2.431770499351402e-07,0.00012576579128493968,1.9255128723946926,0.0,0.0,0.0
915,9,-295.18137,422.43613,0.0018478775,-0.5204255,1.4051024,2.9182434e-06,1.4983842372894287,2.4357722533421057e-07,0.00012350082024139165,1.9255128723946926,0.0,0.0,0.0
916,9,-295.20715,422.50574,0.0018471527,-0.51145136,1.3808734,2.6893615e-06,1.4725468158721924,2.420492727999656e-07,0.00012147425608082817,1.9255128723946926,0.0,0.0,0.0
917,9,-295.23248,422.57413,0.0018464279,-0.50263226,1.3570629,2.9754638e-06,1.447155475616455,2.5286134221367433e-07,0.00011932848847877241,1.9255128723946926,0.0,0.0,0.0
918,9,-295.25735,422.64133,0.0018457794,-0.49396542,1.3336629,2.3365021e-06,1.4222019910812378,2.505002914854821e-07,0.00011718272900403932,1.9255128723946926,0.0,0.0,0.0
919,9,-295.2818,422.70737,0.0018450927,-0.48544788,1.310666,2.5224685e-06,1.3976783752441406,2.443193673585159e-07,0.00011563300299141298,1.9255128723946926,0.0,0.0,0.0
920,9,-295.30585,422.77225,0.0018444061,-0.47707722,1.2880663,2.8133393e-06,1.3735783100128174,2.593951540557033e-07,0.00011348723538935722,1.9255128723946926,0.0,0.0,0.0
921,9,-295.32947,422.83606,0.0018437194,-0.46885103,1.2658563,2.603531e-06,1.3498938083648682,2.401065887047721e-07,0.00011134146778730147,1.9255128723946926,0.0,0.0,0.0
922,9,-295.3527,422.89874,0.001843071,-0.4607668,1.2440293,2.5987624e-06,1.3266178369522095,2.44886898934992e-07,0.00010979174990199779,1.9255128723946926,0.0,0.0,0.0
923,9,-295.37552,422.96033,0.0018424988,-0.45282188,1.2225788,2.5844574e-06,1.3037432432174683,2.48299310916918e-07,0.00010764598229994203,1.9255128723946926,0.0,0.0,0.0
924,9,-295.39795,423.02087,0.0018418884,-0.4450139,1.2014985,2.7894973e-06,1.2812634706497192,2.5107872827810896e-07,0.00010597705284582341,1.9255128723946926,0.0,0.0,0.0
925,9,-295.42,423.08038,0.0018412399,-0.4373409,1.1807816,2.8133393e-06,1.2591712474822998,2.4025573777457235e-07,0.0001039504968125826,1.9255128723946926,0.0,0.0,0.0
926,9,-295.44168,423.1389,0.0018406295,-0.42980015,1.1604224,2.4747849e-06,1.2374604940414429,2.429805973076553e-07,0.00010228156735846398,1.9255128723946926,0.0,0.0,0.0
927,9,-295.46295,423.19635,0.0018400191,-0.4223893,1.140414,2.3603438e-06,1.2161237001419067,2.4457039368778596e-07,0.00010013579975640822,1.9255128723946926,0.0,0.0,0.0
928,9,-295.4839,423.2528,0.001839447,-0.41510662,1.120751,2.670288e-06,1.195155382156372,2.4457039368778596e-07,0.00010013579975640822,1.9255128723946926,0.0,0.0,0.0
929,9,-295.50446,423.30826,0.0018388748,-0.40794924,1.101427,2.374649e-06,1.1745483875274658,2.4899053018516545e-07,9.70363558584782e-05,1.9255128723946926,0.0,0.0,0.0
930,9,-295.52466,423.36285,0.0018383408,-0.40091535,1.0824358,2.2888182e-06,1.1542965173721313,2.4899053018516545e-07,9.70363558584782e-05,1.9255128723946926,0.0,0.0,0.0
931,9,-295.5445,423.41644,0.0018377685,-0.39400268,1.0637727,2.6369094e-06,1.1343942880630493,2.5116968444775094e-07,9.38177085190559e-05,1.9255128723946926,0.0,0.0,0.0
932,9,-295.56403,423.46912,0.0018372345,-0.38720942,1.0454311,2.3412704e-06,1.1148351430892944,2.5116968444775094e-07,9.38177085190559e-05,1.9255128723946926,0.0,0.0,0.0
933,9,-295.5832,423.52094,0.0018367004,-0.38053313,1.0274059,2.5749207e-06,1.0956132411956787,2.521482966394482e-07,9.059905305231093e-05,1.9255128723946926,0.0,0.0,0.0
934,9,-295.60205,423.57178,0.0018361664,-0.3739721,1.0096918,2.6226044e-06,1.0767230987548828,2.521482966394482e-07,9.059905305231093e-05,1.9255128723946926,0.0,0.0,0.0
935,9,-295.62057,423.6218,0.0018356704,-0.36752427,0.99228317,2.6559828e-06,1.0581587553024292,2.510532669000801e-07,8.738040571288863e-05,1.9255128723946926,0.0,0.0,0.0
936,9,-295.63876,423.67093,0.0018351363,-0.3611876,0.9751741,2.4890899e-06,1.0399138927459717,2.510532669000801e-07,8.738040571288863e-05,1.9255128723946926,0.0,0.0,0.0
937,10,-295.65665,423.71924,0.0018346405,-0.3549601,0.95836085,2.8562545e-06,1.0219844579696655,2.4900872141909385e-07,8.404254680465137e-05,1.9255128723946926,0.0,0.0,0.0
938,10,-295.67422,423.76672,0.0018341446,-0.34884006,0.9418374,2.5749207e-06,1.004364013671875,2.4900872141909385e-07,8.404254680465137e-05,1.9255128723946926,0.0,0.0,0.0
939,10,-295.69153,423.81335,0.0018336868,-0.34282562,0.9255985,2.4175642e-06,0.9870471358299255,2.4664040054680107e-07,8.153915262347344e-05,1.9255128723946926,0.0,0.0,0.0
940,10,-295.7085,423.85916,0.001833229,-0.33691454,0.90964,2.28405e-06,0.9700290560722351,2.4664040054680107e-07,8.153915262347344e-05,1.9255128723946926,0.0,0.0,0.0
941,10,-295.7252,423.9042,0.0018327712,-0.33110607,0.8939569,2.6655196e-06,0.9533048868179321,2.516171475308288e-07,7.891654687348054e-05,1.9255128723946926,0.0,0.0,0.0
942,10,-295.74158,423.94846,0.0018323135,-0.32539737,0.8785441,2.4318695e-06,0.9368688464164734,2.516171475308288e-07,7.891654687348054e-05,1.9255128723946926,0.0,0.0,0.0
943,10,-295.7577,423.99197,0.0018318176,-0.31978714,0.86339676,2.2935867e-06,0.920715868473053,2.4924519158648584e-07,7.617472955467272e-05,1.9255128723946926,0.0,0.0,0.0
944,10,-295.77353,424.03476,0.0018313598,-0.31427363,0.84851074,2.5892257e-06,0.9048416614532471,2.4924519158648584e-07,7.617472955467272e-05,1.9255128723946926,0.0,0.0,0.0
945,10,-295.78906,424.07675,0.0018310165,-0.3088554,0.8338819,2.6559828e-06,0.8892416954040527,2.57758054117888e-07,7.355212380467982e-05,1.9255128723946926,0.0,0.0,0.0
946,10,-295.80438,424.11804,0.0018305206,-0.3035302,0.8195052,2.8324127e-06,0.8739103674888611,2.57758054117888e-07,7.355212380467982e-05,1.9255128723946926,0.0,0.0,0.0
947,10,-295.8194,424.15863,0.0018301773,-0.29829732,0.80537605,2.5892257e-06,0.8588433265686035,2.542110333543628e-07,7.09295261820096e-05,1.9255128723946926,0.0,0.0,0.0
948,10,-295.8342,424.19852,0.0018297195,-0.29315403,0.7914904,2.565384e-06,0.8440357446670532,2.542110333543628e-07,7.09295261820096e-05,1.9255128723946926,0.0,0.0,0.0
949,10,-295.84872,424.23773,0.001829338,-0.28809977,0.7778444,2.3460389e-06,0.8294838666915894,2.501001160864117e-07,6.878375857995384e-05,1.9255128723946926,0.0,0.0,0.0
950,10,-295.86298,424.27625,0.0018289185,-0.28313273,0.76443416,2.7370452e-06,0.8151832222938538,2.501001160864117e-07,6.878375857995384e-05,1.9255128723946926,0.0,0.0,0.0
951,10,-295.87698,424.3141,0.0018284988,-0.27825162,0.7512551,2.6226044e-06,0.8011293411254883,2.4867402493795945e-07,6.604194126114601e-05,1.9255128723946926,0.0,0.0,0.0
952,10,-295.89075,424.35132,0.0018281173,-0.27345443,0.738303,2.1839141e-06,0.7873173952102661,2.4867402493795945e-07,6.604194126114601e-05,1.9255128723946926,0.0,0.0,0.0
953,10,-295.9043,424.38788,0.0018277358,-0.26873997,0.7255742,2.28405e-06,0.7737435102462769,2.614287784468617e-07,6.389617365909025e-05,1.9255128723946926,0.0,0.0,0.0
954,10,-295.91763,424.42383,0.0018273925,-0.26410663,0.7130648,3.0088424e-06,0.7604036927223206,2.614287784468617e-07,6.389617365909025e-05,1.9255128723946926,0.0,0.0,0.0
955,10,-295.9307,424.45914,0.0018270111,-0.2595534,0.70077133,2.8991699e-06,0.7472940683364868,2.6684390877068025e-07,6.186961762584944e-05,1.9255128723946926,0.0,0.0,0.0
956,10,-295.94354,424.4938,0.0018266296,-0.25507873,0.68868995,2.7942656e-06,0.7344106435775757,2.6684390877068025e-07,6.186961762584944e-05,1.9255128723946926,0.0,0.0,0.0
957,10,-295.95618,424.52795,0.0018263244,-0.25068098,0.6768165,2.7179717e-06,0.7217490077018738,2.6098131536378377e-07,5.9604642518640066e-05,1.9255128723946926,0.0,0.0,0.0
958,10,-295.9686,424.56143,0.0018259811,-0.24635923,0.665148,2.503395e-06,0.7093058228492737,2.6098131536378377e-07,5.9604642518640066e-05,1.9255128723946926,0.0,0.0,0.0
959,10,-295.9808,424.5944,0.0018255996,-0.24211186,0.65368056,2.9182434e-06,0.6970770955085754,2.675660658355477e-07,5.757808242173793e-05,1.9255128723946926,0.0,0.0,0.0
960,10,-295.9928,424.6268,0.0018252945,-0.2379379,0.6424109,2.412796e-06,0.6850592494010925,2.675660658355477e-07,5.757808242173793e-05,1.9255128723946926,0.0,0.0,0.0
961,10,-296.00458,424.65863,0.0018249511,-0.23383577,0.6313358,2.3078917e-06,0.6732488870620728,2.56064586752778e-07,5.543231481968217e-05,1.9255128723946926,0.0,0.0,0.0
962,10,-296.01617,424.6899,0.0018246841,-0.22980446,0.6204515,2.6226044e-06,0.6616420149803162,2.56064586752778e-07,5.543231481968217e-05,1.9255128723946926,0.0,0.0,0.0
963,10,-296.02756,424.7206,0.0018243026,-0.22584265,0.609755,2.298355e-06,0.6502353549003601,2.592077970451826e-07,5.388259693437849e-05,1.9255128723946926,0.0,0.0,0.0
964,10,-296.03876,424.75085,0.0018239975,-0.22194919,0.5992427,2.427101e-06,0.6390252113342285,2.592077970451826e-07,5.388259693437849e-05,1.9255128723946926,0.0,0.0,0.0
965,10,-296.04974,424.78055,0.0018237686,-0.21812265,0.58891195,2.6082992e-06,0.6280086040496826,2.5904772688555446e-07,5.173682933232273e-05,1.9255128723946926,0.0,0.0,0.0
966,10,-296.06055,424.8097,0.0018233871,-0.21436228,0.57875913,2.4366377e-06,0.6171817779541016,2.5904772688555446e-07,5.173682933232273e-05,1.9255128723946926,0.0,0.0,0.0
967,10,-296.07114,424.83835,0.001823082,-0.21066652,0.5687815,2.7942656e-06,0.606541633605957,2.565775287537919e-07,5.006789987820411e-05,1.9255128723946926,0.0,0.0,0.0
968,10,-296.08157,424.86655,0.0018228149,-0.2070349,0.5589756,2.07901e-06,0.5960848331451416,2.565775287537919e-07,5.006789987820411e-05,1.9255128723946926,0.0,0.0,0.0
969,10,-296.09183,424.8942,0.0018225479,-0.20346557,0.549339,2.4986266e-06,0.5858084559440613,2.565775287537919e-07,5.006789987820411e-05,1.9255128723946926,0.0,0.0,0.0
970,10,-296.1019,424.9214,0.0018222427,-0.19995782,0.53986865,2.322197e-06,0.5757094025611877,2.590004233278698e-07,4.744529412821122e-05,1.9255128723946926,0.0,0.0,0.0
971,10,-296.11182,424.94818,0.0018219757,-0.19651082,0.53056145,2.5701522e-06,0.5657843947410583,2.590004233278698e-07,4.744529412821122e-05,1.9255128723946926,0.0,0.0,0.0
972,10,-296.12155,424.9745,0.0018217086,-0.193123,0.52141476,2.7704239e-06,0.5560304522514343,2.590004233278698e-07,4.744529412821122e-05,1.9255128723946926,0.0,0.0,0.0
973,10,-296.13113,425.00034,0.0018214035,-0.18979359,0.5124258,2.670288e-06,0.5464447140693665,2.4870131178885204e-07,4.518031902100185e-05,1.9255128723946926,0.0,0.0,0.0
974,10,-296.14053,425.0257,0.0018211746,-0.18652153,0.5035918,2.684593e-06,0.5370241403579712,2.4870131178885204e-07,4.518031902100185e-05,1.9255128723946926,0.0,0.0,0.0
975,10,-296.14975,425.05063,0.0018209456,-0.18330608,0.49491018,2.7132035e-06,0.527766227722168,2.4870131178885204e-07,4.518031902100185e-05,1.9255128723946926,0.0,0.0,0.0
976,10,-296.15884,425.0751,0.0018206405,-0.1801461,0.4863784,2.5320053e-06,0.5186680555343628,2.570231822376832e-07,4.267692483982391e-05,1.9255128723946926,0.0,0.0,0.0
977,10,-296.16776,425.0992,0.0018204116,-0.17704047,0.4779935,2.9754638e-06,0.5097265243530273,2.570231822376832e-07,4.267692483982391e-05,1.9255128723946926,0.0,0.0,0.0
978,10,-296.17654,425.1229,0.0018201828,-0.17398837,0.46975315,2.4938583e-06,0.5009390711784363,2.570231822376832e-07,4.267692483982391e-05,1.9255128723946926,0.0,0.0,0.0
979,10,-296.18515,425.14615,0.0018199157,-0.17098896,0.46165493,2.4175642e-06,0.4923032522201538,2.640099335813812e-07,4.053115723776815e-05,1.9255128723946926,0.0,0.0,0.0
980,10,-296.1936,425.169,0.001819725,-0.16804123,0.4536963,2.3317336e-06,0.4838162958621979,2.640099335813812e-07,4.053115723776815e-05,1.9255128723946926,0.0,0.0,0.0
981,10,-296.20193,425.19147,0.001819458,-0.1651443,0.4458748,3.094673e-06,0.475475549697876,2.640099335813812e-07,4.053115723776815e-05,1.9255128723946926,0.0,0.0,0.0
982,10,-296.21014,425.21353,0.0018192673,-0.1622972,0.4381883,2.8467177e-06,0.46727868914604187,2.6727681569188005e-07,3.838538963571239e-05,1.9255128723946926,0.0,0.0,0.0
983,10,-296.21814,425.23526,0.0018190383,-0.1594995,0.43063426,2.6226044e-06,0.459223210811615,2.6727681569188005e-07,3.838538963571239e-05,1.9255128723946926,0.0,0.0,0.0
984,10,-296.22604,425.2566,0.0018188094,-0.15674981,0.42321068,2.8848647e-06,0.4513067603111267,2.6727681569188005e-07,3.838538963571239e-05,1.9255128723946926,0.0,0.0,0.0
985,10,-296.23383,425.27756,0.0018186187,-0.15404768,0.41591486,2.6082992e-06,0.44352662563323975,2.569886252426901e-07,3.6835667686747385e-05,1.9255128723946926,0.0,0.0,0.0
986,10,-296.24142,425.2982,0.0018183517,-0.15139198,0.40874493,2.8800964e-06,0.4358806610107422,2.569886252426901e-07,3.6835667686747385e-05,1.9255128723946926,0.0,0.0,0.0
987,10,-296.24893,425.31848,0.001818161,-0.14878204,0.40169865,3.247261e-06,0.4283665418624878,2.569886252426901e-07,3.6835667686747385e-05,1.9255128723946926,0.0,0.0,0.0
988,10,-296.25632,425.33838,0.0018179702,-0.14621733,0.3947737,2.8896332e-06,0.42098191380500793,2.6125780307108276e-07,3.468990008469163e-05,1.9255128723946926,0.0,0.0,0.0
989,10,-296.26352,425.3579,0.0018177413,-0.14369665,0.38796806,2.965927e-06,0.41372448205947876,2.6125780307108276e-07,3.468990008469163e-05,1.9255128723946926,0.0,0.0,0.0
990,10,-296.27063,425.3771,0.0018175506,-0.14121948,0.38127983,2.746582e-06,0.4065922498703003,2.6125780307108276e-07,3.468990008469163e-05,1.9255128723946926,0.0,0.0,0.0
991,10,-296.27768,425.39597,0.0018173218,-0.13878481,0.3747069,3.5429e-06,0.3995828926563263,2.505494046423533e-07,3.3020970630573006e-05,1.9255128723946926,0.0,0.0,0.0
992,10,-296.28452,425.41452,0.001817131,-0.13639235,0.36824748,2.6798248e-06,0.3926946222782135,2.505494046423533e-07,3.3020970630573006e-05,1.9255128723946926,0.0,0.0,0.0
993,10,-296.29126,425.43277,0.0018169784,-0.1340413,0.36189938,2.5463103e-06,0.38592517375946045,2.505494046423533e-07,3.3020970630573006e-05,1.9255128723946926,0.0,0.0,0.0
994,10,-296.2979,425.45074,0.0018167496,-0.13173059,0.35566086,3.1137465e-06,0.3792724609375,2.505494046423533e-07,3.3020970630573006e-05,1.9255128723946926,0.0,0.0,0.0
995,10,-296.3044,425.46832,0.001816597,-0.12945972,0.3495297,3.3855438e-06,0.37273427844047546,2.491606007613511e-07,3.087520506034791e-05,1.9255128723946926,0.0,0.0,0.0
996,10,-296.31085,425.48563,0.0018164063,-0.12722805,0.34350425,3.3569336e-06,0.3663088381290436,2.491606007613511e-07,3.087520506034791e-05,1.9255128723946926,0.0,0.0,0.0
997,10,-296.3171,425.50266,0.0018162917,-0.1250348,0.33758274,3.0183792e-06,0.35999417304992676,2.491606007613511e-07,3.087520506034791e-05,1.9255128723946926,0.0,0.0,0.0
998,10,-296.32336,425.5194,0.001816101,-0.12287932,0.33176327,3.0899048e-06,0.3537883460521698,2.491606007613511e-07,3.087520506034791e-05,1.9255128723946926,0.0,0.0,0.0
999,10,-296.3294,425.5358,0.0018159484,-0.12076096,0.32604408,2.861023e-06,0.3476894497871399,2.497299578106909e-07,2.8848646995276438e-05,1.9255128723946926,0.0,0.0,0.0
1000,10,-296.33542,425.55194,0.0018157577,-0.11867935,0.32042345,3.2567978e-06,0.34169572591781616,2.497299578106909e-07,2.8848646995276438e-05,1.9255128723946926,0.0,0.0,0.0
1001,10,-296.34128,425.56784,0.001815567,-0.1166334,0.31489968,2.822876e-06,0.3358052372932434,2.497299578106909e-07,2.8848646995276438e-05,1.9255128723946926,0.0,0.0,0.0
1002,11,-296.34705,425.58347,0.0018154526,-0.11462275,0.3094713,3.3044814e-06,0.33001646399497986,2.497299578106909e-07,2.8848646995276438e-05,1.9255128723946926,0.0,0.0,0.0
1003,11,-296.35272,425.59875,0.0018152618,-0.11264676,0.30413648,3.156662e-06,0.3243274390697479,2.5065763137265324e-07,2.670287939322068e-05,1.9255128723946926,0.0,0.0,0.0
1004,11,-296.3583,425.61383,0.0018151092,-0.110705,0.29889363,3.1280517e-06,0.31873658299446106,2.5065763137265324e-07,2.670287939322068e-05,1.9255128723946926,0.0,0.0,0.0
1005,11,-296.36377,425.62866,0.0018149947,-0.10879646,0.29374117,3.004074e-06,0.31324198842048645,2.5065763137265324e-07,2.670287939322068e-05,1.9255128723946926,0.0,0.0,0.0
1006,11,-296.36917,425.64316,0.0018148422,-0.10692111,0.28867748,2.9706955e-06,0.3078421950340271,2.5065763137265324e-07,2.670287939322068e-05,1.9255128723946926,0.0,0.0,0.0
1007,11,-296.37445,425.6575,0.0018146514,-0.105078086,0.28370103,2.9468536e-06,0.30253541469573975,2.661263233248106e-07,2.5033949939102056e-05,1.9255128723946926,0.0,0.0,0.0
1008,11,-296.37967,425.67154,0.001814537,-0.1032667,0.2788104,3.0326842e-06,0.2973201274871826,2.661263233248106e-07,2.5033949939102056e-05,1.9255128723946926,0.0,0.0,0.0
1009,11,-296.38477,425.68533,0.0018143844,-0.10148618,0.27400416,3.4284592e-06,0.292194664478302,2.661263233248106e-07,2.5033949939102056e-05,1.9255128723946926,0.0,0.0,0.0
1010,11,-296.38983,425.69897,0.0018142319,-0.099736996,0.26928058,3.5142898e-06,0.2871576249599457,2.661263233248106e-07,2.5033949939102056e-05,1.9255128723946926,0.0,0.0,0.0
1011,11,-296.3947,425.71225,0.0018140792,-0.09801739,0.2646386,3.2806395e-06,0.2822073698043823,2.661263233248106e-07,2.5033949939102056e-05,1.9255128723946926,0.0,0.0,0.0
1012,11,-296.3996,425.72537,0.0018139648,-0.09632775,0.26007673,3.3569336e-06,0.27734264731407166,2.5068582302313916e-07,2.2888182337046298e-05,1.9255128723946926,0.0,0.0,0.0
1013,11,-296.40436,425.73828,0.0018138122,-0.09466745,0.25559336,3.223419e-06,0.2725617289543152,2.5068582302313916e-07,2.2888182337046298e-05,1.9255128723946926,0.0,0.0,0.0
1014,11,-296.40903,425.7509,0.0018136977,-0.093035474,0.2511874,3.709793e-06,0.2678632438182831,2.5068582302313916e-07,2.2888182337046298e-05,1.9255128723946926,0.0,0.0,0.0
1015,11,-296.41367,425.7634,0.0018136215,-0.09143162,0.24685745,3.2711027e-06,0.2632457911968231,2.5068582302313916e-07,2.2888182337046298e-05,1.9255128723946926,0.0,0.0,0.0
1016,11,-296.41815,425.77554,0.0018134307,-0.089855485,0.24260205,3.5762787e-06,0.2587078809738159,2.5068582302313916e-07,2.2888182337046298e-05,1.9255128723946926,0.0,0.0,0.0
1017,11,-296.42264,425.78766,0.0018133926,-0.08830661,0.23841996,2.260208e-06,0.25424817204475403,2.5764255724348754e-07,2.074241473499054e-05,1.9255128723946926,0.0,0.0,0.0
1018,11,-296.42697,425.79938,0.0018132782,-0.08678434,0.23431005,2.3984908e-06,0.24986541271209717,2.5764255724348754e-07,2.074241473499054e-05,1.9255128723946926,0.0,0.0,0.0
1019,11,-296.43127,425.81104,0.0018131256,-0.085288316,0.2302709,2.1982194e-06,0.24555811285972595,2.5764255724348754e-07,2.074241473499054e-05,1.9255128723946926,0.0,0.0,0.0
1020,11,-296.43555,425.8224,0.001812973,-0.08381808,0.2263014,2.1076203e-06,0.24132508039474487,2.5764255724348754e-07,2.074241473499054e-05,1.9255128723946926,0.0,0.0,0.0
1021,11,-296.43964,425.83365,0.0018128967,-0.082373254,0.2224003,1.9216536e-06,0.23716500401496887,2.5764255724348754e-07,2.074241473499054e-05,1.9255128723946926,0.0,0.0,0.0
1022,11,-296.44376,425.8446,0.0018128204,-0.08095332,0.21856643,2.155304e-06,0.23307666182518005,2.592514496571399e-07,1.9192694817856196e-05,1.9255128723946926,0.0,0.0,0.0
1023,11,-296.44775,425.8555,0.0018126678,-0.079557694,0.21479876,1.9741058e-06,0.22905881702899933,2.592514496571399e-07,1.9192694817856196e-05,1.9255128723946926,0.0,0.0,0.0
1024,11,-296.45166,425.86606,0.0018125534,-0.07818617,0.21109599,2.3460389e-06,0.22511018812656403,2.592514496571399e-07,1.9192694817856196e-05,1.9255128723946926,0.0,0.0,0.0
1025,11,-296.45557,425.8766,0.001812439,-0.07683844,0.20745695,1.6880035e-06,0.22122958302497864,2.592514496571399e-07,1.9192694817856196e-05,1.9255128723946926,0.0,0.0,0.0
1026,11,-296.45938,425.88678,0.0018123626,-0.07551395,0.20388065,2.4223327e-06,0.217415913939476,2.592514496571399e-07,1.9192694817856196e-05,1.9255128723946926,0.0,0.0,0.0
1027,11,-296.4631,425.89694,0.0018122481,-0.07421218,0.20036626,1.0347366e-06,0.21366816759109497,2.592514496571399e-07,1.9192694817856196e-05,1.9255128723946926,0.0,0.0,0.0
1028,11,-296.4668,425.90683,0.0018121337,-0.072932884,0.19691235,2.1791457e-06,0.2099849432706833,2.481838140425175e-07,1.704692721580044e-05,1.9255128723946926,0.0,0.0,0.0
1029,11,-296.47043,425.9166,0.0018120575,-0.07167557,0.19351804,1.6975403e-06,0.20636525750160217,2.481838140425175e-07,1.704692721580044e-05,1.9255128723946926,0.0,0.0,0.0
1030,11,-296.47394,425.9262,0.001811943,-0.070440054,0.19018222,1.8405914e-06,0.20280799269676208,2.481838140425175e-07,1.704692721580044e-05,1.9255128723946926,0.0,0.0,0.0
1031,11,-296.47745,425.93558,0.0018118286,-0.06922587,0.18690388,1.9836425e-06,0.1993120163679123,2.481838140425175e-07,1.704692721580044e-05,1.9255128723946926,0.0,0.0,0.0
1032,11,-296.48093,425.94495,0.0018117141,-0.06803262,0.183682,1.9168854e-06,0.19587627053260803,2.481838140425175e-07,1.704692721580044e-05,1.9255128723946926,0.0,0.0,0.0
1033,11,-296.48422,425.95395,0.0018115997,-0.06685987,0.1805157,1.8453597e-06,0.1924997717142105,2.481838140425175e-07,1.704692721580044e-05,1.9255128723946926,0.0,0.0,0.0
1034,11,-296.48755,425.96292,0.0018115233,-0.06570732,0.17740403,1.3637542e-06,0.18918150663375854,2.613428383591756e-07,1.5497207298666098e-05,1.9255128723946926,0.0,0.0,0.0
1035,11,-296.49088,425.9717,0.0018114471,-0.06457472,0.17434594,1.3113022e-06,0.18592041730880737,2.613428383591756e-07,1.5497207298666098e-05,1.9255128723946926,0.0,0.0,0.0
1036,11,-296.49402,425.98032,0.0018114089,-0.06346157,0.17134053,1.25885e-06,0.18271547555923462,2.613428383591756e-07,1.5497207298666098e-05,1.9255128723946926,0.0,0.0,0.0
1037,11,-296.49713,425.9889,0.0018113327,-0.062367614,0.168387,1.5926361e-06,0.17956586182117462,2.613428383591756e-07,1.5497207298666098e-05,1.9255128723946926,0.0,0.0,0.0
1038,11,-296.50027,425.99713,0.0018112182,-0.06129247,0.16548435,1.5258788e-06,0.17647050321102142,2.613428383591756e-07,1.5497207298666098e-05,1.9255128723946926,0.0,0.0,0.0
1039,11,-296.50333,426.00534,0.001811142,-0.060235936,0.1626317,1.8644332e-06,0.173428475856781,2.613428383591756e-07,1.5497207298666098e-05,1.9255128723946926,0.0,0.0,0.0
1040,11,-296.50626,426.01346,0.0018110656,-0.059197538,0.15982823,1.783371e-06,0.17043888568878174,2.613428383591756e-07,1.5497207298666098e-05,1.9255128723946926,0.0,0.0,0.0
1041,11,-296.5092,426.02127,0.0018109512,-0.058177095,0.15707313,1.5068053e-06,0.16750086843967438,2.685701394052738e-07,1.3828276828632138e-05,1.9255128723946926,0.0,0.0,0.0
1042,11,-296.51212,426.02908,0.0018108367,-0.057174265,0.15436547,8.2015987e-07,0.16461347043514252,2.685701394052738e-07,1.3828276828632138e-05,1.9255128723946926,0.0,0.0,0.0
1043,11,-296.51495,426.03677,0.0018107987,-0.056188695,0.15170448,1.1634827e-06,0.16177582740783691,2.685701394052738e-07,1.3828276828632138e-05,1.9255128723946926,0.0,0.0,0.0
1044,11,-296.5177,426.04422,0.0018106842,-0.055220097,0.1490894,1.7356872e-06,0.1589871346950531,2.685701394052738e-07,1.3828276828632138e-05,1.9255128723946926,0.0,0.0,0.0
1045,11,-296.52042,426.05164,0.001810646,-0.054268178,0.14651938,1.4591217e-06,0.15624648332595825,2.685701394052738e-07,1.3828276828632138e-05,1.9255128723946926,0.0,0.0,0.0
1046,11,-296.52316,426.05893,0.0018105697,-0.053332713,0.14399368,1.1825562e-06,0.1535530984401703,2.685701394052738e-07,1.3828276828632138e-05,1.9255128723946926,0.0,0.0,0.0
1047,11,-296.52582,426.06598,0.0018104934,-0.05241342,0.14151157,1.3160706e-06,0.15090623497962952,2.685701394052738e-07,1.3828276828632138e-05,1.9255128723946926,0.0,0.0,0.0
1048,11,-296.52835,426.073,0.001810379,-0.05150997,0.13907224,1.0681152e-06,0.14830496907234192,2.685701394052738e-07,1.3828276828632138e-05,1.9255128723946926,0.0,0.0,0.0
1049,11,-296.53088,426.08,0.0018103027,-0.05062206,0.13667496,1.2016296e-06,0.1457485407590866,2.6063569779282145e-07,1.1801718763560664e-05,1.9255128723946926,0.0,0.0,0.0
1050,11,-296.53342,426.08664,0.0018102645,-0.04974941,0.134319,1.1539458e-06,0.1432361751794815,2.6063569779282145e-07,1.1801718763560664e-05,1.9255128723946926,0.0,0.0,0.0
1051,11,-296.53574,426.09265,0.0018164825,-0.0031240988,0.008238048,1.0728836e-06,0.008810529485344887,3.1500347036528417e-07,3.039836691241078e-05,1.9255146034494013,0.0,0.0,0.0
1052,11,-296.5357,426.09262,0.0018452834,-8.8389e-06,2.3829583e-05,2.861023e-06,2.557656443968881e-05,2.406741202812482e-07,0.00011610984113935012,1.9255154023977281,0.0,0.0,0.0
1053,11,-296.5357,426.09262,0.0018452834,3.5271978e-06,-9.623736e-06,2.7751921e-06,1.0618809938023333e-05,2.406741202812482e-07,0.00011610984113935012,1.9255154023977281,0.0,0.0,0.0
1054,11,-296.5357,426.09262,0.0018396758,6.1529126e-06,-1.6756547e-05,3.3664703e-06,1.8165168512496166e-05,2.2998937363136106e-07,9.965896160847109e-05,1.9255154023977281,0.0,0.0,0.0
1055,11,-296.5357,426.09262,0.0018323897,5.82573e-06,-1.5774755e-05,2.2268296e-06,1.6962923837127164e-05,2.334599943871225e-07,7.784365900879134e-05,1.9255154023977281,0.0,0.0,0.0
1056,11,-296.53574,426.09262,0.0018259811,4.757996e-06,-1.2830886e-05,3.2901762e-06,1.4074636965233367e-05,2.4026302379234995e-07,5.853175871761219e-05,1.9255154023977281,0.0,0.0,0.0
1057,11,-296.53574,426.09265,0.001821022,3.68512e-06,-9.907618e-06,3.4046172e-06,1.1105512385256588e-05,2.2864331756272287e-07,4.3749808640851786e-05,1.9255154023977281,0.0,0.0,0.0
1058,11,-296.53574,426.09265,0.0018172454,2.8074226e-06,-7.4525283e-06,3.5905837e-06,8.735793016967364e-06,2.3907157733842596e-07,3.2424924977482256e-05,1.9255154023977281,0.0,0.0,0.0
1059,11,-296.53574,426.09265,0.0018143844,2.0940568e-06,-5.552666e-06,3.4570694e-06,6.8679332798637915e-06,2.40830539495149e-07,2.3961066138074177e-05,1.9255154023977281,0.0,0.0,0.0
1060,11,-296.53574,426.09265,0.0018143844,0.0,-0.0,0.0,0.0,2.40830539495149e-07,2.3961066138074177e-05,1.9255154023977281,0.0,0.0,0.0
1061,11,-296.53574,426.09265,0.0018143844,0.0,-0.0,0.0,0.0,2.40830539495149e-07,2.3961066138074177e-05,1.9255154023977281,0.0,0.0,0.0
1062,11,-296.53574,426.09265,0.0018143844,0.0,-0.0,0.0,0.0,2.40830539495149e-07,2.3961066138074177e-05,1.9255154023977281,0.0,0.0,0.0
1063,11,-296.53574,426.09265,0.0018143844,0.0,-0.0,0.0,0.0,2.40830539495149e-07,2.3961066138074177e-05,1.9255154023977281,0.0,0.0,0.0
1064,11,-296.53574,426.09265,0.0018143844,0.0,-0.0,0.0,0.0,2.40830539495149e-07,2.3961066138074177e-05,1.9255154023977281,0.0,0.0,0.0
1065,11,-296.53574,426.09265,0.0018143844,0.0,-0.0,0.0,0.0,2.40830539495149e-07,2.3961066138074177e-05,1.9255154023977281,0.0,0.0,0.0
1066,11,-296.53574,426.09265,0.0018143844,0.0,-0.0,0.0,0.0,2.40830539495149e-07,2.3961066138074177e-05,1.9255154023977281,0.0,0.0,0.0
1067,11,-296.53574,426.09265,0.0018143844,0.0,-0.0,0.0,0.0,2.40830539495149e-07,2.3961066138074177e-05,1.9255154023977281,0.0,0.0,0.0
1068,11,-296.53574,426.09265,0.0018143844,0.0,-0.0,0.0,0.0,2.40830539495149e-07,2.3961066138074177e-05,1.9255154023977281,0.0,0.0,0.0
1069,11,-296.53574,426.09265,0.0018143844,0.0,-0.0,0.0,0.0,2.40830539495149e-07,2.3961066138074177e-05,1.9255154023977281,0.0,0.0,0.0
1070,11,-296.53574,426.09265,0.0018143844,0.0,-0.0,0.0,0.0,2.40830539495149e-07,2.3961066138074177e-05,1.9255154023977281,0.0,0.0,0.0
1071,11,-296.53574,426.09265,0.0018143844,0.0,-0.0,0.0,0.0,2.40830539495149e-07,2.3961066138074177e-05,1.9255154023977281,0.0,0.0,0.0
1072,11,-296.53574,426.09265,0.0018143844,0.0,-0.0,0.0,0.0,2.40830539495149e-07,2.3961066138074177e-05,1.9255154023977281,0.0,0.0,0.0
1073,11,-296.53574,426.09265,0.0018143844,0.0,-0.0,0.0,0.0,2.40830539495149e-07,2.3961066138074177e-05,1.9255154023977281,0.0,0.0,0.0
1074,11,-296.53574,426.09265,0.0018143844,0.0,-0.0,0.0,0.0,2.40830539495149e-07,2.3961066138074177e-05,1.9255154023977281,0.0,0.0,0.0
1075,11,-296.53574,426.09265,0.0018143844,0.0,-0.0,0.0,0.0,2.40830539495149e-07,2.3961066138074177e-05,1.9255154023977281,0.0,0.0,0.0
1076,11,-296.53574,426.09265,0.0018143844,0.0,-0.0,0.0,0.0,2.40830539495149e-07,2.3961066138074177e-05,1.9255154023977281,0.0,0.0,0.0
1077,11,-296.53574,426.09265,0.0018143844,0.0,-0.0,0.0,0.0,2.40830539495149e-07,2.3961066138074177e-05,1.9255154023977281,0.0,0.0,0.0
1078,11,-296.53574,426.09265,0.0018143844,0.0,-0.0,0.0,0.0,2.40830539495149e-07,2.3961066138074177e-05,1.9255154023977281,0.0,0.0,0.0
1079,11,-296.53574,426.09265,0.0018143844,0.0,-0.0,0.0,0.0,2.40830539495149e-07,2.3961066138074177e-05,1.9255154023977281,0.0,0.0,0.0
1080,11,-296.53574,426.09265,0.0018143844,0.0,-0.0,0.0,0.0,2.40830539495149e-07,2.3961066138074177e-05,1.9255154023977281,0.0,0.0,0.0
1081,11,-296.53574,426.09265,0.0018143844,0.0,-0.0,0.0,0.0,2.40830539495149e-07,2.3961066138074177e-05,1.9255154023977281,0.0,0.0,0.0
1082,11,-296.53574,426.09265,0.0018143844,0.0,-0.0,0.0,0.0,2.40830539495149e-07,2.3961066138074177e-05,1.9255154023977281,0.0,0.0,0.0
1083,11,-296.53574,426.09265,0.0018143844,0.0,-0.0,0.0,0.0,2.40830539495149e-07,2.3961066138074177e-05,1.9255154023977281,0.0,0.0,0.0
1084,11,-296.53574,426.09265,0.0018143844,0.0,-0.0,0.0,0.0,2.40830539495149e-07,2.3961066138074177e-05,1.9255154023977281,0.0,0.0,0.0
1085,11,-296.53574,426.09265,0.0018143844,0.0,-0.0,0.0,0.0,2.40830539495149e-07,2.3961066138074177e-05,1.9255154023977281,0.0,0.0,0.0
1086,11,-296.53574,426.09265,0.0018143844,0.0,-0.0,0.0,0.0,2.40830539495149e-07,2.3961066138074177e-05,1.9255154023977281,0.0,0.0,0.0
1087,11,-296.53574,426.09265,0.0018143844,0.0,-0.0,0.0,0.0,2.40830539495149e-07,2.3961066138074177e-05,1.9255154023977281,0.0,0.0,0.0
1088,11,-296.53574,426.09265,0.0018143844,0.0,-0.0,0.0,0.0,2.40830539495149e-07,2.3961066138074177e-05,1.9255154023977281,0.0,0.0,0.0
1089,11,-296.53574,426.09265,0.0018143844,0.0,-0.0,0.0,0.0,2.40830539495149e-07,2.3961066138074177e-05,1.9255154023977281,0.0,0.0,0.0
1090,11,-296.53574,426.09265,0.0018143844,0.0,-0.0,0.0,0.0,2.40830539495149e-07,2.3961066138074177e-05,1.9255154023977281,0.0,0.0,0.0
1091,11,-296.53574,426.09265,0.0018143844,0.0,-0.0,0.0,0.0,2.40830539495149e-07,2.3961066138074177e-05,1.9255154023977281,0.0,0.0,0.0
1092,11,-296.53574,426.09265,0.0018143844,0.0,-0.0,0.0,0.0,2.40830539495149e-07,2.3961066138074177e-05,1.9255154023977281,0.0,0.0,0.0
1093,11,-296.53574,426.09265,0.0018143844,0.0,-0.0,0.0,0.0,2.40830539495149e-07,2.3961066138074177e-05,1.9255154023977281,0.0,0.0,0.0
1094,11,-296.53574,426.09265,0.0018143844,0.0,-0.0,0.0,0.0,2.40830539495149e-07,2.3961066138074177e-05,1.9255154023977281,0.0,0.0,0.0
1095,11,-296.53574,426.09265,0.0018143844,0.0,-0.0,0.0,0.0,2.40830539495149e-07,2.3961066138074177e-05,1.9255154023977281,0.0,0.0,0.0
1096,11,-296.53574,426.09265,0.0018143844,0.0,-0.0,0.0,0.0,2.40830539495149e-07,2.3961066138074177e-05,1.9255154023977281,0.0,0.0,0.0
1097,11,-296.53574,426.09265,0.0018143844,0.0,-0.0,0.0,0.0,2.40830539495149e-07,2.3961066138074177e-05,1.9255154023977281,0.0,0.0,0.0
1098,11,-296.53574,426.09265,0.0018143844,0.0,-0.0,0.0,0.0,2.40830539495149e-07,2.3961066138074177e-05,1.9255154023977281,0.0,0.0,0.0
1099,11,-296.53574,426.09265,0.0018143844,0.0,-0.0,0.0,0.0,2.40830539495149e-07,2.3961066138074177e-05,1.9255154023977281,0.0,0.0,0.0
1100,11,-296.53574,426.09265,0.0018143844,0.0,-0.0,0.0,0.0,2.40830539495149e-07,2.3961066138074177e-05,1.9255154023977281,0.0,0.0,0.0
1101,11,-296.53574,426.09265,0.0018143844,0.0,-0.0,0.0,0.0,2.40830539495149e-07,2.3961066138074177e-05,1.9255154023977281,0.0,0.0,0.0
1102,11,-296.53574,426.09265,0.0018143844,0.0,-0.0,0.0,0.0,2.40830539495149e-07,2.3961066138074177e-05,1.9255154023977281,0.0,0.0,0.0
1103,11,-296.53574,426.09265,0.0018143844,0.0,-0.0,0.0,0.0,2.40830539495149e-07,2.3961066138074177e-05,1.9255154023977281,0.0,0.0,0.0
1104,11,-296.53574,426.09265,0.0018143844,0.0,-0.0,0.0,0.0,2.40830539495149e-07,2.3961066138074177e-05,1.9255154023977281,0.0,0.0,0.0
1105,11,-296.53574,426.09265,0.0018143844,0.0,-0.0,0.0,0.0,2.40830539495149e-07,2.3961066138074177e-05,1.9255154023977281,0.0,0.0,0.0
1106,11,-296.53574,426.09265,0.0018143844,0.0,-0.0,0.0,0.0,2.40830539495149e-07,2.3961066138074177e-05,1.9255154023977281,0.0,0.0,0.0
1107,11,-296.53574,426.09265,0.0018143844,0.0,-0.0,0.0,0.0,2.40830539495149e-07,2.3961066138074177e-05,1.9255154023977281,0.0,0.0,0.0
1108,11,-296.53574,426.09265,0.0018143844,0.0,-0.0,0.0,0.0,2.40830539495149e-07,2.3961066138074177e-05,1.9255154023977281,0.0,0.0,0.0
1109,11,-296.53574,426.09265,0.0018143844,0.0,-0.0,0.0,0.0,2.40830539495149e-07,2.3961066138074177e-05,1.9255154023977281,0.0,0.0,0.0
1110,11,-296.53574,426.09265,0.0018143844,0.0,-0.0,0.0,0.0,2.40830539495149e-07,2.3961066138074177e-05,1.9255154023977281,0.0,0.0,0.0
1111,11,-296.53574,426.09265,0.0018143844,0.0,-0.0,0.0,0.0,2.40830539495149e-07,2.3961066138074177e-05,1.9255154023977281,0.0,0.0,0.0
1112,11,-296.53574,426.09265,0.0018143844,0.0,-0.0,0.0,0.0,2.40830539495149e-07,2.3961066138074177e-05,1.9255154023977281,0.0,0.0,0.0
1113,11,-296.53574,426.09265,0.0018143844,0.0,-0.0,0.0,0.0,2.40830539495149e-07,2.3961066138074177e-05,1.9255154023977281,0.0,0.0,0.0
1114,11,-296.53574,426.09265,0.0018143844,0.0,-0.0,0.0,0.0,2.40830539495149e-07,2.3961066138074177e-05,1.9255154023977281,0.0,0.0,0.0
1115,11,-296.53574,426.09265,0.0018143844,0.0,-0.0,0.0,0.0,2.40830539495149e-07,2.3961066138074177e-05,1.9255154023977281,0.0,0.0,0.0
1116,11,-296.53574,426.09265,0.0018143844,0.0,-0.0,0.0,0.0,2.40830539495149e-07,2.3961066138074177e-05,1.9255154023977281,0.0,0.0,0.0
1117,11,-296.53574,426.09265,0.0018143844,0.0,-0.0,0.0,0.0,2.40830539495149e-07,2.3961066138074177e-05,1.9255154023977281,0.0,0.0,0.0
1118,11,-296.53574,426.09265,0.0018143844,0.0,-0.0,0.0,0.0,2.40830539495149e-07,2.3961066138074177e-05,1.9255154023977281,0.0,0.0,0.0
1119,11,-296.53574,426.09265,0.0018143844,0.0,-0.0,0.0,0.0,2.40830539495149e-07,2.3961066138074177e-05,1.9255154023977281,0.0,0.0,0.0
1120,11,-296.53574,426.09265,0.0018143844,0.0,-0.0,0.0,0.0,2.40830539495149e-07,2.3961066138074177e-05,1.9255154023977281,0.0,0.0,0.0
1121,11,-296.53574,426.09265,0.0018143844,0.0,-0.0,0.0,0.0,2.40830539495149e-07,2.3961066138074177e-05,1.9255154023977281,0.0,0.0,0.0
1122,11,-296.53574,426.09265,0.0018143844,0.0,-0.0,0.0,0.0,2.40830539495149e-07,2.3961066138074177e-05,1.9255154023977281,0.0,0.0,0.0
1123,11,-296.53574,426.09265,0.0018143844,0.0,-0.0,0.0,0.0,2.40830539495149e-07,2.3961066138074177e-05,1.9255154023977281,0.0,0.0,0.0
1124,11,-296.53574,426.09265,0.0018143844,0.0,-0.0,0.0,0.0,2.40830539495149e-07,2.3961066138074177e-05,1.9255154023977281,0.0,0.0,0.0
1125,11,-296.53574,426.09265,0.0018143844,0.0,-0.0,0.0,0.0,2.40830539495149e-07,2.3961066138074177e-05,1.9255154023977281,0.0,0.0,0.0
1126,11,-296.53574,426.09265,0.0018143844,0.0,-0.0,0.0,0.0,2.40830539495149e-07,2.3961066138074177e-05,1.9255154023977281,0.0,0.0,0.0
1127,11,-296.53574,426.09265,0.0018143844,0.0,-0.0,0.0,0.0,2.40830539495149e-07,2.3961066138074177e-05,1.9255154023977281,0.0,0.0,0.0
1128,11,-296.53574,426.09265,0.0018143844,0.0,-0.0,0.0,0.0,2.40830539495149e-07,2.3961066138074177e-05,1.9255154023977281,0.0,0.0,0.0
1129,11,-296.53574,426.09265,0.0018143844,0.0,-0.0,0.0,0.0,2.40830539495149e-07,2.3961066138074177e-05,1.9255154023977281,0.0,0.0,0.0
1130,11,-296.53574,426.09265,0.0018143844,0.0,-0.0,0.0,0.0,2.40830539495149e-07,2.3961066138074177e-05,1.9255154023977281,0.0,0.0,0.0
1131,11,-296.53574,426.09265,0.0018143844,0.0,-0.0,0.0,0.0,2.40830539495149e-07,2.3961066138074177e-05,1.9255154023977281,0.0,0.0,0.0
1132,11,-296.53574,426.09265,0.0018143844,0.0,-0.0,0.0,0.0,2.40830539495149e-07,2.3961066138074177e-05,1.9255154023977281,0.0,0.0,0.0
1133,11,-296.53574,426.09265,0.0018143844,0.0,-0.0,0.0,0.0,2.40830539495149e-07,2.3961066138074177e-05,1.9255154023977281,0.0,0.0,0.0
1134,11,-296.53574,426.09265,0.0018143844,0.0,-0.0,0.0,0.0,2.40830539495149e-07,2.3961066138074177e-05,1.9255154023977281,0.0,0.0,0.0
1135,11,-296.53574,426.09265,0.0018143844,0.0,-0.0,0.0,0.0,2.40830539495149e-07,2.3961066138074177e-05,1.9255154023977281,0.0,0.0,0.0
1136,11,-296.53574,426.09265,0.0018143844,0.0,-0.0,0.0,0.0,2.40830539495149e-07,2.3961066138074177e-05,1.9255154023977281,0.0,0.0,0.0
1137,11,-296.53574,426.09265,0.0018143844,0.0,-0.0,0.0,0.0,2.40830539495149e-07,2.3961066138074177e-05,1.9255154023977281,0.0,0.0,0.0
1138,11,-296.53574,426.09265,0.0018143844,0.0,-0.0,0.0,0.0,2.40830539495149e-07,2.3961066138074177e-05,1.9255154023977281,0.0,0.0,0.0
1139,11,-296.53574,426.09265,0.0018143844,0.0,-0.0,0.0,0.0,2.40830539495149e-07,2.3961066138074177e-05,1.9255154023977281,0.0,0.0,0.0
1140,11,-296.53574,426.09265,0.0018143844,0.0,-0.0,0.0,0.0,2.40830539495149e-07,2.3961066138074177e-05,1.9255154023977281,0.0,0.0,0.0
1141,11,-296.53574,426.09265,0.0018143844,0.0,-0.0,0.0,0.0,2.40830539495149e-07,2.3961066138074177e-05,1.9255154023977281,0.0,0.0,0.0
1142,11,-296.53574,426.09265,0.0018143844,0.0,-0.0,0.0,0.0,2.40830539495149e-07,2.3961066138074177e-05,1.9255154023977281,0.0,0.0,0.0
1143,11,-296.53574,426.09265,0.0018143844,0.0,-0.0,0.0,0.0,2.40830539495149e-07,2.3961066138074177e-05,1.9255154023977281,0.0,0.0,0.0
1144,11,-296.53574,426.09265,0.0018143844,0.0,-0.0,0.0,0.0,2.40830539495149e-07,2.3961066138074177e-05,1.9255154023977281,0.0,0.0,0.0
1145,11,-296.53574,426.09265,0.0018143844,0.0,-0.0,0.0,0.0,2.40830539495149e-07,2.3961066138074177e-05,1.9255154023977281,0.0,0.0,0.0
1146,11,-296.53574,426.09265,0.0018143844,0.0,-0.0,0.0,0.0,2.40830539495149e-07,2.3961066138074177e-05,1.9255154023977281,0.0,0.0,0.0
1147,11,-296.53574,426.09265,0.0018143844,0.0,-0.0,0.0,0.0,2.40830539495149e-07,2.3961066138074177e-05,1.9255154023977281,0.0,0.0,0.0
1148,11,-296.53574,426.09265,0.0018143844,0.0,-0.0,0.0,0.0,2.40830539495149e-07,2.3961066138074177e-05,1.9255154023977281,0.0,0.0,0.0
1149,11,-296.53574,426.09265,0.0018143844,0.0,-0.0,0.0,0.0,2.40830539495149e-07,2.3961066138074177e-05,1.9255154023977281,0.0,0.0,0.0
1150,11,-296.53574,426.09265,0.0018143844,0.0,-0.0,0.0,0.0,2.40830539495149e-07,2.3961066138074177e-05,1.9255154023977281,0.0,0.0,0.0
1151,11,-296.53574,426.09265,0.0018143844,0.0,-0.0,0.0,0.0,2.40830539495149e-07,2.3961066138074177e-05,1.9255154023977281,0.0,0.0,0.0
1152,11,-296.53574,426.09265,0.0018143844,0.0,-0.0,0.0,0.0,2.40830539495149e-07,2.3961066138074177e-05,1.9255154023977281,0.0,0.0,0.0
1153,11,-296.53574,426.09265,0.0018143844,0.0,-0.0,0.0,0.0,2.40830539495149e-07,2.3961066138074177e-05,1.9255154023977281,0.0,0.0,0.0
1154,11,-296.53574,426.09265,0.0018143844,0.0,-0.0,0.0,0.0,2.40830539495149e-07,2.3961066138074177e-05,1.9255154023977281,0.0,0.0,0.0
1155,11,-296.53574,426.09265,0.0018143844,0.0,-0.0,0.0,0.0,2.40830539495149e-07,2.3961066138074177e-05,1.9255154023977281,0.0,0.0,0.0
1156,11,-296.53574,426.09265,0.0018143844,0.0,-0.0,0.0,0.0,2.40830539495149e-07,2.3961066138074177e-05,1.9255154023977281,0.0,0.0,0.0
1157,11,-296.53574,426.09265,0.0018143844,0.0,-0.0,0.0,0.0,2.40830539495149e-07,2.3961066138074177e-05,1.9255154023977281,0.0,0.0,0.0
1158,11,-296.53574,426.09265,0.0018143844,0.0,-0.0,0.0,0.0,2.40830539495149e-07,2.3961066138074177e-05,1.9255154023977281,0.0,0.0,0.0
1159,11,-296.53574,426.09265,0.0018143844,0.0,-0.0,0.0,0.0,2.40830539495149e-07,2.3961066138074177e-05,1.9255154023977281,0.0,0.0,0.0
1160,11,-296.53574,426.09265,0.0018143844,0.0,-0.0,0.0,0.0,2.40830539495149e-07,2.3961066138074177e-05,1.9255154023977281,0.0,0.0,0.0
1161,11,-296.53574,426.09265,0.0018143844,0.0,-0.0,0.0,0.0,2.40830539495149e-07,2.3961066138074177e-05,1.9255154023977281,0.0,0.0,0.0
1162,11,-296.53574,426.09265,0.0018143844,0.0,-0.0,0.0,0.0,2.40830539495149e-07,2.3961066138074177e-05,1.9255154023977281,0.0,0.0,0.0
1163,11,-296.53574,426.09265,0.0018143844,0.0,-0.0,0.0,0.0,2.40830539495149e-07,2.3961066138074177e-05,1.9255154023977281,0.0,0.0,0.0
1164,11,-296.53574,426.09265,0.0018143844,0.0,-0.0,0.0,0.0,2.40830539495149e-07,2.3961066138074177e-05,1.9255154023977281,0.0,0.0,0.0
1165,11,-296.53574,426.09265,0.0018143844,0.0,-0.0,0.0,0.0,2.40830539495149e-07,2.3961066138074177e-05,1.9255154023977281,0.0,0.0,0.0
1166,11,-296.53574,426.09265,0.0018143844,0.0,-0.0,0.0,0.0,2.40830539495149e-07,2.3961066138074177e-05,1.9255154023977281,0.0,0.0,0.0
1167,11,-296.53574,426.09265,0.0018143844,0.0,-0.0,0.0,0.0,2.40830539495149e-07,2.3961066138074177e-05,1.9255154023977281,0.0,0.0,0.0
1168,11,-296.53574,426.09265,0.0018143844,0.0,-0.0,0.0,0.0,2.40830539495149e-07,2.3961066138074177e-05,1.9255154023977281,0.0,0.0,0.0
1169,11,-296.53574,426.09265,0.0018143844,0.0,-0.0,0.0,0.0,2.40830539495149e-07,2.3961066138074177e-05,1.9255154023977281,0.0,0.0,0.0
1170,11,-296.53574,426.09265,0.0018143844,0.0,-0.0,0.0,0.0,2.40830539495149e-07,2.3961066138074177e-05,1.9255154023977281,0.0,0.0,0.0
1171,11,-296.53574,426.09265,0.0018143844,0.0,-0.0,0.0,0.0,2.40830539495149e-07,2.3961066138074177e-05,1.9255154023977281,0.0,0.0,0.0
1172,11,-296.53574,426.09265,0.0018143844,0.0,-0.0,0.0,0.0,2.40830539495149e-07,2.3961066138074177e-05,1.9255154023977281,0.0,0.0,0.0
1173,11,-296.53574,426.09265,0.0018143844,0.0,-0.0,0.0,0.0,2.40830539495149e-07,2.3961066138074177e-05,1.9255154023977281,0.0,0.0,0.0
1174,11,-296.53574,426.09265,0.0018143844,0.0,-0.0,0.0,0.0,2.40830539495149e-07,2.3961066138074177e-05,1.9255154023977281,0.0,0.0,0.0
1175,11,-296.53574,426.09265,0.0018143844,0.0,-0.0,0.0,0.0,2.40830539495149e-07,2.3961066138074177e-05,1.9255154023977281,0.0,0.0,0.0
1176,11,-296.53574,426.09265,0.0018143844,0.0,-0.0,0.0,0.0,2.40830539495149e-07,2.3961066138074177e-05,1.9255154023977281,0.0,0.0,0.0
1177,11,-296.53574,426.09265,0.0018143844,0.0,-0.0,0.0,0.0,2.40830539495149e-07,2.3961066138074177e-05,1.9255154023977281,0.0,0.0,0.0
1178,11,-296.53574,426.09265,0.0018143844,0.0,-0.0,0.0,0.0,2.40830539495149e-07,2.3961066138074177e-05,1.9255154023977281,0.0,0.0,0.0
1179,11,-296.53574,426.09265,0.0018143844,0.0,-0.0,0.0,0.0,2.40830539495149e-07,2.3961066138074177e-05,1.9255154023977281,0.0,0.0,0.0
1180,11,-296.53574,426.09265,0.0018143844,0.0,-0.0,0.0,0.0,2.40830539495149e-07,2.3961066138074177e-05,1.9255154023977281,0.0,0.0,0.0
1181,11,-296.53574,426.09265,0.0018143844,0.0,-0.0,0.0,0.0,2.40830539495149e-07,2.3961066138074177e-05,1.9255154023977281,0.0,0.0,0.0
1182,11,-296.53574,426.09265,0.0018143844,0.0,-0.0,0.0,0.0,2.40830539495149e-07,2.3961066138074177e-05,1.9255154023977281,0.0,0.0,0.0
1183,11,-296.53574,426.09265,0.0018143844,0.0,-0.0,0.0,0.0,2.40830539495149e-07,2.3961066138074177e-05,1.9255154023977281,0.0,0.0,0.0
1184,11,-296.53574,426.09265,0.0018143844,0.0,-0.0,0.0,0.0,2.40830539495149e-07,2.3961066138074177e-05,1.9255154023977281,0.0,0.0,0.0
1185,11,-296.53574,426.09265,0.0018143844,0.0,-0.0,0.0,0.0,2.40830539495149e-07,2.3961066138074177e-05,1.9255154023977281,0.0,0.0,0.0
1186,11,-296.53574,426.09265,0.0018143844,0.0,-0.0,0.0,0.0,2.40830539495149e-07,2.3961066138074177e-05,1.9255154023977281,0.0,0.0,0.0
1187,11,-296.53574,426.09265,0.0018143844,0.0,-0.0,0.0,0.0,2.40830539495149e-07,2.3961066138074177e-05,1.9255154023977281,0.0,0.0,0.0
1188,11,-296.53574,426.09265,0.0018143844,0.0,-0.0,0.0,0.0,2.40830539495149e-07,2.3961066138074177e-05,1.9255154023977281,0.0,0.0,0.0
1189,11,-296.53574,426.09265,0.0018143844,0.0,-0.0,0.0,0.0,2.40830539495149e-07,2.3961066138074177e-05,1.9255154023977281,0.0,0.0,0.0
1190,11,-296.53574,426.09265,0.0018143844,0.0,-0.0,0.0,0.0,2.40830539495149e-07,2.3961066138074177e-05,1.9255154023977281,0.0,0.0,0.0
1191,11,-296.53574,426.09265,0.0018143844,0.0,-0.0,0.0,0.0,2.40830539495149e-07,2.3961066138074177e-05,1.9255154023977281,0.0,0.0,0.0
1192,11,-296.53574,426.09265,0.0018143844,0.0,-0.0,0.0,0.0,2.40830539495149e-07,2.3961066138074177e-05,1.9255154023977281,0.0,0.0,0.0
1193,11,-296.53574,426.09265,0.0018143844,0.0,-0.0,0.0,0.0,2.40830539495149e-07,2.3961066138074177e-05,1.9255154023977281,0.0,0.0,0.0
1194,11,-296.53574,426.09265,0.0018143844,0.0,-0.0,0.0,0.0,2.40830539495149e-07,2.3961066138074177e-05,1.9255154023977281,0.0,0.0,0.0
1195,11,-296.53574,426.09265,0.0018143844,0.0,-0.0,0.0,0.0,2.40830539495149e-07,2.3961066138074177e-05,1.9255154023977281,0.0,0.0,0.0
1196,11,-296.53574,426.09265,0.0018143844,0.0,-0.0,0.0,0.0,2.40830539495149e-07,2.3961066138074177e-05,1.9255154023977281,0.0,0.0,0.0
1197,11,-296.53574,426.09265,0.0018143844,0.0,-0.0,0.0,0.0,2.40830539495149e-07,2.3961066138074177e-05,1.9255154023977281,0.0,0.0,0.0
1198,11,-296.53574,426.09265,0.0018143844,0.0,-0.0,0.0,0.0,2.40830539495149e-07,2.3961066138074177e-05,1.9255154023977281,0.0,0.0,0.0
1199,11,-296.53574,426.09265,0.0018143844,0.0,-0.0,0.0,0.0,2.40830539495149e-07,2.3961066138074177e-05,1.9255154023977281,0.0,0.0,0.0
1200,11,-296.53574,426.09265,0.0018143844,0.0,-0.0,0.0,0.0,2.40830539495149e-07,2.3961066138074177e-05,1.9255154023977281,0.0,0.0,0.0
1201,11,-296.53574,426.09265,0.0018143844,0.0,-0.0,0.0,0.0,2.40830539495149e-07,2.3961066138074177e-05,1.9255154023977281,0.0,0.0,0.0
1202,11,-296.53574,426.09265,0.0018143844,0.0,-0.0,0.0,0.0,2.40830539495149e-07,2.3961066138074177e-05,1.9255154023977281,0.0,0.0,0.0
1203,11,-296.53574,426.09265,0.0018143844,0.0,-0.0,0.0,0.0,2.40830539495149e-07,2.3961066138074177e-05,1.9255154023977281,0.0,0.0,0.0
1204,11,-296.53574,426.09265,0.0018143844,0.0,-0.0,0.0,0.0,2.40830539495149e-07,2.3961066138074177e-05,1.9255154023977281,0.0,0.0,0.0
1205,11,-296.53574,426.09265,0.0018143844,0.0,-0.0,0.0,0.0,2.40830539495149e-07,2.3961066138074177e-05,1.9255154023977281,0.0,0.0,0.0
1206,11,-296.53574,426.09265,0.0018143844,0.0,-0.0,0.0,0.0,2.40830539495149e-07,2.3961066138074177e-05,1.9255154023977281,0.0,0.0,0.0
1207,11,-296.53574,426.09265,0.0018143844,0.0,-0.0,0.0,0.0,2.40830539495149e-07,2.3961066138074177e-05,1.9255154023977281,0.0,0.0,0.0
1208,11,-296.53574,426.09265,0.0018143844,0.0,-0.0,0.0,0.0,2.40830539495149e-07,2.3961066138074177e-05,1.9255154023977281,0.0,0.0,0.0
1209,11,-296.53574,426.09265,0.0018143844,0.0,-0.0,0.0,0.0,2.40830539495149e-07,2.3961066138074177e-05,1.9255154023977281,0.0,0.0,0.0
1210,11,-296.53574,426.09265,0.0018143844,0.0,-0.0,0.0,0.0,2.40830539495149e-07,2.3961066138074177e-05,1.9255154023977281,0.0,0.0,0.0
1211,11,-296.53574,426.09265,0.0018143844,0.0,-0.0,0.0,0.0,2.40830539495149e-07,2.3961066138074177e-05,1.9255154023977281,0.0,0.0,0.0
1212,11,-296.53574,426.09265,0.0018143844,0.0,-0.0,0.0,0.0,2.40830539495149e-07,2.3961066138074177e-05,1.9255154023977281,0.0,0.0,0.0
1213,11,-296.53574,426.09265,0.0018143844,0.0,-0.0,0.0,0.0,2.40830539495149e-07,2.3961066138074177e-05,1.9255154023977281,0.0,0.0,0.0
1214,11,-296.53574,426.09265,0.0018143844,0.0,-0.0,0.0,0.0,2.40830539495149e-07,2.3961066138074177e-05,1.9255154023977281,0.0,0.0,0.0
1215,11,-296.53574,426.09265,0.0018143844,0.0,-0.0,0.0,0.0,2.40830539495149e-07,2.3961066138074177e-05,1.9255154023977281,0.0,0.0,0.0
1216,11,-296.53574,426.09265,0.0018143844,0.0,-0.0,0.0,0.0,2.40830539495149e-07,2.3961066138074177e-05,1.9255154023977281,0.0,0.0,0.0
1217,11,-296.53574,426.09265,0.0018143844,0.0,-0.0,0.0,0.0,2.40830539495149e-07,2.3961066138074177e-05,1.9255154023977281,0.0,0.0,0.0
1218,11,-296.53574,426.09265,0.0018143844,0.0,-0.0,0.0,0.0,2.40830539495149e-07,2.3961066138074177e-05,1.9255154023977281,0.0,0.0,0.0
1219,11,-296.53574,426.09265,0.0018143844,0.0,-0.0,0.0,0.0,2.40830539495149e-07,2.3961066138074177e-05,1.9255154023977281,0.0,0.0,0.0
1220,11,-296.53574,426.09265,0.0018143844,0.0,-0.0,0.0,0.0,2.40830539495149e-07,2.3961066138074177e-05,1.9255154023977281,0.0,0.0,0.0
1221,11,-296.53574,426.09265,0.0018143844,0.0,-0.0,0.0,0.0,2.40830539495149e-07,2.3961066138074177e-05,1.9255154023977281,0.0,0.0,0.0
1222,11,-296.53574,426.09265,0.0018143844,0.0,-0.0,0.0,0.0,2.40830539495149e-07,2.3961066138074177e-05,1.9255154023977281,0.0,0.0,0.0
1223,11,-296.53574,426.09265,0.0018143844,0.0,-0.0,0.0,0.0,2.40830539495149e-07,2.3961066138074177e-05,1.9255154023977281,0.0,0.0,0.0
1224,11,-296.53574,426.09265,0.0018143844,0.0,-0.0,0.0,0.0,2.40830539495149e-07,2.3961066138074177e-05,1.9255154023977281,0.0,0.0,0.0
1225,11,-296.53574,426.09265,0.0018143844,0.0,-0.0,0.0,0.0,2.40830539495149e-07,2.3961066138074177e-05,1.9255154023977281,0.0,0.0,0.0
1226,11,-296.53574,426.09265,0.0018143844,0.0,-0.0,0.0,0.0,2.40830539495149e-07,2.3961066138074177e-05,1.9255154023977281,0.0,0.0,0.0
1227,11,-296.53574,426.09265,0.0018143844,0.0,-0.0,0.0,0.0,2.40830539495149e-07,2.3961066138074177e-05,1.9255154023977281,0.0,0.0,0.0
1228,11,-296.53574,426.09265,0.0018143844,0.0,-0.0,0.0,0.0,2.40830539495149e-07,2.3961066138074177e-05,1.9255154023977281,0.0,0.0,0.0
1229,11,-296.53574,426.09265,0.0018143844,0.0,-0.0,0.0,0.0,2.40830539495149e-07,2.3961066138074177e-05,1.9255154023977281,0.0,0.0,0.0
1230,11,-296.53574,426.09265,0.0018143844,0.0,-0.0,0.0,0.0,2.40830539495149e-07,2.3961066138074177e-05,1.9255154023977281,0.0,0.0,0.0
1231,11,-296.53574,426.09265,0.0018143844,0.0,-0.0,0.0,0.0,2.40830539495149e-07,2.3961066138074177e-05,1.9255154023977281,0.0,0.0,0.0
1232,11,-296.53574,426.09265,0.0018143844,0.0,-0.0,0.0,0.0,2.40830539495149e-07,2.3961066138074177e-05,1.9255154023977281,0.0,0.0,0.0
1233,11,-296.53574,426.09265,0.0018143844,0.0,-0.0,0.0,0.0,2.40830539495149e-07,2.3961066138074177e-05,1.9255154023977281,0.0,0.0,0.0
1234,11,-296.53574,426.09265,0.0018143844,0.0,-0.0,0.0,0.0,2.40830539495149e-07,2.3961066138074177e-05,1.9255154023977281,0.0,0.0,0.0
1235,11,-296.53574,426.09265,0.0018143844,0.0,-0.0,0.0,0.0,2.40830539495149e-07,2.3961066138074177e-05,1.9255154023977281,0.0,0.0,0.0
1236,11,-296.53574,426.09265,0.0018143844,0.0,-0.0,0.0,0.0,2.40830539495149e-07,2.3961066138074177e-05,1.9255154023977281,0.0,0.0,0.0
1237,11,-296.53574,426.09265,0.0018143844,0.0,-0.0,0.0,0.0,2.40830539495149e-07,2.3961066138074177e-05,1.9255154023977281,0.0,0.0,0.0
1238,11,-296.53574,426.09265,0.0018143844,0.0,-0.0,0.0,0.0,2.40830539495149e-07,2.3961066138074177e-05,1.9255154023977281,0.0,0.0,0.0
1239,11,-296.53574,426.09265,0.0018143844,0.0,-0.0,0.0,0.0,2.40830539495149e-07,2.3961066138074177e-05,1.9255154023977281,0.0,0.0,0.0
1240,11,-296.53574,426.09265,0.0018143844,0.0,-0.0,0.0,0.0,2.40830539495149e-07,2.3961066138074177e-05,1.9255154023977281,0.0,0.0,0.0
1241,11,-296.53574,426.09265,0.0018143844,0.0,-0.0,0.0,0.0,2.40830539495149e-07,2.3961066138074177e-05,1.9255154023977281,0.0,0.0,0.0
1242,11,-296.53574,426.09265,0.0018143844,0.0,-0.0,0.0,0.0,2.40830539495149e-07,2.3961066138074177e-05,1.9255154023977281,0.0,0.0,0.0
1243,11,-296.53574,426.09265,0.0018143844,0.0,-0.0,0.0,0.0,2.40830539495149e-07,2.3961066138074177e-05,1.9255154023977281,0.0,0.0,0.0
1244,11,-296.53574,426.09265,0.0018143844,0.0,-0.0,0.0,0.0,2.40830539495149e-07,2.3961066138074177e-05,1.9255154023977281,0.0,0.0,0.0
1245,11,-296.53574,426.09265,0.0018143844,0.0,-0.0,0.0,0.0,2.40830539495149e-07,2.3961066138074177e-05,1.9255154023977281,0.0,0.0,0.0
1246,11,-296.53574,426.09265,0.0018143844,0.0,-0.0,0.0,0.0,2.40830539495149e-07,2.3961066138074177e-05,1.9255154023977281,0.0,0.0,0.0
1247,11,-296.53574,426.09265,0.0018143844,0.0,-0.0,0.0,0.0,2.40830539495149e-07,2.3961066138074177e-05,1.9255154023977281,0.0,0.0,0.0
1248,11,-296.53574,426.09265,0.0018143844,0.0,-0.0,0.0,0.0,2.40830539495149e-07,2.3961066138074177e-05,1.9255154023977281,0.0,0.0,0.0
1249,11,-296.53574,426.09265,0.0018143844,0.0,-0.0,0.0,0.0,2.40830539495149e-07,2.3961066138074177e-05,1.9255154023977281,0.0,0.0,0.0
1250,11,-296.53574,426.09265,0.0018143844,0.0,-0.0,0.0,0.0,2.40830539495149e-07,2.3961066138074177e-05,1.9255154023977281,0.0,0.0,0.0
1251,11,-296.53574,426.09265,0.0018143844,0.0,-0.0,0.0,0.0,2.40830539495149e-07,2.3961066138074177e-05,1.9255154023977281,0.0,0.0,0.0
1252,11,-296.53574,426.09265,0.0018143844,0.0,-0.0,0.0,0.0,2.40830539495149e-07,2.3961066138074177e-05,1.9255154023977281,0.0,0.0,0.0
1253,11,-296.53574,426.09265,0.0018143844,0.0,-0.0,0.0,0.0,2.40830539495149e-07,2.3961066138074177e-05,1.9255154023977281,0.0,0.0,0.0
1254,11,-296.53574,426.09265,0.0018143844,0.0,-0.0,0.0,0.0,2.40830539495149e-07,2.3961066138074177e-05,1.9255154023977281,0.0,0.0,0.0
1255,11,-296.53574,426.09265,0.0018143844,0.0,-0.0,0.0,0.0,2.40830539495149e-07,2.3961066138074177e-05,1.9255154023977281,0.0,0.0,0.0
1256,11,-296.53574,426.09265,0.0018143844,0.0,-0.0,0.0,0.0,2.40830539495149e-07,2.3961066138074177e-05,1.9255154023977281,0.0,0.0,0.0
1257,11,-296.53574,426.09265,0.0018143844,0.0,-0.0,0.0,0.0,2.40830539495149e-07,2.3961066138074177e-05,1.9255154023977281,0.0,0.0,0.0
1258,11,-296.53574,426.09265,0.0018143844,0.0,-0.0,0.0,0.0,2.40830539495149e-07,2.3961066138074177e-05,1.9255154023977281,0.0,0.0,0.0
1259,11,-296.53574,426.09265,0.0018143844,0.0,-0.0,0.0,0.0,2.40830539495149e-07,2.3961066138074177e-05,1.9255154023977281,0.0,0.0,0.0
1260,11,-296.53574,426.09265,0.0018143844,0.0,-0.0,0.0,0.0,2.40830539495149e-07,2.3961066138074177e-05,1.9255154023977281,0.0,0.0,0.0
1261,11,-296.53574,426.09265,0.0018143844,0.0,-0.0,0.0,0.0,2.40830539495149e-07,2.3961066138074177e-05,1.9255154023977281,0.0,0.0,0.0
1262,11,-296.53574,426.09265,0.0018143844,0.0,-0.0,0.0,0.0,2.40830539495149e-07,2.3961066138074177e-05,1.9255154023977281,0.0,0.0,0.0
1263,11,-296.53574,426.09265,0.0018143844,0.0,-0.0,0.0,0.0,2.40830539495149e-07,2.3961066138074177e-05,1.9255154023977281,0.0,0.0,0.0
1264,11,-296.53574,426.09265,0.0018143844,0.0,-0.0,0.0,0.0,2.40830539495149e-07,2.3961066138074177e-05,1.9255154023977281,0.0,0.0,0.0
1265,11,-296.53574,426.09265,0.0018143844,0.0,-0.0,0.0,0.0,2.40830539495149e-07,2.3961066138074177e-05,1.9255154023977281,0.0,0.0,0.0
1266,11,-296.53574,426.09265,0.0018143844,0.0,-0.0,0.0,0.0,2.40830539495149e-07,2.3961066138074177e-05,1.9255154023977281,0.0,0.0,0.0
1267,11,-296.53574,426.09265,0.0018143844,0.0,-0.0,0.0,0.0,2.40830539495149e-07,2.3961066138074177e-05,1.9255154023977281,0.0,0.0,0.0
1268,11,-296.53574,426.09265,0.0018143844,0.0,-0.0,0.0,0.0,2.40830539495149e-07,2.3961066138074177e-05,1.9255154023977281,0.0,0.0,0.0
1269,11,-296.53574,426.09265,0.0018143844,0.0,-0.0,0.0,0.0,2.40830539495149e-07,2.3961066138074177e-05,1.9255154023977281,0.0,0.0,0.0
1270,11,-296.53574,426.09265,0.0018143844,0.0,-0.0,0.0,0.0,2.40830539495149e-07,2.3961066138074177e-05,1.9255154023977281,0.0,0.0,0.0
1271,11,-296.53574,426.09265,0.0018143844,0.0,-0.0,0.0,0.0,2.40830539495149e-07,2.3961066138074177e-05,1.9255154023977281,0.0,0.0,0.0
1272,11,-296.53574,426.09265,0.0018143844,0.0,-0.0,0.0,0.0,2.40830539495149e-07,2.3961066138074177e-05,1.9255154023977281,0.0,0.0,0.0
1273,11,-296.53574,426.09265,0.0018143844,0.0,-0.0,0.0,0.0,2.40830539495149e-07,2.3961066138074177e-05,1.9255154023977281,0.0,0.0,0.0
1274,11,-296.53574,426.09265,0.0018143844,0.0,-0.0,0.0,0.0,2.40830539495149e-07,2.3961066138074177e-05,1.9255154023977281,0.0,0.0,0.0
1275,11,-296.53574,426.09265,0.0018143844,0.0,-0.0,0.0,0.0,2.40830539495149e-07,2.3961066138074177e-05,1.9255154023977281,0.0,0.0,0.0
1276,11,-296.53574,426.09265,0.0018143844,0.0,-0.0,0.0,0.0,2.40830539495149e-07,2.3961066138074177e-05,1.9255154023977281,0.0,0.0,0.0
1277,11,-296.53574,426.09265,0.0018143844,0.0,-0.0,0.0,0.0,2.40830539495149e-07,2.3961066138074177e-05,1.9255154023977281,0.0,0.0,0.0
1278,11,-296.53574,426.09265,0.0018143844,0.0,-0.0,0.0,0.0,2.40830539495149e-07,2.3961066138074177e-05,1.9255154023977281,0.0,0.0,0.0
1279,11,-296.53574,426.09265,0.0018143844,0.0,-0.0,0.0,0.0,2.40830539495149e-07,2.3961066138074177e-05,1.9255154023977281,0.0,0.0,0.0
1280,11,-296.53574,426.09265,0.0018143844,0.0,-0.0,0.0,0.0,2.40830539495149e-07,2.3961066138074177e-05,1.9255154023977281,0.0,0.0,0.0
1281,11,-296.53574,426.09265,0.0018143844,0.0,-0.0,0.0,0.0,2.40830539495149e-07,2.3961066138074177e-05,1.9255154023977281,0.0,0.0,0.0
1282,11,-296.53574,426.09265,0.0018143844,0.0,-0.0,0.0,0.0,2.40830539495149e-07,2.3961066138074177e-05,1.9255154023977281,0.0,0.0,0.0
1283,11,-296.53574,426.09265,0.0018143844,0.0,-0.0,0.0,0.0,2.40830539495149e-07,2.3961066138074177e-05,1.9255154023977281,0.0,0.0,0.0
1284,11,-296.53574,426.09265,0.0018143844,0.0,-0.0,0.0,0.0,2.40830539495149e-07,2.3961066138074177e-05,1.9255154023977281,0.0,0.0,0.0
1285,11,-296.53574,426.09265,0.0018143844,0.0,-0.0,0.0,0.0,2.40830539495149e-07,2.3961066138074177e-05,1.9255154023977281,0.0,0.0,0.0
1286,11,-296.53574,426.09265,0.0018143844,0.0,-0.0,0.0,0.0,2.40830539495149e-07,2.3961066138074177e-05,1.9255154023977281,0.0,0.0,0.0
1287,11,-296.53574,426.09265,0.0018143844,0.0,-0.0,0.0,0.0,2.40830539495149e-07,2.3961066138074177e-05,1.9255154023977281,0.0,0.0,0.0
1288,11,-296.53574,426.09265,0.0018143844,0.0,-0.0,0.0,0.0,2.40830539495149e-07,2.3961066138074177e-05,1.9255154023977281,0.0,0.0,0.0
1289,11,-296.53574,426.09265,0.0018143844,0.0,-0.0,0.0,0.0,2.40830539495149e-07,2.3961066138074177e-05,1.9255154023977281,0.0,0.0,0.0
1290,11,-296.53574,426.09265,0.0018143844,0.0,-0.0,0.0,0.0,2.40830539495149e-07,2.3961066138074177e-05,1.9255154023977281,0.0,0.0,0.0
1291,11,-296.53574,426.09265,0.0018143844,0.0,-0.0,0.0,0.0,2.40830539495149e-07,2.3961066138074177e-05,1.9255154023977281,0.0,0.0,0.0
1292,11,-296.53574,426.09265,0.0018143844,0.0,-0.0,0.0,0.0,2.40830539495149e-07,2.3961066138074177e-05,1.9255154023977281,0.0,0.0,0.0
1293,11,-296.53574,426.09265,0.0018143844,0.0,-0.0,0.0,0.0,2.40830539495149e-07,2.3961066138074177e-05,1.9255154023977281,0.0,0.0,0.0
1294,11,-296.53574,426.09265,0.0018143844,0.0,-0.0,0.0,0.0,2.40830539495149e-07,2.3961066138074177e-05,1.9255154023977281,0.0,0.0,0.0
1295,11,-296.53574,426.09265,0.0018143844,0.0,-0.0,0.0,0.0,2.40830539495149e-07,2.3961066138074177e-05,1.9255154023977281,0.0,0.0,0.0
1296,11,-296.53574,426.09265,0.0018143844,0.0,-0.0,0.0,0.0,2.40830539495149e-07,2.3961066138074177e-05,1.9255154023977281,0.0,0.0,0.0
1297,11,-296.53574,426.09265,0.0018143844,0.0,-0.0,0.0,0.0,2.40830539495149e-07,2.3961066138074177e-05,1.9255154023977281,0.0,0.0,0.0
1298,11,-296.53574,426.09265,0.0018143844,0.0,-0.0,0.0,0.0,2.40830539495149e-07,2.3961066138074177e-05,1.9255154023977281,0.0,0.0,0.0
1299,11,-296.53574,426.09265,0.0018143844,0.0,-0.0,0.0,0.0,2.40830539495149e-07,2.3961066138074177e-05,1.9255154023977281,0.0,0.0,0.0
1300,11,-296.53574,426.09265,0.0018143844,0.0,-0.0,0.0,0.0,2.40830539495149e-07,2.3961066138074177e-05,1.9255154023977281,0.0,0.0,0.0
1301,11,-296.53574,426.09265,0.0018143844,0.0,-0.0,0.0,0.0,2.40830539495149e-07,2.3961066138074177e-05,1.9255154023977281,0.0,0.0,0.0
1302,11,-296.53574,426.09265,0.0018143844,0.0,-0.0,0.0,0.0,2.40830539495149e-07,2.3961066138074177e-05,1.9255154023977281,0.0,0.0,0.0
1303,11,-296.53574,426.09265,0.0018143844,0.0,-0.0,0.0,0.0,2.40830539495149e-07,2.3961066138074177e-05,1.9255154023977281,0.0,0.0,0.0
1304,11,-296.53574,426.09265,0.0018143844,0.0,-0.0,0.0,0.0,2.40830539495149e-07,2.3961066138074177e-05,1.9255154023977281,0.0,0.0,0.0
1305,11,-296.53574,426.09265,0.0018143844,0.0,-0.0,0.0,0.0,2.40830539495149e-07,2.3961066138074177e-05,1.9255154023977281,0.0,0.0,0.0
1306,11,-296.53574,426.09265,0.0018143844,0.0,-0.0,0.0,0.0,2.40830539495149e-07,2.3961066138074177e-05,1.9255154023977281,0.0,0.0,0.0
1307,11,-296.53574,426.09265,0.0018143844,0.0,-0.0,0.0,0.0,2.40830539495149e-07,2.3961066138074177e-05,1.9255154023977281,0.0,0.0,0.0
1308,11,-296.53574,426.09265,0.0018143844,0.0,-0.0,0.0,0.0,2.40830539495149e-07,2.3961066138074177e-05,1.9255154023977281,0.0,0.0,0.0
1309,11,-296.53574,426.09265,0.0018143844,0.0,-0.0,0.0,0.0,2.40830539495149e-07,2.3961066138074177e-05,1.9255154023977281,0.0,0.0,0.0
1310,11,-296.53574,426.09265,0.0018143844,0.0,-0.0,0.0,0.0,2.40830539495149e-07,2.3961066138074177e-05,1.9255154023977281,0.0,0.0,0.0
1311,11,-296.53574,426.09265,0.0018143844,0.0,-0.0,0.0,0.0,2.40830539495149e-07,2.3961066138074177e-05,1.9255154023977281,0.0,0.0,0.0
1312,11,-296.53574,426.09265,0.0018143844,0.0,-0.0,0.0,0.0,2.40830539495149e-07,2.3961066138074177e-05,1.9255154023977281,0.0,0.0,0.0
1313,11,-296.53574,426.09265,0.0018143844,0.0,-0.0,0.0,0.0,2.40830539495149e-07,2.3961066138074177e-05,1.9255154023977281,0.0,0.0,0.0
1314,11,-296.53574,426.09265,0.0018143844,0.0,-0.0,0.0,0.0,2.40830539495149e-07,2.3961066138074177e-05,1.9255154023977281,0.0,0.0,0.0
1315,11,-296.53574,426.09265,0.0018143844,0.0,-0.0,0.0,0.0,2.40830539495149e-07,2.3961066138074177e-05,1.9255154023977281,0.0,0.0,0.0
1316,11,-296.53574,426.09265,0.0018143844,0.0,-0.0,0.0,0.0,2.40830539495149e-07,2.3961066138074177e-05,1.9255154023977281,0.0,0.0,0.0
1317,11,-296.53574,426.09265,0.0018143844,0.0,-0.0,0.0,0.0,2.40830539495149e-07,2.3961066138074177e-05,1.9255154023977281,0.0,0.0,0.0
1318,11,-296.53574,426.09265,0.0018143844,0.0,-0.0,0.0,0.0,2.40830539495149e-07,2.3961066138074177e-05,1.9255154023977281,0.0,0.0,0.0
1319,11,-296.53574,426.09265,0.0018143844,0.0,-0.0,0.0,0.0,2.40830539495149e-07,2.3961066138074177e-05,1.9255154023977281,0.0,0.0,0.0
1320,11,-296.53574,426.09265,0.0018143844,0.0,-0.0,0.0,0.0,2.40830539495149e-07,2.3961066138074177e-05,1.9255154023977281,0.0,0.0,0.0
1321,11,-296.53574,426.09265,0.0018143844,0.0,-0.0,0.0,0.0,2.40830539495149e-07,2.3961066138074177e-05,1.9255154023977281,0.0,0.0,0.0
1322,11,-296.53574,426.09265,0.0018143844,0.0,-0.0,0.0,0.0,2.40830539495149e-07,2.3961066138074177e-05,1.9255154023977281,0.0,0.0,0.0
1323,11,-296.53574,426.09265,0.0018143844,0.0,-0.0,0.0,0.0,2.40830539495149e-07,2.3961066138074177e-05,1.9255154023977281,0.0,0.0,0.0
1324,11,-296.53574,426.09265,0.0018143844,0.0,-0.0,0.0,0.0,2.40830539495149e-07,2.3961066138074177e-05,1.9255154023977281,0.0,0.0,0.0
1325,11,-296.53574,426.09265,0.0018143844,0.0,-0.0,0.0,0.0,2.40830539495149e-07,2.3961066138074177e-05,1.9255154023977281,0.0,0.0,0.0
1326,11,-296.53574,426.09265,0.0018143844,0.0,-0.0,0.0,0.0,2.40830539495149e-07,2.3961066138074177e-05,1.9255154023977281,0.0,0.0,0.0
1327,11,-296.53574,426.09265,0.0018143844,0.0,-0.0,0.0,0.0,2.40830539495149e-07,2.3961066138074177e-05,1.9255154023977281,0.0,0.0,0.0
1328,11,-296.53574,426.09265,0.0018143844,0.0,-0.0,0.0,0.0,2.40830539495149e-07,2.3961066138074177e-05,1.9255154023977281,0.0,0.0,0.0
1329,11,-296.53574,426.09265,0.0018143844,0.0,-0.0,0.0,0.0,2.40830539495149e-07,2.3961066138074177e-05,1.9255154023977281,0.0,0.0,0.0
1330,11,-296.53574,426.09265,0.0018143844,0.0,-0.0,0.0,0.0,2.40830539495149e-07,2.3961066138074177e-05,1.9255154023977281,0.0,0.0,0.0
1331,11,-296.53574,426.09265,0.0018143844,0.0,-0.0,0.0,0.0,2.40830539495149e-07,2.3961066138074177e-05,1.9255154023977281,0.0,0.0,0.0
1332,11,-296.53574,426.09265,0.0018143844,0.0,-0.0,0.0,0.0,2.40830539495149e-07,2.3961066138074177e-05,1.9255154023977281,0.0,0.0,0.0
1333,11,-296.53574,426.09265,0.0018143844,0.0,-0.0,0.0,0.0,2.40830539495149e-07,2.3961066138074177e-05,1.9255154023977281,0.0,0.0,0.0
1334,11,-296.53574,426.09265,0.0018143844,0.0,-0.0,0.0,0.0,2.40830539495149e-07,2.3961066138074177e-05,1.9255154023977281,0.0,0.0,0.0
1335,11,-296.53574,426.09265,0.0018143844,0.0,-0.0,0.0,0.0,2.40830539495149e-07,2.3961066138074177e-05,1.9255154023977281,0.0,0.0,0.0
1336,11,-296.53574,426.09265,0.0018143844,0.0,-0.0,0.0,0.0,2.40830539495149e-07,2.3961066138074177e-05,1.9255154023977281,0.0,0.0,0.0
1337,11,-296.53574,426.09265,0.0018143844,0.0,-0.0,0.0,0.0,2.40830539495149e-07,2.3961066138074177e-05,1.9255154023977281,0.0,0.0,0.0
1338,11,-296.53574,426.09265,0.0018143844,0.0,-0.0,0.0,0.0,2.40830539495149e-07,2.3961066138074177e-05,1.9255154023977281,0.0,0.0,0.0
1339,11,-296.53574,426.09265,0.0018143844,0.0,-0.0,0.0,0.0,2.40830539495149e-07,2.3961066138074177e-05,1.9255154023977281,0.0,0.0,0.0
1340,11,-296.53574,426.09265,0.0018143844,0.0,-0.0,0.0,0.0,2.40830539495149e-07,2.3961066138074177e-05,1.9255154023977281,0.0,0.0,0.0
1341,11,-296.53574,426.09265,0.0018143844,0.0,-0.0,0.0,0.0,2.40830539495149e-07,2.3961066138074177e-05,1.9255154023977281,0.0,0.0,0.0
1342,11,-296.53574,426.09265,0.0018143844,0.0,-0.0,0.0,0.0,2.40830539495149e-07,2.3961066138074177e-05,1.9255154023977281,0.0,0.0,0.0
1343,11,-296.53574,426.09265,0.0018143844,0.0,-0.0,0.0,0.0,2.40830539495149e-07,2.3961066138074177e-05,1.9255154023977281,0.0,0.0,0.0
1344,11,-296.53574,426.09265,0.0018143844,0.0,-0.0,0.0,0.0,2.40830539495149e-07,2.3961066138074177e-05,1.9255154023977281,0.0,0.0,0.0
1345,11,-296.53574,426.09265,0.0018143844,0.0,-0.0,0.0,0.0,2.40830539495149e-07,2.3961066138074177e-05,1.9255154023977281,0.0,0.0,0.0
1346,11,-296.53574,426.09265,0.0018143844,0.0,-0.0,0.0,0.0,2.40830539495149e-07,2.3961066138074177e-05,1.9255154023977281,0.0,0.0,0.0
1347,11,-296.53574,426.09265,0.0018143844,0.0,-0.0,0.0,0.0,2.40830539495149e-07,2.3961066138074177e-05,1.9255154023977281,0.0,0.0,0.0
1348,11,-296.53574,426.09265,0.0018143844,0.0,-0.0,0.0,0.0,2.40830539495149e-07,2.3961066138074177e-05,1.9255154023977281,0.0,0.0,0.0
1349,11,-296.53574,426.09265,0.0018143844,0.0,-0.0,0.0,0.0,2.40830539495149e-07,2.3961066138074177e-05,1.9255154023977281,0.0,0.0,0.0
1350,11,-296.53574,426.09265,0.0018143844,0.0,-0.0,0.0,0.0,2.40830539495149e-07,2.3961066138074177e-05,1.9255154023977281,0.0,0.0,0.0
1351,11,-296.53574,426.09265,0.0018143844,0.0,-0.0,0.0,0.0,2.40830539495149e-07,2.3961066138074177e-05,1.9255154023977281,0.0,0.0,0.0
1352,11,-296.53574,426.09265,0.0018143844,0.0,-0.0,0.0,0.0,2.40830539495149e-07,2.3961066138074177e-05,1.9255154023977281,0.0,0.0,0.0
1353,11,-296.53574,426.09265,0.0018143844,0.0,-0.0,0.0,0.0,2.40830539495149e-07,2.3961066138074177e-05,1.9255154023977281,0.0,0.0,0.0
1354,11,-296.53574,426.09265,0.0018143844,0.0,-0.0,0.0,0.0,2.40830539495149e-07,2.3961066138074177e-05,1.9255154023977281,0.0,0.0,0.0
1355,11,-296.53574,426.09265,0.0018143844,0.0,-0.0,0.0,0.0,2.40830539495149e-07,2.3961066138074177e-05,1.9255154023977281,0.0,0.0,0.0
1356,11,-296.53574,426.09265,0.0018143844,0.0,-0.0,0.0,0.0,2.40830539495149e-07,2.3961066138074177e-05,1.9255154023977281,0.0,0.0,0.0
1357,11,-296.53574,426.09265,0.0018143844,0.0,-0.0,0.0,0.0,2.40830539495149e-07,2.3961066138074177e-05,1.9255154023977281,0.0,0.0,0.0
1358,11,-296.53574,426.09265,0.0018143844,0.0,-0.0,0.0,0.0,2.40830539495149e-07,2.3961066138074177e-05,1.9255154023977281,0.0,0.0,0.0
1359,11,-296.53574,426.09265,0.0018143844,0.0,-0.0,0.0,0.0,2.40830539495149e-07,2.3961066138074177e-05,1.9255154023977281,0.0,0.0,0.0
1360,11,-296.53574,426.09265,0.0018143844,0.0,-0.0,0.0,0.0,2.40830539495149e-07,2.3961066138074177e-05,1.9255154023977281,0.0,0.0,0.0
1361,11,-296.53574,426.09265,0.0018143844,0.0,-0.0,0.0,0.0,2.40830539495149e-07,2.3961066138074177e-05,1.9255154023977281,0.0,0.0,0.0
1362,11,-296.53574,426.09265,0.0018143844,0.0,-0.0,0.0,0.0,2.40830539495149e-07,2.3961066138074177e-05,1.9255154023977281,0.0,0.0,0.0
1363,11,-296.53574,426.09265,0.0018143844,0.0,-0.0,0.0,0.0,2.40830539495149e-07,2.3961066138074177e-05,1.9255154023977281,0.0,0.0,0.0
1364,11,-296.53574,426.09265,0.0018143844,0.0,-0.0,0.0,0.0,2.40830539495149e-07,2.3961066138074177e-05,1.9255154023977281,0.0,0.0,0.0
1365,11,-296.53574,426.09265,0.0018143844,0.0,-0.0,0.0,0.0,2.40830539495149e-07,2.3961066138074177e-05,1.9255154023977281,0.0,0.0,0.0
1366,11,-296.53574,426.09265,0.0018143844,0.0,-0.0,0.0,0.0,2.40830539495149e-07,2.3961066138074177e-05,1.9255154023977281,0.0,0.0,0.0
1367,11,-296.53574,426.09265,0.0018143844,0.0,-0.0,0.0,0.0,2.40830539495149e-07,2.3961066138074177e-05,1.9255154023977281,0.0,0.0,0.0
1368,11,-296.53574,426.09265,0.0018143844,0.0,-0.0,0.0,0.0,2.40830539495149e-07,2.3961066138074177e-05,1.9255154023977281,0.0,0.0,0.0
1369,11,-296.53574,426.09265,0.0018143844,0.0,-0.0,0.0,0.0,2.40830539495149e-07,2.3961066138074177e-05,1.9255154023977281,0.0,0.0,0.0
1370,11,-296.53574,426.09265,0.0018143844,0.0,-0.0,0.0,0.0,2.40830539495149e-07,2.3961066138074177e-05,1.9255154023977281,0.0,0.0,0.0
1371,11,-296.53574,426.09265,0.0018143844,0.0,-0.0,0.0,0.0,2.40830539495149e-07,2.3961066138074177e-05,1.9255154023977281,0.0,0.0,0.0
1372,11,-296.53574,426.09265,0.0018143844,0.0,-0.0,0.0,0.0,2.40830539495149e-07,2.3961066138074177e-05,1.9255154023977281,0.0,0.0,0.0
1373,11,-296.53574,426.09265,0.0018143844,0.0,-0.0,0.0,0.0,2.40830539495149e-07,2.3961066138074177e-05,1.9255154023977281,0.0,0.0,0.0
1374,11,-296.53574,426.09265,0.0018143844,0.0,-0.0,0.0,0.0,2.40830539495149e-07,2.3961066138074177e-05,1.9255154023977281,0.0,0.0,0.0
1375,11,-296.53574,426.09265,0.0018143844,0.0,-0.0,0.0,0.0,2.40830539495149e-07,2.3961066138074177e-05,1.9255154023977281,0.0,0.0,0.0
1376,11,-296.53574,426.09265,0.0018143844,0.0,-0.0,0.0,0.0,2.40830539495149e-07,2.3961066138074177e-05,1.9255154023977281,0.0,0.0,0.0
1377,11,-296.53574,426.09265,0.0018143844,0.0,-0.0,0.0,0.0,2.40830539495149e-07,2.3961066138074177e-05,1.9255154023977281,0.0,0.0,0.0
1378,11,-296.53574,426.09265,0.0018143844,0.0,-0.0,0.0,0.0,2.40830539495149e-07,2.3961066138074177e-05,1.9255154023977281,0.0,0.0,0.0
1379,11,-296.53574,426.09265,0.0018143844,0.0,-0.0,0.0,0.0,2.40830539495149e-07,2.3961066138074177e-05,1.9255154023977281,0.0,0.0,0.0
1380,11,-296.53574,426.09265,0.0018143844,0.0,-0.0,0.0,0.0,2.40830539495149e-07,2.3961066138074177e-05,1.9255154023977281,0.0,0.0,0.0
1381,11,-296.53574,426.09265,0.0018143844,0.0,-0.0,0.0,0.0,2.40830539495149e-07,2.3961066138074177e-05,1.9255154023977281,0.0,0.0,0.0
1382,11,-296.53574,426.09265,0.0018143844,0.0,-0.0,0.0,0.0,2.40830539495149e-07,2.3961066138074177e-05,1.9255154023977281,0.0,0.0,0.0
1383,11,-296.53574,426.09265,0.0018143844,0.0,-0.0,0.0,0.0,2.40830539495149e-07,2.3961066138074177e-05,1.9255154023977281,0.0,0.0,0.0
1384,11,-296.53574,426.09265,0.0018143844,0.0,-0.0,0.0,0.0,2.40830539495149e-07,2.3961066138074177e-05,1.9255154023977281,0.0,0.0,0.0
1385,11,-296.53574,426.09265,0.0018143844,0.0,-0.0,0.0,0.0,2.40830539495149e-07,2.3961066138074177e-05,1.9255154023977281,0.0,0.0,0.0
1386,11,-296.53574,426.09265,0.0018143844,0.0,-0.0,0.0,0.0,2.40830539495149e-07,2.3961066138074177e-05,1.9255154023977281,0.0,0.0,0.0
1387,11,-296.53574,426.09265,0.0018143844,0.0,-0.0,0.0,0.0,2.40830539495149e-07,2.3961066138074177e-05,1.9255154023977281,0.0,0.0,0.0
1388,11,-296.53574,426.09265,0.0018143844,0.0,-0.0,0.0,0.0,2.40830539495149e-07,2.3961066138074177e-05,1.9255154023977281,0.0,0.0,0.0
1389,11,-296.53574,426.09265,0.0018143844,0.0,-0.0,0.0,0.0,2.40830539495149e-07,2.3961066138074177e-05,1.9255154023977281,0.0,0.0,0.0
1390,11,-296.53574,426.09265,0.0018143844,0.0,-0.0,0.0,0.0,2.40830539495149e-07,2.3961066138074177e-05,1.9255154023977281,0.0,0.0,0.0
1391,11,-296.53574,426.09265,0.0018143844,0.0,-0.0,0.0,0.0,2.40830539495149e-07,2.3961066138074177e-05,1.9255154023977281,0.0,0.0,0.0
1392,11,-296.53574,426.09265,0.0018143844,0.0,-0.0,0.0,0.0,2.40830539495149e-07,2.3961066138074177e-05,1.9255154023977281,0.0,0.0,0.0
1393,11,-296.53574,426.09265,0.0018143844,0.0,-0.0,0.0,0.0,2.40830539495149e-07,2.3961066138074177e-05,1.9255154023977281,0.0,0.0,0.0
1394,11,-296.53574,426.09265,0.0018143844,0.0,-0.0,0.0,0.0,2.40830539495149e-07,2.3961066138074177e-05,1.9255154023977281,0.0,0.0,0.0
1395,11,-296.53574,426.09265,0.0018143844,0.0,-0.0,0.0,0.0,2.40830539495149e-07,2.3961066138074177e-05,1.9255154023977281,0.0,0.0,0.0
1396,11,-296.53574,426.09265,0.0018143844,0.0,-0.0,0.0,0.0,2.40830539495149e-07,2.3961066138074177e-05,1.9255154023977281,0.0,0.0,0.0
1397,11,-296.53574,426.09265,0.0018143844,0.0,-0.0,0.0,0.0,2.40830539495149e-07,2.3961066138074177e-05,1.9255154023977281,0.0,0.0,0.0
1398,11,-296.53574,426.09265,0.0018143844,0.0,-0.0,0.0,0.0,2.40830539495149e-07,2.3961066138074177e-05,1.9255154023977281,0.0,0.0,0.0
1399,11,-296.53574,426.09265,0.0018143844,0.0,-0.0,0.0,0.0,2.40830539495149e-07,2.3961066138074177e-05,1.9255154023977281,0.0,0.0,0.0
1400,11,-296.53574,426.09265,0.0018143844,0.0,-0.0,0.0,0.0,2.40830539495149e-07,2.3961066138074177e-05,1.9255154023977281,0.0,0.0,0.0
1401,11,-296.53574,426.09265,0.0018143844,0.0,-0.0,0.0,0.0,2.40830539495149e-07,2.3961066138074177e-05,1.9255154023977281,0.0,0.0,0.0
1402,11,-296.53574,426.09265,0.0018143844,0.0,-0.0,0.0,0.0,2.40830539495149e-07,2.3961066138074177e-05,1.9255154023977281,0.0,0.0,0.0
1403,11,-296.53574,426.09265,0.0018143844,0.0,-0.0,0.0,0.0,2.40830539495149e-07,2.3961066138074177e-05,1.9255154023977281,0.0,0.0,0.0
1404,11,-296.53574,426.09265,0.0018143844,0.0,-0.0,0.0,0.0,2.40830539495149e-07,2.3961066138074177e-05,1.9255154023977281,0.0,0.0,0.0
1405,11,-296.53574,426.09265,0.0018143844,0.0,-0.0,0.0,0.0,2.40830539495149e-07,2.3961066138074177e-05,1.9255154023977281,0.0,0.0,0.0
1406,11,-296.53574,426.09265,0.0018143844,0.0,-0.0,0.0,0.0,2.40830539495149e-07,2.3961066138074177e-05,1.9255154023977281,0.0,0.0,0.0
1407,11,-296.53574,426.09265,0.0018143844,0.0,-0.0,0.0,0.0,2.40830539495149e-07,2.3961066138074177e-05,1.9255154023977281,0.0,0.0,0.0
1408,11,-296.53574,426.09265,0.0018143844,0.0,-0.0,0.0,0.0,2.40830539495149e-07,2.3961066138074177e-05,1.9255154023977281,0.0,0.0,0.0
1409,11,-296.53574,426.09265,0.0018143844,0.0,-0.0,0.0,0.0,2.40830539495149e-07,2.3961066138074177e-05,1.9255154023977281,0.0,0.0,0.0
1410,11,-296.53574,426.09265,0.0018143844,0.0,-0.0,0.0,0.0,2.40830539495149e-07,2.3961066138074177e-05,1.9255154023977281,0.0,0.0,0.0
1411,11,-296.53574,426.09265,0.0018143844,0.0,-0.0,0.0,0.0,2.40830539495149e-07,2.3961066138074177e-05,1.9255154023977281,0.0,0.0,0.0
1412,11,-296.53574,426.09265,0.0018143844,0.0,-0.0,0.0,0.0,2.40830539495149e-07,2.3961066138074177e-05,1.9255154023977281,0.0,0.0,0.0
1413,11,-296.53574,426.09265,0.0018143844,0.0,-0.0,0.0,0.0,2.40830539495149e-07,2.3961066138074177e-05,1.9255154023977281,0.0,0.0,0.0
1414,11,-296.53574,426.09265,0.0018143844,0.0,-0.0,0.0,0.0,2.40830539495149e-07,2.3961066138074177e-05,1.9255154023977281,0.0,0.0,0.0
1415,11,-296.53574,426.09265,0.0018143844,0.0,-0.0,0.0,0.0,2.40830539495149e-07,2.3961066138074177e-05,1.9255154023977281,0.0,0.0,0.0
1416,11,-296.53574,426.09265,0.0018143844,0.0,-0.0,0.0,0.0,2.40830539495149e-07,2.3961066138074177e-05,1.9255154023977281,0.0,0.0,0.0
1417,11,-296.53574,426.09265,0.0018143844,0.0,-0.0,0.0,0.0,2.40830539495149e-07,2.3961066138074177e-05,1.9255154023977281,0.0,0.0,0.0
1418,11,-296.53574,426.09265,0.0018143844,0.0,-0.0,0.0,0.0,2.40830539495149e-07,2.3961066138074177e-05,1.9255154023977281,0.0,0.0,0.0
1419,11,-296.53574,426.09265,0.0018143844,0.0,-0.0,0.0,0.0,2.40830539495149e-07,2.3961066138074177e-05,1.9255154023977281,0.0,0.0,0.0
1420,11,-296.53574,426.09265,0.0018143844,0.0,-0.0,0.0,0.0,2.40830539495149e-07,2.3961066138074177e-05,1.9255154023977281,0.0,0.0,0.0
1421,11,-296.53574,426.09265,0.0018143844,0.0,-0.0,0.0,0.0,2.40830539495149e-07,2.3961066138074177e-05,1.9255154023977281,0.0,0.0,0.0
1422,11,-296.53574,426.09265,0.0018143844,0.0,-0.0,0.0,0.0,2.40830539495149e-07,2.3961066138074177e-05,1.9255154023977281,0.0,0.0,0.0
1423,11,-296.53574,426.09265,0.0018143844,0.0,-0.0,0.0,0.0,2.40830539495149e-07,2.3961066138074177e-05,1.9255154023977281,0.0,0.0,0.0
1424,11,-296.53574,426.09265,0.0018143844,0.0,-0.0,0.0,0.0,2.40830539495149e-07,2.3961066138074177e-05,1.9255154023977281,0.0,0.0,0.0
1425,11,-296.53574,426.09265,0.0018143844,0.0,-0.0,0.0,0.0,2.40830539495149e-07,2.3961066138074177e-05,1.9255154023977281,0.0,0.0,0.0
1426,11,-296.53574,426.09265,0.0018143844,0.0,-0.0,0.0,0.0,2.40830539495149e-07,2.3961066138074177e-05,1.9255154023977281,0.0,0.0,0.0
1427,11,-296.53574,426.09265,0.0018143844,0.0,-0.0,0.0,0.0,2.40830539495149e-07,2.3961066138074177e-05,1.9255154023977281,0.0,0.0,0.0
1428,11,-296.53574,426.09265,0.0018143844,0.0,-0.0,0.0,0.0,2.40830539495149e-07,2.3961066138074177e-05,1.9255154023977281,0.0,0.0,0.0
1429,11,-296.53574,426.09265,0.0018143844,0.0,-0.0,0.0,0.0,2.40830539495149e-07,2.3961066138074177e-05,1.9255154023977281,0.0,0.0,0.0
1430,11,-296.53574,426.09265,0.0018143844,0.0,-0.0,0.0,0.0,2.40830539495149e-07,2.3961066138074177e-05,1.9255154023977281,0.0,0.0,0.0
1431,11,-296.53574,426.09265,0.0018143844,0.0,-0.0,0.0,0.0,2.40830539495149e-07,2.3961066138074177e-05,1.9255154023977281,0.0,0.0,0.0
1432,11,-296.53574,426.09265,0.0018143844,0.0,-0.0,0.0,0.0,2.40830539495149e-07,2.3961066138074177e-05,1.9255154023977281,0.0,0.0,0.0
1433,11,-296.53574,426.09265,0.0018143844,0.0,-0.0,0.0,0.0,2.40830539495149e-07,2.3961066138074177e-05,1.9255154023977281,0.0,0.0,0.0
1434,11,-296.53574,426.09265,0.0018143844,0.0,-0.0,0.0,0.0,2.40830539495149e-07,2.3961066138074177e-05,1.9255154023977281,0.0,0.0,0.0
1435,11,-296.53574,426.09265,0.0018143844,0.0,-0.0,0.0,0.0,2.40830539495149e-07,2.3961066138074177e-05,1.9255154023977281,0.0,0.0,0.0
1436,11,-296.53574,426.09265,0.0018143844,0.0,-0.0,0.0,0.0,2.40830539495149e-07,2.3961066138074177e-05,1.9255154023977281,0.0,0.0,0.0
1437,11,-296.53574,426.09265,0.0018143844,0.0,-0.0,0.0,0.0,2.40830539495149e-07,2.3961066138074177e-05,1.9255154023977281,0.0,0.0,0.0
1438,11,-296.53574,426.09265,0.0018143844,0.0,-0.0,0.0,0.0,2.40830539495149e-07,2.3961066138074177e-05,1.9255154023977281,0.0,0.0,0.0
1439,11,-296.53574,426.09265,0.0018143844,0.0,-0.0,0.0,0.0,2.40830539495149e-07,2.3961066138074177e-05,1.9255154023977281,0.0,0.0,0.0
1440,11,-296.53574,426.09265,0.0018143844,0.0,-0.0,0.0,0.0,2.40830539495149e-07,2.3961066138074177e-05,1.9255154023977281,0.0,0.0,0.0
1441,11,-296.53574,426.09265,0.0018143844,0.0,-0.0,0.0,0.0,2.40830539495149e-07,2.3961066138074177e-05,1.9255154023977281,0.0,0.0,0.0
1442,11,-296.53574,426.09265,0.0018143844,0.0,-0.0,0.0,0.0,2.40830539495149e-07,2.3961066138074177e-05,1.9255154023977281,0.0,0.0,0.0
1443,11,-296.53574,426.09265,0.0018143844,0.0,-0.0,0.0,0.0,2.40830539495149e-07,2.3961066138074177e-05,1.9255154023977281,0.0,0.0,0.0
1444,11,-296.53574,426.09265,0.0018143844,0.0,-0.0,0.0,0.0,2.40830539495149e-07,2.3961066138074177e-05,1.9255154023977281,0.0,0.0,0.0
1445,11,-296.53574,426.09265,0.0018143844,0.0,-0.0,0.0,0.0,2.40830539495149e-07,2.3961066138074177e-05,1.9255154023977281,0.0,0.0,0.0
1446,11,-296.53574,426.09265,0.0018143844,0.0,-0.0,0.0,0.0,2.40830539495149e-07,2.3961066138074177e-05,1.9255154023977281,0.0,0.0,0.0
1447,11,-296.53574,426.09265,0.0018143844,0.0,-0.0,0.0,0.0,2.40830539495149e-07,2.3961066138074177e-05,1.9255154023977281,0.0,0.0,0.0
1448,11,-296.53574,426.09265,0.0018143844,0.0,-0.0,0.0,0.0,2.40830539495149e-07,2.3961066138074177e-05,1.9255154023977281,0.0,0.0,0.0
1449,11,-296.53574,426.09265,0.0018143844,0.0,-0.0,0.0,0.0,2.40830539495149e-07,2.3961066138074177e-05,1.9255154023977281,0.0,0.0,0.0
1450,11,-296.53574,426.09265,0.0018143844,0.0,-0.0,0.0,0.0,2.40830539495149e-07,2.3961066138074177e-05,1.9255154023977281,0.0,0.0,0.0
1451,11,-296.53574,426.09265,0.0018143844,0.0,-0.0,0.0,0.0,2.40830539495149e-07,2.3961066138074177e-05,1.9255154023977281,0.0,0.0,0.0
1452,11,-296.53574,426.09265,0.0018143844,0.0,-0.0,0.0,0.0,2.40830539495149e-07,2.3961066138074177e-05,1.9255154023977281,0.0,0.0,0.0
1453,11,-296.53574,426.09265,0.0018143844,0.0,-0.0,0.0,0.0,2.40830539495149e-07,2.3961066138074177e-05,1.9255154023977281,0.0,0.0,0.0
1454,11,-296.53574,426.09265,0.0018143844,0.0,-0.0,0.0,0.0,2.40830539495149e-07,2.3961066138074177e-05,1.9255154023977281,0.0,0.0,0.0
1455,11,-296.53574,426.09265,0.0018143844,0.0,-0.0,0.0,0.0,2.40830539495149e-07,2.3961066138074177e-05,1.9255154023977281,0.0,0.0,0.0
1456,11,-296.53574,426.09265,0.0018143844,0.0,-0.0,0.0,0.0,2.40830539495149e-07,2.3961066138074177e-05,1.9255154023977281,0.0,0.0,0.0
1457,11,-296.53574,426.09265,0.0018143844,0.0,-0.0,0.0,0.0,2.40830539495149e-07,2.3961066138074177e-05,1.9255154023977281,0.0,0.0,0.0
1458,11,-296.53574,426.09265,0.0018143844,0.0,-0.0,0.0,0.0,2.40830539495149e-07,2.3961066138074177e-05,1.9255154023977281,0.0,0.0,0.0
1459,11,-296.53574,426.09265,0.0018143844,0.0,-0.0,0.0,0.0,2.40830539495149e-07,2.3961066138074177e-05,1.9255154023977281,0.0,0.0,0.0
1460,11,-296.53574,426.09265,0.0018143844,0.0,-0.0,0.0,0.0,2.40830539495149e-07,2.3961066138074177e-05,1.9255154023977281,0.0,0.0,0.0
1461,11,-296.53574,426.09265,0.0018143844,0.0,-0.0,0.0,0.0,2.40830539495149e-07,2.3961066138074177e-05,1.9255154023977281,0.0,0.0,0.0
1462,11,-296.53574,426.09265,0.0018143844,0.0,-0.0,0.0,0.0,2.40830539495149e-07,2.3961066138074177e-05,1.9255154023977281,0.0,0.0,0.0
1463,11,-296.53574,426.09265,0.0018143844,0.0,-0.0,0.0,0.0,2.40830539495149e-07,2.3961066138074177e-05,1.9255154023977281,0.0,0.0,0.0
1464,11,-296.53574,426.09265,0.0018143844,0.0,-0.0,0.0,0.0,2.40830539495149e-07,2.3961066138074177e-05,1.9255154023977281,0.0,0.0,0.0
1465,11,-296.53574,426.09265,0.0018143844,0.0,-0.0,0.0,0.0,2.40830539495149e-07,2.3961066138074177e-05,1.9255154023977281,0.0,0.0,0.0
1466,11,-296.53574,426.09265,0.0018143844,0.0,-0.0,0.0,0.0,2.40830539495149e-07,2.3961066138074177e-05,1.9255154023977281,0.0,0.0,0.0
1467,11,-296.53574,426.09265,0.0018143844,0.0,-0.0,0.0,0.0,2.40830539495149e-07,2.3961066138074177e-05,1.9255154023977281,0.0,0.0,0.0
1468,11,-296.53574,426.09265,0.0018143844,0.0,-0.0,0.0,0.0,2.40830539495149e-07,2.3961066138074177e-05,1.9255154023977281,0.0,0.0,0.0
1469,11,-296.53574,426.09265,0.0018143844,0.0,-0.0,0.0,0.0,2.40830539495149e-07,2.3961066138074177e-05,1.9255154023977281,0.0,0.0,0.0
1470,11,-296.53574,426.09265,0.0018143844,0.0,-0.0,0.0,0.0,2.40830539495149e-07,2.3961066138074177e-05,1.9255154023977281,0.0,0.0,0.0
1471,11,-296.53574,426.09265,0.0018143844,0.0,-0.0,0.0,0.0,2.40830539495149e-07,2.3961066138074177e-05,1.9255154023977281,0.0,0.0,0.0
1472,11,-296.53574,426.09265,0.0018143844,0.0,-0.0,0.0,0.0,2.40830539495149e-07,2.3961066138074177e-05,1.9255154023977281,0.0,0.0,0.0
1473,11,-296.53574,426.09265,0.0018143844,0.0,-0.0,0.0,0.0,2.40830539495149e-07,2.3961066138074177e-05,1.9255154023977281,0.0,0.0,0.0
1474,11,-296.53574,426.09265,0.0018143844,0.0,-0.0,0.0,0.0,2.40830539495149e-07,2.3961066138074177e-05,1.9255154023977281,0.0,0.0,0.0
1475,11,-296.53574,426.09265,0.0018143844,0.0,-0.0,0.0,0.0,2.40830539495149e-07,2.3961066138074177e-05,1.9255154023977281,0.0,0.0,0.0
1476,11,-296.53574,426.09265,0.0018143844,0.0,-0.0,0.0,0.0,2.40830539495149e-07,2.3961066138074177e-05,1.9255154023977281,0.0,0.0,0.0
1477,11,-296.53574,426.09265,0.0018143844,0.0,-0.0,0.0,0.0,2.40830539495149e-07,2.3961066138074177e-05,1.9255154023977281,0.0,0.0,0.0
1478,11,-296.53574,426.09265,0.0018143844,0.0,-0.0,0.0,0.0,2.40830539495149e-07,2.3961066138074177e-05,1.9255154023977281,0.0,0.0,0.0
1479,11,-296.53574,426.09265,0.0018143844,0.0,-0.0,0.0,0.0,2.40830539495149e-07,2.3961066138074177e-05,1.9255154023977281,0.0,0.0,0.0
1480,11,-296.53574,426.09265,0.0018143844,0.0,-0.0,0.0,0.0,2.40830539495149e-07,2.3961066138074177e-05,1.9255154023977281,0.0,0.0,0.0
1481,11,-296.53574,426.09265,0.0018143844,0.0,-0.0,0.0,0.0,2.40830539495149e-07,2.3961066138074177e-05,1.9255154023977281,0.0,0.0,0.0
1482,11,-296.53574,426.09265,0.0018143844,0.0,-0.0,0.0,0.0,2.40830539495149e-07,2.3961066138074177e-05,1.9255154023977281,0.0,0.0,0.0
1483,11,-296.53574,426.09265,0.0018143844,0.0,-0.0,0.0,0.0,2.40830539495149e-07,2.3961066138074177e-05,1.9255154023977281,0.0,0.0,0.0
1484,11,-296.53574,426.09265,0.0018143844,0.0,-0.0,0.0,0.0,2.40830539495149e-07,2.3961066138074177e-05,1.9255154023977281,0.0,0.0,0.0
1485,11,-296.53574,426.09265,0.0018143844,0.0,-0.0,0.0,0.0,2.40830539495149e-07,2.3961066138074177e-05,1.9255154023977281,0.0,0.0,0.0
1486,11,-296.53574,426.09265,0.0018143844,0.0,-0.0,0.0,0.0,2.40830539495149e-07,2.3961066138074177e-05,1.9255154023977281,0.0,0.0,0.0
1487,11,-296.53574,426.09265,0.0018143844,0.0,-0.0,0.0,0.0,2.40830539495149e-07,2.3961066138074177e-05,1.9255154023977281,0.0,0.0,0.0
1488,11,-296.53574,426.09265,0.0018143844,0.0,-0.0,0.0,0.0,2.40830539495149e-07,2.3961066138074177e-05,1.9255154023977281,0.0,0.0,0.0
1489,11,-296.53574,426.09265,0.0018143844,0.0,-0.0,0.0,0.0,2.40830539495149e-07,2.3961066138074177e-05,1.9255154023977281,0.0,0.0,0.0
1490,11,-296.53574,426.09265,0.0018143844,0.0,-0.0,0.0,0.0,2.40830539495149e-07,2.3961066138074177e-05,1.9255154023977281,0.0,0.0,0.0
1491,11,-296.53574,426.09265,0.0018143844,0.0,-0.0,0.0,0.0,2.40830539495149e-07,2.3961066138074177e-05,1.9255154023977281,0.0,0.0,0.0
1492,11,-296.53574,426.09265,0.0018143844,0.0,-0.0,0.0,0.0,2.40830539495149e-07,2.3961066138074177e-05,1.9255154023977281,0.0,0.0,0.0
1493,11,-296.53574,426.09265,0.0018143844,0.0,-0.0,0.0,0.0,2.40830539495149e-07,2.3961066138074177e-05,1.9255154023977281,0.0,0.0,0.0
1494,11,-296.53574,426.09265,0.0018143844,0.0,-0.0,0.0,0.0,2.40830539495149e-07,2.3961066138074177e-05,1.9255154023977281,0.0,0.0,0.0
1495,11,-296.53574,426.09265,0.0018143844,0.0,-0.0,0.0,0.0,2.40830539495149e-07,2.3961066138074177e-05,1.9255154023977281,0.0,0.0,0.0
1496,11,-296.53574,426.09265,0.0018143844,0.0,-0.0,0.0,0.0,2.40830539495149e-07,2.3961066138074177e-05,1.9255154023977281,0.0,0.0,0.0
1497,11,-296.53574,426.09265,0.0018143844,0.0,-0.0,0.0,0.0,2.40830539495149e-07,2.3961066138074177e-05,1.9255154023977281,0.0,0.0,0.0
1498,11,-296.53574,426.09265,0.0018143844,0.0,-0.0,0.0,0.0,2.40830539495149e-07,2.3961066138074177e-05,1.9255154023977281,0.0,0.0,0.0
1499,11,-296.53574,426.09265,0.0018143844,0.0,-0.0,0.0,0.0,2.40830539495149e-07,2.3961066138074177e-05,1.9255154023977281,0.0,0.0,0.0
1500,11,-296.53574,426.09265,0.0018143844,0.0,-0.0,0.0,0.0,2.40830539495149e-07,2.3961066138074177e-05,1.9255154023977281,0.0,0.0,0.0
1501,11,-296.53574,426.09265,0.0018143844,0.0,-0.0,0.0,0.0,2.40830539495149e-07,2.3961066138074177e-05,1.9255154023977281,0.0,0.0,0.0
1502,11,-296.53574,426.09265,0.0018143844,0.0,-0.0,0.0,0.0,2.40830539495149e-07,2.3961066138074177e-05,1.9255154023977281,0.0,0.0,0.0
1503,11,-296.53574,426.09265,0.0018143844,0.0,-0.0,0.0,0.0,2.40830539495149e-07,2.3961066138074177e-05,1.9255154023977281,0.0,0.0,0.0
1504,11,-296.53574,426.09265,0.0018143844,0.0,-0.0,0.0,0.0,2.40830539495149e-07,2.3961066138074177e-05,1.9255154023977281,0.0,0.0,0.0
1505,11,-296.53574,426.09265,0.0018143844,0.0,-0.0,0.0,0.0,2.40830539495149e-07,2.3961066138074177e-05,1.9255154023977281,0.0,0.0,0.0
1506,11,-296.53574,426.09265,0.0018143844,0.0,-0.0,0.0,0.0,2.40830539495149e-07,2.3961066138074177e-05,1.9255154023977281,0.0,0.0,0.0
1507,11,-296.53574,426.09265,0.0018143844,0.0,-0.0,0.0,0.0,2.40830539495149e-07,2.3961066138074177e-05,1.9255154023977281,0.0,0.0,0.0
1508,11,-296.53574,426.09265,0.0018143844,0.0,-0.0,0.0,0.0,2.40830539495149e-07,2.3961066138074177e-05,1.9255154023977281,0.0,0.0,0.0
1509,11,-296.53574,426.09265,0.0018143844,0.0,-0.0,0.0,0.0,2.40830539495149e-07,2.3961066138074177e-05,1.9255154023977281,0.0,0.0,0.0
1510,11,-296.53574,426.09265,0.0018143844,0.0,-0.0,0.0,0.0,2.40830539495149e-07,2.3961066138074177e-05,1.9255154023977281,0.0,0.0,0.0
1511,11,-296.53574,426.09265,0.0018143844,0.0,-0.0,0.0,0.0,2.40830539495149e-07,2.3961066138074177e-05,1.9255154023977281,0.0,0.0,0.0
1512,11,-296.53574,426.09265,0.0018143844,0.0,-0.0,0.0,0.0,2.40830539495149e-07,2.3961066138074177e-05,1.9255154023977281,0.0,0.0,0.0
1513,11,-296.53574,426.09265,0.0018143844,0.0,-0.0,0.0,0.0,2.40830539495149e-07,2.3961066138074177e-05,1.9255154023977281,0.0,0.0,0.0
1514,11,-296.53574,426.09265,0.0018143844,0.0,-0.0,0.0,0.0,2.40830539495149e-07,2.3961066138074177e-05,1.9255154023977281,0.0,0.0,0.0
1515,11,-296.53574,426.09265,0.0018143844,0.0,-0.0,0.0,0.0,2.40830539495149e-07,2.3961066138074177e-05,1.9255154023977281,0.0,0.0,0.0
1516,11,-296.53574,426.09265,0.0018143844,0.0,-0.0,0.0,0.0,2.40830539495149e-07,2.3961066138074177e-05,1.9255154023977281,0.0,0.0,0.0
1517,11,-296.53574,426.09265,0.0018143844,0.0,-0.0,0.0,0.0,2.40830539495149e-07,2.3961066138074177e-05,1.9255154023977281,0.0,0.0,0.0
1518,11,-296.53574,426.09265,0.0018143844,0.0,-0.0,0.0,0.0,2.40830539495149e-07,2.3961066138074177e-05,1.9255154023977281,0.0,0.0,0.0
1519,11,-296.53574,426.09265,0.0018143844,0.0,-0.0,0.0,0.0,2.40830539495149e-07,2.3961066138074177e-05,1.9255154023977281,0.0,0.0,0.0
1520,11,-296.53574,426.09265,0.0018143844,0.0,-0.0,0.0,0.0,2.40830539495149e-07,2.3961066138074177e-05,1.9255154023977281,0.0,0.0,0.0
1521,11,-296.53574,426.09265,0.0018143844,0.0,-0.0,0.0,0.0,2.40830539495149e-07,2.3961066138074177e-05,1.9255154023977281,0.0,0.0,0.0
1522,11,-296.53574,426.09265,0.0018143844,0.0,-0.0,0.0,0.0,2.40830539495149e-07,2.3961066138074177e-05,1.9255154023977281,0.0,0.0,0.0
1523,11,-296.53574,426.09265,0.0018143844,0.0,-0.0,0.0,0.0,2.40830539495149e-07,2.3961066138074177e-05,1.9255154023977281,0.0,0.0,0.0
1524,11,-296.53574,426.09265,0.0018143844,0.0,-0.0,0.0,0.0,2.40830539495149e-07,2.3961066138074177e-05,1.9255154023977281,0.0,0.0,0.0
1525,11,-296.53574,426.09265,0.0018143844,0.0,-0.0,0.0,0.0,2.40830539495149e-07,2.3961066138074177e-05,1.9255154023977281,0.0,0.0,0.0
1526,11,-296.53574,426.09265,0.0018143844,0.0,-0.0,0.0,0.0,2.40830539495149e-07,2.3961066138074177e-05,1.9255154023977281,0.0,0.0,0.0
1527,11,-296.53574,426.09265,0.0018143844,0.0,-0.0,0.0,0.0,2.40830539495149e-07,2.3961066138074177e-05,1.9255154023977281,0.0,0.0,0.0
1528,11,-296.53574,426.09265,0.0018143844,0.0,-0.0,0.0,0.0,2.40830539495149e-07,2.3961066138074177e-05,1.9255154023977281,0.0,0.0,0.0
1529,11,-296.53574,426.09265,0.0018143844,0.0,-0.0,0.0,0.0,2.40830539495149e-07,2.3961066138074177e-05,1.9255154023977281,0.0,0.0,0.0
1530,11,-296.53574,426.09265,0.0018143844,0.0,-0.0,0.0,0.0,2.40830539495149e-07,2.3961066138074177e-05,1.9255154023977281,0.0,0.0,0.0
1531,11,-296.53574,426.09265,0.0018143844,0.0,-0.0,0.0,0.0,2.40830539495149e-07,2.3961066138074177e-05,1.9255154023977281,0.0,0.0,0.0
1532,11,-296.53574,426.09265,0.0018143844,0.0,-0.0,0.0,0.0,2.40830539495149e-07,2.3961066138074177e-05,1.9255154023977281,0.0,0.0,0.0
1533,11,-296.53574,426.09265,0.0018143844,0.0,-0.0,0.0,0.0,2.40830539495149e-07,2.3961066138074177e-05,1.9255154023977281,0.0,0.0,0.0
1534,11,-296.53574,426.09265,0.0018143844,0.0,-0.0,0.0,0.0,2.40830539495149e-07,2.3961066138074177e-05,1.9255154023977281,0.0,0.0,0.0
1535,11,-296.53574,426.09265,0.0018143844,0.0,-0.0,0.0,0.0,2.40830539495149e-07,2.3961066138074177e-05,1.9255154023977281,0.0,0.0,0.0
1536,11,-296.53574,426.09265,0.0018143844,0.0,-0.0,0.0,0.0,2.40830539495149e-07,2.3961066138074177e-05,1.9255154023977281,0.0,0.0,0.0
1537,11,-296.53574,426.09265,0.0018143844,0.0,-0.0,0.0,0.0,2.40830539495149e-07,2.3961066138074177e-05,1.9255154023977281,0.0,0.0,0.0
1538,11,-296.53574,426.09265,0.0018143844,0.0,-0.0,0.0,0.0,2.40830539495149e-07,2.3961066138074177e-05,1.9255154023977281,0.0,0.0,0.0
1539,11,-296.53574,426.09265,0.0018143844,0.0,-0.0,0.0,0.0,2.40830539495149e-07,2.3961066138074177e-05,1.9255154023977281,0.0,0.0,0.0
1540,11,-296.53574,426.09265,0.0018143844,0.0,-0.0,0.0,0.0,2.40830539495149e-07,2.3961066138074177e-05,1.9255154023977281,0.0,0.0,0.0
1541,11,-296.53574,426.09265,0.0018143844,0.0,-0.0,0.0,0.0,2.40830539495149e-07,2.3961066138074177e-05,1.9255154023977281,0.0,0.0,0.0
1542,11,-296.53574,426.09265,0.0018143844,0.0,-0.0,0.0,0.0,2.40830539495149e-07,2.3961066138074177e-05,1.9255154023977281,0.0,0.0,0.0
1543,11,-296.53574,426.09265,0.0018143844,0.0,-0.0,0.0,0.0,2.40830539495149e-07,2.3961066138074177e-05,1.9255154023977281,0.0,0.0,0.0
1544,11,-296.53574,426.09265,0.0018143844,0.0,-0.0,0.0,0.0,2.40830539495149e-07,2.3961066138074177e-05,1.9255154023977281,0.0,0.0,0.0
1545,11,-296.53574,426.09265,0.0018143844,0.0,-0.0,0.0,0.0,2.40830539495149e-07,2.3961066138074177e-05,1.9255154023977281,0.0,0.0,0.0
1546,11,-296.53574,426.09265,0.0018143844,0.0,-0.0,0.0,0.0,2.40830539495149e-07,2.3961066138074177e-05,1.9255154023977281,0.0,0.0,0.0
1547,11,-296.53574,426.09265,0.0018143844,0.0,-0.0,0.0,0.0,2.40830539495149e-07,2.3961066138074177e-05,1.9255154023977281,0.0,0.0,0.0
1548,11,-296.53574,426.09265,0.0018143844,0.0,-0.0,0.0,0.0,2.40830539495149e-07,2.3961066138074177e-05,1.9255154023977281,0.0,0.0,0.0
1549,11,-296.53574,426.09265,0.0018143844,0.0,-0.0,0.0,0.0,2.40830539495149e-07,2.3961066138074177e-05,1.9255154023977281,0.0,0.0,0.0
1550,11,-296.53574,426.09265,0.0018143844,0.0,-0.0,0.0,0.0,2.40830539495149e-07,2.3961066138074177e-05,1.9255154023977281,0.0,0.0,0.0
1551,11,-296.53574,426.09265,0.0018143844,0.0,-0.0,0.0,0.0,2.40830539495149e-07,2.3961066138074177e-05,1.9255154023977281,0.0,0.0,0.0
1552,11,-296.53574,426.09265,0.0018143844,0.0,-0.0,0.0,0.0,2.40830539495149e-07,2.3961066138074177e-05,1.9255154023977281,0.0,0.0,0.0
1553,11,-296.53574,426.09265,0.0018143844,0.0,-0.0,0.0,0.0,2.40830539495149e-07,2.3961066138074177e-05,1.9255154023977281,0.0,0.0,0.0
1554,11,-296.53574,426.09265,0.0018143844,0.0,-0.0,0.0,0.0,2.40830539495149e-07,2.3961066138074177e-05,1.9255154023977281,0.0,0.0,0.0
1555,11,-296.53574,426.09265,0.0018143844,0.0,-0.0,0.0,0.0,2.40830539495149e-07,2.3961066138074177e-05,1.9255154023977281,0.0,0.0,0.0
1556,11,-296.53574,426.09265,0.0018143844,0.0,-0.0,0.0,0.0,2.40830539495149e-07,2.3961066138074177e-05,1.9255154023977281,0.0,0.0,0.0
1557,11,-296.53574,426.09265,0.0018143844,0.0,-0.0,0.0,0.0,2.40830539495149e-07,2.3961066138074177e-05,1.9255154023977281,0.0,0.0,0.0
1558,11,-296.53574,426.09265,0.0018143844,0.0,-0.0,0.0,0.0,2.40830539495149e-07,2.3961066138074177e-05,1.9255154023977281,0.0,0.0,0.0
1559,11,-296.53574,426.09265,0.0018143844,0.0,-0.0,0.0,0.0,2.40830539495149e-07,2.3961066138074177e-05,1.9255154023977281,0.0,0.0,0.0
1560,11,-296.53574,426.09265,0.0018143844,0.0,-0.0,0.0,0.0,2.40830539495149e-07,2.3961066138074177e-05,1.9255154023977281,0.0,0.0,0.0
1561,11,-296.53574,426.09265,0.0018143844,0.0,-0.0,0.0,0.0,2.40830539495149e-07,2.3961066138074177e-05,1.9255154023977281,0.0,0.0,0.0
1562,11,-296.53574,426.09265,0.0018143844,0.0,-0.0,0.0,0.0,2.40830539495149e-07,2.3961066138074177e-05,1.9255154023977281,0.0,0.0,0.0
1563,11,-296.53574,426.09265,0.0018143844,0.0,-0.0,0.0,0.0,2.40830539495149e-07,2.3961066138074177e-05,1.9255154023977281,0.0,0.0,0.0
1564,11,-296.53574,426.09265,0.0018143844,0.0,-0.0,0.0,0.0,2.40830539495149e-07,2.3961066138074177e-05,1.9255154023977281,0.0,0.0,0.0
1565,11,-296.53574,426.09265,0.0018143844,0.0,-0.0,0.0,0.0,2.40830539495149e-07,2.3961066138074177e-05,1.9255154023977281,0.0,0.0,0.0
1566,11,-296.53574,426.09265,0.0018143844,0.0,-0.0,0.0,0.0,2.40830539495149e-07,2.3961066138074177e-05,1.9255154023977281,0.0,0.0,0.0
1567,11,-296.53574,426.09265,0.0018143844,0.0,-0.0,0.0,0.0,2.40830539495149e-07,2.3961066138074177e-05,1.9255154023977281,0.0,0.0,0.0
1568,11,-296.53574,426.09265,0.0018143844,0.0,-0.0,0.0,0.0,2.40830539495149e-07,2.3961066138074177e-05,1.9255154023977281,0.0,0.0,0.0
1569,11,-296.53574,426.09265,0.0018143844,0.0,-0.0,0.0,0.0,2.40830539495149e-07,2.3961066138074177e-05,1.9255154023977281,0.0,0.0,0.0
1570,11,-296.53574,426.09265,0.0018143844,0.0,-0.0,0.0,0.0,2.40830539495149e-07,2.3961066138074177e-05,1.9255154023977281,0.0,0.0,0.0
1571,11,-296.53574,426.09265,0.0018143844,0.0,-0.0,0.0,0.0,2.40830539495149e-07,2.3961066138074177e-05,1.9255154023977281,0.0,0.0,0.0
1572,11,-296.53574,426.09265,0.0018143844,0.0,-0.0,0.0,0.0,2.40830539495149e-07,2.3961066138074177e-05,1.9255154023977281,0.0,0.0,0.0
1573,11,-296.53574,426.09265,0.0018143844,0.0,-0.0,0.0,0.0,2.40830539495149e-07,2.3961066138074177e-05,1.9255154023977281,0.0,0.0,0.0
1574,11,-296.53574,426.09265,0.0018143844,0.0,-0.0,0.0,0.0,2.40830539495149e-07,2.3961066138074177e-05,1.9255154023977281,0.0,0.0,0.0
1575,11,-296.53574,426.09265,0.0018143844,0.0,-0.0,0.0,0.0,2.40830539495149e-07,2.3961066138074177e-05,1.9255154023977281,0.0,0.0,0.0
1576,11,-296.53574,426.09265,0.0018143844,0.0,-0.0,0.0,0.0,2.40830539495149e-07,2.3961066138074177e-05,1.9255154023977281,0.0,0.0,0.0
1577,11,-296.53574,426.09265,0.0018143844,0.0,-0.0,0.0,0.0,2.40830539495149e-07,2.3961066138074177e-05,1.9255154023977281,0.0,0.0,0.0
1578,11,-296.53574,426.09265,0.0018143844,0.0,-0.0,0.0,0.0,2.40830539495149e-07,2.3961066138074177e-05,1.9255154023977281,0.0,0.0,0.0
1579,11,-296.53574,426.09265,0.0018143844,0.0,-0.0,0.0,0.0,2.40830539495149e-07,2.3961066138074177e-05,1.9255154023977281,0.0,0.0,0.0
1580,11,-296.53574,426.09265,0.0018143844,0.0,-0.0,0.0,0.0,2.40830539495149e-07,2.3961066138074177e-05,1.9255154023977281,0.0,0.0,0.0
1581,11,-296.53574,426.09265,0.0018143844,0.0,-0.0,0.0,0.0,2.40830539495149e-07,2.3961066138074177e-05,1.9255154023977281,0.0,0.0,0.0
1582,11,-296.53574,426.09265,0.0018143844,0.0,-0.0,0.0,0.0,2.40830539495149e-07,2.3961066138074177e-05,1.9255154023977281,0.0,0.0,0.0
1583,11,-296.53574,426.09265,0.0018143844,0.0,-0.0,0.0,0.0,2.40830539495149e-07,2.3961066138074177e-05,1.9255154023977281,0.0,0.0,0.0
1584,11,-296.53574,426.09265,0.0018143844,0.0,-0.0,0.0,0.0,2.40830539495149e-07,2.3961066138074177e-05,1.9255154023977281,0.0,0.0,0.0
1585,11,-296.53574,426.09265,0.0018143844,0.0,-0.0,0.0,0.0,2.40830539495149e-07,2.3961066138074177e-05,1.9255154023977281,0.0,0.0,0.0
1586,11,-296.53574,426.09265,0.0018143844,0.0,-0.0,0.0,0.0,2.40830539495149e-07,2.3961066138074177e-05,1.9255154023977281,0.0,0.0,0.0
1587,11,-296.53574,426.09265,0.0018143844,0.0,-0.0,0.0,0.0,2.40830539495149e-07,2.3961066138074177e-05,1.9255154023977281,0.0,0.0,0.0
1588,11,-296.53574,426.09265,0.0018143844,0.0,-0.0,0.0,0.0,2.40830539495149e-07,2.3961066138074177e-05,1.9255154023977281,0.0,0.0,0.0
1589,11,-296.53574,426.09265,0.0018143844,0.0,-0.0,0.0,0.0,2.40830539495149e-07,2.3961066138074177e-05,1.9255154023977281,0.0,0.0,0.0
1590,11,-296.53574,426.09265,0.0018143844,0.0,-0.0,0.0,0.0,2.40830539495149e-07,2.3961066138074177e-05,1.9255154023977281,0.0,0.0,0.0
1591,11,-296.53574,426.09265,0.0018143844,0.0,-0.0,0.0,0.0,2.40830539495149e-07,2.3961066138074177e-05,1.9255154023977281,0.0,0.0,0.0
1592,11,-296.53574,426.09265,0.0018143844,0.0,-0.0,0.0,0.0,2.40830539495149e-07,2.3961066138074177e-05,1.9255154023977281,0.0,0.0,0.0
1593,11,-296.53574,426.09265,0.0018143844,0.0,-0.0,0.0,0.0,2.40830539495149e-07,2.3961066138074177e-05,1.9255154023977281,0.0,0.0,0.0
1594,11,-296.53574,426.09265,0.0018143844,0.0,-0.0,0.0,0.0,2.40830539495149e-07,2.3961066138074177e-05,1.9255154023977281,0.0,0.0,0.0
1595,11,-296.53574,426.09265,0.0018143844,0.0,-0.0,0.0,0.0,2.40830539495149e-07,2.3961066138074177e-05,1.9255154023977281,0.0,0.0,0.0
1596,11,-296.53574,426.09265,0.0018143844,0.0,-0.0,0.0,0.0,2.40830539495149e-07,2.3961066138074177e-05,1.9255154023977281,0.0,0.0,0.0
1597,11,-296.53574,426.09265,0.0018143844,0.0,-0.0,0.0,0.0,2.40830539495149e-07,2.3961066138074177e-05,1.9255154023977281,0.0,0.0,0.0
1598,11,-296.53574,426.09265,0.0018143844,0.0,-0.0,0.0,0.0,2.40830539495149e-07,2.3961066138074177e-05,1.9255154023977281,0.0,0.0,0.0
1599,11,-296.53574,426.09265,0.0018143844,0.0,-0.0,0.0,0.0,2.40830539495149e-07,2.3961066138074177e-05,1.9255154023977281,0.0,0.0,0.0
1600,11,-296.53574,426.09265,0.0018143844,0.0,-0.0,0.0,0.0,2.40830539495149e-07,2.3961066138074177e-05,1.9255154023977281,0.0,0.0,0.0
1601,11,-296.53574,426.09265,0.0018143844,0.0,-0.0,0.0,0.0,2.40830539495149e-07,2.3961066138074177e-05,1.9255154023977281,0.0,0.0,0.0
1602,11,-296.53574,426.09265,0.0018143844,0.0,-0.0,0.0,0.0,2.40830539495149e-07,2.3961066138074177e-05,1.9255154023977281,0.0,0.0,0.0
1603,11,-296.53574,426.09265,0.0018143844,0.0,-0.0,0.0,0.0,2.40830539495149e-07,2.3961066138074177e-05,1.9255154023977281,0.0,0.0,0.0
1604,11,-296.53574,426.09265,0.0018143844,0.0,-0.0,0.0,0.0,2.40830539495149e-07,2.3961066138074177e-05,1.9255154023977281,0.0,0.0,0.0
1605,11,-296.53574,426.09265,0.0018143844,0.0,-0.0,0.0,0.0,2.40830539495149e-07,2.3961066138074177e-05,1.9255154023977281,0.0,0.0,0.0
1606,11,-296.53574,426.09265,0.0018143844,0.0,-0.0,0.0,0.0,2.40830539495149e-07,2.3961066138074177e-05,1.9255154023977281,0.0,0.0,0.0
1607,11,-296.53574,426.09265,0.0018143844,0.0,-0.0,0.0,0.0,2.40830539495149e-07,2.3961066138074177e-05,1.9255154023977281,0.0,0.0,0.0
1608,11,-296.53574,426.09265,0.0018143844,0.0,-0.0,0.0,0.0,2.40830539495149e-07,2.3961066138074177e-05,1.9255154023977281,0.0,0.0,0.0
1609,11,-296.53574,426.09265,0.0018143844,0.0,-0.0,0.0,0.0,2.40830539495149e-07,2.3961066138074177e-05,1.9255154023977281,0.0,0.0,0.0
1610,11,-296.53574,426.09265,0.0018143844,0.0,-0.0,0.0,0.0,2.40830539495149e-07,2.3961066138074177e-05,1.9255154023977281,0.0,0.0,0.0
1611,11,-296.53574,426.09265,0.0018143844,0.0,-0.0,0.0,0.0,2.40830539495149e-07,2.3961066138074177e-05,1.9255154023977281,0.0,0.0,0.0
1612,11,-296.53574,426.09265,0.0018143844,0.0,-0.0,0.0,0.0,2.40830539495149e-07,2.3961066138074177e-05,1.9255154023977281,0.0,0.0,0.0
1613,11,-296.53574,426.09265,0.0018143844,0.0,-0.0,0.0,0.0,2.40830539495149e-07,2.3961066138074177e-05,1.9255154023977281,0.0,0.0,0.0
1614,11,-296.53574,426.09265,0.0018143844,0.0,-0.0,0.0,0.0,2.40830539495149e-07,2.3961066138074177e-05,1.9255154023977281,0.0,0.0,0.0
1615,11,-296.53574,426.09265,0.0018143844,0.0,-0.0,0.0,0.0,2.40830539495149e-07,2.3961066138074177e-05,1.9255154023977281,0.0,0.0,0.0
1616,11,-296.53574,426.09265,0.0018143844,0.0,-0.0,0.0,0.0,2.40830539495149e-07,2.3961066138074177e-05,1.9255154023977281,0.0,0.0,0.0
1617,11,-296.53574,426.09265,0.0018143844,0.0,-0.0,0.0,0.0,2.40830539495149e-07,2.3961066138074177e-05,1.9255154023977281,0.0,0.0,0.0
1618,11,-296.53574,426.09265,0.0018143844,0.0,-0.0,0.0,0.0,2.40830539495149e-07,2.3961066138074177e-05,1.9255154023977281,0.0,0.0,0.0
1619,11,-296.53574,426.09265,0.0018143844,0.0,-0.0,0.0,0.0,2.40830539495149e-07,2.3961066138074177e-05,1.9255154023977281,0.0,0.0,0.0
1620,11,-296.53574,426.09265,0.0018143844,0.0,-0.0,0.0,0.0,2.40830539495149e-07,2.3961066138074177e-05,1.9255154023977281,0.0,0.0,0.0
1621,11,-296.53574,426.09265,0.0018143844,0.0,-0.0,0.0,0.0,2.40830539495149e-07,2.3961066138074177e-05,1.9255154023977281,0.0,0.0,0.0
1622,11,-296.53574,426.09265,0.0018143844,0.0,-0.0,0.0,0.0,2.40830539495149e-07,2.3961066138074177e-05,1.9255154023977281,0.0,0.0,0.0
1623,11,-296.53574,426.09265,0.0018143844,0.0,-0.0,0.0,0.0,2.40830539495149e-07,2.3961066138074177e-05,1.9255154023977281,0.0,0.0,0.0
1624,11,-296.53574,426.09265,0.0018143844,0.0,-0.0,0.0,0.0,2.40830539495149e-07,2.3961066138074177e-05,1.9255154023977281,0.0,0.0,0.0
1625,11,-296.53574,426.09265,0.0018143844,0.0,-0.0,0.0,0.0,2.40830539495149e-07,2.3961066138074177e-05,1.9255154023977281,0.0,0.0,0.0
1626,11,-296.53574,426.09265,0.0018143844,0.0,-0.0,0.0,0.0,2.40830539495149e-07,2.3961066138074177e-05,1.9255154023977281,0.0,0.0,0.0
1627,11,-296.53574,426.09265,0.0018143844,0.0,-0.0,0.0,0.0,2.40830539495149e-07,2.3961066138074177e-05,1.9255154023977281,0.0,0.0,0.0
1628,11,-296.53574,426.09265,0.0018143844,0.0,-0.0,0.0,0.0,2.40830539495149e-07,2.3961066138074177e-05,1.9255154023977281,0.0,0.0,0.0
1629,11,-296.53574,426.09265,0.0018143844,0.0,-0.0,0.0,0.0,2.40830539495149e-07,2.3961066138074177e-05,1.9255154023977281,0.0,0.0,0.0
1630,11,-296.53574,426.09265,0.0018143844,0.0,-0.0,0.0,0.0,2.40830539495149e-07,2.3961066138074177e-05,1.9255154023977281,0.0,0.0,0.0
1631,11,-296.53574,426.09265,0.0018143844,0.0,-0.0,0.0,0.0,2.40830539495149e-07,2.3961066138074177e-05,1.9255154023977281,0.0,0.0,0.0
1632,11,-296.53574,426.09265,0.0018143844,0.0,-0.0,0.0,0.0,2.40830539495149e-07,2.3961066138074177e-05,1.9255154023977281,0.0,0.0,0.0
1633,11,-296.53574,426.09265,0.0018143844,0.0,-0.0,0.0,0.0,2.40830539495149e-07,2.3961066138074177e-05,1.9255154023977281,0.0,0.0,0.0
1634,11,-296.53574,426.09265,0.0018143844,0.0,-0.0,0.0,0.0,2.40830539495149e-07,2.3961066138074177e-05,1.9255154023977281,0.0,0.0,0.0
1635,11,-296.53574,426.09265,0.0018143844,0.0,-0.0,0.0,0.0,2.40830539495149e-07,2.3961066138074177e-05,1.9255154023977281,0.0,0.0,0.0
1636,11,-296.53574,426.09265,0.0018143844,0.0,-0.0,0.0,0.0,2.40830539495149e-07,2.3961066138074177e-05,1.9255154023977281,0.0,0.0,0.0
1637,11,-296.53574,426.09265,0.0018143844,0.0,-0.0,0.0,0.0,2.40830539495149e-07,2.3961066138074177e-05,1.9255154023977281,0.0,0.0,0.0
1638,11,-296.53574,426.09265,0.0018143844,0.0,-0.0,0.0,0.0,2.40830539495149e-07,2.3961066138074177e-05,1.9255154023977281,0.0,0.0,0.0
1639,11,-296.53574,426.09265,0.0018143844,0.0,-0.0,0.0,0.0,2.40830539495149e-07,2.3961066138074177e-05,1.9255154023977281,0.0,0.0,0.0
1640,11,-296.53574,426.09265,0.0018143844,0.0,-0.0,0.0,0.0,2.40830539495149e-07,2.3961066138074177e-05,1.9255154023977281,0.0,0.0,0.0
1641,11,-296.53574,426.09265,0.0018143844,0.0,-0.0,0.0,0.0,2.40830539495149e-07,2.3961066138074177e-05,1.9255154023977281,0.0,0.0,0.0
1642,11,-296.53574,426.09265,0.0018143844,0.0,-0.0,0.0,0.0,2.40830539495149e-07,2.3961066138074177e-05,1.9255154023977281,0.0,0.0,0.0
1643,11,-296.53574,426.09265,0.0018143844,0.0,-0.0,0.0,0.0,2.40830539495149e-07,2.3961066138074177e-05,1.9255154023977281,0.0,0.0,0.0
1644,11,-296.53574,426.09265,0.0018143844,0.0,-0.0,0.0,0.0,2.40830539495149e-07,2.3961066138074177e-05,1.9255154023977281,0.0,0.0,0.0
1645,11,-296.53574,426.09265,0.0018143844,0.0,-0.0,0.0,0.0,2.40830539495149e-07,2.3961066138074177e-05,1.9255154023977281,0.0,0.0,0.0
1646,11,-296.53574,426.09265,0.0018143844,0.0,-0.0,0.0,0.0,2.40830539495149e-07,2.3961066138074177e-05,1.9255154023977281,0.0,0.0,0.0
1647,11,-296.53574,426.09265,0.0018143844,0.0,-0.0,0.0,0.0,2.40830539495149e-07,2.3961066138074177e-05,1.9255154023977281,0.0,0.0,0.0
1648,11,-296.53574,426.09265,0.0018143844,0.0,-0.0,0.0,0.0,2.40830539495149e-07,2.3961066138074177e-05,1.9255154023977281,0.0,0.0,0.0
1649,11,-296.53574,426.09265,0.0018143844,0.0,-0.0,0.0,0.0,2.40830539495149e-07,2.3961066138074177e-05,1.9255154023977281,0.0,0.0,0.0
1650,11,-296.53574,426.09265,0.0018143844,0.0,-0.0,0.0,0.0,2.40830539495149e-07,2.3961066138074177e-05,1.9255154023977281,0.0,0.0,0.0
1651,11,-296.53574,426.09265,0.0018143844,0.0,-0.0,0.0,0.0,2.40830539495149e-07,2.3961066138074177e-05,1.9255154023977281,0.0,0.0,0.0
1652,11,-296.53574,426.09265,0.0018143844,0.0,-0.0,0.0,0.0,2.40830539495149e-07,2.3961066138074177e-05,1.9255154023977281,0.0,0.0,0.0
1653,11,-296.53574,426.09265,0.0018143844,0.0,-0.0,0.0,0.0,2.40830539495149e-07,2.3961066138074177e-05,1.9255154023977281,0.0,0.0,0.0
1654,11,-296.53574,426.09265,0.0018143844,0.0,-0.0,0.0,0.0,2.40830539495149e-07,2.3961066138074177e-05,1.9255154023977281,0.0,0.0,0.0
1655,11,-296.53574,426.09265,0.0018143844,0.0,-0.0,0.0,0.0,2.40830539495149e-07,2.3961066138074177e-05,1.9255154023977281,0.0,0.0,0.0
1656,11,-296.53574,426.09265,0.0018143844,0.0,-0.0,0.0,0.0,2.40830539495149e-07,2.3961066138074177e-05,1.9255154023977281,0.0,0.0,0.0
1657,11,-296.53574,426.09265,0.0018143844,0.0,-0.0,0.0,0.0,2.40830539495149e-07,2.3961066138074177e-05,1.9255154023977281,0.0,0.0,0.0
1658,11,-296.53574,426.09265,0.0018143844,0.0,-0.0,0.0,0.0,2.40830539495149e-07,2.3961066138074177e-05,1.9255154023977281,0.0,0.0,0.0
1659,11,-296.53574,426.09265,0.0018143844,0.0,-0.0,0.0,0.0,2.40830539495149e-07,2.3961066138074177e-05,1.9255154023977281,0.0,0.0,0.0
1660,11,-296.53574,426.09265,0.0018143844,0.0,-0.0,0.0,0.0,2.40830539495149e-07,2.3961066138074177e-05,1.9255154023977281,0.0,0.0,0.0
1661,11,-296.53574,426.09265,0.0018143844,0.0,-0.0,0.0,0.0,2.40830539495149e-07,2.3961066138074177e-05,1.9255154023977281,0.0,0.0,0.0
1662,11,-296.53574,426.09265,0.0018143844,0.0,-0.0,0.0,0.0,2.40830539495149e-07,2.3961066138074177e-05,1.9255154023977281,0.0,0.0,0.0
1663,11,-296.53574,426.09265,0.0018143844,0.0,-0.0,0.0,0.0,2.40830539495149e-07,2.3961066138074177e-05,1.9255154023977281,0.0,0.0,0.0
1664,11,-296.53574,426.09265,0.0018143844,0.0,-0.0,0.0,0.0,2.40830539495149e-07,2.3961066138074177e-05,1.9255154023977281,0.0,0.0,0.0
1665,11,-296.53574,426.09265,0.0018143844,0.0,-0.0,0.0,0.0,2.40830539495149e-07,2.3961066138074177e-05,1.9255154023977281,0.0,0.0,0.0
1666,11,-296.53574,426.09265,0.0018143844,0.0,-0.0,0.0,0.0,2.40830539495149e-07,2.3961066138074177e-05,1.9255154023977281,0.0,0.0,0.0
1667,11,-296.53574,426.09265,0.0018143844,0.0,-0.0,0.0,0.0,2.40830539495149e-07,2.3961066138074177e-05,1.9255154023977281,0.0,0.0,0.0
1668,11,-296.53574,426.09265,0.0018143844,0.0,-0.0,0.0,0.0,2.40830539495149e-07,2.3961066138074177e-05,1.9255154023977281,0.0,0.0,0.0
1669,11,-296.53574,426.09265,0.0018143844,0.0,-0.0,0.0,0.0,2.40830539495149e-07,2.3961066138074177e-05,1.9255154023977281,0.0,0.0,0.0
1670,11,-296.53574,426.09265,0.0018143844,0.0,-0.0,0.0,0.0,2.40830539495149e-07,2.3961066138074177e-05,1.9255154023977281,0.0,0.0,0.0
1671,11,-296.53574,426.09265,0.0018143844,0.0,-0.0,0.0,0.0,2.40830539495149e-07,2.3961066138074177e-05,1.9255154023977281,0.0,0.0,0.0
1672,11,-296.53574,426.09265,0.0018143844,0.0,-0.0,0.0,0.0,2.40830539495149e-07,2.3961066138074177e-05,1.9255154023977281,0.0,0.0,0.0
1673,11,-296.53574,426.09265,0.0018143844,0.0,-0.0,0.0,0.0,2.40830539495149e-07,2.3961066138074177e-05,1.9255154023977281,0.0,0.0,0.0
1674,11,-296.53574,426.09265,0.0018143844,0.0,-0.0,0.0,0.0,2.40830539495149e-07,2.3961066138074177e-05,1.9255154023977281,0.0,0.0,0.0
1675,11,-296.53574,426.09265,0.0018143844,0.0,-0.0,0.0,0.0,2.40830539495149e-07,2.3961066138074177e-05,1.9255154023977281,0.0,0.0,0.0
1676,11,-296.53574,426.09265,0.0018143844,0.0,-0.0,0.0,0.0,2.40830539495149e-07,2.3961066138074177e-05,1.9255154023977281,0.0,0.0,0.0
1677,11,-296.53574,426.09265,0.0018143844,0.0,-0.0,0.0,0.0,2.40830539495149e-07,2.3961066138074177e-05,1.9255154023977281,0.0,0.0,0.0
1678,11,-296.53574,426.09265,0.0018143844,0.0,-0.0,0.0,0.0,2.40830539495149e-07,2.3961066138074177e-05,1.9255154023977281,0.0,0.0,0.0
1679,11,-296.53574,426.09265,0.0018143844,0.0,-0.0,0.0,0.0,2.40830539495149e-07,2.3961066138074177e-05,1.9255154023977281,0.0,0.0,0.0
1680,11,-296.53574,426.09265,0.0018143844,0.0,-0.0,0.0,0.0,2.40830539495149e-07,2.3961066138074177e-05,1.9255154023977281,0.0,0.0,0.0
1681,11,-296.53574,426.09265,0.0018143844,0.0,-0.0,0.0,0.0,2.40830539495149e-07,2.3961066138074177e-05,1.9255154023977281,0.0,0.0,0.0
1682,11,-296.53574,426.09265,0.0018143844,0.0,-0.0,0.0,0.0,2.40830539495149e-07,2.3961066138074177e-05,1.9255154023977281,0.0,0.0,0.0
1683,11,-296.53574,426.09265,0.0018143844,0.0,-0.0,0.0,0.0,2.40830539495149e-07,2.3961066138074177e-05,1.9255154023977281,0.0,0.0,0.0
1684,11,-296.53574,426.09265,0.0018143844,0.0,-0.0,0.0,0.0,2.40830539495149e-07,2.3961066138074177e-05,1.9255154023977281,0.0,0.0,0.0
1685,11,-296.53574,426.09265,0.0018143844,0.0,-0.0,0.0,0.0,2.40830539495149e-07,2.3961066138074177e-05,1.9255154023977281,0.0,0.0,0.0
1686,11,-296.53574,426.09265,0.0018143844,0.0,-0.0,0.0,0.0,2.40830539495149e-07,2.3961066138074177e-05,1.9255154023977281,0.0,0.0,0.0
1687,11,-296.53574,426.09265,0.0018143844,0.0,-0.0,0.0,0.0,2.40830539495149e-07,2.3961066138074177e-05,1.9255154023977281,0.0,0.0,0.0
1688,11,-296.53574,426.09265,0.0018143844,0.0,-0.0,0.0,0.0,2.40830539495149e-07,2.3961066138074177e-05,1.9255154023977281,0.0,0.0,0.0
1689,11,-296.53574,426.09265,0.0018143844,0.0,-0.0,0.0,0.0,2.40830539495149e-07,2.3961066138074177e-05,1.9255154023977281,0.0,0.0,0.0
1690,11,-296.53574,426.09265,0.0018143844,0.0,-0.0,0.0,0.0,2.40830539495149e-07,2.3961066138074177e-05,1.9255154023977281,0.0,0.0,0.0
1691,11,-296.53574,426.09265,0.0018143844,0.0,-0.0,0.0,0.0,2.40830539495149e-07,2.3961066138074177e-05,1.9255154023977281,0.0,0.0,0.0
1692,11,-296.53574,426.09265,0.0018143844,0.0,-0.0,0.0,0.0,2.40830539495149e-07,2.3961066138074177e-05,1.9255154023977281,0.0,0.0,0.0
1693,11,-296.53574,426.09265,0.0018143844,0.0,-0.0,0.0,0.0,2.40830539495149e-07,2.3961066138074177e-05,1.9255154023977281,0.0,0.0,0.0
1694,11,-296.53574,426.09265,0.0018143844,0.0,-0.0,0.0,0.0,2.40830539495149e-07,2.3961066138074177e-05,1.9255154023977281,0.0,0.0,0.0
1695,11,-296.53574,426.09265,0.0018143844,0.0,-0.0,0.0,0.0,2.40830539495149e-07,2.3961066138074177e-05,1.9255154023977281,0.0,0.0,0.0
1696,11,-296.53574,426.09265,0.0018143844,0.0,-0.0,0.0,0.0,2.40830539495149e-07,2.3961066138074177e-05,1.9255154023977281,0.0,0.0,0.0
1697,11,-296.53574,426.09265,0.0018143844,0.0,-0.0,0.0,0.0,2.40830539495149e-07,2.3961066138074177e-05,1.9255154023977281,0.0,0.0,0.0
1698,11,-296.53574,426.09265,0.0018143844,0.0,-0.0,0.0,0.0,2.40830539495149e-07,2.3961066138074177e-05,1.9255154023977281,0.0,0.0,0.0
1699,11,-296.53574,426.09265,0.0018143844,0.0,-0.0,0.0,0.0,2.40830539495149e-07,2.3961066138074177e-05,1.9255154023977281,0.0,0.0,0.0
1700,11,-296.53574,426.09265,0.0018143844,0.0,-0.0,0.0,0.0,2.40830539495149e-07,2.3961066138074177e-05,1.9255154023977281,0.0,0.0,0.0
1701,11,-296.53574,426.09265,0.0018143844,0.0,-0.0,0.0,0.0,2.40830539495149e-07,2.3961066138074177e-05,1.9255154023977281,0.0,0.0,0.0
1702,11,-296.53574,426.09265,0.0018143844,0.0,-0.0,0.0,0.0,2.40830539495149e-07,2.3961066138074177e-05,1.9255154023977281,0.0,0.0,0.0
1703,11,-296.53574,426.09265,0.0018143844,0.0,-0.0,0.0,0.0,2.40830539495149e-07,2.3961066138074177e-05,1.9255154023977281,0.0,0.0,0.0
1704,11,-296.53574,426.09265,0.0018143844,0.0,-0.0,0.0,0.0,2.40830539495149e-07,2.3961066138074177e-05,1.9255154023977281,0.0,0.0,0.0
1705,11,-296.53574,426.09265,0.0018143844,0.0,-0.0,0.0,0.0,2.40830539495149e-07,2.3961066138074177e-05,1.9255154023977281,0.0,0.0,0.0
1706,11,-296.53574,426.09265,0.0018143844,0.0,-0.0,0.0,0.0,2.40830539495149e-07,2.3961066138074177e-05,1.9255154023977281,0.0,0.0,0.0
1707,11,-296.53574,426.09265,0.0018143844,0.0,-0.0,0.0,0.0,2.40830539495149e-07,2.3961066138074177e-05,1.9255154023977281,0.0,0.0,0.0
1708,11,-296.53574,426.09265,0.0018143844,0.0,-0.0,0.0,0.0,2.40830539495149e-07,2.3961066138074177e-05,1.9255154023977281,0.0,0.0,0.0
1709,11,-296.53574,426.09265,0.0018143844,0.0,-0.0,0.0,0.0,2.40830539495149e-07,2.3961066138074177e-05,1.9255154023977281,0.0,0.0,0.0
1710,11,-296.53574,426.09265,0.0018143844,0.0,-0.0,0.0,0.0,2.40830539495149e-07,2.3961066138074177e-05,1.9255154023977281,0.0,0.0,0.0
1711,11,-296.53574,426.09265,0.0018143844,0.0,-0.0,0.0,0.0,2.40830539495149e-07,2.3961066138074177e-05,1.9255154023977281,0.0,0.0,0.0
1712,11,-296.53574,426.09265,0.0018143844,0.0,-0.0,0.0,0.0,2.40830539495149e-07,2.3961066138074177e-05,1.9255154023977281,0.0,0.0,0.0
1713,11,-296.53574,426.09265,0.0018143844,0.0,-0.0,0.0,0.0,2.40830539495149e-07,2.3961066138074177e-05,1.9255154023977281,0.0,0.0,0.0
1714,11,-296.53574,426.09265,0.0018143844,0.0,-0.0,0.0,0.0,2.40830539495149e-07,2.3961066138074177e-05,1.9255154023977281,0.0,0.0,0.0
1715,11,-296.53574,426.09265,0.0018143844,0.0,-0.0,0.0,0.0,2.40830539495149e-07,2.3961066138074177e-05,1.9255154023977281,0.0,0.0,0.0
1716,11,-296.53574,426.09265,0.0018143844,0.0,-0.0,0.0,0.0,2.40830539495149e-07,2.3961066138074177e-05,1.9255154023977281,0.0,0.0,0.0
1717,11,-296.53574,426.09265,0.0018143844,0.0,-0.0,0.0,0.0,2.40830539495149e-07,2.3961066138074177e-05,1.9255154023977281,0.0,0.0,0.0
1718,11,-296.53574,426.09265,0.0018143844,0.0,-0.0,0.0,0.0,2.40830539495149e-07,2.3961066138074177e-05,1.9255154023977281,0.0,0.0,0.0
1719,11,-296.53574,426.09265,0.0018143844,0.0,-0.0,0.0,0.0,2.40830539495149e-07,2.3961066138074177e-05,1.9255154023977281,0.0,0.0,0.0
1720,11,-296.53574,426.09265,0.0018143844,0.0,-0.0,0.0,0.0,2.40830539495149e-07,2.3961066138074177e-05,1.9255154023977281,0.0,0.0,0.0
1721,11,-296.53574,426.09265,0.0018143844,0.0,-0.0,0.0,0.0,2.40830539495149e-07,2.3961066138074177e-05,1.9255154023977281,0.0,0.0,0.0
1722,11,-296.53574,426.09265,0.0018143844,0.0,-0.0,0.0,0.0,2.40830539495149e-07,2.3961066138074177e-05,1.9255154023977281,0.0,0.0,0.0
1723,11,-296.53574,426.09265,0.0018143844,0.0,-0.0,0.0,0.0,2.40830539495149e-07,2.3961066138074177e-05,1.9255154023977281,0.0,0.0,0.0
1724,11,-296.53574,426.09265,0.0018143844,0.0,-0.0,0.0,0.0,2.40830539495149e-07,2.3961066138074177e-05,1.9255154023977281,0.0,0.0,0.0
1725,11,-296.53574,426.09265,0.0018143844,0.0,-0.0,0.0,0.0,2.40830539495149e-07,2.3961066138074177e-05,1.9255154023977281,0.0,0.0,0.0
1726,11,-296.53574,426.09265,0.0018143844,0.0,-0.0,0.0,0.0,2.40830539495149e-07,2.3961066138074177e-05,1.9255154023977281,0.0,0.0,0.0
1727,11,-296.53574,426.09265,0.0018143844,0.0,-0.0,0.0,0.0,2.40830539495149e-07,2.3961066138074177e-05,1.9255154023977281,0.0,0.0,0.0
1728,11,-296.53574,426.09265,0.0018143844,0.0,-0.0,0.0,0.0,2.40830539495149e-07,2.3961066138074177e-05,1.9255154023977281,0.0,0.0,0.0
1729,11,-296.53574,426.09265,0.0018143844,0.0,-0.0,0.0,0.0,2.40830539495149e-07,2.3961066138074177e-05,1.9255154023977281,0.0,0.0,0.0
1730,11,-296.53574,426.09265,0.0018143844,0.0,-0.0,0.0,0.0,2.40830539495149e-07,2.3961066138074177e-05,1.9255154023977281,0.0,0.0,0.0
1731,11,-296.53574,426.09265,0.0018143844,0.0,-0.0,0.0,0.0,2.40830539495149e-07,2.3961066138074177e-05,1.9255154023977281,0.0,0.0,0.0
1732,11,-296.53574,426.09265,0.0018143844,0.0,-0.0,0.0,0.0,2.40830539495149e-07,2.3961066138074177e-05,1.9255154023977281,0.0,0.0,0.0
1733,11,-296.53574,426.09265,0.0018143844,0.0,-0.0,0.0,0.0,2.40830539495149e-07,2.3961066138074177e-05,1.9255154023977281,0.0,0.0,0.0
1734,11,-296.53574,426.09265,0.0018143844,0.0,-0.0,0.0,0.0,2.40830539495149e-07,2.3961066138074177e-05,1.9255154023977281,0.0,0.0,0.0
1735,11,-296.53574,426.09265,0.0018143844,0.0,-0.0,0.0,0.0,2.40830539495149e-07,2.3961066138074177e-05,1.9255154023977281,0.0,0.0,0.0
1736,11,-296.53574,426.09265,0.0018143844,0.0,-0.0,0.0,0.0,2.40830539495149e-07,2.3961066138074177e-05,1.9255154023977281,0.0,0.0,0.0
1737,11,-296.53574,426.09265,0.0018143844,0.0,-0.0,0.0,0.0,2.40830539495149e-07,2.3961066138074177e-05,1.9255154023977281,0.0,0.0,0.0
1738,11,-296.53574,426.09265,0.0018143844,0.0,-0.0,0.0,0.0,2.40830539495149e-07,2.3961066138074177e-05,1.9255154023977281,0.0,0.0,0.0
1739,11,-296.53574,426.09265,0.0018143844,0.0,-0.0,0.0,0.0,2.40830539495149e-07,2.3961066138074177e-05,1.9255154023977281,0.0,0.0,0.0
1740,11,-296.53574,426.09265,0.0018143844,0.0,-0.0,0.0,0.0,2.40830539495149e-07,2.3961066138074177e-05,1.9255154023977281,0.0,0.0,0.0
1741,11,-296.53574,426.09265,0.0018143844,0.0,-0.0,0.0,0.0,2.40830539495149e-07,2.3961066138074177e-05,1.9255154023977281,0.0,0.0,0.0
1742,11,-296.53574,426.09265,0.0018143844,0.0,-0.0,0.0,0.0,2.40830539495149e-07,2.3961066138074177e-05,1.9255154023977281,0.0,0.0,0.0
1743,11,-296.53574,426.09265,0.0018143844,0.0,-0.0,0.0,0.0,2.40830539495149e-07,2.3961066138074177e-05,1.9255154023977281,0.0,0.0,0.0
1744,11,-296.53574,426.09265,0.0018143844,0.0,-0.0,0.0,0.0,2.40830539495149e-07,2.3961066138074177e-05,1.9255154023977281,0.0,0.0,0.0
1745,11,-296.53574,426.09265,0.0018143844,0.0,-0.0,0.0,0.0,2.40830539495149e-07,2.3961066138074177e-05,1.9255154023977281,0.0,0.0,0.0
1746,11,-296.53574,426.09265,0.0018143844,0.0,-0.0,0.0,0.0,2.40830539495149e-07,2.3961066138074177e-05,1.9255154023977281,0.0,0.0,0.0
1747,11,-296.53574,426.09265,0.0018143844,0.0,-0.0,0.0,0.0,2.40830539495149e-07,2.3961066138074177e-05,1.9255154023977281,0.0,0.0,0.0
1748,11,-296.53574,426.09265,0.0018143844,0.0,-0.0,0.0,0.0,2.40830539495149e-07,2.3961066138074177e-05,1.9255154023977281,0.0,0.0,0.0
1749,11,-296.53574,426.09265,0.0018143844,0.0,-0.0,0.0,0.0,2.40830539495149e-07,2.3961066138074177e-05,1.9255154023977281,0.0,0.0,0.0
1750,11,-296.53574,426.09265,0.0018143844,0.0,-0.0,0.0,0.0,2.40830539495149e-07,2.3961066138074177e-05,1.9255154023977281,0.0,0.0,0.0
1751,11,-296.53574,426.09265,0.0018143844,0.0,-0.0,0.0,0.0,2.40830539495149e-07,2.3961066138074177e-05,1.9255154023977281,0.0,0.0,0.0
1752,11,-296.53574,426.09265,0.0018143844,0.0,-0.0,0.0,0.0,2.40830539495149e-07,2.3961066138074177e-05,1.9255154023977281,0.0,0.0,0.0
1753,11,-296.53574,426.09265,0.0018143844,0.0,-0.0,0.0,0.0,2.40830539495149e-07,2.3961066138074177e-05,1.9255154023977281,0.0,0.0,0.0
1754,11,-296.53574,426.09265,0.0018143844,0.0,-0.0,0.0,0.0,2.40830539495149e-07,2.3961066138074177e-05,1.9255154023977281,0.0,0.0,0.0
1755,11,-296.53574,426.09265,0.0018143844,0.0,-0.0,0.0,0.0,2.40830539495149e-07,2.3961066138074177e-05,1.9255154023977281,0.0,0.0,0.0
1756,11,-296.53574,426.09265,0.0018143844,0.0,-0.0,0.0,0.0,2.40830539495149e-07,2.3961066138074177e-05,1.9255154023977281,0.0,0.0,0.0
1757,11,-296.53574,426.09265,0.0018143844,0.0,-0.0,0.0,0.0,2.40830539495149e-07,2.3961066138074177e-05,1.9255154023977281,0.0,0.0,0.0
1758,11,-296.53574,426.09265,0.0018143844,0.0,-0.0,0.0,0.0,2.40830539495149e-07,2.3961066138074177e-05,1.9255154023977281,0.0,0.0,0.0
1759,11,-296.53574,426.09265,0.0018143844,0.0,-0.0,0.0,0.0,2.40830539495149e-07,2.3961066138074177e-05,1.9255154023977281,0.0,0.0,0.0
1760,11,-296.53574,426.09265,0.0018143844,0.0,-0.0,0.0,0.0,2.40830539495149e-07,2.3961066138074177e-05,1.9255154023977281,0.0,0.0,0.0
1761,11,-296.53574,426.09265,0.0018143844,0.0,-0.0,0.0,0.0,2.40830539495149e-07,2.3961066138074177e-05,1.9255154023977281,0.0,0.0,0.0
1762,11,-296.53574,426.09265,0.0018143844,0.0,-0.0,0.0,0.0,2.40830539495149e-07,2.3961066138074177e-05,1.9255154023977281,0.0,0.0,0.0
1763,11,-296.53574,426.09265,0.0018143844,0.0,-0.0,0.0,0.0,2.40830539495149e-07,2.3961066138074177e-05,1.9255154023977281,0.0,0.0,0.0
1764,11,-296.53574,426.09265,0.0018143844,0.0,-0.0,0.0,0.0,2.40830539495149e-07,2.3961066138074177e-05,1.9255154023977281,0.0,0.0,0.0
1765,11,-296.53574,426.09265,0.0018143844,0.0,-0.0,0.0,0.0,2.40830539495149e-07,2.3961066138074177e-05,1.9255154023977281,0.0,0.0,0.0
1766,11,-296.53574,426.09265,0.0018143844,0.0,-0.0,0.0,0.0,2.40830539495149e-07,2.3961066138074177e-05,1.9255154023977281,0.0,0.0,0.0
1767,11,-296.53574,426.09265,0.0018143844,0.0,-0.0,0.0,0.0,2.40830539495149e-07,2.3961066138074177e-05,1.9255154023977281,0.0,0.0,0.0
1768,11,-296.53574,426.09265,0.0018143844,0.0,-0.0,0.0,0.0,2.40830539495149e-07,2.3961066138074177e-05,1.9255154023977281,0.0,0.0,0.0
1769,11,-296.53574,426.09265,0.0018143844,0.0,-0.0,0.0,0.0,2.40830539495149e-07,2.3961066138074177e-05,1.9255154023977281,0.0,0.0,0.0
1770,11,-296.53574,426.09265,0.0018143844,0.0,-0.0,0.0,0.0,2.40830539495149e-07,2.3961066138074177e-05,1.9255154023977281,0.0,0.0,0.0
1771,11,-296.53574,426.09265,0.0018143844,0.0,-0.0,0.0,0.0,2.40830539495149e-07,2.3961066138074177e-05,1.9255154023977281,0.0,0.0,0.0
1772,11,-296.53574,426.09265,0.0018143844,0.0,-0.0,0.0,0.0,2.40830539495149e-07,2.3961066138074177e-05,1.9255154023977281,0.0,0.0,0.0
1773,11,-296.53574,426.09265,0.0018143844,0.0,-0.0,0.0,0.0,2.40830539495149e-07,2.3961066138074177e-05,1.9255154023977281,0.0,0.0,0.0
1774,11,-296.53574,426.09265,0.0018143844,0.0,-0.0,0.0,0.0,2.40830539495149e-07,2.3961066138074177e-05,1.9255154023977281,0.0,0.0,0.0
1775,11,-296.53574,426.09265,0.0018143844,0.0,-0.0,0.0,0.0,2.40830539495149e-07,2.3961066138074177e-05,1.9255154023977281,0.0,0.0,0.0
1776,11,-296.53574,426.09265,0.0018143844,0.0,-0.0,0.0,0.0,2.40830539495149e-07,2.3961066138074177e-05,1.9255154023977281,0.0,0.0,0.0
1777,11,-296.53574,426.09265,0.0018143844,0.0,-0.0,0.0,0.0,2.40830539495149e-07,2.3961066138074177e-05,1.9255154023977281,0.0,0.0,0.0
1778,11,-296.53574,426.09265,0.0018143844,0.0,-0.0,0.0,0.0,2.40830539495149e-07,2.3961066138074177e-05,1.9255154023977281,0.0,0.0,0.0
1779,11,-296.53574,426.09265,0.0018143844,0.0,-0.0,0.0,0.0,2.40830539495149e-07,2.3961066138074177e-05,1.9255154023977281,0.0,0.0,0.0
1780,11,-296.53574,426.09265,0.0018143844,0.0,-0.0,0.0,0.0,2.40830539495149e-07,2.3961066138074177e-05,1.9255154023977281,0.0,0.0,0.0
1781,11,-296.53574,426.09265,0.0018143844,0.0,-0.0,0.0,0.0,2.40830539495149e-07,2.3961066138074177e-05,1.9255154023977281,0.0,0.0,0.0
1782,11,-296.53574,426.09265,0.0018143844,0.0,-0.0,0.0,0.0,2.40830539495149e-07,2.3961066138074177e-05,1.9255154023977281,0.0,0.0,0.0
1783,11,-296.53574,426.09265,0.0018143844,0.0,-0.0,0.0,0.0,2.40830539495149e-07,2.3961066138074177e-05,1.9255154023977281,0.0,0.0,0.0
1784,11,-296.53574,426.09265,0.0018143844,0.0,-0.0,0.0,0.0,2.40830539495149e-07,2.3961066138074177e-05,1.9255154023977281,0.0,0.0,0.0
1785,11,-296.53574,426.09265,0.0018143844,0.0,-0.0,0.0,0.0,2.40830539495149e-07,2.3961066138074177e-05,1.9255154023977281,0.0,0.0,0.0
1786,11,-296.53574,426.09265,0.0018143844,0.0,-0.0,0.0,0.0,2.40830539495149e-07,2.3961066138074177e-05,1.9255154023977281,0.0,0.0,0.0
1787,11,-296.53574,426.09265,0.0018143844,0.0,-0.0,0.0,0.0,2.40830539495149e-07,2.3961066138074177e-05,1.9255154023977281,0.0,0.0,0.0
1788,11,-296.53574,426.09265,0.0018143844,0.0,-0.0,0.0,0.0,2.40830539495149e-07,2.3961066138074177e-05,1.9255154023977281,0.0,0.0,0.0
1789,11,-296.53574,426.09265,0.0018143844,0.0,-0.0,0.0,0.0,2.40830539495149e-07,2.3961066138074177e-05,1.9255154023977281,0.0,0.0,0.0
1790,11,-296.53574,426.09265,0.0018143844,0.0,-0.0,0.0,0.0,2.40830539495149e-07,2.3961066138074177e-05,1.9255154023977281,0.0,0.0,0.0
1791,11,-296.53574,426.09265,0.0018143844,0.0,-0.0,0.0,0.0,2.40830539495149e-07,2.3961066138074177e-05,1.9255154023977281,0.0,0.0,0.0
1792,11,-296.53574,426.09265,0.0018143844,0.0,-0.0,0.0,0.0,2.40830539495149e-07,2.3961066138074177e-05,1.9255154023977281,0.0,0.0,0.0
1793,11,-296.53574,426.09265,0.0018143844,0.0,-0.0,0.0,0.0,2.40830539495149e-07,2.3961066138074177e-05,1.9255154023977281,0.0,0.0,0.0
1794,11,-296.53574,426.09265,0.0018143844,0.0,-0.0,0.0,0.0,2.40830539495149e-07,2.3961066138074177e-05,1.9255154023977281,0.0,0.0,0.0
1795,11,-296.53574,426.09265,0.0018143844,0.0,-0.0,0.0,0.0,2.40830539495149e-07,2.3961066138074177e-05,1.9255154023977281,0.0,0.0,0.0
1796,11,-296.53574,426.09265,0.0018143844,0.0,-0.0,0.0,0.0,2.40830539495149e-07,2.3961066138074177e-05,1.9255154023977281,0.0,0.0,0.0
1797,11,-296.53574,426.09265,0.0018143844,0.0,-0.0,0.0,0.0,2.40830539495149e-07,2.3961066138074177e-05,1.9255154023977281,0.0,0.0,0.0
1798,11,-296.53574,426.09265,0.0018143844,0.0,-0.0,0.0,0.0,2.40830539495149e-07,2.3961066138074177e-05,1.9255154023977281,0.0,0.0,0.0
1799,11,-296.53574,426.09265,0.0018143844,0.0,-0.0,0.0,0.0,2.40830539495149e-07,2.3961066138074177e-05,1.9255154023977281,0.0,0.0,0.0
1800,11,-296.53574,426.09265,0.0018143844,0.0,-0.0,0.0,0.0,2.40830539495149e-07,2.3961066138074177e-05,1.9255154023977281,0.0,0.0,0.0
1801,11,-296.53574,426.09265,0.0018143844,0.0,-0.0,0.0,0.0,2.40830539495149e-07,2.3961066138074177e-05,1.9255154023977281,0.0,0.0,0.0
1802,11,-296.53574,426.09265,0.0018143844,0.0,-0.0,0.0,0.0,2.40830539495149e-07,2.3961066138074177e-05,1.9255154023977281,0.0,0.0,0.0
1803,11,-296.53574,426.09265,0.0018143844,0.0,-0.0,0.0,0.0,2.40830539495149e-07,2.3961066138074177e-05,1.9255154023977281,0.0,0.0,0.0
1804,11,-296.53574,426.09265,0.0018143844,0.0,-0.0,0.0,0.0,2.40830539495149e-07,2.3961066138074177e-05,1.9255154023977281,0.0,0.0,0.0
1805,11,-296.53574,426.09265,0.0018143844,0.0,-0.0,0.0,0.0,2.40830539495149e-07,2.3961066138074177e-05,1.9255154023977281,0.0,0.0,0.0
1806,11,-296.53574,426.09265,0.0018143844,0.0,-0.0,0.0,0.0,2.40830539495149e-07,2.3961066138074177e-05,1.9255154023977281,0.0,0.0,0.0
1807,11,-296.53574,426.09265,0.0018143844,0.0,-0.0,0.0,0.0,2.40830539495149e-07,2.3961066138074177e-05,1.9255154023977281,0.0,0.0,0.0
1808,11,-296.53574,426.09265,0.0018143844,0.0,-0.0,0.0,0.0,2.40830539495149e-07,2.3961066138074177e-05,1.9255154023977281,0.0,0.0,0.0
1809,11,-296.53574,426.09265,0.0018143844,0.0,-0.0,0.0,0.0,2.40830539495149e-07,2.3961066138074177e-05,1.9255154023977281,0.0,0.0,0.0
1810,11,-296.53574,426.09265,0.0018143844,0.0,-0.0,0.0,0.0,2.40830539495149e-07,2.3961066138074177e-05,1.9255154023977281,0.0,0.0,0.0
1811,11,-296.53574,426.09265,0.0018143844,0.0,-0.0,0.0,0.0,2.40830539495149e-07,2.3961066138074177e-05,1.9255154023977281,0.0,0.0,0.0
1812,11,-296.53574,426.09265,0.0018143844,0.0,-0.0,0.0,0.0,2.40830539495149e-07,2.3961066138074177e-05,1.9255154023977281,0.0,0.0,0.0
1813,11,-296.53574,426.09265,0.0018143844,0.0,-0.0,0.0,0.0,2.40830539495149e-07,2.3961066138074177e-05,1.9255154023977281,0.0,0.0,0.0
1814,11,-296.53574,426.09265,0.0018143844,0.0,-0.0,0.0,0.0,2.40830539495149e-07,2.3961066138074177e-05,1.9255154023977281,0.0,0.0,0.0
1815,11,-296.53574,426.09265,0.0018143844,0.0,-0.0,0.0,0.0,2.40830539495149e-07,2.3961066138074177e-05,1.9255154023977281,0.0,0.0,0.0
1816,11,-296.53574,426.09265,0.0018143844,0.0,-0.0,0.0,0.0,2.40830539495149e-07,2.3961066138074177e-05,1.9255154023977281,0.0,0.0,0.0
1817,11,-296.53574,426.09265,0.0018143844,0.0,-0.0,0.0,0.0,2.40830539495149e-07,2.3961066138074177e-05,1.9255154023977281,0.0,0.0,0.0
1818,11,-296.53574,426.09265,0.0018143844,0.0,-0.0,0.0,0.0,2.40830539495149e-07,2.3961066138074177e-05,1.9255154023977281,0.0,0.0,0.0
1819,11,-296.53574,426.09265,0.0018143844,0.0,-0.0,0.0,0.0,2.40830539495149e-07,2.3961066138074177e-05,1.9255154023977281,0.0,0.0,0.0
1820,11,-296.53574,426.09265,0.0018143844,0.0,-0.0,0.0,0.0,2.40830539495149e-07,2.3961066138074177e-05,1.9255154023977281,0.0,0.0,0.0
1821,11,-296.53574,426.09265,0.0018143844,0.0,-0.0,0.0,0.0,2.40830539495149e-07,2.3961066138074177e-05,1.9255154023977281,0.0,0.0,0.0
1822,11,-296.53574,426.09265,0.0018143844,0.0,-0.0,0.0,0.0,2.40830539495149e-07,2.3961066138074177e-05,1.9255154023977281,0.0,0.0,0.0
1823,11,-296.53574,426.09265,0.0018143844,0.0,-0.0,0.0,0.0,2.40830539495149e-07,2.3961066138074177e-05,1.9255154023977281,0.0,0.0,0.0
1824,11,-296.53574,426.09265,0.0018143844,0.0,-0.0,0.0,0.0,2.40830539495149e-07,2.3961066138074177e-05,1.9255154023977281,0.0,0.0,0.0
1825,11,-296.53574,426.09265,0.0018143844,0.0,-0.0,0.0,0.0,2.40830539495149e-07,2.3961066138074177e-05,1.9255154023977281,0.0,0.0,0.0
1826,11,-296.53574,426.09265,0.0018143844,0.0,-0.0,0.0,0.0,2.40830539495149e-07,2.3961066138074177e-05,1.9255154023977281,0.0,0.0,0.0
1827,11,-296.53574,426.09265,0.0018143844,0.0,-0.0,0.0,0.0,2.40830539495149e-07,2.3961066138074177e-05,1.9255154023977281,0.0,0.0,0.0
1828,11,-296.53574,426.09265,0.0018143844,0.0,-0.0,0.0,0.0,2.40830539495149e-07,2.3961066138074177e-05,1.9255154023977281,0.0,0.0,0.0
1829,11,-296.53574,426.09265,0.0018143844,0.0,-0.0,0.0,0.0,2.40830539495149e-07,2.3961066138074177e-05,1.9255154023977281,0.0,0.0,0.0
1830,11,-296.53574,426.09265,0.0018143844,0.0,-0.0,0.0,0.0,2.40830539495149e-07,2.3961066138074177e-05,1.9255154023977281,0.0,0.0,0.0
1831,11,-296.53574,426.09265,0.0018143844,0.0,-0.0,0.0,0.0,2.40830539495149e-07,2.3961066138074177e-05,1.9255154023977281,0.0,0.0,0.0
1832,11,-296.53574,426.09265,0.0018143844,0.0,-0.0,0.0,0.0,2.40830539495149e-07,2.3961066138074177e-05,1.9255154023977281,0.0,0.0,0.0
1833,11,-296.53574,426.09265,0.0018143844,0.0,-0.0,0.0,0.0,2.40830539495149e-07,2.3961066138074177e-05,1.9255154023977281,0.0,0.0,0.0
1834,11,-296.53574,426.09265,0.0018143844,0.0,-0.0,0.0,0.0,2.40830539495149e-07,2.3961066138074177e-05,1.9255154023977281,0.0,0.0,0.0
1835,11,-296.53574,426.09265,0.0018143844,0.0,-0.0,0.0,0.0,2.40830539495149e-07,2.3961066138074177e-05,1.9255154023977281,0.0,0.0,0.0
1836,11,-296.53574,426.09265,0.0018143844,0.0,-0.0,0.0,0.0,2.40830539495149e-07,2.3961066138074177e-05,1.9255154023977281,0.0,0.0,0.0
1837,11,-296.53574,426.09265,0.0018143844,0.0,-0.0,0.0,0.0,2.40830539495149e-07,2.3961066138074177e-05,1.9255154023977281,0.0,0.0,0.0
1838,11,-296.53574,426.09265,0.0018143844,0.0,-0.0,0.0,0.0,2.40830539495149e-07,2.3961066138074177e-05,1.9255154023977281,0.0,0.0,0.0
1839,11,-296.53574,426.09265,0.0018143844,0.0,-0.0,0.0,0.0,2.40830539495149e-07,2.3961066138074177e-05,1.9255154023977281,0.0,0.0,0.0
1840,11,-296.53574,426.09265,0.0018143844,0.0,-0.0,0.0,0.0,2.40830539495149e-07,2.3961066138074177e-05,1.9255154023977281,0.0,0.0,0.0
1841,11,-296.53574,426.09265,0.0018143844,0.0,-0.0,0.0,0.0,2.40830539495149e-07,2.3961066138074177e-05,1.9255154023977281,0.0,0.0,0.0
1842,11,-296.53574,426.09265,0.0018143844,0.0,-0.0,0.0,0.0,2.40830539495149e-07,2.3961066138074177e-05,1.9255154023977281,0.0,0.0,0.0
1843,11,-296.53574,426.09265,0.0018143844,0.0,-0.0,0.0,0.0,2.40830539495149e-07,2.3961066138074177e-05,1.9255154023977281,0.0,0.0,0.0
1844,11,-296.53574,426.09265,0.0018143844,0.0,-0.0,0.0,0.0,2.40830539495149e-07,2.3961066138074177e-05,1.9255154023977281,0.0,0.0,0.0
1845,11,-296.53574,426.09265,0.0018143844,0.0,-0.0,0.0,0.0,2.40830539495149e-07,2.3961066138074177e-05,1.9255154023977281,0.0,0.0,0.0
1846,11,-296.53574,426.09265,0.0018143844,0.0,-0.0,0.0,0.0,2.40830539495149e-07,2.3961066138074177e-05,1.9255154023977281,0.0,0.0,0.0
1847,11,-296.53574,426.09265,0.0018143844,0.0,-0.0,0.0,0.0,2.40830539495149e-07,2.3961066138074177e-05,1.9255154023977281,0.0,0.0,0.0
1848,11,-296.53574,426.09265,0.0018143844,0.0,-0.0,0.0,0.0,2.40830539495149e-07,2.3961066138074177e-05,1.9255154023977281,0.0,0.0,0.0
1849,11,-296.53574,426.09265,0.0018143844,0.0,-0.0,0.0,0.0,2.40830539495149e-07,2.3961066138074177e-05,1.9255154023977281,0.0,0.0,0.0
1850,11,-296.53574,426.09265,0.0018143844,0.0,-0.0,0.0,0.0,2.40830539495149e-07,2.3961066138074177e-05,1.9255154023977281,0.0,0.0,0.0
1851,11,-296.53574,426.09265,0.0018143844,0.0,-0.0,0.0,0.0,2.40830539495149e-07,2.3961066138074177e-05,1.9255154023977281,0.0,0.0,0.0
1852,11,-296.53574,426.09265,0.0018143844,0.0,-0.0,0.0,0.0,2.40830539495149e-07,2.3961066138074177e-05,1.9255154023977281,0.0,0.0,0.0
1853,11,-296.53574,426.09265,0.0018143844,0.0,-0.0,0.0,0.0,2.40830539495149e-07,2.3961066138074177e-05,1.9255154023977281,0.0,0.0,0.0
1854,11,-296.53574,426.09265,0.0018143844,0.0,-0.0,0.0,0.0,2.40830539495149e-07,2.3961066138074177e-05,1.9255154023977281,0.0,0.0,0.0
1855,11,-296.53574,426.09265,0.0018143844,0.0,-0.0,0.0,0.0,2.40830539495149e-07,2.3961066138074177e-05,1.9255154023977281,0.0,0.0,0.0
1856,11,-296.53574,426.09265,0.0018143844,0.0,-0.0,0.0,0.0,2.40830539495149e-07,2.3961066138074177e-05,1.9255154023977281,0.0,0.0,0.0
1857,11,-296.53574,426.09265,0.0018143844,0.0,-0.0,0.0,0.0,2.40830539495149e-07,2.3961066138074177e-05,1.9255154023977281,0.0,0.0,0.0
1858,11,-296.53574,426.09265,0.0018143844,0.0,-0.0,0.0,0.0,2.40830539495149e-07,2.3961066138074177e-05,1.9255154023977281,0.0,0.0,0.0
1859,11,-296.53574,426.09265,0.0018143844,0.0,-0.0,0.0,0.0,2.40830539495149e-07,2.3961066138074177e-05,1.9255154023977281,0.0,0.0,0.0
1860,11,-296.53574,426.09265,0.0018143844,0.0,-0.0,0.0,0.0,2.40830539495149e-07,2.3961066138074177e-05,1.9255154023977281,0.0,0.0,0.0
1861,11,-296.53574,426.09265,0.0018143844,0.0,-0.0,0.0,0.0,2.40830539495149e-07,2.3961066138074177e-05,1.9255154023977281,0.0,0.0,0.0
1862,11,-296.53574,426.09265,0.0018143844,0.0,-0.0,0.0,0.0,2.40830539495149e-07,2.3961066138074177e-05,1.9255154023977281,0.0,0.0,0.0
1863,11,-296.53574,426.09265,0.0018143844,0.0,-0.0,0.0,0.0,2.40830539495149e-07,2.3961066138074177e-05,1.9255154023977281,0.0,0.0,0.0
1864,11,-296.53574,426.09265,0.0018143844,0.0,-0.0,0.0,0.0,2.40830539495149e-07,2.3961066138074177e-05,1.9255154023977281,0.0,0.0,0.0
1865,11,-296.53574,426.09265,0.0018143844,0.0,-0.0,0.0,0.0,2.40830539495149e-07,2.3961066138074177e-05,1.9255154023977281,0.0,0.0,0.0
1866,11,-296.53574,426.09265,0.0018143844,0.0,-0.0,0.0,0.0,2.40830539495149e-07,2.3961066138074177e-05,1.9255154023977281,0.0,0.0,0.0
1867,11,-296.53574,426.09265,0.0018143844,0.0,-0.0,0.0,0.0,2.40830539495149e-07,2.3961066138074177e-05,1.9255154023977281,0.0,0.0,0.0
1868,11,-296.53574,426.09265,0.0018143844,0.0,-0.0,0.0,0.0,2.40830539495149e-07,2.3961066138074177e-05,1.9255154023977281,0.0,0.0,0.0
1869,11,-296.53574,426.09265,0.0018143844,0.0,-0.0,0.0,0.0,2.40830539495149e-07,2.3961066138074177e-05,1.9255154023977281,0.0,0.0,0.0
1870,11,-296.53574,426.09265,0.0018143844,0.0,-0.0,0.0,0.0,2.40830539495149e-07,2.3961066138074177e-05,1.9255154023977281,0.0,0.0,0.0
1871,11,-296.53574,426.09265,0.0018143844,0.0,-0.0,0.0,0.0,2.40830539495149e-07,2.3961066138074177e-05,1.9255154023977281,0.0,0.0,0.0
1872,11,-296.53574,426.09265,0.0018143844,0.0,-0.0,0.0,0.0,2.40830539495149e-07,2.3961066138074177e-05,1.9255154023977281,0.0,0.0,0.0
1873,11,-296.53574,426.09265,0.0018143844,0.0,-0.0,0.0,0.0,2.40830539495149e-07,2.3961066138074177e-05,1.9255154023977281,0.0,0.0,0.0
1874,11,-296.53574,426.09265,0.0018143844,0.0,-0.0,0.0,0.0,2.40830539495149e-07,2.3961066138074177e-05,1.9255154023977281,0.0,0.0,0.0
1875,11,-296.53574,426.09265,0.0018143844,0.0,-0.0,0.0,0.0,2.40830539495149e-07,2.3961066138074177e-05,1.9255154023977281,0.0,0.0,0.0
1876,11,-296.53574,426.09265,0.0018143844,0.0,-0.0,0.0,0.0,2.40830539495149e-07,2.3961066138074177e-05,1.9255154023977281,0.0,0.0,0.0
1877,11,-296.53574,426.09265,0.0018143844,0.0,-0.0,0.0,0.0,2.40830539495149e-07,2.3961066138074177e-05,1.9255154023977281,0.0,0.0,0.0
1878,11,-296.53574,426.09265,0.0018143844,0.0,-0.0,0.0,0.0,2.40830539495149e-07,2.3961066138074177e-05,1.9255154023977281,0.0,0.0,0.0
1879,11,-296.53574,426.09265,0.0018143844,0.0,-0.0,0.0,0.0,2.40830539495149e-07,2.3961066138074177e-05,1.9255154023977281,0.0,0.0,0.0
1880,11,-296.53574,426.09265,0.0018143844,0.0,-0.0,0.0,0.0,2.40830539495149e-07,2.3961066138074177e-05,1.9255154023977281,0.0,0.0,0.0
1881,11,-296.53574,426.09265,0.0018143844,0.0,-0.0,0.0,0.0,2.40830539495149e-07,2.3961066138074177e-05,1.9255154023977281,0.0,0.0,0.0
1882,11,-296.53574,426.09265,0.0018143844,0.0,-0.0,0.0,0.0,2.40830539495149e-07,2.3961066138074177e-05,1.9255154023977281,0.0,0.0,0.0
1883,11,-296.53574,426.09265,0.0018143844,0.0,-0.0,0.0,0.0,2.40830539495149e-07,2.3961066138074177e-05,1.9255154023977281,0.0,0.0,0.0
1884,11,-296.53574,426.09265,0.0018143844,0.0,-0.0,0.0,0.0,2.40830539495149e-07,2.3961066138074177e-05,1.9255154023977281,0.0,0.0,0.0
1885,11,-296.53574,426.09265,0.0018143844,0.0,-0.0,0.0,0.0,2.40830539495149e-07,2.3961066138074177e-05,1.9255154023977281,0.0,0.0,0.0
1886,11,-296.53574,426.09265,0.0018143844,0.0,-0.0,0.0,0.0,2.40830539495149e-07,2.3961066138074177e-05,1.9255154023977281,0.0,0.0,0.0
1887,11,-296.53574,426.09265,0.0018143844,0.0,-0.0,0.0,0.0,2.40830539495149e-07,2.3961066138074177e-05,1.9255154023977281,0.0,0.0,0.0
1888,11,-296.53574,426.09265,0.0018143844,0.0,-0.0,0.0,0.0,2.40830539495149e-07,2.3961066138074177e-05,1.9255154023977281,0.0,0.0,0.0
1889,11,-296.53574,426.09265,0.0018143844,0.0,-0.0,0.0,0.0,2.40830539495149e-07,2.3961066138074177e-05,1.9255154023977281,0.0,0.0,0.0
1890,11,-296.53574,426.09265,0.0018143844,0.0,-0.0,0.0,0.0,2.40830539495149e-07,2.3961066138074177e-05,1.9255154023977281,0.0,0.0,0.0
1891,11,-296.53574,426.09265,0.0018143844,0.0,-0.0,0.0,0.0,2.40830539495149e-07,2.3961066138074177e-05,1.9255154023977281,0.0,0.0,0.0
1892,11,-296.53574,426.09265,0.0018143844,0.0,-0.0,0.0,0.0,2.40830539495149e-07,2.3961066138074177e-05,1.9255154023977281,0.0,0.0,0.0
1893,11,-296.53574,426.09265,0.0018143844,0.0,-0.0,0.0,0.0,2.40830539495149e-07,2.3961066138074177e-05,1.9255154023977281,0.0,0.0,0.0
1894,11,-296.53574,426.09265,0.0018143844,0.0,-0.0,0.0,0.0,2.40830539495149e-07,2.3961066138074177e-05,1.9255154023977281,0.0,0.0,0.0
1895,11,-296.53574,426.09265,0.0018143844,0.0,-0.0,0.0,0.0,2.40830539495149e-07,2.3961066138074177e-05,1.9255154023977281,0.0,0.0,0.0
1896,11,-296.53574,426.09265,0.0018143844,0.0,-0.0,0.0,0.0,2.40830539495149e-07,2.3961066138074177e-05,1.9255154023977281,0.0,0.0,0.0
1897,11,-296.53574,426.09265,0.0018143844,0.0,-0.0,0.0,0.0,2.40830539495149e-07,2.3961066138074177e-05,1.9255154023977281,0.0,0.0,0.0
1898,11,-296.53574,426.09265,0.0018143844,0.0,-0.0,0.0,0.0,2.40830539495149e-07,2.3961066138074177e-05,1.9255154023977281,0.0,0.0,0.0
1899,11,-296.53574,426.09265,0.0018143844,0.0,-0.0,0.0,0.0,2.40830539495149e-07,2.3961066138074177e-05,1.9255154023977281,0.0,0.0,0.0
1900,11,-296.53574,426.09265,0.0018143844,0.0,-0.0,0.0,0.0,2.40830539495149e-07,2.3961066138074177e-05,1.9255154023977281,0.0,0.0,0.0
1901,11,-296.53574,426.09265,0.0018143844,0.0,-0.0,0.0,0.0,2.40830539495149e-07,2.3961066138074177e-05,1.9255154023977281,0.0,0.0,0.0
1902,11,-296.53574,426.09265,0.0018143844,0.0,-0.0,0.0,0.0,2.40830539495149e-07,2.3961066138074177e-05,1.9255154023977281,0.0,0.0,0.0
1903,11,-296.53574,426.09265,0.0018143844,0.0,-0.0,0.0,0.0,2.40830539495149e-07,2.3961066138074177e-05,1.9255154023977281,0.0,0.0,0.0
1904,11,-296.53574,426.09265,0.0018143844,0.0,-0.0,0.0,0.0,2.40830539495149e-07,2.3961066138074177e-05,1.9255154023977281,0.0,0.0,0.0
1905,11,-296.53574,426.09265,0.0018143844,0.0,-0.0,0.0,0.0,2.40830539495149e-07,2.3961066138074177e-05,1.9255154023977281,0.0,0.0,0.0
1906,11,-296.53574,426.09265,0.0018143844,0.0,-0.0,0.0,0.0,2.40830539495149e-07,2.3961066138074177e-05,1.9255154023977281,0.0,0.0,0.0
1907,11,-296.53574,426.09265,0.0018143844,0.0,-0.0,0.0,0.0,2.40830539495149e-07,2.3961066138074177e-05,1.9255154023977281,0.0,0.0,0.0
1908,11,-296.53574,426.09265,0.0018143844,0.0,-0.0,0.0,0.0,2.40830539495149e-07,2.3961066138074177e-05,1.9255154023977281,0.0,0.0,0.0
1909,11,-296.53574,426.09265,0.0018143844,0.0,-0.0,0.0,0.0,2.40830539495149e-07,2.3961066138074177e-05,1.9255154023977281,0.0,0.0,0.0
1910,11,-296.53574,426.09265,0.0018143844,0.0,-0.0,0.0,0.0,2.40830539495149e-07,2.3961066138074177e-05,1.9255154023977281,0.0,0.0,0.0
1911,11,-296.53574,426.09265,0.0018143844,0.0,-0.0,0.0,0.0,2.40830539495149e-07,2.3961066138074177e-05,1.9255154023977281,0.0,0.0,0.0
1912,11,-296.53574,426.09265,0.0018143844,0.0,-0.0,0.0,0.0,2.40830539495149e-07,2.3961066138074177e-05,1.9255154023977281,0.0,0.0,0.0
1913,11,-296.53574,426.09265,0.0018143844,0.0,-0.0,0.0,0.0,2.40830539495149e-07,2.3961066138074177e-05,1.9255154023977281,0.0,0.0,0.0
1914,11,-296.53574,426.09265,0.0018143844,0.0,-0.0,0.0,0.0,2.40830539495149e-07,2.3961066138074177e-05,1.9255154023977281,0.0,0.0,0.0
1915,11,-296.53574,426.09265,0.0018143844,0.0,-0.0,0.0,0.0,2.40830539495149e-07,2.3961066138074177e-05,1.9255154023977281,0.0,0.0,0.0
1916,11,-296.53574,426.09265,0.0018143844,0.0,-0.0,0.0,0.0,2.40830539495149e-07,2.3961066138074177e-05,1.9255154023977281,0.0,0.0,0.0
1917,11,-296.53574,426.09265,0.0018143844,0.0,-0.0,0.0,0.0,2.40830539495149e-07,2.3961066138074177e-05,1.9255154023977281,0.0,0.0,0.0
1918,11,-296.53574,426.09265,0.0018143844,0.0,-0.0,0.0,0.0,2.40830539495149e-07,2.3961066138074177e-05,1.9255154023977281,0.0,0.0,0.0
1919,11,-296.53574,426.09265,0.0018143844,0.0,-0.0,0.0,0.0,2.40830539495149e-07,2.3961066138074177e-05,1.9255154023977281,0.0,0.0,0.0
1920,11,-296.53574,426.09265,0.0018143844,0.0,-0.0,0.0,0.0,2.40830539495149e-07,2.3961066138074177e-05,1.9255154023977281,0.0,0.0,0.0
1921,11,-296.53574,426.09265,0.0018143844,0.0,-0.0,0.0,0.0,2.40830539495149e-07,2.3961066138074177e-05,1.9255154023977281,0.0,0.0,0.0
1922,11,-296.53574,426.09265,0.0018143844,0.0,-0.0,0.0,0.0,2.40830539495149e-07,2.3961066138074177e-05,1.9255154023977281,0.0,0.0,0.0
1923,11,-296.53574,426.09265,0.0018143844,0.0,-0.0,0.0,0.0,2.40830539495149e-07,2.3961066138074177e-05,1.9255154023977281,0.0,0.0,0.0
1924,11,-296.53574,426.09265,0.0018143844,0.0,-0.0,0.0,0.0,2.40830539495149e-07,2.3961066138074177e-05,1.9255154023977281,0.0,0.0,0.0
1925,11,-296.53574,426.09265,0.0018143844,0.0,-0.0,0.0,0.0,2.40830539495149e-07,2.3961066138074177e-05,1.9255154023977281,0.0,0.0,0.0
1926,11,-296.53574,426.09265,0.0018143844,0.0,-0.0,0.0,0.0,2.40830539495149e-07,2.3961066138074177e-05,1.9255154023977281,0.0,0.0,0.0
1927,11,-296.53574,426.09265,0.0018143844,0.0,-0.0,0.0,0.0,2.40830539495149e-07,2.3961066138074177e-05,1.9255154023977281,0.0,0.0,0.0
1928,11,-296.53574,426.09265,0.0018143844,0.0,-0.0,0.0,0.0,2.40830539495149e-07,2.3961066138074177e-05,1.9255154023977281,0.0,0.0,0.0
1929,11,-296.53574,426.09265,0.0018143844,0.0,-0.0,0.0,0.0,2.40830539495149e-07,2.3961066138074177e-05,1.9255154023977281,0.0,0.0,0.0
1930,11,-296.53574,426.09265,0.0018143844,0.0,-0.0,0.0,0.0,2.40830539495149e-07,2.3961066138074177e-05,1.9255154023977281,0.0,0.0,0.0
1931,11,-296.53574,426.09265,0.0018143844,0.0,-0.0,0.0,0.0,2.40830539495149e-07,2.3961066138074177e-05,1.9255154023977281,0.0,0.0,0.0
1932,11,-296.53574,426.09265,0.0018143844,0.0,-0.0,0.0,0.0,2.40830539495149e-07,2.3961066138074177e-05,1.9255154023977281,0.0,0.0,0.0
1933,11,-296.53574,426.09265,0.0018143844,0.0,-0.0,0.0,0.0,2.40830539495149e-07,2.3961066138074177e-05,1.9255154023977281,0.0,0.0,0.0
1934,11,-296.53574,426.09265,0.0018143844,0.0,-0.0,0.0,0.0,2.40830539495149e-07,2.3961066138074177e-05,1.9255154023977281,0.0,0.0,0.0
1935,11,-296.53574,426.09265,0.0018143844,0.0,-0.0,0.0,0.0,2.40830539495149e-07,2.3961066138074177e-05,1.9255154023977281,0.0,0.0,0.0
1936,11,-296.53574,426.09265,0.0018143844,0.0,-0.0,0.0,0.0,2.40830539495149e-07,2.3961066138074177e-05,1.9255154023977281,0.0,0.0,0.0
1937,11,-296.53574,426.09265,0.0018143844,0.0,-0.0,0.0,0.0,2.40830539495149e-07,2.3961066138074177e-05,1.9255154023977281,0.0,0.0,0.0
1938,11,-296.53574,426.09265,0.0018143844,0.0,-0.0,0.0,0.0,2.40830539495149e-07,2.3961066138074177e-05,1.9255154023977281,0.0,0.0,0.0
1939,11,-296.53574,426.09265,0.0018143844,0.0,-0.0,0.0,0.0,2.40830539495149e-07,2.3961066138074177e-05,1.9255154023977281,0.0,0.0,0.0
1940,11,-296.53574,426.09265,0.0018143844,0.0,-0.0,0.0,0.0,2.40830539495149e-07,2.3961066138074177e-05,1.9255154023977281,0.0,0.0,0.0
1941,11,-296.53574,426.09265,0.0018143844,0.0,-0.0,0.0,0.0,2.40830539495149e-07,2.3961066138074177e-05,1.9255154023977281,0.0,0.0,0.0
1942,11,-296.53574,426.09265,0.0018143844,0.0,-0.0,0.0,0.0,2.40830539495149e-07,2.3961066138074177e-05,1.9255154023977281,0.0,0.0,0.0
1943,11,-296.53574,426.09265,0.0018143844,0.0,-0.0,0.0,0.0,2.40830539495149e-07,2.3961066138074177e-05,1.9255154023977281,0.0,0.0,0.0
1944,11,-296.53574,426.09265,0.0018143844,0.0,-0.0,0.0,0.0,2.40830539495149e-07,2.3961066138074177e-05,1.9255154023977281,0.0,0.0,0.0
1945,11,-296.53574,426.09265,0.0018143844,0.0,-0.0,0.0,0.0,2.40830539495149e-07,2.3961066138074177e-05,1.9255154023977281,0.0,0.0,0.0
1946,11,-296.53574,426.09265,0.0018143844,0.0,-0.0,0.0,0.0,2.40830539495149e-07,2.3961066138074177e-05,1.9255154023977281,0.0,0.0,0.0
1947,11,-296.53574,426.09265,0.0018143844,0.0,-0.0,0.0,0.0,2.40830539495149e-07,2.3961066138074177e-05,1.9255154023977281,0.0,0.0,0.0
1948,11,-296.53574,426.09265,0.0018143844,0.0,-0.0,0.0,0.0,2.40830539495149e-07,2.3961066138074177e-05,1.9255154023977281,0.0,0.0,0.0
1949,11,-296.53574,426.09265,0.0018143844,0.0,-0.0,0.0,0.0,2.40830539495149e-07,2.3961066138074177e-05,1.9255154023977281,0.0,0.0,0.0
1950,11,-296.53574,426.09265,0.0018143844,0.0,-0.0,0.0,0.0,2.40830539495149e-07,2.3961066138074177e-05,1.9255154023977281,0.0,0.0,0.0
1951,11,-296.53574,426.09265,0.0018143844,0.0,-0.0,0.0,0.0,2.40830539495149e-07,2.3961066138074177e-05,1.9255154023977281,0.0,0.0,0.0
1952,11,-296.53574,426.09265,0.0018143844,0.0,-0.0,0.0,0.0,2.40830539495149e-07,2.3961066138074177e-05,1.9255154023977281,0.0,0.0,0.0
1953,11,-296.53574,426.09265,0.0018143844,0.0,-0.0,0.0,0.0,2.40830539495149e-07,2.3961066138074177e-05,1.9255154023977281,0.0,0.0,0.0
1954,11,-296.53574,426.09265,0.0018143844,0.0,-0.0,0.0,0.0,2.40830539495149e-07,2.3961066138074177e-05,1.9255154023977281,0.0,0.0,0.0
1955,11,-296.53574,426.09265,0.0018143844,0.0,-0.0,0.0,0.0,2.40830539495149e-07,2.3961066138074177e-05,1.9255154023977281,0.0,0.0,0.0
1956,11,-296.53574,426.09265,0.0018143844,0.0,-0.0,0.0,0.0,2.40830539495149e-07,2.3961066138074177e-05,1.9255154023977281,0.0,0.0,0.0
1957,11,-296.53574,426.09265,0.0018143844,0.0,-0.0,0.0,0.0,2.40830539495149e-07,2.3961066138074177e-05,1.9255154023977281,0.0,0.0,0.0
1958,11,-296.53574,426.09265,0.0018143844,0.0,-0.0,0.0,0.0,2.40830539495149e-07,2.3961066138074177e-05,1.9255154023977281,0.0,0.0,0.0
1959,11,-296.53574,426.09265,0.0018143844,0.0,-0.0,0.0,0.0,2.40830539495149e-07,2.3961066138074177e-05,1.9255154023977281,0.0,0.0,0.0
1960,11,-296.53574,426.09265,0.0018143844,0.0,-0.0,0.0,0.0,2.40830539495149e-07,2.3961066138074177e-05,1.9255154023977281,0.0,0.0,0.0
1961,11,-296.53574,426.09265,0.0018143844,0.0,-0.0,0.0,0.0,2.40830539495149e-07,2.3961066138074177e-05,1.9255154023977281,0.0,0.0,0.0
1962,11,-296.53574,426.09265,0.0018143844,0.0,-0.0,0.0,0.0,2.40830539495149e-07,2.3961066138074177e-05,1.9255154023977281,0.0,0.0,0.0
1963,11,-296.53574,426.09265,0.0018143844,0.0,-0.0,0.0,0.0,2.40830539495149e-07,2.3961066138074177e-05,1.9255154023977281,0.0,0.0,0.0
1964,11,-296.53574,426.09265,0.0018143844,0.0,-0.0,0.0,0.0,2.40830539495149e-07,2.3961066138074177e-05,1.9255154023977281,0.0,0.0,0.0
1965,11,-296.53574,426.09265,0.0018143844,0.0,-0.0,0.0,0.0,2.40830539495149e-07,2.3961066138074177e-05,1.9255154023977281,0.0,0.0,0.0
1966,11,-296.53574,426.09265,0.0018143844,0.0,-0.0,0.0,0.0,2.40830539495149e-07,2.3961066138074177e-05,1.9255154023977281,0.0,0.0,0.0
1967,11,-296.53574,426.09265,0.0018143844,0.0,-0.0,0.0,0.0,2.40830539495149e-07,2.3961066138074177e-05,1.9255154023977281,0.0,0.0,0.0
1968,11,-296.53574,426.09265,0.0018143844,0.0,-0.0,0.0,0.0,2.40830539495149e-07,2.3961066138074177e-05,1.9255154023977281,0.0,0.0,0.0
1969,11,-296.53574,426.09265,0.0018143844,0.0,-0.0,0.0,0.0,2.40830539495149e-07,2.3961066138074177e-05,1.9255154023977281,0.0,0.0,0.0
1970,11,-296.53574,426.09265,0.0018143844,0.0,-0.0,0.0,0.0,2.40830539495149e-07,2.3961066138074177e-05,1.9255154023977281,0.0,0.0,0.0
1971,11,-296.53574,426.09265,0.0018143844,0.0,-0.0,0.0,0.0,2.40830539495149e-07,2.3961066138074177e-05,1.9255154023977281,0.0,0.0,0.0
1972,11,-296.53574,426.09265,0.0018143844,0.0,-0.0,0.0,0.0,2.40830539495149e-07,2.3961066138074177e-05,1.9255154023977281,0.0,0.0,0.0
1973,11,-296.53574,426.09265,0.0018143844,0.0,-0.0,0.0,0.0,2.40830539495149e-07,2.3961066138074177e-05,1.9255154023977281,0.0,0.0,0.0
1974,11,-296.53574,426.09265,0.0018143844,0.0,-0.0,0.0,0.0,2.40830539495149e-07,2.3961066138074177e-05,1.9255154023977281,0.0,0.0,0.0
1975,11,-296.53574,426.09265,0.0018143844,0.0,-0.0,0.0,0.0,2.40830539495149e-07,2.3961066138074177e-05,1.9255154023977281,0.0,0.0,0.0
1976,11,-296.53574,426.09265,0.0018143844,0.0,-0.0,0.0,0.0,2.40830539495149e-07,2.3961066138074177e-05,1.9255154023977281,0.0,0.0,0.0
1977,11,-296.53574,426.09265,0.0018143844,0.0,-0.0,0.0,0.0,2.40830539495149e-07,2.3961066138074177e-05,1.9255154023977281,0.0,0.0,0.0
1978,11,-296.53574,426.09265,0.0018143844,0.0,-0.0,0.0,0.0,2.40830539495149e-07,2.3961066138074177e-05,1.9255154023977281,0.0,0.0,0.0
1979,11,-296.53574,426.09265,0.0018143844,0.0,-0.0,0.0,0.0,2.40830539495149e-07,2.3961066138074177e-05,1.9255154023977281,0.0,0.0,0.0
1980,11,-296.53574,426.09265,0.0018143844,0.0,-0.0,0.0,0.0,2.40830539495149e-07,2.3961066138074177e-05,1.9255154023977281,0.0,0.0,0.0
1981,11,-296.53574,426.09265,0.0018143844,0.0,-0.0,0.0,0.0,2.40830539495149e-07,2.3961066138074177e-05,1.9255154023977281,0.0,0.0,0.0
1982,11,-296.53574,426.09265,0.0018143844,0.0,-0.0,0.0,0.0,2.40830539495149e-07,2.3961066138074177e-05,1.9255154023977281,0.0,0.0,0.0
1983,11,-296.53574,426.09265,0.0018143844,0.0,-0.0,0.0,0.0,2.40830539495149e-07,2.3961066138074177e-05,1.9255154023977281,0.0,0.0,0.0
1984,11,-296.53574,426.09265,0.0018143844,0.0,-0.0,0.0,0.0,2.40830539495149e-07,2.3961066138074177e-05,1.9255154023977281,0.0,0.0,0.0
1985,11,-296.53574,426.09265,0.0018143844,0.0,-0.0,0.0,0.0,2.40830539495149e-07,2.3961066138074177e-05,1.9255154023977281,0.0,0.0,0.0
1986,11,-296.53574,426.09265,0.0018143844,0.0,-0.0,0.0,0.0,2.40830539495149e-07,2.3961066138074177e-05,1.9255154023977281,0.0,0.0,0.0
1987,11,-296.53574,426.09265,0.0018143844,0.0,-0.0,0.0,0.0,2.40830539495149e-07,2.3961066138074177e-05,1.9255154023977281,0.0,0.0,0.0
1988,11,-296.53574,426.09265,0.0018143844,0.0,-0.0,0.0,0.0,2.40830539495149e-07,2.3961066138074177e-05,1.9255154023977281,0.0,0.0,0.0
1989,11,-296.53574,426.09265,0.0018143844,0.0,-0.0,0.0,0.0,2.40830539495149e-07,2.3961066138074177e-05,1.9255154023977281,0.0,0.0,0.0
1990,11,-296.53574,426.09265,0.0018143844,0.0,-0.0,0.0,0.0,2.40830539495149e-07,2.3961066138074177e-05,1.9255154023977281,0.0,0.0,0.0
1991,11,-296.53574,426.09265,0.0018143844,0.0,-0.0,0.0,0.0,2.40830539495149e-07,2.3961066138074177e-05,1.9255154023977281,0.0,0.0,0.0
1992,11,-296.53574,426.09265,0.0018143844,0.0,-0.0,0.0,0.0,2.40830539495149e-07,2.3961066138074177e-05,1.9255154023977281,0.0,0.0,0.0
1993,11,-296.53574,426.09265,0.0018143844,0.0,-0.0,0.0,0.0,2.40830539495149e-07,2.3961066138074177e-05,1.9255154023977281,0.0,0.0,0.0
1994,11,-296.53574,426.09265,0.0018143844,0.0,-0.0,0.0,0.0,2.40830539495149e-07,2.3961066138074177e-05,1.9255154023977281,0.0,0.0,0.0
1995,11,-296.53574,426.09265,0.0018143844,0.0,-0.0,0.0,0.0,2.40830539495149e-07,2.3961066138074177e-05,1.9255154023977281,0.0,0.0,0.0
1996,11,-296.53574,426.09265,0.0018143844,0.0,-0.0,0.0,0.0,2.40830539495149e-07,2.3961066138074177e-05,1.9255154023977281,0.0,0.0,0.0
1997,11,-296.53574,426.09265,0.0018143844,0.0,-0.0,0.0,0.0,2.40830539495149e-07,2.3961066138074177e-05,1.9255154023977281,0.0,0.0,0.0
1998,11,-296.53574,426.09265,0.0018143844,0.0,-0.0,0.0,0.0,2.40830539495149e-07,2.3961066138074177e-05,1.9255154023977281,0.0,0.0,0.0
1999,11,-296.53574,426.09265,0.0018143844,0.0,-0.0,0.0,0.0,2.40830539495149e-07,2.3961066138074177e-05,1.9255154023977281,0.0,0.0,0.0
2000,11,-296.53574,426.09265,0.0018143844,0.0,-0.0,0.0,0.0,2.40830539495149e-07,2.3961066138074177e-05,1.9255154023977281,0.0,0.0,0.0
2001,11,-296.53574,426.09265,0.0018143844,0.0,-0.0,0.0,0.0,2.40830539495149e-07,2.3961066138074177e-05,1.9255154023977281,0.0,0.0,0.0
2002,11,-296.53574,426.09265,0.0018143844,0.0,-0.0,0.0,0.0,2.40830539495149e-07,2.3961066138074177e-05,1.9255154023977281,0.0,0.0,0.0
2003,11,-296.53574,426.09265,0.0018143844,0.0,-0.0,0.0,0.0,2.40830539495149e-07,2.3961066138074177e-05,1.9255154023977281,0.0,0.0,0.0
2004,11,-296.53574,426.09265,0.0018143844,0.0,-0.0,0.0,0.0,2.40830539495149e-07,2.3961066138074177e-05,1.9255154023977281,0.0,0.0,0.0
2005,11,-296.53574,426.09265,0.0018143844,0.0,-0.0,0.0,0.0,2.40830539495149e-07,2.3961066138074177e-05,1.9255154023977281,0.0,0.0,0.0
2006,11,-296.53574,426.09265,0.0018143844,0.0,-0.0,0.0,0.0,2.40830539495149e-07,2.3961066138074177e-05,1.9255154023977281,0.0,0.0,0.0
2007,11,-296.53574,426.09265,0.0018143844,0.0,-0.0,0.0,0.0,2.40830539495149e-07,2.3961066138074177e-05,1.9255154023977281,0.0,0.0,0.0
2008,11,-296.53574,426.09265,0.0018143844,0.0,-0.0,0.0,0.0,2.40830539495149e-07,2.3961066138074177e-05,1.9255154023977281,0.0,0.0,0.0
2009,11,-296.53574,426.09265,0.0018143844,0.0,-0.0,0.0,0.0,2.40830539495149e-07,2.3961066138074177e-05,1.9255154023977281,0.0,0.0,0.0
2010,11,-296.53574,426.09265,0.0018143844,0.0,-0.0,0.0,0.0,2.40830539495149e-07,2.3961066138074177e-05,1.9255154023977281,0.0,0.0,0.0
2011,11,-296.53574,426.09265,0.0018143844,0.0,-0.0,0.0,0.0,2.40830539495149e-07,2.3961066138074177e-05,1.9255154023977281,0.0,0.0,0.0
2012,11,-296.53574,426.09265,0.0018143844,0.0,-0.0,0.0,0.0,2.40830539495149e-07,2.3961066138074177e-05,1.9255154023977281,0.0,0.0,0.0
2013,11,-296.53574,426.09265,0.0018143844,0.0,-0.0,0.0,0.0,2.40830539495149e-07,2.3961066138074177e-05,1.9255154023977281,0.0,0.0,0.0
2014,11,-296.53574,426.09265,0.0018143844,0.0,-0.0,0.0,0.0,2.40830539495149e-07,2.3961066138074177e-05,1.9255154023977281,0.0,0.0,0.0
2015,11,-296.53574,426.09265,0.0018143844,0.0,-0.0,0.0,0.0,2.40830539495149e-07,2.3961066138074177e-05,1.9255154023977281,0.0,0.0,0.0
2016,11,-296.53574,426.09265,0.0018143844,0.0,-0.0,0.0,0.0,2.40830539495149e-07,2.3961066138074177e-05,1.9255154023977281,0.0,0.0,0.0
2017,11,-296.53574,426.09265,0.0018143844,0.0,-0.0,0.0,0.0,2.40830539495149e-07,2.3961066138074177e-05,1.9255154023977281,0.0,0.0,0.0
2018,11,-296.53574,426.09265,0.0018143844,0.0,-0.0,0.0,0.0,2.40830539495149e-07,2.3961066138074177e-05,1.9255154023977281,0.0,0.0,0.0
2019,11,-296.53574,426.09265,0.0018143844,0.0,-0.0,0.0,0.0,2.40830539495149e-07,2.3961066138074177e-05,1.9255154023977281,0.0,0.0,0.0
2020,11,-296.53574,426.09265,0.0018143844,0.0,-0.0,0.0,0.0,2.40830539495149e-07,2.3961066138074177e-05,1.9255154023977281,0.0,0.0,0.0
2021,11,-296.53574,426.09265,0.0018143844,0.0,-0.0,0.0,0.0,2.40830539495149e-07,2.3961066138074177e-05,1.9255154023977281,0.0,0.0,0.0
2022,11,-296.53574,426.09265,0.0018143844,0.0,-0.0,0.0,0.0,2.40830539495149e-07,2.3961066138074177e-05,1.9255154023977281,0.0,0.0,0.0
2023,11,-296.53574,426.09265,0.0018143844,0.0,-0.0,0.0,0.0,2.40830539495149e-07,2.3961066138074177e-05,1.9255154023977281,0.0,0.0,0.0
2024,11,-296.53574,426.09265,0.0018143844,0.0,-0.0,0.0,0.0,2.40830539495149e-07,2.3961066138074177e-05,1.9255154023977281,0.0,0.0,0.0
2025,11,-296.53574,426.09265,0.0018143844,0.0,-0.0,0.0,0.0,2.40830539495149e-07,2.3961066138074177e-05,1.9255154023977281,0.0,0.0,0.0
2026,11,-296.53574,426.09265,0.0018143844,0.0,-0.0,0.0,0.0,2.40830539495149e-07,2.3961066138074177e-05,1.9255154023977281,0.0,0.0,0.0
2027,11,-296.53574,426.09265,0.0018143844,0.0,-0.0,0.0,0.0,2.40830539495149e-07,2.3961066138074177e-05,1.9255154023977281,0.0,0.0,0.0
2028,11,-296.53574,426.09265,0.0018143844,0.0,-0.0,0.0,0.0,2.40830539495149e-07,2.3961066138074177e-05,1.9255154023977281,0.0,0.0,0.0
2029,11,-296.53574,426.09265,0.0018143844,0.0,-0.0,0.0,0.0,2.40830539495149e-07,2.3961066138074177e-05,1.9255154023977281,0.0,0.0,0.0
2030,11,-296.53574,426.09265,0.0018143844,0.0,-0.0,0.0,0.0,2.40830539495149e-07,2.3961066138074177e-05,1.9255154023977281,0.0,0.0,0.0
2031,11,-296.53574,426.09265,0.0018143844,0.0,-0.0,0.0,0.0,2.40830539495149e-07,2.3961066138074177e-05,1.9255154023977281,0.0,0.0,0.0
2032,11,-296.53574,426.09265,0.0018143844,0.0,-0.0,0.0,0.0,2.40830539495149e-07,2.3961066138074177e-05,1.9255154023977281,0.0,0.0,0.0
2033,11,-296.53574,426.09265,0.0018143844,0.0,-0.0,0.0,0.0,2.40830539495149e-07,2.3961066138074177e-05,1.9255154023977281,0.0,0.0,0.0
2034,11,-296.53574,426.09265,0.0018143844,0.0,-0.0,0.0,0.0,2.40830539495149e-07,2.3961066138074177e-05,1.9255154023977281,0.0,0.0,0.0
2035,11,-296.53574,426.09265,0.0018143844,0.0,-0.0,0.0,0.0,2.40830539495149e-07,2.3961066138074177e-05,1.9255154023977281,0.0,0.0,0.0
2036,11,-296.53574,426.09265,0.0018143844,0.0,-0.0,0.0,0.0,2.40830539495149e-07,2.3961066138074177e-05,1.9255154023977281,0.0,0.0,0.0
2037,11,-296.53574,426.09265,0.0018143844,0.0,-0.0,0.0,0.0,2.40830539495149e-07,2.3961066138074177e-05,1.9255154023977281,0.0,0.0,0.0
2038,11,-296.53574,426.09265,0.0018143844,0.0,-0.0,0.0,0.0,2.40830539495149e-07,2.3961066138074177e-05,1.9255154023977281,0.0,0.0,0.0
2039,11,-296.53574,426.09265,0.0018143844,0.0,-0.0,0.0,0.0,2.40830539495149e-07,2.3961066138074177e-05,1.9255154023977281,0.0,0.0,0.0
2040,11,-296.53574,426.09265,0.0018143844,0.0,-0.0,0.0,0.0,2.40830539495149e-07,2.3961066138074177e-05,1.9255154023977281,0.0,0.0,0.0
2041,11,-296.53574,426.09265,0.0018143844,0.0,-0.0,0.0,0.0,2.40830539495149e-07,2.3961066138074177e-05,1.9255154023977281,0.0,0.0,0.0
2042,11,-296.53574,426.09265,0.0018143844,0.0,-0.0,0.0,0.0,2.40830539495149e-07,2.3961066138074177e-05,1.9255154023977281,0.0,0.0,0.0
2043,11,-296.53574,426.09265,0.0018143844,0.0,-0.0,0.0,0.0,2.40830539495149e-07,2.3961066138074177e-05,1.9255154023977281,0.0,0.0,0.0
2044,11,-296.53574,426.09265,0.0018143844,0.0,-0.0,0.0,0.0,2.40830539495149e-07,2.3961066138074177e-05,1.9255154023977281,0.0,0.0,0.0
2045,11,-296.53574,426.09265,0.0018143844,0.0,-0.0,0.0,0.0,2.40830539495149e-07,2.3961066138074177e-05,1.9255154023977281,0.0,0.0,0.0
2046,11,-296.53574,426.09265,0.0018143844,0.0,-0.0,0.0,0.0,2.40830539495149e-07,2.3961066138074177e-05,1.9255154023977281,0.0,0.0,0.0
2047,11,-296.53574,426.09265,0.0018143844,0.0,-0.0,0.0,0.0,2.40830539495149e-07,2.3961066138074177e-05,1.9255154023977281,0.0,0.0,0.0
2048,11,-296.53574,426.09265,0.0018143844,0.0,-0.0,0.0,0.0,2.40830539495149e-07,2.3961066138074177e-05,1.9255154023977281,0.0,0.0,0.0
2049,11,-296.53574,426.09265,0.0018143844,0.0,-0.0,0.0,0.0,2.40830539495149e-07,2.3961066138074177e-05,1.9255154023977281,0.0,0.0,0.0
2050,11,-296.53574,426.09265,0.0018143844,0.0,-0.0,0.0,0.0,2.40830539495149e-07,2.3961066138074177e-05,1.9255154023977281,0.0,0.0,0.0
2051,11,-296.53574,426.09265,0.0018143844,0.0,-0.0,0.0,0.0,2.40830539495149e-07,2.3961066138074177e-05,1.9255154023977281,0.0,0.0,0.0
2052,11,-296.53574,426.09265,0.0018143844,0.0,-0.0,0.0,0.0,2.40830539495149e-07,2.3961066138074177e-05,1.9255154023977281,0.0,0.0,0.0
2053,11,-296.53574,426.09265,0.0018143844,0.0,-0.0,0.0,0.0,2.40830539495149e-07,2.3961066138074177e-05,1.9255154023977281,0.0,0.0,0.0
2054,11,-296.53574,426.09265,0.0018143844,0.0,-0.0,0.0,0.0,2.40830539495149e-07,2.3961066138074177e-05,1.9255154023977281,0.0,0.0,0.0
2055,11,-296.53574,426.09265,0.0018143844,0.0,-0.0,0.0,0.0,2.40830539495149e-07,2.3961066138074177e-05,1.9255154023977281,0.0,0.0,0.0
2056,11,-296.53574,426.09265,0.0018143844,0.0,-0.0,0.0,0.0,2.40830539495149e-07,2.3961066138074177e-05,1.9255154023977281,0.0,0.0,0.0
2057,11,-296.53574,426.09265,0.0018143844,0.0,-0.0,0.0,0.0,2.40830539495149e-07,2.3961066138074177e-05,1.9255154023977281,0.0,0.0,0.0
2058,11,-296.53574,426.09265,0.0018143844,0.0,-0.0,0.0,0.0,2.40830539495149e-07,2.3961066138074177e-05,1.9255154023977281,0.0,0.0,0.0
2059,11,-296.53574,426.09265,0.0018143844,0.0,-0.0,0.0,0.0,2.40830539495149e-07,2.3961066138074177e-05,1.9255154023977281,0.0,0.0,0.0
2060,11,-296.53574,426.09265,0.0018143844,0.0,-0.0,0.0,0.0,2.40830539495149e-07,2.3961066138074177e-05,1.9255154023977281,0.0,0.0,0.0
2061,11,-296.53574,426.09265,0.0018143844,0.0,-0.0,0.0,0.0,2.40830539495149e-07,2.3961066138074177e-05,1.9255154023977281,0.0,0.0,0.0
2062,11,-296.53574,426.09265,0.0018143844,0.0,-0.0,0.0,0.0,2.40830539495149e-07,2.3961066138074177e-05,1.9255154023977281,0.0,0.0,0.0
2063,11,-296.53574,426.09265,0.0018143844,0.0,-0.0,0.0,0.0,2.40830539495149e-07,2.3961066138074177e-05,1.9255154023977281,0.0,0.0,0.0
2064,11,-296.53574,426.09265,0.0018143844,0.0,-0.0,0.0,0.0,2.40830539495149e-07,2.3961066138074177e-05,1.9255154023977281,0.0,0.0,0.0
2065,11,-296.53574,426.09265,0.0018143844,0.0,-0.0,0.0,0.0,2.40830539495149e-07,2.3961066138074177e-05,1.9255154023977281,0.0,0.0,0.0
2066,11,-296.53574,426.09265,0.0018143844,0.0,-0.0,0.0,0.0,2.40830539495149e-07,2.3961066138074177e-05,1.9255154023977281,0.0,0.0,0.0
2067,11,-296.53574,426.09265,0.0018143844,0.0,-0.0,0.0,0.0,2.40830539495149e-07,2.3961066138074177e-05,1.9255154023977281,0.0,0.0,0.0
2068,11,-296.53574,426.09265,0.0018143844,0.0,-0.0,0.0,0.0,2.40830539495149e-07,2.3961066138074177e-05,1.9255154023977281,0.0,0.0,0.0
2069,11,-296.53574,426.09265,0.0018143844,0.0,-0.0,0.0,0.0,2.40830539495149e-07,2.3961066138074177e-05,1.9255154023977281,0.0,0.0,0.0
2070,11,-296.53574,426.09265,0.0018143844,0.0,-0.0,0.0,0.0,2.40830539495149e-07,2.3961066138074177e-05,1.9255154023977281,0.0,0.0,0.0
2071,11,-296.53574,426.09265,0.0018143844,0.0,-0.0,0.0,0.0,2.40830539495149e-07,2.3961066138074177e-05,1.9255154023977281,0.0,0.0,0.0
2072,11,-296.53574,426.09265,0.0018143844,0.0,-0.0,0.0,0.0,2.40830539495149e-07,2.3961066138074177e-05,1.9255154023977281,0.0,0.0,0.0
2073,11,-296.53574,426.09265,0.0018143844,0.0,-0.0,0.0,0.0,2.40830539495149e-07,2.3961066138074177e-05,1.9255154023977281,0.0,0.0,0.0
2074,11,-296.53574,426.09265,0.0018143844,0.0,-0.0,0.0,0.0,2.40830539495149e-07,2.3961066138074177e-05,1.9255154023977281,0.0,0.0,0.0
2075,11,-296.53574,426.09265,0.0018143844,0.0,-0.0,0.0,0.0,2.40830539495149e-07,2.3961066138074177e-05,1.9255154023977281,0.0,0.0,0.0
2076,11,-296.53574,426.09265,0.0018143844,0.0,-0.0,0.0,0.0,2.40830539495149e-07,2.3961066138074177e-05,1.9255154023977281,0.0,0.0,0.0
2077,11,-296.53574,426.09265,0.0018143844,0.0,-0.0,0.0,0.0,2.40830539495149e-07,2.3961066138074177e-05,1.9255154023977281,0.0,0.0,0.0
2078,11,-296.53574,426.09265,0.0018143844,0.0,-0.0,0.0,0.0,2.40830539495149e-07,2.3961066138074177e-05,1.9255154023977281,0.0,0.0,0.0
2079,11,-296.53574,426.09265,0.0018143844,0.0,-0.0,0.0,0.0,2.40830539495149e-07,2.3961066138074177e-05,1.9255154023977281,0.0,0.0,0.0
2080,11,-296.53574,426.09265,0.0018143844,0.0,-0.0,0.0,0.0,2.40830539495149e-07,2.3961066138074177e-05,1.9255154023977281,0.0,0.0,0.0
2081,11,-296.53574,426.09265,0.0018143844,0.0,-0.0,0.0,0.0,2.40830539495149e-07,2.3961066138074177e-05,1.9255154023977281,0.0,0.0,0.0
2082,11,-296.53574,426.09265,0.0018143844,0.0,-0.0,0.0,0.0,2.40830539495149e-07,2.3961066138074177e-05,1.9255154023977281,0.0,0.0,0.0
2083,11,-296.53574,426.09265,0.0018143844,0.0,-0.0,0.0,0.0,2.40830539495149e-07,2.3961066138074177e-05,1.9255154023977281,0.0,0.0,0.0
2084,11,-296.53574,426.09265,0.0018143844,0.0,-0.0,0.0,0.0,2.40830539495149e-07,2.3961066138074177e-05,1.9255154023977281,0.0,0.0,0.0
2085,11,-296.53574,426.09265,0.0018143844,0.0,-0.0,0.0,0.0,2.40830539495149e-07,2.3961066138074177e-05,1.9255154023977281,0.0,0.0,0.0
2086,11,-296.53574,426.09265,0.0018143844,0.0,-0.0,0.0,0.0,2.40830539495149e-07,2.3961066138074177e-05,1.9255154023977281,0.0,0.0,0.0
2087,11,-296.53574,426.09265,0.0018143844,0.0,-0.0,0.0,0.0,2.40830539495149e-07,2.3961066138074177e-05,1.9255154023977281,0.0,0.0,0.0
2088,11,-296.53574,426.09265,0.0018143844,0.0,-0.0,0.0,0.0,2.40830539495149e-07,2.3961066138074177e-05,1.9255154023977281,0.0,0.0,0.0
2089,11,-296.53574,426.09265,0.0018143844,0.0,-0.0,0.0,0.0,2.40830539495149e-07,2.3961066138074177e-05,1.9255154023977281,0.0,0.0,0.0
2090,11,-296.53574,426.09265,0.0018143844,0.0,-0.0,0.0,0.0,2.40830539495149e-07,2.3961066138074177e-05,1.9255154023977281,0.0,0.0,0.0
2091,11,-296.53574,426.09265,0.0018143844,0.0,-0.0,0.0,0.0,2.40830539495149e-07,2.3961066138074177e-05,1.9255154023977281,0.0,0.0,0.0
2092,11,-296.53574,426.09265,0.0018143844,0.0,-0.0,0.0,0.0,2.40830539495149e-07,2.3961066138074177e-05,1.9255154023977281,0.0,0.0,0.0
2093,11,-296.53574,426.09265,0.0018143844,0.0,-0.0,0.0,0.0,2.40830539495149e-07,2.3961066138074177e-05,1.9255154023977281,0.0,0.0,0.0
2094,11,-296.53574,426.09265,0.0018143844,0.0,-0.0,0.0,0.0,2.40830539495149e-07,2.3961066138074177e-05,1.9255154023977281,0.0,0.0,0.0
2095,11,-296.53574,426.09265,0.0018143844,0.0,-0.0,0.0,0.0,2.40830539495149e-07,2.3961066138074177e-05,1.9255154023977281,0.0,0.0,0.0
2096,11,-296.53574,426.09265,0.0018143844,0.0,-0.0,0.0,0.0,2.40830539495149e-07,2.3961066138074177e-05,1.9255154023977281,0.0,0.0,0.0
2097,11,-296.53574,426.09265,0.0018143844,0.0,-0.0,0.0,0.0,2.40830539495149e-07,2.3961066138074177e-05,1.9255154023977281,0.0,0.0,0.0
2098,11,-296.53574,426.09265,0.0018143844,0.0,-0.0,0.0,0.0,2.40830539495149e-07,2.3961066138074177e-05,1.9255154023977281,0.0,0.0,0.0
2099,11,-296.53574,426.09265,0.0018143844,0.0,-0.0,0.0,0.0,2.40830539495149e-07,2.3961066138074177e-05,1.9255154023977281,0.0,0.0,0.0
2100,11,-296.53574,426.09265,0.0018143844,0.0,-0.0,0.0,0.0,2.40830539495149e-07,2.3961066138074177e-05,1.9255154023977281,0.0,0.0,0.0
2101,11,-296.53574,426.09265,0.0018143844,0.0,-0.0,0.0,0.0,2.40830539495149e-07,2.3961066138074177e-05,1.9255154023977281,0.0,0.0,0.0
2102,11,-296.53574,426.09265,0.0018143844,0.0,-0.0,0.0,0.0,2.40830539495149e-07,2.3961066138074177e-05,1.9255154023977281,0.0,0.0,0.0
2103,11,-296.53574,426.09265,0.0018143844,0.0,-0.0,0.0,0.0,2.40830539495149e-07,2.3961066138074177e-05,1.9255154023977281,0.0,0.0,0.0
2104,11,-296.53574,426.09265,0.0018143844,0.0,-0.0,0.0,0.0,2.40830539495149e-07,2.3961066138074177e-05,1.9255154023977281,0.0,0.0,0.0
2105,11,-296.53574,426.09265,0.0018143844,0.0,-0.0,0.0,0.0,2.40830539495149e-07,2.3961066138074177e-05,1.9255154023977281,0.0,0.0,0.0
2106,11,-296.53574,426.09265,0.0018143844,0.0,-0.0,0.0,0.0,2.40830539495149e-07,2.3961066138074177e-05,1.9255154023977281,0.0,0.0,0.0
2107,11,-296.53574,426.09265,0.0018143844,0.0,-0.0,0.0,0.0,2.40830539495149e-07,2.3961066138074177e-05,1.9255154023977281,0.0,0.0,0.0
2108,11,-296.53574,426.09265,0.0018143844,0.0,-0.0,0.0,0.0,2.40830539495149e-07,2.3961066138074177e-05,1.9255154023977281,0.0,0.0,0.0
2109,11,-296.53574,426.09265,0.0018143844,0.0,-0.0,0.0,0.0,2.40830539495149e-07,2.3961066138074177e-05,1.9255154023977281,0.0,0.0,0.0
2110,11,-296.53574,426.09265,0.0018143844,0.0,-0.0,0.0,0.0,2.40830539495149e-07,2.3961066138074177e-05,1.9255154023977281,0.0,0.0,0.0
2111,11,-296.53574,426.09265,0.0018143844,0.0,-0.0,0.0,0.0,2.40830539495149e-07,2.3961066138074177e-05,1.9255154023977281,0.0,0.0,0.0
2112,11,-296.53574,426.09265,0.0018143844,0.0,-0.0,0.0,0.0,2.40830539495149e-07,2.3961066138074177e-05,1.9255154023977281,0.0,0.0,0.0
2113,11,-296.53574,426.09265,0.0018143844,0.0,-0.0,0.0,0.0,2.40830539495149e-07,2.3961066138074177e-05,1.9255154023977281,0.0,0.0,0.0
2114,11,-296.53574,426.09265,0.0018143844,0.0,-0.0,0.0,0.0,2.40830539495149e-07,2.3961066138074177e-05,1.9255154023977281,0.0,0.0,0.0
2115,11,-296.53574,426.09265,0.0018143844,0.0,-0.0,0.0,0.0,2.40830539495149e-07,2.3961066138074177e-05,1.9255154023977281,0.0,0.0,0.0
2116,11,-296.53574,426.09265,0.0018143844,0.0,-0.0,0.0,0.0,2.40830539495149e-07,2.3961066138074177e-05,1.9255154023977281,0.0,0.0,0.0
2117,11,-296.53574,426.09265,0.0018143844,0.0,-0.0,0.0,0.0,2.40830539495149e-07,2.3961066138074177e-05,1.9255154023977281,0.0,0.0,0.0
2118,11,-296.53574,426.09265,0.0018143844,0.0,-0.0,0.0,0.0,2.40830539495149e-07,2.3961066138074177e-05,1.9255154023977281,0.0,0.0,0.0
2119,11,-296.53574,426.09265,0.0018143844,0.0,-0.0,0.0,0.0,2.40830539495149e-07,2.3961066138074177e-05,1.9255154023977281,0.0,0.0,0.0
2120,11,-296.53574,426.09265,0.0018143844,0.0,-0.0,0.0,0.0,2.40830539495149e-07,2.3961066138074177e-05,1.9255154023977281,0.0,0.0,0.0
2121,11,-296.53574,426.09265,0.0018143844,0.0,-0.0,0.0,0.0,2.40830539495149e-07,2.3961066138074177e-05,1.9255154023977281,0.0,0.0,0.0
2122,11,-296.53574,426.09265,0.0018143844,0.0,-0.0,0.0,0.0,2.40830539495149e-07,2.3961066138074177e-05,1.9255154023977281,0.0,0.0,0.0
2123,11,-296.53574,426.09265,0.0018143844,0.0,-0.0,0.0,0.0,2.40830539495149e-07,2.3961066138074177e-05,1.9255154023977281,0.0,0.0,0.0
2124,11,-296.53574,426.09265,0.0018143844,0.0,-0.0,0.0,0.0,2.40830539495149e-07,2.3961066138074177e-05,1.9255154023977281,0.0,0.0,0.0
2125,11,-296.53574,426.09265,0.0018143844,0.0,-0.0,0.0,0.0,2.40830539495149e-07,2.3961066138074177e-05,1.9255154023977281,0.0,0.0,0.0
2126,11,-296.53574,426.09265,0.0018143844,0.0,-0.0,0.0,0.0,2.40830539495149e-07,2.3961066138074177e-05,1.9255154023977281,0.0,0.0,0.0
2127,11,-296.53574,426.09265,0.0018143844,0.0,-0.0,0.0,0.0,2.40830539495149e-07,2.3961066138074177e-05,1.9255154023977281,0.0,0.0,0.0
2128,11,-296.53574,426.09265,0.0018143844,0.0,-0.0,0.0,0.0,2.40830539495149e-07,2.3961066138074177e-05,1.9255154023977281,0.0,0.0,0.0
2129,11,-296.53574,426.09265,0.0018143844,0.0,-0.0,0.0,0.0,2.40830539495149e-07,2.3961066138074177e-05,1.9255154023977281,0.0,0.0,0.0
2130,11,-296.53574,426.09265,0.0018143844,0.0,-0.0,0.0,0.0,2.40830539495149e-07,2.3961066138074177e-05,1.9255154023977281,0.0,0.0,0.0
2131,11,-296.53574,426.09265,0.0018143844,0.0,-0.0,0.0,0.0,2.40830539495149e-07,2.3961066138074177e-05,1.9255154023977281,0.0,0.0,0.0
2132,11,-296.53574,426.09265,0.0018143844,0.0,-0.0,0.0,0.0,2.40830539495149e-07,2.3961066138074177e-05,1.9255154023977281,0.0,0.0,0.0
2133,11,-296.53574,426.09265,0.0018143844,0.0,-0.0,0.0,0.0,2.40830539495149e-07,2.3961066138074177e-05,1.9255154023977281,0.0,0.0,0.0
2134,11,-296.53574,426.09265,0.0018143844,0.0,-0.0,0.0,0.0,2.40830539495149e-07,2.3961066138074177e-05,1.9255154023977281,0.0,0.0,0.0
2135,11,-296.53574,426.09265,0.0018143844,0.0,-0.0,0.0,0.0,2.40830539495149e-07,2.3961066138074177e-05,1.9255154023977281,0.0,0.0,0.0
2136,11,-296.53574,426.09265,0.0018143844,0.0,-0.0,0.0,0.0,2.40830539495149e-07,2.3961066138074177e-05,1.9255154023977281,0.0,0.0,0.0
2137,11,-296.53574,426.09265,0.0018143844,0.0,-0.0,0.0,0.0,2.40830539495149e-07,2.3961066138074177e-05,1.9255154023977281,0.0,0.0,0.0
2138,11,-296.53574,426.09265,0.0018143844,0.0,-0.0,0.0,0.0,2.40830539495149e-07,2.3961066138074177e-05,1.9255154023977281,0.0,0.0,0.0
2139,11,-296.53574,426.09265,0.0018143844,0.0,-0.0,0.0,0.0,2.40830539495149e-07,2.3961066138074177e-05,1.9255154023977281,0.0,0.0,0.0
2140,11,-296.53574,426.09265,0.0018143844,0.0,-0.0,0.0,0.0,2.40830539495149e-07,2.3961066138074177e-05,1.9255154023977281,0.0,0.0,0.0
2141,11,-296.53574,426.09265,0.0018143844,0.0,-0.0,0.0,0.0,2.40830539495149e-07,2.3961066138074177e-05,1.9255154023977281,0.0,0.0,0.0
2142,11,-296.53574,426.09265,0.0018143844,0.0,-0.0,0.0,0.0,2.40830539495149e-07,2.3961066138074177e-05,1.9255154023977281,0.0,0.0,0.0
2143,11,-296.53574,426.09265,0.0018143844,0.0,-0.0,0.0,0.0,2.40830539495149e-07,2.3961066138074177e-05,1.9255154023977281,0.0,0.0,0.0
2144,11,-296.53574,426.09265,0.0018143844,0.0,-0.0,0.0,0.0,2.40830539495149e-07,2.3961066138074177e-05,1.9255154023977281,0.0,0.0,0.0
2145,11,-296.53574,426.09265,0.0018143844,0.0,-0.0,0.0,0.0,2.40830539495149e-07,2.3961066138074177e-05,1.9255154023977281,0.0,0.0,0.0
2146,11,-296.53574,426.09265,0.0018143844,0.0,-0.0,0.0,0.0,2.40830539495149e-07,2.3961066138074177e-05,1.9255154023977281,0.0,0.0,0.0
2147,11,-296.53574,426.09265,0.0018143844,0.0,-0.0,0.0,0.0,2.40830539495149e-07,2.3961066138074177e-05,1.9255154023977281,0.0,0.0,0.0
2148,11,-296.53574,426.09265,0.0018143844,0.0,-0.0,0.0,0.0,2.40830539495149e-07,2.3961066138074177e-05,1.9255154023977281,0.0,0.0,0.0
2149,11,-296.53574,426.09265,0.0018143844,0.0,-0.0,0.0,0.0,2.40830539495149e-07,2.3961066138074177e-05,1.9255154023977281,0.0,0.0,0.0
2150,11,-296.53574,426.09265,0.0018143844,0.0,-0.0,0.0,0.0,2.40830539495149e-07,2.3961066138074177e-05,1.9255154023977281,0.0,0.0,0.0
2151,11,-296.53574,426.09265,0.0018143844,0.0,-0.0,0.0,0.0,2.40830539495149e-07,2.3961066138074177e-05,1.9255154023977281,0.0,0.0,0.0
2152,11,-296.53574,426.09265,0.0018143844,0.0,-0.0,0.0,0.0,2.40830539495149e-07,2.3961066138074177e-05,1.9255154023977281,0.0,0.0,0.0
2153,11,-296.53574,426.09265,0.0018143844,0.0,-0.0,0.0,0.0,2.40830539495149e-07,2.3961066138074177e-05,1.9255154023977281,0.0,0.0,0.0
2154,11,-296.53574,426.09265,0.0018143844,0.0,-0.0,0.0,0.0,2.40830539495149e-07,2.3961066138074177e-05,1.9255154023977281,0.0,0.0,0.0
2155,11,-296.53574,426.09265,0.0018143844,0.0,-0.0,0.0,0.0,2.40830539495149e-07,2.3961066138074177e-05,1.9255154023977281,0.0,0.0,0.0
2156,11,-296.53574,426.09265,0.0018143844,0.0,-0.0,0.0,0.0,2.40830539495149e-07,2.3961066138074177e-05,1.9255154023977281,0.0,0.0,0.0
2157,11,-296.53574,426.09265,0.0018143844,0.0,-0.0,0.0,0.0,2.40830539495149e-07,2.3961066138074177e-05,1.9255154023977281,0.0,0.0,0.0
2158,11,-296.53574,426.09265,0.0018143844,0.0,-0.0,0.0,0.0,2.40830539495149e-07,2.3961066138074177e-05,1.9255154023977281,0.0,0.0,0.0
2159,11,-296.53574,426.09265,0.0018143844,0.0,-0.0,0.0,0.0,2.40830539495149e-07,2.3961066138074177e-05,1.9255154023977281,0.0,0.0,0.0
2160,11,-296.53574,426.09265,0.0018143844,0.0,-0.0,0.0,0.0,2.40830539495149e-07,2.3961066138074177e-05,1.9255154023977281,0.0,0.0,0.0
2161,11,-296.53574,426.09265,0.0018143844,0.0,-0.0,0.0,0.0,2.40830539495149e-07,2.3961066138074177e-05,1.9255154023977281,0.0,0.0,0.0
2162,11,-296.53574,426.09265,0.0018143844,0.0,-0.0,0.0,0.0,2.40830539495149e-07,2.3961066138074177e-05,1.9255154023977281,0.0,0.0,0.0
2163,11,-296.53574,426.09265,0.0018143844,0.0,-0.0,0.0,0.0,2.40830539495149e-07,2.3961066138074177e-05,1.9255154023977281,0.0,0.0,0.0
2164,11,-296.53574,426.09265,0.0018143844,0.0,-0.0,0.0,0.0,2.40830539495149e-07,2.3961066138074177e-05,1.9255154023977281,0.0,0.0,0.0
2165,11,-296.53574,426.09265,0.0018143844,0.0,-0.0,0.0,0.0,2.40830539495149e-07,2.3961066138074177e-05,1.9255154023977281,0.0,0.0,0.0
2166,11,-296.53574,426.09265,0.0018143844,0.0,-0.0,0.0,0.0,2.40830539495149e-07,2.3961066138074177e-05,1.9255154023977281,0.0,0.0,0.0
2167,11,-296.53574,426.09265,0.0018143844,0.0,-0.0,0.0,0.0,2.40830539495149e-07,2.3961066138074177e-05,1.9255154023977281,0.0,0.0,0.0
2168,11,-296.53574,426.09265,0.0018143844,0.0,-0.0,0.0,0.0,2.40830539495149e-07,2.3961066138074177e-05,1.9255154023977281,0.0,0.0,0.0
2169,11,-296.53574,426.09265,0.0018143844,0.0,-0.0,0.0,0.0,2.40830539495149e-07,2.3961066138074177e-05,1.9255154023977281,0.0,0.0,0.0
2170,11,-296.53574,426.09265,0.0018143844,0.0,-0.0,0.0,0.0,2.40830539495149e-07,2.3961066138074177e-05,1.9255154023977281,0.0,0.0,0.0
2171,11,-296.53574,426.09265,0.0018143844,0.0,-0.0,0.0,0.0,2.40830539495149e-07,2.3961066138074177e-05,1.9255154023977281,0.0,0.0,0.0
2172,11,-296.53574,426.09265,0.0018143844,0.0,-0.0,0.0,0.0,2.40830539495149e-07,2.3961066138074177e-05,1.9255154023977281,0.0,0.0,0.0
2173,11,-296.53574,426.09265,0.0018143844,0.0,-0.0,0.0,0.0,2.40830539495149e-07,2.3961066138074177e-05,1.9255154023977281,0.0,0.0,0.0
2174,11,-296.53574,426.09265,0.0018143844,0.0,-0.0,0.0,0.0,2.40830539495149e-07,2.3961066138074177e-05,1.9255154023977281,0.0,0.0,0.0
2175,11,-296.53574,426.09265,0.0018143844,0.0,-0.0,0.0,0.0,2.40830539495149e-07,2.3961066138074177e-05,1.9255154023977281,0.0,0.0,0.0
2176,11,-296.53574,426.09265,0.0018143844,0.0,-0.0,0.0,0.0,2.40830539495149e-07,2.3961066138074177e-05,1.9255154023977281,0.0,0.0,0.0
2177,11,-296.53574,426.09265,0.0018143844,0.0,-0.0,0.0,0.0,2.40830539495149e-07,2.3961066138074177e-05,1.9255154023977281,0.0,0.0,0.0
2178,11,-296.53574,426.09265,0.0018143844,0.0,-0.0,0.0,0.0,2.40830539495149e-07,2.3961066138074177e-05,1.9255154023977281,0.0,0.0,0.0
2179,11,-296.53574,426.09265,0.0018143844,0.0,-0.0,0.0,0.0,2.40830539495149e-07,2.3961066138074177e-05,1.9255154023977281,0.0,0.0,0.0
2180,11,-296.53574,426.09265,0.0018143844,0.0,-0.0,0.0,0.0,2.40830539495149e-07,2.3961066138074177e-05,1.9255154023977281,0.0,0.0,0.0
2181,11,-296.53574,426.09265,0.0018143844,0.0,-0.0,0.0,0.0,2.40830539495149e-07,2.3961066138074177e-05,1.9255154023977281,0.0,0.0,0.0
2182,11,-296.53574,426.09265,0.0018143844,0.0,-0.0,0.0,0.0,2.40830539495149e-07,2.3961066138074177e-05,1.9255154023977281,0.0,0.0,0.0
2183,11,-296.53574,426.09265,0.0018143844,0.0,-0.0,0.0,0.0,2.40830539495149e-07,2.3961066138074177e-05,1.9255154023977281,0.0,0.0,0.0
2184,11,-296.53574,426.09265,0.0018143844,0.0,-0.0,0.0,0.0,2.40830539495149e-07,2.3961066138074177e-05,1.9255154023977281,0.0,0.0,0.0
2185,11,-296.53574,426.09265,0.0018143844,0.0,-0.0,0.0,0.0,2.40830539495149e-07,2.3961066138074177e-05,1.9255154023977281,0.0,0.0,0.0
2186,11,-296.53574,426.09265,0.0018143844,0.0,-0.0,0.0,0.0,2.40830539495149e-07,2.3961066138074177e-05,1.9255154023977281,0.0,0.0,0.0
2187,11,-296.53574,426.09265,0.0018143844,0.0,-0.0,0.0,0.0,2.40830539495149e-07,2.3961066138074177e-05,1.9255154023977281,0.0,0.0,0.0
2188,11,-296.53574,426.09265,0.0018143844,0.0,-0.0,0.0,0.0,2.40830539495149e-07,2.3961066138074177e-05,1.9255154023977281,0.0,0.0,0.0
2189,11,-296.53574,426.09265,0.0018143844,0.0,-0.0,0.0,0.0,2.40830539495149e-07,2.3961066138074177e-05,1.9255154023977281,0.0,0.0,0.0
2190,11,-296.53574,426.09265,0.0018143844,0.0,-0.0,0.0,0.0,2.40830539495149e-07,2.3961066138074177e-05,1.9255154023977281,0.0,0.0,0.0
2191,11,-296.53574,426.09265,0.0018143844,0.0,-0.0,0.0,0.0,2.40830539495149e-07,2.3961066138074177e-05,1.9255154023977281,0.0,0.0,0.0
2192,11,-296.53574,426.09265,0.0018143844,0.0,-0.0,0.0,0.0,2.40830539495149e-07,2.3961066138074177e-05,1.9255154023977281,0.0,0.0,0.0
2193,11,-296.53574,426.09265,0.0018143844,0.0,-0.0,0.0,0.0,2.40830539495149e-07,2.3961066138074177e-05,1.9255154023977281,0.0,0.0,0.0
2194,11,-296.53574,426.09265,0.0018143844,0.0,-0.0,0.0,0.0,2.40830539495149e-07,2.3961066138074177e-05,1.9255154023977281,0.0,0.0,0.0
2195,11,-296.53574,426.09265,0.0018143844,0.0,-0.0,0.0,0.0,2.40830539495149e-07,2.3961066138074177e-05,1.9255154023977281,0.0,0.0,0.0
2196,11,-296.53574,426.09265,0.0018143844,0.0,-0.0,0.0,0.0,2.40830539495149e-07,2.3961066138074177e-05,1.9255154023977281,0.0,0.0,0.0
2197,11,-296.53574,426.09265,0.0018143844,0.0,-0.0,0.0,0.0,2.40830539495149e-07,2.3961066138074177e-05,1.9255154023977281,0.0,0.0,0.0
2198,11,-296.53574,426.09265,0.0018143844,0.0,-0.0,0.0,0.0,2.40830539495149e-07,2.3961066138074177e-05,1.9255154023977281,0.0,0.0,0.0
2199,11,-296.53574,426.09265,0.0018143844,0.0,-0.0,0.0,0.0,2.40830539495149e-07,2.3961066138074177e-05,1.9255154023977281,0.0,0.0,0.0
2200,11,-296.53574,426.09265,0.0018143844,0.0,-0.0,0.0,0.0,2.40830539495149e-07,2.3961066138074177e-05,1.9255154023977281,0.0,0.0,0.0
2201,11,-296.53574,426.09265,0.0018143844,0.0,-0.0,0.0,0.0,2.40830539495149e-07,2.3961066138074177e-05,1.9255154023977281,0.0,0.0,0.0
2202,11,-296.53574,426.09265,0.0018143844,0.0,-0.0,0.0,0.0,2.40830539495149e-07,2.3961066138074177e-05,1.9255154023977281,0.0,0.0,0.0
2203,11,-296.53574,426.09265,0.0018143844,0.0,-0.0,0.0,0.0,2.40830539495149e-07,2.3961066138074177e-05,1.9255154023977281,0.0,0.0,0.0
2204,11,-296.53574,426.09265,0.0018143844,0.0,-0.0,0.0,0.0,2.40830539495149e-07,2.3961066138074177e-05,1.9255154023977281,0.0,0.0,0.0
2205,11,-296.53574,426.09265,0.0018143844,0.0,-0.0,0.0,0.0,2.40830539495149e-07,2.3961066138074177e-05,1.9255154023977281,0.0,0.0,0.0
2206,11,-296.53574,426.09265,0.0018143844,0.0,-0.0,0.0,0.0,2.40830539495149e-07,2.3961066138074177e-05,1.9255154023977281,0.0,0.0,0.0
2207,11,-296.53574,426.09265,0.0018143844,0.0,-0.0,0.0,0.0,2.40830539495149e-07,2.3961066138074177e-05,1.9255154023977281,0.0,0.0,0.0
2208,11,-296.53574,426.09265,0.0018143844,0.0,-0.0,0.0,0.0,2.40830539495149e-07,2.3961066138074177e-05,1.9255154023977281,0.0,0.0,0.0
2209,11,-296.53574,426.09265,0.0018143844,0.0,-0.0,0.0,0.0,2.40830539495149e-07,2.3961066138074177e-05,1.9255154023977281,0.0,0.0,0.0
2210,11,-296.53574,426.09265,0.0018143844,0.0,-0.0,0.0,0.0,2.40830539495149e-07,2.3961066138074177e-05,1.9255154023977281,0.0,0.0,0.0
2211,11,-296.53574,426.09265,0.0018143844,0.0,-0.0,0.0,0.0,2.40830539495149e-07,2.3961066138074177e-05,1.9255154023977281,0.0,0.0,0.0
2212,11,-296.53574,426.09265,0.0018143844,0.0,-0.0,0.0,0.0,2.40830539495149e-07,2.3961066138074177e-05,1.9255154023977281,0.0,0.0,0.0
2213,11,-296.53574,426.09265,0.0018143844,0.0,-0.0,0.0,0.0,2.40830539495149e-07,2.3961066138074177e-05,1.9255154023977281,0.0,0.0,0.0
2214,11,-296.53574,426.09265,0.0018143844,0.0,-0.0,0.0,0.0,2.40830539495149e-07,2.3961066138074177e-05,1.9255154023977281,0.0,0.0,0.0
2215,11,-296.53574,426.09265,0.0018143844,0.0,-0.0,0.0,0.0,2.40830539495149e-07,2.3961066138074177e-05,1.9255154023977281,0.0,0.0,0.0
2216,11,-296.53574,426.09265,0.0018143844,0.0,-0.0,0.0,0.0,2.40830539495149e-07,2.3961066138074177e-05,1.9255154023977281,0.0,0.0,0.0
2217,11,-296.53574,426.09265,0.0018143844,0.0,-0.0,0.0,0.0,2.40830539495149e-07,2.3961066138074177e-05,1.9255154023977281,0.0,0.0,0.0
2218,11,-296.53574,426.09265,0.0018143844,0.0,-0.0,0.0,0.0,2.40830539495149e-07,2.3961066138074177e-05,1.9255154023977281,0.0,0.0,0.0
2219,11,-296.53574,426.09265,0.0018143844,0.0,-0.0,0.0,0.0,2.40830539495149e-07,2.3961066138074177e-05,1.9255154023977281,0.0,0.0,0.0
2220,11,-296.53574,426.09265,0.0018143844,0.0,-0.0,0.0,0.0,2.40830539495149e-07,2.3961066138074177e-05,1.9255154023977281,0.0,0.0,0.0
2221,11,-296.53574,426.09265,0.0018143844,0.0,-0.0,0.0,0.0,2.40830539495149e-07,2.3961066138074177e-05,1.9255154023977281,0.0,0.0,0.0
2222,11,-296.53574,426.09265,0.0018143844,0.0,-0.0,0.0,0.0,2.40830539495149e-07,2.3961066138074177e-05,1.9255154023977281,0.0,0.0,0.0
2223,11,-296.53574,426.09265,0.0018143844,0.0,-0.0,0.0,0.0,2.40830539495149e-07,2.3961066138074177e-05,1.9255154023977281,0.0,0.0,0.0
2224,11,-296.53574,426.09265,0.0018143844,0.0,-0.0,0.0,0.0,2.40830539495149e-07,2.3961066138074177e-05,1.9255154023977281,0.0,0.0,0.0
2225,11,-296.53574,426.09265,0.0018143844,0.0,-0.0,0.0,0.0,2.40830539495149e-07,2.3961066138074177e-05,1.9255154023977281,0.0,0.0,0.0
2226,11,-296.53574,426.09265,0.0018143844,0.0,-0.0,0.0,0.0,2.40830539495149e-07,2.3961066138074177e-05,1.9255154023977281,0.0,0.0,0.0
2227,11,-296.53574,426.09265,0.0018143844,0.0,-0.0,0.0,0.0,2.40830539495149e-07,2.3961066138074177e-05,1.9255154023977281,0.0,0.0,0.0
2228,11,-296.53574,426.09265,0.0018143844,0.0,-0.0,0.0,0.0,2.40830539495149e-07,2.3961066138074177e-05,1.9255154023977281,0.0,0.0,0.0
2229,11,-296.53574,426.09265,0.0018143844,0.0,-0.0,0.0,0.0,2.40830539495149e-07,2.3961066138074177e-05,1.9255154023977281,0.0,0.0,0.0
2230,11,-296.53574,426.09265,0.0018143844,0.0,-0.0,0.0,0.0,2.40830539495149e-07,2.3961066138074177e-05,1.9255154023977281,0.0,0.0,0.0
2231,11,-296.53574,426.09265,0.0018143844,0.0,-0.0,0.0,0.0,2.40830539495149e-07,2.3961066138074177e-05,1.9255154023977281,0.0,0.0,0.0
2232,11,-296.53574,426.09265,0.0018143844,0.0,-0.0,0.0,0.0,2.40830539495149e-07,2.3961066138074177e-05,1.9255154023977281,0.0,0.0,0.0
2233,11,-296.53574,426.09265,0.0018143844,0.0,-0.0,0.0,0.0,2.40830539495149e-07,2.3961066138074177e-05,1.9255154023977281,0.0,0.0,0.0
2234,11,-296.53574,426.09265,0.0018143844,0.0,-0.0,0.0,0.0,2.40830539495149e-07,2.3961066138074177e-05,1.9255154023977281,0.0,0.0,0.0
2235,11,-296.53574,426.09265,0.0018143844,0.0,-0.0,0.0,0.0,2.40830539495149e-07,2.3961066138074177e-05,1.9255154023977281,0.0,0.0,0.0
2236,11,-296.53574,426.09265,0.0018143844,0.0,-0.0,0.0,0.0,2.40830539495149e-07,2.3961066138074177e-05,1.9255154023977281,0.0,0.0,0.0
2237,11,-296.53574,426.09265,0.0018143844,0.0,-0.0,0.0,0.0,2.40830539495149e-07,2.3961066138074177e-05,1.9255154023977281,0.0,0.0,0.0
2238,11,-296.53574,426.09265,0.0018143844,0.0,-0.0,0.0,0.0,2.40830539495149e-07,2.3961066138074177e-05,1.9255154023977281,0.0,0.0,0.0
2239,11,-296.53574,426.09265,0.0018143844,0.0,-0.0,0.0,0.0,2.40830539495149e-07,2.3961066138074177e-05,1.9255154023977281,0.0,0.0,0.0
2240,11,-296.53574,426.09265,0.0018143844,0.0,-0.0,0.0,0.0,2.40830539495149e-07,2.3961066138074177e-05,1.9255154023977281,0.0,0.0,0.0
2241,11,-296.53574,426.09265,0.0018143844,0.0,-0.0,0.0,0.0,2.40830539495149e-07,2.3961066138074177e-05,1.9255154023977281,0.0,0.0,0.0
2242,11,-296.53574,426.09265,0.0018143844,0.0,-0.0,0.0,0.0,2.40830539495149e-07,2.3961066138074177e-05,1.9255154023977281,0.0,0.0,0.0
2243,11,-296.53574,426.09265,0.0018143844,0.0,-0.0,0.0,0.0,2.40830539495149e-07,2.3961066138074177e-05,1.9255154023977281,0.0,0.0,0.0
2244,11,-296.53574,426.09265,0.0018143844,0.0,-0.0,0.0,0.0,2.40830539495149e-07,2.3961066138074177e-05,1.9255154023977281,0.0,0.0,0.0
2245,11,-296.53574,426.09265,0.0018143844,0.0,-0.0,0.0,0.0,2.40830539495149e-07,2.3961066138074177e-05,1.9255154023977281,0.0,0.0,0.0
2246,11,-296.53574,426.09265,0.0018143844,0.0,-0.0,0.0,0.0,2.40830539495149e-07,2.3961066138074177e-05,1.9255154023977281,0.0,0.0,0.0
2247,11,-296.53574,426.09265,0.0018143844,0.0,-0.0,0.0,0.0,2.40830539495149e-07,2.3961066138074177e-05,1.9255154023977281,0.0,0.0,0.0
2248,11,-296.53574,426.09265,0.0018143844,0.0,-0.0,0.0,0.0,2.40830539495149e-07,2.3961066138074177e-05,1.9255154023977281,0.0,0.0,0.0
2249,11,-296.53574,426.09265,0.0018143844,0.0,-0.0,0.0,0.0,2.40830539495149e-07,2.3961066138074177e-05,1.9255154023977281,0.0,0.0,0.0
2250,11,-296.53574,426.09265,0.0018143844,0.0,-0.0,0.0,0.0,2.40830539495149e-07,2.3961066138074177e-05,1.9255154023977281,0.0,0.0,0.0
2251,11,-296.53574,426.09265,0.0018143844,0.0,-0.0,0.0,0.0,2.40830539495149e-07,2.3961066138074177e-05,1.9255154023977281,0.0,0.0,0.0
2252,11,-296.53574,426.09265,0.0018143844,0.0,-0.0,0.0,0.0,2.40830539495149e-07,2.3961066138074177e-05,1.9255154023977281,0.0,0.0,0.0
2253,11,-296.53574,426.09265,0.0018143844,0.0,-0.0,0.0,0.0,2.40830539495149e-07,2.3961066138074177e-05,1.9255154023977281,0.0,0.0,0.0
2254,11,-296.53574,426.09265,0.0018143844,0.0,-0.0,0.0,0.0,2.40830539495149e-07,2.3961066138074177e-05,1.9255154023977281,0.0,0.0,0.0
2255,11,-296.53574,426.09265,0.0018143844,0.0,-0.0,0.0,0.0,2.40830539495149e-07,2.3961066138074177e-05,1.9255154023977281,0.0,0.0,0.0
2256,11,-296.53574,426.09265,0.0018143844,0.0,-0.0,0.0,0.0,2.40830539495149e-07,2.3961066138074177e-05,1.9255154023977281,0.0,0.0,0.0
2257,11,-296.53574,426.09265,0.0018143844,0.0,-0.0,0.0,0.0,2.40830539495149e-07,2.3961066138074177e-05,1.9255154023977281,0.0,0.0,0.0
2258,11,-296.53574,426.09265,0.0018143844,0.0,-0.0,0.0,0.0,2.40830539495149e-07,2.3961066138074177e-05,1.9255154023977281,0.0,0.0,0.0
2259,11,-296.53574,426.09265,0.0018143844,0.0,-0.0,0.0,0.0,2.40830539495149e-07,2.3961066138074177e-05,1.9255154023977281,0.0,0.0,0.0
2260,11,-296.53574,426.09265,0.0018143844,0.0,-0.0,0.0,0.0,2.40830539495149e-07,2.3961066138074177e-05,1.9255154023977281,0.0,0.0,0.0
2261,11,-296.53574,426.09265,0.0018143844,0.0,-0.0,0.0,0.0,2.40830539495149e-07,2.3961066138074177e-05,1.9255154023977281,0.0,0.0,0.0
2262,11,-296.53574,426.09265,0.0018143844,0.0,-0.0,0.0,0.0,2.40830539495149e-07,2.3961066138074177e-05,1.9255154023977281,0.0,0.0,0.0
2263,11,-296.53574,426.09265,0.0018143844,0.0,-0.0,0.0,0.0,2.40830539495149e-07,2.3961066138074177e-05,1.9255154023977281,0.0,0.0,0.0
