tick,waypoint_idx,loc_x,loc_y,loc_z,vel_x,vel_y,vel_z,speed,roll,pitch,yaw,throttle,steer,brake
2300,1,-285.04184,395.1568,-0.011426811,-1.7012515,4.7485876,-0.00024437427,5.044139385223389,-3.5686366734384455e-05,-0.0007205009379783119,1.9148365259006739,0.9199847412109375,0.0,0.0
2301,1,-285.1284,395.39838,-0.011428642,-1.7377763,4.8504515,-0.00016664981,5.152353763580322,-2.6631608868961715e-05,-0.0007013082330013024,1.9148365259006739,0.8399847412109376,0.0,0.0
2302,1,-285.2167,395.64487,-0.011427002,-1.7720903,4.9461627,-0.00011461258,5.254029750823975,-1.9707371748279705e-05,-0.0006814002586114031,1.9148365259006739,0.7599847412109376,0.0,0.0
2303,1,-285.30664,395.8959,-0.011421356,-1.8034387,5.0336127,-7.8692436e-05,5.34692907333374,-1.4913708199935732e-05,-0.0006569623746436985,1.9148365259006739,0.6799847412109377,0.0,0.0
2304,1,-285.39804,396.15094,-0.0114114,-1.8313998,5.11162,-5.396366e-05,5.429795742034912,-1.1185301976216121e-05,-0.000625848707840938,1.9148365259006739,0.5999847412109377,0.0,0.0
2305,1,-285.49072,396.40964,-0.011397438,-1.8557642,5.1795964,-3.3397675e-05,5.502007007598877,-8.522126663322223e-06,-0.0005877017860431302,1.9148363927426195,0.5199847412109377,0.0,0.0
2306,1,-285.58447,396.67148,-0.011380119,-1.8764553,5.237329,-2.3756027e-05,5.563335418701172,-6.391580012740508e-06,-0.0005433559276855263,1.914836259584565,0.4399847412109377,0.0,0.0
2307,1,-285.6792,396.93582,-0.011360245,-1.8934798,5.284831,-1.660347e-05,5.613796234130859,-4.793677771158635e-06,-0.0004938840693967517,1.914836259584565,0.3599847412109377,0.0,0.0
2308,1,-285.77466,397.2023,-0.011338577,-1.9068937,5.3222575,-1.0871887e-05,5.653553485870361,-3.7284191766401035e-06,-0.0004405975059244799,1.914836259584565,0.2799847412109377,0.0,0.0
2309,1,-285.87073,397.47034,-0.0113154985,-1.9167811,5.349845,-7.96318e-06,5.682859420776367,-2.6631753128938976e-06,-0.0003849267760944905,1.914836259584565,0.19998474121093768,0.0,0.0
2310,1,-285.96713,397.73953,-0.011291808,-1.9232445,5.367879,-4.7063827e-06,5.702016353607178,-2.1305314118517224e-06,-0.0003277063283791974,1.914836259584565,0.11998474121093768,0.0,0.0
2311,1,-286.0638,398.00934,-0.011267624,-1.926393,5.3766613,-3.3950805e-06,5.71134614944458,-1.5979022415818735e-06,-0.00026977061125101466,1.914836259584565,0.039984741210937674,0.0,0.0
2312,1,-286.16058,398.27924,-0.011243438,-1.9263409,5.3765125,-3.5285948e-06,5.711188793182373,-1.0652655789364447e-06,-0.00021183489412283186,1.914836259584565,0.0,0.0,0.0
2313,1,-286.25723,398.549,-0.011219444,-1.9228755,5.3668365,-2.8705597e-06,5.700911045074463,-1.0652655789364447e-06,-0.00015461444640753878,1.914836259584565,0.0,0.0,0.0
2314,1,-286.3537,398.81824,-0.011196937,-1.9181811,5.353734,-3.3330916e-06,5.68699312210083,-5.326327894682224e-07,-0.00010108947605228248,1.914836259584565,0.0,0.0,0.0
2315,1,-286.44992,399.0868,-0.011177139,-1.9124829,5.3378296,-3.0469894e-06,5.670098304748535,-5.326327894682224e-07,-5.388259693437849e-05,1.914836259584565,0.0,0.0,0.0
2316,1,-286.54584,399.3545,-0.011160507,-1.9062301,5.3203754,-2.2363663e-06,5.651557922363281,-5.326323450052642e-07,-1.406669488668537e-05,1.914836259584565,0.0,0.0,0.0
2317,1,-286.64145,399.62137,-0.011147041,-1.8996756,5.3020825,-3.3617018e-06,5.632126331329346,0.0,1.8119811016828318e-05,1.914836259584565,0.0,0.0,0.0
2318,1,-286.73672,399.88727,-0.011136398,-1.892962,5.283344,-3.0374526e-06,5.6122212409973145,0.0,4.315375892409971e-05,1.914836259584565,0.0,0.0,0.0
2319,1,-286.83167,400.15225,-0.011128349,-1.886169,5.2643824,-2.9087066e-06,5.5920796394348145,-1.8189893036720194e-12,6.234645577378657e-05,1.914836259584565,0.0,0.0,0.0
2320,1,-286.92627,400.41632,-0.011122207,-1.8793412,5.2453265,-3.9720535e-06,5.571837425231934,0.0,7.724761741936192e-05,1.914836259584565,0.0,0.0,0.0
2321,1,-287.02057,400.6794,-0.01111763,-1.8725036,5.22624,-2.3603438e-06,5.551563262939453,0.0,8.785724386082576e-05,1.914836259584565,0.0,0.0,0.0
2322,1,-287.1145,400.94156,-0.011114197,-1.8656701,5.2071676,-1.9788743e-06,5.531303405761719,0.0,9.644030614172612e-05,1.914836259584565,0.0,0.0,0.0
2323,1,-287.20813,401.20285,-0.011111679,-1.8588488,5.18813,-2.4414062e-06,5.511080741882324,0.0,0.00010228156735846398,1.914836259584565,0.0,0.0,0.0
2324,1,-287.3014,401.4632,-0.011109848,-1.8520439,5.169136,-1.8310546e-06,5.490904808044434,3.637978607344039e-12,0.00010657310256257548,1.914836259584565,0.0,0.0,0.0
2325,1,-287.39432,401.72253,-0.011108589,-1.8452581,5.1501985,-2.388954e-06,5.47078800201416,0.0,0.00010979174990199779,1.914836259584565,0.0,0.0,0.0
2326,1,-287.48694,401.98093,-0.011107636,-1.838492,5.131313,-1.5878677e-06,5.4507269859313965,3.637978607344039e-12,0.0001118183059352386,1.914836259584565,0.0,0.0,0.0
2327,1,-287.57916,402.23843,-0.011107025,-1.831747,5.1124864,-2.040863e-06,5.430728435516357,3.637978607344039e-12,0.0001118183059352386,1.914836259584565,0.0,0.0,0.0
2328,1,-287.6711,402.495,-0.011106606,-1.8250228,5.0937195,-2.1123885e-06,5.410793304443359,-3.637978607344039e-12,0.00011456012325404644,1.914836259584565,0.0,0.0,0.0
2329,1,-287.7627,402.75064,-0.0111063,-1.8183202,5.075011,-1.888275e-06,5.390920162200928,-3.637978607344039e-12,0.00011456012325404644,1.914836259584565,0.0,0.0,0.0
2330,1,-287.85394,403.00543,-0.011106109,-1.8116381,5.0563626,-2.3841858e-06,5.371110916137695,-3.637978607344039e-12,0.00011456012325404644,1.914836259584565,0.0,0.0,0.0
2331,1,-287.94485,403.25925,-0.011106071,-1.8049781,5.0377736,-1.9121169e-06,5.351365089416504,-3.637978607344039e-12,0.00011456012325404644,1.914836259584565,0.0,0.0,0.0
2332,1,-288.03543,403.51212,-0.011106033,-1.798339,5.019244,-2.1600722e-06,5.331682205200195,-3.637978607344039e-12,0.00011456012325404644,1.914836259584565,0.0,0.0,0.0
2333,1,-288.12576,403.76413,-0.011106033,-1.7917211,5.000773,-1.7499923e-06,5.312061309814453,-3.637978607344039e-12,0.00011456012325404644,1.914836259584565,0.0,0.0,0.0
2334,1,-288.21573,404.01523,-0.011106071,-1.7851242,4.98236,-1.4162064e-06,5.292501926422119,-3.637978607344039e-12,0.00011456012325404644,1.914836259584565,0.0,0.0,0.0
2335,1,-288.30536,404.26538,-0.011106147,-1.7785479,4.964007,-2.1648407e-06,5.273006439208984,-3.637978607344039e-12,0.00011456012325404644,1.914836259584565,0.0,0.0,0.0
2336,1,-288.3947,404.51465,-0.011106262,-1.7719932,4.945711,-2.4414062e-06,5.2535719871521,-3.637978607344039e-12,0.00011456012325404644,1.914836259584565,0.0,0.0,0.0
2337,1,-288.48367,404.76303,-0.011106338,-1.7654586,4.9274735,-1.2445449e-06,5.234199047088623,-3.637978607344039e-12,0.00011456012325404644,1.914836259584565,0.0,0.0,0.0
2338,1,-288.57236,405.0105,-0.011106415,-1.7589451,4.9092937,-2.0742416e-06,5.214887619018555,-3.637978607344039e-12,0.00011456012325404644,1.914836259584565,0.0,0.0,0.0
2339,2,-288.6607,405.2571,-0.011106567,-1.752452,4.8911715,-2.875328e-06,5.195637226104736,-3.637978607344039e-12,0.00011456012325404644,1.914836259584565,0.0,0.0,0.0
2340,2,-288.74872,405.5028,-0.011106644,-1.7459794,4.8731055,-2.260208e-06,5.176446914672852,-3.637978607344039e-12,0.00011456012325404644,1.914836259584565,0.0,0.0,0.0
2341,2,-288.83643,405.74756,-0.011106834,-1.739527,4.8550963,-1.6117095e-06,5.1573166847229,-3.637978607344039e-12,0.00011456012325404644,1.914836259584565,0.0,0.0,0.0
2342,2,-288.92383,405.99152,-0.011106948,-1.7330952,4.837145,-2.002716e-06,5.138247489929199,-3.637978607344039e-12,0.00011456012325404644,1.914836259584565,0.0,0.0,0.0
2343,2,-289.01093,406.23456,-0.011107063,-1.726683,4.819249,-2.3794173e-06,5.119237899780273,-3.637978607344039e-12,0.00011456012325404644,1.914836259584565,0.0,0.0,0.0
2344,2,-289.09766,406.47668,-0.0111071775,-1.7202917,4.80141,-2.28405e-06,5.100288391113281,-3.637978607344039e-12,0.00011456012325404644,1.914836259584565,0.0,0.0,0.0
2345,2,-289.18408,406.71796,-0.01110733,-1.71392,4.783627,-2.1934509e-06,5.081398010253906,-3.637978607344039e-12,0.00011241435565199068,1.914836259584565,0.0,0.0,0.0
2346,2,-289.27023,406.9583,-0.011107407,-1.7075685,4.7658987,-1.5497208e-06,5.062566757202148,-3.637978607344039e-12,0.00011241435565199068,1.914836259584565,0.0,0.0,0.0
2347,2,-289.35605,407.19788,-0.011107559,-1.7012367,4.7482266,-1.9359588e-06,5.043794631958008,-3.637978607344039e-12,0.00011241435565199068,1.914836259584565,0.0,0.0,0.0
2348,2,-289.44156,407.43652,-0.011107673,-1.6949246,4.730609,-1.3303757e-06,5.02508020401001,-3.637978607344039e-12,0.00011241435565199068,1.914836259584565,0.0,0.0,0.0
2349,2,-289.52676,407.6743,-0.011107864,-1.6886319,4.7130466,-1.6832352e-06,5.006424427032471,-3.637978607344039e-12,0.00011241435565199068,1.914836259584565,0.0,0.0,0.0
2350,2,-289.61166,407.9112,-0.01110794,-1.6823591,4.6955385,-2.040863e-06,4.987826824188232,-3.637978607344039e-12,0.00011241435565199068,1.914836259584565,0.0,0.0,0.0
2351,2,-289.69623,408.14725,-0.011108093,-1.6761056,4.6780853,-2.412796e-06,4.969286918640137,2.8558131525093385e-09,0.00011074542619787205,1.914836259584565,0.0,0.0,0.0
2352,2,-289.78046,408.38245,-0.0111082075,-1.6698719,4.660686,-2.28405e-06,4.950804710388184,2.8558131525093385e-09,0.00011074542619787205,1.914836259584565,0.0,0.0,0.0
2353,2,-289.86444,408.6168,-0.011108322,-1.6636568,4.6433406,-1.6641617e-06,4.932379245758057,2.8558131525093385e-09,0.00011074542619787205,1.914836259584565,0.0,0.0,0.0
2354,2,-289.9481,408.85025,-0.011108437,-1.6574614,4.626048,-1.039505e-06,4.914010524749756,2.8558131525093385e-09,0.00011074542619787205,1.914836259584565,0.0,0.0,0.0
2355,2,-290.03146,409.0829,-0.011108589,-1.6512849,4.6088095,-1.4495849e-06,4.8956990242004395,2.8558131525093385e-09,0.00011074542619787205,1.914836259584565,0.0,0.0,0.0
2356,2,-290.11447,409.31467,-0.011108665,-1.6451274,4.591624,-1.8167495e-06,4.877443313598633,2.8558131525093385e-09,0.00011074542619787205,1.914836259584565,0.0,0.0,0.0
2357,2,-290.19724,409.54562,-0.0111088175,-1.6389891,4.574491,-2.1982194e-06,4.859243869781494,6.744812198501108e-09,0.00010919570018524571,1.914836259584565,0.0,0.0,0.0
2358,2,-290.2797,409.7757,-0.011108932,-1.6328691,4.5574107,-2.0647049e-06,4.841100692749023,6.744812198501108e-09,0.00010919570018524571,1.914836259584565,0.0,0.0,0.0
2359,2,-290.36182,410.00494,-0.011109047,-1.6267685,4.5403833,-1.4257431e-06,4.8230133056640625,6.744812198501108e-09,0.00010919570018524571,1.914836259584565,0.0,0.0,0.0
2360,2,-290.44363,410.23334,-0.011109161,-1.6206863,4.523408,-1.5449524e-06,4.804981231689453,6.744812198501108e-09,0.00010919570018524571,1.914836259584565,0.0,0.0,0.0
2361,2,-290.52518,410.46094,-0.011109314,-1.614623,4.5064836,-1.9311904e-06,4.787003517150879,6.744812198501108e-09,0.00010919570018524571,1.914836259584565,0.0,0.0,0.0
2362,2,-290.6064,410.68768,-0.0111094285,-1.608578,4.4896126,-2.5224685e-06,4.769082069396973,6.744812198501108e-09,0.00010919570018524571,1.914836259584565,0.0,0.0,0.0
2363,3,-290.68735,410.91357,-0.011109543,-1.6025516,4.4727917,-1.8644332e-06,4.751214504241943,6.744812198501108e-09,0.00010919570018524571,1.914836259584565,0.0,0.0,0.0
2364,3,-290.768,411.13867,-0.011109695,-1.5965431,4.456022,-1.2254715e-06,4.733400344848633,0.0,0.00010704993258318995,1.914836259584565,0.0,0.0,0.0
2365,3,-290.84833,411.36295,-0.011109771,-1.5905529,4.4393044,-1.578331e-06,4.71564245223999,0.0,0.00010704993258318995,1.914836259584565,0.0,0.0,0.0
2366,3,-290.9284,411.58643,-0.011109924,-1.5845817,4.4226365,-1.9454956e-06,4.69793701171875,0.0,0.00010704993258318995,1.914836259584565,0.0,0.0,0.0
2367,3,-291.00815,411.80905,-0.01111,-1.5786276,4.4060197,-1.2350082e-06,4.680285930633545,0.0,0.00010704993258318995,1.914836259584565,0.0,0.0,0.0
2368,3,-291.08762,412.03085,-0.011110153,-1.5726923,4.3894534,-1.5687942e-06,4.662688255310059,0.0,0.00010704993258318995,1.914836259584565,0.0,0.0,0.0
2369,3,-291.16678,412.25183,-0.011110229,-1.5667746,4.3729367,-1.9693375e-06,4.645143508911133,0.0,0.00010704993258318995,1.914836259584565,0.0,0.0,0.0
2370,3,-291.24567,412.472,-0.011110382,-1.5608747,4.3564706,-1.3256073e-06,4.627652645111084,0.0,0.00010704993258318995,1.914836259584565,0.0,0.0,0.0
2371,4,-291.32422,412.6913,-0.0111104585,-1.5549928,4.3400536,-9.202957e-07,4.610213279724121,0.0,0.00010490416498113419,1.914836259584565,0.0,0.0,0.0
2372,4,-291.40253,412.90982,-0.01111061,-1.5491282,4.323686,-1.7547607e-06,4.592826843261719,0.0,0.00010490416498113419,1.914836259584565,0.0,0.0,0.0
2373,4,-291.48053,413.12756,-0.011110725,-1.5432818,4.3073673,-1.8405914e-06,4.575492858886719,0.0,0.00010490416498113419,1.914836259584565,0.0,0.0,0.0
2374,4,-291.55826,413.3445,-0.011110839,-1.5374523,4.291098,-7.009506e-07,4.558210372924805,0.0,0.00010490416498113419,1.914836259584565,0.0,0.0,0.0
2375,4,-291.6357,413.56067,-0.011110992,-1.531641,4.274878,-1.5068053e-06,4.540980815887451,0.0,0.00010490416498113419,1.914836259584565,0.0,0.0,0.0
2376,4,-291.71286,413.77597,-0.011111069,-1.5258467,4.258706,-1.3208389e-06,4.523802280426025,0.0,0.00010490416498113419,1.914836259584565,0.0,0.0,0.0
2377,4,-291.7897,413.99045,-0.011111221,-1.5200692,4.242583,-6.6280364e-07,4.506674766540527,0.0,0.00010490416498113419,1.914836259584565,0.0,0.0,0.0
2378,4,-291.86627,414.20416,-0.011111298,-1.5143106,4.226507,-1.9502638e-06,4.489599227905273,2.619344597287708e-10,0.00010335444709583052,1.914836259584565,0.0,0.0,0.0
2379,4,-291.94257,414.4171,-0.011111374,-1.5085676,4.2104793,-1.3017655e-06,4.472573280334473,2.619344597287708e-10,0.00010335444709583052,1.914836259584565,0.0,0.0,0.0
2380,5,-292.01855,414.62924,-0.011111526,-1.5028425,4.194499,-1.1444091e-06,4.4555983543396,2.619344597287708e-10,0.00010335444709583052,1.914836259584565,0.0,0.0,0.0
2381,5,-292.0943,414.84058,-0.011111602,-1.4971343,4.178568,-1.988411e-06,4.438675403594971,2.619344597287708e-10,0.00010335444709583052,1.914836259584565,0.0,0.0,0.0
2382,5,-292.16974,415.05112,-0.011111755,-1.4914422,4.162681,-3.671646e-07,4.421799659729004,2.619344597287708e-10,0.00010335444709583052,1.914836259584565,0.0,0.0,0.0
2383,5,-292.2449,415.2609,-0.011111831,-1.4857682,4.146844,-1.7023086e-06,4.404976844787598,2.619344597287708e-10,0.00010335444709583052,1.914836259584565,0.0,0.0,0.0
2384,5,-292.3198,415.4699,-0.011111946,-1.4801099,4.131053,-1.039505e-06,4.388203144073486,2.619344597287708e-10,0.00010335444709583052,1.914836259584565,0.0,0.0,0.0
2385,5,-292.39438,415.67816,-0.01111206,-1.4744691,4.1153083,-1.373291e-06,4.371478080749512,1.953594519894568e-09,0.00010120867949377476,1.914836259584565,0.0,0.0,0.0
2386,5,-292.46872,415.88562,-0.011112175,-1.4688448,4.0996103,-1.7929077e-06,4.354803085327148,1.953594519894568e-09,0.00010120867949377476,1.914836259584565,0.0,0.0,0.0
2387,5,-292.54276,416.0923,-0.011112251,-1.4632365,4.0839586,-1.1205673e-06,4.33817720413208,1.953594519894568e-09,0.00010120867949377476,1.914836259584565,0.0,0.0,0.0
2388,5,-292.61652,416.2982,-0.011112404,-1.4576454,4.0683527,-1.5544891e-06,4.321599960327148,1.953594519894568e-09,0.00010120867949377476,1.914836259584565,0.0,0.0,0.0
2389,6,-292.69003,416.5033,-0.011112518,-1.4520706,4.052793,-1.8835067e-06,4.3050713539123535,1.953594519894568e-09,0.00010120867949377476,1.914836259584565,0.0,0.0,0.0
2390,6,-292.76324,416.70767,-0.011112594,-1.4465111,4.0372777,-1.3542175e-06,4.288590431213379,1.953594519894568e-09,0.00010120867949377476,1.914836259584565,0.0,0.0,0.0
2391,6,-292.83618,416.9113,-0.011112747,-1.4409695,4.021809,-1.6641617e-06,4.272158622741699,1.953594519894568e-09,0.00010120867949377476,1.914836259584565,0.0,0.0,0.0
2392,6,-292.90887,417.11414,-0.011112823,-1.435443,4.0063853,-1.5687942e-06,4.255774974822998,0.0,9.965896160847109e-05,1.914836259584565,0.0,0.0,0.0
2393,6,-292.98123,417.3162,-0.011112938,-1.429933,3.9910066,-1.4543533e-06,4.239439010620117,0.0,9.965896160847109e-05,1.914836259584565,0.0,0.0,0.0
2394,6,-293.05338,417.5175,-0.011113052,-1.4244393,3.9756732,-1.7690658e-06,4.223151206970215,0.0,9.965896160847109e-05,1.914836259584565,0.0,0.0,0.0
2395,6,-293.1252,417.71805,-0.011113129,-1.4189613,3.9603841,-1.7118454e-06,4.206910133361816,0.0,9.965896160847109e-05,1.914836259584565,0.0,0.0,0.0
2396,6,-293.1968,417.91785,-0.011113281,-1.4134992,3.9451394,-1.5449524e-06,4.190716743469238,0.0,9.965896160847109e-05,1.914836259584565,0.0,0.0,0.0
2397,6,-293.26813,418.1169,-0.011113358,-1.4080538,3.9299395,-2.9325486e-06,4.174570560455322,0.0,9.965896160847109e-05,1.914836259584565,0.0,0.0,0.0
2398,7,-293.33917,418.3152,-0.011113433,-1.4026225,3.9147813,-1.3685226e-06,4.158468723297119,0.0,9.965896160847109e-05,1.914836259584565,0.0,0.0,0.0
2399,7,-293.40997,418.51276,-0.011113548,-1.3972081,3.8996701,-2.7275084e-06,4.142416954040527,0.0,9.965896160847109e-05,1.914836259584565,0.0,0.0,0.0
2400,7,-293.48047,418.70956,-0.011113662,-1.3918091,3.8846004,-2.0456314e-06,4.12640905380249,0.0,9.739398243760038e-05,1.914836259584565,0.0,0.0,0.0
2401,7,-293.55072,418.9056,-0.011113777,-1.3864253,3.8695755,-2.2411346e-06,4.110448837280273,0.0,9.739398243760038e-05,1.914836259584565,0.0,0.0,0.0
2402,7,-293.6207,419.10092,-0.011113853,-1.3810574,3.8545918,-1.888275e-06,4.094532489776611,0.0,9.739398243760038e-05,1.914836259584565,0.0,0.0,0.0
2403,7,-293.6904,419.2955,-0.011113968,-1.3757052,3.8396542,-2.7179717e-06,4.078665256500244,0.0,9.739398243760038e-05,1.914836259584565,0.0,0.0,0.0
2404,7,-293.75986,419.48938,-0.011114082,-1.3703675,3.8247576,-2.5510788e-06,4.062840938568115,0.0,9.739398243760038e-05,1.914836259584565,0.0,0.0,0.0
2405,7,-293.82904,419.6825,-0.011114197,-1.3650463,3.809905,-2.4700164e-06,4.047063827514648,0.0,9.739398243760038e-05,1.914836259584565,0.0,0.0,0.0
2406,7,-293.89795,419.87488,-0.011114273,-1.3597397,3.7950933,-2.374649e-06,4.031330585479736,0.0,9.739398243760038e-05,1.914836259584565,0.0,0.0,0.0
2407,7,-293.96664,420.06653,-0.011114349,-1.3544482,3.7803257,-2.1934509e-06,4.01564359664917,0.0,9.739398243760038e-05,1.914836259584565,0.0,0.0,0.0
2408,8,-294.035,420.25742,-0.011114463,-1.349172,3.7655993,-3.0517576e-06,4.000000476837158,0.0,9.536742640435957e-05,1.914836259584565,0.0,0.0,0.0
2409,8,-294.10315,420.4476,-0.011114578,-1.3439108,3.750915,-2.1648407e-06,3.9844019412994385,0.0,9.536742640435957e-05,1.914836259584565,0.0,0.0,0.0
2410,8,-294.17105,420.63705,-0.011114654,-1.3386647,3.7362728,-3.2806395e-06,3.968848466873169,0.0,9.536742640435957e-05,1.914836259584565,0.0,0.0,0.0
2411,8,-294.23868,420.82578,-0.011114769,-1.3334332,3.7216716,-2.155304e-06,3.953338146209717,0.0,9.536742640435957e-05,1.914836259584565,0.0,0.0,0.0
2412,8,-294.30606,421.01382,-0.011114807,-1.3282174,3.7071133,-2.5081633e-06,3.9378738403320312,0.0,9.536742640435957e-05,1.914836259584565,0.0,0.0,0.0
2413,8,-294.37314,421.2011,-0.01111496,-1.3230152,3.6925938,-2.9182434e-06,3.922450542449951,0.0,9.536742640435957e-05,1.914836259584565,0.0,0.0,0.0
2414,8,-294.43997,421.3877,-0.011115036,-1.317828,3.678117,-2.245903e-06,3.9070725440979004,0.0,9.536742640435957e-05,1.914836259584565,0.0,0.0,0.0
2415,8,-294.50656,421.57355,-0.0111151505,-1.3126853,3.663762,-3.6430358e-06,3.891824245452881,0.0,9.536742640435957e-05,1.914836259584565,0.0,0.0,0.0
2416,8,-294.57294,421.7587,-0.0111153405,-1.30761,3.649598,-3.1661987e-06,3.8767781257629395,3.637978607344039e-12,9.322165880230381e-05,1.914836259584565,0.0,0.0,0.0
2417,8,-294.639,421.94315,-0.011115531,-1.3025638,3.635514,-2.9706955e-06,3.8618175983428955,3.637978607344039e-12,9.322165880230381e-05,1.914836259584565,0.0,0.0,0.0
2418,9,-294.70483,422.12695,-0.011115722,-1.297543,3.6215003,-3.3283234e-06,3.8469314575195312,3.637978607344039e-12,9.322165880230381e-05,1.914836259584565,0.0,0.0,0.0
2419,9,-294.77042,422.30994,-0.011115913,-1.2925444,3.6075487,-3.437996e-06,3.8321115970611572,3.637978607344039e-12,9.322165880230381e-05,1.914836259584565,0.0,0.0,0.0
2420,9,-294.83575,422.4923,-0.011116104,-1.2875663,3.5936553,-2.5129318e-06,3.8173532485961914,0.0,9.167194091700014e-05,1.914836259584565,0.0,0.0,0.0
2421,9,-294.90085,422.674,-0.011116332,-1.2826086,3.5798178,-1.8548965e-06,3.802654266357422,0.0,9.167194091700014e-05,1.914836259584565,0.0,0.0,0.0
2422,9,-294.96567,422.85504,-0.011116447,-1.277671,3.5660353,-2.2506713e-06,3.7880141735076904,0.0,9.167194091700014e-05,1.914836259584565,0.0,0.0,0.0
2423,9,-295.03027,423.0353,-0.011116638,-1.2727523,3.5523086,-2.0837783e-06,3.773432731628418,0.0,9.167194091700014e-05,1.914836259584565,0.0,0.0,0.0
2424,9,-295.09464,423.2149,-0.011116791,-1.2678528,3.5386343,-2.965927e-06,3.7589070796966553,0.0,9.167194091700014e-05,1.914836259584565,0.0,0.0,0.0
2425,9,-295.15875,423.3939,-0.011116905,-1.2629724,3.5250115,-1.7976761e-06,3.744436502456665,-3.637978607344039e-12,9.000301146288152e-05,1.914836259584565,0.0,0.0,0.0
2426,9,-295.22263,423.57217,-0.011117058,-1.25811,3.511441,-1.6593933e-06,3.7300212383270264,-3.637978607344039e-12,9.000301146288152e-05,1.914836259584565,0.0,0.0,0.0
2427,9,-295.28625,423.7498,-0.01111721,-1.2532662,3.4979222,-9.584427e-07,3.715660810470581,-3.637978607344039e-12,9.000301146288152e-05,1.914836259584565,0.0,0.0,0.0
2428,10,-295.34967,423.92676,-0.011117362,-1.2484415,3.484455,-1.2683868e-06,3.7013556957244873,-3.637978607344039e-12,9.000301146288152e-05,1.914836259584565,0.0,0.0,0.0
2429,10,-295.4128,424.103,-0.011117477,-1.2436352,3.4710402,-1.5735626e-06,3.687105894088745,-3.637978607344039e-12,9.000301146288152e-05,1.914836259584565,0.0,0.0,0.0
2430,10,-295.47574,424.2786,-0.01111763,-1.2388474,3.4576771,-1.8596648e-06,3.6729109287261963,-3.637978607344039e-12,9.000301146288152e-05,1.914836259584565,0.0,0.0,0.0
2431,10,-295.53842,424.4535,-0.011117744,-1.2340779,3.4443657,-1.1110305e-06,3.658770799636841,0.0,8.785724386082576e-05,1.914836259584565,0.0,0.0,0.0
2432,10,-295.60086,424.6278,-0.011117897,-1.2293262,3.431104,-3.671646e-07,3.644683361053467,0.0,8.785724386082576e-05,1.914836259584565,0.0,0.0,0.0
2433,10,-295.66306,424.8014,-0.011117973,-1.2245938,3.417895,-1.0919571e-06,3.63065242767334,0.0,8.785724386082576e-05,1.914836259584565,0.0,0.0,0.0
2434,10,-295.725,424.97433,-0.011118163,-1.2198794,3.4047382,-1.3828277e-06,3.6166763305664062,0.0,8.785724386082576e-05,1.914836259584565,0.0,0.0,0.0
2435,10,-295.78674,425.1466,-0.011118278,-1.2151833,3.391631,-1.1157989e-06,3.602753162384033,0.0,8.785724386082576e-05,1.914836259584565,0.0,0.0,0.0
2436,10,-295.84827,425.3182,-0.011118431,-1.2105052,3.3785741,-4.0531157e-07,3.588883876800537,0.0,8.785724386082576e-05,1.914836259584565,0.0,0.0,0.0
2437,10,-295.90952,425.48917,-0.011118507,-1.2058454,3.365568,-7.1525574e-07,3.5750679969787598,6.1554597726228385e-09,8.571147625877e-05,1.914836259584565,0.0,0.0,0.0
2438,10,-295.97058,425.6595,-0.01111866,-1.2012033,3.352612,-9.822845e-07,3.561305522918701,6.1554597726228385e-09,8.571147625877e-05,1.914836259584565,0.0,0.0,0.0
2439,11,-296.03137,425.82922,-0.011118774,-1.1965793,3.339706,-2.1457672e-07,3.547595977783203,6.1554597726228385e-09,8.571147625877e-05,1.914836259584565,0.0,0.0,0.0
2440,11,-296.09198,425.99832,-0.011118889,-1.191973,3.3268497,-4.816055e-07,3.5339395999908447,6.1554597726228385e-09,8.571147625877e-05,1.914836259584565,0.0,0.0,0.0
2441,11,-296.1523,426.16678,-0.011119042,-1.1873847,3.3140433,-7.867813e-07,3.5203359127044678,6.1554597726228385e-09,8.571147625877e-05,1.914836259584565,0.0,0.0,0.0
2442,11,-296.21246,426.33463,-0.011119193,-1.1828134,3.3012853,4.3869017e-07,3.5067837238311768,6.1554597726228385e-09,8.571147625877e-05,1.914836259584565,0.0,0.0,0.0
2443,11,-296.27237,426.50183,-0.01111927,-1.1782608,3.288578,-2.6226044e-07,3.493285655975342,4.90763299404155e-09,8.404254680465137e-05,1.914836259584565,0.0,0.0,0.0
2444,11,-296.33203,426.66833,-0.0111194225,-1.1737254,3.27592,-5.626678e-07,3.479839324951172,4.90763299404155e-09,8.404254680465137e-05,1.914836259584565,0.0,0.0,0.0
2445,11,-296.39148,426.83432,-0.011119537,-1.1692077,3.2633104,1.9073485e-07,3.466444969177246,4.90763299404155e-09,8.404254680465137e-05,1.914836259584565,0.0,0.0,0.0
2446,11,-296.45068,426.9996,-0.011119652,-1.1647074,3.2507505,2.1457672e-07,3.4531033039093018,4.90763299404155e-09,8.404254680465137e-05,1.914836259584565,0.0,0.0,0.0
2447,11,-296.50967,427.16425,-0.011119766,-1.1602249,3.2382393,-3.33786e-07,3.4398133754730225,4.90763299404155e-09,8.404254680465137e-05,1.914836259584565,0.0,0.0,0.0
2448,11,-296.56848,427.3283,-0.011119919,-1.1557596,3.2257767,7.009506e-07,3.42657470703125,4.90763299404155e-09,8.404254680465137e-05,1.914836259584565,0.0,0.0,0.0
2449,11,-296.627,427.49176,-0.011119995,-1.1513118,3.2133615,1.9550323e-07,3.4133870601654053,7.912603401215915e-09,8.261203236083997e-05,1.914836259584565,0.0,0.0,0.0
2450,12,-296.6854,427.6546,-0.011120147,-1.146881,3.2009957,-7.6293944e-08,3.4002513885498047,7.912603401215915e-09,8.261203236083997e-05,1.914836259584565,0.0,0.0,0.0
2451,12,-296.7435,427.81674,-0.011120223,-1.1424675,3.188677,9.727478e-07,3.3871660232543945,7.912603401215915e-09,8.261203236083997e-05,1.914836259584565,0.0,0.0,0.0
2452,12,-296.8014,427.9784,-0.011120376,-1.1380712,3.1764069,4.863739e-07,3.374131917953491,7.912603401215915e-09,8.261203236083997e-05,1.914836259584565,0.0,0.0,0.0
2453,12,-296.85907,428.13937,-0.011120491,-1.1336921,3.164185,9.822845e-07,3.361149311065674,7.912603401215915e-09,8.261203236083997e-05,1.914836259584565,0.0,0.0,0.0
2454,12,-296.91653,428.2997,-0.011120605,-1.1293297,3.1520095,1.0108947e-06,3.3482158184051514,7.912603401215915e-09,8.261203236083997e-05,1.914836259584565,0.0,0.0,0.0
2455,12,-296.9738,428.45953,-0.01112072,-1.124985,3.1398828,7.390976e-07,3.335334300994873,7.912603401215915e-09,8.261203236083997e-05,1.914836259584565,0.0,0.0,0.0
2456,12,-297.03082,428.6187,-0.011120834,-1.1206568,3.1278024,1.5735626e-06,3.3225018978118896,8.672940627868883e-09,8.046626475878422e-05,1.914836259584565,0.0,0.0,0.0
2457,12,-297.08762,428.77725,-0.011120987,-1.1163453,3.115769,1.3208389e-06,3.3097193241119385,8.672940627868883e-09,8.046626475878422e-05,1.914836259584565,0.0,0.0,0.0
2458,12,-297.14423,428.93527,-0.011121063,-1.1120515,3.1037848,1.1539458e-06,3.2969892024993896,8.672940627868883e-09,8.046626475878422e-05,1.914836259584565,0.0,0.0,0.0
2459,12,-297.20062,429.09265,-0.011121215,-1.1077735,3.091845,1.8787383e-06,3.284306287765503,8.672940627868883e-09,8.046626475878422e-05,1.914836259584565,0.0,0.0,0.0
2460,12,-297.2568,429.24945,-0.011121292,-1.1035129,3.079953,6.67572e-07,3.2716739177703857,8.672940627868883e-09,8.046626475878422e-05,1.914836259584565,0.0,0.0,0.0
2461,12,-297.31274,429.40564,-0.011121444,-1.0992682,3.0681067,2.4223327e-06,3.2590901851654053,8.672940627868883e-09,8.046626475878422e-05,1.914836259584565,0.0,0.0,0.0
2462,13,-297.3685,429.56128,-0.011121521,-1.0950409,3.0563076,1.2159347e-06,3.2465567588806152,8.672940627868883e-09,8.046626475878422e-05,1.914836259584565,0.0,0.0,0.0
2463,13,-297.42404,429.7163,-0.0111216735,-1.0908295,3.0445535,2.450943e-06,3.2340710163116455,1.4599208314038824e-08,7.832049715672847e-05,1.914836259584565,0.0,0.0,0.0
2464,13,-297.4794,429.87076,-0.011121788,-1.086635,3.032846,1.7356872e-06,3.22163462638855,1.4599208314038824e-08,7.832049715672847e-05,1.914836259584565,0.0,0.0,0.0
2465,13,-297.53452,430.0247,-0.011121903,-1.0824566,3.0211842,2.4700164e-06,3.209246873855591,1.4599208314038824e-08,7.832049715672847e-05,1.914836259584565,0.0,0.0,0.0
2466,13,-297.58945,430.17795,-0.011122016,-1.0782945,3.0095675,2.2792815e-06,3.1969070434570312,1.4599208314038824e-08,7.832049715672847e-05,1.914836259584565,0.0,0.0,0.0
2467,13,-297.64417,430.3307,-0.011122169,-1.0741491,2.997998,2.07901e-06,3.184617519378662,1.4599208314038824e-08,7.832049715672847e-05,1.914836259584565,0.0,0.0,0.0
2468,13,-297.69867,430.48285,-0.011122245,-1.0700196,2.9864724,2.8419495e-06,3.1723742485046387,1.4599208314038824e-08,7.832049715672847e-05,1.914836259584565,0.0,0.0,0.0
2469,13,-297.753,430.6344,-0.011122398,-1.0659071,2.974994,2.1648407e-06,3.1601815223693848,1.4599208314038824e-08,7.832049715672847e-05,1.914836259584565,0.0,0.0,0.0
2470,13,-297.8071,430.78543,-0.011122474,-1.0618095,2.9635577,3.2138823e-06,3.148033380508423,1.1004884984933782e-08,7.677077927142479e-05,1.914836259584565,0.0,0.0,0.0
2471,13,-297.861,430.93582,-0.011122551,-1.057729,2.9521682,2.2506713e-06,3.135935068130493,1.1004884984933782e-08,7.677077927142479e-05,1.914836259584565,0.0,0.0,0.0
2472,13,-297.91467,431.0857,-0.011122704,-1.0536637,2.9408224,3.5619735e-06,3.12388277053833,1.1004884984933782e-08,7.677077927142479e-05,1.914836259584565,0.0,0.0,0.0
2473,13,-297.96817,431.235,-0.01112278,-1.049615,2.9295223,2.8276443e-06,3.111879348754883,1.1004884984933782e-08,7.677077927142479e-05,1.914836259584565,0.0,0.0,0.0
2474,13,-298.02145,431.38373,-0.0111228945,-1.0455823,2.9182668,2.670288e-06,3.0999231338500977,1.1004884984933782e-08,7.677077927142479e-05,1.914836259584565,0.0,0.0,0.0
2475,14,-298.07455,431.5319,-0.011123008,-1.0415648,2.9070532,2.3126602e-06,3.0880115032196045,1.1004884984933782e-08,7.677077927142479e-05,1.914836259584565,0.0,0.0,0.0
2476,14,-298.12744,431.67957,-0.011123084,-1.0375636,2.8958862,2.2268296e-06,3.0761494636535645,1.1004884984933782e-08,7.677077927142479e-05,1.914836259584565,0.0,0.0,0.0
2477,14,-298.18015,431.82663,-0.011123237,-1.0335773,2.8847606,2.565384e-06,3.064331293106079,3.9581207247903145e-09,7.462501166936903e-05,1.914836259584565,0.0,0.0,0.0
2478,14,-298.23264,431.97314,-0.011123314,-1.0296077,2.8736804,2.245903e-06,3.0525612831115723,3.9581207247903145e-09,7.462501166936903e-05,1.914836259584565,0.0,0.0,0.0
2479,14,-298.28494,432.11914,-0.011123466,-1.025653,2.8626428,1.9168854e-06,3.0408365726470947,3.9581207247903145e-09,7.462501166936903e-05,1.914836259584565,0.0,0.0,0.0
2480,14,-298.33704,432.26456,-0.011123543,-1.0217137,2.851648,3.0374526e-06,3.0291576385498047,3.9581207247903145e-09,7.462501166936903e-05,1.914836259584565,0.0,0.0,0.0
2481,14,-298.38895,432.40945,-0.011123657,-1.0177906,2.8406992,2.155304e-06,3.017526865005493,3.9581207247903145e-09,7.462501166936903e-05,1.914836259584565,0.0,0.0,0.0
2482,14,-298.44067,432.55377,-0.011123772,-1.0138825,2.8297908,2.8085708e-06,3.0059397220611572,3.9581207247903145e-09,7.462501166936903e-05,1.914836259584565,0.0,0.0,0.0
2483,14,-298.4922,432.69757,-0.011123885,-1.0099901,2.818927,1.4829635e-06,2.9943997859954834,3.9581207247903145e-09,7.462501166936903e-05,1.914836259584565,0.0,0.0,0.0
2484,14,-298.54352,432.84082,-0.011124,-1.0061127,2.8081048,2.1886824e-06,2.9829037189483643,3.9581207247903145e-09,7.462501166936903e-05,1.914836259584565,0.0,0.0,0.0
2485,14,-298.59467,432.98355,-0.011124076,-1.0022507,2.7973263,1.8024444e-06,2.971454381942749,0.0,7.29560822152504e-05,1.914836259584565,0.0,0.0,0.0
2486,14,-298.6456,433.12576,-0.011124229,-0.9984036,2.7865887,2.4557114e-06,2.9600484371185303,0.0,7.29560822152504e-05,1.914836259584565,0.0,0.0,0.0
2487,14,-298.69635,433.26743,-0.011124267,-0.9945718,2.7758937,2.1505355e-06,2.948687791824341,0.0,7.29560822152504e-05,1.914836259584565,0.0,0.0,0.0
2488,15,-298.74692,433.40854,-0.01112442,-0.9907552,2.7652414,1.8119812e-06,2.9373722076416016,0.0,7.29560822152504e-05,1.914836259584565,0.0,0.0,0.0
2489,15,-298.7973,433.54913,-0.011124496,-0.98695356,2.754631,2.5224685e-06,2.9261014461517334,0.0,7.29560822152504e-05,1.914836259584565,0.0,0.0,0.0
2490,15,-298.84747,433.6892,-0.011124611,-0.9831671,2.7440624,1.1444091e-06,2.914875030517578,0.0,7.29560822152504e-05,1.914836259584565,0.0,0.0,0.0
2491,15,-298.89746,433.82877,-0.011124725,-0.9793949,2.733534,2.2935867e-06,2.903691291809082,0.0,7.29560822152504e-05,1.914836259584565,0.0,0.0,0.0
2492,15,-298.94727,433.9678,-0.011124802,-0.97563803,2.7230484,1.988411e-06,2.8925528526306152,1.26601652435245e-09,7.09295261820096e-05,1.914836259584565,0.0,0.0,0.0
2493,15,-298.99692,434.1063,-0.011124954,-0.9718956,2.7126038,1.6450881e-06,2.881458044052124,1.26601652435245e-09,7.09295261820096e-05,1.914836259584565,0.0,0.0,0.0
2494,15,-299.04636,434.2443,-0.01112503,-0.96816796,2.7022,2.2935867e-06,2.8704066276550293,1.26601652435245e-09,7.09295261820096e-05,1.914836259584565,0.0,0.0,0.0
2495,15,-299.09558,434.38177,-0.011125145,-0.96445525,2.691837,1.4781951e-06,2.859398603439331,1.26601652435245e-09,7.09295261820096e-05,1.914836259584565,0.0,0.0,0.0
2496,15,-299.14465,434.5187,-0.011125259,-0.96075696,2.6815147,2.155304e-06,2.84843373298645,1.26601652435245e-09,7.09295261820096e-05,1.914836259584565,0.0,0.0,0.0
2497,15,-299.19354,434.65515,-0.0111253355,-0.95707333,2.6712344,1.8405914e-06,2.8375134468078613,1.26601652435245e-09,7.09295261820096e-05,1.914836259584565,0.0,0.0,0.0
2498,15,-299.24225,434.79108,-0.011125488,-0.95340437,2.6609943,1.5497208e-06,2.8266358375549316,1.26601652435245e-09,7.09295261820096e-05,1.914836259584565,0.0,0.0,0.0
2499,15,-299.29077,434.9265,-0.011125565,-0.94974935,2.6507921,2.1743774e-06,2.815798759460449,9.458744689127257e-10,6.926059672789097e-05,1.914836259584565,0.0,0.0,0.0
2500,15,-299.3391,435.06146,-0.011125641,-0.94610924,2.6406326,1.3399124e-06,2.805006742477417,9.458744689127257e-10,6.926059672789097e-05,1.914836259584565,0.0,0.0,0.0
2501,16,-299.38727,435.1959,-0.0111257555,-0.9424829,2.6305118,1.5258788e-06,2.7942559719085693,9.458744689127257e-10,6.926059672789097e-05,1.914836259584565,0.0,0.0,0.0
2502,16,-299.43527,435.32974,-0.011125831,-0.93887126,2.6204312,2.2315978e-06,2.783547878265381,9.458744689127257e-10,6.926059672789097e-05,1.914836259584565,0.0,0.0,0.0
2503,16,-299.4831,435.46317,-0.0111259455,-0.93527395,2.6103907,9.202957e-07,2.7728824615478516,9.458744689127257e-10,6.926059672789097e-05,1.914836259584565,0.0,0.0,0.0
2504,16,-299.53073,435.59607,-0.01112606,-0.93169,2.6003878,1.5878677e-06,2.7622568607330322,9.458744689127257e-10,6.926059672789097e-05,1.914836259584565,0.0,0.0,0.0
2505,16,-299.5782,435.72852,-0.011126175,-0.92812026,2.5904248,2.298355e-06,2.751673698425293,9.458744689127257e-10,6.926059672789097e-05,1.914836259584565,0.0,0.0,0.0
2506,16,-299.62546,435.8604,-0.011126251,-0.92456526,2.5805023,9.346008e-07,2.741133451461792,9.458744689127257e-10,6.926059672789097e-05,1.914836259584565,0.0,0.0,0.0
2507,16,-299.67255,435.99185,-0.011126327,-0.9210236,2.570618,1.5830993e-06,2.7306339740753174,0.0,6.711482506217389e-05,1.914836259584565,0.0,0.0,0.0
2508,16,-299.71945,436.12283,-0.011126442,-0.917496,2.560772,2.026558e-06,2.72017502784729,0.0,6.711482506217389e-05,1.914836259584565,0.0,0.0,0.0
2509,16,-299.76617,436.2533,-0.011126556,-0.9139823,2.5509646,1.4734268e-06,2.709757089614868,0.0,6.711482506217389e-05,1.914836259584565,0.0,0.0,0.0
2510,16,-299.81274,436.38327,-0.011126633,-0.9104822,2.5411968,6.580353e-07,2.6993813514709473,0.0,6.711482506217389e-05,1.914836259584565,0.0,0.0,0.0
2511,16,-299.85916,436.51276,-0.011126746,-0.90699595,2.5314665,1.3160706e-06,2.6890451908111572,0.0,6.711482506217389e-05,1.914836259584565,0.0,0.0,0.0
2512,16,-299.90536,436.64178,-0.011126861,-0.9035236,2.5217743,1.0061264e-06,2.6787497997283936,0.0,6.711482506217389e-05,1.914836259584565,0.0,0.0,0.0
2513,16,-299.95142,436.7703,-0.011126937,-0.9000646,2.5121198,6.9141385e-07,2.66849422454834,0.0,6.711482506217389e-05,1.914836259584565,0.0,0.0,0.0
2514,16,-299.9973,436.89835,-0.011127014,-0.8966183,2.5025012,1.3923644e-06,2.6582770347595215,0.0,6.711482506217389e-05,1.914836259584565,0.0,0.0,0.0
2515,16,-300.04303,437.02594,-0.01112709,-0.8931864,2.4929228,2.1123885e-06,2.648102283477783,0.0,6.55651071768702e-05,1.914836259584565,0.0,0.0,0.0
2516,17,-300.08853,437.15305,-0.011127243,-0.8897681,2.483382,1.3542175e-06,2.637967824935913,0.0,6.55651071768702e-05,1.914836259584565,0.0,0.0,0.0
2517,17,-300.13388,437.27966,-0.011127357,-0.8863628,2.473878,6.055832e-07,2.6278719902038574,0.0,6.55651071768702e-05,1.914836259584565,0.0,0.0,0.0
2518,17,-300.17908,437.40576,-0.011127396,-0.8829704,2.4644094,1.3113022e-06,2.617814064025879,0.0,6.55651071768702e-05,1.914836259584565,0.0,0.0,0.0
2519,17,-300.22412,437.5314,-0.01112751,-0.8795912,2.4549773,2.0122527e-06,2.607795000076294,0.0,6.55651071768702e-05,1.914836259584565,0.0,0.0,0.0
2520,17,-300.26898,437.65662,-0.0111275865,-0.8762256,2.445584,1.2683868e-06,2.5978169441223145,0.0,6.55651071768702e-05,1.914836259584565,0.0,0.0,0.0
2521,17,-300.3137,437.7814,-0.011127663,-0.8728731,2.4362276,5.340576e-07,2.5878779888153076,0.0,6.55651071768702e-05,1.914836259584565,0.0,0.0,0.0
2522,17,-300.35822,437.9057,-0.0111277765,-0.86953306,2.4269054,1.2493133e-06,2.5779755115509033,0.0,6.55651071768702e-05,1.914836259584565,0.0,0.0,0.0
2523,17,-300.40256,438.02948,-0.011127853,-0.8662066,2.4176207,1.9598008e-06,2.568112850189209,1.946318547178242e-09,6.389617365909025e-05,1.914836259584565,0.0,0.0,0.0
2524,17,-300.44675,438.15283,-0.011127929,-0.8628928,2.408372,1.2159347e-06,2.558288335800171,1.946318547178242e-09,6.389617365909025e-05,1.914836259584565,0.0,0.0,0.0
2525,17,-300.49078,438.27573,-0.011128044,-0.85959166,2.399159,4.0531157e-07,2.54850172996521,1.946318547178242e-09,6.389617365909025e-05,1.914836259584565,0.0,0.0,0.0
2526,17,-300.53464,438.39816,-0.01112812,-0.85630333,2.3899803,1.077652e-06,2.5387518405914307,1.946318547178242e-09,6.389617365909025e-05,1.914836259584565,0.0,0.0,0.0
2527,17,-300.57834,438.52014,-0.011128235,-0.8530279,2.3808382,8.392334e-07,2.529040575027466,1.946318547178242e-09,6.389617365909025e-05,1.914836259584565,0.0,0.0,0.0
2528,17,-300.62192,438.64172,-0.011128311,-0.8497609,2.3717203,1.5306473e-06,2.519355297088623,1.946318547178242e-09,6.389617365909025e-05,1.914836259584565,0.0,0.0,0.0
2529,17,-300.66528,438.76276,-0.011128387,-0.84650433,2.3626316,1.2874603e-06,2.5097005367279053,1.946318547178242e-09,6.389617365909025e-05,1.914836259584565,0.0,0.0,0.0
2530,17,-300.7085,438.88336,-0.011128464,-0.84325886,2.3535728,1.2636184e-06,2.5000782012939453,1.946318547178242e-09,6.389617365909025e-05,1.914836259584565,0.0,0.0,0.0
2531,18,-300.7516,439.0035,-0.01112854,-0.84002453,2.3445456,1.7213821e-06,2.4904890060424805,1.946318547178242e-09,6.389617365909025e-05,1.914836259584565,0.0,0.0,0.0
2532,18,-300.7945,439.12323,-0.0111286165,-0.83680177,2.3355505,1.4686584e-06,2.480933904647827,3.4706316689144018e-09,6.186961762584944e-05,1.914836259584565,0.0,0.0,0.0
2533,18,-300.83725,439.2425,-0.011128692,-0.8335907,2.3265886,1.2540817e-06,2.47141432762146,3.4706316689144018e-09,6.186961762584944e-05,1.914836259584565,0.0,0.0,0.0
2534,18,-300.87982,439.36136,-0.011128768,-0.830392,2.3176606,1.0204315e-06,2.461930513381958,3.4706316689144018e-09,6.186961762584944e-05,1.914836259584565,0.0,0.0,0.0
2535,18,-300.9222,439.47977,-0.011128845,-0.82720435,2.3087633,7.486343e-07,2.452479362487793,3.4706316689144018e-09,6.186961762584944e-05,1.914836259584565,0.0,0.0,0.0
2536,18,-300.96448,439.59772,-0.011128921,-0.82402855,2.2999003,5.340576e-07,2.4430646896362305,3.4706316689144018e-09,6.186961762584944e-05,1.914836259584565,0.0,0.0,0.0
2537,18,-301.00656,439.71518,-0.011128997,-0.8208641,2.2910686,7.9631803e-07,2.433682918548584,3.4706316689144018e-09,6.186961762584944e-05,1.914836259584565,0.0,0.0,0.0
2538,18,-301.04852,439.83224,-0.011129112,-0.81771225,2.2822704,-4.7683715e-09,2.424337387084961,3.4706316689144018e-09,6.186961762584944e-05,1.914836259584565,0.0,0.0,0.0
2539,18,-301.0903,439.94885,-0.01112915,-0.8145715,2.273505,-2.5272368e-07,2.4150261878967285,3.4706316689144018e-09,6.186961762584944e-05,1.914836259584565,0.0,0.0,0.0
2540,18,-301.13193,440.06506,-0.011129227,-0.8114418,2.2647698,4.2915343e-07,2.405747413635254,3.4706316689144018e-09,6.186961762584944e-05,1.914836259584565,0.0,0.0,0.0
2541,18,-301.1734,440.18082,-0.011129341,-0.808324,2.2560685,2.002716e-07,2.3965041637420654,3.4706316689144018e-09,6.186961762584944e-05,1.914836259584565,0.0,0.0,0.0
2542,18,-301.21472,440.29617,-0.011129417,-0.80521804,2.2473996,2.1457672e-07,2.387295722961426,0.0,6.0200688171730816e-05,1.914836259584565,0.0,0.0,0.0
2543,18,-301.25592,440.41107,-0.011129494,-0.80212325,2.2387612,6.866455e-07,2.378119707107544,0.0,6.0200688171730816e-05,1.914836259584565,0.0,0.0,0.0
2544,18,-301.29694,440.52554,-0.011129607,-0.7990397,2.2301548,4.7206876e-07,2.3689775466918945,0.0,6.0200688171730816e-05,1.914836259584565,0.0,0.0,0.0
2545,18,-301.33777,440.6396,-0.011129646,-0.7959677,2.2215815,6.9141385e-07,2.359870433807373,0.0,6.0200688171730816e-05,1.914836259584565,0.0,0.0,0.0
2546,18,-301.37848,440.7532,-0.011129722,-0.792907,2.2130392,9.298324e-07,2.3507964611053467,0.0,6.0200688171730816e-05,1.914836259584565,0.0,0.0,0.0
2547,19,-301.41904,440.8664,-0.011129837,-0.78985786,2.2045276,7.1048737e-07,2.3417551517486572,0.0,6.0200688171730816e-05,1.914836259584565,0.0,0.0,0.0
2548,19,-301.45944,440.97916,-0.011129913,-0.78681946,2.1960478,9.202957e-07,2.332747459411621,0.0,6.0200688171730816e-05,1.914836259584565,0.0,0.0,0.0
2549,19,-301.4997,441.09152,-0.011129951,-0.7837925,2.1875997,1.1491775e-06,2.3237733840942383,0.0,6.0200688171730816e-05,1.914836259584565,0.0,0.0,0.0
2550,19,-301.53976,441.20346,-0.011130066,-0.78092957,2.179609,2.3841856e-08,2.3152854442596436,0.0,6.0200688171730816e-05,1.914836259584565,0.0,0.0,0.0
2551,19,-301.57974,441.315,-0.01113018,-0.77783453,2.170971,5.245209e-07,2.306109666824341,1.8189893036720194e-12,5.805492056967506e-05,1.914836259584565,0.0,0.0,0.0
2552,19,-301.61957,441.4261,-0.011130333,-0.7749976,2.1630526,1.9550323e-07,2.2976982593536377,1.8189893036720194e-12,5.805492056967506e-05,1.914836259584565,0.0,0.0,0.0
2553,19,-301.65924,441.53677,-0.0111304475,-0.7719049,2.1544204,4.5776366e-07,2.2885289192199707,1.8189893036720194e-12,5.805492056967506e-05,1.914836259584565,0.0,0.0,0.0
2554,19,-301.69873,441.64706,-0.011130524,-0.7690811,2.1465394,6.055832e-07,2.2801573276519775,1.8189893036720194e-12,5.805492056967506e-05,1.914836259584565,0.0,0.0,0.0
2555,19,-301.7381,441.7569,-0.011130599,-0.7660031,2.1379495,1.9073485e-07,2.2710325717926025,1.8189893036720194e-12,5.805492056967506e-05,1.914836259584565,0.0,0.0,0.0
2556,19,-301.7773,441.86636,-0.011130676,-0.7631995,2.1301236,1.1014938e-06,2.2627196311950684,1.8189893036720194e-12,5.805492056967506e-05,1.914836259584565,0.0,0.0,0.0
2557,19,-301.8164,441.97543,-0.01113079,-0.7601407,2.1215858,-2.336502e-07,2.253650426864624,1.8189893036720194e-12,5.805492056967506e-05,1.914836259584565,0.0,0.0,0.0
2558,19,-301.85532,442.0841,-0.011130828,-0.7573776,2.1138742,5.2452087e-08,2.2454586029052734,1.8189893036720194e-12,5.805492056967506e-05,1.914836259584565,0.0,0.0,0.0
2559,19,-301.8941,442.19232,-0.011130981,-0.7544932,2.105824,2.3841858e-07,2.236907482147217,2.3010214420172385e-09,5.650519862071005e-05,1.914836259584565,0.0,0.0,0.0
2560,19,-301.93274,442.30017,-0.0111310575,-0.7516142,2.0977886,-8.106232e-08,2.2283716201782227,2.3010214420172385e-09,5.650519862071005e-05,1.914836259584565,0.0,0.0,0.0
2561,19,-301.97125,442.4076,-0.011131172,-0.7487426,2.0897734,-4.1484833e-07,2.219857931137085,2.3010214420172385e-09,5.650519862071005e-05,1.914836259584565,0.0,0.0,0.0
2562,19,-302.0096,442.51465,-0.011131248,-0.7458804,2.081785,-1.8596648e-07,2.211372137069702,2.3010214420172385e-09,5.650519862071005e-05,1.914836259584565,0.0,0.0,0.0
2563,20,-302.04785,442.62128,-0.011131363,-0.7430278,2.0738235,3.33786e-08,2.2029147148132324,2.3010214420172385e-09,5.650519862071005e-05,1.914836259584565,0.0,0.0,0.0
2564,20,-302.0859,442.72754,-0.011131401,-0.74018556,2.0658906,-1.5258789e-07,2.194488286972046,2.3010214420172385e-09,5.650519862071005e-05,1.914836259584565,0.0,0.0,0.0
2565,20,-302.1238,442.83337,-0.011131478,-0.73735386,2.0579872,-3.528595e-07,2.1860928535461426,2.3010214420172385e-09,5.650519862071005e-05,1.914836259584565,0.0,0.0,0.0
2566,20,-302.1616,442.93884,-0.011131591,-0.73453265,2.0501137,-3.33786e-07,2.1777291297912598,2.3010214420172385e-09,5.650519862071005e-05,1.914836259584565,0.0,0.0,0.0
2567,20,-302.19925,443.04395,-0.011131629,-0.7317224,2.0422692,-3.3855437e-07,2.16939640045166,2.3010214420172385e-09,5.650519862071005e-05,1.914836259584565,0.0,0.0,0.0
2568,20,-302.23676,443.14862,-0.011131706,-0.7289224,2.0344543,-1.0967254e-07,2.161095142364502,2.3010214420172385e-09,5.650519862071005e-05,1.914836259584565,0.0,0.0,0.0
2569,20,-302.2741,443.25293,-0.011131744,-0.7261331,2.02667,-3.0994414e-07,2.1528263092041016,1.691659998159246e-09,5.435943508231562e-05,1.914836259584565,0.0,0.0,0.0
2570,20,-302.31134,443.3568,-0.011131858,-0.72335446,2.0189147,-5.4359435e-07,2.144587993621826,1.691659998159246e-09,5.435943508231562e-05,1.914836259584565,0.0,0.0,0.0
2571,20,-302.34842,443.46033,-0.011131973,-0.7205863,2.0111883,-3.004074e-07,2.136380910873413,1.691659998159246e-09,5.435943508231562e-05,1.914836259584565,0.0,0.0,0.0
2572,20,-302.38538,443.56348,-0.011131973,-0.71782905,2.003492,-2.8610228e-07,2.1282055377960205,1.691659998159246e-09,5.435943508231562e-05,1.914836259584565,0.0,0.0,0.0
2573,20,-302.4222,443.6662,-0.011132088,-0.71508205,1.9958253,-3.0517577e-07,2.1200616359710693,1.691659998159246e-09,5.435943508231562e-05,1.914836259584565,0.0,0.0,0.0
2574,20,-302.4589,443.7686,-0.011132164,-0.7123458,1.9881891,-5.0544736e-07,2.111949920654297,1.691659998159246e-09,5.435943508231562e-05,1.914836259584565,0.0,0.0,0.0
2575,20,-302.49545,443.8706,-0.011132202,-0.70961976,1.9805806,-7.390976e-07,2.103867769241333,1.691659998159246e-09,5.435943508231562e-05,1.914836259584565,0.0,0.0,0.0
2576,20,-302.53186,443.97226,-0.011132317,-0.7069041,1.9730006,-4.863739e-07,2.095816135406494,1.691659998159246e-09,5.435943508231562e-05,1.914836259584565,0.0,0.0,0.0
2577,20,-302.56815,444.07352,-0.011132393,-0.70419866,1.9654498,-2.5272368e-07,2.0877952575683594,1.691659998159246e-09,5.435943508231562e-05,1.914836259584565,0.0,0.0,0.0
2578,20,-302.60428,444.17438,-0.011132507,-0.701504,1.9579285,-4.959106e-07,2.079805850982666,1.691659998159246e-09,5.435943508231562e-05,1.914836259584565,0.0,0.0,0.0
2579,20,-302.6403,444.27487,-0.011132507,-0.69881934,1.9504354,-7.390976e-07,2.0718462467193604,1.5006661794048254e-09,5.280971313335061e-05,1.914836259584565,0.0,0.0,0.0
2580,20,-302.67618,444.375,-0.011132621,-0.6961452,1.9429724,-9.679794e-07,2.0639185905456543,1.5006661794048254e-09,5.280971313335061e-05,1.914836259584565,0.0,0.0,0.0
2581,21,-302.7119,444.47476,-0.011132736,-0.6934813,1.9355369,-1.2016296e-06,2.0560202598571777,1.5006661794048254e-09,5.280971313335061e-05,1.914836259584565,0.0,0.0,0.0
2582,21,-302.7475,444.57413,-0.011132736,-0.6908276,1.9281306,-9.536743e-07,2.0481529235839844,1.5006661794048254e-09,5.280971313335061e-05,1.914836259584565,0.0,0.0,0.0
2583,21,-302.783,444.67316,-0.01113285,-0.6881839,1.9207515,-7.343292e-07,2.0403144359588623,1.5006661794048254e-09,5.280971313335061e-05,1.914836259584565,0.0,0.0,0.0
2584,21,-302.81836,444.7718,-0.0111328885,-0.6855504,1.9134011,-9.346008e-07,2.0325067043304443,1.5006661794048254e-09,5.280971313335061e-05,1.914836259584565,0.0,0.0,0.0
2585,21,-302.85358,444.87012,-0.011132965,-0.68292683,1.9060787,-6.3896175e-07,2.024728298187256,1.5006661794048254e-09,5.280971313335061e-05,1.914836259584565,0.0,0.0,0.0
2586,21,-302.88867,444.96805,-0.011133041,-0.68031365,1.8987854,-1.3494491e-06,2.0169811248779297,1.5006661794048254e-09,5.280971313335061e-05,1.914836259584565,0.0,0.0,0.0
2587,21,-302.9236,445.06558,-0.011133118,-0.67771024,1.8915191,-5.4359435e-07,2.0092625617980957,1.5006661794048254e-09,5.280971313335061e-05,1.914836259584565,0.0,0.0,0.0
2588,21,-302.95844,445.16275,-0.011133232,-0.6751172,1.8842815,-7.2479247e-07,2.0015742778778076,1.5006661794048254e-09,5.280971313335061e-05,1.914836259584565,0.0,0.0,0.0
2589,21,-302.99313,445.2596,-0.01113327,-0.67253387,1.8770716,-7.1048737e-07,1.9939156770706177,-1.8189893036720194e-12,5.0663945531294854e-05,1.914836259584565,0.0,0.0,0.0
2590,21,-303.0277,445.35608,-0.011133347,-0.66996044,1.869889,-7.2479247e-07,1.9862860441207886,-1.8189893036720194e-12,5.0663945531294854e-05,1.914836259584565,0.0,0.0,0.0
2591,21,-303.06213,445.4522,-0.011133422,-0.6673972,1.8627349,-9.346008e-07,1.9786865711212158,-1.8189893036720194e-12,5.0663945531294854e-05,1.914836259584565,0.0,0.0,0.0
2592,21,-303.09647,445.548,-0.01113346,-0.66484326,1.8556067,3.147125e-07,1.9711146354675293,-1.8189893036720194e-12,5.0663945531294854e-05,1.914836259584565,0.0,0.0,0.0
2593,21,-303.13065,445.64343,-0.011133537,-0.6622996,1.8485075,9.5367426e-08,1.9635734558105469,-1.8189893036720194e-12,5.0663945531294854e-05,1.914836259584565,0.0,0.0,0.0
2594,21,-303.1647,445.73846,-0.011133651,-0.6597658,1.8414352,-1.66893e-07,1.9560610055923462,-1.8189893036720194e-12,5.0663945531294854e-05,1.914836259584565,0.0,0.0,0.0
2595,21,-303.19864,445.8332,-0.011133689,-0.6572416,1.8343902,-4.1007993e-07,1.9485774040222168,-1.8189893036720194e-12,5.0663945531294854e-05,1.914836259584565,0.0,0.0,0.0
2596,21,-303.23245,445.92758,-0.011133766,-0.654727,1.8273722,-6.3896175e-07,1.9411225318908691,-1.8189893036720194e-12,5.0663945531294854e-05,1.914836259584565,0.0,0.0,0.0
2597,21,-303.2661,446.0216,-0.011133804,-0.65222234,1.8203814,-8.7738033e-07,1.9336966276168823,-1.8189893036720194e-12,5.0663945531294854e-05,1.914836259584565,0.0,0.0,0.0
2598,21,-303.29968,446.11523,-0.011133919,-0.6497273,1.8134179,-1.0871887e-06,1.9262995719909668,-1.8189893036720194e-12,5.0663945531294854e-05,1.914836259584565,0.0,0.0,0.0
2599,21,-303.33313,446.20856,-0.011133957,-0.6472422,1.8064816,-1.3113022e-06,1.918931484222412,-1.8189893036720194e-12,5.0663945531294854e-05,1.914836259584565,0.0,0.0,0.0
2600,22,-303.36642,446.30154,-0.011134033,-0.6447665,1.7995715,-1.5258788e-06,1.9115912914276123,1.6625562313070447e-09,4.899501607717623e-05,1.914836259584565,0.0,0.0,0.0
2601,22,-303.39963,446.39417,-0.011134109,-0.6423005,1.792689,-1.7499923e-06,1.9042803049087524,1.6625562313070447e-09,4.899501607717623e-05,1.914836259584565,0.0,0.0,0.0
2602,22,-303.43268,446.48648,-0.011134186,-0.63984364,1.7858322,-1.4686584e-06,1.8969967365264893,1.6625562313070447e-09,4.899501607717623e-05,1.914836259584565,0.0,0.0,0.0
2603,22,-303.46564,446.57843,-0.011134262,-0.6373964,1.7790016,-1.206398e-06,1.8897409439086914,1.6625562313070447e-09,4.899501607717623e-05,1.914836259584565,0.0,0.0,0.0
2604,22,-303.49847,446.67004,-0.011134339,-0.63495857,1.7721971,-9.3936916e-07,1.8825130462646484,1.6625562313070447e-09,4.899501607717623e-05,1.914836259584565,0.0,0.0,0.0
2605,22,-303.53116,446.7613,-0.011134376,-0.6325301,1.7654195,-6.4849854e-07,1.875313401222229,1.6625562313070447e-09,4.899501607717623e-05,1.914836259584565,0.0,0.0,0.0
2606,22,-303.56375,446.85217,-0.01113449,-0.6301113,1.7586683,-9.012222e-07,1.8681418895721436,1.6625562313070447e-09,4.899501607717623e-05,1.914836259584565,0.0,0.0,0.0
2607,22,-303.5962,446.94275,-0.01113449,-0.6277019,1.7519441,-1.1110305e-06,1.8609991073608398,1.6625562313070447e-09,4.899501607717623e-05,1.914836259584565,0.0,0.0,0.0
2608,22,-303.62854,447.03305,-0.011134567,-0.625302,1.7452458,-1.3256073e-06,1.8538838624954224,1.6625562313070447e-09,4.899501607717623e-05,1.914836259584565,0.0,0.0,0.0
2609,22,-303.66077,447.123,-0.011134643,-0.62291116,1.7385728,-1.5640259e-06,1.8467955589294434,1.6625562313070447e-09,4.899501607717623e-05,1.914836259584565,0.0,0.0,0.0
2610,22,-303.69287,447.21262,-0.0111347195,-0.6205296,1.731926,-1.7929077e-06,1.8397349119186401,1.6625562313070447e-09,4.899501607717623e-05,1.914836259584565,0.0,0.0,0.0
2611,22,-303.72482,447.3019,-0.011134796,-0.61815697,1.7253033,-1.5592575e-06,1.8327000141143799,1.1223163422344944e-09,4.744529412821122e-05,1.914836259584565,0.0,0.0,0.0
2612,22,-303.7567,447.39084,-0.011134834,-0.6157939,1.7187078,-1.2969971e-06,1.8256940841674805,1.1223163422344944e-09,4.744529412821122e-05,1.914836259584565,0.0,0.0,0.0
2613,22,-303.78848,447.47943,-0.011134949,-0.6134399,1.7121377,-1.0299682e-06,1.81871497631073,1.1223163422344944e-09,4.744529412821122e-05,1.914836259584565,0.0,0.0,0.0
2614,22,-303.8201,447.56772,-0.011135025,-0.6110952,1.7055933,-7.343292e-07,1.8117631673812866,1.1223163422344944e-09,4.744529412821122e-05,1.914836259584565,0.0,0.0,0.0
2615,22,-303.85162,447.6557,-0.011135025,-0.6087597,1.699075,-9.584427e-07,1.8048391342163086,1.1223163422344944e-09,4.744529412821122e-05,1.914836259584565,0.0,0.0,0.0
2616,22,-303.883,447.74335,-0.011135101,-0.60643333,1.6925824,-1.1825562e-06,1.7979422807693481,1.1223163422344944e-09,4.744529412821122e-05,1.914836259584565,0.0,0.0,0.0
2617,22,-303.91428,447.83066,-0.011135178,-0.60411555,1.6861138,-1.6403197e-06,1.7910710573196411,1.1223163422344944e-09,4.744529412821122e-05,1.914836259584565,0.0,0.0,0.0
2618,22,-303.94547,447.9176,-0.011135292,-0.6018074,1.6796713,-2.0837783e-06,1.7842274904251099,1.1223163422344944e-09,4.744529412821122e-05,1.914836259584565,0.0,0.0,0.0
2619,22,-303.9765,448.00427,-0.011135292,-0.59950787,1.6732526,-2.0313262e-06,1.777409315109253,1.1223163422344944e-09,4.744529412821122e-05,1.914836259584565,0.0,0.0,0.0
2620,22,-304.00745,448.09067,-0.011135368,-0.5972172,1.6668593,-1.4543533e-06,1.7706180810928345,1.1223163422344944e-09,4.744529412821122e-05,1.914836259584565,0.0,0.0,0.0
2621,23,-304.03827,448.1767,-0.011135444,-0.59493554,1.6604911,-1.1825562e-06,1.7638534307479858,1.1223163422344944e-09,4.744529412821122e-05,1.914836259584565,0.0,0.0,0.0
2622,23,-304.069,448.26245,-0.01113552,-0.5926631,1.6541493,-1.4209747e-06,1.7571167945861816,1.1223163422344944e-09,4.744529412821122e-05,1.914836259584565,0.0,0.0,0.0
2623,23,-304.09958,448.34784,-0.011135559,-0.5903992,1.6478306,-1.7023086e-06,1.7504048347473145,5.500623468284534e-09,4.518031902100185e-05,1.914836259584565,0.0,0.0,0.0
2624,23,-304.1301,448.43292,-0.011135635,-0.58814436,1.641537,-1.940727e-06,1.743719458580017,5.500623468284534e-09,4.518031902100185e-05,1.914836259584565,0.0,0.0,0.0
2625,23,-304.16046,448.5177,-0.011135711,-0.5858982,1.6352675,-2.155304e-06,1.7370597124099731,5.500623468284534e-09,4.518031902100185e-05,1.914836259584565,0.0,0.0,0.0
2626,23,-304.1907,448.60217,-0.011135788,-0.58366066,1.6290225,-1.8072128e-06,1.7304259538650513,5.500623468284534e-09,4.518031902100185e-05,1.914836259584565,0.0,0.0,0.0
2627,23,-304.2209,448.68637,-0.011135826,-0.5814321,1.6228024,-1.2445449e-06,1.7238186597824097,5.500623468284534e-09,4.518031902100185e-05,1.914836259584565,0.0,0.0,0.0
2628,23,-304.25092,448.77017,-0.011135864,-0.5792122,1.6166073,-1.7166137e-06,1.717237949371338,5.500623468284534e-09,4.518031902100185e-05,1.914836259584565,0.0,0.0,0.0
2629,23,-304.28085,448.8537,-0.011135979,-0.57700074,1.6104349,-2.0122527e-06,1.7106813192367554,5.500623468284534e-09,4.518031902100185e-05,1.914836259584565,0.0,0.0,0.0
2630,23,-304.31067,448.93695,-0.011136017,-0.5747983,1.6042876,-2.245903e-06,1.7041513919830322,5.500623468284534e-09,4.518031902100185e-05,1.914836259584565,0.0,0.0,0.0
2631,23,-304.3404,449.0199,-0.011136055,-0.57260454,1.5981643,-2.4700164e-06,1.6976468563079834,5.500623468284534e-09,4.518031902100185e-05,1.914836259584565,0.0,0.0,0.0
2632,23,-304.36996,449.10254,-0.01113617,-0.57041925,1.5920652,-2.1648407e-06,1.691168189048767,5.500623468284534e-09,4.518031902100185e-05,1.914836259584565,0.0,0.0,0.0
2633,23,-304.39948,449.18478,-0.011136208,-0.5682423,1.5859894,-1.654625e-06,1.6847140789031982,5.500623468284534e-09,4.518031902100185e-05,1.914836259584565,0.0,0.0,0.0
2634,23,-304.42886,449.2668,-0.011136246,-0.56607395,1.579938,-2.1505355e-06,1.678286075592041,5.500623468284534e-09,4.518031902100185e-05,1.914836259584565,0.0,0.0,0.0
2635,23,-304.45813,449.34854,-0.011136321,-0.56391466,1.573911,-2.4175642e-06,1.6718838214874268,3.6070557543029295e-09,4.3749808640851786e-05,1.914836259584565,0.0,0.0,0.0
2636,23,-304.4873,449.43,-0.011136398,-0.5617638,1.5679077,-2.6273726e-06,1.6655068397521973,3.6070557543029295e-09,4.3749808640851786e-05,1.914836259584565,0.0,0.0,0.0
2637,23,-304.51633,449.51108,-0.011136436,-0.559621,1.561927,-2.3078917e-06,1.6591538190841675,3.6070557543029295e-09,4.3749808640851786e-05,1.914836259584565,0.0,0.0,0.0
2638,23,-304.54532,449.59186,-0.01113655,-0.5574864,1.5559692,-2.2697448e-06,1.6528252363204956,3.6070557543029295e-09,4.3749808640851786e-05,1.914836259584565,0.0,0.0,0.0
2639,23,-304.57413,449.67242,-0.01113655,-0.5553603,1.5500349,-2.2411346e-06,1.6465215682983398,3.6070557543029295e-09,4.3749808640851786e-05,1.914836259584565,0.0,0.0,0.0
2640,23,-304.6029,449.7527,-0.011136627,-0.55324286,1.5441253,-2.4700164e-06,1.6402441263198853,3.6070557543029295e-09,4.3749808640851786e-05,1.914836259584565,0.0,0.0,0.0
2641,23,-304.63153,449.83258,-0.011136703,-0.55113393,1.5382394,-2.670288e-06,1.6339917182922363,3.6070557543029295e-09,4.3749808640851786e-05,1.914836259584565,0.0,0.0,0.0
2642,23,-304.6601,449.91217,-0.01113678,-0.54903305,1.5323755,-2.322197e-06,1.6277629137039185,3.6070557543029295e-09,4.3749808640851786e-05,1.914836259584565,0.0,0.0,0.0
2643,23,-304.6885,449.99155,-0.011136818,-0.54694027,1.5265344,-1.9979477e-06,1.6215581893920898,3.6070557543029295e-09,4.3749808640851786e-05,1.914836259584565,0.0,0.0,0.0
2644,24,-304.71683,450.07065,-0.011136856,-0.5448558,1.5207163,-2.2172928e-06,1.6153780221939087,3.6070557543029295e-09,4.3749808640851786e-05,1.914836259584565,0.0,0.0,0.0
2645,24,-304.74506,450.1494,-0.011136932,-0.54277974,1.514922,-2.427101e-06,1.6092228889465332,3.6070557543029295e-09,4.3749808640851786e-05,1.914836259584565,0.0,0.0,0.0
2646,24,-304.77316,450.22787,-0.011137009,-0.5407122,1.5091515,-3.1042098e-06,1.603093147277832,3.6070557543029295e-09,4.3749808640851786e-05,1.914836259584565,0.0,0.0,0.0
2647,24,-304.8012,450.3061,-0.011137047,-0.53865176,1.5034013,-2.799034e-06,1.5969849824905396,3.6070557543029295e-09,4.3749808640851786e-05,1.914836259584565,0.0,0.0,0.0
2648,24,-304.8291,450.384,-0.011137123,-0.5365998,1.4976741,-2.0503996e-06,1.5909013748168945,-1.8189893036720194e-12,4.160404103879603e-05,1.914836259584565,0.0,0.0,0.0
2649,24,-304.85693,450.46158,-0.011137161,-0.5345569,1.4919717,-2.503395e-06,1.5848439931869507,-1.8189893036720194e-12,4.160404103879603e-05,1.914836259584565,0.0,0.0,0.0
2650,24,-304.8846,450.53894,-0.011137237,-0.5325218,1.4862919,-3.4236907e-06,1.5788105726242065,-1.8189893036720194e-12,4.160404103879603e-05,1.914836259584565,0.0,0.0,0.0
2651,24,-304.91226,450.61606,-0.011137275,-0.53049386,1.4806318,-3.1661987e-06,1.572798252105713,-1.8189893036720194e-12,4.160404103879603e-05,1.914836259584565,0.0,0.0,0.0
2652,24,-304.93973,450.6928,-0.011137351,-0.52847403,1.4749943,-2.4032593e-06,1.5668097734451294,-1.8189893036720194e-12,4.160404103879603e-05,1.914836259584565,0.0,0.0,0.0
2653,24,-304.96716,450.7693,-0.01113739,-0.52646273,1.4693805,-2.8133393e-06,1.5608465671539307,-1.8189893036720194e-12,4.160404103879603e-05,1.914836259584565,0.0,0.0,0.0
2654,24,-304.99445,450.84555,-0.011137466,-0.5244597,1.4637904,-3.2758712e-06,1.5549085140228271,-1.8189893036720194e-12,4.160404103879603e-05,1.914836259584565,0.0,0.0,0.0
2655,24,-305.02167,450.9215,-0.011137504,-0.5224642,1.4582212,-3.4952163e-06,1.5489925146102905,-1.8189893036720194e-12,4.160404103879603e-05,1.914836259584565,0.0,0.0,0.0
2656,24,-305.04877,450.99713,-0.0111375805,-0.52047646,1.4526732,-3.3950805e-06,1.543099284172058,-1.8189893036720194e-12,4.160404103879603e-05,1.914836259584565,0.0,0.0,0.0
2657,24,-305.0758,451.07254,-0.011137619,-0.5184968,1.4471478,-2.822876e-06,1.5372298955917358,-1.8189893036720194e-12,4.160404103879603e-05,1.914836259584565,0.0,0.0,0.0
2658,24,-305.1027,451.14767,-0.011137733,-0.51652527,1.4416449,-2.9230116e-06,1.5313844680786133,-1.8189893036720194e-12,4.160404103879603e-05,1.914836259584565,0.0,0.0,0.0
2659,24,-305.12952,451.2225,-0.011137771,-0.5145607,1.4361615,-1.9836425e-06,1.5255597829818726,-1.8189893036720194e-12,4.160404103879603e-05,1.914836259584565,0.0,0.0,0.0
2660,24,-305.15622,451.29706,-0.011137848,-0.51260483,1.4307027,-1.6880035e-06,1.5197612047195435,-1.8189893036720194e-12,4.160404103879603e-05,1.914836259584565,0.0,0.0,0.0
2661,24,-305.18286,451.3714,-0.011137886,-0.5106566,1.4252653,-1.9836425e-06,1.5139851570129395,1.128137170012796e-08,3.99351115846774e-05,1.914836259584565,0.0,0.0,0.0
2662,24,-305.20938,451.44543,-0.011137962,-0.50871557,1.4198481,-1.7642974e-06,1.5082308053970337,1.128137170012796e-08,3.99351115846774e-05,1.914836259584565,0.0,0.0,0.0
2663,24,-305.2358,451.51913,-0.0111380005,-0.5067829,1.4144535,-1.4877319e-06,1.5025005340576172,1.128137170012796e-08,3.99351115846774e-05,1.914836259584565,0.0,0.0,0.0
2664,24,-305.26212,451.59262,-0.011138077,-0.50485796,1.4090807,-1.0585785e-06,1.496793270111084,1.128137170012796e-08,3.99351115846774e-05,1.914836259584565,0.0,0.0,0.0
2665,24,-305.2884,451.66586,-0.011138115,-0.50294036,1.4037287,-1.6069412e-06,1.4911081790924072,1.128137170012796e-08,3.99351115846774e-05,1.914836259584565,0.0,0.0,0.0
2666,24,-305.3145,451.73877,-0.0111381905,-0.50103015,1.3983973,-1.6260146e-06,1.4854447841644287,1.128137170012796e-08,3.99351115846774e-05,1.914836259584565,0.0,0.0,0.0
2667,24,-305.34058,451.81146,-0.011138229,-0.4991274,1.3930866,-6.818771e-07,1.479803442955017,1.128137170012796e-08,3.99351115846774e-05,1.914836259584565,0.0,0.0,0.0
2668,24,-305.3665,451.88394,-0.011138305,-0.49723318,1.3877996,-1.1873245e-06,1.4741874933242798,1.128137170012796e-08,3.99351115846774e-05,1.914836259584565,0.0,0.0,0.0
2669,25,-305.39236,451.9561,-0.011138343,-0.49534547,1.3825309,-1.2493133e-06,1.4685907363891602,1.128137170012796e-08,3.99351115846774e-05,1.914836259584565,0.0,0.0,0.0
2670,25,-305.41812,452.02798,-0.01113842,-0.49346575,1.3772848,-7.6770783e-07,1.4630179405212402,1.128137170012796e-08,3.99351115846774e-05,1.914836259584565,0.0,0.0,0.0
2671,25,-305.4438,452.09967,-0.01113842,-0.49159393,1.3720608,-3.0994414e-07,1.457468867301941,1.128137170012796e-08,3.99351115846774e-05,1.914836259584565,0.0,0.0,0.0
2672,25,-305.46936,452.17102,-0.011138496,-0.48972934,1.3668563,-3.9577483e-07,1.4519405364990234,1.128137170012796e-08,3.99351115846774e-05,1.914836259584565,0.0,0.0,0.0
2673,25,-305.49484,452.24213,-0.011138572,-0.48787218,1.361673,-1.3542175e-06,1.446434497833252,1.128137170012796e-08,3.99351115846774e-05,1.914836259584565,0.0,0.0,0.0
2674,25,-305.52023,452.31305,-0.011138649,-0.4860222,1.3565098,9.5367426e-08,1.44094979763031,1.128137170012796e-08,3.99351115846774e-05,1.914836259584565,0.0,0.0,0.0
2675,25,-305.54553,452.38364,-0.011138649,-0.4841799,1.3513671,3.33786e-08,1.435487151145935,8.825735682872419e-09,3.838538963571239e-05,1.914836259584565,0.0,0.0,0.0
2676,25,-305.57074,452.454,-0.011138725,-0.4823448,1.3462455,-4.5776366e-07,1.4300466775894165,8.825735682872419e-09,3.838538963571239e-05,1.914836259584565,0.0,0.0,0.0
2677,25,-305.59586,452.52414,-0.011138763,-0.48051724,1.341145,5.0544736e-07,1.4246286153793335,8.825735682872419e-09,3.838538963571239e-05,1.914836259584565,0.0,0.0,0.0
2678,25,-305.6209,452.59393,-0.011138801,-0.4786966,1.3360635,5.38826e-07,1.4192308187484741,8.825735682872419e-09,3.838538963571239e-05,1.914836259584565,0.0,0.0,0.0
2679,25,-305.6458,452.66354,-0.011138916,-0.47688383,1.331004,4.863739e-07,1.4138563871383667,8.825735682872419e-09,3.838538963571239e-05,1.914836259584565,0.0,0.0,0.0
2680,25,-305.6707,452.73288,-0.011138916,-0.47507823,1.3259647,3.8146972e-08,1.4085034132003784,8.825735682872419e-09,3.838538963571239e-05,1.914836259584565,0.0,0.0,0.0
2681,25,-305.69543,452.80194,-0.011138992,-0.47327936,1.3209437,1.4686584e-06,1.403169870376587,8.825735682872419e-09,3.838538963571239e-05,1.914836259584565,0.0,0.0,0.0
2682,25,-305.72012,452.87085,-0.011139031,-0.47148833,1.3159448,4.816055e-07,1.397859811782837,8.825735682872419e-09,3.838538963571239e-05,1.914836259584565,0.0,0.0,0.0
2683,25,-305.7447,452.9394,-0.011139107,-0.46970463,1.3109661,4.7683716e-07,1.392571210861206,8.825735682872419e-09,3.838538963571239e-05,1.914836259584565,0.0,0.0,0.0
2684,25,-305.7692,453.00775,-0.011139144,-0.46792707,1.3060052,1.5211104e-06,1.3873015642166138,8.825735682872419e-09,3.838538963571239e-05,1.914836259584565,0.0,0.0,0.0
2685,25,-305.79358,453.07593,-0.011139182,-0.46615717,1.3010653,1.4305115e-06,1.382054090499878,8.825735682872419e-09,3.838538963571239e-05,1.914836259584565,0.0,0.0,0.0
2686,25,-305.8179,453.14374,-0.011139221,-0.46439517,1.2961475,5.00679e-07,1.3768301010131836,8.825735682872419e-09,3.838538963571239e-05,1.914836259584565,0.0,0.0,0.0
2687,25,-305.84213,453.2114,-0.011139335,-0.46263927,1.2912463,1.4400482e-06,1.3716238737106323,8.825735682872419e-09,3.838538963571239e-05,1.914836259584565,0.0,0.0,0.0
2688,25,-305.86627,453.27878,-0.011139373,-0.46089062,1.286366,1.4686584e-06,1.3664398193359375,8.825735682872419e-09,3.838538963571239e-05,1.914836259584565,0.0,0.0,0.0
2689,25,-305.89035,453.3459,-0.0111394115,-0.45914942,1.2815063,1.4543533e-06,1.3612775802612305,0.0,3.6239622033656635e-05,1.914836259584565,0.0,0.0,0.0
2690,25,-305.91428,453.41284,-0.01113945,-0.45741472,1.2766649,2.2172928e-06,1.3561347723007202,0.0,3.6239622033656635e-05,1.914836259584565,0.0,0.0,0.0
2691,25,-305.93817,453.47943,-0.011139488,-0.45568684,1.2718424,2.4318695e-06,1.351012110710144,0.0,3.6239622033656635e-05,1.914836259584565,0.0,0.0,0.0
2692,25,-305.9619,453.54584,-0.011139564,-0.45396742,1.2670435,1.4781951e-06,1.345914363861084,0.0,3.6239622033656635e-05,1.914836259584565,0.0,0.0,0.0
2693,25,-305.98566,453.61206,-0.011139602,-0.45225334,1.2622591,2.4175642e-06,1.340832233428955,0.0,3.6239622033656635e-05,1.914836259584565,0.0,0.0,0.0
2694,25,-306.00928,453.67792,-0.011139641,-0.45054674,1.2574958,2.4461747e-06,1.3357723951339722,0.0,3.6239622033656635e-05,1.914836259584565,0.0,0.0,0.0
2695,25,-306.0328,453.74362,-0.011139679,-0.44884753,1.2527531,2.4080275e-06,1.3307346105575562,0.0,3.6239622033656635e-05,1.914836259584565,0.0,0.0,0.0
2696,26,-306.05627,453.80905,-0.011139717,-0.44715434,1.2480276,2.4223327e-06,1.3257148265838623,0.0,3.6239622033656635e-05,1.914836259584565,0.0,0.0,0.0
2697,26,-306.0796,453.8743,-0.011139793,-0.44546798,1.2433208,3.376007e-06,1.320715069770813,0.0,3.6239622033656635e-05,1.914836259584565,0.0,0.0,0.0
2698,26,-306.10294,453.93933,-0.01113987,-0.44378936,1.2386359,2.4318695e-06,1.315738558769226,0.0,3.6239622033656635e-05,1.914836259584565,0.0,0.0,0.0
2699,26,-306.1261,454.00403,-0.011139946,-0.4421166,1.2339671,3.4189225e-06,1.310779094696045,0.0,3.6239622033656635e-05,1.914836259584565,0.0,0.0,0.0
2700,26,-306.14923,454.06857,-0.011139908,-0.4404507,1.2293174,3.33786e-06,1.305840015411377,0.0,3.6239622033656635e-05,1.914836259584565,0.0,0.0,0.0
2701,26,-306.17227,454.13284,-0.011139984,-0.4387928,1.2246902,2.2172928e-06,1.3009247779846191,0.0,3.6239622033656635e-05,1.914836259584565,0.0,0.0,0.0
2702,26,-306.19522,454.1969,-0.011140022,-0.43714064,1.2200788,2.503395e-06,1.296026349067688,0.0,3.6239622033656635e-05,1.914836259584565,0.0,0.0,0.0
2703,26,-306.2181,454.26077,-0.011140061,-0.4354946,1.2154849,2.8848647e-06,1.2911463975906372,0.0,3.6239622033656635e-05,1.914836259584565,0.0,0.0,0.0
2704,26,-306.24084,454.32434,-0.011140136,-0.43385676,1.2109133,2.2125244e-06,1.2862902879714966,5.2386894426016206e-09,3.468990008469163e-05,1.914836259584565,0.0,0.0,0.0
2705,26,-306.2636,454.38776,-0.011140136,-0.43222412,1.2063562,2.5367735e-06,1.281449556350708,5.2386894426016206e-09,3.468990008469163e-05,1.914836259584565,0.0,0.0,0.0
2706,26,-306.2862,454.45084,-0.011140212,-0.43059874,1.2018199,2.427101e-06,1.2766308784484863,5.2386894426016206e-09,3.468990008469163e-05,1.914836259584565,0.0,0.0,0.0
2707,26,-306.30875,454.5138,-0.011140251,-0.42898014,1.1973026,2.1886824e-06,1.2718323469161987,5.2386894426016206e-09,3.468990008469163e-05,1.914836259584565,0.0,0.0,0.0
2708,26,-306.3312,454.57648,-0.011140289,-0.4273672,1.1928006,2.5987624e-06,1.2670501470565796,5.2386894426016206e-09,3.468990008469163e-05,1.914836259584565,0.0,0.0,0.0
2709,26,-306.35358,454.63895,-0.011140365,-0.42576203,1.1883203,2.3984908e-06,1.2622909545898438,5.2386894426016206e-09,3.468990008469163e-05,1.914836259584565,0.0,0.0,0.0
2710,26,-306.37592,454.70123,-0.0111404415,-0.42416275,1.183857,1.7261505e-06,1.25754976272583,5.2386894426016206e-09,3.468990008469163e-05,1.914836259584565,0.0,0.0,0.0
2711,26,-306.3981,454.76324,-0.0111404415,-0.42256996,1.1794113,2.6369094e-06,1.2528274059295654,5.2386894426016206e-09,3.468990008469163e-05,1.914836259584565,0.0,0.0,0.0
2712,26,-306.42026,454.8251,-0.01114048,-0.42098412,1.1749855,2.3937225e-06,1.2481260299682617,5.2386894426016206e-09,3.468990008469163e-05,1.914836259584565,0.0,0.0,0.0
2713,26,-306.44232,454.88666,-0.011140556,-0.41940406,1.1705751,2.2792815e-06,1.243441104888916,5.2386894426016206e-09,3.468990008469163e-05,1.914836259584565,0.0,0.0,0.0
2714,26,-306.4643,454.94803,-0.011140594,-0.4178313,1.1661856,2.1409987e-06,1.2387783527374268,5.2386894426016206e-09,3.468990008469163e-05,1.914836259584565,0.0,0.0,0.0
2715,26,-306.48627,455.00916,-0.011140556,-0.41619152,1.1616088,1.1730194e-06,1.2339167594909668,5.2386894426016206e-09,3.468990008469163e-05,1.914836259584565,0.0,0.0,0.0
2716,26,-306.50803,455.07004,-0.011140289,-0.41453716,1.1569915,1.926422e-06,1.2290118932724,5.2386894426016206e-09,3.468990008469163e-05,1.914836259584565,0.0,0.0,0.0
2717,26,-306.52982,455.13077,-0.011140251,-0.4129234,1.1524875,2.5939942e-06,1.2242276668548584,5.2386894426016206e-09,3.468990008469163e-05,1.914836259584565,0.0,0.0,0.0
2718,26,-306.55145,455.19116,-0.011140289,-0.41133258,1.1480477,1.9359588e-06,1.2195113897323608,5.2386894426016206e-09,3.468990008469163e-05,1.914836259584565,0.0,0.0,0.0
2719,26,-306.57303,455.2514,-0.011140403,-0.40975687,1.1436496,2.155304e-06,1.2148395776748657,5.2386894426016206e-09,3.468990008469163e-05,1.914836259584565,0.0,0.0,0.0
2720,26,-306.5945,455.31137,-0.01114048,-0.40819305,1.1392846,2.3078917e-06,1.210202932357788,5.2386894426016206e-09,3.468990008469163e-05,1.914836259584565,0.0,0.0,0.0
2721,26,-306.6159,455.37112,-0.011140594,-0.4066383,1.1349452,1.9979477e-06,1.2055933475494385,5.2386894426016206e-09,3.468990008469163e-05,1.914836259584565,0.0,0.0,0.0
2722,26,-306.6373,455.4307,-0.011140671,-0.40509132,1.1306278,1.7404556e-06,1.2010071277618408,5.2386894426016206e-09,3.468990008469163e-05,1.914836259584565,0.0,0.0,0.0
2723,26,-306.65854,455.49008,-0.011140785,-0.4035514,1.1263299,2.4366377e-06,1.1964417695999146,5.2386894426016206e-09,3.468990008469163e-05,1.914836259584565,0.0,0.0,0.0
2724,26,-306.67972,455.54926,-0.011140862,-0.40201846,1.1220515,2.2029876e-06,1.191896915435791,2.2300809870625413e-09,3.3020970630573006e-05,1.914836259584565,0.0,0.0,0.0
2725,26,-306.70087,455.60815,-0.011140938,-0.40049234,1.117792,2.026558e-06,1.1873723268508911,2.2300809870625413e-09,3.3020970630573006e-05,1.914836259584565,0.0,0.0,0.0
2726,27,-306.72186,455.66693,-0.011140976,-0.3989727,1.1135504,1.8167495e-06,1.1828666925430298,2.2300809870625413e-09,3.3020970630573006e-05,1.914836259584565,0.0,0.0,0.0
2727,27,-306.74286,455.72537,-0.011141052,-0.3974595,1.109327,1.5974044e-06,1.1783804893493652,2.2300809870625413e-09,3.3020970630573006e-05,1.914836259584565,0.0,0.0,0.0
2728,27,-306.76373,455.78375,-0.011141128,-0.39595172,1.1051186,1.4543533e-06,1.173910140991211,2.2300809870625413e-09,3.3020970630573006e-05,1.914836259584565,0.0,0.0,0.0
2729,27,-306.78455,455.84174,-0.011141166,-0.39445007,1.1009275,2.2363663e-06,1.169458031654358,2.2300809870625413e-09,3.3020970630573006e-05,1.914836259584565,0.0,0.0,0.0
2730,27,-306.80533,455.8997,-0.011141204,-0.39295596,1.0967573,1.335144e-06,1.1650283336639404,2.2300809870625413e-09,3.3020970630573006e-05,1.914836259584565,0.0,0.0,0.0
2731,27,-306.82596,455.9573,-0.011141242,-0.391466,1.0925988,1.9025803e-06,1.1606109142303467,2.2300809870625413e-09,3.3020970630573006e-05,1.914836259584565,0.0,0.0,0.0
2732,27,-306.84656,456.0148,-0.011141281,-0.38998324,1.0884606,1.7976761e-06,1.1562150716781616,2.2300809870625413e-09,3.3020970630573006e-05,1.914836259584565,0.0,0.0,0.0
2733,27,-306.8671,456.07202,-0.011141357,-0.38850656,1.0843391,1.1253356e-06,1.1518371105194092,2.2300809870625413e-09,3.3020970630573006e-05,1.914836259584565,0.0,0.0,0.0
2734,27,-306.88748,456.1291,-0.011141395,-0.3870347,1.0802312,2.4700164e-06,1.1474734544754028,2.2300809870625413e-09,3.3020970630573006e-05,1.914836259584565,0.0,0.0,0.0
2735,27,-306.9079,456.1859,-0.011141433,-0.3855708,1.0761454,1.3256073e-06,1.143133282661438,2.2300809870625413e-09,3.3020970630573006e-05,1.914836259584565,0.0,0.0,0.0
2736,27,-306.92816,456.2426,-0.011141472,-0.38411108,1.072071,1.1777878e-06,1.1388052701950073,2.2300809870625413e-09,3.3020970630573006e-05,1.914836259584565,0.0,0.0,0.0
2737,27,-306.9484,456.29904,-0.01114151,-0.3826583,1.0680159,1.9693375e-06,1.134497880935669,2.2300809870625413e-09,3.3020970630573006e-05,1.914836259584565,0.0,0.0,0.0
2738,27,-306.9686,456.35526,-0.011141586,-0.38121104,1.0639768,1.8548965e-06,1.1302073001861572,2.2300809870625413e-09,3.3020970630573006e-05,1.914836259584565,0.0,0.0,0.0
2739,27,-306.98862,456.41132,-0.011141624,-0.37977007,1.059955,1.7309188e-06,1.1259351968765259,0.0,3.087520506034791e-05,1.914836259584565,0.0,0.0,0.0
2740,27,-307.00864,456.46713,-0.0111416625,-0.37833488,1.0559494,8.34465e-07,1.1216802597045898,0.0,3.087520506034791e-05,1.914836259584565,0.0,0.0,0.0
2741,27,-307.0286,456.5228,-0.011141701,-0.3769048,1.051958,1.9741058e-06,1.1174402236938477,0.0,3.087520506034791e-05,1.914836259584565,0.0,0.0,0.0
2742,27,-307.04843,456.57825,-0.011141739,-0.3754818,1.0479866,1.3065338e-06,1.1132217645645142,0.0,3.087520506034791e-05,1.914836259584565,0.0,0.0,0.0
2743,27,-307.06827,456.6335,-0.011141815,-0.37406313,1.044027,2.222061e-06,1.1090155839920044,0.0,3.087520506034791e-05,1.914836259584565,0.0,0.0,0.0
2744,27,-307.08798,456.68854,-0.011141815,-0.37265226,1.0400891,1.0633469e-06,1.104832649230957,0.0,3.087520506034791e-05,1.914836259584565,0.0,0.0,0.0
2745,27,-307.1076,456.74344,-0.011141853,-0.37124512,1.0361615,1.3971328e-06,1.1006605625152588,0.0,3.087520506034791e-05,1.914836259584565,0.0,0.0,0.0
2746,27,-307.12723,456.79807,-0.011141892,-0.36984542,1.0322547,1.7261505e-06,1.0965105295181274,0.0,3.087520506034791e-05,1.914836259584565,0.0,0.0,0.0
2747,27,-307.14673,456.85257,-0.01114193,-0.36844996,1.0283602,1.6069412e-06,1.0923736095428467,0.0,3.087520506034791e-05,1.914836259584565,0.0,0.0,0.0
2748,27,-307.16617,456.90683,-0.011141968,-0.3670615,1.0244849,1.4781951e-06,1.088257074356079,0.0,3.087520506034791e-05,1.914836259584565,0.0,0.0,0.0
2749,27,-307.1856,456.96094,-0.011142043,-0.36567828,1.0206243,3.2424927e-07,1.0841561555862427,0.0,3.087520506034791e-05,1.914836259584565,0.0,0.0,0.0
2750,27,-307.20486,457.0148,-0.011142082,-0.36430007,1.0167774,2.1457672e-06,1.0800697803497314,0.0,3.087520506034791e-05,1.914836259584565,0.0,0.0,0.0
2751,27,-307.2241,457.0685,-0.01114212,-0.36292827,1.0129489,9.918213e-07,1.0760029554367065,0.0,3.087520506034791e-05,1.914836259584565,0.0,0.0,0.0
2752,27,-307.24332,457.122,-0.011142196,-0.36156166,1.0091343,1.9168854e-06,1.071950912475586,0.0,3.087520506034791e-05,1.914836259584565,0.0,0.0,0.0
2753,27,-307.26236,457.17535,-0.011142196,-0.36020115,1.0053372,7.1525574e-07,1.0679175853729248,0.0,3.087520506034791e-05,1.914836259584565,0.0,0.0,0.0
2754,27,-307.2814,457.22845,-0.011142196,-0.35884562,1.0015544,1.6450881e-06,1.0638991594314575,0.0,3.087520506034791e-05,1.914836259584565,0.0,0.0,0.0
2755,27,-307.3004,457.2814,-0.0111422725,-0.3574963,0.9977884,9.012222e-07,1.0598987340927124,0.0,3.087520506034791e-05,1.914836259584565,0.0,0.0,0.0
2756,27,-307.31927,457.33417,-0.011142311,-0.3561518,0.9940353,1.282692e-06,1.0559120178222656,0.0,3.087520506034791e-05,1.914836259584565,0.0,0.0,0.0
2757,27,-307.3381,457.38672,-0.011142349,-0.3548137,0.9903006,1.0967254e-06,1.0519448518753052,2.465639906179891e-09,2.9325483111382904e-05,1.914836259584565,0.0,0.0,0.0
2758,27,-307.3569,457.43912,-0.011142425,-0.3534805,0.98657936,1.0156631e-06,1.0479921102523804,2.465639906179891e-09,2.9325483111382904e-05,1.914836259584565,0.0,0.0,0.0
2759,27,-307.37555,457.49127,-0.011142425,-0.35215297,0.9828743,8.34465e-07,1.0440562963485718,2.465639906179891e-09,2.9325483111382904e-05,1.914836259584565,0.0,0.0,0.0
2760,28,-307.39423,457.54333,-0.011142425,-0.3508306,0.97918326,1.2350082e-06,1.0401356220245361,2.465639906179891e-09,2.9325483111382904e-05,1.914836259584565,0.0,0.0,0.0
2761,28,-307.4128,457.59515,-0.011142502,-0.34951404,0.9755091,1.0156631e-06,1.036232590675354,2.465639906179891e-09,2.9325483111382904e-05,1.914836259584565,0.0,0.0,0.0
2762,28,-307.43127,457.64682,-0.01114254,-0.3482023,0.9718481,1.3494491e-06,1.0323436260223389,2.465639906179891e-09,2.9325483111382904e-05,1.914836259584565,0.0,0.0,0.0
2763,28,-307.4497,457.69824,-0.011142578,-0.3468969,0.96820486,1.1587142e-06,1.0284736156463623,2.465639906179891e-09,2.9325483111382904e-05,1.914836259584565,0.0,0.0,0.0
2764,28,-307.4681,457.74957,-0.011142654,-0.34559646,0.9645749,5.674362e-07,1.0246177911758423,2.465639906179891e-09,2.9325483111382904e-05,1.914836259584565,0.0,0.0,0.0
2765,28,-307.4864,457.80063,-0.0111426925,-0.34430128,0.96096027,8.6307523e-07,1.0207781791687012,2.465639906179891e-09,2.9325483111382904e-05,1.914836259584565,0.0,0.0,0.0
2766,28,-307.50464,457.8516,-0.011142731,-0.34301192,0.95736164,-2.6226044e-07,1.0169554948806763,2.465639906179891e-09,2.9325483111382904e-05,1.914836259584565,0.0,0.0,0.0
2767,28,-307.52286,457.90228,-0.011142731,-0.34172714,0.95377547,5.38826e-07,1.013146162033081,2.465639906179891e-09,2.9325483111382904e-05,1.914836259584565,0.0,0.0,0.0
2768,28,-307.54092,457.95288,-0.011142769,-0.3404476,0.95020443,3.814697e-07,1.0093528032302856,2.465639906179891e-09,2.9325483111382904e-05,1.914836259584565,0.0,0.0,0.0
2769,28,-307.559,458.00327,-0.011142807,-0.33917385,0.94664884,6.866455e-07,1.0055758953094482,2.465639906179891e-09,2.9325483111382904e-05,1.914836259584565,0.0,0.0,0.0
2770,28,-307.57706,458.05347,-0.011142883,-0.33790523,0.9431085,3.8146972e-08,1.0018151998519897,2.465639906179891e-09,2.9325483111382904e-05,1.914836259584565,0.0,0.0,0.0
2771,28,-307.59494,458.10355,-0.011149635,-0.35872927,1.0012292,0.00011571407,1.0635536909103394,0.0,2.5629995592192802e-05,1.914836259584565,0.0,0.0,0.0
2772,28,-307.6127,458.15317,-0.011149749,-0.35239136,0.98353964,0.00016139507,1.0447630882263184,0.0,2.8848646995276438e-05,1.914836259584565,0.0,0.0,0.0
2773,28,-307.63043,458.2027,-0.011150779,-0.36006314,1.0049521,0.00017247199,1.067508339881897,0.0,2.5629995592192802e-05,1.914836259584565,0.0,0.0,0.0
2774,28,-307.648,458.25168,-0.011146507,-0.3352347,0.9356548,0.00016461848,0.993897557258606,1.22054178788524e-09,3.2424924977482256e-05,1.914836259584565,0.0,0.0,0.0
2775,28,-307.66553,458.30066,-0.011151924,-0.3503213,0.97776204,0.00026772975,1.0386258363723755,0.0,3.039836691241078e-05,1.914836259584565,0.0,0.0,0.0
2776,28,-307.68304,458.34952,-0.011151008,-0.36103523,1.007665,0.00021348476,1.0703903436660767,-9.094946518360097e-13,2.3484227990137044e-05,1.914836259584565,0.0,0.0,0.0
2777,28,-307.70032,458.39777,-0.011152344,-0.34837958,0.9723427,0.00030052662,1.0328692197799683,0.0,2.9802321259320033e-05,1.914836259584565,0.0,0.0,0.0
2778,28,-307.71765,458.44604,-0.011148644,-0.3418481,0.954113,0.0002321291,1.0135047435760498,0.0,2.9802321259320033e-05,1.914836259584565,0.0,0.0,0.0
2779,28,-307.73486,458.49408,-0.011152687,-0.34493798,0.9627375,-0.0013870192,1.0226669311523438,0.0,2.9802321259320033e-05,1.914836259584565,0.0,0.0,0.0
2780,28,-307.75204,458.54205,-0.011150016,-0.3461179,0.9660307,0.00024799822,1.026164174079895,0.0,2.5033949939102056e-05,1.914836259584565,0.0,0.0,0.0
2781,28,-307.7691,458.58963,-0.011145057,-0.32420388,0.90486705,0.00018754005,0.961193323135376,0.0,2.9325483111382904e-05,1.914836259584565,0.0,0.0,0.0
2782,28,-307.78616,458.6373,-0.0111510465,-0.34295008,0.9571886,0.000249424,1.0167717933654785,-9.094946518360097e-13,2.181529853601842e-05,1.914836259584565,0.0,0.0,0.0
2783,28,-307.80313,458.68472,-0.011154747,-0.3402327,0.94960445,0.00032412529,1.0087155103683472,-9.094946518360097e-13,2.181529853601842e-05,1.914836259584565,0.0,0.0,0.0
2784,28,-307.8201,458.73203,-0.011150475,-0.33614254,0.9381883,0.00022982596,0.9965887665748596,0.0,1.9669530933962662e-05,1.914836259584565,0.0,0.0,0.0
2785,28,-307.83707,458.7793,-0.011153412,-0.33793455,0.94319004,0.0002755451,1.0019018650054932,0.0,1.7642974900721855e-05,1.914836259584565,0.0,0.0,0.0
2786,28,-307.85394,458.82645,-0.0111551285,-0.33728415,0.9413745,0.000308156,0.9999732971191406,0.0,1.7642974900721855e-05,1.914836259584565,0.0,0.0,0.0
2787,28,-307.87073,458.87335,-0.011196022,-0.33642244,0.93897015,-0.0006373644,0.9974193572998047,0.0,1.7642974900721855e-05,1.914836259584565,0.0,0.0,0.0
2788,28,-307.88754,458.92023,-0.01121418,-0.335352,0.93598247,-0.0001883316,0.9942455291748047,0.0,1.7642974900721855e-05,1.914836259584565,0.0,0.0,0.0
2789,28,-307.90433,458.96698,-0.011217117,-0.33424026,0.9328792,1.1558533e-05,0.9909491539001465,0.0,1.7642974900721855e-05,1.914836259584565,0.0,0.0,0.0
2790,28,-307.92096,459.01346,-0.011213722,-0.33310732,0.9297176,8.953571e-05,0.9875906705856323,0.0,1.7642974900721855e-05,1.914836259584565,0.0,0.0,0.0
2791,28,-307.93756,459.05994,-0.011208343,-0.33196506,0.9265291,0.000107002255,0.9842037558555603,0.0,1.7642974900721855e-05,1.914836259584565,0.0,0.0,0.0
2792,28,-307.95416,459.1061,-0.011202965,-0.3308192,0.9233309,9.8357195e-05,0.9808064699172974,0.0,1.7642974900721855e-05,1.914836259584565,0.0,0.0,0.0
2793,28,-307.9707,459.15222,-0.011198348,-0.3296733,0.9201325,8.131027e-05,0.9774090051651001,0.0,1.7642974900721855e-05,1.914836259584565,0.0,0.0,0.0
2794,28,-307.9871,459.19815,-0.011194686,-0.32852894,0.91693884,6.429672e-05,0.9740164875984192,0.0,1.7642974900721855e-05,1.914836259584565,0.0,0.0,0.0
2795,28,-308.0035,459.24387,-0.011191864,-0.32738754,0.9137528,4.8084257e-05,0.9706321954727173,0.0,1.7642974900721855e-05,1.914836259584565,0.0,0.0,0.0
2796,28,-308.01993,459.28955,-0.011189765,-0.32624933,0.91057616,3.460884e-05,0.9672577381134033,0.0,1.9669530933962662e-05,1.914836259584565,0.0,0.0,0.0
2797,28,-308.03613,459.3349,-0.011188354,-0.32511482,0.90741,2.5072097e-05,0.9638944864273071,0.0,1.9669530933962662e-05,1.914836259584565,0.0,0.0,0.0
2798,28,-308.05234,459.38022,-0.011187286,-0.32398406,0.9042542,1.7910002e-05,0.9605422019958496,0.0,1.9669530933962662e-05,1.914836259584565,0.0,0.0,0.0
2799,29,-308.06854,459.42538,-0.011186523,-0.32285747,0.9011092,1.2331008e-05,0.9572015404701233,0.0,1.9669530933962662e-05,1.914836259584565,0.0,0.0,0.0
2800,29,-308.08466,459.4703,-0.0111861415,-0.3217346,0.8979752,9.360313e-06,0.9538724422454834,0.0,1.9669530933962662e-05,1.914836259584565,0.0,0.0,0.0
2801,29,-308.10068,459.51523,-0.011185761,-0.32061538,0.8948519,6.055832e-06,0.9505546689033508,0.0,1.9669530933962662e-05,1.914836259584565,0.0,0.0,0.0
2802,29,-308.1167,459.55978,-0.011185493,-0.31950024,0.89173913,3.8051605e-06,0.9472481608390808,0.0,1.9669530933962662e-05,1.914836259584565,0.0,0.0,0.0
2803,29,-308.13272,459.60434,-0.011185417,-0.3183888,0.88863707,2.9850005e-06,0.9439529776573181,0.0,1.9669530933962662e-05,1.914836259584565,0.0,0.0,0.0
2804,29,-308.14853,459.6487,-0.011185379,-0.3172813,0.88554597,3.9339066e-06,0.9406694769859314,0.0,1.9669530933962662e-05,1.914836259584565,0.0,0.0,0.0
2805,29,-308.16434,459.69284,-0.011185341,-0.31617758,0.88246524,2.8133393e-06,0.9373970031738281,0.0,1.9669530933962662e-05,1.914836259584565,0.0,0.0,0.0
2806,29,-308.18018,459.73697,-0.011185341,-0.3150777,0.8793956,3.390312e-06,0.9341362714767456,0.0,1.9669530933962662e-05,1.914836259584565,0.0,0.0,0.0
2807,29,-308.1959,459.78076,-0.011185302,-0.3139816,0.87633675,3.2138823e-06,0.93088698387146,0.0,1.9669530933962662e-05,1.914836259584565,0.0,0.0,0.0
2808,29,-308.21152,459.82452,-0.011185341,-0.31288955,0.8732889,2.4557114e-06,0.9276493787765503,0.0,1.9669530933962662e-05,1.914836259584565,0.0,0.0,0.0
2809,29,-308.22714,459.86816,-0.011185379,-0.31180137,0.8702516,3.0088424e-06,0.9244230389595032,0.0,1.9669530933962662e-05,1.914836259584565,0.0,0.0,0.0
2810,29,-308.24277,459.9115,-0.011185341,-0.310717,0.86722493,3.027916e-06,0.9212079644203186,0.0,1.9669530933962662e-05,1.914836259584565,0.0,0.0,0.0
2811,29,-308.2582,459.95486,-0.011185341,-0.30963632,0.8642085,2.9134749e-06,0.9180038571357727,0.0,1.9669530933962662e-05,1.914836259584565,0.0,0.0,0.0
2812,29,-308.27365,459.99796,-0.011185379,-0.30855936,0.8612029,3.6096571e-06,0.9148110747337341,0.0,1.9669530933962662e-05,1.914836259584565,0.0,0.0,0.0
2813,29,-308.28906,460.04092,-0.011185379,-0.30748624,0.8582075,2.5939942e-06,0.911629319190979,0.0,1.9669530933962662e-05,1.914836259584565,0.0,0.0,0.0
2814,29,-308.30444,460.08386,-0.011185417,-0.30641675,0.85522276,3.0899048e-06,0.9084587097167969,0.0,1.9669530933962662e-05,1.914836259584565,0.0,0.0,0.0
2815,29,-308.31967,460.12643,-0.011185417,-0.30535105,0.8522482,2.8324127e-06,0.9052990078926086,0.0,1.9669530933962662e-05,1.914836259584565,0.0,0.0,0.0
2816,29,-308.3349,460.169,-0.011185493,-0.30428898,0.8492839,2.5701522e-06,0.9021500945091248,0.0,1.9669530933962662e-05,1.914836259584565,0.0,0.0,0.0
2817,29,-308.35016,460.2114,-0.011185493,-0.30323055,0.84632987,3.5429e-06,0.8990122675895691,0.0,1.9669530933962662e-05,1.914836259584565,0.0,0.0,0.0
2818,29,-308.36526,460.25357,-0.0111855315,-0.30217585,0.8433861,3.4999846e-06,0.8958852887153625,0.0,1.9669530933962662e-05,1.914836259584565,0.0,0.0,0.0
2819,29,-308.3803,460.29578,-0.01118557,-0.30112478,0.8404525,2.4986266e-06,0.8927690386772156,0.0,1.9669530933962662e-05,1.914836259584565,0.0,0.0,0.0
2820,29,-308.39536,460.33765,-0.01118557,-0.30007756,0.8375299,3.4618377e-06,0.8896644711494446,0.0,1.9669530933962662e-05,1.914836259584565,0.0,0.0,0.0
2821,29,-308.41037,460.37946,-0.011185608,-0.29903403,0.8346172,3.4427642e-06,0.8865705132484436,0.0,1.9669530933962662e-05,1.914836259584565,0.0,0.0,0.0
2822,29,-308.42523,460.42117,-0.011185608,-0.2979941,0.83171475,3.352165e-06,0.8834874033927917,0.0,1.9669530933962662e-05,1.914836259584565,0.0,0.0,0.0
2823,29,-308.4401,460.46255,-0.011185608,-0.2969578,0.8288224,2.3984908e-06,0.8804149031639099,0.0,1.9669530933962662e-05,1.914836259584565,0.0,0.0,0.0
2824,29,-308.45493,460.50397,-0.011185608,-0.29592505,0.8259399,2.1648407e-06,0.8773530125617981,0.0,1.9669530933962662e-05,1.914836259584565,0.0,0.0,0.0
2825,29,-308.46976,460.5452,-0.011185684,-0.29489595,0.82306767,2.9563903e-06,0.8743020296096802,0.0,1.9669530933962662e-05,1.914836259584565,0.0,0.0,0.0
2826,29,-308.4844,460.5862,-0.011185722,-0.29387045,0.8202053,1.7786026e-06,0.871261477470398,0.0,1.9669530933962662e-05,1.914836259584565,0.0,0.0,0.0
2827,29,-308.49905,460.62723,-0.011185722,-0.2928485,0.81735283,1.5926361e-06,0.868231475353241,0.0,1.9669530933962662e-05,1.914836259584565,0.0,0.0,0.0
2828,29,-308.5137,460.66797,-0.011185761,-0.29182997,0.8145102,2.3937225e-06,0.8652119040489197,0.0,1.9669530933962662e-05,1.914836259584565,0.0,0.0,0.0
2829,29,-308.52832,460.7086,-0.011185761,-0.29081511,0.81167763,2.2029876e-06,0.8622030019760132,0.0,1.9669530933962662e-05,1.914836259584565,0.0,0.0,0.0
2830,29,-308.54276,460.7492,-0.011185799,-0.28980368,0.80885476,1.5449524e-06,0.8592044115066528,0.0,1.9669530933962662e-05,1.914836259584565,0.0,0.0,0.0
2831,29,-308.55722,460.78943,-0.011185799,-0.2887959,0.8060416,1.3828277e-06,0.8562161922454834,0.0,1.9669530933962662e-05,1.914836259584565,0.0,0.0,0.0
2832,29,-308.5717,460.82968,-0.011185837,-0.28779137,0.8032383,2.1886824e-06,0.8532382845878601,0.0,1.7642974900721855e-05,1.914836259584565,0.0,0.0,0.0
2833,29,-308.58606,460.86984,-0.011185837,-0.28679067,0.8004453,1.5544891e-06,0.850271463394165,0.0,1.7642974900721855e-05,1.914836259584565,0.0,0.0,0.0
2834,29,-308.6003,460.90967,-0.011185912,-0.28579333,0.797662,2.1600722e-06,0.8473148941993713,0.0,1.7642974900721855e-05,1.914836259584565,0.0,0.0,0.0
2835,29,-308.61456,460.94952,-0.011185951,-0.28479967,0.7948885,2.2935867e-06,0.8443687558174133,0.0,1.7642974900721855e-05,1.914836259584565,0.0,0.0,0.0
2836,29,-308.6288,460.9892,-0.011185951,-0.2838094,0.79212445,1.707077e-06,0.8414326310157776,0.0,1.7642974900721855e-05,1.914836259584565,0.0,0.0,0.0
2837,29,-308.643,461.02866,-0.011185989,-0.28282246,0.78936994,1.6403197e-06,0.8385066986083984,0.0,1.7642974900721855e-05,1.914836259584565,0.0,0.0,0.0
2838,29,-308.65707,461.0681,-0.011185989,-0.28183913,0.78662515,2.2172928e-06,0.8355910778045654,0.0,1.7642974900721855e-05,1.914836259584565,0.0,0.0,0.0
2839,29,-308.6711,461.10736,-0.011186065,-0.28085908,0.78388983,1.3923644e-06,0.8326854109764099,0.0,1.7642974900721855e-05,1.914836259584565,0.0,0.0,0.0
2840,29,-308.68518,461.14642,-0.011186065,-0.27988243,0.78116417,1.5544891e-06,0.8297901153564453,0.0,1.7642974900721855e-05,1.914836259584565,0.0,0.0,0.0
2841,29,-308.69916,461.1855,-0.011186065,-0.2789092,0.778448,2.1648407e-06,0.826904833316803,0.0,1.7642974900721855e-05,1.914836259584565,0.0,0.0,0.0
2842,29,-308.71304,461.22433,-0.011186065,-0.2779394,0.77574104,1.5878677e-06,0.8240293860435486,0.0,1.7642974900721855e-05,1.914836259584565,0.0,0.0,0.0
2843,29,-308.7269,461.263,-0.0111861415,-0.2769729,0.7730436,1.5258788e-06,0.8211640119552612,0.0,1.7642974900721855e-05,1.914836259584565,0.0,0.0,0.0
2844,30,-308.74078,461.30167,-0.0111861415,-0.27600965,0.7703555,1.1777878e-06,0.8183085918426514,0.0,1.7642974900721855e-05,1.914836259584565,0.0,0.0,0.0
2845,30,-308.75458,461.34006,-0.01118618,-0.27504995,0.7676765,1.5306473e-06,0.8154628276824951,0.0,1.7642974900721855e-05,1.914836259584565,0.0,0.0,0.0
2846,30,-308.76825,461.37836,-0.01118618,-0.27409354,0.76500684,1.2254715e-06,0.8126270771026611,0.0,1.7642974900721855e-05,1.914836259584565,0.0,0.0,0.0
2847,30,-308.78192,461.41663,-0.011186218,-0.27314022,0.76234734,2.1409987e-06,0.8098018765449524,0.0,1.7642974900721855e-05,1.914836259584565,0.0,0.0,0.0
2848,30,-308.7956,461.4546,-0.011186294,-0.2721909,0.7596968,1.9931792e-06,0.8069864511489868,0.0,1.7642974900721855e-05,1.914836259584565,0.0,0.0,0.0
2849,30,-308.8092,461.4925,-0.011186294,-0.2712447,0.75705564,9.727478e-07,0.804180920124054,0.0,1.7642974900721855e-05,1.914836259584565,0.0,0.0,0.0
2850,30,-308.82266,461.5304,-0.011186294,-0.27030152,0.7544235,1.8978119e-06,0.8013848662376404,0.0,1.7642974900721855e-05,1.914836259584565,0.0,0.0,0.0
2851,30,-308.83615,461.56793,-0.011186294,-0.26936185,0.7518006,1.7547607e-06,0.7985987663269043,0.0,1.7642974900721855e-05,1.914836259584565,0.0,0.0,0.0
2852,30,-308.8496,461.6054,-0.011186371,-0.2684254,0.7491868,1.1873245e-06,0.795822262763977,0.0,1.7642974900721855e-05,1.914836259584565,0.0,0.0,0.0
2853,30,-308.86307,461.6429,-0.011186371,-0.2674921,0.74658215,1.6498566e-06,0.7930554747581482,0.0,1.7642974900721855e-05,1.914836259584565,0.0,0.0,0.0
2854,30,-308.87637,461.68005,-0.011186409,-0.266562,0.74398655,1.5354157e-06,0.7902982234954834,0.0,1.7642974900721855e-05,1.914836259584565,0.0,0.0,0.0
2855,30,-308.88965,461.71716,-0.011186409,-0.26563537,0.7413999,9.2506406e-07,0.7875506281852722,0.0,1.7642974900721855e-05,1.914836259584565,0.0,0.0,0.0
2856,30,-308.90292,461.75427,-0.011186447,-0.26471174,0.7388221,1.3637542e-06,0.784812331199646,0.0,1.7642974900721855e-05,1.914836259584565,0.0,0.0,0.0
2857,30,-308.9162,461.79108,-0.011186447,-0.26379123,0.73625344,1.7452239e-06,0.7820836901664734,0.0,1.7642974900721855e-05,1.914836259584565,0.0,0.0,0.0
2858,30,-308.92932,461.8278,-0.011186523,-0.26287425,0.73369354,8.7261196e-07,0.7793645858764648,0.0,1.7642974900721855e-05,1.914836259584565,0.0,0.0,0.0
2859,30,-308.94238,461.86453,-0.011186523,-0.26196024,0.7311426,1.0871887e-06,0.7766547799110413,0.0,1.7642974900721855e-05,1.914836259584565,0.0,0.0,0.0
2860,30,-308.95547,461.90094,-0.011186562,-0.26104933,0.72860044,1.988411e-06,0.7739543318748474,0.0,1.7642974900721855e-05,1.914836259584565,0.0,0.0,0.0
2861,30,-308.96857,461.93726,-0.0111866,-0.2601418,0.72606695,1.6117095e-06,0.7712632417678833,0.0,1.7642974900721855e-05,1.914836259584565,0.0,0.0,0.0
2862,30,-308.98154,461.97357,-0.0111866,-0.25923732,0.72354245,8.2015987e-07,0.7685815691947937,4.5474732591800486e-13,1.5974043414772564e-05,1.914836259584565,0.0,0.0,0.0
2863,30,-308.99442,462.00964,-0.0111866,-0.2583358,0.72102714,1.7166137e-06,0.7659096121788025,4.5474732591800486e-13,1.5974043414772564e-05,1.914836259584565,0.0,0.0,0.0
2864,30,-309.00732,462.04556,-0.011186638,-0.25743788,0.7185206,1.373291e-06,0.7632470726966858,4.5474732591800486e-13,1.5974043414772564e-05,1.914836259584565,0.0,0.0,0.0
2865,30,-309.0202,462.0815,-0.011186638,-0.25654304,0.716023,5.912781e-07,0.7605940699577332,4.5474732591800486e-13,1.5974043414772564e-05,1.914836259584565,0.0,0.0,0.0
2866,30,-309.03305,462.11722,-0.011186676,-0.25565127,0.713534,1.4925002e-06,0.7579500675201416,4.5474732591800486e-13,1.5974043414772564e-05,1.914836259584565,0.0,0.0,0.0
2867,30,-309.04575,462.15277,-0.011186714,-0.25476247,0.7110537,9.536743e-07,0.755315363407135,4.5474732591800486e-13,1.5974043414772564e-05,1.914836259584565,0.0,0.0,0.0
2868,30,-309.05844,462.18832,-0.0111867525,-0.253877,0.7085818,8.6307523e-07,0.7526896595954895,4.5474732591800486e-13,1.5974043414772564e-05,1.914836259584565,0.0,0.0,0.0
2869,30,-309.07114,462.2237,-0.0111867525,-0.2529943,0.7061185,1.2683868e-06,0.7500730156898499,4.5474732591800486e-13,1.5974043414772564e-05,1.914836259584565,0.0,0.0,0.0
2870,30,-309.08383,462.25885,-0.011186791,-0.2521149,0.70366406,1.7166137e-06,0.7474657297134399,4.5474732591800486e-13,1.5974043414772564e-05,1.914836259584565,0.0,0.0,0.0
2871,30,-309.09634,462.294,-0.011186828,-0.25123855,0.7012179,1.1348724e-06,0.7448673248291016,4.5474732591800486e-13,1.5974043414772564e-05,1.914836259584565,0.0,0.0,0.0
2872,30,-309.10883,462.3291,-0.011186828,-0.25036526,0.69878036,1.001358e-06,0.7422780990600586,4.5474732591800486e-13,1.5974043414772564e-05,1.914836259584565,0.0,0.0,0.0
2873,30,-309.12134,462.36386,-0.011186828,-0.24949493,0.6963513,1.0251998e-06,0.7396978139877319,4.5474732591800486e-13,1.5974043414772564e-05,1.914836259584565,0.0,0.0,0.0
2874,30,-309.13385,462.39862,-0.011186866,-0.24862759,0.6939305,9.2506406e-07,0.737126350402832,4.5474732591800486e-13,1.5974043414772564e-05,1.914836259584565,0.0,0.0,0.0
2875,30,-309.14627,462.43338,-0.011186866,-0.24776332,0.69151807,1.282692e-06,0.7345637679100037,4.5474732591800486e-13,1.5974043414772564e-05,1.914836259584565,0.0,0.0,0.0
2876,30,-309.15857,462.46777,-0.011186904,-0.24690199,0.68911415,7.9154967e-07,0.7320101857185364,4.5474732591800486e-13,1.5974043414772564e-05,1.914836259584565,0.0,0.0,0.0
2877,30,-309.17087,462.50214,-0.011186904,-0.24604364,0.6867185,1.707077e-06,0.7294654250144958,4.5474732591800486e-13,1.5974043414772564e-05,1.914836259584565,0.0,0.0,0.0
2878,30,-309.18317,462.5365,-0.011186981,-0.24518831,0.6843312,1.1253356e-06,0.7269294857978821,4.5474732591800486e-13,1.5974043414772564e-05,1.914836259584565,0.0,0.0,0.0
2879,30,-309.1955,462.57062,-0.011186981,-0.24433592,0.6819522,6.008148e-07,0.7244023680686951,4.5474732591800486e-13,1.5974043414772564e-05,1.914836259584565,0.0,0.0,0.0
2880,30,-309.20764,462.6046,-0.011187019,-0.24348654,0.6795815,1.5354157e-06,0.7218841314315796,4.5474732591800486e-13,1.5974043414772564e-05,1.914836259584565,0.0,0.0,0.0
2881,30,-309.21973,462.63858,-0.011187019,-0.24264012,0.67721945,1.0204315e-06,0.7193750143051147,4.5474732591800486e-13,1.5974043414772564e-05,1.914836259584565,0.0,0.0,0.0
2882,30,-309.23184,462.67242,-0.011187057,-0.2417968,0.6748656,1.4209747e-06,0.7168746590614319,4.5474732591800486e-13,1.5974043414772564e-05,1.914836259584565,0.0,0.0,0.0
2883,30,-309.24396,462.706,-0.011187095,-0.24095652,0.6725201,8.678436e-07,0.7143831849098206,4.5474732591800486e-13,1.5974043414772564e-05,1.914836259584565,0.0,0.0,0.0
2884,30,-309.25604,462.7396,-0.011187095,-0.24011905,0.6701829,1.335144e-06,0.7119004726409912,4.5474732591800486e-13,1.5974043414772564e-05,1.914836259584565,0.0,0.0,0.0
2885,30,-309.26794,462.77316,-0.011187095,-0.23928453,0.6678536,1.2111664e-06,0.70942622423172,4.5474732591800486e-13,1.5974043414772564e-05,1.914836259584565,0.0,0.0,0.0
2886,30,-309.27985,462.80637,-0.011187095,-0.23845285,0.6655325,6.532669e-07,0.7069606184959412,4.5474732591800486e-13,1.5974043414772564e-05,1.914836259584565,0.0,0.0,0.0
2887,30,-309.29178,462.83957,-0.011187133,-0.23762414,0.66321933,1.1205673e-06,0.7045034766197205,4.5474732591800486e-13,1.5974043414772564e-05,1.914836259584565,0.0,0.0,0.0
2888,30,-309.30368,462.87277,-0.011187172,-0.23679829,0.6609144,2.0456314e-06,0.702055037021637,4.5474732591800486e-13,1.5974043414772564e-05,1.914836259584565,0.0,0.0,0.0
2889,30,-309.3155,462.9057,-0.01118721,-0.2359752,0.65861726,1.4686584e-06,0.6996148824691772,4.5474732591800486e-13,1.5974043414772564e-05,1.914836259584565,0.0,0.0,0.0
2890,30,-309.3272,462.9385,-0.01118721,-0.23515503,0.656328,9.059906e-07,0.6971831321716309,4.5474732591800486e-13,1.5974043414772564e-05,1.914836259584565,0.0,0.0,0.0
2891,30,-309.33893,462.9713,-0.011187248,-0.23433769,0.6540468,1.3875961e-06,0.6947599053382874,4.5474732591800486e-13,1.5974043414772564e-05,1.914836259584565,0.0,0.0,0.0
2892,30,-309.35065,463.00403,-0.011187286,-0.2335232,0.6517735,8.5830686e-07,0.692345142364502,4.5474732591800486e-13,1.5974043414772564e-05,1.914836259584565,0.0,0.0,0.0
2893,30,-309.36237,463.03644,-0.011187286,-0.23271154,0.64950806,1.25885e-06,0.6899386644363403,4.5474732591800486e-13,1.5974043414772564e-05,1.914836259584565,0.0,0.0,0.0
2894,30,-309.37396,463.06885,-0.011187324,-0.23190263,0.6472504,7.629394e-07,0.6875404715538025,4.5474732591800486e-13,1.5974043414772564e-05,1.914836259584565,0.0,0.0,0.0
2895,30,-309.38547,463.1013,-0.011187324,-0.23109668,0.6450007,1.7213821e-06,0.6851507425308228,4.5474732591800486e-13,1.5974043414772564e-05,1.914836259584565,0.0,0.0,0.0
2896,30,-309.397,463.1334,-0.011187324,-0.2302933,0.6427587,1.1348724e-06,0.682769238948822,0.0,1.4424323497638219e-05,1.914836259584565,0.0,0.0,0.0
2897,31,-309.40854,463.1654,-0.011187324,-0.22949287,0.6405247,5.7220456e-07,0.6803961396217346,0.0,1.4424323497638219e-05,1.914836259584565,0.0,0.0,0.0
2898,31,-309.42004,463.19745,-0.0111873625,-0.22869515,0.63829845,1.0108947e-06,0.6780312657356262,0.0,1.4424323497638219e-05,1.914836259584565,0.0,0.0,0.0
2899,31,-309.43143,463.22937,-0.011187401,-0.22790043,0.63608015,1.4972686e-06,0.6756748557090759,0.0,1.4424323497638219e-05,1.914836259584565,0.0,0.0,0.0
2900,31,-309.44275,463.26102,-0.011187439,-0.22710845,0.6338696,1.3589859e-06,0.6733267307281494,0.0,1.4424323497638219e-05,1.914836259584565,0.0,0.0,0.0
2901,31,-309.45407,463.29263,-0.011187439,-0.2263192,0.6316666,8.1062313e-07,0.6709866523742676,0.0,1.4424323497638219e-05,1.914836259584565,0.0,0.0,0.0
2902,31,-309.4654,463.32428,-0.011187439,-0.22553259,0.62947136,1.2683868e-06,0.66865473985672,0.0,1.4424323497638219e-05,1.914836259584565,0.0,0.0,0.0
2903,31,-309.47675,463.35562,-0.011187515,-0.22474875,0.6272837,1.7023086e-06,0.666330873966217,0.0,1.4424323497638219e-05,1.914836259584565,0.0,0.0,0.0
2904,31,-309.48788,463.38687,-0.011187515,-0.2239677,0.62510353,1.1730194e-06,0.6640150547027588,0.0,1.4424323497638219e-05,1.914836259584565,0.0,0.0,0.0
2905,31,-309.49902,463.41812,-0.011187553,-0.22318925,0.62293094,8.153915e-07,0.6617071628570557,0.0,1.4424323497638219e-05,1.914836259584565,0.0,0.0,0.0
2906,31,-309.51016,463.44928,-0.011187553,-0.22241354,0.6207659,1.0728836e-06,0.659407377243042,0.0,1.4424323497638219e-05,1.914836259584565,0.0,0.0,0.0
2907,31,-309.52127,463.48013,-0.011187592,-0.22164042,0.61860865,1.4781951e-06,0.6571157574653625,0.0,1.4424323497638219e-05,1.914836259584565,0.0,0.0,0.0
2908,31,-309.5324,463.51102,-0.011187592,-0.22087033,0.6164589,9.155273e-07,0.6548322439193726,0.0,1.4424323497638219e-05,1.914836259584565,0.0,0.0,0.0
2909,31,-309.5434,463.54187,-0.011187592,-0.2201028,0.6143165,8.5830686e-07,0.6525565385818481,0.0,1.4424323497638219e-05,1.914836259584565,0.0,0.0,0.0
2910,31,-309.55432,463.57248,-0.01118763,-0.21933787,0.6121818,1.3494491e-06,0.6502888798713684,0.0,1.4424323497638219e-05,1.914836259584565,0.0,0.0,0.0
2911,31,-309.56528,463.60297,-0.011187668,-0.2185755,0.6100544,8.1062313e-07,0.6480290293693542,0.0,1.4424323497638219e-05,1.914836259584565,0.0,0.0,0.0
2912,31,-309.5762,463.63342,-0.011187668,-0.21781605,0.60793424,1.6593933e-06,0.6457769274711609,0.0,1.4424323497638219e-05,1.914836259584565,0.0,0.0,0.0
2913,31,-309.58713,463.6639,-0.011187668,-0.2170591,0.6058215,6.580353e-07,0.6435326933860779,0.0,1.4424323497638219e-05,1.914836259584565,0.0,0.0,0.0
2914,31,-309.59793,463.694,-0.011187706,-0.21630478,0.60371614,1.6021728e-06,0.6412962675094604,0.0,1.4424323497638219e-05,1.914836259584565,0.0,0.0,0.0
2915,31,-309.60867,463.7241,-0.011187744,-0.2155531,0.60161805,1.0585785e-06,0.6390675902366638,0.0,1.4424323497638219e-05,1.914836259584565,0.0,0.0,0.0
2916,31,-309.61942,463.75418,-0.011187744,-0.21480398,0.59952724,1.4495849e-06,0.636846661567688,0.0,1.4424323497638219e-05,1.914836259584565,0.0,0.0,0.0
2917,31,-309.63016,463.78418,-0.011187782,-0.21405748,0.5974438,9.1075896e-07,0.6346335411071777,0.0,1.4424323497638219e-05,1.914836259584565,0.0,0.0,0.0
2918,31,-309.6409,463.81384,-0.011187782,-0.21331358,0.59536755,1.3971328e-06,0.6324280500411987,0.0,1.4424323497638219e-05,1.914836259584565,0.0,0.0,0.0
2919,31,-309.65155,463.84354,-0.01118782,-0.21257228,0.5932986,1.3065338e-06,0.6302303075790405,0.0,1.4424323497638219e-05,1.914836259584565,0.0,0.0,0.0
2920,31,-309.6621,463.87323,-0.01118782,-0.21183369,0.59123695,1.282692e-06,0.6280403137207031,0.0,1.4424323497638219e-05,1.914836259584565,0.0,0.0,0.0
2921,31,-309.67264,463.90277,-0.01118782,-0.21109758,0.58918256,7.343292e-07,0.6258580088615417,0.0,1.4424323497638219e-05,1.914836259584565,0.0,0.0,0.0
2922,31,-309.6832,463.93207,-0.01118782,-0.21036404,0.5871352,1.2111664e-06,0.6236832141876221,0.0,1.4424323497638219e-05,1.914836259584565,0.0,0.0,0.0
2923,31,-309.69376,463.96136,-0.011187858,-0.20963295,0.585095,1.1205673e-06,0.6215159893035889,0.0,1.4424323497638219e-05,1.914836259584565,0.0,0.0,0.0
2924,31,-309.70425,463.99066,-0.011187896,-0.20890458,0.5830618,5.626678e-07,0.6193562746047974,0.0,1.4424323497638219e-05,1.914836259584565,0.0,0.0,0.0
2925,31,-309.7146,464.01974,-0.011187896,-0.20817862,0.58103573,9.679794e-07,0.6172040700912476,0.0,1.4424323497638219e-05,1.914836259584565,0.0,0.0,0.0
2926,31,-309.72495,464.04868,-0.011187934,-0.20745523,0.5790167,9.822845e-07,0.6150593757629395,0.0,1.4424323497638219e-05,1.914836259584565,0.0,0.0,0.0
2927,31,-309.7353,464.07758,-0.0111879725,-0.20673431,0.5770046,1.9073486e-06,0.6129220128059387,0.0,1.4424323497638219e-05,1.914836259584565,0.0,0.0,0.0
2928,31,-309.74567,464.10648,-0.0111879725,-0.2060159,0.5749996,1.3160706e-06,0.6107921600341797,0.0,1.4424323497638219e-05,1.914836259584565,0.0,0.0,0.0
2929,31,-309.756,464.1351,-0.011188011,-0.2053,0.5730014,7.390976e-07,0.6086695790290833,0.0,1.4424323497638219e-05,1.914836259584565,0.0,0.0,0.0
2930,31,-309.76624,464.16364,-0.011188011,-0.20458665,0.57101023,7.4386594e-07,0.6065545082092285,0.0,1.4424323497638219e-05,1.914836259584565,0.0,0.0,0.0
2931,31,-309.77637,464.19214,-0.011188049,-0.20387569,0.56902593,1.6880035e-06,0.6044467091560364,0.0,1.4424323497638219e-05,1.914836259584565,0.0,0.0,0.0
2932,31,-309.78653,464.22064,-0.011188049,-0.20316719,0.5670486,1.0967254e-06,0.6023462414741516,0.0,1.4424323497638219e-05,1.914836259584565,0.0,0.0,0.0
2933,31,-309.7967,464.2489,-0.011188049,-0.20246133,0.5650785,5.4359435e-07,0.6002535223960876,0.0,1.4424323497638219e-05,1.914836259584565,0.0,0.0,0.0
2934,31,-309.80685,464.277,-0.011188125,-0.20175791,0.5631152,9.918213e-07,0.5981680154800415,3.4820001980148267e-09,1.2278555895582462e-05,1.914836259584565,0.0,0.0,0.0
2935,31,-309.81696,464.30515,-0.011188125,-0.20105703,0.5611586,1.4781951e-06,0.5960896611213684,3.4820001980148267e-09,1.2278555895582462e-05,1.914836259584565,0.0,0.0,0.0
2936,31,-309.82693,464.33328,-0.011188125,-0.20035835,0.5592088,1.1253356e-06,0.5940184593200684,3.4820001980148267e-09,1.2278555895582462e-05,1.914836259584565,0.0,0.0,0.0
2937,31,-309.83688,464.3611,-0.011188125,-0.19966213,0.5572658,8.2969666e-07,0.5919545292854309,3.4820001980148267e-09,1.2278555895582462e-05,1.914836259584565,0.0,0.0,0.0
2938,31,-309.84686,464.38885,-0.011188125,-0.19896847,0.55532956,7.8201293e-07,0.5898977518081665,3.4820001980148267e-09,1.2278555895582462e-05,1.914836259584565,0.0,0.0,0.0
2939,31,-309.8568,464.4166,-0.011188163,-0.19827706,0.5533999,1.2445449e-06,0.5878480076789856,3.4820001980148267e-09,1.2278555895582462e-05,1.914836259584565,0.0,0.0,0.0
2940,31,-309.86676,464.44434,-0.011188202,-0.19758819,0.55147713,1.1730194e-06,0.5858055353164673,3.4820001980148267e-09,1.2278555895582462e-05,1.914836259584565,0.0,0.0,0.0
2941,31,-309.87662,464.47177,-0.011188202,-0.19690156,0.5495611,1.1444091e-06,0.5837701559066772,3.4820001980148267e-09,1.2278555895582462e-05,1.914836259584565,0.0,0.0,0.0
2942,31,-309.88638,464.4991,-0.01118824,-0.19621742,0.5476515,5.912781e-07,0.5817417502403259,3.4820001980148267e-09,1.2278555895582462e-05,1.914836259584565,0.0,0.0,0.0
2943,31,-309.89615,464.52646,-0.01118824,-0.19553567,0.54574865,1.0681152e-06,0.5797204375267029,3.4820001980148267e-09,1.2278555895582462e-05,1.914836259584565,0.0,0.0,0.0
2944,31,-309.9059,464.5538,-0.011188278,-0.19485626,0.5438524,1.988411e-06,0.5777061581611633,3.4820001980148267e-09,1.2278555895582462e-05,1.914836259584565,0.0,0.0,0.0
2945,31,-309.91568,464.58093,-0.011188278,-0.19417909,0.5419627,9.536743e-07,0.575698733329773,3.4820001980148267e-09,1.2278555895582462e-05,1.914836259584565,0.0,0.0,0.0
2946,31,-309.92545,464.60788,-0.011188278,-0.19350441,0.54007953,3.6239624e-07,0.5736984014511108,3.4820001980148267e-09,1.2278555895582462e-05,1.914836259584565,0.0,0.0,0.0
2947,31,-309.93506,464.63483,-0.011188354,-0.19283223,0.5382032,8.153915e-07,0.5717052817344666,3.4820001980148267e-09,1.2278555895582462e-05,1.914836259584565,0.0,0.0,0.0
2948,31,-309.9446,464.66177,-0.011188354,-0.19216245,0.53633326,1.5258788e-06,0.5697190165519714,3.4820001980148267e-09,1.2278555895582462e-05,1.914836259584565,0.0,0.0,0.0
2949,31,-309.9542,464.68857,-0.011188354,-0.19149476,0.53446996,7.2956084e-07,0.567739725112915,3.4820001980148267e-09,1.2278555895582462e-05,1.914836259584565,0.0,0.0,0.0
2950,31,-309.96378,464.71515,-0.011188354,-0.19082929,0.53261316,1.6069412e-06,0.565767228603363,3.4820001980148267e-09,1.2278555895582462e-05,1.914836259584565,0.0,0.0,0.0
2951,31,-309.97333,464.7417,-0.011188354,-0.19016631,0.5307626,6.055832e-07,0.5638015866279602,3.4820001980148267e-09,1.2278555895582462e-05,1.914836259584565,0.0,0.0,0.0
2952,31,-309.9829,464.76828,-0.0111883925,-0.1895056,0.5289187,1.0871887e-06,0.5618427991867065,3.4820001980148267e-09,1.2278555895582462e-05,1.914836259584565,0.0,0.0,0.0
2953,31,-309.99228,464.79477,-0.011188431,-0.18884733,0.5270811,1.5926361e-06,0.559890866279602,3.4820001980148267e-09,1.2278555895582462e-05,1.914836259584565,0.0,0.0,0.0
2954,31,-310.00165,464.82092,-0.011188431,-0.18819124,0.5252498,1.001358e-06,0.5579456090927124,3.4820001980148267e-09,1.2278555895582462e-05,1.914836259584565,0.0,0.0,0.0
2955,31,-310.01102,464.8471,-0.011188469,-0.18753743,0.5234249,4.4345856e-07,0.5560071468353271,3.4820001980148267e-09,1.2278555895582462e-05,1.914836259584565,0.0,0.0,0.0
2956,31,-310.02042,464.87326,-0.011188469,-0.18688573,0.52160645,8.9645386e-07,0.5540753602981567,3.4820001980148267e-09,1.2278555895582462e-05,1.914836259584565,0.0,0.0,0.0
2957,31,-310.0298,464.89944,-0.011188469,-0.18623634,0.5197942,1.3780593e-06,0.5521503686904907,3.4820001980148267e-09,1.2278555895582462e-05,1.914836259584565,0.0,0.0,0.0
2958,31,-310.03915,464.92526,-0.011188507,-0.18558931,0.5179883,1.3399124e-06,0.5502320528030396,3.4820001980148267e-09,1.2278555895582462e-05,1.914836259584565,0.0,0.0,0.0
2959,31,-310.04834,464.95105,-0.011188507,-0.18494473,0.5161886,1.2540817e-06,0.5483204126358032,3.4820001980148267e-09,1.2278555895582462e-05,1.914836259584565,0.0,0.0,0.0
2960,31,-310.05753,464.97684,-0.011188507,-0.1843022,0.5143951,4.673004e-07,0.5464152693748474,3.4820001980148267e-09,1.2278555895582462e-05,1.914836259584565,0.0,0.0,0.0
2961,31,-310.06668,465.0026,-0.011188583,-0.1836617,0.51260805,1.1634827e-06,0.5445168614387512,3.4820001980148267e-09,1.2278555895582462e-05,1.914836259584565,0.0,0.0,0.0
2962,32,-310.07587,465.02817,-0.011188583,-0.18302347,0.5108272,9.3936916e-07,0.5426251292228699,3.4820001980148267e-09,1.2278555895582462e-05,1.914836259584565,0.0,0.0,0.0
2963,32,-310.08505,465.05356,-0.011188622,-0.1823879,0.50905263,1.1014938e-06,0.5407401919364929,3.4820001980148267e-09,1.2278555895582462e-05,1.914836259584565,0.0,0.0,0.0
2964,32,-310.09424,465.07895,-0.011188622,-0.18175434,0.5072843,5.769729e-07,0.5388617515563965,3.4820001980148267e-09,1.2278555895582462e-05,1.914836259584565,0.0,0.0,0.0
2965,32,-310.10324,465.10434,-0.011188622,-0.18112297,0.5055221,7.4386594e-07,0.5369898676872253,3.4820001980148267e-09,1.2278555895582462e-05,1.914836259584565,0.0,0.0,0.0
2966,32,-310.1122,465.12967,-0.01118866,-0.18049364,0.503766,9.870529e-07,0.5351244211196899,3.4820001980148267e-09,1.2278555895582462e-05,1.914836259584565,0.0,0.0,0.0
2967,32,-310.12122,465.15466,-0.01118866,-0.17986646,0.502016,1.3971328e-06,0.5332654118537903,3.4820001980148267e-09,1.2278555895582462e-05,1.914836259584565,0.0,0.0,0.0
2968,32,-310.1302,465.1797,-0.01118866,-0.17924188,0.500272,8.7738033e-07,0.5314128994941711,3.4820001980148267e-09,1.2278555895582462e-05,1.914836259584565,0.0,0.0,0.0
2969,32,-310.13916,465.20468,-0.011188698,-0.17861925,0.49853405,3.004074e-07,0.5295668244361877,3.4820001980148267e-09,1.2278555895582462e-05,1.914836259584565,0.0,0.0,0.0
2970,32,-310.14816,465.22968,-0.011188698,-0.17799878,0.49680206,7.2479247e-07,0.5277270674705505,3.4820001980148267e-09,1.2278555895582462e-05,1.914836259584565,0.0,0.0,0.0
2971,32,-310.157,465.25446,-0.011188698,-0.17738017,0.4950764,9.584427e-07,0.5258938670158386,3.4820001980148267e-09,1.2278555895582462e-05,1.914836259584565,0.0,0.0,0.0
2972,32,-310.1658,465.27905,-0.011188735,-0.17676385,0.4933566,1.1444091e-06,0.5240669846534729,3.4820001980148267e-09,1.2278555895582462e-05,1.914836259584565,0.0,0.0,0.0
2973,32,-310.1746,465.30365,-0.011188735,-0.17615014,0.4916426,1.0585785e-06,0.5222464203834534,3.4820001980148267e-09,1.2278555895582462e-05,1.914836259584565,0.0,0.0,0.0
2974,32,-310.18338,465.32828,-0.011188735,-0.17553814,0.48993456,5.00679e-07,0.5204320549964905,3.4820001980148267e-09,1.2278555895582462e-05,1.914836259584565,0.0,0.0,0.0
2975,32,-310.19217,465.35284,-0.011188812,-0.1749284,0.48823255,5.0544736e-07,0.5186241269111633,3.4820001980148267e-09,1.2278555895582462e-05,1.914836259584565,0.0,0.0,0.0
2976,32,-310.20096,465.37704,-0.011188812,-0.17432044,0.48653638,1.206398e-06,0.5168222784996033,3.4820001980148267e-09,1.2278555895582462e-05,1.914836259584565,0.0,0.0,0.0
2977,32,-310.20972,465.40128,-0.011188812,-0.17371471,0.48484617,9.584427e-07,0.5150268077850342,3.4820001980148267e-09,1.2278555895582462e-05,1.914836259584565,0.0,0.0,0.0
2978,32,-310.21832,465.4255,-0.01118885,-0.17311151,0.48316172,1.3065338e-06,0.5132375955581665,3.4820001980148267e-09,1.2278555895582462e-05,1.914836259584565,0.0,0.0,0.0
2979,32,-310.2269,465.4497,-0.01118885,-0.17251012,0.48148325,7.9631803e-07,0.5114546418190002,3.4820001980148267e-09,1.2278555895582462e-05,1.914836259584565,0.0,0.0,0.0
2980,32,-310.2355,465.4738,-0.01118885,-0.17191084,0.47981066,7.486343e-07,0.5096779465675354,0.0,1.0728835978448119e-05,1.914836259584565,0.0,0.0,0.0
2981,32,-310.24408,465.49762,-0.011188888,-0.17131376,0.47814405,1.2397766e-06,0.5079076290130615,0.0,1.0728835978448119e-05,1.914836259584565,0.0,0.0,0.0
2982,32,-310.2527,465.52142,-0.011188888,-0.1707186,0.4764834,1.2016296e-06,0.5061435103416443,0.0,1.0728835978448119e-05,1.914836259584565,0.0,0.0,0.0
2983,32,-310.2613,465.54526,-0.011188888,-0.17012571,0.47482833,1.1348724e-06,0.5043854713439941,0.0,1.0728835978448119e-05,1.914836259584565,0.0,0.0,0.0
2984,32,-310.26974,465.5691,-0.011188926,-0.16953476,0.47317907,5.912781e-07,0.5026335716247559,0.0,1.0728835978448119e-05,1.914836259584565,0.0,0.0,0.0
2985,32,-310.27814,465.59265,-0.011188926,-0.16894598,0.47153556,7.724762e-07,0.5008877515792847,0.0,1.0728835978448119e-05,1.914836259584565,0.0,0.0,0.0
2986,32,-310.28653,465.6161,-0.011188926,-0.16835918,0.4698977,1.0061264e-06,0.4991479218006134,0.0,1.0728835978448119e-05,1.914836259584565,0.0,0.0,0.0
2987,32,-310.29492,465.63953,-0.011188964,-0.1677742,0.4682656,1.7023086e-06,0.49741417169570923,0.0,1.0728835978448119e-05,1.914836259584565,0.0,0.0,0.0
2988,32,-310.30334,465.66296,-0.011188964,-0.1671915,0.46663904,9.059906e-07,0.4956863820552826,0.0,1.0728835978448119e-05,1.914836259584565,0.0,0.0,0.0
2989,32,-310.31174,465.6864,-0.011188964,-0.16661087,0.46501818,3.33786e-07,0.49396467208862305,0.0,1.0728835978448119e-05,1.914836259584565,0.0,0.0,0.0
2990,32,-310.32013,465.70947,-0.011189041,-0.16603218,0.4634029,7.5817104e-07,0.49224886298179626,0.0,1.0728835978448119e-05,1.914836259584565,0.0,0.0,0.0
2991,32,-310.32834,465.7325,-0.011189041,-0.16545531,0.46179336,7.9154967e-07,0.4905390739440918,0.0,1.0728835978448119e-05,1.914836259584565,0.0,0.0,0.0
2992,32,-310.33655,465.75558,-0.011189041,-0.16488037,0.46018934,1.7356872e-06,0.48883509635925293,0.0,1.0728835978448119e-05,1.914836259584565,0.0,0.0,0.0
2993,32,-310.34473,465.77863,-0.011189079,-0.16430801,0.4585907,7.200241e-07,0.4871370792388916,0.0,1.0728835978448119e-05,1.914836259584565,0.0,0.0,0.0
2994,32,-310.35294,465.80164,-0.011189079,-0.16373725,0.45699775,1.1491775e-06,0.4854449927806854,0.0,1.0728835978448119e-05,1.914836259584565,0.0,0.0,0.0
2995,32,-310.36115,465.82428,-0.011189079,-0.1631686,0.45541033,5.865097e-07,0.4837587773799896,0.0,1.0728835978448119e-05,1.914836259584565,0.0,0.0,0.0
2996,32,-310.36935,465.84695,-0.011189117,-0.16260166,0.45382854,5.8174135e-07,0.4820784628391266,0.0,1.0728835978448119e-05,1.914836259584565,0.0,0.0,0.0
2997,32,-310.3775,465.8696,-0.011189155,-0.16203658,0.45225215,1.502037e-06,0.480403870344162,0.0,1.0728835978448119e-05,1.914836259584565,0.0,0.0,0.0
2998,32,-310.38553,465.89224,-0.011189155,-0.16147383,0.45068118,4.863739e-07,0.4787351191043854,0.0,1.0728835978448119e-05,1.914836259584565,0.0,0.0,0.0
2999,32,-310.39352,465.9149,-0.011189155,-0.16091312,0.4491155,1.1205673e-06,0.4770720899105072,0.0,1.0728835978448119e-05,1.914836259584565,0.0,0.0,0.0
3000,32,-310.40155,465.93713,-0.011189155,-0.16035417,0.44755542,3.0517577e-07,0.47541487216949463,0.0,1.0728835978448119e-05,1.914836259584565,0.0,0.0,0.0
3001,32,-310.40955,465.9594,-0.011189155,-0.15979709,0.44600096,5.626678e-07,0.4737636148929596,0.0,1.0728835978448119e-05,1.914836259584565,0.0,0.0,0.0
3002,32,-310.41754,465.98166,-0.011189155,-0.15924221,0.44445193,1.2779235e-06,0.47211819887161255,0.0,1.0728835978448119e-05,1.914836259584565,0.0,0.0,0.0
3003,32,-310.42557,466.00394,-0.011189193,-0.15868905,0.44290847,1.0299682e-06,0.4704786241054535,0.0,1.0728835978448119e-05,1.914836259584565,0.0,0.0,0.0
3004,32,-310.43353,466.02615,-0.011189193,-0.15813799,0.44137013,1.1396407e-06,0.46884453296661377,0.0,1.0728835978448119e-05,1.914836259584565,0.0,0.0,0.0
3005,32,-310.44135,466.04803,-0.011189193,-0.15758882,0.43983722,6.151199e-07,0.46721625328063965,0.0,1.0728835978448119e-05,1.914836259584565,0.0,0.0,0.0
3006,32,-310.44916,466.06992,-0.01118927,-0.15704152,0.43830967,5.626678e-07,0.4655936062335968,0.0,1.0728835978448119e-05,1.914836259584565,0.0,0.0,0.0
3007,32,-310.45697,466.0918,-0.01118927,-0.15649606,0.4367874,1.0204315e-06,0.46397656202316284,0.0,1.0728835978448119e-05,1.914836259584565,0.0,0.0,0.0
3008,32,-310.46478,466.11365,-0.01118927,-0.15595232,0.4352705,1.077652e-06,0.46236515045166016,0.0,1.0728835978448119e-05,1.914836259584565,0.0,0.0,0.0
3009,32,-310.4726,466.13553,-0.011189308,-0.15541086,0.43375874,9.775162e-07,0.46075934171676636,0.0,1.0728835978448119e-05,1.914836259584565,0.0,0.0,0.0
3010,32,-310.4804,466.15707,-0.011189308,-0.15487115,0.4322522,9.346008e-07,0.4591590464115143,0.0,1.0728835978448119e-05,1.914836259584565,0.0,0.0,0.0
3011,32,-310.48822,466.17856,-0.011189308,-0.15433328,0.4307509,3.5762787e-07,0.4575643241405487,0.0,1.0728835978448119e-05,1.914836259584565,0.0,0.0,0.0
3012,32,-310.49582,466.20004,-0.011189308,-0.15379724,0.42925495,8.2015987e-07,0.4559752345085144,0.0,1.0728835978448119e-05,1.914836259584565,0.0,0.0,0.0
3013,32,-310.50345,466.22153,-0.011189346,-0.15326312,0.42776415,8.487701e-07,0.45439162850379944,0.0,1.0728835978448119e-05,1.914836259584565,0.0,0.0,0.0
3014,32,-310.51108,466.243,-0.011189384,-0.1527308,0.4262784,1.759529e-06,0.45281341671943665,0.0,1.0728835978448119e-05,1.914836259584565,0.0,0.0,0.0
3015,32,-310.51868,466.26422,-0.011189384,-0.15220042,0.4247979,7.486343e-07,0.45124077796936035,0.0,1.0728835978448119e-05,1.914836259584565,0.0,0.0,0.0
3016,32,-310.5263,466.2853,-0.011189384,-0.15167181,0.42332253,6.818771e-07,0.44967353343963623,0.0,1.0728835978448119e-05,1.914836259584565,0.0,0.0,0.0
3017,32,-310.5339,466.3064,-0.011189384,-0.15114501,0.42185226,6.008148e-07,0.44811174273490906,0.0,1.0728835978448119e-05,1.914836259584565,0.0,0.0,0.0
3018,32,-310.54153,466.32748,-0.011189384,-0.15062001,0.42038712,6.1035155e-07,0.44655540585517883,0.0,1.0728835978448119e-05,1.914836259584565,0.0,0.0,0.0
3019,32,-310.54904,466.34857,-0.011189384,-0.15009671,0.41892704,1.0967254e-06,0.4450043737888336,0.0,1.0728835978448119e-05,1.914836259584565,0.0,0.0,0.0
3020,32,-310.55646,466.3695,-0.011189423,-0.1495755,0.41747195,1.5544891e-06,0.4434587359428406,0.0,1.0728835978448119e-05,1.914836259584565,0.0,0.0,0.0
3021,32,-310.56387,466.39023,-0.011189423,-0.14905606,0.4160219,9.870529e-07,0.4419184625148773,0.0,1.0728835978448119e-05,1.914836259584565,0.0,0.0,0.0
3022,32,-310.5713,466.41092,-0.011189423,-0.1485384,0.4145769,9.536743e-07,0.44038352370262146,0.0,1.0728835978448119e-05,1.914836259584565,0.0,0.0,0.0
3023,32,-310.57874,466.43164,-0.011189423,-0.14802244,0.41313696,4.5776366e-07,0.4388539493083954,0.0,1.0728835978448119e-05,1.914836259584565,0.0,0.0,0.0
3024,32,-310.58615,466.45233,-0.011189499,-0.14750823,0.4117021,7.1525574e-07,0.4373297393321991,0.0,1.0728835978448119e-05,1.914836259584565,0.0,0.0,0.0
3025,32,-310.59357,466.47302,-0.011189499,-0.14699578,0.41027245,1.4305115e-06,0.43581101298332214,0.0,1.0728835978448119e-05,1.914836259584565,0.0,0.0,0.0
3026,32,-310.60098,466.49335,-0.011189537,-0.1464855,0.40884772,6.67572e-07,0.434297651052475,0.0,1.0728835978448119e-05,1.914836259584565,0.0,0.0,0.0
3027,32,-310.60822,466.51367,-0.011189537,-0.14597681,0.40742797,1.039505e-06,0.43278953433036804,0.0,1.0728835978448119e-05,1.914836259584565,0.0,0.0,0.0
3028,32,-310.61545,466.53397,-0.011189537,-0.14546996,0.40601313,7.6770783e-07,0.43128663301467896,0.0,1.0728835978448119e-05,1.914836259584565,0.0,0.0,0.0
3029,32,-310.62268,466.5543,-0.011189537,-0.1449648,0.40460315,2.670288e-07,0.4297889173030853,0.0,1.0728835978448119e-05,1.914836259584565,0.0,0.0,0.0
3030,32,-310.62988,466.5746,-0.011189575,-0.14446138,0.40319812,1.1634827e-06,0.42829641699790955,0.0,1.0728835978448119e-05,1.914836259584565,0.0,0.0,0.0
3031,32,-310.63712,466.59476,-0.011189575,-0.14395966,0.401798,1.206398e-06,0.4268091320991516,0.0,1.0728835978448119e-05,1.914836259584565,0.0,0.0,0.0
3032,32,-310.64435,466.6147,-0.0111896135,-0.14345986,0.4004027,6.198883e-07,0.42532700300216675,0.0,9.059905508414159e-06,1.914836259584565,0.0,0.0,0.0
3033,32,-310.65158,466.6346,-0.0111896135,-0.14296167,0.39901224,9.63211e-07,0.42384999990463257,0.0,9.059905508414159e-06,1.914836259584565,0.0,0.0,0.0
3034,32,-310.65875,466.6545,-0.0111896135,-0.14246522,0.39762667,4.005432e-07,0.42237815260887146,0.0,9.059905508414159e-06,1.914836259584565,0.0,0.0,0.0
3035,32,-310.66577,466.67444,-0.0111896135,-0.1419705,0.3962459,2.813339e-07,0.42091143131256104,0.0,9.059905508414159e-06,1.914836259584565,0.0,0.0,0.0
3036,32,-310.6728,466.69437,-0.0111896135,-0.14147736,0.39486995,7.05719e-07,0.4194498062133789,0.0,9.059905508414159e-06,1.914836259584565,0.0,0.0,0.0
3037,32,-310.67984,466.71396,-0.011189652,-0.14098619,0.39349875,7.05719e-07,0.4179932475090027,0.0,9.059905508414159e-06,1.914836259584565,0.0,0.0,0.0
3038,32,-310.68686,466.7335,-0.011189652,-0.14049655,0.39213225,1.5592575e-06,0.4165416955947876,0.0,9.059905508414159e-06,1.914836259584565,0.0,0.0,0.0
3039,32,-310.6939,466.75302,-0.011189652,-0.14000885,0.39077044,4.816055e-07,0.41509518027305603,0.0,9.059905508414159e-06,1.914836259584565,0.0,0.0,0.0
3040,32,-310.70093,466.77255,-0.011189652,-0.13952251,0.38941336,-1.04904174e-07,0.4136536121368408,0.0,9.059905508414159e-06,1.914836259584565,0.0,0.0,0.0
3041,32,-310.70795,466.79208,-0.011189689,-0.13903801,0.38806114,-2.3841858e-07,0.4122171998023987,0.0,9.059905508414159e-06,1.914836259584565,0.0,0.0,0.0
3042,32,-310.71494,466.81158,-0.011189727,-0.13855506,0.38671356,1.7166137e-07,0.4107857048511505,0.0,9.059905508414159e-06,1.914836259584565,0.0,0.0,0.0
3043,32,-310.72177,466.83072,-0.011189727,-0.13807385,0.38537067,3.862381e-07,0.4093591868877411,0.0,9.059905508414159e-06,1.914836259584565,0.0,0.0,0.0
3044,32,-310.7286,466.84988,-0.011189727,-0.13759449,0.38403228,1.0299682e-06,0.40793752670288086,0.0,9.059905508414159e-06,1.914836259584565,0.0,0.0,0.0
3045,32,-310.73544,466.86902,-0.011189765,-0.13711661,0.3826986,-2.8610229e-08,0.406520813703537,0.0,9.059905508414159e-06,1.914836259584565,0.0,0.0,0.0
3046,33,-310.74228,466.88815,-0.011189765,-0.13664052,0.3813696,-1.001358e-07,0.40510913729667664,0.0,9.059905508414159e-06,1.914836259584565,0.0,0.0,0.0
3047,33,-310.7491,466.9073,-0.011189765,-0.13616599,0.38004512,-2.1457672e-07,0.4037021994590759,0.0,9.059905508414159e-06,1.914836259584565,0.0,0.0,0.0
3048,33,-310.75595,466.92636,-0.0111898035,-0.13569316,0.37872532,-2.4318695e-07,0.40230026841163635,0.0,9.059905508414159e-06,1.914836259584565,0.0,0.0,0.0
3049,33,-310.7628,466.9451,-0.0111898035,-0.13522172,0.37741005,-1.4305114e-08,0.4009030759334564,0.0,9.059905508414159e-06,1.914836259584565,0.0,0.0,0.0
3050,33,-310.7696,466.96387,-0.011189842,-0.13475189,0.37609938,6.67572e-07,0.3995107412338257,0.0,9.059905508414159e-06,1.914836259584565,0.0,0.0,0.0
3051,33,-310.77625,466.9826,-0.011189842,-0.13428418,0.3747932,-3.7193297e-07,0.3981233239173889,0.0,9.059905508414159e-06,1.914836259584565,0.0,0.0,0.0
3052,33,-310.7829,467.00134,-0.01118988,-0.13381793,0.3734915,-4.7683715e-09,0.3967406153678894,0.0,9.059905508414159e-06,1.914836259584565,0.0,0.0,0.0
3053,33,-310.78952,467.0201,-0.01118988,-0.13335326,0.3721944,-9.5367426e-08,0.39536282420158386,0.0,9.059905508414159e-06,1.914836259584565,0.0,0.0,0.0
3054,33,-310.79617,467.0388,-0.01118988,-0.13289012,0.37090206,-6.6280364e-07,0.39399001002311707,0.0,9.059905508414159e-06,1.914836259584565,0.0,0.0,0.0
3055,33,-310.8028,467.05713,-0.01118988,-0.13242868,0.36961433,-4.6253203e-07,0.39262208342552185,0.0,9.059905508414159e-06,1.914836259584565,0.0,0.0,0.0
3056,33,-310.80945,467.0755,-0.01118988,-0.13196863,0.36833113,2.1934508e-07,0.39125892519950867,0.0,9.059905508414159e-06,1.914836259584565,0.0,0.0,0.0
3057,33,-310.8161,467.09384,-0.01118988,-0.13151048,0.3670523,-3.0517577e-07,0.38990047574043274,0.0,9.059905508414159e-06,1.914836259584565,0.0,0.0,0.0
3058,33,-310.82272,467.1122,-0.01118988,-0.13105409,0.36577782,-4.196167e-07,0.38854676485061646,0.0,9.059905508414159e-06,1.914836259584565,0.0,0.0,0.0
3059,33,-310.82925,467.13058,-0.01118988,-0.13059919,0.36450773,-3.8146972e-08,0.38719767332077026,0.0,9.059905508414159e-06,1.914836259584565,0.0,0.0,0.0
3060,33,-310.8357,467.1489,-0.011189918,-0.13014574,0.36324218,-1.077652e-06,0.3858533203601837,0.0,9.059905508414159e-06,1.914836259584565,0.0,0.0,0.0
3061,33,-310.84213,467.16687,-0.011189956,-0.12969375,0.36198106,-6.580353e-07,0.3845136761665344,0.0,9.059905508414159e-06,1.914836259584565,0.0,0.0,0.0
3062,33,-310.84857,467.18484,-0.011189956,-0.12924337,0.36072424,-2.002716e-07,0.38317856192588806,0.0,9.059905508414159e-06,1.914836259584565,0.0,0.0,0.0
3063,33,-310.85504,467.2028,-0.011189956,-0.12879442,0.35947186,-4.9114226e-07,0.38184818625450134,0.0,9.059905508414159e-06,1.914836259584565,0.0,0.0,0.0
3064,33,-310.86148,467.22076,-0.011189994,-0.12834741,0.35822356,-8.1062313e-07,0.3805222511291504,0.0,9.059905508414159e-06,1.914836259584565,0.0,0.0,0.0
3065,33,-310.86792,467.23874,-0.011189994,-0.12790179,0.3569797,-4.005432e-07,0.3792009651660919,0.0,9.059905508414159e-06,1.914836259584565,0.0,0.0,0.0
3066,33,-310.87436,467.2567,-0.011189994,-0.12745775,0.35574016,-4.3869017e-07,0.37788429856300354,0.0,9.059905508414159e-06,1.914836259584565,0.0,0.0,0.0
3067,33,-310.8808,467.27435,-0.011190033,-0.12701531,0.35450497,-1.0347366e-06,0.37657225131988525,0.0,9.059905508414159e-06,1.914836259584565,0.0,0.0,0.0
3068,33,-310.8871,467.29193,-0.011190033,-0.12657407,0.35327414,-8.487701e-07,0.3752647340297699,0.0,9.059905508414159e-06,1.914836259584565,0.0,0.0,0.0
3069,33,-310.89334,467.3095,-0.011190071,-0.12613429,0.35204753,-6.29425e-07,0.3739616572856903,0.0,9.059905508414159e-06,1.914836259584565,0.0,0.0,0.0
3070,33,-310.8996,467.3271,-0.011190071,-0.1256964,0.35082507,-4.4822693e-07,0.37266314029693604,0.0,9.059905508414159e-06,1.914836259584565,0.0,0.0,0.0
3071,33,-310.90582,467.34467,-0.011190071,-0.12526034,0.34960684,-2.1934508e-07,0.37136921286582947,0.0,9.059905508414159e-06,1.914836259584565,0.0,0.0,0.0
3072,33,-310.91208,467.36224,-0.011190071,-0.124825396,0.34839293,-7.9631803e-07,0.37007975578308105,0.0,9.059905508414159e-06,1.914836259584565,0.0,0.0,0.0
3073,33,-310.91833,467.37967,-0.011190109,-0.12439195,0.34718326,-1.4019012e-06,0.3687947690486908,0.0,9.059905508414159e-06,1.914836259584565,0.0,0.0,0.0
3074,33,-310.9246,467.39685,-0.011190109,-0.1239601,0.34597766,-1.2207031e-06,0.36751413345336914,0.0,9.059905508414159e-06,1.914836259584565,0.0,0.0,0.0
3075,33,-310.93085,467.41406,-0.011190109,-0.123529516,0.34477633,-1.001358e-06,0.366237998008728,0.0,9.059905508414159e-06,1.914836259584565,0.0,0.0,0.0
3076,33,-310.93707,467.43124,-0.011190109,-0.123100184,0.34357923,-7.724762e-07,0.3649662137031555,0.0,9.059905508414159e-06,1.914836259584565,0.0,0.0,0.0
3077,33,-310.94315,467.44843,-0.011190109,-0.12267276,0.34238625,-5.912781e-07,0.3636989891529083,0.0,9.059905508414159e-06,1.914836259584565,0.0,0.0,0.0
3078,33,-310.94922,467.4656,-0.011190109,-0.122247085,0.34119722,-1.1014938e-06,0.36243605613708496,0.0,9.059905508414159e-06,1.914836259584565,0.0,0.0,0.0
3079,33,-310.95526,467.4828,-0.011190109,-0.12182275,0.3400125,-7.343292e-07,0.36117762327194214,0.0,9.059905508414159e-06,1.914836259584565,0.0,0.0,0.0
3080,33,-310.96133,467.49963,-0.011190147,-0.12139976,0.33883193,-1.7976761e-06,0.3599235713481903,0.0,9.059905508414159e-06,1.914836259584565,0.0,0.0,0.0
3081,33,-310.96738,467.51645,-0.011190147,-0.12097825,0.33765548,-1.411438e-06,0.35867390036582947,0.0,9.059905508414159e-06,1.914836259584565,0.0,0.0,0.0
3082,33,-310.97342,467.53323,-0.011190185,-0.12055816,0.33648312,-1.411438e-06,0.35742855072021484,0.0,9.059905508414159e-06,1.914836259584565,0.0,0.0,0.0
3083,33,-310.9795,467.55002,-0.011190185,-0.12013936,0.3353149,-1.1873245e-06,0.35618752241134644,0.0,9.059905508414159e-06,1.914836259584565,0.0,0.0,0.0
3084,33,-310.98553,467.56683,-0.011190185,-0.119722106,0.3341507,-4.863739e-07,0.35495081543922424,0.0,9.059905508414159e-06,1.914836259584565,0.0,0.0,0.0
3085,33,-310.9916,467.58362,-0.0111902235,-0.11930665,0.3329903,-1.4829635e-06,0.35371828079223633,0.0,9.059905508414159e-06,1.914836259584565,0.0,0.0,0.0
3086,33,-310.99753,467.60034,-0.0111902235,-0.11889248,0.33183402,-1.0919571e-06,0.35249003767967224,0.0,9.059905508414159e-06,1.914836259584565,0.0,0.0,0.0
3087,33,-311.0034,467.61676,-0.0111902235,-0.11847966,0.33068174,-6.4849854e-07,0.3512660562992096,0.0,9.059905508414159e-06,1.914836259584565,0.0,0.0,0.0
3088,33,-311.00925,467.63315,-0.0111902235,-0.11806823,0.3295335,-1.6593933e-06,0.350046306848526,0.0,9.059905508414159e-06,1.914836259584565,0.0,0.0,0.0
3089,33,-311.0151,467.64957,-0.011190262,-0.11765819,0.32838932,-1.6403197e-06,0.348830908536911,0.0,9.059905508414159e-06,1.914836259584565,0.0,0.0,0.0
3090,33,-311.02097,467.66595,-0.011190262,-0.11724971,0.32724917,-9.346008e-07,0.34761977195739746,0.0,9.059905508414159e-06,1.914836259584565,0.0,0.0,0.0
3091,33,-311.02682,467.68237,-0.0111903,-0.11684244,0.32611322,-6.67572e-07,0.3464130163192749,0.0,9.059905508414159e-06,1.914836259584565,0.0,0.0,0.0
3092,33,-311.03268,467.6988,-0.0111903,-0.11643698,0.32498106,-6.961822e-07,0.345210462808609,0.0,9.059905508414159e-06,1.914836259584565,0.0,0.0,0.0
3093,33,-311.03854,467.71503,-0.0111903,-0.11603285,0.32385287,-1.2493133e-06,0.344012051820755,0.0,9.059905508414159e-06,1.914836259584565,0.0,0.0,0.0
3094,33,-311.0444,467.73105,-0.011190338,-0.11563007,0.3227286,-8.487701e-07,0.34281784296035767,0.0,9.059905508414159e-06,1.914836259584565,0.0,0.0,0.0
3095,33,-311.05023,467.74707,-0.011190338,-0.115228616,0.32160825,-1.8501281e-06,0.34162771701812744,0.0,9.059905508414159e-06,1.914836259584565,0.0,0.0,0.0
3096,33,-311.0559,467.76306,-0.011190338,-0.114828624,0.32049182,-1.4019012e-06,0.3404417932033539,0.0,9.059905508414159e-06,1.914836259584565,0.0,0.0,0.0
3097,33,-311.06158,467.77908,-0.011190338,-0.114429995,0.31937906,-9.536743e-07,0.3392598032951355,0.0,9.059905508414159e-06,1.914836259584565,0.0,0.0,0.0
3098,33,-311.06723,467.7951,-0.011190376,-0.114032686,0.31827015,-9.012222e-07,0.33808186650276184,1.00658322287442e-09,6.914138414316069e-06,1.914836259584565,0.0,0.0,0.0
3099,33,-311.0729,467.81113,-0.011190414,-0.113636754,0.3171651,-4.2915343e-07,0.3369080126285553,1.00658322287442e-09,6.914138414316069e-06,1.914836259584565,0.0,0.0,0.0
3100,33,-311.07855,467.827,-0.011190414,-0.11324215,0.31606397,-9.727478e-07,0.33573830127716064,1.00658322287442e-09,6.914138414316069e-06,1.914836259584565,0.0,0.0,0.0
3101,33,-311.08423,467.84262,-0.011190414,-0.11284904,0.31496674,-9.918213e-07,0.33457279205322266,1.00658322287442e-09,6.914138414316069e-06,1.914836259584565,0.0,0.0,0.0
3102,33,-311.0899,467.85825,-0.011190414,-0.11245729,0.3138733,-1.5068053e-06,0.3334112763404846,1.00658322287442e-09,6.914138414316069e-06,1.914836259584565,0.0,0.0,0.0
3103,33,-311.09555,467.87387,-0.011190414,-0.1120669,0.31278363,-1.5592575e-06,0.3322537839412689,1.00658322287442e-09,6.914138414316069e-06,1.914836259584565,0.0,0.0,0.0
3104,33,-311.10123,467.8895,-0.011190414,-0.111677825,0.31169775,-1.0967254e-06,0.33110031485557556,1.00658322287442e-09,6.914138414316069e-06,1.914836259584565,0.0,0.0,0.0
3105,33,-311.10687,467.90512,-0.011190414,-0.1112901,0.31061566,-1.0681152e-06,0.32995086908340454,1.00658322287442e-09,6.914138414316069e-06,1.914836259584565,0.0,0.0,0.0
3106,33,-311.11234,467.92075,-0.011190414,-0.11090375,0.30953732,-5.8174135e-07,0.32880541682243347,1.00658322287442e-09,6.914138414316069e-06,1.914836259584565,0.0,0.0,0.0
3107,33,-311.1178,467.93628,-0.011190453,-0.1105188,0.30846274,-6.341934e-07,0.32766395807266235,1.00658322287442e-09,6.914138414316069e-06,1.914836259584565,0.0,0.0,0.0
3108,33,-311.12326,467.9515,-0.011190453,-0.11013513,0.30739188,-1.1491775e-06,0.3265264332294464,1.00658322287442e-09,6.914138414316069e-06,1.914836259584565,0.0,0.0,0.0
3109,33,-311.12875,467.96674,-0.011190453,-0.1097528,0.30632475,-1.1920929e-06,0.32539287209510803,1.00658322287442e-09,6.914138414316069e-06,1.914836259584565,0.0,0.0,0.0
3110,33,-311.13422,467.982,-0.011190453,-0.109371774,0.30526134,-1.7452239e-06,0.3242632746696472,1.00658322287442e-09,6.914138414316069e-06,1.914836259584565,0.0,0.0,0.0
3111,33,-311.13968,467.99722,-0.011190491,-0.10899207,0.30420157,-1.3399124e-06,0.3231375515460968,1.00658322287442e-09,6.914138414316069e-06,1.914836259584565,0.0,0.0,0.0
3112,33,-311.14514,468.01245,-0.011190491,-0.108613715,0.30314547,-1.3446808e-06,0.3220157027244568,1.00658322287442e-09,6.914138414316069e-06,1.914836259584565,0.0,0.0,0.0
3113,33,-311.1506,468.02768,-0.011190529,-0.10823659,0.30209312,-1.3160706e-06,0.32089781761169434,1.00658322287442e-09,6.914138414316069e-06,1.914836259584565,0.0,0.0,0.0
3114,33,-311.1561,468.0429,-0.011190529,-0.10786078,0.30104437,-4.005432e-07,0.3197837769985199,1.00658322287442e-09,6.914138414316069e-06,1.914836259584565,0.0,0.0,0.0
3115,33,-311.16156,468.05783,-0.011190529,-0.1074864,0.2999993,-8.821487e-07,0.31867367029190063,1.00658322287442e-09,6.914138414316069e-06,1.914836259584565,0.0,0.0,0.0
3116,33,-311.16684,468.0727,-0.011190567,-0.1071133,0.2989578,-1.4495849e-06,0.3175673484802246,1.00658322287442e-09,6.914138414316069e-06,1.914836259584565,0.0,0.0,0.0
3117,33,-311.17212,468.08752,-0.011190567,-0.10674144,0.2979199,-1.0442734e-06,0.3164648413658142,1.00658322287442e-09,6.914138414316069e-06,1.914836259584565,0.0,0.0,0.0
3118,33,-311.1774,468.1024,-0.011190567,-0.10637084,0.29688558,-1.0919571e-06,0.31536614894866943,1.00658322287442e-09,6.914138414316069e-06,1.914836259584565,0.0,0.0,0.0
3119,33,-311.18268,468.11722,-0.011190567,-0.106001556,0.29585484,-1.6117095e-06,0.3142712414264679,1.00658322287442e-09,6.914138414316069e-06,1.914836259584565,0.0,0.0,0.0
3120,33,-311.18793,468.13205,-0.011190567,-0.10563355,0.29482773,-1.6403197e-06,0.31318020820617676,1.00658322287442e-09,6.914138414316069e-06,1.914836259584565,0.0,0.0,0.0
3121,33,-311.1932,468.1469,-0.011190567,-0.10526682,0.2938042,-1.1444091e-06,0.31209295988082886,1.00658322287442e-09,6.914138414316069e-06,1.914836259584565,0.0,0.0,0.0
3122,33,-311.1985,468.16168,-0.011190643,-0.10490114,0.2927843,-6.4849854e-07,0.3110094666481018,1.00658322287442e-09,6.914138414316069e-06,1.914836259584565,0.0,0.0,0.0
3123,33,-311.20377,468.17612,-0.011190643,-0.104537055,0.2917678,-1.1348724e-06,0.309929758310318,1.00658322287442e-09,6.914138414316069e-06,1.914836259584565,0.0,0.0,0.0
3124,33,-311.20905,468.19058,-0.011190643,-0.10417425,0.29075485,-1.2397766e-06,0.30885377526283264,1.00658322287442e-09,6.914138414316069e-06,1.914836259584565,0.0,0.0,0.0
3125,33,-311.2143,468.20502,-0.011190643,-0.103812635,0.28974554,-1.0967254e-06,0.3077816367149353,1.00658322287442e-09,6.914138414316069e-06,1.914836259584565,0.0,0.0,0.0
3126,33,-311.21954,468.21948,-0.011190643,-0.10345228,0.28873974,-8.7738033e-07,0.3067132532596588,1.00658322287442e-09,6.914138414316069e-06,1.914836259584565,0.0,0.0,0.0
3127,33,-311.2246,468.23395,-0.011190643,-0.10309316,0.28773746,-1.8787383e-06,0.3056485652923584,1.00658322287442e-09,6.914138414316069e-06,1.914836259584565,0.0,0.0,0.0
3128,33,-311.2297,468.24838,-0.011190643,-0.10273532,0.28673866,-1.8787383e-06,0.30458760261535645,1.00658322287442e-09,6.914138414316069e-06,1.914836259584565,0.0,0.0,0.0
3129,33,-311.23477,468.26285,-0.011190643,-0.10237865,0.28574336,-1.2111664e-06,0.3035303056240082,1.00658322287442e-09,6.914138414316069e-06,1.914836259584565,0.0,0.0,0.0
3130,33,-311.23987,468.2771,-0.011190643,-0.102023266,0.28475145,-9.3936916e-07,0.3024766743183136,1.00658322287442e-09,6.914138414316069e-06,1.914836259584565,0.0,0.0,0.0
3131,33,-311.24493,468.29117,-0.011190681,-0.10166905,0.283763,-6.580353e-07,0.30142664909362793,1.00658322287442e-09,6.914138414316069e-06,1.914836259584565,0.0,0.0,0.0
3132,33,-311.25,468.30524,-0.011190681,-0.10131615,0.28277794,-1.4543533e-06,0.30038028955459595,1.00658322287442e-09,6.914138414316069e-06,1.914836259584565,0.0,0.0,0.0
3133,33,-311.2551,468.31927,-0.011190681,-0.10096449,0.2817963,-1.0728836e-06,0.29933756589889526,1.00658322287442e-09,6.914138414316069e-06,1.914836259584565,0.0,0.0,0.0
3134,33,-311.26016,468.33334,-0.011190681,-0.10061401,0.28081813,-1.1157989e-06,0.29829850792884827,1.00658322287442e-09,6.914138414316069e-06,1.914836259584565,0.0,0.0,0.0
3135,33,-311.26526,468.3474,-0.011190719,-0.1002648,0.27984333,-1.6212463e-06,0.2972630560398102,1.00658322287442e-09,6.914138414316069e-06,1.914836259584565,0.0,0.0,0.0
3136,33,-311.27032,468.36148,-0.011190719,-0.099916704,0.27887192,-1.6593933e-06,0.29623115062713623,1.00658322287442e-09,6.914138414316069e-06,1.914836259584565,0.0,0.0,0.0
3137,33,-311.27536,468.37555,-0.011190719,-0.09956981,0.27790385,-1.6593933e-06,0.2952027916908264,1.00658322287442e-09,6.914138414316069e-06,1.914836259584565,0.0,0.0,0.0
3138,33,-311.28024,468.3894,-0.011190719,-0.09922421,0.27693912,-1.2016296e-06,0.2941780388355255,1.00658322287442e-09,6.914138414316069e-06,1.914836259584565,0.0,0.0,0.0
3139,33,-311.28513,468.40308,-0.011190757,-0.09887961,0.27597782,-1.1634827e-06,0.29315683245658875,1.00658322287442e-09,6.914138414316069e-06,1.914836259584565,0.0,0.0,0.0
3140,33,-311.29,468.41675,-0.011190757,-0.09853651,0.27501974,-2.336502e-07,0.2921391725540161,1.00658322287442e-09,6.914138414316069e-06,1.914836259584565,0.0,0.0,0.0
3141,33,-311.2949,468.43042,-0.011190757,-0.09819448,0.274065,-1.2254715e-06,0.29112502932548523,1.00658322287442e-09,6.914138414316069e-06,1.914836259584565,0.0,0.0,0.0
3142,33,-311.29977,468.4441,-0.011190795,-0.0978536,0.27311364,-1.2779235e-06,0.29011446237564087,1.00658322287442e-09,6.914138414316069e-06,1.914836259584565,0.0,0.0,0.0
3143,33,-311.30466,468.45776,-0.011190795,-0.09751395,0.27216557,-1.3160706e-06,0.28910738229751587,1.00658322287442e-09,6.914138414316069e-06,1.914836259584565,0.0,0.0,0.0
3144,33,-311.30954,468.47144,-0.011190795,-0.09717543,0.27122074,-1.888275e-06,0.28810372948646545,1.00658322287442e-09,6.914138414316069e-06,1.914836259584565,0.0,0.0,0.0
3145,33,-311.31442,468.4851,-0.011190795,-0.09683811,0.2702792,-1.8978119e-06,0.2871035635471344,1.00658322287442e-09,6.914138414316069e-06,1.914836259584565,0.0,0.0,0.0
3146,33,-311.3193,468.49866,-0.011190795,-0.096501864,0.269341,-1.4495849e-06,0.2861069142818451,1.00658322287442e-09,6.914138414316069e-06,1.914836259584565,0.0,0.0,0.0
3147,33,-311.3242,468.51193,-0.011190795,-0.09616686,0.26840603,-1.4400482e-06,0.28511378169059753,1.00658322287442e-09,6.914138414316069e-06,1.914836259584565,0.0,0.0,0.0
3148,33,-311.32907,468.52524,-0.011190872,-0.095832944,0.26747435,-7.8201293e-07,0.2841240465641022,1.00658322287442e-09,6.914138414316069e-06,1.914836259584565,0.0,0.0,0.0
3149,33,-311.33383,468.5385,-0.011190872,-0.09550034,0.26654577,-5.5789945e-07,0.283137708902359,1.00658322287442e-09,6.914138414316069e-06,1.914836259584565,0.0,0.0,0.0
3150,33,-311.3385,468.5518,-0.011190872,-0.0951689,0.2656205,-1.5449524e-06,0.2821548581123352,1.00658322287442e-09,6.914138414316069e-06,1.914836259584565,0.0,0.0,0.0
3151,33,-311.3432,468.56506,-0.011190872,-0.09483853,0.26469845,-1.5687942e-06,0.2811754047870636,1.00658322287442e-09,6.914138414316069e-06,1.914836259584565,0.0,0.0,0.0
3152,33,-311.34787,468.57834,-0.011190872,-0.094509274,0.26377955,-1.1110305e-06,0.2801993191242218,1.00658322287442e-09,6.914138414316069e-06,1.914836259584565,0.0,0.0,0.0
3153,33,-311.35257,468.59164,-0.01119091,-0.09418122,0.2628639,-2.1648407e-06,0.2792266607284546,1.00658322287442e-09,6.914138414316069e-06,1.914836259584565,0.0,0.0,0.0
3154,33,-311.35727,468.60492,-0.01119091,-0.09385434,0.26195157,-1.7547607e-06,0.2782575488090515,1.00658322287442e-09,6.914138414316069e-06,1.914836259584565,0.0,0.0,0.0
3155,33,-311.36194,468.6179,-0.01119091,-0.09352858,0.26104236,-1.7642974e-06,0.27729174494743347,1.00658322287442e-09,6.914138414316069e-06,1.914836259584565,0.0,0.0,0.0
3156,33,-311.36664,468.63077,-0.01119091,-0.09320396,0.26013634,-1.2779235e-06,0.27632930874824524,1.00658322287442e-09,6.914138414316069e-06,1.914836259584565,0.0,0.0,0.0
3157,33,-311.3713,468.64365,-0.01119091,-0.09288037,0.2592335,-8.1062313e-07,0.2753702402114868,1.00658322287442e-09,6.914138414316069e-06,1.914836259584565,0.0,0.0,0.0
3158,33,-311.376,468.65656,-0.01119091,-0.09255808,0.2583337,-8.2015987e-07,0.2744144797325134,1.00658322287442e-09,6.914138414316069e-06,1.914836259584565,0.0,0.0,0.0
3159,33,-311.3807,468.66943,-0.01119091,-0.09223683,0.25743702,-1.8405914e-06,0.2734619677066803,1.00658322287442e-09,6.914138414316069e-06,1.914836259584565,0.0,0.0,0.0
3160,33,-311.38538,468.68234,-0.01119091,-0.091916695,0.2565435,-1.4448166e-06,0.272512823343277,1.00658322287442e-09,6.914138414316069e-06,1.914836259584565,0.0,0.0,0.0
3161,33,-311.38992,468.69522,-0.011190948,-0.09159766,0.25565302,-1.4877319e-06,0.2715669274330139,1.00658322287442e-09,6.914138414316069e-06,1.914836259584565,0.0,0.0,0.0
3162,33,-311.39444,468.7081,-0.01119091,-0.09127971,0.25476572,-1.5449524e-06,0.2706243693828583,1.00658322287442e-09,6.914138414316069e-06,1.914836259584565,0.0,0.0,0.0
3163,33,-311.39893,468.72098,-0.011190948,-0.0909629,0.25388142,-2.0551681e-06,0.2696850597858429,1.00658322287442e-09,6.914138414316069e-06,1.914836259584565,0.0,0.0,0.0
3164,33,-311.4034,468.73346,-0.011190948,-0.09064719,0.2530002,-2.069473e-06,0.2687489688396454,1.00658322287442e-09,6.914138414316069e-06,1.914836259584565,0.0,0.0,0.0
3165,33,-311.4079,468.74597,-0.011190986,-0.09033256,0.2521221,-1.6021728e-06,0.2678162157535553,1.00658322287442e-09,6.914138414316069e-06,1.914836259584565,0.0,0.0,0.0
3166,33,-311.41238,468.75845,-0.011190986,-0.090019025,0.251247,-1.077652e-06,0.2668866217136383,1.00658322287442e-09,6.914138414316069e-06,1.914836259584565,0.0,0.0,0.0
3167,34,-311.4169,468.77097,-0.011190986,-0.089706525,0.25037494,-1.0728836e-06,0.2659602761268616,1.00658322287442e-09,6.914138414316069e-06,1.914836259584565,0.0,0.0,0.0
3168,34,-311.4214,468.78348,-0.011190986,-0.08939522,0.24950588,-1.6212463e-06,0.2650371491909027,1.00658322287442e-09,6.914138414316069e-06,1.914836259584565,0.0,0.0,0.0
3169,34,-311.42587,468.79596,-0.011190986,-0.0890849,0.24863987,-1.6212463e-06,0.26411721110343933,1.00658322287442e-09,6.914138414316069e-06,1.914836259584565,0.0,0.0,0.0
3170,34,-311.43036,468.80847,-0.011191024,-0.08877568,0.24777679,-1.2540817e-06,0.26320043206214905,1.00658322287442e-09,6.914138414316069e-06,1.914836259584565,0.0,0.0,0.0
3171,34,-311.43484,468.82095,-0.011191024,-0.088467516,0.2469167,-1.2969971e-06,0.2622867822647095,1.00658322287442e-09,6.914138414316069e-06,1.914836259584565,0.0,0.0,0.0
3172,34,-311.43936,468.83344,-0.011191024,-0.088160455,0.24605969,-2.2888182e-06,0.26137644052505493,1.00658322287442e-09,6.914138414316069e-06,1.914836259584565,0.0,0.0,0.0
3173,34,-311.4438,468.84555,-0.011191024,-0.08785447,0.24520558,-2.2792815e-06,0.2604691684246063,1.00658322287442e-09,6.914138414316069e-06,1.914836259584565,0.0,0.0,0.0
3174,34,-311.4481,468.85764,-0.011191024,-0.087549366,0.24435452,-1.7976761e-06,0.2595650553703308,1.00658322287442e-09,6.914138414316069e-06,1.914836259584565,0.0,0.0,0.0
3175,34,-311.4524,468.86975,-0.011191024,-0.087245606,0.24350631,-1.335144e-06,0.2586641013622284,1.00658322287442e-09,6.914138414316069e-06,1.914836259584565,0.0,0.0,0.0
3176,34,-311.4567,468.88187,-0.011191101,-0.086942784,0.24266109,-1.25885e-06,0.2577662765979767,1.00658322287442e-09,6.914138414316069e-06,1.914836259584565,0.0,0.0,0.0
3177,34,-311.461,468.89398,-0.011191101,-0.086640984,0.2418188,-8.010864e-07,0.2568715512752533,1.00658322287442e-09,6.914138414316069e-06,1.914836259584565,0.0,0.0,0.0
3178,34,-311.46527,468.9061,-0.011191101,-0.086340114,0.2409795,-1.6164779e-06,0.2559799551963806,1.00658322287442e-09,6.914138414316069e-06,1.914836259584565,0.0,0.0,0.0
3179,34,-311.46957,468.91818,-0.011191101,-0.08604036,0.24014305,-1.4495849e-06,0.2550913989543915,1.00658322287442e-09,6.914138414316069e-06,1.914836259584565,0.0,0.0,0.0
3180,34,-311.47388,468.9303,-0.011191101,-0.085741796,0.23930945,-1.4781951e-06,0.25420594215393066,1.00658322287442e-09,6.914138414316069e-06,1.914836259584565,0.0,0.0,0.0
3181,34,-311.47818,468.9424,-0.011191101,-0.08544426,0.23847875,-1.5115737e-06,0.25332358479499817,1.00658322287442e-09,6.914138414316069e-06,1.914836259584565,0.0,0.0,0.0
3182,34,-311.48248,468.9542,-0.011191139,-0.085147664,0.23765096,-2.5272368e-06,0.2524442672729492,7.780726504243973e-10,5.3644179892240595e-06,1.914836259584565,0.0,0.0,0.0
3183,34,-311.48676,468.9659,-0.011191139,-0.08485209,0.23682602,-2.0885468e-06,0.2515679597854614,7.780726504243973e-10,5.3644179892240595e-06,1.914836259584565,0.0,0.0,0.0
3184,34,-311.49106,468.97763,-0.011191139,-0.084557615,0.23600392,-1.6403197e-06,0.25069472193717957,7.780726504243973e-10,5.3644179892240595e-06,1.914836259584565,0.0,0.0,0.0
3185,34,-311.49536,468.98935,-0.011191139,-0.08426409,0.2351847,-1.6450881e-06,0.24982449412345886,7.780726504243973e-10,5.3644179892240595e-06,1.914836259584565,0.0,0.0,0.0
3186,34,-311.49963,469.00107,-0.011191139,-0.08397177,0.2343683,-1.6164779e-06,0.2489573359489441,7.780726504243973e-10,5.3644179892240595e-06,1.914836259584565,0.0,0.0,0.0
3187,34,-311.50375,469.0128,-0.011191139,-0.08368009,0.23355484,-9.727478e-07,0.24809317290782928,7.780726504243973e-10,5.3644179892240595e-06,1.914836259584565,0.0,0.0,0.0
3188,34,-311.50784,469.0245,-0.011191139,-0.083389655,0.23274411,-1.2350082e-06,0.24723199009895325,7.780726504243973e-10,5.3644179892240595e-06,1.914836259584565,0.0,0.0,0.0
3189,34,-311.51193,469.03622,-0.011191139,-0.08310019,0.23193622,-1.7452239e-06,0.24637380242347717,7.780726504243973e-10,5.3644179892240595e-06,1.914836259584565,0.0,0.0,0.0
3190,34,-311.51605,469.04794,-0.011191139,-0.0828117,0.23113129,-1.8072128e-06,0.2455187439918518,7.780726504243973e-10,5.3644179892240595e-06,1.914836259584565,0.0,0.0,0.0
3191,34,-311.52014,469.0596,-0.011191177,-0.082524374,0.23032911,-2.374649e-06,0.24466665089130402,7.780726504243973e-10,5.3644179892240595e-06,1.914836259584565,0.0,0.0,0.0
3192,34,-311.52426,469.07092,-0.011191177,-0.08223797,0.22952981,-2.4414062e-06,0.24381758272647858,7.780726504243973e-10,5.3644179892240595e-06,1.914836259584565,0.0,0.0,0.0
3193,34,-311.52835,469.08224,-0.011191177,-0.08195259,0.22873321,-2.5224685e-06,0.24297142028808594,7.780726504243973e-10,5.3644179892240595e-06,1.914836259584565,0.0,0.0,0.0
3194,34,-311.53244,469.0936,-0.011191177,-0.081668176,0.22793941,-2.1076203e-06,0.24212820827960968,7.780726504243973e-10,5.3644179892240595e-06,1.914836259584565,0.0,0.0,0.0
3195,34,-311.53656,469.10492,-0.011191215,-0.0813847,0.22714843,-2.0980835e-06,0.2412879467010498,7.780726504243973e-10,5.3644179892240595e-06,1.914836259584565,0.0,0.0,0.0
3196,34,-311.54065,469.11624,-0.011191215,-0.081102245,0.22636014,-1.6021728e-06,0.24045059084892273,7.780726504243973e-10,5.3644179892240595e-06,1.914836259584565,0.0,0.0,0.0
3197,34,-311.54477,469.12756,-0.011191215,-0.080820866,0.22557455,-1.1539458e-06,0.23961614072322845,7.780726504243973e-10,5.3644179892240595e-06,1.914836259584565,0.0,0.0,0.0
3198,34,-311.54886,469.1389,-0.011191215,-0.08054036,0.2247917,-1.1444091e-06,0.2387845516204834,7.780726504243973e-10,5.3644179892240595e-06,1.914836259584565,0.0,0.0,0.0
3199,34,-311.55295,469.15024,-0.011191215,-0.08026085,0.22401156,-2.1648407e-06,0.23795583844184875,7.780726504243973e-10,5.3644179892240595e-06,1.914836259584565,0.0,0.0,0.0
3200,34,-311.55698,469.16156,-0.011191254,-0.07998235,0.22323407,-2.245903e-06,0.23712998628616333,7.780726504243973e-10,5.3644179892240595e-06,1.914836259584565,0.0,0.0,0.0
3201,34,-311.56088,469.17276,-0.011191254,-0.07970476,0.22245933,-1.8692016e-06,0.23630701005458832,7.780726504243973e-10,5.3644179892240595e-06,1.914836259584565,0.0,0.0,0.0
3202,34,-311.5648,469.1837,-0.011191254,-0.0794281,0.22168729,-2.4318695e-06,0.23548689484596252,7.780726504243973e-10,5.3644179892240595e-06,1.914836259584565,0.0,0.0,0.0
3203,34,-311.5687,469.19464,-0.011191254,-0.079152495,0.22091785,-2.7847288e-06,0.23466958105564117,7.780726504243973e-10,5.3644179892240595e-06,1.914836259584565,0.0,0.0,0.0
3204,34,-311.5726,469.20557,-0.011191254,-0.07887777,0.22015116,-2.6082992e-06,0.23385515809059143,7.780726504243973e-10,5.3644179892240595e-06,1.914836259584565,0.0,0.0,0.0
3205,34,-311.5765,469.21652,-0.011191254,-0.07860398,0.21938711,-2.603531e-06,0.23304355144500732,7.780726504243973e-10,5.3644179892240595e-06,1.914836259584565,0.0,0.0,0.0
3206,34,-311.5804,469.22745,-0.011191254,-0.078331076,0.21862581,-2.3603438e-06,0.23223480582237244,7.780726504243973e-10,5.3644179892240595e-06,1.914836259584565,0.0,0.0,0.0
3207,34,-311.58432,469.23837,-0.01119133,-0.07805902,0.21786717,-1.9168854e-06,0.2314288467168808,7.780726504243973e-10,5.3644179892240595e-06,1.914836259584565,0.0,0.0,0.0
3208,34,-311.58823,469.24933,-0.01119133,-0.07778808,0.21711105,-1.6784668e-06,0.23062565922737122,7.780726504243973e-10,5.3644179892240595e-06,1.914836259584565,0.0,0.0,0.0
3209,34,-311.59213,469.26025,-0.01119133,-0.077518344,0.21635745,-2.1648407e-06,0.2298252433538437,7.780726504243973e-10,5.3644179892240595e-06,1.914836259584565,0.0,0.0,0.0
3210,34,-311.59604,469.2712,-0.01119133,-0.07724944,0.21560648,-2.4938583e-06,0.22902756929397583,7.780726504243973e-10,5.3644179892240595e-06,1.914836259584565,0.0,0.0,0.0
3211,34,-311.59995,469.28214,-0.01119133,-0.07698135,0.21485819,-2.3317336e-06,0.2282327115535736,7.780726504243973e-10,5.3644179892240595e-06,1.914836259584565,0.0,0.0,0.0
3212,34,-311.60385,469.2927,-0.01119133,-0.07671421,0.2141125,-2.3794173e-06,0.22744062542915344,7.780726504243973e-10,5.3644179892240595e-06,1.914836259584565,0.0,0.0,0.0
3213,34,-311.60776,469.30322,-0.01119133,-0.07644792,0.21336938,-2.1743774e-06,0.22665122151374817,7.780726504243973e-10,5.3644179892240595e-06,1.914836259584565,0.0,0.0,0.0
3214,34,-311.61166,469.31378,-0.011191368,-0.076182604,0.21262881,-1.9502638e-06,0.22586455941200256,7.780726504243973e-10,5.3644179892240595e-06,1.914836259584565,0.0,0.0,0.0
3215,34,-311.6154,469.3243,-0.011191368,-0.07591826,0.21189088,-2.9754638e-06,0.2250807136297226,7.780726504243973e-10,5.3644179892240595e-06,1.914836259584565,0.0,0.0,0.0
3216,34,-311.61908,469.33487,-0.011191368,-0.07565466,0.2111555,-2.9850005e-06,0.22429952025413513,7.780726504243973e-10,5.3644179892240595e-06,1.914836259584565,0.0,0.0,0.0
3217,34,-311.6228,469.34543,-0.011191368,-0.07539206,0.2104227,-2.2935867e-06,0.22352106869220734,7.780726504243973e-10,5.3644179892240595e-06,1.914836259584565,0.0,0.0,0.0
3218,34,-311.62653,469.35596,-0.011191368,-0.075130165,0.20969248,-2.2745132e-06,0.22274531424045563,7.780726504243973e-10,5.3644179892240595e-06,1.914836259584565,0.0,0.0,0.0
3219,34,-311.63022,469.36652,-0.011191406,-0.07486933,0.20896472,-2.040863e-06,0.2219722419977188,7.780726504243973e-10,5.3644179892240595e-06,1.914836259584565,0.0,0.0,0.0
3220,34,-311.63394,469.37704,-0.011191406,-0.074609704,0.20823939,-2.0456314e-06,0.2212018370628357,7.780726504243973e-10,5.3644179892240595e-06,1.914836259584565,0.0,0.0,0.0
3221,34,-311.63763,469.3876,-0.011191406,-0.07435086,0.20751663,-2.0980835e-06,0.22043411433696747,7.780726504243973e-10,5.3644179892240595e-06,1.914836259584565,0.0,0.0,0.0
3222,34,-311.64136,469.398,-0.011191406,-0.07409276,0.20679645,-2.6798248e-06,0.21966908872127533,7.780726504243973e-10,5.3644179892240595e-06,1.914836259584565,0.0,0.0,0.0
3223,34,-311.64508,469.40814,-0.011191406,-0.07383566,0.20607863,-2.541542e-06,0.21890662610530853,7.780726504243973e-10,5.3644179892240595e-06,1.914836259584565,0.0,0.0,0.0
3224,34,-311.64877,469.4183,-0.011191406,-0.0735795,0.20536338,-2.3651123e-06,0.21814687550067902,7.780726504243973e-10,5.3644179892240595e-06,1.914836259584565,0.0,0.0,0.0
3225,34,-311.6525,469.42847,-0.011191406,-0.07332396,0.20465069,-2.4080275e-06,0.2173897624015808,7.780726504243973e-10,5.3644179892240595e-06,1.914836259584565,0.0,0.0,0.0
3226,34,-311.6562,469.43863,-0.011191406,-0.07306965,0.20394035,-3.4570694e-06,0.21663527190685272,7.780726504243973e-10,5.3644179892240595e-06,1.914836259584565,0.0,0.0,0.0
3227,34,-311.6599,469.4488,-0.0111914445,-0.07281599,0.20323256,-3.2377243e-06,0.21588338911533356,7.780726504243973e-10,5.3644179892240595e-06,1.914836259584565,0.0,0.0,0.0
3228,34,-311.66364,469.45892,-0.0111914445,-0.07256317,0.20252723,-2.7894973e-06,0.21513411402702332,7.780726504243973e-10,5.3644179892240595e-06,1.914836259584565,0.0,0.0,0.0
3229,34,-311.66733,469.4691,-0.0111914445,-0.072311275,0.20182434,-2.7847288e-06,0.2143874615430832,7.780726504243973e-10,5.3644179892240595e-06,1.914836259584565,0.0,0.0,0.0
3230,34,-311.67087,469.47925,-0.0111914445,-0.072059914,0.20112398,-2.5463103e-06,0.21364335715770721,7.780726504243973e-10,5.3644179892240595e-06,1.914836259584565,0.0,0.0,0.0
3231,34,-311.67438,469.4894,-0.0111914445,-0.07180998,0.20042594,-2.298355e-06,0.21290193498134613,7.780726504243973e-10,5.3644179892240595e-06,1.914836259584565,0.0,0.0,0.0
3232,34,-311.67792,469.49957,-0.0111914445,-0.071561016,0.19973023,-2.5939942e-06,0.2121630162000656,7.780726504243973e-10,5.3644179892240595e-06,1.914836259584565,0.0,0.0,0.0
3233,34,-311.68143,469.5096,-0.0111914445,-0.07131272,0.199037,-3.118515e-06,0.21142666041851044,7.780726504243973e-10,5.3644179892240595e-06,1.914836259584565,0.0,0.0,0.0
3234,34,-311.68494,469.51938,-0.0111914445,-0.07106533,0.1983461,-2.7179717e-06,0.21069280803203583,7.780726504243973e-10,5.3644179892240595e-06,1.914836259584565,0.0,0.0,0.0
3235,34,-311.68845,469.52914,-0.0111914445,-0.07081858,0.19765778,-2.7513504e-06,0.20996159315109253,7.780726504243973e-10,5.3644179892240595e-06,1.914836259584565,0.0,0.0,0.0
3236,34,-311.69196,469.5389,-0.011191483,-0.07057281,0.19697171,-2.822876e-06,0.20923283696174622,7.780726504243973e-10,5.3644179892240595e-06,1.914836259584565,0.0,0.0,0.0
3237,34,-311.6955,469.54868,-0.011191521,-0.07032791,0.19628806,-3.8576127e-06,0.20850664377212524,7.780726504243973e-10,5.3644179892240595e-06,1.914836259584565,0.0,0.0,0.0
3238,34,-311.699,469.55844,-0.011191521,-0.070083834,0.19560686,-2.0885468e-06,0.2077830284833908,7.780726504243973e-10,5.3644179892240595e-06,1.914836259584565,0.0,0.0,0.0
3239,34,-311.7025,469.5682,-0.011191521,-0.06984072,0.19492805,-1.7261505e-06,0.2070620059967041,7.780726504243973e-10,5.3644179892240595e-06,1.914836259584565,0.0,0.0,0.0
3240,34,-311.70602,469.57797,-0.011191521,-0.069598146,0.1942517,-1.5878677e-06,0.20634345710277557,7.780726504243973e-10,5.3644179892240595e-06,1.914836259584565,0.0,0.0,0.0
3241,34,-311.70953,469.58774,-0.011191521,-0.06935679,0.19357757,-2.450943e-06,0.2056274265050888,7.780726504243973e-10,5.3644179892240595e-06,1.914836259584565,0.0,0.0,0.0
3242,34,-311.71307,469.5975,-0.011191521,-0.06911615,0.19290587,-2.040863e-06,0.204913929104805,7.780726504243973e-10,5.3644179892240595e-06,1.914836259584565,0.0,0.0,0.0
3243,34,-311.71658,469.60727,-0.011191596,-0.068876155,0.19223651,-1.4305115e-06,0.20420284569263458,7.780726504243973e-10,5.3644179892240595e-06,1.914836259584565,0.0,0.0,0.0
3244,34,-311.7201,469.61703,-0.011191596,-0.06863704,0.19156946,-1.2397766e-06,0.20349423587322235,7.780726504243973e-10,5.3644179892240595e-06,1.914836259584565,0.0,0.0,0.0
3245,34,-311.7236,469.62646,-0.011191596,-0.06839877,0.19090472,-8.010864e-07,0.2027880698442459,7.780726504243973e-10,5.3644179892240595e-06,1.914836259584565,0.0,0.0,0.0
3246,34,-311.72696,469.63583,-0.011191596,-0.0681613,0.19024232,-4.005432e-07,0.20208439230918884,7.780726504243973e-10,5.3644179892240595e-06,1.914836259584565,0.0,0.0,0.0
3247,34,-311.73026,469.64523,-0.011191596,-0.0679251,0.18958206,-4.673004e-07,0.20138315856456757,7.780726504243973e-10,5.3644179892240595e-06,1.914836259584565,0.0,0.0,0.0
3248,34,-311.73358,469.6546,-0.011191596,-0.06768947,0.1889242,-7.6293944e-08,0.20068436861038208,7.780726504243973e-10,5.3644179892240595e-06,1.914836259584565,0.0,0.0,0.0
3249,34,-311.7369,469.66397,-0.011191634,-0.06745459,0.18826866,9.5367426e-08,0.19998803734779358,7.780726504243973e-10,5.3644179892240595e-06,1.914836259584565,0.0,0.0,0.0
3250,34,-311.74023,469.67334,-0.011191634,-0.0672205,0.18761541,-9.536743e-09,0.1992940902709961,7.780726504243973e-10,5.3644179892240595e-06,1.914836259584565,0.0,0.0,0.0
3251,34,-311.74356,469.6827,-0.011191634,-0.066987254,0.18696438,1.3828277e-07,0.19860254228115082,7.780726504243973e-10,5.3644179892240595e-06,1.914836259584565,0.0,0.0,0.0
3252,34,-311.74686,469.6921,-0.011191634,-0.06675482,0.18631563,2.7656554e-07,0.19791342318058014,7.780726504243973e-10,5.3644179892240595e-06,1.914836259584565,0.0,0.0,0.0
3253,34,-311.75018,469.70148,-0.011191634,-0.06652317,0.18566911,-5.8174135e-07,0.1972266435623169,7.780726504243973e-10,5.3644179892240595e-06,1.914836259584565,0.0,0.0,0.0
3254,34,-311.7535,469.71085,-0.011191634,-0.06629234,0.18502484,1.4305114e-08,0.19654227793216705,7.780726504243973e-10,5.3644179892240595e-06,1.914836259584565,0.0,0.0,0.0
3255,34,-311.75684,469.7202,-0.011191634,-0.06606231,0.18438281,1.6212464e-07,0.19586028158664703,7.780726504243973e-10,5.3644179892240595e-06,1.914836259584565,0.0,0.0,0.0
3256,34,-311.76016,469.72958,-0.011191634,-0.06583306,0.18374297,7.9631803e-07,0.19518060982227325,7.780726504243973e-10,5.3644179892240595e-06,1.914836259584565,0.0,0.0,0.0
3257,34,-311.76346,469.73865,-0.011191634,-0.06560462,0.1831054,9.679794e-07,0.19450335204601288,7.780726504243973e-10,5.3644179892240595e-06,1.914836259584565,0.0,0.0,0.0
3258,34,-311.76678,469.74765,-0.011191673,-0.06537695,0.18247,1.3923644e-06,0.19382838904857635,7.780726504243973e-10,5.3644179892240595e-06,1.914836259584565,0.0,0.0,0.0
3259,34,-311.7701,469.75662,-0.011191673,-0.065150104,0.18183683,2.026558e-06,0.19315581023693085,7.780726504243973e-10,5.3644179892240595e-06,1.914836259584565,0.0,0.0,0.0
3260,34,-311.77344,469.76562,-0.011191673,-0.06492403,0.18120584,2.4318695e-06,0.19248554110527039,7.780726504243973e-10,5.3644179892240595e-06,1.914836259584565,0.0,0.0,0.0
3261,34,-311.77676,469.7746,-0.011191673,-0.06469871,0.18057707,2.117157e-06,0.19181762635707855,7.780726504243973e-10,5.3644179892240595e-06,1.914836259584565,0.0,0.0,0.0
3262,34,-311.78006,469.78357,-0.011191673,-0.06447427,0.1799504,1.7786026e-06,0.19115197658538818,7.780726504243973e-10,5.3644179892240595e-06,1.914836259584565,0.0,0.0,0.0
3263,34,-311.7832,469.79257,-0.011191673,-0.064250514,0.179326,1.9216536e-06,0.19048869609832764,7.780726504243973e-10,5.3644179892240595e-06,1.914836259584565,0.0,0.0,0.0
3264,34,-311.78632,469.80154,-0.011191711,-0.06402756,0.17870374,2.0313262e-06,0.18982769548892975,7.780726504243973e-10,5.3644179892240595e-06,1.914836259584565,0.0,0.0,0.0
3265,34,-311.78946,469.81055,-0.011191711,-0.06380536,0.17808364,2.117157e-06,0.1891689896583557,7.780726504243973e-10,5.3644179892240595e-06,1.914836259584565,0.0,0.0,0.0
3266,34,-311.79257,469.81952,-0.011191711,-0.063584,0.17746565,1.7738342e-06,0.18851254880428314,7.780726504243973e-10,5.3644179892240595e-06,1.914836259584565,0.0,0.0,0.0
3267,34,-311.7957,469.8285,-0.011191711,-0.06336336,0.17684984,1.87397e-06,0.18785841763019562,7.780726504243973e-10,5.3644179892240595e-06,1.914836259584565,0.0,0.0,0.0
3268,34,-311.79883,469.8375,-0.011191711,-0.06314347,0.17623621,1.9454956e-06,0.18720656633377075,7.780726504243973e-10,5.3644179892240595e-06,1.914836259584565,0.0,0.0,0.0
3269,34,-311.80194,469.84634,-0.011191711,-0.06292438,0.17562465,2.4604797e-06,0.18655696511268616,7.780726504243973e-10,5.3644179892240595e-06,1.914836259584565,0.0,0.0,0.0
3270,34,-311.80194,469.84634,-0.011119728,-1.9462514e-05,5.4431945e-05,2.0599364e-06,5.784349195891991e-05,7.275957214688078e-12,0.0001752376414463917,1.9148393222198186,0.0,0.0,0.0
3271,34,-311.80194,469.84634,-0.011109467,1.7874155e-06,-4.992989e-06,1.7356872e-06,5.580090146395378e-06,-7.275957214688078e-12,0.00019979475323755663,1.9148393222198186,0.0,0.0,0.0
3272,34,-311.80194,469.84634,-0.01111969,8.067601e-06,-2.2396613e-05,2.1266937e-06,2.3900151063571684e-05,7.275957214688078e-12,0.0001752376414463917,1.9148393222198186,0.0,0.0,0.0
3273,34,-311.80194,469.84634,-0.011134529,8.631993e-06,-2.4202167e-05,1.9741058e-06,2.5771170840016566e-05,-7.275957214688078e-12,0.0001400709113410856,1.9148393222198186,0.0,0.0,0.0
3274,34,-311.80197,469.8464,-0.011148453,7.48899e-06,-2.090342e-05,2.6512146e-06,2.2362175513990223e-05,-3.637978607344039e-12,0.00010704993258318995,1.9148393222198186,0.0,0.0,0.0
3275,34,-311.80197,469.8464,-0.011159897,5.9123504e-06,-1.6593449e-05,2.1791457e-06,1.7749567632563412e-05,0.0,7.98702231693548e-05,1.9148393222198186,0.0,0.0,0.0
3276,34,-311.80197,469.8464,-0.011168708,4.482624e-06,-1.2603661e-05,1.7499923e-06,1.3491058780346066e-05,0.0,5.853175871761219e-05,1.9148393222198186,0.0,0.0,0.0
3277,34,-311.80197,469.8464,-0.011175308,3.362879e-06,-9.389778e-06,2.4318695e-06,1.0266006029269192e-05,0.0,4.315375892409971e-05,1.9148393222198186,0.0,0.0,0.0
3278,34,-311.80197,469.8464,-0.011175308,0.0,-0.0,0.0,0.0,0.0,4.315375892409971e-05,1.9148393222198186,0.0,0.0,0.0
3279,34,-311.80197,469.8464,-0.011175308,0.0,-0.0,0.0,0.0,0.0,4.315375892409971e-05,1.9148393222198186,0.0,0.0,0.0
3280,34,-311.80197,469.8464,-0.011175308,0.0,-0.0,0.0,0.0,0.0,4.315375892409971e-05,1.9148393222198186,0.0,0.0,0.0
3281,34,-311.80197,469.8464,-0.011175308,0.0,-0.0,0.0,0.0,0.0,4.315375892409971e-05,1.9148393222198186,0.0,0.0,0.0
3282,34,-311.80197,469.8464,-0.011175308,0.0,-0.0,0.0,0.0,0.0,4.315375892409971e-05,1.9148393222198186,0.0,0.0,0.0
3283,34,-311.80197,469.8464,-0.011175308,0.0,-0.0,0.0,0.0,0.0,4.315375892409971e-05,1.9148393222198186,0.0,0.0,0.0
3284,34,-311.80197,469.8464,-0.011175308,0.0,-0.0,0.0,0.0,0.0,4.315375892409971e-05,1.9148393222198186,0.0,0.0,0.0
3285,34,-311.80197,469.8464,-0.011175308,0.0,-0.0,0.0,0.0,0.0,4.315375892409971e-05,1.9148393222198186,0.0,0.0,0.0
3286,34,-311.80197,469.8464,-0.011175308,0.0,-0.0,0.0,0.0,0.0,4.315375892409971e-05,1.9148393222198186,0.0,0.0,0.0
3287,34,-311.80197,469.8464,-0.011175308,0.0,-0.0,0.0,0.0,0.0,4.315375892409971e-05,1.9148393222198186,0.0,0.0,0.0
3288,34,-311.80197,469.8464,-0.011175308,0.0,-0.0,0.0,0.0,0.0,4.315375892409971e-05,1.9148393222198186,0.0,0.0,0.0
3289,34,-311.80197,469.8464,-0.011175308,0.0,-0.0,0.0,0.0,0.0,4.315375892409971e-05,1.9148393222198186,0.0,0.0,0.0
3290,34,-311.80197,469.8464,-0.011175308,0.0,-0.0,0.0,0.0,0.0,4.315375892409971e-05,1.9148393222198186,0.0,0.0,0.0
3291,34,-311.80197,469.8464,-0.011175308,0.0,-0.0,0.0,0.0,0.0,4.315375892409971e-05,1.9148393222198186,0.0,0.0,0.0
3292,34,-311.80197,469.8464,-0.011175308,0.0,-0.0,0.0,0.0,0.0,4.315375892409971e-05,1.9148393222198186,0.0,0.0,0.0
3293,34,-311.80197,469.8464,-0.011175308,0.0,-0.0,0.0,0.0,0.0,4.315375892409971e-05,1.9148393222198186,0.0,0.0,0.0
3294,34,-311.80197,469.8464,-0.011175308,0.0,-0.0,0.0,0.0,0.0,4.315375892409971e-05,1.9148393222198186,0.0,0.0,0.0
3295,34,-311.80197,469.8464,-0.011175308,0.0,-0.0,0.0,0.0,0.0,4.315375892409971e-05,1.9148393222198186,0.0,0.0,0.0
3296,34,-311.80197,469.8464,-0.011175308,0.0,-0.0,0.0,0.0,0.0,4.315375892409971e-05,1.9148393222198186,0.0,0.0,0.0
3297,34,-311.80197,469.8464,-0.011175308,0.0,-0.0,0.0,0.0,0.0,4.315375892409971e-05,1.9148393222198186,0.0,0.0,0.0
3298,34,-311.80197,469.8464,-0.011175308,0.0,-0.0,0.0,0.0,0.0,4.315375892409971e-05,1.9148393222198186,0.0,0.0,0.0
3299,34,-311.80197,469.8464,-0.011175308,0.0,-0.0,0.0,0.0,0.0,4.315375892409971e-05,1.9148393222198186,0.0,0.0,0.0
3300,34,-311.80197,469.8464,-0.011175308,0.0,-0.0,0.0,0.0,0.0,4.315375892409971e-05,1.9148393222198186,0.0,0.0,0.0
3301,34,-311.80197,469.8464,-0.011175308,0.0,-0.0,0.0,0.0,0.0,4.315375892409971e-05,1.9148393222198186,0.0,0.0,0.0
3302,34,-311.80197,469.8464,-0.011175308,0.0,-0.0,0.0,0.0,0.0,4.315375892409971e-05,1.9148393222198186,0.0,0.0,0.0
3303,34,-311.80197,469.8464,-0.011175308,0.0,-0.0,0.0,0.0,0.0,4.315375892409971e-05,1.9148393222198186,0.0,0.0,0.0
3304,34,-311.80197,469.8464,-0.011175308,0.0,-0.0,0.0,0.0,0.0,4.315375892409971e-05,1.9148393222198186,0.0,0.0,0.0
3305,34,-311.80197,469.8464,-0.011175308,0.0,-0.0,0.0,0.0,0.0,4.315375892409971e-05,1.9148393222198186,0.0,0.0,0.0
3306,34,-311.80197,469.8464,-0.011175308,0.0,-0.0,0.0,0.0,0.0,4.315375892409971e-05,1.9148393222198186,0.0,0.0,0.0
3307,34,-311.80197,469.8464,-0.011175308,0.0,-0.0,0.0,0.0,0.0,4.315375892409971e-05,1.9148393222198186,0.0,0.0,0.0
3308,34,-311.80197,469.8464,-0.011175308,0.0,-0.0,0.0,0.0,0.0,4.315375892409971e-05,1.9148393222198186,0.0,0.0,0.0
3309,34,-311.80197,469.8464,-0.011175308,0.0,-0.0,0.0,0.0,0.0,4.315375892409971e-05,1.9148393222198186,0.0,0.0,0.0
3310,34,-311.80197,469.8464,-0.011175308,0.0,-0.0,0.0,0.0,0.0,4.315375892409971e-05,1.9148393222198186,0.0,0.0,0.0
3311,34,-311.80197,469.8464,-0.011175308,0.0,-0.0,0.0,0.0,0.0,4.315375892409971e-05,1.9148393222198186,0.0,0.0,0.0
3312,34,-311.80197,469.8464,-0.011175308,0.0,-0.0,0.0,0.0,0.0,4.315375892409971e-05,1.9148393222198186,0.0,0.0,0.0
3313,34,-311.80197,469.8464,-0.011175308,0.0,-0.0,0.0,0.0,0.0,4.315375892409971e-05,1.9148393222198186,0.0,0.0,0.0
3314,34,-311.80197,469.8464,-0.011175308,0.0,-0.0,0.0,0.0,0.0,4.315375892409971e-05,1.9148393222198186,0.0,0.0,0.0
3315,34,-311.80197,469.8464,-0.011175308,0.0,-0.0,0.0,0.0,0.0,4.315375892409971e-05,1.9148393222198186,0.0,0.0,0.0
3316,34,-311.80197,469.8464,-0.011175308,0.0,-0.0,0.0,0.0,0.0,4.315375892409971e-05,1.9148393222198186,0.0,0.0,0.0
3317,34,-311.80197,469.8464,-0.011175308,0.0,-0.0,0.0,0.0,0.0,4.315375892409971e-05,1.9148393222198186,0.0,0.0,0.0
3318,34,-311.80197,469.8464,-0.011175308,0.0,-0.0,0.0,0.0,0.0,4.315375892409971e-05,1.9148393222198186,0.0,0.0,0.0
3319,34,-311.80197,469.8464,-0.011175308,0.0,-0.0,0.0,0.0,0.0,4.315375892409971e-05,1.9148393222198186,0.0,0.0,0.0
3320,34,-311.80197,469.8464,-0.011175308,0.0,-0.0,0.0,0.0,0.0,4.315375892409971e-05,1.9148393222198186,0.0,0.0,0.0
3321,34,-311.80197,469.8464,-0.011175308,0.0,-0.0,0.0,0.0,0.0,4.315375892409971e-05,1.9148393222198186,0.0,0.0,0.0
3322,34,-311.80197,469.8464,-0.011175308,0.0,-0.0,0.0,0.0,0.0,4.315375892409971e-05,1.9148393222198186,0.0,0.0,0.0
3323,34,-311.80197,469.8464,-0.011175308,0.0,-0.0,0.0,0.0,0.0,4.315375892409971e-05,1.9148393222198186,0.0,0.0,0.0
3324,34,-311.80197,469.8464,-0.011175308,0.0,-0.0,0.0,0.0,0.0,4.315375892409971e-05,1.9148393222198186,0.0,0.0,0.0
3325,34,-311.80197,469.8464,-0.011175308,0.0,-0.0,0.0,0.0,0.0,4.315375892409971e-05,1.9148393222198186,0.0,0.0,0.0
3326,34,-311.80197,469.8464,-0.011175308,0.0,-0.0,0.0,0.0,0.0,4.315375892409971e-05,1.9148393222198186,0.0,0.0,0.0
3327,34,-311.80197,469.8464,-0.011175308,0.0,-0.0,0.0,0.0,0.0,4.315375892409971e-05,1.9148393222198186,0.0,0.0,0.0
3328,34,-311.80197,469.8464,-0.011175308,0.0,-0.0,0.0,0.0,0.0,4.315375892409971e-05,1.9148393222198186,0.0,0.0,0.0
3329,34,-311.80197,469.8464,-0.011175308,0.0,-0.0,0.0,0.0,0.0,4.315375892409971e-05,1.9148393222198186,0.0,0.0,0.0
3330,34,-311.80197,469.8464,-0.011175308,0.0,-0.0,0.0,0.0,0.0,4.315375892409971e-05,1.9148393222198186,0.0,0.0,0.0
3331,34,-311.80197,469.8464,-0.011175308,0.0,-0.0,0.0,0.0,0.0,4.315375892409971e-05,1.9148393222198186,0.0,0.0,0.0
3332,34,-311.80197,469.8464,-0.011175308,0.0,-0.0,0.0,0.0,0.0,4.315375892409971e-05,1.9148393222198186,0.0,0.0,0.0
3333,34,-311.80197,469.8464,-0.011175308,0.0,-0.0,0.0,0.0,0.0,4.315375892409971e-05,1.9148393222198186,0.0,0.0,0.0
3334,34,-311.80197,469.8464,-0.011175308,0.0,-0.0,0.0,0.0,0.0,4.315375892409971e-05,1.9148393222198186,0.0,0.0,0.0
3335,34,-311.80197,469.8464,-0.011175308,0.0,-0.0,0.0,0.0,0.0,4.315375892409971e-05,1.9148393222198186,0.0,0.0,0.0
3336,34,-311.80197,469.8464,-0.011175308,0.0,-0.0,0.0,0.0,0.0,4.315375892409971e-05,1.9148393222198186,0.0,0.0,0.0
3337,34,-311.80197,469.8464,-0.011175308,0.0,-0.0,0.0,0.0,0.0,4.315375892409971e-05,1.9148393222198186,0.0,0.0,0.0
3338,34,-311.80197,469.8464,-0.011175308,0.0,-0.0,0.0,0.0,0.0,4.315375892409971e-05,1.9148393222198186,0.0,0.0,0.0
3339,34,-311.80197,469.8464,-0.011175308,0.0,-0.0,0.0,0.0,0.0,4.315375892409971e-05,1.9148393222198186,0.0,0.0,0.0
3340,34,-311.80197,469.8464,-0.011175308,0.0,-0.0,0.0,0.0,0.0,4.315375892409971e-05,1.9148393222198186,0.0,0.0,0.0
3341,34,-311.80197,469.8464,-0.011175308,0.0,-0.0,0.0,0.0,0.0,4.315375892409971e-05,1.9148393222198186,0.0,0.0,0.0
3342,34,-311.80197,469.8464,-0.011175308,0.0,-0.0,0.0,0.0,0.0,4.315375892409971e-05,1.9148393222198186,0.0,0.0,0.0
3343,34,-311.80197,469.8464,-0.011175308,0.0,-0.0,0.0,0.0,0.0,4.315375892409971e-05,1.9148393222198186,0.0,0.0,0.0
3344,34,-311.80197,469.8464,-0.011175308,0.0,-0.0,0.0,0.0,0.0,4.315375892409971e-05,1.9148393222198186,0.0,0.0,0.0
3345,34,-311.80197,469.8464,-0.011175308,0.0,-0.0,0.0,0.0,0.0,4.315375892409971e-05,1.9148393222198186,0.0,0.0,0.0
3346,34,-311.80197,469.8464,-0.011175308,0.0,-0.0,0.0,0.0,0.0,4.315375892409971e-05,1.9148393222198186,0.0,0.0,0.0
3347,34,-311.80197,469.8464,-0.011175308,0.0,-0.0,0.0,0.0,0.0,4.315375892409971e-05,1.9148393222198186,0.0,0.0,0.0
3348,34,-311.80197,469.8464,-0.011175308,0.0,-0.0,0.0,0.0,0.0,4.315375892409971e-05,1.9148393222198186,0.0,0.0,0.0
3349,34,-311.80197,469.8464,-0.011175308,0.0,-0.0,0.0,0.0,0.0,4.315375892409971e-05,1.9148393222198186,0.0,0.0,0.0
3350,34,-311.80197,469.8464,-0.011175308,0.0,-0.0,0.0,0.0,0.0,4.315375892409971e-05,1.9148393222198186,0.0,0.0,0.0
3351,34,-311.80197,469.8464,-0.011175308,0.0,-0.0,0.0,0.0,0.0,4.315375892409971e-05,1.9148393222198186,0.0,0.0,0.0
3352,34,-311.80197,469.8464,-0.011175308,0.0,-0.0,0.0,0.0,0.0,4.315375892409971e-05,1.9148393222198186,0.0,0.0,0.0
3353,34,-311.80197,469.8464,-0.011175308,0.0,-0.0,0.0,0.0,0.0,4.315375892409971e-05,1.9148393222198186,0.0,0.0,0.0
3354,34,-311.80197,469.8464,-0.011175308,0.0,-0.0,0.0,0.0,0.0,4.315375892409971e-05,1.9148393222198186,0.0,0.0,0.0
3355,34,-311.80197,469.8464,-0.011175308,0.0,-0.0,0.0,0.0,0.0,4.315375892409971e-05,1.9148393222198186,0.0,0.0,0.0
3356,34,-311.80197,469.8464,-0.011175308,0.0,-0.0,0.0,0.0,0.0,4.315375892409971e-05,1.9148393222198186,0.0,0.0,0.0
3357,34,-311.80197,469.8464,-0.011175308,0.0,-0.0,0.0,0.0,0.0,4.315375892409971e-05,1.9148393222198186,0.0,0.0,0.0
3358,34,-311.80197,469.8464,-0.011175308,0.0,-0.0,0.0,0.0,0.0,4.315375892409971e-05,1.9148393222198186,0.0,0.0,0.0
3359,34,-311.80197,469.8464,-0.011175308,0.0,-0.0,0.0,0.0,0.0,4.315375892409971e-05,1.9148393222198186,0.0,0.0,0.0
3360,34,-311.80197,469.8464,-0.011175308,0.0,-0.0,0.0,0.0,0.0,4.315375892409971e-05,1.9148393222198186,0.0,0.0,0.0
3361,34,-311.80197,469.8464,-0.011175308,0.0,-0.0,0.0,0.0,0.0,4.315375892409971e-05,1.9148393222198186,0.0,0.0,0.0
3362,34,-311.80197,469.8464,-0.011175308,0.0,-0.0,0.0,0.0,0.0,4.315375892409971e-05,1.9148393222198186,0.0,0.0,0.0
3363,34,-311.80197,469.8464,-0.011175308,0.0,-0.0,0.0,0.0,0.0,4.315375892409971e-05,1.9148393222198186,0.0,0.0,0.0
3364,34,-311.80197,469.8464,-0.011175308,0.0,-0.0,0.0,0.0,0.0,4.315375892409971e-05,1.9148393222198186,0.0,0.0,0.0
3365,34,-311.80197,469.8464,-0.011175308,0.0,-0.0,0.0,0.0,0.0,4.315375892409971e-05,1.9148393222198186,0.0,0.0,0.0
3366,34,-311.80197,469.8464,-0.011175308,0.0,-0.0,0.0,0.0,0.0,4.315375892409971e-05,1.9148393222198186,0.0,0.0,0.0
3367,34,-311.80197,469.8464,-0.011175308,0.0,-0.0,0.0,0.0,0.0,4.315375892409971e-05,1.9148393222198186,0.0,0.0,0.0
3368,34,-311.80197,469.8464,-0.011175308,0.0,-0.0,0.0,0.0,0.0,4.315375892409971e-05,1.9148393222198186,0.0,0.0,0.0
3369,34,-311.80197,469.8464,-0.011175308,0.0,-0.0,0.0,0.0,0.0,4.315375892409971e-05,1.9148393222198186,0.0,0.0,0.0
3370,34,-311.80197,469.8464,-0.011175308,0.0,-0.0,0.0,0.0,0.0,4.315375892409971e-05,1.9148393222198186,0.0,0.0,0.0
3371,34,-311.80197,469.8464,-0.011175308,0.0,-0.0,0.0,0.0,0.0,4.315375892409971e-05,1.9148393222198186,0.0,0.0,0.0
3372,34,-311.80197,469.8464,-0.011175308,0.0,-0.0,0.0,0.0,0.0,4.315375892409971e-05,1.9148393222198186,0.0,0.0,0.0
3373,34,-311.80197,469.8464,-0.011175308,0.0,-0.0,0.0,0.0,0.0,4.315375892409971e-05,1.9148393222198186,0.0,0.0,0.0
3374,34,-311.80197,469.8464,-0.011175308,0.0,-0.0,0.0,0.0,0.0,4.315375892409971e-05,1.9148393222198186,0.0,0.0,0.0
3375,34,-311.80197,469.8464,-0.011175308,0.0,-0.0,0.0,0.0,0.0,4.315375892409971e-05,1.9148393222198186,0.0,0.0,0.0
3376,34,-311.80197,469.8464,-0.011175308,0.0,-0.0,0.0,0.0,0.0,4.315375892409971e-05,1.9148393222198186,0.0,0.0,0.0
3377,34,-311.80197,469.8464,-0.011175308,0.0,-0.0,0.0,0.0,0.0,4.315375892409971e-05,1.9148393222198186,0.0,0.0,0.0
3378,34,-311.80197,469.8464,-0.011175308,0.0,-0.0,0.0,0.0,0.0,4.315375892409971e-05,1.9148393222198186,0.0,0.0,0.0
3379,34,-311.80197,469.8464,-0.011175308,0.0,-0.0,0.0,0.0,0.0,4.315375892409971e-05,1.9148393222198186,0.0,0.0,0.0
3380,34,-311.80197,469.8464,-0.011175308,0.0,-0.0,0.0,0.0,0.0,4.315375892409971e-05,1.9148393222198186,0.0,0.0,0.0
3381,34,-311.80197,469.8464,-0.011175308,0.0,-0.0,0.0,0.0,0.0,4.315375892409971e-05,1.9148393222198186,0.0,0.0,0.0
3382,34,-311.80197,469.8464,-0.011175308,0.0,-0.0,0.0,0.0,0.0,4.315375892409971e-05,1.9148393222198186,0.0,0.0,0.0
3383,34,-311.80197,469.8464,-0.011175308,0.0,-0.0,0.0,0.0,0.0,4.315375892409971e-05,1.9148393222198186,0.0,0.0,0.0
3384,34,-311.80197,469.8464,-0.011175308,0.0,-0.0,0.0,0.0,0.0,4.315375892409971e-05,1.9148393222198186,0.0,0.0,0.0
3385,34,-311.80197,469.8464,-0.011175308,0.0,-0.0,0.0,0.0,0.0,4.315375892409971e-05,1.9148393222198186,0.0,0.0,0.0
3386,34,-311.80197,469.8464,-0.011175308,0.0,-0.0,0.0,0.0,0.0,4.315375892409971e-05,1.9148393222198186,0.0,0.0,0.0
3387,34,-311.80197,469.8464,-0.011175308,0.0,-0.0,0.0,0.0,0.0,4.315375892409971e-05,1.9148393222198186,0.0,0.0,0.0
3388,34,-311.80197,469.8464,-0.011175308,0.0,-0.0,0.0,0.0,0.0,4.315375892409971e-05,1.9148393222198186,0.0,0.0,0.0
3389,34,-311.80197,469.8464,-0.011175308,0.0,-0.0,0.0,0.0,0.0,4.315375892409971e-05,1.9148393222198186,0.0,0.0,0.0
3390,34,-311.80197,469.8464,-0.011175308,0.0,-0.0,0.0,0.0,0.0,4.315375892409971e-05,1.9148393222198186,0.0,0.0,0.0
3391,34,-311.80197,469.8464,-0.011175308,0.0,-0.0,0.0,0.0,0.0,4.315375892409971e-05,1.9148393222198186,0.0,0.0,0.0
3392,34,-311.80197,469.8464,-0.011175308,0.0,-0.0,0.0,0.0,0.0,4.315375892409971e-05,1.9148393222198186,0.0,0.0,0.0
3393,34,-311.80197,469.8464,-0.011175308,0.0,-0.0,0.0,0.0,0.0,4.315375892409971e-05,1.9148393222198186,0.0,0.0,0.0
3394,34,-311.80197,469.8464,-0.011175308,0.0,-0.0,0.0,0.0,0.0,4.315375892409971e-05,1.9148393222198186,0.0,0.0,0.0
3395,34,-311.80197,469.8464,-0.011175308,0.0,-0.0,0.0,0.0,0.0,4.315375892409971e-05,1.9148393222198186,0.0,0.0,0.0
3396,34,-311.80197,469.8464,-0.011175308,0.0,-0.0,0.0,0.0,0.0,4.315375892409971e-05,1.9148393222198186,0.0,0.0,0.0
3397,34,-311.80197,469.8464,-0.011175308,0.0,-0.0,0.0,0.0,0.0,4.315375892409971e-05,1.9148393222198186,0.0,0.0,0.0
3398,34,-311.80197,469.8464,-0.011175308,0.0,-0.0,0.0,0.0,0.0,4.315375892409971e-05,1.9148393222198186,0.0,0.0,0.0
3399,34,-311.80197,469.8464,-0.011175308,0.0,-0.0,0.0,0.0,0.0,4.315375892409971e-05,1.9148393222198186,0.0,0.0,0.0
3400,34,-311.80197,469.8464,-0.011175308,0.0,-0.0,0.0,0.0,0.0,4.315375892409971e-05,1.9148393222198186,0.0,0.0,0.0
3401,34,-311.80197,469.8464,-0.011175308,0.0,-0.0,0.0,0.0,0.0,4.315375892409971e-05,1.9148393222198186,0.0,0.0,0.0
3402,34,-311.80197,469.8464,-0.011175308,0.0,-0.0,0.0,0.0,0.0,4.315375892409971e-05,1.9148393222198186,0.0,0.0,0.0
3403,34,-311.80197,469.8464,-0.011175308,0.0,-0.0,0.0,0.0,0.0,4.315375892409971e-05,1.9148393222198186,0.0,0.0,0.0
3404,34,-311.80197,469.8464,-0.011175308,0.0,-0.0,0.0,0.0,0.0,4.315375892409971e-05,1.9148393222198186,0.0,0.0,0.0
3405,34,-311.80197,469.8464,-0.011175308,0.0,-0.0,0.0,0.0,0.0,4.315375892409971e-05,1.9148393222198186,0.0,0.0,0.0
3406,34,-311.80197,469.8464,-0.011175308,0.0,-0.0,0.0,0.0,0.0,4.315375892409971e-05,1.9148393222198186,0.0,0.0,0.0
3407,34,-311.80197,469.8464,-0.011175308,0.0,-0.0,0.0,0.0,0.0,4.315375892409971e-05,1.9148393222198186,0.0,0.0,0.0
3408,34,-311.80197,469.8464,-0.011175308,0.0,-0.0,0.0,0.0,0.0,4.315375892409971e-05,1.9148393222198186,0.0,0.0,0.0
3409,34,-311.80197,469.8464,-0.011175308,0.0,-0.0,0.0,0.0,0.0,4.315375892409971e-05,1.9148393222198186,0.0,0.0,0.0
3410,34,-311.80197,469.8464,-0.011175308,0.0,-0.0,0.0,0.0,0.0,4.315375892409971e-05,1.9148393222198186,0.0,0.0,0.0
3411,34,-311.80197,469.8464,-0.011175308,0.0,-0.0,0.0,0.0,0.0,4.315375892409971e-05,1.9148393222198186,0.0,0.0,0.0
3412,34,-311.80197,469.8464,-0.011175308,0.0,-0.0,0.0,0.0,0.0,4.315375892409971e-05,1.9148393222198186,0.0,0.0,0.0
3413,34,-311.80197,469.8464,-0.011175308,0.0,-0.0,0.0,0.0,0.0,4.315375892409971e-05,1.9148393222198186,0.0,0.0,0.0
3414,34,-311.80197,469.8464,-0.011175308,0.0,-0.0,0.0,0.0,0.0,4.315375892409971e-05,1.9148393222198186,0.0,0.0,0.0
3415,34,-311.80197,469.8464,-0.011175308,0.0,-0.0,0.0,0.0,0.0,4.315375892409971e-05,1.9148393222198186,0.0,0.0,0.0
3416,34,-311.80197,469.8464,-0.011175308,0.0,-0.0,0.0,0.0,0.0,4.315375892409971e-05,1.9148393222198186,0.0,0.0,0.0
3417,34,-311.80197,469.8464,-0.011175308,0.0,-0.0,0.0,0.0,0.0,4.315375892409971e-05,1.9148393222198186,0.0,0.0,0.0
3418,34,-311.80197,469.8464,-0.011175308,0.0,-0.0,0.0,0.0,0.0,4.315375892409971e-05,1.9148393222198186,0.0,0.0,0.0
3419,34,-311.80197,469.8464,-0.011175308,0.0,-0.0,0.0,0.0,0.0,4.315375892409971e-05,1.9148393222198186,0.0,0.0,0.0
3420,34,-311.80197,469.8464,-0.011175308,0.0,-0.0,0.0,0.0,0.0,4.315375892409971e-05,1.9148393222198186,0.0,0.0,0.0
3421,34,-311.80197,469.8464,-0.011175308,0.0,-0.0,0.0,0.0,0.0,4.315375892409971e-05,1.9148393222198186,0.0,0.0,0.0
3422,34,-311.80197,469.8464,-0.011175308,0.0,-0.0,0.0,0.0,0.0,4.315375892409971e-05,1.9148393222198186,0.0,0.0,0.0
3423,34,-311.80197,469.8464,-0.011175308,0.0,-0.0,0.0,0.0,0.0,4.315375892409971e-05,1.9148393222198186,0.0,0.0,0.0
3424,34,-311.80197,469.8464,-0.011175308,0.0,-0.0,0.0,0.0,0.0,4.315375892409971e-05,1.9148393222198186,0.0,0.0,0.0
3425,34,-311.80197,469.8464,-0.011175308,0.0,-0.0,0.0,0.0,0.0,4.315375892409971e-05,1.9148393222198186,0.0,0.0,0.0
3426,34,-311.80197,469.8464,-0.011175308,0.0,-0.0,0.0,0.0,0.0,4.315375892409971e-05,1.9148393222198186,0.0,0.0,0.0
3427,34,-311.80197,469.8464,-0.011175308,0.0,-0.0,0.0,0.0,0.0,4.315375892409971e-05,1.9148393222198186,0.0,0.0,0.0
3428,34,-311.80197,469.8464,-0.011175308,0.0,-0.0,0.0,0.0,0.0,4.315375892409971e-05,1.9148393222198186,0.0,0.0,0.0
3429,34,-311.80197,469.8464,-0.011175308,0.0,-0.0,0.0,0.0,0.0,4.315375892409971e-05,1.9148393222198186,0.0,0.0,0.0
3430,34,-311.80197,469.8464,-0.011175308,0.0,-0.0,0.0,0.0,0.0,4.315375892409971e-05,1.9148393222198186,0.0,0.0,0.0
3431,34,-311.80197,469.8464,-0.011175308,0.0,-0.0,0.0,0.0,0.0,4.315375892409971e-05,1.9148393222198186,0.0,0.0,0.0
3432,34,-311.80197,469.8464,-0.011175308,0.0,-0.0,0.0,0.0,0.0,4.315375892409971e-05,1.9148393222198186,0.0,0.0,0.0
3433,34,-311.80197,469.8464,-0.011175308,0.0,-0.0,0.0,0.0,0.0,4.315375892409971e-05,1.9148393222198186,0.0,0.0,0.0
3434,34,-311.80197,469.8464,-0.011175308,0.0,-0.0,0.0,0.0,0.0,4.315375892409971e-05,1.9148393222198186,0.0,0.0,0.0
3435,34,-311.80197,469.8464,-0.011175308,0.0,-0.0,0.0,0.0,0.0,4.315375892409971e-05,1.9148393222198186,0.0,0.0,0.0
3436,34,-311.80197,469.8464,-0.011175308,0.0,-0.0,0.0,0.0,0.0,4.315375892409971e-05,1.9148393222198186,0.0,0.0,0.0
3437,34,-311.80197,469.8464,-0.011175308,0.0,-0.0,0.0,0.0,0.0,4.315375892409971e-05,1.9148393222198186,0.0,0.0,0.0
3438,34,-311.80197,469.8464,-0.011175308,0.0,-0.0,0.0,0.0,0.0,4.315375892409971e-05,1.9148393222198186,0.0,0.0,0.0
3439,34,-311.80197,469.8464,-0.011175308,0.0,-0.0,0.0,0.0,0.0,4.315375892409971e-05,1.9148393222198186,0.0,0.0,0.0
3440,34,-311.80197,469.8464,-0.011175308,0.0,-0.0,0.0,0.0,0.0,4.315375892409971e-05,1.9148393222198186,0.0,0.0,0.0
3441,34,-311.80197,469.8464,-0.011175308,0.0,-0.0,0.0,0.0,0.0,4.315375892409971e-05,1.9148393222198186,0.0,0.0,0.0
3442,34,-311.80197,469.8464,-0.011175308,0.0,-0.0,0.0,0.0,0.0,4.315375892409971e-05,1.9148393222198186,0.0,0.0,0.0
3443,34,-311.80197,469.8464,-0.011175308,0.0,-0.0,0.0,0.0,0.0,4.315375892409971e-05,1.9148393222198186,0.0,0.0,0.0
3444,34,-311.80197,469.8464,-0.011175308,0.0,-0.0,0.0,0.0,0.0,4.315375892409971e-05,1.9148393222198186,0.0,0.0,0.0
3445,34,-311.80197,469.8464,-0.011175308,0.0,-0.0,0.0,0.0,0.0,4.315375892409971e-05,1.9148393222198186,0.0,0.0,0.0
3446,34,-311.80197,469.8464,-0.011175308,0.0,-0.0,0.0,0.0,0.0,4.315375892409971e-05,1.9148393222198186,0.0,0.0,0.0
3447,34,-311.80197,469.8464,-0.011175308,0.0,-0.0,0.0,0.0,0.0,4.315375892409971e-05,1.9148393222198186,0.0,0.0,0.0
3448,34,-311.80197,469.8464,-0.011175308,0.0,-0.0,0.0,0.0,0.0,4.315375892409971e-05,1.9148393222198186,0.0,0.0,0.0
3449,34,-311.80197,469.8464,-0.011175308,0.0,-0.0,0.0,0.0,0.0,4.315375892409971e-05,1.9148393222198186,0.0,0.0,0.0
3450,34,-311.80197,469.8464,-0.011175308,0.0,-0.0,0.0,0.0,0.0,4.315375892409971e-05,1.9148393222198186,0.0,0.0,0.0
3451,34,-311.80197,469.8464,-0.011175308,0.0,-0.0,0.0,0.0,0.0,4.315375892409971e-05,1.9148393222198186,0.0,0.0,0.0
3452,34,-311.80197,469.8464,-0.011175308,0.0,-0.0,0.0,0.0,0.0,4.315375892409971e-05,1.9148393222198186,0.0,0.0,0.0
3453,34,-311.80197,469.8464,-0.011175308,0.0,-0.0,0.0,0.0,0.0,4.315375892409971e-05,1.9148393222198186,0.0,0.0,0.0
3454,34,-311.80197,469.8464,-0.011175308,0.0,-0.0,0.0,0.0,0.0,4.315375892409971e-05,1.9148393222198186,0.0,0.0,0.0
3455,34,-311.80197,469.8464,-0.011175308,0.0,-0.0,0.0,0.0,0.0,4.315375892409971e-05,1.9148393222198186,0.0,0.0,0.0
3456,34,-311.80197,469.8464,-0.011175308,0.0,-0.0,0.0,0.0,0.0,4.315375892409971e-05,1.9148393222198186,0.0,0.0,0.0
3457,34,-311.80197,469.8464,-0.011175308,0.0,-0.0,0.0,0.0,0.0,4.315375892409971e-05,1.9148393222198186,0.0,0.0,0.0
3458,34,-311.80197,469.8464,-0.011175308,0.0,-0.0,0.0,0.0,0.0,4.315375892409971e-05,1.9148393222198186,0.0,0.0,0.0
3459,34,-311.80197,469.8464,-0.011175308,0.0,-0.0,0.0,0.0,0.0,4.315375892409971e-05,1.9148393222198186,0.0,0.0,0.0
3460,34,-311.80197,469.8464,-0.011175308,0.0,-0.0,0.0,0.0,0.0,4.315375892409971e-05,1.9148393222198186,0.0,0.0,0.0
3461,34,-311.80197,469.8464,-0.011175308,0.0,-0.0,0.0,0.0,0.0,4.315375892409971e-05,1.9148393222198186,0.0,0.0,0.0
3462,34,-311.80197,469.8464,-0.011175308,0.0,-0.0,0.0,0.0,0.0,4.315375892409971e-05,1.9148393222198186,0.0,0.0,0.0
3463,34,-311.80197,469.8464,-0.011175308,0.0,-0.0,0.0,0.0,0.0,4.315375892409971e-05,1.9148393222198186,0.0,0.0,0.0
3464,34,-311.80197,469.8464,-0.011175308,0.0,-0.0,0.0,0.0,0.0,4.315375892409971e-05,1.9148393222198186,0.0,0.0,0.0
3465,34,-311.80197,469.8464,-0.011175308,0.0,-0.0,0.0,0.0,0.0,4.315375892409971e-05,1.9148393222198186,0.0,0.0,0.0
3466,34,-311.80197,469.8464,-0.011175308,0.0,-0.0,0.0,0.0,0.0,4.315375892409971e-05,1.9148393222198186,0.0,0.0,0.0
3467,34,-311.80197,469.8464,-0.011175308,0.0,-0.0,0.0,0.0,0.0,4.315375892409971e-05,1.9148393222198186,0.0,0.0,0.0
3468,34,-311.80197,469.8464,-0.011175308,0.0,-0.0,0.0,0.0,0.0,4.315375892409971e-05,1.9148393222198186,0.0,0.0,0.0
3469,34,-311.80197,469.8464,-0.011175308,0.0,-0.0,0.0,0.0,0.0,4.315375892409971e-05,1.9148393222198186,0.0,0.0,0.0
3470,34,-311.80197,469.8464,-0.011175308,0.0,-0.0,0.0,0.0,0.0,4.315375892409971e-05,1.9148393222198186,0.0,0.0,0.0
3471,34,-311.80197,469.8464,-0.011175308,0.0,-0.0,0.0,0.0,0.0,4.315375892409971e-05,1.9148393222198186,0.0,0.0,0.0
3472,34,-311.80197,469.8464,-0.011175308,0.0,-0.0,0.0,0.0,0.0,4.315375892409971e-05,1.9148393222198186,0.0,0.0,0.0
3473,34,-311.80197,469.8464,-0.011175308,0.0,-0.0,0.0,0.0,0.0,4.315375892409971e-05,1.9148393222198186,0.0,0.0,0.0
3474,34,-311.80197,469.8464,-0.011175308,0.0,-0.0,0.0,0.0,0.0,4.315375892409971e-05,1.9148393222198186,0.0,0.0,0.0
3475,34,-311.80197,469.8464,-0.011175308,0.0,-0.0,0.0,0.0,0.0,4.315375892409971e-05,1.9148393222198186,0.0,0.0,0.0
3476,34,-311.80197,469.8464,-0.011175308,0.0,-0.0,0.0,0.0,0.0,4.315375892409971e-05,1.9148393222198186,0.0,0.0,0.0
3477,34,-311.80197,469.8464,-0.011175308,0.0,-0.0,0.0,0.0,0.0,4.315375892409971e-05,1.9148393222198186,0.0,0.0,0.0
3478,34,-311.80197,469.8464,-0.011175308,0.0,-0.0,0.0,0.0,0.0,4.315375892409971e-05,1.9148393222198186,0.0,0.0,0.0
3479,34,-311.80197,469.8464,-0.011175308,0.0,-0.0,0.0,0.0,0.0,4.315375892409971e-05,1.9148393222198186,0.0,0.0,0.0
3480,34,-311.80197,469.8464,-0.011175308,0.0,-0.0,0.0,0.0,0.0,4.315375892409971e-05,1.9148393222198186,0.0,0.0,0.0
3481,34,-311.80197,469.8464,-0.011175308,0.0,-0.0,0.0,0.0,0.0,4.315375892409971e-05,1.9148393222198186,0.0,0.0,0.0
3482,34,-311.80197,469.8464,-0.011175308,0.0,-0.0,0.0,0.0,0.0,4.315375892409971e-05,1.9148393222198186,0.0,0.0,0.0
3483,34,-311.80197,469.8464,-0.011175308,0.0,-0.0,0.0,0.0,0.0,4.315375892409971e-05,1.9148393222198186,0.0,0.0,0.0
3484,34,-311.80197,469.8464,-0.011175308,0.0,-0.0,0.0,0.0,0.0,4.315375892409971e-05,1.9148393222198186,0.0,0.0,0.0
3485,34,-311.80197,469.8464,-0.011175308,0.0,-0.0,0.0,0.0,0.0,4.315375892409971e-05,1.9148393222198186,0.0,0.0,0.0
3486,34,-311.80197,469.8464,-0.011175308,0.0,-0.0,0.0,0.0,0.0,4.315375892409971e-05,1.9148393222198186,0.0,0.0,0.0
3487,34,-311.80197,469.8464,-0.011175308,0.0,-0.0,0.0,0.0,0.0,4.315375892409971e-05,1.9148393222198186,0.0,0.0,0.0
3488,34,-311.80197,469.8464,-0.011175308,0.0,-0.0,0.0,0.0,0.0,4.315375892409971e-05,1.9148393222198186,0.0,0.0,0.0
3489,34,-311.80197,469.8464,-0.011175308,0.0,-0.0,0.0,0.0,0.0,4.315375892409971e-05,1.9148393222198186,0.0,0.0,0.0
3490,34,-311.80197,469.8464,-0.011175308,0.0,-0.0,0.0,0.0,0.0,4.315375892409971e-05,1.9148393222198186,0.0,0.0,0.0
3491,34,-311.80197,469.8464,-0.011175308,0.0,-0.0,0.0,0.0,0.0,4.315375892409971e-05,1.9148393222198186,0.0,0.0,0.0
3492,34,-311.80197,469.8464,-0.011175308,0.0,-0.0,0.0,0.0,0.0,4.315375892409971e-05,1.9148393222198186,0.0,0.0,0.0
3493,34,-311.80197,469.8464,-0.011175308,0.0,-0.0,0.0,0.0,0.0,4.315375892409971e-05,1.9148393222198186,0.0,0.0,0.0
3494,34,-311.80197,469.8464,-0.011175308,0.0,-0.0,0.0,0.0,0.0,4.315375892409971e-05,1.9148393222198186,0.0,0.0,0.0
3495,34,-311.80197,469.8464,-0.011175308,0.0,-0.0,0.0,0.0,0.0,4.315375892409971e-05,1.9148393222198186,0.0,0.0,0.0
3496,34,-311.80197,469.8464,-0.011175308,0.0,-0.0,0.0,0.0,0.0,4.315375892409971e-05,1.9148393222198186,0.0,0.0,0.0
3497,34,-311.80197,469.8464,-0.011175308,0.0,-0.0,0.0,0.0,0.0,4.315375892409971e-05,1.9148393222198186,0.0,0.0,0.0
3498,34,-311.80197,469.8464,-0.011175308,0.0,-0.0,0.0,0.0,0.0,4.315375892409971e-05,1.9148393222198186,0.0,0.0,0.0
3499,34,-311.80197,469.8464,-0.011175308,0.0,-0.0,0.0,0.0,0.0,4.315375892409971e-05,1.9148393222198186,0.0,0.0,0.0
3500,34,-311.80197,469.8464,-0.011175308,0.0,-0.0,0.0,0.0,0.0,4.315375892409971e-05,1.9148393222198186,0.0,0.0,0.0
3501,34,-311.80197,469.8464,-0.011175308,0.0,-0.0,0.0,0.0,0.0,4.315375892409971e-05,1.9148393222198186,0.0,0.0,0.0
3502,34,-311.80197,469.8464,-0.011175308,0.0,-0.0,0.0,0.0,0.0,4.315375892409971e-05,1.9148393222198186,0.0,0.0,0.0
3503,34,-311.80197,469.8464,-0.011175308,0.0,-0.0,0.0,0.0,0.0,4.315375892409971e-05,1.9148393222198186,0.0,0.0,0.0
3504,34,-311.80197,469.8464,-0.011175308,0.0,-0.0,0.0,0.0,0.0,4.315375892409971e-05,1.9148393222198186,0.0,0.0,0.0
3505,34,-311.80197,469.8464,-0.011175308,0.0,-0.0,0.0,0.0,0.0,4.315375892409971e-05,1.9148393222198186,0.0,0.0,0.0
3506,34,-311.80197,469.8464,-0.011175308,0.0,-0.0,0.0,0.0,0.0,4.315375892409971e-05,1.9148393222198186,0.0,0.0,0.0
3507,34,-311.80197,469.8464,-0.011175308,0.0,-0.0,0.0,0.0,0.0,4.315375892409971e-05,1.9148393222198186,0.0,0.0,0.0
3508,34,-311.80197,469.8464,-0.011175308,0.0,-0.0,0.0,0.0,0.0,4.315375892409971e-05,1.9148393222198186,0.0,0.0,0.0
3509,34,-311.80197,469.8464,-0.011175308,0.0,-0.0,0.0,0.0,0.0,4.315375892409971e-05,1.9148393222198186,0.0,0.0,0.0
3510,34,-311.80197,469.8464,-0.011175308,0.0,-0.0,0.0,0.0,0.0,4.315375892409971e-05,1.9148393222198186,0.0,0.0,0.0
3511,34,-311.80197,469.8464,-0.011175308,0.0,-0.0,0.0,0.0,0.0,4.315375892409971e-05,1.9148393222198186,0.0,0.0,0.0
3512,34,-311.80197,469.8464,-0.011175308,0.0,-0.0,0.0,0.0,0.0,4.315375892409971e-05,1.9148393222198186,0.0,0.0,0.0
3513,34,-311.80197,469.8464,-0.011175308,0.0,-0.0,0.0,0.0,0.0,4.315375892409971e-05,1.9148393222198186,0.0,0.0,0.0
3514,34,-311.80197,469.8464,-0.011175308,0.0,-0.0,0.0,0.0,0.0,4.315375892409971e-05,1.9148393222198186,0.0,0.0,0.0
3515,34,-311.80197,469.8464,-0.011175308,0.0,-0.0,0.0,0.0,0.0,4.315375892409971e-05,1.9148393222198186,0.0,0.0,0.0
3516,34,-311.80197,469.8464,-0.011175308,0.0,-0.0,0.0,0.0,0.0,4.315375892409971e-05,1.9148393222198186,0.0,0.0,0.0
3517,34,-311.80197,469.8464,-0.011175308,0.0,-0.0,0.0,0.0,0.0,4.315375892409971e-05,1.9148393222198186,0.0,0.0,0.0
3518,34,-311.80197,469.8464,-0.011175308,0.0,-0.0,0.0,0.0,0.0,4.315375892409971e-05,1.9148393222198186,0.0,0.0,0.0
3519,34,-311.80197,469.8464,-0.011175308,0.0,-0.0,0.0,0.0,0.0,4.315375892409971e-05,1.9148393222198186,0.0,0.0,0.0
3520,34,-311.80197,469.8464,-0.011175308,0.0,-0.0,0.0,0.0,0.0,4.315375892409971e-05,1.9148393222198186,0.0,0.0,0.0
3521,34,-311.80197,469.8464,-0.011175308,0.0,-0.0,0.0,0.0,0.0,4.315375892409971e-05,1.9148393222198186,0.0,0.0,0.0
3522,34,-311.80197,469.8464,-0.011175308,0.0,-0.0,0.0,0.0,0.0,4.315375892409971e-05,1.9148393222198186,0.0,0.0,0.0
3523,34,-311.80197,469.8464,-0.011175308,0.0,-0.0,0.0,0.0,0.0,4.315375892409971e-05,1.9148393222198186,0.0,0.0,0.0
3524,34,-311.80197,469.8464,-0.011175308,0.0,-0.0,0.0,0.0,0.0,4.315375892409971e-05,1.9148393222198186,0.0,0.0,0.0
3525,34,-311.80197,469.8464,-0.011175308,0.0,-0.0,0.0,0.0,0.0,4.315375892409971e-05,1.9148393222198186,0.0,0.0,0.0
3526,34,-311.80197,469.8464,-0.011175308,0.0,-0.0,0.0,0.0,0.0,4.315375892409971e-05,1.9148393222198186,0.0,0.0,0.0
3527,34,-311.80197,469.8464,-0.011175308,0.0,-0.0,0.0,0.0,0.0,4.315375892409971e-05,1.9148393222198186,0.0,0.0,0.0
3528,34,-311.80197,469.8464,-0.011175308,0.0,-0.0,0.0,0.0,0.0,4.315375892409971e-05,1.9148393222198186,0.0,0.0,0.0
3529,34,-311.80197,469.8464,-0.011175308,0.0,-0.0,0.0,0.0,0.0,4.315375892409971e-05,1.9148393222198186,0.0,0.0,0.0
3530,34,-311.80197,469.8464,-0.011175308,0.0,-0.0,0.0,0.0,0.0,4.315375892409971e-05,1.9148393222198186,0.0,0.0,0.0
3531,34,-311.80197,469.8464,-0.011175308,0.0,-0.0,0.0,0.0,0.0,4.315375892409971e-05,1.9148393222198186,0.0,0.0,0.0
3532,34,-311.80197,469.8464,-0.011175308,0.0,-0.0,0.0,0.0,0.0,4.315375892409971e-05,1.9148393222198186,0.0,0.0,0.0
3533,34,-311.80197,469.8464,-0.011175308,0.0,-0.0,0.0,0.0,0.0,4.315375892409971e-05,1.9148393222198186,0.0,0.0,0.0
3534,34,-311.80197,469.8464,-0.011175308,0.0,-0.0,0.0,0.0,0.0,4.315375892409971e-05,1.9148393222198186,0.0,0.0,0.0
3535,34,-311.80197,469.8464,-0.011175308,0.0,-0.0,0.0,0.0,0.0,4.315375892409971e-05,1.9148393222198186,0.0,0.0,0.0
3536,34,-311.80197,469.8464,-0.011175308,0.0,-0.0,0.0,0.0,0.0,4.315375892409971e-05,1.9148393222198186,0.0,0.0,0.0
3537,34,-311.80197,469.8464,-0.011175308,0.0,-0.0,0.0,0.0,0.0,4.315375892409971e-05,1.9148393222198186,0.0,0.0,0.0
3538,34,-311.80197,469.8464,-0.011175308,0.0,-0.0,0.0,0.0,0.0,4.315375892409971e-05,1.9148393222198186,0.0,0.0,0.0
3539,34,-311.80197,469.8464,-0.011175308,0.0,-0.0,0.0,0.0,0.0,4.315375892409971e-05,1.9148393222198186,0.0,0.0,0.0
3540,34,-311.80197,469.8464,-0.011175308,0.0,-0.0,0.0,0.0,0.0,4.315375892409971e-05,1.9148393222198186,0.0,0.0,0.0
3541,34,-311.80197,469.8464,-0.011175308,0.0,-0.0,0.0,0.0,0.0,4.315375892409971e-05,1.9148393222198186,0.0,0.0,0.0
3542,34,-311.80197,469.8464,-0.011175308,0.0,-0.0,0.0,0.0,0.0,4.315375892409971e-05,1.9148393222198186,0.0,0.0,0.0
3543,34,-311.80197,469.8464,-0.011175308,0.0,-0.0,0.0,0.0,0.0,4.315375892409971e-05,1.9148393222198186,0.0,0.0,0.0
3544,34,-311.80197,469.8464,-0.011175308,0.0,-0.0,0.0,0.0,0.0,4.315375892409971e-05,1.9148393222198186,0.0,0.0,0.0
3545,34,-311.80197,469.8464,-0.011175308,0.0,-0.0,0.0,0.0,0.0,4.315375892409971e-05,1.9148393222198186,0.0,0.0,0.0
3546,34,-311.80197,469.8464,-0.011175308,0.0,-0.0,0.0,0.0,0.0,4.315375892409971e-05,1.9148393222198186,0.0,0.0,0.0
3547,34,-311.80197,469.8464,-0.011175308,0.0,-0.0,0.0,0.0,0.0,4.315375892409971e-05,1.9148393222198186,0.0,0.0,0.0
3548,34,-311.80197,469.8464,-0.011175308,0.0,-0.0,0.0,0.0,0.0,4.315375892409971e-05,1.9148393222198186,0.0,0.0,0.0
3549,34,-311.80197,469.8464,-0.011175308,0.0,-0.0,0.0,0.0,0.0,4.315375892409971e-05,1.9148393222198186,0.0,0.0,0.0
3550,34,-311.80197,469.8464,-0.011175308,0.0,-0.0,0.0,0.0,0.0,4.315375892409971e-05,1.9148393222198186,0.0,0.0,0.0
3551,34,-311.80197,469.8464,-0.011175308,0.0,-0.0,0.0,0.0,0.0,4.315375892409971e-05,1.9148393222198186,0.0,0.0,0.0
3552,34,-311.80197,469.8464,-0.011175308,0.0,-0.0,0.0,0.0,0.0,4.315375892409971e-05,1.9148393222198186,0.0,0.0,0.0
3553,34,-311.80197,469.8464,-0.011175308,0.0,-0.0,0.0,0.0,0.0,4.315375892409971e-05,1.9148393222198186,0.0,0.0,0.0
3554,34,-311.80197,469.8464,-0.011175308,0.0,-0.0,0.0,0.0,0.0,4.315375892409971e-05,1.9148393222198186,0.0,0.0,0.0
3555,34,-311.80197,469.8464,-0.011175308,0.0,-0.0,0.0,0.0,0.0,4.315375892409971e-05,1.9148393222198186,0.0,0.0,0.0
3556,34,-311.80197,469.8464,-0.011175308,0.0,-0.0,0.0,0.0,0.0,4.315375892409971e-05,1.9148393222198186,0.0,0.0,0.0
3557,34,-311.80197,469.8464,-0.011175308,0.0,-0.0,0.0,0.0,0.0,4.315375892409971e-05,1.9148393222198186,0.0,0.0,0.0
3558,34,-311.80197,469.8464,-0.011175308,0.0,-0.0,0.0,0.0,0.0,4.315375892409971e-05,1.9148393222198186,0.0,0.0,0.0
3559,34,-311.80197,469.8464,-0.011175308,0.0,-0.0,0.0,0.0,0.0,4.315375892409971e-05,1.9148393222198186,0.0,0.0,0.0
3560,34,-311.80197,469.8464,-0.011175308,0.0,-0.0,0.0,0.0,0.0,4.315375892409971e-05,1.9148393222198186,0.0,0.0,0.0
3561,34,-311.80197,469.8464,-0.011175308,0.0,-0.0,0.0,0.0,0.0,4.315375892409971e-05,1.9148393222198186,0.0,0.0,0.0
3562,34,-311.80197,469.8464,-0.011175308,0.0,-0.0,0.0,0.0,0.0,4.315375892409971e-05,1.9148393222198186,0.0,0.0,0.0
3563,34,-311.80197,469.8464,-0.011175308,0.0,-0.0,0.0,0.0,0.0,4.315375892409971e-05,1.9148393222198186,0.0,0.0,0.0
3564,34,-311.80197,469.8464,-0.011175308,0.0,-0.0,0.0,0.0,0.0,4.315375892409971e-05,1.9148393222198186,0.0,0.0,0.0
3565,34,-311.80197,469.8464,-0.011175308,0.0,-0.0,0.0,0.0,0.0,4.315375892409971e-05,1.9148393222198186,0.0,0.0,0.0
3566,34,-311.80197,469.8464,-0.011175308,0.0,-0.0,0.0,0.0,0.0,4.315375892409971e-05,1.9148393222198186,0.0,0.0,0.0
3567,34,-311.80197,469.8464,-0.011175308,0.0,-0.0,0.0,0.0,0.0,4.315375892409971e-05,1.9148393222198186,0.0,0.0,0.0
3568,34,-311.80197,469.8464,-0.011175308,0.0,-0.0,0.0,0.0,0.0,4.315375892409971e-05,1.9148393222198186,0.0,0.0,0.0
3569,34,-311.80197,469.8464,-0.011175308,0.0,-0.0,0.0,0.0,0.0,4.315375892409971e-05,1.9148393222198186,0.0,0.0,0.0
3570,34,-311.80197,469.8464,-0.011175308,0.0,-0.0,0.0,0.0,0.0,4.315375892409971e-05,1.9148393222198186,0.0,0.0,0.0
3571,34,-311.80197,469.8464,-0.011175308,0.0,-0.0,0.0,0.0,0.0,4.315375892409971e-05,1.9148393222198186,0.0,0.0,0.0
3572,34,-311.80197,469.8464,-0.011175308,0.0,-0.0,0.0,0.0,0.0,4.315375892409971e-05,1.9148393222198186,0.0,0.0,0.0
3573,34,-311.80197,469.8464,-0.011175308,0.0,-0.0,0.0,0.0,0.0,4.315375892409971e-05,1.9148393222198186,0.0,0.0,0.0
3574,34,-311.80197,469.8464,-0.011175308,0.0,-0.0,0.0,0.0,0.0,4.315375892409971e-05,1.9148393222198186,0.0,0.0,0.0
3575,34,-311.80197,469.8464,-0.011175308,0.0,-0.0,0.0,0.0,0.0,4.315375892409971e-05,1.9148393222198186,0.0,0.0,0.0
3576,34,-311.80197,469.8464,-0.011175308,0.0,-0.0,0.0,0.0,0.0,4.315375892409971e-05,1.9148393222198186,0.0,0.0,0.0
3577,34,-311.80197,469.8464,-0.011175308,0.0,-0.0,0.0,0.0,0.0,4.315375892409971e-05,1.9148393222198186,0.0,0.0,0.0
3578,34,-311.80197,469.8464,-0.011175308,0.0,-0.0,0.0,0.0,0.0,4.315375892409971e-05,1.9148393222198186,0.0,0.0,0.0
3579,34,-311.80197,469.8464,-0.011175308,0.0,-0.0,0.0,0.0,0.0,4.315375892409971e-05,1.9148393222198186,0.0,0.0,0.0
3580,34,-311.80197,469.8464,-0.011175308,0.0,-0.0,0.0,0.0,0.0,4.315375892409971e-05,1.9148393222198186,0.0,0.0,0.0
3581,34,-311.80197,469.8464,-0.011175308,0.0,-0.0,0.0,0.0,0.0,4.315375892409971e-05,1.9148393222198186,0.0,0.0,0.0
3582,34,-311.80197,469.8464,-0.011175308,0.0,-0.0,0.0,0.0,0.0,4.315375892409971e-05,1.9148393222198186,0.0,0.0,0.0
3583,34,-311.80197,469.8464,-0.011175308,0.0,-0.0,0.0,0.0,0.0,4.315375892409971e-05,1.9148393222198186,0.0,0.0,0.0
3584,34,-311.80197,469.8464,-0.011175308,0.0,-0.0,0.0,0.0,0.0,4.315375892409971e-05,1.9148393222198186,0.0,0.0,0.0
3585,34,-311.80197,469.8464,-0.011175308,0.0,-0.0,0.0,0.0,0.0,4.315375892409971e-05,1.9148393222198186,0.0,0.0,0.0
3586,34,-311.80197,469.8464,-0.011175308,0.0,-0.0,0.0,0.0,0.0,4.315375892409971e-05,1.9148393222198186,0.0,0.0,0.0
3587,34,-311.80197,469.8464,-0.011175308,0.0,-0.0,0.0,0.0,0.0,4.315375892409971e-05,1.9148393222198186,0.0,0.0,0.0
3588,34,-311.80197,469.8464,-0.011175308,0.0,-0.0,0.0,0.0,0.0,4.315375892409971e-05,1.9148393222198186,0.0,0.0,0.0
3589,34,-311.80197,469.8464,-0.011175308,0.0,-0.0,0.0,0.0,0.0,4.315375892409971e-05,1.9148393222198186,0.0,0.0,0.0
3590,34,-311.80197,469.8464,-0.011175308,0.0,-0.0,0.0,0.0,0.0,4.315375892409971e-05,1.9148393222198186,0.0,0.0,0.0
3591,34,-311.80197,469.8464,-0.011175308,0.0,-0.0,0.0,0.0,0.0,4.315375892409971e-05,1.9148393222198186,0.0,0.0,0.0
3592,34,-311.80197,469.8464,-0.011175308,0.0,-0.0,0.0,0.0,0.0,4.315375892409971e-05,1.9148393222198186,0.0,0.0,0.0
3593,34,-311.80197,469.8464,-0.011175308,0.0,-0.0,0.0,0.0,0.0,4.315375892409971e-05,1.9148393222198186,0.0,0.0,0.0
3594,34,-311.80197,469.8464,-0.011175308,0.0,-0.0,0.0,0.0,0.0,4.315375892409971e-05,1.9148393222198186,0.0,0.0,0.0
3595,34,-311.80197,469.8464,-0.011175308,0.0,-0.0,0.0,0.0,0.0,4.315375892409971e-05,1.9148393222198186,0.0,0.0,0.0
3596,34,-311.80197,469.8464,-0.011175308,0.0,-0.0,0.0,0.0,0.0,4.315375892409971e-05,1.9148393222198186,0.0,0.0,0.0
3597,34,-311.80197,469.8464,-0.011175308,0.0,-0.0,0.0,0.0,0.0,4.315375892409971e-05,1.9148393222198186,0.0,0.0,0.0
3598,34,-311.80197,469.8464,-0.011175308,0.0,-0.0,0.0,0.0,0.0,4.315375892409971e-05,1.9148393222198186,0.0,0.0,0.0
3599,34,-311.80197,469.8464,-0.011175308,0.0,-0.0,0.0,0.0,0.0,4.315375892409971e-05,1.9148393222198186,0.0,0.0,0.0
3600,34,-311.80197,469.8464,-0.011175308,0.0,-0.0,0.0,0.0,0.0,4.315375892409971e-05,1.9148393222198186,0.0,0.0,0.0
3601,34,-311.80197,469.8464,-0.011175308,0.0,-0.0,0.0,0.0,0.0,4.315375892409971e-05,1.9148393222198186,0.0,0.0,0.0
3602,34,-311.80197,469.8464,-0.011175308,0.0,-0.0,0.0,0.0,0.0,4.315375892409971e-05,1.9148393222198186,0.0,0.0,0.0
3603,34,-311.80197,469.8464,-0.011175308,0.0,-0.0,0.0,0.0,0.0,4.315375892409971e-05,1.9148393222198186,0.0,0.0,0.0
3604,34,-311.80197,469.8464,-0.011175308,0.0,-0.0,0.0,0.0,0.0,4.315375892409971e-05,1.9148393222198186,0.0,0.0,0.0
3605,34,-311.80197,469.8464,-0.011175308,0.0,-0.0,0.0,0.0,0.0,4.315375892409971e-05,1.9148393222198186,0.0,0.0,0.0
3606,34,-311.80197,469.8464,-0.011175308,0.0,-0.0,0.0,0.0,0.0,4.315375892409971e-05,1.9148393222198186,0.0,0.0,0.0
3607,34,-311.80197,469.8464,-0.011175308,0.0,-0.0,0.0,0.0,0.0,4.315375892409971e-05,1.9148393222198186,0.0,0.0,0.0
3608,34,-311.80197,469.8464,-0.011175308,0.0,-0.0,0.0,0.0,0.0,4.315375892409971e-05,1.9148393222198186,0.0,0.0,0.0
3609,34,-311.80197,469.8464,-0.011175308,0.0,-0.0,0.0,0.0,0.0,4.315375892409971e-05,1.9148393222198186,0.0,0.0,0.0
3610,34,-311.80197,469.8464,-0.011175308,0.0,-0.0,0.0,0.0,0.0,4.315375892409971e-05,1.9148393222198186,0.0,0.0,0.0
3611,34,-311.80197,469.8464,-0.011175308,0.0,-0.0,0.0,0.0,0.0,4.315375892409971e-05,1.9148393222198186,0.0,0.0,0.0
3612,34,-311.80197,469.8464,-0.011175308,0.0,-0.0,0.0,0.0,0.0,4.315375892409971e-05,1.9148393222198186,0.0,0.0,0.0
3613,34,-311.80197,469.8464,-0.011175308,0.0,-0.0,0.0,0.0,0.0,4.315375892409971e-05,1.9148393222198186,0.0,0.0,0.0
3614,34,-311.80197,469.8464,-0.011175308,0.0,-0.0,0.0,0.0,0.0,4.315375892409971e-05,1.9148393222198186,0.0,0.0,0.0
3615,34,-311.80197,469.8464,-0.011175308,0.0,-0.0,0.0,0.0,0.0,4.315375892409971e-05,1.9148393222198186,0.0,0.0,0.0
3616,34,-311.80197,469.8464,-0.011175308,0.0,-0.0,0.0,0.0,0.0,4.315375892409971e-05,1.9148393222198186,0.0,0.0,0.0
3617,34,-311.80197,469.8464,-0.011175308,0.0,-0.0,0.0,0.0,0.0,4.315375892409971e-05,1.9148393222198186,0.0,0.0,0.0
3618,34,-311.80197,469.8464,-0.011175308,0.0,-0.0,0.0,0.0,0.0,4.315375892409971e-05,1.9148393222198186,0.0,0.0,0.0
3619,34,-311.80197,469.8464,-0.011175308,0.0,-0.0,0.0,0.0,0.0,4.315375892409971e-05,1.9148393222198186,0.0,0.0,0.0
3620,34,-311.80197,469.8464,-0.011175308,0.0,-0.0,0.0,0.0,0.0,4.315375892409971e-05,1.9148393222198186,0.0,0.0,0.0
3621,34,-311.80197,469.8464,-0.011175308,0.0,-0.0,0.0,0.0,0.0,4.315375892409971e-05,1.9148393222198186,0.0,0.0,0.0
3622,34,-311.80197,469.8464,-0.011175308,0.0,-0.0,0.0,0.0,0.0,4.315375892409971e-05,1.9148393222198186,0.0,0.0,0.0
3623,34,-311.80197,469.8464,-0.011175308,0.0,-0.0,0.0,0.0,0.0,4.315375892409971e-05,1.9148393222198186,0.0,0.0,0.0
3624,34,-311.80197,469.8464,-0.011175308,0.0,-0.0,0.0,0.0,0.0,4.315375892409971e-05,1.9148393222198186,0.0,0.0,0.0
3625,34,-311.80197,469.8464,-0.011175308,0.0,-0.0,0.0,0.0,0.0,4.315375892409971e-05,1.9148393222198186,0.0,0.0,0.0
3626,34,-311.80197,469.8464,-0.011175308,0.0,-0.0,0.0,0.0,0.0,4.315375892409971e-05,1.9148393222198186,0.0,0.0,0.0
3627,34,-311.80197,469.8464,-0.011175308,0.0,-0.0,0.0,0.0,0.0,4.315375892409971e-05,1.9148393222198186,0.0,0.0,0.0
3628,34,-311.80197,469.8464,-0.011175308,0.0,-0.0,0.0,0.0,0.0,4.315375892409971e-05,1.9148393222198186,0.0,0.0,0.0
3629,34,-311.80197,469.8464,-0.011175308,0.0,-0.0,0.0,0.0,0.0,4.315375892409971e-05,1.9148393222198186,0.0,0.0,0.0
3630,34,-311.80197,469.8464,-0.011175308,0.0,-0.0,0.0,0.0,0.0,4.315375892409971e-05,1.9148393222198186,0.0,0.0,0.0
3631,34,-311.80197,469.8464,-0.011175308,0.0,-0.0,0.0,0.0,0.0,4.315375892409971e-05,1.9148393222198186,0.0,0.0,0.0
3632,34,-311.80197,469.8464,-0.011175308,0.0,-0.0,0.0,0.0,0.0,4.315375892409971e-05,1.9148393222198186,0.0,0.0,0.0
3633,34,-311.80197,469.8464,-0.011175308,0.0,-0.0,0.0,0.0,0.0,4.315375892409971e-05,1.9148393222198186,0.0,0.0,0.0
3634,34,-311.80197,469.8464,-0.011175308,0.0,-0.0,0.0,0.0,0.0,4.315375892409971e-05,1.9148393222198186,0.0,0.0,0.0
3635,34,-311.80197,469.8464,-0.011175308,0.0,-0.0,0.0,0.0,0.0,4.315375892409971e-05,1.9148393222198186,0.0,0.0,0.0
3636,34,-311.80197,469.8464,-0.011175308,0.0,-0.0,0.0,0.0,0.0,4.315375892409971e-05,1.9148393222198186,0.0,0.0,0.0
3637,34,-311.80197,469.8464,-0.011175308,0.0,-0.0,0.0,0.0,0.0,4.315375892409971e-05,1.9148393222198186,0.0,0.0,0.0
3638,34,-311.80197,469.8464,-0.011175308,0.0,-0.0,0.0,0.0,0.0,4.315375892409971e-05,1.9148393222198186,0.0,0.0,0.0
3639,34,-311.80197,469.8464,-0.011175308,0.0,-0.0,0.0,0.0,0.0,4.315375892409971e-05,1.9148393222198186,0.0,0.0,0.0
3640,34,-311.80197,469.8464,-0.011175308,0.0,-0.0,0.0,0.0,0.0,4.315375892409971e-05,1.9148393222198186,0.0,0.0,0.0
3641,34,-311.80197,469.8464,-0.011175308,0.0,-0.0,0.0,0.0,0.0,4.315375892409971e-05,1.9148393222198186,0.0,0.0,0.0
3642,34,-311.80197,469.8464,-0.011175308,0.0,-0.0,0.0,0.0,0.0,4.315375892409971e-05,1.9148393222198186,0.0,0.0,0.0
3643,34,-311.80197,469.8464,-0.011175308,0.0,-0.0,0.0,0.0,0.0,4.315375892409971e-05,1.9148393222198186,0.0,0.0,0.0
3644,34,-311.80197,469.8464,-0.011175308,0.0,-0.0,0.0,0.0,0.0,4.315375892409971e-05,1.9148393222198186,0.0,0.0,0.0
3645,34,-311.80197,469.8464,-0.011175308,0.0,-0.0,0.0,0.0,0.0,4.315375892409971e-05,1.9148393222198186,0.0,0.0,0.0
3646,34,-311.80197,469.8464,-0.011175308,0.0,-0.0,0.0,0.0,0.0,4.315375892409971e-05,1.9148393222198186,0.0,0.0,0.0
3647,34,-311.80197,469.8464,-0.011175308,0.0,-0.0,0.0,0.0,0.0,4.315375892409971e-05,1.9148393222198186,0.0,0.0,0.0
3648,34,-311.80197,469.8464,-0.011175308,0.0,-0.0,0.0,0.0,0.0,4.315375892409971e-05,1.9148393222198186,0.0,0.0,0.0
3649,34,-311.80197,469.8464,-0.011175308,0.0,-0.0,0.0,0.0,0.0,4.315375892409971e-05,1.9148393222198186,0.0,0.0,0.0
3650,34,-311.80197,469.8464,-0.011175308,0.0,-0.0,0.0,0.0,0.0,4.315375892409971e-05,1.9148393222198186,0.0,0.0,0.0
3651,34,-311.80197,469.8464,-0.011175308,0.0,-0.0,0.0,0.0,0.0,4.315375892409971e-05,1.9148393222198186,0.0,0.0,0.0
3652,34,-311.80197,469.8464,-0.011175308,0.0,-0.0,0.0,0.0,0.0,4.315375892409971e-05,1.9148393222198186,0.0,0.0,0.0
3653,34,-311.80197,469.8464,-0.011175308,0.0,-0.0,0.0,0.0,0.0,4.315375892409971e-05,1.9148393222198186,0.0,0.0,0.0
3654,34,-311.80197,469.8464,-0.011175308,0.0,-0.0,0.0,0.0,0.0,4.315375892409971e-05,1.9148393222198186,0.0,0.0,0.0
3655,34,-311.80197,469.8464,-0.011175308,0.0,-0.0,0.0,0.0,0.0,4.315375892409971e-05,1.9148393222198186,0.0,0.0,0.0
3656,34,-311.80197,469.8464,-0.011175308,0.0,-0.0,0.0,0.0,0.0,4.315375892409971e-05,1.9148393222198186,0.0,0.0,0.0
3657,34,-311.80197,469.8464,-0.011175308,0.0,-0.0,0.0,0.0,0.0,4.315375892409971e-05,1.9148393222198186,0.0,0.0,0.0
3658,34,-311.80197,469.8464,-0.011175308,0.0,-0.0,0.0,0.0,0.0,4.315375892409971e-05,1.9148393222198186,0.0,0.0,0.0
3659,34,-311.80197,469.8464,-0.011175308,0.0,-0.0,0.0,0.0,0.0,4.315375892409971e-05,1.9148393222198186,0.0,0.0,0.0
3660,34,-311.80197,469.8464,-0.011175308,0.0,-0.0,0.0,0.0,0.0,4.315375892409971e-05,1.9148393222198186,0.0,0.0,0.0
3661,34,-311.80197,469.8464,-0.011175308,0.0,-0.0,0.0,0.0,0.0,4.315375892409971e-05,1.9148393222198186,0.0,0.0,0.0
3662,34,-311.80197,469.8464,-0.011175308,0.0,-0.0,0.0,0.0,0.0,4.315375892409971e-05,1.9148393222198186,0.0,0.0,0.0
3663,34,-311.80197,469.8464,-0.011175308,0.0,-0.0,0.0,0.0,0.0,4.315375892409971e-05,1.9148393222198186,0.0,0.0,0.0
3664,34,-311.80197,469.8464,-0.011175308,0.0,-0.0,0.0,0.0,0.0,4.315375892409971e-05,1.9148393222198186,0.0,0.0,0.0
3665,34,-311.80197,469.8464,-0.011175308,0.0,-0.0,0.0,0.0,0.0,4.315375892409971e-05,1.9148393222198186,0.0,0.0,0.0
3666,34,-311.80197,469.8464,-0.011175308,0.0,-0.0,0.0,0.0,0.0,4.315375892409971e-05,1.9148393222198186,0.0,0.0,0.0
3667,34,-311.80197,469.8464,-0.011175308,0.0,-0.0,0.0,0.0,0.0,4.315375892409971e-05,1.9148393222198186,0.0,0.0,0.0
3668,34,-311.80197,469.8464,-0.011175308,0.0,-0.0,0.0,0.0,0.0,4.315375892409971e-05,1.9148393222198186,0.0,0.0,0.0
3669,34,-311.80197,469.8464,-0.011175308,0.0,-0.0,0.0,0.0,0.0,4.315375892409971e-05,1.9148393222198186,0.0,0.0,0.0
3670,34,-311.80197,469.8464,-0.011175308,0.0,-0.0,0.0,0.0,0.0,4.315375892409971e-05,1.9148393222198186,0.0,0.0,0.0
3671,34,-311.80197,469.8464,-0.011175308,0.0,-0.0,0.0,0.0,0.0,4.315375892409971e-05,1.9148393222198186,0.0,0.0,0.0
3672,34,-311.80197,469.8464,-0.011175308,0.0,-0.0,0.0,0.0,0.0,4.315375892409971e-05,1.9148393222198186,0.0,0.0,0.0
3673,34,-311.80197,469.8464,-0.011175308,0.0,-0.0,0.0,0.0,0.0,4.315375892409971e-05,1.9148393222198186,0.0,0.0,0.0
3674,34,-311.80197,469.8464,-0.011175308,0.0,-0.0,0.0,0.0,0.0,4.315375892409971e-05,1.9148393222198186,0.0,0.0,0.0
3675,34,-311.80197,469.8464,-0.011175308,0.0,-0.0,0.0,0.0,0.0,4.315375892409971e-05,1.9148393222198186,0.0,0.0,0.0
3676,34,-311.80197,469.8464,-0.011175308,0.0,-0.0,0.0,0.0,0.0,4.315375892409971e-05,1.9148393222198186,0.0,0.0,0.0
3677,34,-311.80197,469.8464,-0.011175308,0.0,-0.0,0.0,0.0,0.0,4.315375892409971e-05,1.9148393222198186,0.0,0.0,0.0
3678,34,-311.80197,469.8464,-0.011175308,0.0,-0.0,0.0,0.0,0.0,4.315375892409971e-05,1.9148393222198186,0.0,0.0,0.0
3679,34,-311.80197,469.8464,-0.011175308,0.0,-0.0,0.0,0.0,0.0,4.315375892409971e-05,1.9148393222198186,0.0,0.0,0.0
3680,34,-311.80197,469.8464,-0.011175308,0.0,-0.0,0.0,0.0,0.0,4.315375892409971e-05,1.9148393222198186,0.0,0.0,0.0
3681,34,-311.80197,469.8464,-0.011175308,0.0,-0.0,0.0,0.0,0.0,4.315375892409971e-05,1.9148393222198186,0.0,0.0,0.0
3682,34,-311.80197,469.8464,-0.011175308,0.0,-0.0,0.0,0.0,0.0,4.315375892409971e-05,1.9148393222198186,0.0,0.0,0.0
3683,34,-311.80197,469.8464,-0.011175308,0.0,-0.0,0.0,0.0,0.0,4.315375892409971e-05,1.9148393222198186,0.0,0.0,0.0
3684,34,-311.80197,469.8464,-0.011175308,0.0,-0.0,0.0,0.0,0.0,4.315375892409971e-05,1.9148393222198186,0.0,0.0,0.0
3685,34,-311.80197,469.8464,-0.011175308,0.0,-0.0,0.0,0.0,0.0,4.315375892409971e-05,1.9148393222198186,0.0,0.0,0.0
3686,34,-311.80197,469.8464,-0.011175308,0.0,-0.0,0.0,0.0,0.0,4.315375892409971e-05,1.9148393222198186,0.0,0.0,0.0
3687,34,-311.80197,469.8464,-0.011175308,0.0,-0.0,0.0,0.0,0.0,4.315375892409971e-05,1.9148393222198186,0.0,0.0,0.0
3688,34,-311.80197,469.8464,-0.011175308,0.0,-0.0,0.0,0.0,0.0,4.315375892409971e-05,1.9148393222198186,0.0,0.0,0.0
3689,34,-311.80197,469.8464,-0.011175308,0.0,-0.0,0.0,0.0,0.0,4.315375892409971e-05,1.9148393222198186,0.0,0.0,0.0
3690,34,-311.80197,469.8464,-0.011175308,0.0,-0.0,0.0,0.0,0.0,4.315375892409971e-05,1.9148393222198186,0.0,0.0,0.0
3691,34,-311.80197,469.8464,-0.011175308,0.0,-0.0,0.0,0.0,0.0,4.315375892409971e-05,1.9148393222198186,0.0,0.0,0.0
3692,34,-311.80197,469.8464,-0.011175308,0.0,-0.0,0.0,0.0,0.0,4.315375892409971e-05,1.9148393222198186,0.0,0.0,0.0
3693,34,-311.80197,469.8464,-0.011175308,0.0,-0.0,0.0,0.0,0.0,4.315375892409971e-05,1.9148393222198186,0.0,0.0,0.0
3694,34,-311.80197,469.8464,-0.011175308,0.0,-0.0,0.0,0.0,0.0,4.315375892409971e-05,1.9148393222198186,0.0,0.0,0.0
3695,34,-311.80197,469.8464,-0.011175308,0.0,-0.0,0.0,0.0,0.0,4.315375892409971e-05,1.9148393222198186,0.0,0.0,0.0
3696,34,-311.80197,469.8464,-0.011175308,0.0,-0.0,0.0,0.0,0.0,4.315375892409971e-05,1.9148393222198186,0.0,0.0,0.0
3697,34,-311.80197,469.8464,-0.011175308,0.0,-0.0,0.0,0.0,0.0,4.315375892409971e-05,1.9148393222198186,0.0,0.0,0.0
3698,34,-311.80197,469.8464,-0.011175308,0.0,-0.0,0.0,0.0,0.0,4.315375892409971e-05,1.9148393222198186,0.0,0.0,0.0
3699,34,-311.80197,469.8464,-0.011175308,0.0,-0.0,0.0,0.0,0.0,4.315375892409971e-05,1.9148393222198186,0.0,0.0,0.0
3700,34,-311.80197,469.8464,-0.011175308,0.0,-0.0,0.0,0.0,0.0,4.315375892409971e-05,1.9148393222198186,0.0,0.0,0.0
3701,34,-311.80197,469.8464,-0.011175308,0.0,-0.0,0.0,0.0,0.0,4.315375892409971e-05,1.9148393222198186,0.0,0.0,0.0
3702,34,-311.80197,469.8464,-0.011175308,0.0,-0.0,0.0,0.0,0.0,4.315375892409971e-05,1.9148393222198186,0.0,0.0,0.0
3703,34,-311.80197,469.8464,-0.011175308,0.0,-0.0,0.0,0.0,0.0,4.315375892409971e-05,1.9148393222198186,0.0,0.0,0.0
3704,34,-311.80197,469.8464,-0.011175308,0.0,-0.0,0.0,0.0,0.0,4.315375892409971e-05,1.9148393222198186,0.0,0.0,0.0
3705,34,-311.80197,469.8464,-0.011175308,0.0,-0.0,0.0,0.0,0.0,4.315375892409971e-05,1.9148393222198186,0.0,0.0,0.0
3706,34,-311.80197,469.8464,-0.011175308,0.0,-0.0,0.0,0.0,0.0,4.315375892409971e-05,1.9148393222198186,0.0,0.0,0.0
3707,34,-311.80197,469.8464,-0.011175308,0.0,-0.0,0.0,0.0,0.0,4.315375892409971e-05,1.9148393222198186,0.0,0.0,0.0
3708,34,-311.80197,469.8464,-0.011175308,0.0,-0.0,0.0,0.0,0.0,4.315375892409971e-05,1.9148393222198186,0.0,0.0,0.0
3709,34,-311.80197,469.8464,-0.011175308,0.0,-0.0,0.0,0.0,0.0,4.315375892409971e-05,1.9148393222198186,0.0,0.0,0.0
3710,34,-311.80197,469.8464,-0.011175308,0.0,-0.0,0.0,0.0,0.0,4.315375892409971e-05,1.9148393222198186,0.0,0.0,0.0
3711,34,-311.80197,469.8464,-0.011175308,0.0,-0.0,0.0,0.0,0.0,4.315375892409971e-05,1.9148393222198186,0.0,0.0,0.0
3712,34,-311.80197,469.8464,-0.011175308,0.0,-0.0,0.0,0.0,0.0,4.315375892409971e-05,1.9148393222198186,0.0,0.0,0.0
3713,34,-311.80197,469.8464,-0.011175308,0.0,-0.0,0.0,0.0,0.0,4.315375892409971e-05,1.9148393222198186,0.0,0.0,0.0
3714,34,-311.80197,469.8464,-0.011175308,0.0,-0.0,0.0,0.0,0.0,4.315375892409971e-05,1.9148393222198186,0.0,0.0,0.0
3715,34,-311.80197,469.8464,-0.011175308,0.0,-0.0,0.0,0.0,0.0,4.315375892409971e-05,1.9148393222198186,0.0,0.0,0.0
3716,34,-311.80197,469.8464,-0.011175308,0.0,-0.0,0.0,0.0,0.0,4.315375892409971e-05,1.9148393222198186,0.0,0.0,0.0
3717,34,-311.80197,469.8464,-0.011175308,0.0,-0.0,0.0,0.0,0.0,4.315375892409971e-05,1.9148393222198186,0.0,0.0,0.0
3718,34,-311.80197,469.8464,-0.011175308,0.0,-0.0,0.0,0.0,0.0,4.315375892409971e-05,1.9148393222198186,0.0,0.0,0.0
3719,34,-311.80197,469.8464,-0.011175308,0.0,-0.0,0.0,0.0,0.0,4.315375892409971e-05,1.9148393222198186,0.0,0.0,0.0
3720,34,-311.80197,469.8464,-0.011175308,0.0,-0.0,0.0,0.0,0.0,4.315375892409971e-05,1.9148393222198186,0.0,0.0,0.0
3721,34,-311.80197,469.8464,-0.011175308,0.0,-0.0,0.0,0.0,0.0,4.315375892409971e-05,1.9148393222198186,0.0,0.0,0.0
3722,34,-311.80197,469.8464,-0.011175308,0.0,-0.0,0.0,0.0,0.0,4.315375892409971e-05,1.9148393222198186,0.0,0.0,0.0
3723,34,-311.80197,469.8464,-0.011175308,0.0,-0.0,0.0,0.0,0.0,4.315375892409971e-05,1.9148393222198186,0.0,0.0,0.0
3724,34,-311.80197,469.8464,-0.011175308,0.0,-0.0,0.0,0.0,0.0,4.315375892409971e-05,1.9148393222198186,0.0,0.0,0.0
3725,34,-311.80197,469.8464,-0.011175308,0.0,-0.0,0.0,0.0,0.0,4.315375892409971e-05,1.9148393222198186,0.0,0.0,0.0
3726,34,-311.80197,469.8464,-0.011175308,0.0,-0.0,0.0,0.0,0.0,4.315375892409971e-05,1.9148393222198186,0.0,0.0,0.0
3727,34,-311.80197,469.8464,-0.011175308,0.0,-0.0,0.0,0.0,0.0,4.315375892409971e-05,1.9148393222198186,0.0,0.0,0.0
3728,34,-311.80197,469.8464,-0.011175308,0.0,-0.0,0.0,0.0,0.0,4.315375892409971e-05,1.9148393222198186,0.0,0.0,0.0
3729,34,-311.80197,469.8464,-0.011175308,0.0,-0.0,0.0,0.0,0.0,4.315375892409971e-05,1.9148393222198186,0.0,0.0,0.0
3730,34,-311.80197,469.8464,-0.011175308,0.0,-0.0,0.0,0.0,0.0,4.315375892409971e-05,1.9148393222198186,0.0,0.0,0.0
3731,34,-311.80197,469.8464,-0.011175308,0.0,-0.0,0.0,0.0,0.0,4.315375892409971e-05,1.9148393222198186,0.0,0.0,0.0
3732,34,-311.80197,469.8464,-0.011175308,0.0,-0.0,0.0,0.0,0.0,4.315375892409971e-05,1.9148393222198186,0.0,0.0,0.0
3733,34,-311.80197,469.8464,-0.011175308,0.0,-0.0,0.0,0.0,0.0,4.315375892409971e-05,1.9148393222198186,0.0,0.0,0.0
3734,34,-311.80197,469.8464,-0.011175308,0.0,-0.0,0.0,0.0,0.0,4.315375892409971e-05,1.9148393222198186,0.0,0.0,0.0
3735,34,-311.80197,469.8464,-0.011175308,0.0,-0.0,0.0,0.0,0.0,4.315375892409971e-05,1.9148393222198186,0.0,0.0,0.0
3736,34,-311.80197,469.8464,-0.011175308,0.0,-0.0,0.0,0.0,0.0,4.315375892409971e-05,1.9148393222198186,0.0,0.0,0.0
3737,34,-311.80197,469.8464,-0.011175308,0.0,-0.0,0.0,0.0,0.0,4.315375892409971e-05,1.9148393222198186,0.0,0.0,0.0
3738,34,-311.80197,469.8464,-0.011175308,0.0,-0.0,0.0,0.0,0.0,4.315375892409971e-05,1.9148393222198186,0.0,0.0,0.0
3739,34,-311.80197,469.8464,-0.011175308,0.0,-0.0,0.0,0.0,0.0,4.315375892409971e-05,1.9148393222198186,0.0,0.0,0.0
3740,34,-311.80197,469.8464,-0.011175308,0.0,-0.0,0.0,0.0,0.0,4.315375892409971e-05,1.9148393222198186,0.0,0.0,0.0
3741,34,-311.80197,469.8464,-0.011175308,0.0,-0.0,0.0,0.0,0.0,4.315375892409971e-05,1.9148393222198186,0.0,0.0,0.0
3742,34,-311.80197,469.8464,-0.011175308,0.0,-0.0,0.0,0.0,0.0,4.315375892409971e-05,1.9148393222198186,0.0,0.0,0.0
3743,34,-311.80197,469.8464,-0.011175308,0.0,-0.0,0.0,0.0,0.0,4.315375892409971e-05,1.9148393222198186,0.0,0.0,0.0
3744,34,-311.80197,469.8464,-0.011175308,0.0,-0.0,0.0,0.0,0.0,4.315375892409971e-05,1.9148393222198186,0.0,0.0,0.0
3745,34,-311.80197,469.8464,-0.011175308,0.0,-0.0,0.0,0.0,0.0,4.315375892409971e-05,1.9148393222198186,0.0,0.0,0.0
3746,34,-311.80197,469.8464,-0.011175308,0.0,-0.0,0.0,0.0,0.0,4.315375892409971e-05,1.9148393222198186,0.0,0.0,0.0
3747,34,-311.80197,469.8464,-0.011175308,0.0,-0.0,0.0,0.0,0.0,4.315375892409971e-05,1.9148393222198186,0.0,0.0,0.0
3748,34,-311.80197,469.8464,-0.011175308,0.0,-0.0,0.0,0.0,0.0,4.315375892409971e-05,1.9148393222198186,0.0,0.0,0.0
3749,34,-311.80197,469.8464,-0.011175308,0.0,-0.0,0.0,0.0,0.0,4.315375892409971e-05,1.9148393222198186,0.0,0.0,0.0
3750,34,-311.80197,469.8464,-0.011175308,0.0,-0.0,0.0,0.0,0.0,4.315375892409971e-05,1.9148393222198186,0.0,0.0,0.0
3751,34,-311.80197,469.8464,-0.011175308,0.0,-0.0,0.0,0.0,0.0,4.315375892409971e-05,1.9148393222198186,0.0,0.0,0.0
3752,34,-311.80197,469.8464,-0.011175308,0.0,-0.0,0.0,0.0,0.0,4.315375892409971e-05,1.9148393222198186,0.0,0.0,0.0
3753,34,-311.80197,469.8464,-0.011175308,0.0,-0.0,0.0,0.0,0.0,4.315375892409971e-05,1.9148393222198186,0.0,0.0,0.0
3754,34,-311.80197,469.8464,-0.011175308,0.0,-0.0,0.0,0.0,0.0,4.315375892409971e-05,1.9148393222198186,0.0,0.0,0.0
3755,34,-311.80197,469.8464,-0.011175308,0.0,-0.0,0.0,0.0,0.0,4.315375892409971e-05,1.9148393222198186,0.0,0.0,0.0
3756,34,-311.80197,469.8464,-0.011175308,0.0,-0.0,0.0,0.0,0.0,4.315375892409971e-05,1.9148393222198186,0.0,0.0,0.0
3757,34,-311.80197,469.8464,-0.011175308,0.0,-0.0,0.0,0.0,0.0,4.315375892409971e-05,1.9148393222198186,0.0,0.0,0.0
3758,34,-311.80197,469.8464,-0.011175308,0.0,-0.0,0.0,0.0,0.0,4.315375892409971e-05,1.9148393222198186,0.0,0.0,0.0
3759,34,-311.80197,469.8464,-0.011175308,0.0,-0.0,0.0,0.0,0.0,4.315375892409971e-05,1.9148393222198186,0.0,0.0,0.0
3760,34,-311.80197,469.8464,-0.011175308,0.0,-0.0,0.0,0.0,0.0,4.315375892409971e-05,1.9148393222198186,0.0,0.0,0.0
3761,34,-311.80197,469.8464,-0.011175308,0.0,-0.0,0.0,0.0,0.0,4.315375892409971e-05,1.9148393222198186,0.0,0.0,0.0
3762,34,-311.80197,469.8464,-0.011175308,0.0,-0.0,0.0,0.0,0.0,4.315375892409971e-05,1.9148393222198186,0.0,0.0,0.0
3763,34,-311.80197,469.8464,-0.011175308,0.0,-0.0,0.0,0.0,0.0,4.315375892409971e-05,1.9148393222198186,0.0,0.0,0.0
3764,34,-311.80197,469.8464,-0.011175308,0.0,-0.0,0.0,0.0,0.0,4.315375892409971e-05,1.9148393222198186,0.0,0.0,0.0
3765,34,-311.80197,469.8464,-0.011175308,0.0,-0.0,0.0,0.0,0.0,4.315375892409971e-05,1.9148393222198186,0.0,0.0,0.0
3766,34,-311.80197,469.8464,-0.011175308,0.0,-0.0,0.0,0.0,0.0,4.315375892409971e-05,1.9148393222198186,0.0,0.0,0.0
3767,34,-311.80197,469.8464,-0.011175308,0.0,-0.0,0.0,0.0,0.0,4.315375892409971e-05,1.9148393222198186,0.0,0.0,0.0
3768,34,-311.80197,469.8464,-0.011175308,0.0,-0.0,0.0,0.0,0.0,4.315375892409971e-05,1.9148393222198186,0.0,0.0,0.0
3769,34,-311.80197,469.8464,-0.011175308,0.0,-0.0,0.0,0.0,0.0,4.315375892409971e-05,1.9148393222198186,0.0,0.0,0.0
3770,34,-311.80197,469.8464,-0.011175308,0.0,-0.0,0.0,0.0,0.0,4.315375892409971e-05,1.9148393222198186,0.0,0.0,0.0
3771,34,-311.80197,469.8464,-0.011175308,0.0,-0.0,0.0,0.0,0.0,4.315375892409971e-05,1.9148393222198186,0.0,0.0,0.0
3772,34,-311.80197,469.8464,-0.011175308,0.0,-0.0,0.0,0.0,0.0,4.315375892409971e-05,1.9148393222198186,0.0,0.0,0.0
3773,34,-311.80197,469.8464,-0.011175308,0.0,-0.0,0.0,0.0,0.0,4.315375892409971e-05,1.9148393222198186,0.0,0.0,0.0
3774,34,-311.80197,469.8464,-0.011175308,0.0,-0.0,0.0,0.0,0.0,4.315375892409971e-05,1.9148393222198186,0.0,0.0,0.0
3775,34,-311.80197,469.8464,-0.011175308,0.0,-0.0,0.0,0.0,0.0,4.315375892409971e-05,1.9148393222198186,0.0,0.0,0.0
3776,34,-311.80197,469.8464,-0.011175308,0.0,-0.0,0.0,0.0,0.0,4.315375892409971e-05,1.9148393222198186,0.0,0.0,0.0
3777,34,-311.80197,469.8464,-0.011175308,0.0,-0.0,0.0,0.0,0.0,4.315375892409971e-05,1.9148393222198186,0.0,0.0,0.0
3778,34,-311.80197,469.8464,-0.011175308,0.0,-0.0,0.0,0.0,0.0,4.315375892409971e-05,1.9148393222198186,0.0,0.0,0.0
3779,34,-311.80197,469.8464,-0.011175308,0.0,-0.0,0.0,0.0,0.0,4.315375892409971e-05,1.9148393222198186,0.0,0.0,0.0
3780,34,-311.80197,469.8464,-0.011175308,0.0,-0.0,0.0,0.0,0.0,4.315375892409971e-05,1.9148393222198186,0.0,0.0,0.0
3781,34,-311.80197,469.8464,-0.011175308,0.0,-0.0,0.0,0.0,0.0,4.315375892409971e-05,1.9148393222198186,0.0,0.0,0.0
3782,34,-311.80197,469.8464,-0.011175308,0.0,-0.0,0.0,0.0,0.0,4.315375892409971e-05,1.9148393222198186,0.0,0.0,0.0
3783,34,-311.80197,469.8464,-0.011175308,0.0,-0.0,0.0,0.0,0.0,4.315375892409971e-05,1.9148393222198186,0.0,0.0,0.0
3784,34,-311.80197,469.8464,-0.011175308,0.0,-0.0,0.0,0.0,0.0,4.315375892409971e-05,1.9148393222198186,0.0,0.0,0.0
3785,34,-311.80197,469.8464,-0.011175308,0.0,-0.0,0.0,0.0,0.0,4.315375892409971e-05,1.9148393222198186,0.0,0.0,0.0
3786,34,-311.80197,469.8464,-0.011175308,0.0,-0.0,0.0,0.0,0.0,4.315375892409971e-05,1.9148393222198186,0.0,0.0,0.0
3787,34,-311.80197,469.8464,-0.011175308,0.0,-0.0,0.0,0.0,0.0,4.315375892409971e-05,1.9148393222198186,0.0,0.0,0.0
3788,34,-311.80197,469.8464,-0.011175308,0.0,-0.0,0.0,0.0,0.0,4.315375892409971e-05,1.9148393222198186,0.0,0.0,0.0
3789,34,-311.80197,469.8464,-0.011175308,0.0,-0.0,0.0,0.0,0.0,4.315375892409971e-05,1.9148393222198186,0.0,0.0,0.0
3790,34,-311.80197,469.8464,-0.011175308,0.0,-0.0,0.0,0.0,0.0,4.315375892409971e-05,1.9148393222198186,0.0,0.0,0.0
3791,34,-311.80197,469.8464,-0.011175308,0.0,-0.0,0.0,0.0,0.0,4.315375892409971e-05,1.9148393222198186,0.0,0.0,0.0
3792,34,-311.80197,469.8464,-0.011175308,0.0,-0.0,0.0,0.0,0.0,4.315375892409971e-05,1.9148393222198186,0.0,0.0,0.0
3793,34,-311.80197,469.8464,-0.011175308,0.0,-0.0,0.0,0.0,0.0,4.315375892409971e-05,1.9148393222198186,0.0,0.0,0.0
3794,34,-311.80197,469.8464,-0.011175308,0.0,-0.0,0.0,0.0,0.0,4.315375892409971e-05,1.9148393222198186,0.0,0.0,0.0
3795,34,-311.80197,469.8464,-0.011175308,0.0,-0.0,0.0,0.0,0.0,4.315375892409971e-05,1.9148393222198186,0.0,0.0,0.0
3796,34,-311.80197,469.8464,-0.011175308,0.0,-0.0,0.0,0.0,0.0,4.315375892409971e-05,1.9148393222198186,0.0,0.0,0.0
3797,34,-311.80197,469.8464,-0.011175308,0.0,-0.0,0.0,0.0,0.0,4.315375892409971e-05,1.9148393222198186,0.0,0.0,0.0
3798,34,-311.80197,469.8464,-0.011175308,0.0,-0.0,0.0,0.0,0.0,4.315375892409971e-05,1.9148393222198186,0.0,0.0,0.0
3799,34,-311.80197,469.8464,-0.011175308,0.0,-0.0,0.0,0.0,0.0,4.315375892409971e-05,1.9148393222198186,0.0,0.0,0.0
3800,34,-311.80197,469.8464,-0.011175308,0.0,-0.0,0.0,0.0,0.0,4.315375892409971e-05,1.9148393222198186,0.0,0.0,0.0
3801,34,-311.80197,469.8464,-0.011175308,0.0,-0.0,0.0,0.0,0.0,4.315375892409971e-05,1.9148393222198186,0.0,0.0,0.0
3802,34,-311.80197,469.8464,-0.011175308,0.0,-0.0,0.0,0.0,0.0,4.315375892409971e-05,1.9148393222198186,0.0,0.0,0.0
3803,34,-311.80197,469.8464,-0.011175308,0.0,-0.0,0.0,0.0,0.0,4.315375892409971e-05,1.9148393222198186,0.0,0.0,0.0
3804,34,-311.80197,469.8464,-0.011175308,0.0,-0.0,0.0,0.0,0.0,4.315375892409971e-05,1.9148393222198186,0.0,0.0,0.0
3805,34,-311.80197,469.8464,-0.011175308,0.0,-0.0,0.0,0.0,0.0,4.315375892409971e-05,1.9148393222198186,0.0,0.0,0.0
3806,34,-311.80197,469.8464,-0.011175308,0.0,-0.0,0.0,0.0,0.0,4.315375892409971e-05,1.9148393222198186,0.0,0.0,0.0
3807,34,-311.80197,469.8464,-0.011175308,0.0,-0.0,0.0,0.0,0.0,4.315375892409971e-05,1.9148393222198186,0.0,0.0,0.0
3808,34,-311.80197,469.8464,-0.011175308,0.0,-0.0,0.0,0.0,0.0,4.315375892409971e-05,1.9148393222198186,0.0,0.0,0.0
3809,34,-311.80197,469.8464,-0.011175308,0.0,-0.0,0.0,0.0,0.0,4.315375892409971e-05,1.9148393222198186,0.0,0.0,0.0
3810,34,-311.80197,469.8464,-0.011175308,0.0,-0.0,0.0,0.0,0.0,4.315375892409971e-05,1.9148393222198186,0.0,0.0,0.0
3811,34,-311.80197,469.8464,-0.011175308,0.0,-0.0,0.0,0.0,0.0,4.315375892409971e-05,1.9148393222198186,0.0,0.0,0.0
3812,34,-311.80197,469.8464,-0.011175308,0.0,-0.0,0.0,0.0,0.0,4.315375892409971e-05,1.9148393222198186,0.0,0.0,0.0
3813,34,-311.80197,469.8464,-0.011175308,0.0,-0.0,0.0,0.0,0.0,4.315375892409971e-05,1.9148393222198186,0.0,0.0,0.0
3814,34,-311.80197,469.8464,-0.011175308,0.0,-0.0,0.0,0.0,0.0,4.315375892409971e-05,1.9148393222198186,0.0,0.0,0.0
3815,34,-311.80197,469.8464,-0.011175308,0.0,-0.0,0.0,0.0,0.0,4.315375892409971e-05,1.9148393222198186,0.0,0.0,0.0
3816,34,-311.80197,469.8464,-0.011175308,0.0,-0.0,0.0,0.0,0.0,4.315375892409971e-05,1.9148393222198186,0.0,0.0,0.0
3817,34,-311.80197,469.8464,-0.011175308,0.0,-0.0,0.0,0.0,0.0,4.315375892409971e-05,1.9148393222198186,0.0,0.0,0.0
3818,34,-311.80197,469.8464,-0.011175308,0.0,-0.0,0.0,0.0,0.0,4.315375892409971e-05,1.9148393222198186,0.0,0.0,0.0
3819,34,-311.80197,469.8464,-0.011175308,0.0,-0.0,0.0,0.0,0.0,4.315375892409971e-05,1.9148393222198186,0.0,0.0,0.0
3820,34,-311.80197,469.8464,-0.011175308,0.0,-0.0,0.0,0.0,0.0,4.315375892409971e-05,1.9148393222198186,0.0,0.0,0.0
3821,34,-311.80197,469.8464,-0.011175308,0.0,-0.0,0.0,0.0,0.0,4.315375892409971e-05,1.9148393222198186,0.0,0.0,0.0
3822,34,-311.80197,469.8464,-0.011175308,0.0,-0.0,0.0,0.0,0.0,4.315375892409971e-05,1.9148393222198186,0.0,0.0,0.0
3823,34,-311.80197,469.8464,-0.011175308,0.0,-0.0,0.0,0.0,0.0,4.315375892409971e-05,1.9148393222198186,0.0,0.0,0.0
3824,34,-311.80197,469.8464,-0.011175308,0.0,-0.0,0.0,0.0,0.0,4.315375892409971e-05,1.9148393222198186,0.0,0.0,0.0
3825,34,-311.80197,469.8464,-0.011175308,0.0,-0.0,0.0,0.0,0.0,4.315375892409971e-05,1.9148393222198186,0.0,0.0,0.0
3826,34,-311.80197,469.8464,-0.011175308,0.0,-0.0,0.0,0.0,0.0,4.315375892409971e-05,1.9148393222198186,0.0,0.0,0.0
3827,34,-311.80197,469.8464,-0.011175308,0.0,-0.0,0.0,0.0,0.0,4.315375892409971e-05,1.9148393222198186,0.0,0.0,0.0
3828,34,-311.80197,469.8464,-0.011175308,0.0,-0.0,0.0,0.0,0.0,4.315375892409971e-05,1.9148393222198186,0.0,0.0,0.0
3829,34,-311.80197,469.8464,-0.011175308,0.0,-0.0,0.0,0.0,0.0,4.315375892409971e-05,1.9148393222198186,0.0,0.0,0.0
3830,34,-311.80197,469.8464,-0.011175308,0.0,-0.0,0.0,0.0,0.0,4.315375892409971e-05,1.9148393222198186,0.0,0.0,0.0
3831,34,-311.80197,469.8464,-0.011175308,0.0,-0.0,0.0,0.0,0.0,4.315375892409971e-05,1.9148393222198186,0.0,0.0,0.0
3832,34,-311.80197,469.8464,-0.011175308,0.0,-0.0,0.0,0.0,0.0,4.315375892409971e-05,1.9148393222198186,0.0,0.0,0.0
3833,34,-311.80197,469.8464,-0.011175308,0.0,-0.0,0.0,0.0,0.0,4.315375892409971e-05,1.9148393222198186,0.0,0.0,0.0
3834,34,-311.80197,469.8464,-0.011175308,0.0,-0.0,0.0,0.0,0.0,4.315375892409971e-05,1.9148393222198186,0.0,0.0,0.0
3835,34,-311.80197,469.8464,-0.011175308,0.0,-0.0,0.0,0.0,0.0,4.315375892409971e-05,1.9148393222198186,0.0,0.0,0.0
3836,34,-311.80197,469.8464,-0.011175308,0.0,-0.0,0.0,0.0,0.0,4.315375892409971e-05,1.9148393222198186,0.0,0.0,0.0
3837,34,-311.80197,469.8464,-0.011175308,0.0,-0.0,0.0,0.0,0.0,4.315375892409971e-05,1.9148393222198186,0.0,0.0,0.0
3838,34,-311.80197,469.8464,-0.011175308,0.0,-0.0,0.0,0.0,0.0,4.315375892409971e-05,1.9148393222198186,0.0,0.0,0.0
3839,34,-311.80197,469.8464,-0.011175308,0.0,-0.0,0.0,0.0,0.0,4.315375892409971e-05,1.9148393222198186,0.0,0.0,0.0
3840,34,-311.80197,469.8464,-0.011175308,0.0,-0.0,0.0,0.0,0.0,4.315375892409971e-05,1.9148393222198186,0.0,0.0,0.0
3841,34,-311.80197,469.8464,-0.011175308,0.0,-0.0,0.0,0.0,0.0,4.315375892409971e-05,1.9148393222198186,0.0,0.0,0.0
3842,34,-311.80197,469.8464,-0.011175308,0.0,-0.0,0.0,0.0,0.0,4.315375892409971e-05,1.9148393222198186,0.0,0.0,0.0
3843,34,-311.80197,469.8464,-0.011175308,0.0,-0.0,0.0,0.0,0.0,4.315375892409971e-05,1.9148393222198186,0.0,0.0,0.0
3844,34,-311.80197,469.8464,-0.011175308,0.0,-0.0,0.0,0.0,0.0,4.315375892409971e-05,1.9148393222198186,0.0,0.0,0.0
3845,34,-311.80197,469.8464,-0.011175308,0.0,-0.0,0.0,0.0,0.0,4.315375892409971e-05,1.9148393222198186,0.0,0.0,0.0
3846,34,-311.80197,469.8464,-0.011175308,0.0,-0.0,0.0,0.0,0.0,4.315375892409971e-05,1.9148393222198186,0.0,0.0,0.0
3847,34,-311.80197,469.8464,-0.011175308,0.0,-0.0,0.0,0.0,0.0,4.315375892409971e-05,1.9148393222198186,0.0,0.0,0.0
3848,34,-311.80197,469.8464,-0.011175308,0.0,-0.0,0.0,0.0,0.0,4.315375892409971e-05,1.9148393222198186,0.0,0.0,0.0
3849,34,-311.80197,469.8464,-0.011175308,0.0,-0.0,0.0,0.0,0.0,4.315375892409971e-05,1.9148393222198186,0.0,0.0,0.0
3850,34,-311.80197,469.8464,-0.011175308,0.0,-0.0,0.0,0.0,0.0,4.315375892409971e-05,1.9148393222198186,0.0,0.0,0.0
3851,34,-311.80197,469.8464,-0.011175308,0.0,-0.0,0.0,0.0,0.0,4.315375892409971e-05,1.9148393222198186,0.0,0.0,0.0
3852,34,-311.80197,469.8464,-0.011175308,0.0,-0.0,0.0,0.0,0.0,4.315375892409971e-05,1.9148393222198186,0.0,0.0,0.0
3853,34,-311.80197,469.8464,-0.011175308,0.0,-0.0,0.0,0.0,0.0,4.315375892409971e-05,1.9148393222198186,0.0,0.0,0.0
3854,34,-311.80197,469.8464,-0.011175308,0.0,-0.0,0.0,0.0,0.0,4.315375892409971e-05,1.9148393222198186,0.0,0.0,0.0
3855,34,-311.80197,469.8464,-0.011175308,0.0,-0.0,0.0,0.0,0.0,4.315375892409971e-05,1.9148393222198186,0.0,0.0,0.0
3856,34,-311.80197,469.8464,-0.011175308,0.0,-0.0,0.0,0.0,0.0,4.315375892409971e-05,1.9148393222198186,0.0,0.0,0.0
3857,34,-311.80197,469.8464,-0.011175308,0.0,-0.0,0.0,0.0,0.0,4.315375892409971e-05,1.9148393222198186,0.0,0.0,0.0
3858,34,-311.80197,469.8464,-0.011175308,0.0,-0.0,0.0,0.0,0.0,4.315375892409971e-05,1.9148393222198186,0.0,0.0,0.0
3859,34,-311.80197,469.8464,-0.011175308,0.0,-0.0,0.0,0.0,0.0,4.315375892409971e-05,1.9148393222198186,0.0,0.0,0.0
3860,34,-311.80197,469.8464,-0.011175308,0.0,-0.0,0.0,0.0,0.0,4.315375892409971e-05,1.9148393222198186,0.0,0.0,0.0
3861,34,-311.80197,469.8464,-0.011175308,0.0,-0.0,0.0,0.0,0.0,4.315375892409971e-05,1.9148393222198186,0.0,0.0,0.0
3862,34,-311.80197,469.8464,-0.011175308,0.0,-0.0,0.0,0.0,0.0,4.315375892409971e-05,1.9148393222198186,0.0,0.0,0.0
3863,34,-311.80197,469.8464,-0.011175308,0.0,-0.0,0.0,0.0,0.0,4.315375892409971e-05,1.9148393222198186,0.0,0.0,0.0
3864,34,-311.80197,469.8464,-0.011175308,0.0,-0.0,0.0,0.0,0.0,4.315375892409971e-05,1.9148393222198186,0.0,0.0,0.0
3865,34,-311.80197,469.8464,-0.011175308,0.0,-0.0,0.0,0.0,0.0,4.315375892409971e-05,1.9148393222198186,0.0,0.0,0.0
3866,34,-311.80197,469.8464,-0.011175308,0.0,-0.0,0.0,0.0,0.0,4.315375892409971e-05,1.9148393222198186,0.0,0.0,0.0
3867,34,-311.80197,469.8464,-0.011175308,0.0,-0.0,0.0,0.0,0.0,4.315375892409971e-05,1.9148393222198186,0.0,0.0,0.0
3868,34,-311.80197,469.8464,-0.011175308,0.0,-0.0,0.0,0.0,0.0,4.315375892409971e-05,1.9148393222198186,0.0,0.0,0.0
3869,34,-311.80197,469.8464,-0.011175308,0.0,-0.0,0.0,0.0,0.0,4.315375892409971e-05,1.9148393222198186,0.0,0.0,0.0
3870,34,-311.80197,469.8464,-0.011175308,0.0,-0.0,0.0,0.0,0.0,4.315375892409971e-05,1.9148393222198186,0.0,0.0,0.0
3871,34,-311.80197,469.8464,-0.011175308,0.0,-0.0,0.0,0.0,0.0,4.315375892409971e-05,1.9148393222198186,0.0,0.0,0.0
3872,34,-311.80197,469.8464,-0.011175308,0.0,-0.0,0.0,0.0,0.0,4.315375892409971e-05,1.9148393222198186,0.0,0.0,0.0
3873,34,-311.80197,469.8464,-0.011175308,0.0,-0.0,0.0,0.0,0.0,4.315375892409971e-05,1.9148393222198186,0.0,0.0,0.0
3874,34,-311.80197,469.8464,-0.011175308,0.0,-0.0,0.0,0.0,0.0,4.315375892409971e-05,1.9148393222198186,0.0,0.0,0.0
3875,34,-311.80197,469.8464,-0.011175308,0.0,-0.0,0.0,0.0,0.0,4.315375892409971e-05,1.9148393222198186,0.0,0.0,0.0
3876,34,-311.80197,469.8464,-0.011175308,0.0,-0.0,0.0,0.0,0.0,4.315375892409971e-05,1.9148393222198186,0.0,0.0,0.0
3877,34,-311.80197,469.8464,-0.011175308,0.0,-0.0,0.0,0.0,0.0,4.315375892409971e-05,1.9148393222198186,0.0,0.0,0.0
3878,34,-311.80197,469.8464,-0.011175308,0.0,-0.0,0.0,0.0,0.0,4.315375892409971e-05,1.9148393222198186,0.0,0.0,0.0
3879,34,-311.80197,469.8464,-0.011175308,0.0,-0.0,0.0,0.0,0.0,4.315375892409971e-05,1.9148393222198186,0.0,0.0,0.0
3880,34,-311.80197,469.8464,-0.011175308,0.0,-0.0,0.0,0.0,0.0,4.315375892409971e-05,1.9148393222198186,0.0,0.0,0.0
3881,34,-311.80197,469.8464,-0.011175308,0.0,-0.0,0.0,0.0,0.0,4.315375892409971e-05,1.9148393222198186,0.0,0.0,0.0
3882,34,-311.80197,469.8464,-0.011175308,0.0,-0.0,0.0,0.0,0.0,4.315375892409971e-05,1.9148393222198186,0.0,0.0,0.0
3883,34,-311.80197,469.8464,-0.011175308,0.0,-0.0,0.0,0.0,0.0,4.315375892409971e-05,1.9148393222198186,0.0,0.0,0.0
3884,34,-311.80197,469.8464,-0.011175308,0.0,-0.0,0.0,0.0,0.0,4.315375892409971e-05,1.9148393222198186,0.0,0.0,0.0
3885,34,-311.80197,469.8464,-0.011175308,0.0,-0.0,0.0,0.0,0.0,4.315375892409971e-05,1.9148393222198186,0.0,0.0,0.0
3886,34,-311.80197,469.8464,-0.011175308,0.0,-0.0,0.0,0.0,0.0,4.315375892409971e-05,1.9148393222198186,0.0,0.0,0.0
3887,34,-311.80197,469.8464,-0.011175308,0.0,-0.0,0.0,0.0,0.0,4.315375892409971e-05,1.9148393222198186,0.0,0.0,0.0
3888,34,-311.80197,469.8464,-0.011175308,0.0,-0.0,0.0,0.0,0.0,4.315375892409971e-05,1.9148393222198186,0.0,0.0,0.0
3889,34,-311.80197,469.8464,-0.011175308,0.0,-0.0,0.0,0.0,0.0,4.315375892409971e-05,1.9148393222198186,0.0,0.0,0.0
3890,34,-311.80197,469.8464,-0.011175308,0.0,-0.0,0.0,0.0,0.0,4.315375892409971e-05,1.9148393222198186,0.0,0.0,0.0
3891,34,-311.80197,469.8464,-0.011175308,0.0,-0.0,0.0,0.0,0.0,4.315375892409971e-05,1.9148393222198186,0.0,0.0,0.0
3892,34,-311.80197,469.8464,-0.011175308,0.0,-0.0,0.0,0.0,0.0,4.315375892409971e-05,1.9148393222198186,0.0,0.0,0.0
3893,34,-311.80197,469.8464,-0.011175308,0.0,-0.0,0.0,0.0,0.0,4.315375892409971e-05,1.9148393222198186,0.0,0.0,0.0
3894,34,-311.80197,469.8464,-0.011175308,0.0,-0.0,0.0,0.0,0.0,4.315375892409971e-05,1.9148393222198186,0.0,0.0,0.0
3895,34,-311.80197,469.8464,-0.011175308,0.0,-0.0,0.0,0.0,0.0,4.315375892409971e-05,1.9148393222198186,0.0,0.0,0.0
3896,34,-311.80197,469.8464,-0.011175308,0.0,-0.0,0.0,0.0,0.0,4.315375892409971e-05,1.9148393222198186,0.0,0.0,0.0
3897,34,-311.80197,469.8464,-0.011175308,0.0,-0.0,0.0,0.0,0.0,4.315375892409971e-05,1.9148393222198186,0.0,0.0,0.0
3898,34,-311.80197,469.8464,-0.011175308,0.0,-0.0,0.0,0.0,0.0,4.315375892409971e-05,1.9148393222198186,0.0,0.0,0.0
3899,34,-311.80197,469.8464,-0.011175308,0.0,-0.0,0.0,0.0,0.0,4.315375892409971e-05,1.9148393222198186,0.0,0.0,0.0
3900,34,-311.80197,469.8464,-0.011175308,0.0,-0.0,0.0,0.0,0.0,4.315375892409971e-05,1.9148393222198186,0.0,0.0,0.0
3901,34,-311.80197,469.8464,-0.011175308,0.0,-0.0,0.0,0.0,0.0,4.315375892409971e-05,1.9148393222198186,0.0,0.0,0.0
3902,34,-311.80197,469.8464,-0.011175308,0.0,-0.0,0.0,0.0,0.0,4.315375892409971e-05,1.9148393222198186,0.0,0.0,0.0
3903,34,-311.80197,469.8464,-0.011175308,0.0,-0.0,0.0,0.0,0.0,4.315375892409971e-05,1.9148393222198186,0.0,0.0,0.0
3904,34,-311.80197,469.8464,-0.011175308,0.0,-0.0,0.0,0.0,0.0,4.315375892409971e-05,1.9148393222198186,0.0,0.0,0.0
3905,34,-311.80197,469.8464,-0.011175308,0.0,-0.0,0.0,0.0,0.0,4.315375892409971e-05,1.9148393222198186,0.0,0.0,0.0
3906,34,-311.80197,469.8464,-0.011175308,0.0,-0.0,0.0,0.0,0.0,4.315375892409971e-05,1.9148393222198186,0.0,0.0,0.0
3907,34,-311.80197,469.8464,-0.011175308,0.0,-0.0,0.0,0.0,0.0,4.315375892409971e-05,1.9148393222198186,0.0,0.0,0.0
3908,34,-311.80197,469.8464,-0.011175308,0.0,-0.0,0.0,0.0,0.0,4.315375892409971e-05,1.9148393222198186,0.0,0.0,0.0
3909,34,-311.80197,469.8464,-0.011175308,0.0,-0.0,0.0,0.0,0.0,4.315375892409971e-05,1.9148393222198186,0.0,0.0,0.0
3910,34,-311.80197,469.8464,-0.011175308,0.0,-0.0,0.0,0.0,0.0,4.315375892409971e-05,1.9148393222198186,0.0,0.0,0.0
3911,34,-311.80197,469.8464,-0.011175308,0.0,-0.0,0.0,0.0,0.0,4.315375892409971e-05,1.9148393222198186,0.0,0.0,0.0
3912,34,-311.80197,469.8464,-0.011175308,0.0,-0.0,0.0,0.0,0.0,4.315375892409971e-05,1.9148393222198186,0.0,0.0,0.0
3913,34,-311.80197,469.8464,-0.011175308,0.0,-0.0,0.0,0.0,0.0,4.315375892409971e-05,1.9148393222198186,0.0,0.0,0.0
3914,34,-311.80197,469.8464,-0.011175308,0.0,-0.0,0.0,0.0,0.0,4.315375892409971e-05,1.9148393222198186,0.0,0.0,0.0
3915,34,-311.80197,469.8464,-0.011175308,0.0,-0.0,0.0,0.0,0.0,4.315375892409971e-05,1.9148393222198186,0.0,0.0,0.0
3916,34,-311.80197,469.8464,-0.011175308,0.0,-0.0,0.0,0.0,0.0,4.315375892409971e-05,1.9148393222198186,0.0,0.0,0.0
3917,34,-311.80197,469.8464,-0.011175308,0.0,-0.0,0.0,0.0,0.0,4.315375892409971e-05,1.9148393222198186,0.0,0.0,0.0
3918,34,-311.80197,469.8464,-0.011175308,0.0,-0.0,0.0,0.0,0.0,4.315375892409971e-05,1.9148393222198186,0.0,0.0,0.0
3919,34,-311.80197,469.8464,-0.011175308,0.0,-0.0,0.0,0.0,0.0,4.315375892409971e-05,1.9148393222198186,0.0,0.0,0.0
3920,34,-311.80197,469.8464,-0.011175308,0.0,-0.0,0.0,0.0,0.0,4.315375892409971e-05,1.9148393222198186,0.0,0.0,0.0
3921,34,-311.80197,469.8464,-0.011175308,0.0,-0.0,0.0,0.0,0.0,4.315375892409971e-05,1.9148393222198186,0.0,0.0,0.0
3922,34,-311.80197,469.8464,-0.011175308,0.0,-0.0,0.0,0.0,0.0,4.315375892409971e-05,1.9148393222198186,0.0,0.0,0.0
3923,34,-311.80197,469.8464,-0.011175308,0.0,-0.0,0.0,0.0,0.0,4.315375892409971e-05,1.9148393222198186,0.0,0.0,0.0
3924,34,-311.80197,469.8464,-0.011175308,0.0,-0.0,0.0,0.0,0.0,4.315375892409971e-05,1.9148393222198186,0.0,0.0,0.0
3925,34,-311.80197,469.8464,-0.011175308,0.0,-0.0,0.0,0.0,0.0,4.315375892409971e-05,1.9148393222198186,0.0,0.0,0.0
3926,34,-311.80197,469.8464,-0.011175308,0.0,-0.0,0.0,0.0,0.0,4.315375892409971e-05,1.9148393222198186,0.0,0.0,0.0
3927,34,-311.80197,469.8464,-0.011175308,0.0,-0.0,0.0,0.0,0.0,4.315375892409971e-05,1.9148393222198186,0.0,0.0,0.0
3928,34,-311.80197,469.8464,-0.011175308,0.0,-0.0,0.0,0.0,0.0,4.315375892409971e-05,1.9148393222198186,0.0,0.0,0.0
3929,34,-311.80197,469.8464,-0.011175308,0.0,-0.0,0.0,0.0,0.0,4.315375892409971e-05,1.9148393222198186,0.0,0.0,0.0
3930,34,-311.80197,469.8464,-0.011175308,0.0,-0.0,0.0,0.0,0.0,4.315375892409971e-05,1.9148393222198186,0.0,0.0,0.0
3931,34,-311.80197,469.8464,-0.011175308,0.0,-0.0,0.0,0.0,0.0,4.315375892409971e-05,1.9148393222198186,0.0,0.0,0.0
3932,34,-311.80197,469.8464,-0.011175308,0.0,-0.0,0.0,0.0,0.0,4.315375892409971e-05,1.9148393222198186,0.0,0.0,0.0
3933,34,-311.80197,469.8464,-0.011175308,0.0,-0.0,0.0,0.0,0.0,4.315375892409971e-05,1.9148393222198186,0.0,0.0,0.0
3934,34,-311.80197,469.8464,-0.011175308,0.0,-0.0,0.0,0.0,0.0,4.315375892409971e-05,1.9148393222198186,0.0,0.0,0.0
3935,34,-311.80197,469.8464,-0.011175308,0.0,-0.0,0.0,0.0,0.0,4.315375892409971e-05,1.9148393222198186,0.0,0.0,0.0
3936,34,-311.80197,469.8464,-0.011175308,0.0,-0.0,0.0,0.0,0.0,4.315375892409971e-05,1.9148393222198186,0.0,0.0,0.0
3937,34,-311.80197,469.8464,-0.011175308,0.0,-0.0,0.0,0.0,0.0,4.315375892409971e-05,1.9148393222198186,0.0,0.0,0.0
3938,34,-311.80197,469.8464,-0.011175308,0.0,-0.0,0.0,0.0,0.0,4.315375892409971e-05,1.9148393222198186,0.0,0.0,0.0
3939,34,-311.80197,469.8464,-0.011175308,0.0,-0.0,0.0,0.0,0.0,4.315375892409971e-05,1.9148393222198186,0.0,0.0,0.0
3940,34,-311.80197,469.8464,-0.011175308,0.0,-0.0,0.0,0.0,0.0,4.315375892409971e-05,1.9148393222198186,0.0,0.0,0.0
3941,34,-311.80197,469.8464,-0.011175308,0.0,-0.0,0.0,0.0,0.0,4.315375892409971e-05,1.9148393222198186,0.0,0.0,0.0
3942,34,-311.80197,469.8464,-0.011175308,0.0,-0.0,0.0,0.0,0.0,4.315375892409971e-05,1.9148393222198186,0.0,0.0,0.0
3943,34,-311.80197,469.8464,-0.011175308,0.0,-0.0,0.0,0.0,0.0,4.315375892409971e-05,1.9148393222198186,0.0,0.0,0.0
3944,34,-311.80197,469.8464,-0.011175308,0.0,-0.0,0.0,0.0,0.0,4.315375892409971e-05,1.9148393222198186,0.0,0.0,0.0
3945,34,-311.80197,469.8464,-0.011175308,0.0,-0.0,0.0,0.0,0.0,4.315375892409971e-05,1.9148393222198186,0.0,0.0,0.0
3946,34,-311.80197,469.8464,-0.011175308,0.0,-0.0,0.0,0.0,0.0,4.315375892409971e-05,1.9148393222198186,0.0,0.0,0.0
3947,34,-311.80197,469.8464,-0.011175308,0.0,-0.0,0.0,0.0,0.0,4.315375892409971e-05,1.9148393222198186,0.0,0.0,0.0
3948,34,-311.80197,469.8464,-0.011175308,0.0,-0.0,0.0,0.0,0.0,4.315375892409971e-05,1.9148393222198186,0.0,0.0,0.0
3949,34,-311.80197,469.8464,-0.011175308,0.0,-0.0,0.0,0.0,0.0,4.315375892409971e-05,1.9148393222198186,0.0,0.0,0.0
3950,34,-311.80197,469.8464,-0.011175308,0.0,-0.0,0.0,0.0,0.0,4.315375892409971e-05,1.9148393222198186,0.0,0.0,0.0
3951,34,-311.80197,469.8464,-0.011175308,0.0,-0.0,0.0,0.0,0.0,4.315375892409971e-05,1.9148393222198186,0.0,0.0,0.0
3952,34,-311.80197,469.8464,-0.011175308,0.0,-0.0,0.0,0.0,0.0,4.315375892409971e-05,1.9148393222198186,0.0,0.0,0.0
3953,34,-311.80197,469.8464,-0.011175308,0.0,-0.0,0.0,0.0,0.0,4.315375892409971e-05,1.9148393222198186,0.0,0.0,0.0
3954,34,-311.80197,469.8464,-0.011175308,0.0,-0.0,0.0,0.0,0.0,4.315375892409971e-05,1.9148393222198186,0.0,0.0,0.0
3955,34,-311.80197,469.8464,-0.011175308,0.0,-0.0,0.0,0.0,0.0,4.315375892409971e-05,1.9148393222198186,0.0,0.0,0.0
3956,34,-311.80197,469.8464,-0.011175308,0.0,-0.0,0.0,0.0,0.0,4.315375892409971e-05,1.9148393222198186,0.0,0.0,0.0
3957,34,-311.80197,469.8464,-0.011175308,0.0,-0.0,0.0,0.0,0.0,4.315375892409971e-05,1.9148393222198186,0.0,0.0,0.0
3958,34,-311.80197,469.8464,-0.011175308,0.0,-0.0,0.0,0.0,0.0,4.315375892409971e-05,1.9148393222198186,0.0,0.0,0.0
3959,34,-311.80197,469.8464,-0.011175308,0.0,-0.0,0.0,0.0,0.0,4.315375892409971e-05,1.9148393222198186,0.0,0.0,0.0
3960,34,-311.80197,469.8464,-0.011175308,0.0,-0.0,0.0,0.0,0.0,4.315375892409971e-05,1.9148393222198186,0.0,0.0,0.0
3961,34,-311.80197,469.8464,-0.011175308,0.0,-0.0,0.0,0.0,0.0,4.315375892409971e-05,1.9148393222198186,0.0,0.0,0.0
3962,34,-311.80197,469.8464,-0.011175308,0.0,-0.0,0.0,0.0,0.0,4.315375892409971e-05,1.9148393222198186,0.0,0.0,0.0
3963,34,-311.80197,469.8464,-0.011175308,0.0,-0.0,0.0,0.0,0.0,4.315375892409971e-05,1.9148393222198186,0.0,0.0,0.0
3964,34,-311.80197,469.8464,-0.011175308,0.0,-0.0,0.0,0.0,0.0,4.315375892409971e-05,1.9148393222198186,0.0,0.0,0.0
3965,34,-311.80197,469.8464,-0.011175308,0.0,-0.0,0.0,0.0,0.0,4.315375892409971e-05,1.9148393222198186,0.0,0.0,0.0
3966,34,-311.80197,469.8464,-0.011175308,0.0,-0.0,0.0,0.0,0.0,4.315375892409971e-05,1.9148393222198186,0.0,0.0,0.0
3967,34,-311.80197,469.8464,-0.011175308,0.0,-0.0,0.0,0.0,0.0,4.315375892409971e-05,1.9148393222198186,0.0,0.0,0.0
3968,34,-311.80197,469.8464,-0.011175308,0.0,-0.0,0.0,0.0,0.0,4.315375892409971e-05,1.9148393222198186,0.0,0.0,0.0
3969,34,-311.80197,469.8464,-0.011175308,0.0,-0.0,0.0,0.0,0.0,4.315375892409971e-05,1.9148393222198186,0.0,0.0,0.0
3970,34,-311.80197,469.8464,-0.011175308,0.0,-0.0,0.0,0.0,0.0,4.315375892409971e-05,1.9148393222198186,0.0,0.0,0.0
3971,34,-311.80197,469.8464,-0.011175308,0.0,-0.0,0.0,0.0,0.0,4.315375892409971e-05,1.9148393222198186,0.0,0.0,0.0
3972,34,-311.80197,469.8464,-0.011175308,0.0,-0.0,0.0,0.0,0.0,4.315375892409971e-05,1.9148393222198186,0.0,0.0,0.0
3973,34,-311.80197,469.8464,-0.011175308,0.0,-0.0,0.0,0.0,0.0,4.315375892409971e-05,1.9148393222198186,0.0,0.0,0.0
3974,34,-311.80197,469.8464,-0.011175308,0.0,-0.0,0.0,0.0,0.0,4.315375892409971e-05,1.9148393222198186,0.0,0.0,0.0
3975,34,-311.80197,469.8464,-0.011175308,0.0,-0.0,0.0,0.0,0.0,4.315375892409971e-05,1.9148393222198186,0.0,0.0,0.0
3976,34,-311.80197,469.8464,-0.011175308,0.0,-0.0,0.0,0.0,0.0,4.315375892409971e-05,1.9148393222198186,0.0,0.0,0.0
3977,34,-311.80197,469.8464,-0.011175308,0.0,-0.0,0.0,0.0,0.0,4.315375892409971e-05,1.9148393222198186,0.0,0.0,0.0
3978,34,-311.80197,469.8464,-0.011175308,0.0,-0.0,0.0,0.0,0.0,4.315375892409971e-05,1.9148393222198186,0.0,0.0,0.0
3979,34,-311.80197,469.8464,-0.011175308,0.0,-0.0,0.0,0.0,0.0,4.315375892409971e-05,1.9148393222198186,0.0,0.0,0.0
3980,34,-311.80197,469.8464,-0.011175308,0.0,-0.0,0.0,0.0,0.0,4.315375892409971e-05,1.9148393222198186,0.0,0.0,0.0
3981,34,-311.80197,469.8464,-0.011175308,0.0,-0.0,0.0,0.0,0.0,4.315375892409971e-05,1.9148393222198186,0.0,0.0,0.0
3982,34,-311.80197,469.8464,-0.011175308,0.0,-0.0,0.0,0.0,0.0,4.315375892409971e-05,1.9148393222198186,0.0,0.0,0.0
3983,34,-311.80197,469.8464,-0.011175308,0.0,-0.0,0.0,0.0,0.0,4.315375892409971e-05,1.9148393222198186,0.0,0.0,0.0
3984,34,-311.80197,469.8464,-0.011175308,0.0,-0.0,0.0,0.0,0.0,4.315375892409971e-05,1.9148393222198186,0.0,0.0,0.0
3985,34,-311.80197,469.8464,-0.011175308,0.0,-0.0,0.0,0.0,0.0,4.315375892409971e-05,1.9148393222198186,0.0,0.0,0.0
3986,34,-311.80197,469.8464,-0.011175308,0.0,-0.0,0.0,0.0,0.0,4.315375892409971e-05,1.9148393222198186,0.0,0.0,0.0
3987,34,-311.80197,469.8464,-0.011175308,0.0,-0.0,0.0,0.0,0.0,4.315375892409971e-05,1.9148393222198186,0.0,0.0,0.0
3988,34,-311.80197,469.8464,-0.011175308,0.0,-0.0,0.0,0.0,0.0,4.315375892409971e-05,1.9148393222198186,0.0,0.0,0.0
3989,34,-311.80197,469.8464,-0.011175308,0.0,-0.0,0.0,0.0,0.0,4.315375892409971e-05,1.9148393222198186,0.0,0.0,0.0
3990,34,-311.80197,469.8464,-0.011175308,0.0,-0.0,0.0,0.0,0.0,4.315375892409971e-05,1.9148393222198186,0.0,0.0,0.0
3991,34,-311.80197,469.8464,-0.011175308,0.0,-0.0,0.0,0.0,0.0,4.315375892409971e-05,1.9148393222198186,0.0,0.0,0.0
3992,34,-311.80197,469.8464,-0.011175308,0.0,-0.0,0.0,0.0,0.0,4.315375892409971e-05,1.9148393222198186,0.0,0.0,0.0
3993,34,-311.80197,469.8464,-0.011175308,0.0,-0.0,0.0,0.0,0.0,4.315375892409971e-05,1.9148393222198186,0.0,0.0,0.0
3994,34,-311.80197,469.8464,-0.011175308,0.0,-0.0,0.0,0.0,0.0,4.315375892409971e-05,1.9148393222198186,0.0,0.0,0.0
3995,34,-311.80197,469.8464,-0.011175308,0.0,-0.0,0.0,0.0,0.0,4.315375892409971e-05,1.9148393222198186,0.0,0.0,0.0
3996,34,-311.80197,469.8464,-0.011175308,0.0,-0.0,0.0,0.0,0.0,4.315375892409971e-05,1.9148393222198186,0.0,0.0,0.0
3997,34,-311.80197,469.8464,-0.011175308,0.0,-0.0,0.0,0.0,0.0,4.315375892409971e-05,1.9148393222198186,0.0,0.0,0.0
3998,34,-311.80197,469.8464,-0.011175308,0.0,-0.0,0.0,0.0,0.0,4.315375892409971e-05,1.9148393222198186,0.0,0.0,0.0
3999,34,-311.80197,469.8464,-0.011175308,0.0,-0.0,0.0,0.0,0.0,4.315375892409971e-05,1.9148393222198186,0.0,0.0,0.0
4000,34,-311.80197,469.8464,-0.011175308,0.0,-0.0,0.0,0.0,0.0,4.315375892409971e-05,1.9148393222198186,0.0,0.0,0.0
4001,34,-311.80197,469.8464,-0.011175308,0.0,-0.0,0.0,0.0,0.0,4.315375892409971e-05,1.9148393222198186,0.0,0.0,0.0
4002,34,-311.80197,469.8464,-0.011175308,0.0,-0.0,0.0,0.0,0.0,4.315375892409971e-05,1.9148393222198186,0.0,0.0,0.0
4003,34,-311.80197,469.8464,-0.011175308,0.0,-0.0,0.0,0.0,0.0,4.315375892409971e-05,1.9148393222198186,0.0,0.0,0.0
4004,34,-311.80197,469.8464,-0.011175308,0.0,-0.0,0.0,0.0,0.0,4.315375892409971e-05,1.9148393222198186,0.0,0.0,0.0
4005,34,-311.80197,469.8464,-0.011175308,0.0,-0.0,0.0,0.0,0.0,4.315375892409971e-05,1.9148393222198186,0.0,0.0,0.0
4006,34,-311.80197,469.8464,-0.011175308,0.0,-0.0,0.0,0.0,0.0,4.315375892409971e-05,1.9148393222198186,0.0,0.0,0.0
4007,34,-311.80197,469.8464,-0.011175308,0.0,-0.0,0.0,0.0,0.0,4.315375892409971e-05,1.9148393222198186,0.0,0.0,0.0
4008,34,-311.80197,469.8464,-0.011175308,0.0,-0.0,0.0,0.0,0.0,4.315375892409971e-05,1.9148393222198186,0.0,0.0,0.0
4009,34,-311.80197,469.8464,-0.011175308,0.0,-0.0,0.0,0.0,0.0,4.315375892409971e-05,1.9148393222198186,0.0,0.0,0.0
4010,34,-311.80197,469.8464,-0.011175308,0.0,-0.0,0.0,0.0,0.0,4.315375892409971e-05,1.9148393222198186,0.0,0.0,0.0
4011,34,-311.80197,469.8464,-0.011175308,0.0,-0.0,0.0,0.0,0.0,4.315375892409971e-05,1.9148393222198186,0.0,0.0,0.0
4012,34,-311.80197,469.8464,-0.011175308,0.0,-0.0,0.0,0.0,0.0,4.315375892409971e-05,1.9148393222198186,0.0,0.0,0.0
4013,34,-311.80197,469.8464,-0.011175308,0.0,-0.0,0.0,0.0,0.0,4.315375892409971e-05,1.9148393222198186,0.0,0.0,0.0
4014,34,-311.80197,469.8464,-0.011175308,0.0,-0.0,0.0,0.0,0.0,4.315375892409971e-05,1.9148393222198186,0.0,0.0,0.0
4015,34,-311.80197,469.8464,-0.011175308,0.0,-0.0,0.0,0.0,0.0,4.315375892409971e-05,1.9148393222198186,0.0,0.0,0.0
4016,34,-311.80197,469.8464,-0.011175308,0.0,-0.0,0.0,0.0,0.0,4.315375892409971e-05,1.9148393222198186,0.0,0.0,0.0
4017,34,-311.80197,469.8464,-0.011175308,0.0,-0.0,0.0,0.0,0.0,4.315375892409971e-05,1.9148393222198186,0.0,0.0,0.0
4018,34,-311.80197,469.8464,-0.011175308,0.0,-0.0,0.0,0.0,0.0,4.315375892409971e-05,1.9148393222198186,0.0,0.0,0.0
4019,34,-311.80197,469.8464,-0.011175308,0.0,-0.0,0.0,0.0,0.0,4.315375892409971e-05,1.9148393222198186,0.0,0.0,0.0
4020,34,-311.80197,469.8464,-0.011175308,0.0,-0.0,0.0,0.0,0.0,4.315375892409971e-05,1.9148393222198186,0.0,0.0,0.0
4021,34,-311.80197,469.8464,-0.011175308,0.0,-0.0,0.0,0.0,0.0,4.315375892409971e-05,1.9148393222198186,0.0,0.0,0.0
4022,34,-311.80197,469.8464,-0.011175308,0.0,-0.0,0.0,0.0,0.0,4.315375892409971e-05,1.9148393222198186,0.0,0.0,0.0
4023,34,-311.80197,469.8464,-0.011175308,0.0,-0.0,0.0,0.0,0.0,4.315375892409971e-05,1.9148393222198186,0.0,0.0,0.0
4024,34,-311.80197,469.8464,-0.011175308,0.0,-0.0,0.0,0.0,0.0,4.315375892409971e-05,1.9148393222198186,0.0,0.0,0.0
4025,34,-311.80197,469.8464,-0.011175308,0.0,-0.0,0.0,0.0,0.0,4.315375892409971e-05,1.9148393222198186,0.0,0.0,0.0
4026,34,-311.80197,469.8464,-0.011175308,0.0,-0.0,0.0,0.0,0.0,4.315375892409971e-05,1.9148393222198186,0.0,0.0,0.0
4027,34,-311.80197,469.8464,-0.011175308,0.0,-0.0,0.0,0.0,0.0,4.315375892409971e-05,1.9148393222198186,0.0,0.0,0.0
4028,34,-311.80197,469.8464,-0.011175308,0.0,-0.0,0.0,0.0,0.0,4.315375892409971e-05,1.9148393222198186,0.0,0.0,0.0
4029,34,-311.80197,469.8464,-0.011175308,0.0,-0.0,0.0,0.0,0.0,4.315375892409971e-05,1.9148393222198186,0.0,0.0,0.0
4030,34,-311.80197,469.8464,-0.011175308,0.0,-0.0,0.0,0.0,0.0,4.315375892409971e-05,1.9148393222198186,0.0,0.0,0.0
4031,34,-311.80197,469.8464,-0.011175308,0.0,-0.0,0.0,0.0,0.0,4.315375892409971e-05,1.9148393222198186,0.0,0.0,0.0
4032,34,-311.80197,469.8464,-0.011175308,0.0,-0.0,0.0,0.0,0.0,4.315375892409971e-05,1.9148393222198186,0.0,0.0,0.0
4033,34,-311.80197,469.8464,-0.011175308,0.0,-0.0,0.0,0.0,0.0,4.315375892409971e-05,1.9148393222198186,0.0,0.0,0.0
4034,34,-311.80197,469.8464,-0.011175308,0.0,-0.0,0.0,0.0,0.0,4.315375892409971e-05,1.9148393222198186,0.0,0.0,0.0
4035,34,-311.80197,469.8464,-0.011175308,0.0,-0.0,0.0,0.0,0.0,4.315375892409971e-05,1.9148393222198186,0.0,0.0,0.0
4036,34,-311.80197,469.8464,-0.011175308,0.0,-0.0,0.0,0.0,0.0,4.315375892409971e-05,1.9148393222198186,0.0,0.0,0.0
4037,34,-311.80197,469.8464,-0.011175308,0.0,-0.0,0.0,0.0,0.0,4.315375892409971e-05,1.9148393222198186,0.0,0.0,0.0
4038,34,-311.80197,469.8464,-0.011175308,0.0,-0.0,0.0,0.0,0.0,4.315375892409971e-05,1.9148393222198186,0.0,0.0,0.0
4039,34,-311.80197,469.8464,-0.011175308,0.0,-0.0,0.0,0.0,0.0,4.315375892409971e-05,1.9148393222198186,0.0,0.0,0.0
4040,34,-311.80197,469.8464,-0.011175308,0.0,-0.0,0.0,0.0,0.0,4.315375892409971e-05,1.9148393222198186,0.0,0.0,0.0
4041,34,-311.80197,469.8464,-0.011175308,0.0,-0.0,0.0,0.0,0.0,4.315375892409971e-05,1.9148393222198186,0.0,0.0,0.0
4042,34,-311.80197,469.8464,-0.011175308,0.0,-0.0,0.0,0.0,0.0,4.315375892409971e-05,1.9148393222198186,0.0,0.0,0.0
4043,34,-311.80197,469.8464,-0.011175308,0.0,-0.0,0.0,0.0,0.0,4.315375892409971e-05,1.9148393222198186,0.0,0.0,0.0
4044,34,-311.80197,469.8464,-0.011175308,0.0,-0.0,0.0,0.0,0.0,4.315375892409971e-05,1.9148393222198186,0.0,0.0,0.0
4045,34,-311.80197,469.8464,-0.011175308,0.0,-0.0,0.0,0.0,0.0,4.315375892409971e-05,1.9148393222198186,0.0,0.0,0.0
4046,34,-311.80197,469.8464,-0.011175308,0.0,-0.0,0.0,0.0,0.0,4.315375892409971e-05,1.9148393222198186,0.0,0.0,0.0
4047,34,-311.80197,469.8464,-0.011175308,0.0,-0.0,0.0,0.0,0.0,4.315375892409971e-05,1.9148393222198186,0.0,0.0,0.0
4048,34,-311.80197,469.8464,-0.011175308,0.0,-0.0,0.0,0.0,0.0,4.315375892409971e-05,1.9148393222198186,0.0,0.0,0.0
4049,34,-311.80197,469.8464,-0.011175308,0.0,-0.0,0.0,0.0,0.0,4.315375892409971e-05,1.9148393222198186,0.0,0.0,0.0
4050,34,-311.80197,469.8464,-0.011175308,0.0,-0.0,0.0,0.0,0.0,4.315375892409971e-05,1.9148393222198186,0.0,0.0,0.0
4051,34,-311.80197,469.8464,-0.011175308,0.0,-0.0,0.0,0.0,0.0,4.315375892409971e-05,1.9148393222198186,0.0,0.0,0.0
4052,34,-311.80197,469.8464,-0.011175308,0.0,-0.0,0.0,0.0,0.0,4.315375892409971e-05,1.9148393222198186,0.0,0.0,0.0
4053,34,-311.80197,469.8464,-0.011175308,0.0,-0.0,0.0,0.0,0.0,4.315375892409971e-05,1.9148393222198186,0.0,0.0,0.0
4054,34,-311.80197,469.8464,-0.011175308,0.0,-0.0,0.0,0.0,0.0,4.315375892409971e-05,1.9148393222198186,0.0,0.0,0.0
4055,34,-311.80197,469.8464,-0.011175308,0.0,-0.0,0.0,0.0,0.0,4.315375892409971e-05,1.9148393222198186,0.0,0.0,0.0
4056,34,-311.80197,469.8464,-0.011175308,0.0,-0.0,0.0,0.0,0.0,4.315375892409971e-05,1.9148393222198186,0.0,0.0,0.0
4057,34,-311.80197,469.8464,-0.011175308,0.0,-0.0,0.0,0.0,0.0,4.315375892409971e-05,1.9148393222198186,0.0,0.0,0.0
4058,34,-311.80197,469.8464,-0.011175308,0.0,-0.0,0.0,0.0,0.0,4.315375892409971e-05,1.9148393222198186,0.0,0.0,0.0
4059,34,-311.80197,469.8464,-0.011175308,0.0,-0.0,0.0,0.0,0.0,4.315375892409971e-05,1.9148393222198186,0.0,0.0,0.0
4060,34,-311.80197,469.8464,-0.011175308,0.0,-0.0,0.0,0.0,0.0,4.315375892409971e-05,1.9148393222198186,0.0,0.0,0.0
4061,34,-311.80197,469.8464,-0.011175308,0.0,-0.0,0.0,0.0,0.0,4.315375892409971e-05,1.9148393222198186,0.0,0.0,0.0
4062,34,-311.80197,469.8464,-0.011175308,0.0,-0.0,0.0,0.0,0.0,4.315375892409971e-05,1.9148393222198186,0.0,0.0,0.0
4063,34,-311.80197,469.8464,-0.011175308,0.0,-0.0,0.0,0.0,0.0,4.315375892409971e-05,1.9148393222198186,0.0,0.0,0.0
4064,34,-311.80197,469.8464,-0.011175308,0.0,-0.0,0.0,0.0,0.0,4.315375892409971e-05,1.9148393222198186,0.0,0.0,0.0
4065,34,-311.80197,469.8464,-0.011175308,0.0,-0.0,0.0,0.0,0.0,4.315375892409971e-05,1.9148393222198186,0.0,0.0,0.0
4066,34,-311.80197,469.8464,-0.011175308,0.0,-0.0,0.0,0.0,0.0,4.315375892409971e-05,1.9148393222198186,0.0,0.0,0.0
4067,34,-311.80197,469.8464,-0.011175308,0.0,-0.0,0.0,0.0,0.0,4.315375892409971e-05,1.9148393222198186,0.0,0.0,0.0
4068,34,-311.80197,469.8464,-0.011175308,0.0,-0.0,0.0,0.0,0.0,4.315375892409971e-05,1.9148393222198186,0.0,0.0,0.0
4069,34,-311.80197,469.8464,-0.011175308,0.0,-0.0,0.0,0.0,0.0,4.315375892409971e-05,1.9148393222198186,0.0,0.0,0.0
4070,34,-311.80197,469.8464,-0.011175308,0.0,-0.0,0.0,0.0,0.0,4.315375892409971e-05,1.9148393222198186,0.0,0.0,0.0
4071,34,-311.80197,469.8464,-0.011175308,0.0,-0.0,0.0,0.0,0.0,4.315375892409971e-05,1.9148393222198186,0.0,0.0,0.0
4072,34,-311.80197,469.8464,-0.011175308,0.0,-0.0,0.0,0.0,0.0,4.315375892409971e-05,1.9148393222198186,0.0,0.0,0.0
4073,34,-311.80197,469.8464,-0.011175308,0.0,-0.0,0.0,0.0,0.0,4.315375892409971e-05,1.9148393222198186,0.0,0.0,0.0
4074,34,-311.80197,469.8464,-0.011175308,0.0,-0.0,0.0,0.0,0.0,4.315375892409971e-05,1.9148393222198186,0.0,0.0,0.0
4075,34,-311.80197,469.8464,-0.011175308,0.0,-0.0,0.0,0.0,0.0,4.315375892409971e-05,1.9148393222198186,0.0,0.0,0.0
4076,34,-311.80197,469.8464,-0.011175308,0.0,-0.0,0.0,0.0,0.0,4.315375892409971e-05,1.9148393222198186,0.0,0.0,0.0
4077,34,-311.80197,469.8464,-0.011175308,0.0,-0.0,0.0,0.0,0.0,4.315375892409971e-05,1.9148393222198186,0.0,0.0,0.0
4078,34,-311.80197,469.8464,-0.011175308,0.0,-0.0,0.0,0.0,0.0,4.315375892409971e-05,1.9148393222198186,0.0,0.0,0.0
4079,34,-311.80197,469.8464,-0.011175308,0.0,-0.0,0.0,0.0,0.0,4.315375892409971e-05,1.9148393222198186,0.0,0.0,0.0
4080,34,-311.80197,469.8464,-0.011175308,0.0,-0.0,0.0,0.0,0.0,4.315375892409971e-05,1.9148393222198186,0.0,0.0,0.0
