tick,waypoint_idx,loc_x,loc_y,loc_z,vel_x,vel_y,vel_z,speed,roll,pitch,yaw,throttle,steer,brake
0,2774,-283.79953,391.69986,-0.023887219,-0.00040939718,0.0011143041,0.08307269,0.08308117091655731,1.735260191663265e-05,-0.007068753059843013,1.919794666060129,0.0,0.0,0.0
1,2774,-283.79953,391.69983,-0.019868173,-0.00041013188,0.001114891,0.064380795,0.06439175456762314,1.4313091943762606e-05,-0.006413936363400821,1.9197955981665105,0.0,0.0,0.0
2,2774,-283.7995,391.6998,-0.016691385,-0.00040972425,0.0011137426,0.04950664,0.049520861357450485,1.1302020488804319e-05,-0.005784511243476853,1.9197955981665105,0.0,0.0,0.0
3,2774,-283.7995,391.6997,-0.01420392,-0.00040856708,0.001111449,0.037818506,0.037837039679288864,8.514498663045711e-06,-0.005214214021387799,1.9197942665859655,0.0,0.0,0.0
4,2774,-283.7995,391.69968,-0.012272949,-0.00040699675,0.001108508,0.028727433,0.028751691803336143,6.100696531196558e-06,-0.004719734186730588,1.9197943997440199,0.0,0.0,0.0
5,2774,-283.79947,391.69968,-0.010786166,-0.0004052412,0.0011053084,0.021716412,0.021748298779129982,4.089708130537118e-06,-0.004305600933878633,1.9197947992181834,0.0,0.0,0.0
6,2774,-283.79944,391.69965,-0.009650269,-0.00040348986,0.0011021075,0.016346334,0.016388412564992905,2.4747763542099418e-06,-0.003969311567600503,1.9197955981665105,0.0,0.0,0.0
7,2774,-283.79944,391.69962,-0.008789153,-0.00040183403,0.0010990775,0.012258165,0.012313895858824253,1.2295869632642121e-06,-0.0037038323777710824,1.9197955981665105,0.0,0.0,0.0
8,2774,-283.79944,391.69962,-0.008141451,-0.0004003248,0.0010963108,0.0091612525,0.00923529639840126,2.9162214723297606e-07,-0.003499865447190037,1.919795731324565,0.0,0.0,0.0
9,2774,-283.79944,391.69962,-0.007657976,-0.00039903293,0.0010938256,0.006828353,0.0069269100204110146,-5.326030104500289e-07,-0.003347754216162578,1.919795465008456,0.0,0.0,0.0
10,2774,-283.79944,391.69955,-0.0073001524,-0.00039789185,0.0010916473,0.0050744805,0.005205801222473383,-1.065322089226833e-06,-0.0032374858231683868,1.9197955981665105,0.0,0.0,0.0
11,2774,-283.79944,391.69955,-0.007037506,-0.0003969413,0.0010897348,0.0037628056,0.003937485162168741,-1.065321835248e-06,-0.0031607150032603487,1.9197955981665105,0.0,0.0,0.0
12,2774,-283.79944,391.69955,-0.0068464037,-0.00039546486,0.0010883086,0.002783188,0.0030144555494189262,-1.0652052589635582e-06,-0.003109335759870535,1.9197955981665105,0.0,0.0,0.0
13,2774,-283.79944,391.69955,-0.0068464037,0.0,-0.0,0.0,0.0,-1.0652052589635582e-06,-0.003109335759870535,1.9197955981665105,0.0,0.0,0.0
14,2774,-283.79944,391.69955,-0.0068464037,0.0,-0.0,0.0,0.0,-1.0652052589635582e-06,-0.003109335759870535,1.9197955981665105,0.0,0.0,0.0
15,2774,-283.79944,391.69955,-0.0068464037,0.0,-0.0,0.0,0.0,-1.0652052589635582e-06,-0.003109335759870535,1.9197955981665105,0.0,0.0,0.0
16,2774,-283.79944,391.69955,-0.0068464037,0.0,-0.0,0.0,0.0,-1.0652052589635582e-06,-0.003109335759870535,1.9197955981665105,0.0,0.0,0.0
17,2774,-283.79944,391.69955,-0.0068464037,0.0,-0.0,0.0,0.0,-1.0652052589635582e-06,-0.003109335759870535,1.9197955981665105,0.0,0.0,0.0
18,2774,-283.79944,391.69955,-0.0068464037,0.0,-0.0,0.0,0.0,-1.0652052589635582e-06,-0.003109335759870535,1.9197955981665105,0.0,0.0,0.0
19,2774,-283.79944,391.69955,-0.0068464037,0.0,-0.0,0.0,0.0,-1.0652052589635582e-06,-0.003109335759870535,1.9197955981665105,0.0,0.0,0.0
20,2774,-283.79944,391.69955,-0.0068464037,0.0,-0.0,0.0,0.0,-1.0652052589635582e-06,-0.003109335759870535,1.9197955981665105,0.0,0.0,0.0
21,2774,-283.79944,391.69955,-0.0068464037,0.0,-0.0,0.0,0.0,-1.0652052589635582e-06,-0.003109335759870535,1.9197955981665105,0.0,0.0,0.0
22,2774,-283.79944,391.69955,-0.0068464037,0.0,-0.0,0.0,0.0,-1.0652052589635582e-06,-0.003109335759870535,1.9197955981665105,0.0,0.0,0.0
23,2774,-283.79944,391.69955,-0.0068464037,0.0,-0.0,0.0,0.0,-1.0652052589635582e-06,-0.003109335759870535,1.9197955981665105,0.0,0.0,0.0
24,2774,-283.79944,391.69955,-0.0068464037,0.0,-0.0,0.0,0.0,-1.0652052589635582e-06,-0.003109335759870535,1.9197955981665105,0.0,0.0,0.0
25,2774,-283.79944,391.69955,-0.0068464037,0.0,-0.0,0.0,0.0,-1.0652052589635582e-06,-0.003109335759870535,1.9197955981665105,0.0,0.0,0.0
26,2774,-283.79944,391.69955,-0.0068464037,0.0,-0.0,0.0,0.0,-1.0652052589635582e-06,-0.003109335759870535,1.9197955981665105,0.0,0.0,0.0
27,2774,-283.79944,391.69955,-0.0068464037,0.0,-0.0,0.0,0.0,-1.0652052589635582e-06,-0.003109335759870535,1.9197955981665105,0.0,0.0,0.0
28,2774,-283.79944,391.69955,-0.0068464037,0.0,-0.0,0.0,0.0,-1.0652052589635582e-06,-0.003109335759870535,1.9197955981665105,0.0,0.0,0.0
29,2774,-283.79944,391.69955,-0.0068464037,0.0,-0.0,0.0,0.0,-1.0652052589635582e-06,-0.003109335759870535,1.9197955981665105,0.0,0.0,0.0
30,2774,-283.79944,391.69955,-0.0068464037,0.0,-0.0,0.0,0.0,-1.0652052589635582e-06,-0.003109335759870535,1.9197955981665105,0.0,0.0,0.0
31,2774,-283.79944,391.69955,-0.0068464037,0.0,-0.0,0.0,0.0,-1.0652052589635582e-06,-0.003109335759870535,1.9197955981665105,0.0,0.0,0.0
32,2774,-283.79944,391.69955,-0.0068464037,0.0,-0.0,0.0,0.0,-1.0652052589635582e-06,-0.003109335759870535,1.9197955981665105,0.0,0.0,0.0
33,2774,-283.79944,391.69955,-0.0068464037,0.0,-0.0,0.0,0.0,-1.0652052589635582e-06,-0.003109335759870535,1.9197955981665105,0.0,0.0,0.0
34,2774,-283.79944,391.69955,-0.0068464037,0.0,-0.0,0.0,0.0,-1.0652052589635582e-06,-0.003109335759870535,1.9197955981665105,0.0,0.0,0.0
35,2774,-283.79944,391.69955,-0.0068464037,0.0,-0.0,0.0,0.0,-1.0652052589635582e-06,-0.003109335759870535,1.9197955981665105,0.0,0.0,0.0
36,2774,-283.79944,391.69955,-0.0068464037,0.0,-0.0,0.0,0.0,-1.0652052589635582e-06,-0.003109335759870535,1.9197955981665105,0.0,0.0,0.0
37,2774,-283.79944,391.69955,-0.0068464037,0.0,-0.0,0.0,0.0,-1.0652052589635582e-06,-0.003109335759870535,1.9197955981665105,0.0,0.0,0.0
38,2774,-283.79944,391.69955,-0.0068464037,0.0,-0.0,0.0,0.0,-1.0652052589635582e-06,-0.003109335759870535,1.9197955981665105,0.0,0.0,0.0
39,2774,-283.79944,391.69955,-0.0068464037,0.0,-0.0,0.0,0.0,-1.0652052589635582e-06,-0.003109335759870535,1.9197955981665105,0.0,0.0,0.0
40,2774,-283.79944,391.69955,-0.0068464037,0.0,-0.0,0.0,0.0,-1.0652052589635582e-06,-0.003109335759870535,1.9197955981665105,0.0,0.0,0.0
41,2774,-283.79944,391.69955,-0.0068464037,0.0,-0.0,0.0,0.0,-1.0652052589635582e-06,-0.003109335759870535,1.9197955981665105,0.0,0.0,0.0
42,2774,-283.79944,391.69955,-0.0068464037,0.0,-0.0,0.0,0.0,-1.0652052589635582e-06,-0.003109335759870535,1.9197955981665105,0.0,0.0,0.0
43,2774,-283.79944,391.69955,-0.0068464037,0.0,-0.0,0.0,0.0,-1.0652052589635582e-06,-0.003109335759870535,1.9197955981665105,0.0,0.0,0.0
44,2774,-283.79944,391.69955,-0.0068464037,0.0,-0.0,0.0,0.0,-1.0652052589635582e-06,-0.003109335759870535,1.9197955981665105,0.0,0.0,0.0
45,2774,-283.79944,391.69955,-0.0068464037,0.0,-0.0,0.0,0.0,-1.0652052589635582e-06,-0.003109335759870535,1.9197955981665105,0.0,0.0,0.0
46,2774,-283.79944,391.69955,-0.0068464037,0.0,-0.0,0.0,0.0,-1.0652052589635582e-06,-0.003109335759870535,1.9197955981665105,0.0,0.0,0.0
47,2774,-283.79944,391.69955,-0.0068464037,0.0,-0.0,0.0,0.0,-1.0652052589635582e-06,-0.003109335759870535,1.9197955981665105,0.0,0.0,0.0
48,2774,-283.79944,391.69955,-0.0068464037,0.0,-0.0,0.0,0.0,-1.0652052589635582e-06,-0.003109335759870535,1.9197955981665105,0.0,0.0,0.0
49,2774,-283.79944,391.69955,-0.0068464037,0.0,-0.0,0.0,0.0,-1.0652052589635582e-06,-0.003109335759870535,1.9197955981665105,0.0,0.0,0.0
50,2774,-283.79944,391.69955,-0.0068464037,0.0,-0.0,0.0,0.0,-1.0652052589635582e-06,-0.003109335759870535,1.9197955981665105,0.0,0.0,0.0
51,2774,-283.79944,391.69955,-0.0068464037,0.0,-0.0,0.0,0.0,-1.0652052589635582e-06,-0.003109335759870535,1.9197955981665105,0.0,0.0,0.0
52,2774,-283.79944,391.69955,-0.0068464037,0.0,-0.0,0.0,0.0,-1.0652052589635582e-06,-0.003109335759870535,1.9197955981665105,0.0,0.0,0.0
53,2774,-283.79944,391.69955,-0.0068464037,0.0,-0.0,0.0,0.0,-1.0652052589635582e-06,-0.003109335759870535,1.9197955981665105,0.0,0.0,0.0
54,2774,-283.79944,391.69955,-0.0068464037,0.0,-0.0,0.0,0.0,-1.0652052589635582e-06,-0.003109335759870535,1.9197955981665105,0.0,0.0,0.0
55,2774,-283.79944,391.69955,-0.0068464037,0.0,-0.0,0.0,0.0,-1.0652052589635582e-06,-0.003109335759870535,1.9197955981665105,0.0,0.0,0.0
56,2774,-283.79944,391.69955,-0.0068464037,0.0,-0.0,0.0,0.0,-1.0652052589635582e-06,-0.003109335759870535,1.9197955981665105,0.0,0.0,0.0
57,2774,-283.79944,391.69955,-0.0068464037,0.0,-0.0,0.0,0.0,-1.0652052589635582e-06,-0.003109335759870535,1.9197955981665105,0.0,0.0,0.0
58,2774,-283.79944,391.69955,-0.0068464037,0.0,-0.0,0.0,0.0,-1.0652052589635582e-06,-0.003109335759870535,1.9197955981665105,0.0,0.0,0.0
59,2774,-283.79944,391.69955,-0.0068464037,0.0,-0.0,0.0,0.0,-1.0652052589635582e-06,-0.003109335759870535,1.9197955981665105,0.0,0.0,0.0
60,2774,-283.79944,391.69955,-0.0068464037,0.0,-0.0,0.0,0.0,-1.0652052589635582e-06,-0.003109335759870535,1.9197955981665105,0.0,0.0,0.0
61,2774,-283.79944,391.69955,-0.0068464037,0.0,-0.0,0.0,0.0,-1.0652052589635582e-06,-0.003109335759870535,1.9197955981665105,0.0,0.0,0.0
62,2774,-283.79944,391.69955,-0.0068464037,0.0,-0.0,0.0,0.0,-1.0652052589635582e-06,-0.003109335759870535,1.9197955981665105,0.0,0.0,0.0
63,2774,-283.79944,391.69955,-0.0068464037,0.0,-0.0,0.0,0.0,-1.0652052589635582e-06,-0.003109335759870535,1.9197955981665105,0.0,0.0,0.0
64,2774,-283.79944,391.69955,-0.0068464037,0.0,-0.0,0.0,0.0,-1.0652052589635582e-06,-0.003109335759870535,1.9197955981665105,0.0,0.0,0.0
65,2774,-283.79944,391.69955,-0.0068464037,0.0,-0.0,0.0,0.0,-1.0652052589635582e-06,-0.003109335759870535,1.9197955981665105,0.0,0.0,0.0
66,2774,-283.79944,391.69955,-0.0068464037,0.0,-0.0,0.0,0.0,-1.0652052589635582e-06,-0.003109335759870535,1.9197955981665105,0.0,0.0,0.0
67,2774,-283.79944,391.69955,-0.0068464037,0.0,-0.0,0.0,0.0,-1.0652052589635582e-06,-0.003109335759870535,1.9197955981665105,0.0,0.0,0.0
68,2774,-283.79944,391.69955,-0.0068464037,0.0,-0.0,0.0,0.0,-1.0652052589635582e-06,-0.003109335759870535,1.9197955981665105,0.0,0.0,0.0
69,2774,-283.79944,391.69955,-0.0068464037,0.0,-0.0,0.0,0.0,-1.0652052589635582e-06,-0.003109335759870535,1.9197955981665105,0.0,0.0,0.0
70,2774,-283.79944,391.69955,-0.0068464037,0.0,-0.0,0.0,0.0,-1.0652052589635582e-06,-0.003109335759870535,1.9197955981665105,0.0,0.0,0.0
71,2774,-283.79944,391.69955,-0.0068464037,0.0,-0.0,0.0,0.0,-1.0652052589635582e-06,-0.003109335759870535,1.9197955981665105,0.0,0.0,0.0
72,2774,-283.79944,391.69955,-0.0068464037,0.0,-0.0,0.0,0.0,-1.0652052589635582e-06,-0.003109335759870535,1.9197955981665105,0.0,0.0,0.0
73,2774,-283.79944,391.69955,-0.0068464037,0.0,-0.0,0.0,0.0,-1.0652052589635582e-06,-0.003109335759870535,1.9197955981665105,0.0,0.0,0.0
74,2774,-283.79944,391.69955,-0.0068464037,0.0,-0.0,0.0,0.0,-1.0652052589635582e-06,-0.003109335759870535,1.9197955981665105,0.0,0.0,0.0
75,2774,-283.79944,391.69955,-0.0068464037,0.0,-0.0,0.0,0.0,-1.0652052589635582e-06,-0.003109335759870535,1.9197955981665105,0.0,0.0,0.0
76,2774,-283.79944,391.69955,-0.0068464037,0.0,-0.0,0.0,0.0,-1.0652052589635582e-06,-0.003109335759870535,1.9197955981665105,0.0,0.0,0.0
77,2774,-283.79944,391.69955,-0.0068464037,0.0,-0.0,0.0,0.0,-1.0652052589635582e-06,-0.003109335759870535,1.9197955981665105,0.0,0.0,0.0
78,2774,-283.79944,391.69955,-0.0068464037,0.0,-0.0,0.0,0.0,-1.0652052589635582e-06,-0.003109335759870535,1.9197955981665105,0.0,0.0,0.0
79,2774,-283.79944,391.69955,-0.0068464037,0.0,-0.0,0.0,0.0,-1.0652052589635582e-06,-0.003109335759870535,1.9197955981665105,0.0,0.0,0.0
80,2774,-283.79944,391.69955,-0.0068464037,0.0,-0.0,0.0,0.0,-1.0652052589635582e-06,-0.003109335759870535,1.9197955981665105,0.0,0.0,0.0
81,2774,-283.79944,391.69955,-0.0068464037,0.0,-0.0,0.0,0.0,-1.0652052589635582e-06,-0.003109335759870535,1.9197955981665105,0.0,0.0,0.0
82,2774,-283.79944,391.69955,-0.0068464037,0.0,-0.0,0.0,0.0,-1.0652052589635582e-06,-0.003109335759870535,1.9197955981665105,0.0,0.0,0.0
83,2774,-283.79944,391.69955,-0.0068464037,0.0,-0.0,0.0,0.0,-1.0652052589635582e-06,-0.003109335759870535,1.9197955981665105,0.0,0.0,0.0
84,2774,-283.79944,391.69955,-0.0068464037,0.0,-0.0,0.0,0.0,-1.0652052589635582e-06,-0.003109335759870535,1.9197955981665105,0.0,0.0,0.0
85,2774,-283.79944,391.69955,-0.0068464037,0.0,-0.0,0.0,0.0,-1.0652052589635582e-06,-0.003109335759870535,1.9197955981665105,0.0,0.0,0.0
86,2774,-283.79944,391.69955,-0.0068464037,0.0,-0.0,0.0,0.0,-1.0652052589635582e-06,-0.003109335759870535,1.9197955981665105,0.0,0.0,0.0
87,2774,-283.79944,391.69955,-0.0068464037,0.0,-0.0,0.0,0.0,-1.0652052589635582e-06,-0.003109335759870535,1.9197955981665105,0.0,0.0,0.0
88,2774,-283.79944,391.69955,-0.0068464037,0.0,-0.0,0.0,0.0,-1.0652052589635582e-06,-0.003109335759870535,1.9197955981665105,0.0,0.0,0.0
89,2774,-283.79944,391.69955,-0.0068464037,0.0,-0.0,0.0,0.0,-1.0652052589635582e-06,-0.003109335759870535,1.9197955981665105,0.0,0.0,0.0
90,2774,-283.79944,391.69955,-0.0068464037,0.0,-0.0,0.0,0.0,-1.0652052589635582e-06,-0.003109335759870535,1.9197955981665105,0.0,0.0,0.0
91,2774,-283.79944,391.69955,-0.0068464037,0.0,-0.0,0.0,0.0,-1.0652052589635582e-06,-0.003109335759870535,1.9197955981665105,0.0,0.0,0.0
92,2774,-283.79944,391.69955,-0.0068464037,0.0,-0.0,0.0,0.0,-1.0652052589635582e-06,-0.003109335759870535,1.9197955981665105,0.0,0.0,0.0
93,2774,-283.79944,391.69955,-0.0068464037,0.0,-0.0,0.0,0.0,-1.0652052589635582e-06,-0.003109335759870535,1.9197955981665105,0.0,0.0,0.0
94,2774,-283.79944,391.69955,-0.0068464037,0.0,-0.0,0.0,0.0,-1.0652052589635582e-06,-0.003109335759870535,1.9197955981665105,0.0,0.0,0.0
95,2774,-283.79944,391.69955,-0.0068464037,0.0,-0.0,0.0,0.0,-1.0652052589635582e-06,-0.003109335759870535,1.9197955981665105,0.0,0.0,0.0
96,2774,-283.79944,391.69955,-0.0068464037,0.0,-0.0,0.0,0.0,-1.0652052589635582e-06,-0.003109335759870535,1.9197955981665105,0.0,0.0,0.0
97,2774,-283.79944,391.69955,-0.0068464037,0.0,-0.0,0.0,0.0,-1.0652052589635582e-06,-0.003109335759870535,1.9197955981665105,0.0,0.0,0.0
98,2774,-283.79944,391.69955,-0.0068464037,0.0,-0.0,0.0,0.0,-1.0652052589635582e-06,-0.003109335759870535,1.9197955981665105,0.0,0.0,0.0
99,2774,-283.79944,391.69955,-0.0068464037,0.0,-0.0,0.0,0.0,-1.0652052589635582e-06,-0.003109335759870535,1.9197955981665105,0.0,0.0,0.0
100,2774,-283.79944,391.69955,-0.0068464037,0.0,-0.0,0.0,0.0,-1.0652052589635582e-06,-0.003109335759870535,1.9197955981665105,0.0,0.0,0.0
101,2774,-283.79944,391.69955,-0.0068464037,0.0,-0.0,0.0,0.0,-1.0652052589635582e-06,-0.003109335759870535,1.9197955981665105,0.0,0.0,0.0
102,2774,-283.79944,391.69955,-0.0068464037,0.0,-0.0,0.0,0.0,-1.0652052589635582e-06,-0.003109335759870535,1.9197955981665105,0.0,0.0,0.0
103,2774,-283.79944,391.69955,-0.0068464037,0.0,-0.0,0.0,0.0,-1.0652052589635582e-06,-0.003109335759870535,1.9197955981665105,0.0,0.0,0.0
104,2774,-283.79944,391.69955,-0.0068464037,0.0,-0.0,0.0,0.0,-1.0652052589635582e-06,-0.003109335759870535,1.9197955981665105,0.0,0.0,0.0
105,2774,-283.79944,391.69955,-0.0068464037,0.0,-0.0,0.0,0.0,-1.0652052589635582e-06,-0.003109335759870535,1.9197955981665105,0.0,0.0,0.0
106,2774,-283.79944,391.69955,-0.0068464037,0.0,-0.0,0.0,0.0,-1.0652052589635582e-06,-0.003109335759870535,1.9197955981665105,0.0,0.0,0.0
107,2774,-283.79944,391.69955,-0.0068464037,0.0,-0.0,0.0,0.0,-1.0652052589635582e-06,-0.003109335759870535,1.9197955981665105,0.0,0.0,0.0
108,2774,-283.79944,391.69955,-0.0068464037,0.0,-0.0,0.0,0.0,-1.0652052589635582e-06,-0.003109335759870535,1.9197955981665105,0.08,0.0,0.0
109,2774,-283.79944,391.69955,-0.0068073845,-3.666671e-07,3.3744946e-08,0.00010948587,0.00010948648559860885,-1.0653217082585832e-06,-0.003095984324237586,1.9197955981665105,0.16,0.0,0.0
110,2774,-283.79944,391.69955,-0.006781945,-4.0887952e-07,6.552326e-08,0.00075979246,0.0007597925723530352,-1.0653217082585832e-06,-0.003095984324237586,1.9197955981665105,0.24,0.0,0.0
111,2774,-283.79944,391.69955,-0.0067356774,-5.0765397e-07,3.5526412e-08,0.0010184732,0.0010184732964262366,-1.0653217082585832e-06,-0.003095984324237586,1.9197955981665105,0.32,0.0,0.0
112,2774,-283.79944,391.69955,-0.006683006,-3.8617654e-07,1.09585834e-07,0.0010592408,0.001059240777976811,-1.0653217082585832e-06,-0.003095984324237586,1.9197955981665105,0.4,0.0,0.0
113,2774,-283.79944,391.69955,-0.0066316985,-4.392152e-07,1.2713724e-07,0.0009889012,0.0009889013599604368,-1.0653217082585832e-06,-0.003095984324237586,1.9197955981665105,0.48000000000000004,0.0,0.0
114,2774,-283.79944,391.69955,-0.0065854928,-2.1943491e-07,1.9277664e-07,0.0008684773,0.0008684773347340524,-1.0653217082585832e-06,-0.003095984324237586,1.9197955981665105,0.56,0.0,0.0
115,2774,-283.79944,391.69955,-0.006545801,-3.572508e-07,1.1643782e-07,0.00073320535,0.0007332054083235562,-1.0653217082585832e-06,-0.003095984324237586,1.9197955981665105,0.64,0.0,0.0
116,2774,-283.79944,391.69955,-0.0065128184,-3.6399675e-07,1.2937815e-07,0.00060246314,0.0006024632602930069,-1.0653217082585832e-06,-0.003095984324237586,1.9197955981665105,0.72,0.0,0.0
117,2774,-283.79944,391.69955,-0.0065048453,-6.307237e-08,1.6545498e-09,0.00018769279,0.00018769279995467514,-1.0653217082585832e-06,-0.003095984324237586,1.9197955981665105,0.7999999999999999,0.0,0.0
118,2774,-283.79944,391.69955,-0.0064925766,-4.201112e-08,5.025568e-08,0.0002791694,0.00027916941326111555,-1.0653217082585832e-06,-0.003095984324237586,1.9197955981665105,0.8799999999999999,0.0,0.0
119,2774,-283.79944,391.69955,-0.006477842,-1.1919127e-07,3.4129283e-08,0.00030072615,0.00030072618392296135,-1.0653217082585832e-06,-0.003095984324237586,1.9197955981665105,0.9599999999999999,0.0,0.0
120,2774,-283.79944,391.69955,-0.0064631603,-7.5693485e-08,2.1676703e-08,0.00028539184,0.00028539187042042613,-1.0653217082585832e-06,-0.003095984324237586,1.9197955981665105,0.9999847412109375,0.0,0.0
121,2774,-283.79944,391.69955,-0.006449728,-1.9868588e-07,4.1114102e-08,0.00025321648,0.00025321656721644104,-1.0653217082585832e-06,-0.003095984324237586,1.9197955981665105,0.9999847412109375,0.0,0.0
122,2774,-283.79944,391.69955,-0.0064381026,-6.927072e-08,6.306767e-08,0.00021518108,0.00021518109133467078,-1.0653217082585832e-06,-0.003095984324237586,1.9197955981665105,0.9999847412109375,0.0,0.0
123,2774,-283.79944,391.69955,-0.006428399,-9.687434e-08,7.763188e-08,0.00017796103,0.00017796107567846775,-1.0653217082585832e-06,-0.003095984324237586,1.9197955981665105,0.9999847412109375,0.0,0.0
124,2774,-283.79944,391.69955,-0.006420469,1.1321846e-07,5.1867143e-08,0.00014356848,0.00014356854080688208,-1.0653217082585832e-06,-0.003095984324237586,1.9197955981665105,0.9999847412109375,0.0,0.0
125,2774,-283.79944,391.69955,-0.0064177033,-1.2168748e-08,-2.963943e-09,3.4287645e-05,3.42876446666196e-05,-1.0653217082585832e-06,-0.003095984324237586,1.9197955981665105,0.9999847412109375,0.0,0.0
126,2774,-283.79944,391.69955,-0.006415219,-7.1112886e-08,-4.136618e-08,5.894843e-05,5.894848800380714e-05,-1.0653217082585832e-06,-0.003095984324237586,1.9197955981665105,0.9999847412109375,0.0,0.0
127,2774,-283.79944,391.69955,-0.006412024,3.1012505e-08,1.6306785e-09,6.5695334e-05,6.569534161826596e-05,-1.0653217082585832e-06,-0.003095984324237586,1.9197955981665105,0.9999847412109375,0.0,0.0
128,2774,-283.79944,391.69955,-0.006408777,-2.484433e-08,-8.553211e-09,6.337802e-05,6.337802915368229e-05,-1.0653217082585832e-06,-0.003095984324237586,1.9197955981665105,0.9999847412109375,0.0,0.0
129,2774,-283.80173,391.7059,-0.005987291,-0.124128446,0.34120458,5.8714788e-05,0.3630818724632263,-1.0652032271328926e-06,-0.0024060008976900878,1.9197997260662,0.9999847412109375,0.0,0.0
130,2774,-283.81198,391.73416,-0.004484234,-0.26750514,0.73521805,5.2387477e-05,0.7823711633682251,-5.326322688116143e-06,6.926059672789097e-05,1.919813175029705,0.9999847412109375,0.0,0.0
131,2774,-283.82837,391.7792,-0.0027274895,-0.3777853,1.0381699,3.8898426e-05,1.1047707796096802,-1.491368280205241e-05,0.002962946684146193,1.9198252924126649,0.9999847412109375,0.0,0.0
132,2774,-283.84985,391.83832,-0.0010888672,-0.47427335,1.3032287,2.1695005e-05,1.3868454694747925,-2.6098868963920588e-05,0.005661368131087811,1.9198366108472977,0.9999847412109375,0.0,0.0
133,0,-283.87598,391.91006,0.00029603957,-0.5637284,1.5489676,6.74214e-06,1.6483598947525024,-3.621911273491758e-05,0.007943153109797393,1.9198473966497125,0.9999847412109375,0.0,0.0
134,0,-283.9065,391.99374,0.0013968706,-0.64955395,1.7847297,-3.7763614e-06,1.8992578983306885,-4.527374665866971e-05,0.00975668414880324,1.919857782977964,0.9999847412109375,0.0,0.0
135,0,-283.94125,392.08917,0.0022329665,-0.7335755,2.0155222,-9.889108e-06,2.144869089126587,-5.27310284589927e-05,0.011134623462458953,1.9198684356223241,0.9999847412109375,0.0,0.0
136,0,-283.9802,392.19617,0.0028439139,-0.816793,2.244089,-1.1386302e-05,2.388113498687744,-5.752504757770316e-05,0.012141822664348515,1.919880553005284,0.9999847412109375,0.0,0.0
137,0,-284.02325,392.3146,0.0032746315,-0.89977074,2.471974,-9.798513e-06,2.6306352615356445,-6.17848537141399e-05,0.01285183389453125,1.919892936704353,0.9999847412109375,0.0012578791306342603,0.0
138,0,-284.07043,392.4444,0.0035674332,-0.98000157,2.7010972,-6.0841376e-06,2.873383045196533,-2.7164436142721466e-05,0.013334988532623169,1.9198741614186678,0.9999847412109375,0.005317103071713152,0.0
139,0,-284.1215,392.58594,0.0037584447,-1.0528578,2.9332247,-3.8812605e-06,3.1164588928222656,0.00012301728517958053,0.013650773899176615,1.9197204970237702,0.9999847412109375,0.006958953024428566,0.0
140,0,-284.17636,392.73877,0.0038753126,-1.1289707,3.1637535,-1.0394531e-06,3.3591535091400146,0.00027462444340086047,0.013844012243694383,1.9194148992886837,0.9999847412109375,0.007127980483166965,0.0
141,0,-284.2352,392.90317,0.0039380263,-1.2080811,3.3921697,1.5591795e-06,3.6008715629577637,0.0003516256891610285,0.01394748645501697,1.9190123624899182,0.9999847412109375,0.007348281733783674,0.0
142,0,-284.29797,393.07895,0.0039604995,-1.286647,3.6193225,3.0468368e-06,3.8412179946899414,0.00038222138543585643,0.013984202707951835,1.9185480403538628,0.9999847412109375,0.007348281733783674,0.0
143,0,-284.36465,393.26602,0.003953013,-1.3648438,3.8448873,4.377146e-06,4.079946041107178,0.00039088582659857734,0.013972043713099944,1.9180380450051127,0.9999847412109375,0.007348281733783674,0.0
144,0,-284.43527,393.46432,0.0039232825,-1.4421595,4.0688677,6.432211e-06,4.3168864250183105,0.0003925765047681411,0.013922451700472925,1.9174908985591559,0.9999847412109375,0.007348281733783674,0.0
145,0,-284.50983,393.67377,0.0038768863,-1.5184854,4.2911854,6.985315e-06,4.5519304275512695,0.0003955780550646001,0.013845680880564886,1.9169121936542817,0.9999847412109375,0.007348281733783674,0.0
146,0,-284.58817,393.89432,0.0038182018,-1.5937822,4.511768,7.152199e-06,4.784996509552002,0.0004026664783258812,0.013748287206965547,1.9163025960807627,0.9999847412109375,0.007348281733783674,0.0
147,0,-284.6703,394.12585,0.0037505722,-1.668025,4.73057,7.977087e-06,5.016034126281738,0.00041431501229598195,0.013636468770993147,1.9156634374191435,0.9999847412109375,0.0,0.0
148,0,-284.7567,394.36795,0.003720498,-1.7655174,4.938982,0.00064897625,5.245054244995117,0.0001137025037847214,0.013510703069108756,1.915238663225276,0.9999847412109375,0.0,0.0
149,1,-284.84735,394.62073,0.0036626959,-1.8462225,5.15118,0.00028336537,5.472036838531494,-0.00014061527941302627,0.013378619641716532,1.9150449182559726,0.9999847412109375,0.0,0.0
150,1,-284.9418,394.88406,0.0035883426,-1.9224963,5.3627367,8.170673e-05,5.69692325592041,-0.00022636895273106045,0.013242840038014524,1.914956501307782,0.9999847412109375,0.0,0.0
151,1,-285.04004,395.15805,0.0035046672,-1.9974099,5.5725393,-2.2743994e-05,5.919699192047119,-0.00022690129236546046,0.013103127070218145,1.91491948336863,0.9999847412109375,0.0,0.0
152,1,-285.14197,395.4424,0.0034161138,-2.0716362,5.7803416,-7.062082e-05,6.140360355377197,-0.0001997370492466522,0.01296210228752544,1.9149089638823242,0.9999847412109375,0.0,0.0
153,1,-285.24756,395.7371,0.0033252859,-2.1452696,5.9861093,-8.7628745e-05,6.358905792236328,-0.00017044230976507124,0.012819408867962234,1.9149134912561772,0.9999847412109375,0.0,0.0
154,1,-285.35684,396.04202,0.0032336903,-2.2182875,6.189856,-8.6532076e-05,6.575341701507568,-0.00014647434759371787,0.01267564186158459,1.9149260081133006,0.9999847412109375,0.0,0.0
155,1,-285.46976,396.3571,0.0031421136,-2.2906618,6.3916,-7.728667e-05,6.789674758911133,-0.00012783265883858696,0.012531875895504245,1.9149441176087132,0.9999847412109375,0.0,0.0
156,1,-285.58627,396.6822,0.0030511187,-2.3623717,6.5913577,-6.544739e-05,7.001913547515869,-0.00011451582121821262,0.012387870661044714,1.9149644907910524,0.9999847412109375,0.0,0.0
157,1,-285.70633,397.01715,0.0029608677,-2.4334085,6.7891407,-5.3474614e-05,7.212066650390625,-0.00010492833563873276,0.012244104694964371,1.914986861344209,0.9999847412109375,0.0,0.0
158,1,-285.82993,397.3621,0.0028715085,-2.5037684,6.984962,-4.1969106e-05,7.420145034790039,-9.800372669303893e-05,0.012100934819237392,1.9150109629520742,0.9999847412109375,0.0,0.0
159,1,-285.95667,397.71573,0.0027065228,-2.5453327,7.1003613,-3.18702e-05,7.5428009033203125,-9.267820099050139e-05,0.011832356063600202,1.9150337329793943,0.9999847412109375,0.0,0.0
160,1,-286.0839,398.0707,0.0020395517,-2.5432014,7.093897,-1.5482128e-05,7.535996437072754,-8.735191131963356e-05,0.010735629916300043,1.9150482472073354,0.9999847412109375,0.0,0.0
161,1,-286.21106,398.42535,0.0010311699,-2.5409653,7.0873218,-1.1014388e-06,7.529052734375,-7.93617209723242e-05,0.009074926353013265,1.9150569024808781,0.9999847412109375,0.0,0.0
162,1,-286.33807,398.7797,-0.0001095438,-2.5386903,7.080781,6.050761e-06,7.522128105163574,-6.87096292699483e-05,0.007194756989809289,1.9150610303805677,0.9999847412109375,0.0,0.0
163,1,-286.465,399.13373,-0.0012479543,-2.5363944,7.074267,8.177348e-06,7.515221118927002,-5.752417795417826e-05,0.005318283802915101,1.9150636935416578,0.9999847412109375,0.0,0.0
164,1,-286.5918,399.48737,-0.002303376,-2.5340874,7.0677686,3.5713315e-06,7.508325576782227,-4.63388282299415e-05,0.003577709073689538,1.9150651582802574,0.9999847412109375,0.0,0.0
165,1,-286.71844,399.8407,-0.0032333992,-2.5317745,7.0612793,-1.3827586e-06,7.501436233520508,-3.6219092416610924e-05,0.002044200840852791,1.9150646256480393,0.9999847412109375,0.0,0.0
166,1,-286.84506,400.1937,-0.0040216064,-2.529458,7.054803,-5.6073245e-06,7.494558334350586,-2.7696871273162745e-05,0.0007447003988083866,1.9150659572285842,0.9999847412109375,0.0,0.0
167,1,-286.97147,400.54636,-0.004668188,-2.527143,7.048333,-9.936789e-06,7.487686634063721,-2.0240012093618217e-05,-0.0003212690337003528,1.9150652914383117,0.9999847412109375,0.0,0.0
168,1,-287.09778,400.8987,-0.005183463,-2.5248287,7.041869,-1.1481665e-05,7.480820655822754,-1.4381084109242545e-05,-0.001170396751214614,1.9150655577544209,0.9999847412109375,0.0,0.0
169,1,-287.22464,401.2525,-0.005450997,-2.57743,7.188569,-1.3121902e-05,7.636666297912598,-1.0120113733834387e-05,-0.0016108750130609882,1.9150667561769112,0.9999847412109375,0.0,0.0
170,1,-287.35718,401.62222,-0.0046811197,-2.7110236,7.561123,-1.1705766e-05,8.032447814941406,-9.58738398794659e-06,-0.0003395080461268427,1.9150796725081982,0.9999847412109375,0.0,0.0
171,1,-287.49603,402.00955,-0.003272314,-2.8329842,7.901054,-1.0532806e-05,8.393595695495605,-1.49137041362744e-05,0.0019845960967426173,1.9151028420096818,0.9999847412109375,0.0,0.0
172,1,-287.64075,402.41327,-0.0016469574,-2.9469697,8.218497,-1.38466585e-05,8.730883598327637,-2.5566712194280505e-05,0.00466585146788637,1.9151365309974715,0.9999847412109375,0.0,0.0
173,1,-287.791,402.83234,-5.5480003e-05,-3.0547183,8.518277,-1.866724e-05,9.049439430236816,-3.888188777717034e-05,0.007290124684415297,1.9151783426265856,0.9999847412109375,0.0,0.0
174,1,-287.94647,403.26602,0.0013664007,-3.157796,8.80475,-2.3158824e-05,9.35389232635498,-5.32638760510591e-05,0.009634732176823627,1.9152253474198255,0.9999847412109375,0.0,0.0
175,1,-288.10706,403.7137,0.0025585985,-3.2572415,9.080827,-2.3635635e-05,9.647333145141602,-6.817693203335117e-05,0.011600731788979763,1.9152780780094092,0.9999847412109375,0.0,0.0
176,1,-288.27246,404.17508,0.0035051582,-3.3535025,9.347781,-2.092257e-05,9.931112289428711,-8.255771746348585e-05,0.013161300495279563,1.9153340043923008,0.9999847412109375,0.0,0.0
177,1,-288.44266,404.64957,0.004215269,-3.4468591,9.606427,-1.5391533e-05,10.206089973449707,-9.534089882318886e-05,0.01433205523880282,1.9153920613040645,0.9999847412109375,0.0,0.0
178,2,-288.61746,405.13678,0.0047120284,-3.537537,9.857422,-7.590868e-06,10.47296142578125,-0.0001070575722664928,0.01515066518481194,1.9154511834802643,0.9999847412109375,0.0,0.0
179,2,-288.7967,405.63635,0.0050252723,-3.6257334,10.101368,2.3840666e-07,10.73236083984375,-0.00011664756106135274,0.01566672234593395,1.9155099061823004,0.9999847412109375,0.0,0.0
180,2,-288.98032,406.1479,0.0051868153,-3.711644,10.338841,8.940249e-06,10.984895706176758,-0.00012463562205012452,0.015932082421722425,1.9155687620423913,0.9999847412109375,0.0,0.0
181,2,-289.16818,406.6711,0.0052276514,-3.7954607,10.570405,1.5525042e-05,11.231161117553711,-0.0001304954541991464,0.015998124655567186,1.9156256205316644,0.9999847412109375,0.0,0.0
182,2,-289.3602,407.2059,0.0051759575,-3.8773658,10.796582,2.0164434e-05,11.471711158752441,-0.00013528846146618537,0.0159118163900053,1.9156816800726106,0.9999847412109375,0.0,0.0
183,2,-289.55627,407.75186,0.0050566527,-3.9575355,11.01787,2.3182663e-05,11.707072257995605,-0.00013848566080110108,0.01571369072876832,1.9157368075071752,0.9999847412109375,0.0,0.0
184,2,-289.75623,408.30878,0.0048906705,-4.036129,11.23473,2.553812e-05,11.93773365020752,-0.0001406152469037356,0.015438317791459523,1.9157910028353584,0.9999847412109375,0.0,0.0
185,2,-289.9601,408.87643,0.004695072,-4.113295,11.447584,2.5776526e-05,12.164143562316895,-0.0001422138262528868,0.015113948931877074,1.915844532373269,0.9999847412109375,0.0,0.0
186,2,-290.16788,409.4546,0.0044833994,-4.189167,11.656801,2.4718001e-05,12.38669204711914,-0.0001427449305342421,0.014763473811530745,1.9158964640145255,0.9999847412109375,0.0,0.0
187,2,-290.37936,410.04315,0.004265952,-4.263866,11.862723,2.2939488e-05,12.605743408203125,-0.00014274509308069534,0.014403342651638276,1.9159482624977275,0.9999847412109375,0.0,0.0
188,2,-290.59457,410.6419,0.0040504406,-4.3374987,12.065639,2.1733149e-05,12.821603775024414,-0.00014221207075119168,0.014047026261947884,1.915998862558439,0.9999847412109375,0.0,0.0
189,3,-290.81342,411.2507,0.0038421105,-4.410156,12.265808,1.859095e-05,13.034550666809082,-0.00014167909718562402,0.013702511004837908,1.9160489299869325,0.9999847412109375,0.0,0.0
190,3,-291.0359,411.86948,0.0036444138,-4.4819207,12.463457,1.7408454e-05,13.244824409484863,-0.00014114757028349027,0.013375400961867819,1.9160988642573715,0.9999847412109375,0.0,0.0
191,3,-291.26193,412.49805,0.0034594869,-4.552864,12.658781,1.4776444e-05,13.452631950378418,-0.00014061563701522342,0.013069748091024284,1.916148399053647,0.9999847412109375,0.0,0.0
192,4,-291.4915,413.13635,0.0032882546,-4.623048,12.851951,1.3312627e-05,13.65815544128418,-0.000140082825996109,0.012786387751039853,1.91619726805965,0.9999847412109375,0.0,0.0
193,4,-291.72455,413.7843,0.0031308555,-4.6925254,13.043111,1.1119286e-05,13.86154842376709,-0.00013955006374093053,0.012526392488431664,1.9162470691720344,0.9999847412109375,0.0,0.0
194,4,-291.96106,414.44168,0.0029868935,-4.761346,13.232389,9.302627e-06,14.062949180603027,-0.00013954918599008297,0.0122883308541138,1.9162962044941465,0.9999847412109375,0.0,0.0
195,5,-292.20096,415.10852,0.0028556776,-4.8295493,13.419896,9.3503095e-06,14.262474060058594,-0.00013954928351795492,0.012071012747974131,1.9163450735001493,0.9999847412109375,0.0,0.0
196,5,-292.44427,415.78467,0.0027361107,-4.8971677,13.605727,8.472973e-06,14.460223197937012,-0.00013954942980976286,0.01187384103936199,1.9163934098739344,0.9999847412109375,0.0,0.0
197,6,-292.69095,416.47003,0.00262712,-4.9642296,13.789969,6.518038e-06,14.656289100646973,-0.000139549137226147,0.011693238145859887,1.9164421457218828,0.9999847412109375,0.0,0.0
198,6,-292.94098,417.1646,0.002527561,-5.03076,13.972691,6.341617e-06,14.85074520111084,-0.00013954931602724557,0.011528849326088242,1.91649114788594,0.9999847412109375,0.0,0.0
199,6,-293.19424,417.86804,0.0024227046,-5.0891037,14.132603,6.241486e-06,15.020966529846191,-0.00014008274472288235,0.011355637744908408,1.9165402832080523,0.9999847412109375,0.0,0.0
200,7,-293.4489,418.57513,0.0019749403,-5.0924125,14.139576,1.1081142e-05,15.028648376464844,-0.0001400820620277787,0.010617375160927516,1.9165827606274388,0.9999847412109375,0.0,0.0
201,7,-293.70346,419.28186,0.0011099577,-5.0879326,14.125131,1.6955482e-05,15.01353931427002,-0.00013741917726667,0.00919163210570488,1.916613919612193,0.9999847412109375,0.0,0.0
202,7,-293.95773,419.98785,4.40073e-05,-5.083206,14.110349,1.751812e-05,14.998030662536621,-0.00013102742810402657,0.0074334141943318685,1.9166364233234041,0.9999847412109375,0.0,0.0
203,8,-294.21182,420.6931,-0.0010662555,-5.078376,14.095618,1.1700998e-05,14.982534408569336,-0.00012037485688961358,0.005602836323606262,1.916652002815781,0.9999847412109375,0.0,0.0
204,8,-294.46564,421.3976,-0.0021237517,-5.073456,14.0809555,1.292164e-06,14.967073440551758,-0.00010759160238400662,0.003858923800491044,1.9166631880923592,0.9999847412109375,0.0,0.0
205,9,-294.71924,422.10135,-0.0030738162,-5.068463,14.066339,-9.684079e-06,14.951628684997559,-9.374321347953055e-05,0.002292990541085281,1.916669979153139,0.9999847412109375,0.0,0.0
206,9,-294.97253,422.8044,-0.003891506,-5.063412,14.051767,-2.020258e-05,14.93620777130127,-7.989484895702247e-05,0.0009454488445964629,1.9166750391592102,0.9999847412109375,0.0,0.0
207,9,-295.2256,423.50668,-0.004571204,-5.0583186,14.037232,-2.8236882e-05,14.920807838439941,-6.711165540633547e-05,-0.00017333030510928852,1.9166786344266817,0.9999847412109375,0.0,0.0
208,10,-295.47842,424.2082,-0.0051194285,-5.053195,14.022725,-3.235178e-05,14.90542221069336,-5.539378724660013e-05,-0.0010747908935453017,1.9166804986394448,0.9999847412109375,0.0,0.0
209,10,-295.73102,424.90924,-0.005532918,-5.0594926,14.040009,-3.6089998e-05,14.923816680908203,-4.5273750722331046e-05,-0.0017542837670556657,1.9166822296941535,0.9999847412109375,0.0,0.0
210,10,-295.98602,425.6169,-0.005387678,-5.134099,14.246855,-3.437824e-05,15.143706321716309,-3.728432027969064e-05,-0.0015118121824424958,1.9166902191774235,0.9999847412109375,0.0,0.0
211,11,-296.24472,426.33475,-0.0047255894,-5.2071705,14.449294,-2.9309713e-05,15.358929634094238,-3.408847414399824e-05,-0.0004167556472915593,1.9167079291986726,0.9999847412109375,0.0,0.0
212,11,-296.507,427.06253,-0.0038200235,-5.2777123,14.644466,-2.2915649e-05,15.566459655761719,-3.62190111433843e-05,0.0010792016240635828,1.9167326965968103,0.9999847412109375,0.0,0.0
213,12,-296.7727,427.79987,-0.0028473234,-5.3462896,14.833906,-1.52437215e-05,15.767929077148438,-4.207799805084927e-05,0.002684473920955303,1.9167646545298913,0.9999847412109375,0.0,0.0
214,12,-297.04178,428.54654,-0.0019147062,-5.413281,15.018658,-8.434828e-06,15.96445083618164,-5.0599784382535e-05,0.004223107958667477,1.9168011398368254,0.9999847412109375,0.0,0.0
215,12,-297.3142,429.3024,-0.0010811758,-5.47896,15.199504,-1.9167894e-06,16.15685272216797,-6.0720154127033254e-05,0.005597352916533681,1.9168405546209586,0.9999847412109375,0.0,0.0
216,13,-297.5899,430.06717,-0.0003737688,-5.5435376,15.37705,5.149584e-06,16.345779418945312,-7.190533317749411e-05,0.006763338417081363,1.9168831651984,0.9999847412109375,0.0,0.0
217,13,-297.86877,430.84076,0.00020148754,-5.6071715,15.551768,1.0642473e-05,16.531723022460938,-8.25579043919071e-05,0.007710337174618874,1.9169288384110947,0.9999847412109375,0.0,0.0
218,14,-298.15085,431.62305,0.0006510353,-5.6699862,15.724023,1.5629941e-05,16.715072631835938,-9.267828226372801e-05,0.00845026943576757,1.91697571004628,0.9999847412109375,0.0,0.0
219,14,-298.436,432.41385,0.0009881639,-5.732078,15.894113,1.981636e-05,16.896141052246094,-0.00010226568656998126,0.00900411539634158,1.917023513787847,0.9999847412109375,0.0,0.0
220,14,-298.72424,433.21323,0.0012293672,-5.793527,16.06227,2.2934719e-05,17.075170516967773,-0.00011078711123580851,0.009399890262651776,1.917073448058286,0.9999847412109375,0.0,0.0
221,15,-299.0156,434.02094,0.0013915967,-5.8543983,16.228695,2.467032e-05,17.252378463745117,-0.00011877664326998219,0.009664534613897295,1.9171232491706705,0.9999847412109375,0.0,0.0
222,15,-299.30994,434.8369,0.0014908361,-5.914741,16.39354,2.5247266e-05,17.42791748046875,-0.0001257010815419001,0.009825944022199414,1.9171737160733275,0.9999847412109375,0.0,0.0
223,16,-299.60727,435.66107,0.0015415859,-5.974595,16.556944,2.4350855e-05,17.60193634033203,-0.000131560889308954,0.009907960021098148,1.917223783501821,0.9999847412109375,0.0,0.0
224,16,-299.90762,436.49344,0.0015560484,-6.034002,16.719015,2.4508205e-05,17.77454948425293,-0.00013688602490000373,0.009929298599332408,1.9172759814591867,0.9999847412109375,0.0,0.0
225,17,-300.2109,437.33377,0.001544342,-6.0929923,16.879845,2.2233804e-05,17.94585418701172,-0.00014114792788568742,0.00990843751755922,1.9173277799423887,0.9999847412109375,0.0,0.0
226,17,-300.51712,438.18225,0.0015145969,-6.151592,17.039515,2.0550655e-05,18.115936279296875,-0.0001454088555926516,0.009857415096143586,1.9173805105319721,0.9999847412109375,0.0,0.0
227,18,-300.8263,439.0385,0.0014731168,-6.2098236,17.198088,1.8862735e-05,18.284860610961914,-0.00014860474642861864,0.009787559132394045,1.9174327084893377,0.9999847412109375,0.0,0.0
228,18,-301.13837,439.90265,0.0014247083,-6.2677045,17.355623,1.6798132e-05,18.45269012451172,-0.00015179967824051148,0.00970625781774097,1.9174862380272484,0.9999847412109375,0.0,0.0
229,19,-301.45328,440.77496,0.0013728427,-6.3252525,17.512167,1.43091665e-05,18.619474411010742,-0.00015446326195136918,0.009619354502123022,1.9175388354587775,0.9999847412109375,0.0,0.0
230,19,-301.77112,441.6549,0.0013200188,-6.382479,17.667759,1.3465208e-05,18.785253524780273,-0.00015712635802286713,0.009530901143526862,1.91759183236447,0.9999847412109375,0.0,0.0
231,20,-302.09174,442.54245,0.0012679195,-6.439398,17.822437,1.1553187e-05,18.950069427490234,-0.0001592571957331917,0.009444117462098507,1.9176448292701624,0.9999847412109375,0.0,0.0
232,20,-302.41525,443.43777,0.0012175273,-6.496016,17.976236,1.0032152e-05,19.113954544067383,-0.00016138757831344716,0.00936043178603197,1.9176974267016915,0.9999847412109375,0.0,0.0
233,20,-302.74158,444.34094,0.0011695051,-6.552345,18.129175,9.278787e-06,19.276935577392578,-0.00016351747325434287,0.009280561920464812,1.9177509562396022,0.9999847412109375,0.0,0.0
234,21,-303.0707,445.25146,0.0011241054,-6.6083975,18.281279,8.563567e-06,19.439035415649414,-0.00016511605260349408,0.009205459737427276,1.9178050184097308,0.9999847412109375,0.0,0.0
235,21,-303.40262,446.1698,0.0010813427,-6.6641784,18.432566,6.966242e-06,19.60027503967285,-0.0001667136891832164,0.009134053730699527,1.9178596132120773,0.9999847412109375,0.0,0.0
236,22,-303.73734,447.09558,0.0010412311,-6.7196903,18.583054,6.751676e-06,19.760671615600586,-0.00016831226853236762,0.009067535040690994,1.9179132759080426,0.9999847412109375,0.0,0.0
237,22,-304.0748,448.0288,0.0010034465,-6.77494,18.732756,6.1461233e-06,19.92024040222168,-0.0001699089785973064,0.009004592892802652,1.9179677375523347,0.9999847412109375,0.0,0.0
238,23,-304.41504,448.9696,0.00096785545,-6.829931,18.881691,6.050761e-06,20.078998565673828,-0.00017150759045574826,0.008945584109008682,1.9180212670902452,0.9999847412109375,0.0,0.0
239,23,-304.758,449.91772,0.00093320844,-6.883726,19.027267,5.736064e-06,20.234193801879883,-0.00017310569842018502,0.008888005734003328,1.9180754624184284,0.9999847412109375,0.0,0.0
240,24,-305.1026,450.87042,0.0007064104,-6.895827,19.057468,7.9341735e-06,20.26671028137207,-0.0001747033512545527,0.00851356944592739,1.918126861427467,0.9999847412109375,0.0,0.0
241,24,-305.44727,451.8229,9.558201e-05,-6.890465,19.039515,1.0694923e-05,20.248003005981445,-0.00017470333499990738,0.007506370244037828,1.918168406740472,0.9999847412109375,0.0,0.0
242,25,-305.79163,452.77444,-0.0007462454,-6.8837748,19.018194,9.307396e-06,20.225677490234375,-0.00017097445434372733,0.006118297394374903,1.9182007641477166,0.9999847412109375,0.0,0.0
243,26,-306.13565,453.7249,-0.0016691446,-6.876904,18.99676,8.2965516e-07,20.203184127807617,-0.00016298549122214002,0.004596590554192895,1.9182248657555818,0.9999847412109375,0.0,0.0
244,26,-306.47934,454.67426,-0.0025749253,-6.8699207,18.975395,-1.1696231e-05,20.18071937561035,-0.00015233274933395112,0.0031036136045674173,1.9182435078832123,0.9999847412109375,0.0,0.0
245,27,-306.82266,455.62253,-0.0034057235,-6.8628283,18.954103,-2.4408073e-05,20.15828514099121,-0.00013954962486550676,0.0017353295502348673,1.9182570900047717,0.9999847412109375,0.0,0.0
246,27,-307.16565,456.56976,-0.0041321227,-6.855641,18.932884,-3.546537e-05,20.135887145996094,-0.00012516855497907888,0.0005400180362679984,1.9182670768588594,0.9999847412109375,0.0,0.0
247,28,-307.50824,457.51593,-0.004743981,-6.848376,18.911728,-4.4930115e-05,20.1135196685791,-0.00011078749321997365,-0.0004656314477362593,1.9182746668679662,0.9999847412109375,0.0,0.0
248,28,-307.8505,458.46097,-0.0052433154,-6.841044,18.890629,-4.9955728e-05,20.0911865234375,-9.640639895157777e-05,-0.0012855528510395083,1.9182799931901464,0.9999847412109375,0.0033645629882812487,0.0
249,29,-308.19202,459.40512,-0.00564003,-6.818355,18.875074,-5.2649728e-05,20.0688419342041,0.00010163954950473225,-0.0019348858803347941,1.9181536261964223,0.9999847412109375,0.016622544162803222,0.0
250,29,-308.53275,460.35303,-0.005672984,-6.8009295,19.04937,-5.13814e-05,20.22698974609375,0.0010938321702464618,-0.0019804238543805475,1.9173345710031684,0.9999847412109375,0.12954359290040574,0.0
251,30,-308.86807,461.31146,-0.005253911,-6.478542,19.31195,-5.6850447e-05,20.369657516479492,0.005517748326778231,-0.0012655256975900849,1.9135402322400779,0.9999847412109375,0.04131330834862627,0.0
252,30,-309.1944,462.28098,-0.0046094176,-6.414262,19.512438,-7.794467e-05,20.539669036865234,0.010503619691381003,-0.0001789331350610738,1.9056274480092346,0.9999847412109375,0.0,0.0
253,31,-309.52316,463.2585,-0.00381474,-6.5449224,19.643463,-4.7357094e-05,20.705110549926758,0.010218019591307923,0.001136660559935087,1.8980623394587008,0.9999847412109375,0.0,0.0
254,31,-309.85583,464.24338,-0.0030111503,-6.6142697,19.789331,-5.0113076e-06,20.86543083190918,0.008127400164744242,0.002456068846332228,1.891946390015334,0.9999847412109375,0.0,0.0
255,32,-310.19016,465.2361,-0.0022748278,-6.6424356,19.943508,1.6278407e-05,21.020597457885742,0.006612711690302163,0.0036640165590284468,1.8869475034912007,0.9999847412109375,0.0,0.0
256,32,-310.5248,466.23688,-0.0016407871,-6.6470995,20.100815,2.5662092e-05,21.171363830566406,0.005948216067773214,0.004704832968193754,1.882824131175431,0.9999847412109375,0.0,0.0
257,33,-310.85895,467.24548,-0.0011204386,-6.639784,20.258244,3.0010628e-05,21.31861114501953,0.005869130066222219,0.005560159167137742,1.8793965096944445,0.9999847412109375,0.0,0.0
258,33,-311.1923,468.2621,-0.00071144104,-6.6276617,20.414125,3.1913114e-05,21.46304702758789,0.006073637951399686,0.00623226144353023,1.8765338778387184,0.9999847412109375,0.0,0.0
259,34,-311.5247,469.28662,-0.00040355683,-6.6150565,20.567608,3.4006327e-05,21.6052188873291,0.006346863715079604,0.006738304702834618,1.8741329049579574,0.9999847412109375,0.0,0.0
260,34,-311.85632,470.31873,-0.00018270015,-6.604473,20.718325,3.4831213e-05,21.745529174804688,0.006564864256248607,0.007099985905705298,1.8721146283258407,0.9999847412109375,0.0,0.0
261,35,-312.18732,471.3584,-3.3774377e-05,-6.5972605,20.86618,3.5284185e-05,21.8842716217041,0.006670381091321338,0.007342815222552784,1.8704153983923157,0.9999847412109375,0.0,0.0
262,35,-312.51788,472.40543,5.8073998e-05,-6.5940475,21.011244,3.5665635e-05,22.02166748046875,0.006648153579043534,0.007491469025500994,1.8689836829902893,0.9999847412109375,0.0,0.0
263,36,-312.84827,473.45972,0.00010616779,-6.59501,21.15368,3.5336634e-05,22.157896041870117,0.006506292397320977,0.0075671667787432445,1.8677772710164833,0.9999847412109375,0.0,0.0
264,36,-313.1787,474.52106,0.000121941564,-6.6000543,21.293682,3.2900116e-05,22.2930850982666,0.006264371260017099,0.007589578423643293,1.866761008744509,0.9999847412109375,0.0,0.0
265,37,-313.5094,475.58932,0.00011496067,-6.6089454,21.43146,3.0325327e-05,22.42734146118164,0.005945827545170549,0.007574081114753093,1.8659048024540485,0.9999847412109375,0.0,0.0
266,38,-313.84055,476.66452,9.267807e-05,-6.621359,21.567217,2.7240345e-05,22.560745239257812,0.005573779259548627,0.007533430457426556,1.8651840179050185,0.9999847412109375,0.0,0.0
267,38,-314.17236,477.74646,6.095886e-05,-6.6369476,21.701155,2.4222116e-05,22.69337272644043,0.005168958488059216,0.007477521239440355,1.86457828191508,0.9999847412109375,0.0,0.0
268,39,-314.50494,478.8351,2.4089813e-05,-6.655359,21.833454,2.247698e-05,22.82528305053711,0.004748721030720419,0.007413148682763397,1.8640705502532564,0.9999847412109375,0.0,0.0
269,39,-314.83847,479.9303,-1.4791488e-05,-6.6762533,21.964272,1.8724459e-05,22.956514358520508,0.004326893739031657,0.007345556926089075,1.8636447107949528,0.9999847412109375,0.052060967817166716,0.0
270,40,-315.1688,481.03296,-7.720947e-05,-6.4909697,22.143969,6.274863e-06,23.075702667236328,0.006170686246295156,0.00724911668496593,1.8617750385516627,0.9999847412109375,0.08586433649431041,0.0
271,40,-315.48883,482.14447,-0.00019207,-6.1915483,22.339386,-2.9815137e-05,23.18153190612793,0.011132402427721719,0.00707757426080525,1.8559917179284466,0.9999847412109375,0.1076839257399609,0.0
272,41,-315.79532,483.26495,-0.00035144328,-5.8409014,22.535097,-9.280694e-05,23.279748916625977,0.017464687936576392,0.006837367533453111,1.8453643735984855,0.9999847412109375,0.0,0.0
273,42,-316.09595,484.39307,-0.00046493052,-5.9171557,22.648874,-8.221215e-05,23.4090633392334,0.019108474185157362,0.006662726063633311,1.8330559088304117,0.9999847412109375,0.0,0.0
274,42,-316.39917,485.52728,-0.0005182552,-5.963234,22.771374,-1.5448751e-06,23.539236068725586,0.01641754756011945,0.006571531001500861,1.822860928703425,0.9999847412109375,0.0,0.0
275,43,-316.70184,486.66833,-0.0005421924,-5.946531,22.908754,3.5160214e-05,23.667957305908203,0.014031050416299313,0.006524204756395012,1.8143824890570486,0.9999847412109375,0.0,0.0
276,43,-317.0019,487.81674,-0.0005471468,-5.8929963,23.053747,3.8283342e-05,23.795013427734375,0.0128093752004959,0.006509303537858178,1.8072767757945536,0.9999847412109375,0.0,0.0
277,44,-317.29813,488.9727,-0.0005396938,-5.8202605,23.202,2.607692e-05,23.920873641967773,0.012500842786723717,0.006517767396697586,1.801286660712693,0.9999847412109375,0.0,0.0
278,45,-317.58997,490.13617,-0.0005250454,-5.739642,23.35093,1.4132746e-05,24.045984268188477,0.01268254735506738,0.006541371222304365,1.7962129393619286,0.9999847412109375,0.0,0.0
279,45,-317.8773,491.3072,-0.0005074835,-5.6582346,23.499048,5.7503685e-06,24.17066192626953,0.01302154383499655,0.0065699809585226514,1.7918979526057277,0.9999847412109375,0.0,0.0
280,46,-318.15988,492.48428,-0.00058577536,-5.562248,23.573195,2.4794292e-07,24.220529556274414,0.013330000307065774,0.006441592667142913,1.7882423645354304,0.9999847412109375,0.0,0.0
281,46,-318.43692,493.66284,-0.0009822655,-5.4572535,23.577698,1.3875267e-06,24.201021194458008,0.013514561531797468,0.005788683355801761,1.7852176793273729,0.9999847412109375,0.0,0.0
282,47,-318.7085,494.8413,-0.0016170978,-5.35972,23.570873,1.4590488e-06,24.17255973815918,0.013489221970144284,0.0047420261974410426,1.7827531900546136,0.9999847412109375,0.0,0.0
283,48,-318.97522,496.01944,-0.002358346,-5.27244,23.560682,-2.5318786e-06,24.143413543701172,0.013227740122693234,0.003519653982446087,1.7807675371458505,0.9999847412109375,0.0,0.0
284,48,-319.23767,497.19702,-0.0031112623,-5.195749,23.548048,-9.021308e-06,24.114442825317383,0.012744989119954031,0.0022770165159569844,1.7791802931361633,0.9999847412109375,0.0,0.0
285,49,-319.4963,498.37393,-0.003817339,-5.1292334,23.533197,-1.9673316e-05,24.085689544677734,0.01207818455756593,0.0011121034318892769,1.7779235474177548,0.9999847412109375,0.0,0.0
286,49,-319.75168,499.55014,-0.0044445894,-5.072104,23.516344,-2.8322711e-05,24.057113647460938,0.01127396088292974,7.677077927142479e-05,1.7769333841244634,0.9999847412109375,0.0,0.0
287,50,-320.00433,500.72543,-0.0049794675,-5.023384,23.497742,-3.6199664e-05,24.028696060180664,0.010380049016801327,-0.0008057355517071768,1.7761568063505964,0.9999847412109375,0.0,0.0
288,51,-320.2546,501.89972,-0.005420394,-4.9820294,23.477625,-4.198341e-05,24.00040626525879,0.009440178896517631,-0.0015330313865614875,1.7755500050962216,0.9999847412109375,0.0,0.0
289,51,-320.50293,503.0731,-0.005773301,-4.9470115,23.456205,-4.57407e-05,23.97220230102539,0.008491444923082367,-0.0021148919032605573,1.7750787587413321,0.9999847412109375,0.0,0.0
290,52,-320.74985,504.24637,-0.0059767533,-4.929276,23.490065,-4.764795e-05,24.001686096191406,0.007561062834330729,-0.0024501084629472243,1.7747120414592283,0.9999847412109375,0.0,0.0
291,52,-320.99628,505.4228,-0.0058916616,-4.9250894,23.566257,-4.397649e-05,24.075403213500977,0.00666761806169038,-0.002309322168410732,1.7744241537453906,0.9999847412109375,0.0,0.0
292,53,-321.2426,506.6034,-0.00559165,-4.9265656,23.651894,-3.733925e-05,24.159534454345703,0.005831483267351776,-0.001814007625206782,1.7741951218916439,0.9999847412109375,0.0,0.0
293,54,-321.48914,507.78842,-0.0051593017,-4.932402,23.74418,-2.8399e-05,24.25107765197754,0.00506516438531663,-0.0011010169835545213,1.7740106979861558,0.9999847412109375,0.0,0.0
294,54,-321.73602,508.97824,-0.0046592853,-4.9416842,23.841488,-1.6130594e-05,24.34823989868164,0.004374054836941002,-0.00027716159848037886,1.773862759387602,0.9999847412109375,0.0,0.0
295,55,-321.98343,510.173,-0.004139185,-4.9537044,23.942595,-4.4915814e-06,24.449682235717773,0.0037585442135640483,0.0005789995040660922,1.773743050296603,0.9999847412109375,0.0,0.0
296,55,-322.2315,511.37292,-0.0036322165,-4.967911,24.046564,6.274863e-06,24.55437469482422,0.0032157319062367778,0.0014125107336306296,1.7736486412359596,0.9999847412109375,0.0,0.0
297,56,-322.48032,512.57806,-0.0031597328,-4.9838715,24.152689,1.6030463e-05,24.661535263061523,0.002740680403895211,0.0021891592477141907,1.7735738064093285,0.9999847412109375,0.0,0.0
298,57,-322.72998,513.78864,-0.0027340888,-5.001245,24.260424,2.380729e-05,24.770559310913086,0.002327436865309775,0.0028870104427477315,1.7735164152878373,0.9999847412109375,0.0,0.0
299,57,-322.98053,515.0046,-0.0023608874,-5.01976,24.369345,3.0458834e-05,24.8809757232666,0.001969653136276588,0.0034987923805242494,1.7734739378684505,0.9999847412109375,0.0,0.0
300,58,-323.2321,516.226,-0.0020411157,-5.0392046,24.47911,3.4640485e-05,24.992406845092773,0.0016609719599903884,0.0040218827316227225,1.7734431783578601,0.9999847412109375,0.0,0.0
301,58,-323.4846,517.453,-0.0017724704,-5.0594053,24.589468,3.7472757e-05,25.104570388793945,0.0013953840590930331,0.0044602153802861715,1.7734253351785565,0.9999847412109375,0.0,0.0
302,59,-323.73813,518.6855,-0.0015508794,-5.080223,24.700205,3.8831677e-05,25.21723175048828,0.0011673152605724455,0.004821300492803485,1.7734161472727958,0.9999847412109375,0.0,0.0
303,60,-323.99268,519.9235,-0.0013711214,-5.101545,24.811167,3.856943e-05,25.33021354675293,0.0009717117351226986,0.00511372078198069,1.7734152151664142,0.9999847412109375,0.0,0.0
304,60,-324.24835,521.1671,-0.0012277508,-5.1232777,24.922224,3.7658716e-05,25.44337272644043,0.0008041149635682552,0.005346059740846786,1.7734210741208123,0.9999847412109375,0.0,0.0
305,61,-324.5051,522.41626,-0.0011152601,-5.145347,25.033278,3.570855e-05,25.556594848632812,0.0006605883959042607,0.005527615026527784,1.7734330583457176,0.9999847412109375,0.0,0.0
306,62,-324.76297,523.671,-0.0010285521,-5.1676893,25.14425,3.3176668e-05,25.6697940826416,0.000537697263027049,0.005667209400431871,1.7734514341572394,0.9999847412109375,0.0,0.0
307,62,-325.02197,524.9312,-0.0009629774,-5.1902494,25.255077,3.066863e-05,25.782894134521484,0.0004324607880768866,0.0057721135003944235,1.7734739378684505,0.9999847412109375,0.0,0.0
308,63,-325.28207,526.197,-0.00091462134,-5.2129874,25.365715,2.7817287e-05,25.895843505859375,0.0003423306652875621,0.005848765206261519,1.7735005694793513,0.9999847412109375,0.0002850868313768762,0.0
309,64,-325.54327,527.4683,-0.0008799028,-5.2345057,25.4764,2.5299714e-05,26.008594512939453,0.0002806929201772765,0.005903720471622875,1.7735194779230907,0.9999847412109375,0.02527192789187402,0.0
310,64,-325.8031,528.74567,-0.00086497783,-5.142965,25.606676,2.1518585e-05,26.118038177490234,0.0015051070762272733,0.005931973385866983,1.7726576789943411,0.9999847412109375,0.07193666091763679,0.0
311,65,-326.0558,530.02954,-0.00089446065,-4.882733,25.754372,8.863959e-06,26.2131404876709,0.0054184358248075435,0.005898952268944602,1.7689879761702665,0.9999847412109375,0.08556950425752151,0.0
312,66,-326.29672,531.32025,-0.0009705543,-4.5824523,25.901823,-3.0029702e-05,26.304054260253906,0.011178122453795115,0.005794405511104878,1.7610826487904752,0.9999847412109375,0.003191607072949408,0.0
313,66,-326.53256,532.61725,-0.0010183859,-4.630497,26.00789,-3.5393852e-05,26.416887283325195,0.013105278405036225,0.005724668141247631,1.7516814238263865,0.9999847412109375,0.0,0.0
314,67,-326.7697,533.91974,-0.0010302162,-4.656738,26.117466,-1.4304399e-08,26.52936553955078,0.011591200585109722,0.005702376130537177,1.7436804889634614,0.9999847412109375,0.0,0.0
315,68,-327.00598,535.2281,-0.0010284709,-4.6328206,26.234955,1.8505125e-05,26.640867233276367,0.010126980053621946,0.005699157450688464,1.7369084697855535,0.9999847412109375,0.0,0.0
316,68,-327.2396,536.54266,-0.0010199213,-4.57797,26.356596,2.017874e-05,26.751224517822266,0.009492056442314534,0.005709766922710797,1.73114325865775,0.9999847412109375,0.0,0.0
317,69,-327.4695,537.8634,-0.0010077,-4.505723,26.480116,1.5052996e-05,26.860715866088867,0.009544635148492185,0.00572848291144971,1.7262112174769777,0.9999847412109375,0.0,0.0
318,70,-327.6951,539.1904,-0.0009940433,-4.4251966,26.604109,7.724375e-06,26.96963119506836,0.009973749462698812,0.005751371012513529,1.7219745276568252,0.9999847412109375,0.033636991716461416,0.0
319,70,-327.91315,540.5239,-0.0009955406,-4.1985354,26.741692,-1.2087217e-05,27.069276809692383,0.012088937070467124,0.005756139215191802,1.7172542077827142,0.9999847412109375,0.07041426205340727,0.0
320,71,-328.1181,541.8642,-0.0010365915,-3.846245,26.880754,-6.0226288e-05,27.154531478881836,0.01665358477588993,0.005703448677054314,1.7100875081312565,0.9999847412109375,0.07938702937997417,0.0
321,72,-328.30698,543.211,-0.0011117506,-3.478527,27.015059,-0.00012566414,27.23809051513672,0.022246984562680525,0.005598425463050819,1.6995302049379644,0.9999847412109375,0.08145403015760727,0.0
322,73,-328.47952,544.56433,-0.0011962318,-3.1121979,27.14477,-0.00018121765,27.32259750366211,0.027403944261672173,0.005479216234904797,1.6857795052815583,0.9999847412109375,0.08241487220849521,0.0
323,73,-328.63522,545.9239,-0.001278739,-2.7334216,27.269533,-0.00021369818,27.406187057495117,0.031863440796523486,0.005361914391859814,1.669206653817995,0.9999847412109375,0.06475567164612406,0.0
324,74,-328.77435,547.28973,-0.0013416052,-2.400587,27.392221,-0.00021067995,27.497211456298828,0.03507888324003631,0.005276679713112369,1.6507229842723001,0.9999847412109375,0.0,0.0
325,75,-328.90225,548.66187,-0.0013611126,-2.294876,27.510065,-0.00010659639,27.605619430541992,0.03480480859375893,0.005258202472603992,1.6329981824792232,0.9999847412109375,0.0,0.0
326,75,-329.0216,550.04004,-0.0013525581,-2.1212702,27.627993,1.1124054e-05,27.709308624267578,0.0328657131503964,0.0052747723280113295,1.6177218909923652,0.9999847412109375,0.0,0.0
327,76,-329.12964,551.4243,-0.0013312101,-1.8979399,27.744501,5.3364944e-05,27.809341430664062,0.03168104130958288,0.00530660126422698,1.6044649414020598,0.9999847412109375,0.0,0.0
328,77,-329.22467,552.8145,-0.0013008451,-1.6478356,27.858543,4.814861e-05,27.907236099243164,0.03142006816751192,0.005352377466354619,1.5929080206936066,0.9999847412109375,0.12165891388316215,0.0
329,77,-329.30048,554.20966,-0.0013177061,-1.0712657,27.931295,-5.054221e-05,27.951831817626953,0.03466185718046512,0.005324125072259161,1.5808496267518912,0.9999847412109375,0.21151280412335458,0.0
330,78,-329.34326,555.6061,-0.001534152,-0.24933366,27.913385,-0.00032582085,27.914499282836914,0.04371106634390501,0.004975914679136699,1.563251591426702,0.9999847412109375,0.06113469786942005,0.0
331,79,-329.35516,557.00354,-0.0017867564,0.23875055,27.97999,-0.0005031477,27.981008529663086,0.051195697495247765,0.004583358492675214,1.5408430882245028,0.9999847412109375,0.0,0.0
332,79,-329.35037,558.40594,-0.0018748807,0.450988,28.082577,-0.0003007595,28.086196899414062,0.051487592434288056,0.004471540056702813,1.519617827494626,0.9999847412109375,0.0,0.0
333,80,-329.33136,559.8133,-0.001872859,0.73059225,28.174726,-4.9617192e-05,28.18419647216797,0.04914233371576942,0.00449275952089613,1.5011099231830112,0.9999847412109375,0.0,0.0
334,81,-329.29565,561.22516,-0.0018226051,1.0565286,28.257395,7.191298e-05,28.27713966369629,0.04726143874519813,0.004577398109290211,1.484871298436253,0.9999847412109375,0.0,0.0
335,81,-329.2419,562.641,-0.0017440604,1.406208,28.332415,9.9201e-05,28.367290496826172,0.046257489432076304,0.004700899083950733,1.4705602696864941,0.9999847412109375,0.0,0.0
336,82,-329.16934,564.06036,-0.0016515255,1.7645172,28.40162,8.5511696e-05,28.45638084411621,0.04584744168679896,0.004846453321091173,1.4579069255572552,0.9999847412109375,0.0,0.0
337,83,-329.07803,565.483,-0.0015560102,2.121205,28.466705,6.537587e-05,28.54562759399414,0.04567645842243747,0.004998206689847153,1.4466967484227302,0.9999847412109375,0.0,0.0
338,83,-328.96826,566.9089,-0.0014652776,2.4692416,28.529144,5.258297e-05,28.63580322265625,0.04547684201516842,0.005143165356782878,1.436753969650974,0.9999847412109375,0.0,0.0
339,84,-328.84085,568.33777,-0.0013840675,2.8038182,28.590187,5.25782e-05,28.72734260559082,0.04508286894378323,0.005273580147304598,1.4279311832756503,0.9999847412109375,0.0,0.0
340,85,-328.69644,569.7696,-0.0013146353,3.121735,28.650856,6.228612e-05,28.820423126220703,0.044409684238049245,0.005384325516611212,1.420103753357744,0.9999847412109375,0.0,0.0
341,85,-328.53613,571.20447,-0.0012574863,3.4209957,28.711966,7.921777e-05,28.915050506591797,0.04342900013376279,0.0054738519418731585,1.41316422134727,0.9999847412109375,0.0,0.0
342,86,-328.36084,572.64233,-0.0012119197,3.7005222,28.774128,9.803282e-05,29.011106491088867,0.04214912652576274,0.0055431123354179835,1.407016047654713,0.9999847412109375,0.0,0.0
343,87,-328.17172,574.0834,-0.0011766196,3.9599457,28.83779,0.00011495492,29.10840606689453,0.040600960243883225,0.005594134236684968,1.4015736116510271,0.9999847412109375,0.0,0.0
344,88,-327.96973,575.5275,-0.0011500453,4.199441,28.90326,0.00012913058,29.206741333007812,0.03882794826459536,0.005629300966790274,1.3967595485065454,0.9999847412109375,0.0,0.0
345,88,-327.756,576.975,-0.0011306,4.419584,28.970722,0.00013847611,29.30589485168457,0.03687918429811908,0.005651116001188306,1.392504882349035,0.9999847412109375,0.0,0.0
346,89,-327.5315,578.4257,-0.0011169481,4.621239,29.040249,0.00014127977,29.405643463134766,0.034804775304245306,0.0056627985398764276,1.388747428367042,0.9999847412109375,0.0,0.0
347,90,-327.2971,579.88007,-0.0011078595,4.8054676,29.111855,0.00014008775,29.50580596923828,0.03265251878275715,0.005666136333766083,1.3854288633326943,0.9999847412109375,0.0,0.0
348,90,-327.05368,581.33795,-0.0011023044,4.973448,29.185488,0.00013530054,29.60621452331543,0.030466080172558908,0.0056627985398764276,1.382500185081934,0.9999847412109375,0.0,0.0
349,91,-326.80212,582.7996,-0.0010995531,5.1264143,29.261051,0.00012630307,29.70672035217285,0.02828359469210375,0.00565552686174375,1.3799159867181758,0.9999847412109375,0.0,0.0
350,92,-326.5431,584.2649,-0.001099,5.2656083,29.338423,0.00011563676,29.807209014892578,0.02613717839966236,0.005644797755531823,1.3776356550347955,0.9999847412109375,0.0,0.0
351,93,-326.2773,585.734,-0.0011001443,5.392249,29.417473,0.00010333975,29.9075927734375,0.02405294067689051,0.0056314465799732,1.3756239031473496,0.9999847412109375,-0.2225252406694639,0.0
352,93,-326.01205,587.208,-0.0011260605,5.1325836,29.54216,0.00014957157,29.98470687866211,0.018496159355088505,0.005569100002289573,1.376126308486993,0.9999847412109375,-0.5,0.0
353,94,-325.76508,588.68695,-0.0012989425,4.506524,29.641323,0.00021793706,29.98194122314453,0.005548235799624483,0.005228877011842747,1.384969334886601,0.9999847412109375,-0.443985166028142,0.0
354,95,-325.54825,590.1674,-0.0017410802,3.6616256,29.649633,7.248992e-05,29.8748779296875,-0.01207530293404268,0.004396438393813928,1.4058956557841167,0.9999847412109375,-0.0026013678238715645,0.0
355,96,-325.36197,591.6489,-0.0022027302,3.1329598,29.735678,-0.00024698453,29.900266647338867,-0.02738635283431544,0.0035302637145427453,1.43763813913288,0.9999847412109375,0.0,0.0
356,97,-325.18555,593.1365,-0.0023273611,3.161364,29.839273,-0.0002690753,30.00627326965332,-0.03077495692473766,0.0033198594242642744,1.4697382850160412,0.9999847412109375,0.0,0.0
357,97,-325.01288,594.63025,-0.0023147915,3.059876,29.95249,-0.00011611834,30.108379364013672,-0.02861459856787078,0.00337421885934659,1.4975949500182701,0.9999847412109375,0.0,0.0
358,98,-324.85147,596.13025,-0.002220521,2.813633,30.068678,-5.6254434e-05,30.200031280517578,-0.02785027133501804,0.003542542343584232,1.522004818779664,0.9999847412109375,0.0,0.0
359,99,-324.70648,597.63635,-0.0020606183,2.4780276,30.180956,-7.4897835e-05,30.282514572143555,-0.02935283514441915,0.0037982461197522454,1.5436154389192753,0.9999847412109375,0.0,0.0
360,100,-324.58118,599.14825,-0.0018572997,2.0888,30.286598,-0.000126942,30.358543395996094,-0.032372849417596,0.00411510455297148,1.5629011194272477,0.9999847412109375,0.0,0.0
361,100,-324.4774,600.6654,-0.0016370869,1.6690854,30.384892,-0.00017972046,30.430700302124023,-0.03603735907754503,0.004456042747812614,1.5802159275705068,0.9999847412109375,0.0,0.0
362,101,-324.3961,602.1874,-0.0014234972,1.2343547,30.476122,-0.00021654477,30.501108169555664,-0.03970986654314271,0.0047883984899220475,1.5958305736738594,0.9999847412109375,0.0,0.0
363,102,-324.3376,603.7139,-0.0012331628,0.79542476,30.56101,-0.00022920416,30.571359634399414,-0.04300206628269866,0.005086063958089947,1.609950520615405,0.9999847412109375,0.0,0.0
364,103,-324.30188,605.2446,-0.0010752678,0.36015606,30.640478,-0.00021759376,30.642595291137695,-0.0457089032146552,0.0053353306346348595,1.6227384875377475,0.9999847412109375,0.0,0.0
365,103,-324.28845,606.7793,-0.00095296383,-0.06560785,30.715494,-0.00018398318,30.715564727783203,-0.04774462355191177,0.005530833706376497,1.6343227056473741,0.9999847412109375,0.03817816658152474,0.0
366,104,-324.29352,608.31793,-0.00086462975,-0.32964194,30.803362,-7.38107e-05,30.805126190185547,-0.04752143816899552,0.00569009750149569,1.6437272595628256,0.9999847412109375,0.2190776821455838,0.0
367,105,-324.30667,609.8606,-0.00085900305,-0.20489416,30.883408,0.00019178384,30.88408660888672,-0.04199272822955863,0.005755543644987087,1.647812282358898,0.9999847412109375,0.4032355685154965,0.0
368,106,-324.3095,611.40497,-0.0010969257,0.30697244,30.89068,0.0005599075,30.8922061920166,-0.028268918177783896,0.005461692426872615,1.640850246637213,0.9999847412109375,0.0,0.0
369,106,-324.30154,612.9506,-0.001359663,0.30179358,30.968973,0.0005873577,30.970443725585938,-0.015916650651562177,0.0050733088728846885,1.6238981610344225,0.9999847412109375,0.0,0.0
370,107,-324.3067,614.50085,-0.0014067936,-0.0456643,31.055473,0.00033712605,31.05550765991211,-0.015415441653814662,0.00496196741322471,1.607464459737816,0.9999847412109375,0.0,0.0
371,108,-324.32318,616.05597,-0.0014052343,-0.23378007,31.152353,0.00014608607,31.153230667114258,-0.017309480780781716,0.004932761066504407,1.593224404231108,0.9999847412109375,0.0,0.0
372,109,-324.34454,617.61615,-0.0013845252,-0.29695264,31.252943,6.1408784e-05,31.25435447692871,-0.017351559766302267,0.004958748733375997,1.580926991581558,0.9999847412109375,0.0,0.0
373,109,-324.36557,619.1815,-0.0013469838,-0.26872927,31.353197,4.8401318e-05,31.35434913635254,-0.015112904473387059,0.005032300873435322,1.5702791409112031,0.9999847412109375,0.0,0.0
374,110,-324.38266,620.75183,-0.0012973786,-0.17849295,31.451141,5.807109e-05,31.451648712158203,-0.011283813538665732,0.005134582383902527,1.5610005545153127,0.9999847412109375,0.0,0.0
375,111,-324.39346,622.3271,-0.0012438202,-0.04878092,31.546442,5.774209e-05,31.546480178833008,-0.006696784877113253,0.005245327753209141,1.5528688584428647,0.9999847412109375,0.0,0.0
376,112,-324.39645,623.90704,-0.0011944294,0.10470929,31.639309,4.19548e-05,31.639482498168945,-0.0020021643774844086,0.005347609263676346,1.54570934932635,0.9999847412109375,0.0,0.0
377,113,-324.3909,625.4916,-0.0011551761,0.27112496,31.730112,1.6640784e-05,31.73126983642578,0.0023843632339818443,0.005430221352928445,1.539384341737412,0.9999847412109375,0.0,0.0
378,113,-324.37634,627.0807,-0.001129055,0.44289747,31.819237,-1.0613864e-05,31.82231903076172,0.006233245564776798,0.00548863404636905,1.5337833144908117,0.9999847412109375,0.0,0.0
379,114,-324.35275,628.6742,-0.0011166048,0.6147261,31.907057,-3.1798678e-05,31.91297721862793,0.009444792615046734,0.005522846823849511,1.5288153206353234,0.9999847412109375,0.0,0.0
380,115,-324.32025,630.27203,-0.0011163807,0.78292125,31.993893,-4.3814372e-05,32.00347137451172,0.012001599950874737,0.005534410248496689,1.5244033948154438,0.9999847412109375,0.06415911205112934,0.0
381,116,-324.2746,631.87354,-0.0011566782,1.172264,32.04974,-7.592298e-05,32.071170806884766,0.016290192283959417,0.005484461413895492,1.5189135545443544,0.9999847412109375,0.1526714420107044,0.0
382,117,-324.2066,633.4764,-0.0013080072,1.7849462,32.04017,-0.00018147037,32.089847564697266,0.024363065785830237,0.00526082506209934,1.5089607889185104,0.9999847412109375,0.0,0.0
383,118,-324.11908,635.0808,-0.001471386,1.9673028,32.11643,-0.00024006118,32.1766242980957,0.029814150821275122,0.005015849611920278,1.4956781398236856,0.9999847412109375,0.0,0.0
384,119,-324.02426,636.6896,-0.0015431643,2.103714,32.200447,-0.00012789086,32.26909255981445,0.02950097556064941,0.004912375920746342,1.483946249431614,0.9999847412109375,0.0,0.0
385,119,-323.92035,638.3024,-0.001572399,2.2858086,32.277454,-3.580868e-05,32.35829162597656,0.028326361314140142,0.00486922230811405,1.4736300954750285,0.9999847412109375,0.0,0.0
386,120,-323.80585,639.91876,-0.0015770816,2.4957442,32.34912,3.4521283e-06,32.44525146484375,0.027608468791606455,0.0048624276062937954,1.4645255466563747,0.9999847412109375,0.0,0.0
387,121,-323.67972,641.53864,-0.0015668964,2.7208242,32.41686,1.1424447e-05,32.53084182739258,0.02743460182312711,0.004877805280994401,1.4564629596142142,0.9999847412109375,0.0,0.0
388,122,-323.54166,643.1618,-0.001548562,2.9520543,32.481857,7.4382874e-06,32.615726470947266,0.027587991579537268,0.004907726832109012,1.449308244187662,0.9999847412109375,0.0,0.0
389,122,-323.39154,644.7881,-0.0015268517,3.1830785,32.54511,2.6081689e-06,32.70039749145508,0.027840848322067284,0.004942774448173375,1.4429472839240076,0.9999847412109375,0.49996609215475163,0.0
390,122,-323.22397,646.41595,-0.0015587616,3.7245455,32.523277,-7.0887836e-05,32.73584747314453,0.031064457099391485,0.004894375656550388,1.4352929594769563,0.9999847412109375,0.00020093424820605607,0.0
391,122,-323.03622,648.0443,-0.0016339206,3.965263,32.578026,-0.00014268639,32.81845474243164,0.03450175126468092,0.004781961130224621,1.4252521763770851,0.9999847412109375,0.0,0.0
392,122,-322.83786,649.6757,-0.0016566467,4.1653123,32.64081,-6.765027e-05,32.9055061340332,0.03414788373483664,0.004753231759816742,1.416336978311936,0.9999847412109375,0.0,0.0
393,122,-322.62833,651.3101,-0.0016537332,4.3822813,32.698467,9.67931e-07,32.99081802368164,0.033031137065982354,0.0047601460958265895,1.4084411051540144,0.9999847412109375,0.0,0.0
394,122,-322.40714,652.94727,-0.0016373157,4.607006,32.75276,3.5794375e-05,33.0751838684082,0.03201134610556376,0.0047851798100733344,1.401432730429362,0.9999847412109375,0.0,0.0
395,122,-322.17422,654.587,-0.0016145229,4.832937,32.805035,4.7595506e-05,33.15912628173828,0.031203361756185134,0.00481915435947191,1.395201066636631,0.9999847412109375,0.018666396745377116,0.0
396,122,-321.92798,656.22876,-0.0015979289,5.132236,32.83798,2.7893579e-05,33.23661422729492,0.03139381314423403,0.0048426385508890946,1.389050229782984,0.9999847412109375,0.49996609215475163,0.0
397,122,-321.66232,657.87036,-0.0016523122,5.708427,32.76727,-7.814016e-05,33.26079177856445,0.034967995870148136,0.004754900916835895,1.380596158060582,0.9999847412109375,0.49996609215475163,0.0
398,122,-321.36536,659.50525,-0.001947956,6.5172873,32.541134,-0.00034882233,33.18735122680664,0.04408650547857893,0.004277586767865061,1.3650365062337395,0.9999847412109375,0.49996609215475163,0.0
399,122,-321.0309,661.1262,-0.0025923203,7.433304,32.15592,-0.00072670635,33.0038948059082,0.05621986324379073,0.0032335516788510404,1.339178543629615,0.9999847412109375,0.0,0.0
400,122,-320.65906,662.7322,-0.0033188963,8.165199,31.933193,-0.0009850677,32.9605712890625,0.06653547624577975,0.002070903712118689,1.3039876661433627,0.9999847412109375,0.0,0.0
401,122,-320.2626,664.3351,-0.0036477612,8.465453,31.941565,-0.0006746813,33.04432678222656,0.06808422925533693,0.001593112846909758,1.2681902537188445,0.9999847412109375,0.0,0.0
402,122,-319.84772,665.93774,-0.0037023448,8.838214,31.91746,-0.00018609545,33.11854934692383,0.06497220900828164,0.0015493630138869383,1.2362261953673865,0.9999847412109375,0.0,0.0
403,122,-319.4093,667.5378,-0.0035998058,9.310623,31.843218,3.3214816e-05,33.17647171020508,0.06295098209302,0.001730561217519432,1.2074560661112606,0.9999847412109375,0.0,0.0
404,122,-318.944,669.1329,-0.0033946324,9.843135,31.73041,4.8735088e-05,33.22207260131836,0.06281618452996995,0.002064466352421263,1.1813252626534574,0.9999847412109375,0.0,0.0
405,122,-318.44977,670.7213,-0.0031293295,10.410793,31.587805,-2.0903495e-05,33.259193420410156,0.0640411054733519,0.002495765551033921,1.157412206593418,0.9999847412109375,0.0,0.0
406,122,-317.92548,672.30176,-0.0028402233,10.99752,31.42214,-0.00010153739,33.29108428955078,0.06596833112451216,0.0029699801341969844,1.1353937233328608,0.9999847412109375,0.0,0.0
407,122,-317.3705,673.87335,-0.0025556087,11.592456,31.238773,-0.00016131072,33.32035446166992,0.0680996963956054,0.0034402605730427015,1.1150274652125889,0.9999847412109375,0.0,0.0
408,122,-316.7849,675.43524,-0.0022945404,12.187842,31.04216,-0.00018746869,33.34905242919922,0.07011369948641022,0.003875970632210803,1.0961299404334957,0.9999847412109375,0.0,0.0
409,122,-316.16882,676.9867,-0.0020680332,12.777877,30.836155,-0.00018347298,33.3787727355957,0.07182139327877468,0.004256248189630801,1.0785657938331779,0.9999847412109375,0.0,0.0
410,122,-315.52267,678.52747,-0.0018802929,13.3580475,30.624163,-0.00015304753,33.410728454589844,0.07312161510197862,0.0045720338162585725,1.0622310289710677,0.9999847412109375,0.0,0.0
411,122,-314.8472,680.05743,-0.0017311478,13.924791,30.409225,-0.000106219704,33.4457893371582,0.07396827562440685,0.004824042196339776,1.0470450852241906,0.9999847412109375,0.0,0.0
412,122,-314.14313,681.5763,-0.0016175079,14.475259,30.194098,-4.9679176e-05,33.48457336425781,0.07434905772601773,0.005015253521566913,1.0329441133054118,0.9999847412109375,0.0,0.0
413,122,-313.4114,683.08435,-0.001534543,15.007178,29.981253,1.1429215e-05,33.5274658203125,0.07427204243624401,0.005153655714764269,1.0198737847284938,0.9999847412109375,0.0,0.0
414,122,-312.65305,684.5815,-0.001476903,15.518762,29.77289,7.133127e-05,33.57464599609375,0.07375747810174867,0.005247950342704488,1.0077839654859155,0.9999847412109375,0.0,0.0
415,122,-311.86917,686.0682,-0.0014395093,16.008644,29.570953,0.00012692293,33.62615203857422,0.07283318643354462,0.005306124287914557,0.9966281834166554,0.9999847412109375,0.0,0.0
416,122,-311.06088,687.54474,-0.001417365,16.475853,29.377129,0.00017734594,33.681884765625,0.07153147490460593,0.0053368801574644196,0.9863599663596914,0.9999847412109375,0.0,0.0
417,122,-310.22943,689.0116,-0.0014064407,16.91974,29.192833,0.00021895743,33.74165344238281,0.06988775523505221,0.005346536197010559,0.976934506629683,0.9999847412109375,0.0,0.0
418,147,-309.37598,690.4693,-0.0014032793,17.339987,29.019217,0.00025265862,33.805179595947266,0.06793935329203661,0.005341767994332286,0.9683043333801994,0.9999847412109375,0.0,0.0
419,147,-308.5017,691.9184,-0.0014052391,17.736547,28.85717,0.00027901685,33.87213134765625,0.06572510129320386,0.0053267476617545086,0.9604236402404914,0.9999847412109375,0.0,0.0
420,148,-307.6079,693.3595,-0.0014102507,18.109642,28.70733,0.00029584835,33.94215774536133,0.06328450556884958,0.00530505174139742,0.953243824520665,0.9999847412109375,0.0,0.0
421,149,-306.69574,694.7932,-0.0014167308,18.459715,28.570107,0.000305685,34.0148811340332,0.06065756763078463,0.0052794214166486594,0.9467185472177528,0.9999847412109375,0.0,0.0
422,149,-305.7664,696.2202,-0.0014238023,18.787409,28.445671,0.00030705347,34.08992385864258,0.05788393945092675,0.005252361203259932,0.9408000711692153,0.9999847412109375,0.0,0.0
423,150,-304.82092,697.6412,-0.0014307213,19.09353,28.334007,0.00030227102,34.166927337646484,0.05500257808259675,0.005224585265328246,0.9354419242140304,0.9999847412109375,0.0,0.0
424,151,-303.86047,699.05664,-0.0014372111,19.379023,28.23492,0.0002928778,34.24554443359375,0.052051000807651134,0.005197882394062348,0.9305991655088031,0.9999847412109375,0.0,0.0
425,152,-302.88602,700.4674,-0.001443119,19.64493,28.148085,0.00027698083,34.32547378540039,0.049064577734317515,0.005171298636837393,0.9262289847390103,0.9999847412109375,0.0,0.0
426,153,-301.89862,701.874,-0.0014484214,19.892366,28.073051,0.00025934353,34.406429290771484,0.046076332060112864,0.005146384036631591,0.922289104222347,0.9999847412109375,-0.0008267388667589348,0.0
427,153,-300.8992,703.27704,-0.001452918,20.119719,28.011559,0.00024009933,34.48841094970703,0.04307631438165223,0.0051228998452144065,0.9187690044725075,0.9999847412109375,-0.028575115204777242,0.0
428,154,-299.89072,704.67883,-0.001450839,20.235334,28.035927,0.0002629196,34.575740814208984,0.038783752274067655,0.005110144239860497,0.9165521226020983,0.9999847412109375,-0.15981702239793022,0.0
429,155,-298.88138,706.0846,-0.0014759541,20.028492,28.254574,0.00037755506,34.63323974609375,0.03023517370307603,0.005043983412123443,0.9185191333832309,0.9999847412109375,-0.1909334681882167,0.0
430,156,-297.88504,707.501,-0.0016045284,19.616802,28.565012,0.00048691695,34.65225601196289,0.015757388416888934,0.004772901181031848,0.9293287710898079,0.9999847412109375,-0.20017862598193278,0.0
431,157,-296.9055,708.93,-0.001756606,19.171488,28.882856,0.00036099533,34.66648864746094,0.00032745295096786836,0.004431009033565869,0.9492726518611934,0.9999847412109375,-8.530169725418081e-05,0.0
432,158,-295.93567,710.3689,-0.0017935705,19.196325,28.96246,0.0001280053,34.74655532836914,-0.008597747702765862,0.004304289639130959,0.9738005652379049,0.9999847412109375,0.0,0.0
433,158,-294.9626,711.81134,-0.0017528725,19.253267,29.030231,2.2100296e-05,34.834503173828125,-0.009240637390654241,0.004362225356259142,0.9956508032965963,0.9999847412109375,0.0,0.0
434,159,-293.99133,713.2602,-0.0016959333,19.189846,29.171988,-2.8651712e-05,34.9178352355957,-0.009704557971951444,0.004453778020588745,1.0149430751282666,0.9999847412109375,0.0,0.0
435,160,-293.0265,714.7183,-0.0016225099,19.042477,29.35986,-6.57001e-05,34.99453353881836,-0.0119112532511911,0.004565834684643033,1.03212112994955,0.9999847412109375,0.0,0.0
436,161,-292.07147,716.1873,-0.0015334749,18.838892,29.575287,-0.00010331113,35.065673828125,-0.015559786025194257,0.004695176928647616,1.0475185286869795,0.9999847412109375,0.0,0.0
437,162,-291.1284,717.6682,-0.0014367008,18.59845,29.806215,-0.00014148958,35.132789611816406,-0.019930564965935003,0.004833698235885915,1.0613898695407662,0.9999847412109375,0.0,0.0
438,163,-290.19858,719.16125,-0.0013428879,18.334835,30.044762,-0.00017585828,35.197357177734375,-0.024412132448320346,0.004966735615902982,1.0739368869634838,0.9999847412109375,0.0,0.0
439,164,-289.283,720.6667,-0.0012609243,18.057981,30.285662,-0.00020029496,35.2606315612793,-0.028595958520834828,0.005082964392282177,1.0853153758789018,0.9999847412109375,0.0,0.0
440,165,-288.38202,722.1847,-0.001196432,17.775303,30.525288,-0.00020870118,35.323570251464844,-0.032248756513771314,0.005173444250020318,1.0956551653901618,0.9999847412109375,0.0,0.0
441,165,-287.4957,723.71484,-0.0011514949,17.492468,30.761103,-0.00019938426,35.38688659667969,-0.035257589671559036,0.00523638691805731,1.105058121408959,0.9999847412109375,0.08762978203594685,0.0
442,166,-286.61868,725.2542,-0.0011440802,17.491463,30.849394,-8.592653e-05,35.46316909790039,-0.03453001614234399,0.00526821585427296,1.111615356644952,0.9999847412109375,0.16021985700928873,0.0
443,167,-285.7389,726.7952,-0.0012465906,17.738869,30.769524,0.00016399517,35.516632080078125,-0.027117899954651647,0.005161761711332197,1.1107892440748095,0.9999847412109375,0.0,0.0
444,168,-284.85956,728.33997,-0.0013464451,17.533882,30.96279,0.00022387815,35.582740783691406,-0.022174009787623152,0.005018353087374683,1.104645398019024,0.9999847412109375,0.0,0.0
445,169,-283.99246,729.8955,-0.0013860988,17.302416,31.173288,0.000106739426,35.65315628051758,-0.023444872340403565,0.004930019362968116,1.099127594556489,0.9999847412109375,0.0,0.0
446,170,-283.13437,731.46027,-0.001410408,17.147648,31.346653,2.5242496e-05,35.73030471801758,-0.024949560436892938,0.004873037078316128,1.0943022129773743,0.9999847412109375,0.0,0.0
447,171,-282.282,733.0328,-0.001427064,17.054169,31.489216,6.2510226e-06,35.810829162597656,-0.02507685537580952,0.004843711617554883,1.0900932866115858,0.9999847412109375,0.0,0.0
448,172,-281.4328,734.61163,-0.001437149,17.008715,31.606781,2.7850665e-05,35.8926887512207,-0.02378575904052831,0.004836320825381262,1.08642724563401,0.9999847412109375,2.3272394398112314e-05,0.0
449,173,-280.5846,736.1957,-0.0014420414,17.000042,31.704575,5.848592e-05,35.974735260009766,-0.02146720891491072,0.0048426385508890946,1.0832275907423343,0.9999847412109375,0.12117434065375064,0.0
450,174,-279.73047,737.7806,-0.0014885807,17.324404,31.58853,0.00013121901,36.0273551940918,-0.015088406512250232,0.0048048492312884414,1.0782031378717363,0.9999847412109375,0.13480842196279103,0.0
451,175,-278.85873,739.3577,-0.0016329384,17.772383,31.372742,0.0001727447,36.05698776245117,-0.0031574435283236195,0.004624247378083638,1.066983905989505,0.9999847412109375,2.1192762586805152e-07,0.0
452,176,-277.975,740.93146,-0.0017107725,17.848919,31.420311,8.721392e-05,36.13612747192383,0.004544986086437455,0.004520415824638222,1.0528230129461993,0.9999847412109375,0.0,0.0
453,177,-277.0873,742.5077,-0.001710844,17.932585,31.465734,2.6925649e-05,36.216983795166016,0.006608769483680735,0.004524707571152723,1.0402756626283456,0.9999847412109375,0.0,0.0
454,177,-276.19284,744.08466,-0.0016931295,18.07654,31.472843,-4.629857e-06,36.29464340209961,0.008037914311077027,0.004558205144238876,1.0291511727018938,0.9999847412109375,0.0,0.0
455,177,-275.28937,745.6611,-0.001671853,18.260612,31.452839,-2.7321403e-05,36.36936950683594,0.01002892475093929,0.004601478391060761,1.0192382879133737,0.9999847412109375,0.0,0.0
456,177,-274.37543,747.23566,-0.0016511154,18.470285,31.414291,-4.5116074e-05,36.44186019897461,0.012542545184621376,0.0046466585028350355,1.0103725580654725,0.9999847412109375,0.1696842550357551,0.0
457,177,-273.4456,748.80396,-0.0016854572,18.947124,31.154255,-0.0001029726,36.46342086791992,0.018339080704449666,0.004610419226212592,1.000419925597683,0.9999847412109375,0.1638487745076418,0.0
458,177,-272.49026,750.3561,-0.0018779659,19.550716,30.74531,-0.0002842141,36.4349365234375,0.029316014861754204,0.004324436036658488,0.9848462921751175,0.9999847412109375,0.0,0.0
459,177,-271.51364,751.89606,-0.002038226,19.82902,30.641363,-0.00038652393,36.49771499633789,0.036654126380061366,0.004091620101479969,0.9661200752331437,0.9999847412109375,0.0,0.0
460,177,-270.524,753.43207,-0.0020805597,20.079206,30.562014,-0.00026472675,36.56789779663086,0.03797683943090886,0.004047989512535255,0.9492187894281465,0.9999847412109375,0.0,0.0
461,177,-269.51956,754.96246,-0.002073965,20.37307,30.444403,-0.00015446843,36.63227462768555,0.038353385441910845,0.004075169360113575,0.9340185311904102,0.9999847412109375,0.0,0.0
462,177,-268.4989,756.48584,-0.00204216,20.69358,30.30051,-0.00010245764,36.69257736206055,0.03911625209735325,0.00413703896148478,0.9202912007725695,0.9999847412109375,0.0,0.0
463,177,-267.46155,757.99664,-0.002334652,20.979841,29.156729,-0.05184862,35.920345306396484,0.04021139387186427,0.004068255284178052,0.9073768002774756,0.9999847412109375,0.047786814287120914,0.0
464,177,-266.41293,759.2962,-0.0067522144,21.033327,26.059544,-0.0637415,33.48887634277344,0.04144272720780842,0.00481915435947191,0.9101728531059498,0.9999847412109375,0.25341081619262695,0.0
465,177,-265.3526,760.59576,-0.008232922,21.426666,25.856438,-0.019554215,33.58061599731445,0.041357938816603025,0.005444526481111913,0.9079246790927321,0.9999847412109375,0.26379873438013923,0.0
466,177,-264.27295,761.88184,-0.008488788,21.963936,25.408356,0.0034022012,33.585697174072266,0.04631007438003776,0.005478143168239009,0.8954817912686367,0.9999847412109375,0.0,0.0
467,177,-263.17676,763.1569,-0.008106599,22.14587,25.38909,0.014230784,33.69043731689453,0.048688002594991106,0.005274176237657964,0.8751265852668886,0.9999847412109375,0.0,0.0
468,177,-262.0778,764.4378,-0.0072737597,22.159477,25.53771,0.018540628,33.81149673461914,0.04174080151281554,0.005256056339272417,0.8563319250848995,0.9999847412109375,0.0,0.0
469,177,-260.97406,765.7227,-0.0063112974,22.271597,25.592722,0.019000143,33.92656707763672,0.034383962562499155,0.005278825326295294,0.8398650008536944,0.9999847412109375,0.0,0.0
470,177,-259.86203,767.0079,-0.0053709936,22.44986,25.577866,0.017459378,34.03268814086914,0.029684494407485693,0.005322694663470544,0.825318681821627,0.9999847412109375,0.0,0.0
471,177,-258.73926,768.29034,-0.004522586,22.66976,25.514545,0.015097874,34.13078308105469,0.027604216056240735,0.005384325516611212,0.8123802462976951,0.9999847412109375,0.0,0.0
472,177,-257.60416,769.56824,-0.0037934063,22.914658,25.418547,0.012570654,34.22256851196289,0.027353735352745774,0.0054568051101534,0.8008112747853091,0.9999847412109375,0.0,0.0
473,177,-256.4559,770.84045,-0.00318892,23.173292,25.301256,0.010201516,34.309696197509766,0.02815776241119211,0.005527138570364012,0.7904236815324823,0.9999847412109375,0.0,0.0
474,177,-255.29405,772.10614,-0.0027031372,23.437952,25.171011,0.008128775,34.3935661315918,0.029437036807946893,0.0055840012208264065,0.7810713921534238,0.9999847412109375,0.0,0.0
475,177,-254.11853,773.36456,-0.0023239756,23.703224,25.034008,0.0063902996,34.47527313232422,0.030806384306195197,0.005620837107950866,0.7726380930875244,0.9999847412109375,0.0,0.0
476,177,-252.92943,774.6159,-0.0020365524,23.965302,24.894936,0.0049776067,34.55565643310547,0.03202976769016654,0.005634665259821913,0.7650274444823505,0.9999847412109375,0.0,0.0
477,177,-251.727,775.8599,-0.0018253803,24.221464,24.75735,0.0038499336,34.63532638549805,0.03297546659622669,0.00562524744835766,0.758155157289401,0.9999847412109375,0.0,0.0
478,177,-250.51169,777.0969,-0.001675682,24.469814,24.623941,0.0029653208,34.714698791503906,0.033581262923408656,0.005596875940221259,0.7519505911607616,0.9999847412109375,0.0,0.0
479,177,-249.2839,778.3271,-0.0015741157,24.709047,24.496714,0.002280641,34.79405212402344,0.03383007499003311,0.005551576194257391,0.7463526931284423,0.9999847412109375,0.0,0.0
480,177,-248.04419,779.5508,-0.0015091514,24.938337,24.377106,0.0017538718,34.87354278564453,0.03373311928159742,0.005495786610460784,0.7413036060177611,0.9999847412109375,0.0,0.0
481,177,-246.79301,780.76855,-0.0014712047,25.157223,24.266127,0.0013519898,34.95326614379883,0.03331881672035976,0.005432843942423792,0.7367530626631427,0.9999847412109375,0.0,0.0
482,202,-245.531,781.98083,-0.0014526319,25.365522,24.164381,0.0010465813,35.033226013183594,0.03262508406234013,0.005366325252415259,0.7326551235357832,0.9999847412109375,0.0,0.0
483,203,-244.25871,783.1881,-0.0014473248,25.563286,24.072205,0.0008142016,35.113426208496094,0.03169434671206026,0.0052992104720533595,0.7289654470035329,0.9999847412109375,0.0,0.0
484,204,-242.9766,784.39075,-0.0014507914,25.750732,23.98967,0.0006376758,35.19381332397461,0.030570053726585885,0.0052347182811868075,0.7256466822321035,0.9999847412109375,0.0,0.0
485,204,-241.68527,785.58954,-0.0014596129,25.9282,23.91668,0.00050236576,35.27434158325195,0.02929441204800554,0.005172848159666953,0.7226611454920702,0.9999847412109375,0.0,0.0
486,205,-240.38521,786.78467,-0.0014714194,26.096113,23.85297,0.0003980533,35.35493469238281,0.02790684478283081,0.005115985509204558,0.7199766791132702,0.9999847412109375,0.0,0.0
487,206,-239.0769,787.9767,-0.0014845037,26.254972,23.798203,0.0003183158,35.435546875,0.026443161044750252,0.005064248923691915,0.717563189375386,0.9999847412109375,0.0,0.0
488,207,-237.76077,789.16626,-0.0014978695,26.40532,23.751928,0.0002550522,35.5161247253418,0.024935148158087485,0.005016922678586066,0.7153943775626527,0.9999847412109375,0.0,0.0
489,208,-236.43726,790.3536,-0.0015109157,26.547691,23.71367,0.00020515846,35.59660339355469,0.023410070234502194,0.0049748416124709115,0.7134444110124967,0.9999847412109375,0.0,0.0
490,209,-235.10675,791.53906,-0.0015232324,26.682655,23.682926,0.00016527303,35.67695617675781,0.021890998987531794,0.004936933178829314,0.7116913186459247,0.9999847412109375,0.0,0.0
491,209,-233.7696,792.7231,-0.0015346479,26.810738,23.659164,0.00013341237,35.75712203979492,0.020396936487672917,0.004903315971553569,0.7101159257030883,0.9999847412109375,0.0,0.0
492,210,-232.42616,793.90607,-0.0015451574,26.93247,23.641876,0.0001074165,35.83707809448242,0.018943004496490175,0.004873633168669494,0.708699590056357,0.9999847412109375,0.0,0.0
493,211,-231.07674,795.08844,-0.0015548753,27.048367,23.630566,8.7266366e-05,35.91681671142578,0.017540954212293538,0.004846453321091173,0.7074265990552991,0.9999847412109375,0.0,0.0
494,212,-229.72162,796.2701,-0.0015638303,27.158892,23.624731,7.160782e-05,35.99629592895508,0.0161994877220043,0.0048218960630082,0.7062829711041918,0.9999847412109375,0.0,0.0
495,213,-228.36108,797.4517,-0.0015721988,27.264496,23.623915,5.6402245e-05,36.075504302978516,0.014924637709669872,0.004799604052297746,0.7052550575024485,0.9999847412109375,0.0,0.0
496,214,-226.99535,798.63336,-0.0015800762,27.365593,23.62768,4.5163757e-05,36.1544303894043,0.013720193978357114,0.004779338540729274,0.7043318727105725,0.9999847412109375,0.008219481342368655,0.0
497,215,-225.62411,799.8146,-0.0015901851,27.486778,23.605757,3.168424e-05,36.231956481933594,0.013015357186948618,0.004757999962495014,0.7032102158384584,0.9999847412109375,0.05091844370335708,0.0
498,215,-224.24506,800.99207,-0.0016236829,27.70476,23.451784,2.8608799e-08,36.29793167114258,0.0144663909098513,0.004705309424357526,0.7004543767424444,0.9999847412109375,0.06977945648961598,0.0
499,216,-222.85535,802.16187,-0.0016959572,27.958776,23.240185,-5.57061e-05,36.35655975341797,0.018180649667319772,0.004597186644546261,0.6944050729053567,0.9999847412109375,0.058183299377560616,0.0
500,217,-221.45496,803.3238,-0.0017754936,28.18296,23.071001,-0.000100235695,36.42184066772461,0.021810756695530946,0.004480003915542222,0.6853272888556581,0.9999847412109375,0.0,0.0
501,218,-220.04709,804.4822,-0.0018217753,28.273062,23.085419,-7.1030874e-05,36.5007209777832,0.022192373115577087,0.004411816588663185,0.6756594148874252,0.9999847412109375,0.0,0.0
502,219,-218.63348,805.6399,-0.0018390417,28.389467,23.064142,-1.2359001e-05,36.57754135131836,0.020657751504554147,0.004384159764772442,0.6671117330527069,0.9999847412109375,0.0,0.0
503,220,-217.21307,806.79535,-0.0018425941,28.528297,23.011683,1.435208e-05,36.65243911743164,0.019492974309321356,0.004375576791892091,0.6595193271009999,0.9999847412109375,0.0,0.0
504,221,-215.78503,807.9473,-0.0018379402,28.681332,22.93841,1.5658548e-05,36.725868225097656,0.01907840543197469,0.004380941084923729,0.6527531668774902,0.9999847412109375,0.0,0.0
505,222,-214.34877,809.09485,-0.0018283653,28.842617,22.852097,5.902949e-06,36.798301696777344,0.019244884209023663,0.004396438393813928,0.6467078577820375,0.9999847412109375,0.0,0.0
506,223,-212.9041,810.23755,-0.0018163824,29.00785,22.758514,-5.0113076e-06,36.870113372802734,0.019731439578991938,0.004417180881694823,0.6412959815518603,0.9999847412109375,0.0,0.0
507,224,-211.4509,811.37524,-0.0018038463,29.173935,22.661972,-1.356057e-05,36.94162368774414,0.020320016905250864,0.004439353778364334,0.6364436354667087,0.9999847412109375,0.0,0.0
508,225,-209.98926,812.5078,-0.0017921209,29.338663,22.56564,-1.6426218e-05,37.01304244995117,0.0208603202755629,0.00446128844695196,0.632086703923339,0.9999847412109375,0.0,0.0
509,225,-208.51927,813.63544,-0.0017820501,29.500471,22.471842,-1.5100677e-05,37.08451843261719,0.02126154213854015,0.004480003915542222,0.6281718571209225,0.9999847412109375,0.0,0.0
510,226,-207.04117,814.75836,-0.0017738914,29.658264,22.382256,-1.0237181e-05,37.156131744384766,0.021477291476350194,0.00449430904372569,0.6246508918437288,0.9999847412109375,0.0,0.0
511,227,-205.55519,815.8767,-0.0017676734,29.811325,22.298042,-3.509346e-06,37.2279167175293,0.021491762011804492,0.004505634240290982,0.6214821961997252,0.9999847412109375,0.016016101050708026,0.0
512,228,-204.06068,816.98944,-0.0017699384,29.997866,22.160397,-9.049916e-06,37.29551315307617,0.022094905580869392,0.004502892016606041,0.6180883302855555,0.9999847412109375,0.04741017915952353,0.0
513,229,-202.55598,818.09357,-0.0017981386,30.23907,21.926819,-4.6575125e-05,37.35219955444336,0.02432235271066565,0.0044617649031157315,0.6131576872643556,0.9999847412109375,0.0,0.0
514,230,-201.04242,819.1913,-0.0018250894,30.369825,21.871548,-4.459635e-05,37.425804138183594,0.02513265068124128,0.004423022151038883,0.6074814257169606,0.9999847412109375,0.0,0.0
515,231,-199.52197,820.2856,-0.0018355035,30.504913,21.807505,-3.952782e-06,37.498226165771484,0.02424724532614161,0.004406451775482896,0.6024178909573658,0.9999847412109375,0.0,0.0
516,232,-197.99442,821.37616,-0.0018378305,30.644218,21.735327,2.3926492e-05,37.5698356628418,0.023158863403491266,0.004400134049975064,0.5978895184188223,0.9999847412109375,0.0,0.0
517,233,-196.45964,822.4629,-0.0018359518,30.785116,21.659084,3.3853747e-05,37.640926361083984,0.022244585637104852,0.0043996570736626415,0.5938329248673864,0.9999847412109375,0.0,0.0
518,234,-194.91772,823.54553,-0.0018320131,30.925665,21.581848,3.430195e-05,37.711708068847656,0.021525438516026386,0.004401683572804623,0.5901936486587658,0.9999847412109375,0.0,0.0
519,235,-193.36868,824.62415,-0.0018273401,31.064457,21.50588,3.2728465e-05,37.78231430053711,0.02093236502483335,0.0044058556851295306,0.5869252176319388,0.9999847412109375,0.0,0.0
520,236,-191.81267,825.6988,-0.0018226337,31.2005,21.432829,2.7750535e-05,37.852840423583984,0.02039237582430616,0.004409670455331609,0.5839867522641726,0.9999847412109375,0.06680958159267902,0.0
521,237,-190.24762,826.76587,-0.0018502474,31.44891,21.152992,-1.6159203e-05,37.900962829589844,0.022308045853048998,0.004366516842699317,0.5797139766112495,0.9999847412109375,0.0875446301781469,0.0
522,238,-188.6703,827.81805,-0.0019428682,31.729347,20.795397,-0.00011617556,37.936790466308594,0.02730630403761254,0.004225849922278093,0.5715854763321097,0.9999847412109375,0.05482105644028864,0.0
523,239,-187.08154,828.8572,-0.0020369242,31.95291,20.55421,-0.00017583444,37.99294662475586,0.03141252809267564,0.0040863749224892745,0.5604338887415663,0.9999847412109375,0.0,0.0
524,240,-185.4841,829.8891,-0.002084155,32.07925,20.490208,-0.000117753814,38.06477355957031,0.031817124680096724,0.0040218827316227225,0.5489858580321836,0.9999847412109375,0.0,0.0
525,241,-183.87933,830.91614,-0.0020950842,32.22588,20.387629,-2.3120676e-05,38.13348388671875,0.03032627877949196,0.004008054579751676,0.538766110507059,0.9999847412109375,0.0,0.0
526,241,-182.26639,831.93665,-0.00208766,32.38867,20.253101,2.1866657e-05,38.19966125488281,0.029156737022621452,0.004019260142127375,0.5296096633366623,0.9999847412109375,0.0,0.0
527,242,-180.6447,832.9491,-0.0020695925,32.56104,20.097689,2.7664708e-05,38.264060974121094,0.028679862659334535,0.004046439989705696,0.5213830921503801,0.9999847412109375,0.0,0.0
528,243,-179.01404,833.9534,-0.0020457362,32.73827,19.929691,1.7470438e-05,38.32736587524414,0.028736436107147306,0.004083752332993926,0.5139757093154066,0.9999847412109375,0.041410835068902856,0.0
529,244,-177.37285,834.9456,-0.002039833,32.982876,19.612347,-3.6380858e-05,38.37335205078125,0.03074310094079219,0.004095434871682048,0.5061635259947409,0.9999847412109375,0.07906308917351712,0.0
530,245,-175.71906,835.92004,-0.002085781,33.267673,19.175314,-0.00015162186,38.398319244384766,0.03540726348601069,0.004027724000966783,0.4958943102523681,0.9999847412109375,0.08520517638528052,0.0
531,246,-174.05191,836.874,-0.0021758126,33.55148,18.72007,-0.00027405322,38.42060470581055,0.041093424502520105,0.00389409053059635,0.4823338934558481,0.9999847412109375,0.0001597849675166753,0.0
532,247,-172.37346,837.81274,-0.0022322035,33.726864,18.534534,-0.0002440712,38.48415756225586,0.04335340797069657,0.0038217303111694302,0.46783291474133937,0.9999847412109375,0.0,0.0
533,248,-170.68562,838.7409,-0.002238159,33.910114,18.325905,-0.00010626738,38.54522705078125,0.042688112879691945,0.003826379659881085,0.45476478327232056,0.9999847412109375,0.0,0.0
534,249,-168.98782,839.657,-0.0022199869,34.1047,18.084438,-1.884366e-05,38.602813720703125,0.041904652498882665,0.003861427015871123,0.4429589901599993,0.9999847412109375,0.0,0.0
535,250,-167.27985,840.5599,-0.0021887398,34.304874,17.822157,1.197755e-05,38.658164978027344,0.041602288007807,0.0039132832355733595,0.4322658324615995,0.9999847412109375,0.0,0.0
536,251,-165.56148,841.4489,-0.0021512317,34.506657,17.548,1.425195e-05,38.71229553222656,0.04171220582061082,0.003973960656237833,0.42256183937108244,0.9999847412109375,0.0,0.0
537,252,-163.83281,842.32355,-0.002112217,34.707264,17.26872,6.1699643e-06,38.7660026550293,0.04202622164145558,0.0040367839501595565,0.41374358036961206,0.9999847412109375,0.0,0.0
538,253,-162.09395,843.1837,-0.002075038,34.90475,16.98948,-3.8621877e-07,38.81989288330078,0.04235640784354417,0.004098057461177395,0.40572273837753864,0.9999847412109375,0.0,0.0
539,254,-160.34514,844.0297,-0.0020417213,35.097755,16.714243,-7.9627824e-07,38.874393463134766,0.04256993094513048,0.004152893872572133,0.3984241123835811,0.9999847412109375,0.03833761923934942,0.0
540,255,-158.58577,844.85895,-0.002033887,35.327393,16.31171,-4.405755e-05,38.91139221191406,0.04406644022424086,0.0041650531274983514,0.3907572710794065,0.9999847412109375,0.08113955460304832,0.0
541,256,-156.81487,845.66614,-0.0020893381,35.57895,15.787562,-0.00016585951,38.92439651489258,0.047798768945824445,0.004076242166705038,0.3807594647416264,0.9999847412109375,0.09026120384626184,0.0
542,257,-155.03218,846.44824,-0.0022072792,35.82569,15.241959,-0.00029816088,38.93324279785156,0.05258248037625768,0.0038902757603942718,0.3673840377723261,0.9999847412109375,1.1231290337480051e-06,0.0
543,258,-153.23917,847.2113,-0.0022966003,35.996254,14.98775,-0.00023958439,38.9918327331543,0.054001903625377885,0.0037636754800003044,0.35292044318161936,0.9999847412109375,0.0,0.0
544,259,-151.43729,847.9608,-0.0023246717,36.168293,14.719497,-5.4356715e-05,39.04880142211914,0.05244780348769453,0.003732681122294231,0.3398358666928693,0.9999847412109375,0.0,0.0
545,260,-149.62633,848.69543,-0.0023183108,36.34516,14.423152,5.845254e-05,39.1024055480957,0.05076472312946728,0.00374603255792718,0.32797314851224757,0.9999847412109375,0.0,0.0
546,261,-147.8062,849.4141,-0.0022913886,36.52318,14.109916,9.674542e-05,39.153953552246094,0.0495862535411612,0.003785967490710759,0.31719540215972414,0.9999847412109375,0.0,0.0
547,262,-145.977,850.11646,-0.0022531224,36.699886,13.7880745,9.4456715e-05,39.204498291015625,0.04887239321096547,0.003842949775362747,0.30738651381177157,0.9999847412109375,0.0,0.0
548,263,-144.13882,850.80206,-0.002210183,36.873623,13.463894,7.713886e-05,39.25481414794922,0.048432884246129126,0.003907441966229299,0.2984490117724929,0.9999847412109375,0.0,0.0
549,264,-142.29187,851.471,-0.0021671439,37.043293,13.1421795,6.298704e-05,39.305503845214844,0.0480878009866929,0.003973483939999736,0.2902992062046324,0.9999847412109375,0.0,0.0
550,265,-140.4364,852.1237,-0.0021268986,37.208168,12.826634,5.4533135e-05,39.35696029663086,0.04770477600410146,0.004035830257609037,0.2828653249168125,0.9999847412109375,0.0,0.0
551,266,-138.57271,852.7605,-0.002091112,37.367805,12.520116,5.5195906e-05,39.40946960449219,0.04719865472249951,0.0040911433852418725,0.27608378493800745,0.9999847412109375,0.0,0.0
552,267,-136.70107,853.38184,-0.0020604848,37.521942,12.224801,6.0912902e-05,39.463172912597656,0.04652158346604969,0.004137992654035299,0.26989994153160024,0.9999847412109375,0.0,0.0
553,267,-134.82175,853.9885,-0.0020350218,37.670464,11.942302,7.135988e-05,39.51812744140625,0.04565289776916867,0.004176378063989318,0.26426257878087733,0.9999847412109375,0.0,0.0
554,268,-132.93504,854.5812,-0.002014284,37.81337,11.67376,8.371888e-05,39.5743293762207,0.044590779192174634,0.004205703524750564,0.2591264063025505,0.9999847412109375,0.0,0.0
555,269,-131.04126,855.16046,-0.0019976806,37.950737,11.419928,9.570597e-05,39.63172149658203,0.043346075955320446,0.004226922728869555,0.2544504280605894,0.9999847412109375,0.0,0.0
556,270,-129.14067,855.72723,-0.0019845914,38.082706,11.181223,0.00010643426,39.69020462036133,0.04193775059780531,0.00424182394740639,0.25019581183734924,0.9999847412109375,0.0,0.0
557,271,-127.233574,856.2822,-0.001974306,38.20946,10.957789,0.000115117036,39.74966812133789,0.04038953022046615,0.004251479986952528,0.2463267381161685,0.9999847412109375,0.0,0.0
558,272,-125.32021,856.8263,-0.0019662331,38.331226,10.74954,0.00011969444,39.809993743896484,0.038727451384147696,0.004256248189630801,0.2428103168575847,0.9999847412109375,0.0,0.0
559,273,-123.40082,857.3602,-0.0019599628,38.44823,10.556206,0.00012120117,39.87104034423828,0.036978307986129666,0.004257797972534686,0.23961558881392564,0.9999847412109375,0.0,0.0
560,274,-121.47568,857.8845,-0.0019551134,38.560726,10.377359,0.00012017126,39.932682037353516,0.03516826142293289,0.004256248189630801,0.2367143411223933,0.9999847412109375,0.0,0.0
561,275,-119.54497,858.4004,-0.0019513273,38.66898,10.212471,0.000117095806,39.994808197021484,0.03332204996437068,0.004252552793543991,0.23408045815954814,0.9999847412109375,0.0,0.0
562,276,-117.60894,858.90826,-0.0019485139,38.773254,10.060917,0.00011125962,40.05730056762695,0.03146231672149251,0.00424766521675045,0.23168950542238861,0.9999847412109375,0.0,0.0
563,277,-115.66777,859.4085,-0.0019464397,38.873806,9.922023,0.00010491323,40.12006378173828,0.029609387022961654,0.004241346971093967,0.2295189625549468,0.9999847412109375,0.0,0.0
564,278,-113.721664,859.90204,-0.0019450521,38.970882,9.795072,9.6015894e-05,40.1829948425293,0.02778088766624307,0.004233836804805079,0.2275498046001854,0.9999847412109375,0.0,0.0
565,279,-111.77074,860.3894,-0.0019442844,39.06474,9.6793375,8.773365e-05,40.246036529541016,0.025991838463765887,0.004226446012631458,0.22576237410030828,0.9999847412109375,0.0,0.0
566,280,-109.81517,860.8712,-0.0019440841,39.155605,9.574087,7.8431025e-05,40.309112548828125,0.02425460855043676,0.004217386063438685,0.22413995971947517,0.9999847412109375,-0.011782690698717844,0.0
567,281,-107.855385,861.3492,-0.0019415665,39.23207,9.53309,8.037641e-05,40.373695373535156,0.021961393825283154,0.004212021510332721,0.22309067424998397,0.9999847412109375,-0.039979181171935295,0.0
568,282,-105.89242,861.8274,-0.0019378852,39.274292,9.621564,0.00010604805,40.43568420410156,0.017964211652696592,0.004202484844901851,0.22383051704556478,0.9999847412109375,-0.05165691765738123,0.0
569,283,-103.9274,862.3098,-0.0019342231,39.299786,9.764646,0.00012462946,40.49470901489258,0.0125240050061263,0.00418496103686967,0.22741882700882393,0.9999847412109375,0.0,0.0
570,284,-101.959404,862.793,-0.0019258356,39.382263,9.69318,9.172457e-05,40.5576171875,0.009484924164020166,0.0041800734600761285,0.2321299589771741,0.9999847412109375,0.0,0.0
571,285,-99.9876,863.27405,-0.0019191741,39.455936,9.659088,4.8363174e-05,40.62104034423828,0.008469151872074612,0.004181742357020957,0.23631491689315187,0.9999847412109375,0.0,0.0
572,286,-98.01243,863.7546,-0.0019144487,39.52089,9.660313,2.4017087e-05,40.68442153930664,0.007509251347412428,0.004183411253965785,0.24004547294813486,0.9999847412109375,0.0,0.0
573,287,-96.03423,864.23615,-0.0019102097,39.57887,9.688151,1.1677157e-05,40.74735641479492,0.006174789698998209,0.004184484320631572,0.24338449438860577,0.9999847412109375,0.0,0.0
574,288,-94.053345,864.7199,-0.0019061898,39.631462,9.735477,7.1188224e-06,40.80970764160156,0.004520080848907361,0.004183411253965785,0.24638371311873938,0.9999847412109375,0.0,0.0
575,289,-92.069984,865.2066,-0.0019028044,39.68001,9.79667,3.3424612e-06,40.871482849121094,0.0027094355946139666,0.004181146266667591,0.24908633892722223,0.9999847412109375,0.0,0.0
576,290,-90.084305,865.6968,-0.0019005298,39.72562,9.867405,-2.7655173e-07,40.93275833129883,0.0008949063253294085,0.0041768547802274155,0.25152842435731126,0.9999847412109375,0.0,0.0
577,291,-88.09644,866.1907,-0.0018998337,39.769154,9.944362,-5.054221e-06,40.99361038208008,-0.0008138619641096338,0.004170059818332835,0.2537399466160267,0.9999847412109375,0.0,0.0
578,292,-86.106476,866.6888,-0.0019009733,39.811295,10.025018,-8.282247e-06,41.05411148071289,-0.002349440453593579,0.004161000129214387,0.25574688816875357,0.9999847412109375,0.0,0.0
579,293,-84.11445,867.19116,-0.0019038295,39.852566,10.107446,-1.0585255e-05,41.114322662353516,-0.0036772923130327616,0.0041501519089615175,0.2575716861476759,0.9999847412109375,0.0,0.0
580,294,-82.1204,867.6978,-0.0019083451,39.89338,10.190202,-1.2916872e-05,41.174285888671875,-0.004785167846654375,0.004137992654035299,0.2592328994566401,0.9999847412109375,0.0,0.0
581,295,-80.12437,868.2085,-0.0019141816,39.93404,10.272208,-1.2654625e-05,41.234039306640625,-0.0056773257715336195,0.004124760332443293,0.2607482880511656,0.9999847412109375,0.0,0.0
582,296,-78.126305,868.7235,-0.0019209766,39.974773,10.3526745,-1.2034768e-05,41.29358673095703,-0.006367086054310093,0.004110932180572247,0.2621310512234052,0.9999847412109375,0.0,0.0
583,297,-76.12622,869.2426,-0.0019284867,40.015766,10.431032,-9.941557e-06,41.352970123291016,-0.00687415140571253,0.00409650767827351,0.2633954701747044,0.9999847412109375,0.0,0.0
584,298,-74.1241,869.7656,-0.0019364023,40.05712,10.506893,-8.983163e-06,41.41217041015625,-0.007219296042689498,0.004082083436049099,0.2645529132739664,0.9999847412109375,0.006110455725847939,0.0
585,299,-72.11974,870.2917,-0.0019452476,40.106865,10.551663,-3.9670867e-06,41.471656799316406,-0.007098389049348551,0.00406873200041615,0.26538957861992846,0.9999847412109375,0.05777915769521101,0.0
586,300,-70.11208,870.816,-0.0019768095,40.202374,10.386012,1.0995315e-05,41.52228546142578,-0.004404335290624394,0.0040314196571279185,0.26426843773527553,0.9999847412109375,0.06941258633670248,0.0
587,301,-68.099976,871.33246,-0.002040019,40.30704,10.162949,1.586358e-05,41.56853485107422,0.000821874463957652,0.00395154927141211,0.25934318761528297,0.9999847412109375,0.0,0.0
588,302,-66.0844,871.8461,-0.002080426,40.352123,10.225772,2.2982401e-06,41.62763595581055,0.00317859017170588,0.0038951633371878125,0.2528872024349833,0.9999847412109375,0.0,0.0
589,303,-64.06623,872.36176,-0.0020950842,40.40568,10.253895,-1.3160047e-06,41.686466217041016,0.002932840480260688,0.003869533272513377,0.24714114942227156,0.9999847412109375,0.0,0.0
590,304,-62.045025,872.8772,-0.0021024607,40.46801,10.242169,-2.8418074e-06,41.74400329589844,0.0027086116791517232,0.0038567779272337933,0.2420066081301124,0.9999847412109375,0.0,0.0
591,305,-60.02044,873.391,-0.002108941,40.536087,10.20096,-5.545339e-06,41.7999267578125,0.0030870484304979344,0.0038483140683943855,0.23740358385726262,0.9999847412109375,0.0,0.0
592,306,-57.99229,873.9019,-0.0021172904,40.607735,10.138658,-7.7863615e-06,41.854278564453125,0.004002517857442428,0.0038386580288482463,0.23326659613041992,0.9999847412109375,0.0,0.0
593,307,-55.960434,874.4091,-0.0021289492,40.68135,10.061789,-1.031824e-05,41.90718078613281,0.005241140556573372,0.0038248298769772,0.22954243166205313,0.9999847412109375,0.0,0.0
594,308,-53.924812,874.91187,-0.002144642,40.75576,9.975382,-1.3174352e-05,41.95879364013672,0.006601575307696969,0.0038056371720001907,0.22618475144919484,0.9999847412109375,0.0,0.0
595,309,-51.885414,875.41016,-0.0021646356,40.830116,9.883297,-1.728925e-05,42.00926208496094,0.0079347729948907,0.0037790534147752355,0.22315510610360706,0.9999847412109375,0.0,0.0
596,310,-49.84227,875.90344,-0.0021887207,40.90379,9.7885,-1.9310939e-05,42.0587043762207,0.009143795074624332,0.003744840377220449,0.22042060558582732,0.9999847412109375,0.0,0.0
597,311,-47.79543,876.3917,-0.0022163915,40.976322,9.693248,-2.1103757e-05,42.10721969604492,0.010173174455264512,0.003704428468124448,0.21795127268883543,0.9999847412109375,0.0,0.0
598,312,-45.74496,876.87524,-0.0022469806,41.04742,9.59925,-2.0507741e-05,42.154911041259766,0.010997359354508686,0.0036586520059224835,0.21572224014595273,0.9999847412109375,0.0,0.0
599,313,-43.690937,877.3539,-0.0022796488,41.11684,9.507778,-1.8829358e-05,42.201805114746094,0.011611144124663592,0.003607988227001303,0.21370942299407084,0.9999847412109375,0.0,0.0
600,315,-41.63346,877.82794,-0.0023136758,41.184452,9.41976,-1.5339085e-05,42.24797058105469,0.012022599392188933,0.003554820712551393,0.21189313048588,0.9999847412109375,0.0,0.0
601,316,-39.572636,878.2976,-0.0023484086,41.25016,9.335847,-1.3989702e-05,42.29342269897461,0.012247775904138936,0.003499388470877615,0.2102536718740704,0.9999847412109375,0.0,0.0
602,317,-37.508553,878.76294,-0.0023832703,41.313904,9.256471,-9.4695115e-06,42.338172912597656,0.012307134227825981,0.0034428834226123742,0.20877563411383324,0.9999847412109375,0.0,0.0
603,318,-35.441315,879.2245,-0.0024178124,41.375683,9.1818905,-7.0329966e-06,42.382240295410156,0.012223010586595801,0.003386497228313751,0.20744355422608923,0.9999847412109375,0.0,0.0
604,319,-33.37102,879.6823,-0.002451768,41.43552,9.11223,-4.9207133e-06,42.42564010620117,0.012017915973740675,0.0033304688962866075,0.20624296791716787,0.9999847412109375,0.0,0.0
605,320,-31.297766,880.1367,-0.0024848985,41.493416,9.047509,-2.6510818e-06,42.468353271484375,0.011713526023820326,0.0032751557686537722,0.2051617411593525,0.9999847412109375,0.0,0.0
606,321,-29.221659,880.58795,-0.002517147,41.549454,8.987663,-7.390606e-07,42.51041030883789,0.011329989214956884,0.0032207963335714566,0.20418915472925558,0.9999847412109375,0.0,0.0
607,322,-27.14279,881.03625,-0.002548437,41.603638,8.932565,-3.623781e-07,42.55177307128906,0.010885498266346952,0.003168105795433969,0.20331457262727357,0.9999847412109375,0.06066134684707648,0.0
608,323,-25.060644,881.47723,-0.0026057814,41.68856,8.65073,-2.2095528e-05,42.5766487121582,0.012811030313501493,0.003079652696912135,0.20093210871608866,0.9999847412109375,0.08679425311677251,0.0
609,324,-22.974577,881.9033,-0.002720251,41.7783,8.262479,-8.4844156e-05,42.58749771118164,0.017966851927246053,0.0029087066231791455,0.19451916687690743,0.9999847412109375,0.07923847457600966,0.0
610,325,-20.88459,882.3134,-0.0028547668,41.863575,7.9036384,-0.00015696218,42.603126525878906,0.023534025819083173,0.0027072429079781795,0.1840284593556241,0.9999847412109375,0.0,0.0
611,326,-18.791203,882.7135,-0.002944541,41.91659,7.8333926,-0.00013869545,42.64226531982422,0.025248283887415762,0.0025752780744782494,0.17230888608359415,0.9999847412109375,0.0,0.0
612,327,-16.694849,883.1085,-0.0029893254,41.974842,7.72083,-6.159951e-05,42.67901611328125,0.024181136513269596,0.002507686577878253,0.16179630735185857,0.9999847412109375,0.0,0.0
613,328,-14.595265,883.4958,-0.0030122804,42.038357,7.559981,-2.0398073e-05,42.71272277832031,0.023351268469871084,0.0024713276670662162,0.1523441827214357,0.9999847412109375,0.0,0.0
614,329,-12.492302,883.8736,-0.0030217932,42.104446,7.3656006,-1.3622556e-05,42.74384689331055,0.023344641776064913,0.0024571416529236903,0.14382952408423436,0.9999847412109375,0.0,0.0
615,330,-10.385907,884.24066,-0.003023014,42.17129,7.148953,-2.3521201e-05,42.772953033447266,0.024014383097733207,0.002457618629236113,0.13614999115298984,0.9999847412109375,0.0,0.0
616,331,-8.276086,884.59607,-0.0030201052,42.23771,6.918636,-3.8307182e-05,42.800601959228516,0.02506771116253538,0.002466082488075521,0.12922040438471163,0.9999847412109375,0.0,0.0
617,332,-6.1628976,884.93945,-0.0030164383,42.30289,6.6812363,-4.9641032e-05,42.82725143432617,0.02624544630094709,0.0024772880504512194,0.12296571257092993,0.9999847412109375,0.0,0.0
618,333,-4.0464253,885.27026,-0.0030143643,42.36637,6.4418283,-5.4108776e-05,42.85331344604492,0.0273609404518512,0.002486347999643993,0.11732193326645561,0.9999847412109375,0.0,0.0
619,334,-1.9267722,885.5891,-0.0030152176,42.42788,6.20434,-5.2325493e-05,42.879119873046875,0.028294971383385437,0.002490043395730803,0.11223155051412134,0.9999847412109375,0.0,0.0
620,335,0.19594955,885.8958,-0.0030195091,42.48724,5.97179,-4.4458073e-05,42.904869079589844,0.028980504418080057,0.0024873016921945126,0.10764398922035084,0.9999847412109375,0.0,0.0
621,336,2.321624,886.1907,-0.003027067,42.5444,5.7464814,-3.33817e-05,42.93073272705078,0.02938783490680768,0.002478361117117007,0.10351394235709914,0.9999847412109375,0.0,0.0
622,337,4.4501343,886.4743,-0.0030374478,42.599354,5.5301294,-1.887227e-05,42.95680618286133,0.029512647696364525,0.002463340524464905,0.09979988957849624,0.9999847412109375,0.0,0.0
623,338,6.5813646,886.7472,-0.00304986,42.652134,5.3239646,-4.515422e-06,42.98312759399414,0.029367284873927434,0.0024437902172907413,0.09646348136484496,0.9999847412109375,0.0,0.0
624,339,8.715206,887.0096,-0.0030636834,42.702816,5.1288257,9.850963e-06,43.00971221923828,0.028974495660870566,0.0024203060258735564,0.09347062093181392,0.9999847412109375,0.0,0.0
625,340,10.851549,887.26245,-0.0030782127,42.751465,4.945216,2.2848893e-05,43.036529541015625,0.02836297353734493,0.002394795335314389,0.0907882684371293,0.9999847412109375,0.0,0.0
626,341,12.990292,887.5064,-0.0030928801,42.798187,4.7733703,3.3214816e-05,43.06355667114258,0.027564283204051757,0.002367496373695126,0.08838771167528868,0.9999847412109375,0.0,0.0
627,342,15.131337,887.74164,-0.003107357,42.843056,4.613301,4.0896277e-05,43.09071731567383,0.02661074461753269,0.002339839809878708,0.086241187191928,0.9999847412109375,0.0,0.0
628,343,17.274591,887.9691,-0.0031214142,42.886192,4.464845,4.630811e-05,43.11798095703125,0.025533860060650924,0.0023115871557089253,0.08432371120707095,0.9999847412109375,0.0,0.0
629,344,19.419973,888.1895,-0.0031348467,42.92768,4.3276987,4.8992566e-05,43.1452751159668,0.024363394519777294,0.0022839305918925077,0.08261236389058603,0.9999847412109375,0.0,0.0
630,345,21.567396,888.4032,-0.0031476973,42.967617,4.201451,5.0551746e-05,43.172542572021484,0.023126724458679974,0.002256751004388512,0.0810858233089958,0.9999847412109375,0.0,0.0
631,346,23.71679,888.61066,-0.0031599617,43.006104,4.0856147,4.8897204e-05,43.199737548828125,0.02184847163387459,0.00223064422347598,0.07972602157877975,0.9999847412109375,0.0,0.0
632,347,25.868069,888.8126,-0.0031717585,43.04318,3.979648,4.7318954e-05,43.22676086425781,0.02055024510089361,0.002205133272842487,0.07851480759263331,0.9999847412109375,0.0,0.0
633,348,28.021175,889.0095,-0.0031831693,43.07897,3.882974,4.3328026e-05,43.25361633300781,0.019250724438070424,0.002179980184480474,0.07743677662812604,0.9999847412109375,0.0,0.0
634,349,30.176046,889.2017,-0.003194394,43.11354,3.7950006,4.004755e-05,43.280242919921875,0.01796570968080976,0.0021549462101594042,0.0764780219909407,0.9999847412109375,0.0,0.0
635,351,32.332615,889.3896,-0.0032055092,43.146935,3.7151303,3.5765766e-05,43.306583404541016,0.016708162933479744,0.002131104416545065,0.07562581044211535,0.9999847412109375,0.0,0.0
636,352,34.490826,889.57367,-0.003216586,43.179256,3.6427743,3.008692e-05,43.332645416259766,0.015488521498899418,0.0021071432488154575,0.07486894838269323,0.9999847412109375,-1.2287962031953096e-05,0.0
637,353,36.650635,889.7543,-0.0032278155,43.210556,3.5774183,2.673969e-05,43.35839080810547,0.014314269275850833,0.0020831822111230126,0.07419728251101844,0.9999847412109375,-2.4206936359405477e-05,0.0
638,354,38.811977,889.93176,-0.00323925,43.24086,3.518505,2.1756992e-05,43.38377380371094,0.013191103972650532,0.002059101929352462,0.07360340591030917,0.9999847412109375,-7.751584053039543e-05,0.0
639,355,40.974823,890.1064,-0.0032508373,43.270237,3.4657087,1.7184351e-05,43.40880584716797,0.012121035443683686,0.0020352601357381227,0.07308036939459601,0.9999847412109375,-0.00019086734104303656,0.0
640,356,43.13911,890.2785,-0.003262701,43.29873,3.418816,1.4180428e-05,43.43349075317383,0.011102228604511662,0.0020112989680085153,0.07262656674484652,0.9999847412109375,-0.00019086734104303656,0.0
641,357,45.3048,890.4484,-0.0032747793,43.32637,3.3768125,1.0852271e-05,43.457763671875,0.010140135653288017,0.001987218686237965,0.07223826121315614,0.9999847412109375,-3.426255267343387e-06,0.0
642,358,47.47186,890.6164,-0.0032872057,43.353275,3.3384311,8.816278e-06,43.481624603271484,0.009249067959980024,0.00196325764854552,0.07190110501915212,0.9999847412109375,0.0,0.0
643,359,49.64024,890.7824,-0.003299918,43.379448,3.3042703,5.59302e-06,43.50511169433594,0.008424800357100434,0.00193870052049971,0.07160496982831371,0.9999847412109375,0.0,0.0
644,360,51.809906,890.94696,-0.0033128832,43.404907,3.2739284,2.9228656e-06,43.52820587158203,0.0076586250360928,0.0019142626365320052,0.07134451267370397,0.9999847412109375,0.0,0.0
645,361,53.980827,891.1099,-0.0033261012,43.429653,3.2470226,1.2683233e-06,43.550865173339844,0.006947117858391498,0.001889705508486195,0.07111655440677159,0.9999847412109375,0.0,0.0
646,362,56.15297,891.27155,-0.0033394909,43.45377,3.2232068,6.198573e-07,43.57314682006836,0.006288391724692853,0.0018646716642022876,0.07091735827961207,0.9999847412109375,0.0,0.0
647,363,58.3263,891.4322,-0.0033530567,43.477283,3.2021675,-1.7356004e-06,43.59504699707031,0.0056805949058014215,0.0018402336501974204,0.07074370353178208,0.9999847412109375,-0.002242886357837253,0.0
648,364,60.50078,891.59216,-0.0033663749,43.49946,3.194533,-1.7975862e-06,43.616600036621094,0.0050001380017861115,0.0018156766521887726,0.0706765918723121,0.9999847412109375,-0.01739802634642448,0.0
649,366,62.67621,891.7532,-0.0033789347,43.514618,3.2609732,2.9562423e-07,43.636634826660156,0.003482515628881417,0.0017890928949638176,0.07132001159167524,0.9999847412109375,-0.024899767596780517,0.0
650,367,64.852356,891.91754,-0.0033913183,43.52574,3.3599026,5.626397e-07,43.65523147583008,0.0011253851676030714,0.0017577409350605898,0.07329766669478967,0.9999847412109375,0.0,0.0
651,368,67.02938,892.08344,-0.0034040117,43.5475,3.3436391,-2.3697621e-06,43.67567443847656,-7.82969360483296e-05,0.0017316340241108946,0.0757754800953778,0.9999847412109375,0.0,0.0
652,369,69.20743,892.24927,-0.0034171152,43.567356,3.3466628,-5.6359336e-06,43.69570541381836,-0.0003451456447649786,0.0017092226392851721,0.07799604045704268,0.9999847412109375,0.0,0.0
653,370,71.38641,892.4158,-0.0034297083,43.58566,3.3643858,-6.847039e-06,43.71531677246094,-0.0005779059565471947,0.0016878841910880748,0.07998860093988315,0.9999847412109375,-0.042847818890471526,0.0
654,371,73.56577,892.5874,-0.0034461545,43.580162,3.572816,-9.588715e-06,43.72637176513672,-0.0029092369147282345,0.0016494989111712184,0.08306721516001475,0.9999847412109375,-0.1631700996263528,0.0
655,372,75.74341,892.77386,-0.0035162591,43.49554,4.088453,-4.3943113e-05,43.68727111816406,-0.009814811800783424,0.001497268566102816,0.09035630370831844,0.9999847412109375,-0.03789759013387891,0.0
656,373,77.91832,892.9781,-0.0036148166,43.478832,4.331801,-0.00011762984,43.694087982177734,-0.017079916294816887,0.001294970402429436,0.10246518951982594,0.9999847412109375,0.0,0.0
657,374,80.09349,893.1888,-0.003654704,43.491203,4.397121,-0.00010509443,43.712921142578125,-0.018807774169762995,0.0012261867251227088,0.11441427734355028,0.9999847412109375,0.0,0.0
658,375,82.269005,893.4056,-0.003666005,43.49386,4.5288677,-6.36212e-05,43.72901153564453,-0.018741195142511012,0.0012149810327098476,0.12514365403277514,0.9999847412109375,0.0,0.0
659,376,84.444374,893.631,-0.0036573315,43.488235,4.7086353,-4.426258e-05,43.74240493774414,-0.019085806106972664,0.001230358967484779,0.1347976213066908,0.9999847412109375,0.0,0.0
660,377,86.61925,893.86694,-0.0036340426,43.475925,4.921441,-4.43341e-05,43.75358963012695,-0.020158529474651184,0.001265048851314825,0.14349446512958877,0.9999847412109375,0.0,0.0
661,378,88.793335,894.11444,-0.0036020088,43.458275,5.1559076,-5.3307725e-05,43.763057708740234,-0.02174364711665555,0.0013097523768881645,0.15133326341639844,0.9999847412109375,0.0,0.0
662,379,90.96639,894.3747,-0.0035669373,43.436615,5.4033885,-6.41743e-05,43.77140808105469,-0.023547670358480623,0.0013582705426264197,0.15839862978837865,0.9999847412109375,0.0,0.0
663,380,93.13822,894.64777,-0.0035334777,43.412025,5.6572604,-7.084015e-05,43.779090881347656,-0.0253314556566157,0.0014045237210664812,0.16476574861205373,0.9999847412109375,0.0,0.0
664,381,95.30874,894.9342,-0.003504858,43.385582,5.912424,-7.1316965e-05,43.786590576171875,-0.02692988910407046,0.0014445780279653284,0.1704990018067763,0.9999847412109375,0.0,0.0
665,382,97.47784,895.23364,-0.0034828377,43.35807,6.1649265,-6.5962355e-05,43.79416275024414,-0.0282454823601912,0.0014753340275523532,0.1756570288507986,0.9999847412109375,0.0,0.0
666,383,99.645515,895.5459,-0.003468027,43.330227,6.411737,-5.513392e-05,43.80204391479492,-0.029228188802430437,0.0014961957595113534,0.18029141184548403,0.9999847412109375,0.0,0.0
667,384,101.81175,895.8706,-0.00346004,43.302685,6.6505337,-4.024781e-05,43.8104133605957,-0.029862560015871117,0.001507282207846109,0.1844502541380222,0.9999847412109375,0.0,0.0
668,385,103.97659,896.20734,-0.0034581614,43.275963,6.8795915,-2.2591415e-05,43.819374084472656,-0.030156036206808644,0.001510620001735765,0.18817603314779988,0.9999847412109375,0.0,0.0
669,386,106.140076,896.55536,-0.0034612273,43.250423,7.09768,-4.687075e-06,43.828941345214844,-0.030130469860343883,0.0015068053615708492,0.19150926221289988,0.9999847412109375,0.0,0.0
670,387,108.30229,896.9143,-0.003468175,43.226376,7.303968,1.2492508e-05,43.839107513427734,-0.029817816828963183,0.0014978646564561813,0.19448665966685164,0.9999847412109375,0.0,0.0
671,389,110.46331,897.2833,-0.0034778833,43.204063,7.4979625,2.7626564e-05,43.8498649597168,-0.029252163494024954,0.0014851093111765978,0.1971423805506355,0.9999847412109375,0.0026308003767037094,0.0
672,390,112.6233,897.6617,-0.0034894513,43.186375,7.6678405,4.1888048e-05,43.861812591552734,-0.028340825607810635,0.0014711617851902834,0.199417802030756,0.9999847412109375,0.09131597736735404,0.0
673,391,114.78328,898.0423,-0.0035322332,43.21951,7.5056515,0.00012244089,43.866397857666016,-0.023956729821322194,0.0014306306320161766,0.19920528177576766,0.9999847412109375,0.12377552862888502,0.0
674,392,116.94454,898.41284,-0.0036473798,43.26392,7.1612415,0.00023286132,43.852596282958984,-0.014421017302779076,0.0012954472487046959,0.1926666387331347,0.9999847412109375,0.0,0.0
675,393,119.10654,898.7791,-0.0037171983,43.2602,7.2592664,0.00019181722,43.86503982543945,-0.008431035378972853,0.0011994838538568109,0.1826574473816945,0.9999847412109375,0.0,0.0
676,394,121.26852,899.1502,-0.0037290668,43.261234,7.3451934,0.00010358769,43.88036346435547,-0.007475492139555121,0.0011733769429071155,0.17361648153406625,0.9999847412109375,0.0,0.0
677,395,123.431046,899.52295,-0.0037262486,43.275215,7.358805,4.883522e-05,43.896427154541016,-0.006824082936921739,0.0011765956227558286,0.16551459622107037,0.9999847412109375,0.0,0.0
678,396,125.59464,899.89435,-0.0037176178,43.297943,7.31649,2.2491284e-05,43.91176223754883,-0.005285840571143321,0.0011962651740080978,0.1582548190895144,0.9999847412109375,0.0,0.0
679,397,127.75963,900.26215,-0.0037061977,43.326176,7.2331824,1.113836e-05,43.92580795288086,-0.002893790580405775,0.0012266635713979687,0.15174175903810297,0.9999847412109375,0.0,0.0
680,398,129.92622,900.6247,-0.003694086,43.357807,7.120821,1.3589179e-06,43.938655853271484,5.181911847428151e-06,0.0012601612745212843,0.1458977516315467,0.9999847412109375,0.0,0.0
681,399,132.09451,900.98047,-0.0036835575,43.39131,6.9885845,-9.9606295e-06,43.950496673583984,0.003069266108586501,0.0012916326085397802,0.14065393751091024,0.9999847412109375,0.05697509977552626,0.0
682,400,134.26483,901.32465,-0.0037011814,43.44,6.630522,-3.4168443e-05,43.943115234375,0.008266476470592525,0.0012845992885261515,0.13447431355035516,0.9999847412109375,0.06552673326690257,0.0
683,402,136.43733,901.65094,-0.0037555504,43.486675,6.222924,-9.761799e-05,43.92966842651367,0.015524787303103032,0.0012222528408796876,0.12546218474390544,0.9999847412109375,0.0,0.0
684,403,138.6118,901.96387,-0.0037887096,43.519783,6.0654235,-0.00012981243,43.940425872802734,0.019890172302339068,0.0011876820710905842,0.11557009757902308,0.9999847412109375,0.0,0.0
685,404,140.78812,902.2678,-0.0037965202,43.554222,5.8813105,-0.000107297295,43.94951629638672,0.02156680073670668,0.0011876820710905842,0.1066777943768701,0.9999847412109375,0.0,0.0
686,405,142.96628,902.561,-0.0037970303,43.589607,5.6694846,-8.286061e-05,43.95676040649414,0.022770532904665682,0.0011967420202833577,0.0986792397141693,0.9999847412109375,0.0,0.0
687,406,145.1463,902.84265,-0.0037955379,43.624805,5.4398203,-7.0277514e-05,43.9626579284668,0.024032007814603566,0.0012069940201456994,0.09148497634542924,0.9999847412109375,0.0,0.0
688,407,147.32814,903.1122,-0.003794131,43.659214,5.1999655,-6.4422245e-05,43.96779251098633,0.025357685712758378,0.00121653068557657,0.08501719003254918,0.9999847412109375,0.0,0.0
689,408,149.51172,903.369,-0.0037939548,43.69237,4.9558463,-6.065542e-05,43.9725341796875,0.026631192701277454,0.0012234448915492556,0.07920775378589351,0.9999847412109375,0.0,0.0
690,409,151.69696,903.6134,-0.0037955807,43.724087,4.71206,-5.550107e-05,43.977256774902344,0.02773999357934814,0.0012266635713979687,0.07399596417736526,0.9999847412109375,0.0,0.0
691,410,153.88379,903.8452,-0.0037991095,43.754272,4.472178,-4.7132995e-05,43.98223114013672,0.02860665485768178,0.0012255906347693436,0.06932741781932114,0.9999847412109375,0.0,0.0
692,412,156.07213,904.065,-0.0038042543,43.78291,4.2389407,-3.5846824e-05,43.987632751464844,0.02918924215208263,0.0012208223020539082,0.06515213466824092,0.9999847412109375,0.0,0.0
693,413,158.26189,904.27295,-0.0038105773,43.810043,4.014423,-2.2381615e-05,43.99358367919922,0.029473863332395645,0.0012133121357650197,0.06142422512959119,0.9999847412109375,0.0,0.0
694,414,160.45299,904.46985,-0.0038175106,43.835693,3.800146,-7.3429246e-06,44.00010299682617,0.029466654072101015,0.0012027024036683613,0.058102730618044364,0.9999847412109375,0.0,0.0
695,415,162.64532,904.65594,-0.0038244484,43.860012,3.5971744,7.648086e-06,44.00727462768555,0.02918688899958819,0.0011909007509392972,0.05514767875011404,0.9999847412109375,0.0,0.0
696,416,164.83888,904.83203,-0.0038309097,43.88309,3.4061863,2.0946409e-05,44.01508712768555,0.028662146396301703,0.0011787413659759163,0.05252446923757519,0.9999847412109375,0.0,0.0
697,417,167.03358,904.9987,-0.0038366318,43.90494,3.2275455,3.238039e-05,44.023414611816406,0.027924421646025332,0.0011664628669715924,0.050199533767125215,0.9999847412109375,0.0,0.0
698,418,169.22934,905.15656,-0.0038412618,43.925743,3.061351,4.1587653e-05,44.032291412353516,0.027007607634819537,0.0011547803282834716,0.048141967186551594,0.9999847412109375,0.0,0.0
699,419,171.42615,905.3064,-0.0038448095,43.945545,2.9074938,4.8696944e-05,44.041622161865234,0.025945547314474345,0.0011441707262239756,0.04632462189749232,0.9999847412109375,0.0,0.0
700,420,173.62392,905.44867,-0.0038472032,43.964443,2.7656908,5.2592506e-05,44.05134963989258,0.024770801990505173,0.0011345146866778369,0.04472193571467183,0.9999847412109375,0.0,0.0
701,421,175.82263,905.58405,-0.0038486146,43.98253,2.63553,5.4814456e-05,44.06142044067383,0.023513796197771577,0.0011259317137974857,0.04330939923368301,0.9999847412109375,0.0,0.0
702,422,178.0222,905.7132,-0.0038491774,43.99979,2.5165024,5.4628497e-05,44.07169723510742,0.022202203925069764,0.0011186599056276457,0.04206729257889165,0.9999847412109375,0.0,0.0
703,423,180.22263,905.83655,-0.0038490437,44.016346,2.4080293,5.3288655e-05,44.0821647644043,0.020860713507942608,0.0011121034318892769,0.04097485973855194,0.9999847412109375,0.0,0.0
704,424,182.42386,905.95465,-0.0038484859,44.03228,2.3094845,4.965534e-05,44.092803955078125,0.019510777957327457,0.001106381406623322,0.04001665853953063,0.9999847412109375,-0.0006572082638740537,0.0
705,425,184.62587,906.0681,-0.0038474607,44.04751,2.2233307,4.6346253e-05,44.10358428955078,0.01813624977852111,0.0011008977394764156,0.03919907224606551,0.9999847412109375,-0.01678368044488224,0.0
706,426,186.82858,906.1789,-0.0038437985,44.059063,2.2233963,5.4719094e-05,44.11512756347656,0.015901160624753084,0.001098275149981068,0.03911543234308021,0.9999847412109375,-0.02551646146601365,0.0
707,427,189.03181,906.2902,-0.003836894,44.067364,2.2684114,6.5852684e-05,44.125709533691406,0.012705636753658907,0.0010956525604857205,0.04046620013153601,0.9999847412109375,-0.026874579857161015,0.0
708,428,191.23549,906.40326,-0.0038270045,44.074512,2.3273532,6.696366e-05,44.13591766357422,0.009222901361972694,0.0010956525604857205,0.043396746756248404,0.9999847412109375,0.0,0.0
709,429,193.4397,906.51587,-0.0038175343,44.088085,2.2736638,4.642731e-05,44.14667510986328,0.0072745431114437315,0.0010993479565725307,0.04679974231953006,0.9999847412109375,0.0,0.0
710,430,195.64455,906.62683,-0.0038116788,44.1002,2.251178,2.5924339e-05,44.15761947631836,0.006322095796793217,0.0011025666364212435,0.04985491656087976,0.9999847412109375,0.0,0.0
711,431,197.84996,906.73755,-0.003807993,44.11095,2.2530615,1.3961093e-05,44.168453216552734,0.00533265446982852,0.001103162726774609,0.05259743569025416,0.9999847412109375,-0.031567847862103836,0.0
712,432,200.05556,906.852,-0.0038067626,44.10828,2.4136863,1.1739144e-05,44.17427062988281,0.0025831154142682434,0.0010930299709903729,0.05608830308594082,0.9999847412109375,-0.07745332224869433,0.0
713,433,202.26045,906.9775,-0.0038220738,44.07712,2.7544627,2.7750534e-06,44.16310119628906,-0.0032495891621146865,0.001039147317164736,0.062424512596214156,0.9999847412109375,-0.09702500038676794,0.0
714,434,204.46344,907.1197,-0.0038630627,44.025337,3.178878,-5.3255277e-05,44.13995361328125,-0.011347728364530333,0.0009273290112294972,0.07315172546705333,0.9999847412109375,0.0,0.0
715,435,206.66539,907.2735,-0.0038840484,44.02801,3.2653902,-9.3927454e-05,44.1489372253418,-0.01590119807545591,0.0008697509613170499,0.08569736969733383,0.9999847412109375,0.0,0.0
716,436,208.86743,907.43304,-0.003882904,44.02728,3.3849993,-7.255668e-05,44.1572151184082,-0.016825848646228724,0.0008723735508123975,0.09697480829414018,0.9999847412109375,0.0,0.0
717,438,211.06927,907.6008,-0.0038707494,44.019226,3.558391,-5.5296037e-05,44.16281509399414,-0.01758325270054456,0.0008921622811241911,0.10712040342766285,0.9999847412109375,0.0,0.0
718,439,213.27054,907.7788,-0.003849697,44.00504,3.769208,-5.209662e-05,44.166168212890625,-0.018924955338321083,0.0009213685628259124,0.11625771745010313,0.9999847412109375,0.0,0.0
719,440,215.47092,907.9686,-0.0038225984,43.98583,4.0049853,-6.111316e-05,44.167781829833984,-0.020763603835506392,0.0009571313182660026,0.12448905735921208,0.9999847412109375,0.0,0.0
720,441,217.67021,908.1711,-0.003793292,43.962696,4.2562375,-7.080201e-05,44.16824722290039,-0.022829145335188043,0.0009949207028852375,0.1319043547760503,0.9999847412109375,0.0,0.0
721,442,219.86826,908.3868,-0.0037653588,43.936634,4.5156956,-7.881724e-05,44.1680793762207,-0.02487605511021215,0.0010311603046005875,0.13858094124077097,0.9999847412109375,0.0,0.0
722,443,222.06488,908.61597,-0.003741455,43.90857,4.7777433,-8.144925e-05,44.16773986816406,-0.0267296173095019,0.001061558636971877,0.14458689380873926,0.9999847412109375,0.0,0.0
723,444,224.26004,908.8586,-0.0037232446,43.879257,5.0380235,-7.644271e-05,44.16753005981445,-0.02828117287998746,0.001084923714348119,0.14998304074372826,0.9999847412109375,0.0,0.0
724,445,226.45367,909.11456,-0.0037111663,43.849476,5.293163,-6.5313885e-05,44.16779327392578,-0.02947533015158979,0.0011004208932011558,0.1548246509607355,0.9999847412109375,0.0,0.0
725,446,228.64578,909.3834,-0.003704996,43.81975,5.5405655,-5.0623268e-05,44.168636322021484,-0.030292928928622523,0.0011084079057653042,0.15916082649235933,0.9999847412109375,0.0,0.0
726,447,230.83636,909.6647,-0.0037040233,43.790596,5.7782764,-3.1660402e-05,44.17018127441406,-0.03074033583056663,0.0011094808423939293,0.1630378730520535,0.9999847412109375,0.0,0.0
727,448,233.02547,909.9577,-0.0037072133,43.762512,6.004875,-1.3431831e-05,44.172569274902344,-0.030839938055335595,0.0011047123796413315,0.16649838457250246,0.9999847412109375,0.07018540091352699,0.0
728,450,235.21396,910.2566,-0.003732953,43.7754,5.944764,7.278078e-05,44.177207946777344,-0.027800744861120972,0.0010870694575682068,0.1677357391492237,0.9999847412109375,0.09828376770019531,0.0
729,451,237.40286,910.5511,-0.0038032911,43.799023,5.730776,0.00020455768,44.17234802246094,-0.020370517097421492,0.0010184048943024226,0.16363495376844928,0.9999847412109375,0.0,0.0
730,452,239.59167,910.8461,-0.003841772,43.781673,5.898568,0.00019386274,44.1772346496582,-0.015959260188706144,0.0009694098822889077,0.15672190356606477,0.9999847412109375,0.0,0.0
731,453,241.7798,911.149,-0.0038476086,43.77057,6.036137,0.00011378673,44.184810638427734,-0.015350459482919429,0.000951290048921942,0.15045706677300555,0.9999847412109375,0.0,0.0
732,454,243.96774,911.45654,-0.003847866,43.769535,6.112251,6.3764244e-05,44.194252014160156,-0.014821023058211676,0.0009480714340918104,0.14481699092692213,0.9999847412109375,0.0,0.0
733,455,246.15587,911.7663,-0.0038468074,43.775936,6.1391153,4.4391316e-05,44.204315185546875,-0.01346440775862801,0.000954508728770655,0.1397548543268995,0.9999847412109375,0.0,0.0
734,456,248.34456,912.076,-0.0038446188,43.787548,6.1277685,4.0572042e-05,44.214237213134766,-0.011316835695885414,0.0009683370106788638,0.13521683615178287,0.9999847412109375,0.0,0.0
735,458,250.53397,912.3841,-0.0038419485,43.802567,6.0878816,3.8907965e-05,44.223602294921875,-0.008668057236138555,0.0009853839074172044,0.13114909061328223,0.9999847412109375,0.056051721382472254,0.0
736,459,252.7245,912.6848,-0.0038621472,43.83583,5.807269,4.3761924e-05,44.21882629394531,-0.003504186582103286,0.000977396894853056,0.12597776440856637,0.9999847412109375,0.07534588378980572,0.0
737,460,254.91647,912.9705,-0.0039182613,43.868446,5.4293647,1.8190429e-05,44.20315170288086,0.004471121337039237,0.0009187459733305649,0.11747585565508378,0.9999847412109375,0.0,0.0
738,460,257.1097,913.2456,-0.003947725,43.88784,5.33929,-2.8875815e-05,44.211429595947266,0.009574390772187316,0.0008901357169636277,0.1076828630498876,0.9999847412109375,0.0,0.0
739,460,259.3041,913.5149,-0.0039485074,43.90955,5.217693,-4.2765387e-05,44.218467712402344,0.011659122636177051,0.0008990764220782956,0.09889548007230532,0.9999847412109375,0.0,0.0
740,460,261.49973,913.7765,-0.003943257,43.933487,5.058505,-4.7142534e-05,44.22374725341797,0.013302502128513404,0.0009162425628947416,0.09100451711764374,0.9999847412109375,0.0,0.0
741,460,263.6967,914.02875,-0.0039375494,43.95824,4.8735166,-5.2220592e-05,44.22757339477539,0.015105252046442285,0.0009347199984588615,0.08391677187012844,0.9999847412109375,0.0,0.0
742,460,265.89493,914.271,-0.003933072,43.982986,4.671871,-5.8395326e-05,44.230411529541016,0.017052940345509523,0.000951290048921942,0.0775528821292751,0.9999847412109375,-0.012255823262679722,0.0
743,460,268.09442,914.5036,-0.0039279554,44.004234,4.5160146,-5.3364944e-05,44.23535919189453,0.018375905148303815,0.00096726413906882,0.07226436851421733,0.9999847412109375,-0.18188642719645556,0.0
744,460,270.294,914.73413,-0.0039492175,43.96908,4.732779,9.250178e-06,44.22306442260742,0.015547255644205974,0.0009284018828395411,0.07058177501512686,0.9999847412109375,-0.36115431677504084,0.0
745,460,272.48917,914.9798,-0.0041310024,43.81414,5.3122654,0.0001077169,44.135009765625,0.004665022350937623,0.0005869865166302405,0.07836779277808252,0.9999847412109375,0.0,0.0
746,460,274.67938,915.24146,-0.004353833,43.78882,5.414952,5.411354e-05,44.12235641479492,-0.0053295169331692704,0.00016462802313225053,0.09484373846748037,0.9999847412109375,0.0,0.0
747,460,276.8706,915.4983,-0.004438424,43.8142,5.27525,1.1710535e-05,44.13063049316406,-0.005332713246626016,2.2888182337046298e-05,0.1107385740846445,0.9999847412109375,0.0,0.0
748,460,279.0628,915.7526,-0.0044598533,43.82708,5.260248,-4.7299877e-06,44.141624450683594,-0.0036639772878053413,-3.6954877731689336e-06,0.12500249817262254,0.9999847412109375,0.0,0.0
749,460,281.25528,916.0098,-0.0044315527,43.826714,5.3426957,-1.8567109e-05,44.151161193847656,-0.0035526563740170534,4.482268837821833e-05,0.1378022495827886,0.9999847412109375,0.0,0.0
750,460,283.44733,916.2738,-0.0043627215,43.814564,5.4953756,-2.8832901e-05,44.157840728759766,-0.005282113185914511,0.00015127658749930153,0.1493134887561687,0.9999847412109375,0.0,0.0
751,460,285.63855,916.5475,-0.004265919,43.79271,5.6971135,-4.185467e-05,44.1617317199707,-0.008297877844617541,0.00029671190565454253,0.1596838713304509,0.9999847412109375,0.0,0.0
752,460,287.8284,916.83276,-0.0041553928,43.763145,5.932266,-5.83095e-05,44.163387298583984,-0.011970375427390859,0.00046062465937390343,0.16903799163275884,0.9999847412109375,0.0,0.0
753,460,290.01657,917.1309,-0.004044037,43.72752,6.1891837,-7.678601e-05,44.16335678100586,-0.015804260052074328,0.0006247758362308941,0.17748022893306684,0.9999847412109375,0.0,0.0
754,460,292.20273,917.44293,-0.003941679,43.68735,6.4590855,-9.347448e-05,44.16225051879883,-0.019465046487983754,0.000774502705844892,0.18510006544400154,0.9999847412109375,0.4386651078124105,0.0
755,460,294.3877,917.7623,-0.0038902997,43.699017,6.34832,-4.212169e-05,44.15773010253906,-0.0190969934641456,0.0008686780246884248,0.18965407090803704,0.9999847412109375,0.47674444437394914,0.0
756,460,296.5723,918.07056,-0.004050717,43.701366,5.8278556,0.00010551401,44.0882453918457,-0.009988983576371907,0.0006616115282996096,0.18492271556015907,0.9999847412109375,0.0,0.0
757,460,298.7558,918.36676,-0.00427721,43.68934,5.8384814,0.00011438275,44.077728271484375,-0.0014865762604079056,0.00032436846947096016,0.1715781146804764,0.9999847412109375,0.0,0.0
758,460,300.93817,918.67285,-0.0043474864,43.664295,6.059187,5.7417856e-05,44.082698822021484,-0.002685531903310229,0.00019550321803344514,0.15874910178783308,0.9999847412109375,0.0,0.0
759,460,303.12012,918.9859,-0.004357934,43.659794,6.166968,1.51149825e-05,44.09318542480469,-0.005168661483179834,0.0001629590936781319,0.14718350916108014,0.9999847412109375,0.0,0.0
760,460,305.30243,919.30133,-0.0043342635,43.66968,6.182251,-4.9016408e-06,44.10511779785156,-0.005992112452678286,0.00019705295217339414,0.13680782523175303,0.9999847412109375,0.0,0.0
761,460,307.4856,919.6148,-0.004285989,43.688778,6.1256866,-4.5487986e-06,44.11613464355469,-0.004860801101463975,0.00028336047002159356,0.12750589456443223,0.9999847412109375,0.0,0.0
762,460,309.67,919.9235,-0.0042217635,43.713264,6.0167546,2.2028776e-06,44.125396728515625,-0.002289253273032113,0.00040268894224572063,0.119156335270059,0.9999847412109375,-0.150431273183153,0.0
763,460,311.85458,920.232,-0.0041737175,43.67071,6.2507463,9.774673e-07,44.11579132080078,-0.0025459817420414267,0.0004804134221949877,0.1139711273381611,0.9999847412109375,-0.5,0.0
764,460,314.0344,920.55615,-0.0042955778,43.500946,6.8237677,-3.80497e-05,44.03289794921875,-0.010370349284768553,0.00023710725907224116,0.11790037185522081,0.9999847412109375,-0.5,0.0
765,460,316.20297,920.9065,-0.004733729,43.185238,7.5903497,-0.00021660197,43.84721374511719,-0.023647268422060386,-0.0005695819526761645,0.1348684613916869,0.9999847412109375,-0.5,0.0
766,460,318.3534,921.2891,-0.005526652,42.71631,8.456637,-0.0005622487,43.545352935791016,-0.03911917325217393,-0.0019848345848988286,0.16689308169080902,0.9999847412109375,0.0,0.0
767,460,320.48438,921.7065,-0.0063595246,42.367214,9.248027,-0.000931984,43.364810943603516,-0.053089587859700804,-0.003449797498547897,0.21213762531870609,0.9999847412109375,0.0,0.0
768,460,322.6066,922.1521,-0.006686959,42.26992,9.6256275,-0.00093625154,43.35203552246094,-0.05976241260938175,-0.003991722952426225,0.2616995691925419,0.9999847412109375,0.0,0.0
769,460,324.72617,922.6162,-0.0066242265,42.18491,9.991901,-0.00054070627,43.35210418701172,-0.05928356792300709,-0.003822803377835218,0.30739819843105426,0.9999847412109375,-0.49055071377459875,0.0
770,460,326.83734,923.1102,-0.0063668727,41.891182,10.760349,-0.00045504677,43.25108337402344,-0.06227111451742559,-0.0034004447543000654,0.3510759711001441,0.9999847412109375,-0.5,0.0
771,460,328.9292,923.64795,-0.006100349,41.365906,11.736718,-0.0007753891,42.99870681762695,-0.07149098653365832,-0.0030391214137008658,0.3972938002379242,0.9999847412109375,-0.05794064535035029,0.0
772,460,330.9968,924.2325,-0.0045338725,40.91102,12.617813,0.015741846,42.812625885009766,-0.07975425108633459,-0.001593112846909758,0.44578829921258584,0.9999847412109375,0.0,0.0
773,499,333.04623,924.8586,-0.0029270363,40.5512,13.39019,0.005280359,42.70476531982422,-0.08509815845206599,0.00017738341717577014,0.4932513558970598,0.9999847412109375,0.0,0.0
774,500,335.07623,925.5265,-0.0018514156,40.108387,14.228416,0.0030236226,42.55738067626953,-0.08984017476668268,0.0016325711934924022,0.5393142556384246,0.9999847412109375,0.0,0.0
775,501,337.08264,926.2387,-0.0007508373,39.58981,15.105897,0.0034017253,42.37382507324219,-0.09438887055329483,0.003104686671233205,0.5841783667046038,0.9999847412109375,0.0,0.0
776,502,339.06226,926.9962,0.00027376175,39.009495,15.985139,-0.00015227258,42.15762710571289,-0.09863873469846487,0.004482150048873797,0.6285581486370385,0.9999847412109375,-0.22856018278333878,0.0
777,502,341.01022,927.79694,0.0007889366,38.231987,16.864027,0.00084780913,41.78612518310547,-0.10116927868863657,0.005340098837313133,0.6756094806169862,0.9999847412109375,-0.5,0.0
778,503,342.9165,928.6396,0.0014021682,37.25664,17.70196,0.0071261134,41.248233795166016,-0.10322952507505709,0.0059602257799624405,0.7275971814144775,0.9999847412109375,-0.5,0.0
779,504,344.7742,929.5201,0.0021269321,36.160416,18.424797,0.011751197,40.5838508605957,-0.10476350586294272,0.006311773966974558,0.7853985628716118,0.9999847412109375,-0.5,0.0
780,505,346.57913,930.4322,0.0027897167,34.992302,19.016024,0.013950217,39.82550048828125,-0.10540211524758691,0.006310700900308771,0.8492903940046755,0.9999847412109375,-0.5,0.0
781,506,348.32217,931.3698,0.009207072,33.34997,19.281948,0.3224016,38.524253845214844,-0.09787812756875984,0.010601519989765837,0.9157664900805249,0.9999847412109375,-0.5,0.0
782,508,349.991,932.3226,0.02987114,32.30892,19.653181,0.16177379,37.81719207763672,-0.08479776220348346,0.02615320521987867,0.9783609622885566,0.9999847412109375,-0.5,0.0
783,508,351.61667,933.28613,0.040340614,31.238817,19.83546,0.107613005,37.00433349609375,-0.08478976439783482,0.03215598904226869,1.0553132017234779,0.9999847412109375,-0.5,0.0
784,508,353.19754,934.2605,0.042971883,30.146551,20.062195,0.01718298,36.21196746826172,-0.08813788219790403,0.03183007013970803,1.1436926659217659,0.9999847412109375,-0.5,0.0
785,508,354.42102,935.1911,0.022679333,-2.6641932,9.867262,-1.4696329,10.325724601745605,-0.12236437079679004,0.009093641301454876,1.1372671240016772,0.9999847412109375,-0.5,0.0
786,508,354.3296,935.64685,-0.007710619,-1.5030632,9.335288,-0.52885866,9.470294952392578,-0.06141464191085611,0.017087339856355483,1.1548604987949587,0.9999847412109375,-0.5,0.0
787,508,354.28558,936.12,-0.022222804,-0.8154426,9.735309,-0.2118439,9.771697044372559,-0.021713284999634045,0.021518944980274717,1.1783614306763084,0.9999847412109375,-0.5,0.0
788,508,354.27127,936.611,-0.025940113,-0.55605656,10.152474,-0.040394392,10.167771339416504,-0.0031025816296450116,0.024447200870330723,1.2127200703219112,0.9999847412109375,-0.5,0.0
789,508,354.26926,937.1211,-0.024367638,-0.5724069,10.556664,0.046052296,10.572272300720215,0.0016551790644708157,0.026036619101376647,1.2574920693038871,0.9999847412109375,-0.5,0.0
790,508,354.26758,937.64984,-0.020491175,-0.7864862,10.924438,0.08376467,10.953033447265625,-0.0014610086135715189,0.026661871068678407,1.3120152326171886,0.9999847412109375,-0.5,0.0
791,508,354.25687,938.1963,-0.015933627,-1.1580715,11.2357435,0.09451539,11.295662879943848,-0.008770325222740849,0.02661299582089165,1.3754477350412408,0.9999847412109375,-0.5,0.0
792,508,354.22925,938.75824,-0.011561241,-1.6647891,11.470197,0.091220014,11.590740203857422,-0.018245847179756275,0.02605414186911153,1.4468801070637822,0.9999847412109375,-0.18492582440376282,0.0
793,508,354.18613,939.3372,-0.007558093,-1.7630872,11.828514,0.08144601,11.959466934204102,-0.02438496196341773,0.02550661467434265,1.521927187633888,0.9199847412109375,0.0,0.0
794,512,354.14972,939.93915,-0.004039688,-1.2820554,12.203076,0.06959906,12.270435333251953,-0.018507367518207456,0.02517163686288652,1.5894015696443538,0.996063232421875,0.0,0.0
795,512,354.12912,940.56024,-0.0015089321,-0.9398918,12.532937,0.057715237,12.568263053894043,-0.00684964980353515,0.02422666408434234,1.6441694774618332,0.9999847412109375,0.0,0.0
796,512,354.10886,941.19794,0.00027043818,-0.9791834,12.824751,0.046745613,12.862162590026855,-0.0009885639662286247,0.022942065446002004,1.6888203026142108,0.9999847412109375,-0.0012527820366768185,0.0
797,512,354.07538,941.8491,0.0015969609,-1.2556983,13.059409,0.03724798,13.1196928024292,-0.002305231719423938,0.021713732327473395,1.725996966167281,0.9999847412109375,-0.003937847912311553,0.0
798,512,354.02148,942.51086,0.0026110362,-1.6406053,13.244305,0.029303428,13.345562934875488,-0.007984153307017003,0.02065706074714641,1.7575182739875133,0.9199847412109375,0.0,0.0
799,512,353.94516,943.18115,0.0033549166,-2.0351772,13.399594,0.02279613,13.553287506103516,-0.01481143671858469,0.019731281453802214,1.784328849313559,0.8399847412109376,0.0,0.0
800,512,353.84637,943.85803,0.0038302706,-2.430473,13.525689,0.017569277,13.742334365844727,-0.021111941144899553,0.018837093908889085,1.8069946138770598,0.7599847412109376,0.25999494451155636,0.0
801,513,353.73215,944.54156,0.0039994717,-2.446036,13.698554,0.013513303,13.915230751037598,-0.02286590528060954,0.017848491061548843,1.8237737271670496,0.6799847412109377,0.49996609215475163,0.0
802,513,353.62115,945.2316,0.0036688421,-2.073706,13.836707,0.010499248,13.991241455078125,-0.01575525580742227,0.01638638857536552,1.8288233469099489,0.5999847412109377,0.49996609215475163,0.0
803,513,353.52612,945.92065,0.0024866676,-1.4636176,13.7739315,0.008130663,13.85147762298584,-0.0029156279811957744,0.013763069831610089,1.8183444738107595,0.5199847412109377,0.49996609215475163,0.0
804,513,353.45554,946.6007,0.00045714853,-0.7052382,13.581979,0.006118321,13.6002779006958,0.012294087859376494,0.0099053374316028,1.7905606462643444,0.5999847412109377,0.49996609215475163,0.0
805,514,353.41418,947.26794,-0.0020397282,0.08037514,13.338349,0.004377599,13.338592529296875,0.02726877011099924,0.005396604145652698,1.7462006383030035,0.6799847412109377,0.49996609215475163,0.0
806,514,353.40433,947.92303,-0.0045254705,0.86980045,13.079198,0.0029480697,13.108088493347168,0.04035812572554923,0.0010045766123942138,1.6889779617507434,0.7599847412109376,0.49996609215475163,0.0
807,514,353.42883,948.5659,-0.006766224,1.6741358,12.786137,0.0018395744,12.895271301269531,0.051577590634375926,-0.0029020307753255085,1.622514515690072,0.8399847412109376,0.49996609215475163,0.0
808,515,353.48993,949.19574,-0.008686008,2.4908624,12.4429245,0.0010211768,12.689789772033691,0.061216731591160395,-0.006213903317062797,1.5495182023173815,0.9199847412109375,0.49996609215475163,0.0
809,515,353.59213,949.8067,-0.007321415,3.3601544,11.942702,0.039407972,12.406463623046875,0.06601582277688883,-0.006568193207611206,1.4729404699107524,0.9999847412109375,0.49996609215475163,0.0
810,515,353.7345,950.39703,-0.00508914,4.168143,11.435078,0.03231946,12.171091079711914,0.06996243193649372,-0.005836247828989496,1.393355229685097,0.9999847412109375,0.49996609215475163,0.0
811,515,353.91565,950.9643,-0.003149433,4.948654,10.860111,0.025572777,11.934481620788574,0.07385167078055341,-0.005009174024140966,1.3111879216245554,0.9999847412109375,0.49996609215475163,0.0
812,516,354.13495,951.5053,-0.0015195083,5.6979527,10.228098,0.01968597,11.708161354064941,0.07742971092885892,-0.004185080410984938,1.2271345628800194,0.9999847412109375,0.49996609215475163,0.0
813,516,354.39233,952.02014,-0.00016842842,6.4491415,9.620404,0.0122493375,11.58204460144043,0.08097626751965267,-0.0032602548101912637,1.141401681594025,0.9999847412109375,0.026717584166261882,0.0
814,516,354.6846,952.5153,0.0005292797,6.9467654,9.366467,-0.004906366,11.661401748657227,0.08243196801624679,-0.002341389592782593,1.0563835261655807,0.9999847412109375,0.0,0.0
815,516,354.9955,953.0114,0.00058179855,6.8998337,9.582837,-0.013366385,11.808414459228516,0.07394525592573446,-0.0013545751465396094,0.9822926535848678,0.9999847412109375,0.0,0.0
816,517,355.31158,953.5159,0.00017834663,6.8917336,9.764084,-0.015792502,11.951299667358398,0.05867925505977608,-0.0007147788476937756,0.9249245684370895,0.9999847412109375,-0.0004995780088651326,0.0
817,517,355.64188,954.0208,-0.00032886505,7.1413093,9.760649,-0.015844412,12.094164848327637,0.04846856644354698,-0.0002079009936251652,0.880542988870919,0.9999847412109375,-0.0011775673907480119,0.0
818,517,355.99277,954.5199,-0.0006802559,7.4983664,9.661948,-0.014719367,12.230247497558594,0.044316527695356114,0.0004810094475297718,0.8457280831515583,0.9999847412109375,-0.09521123886476329,0.0
819,518,356.36133,955.0144,-0.00083643914,7.634323,9.740131,-0.012873301,12.375508308410645,0.04038739553040488,0.0013624429150256522,0.8203247887245377,0.9999847412109375,-0.5,0.0
820,518,356.7358,955.512,-0.00095356937,7.5058084,9.981167,-0.010666481,12.488432884216309,0.03149423512327603,0.002134322966356615,0.8076878230360027,0.9999847412109375,-0.5,0.0
821,519,357.1039,956.01776,-0.0012497425,7.127266,10.309829,-0.0085712625,12.533576965332031,0.017543063935219583,0.0024100541560483774,0.8108808866039805,0.9999847412109375,-0.5,0.0
822,519,357.45554,956.533,-0.001847744,6.5485544,10.645234,-0.0069058635,12.498185157775879,0.0008685523437707704,0.001994728982564016,0.8317901632705196,0.9999847412109375,-0.5,0.0
823,519,357.7834,957.0574,-0.0027146721,5.8794694,10.957394,-0.005712972,12.435138702392578,-0.015990681328379875,0.0009810924209770287,0.8706087322146508,0.9999847412109375,-0.5,0.0
824,520,358.08588,957.5929,-0.0035551928,5.2189536,11.26414,-0.0048435647,12.414441108703613,-0.03065724520455616,-9.179114435849242e-05,0.9242758223955462,0.9999847412109375,-0.5,0.0
825,520,358.3612,958.1415,-0.004230232,4.5262666,11.560597,-0.0041437745,12.415092468261719,-0.04297383261395462,-0.0009590387033670417,0.9890624090758493,0.9999847412109375,-0.5,0.0
826,520,358.6061,958.7043,-0.004740686,3.7807548,11.831447,-0.0035505807,12.420838356018066,-0.053502381989852285,-0.0016068218847398613,1.0620069239653376,0.9999847412109375,-0.5,0.0
827,521,358.817,959.28094,-0.0051308726,2.9759295,12.05983,-0.0030437424,12.421581268310547,-0.06270947083285264,-0.0020985602759351065,1.141012726916819,0.9999847412109375,-0.5,0.0
828,521,358.99014,959.87024,-0.0054493425,2.1131809,12.230316,-0.0026137473,12.411534309387207,-0.07088484274717788,-0.0025068519993686764,1.2246530293762836,0.9999847412109375,-0.5,0.0
829,521,359.12143,960.4692,-0.0051148077,1.1645788,12.29937,0.01831431,12.354394912719727,-0.07737657254273343,-0.002392768836172407,1.3117626317877944,0.9999847412109375,-0.024658214254879657,0.0
830,521,359.21393,961.07745,-0.003705902,0.62980634,12.466396,0.007701751,12.482297897338867,-0.07960724459416221,-0.0011800526607235902,1.3989762306398728,0.9999847412109375,0.0,0.0
831,522,359.29324,961.7004,-0.0027965163,0.80086446,12.638959,0.0017447266,12.664306640625,-0.07178713836925354,0.00010812282044787917,1.4762573038903917,0.9999847412109375,0.2812194832497173,0.0
832,522,359.37857,962.3333,-0.002491169,1.1921955,12.734604,-0.0007208177,12.790287971496582,-0.05450426319194009,0.000825643526097076,1.5358683033082348,0.9999847412109375,0.49996609215475163,0.0
833,522,359.4723,962.97125,-0.0027365207,1.6170002,12.768046,-0.0018845713,12.870031356811523,-0.035412048853594426,0.0007473229883037342,1.5758796355255853,0.9999847412109375,0.49996609215475163,0.0
834,522,359.57596,963.6091,-0.0033716678,2.1020248,12.720998,-0.0024996032,12.893498420715332,-0.017282315497365607,3.7312505834684514e-05,1.5946661064872223,0.9999847412109375,0.49996609215475163,0.0
835,523,359.69238,964.2414,-0.004305973,2.662215,12.569831,-0.0028062037,12.84865951538086,-0.0006689860008093233,-0.0011838674309256685,1.5908034576421715,0.9999847412109375,0.49996609215475163,0.0
836,523,359.82367,964.86523,-0.0053703594,3.2125015,12.405338,-0.0029096769,12.814546585083008,0.013743018101136933,-0.002648115010143266,1.5645420261329,0.9999847412109375,0.49996609215475163,0.0
837,523,359.97098,965.4823,-0.0062373066,3.7561836,12.2604685,-0.0028369294,12.822948455810547,0.025242639234261555,-0.0038183925172797745,1.5194782778535056,0.9999847412109375,0.49996609215475163,0.0
838,524,360.1381,966.09406,-0.0068223667,4.3491993,12.094679,-0.002644354,12.852890014648438,0.03498608455961466,-0.004553079599437774,1.459931860092097,0.9999847412109375,0.49996609215475163,0.0
839,524,360.33066,966.6994,-0.007163968,5.008485,11.872206,-0.0024169523,12.885425567626953,0.04413329805116946,-0.004916071576907477,1.3898895250005225,0.9999847412109375,0.49996609215475163,0.0
840,524,360.55392,967.2956,-0.0073320484,5.7202525,11.570235,-0.0022097244,12.907038688659668,0.053118653766285495,-0.005022048743535817,1.3123442661698677,0.9999847412109375,0.49996609215475163,0.0
841,525,360.81155,967.87897,-0.007396579,6.462927,11.176606,-0.0020334895,12.910691261291504,0.061885289054500366,-0.004983067243228433,1.2292444522536348,0.9999847412109375,0.49996609215475163,0.0
842,525,361.1058,968.4449,-0.0073216674,7.2177386,10.662446,0.008357466,12.875697135925293,0.07011391586824879,-0.0048198695638662185,1.1418672021525709,0.9999847412109375,0.49996609215475163,0.0
843,525,361.43668,968.98315,-0.005527048,7.8830886,9.914906,0.021084795,12.666841506958008,0.07546163488329037,-0.0034586189595844593,1.0519331176679494,0.9999847412109375,0.49996609215475163,0.0
844,525,361.8001,969.48584,-0.0036263466,8.471873,9.059976,0.02429041,12.403885841369629,0.07987157165473098,-0.002308249361819269,0.9601412785859158,0.9999847412109375,0.49996609215475163,0.0
845,526,362.19363,969.9487,-0.0018586731,8.9929085,8.133252,0.024298334,12.12529468536377,0.08371715962404859,-0.0014284848887960889,0.8670801103493231,0.9999847412109375,0.456566539167622,0.0
846,526,362.61447,970.3699,-0.00037966727,9.437224,7.232233,0.01972112,11.889777183532715,0.08674984263775473,-0.000777482962555975,0.7737986321115536,0.9999847412109375,0.0,0.0
847,526,363.0593,970.7554,0.00033860205,9.728068,6.7178397,0.0025503074,11.822212219238281,0.08732007536141113,-0.0004935264346903067,0.6836014938902595,0.9999847412109375,0.0,0.0
848,527,363.5183,971.1285,-1.73378e-05,9.682976,6.782554,-0.0076717352,11.822145462036133,0.07864028409186807,-0.0007061958097948433,0.6063868665089381,0.9999847412109375,0.0,0.0
849,527,363.9836,971.4967,-0.0010544205,9.715601,6.708764,-0.011576483,11.806800842285156,0.06562198286355815,-0.0015118121824424958,0.5464617472405201,0.9999847412109375,0.0,0.0
850,527,364.46,971.8483,-0.0022693062,9.879347,6.403405,-0.012735006,11.773073196411133,0.057992658841240025,-0.0024659631139602525,0.4999411832658252,0.9999847412109375,0.0,0.0
851,528,364.94934,972.17725,-0.003346796,10.070795,6.015383,-0.012399649,11.73055362701416,0.05526302275363889,-0.003192305451319788,0.4638851113204332,0.9999847412109375,0.0,0.0
852,528,365.45065,972.48224,-0.004199438,10.247144,5.6266274,-0.011225556,11.690295219421387,0.05463380933421564,-0.0036238428780143318,0.43634046892942074,0.9999847412109375,0.0,0.0
853,528,365.96255,972.7652,-0.0048118685,10.419007,5.2882133,-0.0096584065,11.684220314025879,0.054101684781282584,-0.003776311711238945,0.4157584281818251,0.9999847412109375,0.0,0.0
854,528,366.485,973.0304,-0.0051234816,10.600452,5.025811,-0.007991386,11.731514930725098,0.05264443632230485,-0.003565311330607109,0.40072495040735506,0.9999847412109375,-0.027507161744582797,0.0
855,529,367.0166,973.2845,-0.005131426,10.738961,4.9460363,-0.006348745,11.823223114013672,0.04863887559525755,-0.002984642864577607,0.3908484510572281,0.9999847412109375,-0.22270624562638044,0.0
856,529,367.55365,973.53784,-0.0049190614,10.725415,5.19116,-0.004796432,11.9156494140625,0.03991569976708141,-0.002168416889870459,0.38759303623022884,0.9999847412109375,-0.5,0.0
857,529,368.08713,973.8051,-0.004698963,10.51386,5.692797,-0.0034490337,11.956136703491211,0.02442035911937517,-0.0014770030545343438,0.3952164680086352,0.9999847412109375,-0.5,0.0
858,530,368.60873,974.0928,-0.004650669,10.131769,6.2979984,-0.0025989043,11.929691314697266,0.005392586517476962,-0.0012050866350446603,0.4163539775805941,0.9999847412109375,-0.028082777044655362,0.0
859,530,369.1204,974.3994,-0.0045197867,10.104008,6.571778,-0.0022014326,12.053183555603027,-0.009400426015761696,-0.0008685588456289005,0.44845305819931913,0.9999847412109375,0.0,0.0
860,530,369.64322,974.70435,-0.003974891,10.468572,6.2590027,-0.0017922934,12.196971893310547,-0.008263788862515876,0.00020134447112286032,0.4779125799931258,0.9999847412109375,0.0,0.0
861,531,370.18066,975.00116,-0.0033641863,10.751197,6.11153,-0.0014048922,12.366851806640625,-0.0008298409956686906,0.0013773440035253234,0.4994592842665754,0.9999847412109375,0.0,0.0
862,531,370.7281,975.29913,-0.0027182389,10.941871,6.1465,-0.0011225854,12.55005931854248,0.003537044112275114,0.0025651453186940135,0.5150676719413663,0.9999847412109375,0.0,0.0
863,532,371.28256,975.6038,-0.0020486068,11.082415,6.2740393,-0.0008840262,12.735128402709961,0.004143402720148173,0.0037529466338627033,0.5265127065945227,0.9999847412109375,0.0,0.0
864,532,371.84262,975.91754,-0.0013877344,11.202289,6.4377236,-0.00068258686,12.920354843139648,0.002556970662504231,0.004899024745187718,0.5350372522172709,0.9999847412109375,0.0,0.0
865,532,372.40796,976.24066,-0.0007702017,11.3174095,6.609373,-0.00052315,13.106012344360352,0.00023888288401827435,0.005955814919406997,0.5414693188820303,0.9999847412109375,0.0,0.0
866,533,372.97867,976.573,-0.00022065162,11.434821,6.7769156,-0.00040304076,13.292167663574219,-0.0019584884055699465,0.006888389434720096,0.5463722650278935,0.9999847412109375,-0.00021616700622770508,0.0
867,533,373.55496,976.91425,0.00024868964,11.556553,6.936799,-0.0003090227,13.478616714477539,-0.003684217052015618,0.007681607804210994,0.5501470295569718,0.9999847412109375,0.0,0.0
868,534,374.1372,977.2638,0.0006356573,11.684331,7.086074,-0.00023636111,13.665139198303223,-0.004840028965110007,0.008335113205905511,0.5530717130660968,0.9999847412109375,0.0,0.0
869,534,374.72577,977.6208,0.0009446859,11.816903,7.2265973,-0.00017758434,13.851458549499512,-0.005481849747521803,0.008857726840765887,0.5553449540830748,0.9999847412109375,0.0,0.0
870,535,375.32095,977.98474,0.0011840772,11.953561,7.359374,-0.0001295597,14.037379264831543,-0.005723132662431633,0.009262918478243037,0.5571208830559942,0.9999847412109375,0.05655237372366735,0.0
871,535,375.92508,978.3514,0.0013382196,12.202477,7.2872024,-8.272711e-05,14.21280288696289,-0.00329326370362036,0.009538292455849133,0.5569060658245656,0.9999847412109375,0.06630235836829669,0.0
872,535,376.54068,978.7156,0.0014096594,12.453378,7.2055545,-5.384176e-05,14.387724876403809,0.001367158192578746,0.009683846692989573,0.5529209115693711,0.9999847412109375,0.0,0.0
873,536,377.16428,979.08405,0.0014664793,12.542759,7.41324,-4.008569e-05,14.569726943969727,0.002253373159052775,0.00978541299906247,0.5480201625314073,0.9999847412109375,0.0,0.0
874,536,377.79355,979.4611,0.0015179443,12.662564,7.571039,-2.4193507e-05,14.753344535827637,0.0005671644317862396,0.00986540249881922,0.5444348819138881,0.9999847412109375,0.0,0.0
875,536,378.42972,979.84436,0.0015560102,12.806176,7.688194,-1.6569262e-05,14.936749458312988,-0.0006844326602246894,0.009923457329988348,0.5417750164856578,0.9999847412109375,0.0,0.0
876,537,379.07367,980.2325,0.0015807771,12.961698,7.7837443,-1.0408835e-05,15.119268417358398,-0.0011174625234344109,0.009963392262771925,0.5397734511893815,0.9999847412109375,0.0,0.0
877,537,379.72562,980.6248,0.0015940857,13.122406,7.8687553,-5.1543516e-06,15.300811767578125,-0.00099282645438154,0.009986280883984396,0.5382484585701749,0.9999847412109375,0.0,0.0
878,537,380.38577,981.0212,0.0015976334,13.284702,7.94926,-9.0117715e-07,15.481410026550293,-0.0006098639546467269,0.009994864377013397,0.537075069793886,0.9999847412109375,0.0,0.0
879,538,381.05426,981.4212,0.001593194,13.446747,8.0283785,1.0394531e-06,15.661093711853027,-0.00016831165085584525,0.00998949956383311,0.5361648346228105,0.9999847412109375,0.0,0.0
880,538,381.73077,981.8252,0.001582179,13.607664,8.107627,2.6272414e-06,15.839890480041504,0.00022738789142791535,0.009972929708425771,0.5354564337728495,0.9999847412109375,0.0,0.0
881,538,382.41537,982.23285,0.0015659713,13.767095,8.18765,4.1625804e-06,16.017818450927734,0.0005342879812072529,0.009947418497717955,0.5349017638968132,0.9999847412109375,0.0,0.0
882,539,383.10782,982.6449,0.001545763,13.924924,8.268652,5.244946e-06,16.19487953186035,0.0007457339991953248,0.009914397380795574,0.5344683344294028,0.9999847412109375,1.1788842118816582e-05,0.0
883,539,383.80627,983.0597,0.0013701486,13.9831505,8.292105,6.994851e-06,16.256921768188477,0.0008764086039679228,0.009625195771467083,0.5341328760005937,0.9999847412109375,0.0008714497089385983,0.0
884,539,384.5053,983.47406,0.0007546949,13.977062,8.274541,1.3417527e-05,16.24273109436035,0.0009916693186901304,0.00861096311952673,0.5338474184212508,0.9999847412109375,0.07879364490509033,0.0
885,540,385.20624,983.8828,-0.00016682148,14.090873,8.012115,1.0618633e-05,16.209463119506836,0.0038465107130234272,0.007103681041717783,0.531720484816659,0.9999847412109375,0.09991410374641418,0.0
886,540,385.91217,984.27844,-0.0012574624,14.222322,7.6886973,-2.6548965e-05,16.16757583618164,0.009986527434444689,0.005329489365290799,0.5247669379209485,0.9999847412109375,0.0,0.0
887,541,386.61932,984.66907,-0.0023120116,14.156342,7.7674584,-3.7615802e-05,16.147302627563477,0.011557034100859146,0.0035995243681618953,0.5162293760983725,0.9999847412109375,0.0,0.0
888,541,387.32394,985.0623,-0.0032451628,14.10909,7.8166075,-6.6563134e-06,16.129655838012695,0.00893355515131939,0.002053856750361767,0.50978975271402,0.9999847412109375,0.0,0.0
889,541,388.02756,985.4557,-0.0040457393,14.089975,7.816086,-1.0680618e-06,16.11268424987793,0.00657789397994128,0.0007255076938313771,0.5050061161849925,0.9999847412109375,0.0,0.0
890,542,388.73096,985.8477,-0.004708757,14.084735,7.7905383,-1.0466051e-05,16.095720291137695,0.005242773823335647,-0.0003732442699156601,0.5014746980005201,0.9999847412109375,0.0,0.0
891,542,389.4346,986.2376,-0.005240545,14.084889,7.75506,-2.0655552e-05,16.07871437072754,0.004662704568551414,-0.0012514590575628275,0.4988781159376928,0.9999847412109375,0.0,0.0
892,542,390.1384,986.62537,-0.0056546545,14.085905,7.717898,-2.9695932e-05,16.06171417236328,0.004458839066957197,-0.0019334553415090148,0.49697761760478504,0.9999847412109375,0.18659994192421436,0.0
893,543,390.84726,987.00696,-0.005828175,14.346262,7.4313216,-4.711392e-05,16.15672492980957,0.00760680210590419,-0.00220465655660439,0.49346607325994746,0.9999847412109375,0.31173270060048425,0.0
894,543,391.57114,987.37054,-0.0056705712,14.712231,6.85956,-0.000142324,16.232784271240234,0.017484855140049937,-0.0019080637649907905,0.4825181842032816,0.9999847412109375,0.0,0.0
895,544,392.30838,987.7183,-0.005266833,14.901905,6.835369,-0.00023984186,16.394786834716797,0.024973408212216757,-0.001210808660310615,0.4649321996820251,0.9999847412109375,0.0,0.0
896,544,393.05182,988.0745,-0.0045431615,14.992172,7.0612626,-6.338279e-05,16.571863174438477,0.02120712002554546,-1.037120736749527e-05,0.45041584121222117,0.9999847412109375,0.0,0.0
897,544,393.80234,988.43665,-0.0037232065,15.134816,7.1673174,5.5472457e-05,16.746137619018555,0.016098386428824864,0.0013304948647690589,0.43917723483305954,0.9999847412109375,0.0,0.0
898,545,394.5614,988.80066,-0.002914071,15.303968,7.203768,8.3089486e-05,16.914661407470703,0.012796726225615325,0.002649783907088094,0.4303787165131694,0.9999847412109375,0.0,0.0
899,545,395.3297,989.1645,-0.0021735858,15.483718,7.2053843,7.14171e-05,17.07814598083496,0.01124886995233145,0.003859519630770084,0.42341028920486806,0.9999847412109375,0.0,0.0
900,546,396.10748,989.52747,-0.0015310859,15.665475,7.192965,5.3732092e-05,17.237918853759766,0.010748320503072652,0.004911899464582569,0.417842717919462,0.9999847412109375,0.0,0.0
901,546,396.89453,989.8892,-0.0009974194,15.844955,7.177936,3.854082e-05,17.394981384277344,0.010693292937048888,0.005788087785597046,0.41336641018022957,0.9999847412109375,0.1444290679776006,0.0
902,547,397.6925,990.2437,-0.00062227726,16.12237,6.8328986,-1.9072532e-08,17.510549545288086,0.013951507204084609,0.006414055477441764,0.4076438762088946,0.9999847412109375,0.3440702734400093,0.0
903,547,398.50342,990.57623,-0.00057006837,16.417263,6.174931,-0.0001445841,17.540132522583008,0.023768527556037658,0.006525873913414165,0.3949038461861735,0.9999847412109375,0.0,0.0
904,547,399.3258,990.88885,-0.0006685543,16.594492,6.0687566,-0.0002638637,17.66938018798828,0.031229429525948885,0.006389975195671214,0.3758437354225309,0.9999847412109375,0.0,0.0
905,548,400.1549,991.2057,-0.0006366062,16.701979,6.2237225,-4.883045e-05,17.823883056640625,0.027682452655045618,0.0064527982295186125,0.35995065582721053,0.9999847412109375,0.0,0.0
906,548,400.99152,991.52515,-0.00055954454,16.850504,6.266188,0.0001027485,17.97789192199707,0.02267012340919129,0.0065699809585226514,0.34743007027831196,0.9999847412109375,0.0,0.0
907,549,401.83664,991.84357,-0.00046219348,17.019285,6.245211,0.00013717441,18.12894630432129,0.019259067622422937,0.006713866558792588,0.3374683497733025,0.9999847412109375,0.0,0.0
908,549,402.6909,992.1589,-0.000357275,17.195997,6.1943326,0.000117458185,18.277639389038086,0.017445578715457773,0.006872534263558417,0.32947144294152614,0.9999847412109375,0.0,0.0
909,550,403.55432,992.4707,-0.0002541542,17.374094,6.1333294,8.6737105e-05,18.424898147583008,0.01659292399998227,0.007031917172718553,0.32301011479428954,0.9999847412109375,0.0,0.0
910,550,404.42682,992.7786,-0.00015984535,17.55021,6.0731387,5.9186834e-05,18.571292877197266,0.01614965436040349,0.007180928837938244,0.3177637873153743,0.9999847412109375,0.0,0.0
911,551,405.30832,993.08325,-7.847309e-05,17.722765,6.0194592,4.1873744e-05,18.717111587524414,0.01577432757783806,0.007309794105630403,0.31348931389725626,0.9999847412109375,0.0,0.0
912,551,406.19846,993.38495,-1.1963844e-05,17.891136,5.974911,3.1936954e-05,18.862457275390625,0.0152976519113356,0.0074152942959463215,0.3099973770759444,0.9999847412109375,-0.17126821167767048,0.0
913,552,407.0945,993.6902,1.3198853e-05,17.912409,6.28187,6.5323424e-05,18.981998443603516,0.011207925931166084,0.007441401076858855,0.3093684050054949,0.9999847412109375,-0.5,0.0
914,552,407.9879,994.0143,-0.00014365673,17.734715,6.8803883,0.00010175196,19.022615432739258,-0.0002993393065249064,0.0071296687085893725,0.31738175685700243,0.9999847412109375,0.0,0.0
915,553,408.87863,994.35535,-0.00036143302,17.828981,6.9762344,1.7184351e-05,19.145246505737305,-0.009725864300969379,0.006715297487729856,0.33304327459554045,0.9999847412109375,0.0,0.0
916,553,409.77866,994.6923,-0.00045256614,18.034388,6.838166,1.8705385e-05,19.28729248046875,-0.007869639980886849,0.00657534577170294,0.3464622775381772,0.9999847412109375,0.0,0.0
917,553,410.6871,995.0275,-0.0004795742,18.195843,6.824496,2.6649097e-05,19.43353843688965,-0.004468783268855661,0.006547688947812197,0.3571543033931137,0.9999847412109375,0.0,0.0
918,554,411.60242,995.3656,-0.0004568386,18.32752,6.8875995,1.8371617e-05,19.578994750976562,-0.0027020435020687203,0.006592392603422699,0.3657264530203471,0.9999847412109375,0.0,0.0
919,554,412.52344,995.70886,-0.00039937496,18.44125,6.9929843,7.6051724e-06,19.722614288330078,-0.002604038653805154,0.006686687231362919,0.37266285581654024,0.9999847412109375,0.0,0.0
920,555,413.4497,996.05865,-0.00032319067,18.545465,7.1185412,1.2873959e-07,19.8647403717041,-0.0034972628834177306,0.0068074459823385,0.37832466971502143,0.9999847412109375,0.0,0.0
921,555,414.38086,996.41547,-0.00024197578,18.645475,7.251221,-6.160428e-06,20.005847930908203,-0.004764927822369773,0.006934880841242044,0.38297881003604395,0.9999847412109375,0.0,0.0
922,556,415.31674,996.7794,-0.00016555785,18.744427,7.3836308,-8.763828e-06,20.14625358581543,-0.006010755620606142,0.00705468615974143,0.3868260125467724,0.9999847412109375,-0.1986795829632032,0.0
923,556,416.2544,997.1556,-0.00013161659,18.675663,7.818885,-3.1264648e-05,20.246366500854492,-0.010286192354024748,0.007087230300351389,0.3921379869465581,0.9999847412109375,-0.05001355137354063,0.0
924,557,417.19098,997.54913,-0.00014464855,18.700724,8.093645,-8.442933e-05,20.377050399780273,-0.01614834462610177,0.007032394149030976,0.40117502463157845,0.9999847412109375,0.0,0.0
925,557,418.1319,997.94995,-0.0001386404,18.835497,8.138582,-6.073648e-05,20.518587112426758,-0.016951016177165146,0.007043480597365732,0.4099810330920345,0.9999847412109375,0.0,0.0
926,558,419.07867,998.3552,-0.00012661934,18.95065,8.225123,-6.1032106e-06,20.658647537231445,-0.015294533100027765,0.007077097284492828,0.4171379789159998,0.9999847412109375,0.0,0.0
927,558,420.03046,998.76636,-0.00011063099,19.051826,8.339973,2.1985861e-05,20.797290802001953,-0.013777063910900614,0.0071122640145981336,0.423005488719176,0.9999847412109375,0.0,0.0
928,559,420.98682,999.18427,-9.254932e-05,19.145733,8.468147,2.8499131e-05,20.934865951538086,-0.012825780688929709,0.0071462390841453595,0.4278502780847345,0.9999847412109375,0.0,0.0
929,560,421.9476,999.60913,-7.488728e-05,19.23665,8.600454,2.6477443e-05,21.071699142456055,-0.012290485309823782,0.007176637091423742,0.4318727165951902,0.9999847412109375,0.0,0.0
930,560,422.9128,1000.0409,-5.981445e-05,19.327188,8.7315035,2.2581879e-05,21.2080020904541,-0.01195120066754229,0.007201671325819138,0.4352288322009081,0.9999847412109375,0.0,0.0
931,561,423.8824,1000.47943,-4.8618316e-05,19.418835,8.858308,1.8385921e-05,21.343870162963867,-0.011647601343570556,0.00722038731455805,0.4380406309693273,0.9999847412109375,0.0,0.0
932,561,424.8565,1000.9245,-4.2014122e-05,19.512373,8.979387,1.7637323e-05,21.479341506958008,-0.011292868286372002,0.007232069333097521,0.44040441946336806,0.9999847412109375,0.0,0.0
933,562,425.83527,1001.37555,-3.996372e-05,19.608135,9.094177,1.6869655e-05,21.614418029785156,-0.01085184880985488,0.007236361079612021,0.44239859448761937,0.9999847412109375,0.0,0.0
934,562,426.8188,1001.8324,-4.2185784e-05,19.706182,9.202658,1.685535e-05,21.749080657958984,-0.010322412385147127,0.007234691922592868,0.4440854740115892,0.9999847412109375,0.0,0.0
935,563,427.8072,1002.29474,-4.81081e-05,19.80642,9.305124,1.7303555e-05,21.883317947387695,-0.009720006386868504,0.007227301130419248,0.44551662349188415,0.9999847412109375,0.0,0.0
936,563,428.80063,1002.7621,-5.7063102e-05,19.90866,9.40203,1.6612175e-05,22.017105102539062,-0.009066997206986473,0.007215022501377762,0.44673372139956397,0.9999847412109375,0.0,0.0
937,564,429.79916,1003.2342,-6.84452e-05,20.012686,9.493896,1.6750451e-05,22.150432586669922,-0.008385762160590155,0.0071990487363237906,0.4477713222497725,0.9999847412109375,0.0,0.0
938,564,430.8029,1003.71094,-8.166313e-05,20.118263,9.581254,1.6235494e-05,22.283288955688477,-0.00769760029461638,0.007179855771272455,0.44865865423547324,0.9999847412109375,0.0,0.0
939,565,431.8119,1004.19183,-9.62162e-05,20.225159,9.66462,1.47716755e-05,22.41566276550293,-0.007019560521379507,0.007158636827227789,0.44941928633231354,0.9999847412109375,0.0,0.0
940,566,432.82617,1004.677,-0.0001196289,20.321022,9.73872,1.3818049e-05,22.534120559692383,-0.006364954485140729,0.007122397030456695,0.45007229343160093,0.9999847412109375,0.0,0.0
941,566,433.84262,1005.1646,-0.00036676883,20.31819,9.762272,1.3975398e-05,22.54175567626953,-0.005752960586789171,0.006717443100912781,0.450619240140476,0.9999847412109375,0.06377101222766035,0.0
942,567,434.85983,1005.6482,-0.00095478055,20.386068,9.541048,2.2400689e-05,22.508296966552734,-0.0026093649759853124,0.00576305355120165,0.44934311992513726,0.9999847412109375,0.1315882295186137,0.0
943,567,435.88052,1006.1183,-0.0018002128,20.50749,9.117658,6.6372413e-06,22.44301414489746,0.004823120492931257,0.004401683572804623,0.4428726371616535,0.9999847412109375,0.0,0.0
944,568,436.9027,1006.5791,-0.002695894,20.461521,9.145261,-3.2962103e-05,22.41226577758789,0.009013947246131556,0.002942800286618664,0.433203831087039,0.9999847412109375,0.0,0.0
945,569,437.9225,1007.0422,-0.0035048055,20.414474,9.185905,-2.7535969e-05,22.385969161987305,0.007711669795461214,0.001606464282542707,0.42528671921942424,0.9999847412109375,0.0,0.0
946,569,438.94107,1007.50476,-0.0042166137,20.393045,9.1709175,-2.8513436e-05,22.360279083251953,0.006105129311141223,0.00042879578817683455,0.418918102367636,0.9999847412109375,0.0,0.0
947,570,439.95935,1007.9649,-0.0048194886,20.38622,9.123103,-3.910346e-05,22.33448028564453,0.005368507276003712,-0.0005656480684331432,0.4138154857190442,0.9999847412109375,0.0,0.0
948,570,440.97757,1008.42163,-0.0053125285,20.386456,9.058783,-4.9950962e-05,22.30849838256836,0.005386992318741844,-0.0013751982603052357,0.40974031661900495,0.9999847412109375,0.0,0.0
949,571,441.9963,1008.8745,-0.0057035494,20.389124,8.988381,-5.8013873e-05,22.282445907592773,0.0057979076719680625,-0.00201427928973818,0.40649651983226115,0.9999847412109375,0.0,0.0
950,572,443.01526,1009.3235,-0.0060007856,20.399822,8.921826,-6.11227e-05,22.265483856201172,0.006301513514696648,-0.002497911424291171,0.4039255706949259,0.9999847412109375,0.23212747995592198,0.0
951,572,444.03873,1009.76385,-0.006107106,20.588215,8.559264,-8.1177466e-05,22.296537399291992,0.009972074584044505,-0.0026546714838816352,0.39976518044000414,0.9999847412109375,0.3274824722313586,0.0
952,573,445.07147,1010.18164,-0.006156511,20.817556,7.884612,-0.00019357666,22.260677337646484,0.020235442815289433,-0.0026984214469416173,0.38831205643503663,0.9999847412109375,0.0,0.0
953,573,446.11276,1010.578,-0.0060908934,20.95037,7.7273245,-0.00031140677,22.330015182495117,0.028515464476887183,-0.002556204743616508,0.3701962693044225,0.9999847412109375,0.0,0.0
954,574,447.1588,1010.976,-0.005722184,21.027067,7.8198066,-0.00013352203,22.434057235717773,0.026342974172898232,-0.001931309598288927,0.35453055708716763,0.9999847412109375,0.0,0.0
955,574,448.2107,1011.37427,-0.005210571,21.14461,7.8142505,1.3222033e-05,22.54233741760254,0.02251958822857456,-0.0010886191754535105,0.34170593841032293,0.9999847412109375,0.0,0.0
956,575,449.26956,1011.7693,-0.0046373745,21.285015,7.750048,6.741663e-05,22.65204429626465,0.019990049165595443,-0.00015151499438228612,0.331114080701887,0.9999847412109375,0.0,0.0
957,576,450.33615,1012.1593,-0.0040536355,21.437008,7.6555333,7.0649425e-05,22.762964248657227,0.0188643954712516,0.0008031129622118292,0.3222958549899303,0.9999847412109375,0.0,0.0
958,576,451.41086,1012.5434,-0.003493781,21.59396,7.5485024,5.799957e-05,22.87529182434082,0.018610687765529522,0.0017204283316980334,0.31490884533729574,0.9999847412109375,0.0,0.0
959,577,452.4936,1012.9214,-0.0029801463,21.75195,7.439816,4.5592886e-05,22.98908805847168,0.01872548873386335,0.0025640725121025506,0.3086898315597427,0.9999847412109375,0.0,0.0
960,577,453.58435,1013.2935,-0.0025250386,21.908716,7.335949,3.9465835e-05,23.104284286499023,0.01887286349128021,0.0033109185891124437,0.3034344160436076,0.9999847412109375,0.0,0.0
961,578,454.6831,1013.6602,-0.0021331788,22.062975,7.2405853,3.8736314e-05,23.220701217651367,0.01886910593742968,0.003953695144669361,0.29898154412196787,0.9999847412109375,0.0,0.0
962,578,455.78976,1014.02203,-0.0018040085,22.21408,7.155604,4.2569893e-05,23.338125228881836,0.018636901176915386,0.00449275952089613,0.2952015531392503,0.9999847412109375,0.0,0.0
963,579,456.90393,1014.3796,-0.0015333366,22.361746,7.081728,4.897826e-05,23.45631217956543,0.018164616605319654,0.004934310589333967,0.291987084414011,0.9999847412109375,0.0,0.0
964,579,458.0255,1014.7334,-0.0013150596,22.505917,7.0189404,5.4771546e-05,23.57502555847168,0.017476832367266073,0.005287885275488067,0.28925095271006357,0.9999847412109375,0.0,0.0
965,580,459.1543,1015.0841,-0.0011422395,22.646711,6.9667716,5.9110545e-05,23.694080352783203,0.016615265424814514,0.005566000436481803,0.28692072004575786,0.9999847412109375,0.0,0.0
966,581,460.29007,1015.43225,-0.001008029,22.78431,6.9244995,6.1733015e-05,23.813302993774414,0.015626813420582888,0.00578010038292141,0.2849350671369948,0.9999847412109375,0.0,0.0
967,581,461.43274,1015.77844,-0.0009056902,22.91893,6.8912687,6.137064e-05,23.93254852294922,0.014556798987075684,0.005940437244706391,0.2832428612908448,0.9999847412109375,0.0,0.0
968,582,462.58206,1016.12305,-0.0008293724,23.05082,6.8661857,5.914869e-05,24.05171012878418,0.013445381761293456,0.006058692520227568,0.2818000271912671,0.9999847412109375,0.0,0.0
969,582,463.73795,1016.4664,-0.0007739305,23.180237,6.848369,5.437579e-05,24.17071533203125,0.01232605307453855,0.006141781585792089,0.28057071203208656,0.9999847412109375,0.0,0.0
970,583,464.9003,1016.80914,-0.0007348585,23.307413,6.8369794,5.0151222e-05,24.289499282836914,0.01122531450054916,0.006198763350295427,0.2795235570914674,0.9999847412109375,-0.040276969495562864,0.0
971,583,466.06784,1017.15485,-0.00071225164,23.377836,6.9996085,5.9358492e-05,24.40323257446289,0.008258763186255652,0.006221651451359247,0.27991873690772157,0.9999847412109375,-0.2047095585982373,0.0
972,584,467.2367,1017.51215,-0.0007527828,23.309933,7.4492373,6.989129e-05,24.47129249572754,0.0010011667128978954,0.006119846917204463,0.2848296392473413,0.9999847412109375,-0.025692947208881378,0.0
973,585,468.40582,1017.883,-0.0008302736,23.39474,7.557398,2.9467063e-05,24.585119247436523,-0.005795038532012423,0.005953669306224072,0.29465457314086163,0.9999847412109375,0.0,0.0
974,585,469.5811,1018.254,-0.0008584642,23.533789,7.5100293,1.5405838e-05,24.703031539916992,-0.006002231944671936,0.005904793538288662,0.3036229345592716,0.9999847412109375,0.0,0.0
975,586,470.76245,1018.62585,-0.00086707115,23.650507,7.5343347,1.4628633e-05,24.821617126464844,-0.004698881427335808,0.005896210565408311,0.31109949300356005,0.9999847412109375,0.0,0.0
976,586,471.94897,1019.0009,-0.0008599615,23.751484,7.6048236,1.118604e-05,24.939252853393555,-0.004079429637634727,0.005910038717279358,0.3173753985598999,0.9999847412109375,0.0,0.0
977,587,473.1401,1019.3806,-0.0008414745,23.842424,7.7026815,5.6120925e-06,25.055788040161133,-0.004332963093558921,0.0059388872017281805,0.3226788508441973,0.9999847412109375,0.0,0.0
978,588,474.33554,1019.7662,-0.00081666466,23.9275,7.815186,-3.2423304e-07,25.17146110534668,-0.005140966688437612,0.0059751269984992745,0.32718641743672455,0.9999847412109375,0.0,0.0
979,588,475.53494,1020.1578,-0.0007902384,24.009577,7.934054,-3.6333174e-06,25.286537170410156,-0.00616468477116677,0.006013393294412351,0.3310357837658387,0.9999847412109375,0.0,0.0
980,589,476.7383,1020.55585,-0.0007656955,24.090542,8.053998,-7.352461e-06,25.401201248168945,-0.007164435444382516,0.006048560024517657,0.33433647233136926,0.9999847412109375,0.0,0.0
981,590,477.94574,1020.9601,-0.0007452726,24.171606,8.171735,-7.423983e-06,25.515560150146484,-0.008002799595836762,0.006077885485278902,0.3371764673178298,0.9999847412109375,0.0,0.0
982,590,479.15698,1021.37036,-0.00072999,24.25352,8.285315,-7.1998807e-06,25.629663467407227,-0.008617455614981099,0.006100177495989356,0.33962654223118904,0.9999847412109375,0.0,0.0
983,591,480.37244,1021.7864,-0.0007201099,24.336706,8.393668,-3.800202e-06,25.74352264404297,-0.008996158162287667,0.006114720852254711,0.3417463851693785,0.9999847412109375,0.0,0.0
984,591,481.59198,1022.2079,-0.0007152223,24.421381,8.49632,-1.1729608e-06,25.857131958007812,-0.00915328362630504,0.006121992530387388,0.3435845322432648,0.9999847412109375,0.0,0.0
985,592,482.81577,1022.6345,-0.0007147217,24.50762,8.593172,3.5999403e-06,25.970483779907227,-0.009118664612728613,0.00612318471109412,0.3451813636328763,0.9999847412109375,0.0,0.0
986,593,484.04382,1023.066,-0.00071787357,24.595388,8.684369,6.1461233e-06,26.083545684814453,-0.008927448606163622,0.006118773850538676,0.3465720330646021,0.9999847412109375,0.0,0.0
987,593,485.27625,1023.50183,-0.00072391983,24.684605,8.7702,8.835351e-06,26.196298599243164,-0.008615324565960385,0.006109833535535496,0.3477848699145378,0.9999847412109375,0.0,0.0
988,594,486.51318,1023.94196,-0.0007321596,24.775156,8.851033,1.1085909e-05,26.308727264404297,-0.008214786178309768,0.006097554906494009,0.34884470815984847,0.9999847412109375,0.0,0.0
989,595,487.75467,1024.386,-0.0007420492,24.866917,8.9272785,1.1953709e-05,26.420822143554688,-0.007754591941944076,0.006083130664269598,0.3497731194053637,0.9999847412109375,0.0,0.0
990,595,489.00073,1024.834,-0.00075304986,24.959742,8.99935,1.1529346e-05,26.532564163208008,-0.007258180275199257,0.006066679402754554,0.3505869814344919,0.9999847412109375,0.0,0.0
991,596,490.2514,1025.2854,-0.00076479913,25.053501,9.067649,1.1128823e-05,26.643953323364258,-0.006745252848506743,0.006049513456993851,0.3513028391355052,0.9999847412109375,0.0,0.0
992,597,491.50677,1025.7402,-0.00077696797,25.148067,9.132558,1.14912e-05,26.754980087280273,-0.0062312632782701004,0.006031632306838841,0.35193294304941797,0.9999847412109375,0.0,0.0
993,597,492.7669,1026.1982,-0.0007893562,25.243307,9.194435,1.0151355e-05,26.865633010864258,-0.005726861608106394,0.0060129163180999284,0.35248904437454015,0.9999847412109375,0.0,0.0
994,598,494.03174,1026.6593,-0.0008017206,25.339125,9.253603,9.750832e-06,26.975921630859375,-0.005240568393057925,0.005994319443401959,0.35298063062225515,0.9999847412109375,0.0,0.0
995,599,495.30142,1027.1234,-0.0008140373,25.435411,9.310356,8.177348e-06,27.08584213256836,-0.004778775739889535,0.005975603974811697,0.3534168564088101,0.9999847412109375,0.0,0.0
996,599,496.57593,1027.5903,-0.0008261585,25.532072,9.3649645,7.6194765e-06,27.195390701293945,-0.004344148890285904,0.00595748407642615,0.35380461266352564,0.9999847412109375,0.0,0.0
997,600,497.85532,1028.0598,-0.00083803176,25.629028,9.417663,7.929405e-06,27.304569244384766,-0.003939347624370884,0.005939364178040603,0.3541502909730179,0.9999847412109375,0.0,0.0
998,601,499.13943,1028.532,-0.0008497095,25.726204,9.468664,6.0841376e-06,27.413375854492188,-0.0035659721794674497,0.0059217212559674786,0.3544591843699535,0.9999847412109375,0.0,0.0
999,601,500.42847,1029.0066,-0.0008610868,25.823538,9.518156,4.653698e-06,27.52181625366211,-0.0032224241387729027,0.005904197447935297,0.3547360865442945,0.9999847412109375,0.0,0.0
1000,602,501.72238,1029.4838,-0.0008721733,25.920969,9.566308,4.4534363e-06,27.62989044189453,-0.0029087042825102186,0.005886554525862173,0.3549853584223259,0.9999847412109375,0.0,0.0
1001,603,503.02112,1029.9631,-0.0008830404,26.018442,9.613264,4.1816525e-06,27.737594604492188,-0.0026237463059460655,0.005870103264347128,0.35521069514006026,0.9999847412109375,0.0,0.0
1002,604,504.3248,1030.4451,-0.0008936405,26.11592,9.659156,4.2579427e-06,27.844938278198242,-0.0023659523124263952,0.005853652522980734,0.35541475985858756,0.9999847412109375,0.0,0.0
1003,604,505.6333,1030.9291,-0.0009040117,26.213362,9.704099,3.2709393e-06,27.951921463012695,-0.002133191643041982,0.005837082667573398,0.3556006485026751,0.9999847412109375,0.0,0.0
1004,605,506.94672,1031.4154,-0.0009141731,26.310726,9.748191,2.6558503e-06,28.05853843688965,-0.0019243999436169322,0.005821108382370776,0.3557699589689769,0.9999847412109375,0.0,0.0
1005,606,508.26495,1031.9039,-0.0009241342,26.407988,9.791525,3.5236505e-06,28.164796829223633,-0.0017363807706573381,0.005805611073480577,0.3559260867878828,0.9999847412109375,0.0,0.0
1006,606,509.58804,1032.3945,-0.0009339237,26.505121,9.834177,3.2184898e-06,28.270700454711914,-0.0015686017520195087,0.005790352512820914,0.3560692649859882,0.9999847412109375,0.0,0.0
1007,607,510.91595,1032.8875,-0.0009435463,26.602095,9.876216,3.118359e-06,28.37624168395996,-0.001418931968719893,0.005774736089889772,0.35620245633000575,0.9999847412109375,0.0,0.0
1008,608,512.2488,1033.3823,-0.00095298764,26.698889,9.917703,4.1196668e-06,28.48142433166504,-0.001285241672109403,0.005759238780999572,0.35632602700458543,0.9999847412109375,0.0,0.0
1009,609,513.5864,1033.8793,-0.0009623146,26.795492,9.958693,2.8513434e-06,28.586254119873047,-0.0011664641673432186,0.005744337562462738,0.35644164148540847,0.9999847412109375,0.0,0.0
1010,609,514.92883,1034.3783,-0.0009715175,26.891886,9.9992285,2.3840666e-06,28.690731048583984,-0.0010604702909394836,0.005729555978115497,0.3565497658256657,0.9999847412109375,0.0,0.0
1011,610,516.2761,1034.8793,-0.0009806299,26.988054,10.039354,2.975315e-06,28.794857025146484,-0.0009667272156244382,0.00571453564553772,0.356652097790552,0.9999847412109375,0.0,0.0
1012,611,517.6282,1035.3823,-0.0009896421,27.083988,10.079103,2.541415e-06,28.89862823486328,-0.0008836363945582222,0.005700230517354252,0.356748404353472,0.9999847412109375,0.0,0.0
1013,611,518.98505,1035.8873,-0.0009985542,27.17967,10.118512,3.3281567e-06,29.00204849243164,-0.0008101336686206856,0.005685329298817418,0.35684058301670235,0.9999847412109375,0.0,0.0
1014,612,520.3467,1036.3944,-0.0010073709,27.275093,10.157604,3.409215e-06,29.105113983154297,-0.0007451523429670082,0.005671024170633949,0.35692846733267497,0.9999847412109375,0.0,0.0
1015,613,521.7131,1036.9032,-0.0010160923,27.37026,10.196406,3.2614032e-06,29.207839965820312,-0.0006876280634212967,0.005656599928409538,0.3570125566440942,0.9999847412109375,0.0,0.0
1016,614,523.0842,1037.4142,-0.0010247659,27.465153,10.2349415,2.9467062e-06,29.310213088989258,-0.0006364953704917753,0.005642056051995532,0.35709351674123263,0.9999847412109375,0.0,0.0
1017,614,524.4601,1037.9269,-0.0010333919,27.55977,10.273225,3.0706776e-06,29.412242889404297,-0.0005917545892713507,0.005628227900124487,0.3571718802563082,0.9999847412109375,0.0,0.0
1018,615,525.8407,1038.4417,-0.0010419464,27.654104,10.31128,2.6367775e-06,29.513927459716797,-0.0005523394800452714,0.0056139227719410175,0.35724801337397083,0.9999847412109375,0.0,0.0
1019,616,527.226,1038.9581,-0.001050477,27.748152,10.349116,2.8990248e-06,29.61526870727539,-0.0005171857536562255,0.005600094620069972,0.35732154990957066,0.9999847412109375,0.0,0.0
1020,617,528.616,1039.4767,-0.0010588979,27.841906,10.386749,3.332925e-06,29.716262817382812,-0.00048629324755775956,0.0055856703778455604,0.3573935218380301,0.9999847412109375,0.0,0.0
1021,617,530.01074,1039.997,-0.0010672903,27.935368,10.42419,2.7702854e-06,29.816917419433594,-0.0004596616691662578,0.005571841705825863,0.3574637960012945,0.9999847412109375,0.0,0.0
1022,618,531.4101,1040.5192,-0.001075635,28.028534,10.461445,2.6463138e-06,29.91722869873047,-0.0004356930568090914,0.0055580135539548174,0.3575324389783913,0.9999847412109375,0.0,0.0
1023,619,532.8141,1041.0432,-0.0010839319,28.121395,10.4985285,3.2375624e-06,30.017194747924805,-0.0004149204978343453,0.005544185402083771,0.35760011655959295,0.9999847412109375,0.0,0.0
1024,620,534.22266,1041.5691,-0.0010921621,28.213963,10.535452,2.4841972e-06,30.11682891845703,-0.00039627843522237194,0.005530833706376497,0.3576666622973313,0.9999847412109375,0.0,0.0
1025,620,535.636,1042.0968,-0.0011003923,28.306223,10.572214,3.123127e-06,30.216121673583984,-0.0003802993386447339,0.00551700555450545,0.3577322093496609,0.9999847412109375,0.0,0.0
1026,621,537.05383,1042.6265,-0.0011085748,28.398176,10.608826,2.941938e-06,30.315073013305664,-0.0003664509659949032,0.0055030582885934615,0.3577971571907452,0.9999847412109375,0.0,0.0
1027,622,538.47626,1043.1578,-0.001116681,28.489828,10.645291,2.0789062e-06,30.41368865966797,-0.0003536678252718135,0.00548982570692713,0.35786113963593436,0.9999847412109375,0.0,0.0
1028,623,539.90326,1043.691,-0.0011247873,28.581173,10.681617,2.5890963e-06,30.51197052001953,-0.0003430151809114965,0.005475997555056084,0.3579244895803646,0.9999847412109375,0.0,0.0
1029,623,541.3349,1044.2262,-0.001132822,28.672209,10.717805,2.4317478e-06,30.609914779663086,-0.00033342773596862997,0.005462765493538403,0.3579873401820905,0.9999847412109375,0.0,0.0
1030,624,542.77094,1044.763,-0.0011408615,28.76294,10.7538595,1.5687158e-06,30.70752716064453,-0.00032543825269839226,0.0054494137978311295,0.35804965815159834,0.9999847412109375,0.0,0.0
1031,625,544.2116,1045.3016,-0.0011488056,28.853361,10.789785,2.8465754e-06,30.8048038482666,-0.00031851396884560496,0.005436062622272505,0.3581119761211062,0.9999847412109375,0.0,0.0
1032,626,545.6568,1045.842,-0.0011567544,28.943476,10.825585,3.2041853e-06,30.901748657226562,-0.0003121224147387054,0.005422710926565231,0.3581737281688824,0.9999847412109375,0.0,0.0
1033,626,547.10645,1046.3843,-0.0011646748,29.033283,10.861263,3.2327941e-06,30.998363494873047,-0.00030679609255854695,0.0054093597510066075,0.3582350807424951,0.9999847412109375,0.0,0.0
1034,627,548.5606,1046.9282,-0.0011725664,29.122782,10.896821,2.6034008e-06,31.094648361206055,-0.00030200243510569496,0.005396127169340276,0.3582963001580533,0.9999847412109375,0.0,0.0
1035,628,550.0192,1047.474,-0.0011804199,29.211975,10.932258,2.0550654e-06,31.190603256225586,-0.0002982739445610027,0.005382775993781652,0.3583575528631251,0.9999847412109375,0.0,0.0
1036,629,551.4823,1048.0216,-0.0011882257,29.300856,10.967581,3.1660404e-06,31.286226272583008,-0.000294545681581345,0.0053699012743868004,0.3584182396464653,0.9999847412109375,0.0,0.0
1037,630,552.94977,1048.5709,-0.0011959982,29.389433,11.002788,2.6510818e-06,31.38152503967285,-0.0002918824879819752,0.00535666921286912,0.3584789597193191,0.9999847412109375,0.0,0.0
1038,630,554.4217,1049.122,-0.0012037563,29.477705,11.037883,3.0992862e-06,31.476497650146484,-0.00028921929438260527,0.0053439136075152105,0.35853918044946853,0.9999847412109375,0.0,0.0
1039,631,555.898,1049.6748,-0.0012114287,29.565666,11.072871,2.612937e-06,31.571142196655273,-0.0002870887655105419,0.005331158522309952,0.3585998672328087,0.9999847412109375,0.0,0.0
1040,632,557.3788,1050.2294,-0.0012191152,29.65332,11.107746,2.5366467e-06,31.66546058654785,-0.0002854909663843663,0.005318283802915101,0.35866065388468976,0.9999847412109375,0.0,0.0
1041,633,558.86383,1050.7856,-0.0012268019,29.740665,11.142515,2.617705e-06,31.75945281982422,-0.00028442553940188133,0.005305528197561192,0.3587208080358119,0.9999847412109375,0.0,0.0
1042,634,560.35333,1051.3438,-0.0012344217,29.827711,11.177175,2.5271106e-06,31.853124618530273,-0.00028336027496584965,0.00529265399831499,0.35878092889742047,0.9999847412109375,0.0,0.0
1043,634,561.8471,1051.9036,-0.0012420177,29.914452,11.211727,2.57956e-06,31.946474075317383,-0.0002822949780205273,0.005279898392961081,0.35884121620659715,0.9999847412109375,0.0,0.0
1044,635,563.34515,1052.4651,-0.0012495756,30.000889,11.246173,2.760749e-06,32.03950500488281,-0.0002817624433303834,0.005267142787607173,0.3589013703577193,0.9999847412109375,0.0,0.0
1045,636,564.84766,1053.0283,-0.0012571143,30.087023,11.280515,2.8847203e-06,32.13220977783203,-0.00028122994114953014,0.0052543877024019145,0.3589620571410595,0.9999847412109375,0.0,0.0
1046,637,566.3544,1053.5931,-0.001264615,30.172853,11.314754,1.9978477e-06,32.2245979309082,-0.00028069708136647974,0.0052416320970480055,0.3590222445816953,0.9999847412109375,0.0,0.0
1047,638,567.8654,1054.1598,-0.001272111,30.258383,11.348887,2.4555884e-06,32.31666564941406,-0.0002806971788943517,0.005229234353965576,0.3590824320223311,0.9999847412109375,0.0,0.0
1048,638,569.3807,1054.7281,-0.0012795448,30.34361,11.382919,2.9180976e-06,32.408416748046875,-0.00028069734144080494,0.005217194473154626,0.35914258617345324,0.9999847412109375,0.0,0.0
1049,639,570.9002,1055.2982,-0.001286974,30.42854,11.41685,1.6068609e-06,32.499855041503906,-0.00028069721140364237,0.005204438867800717,0.3592027403245754,0.9999847412109375,0.0,0.0
1050,640,572.424,1055.87,-0.0012943458,30.513166,11.450681,2.3888347e-06,32.59096908569336,-0.0002806971138757704,0.005192160238759231,0.35926352697645647,0.9999847412109375,0.0,0.0
1051,641,573.95197,1056.4434,-0.0013016986,30.597492,11.484412,1.6736147e-06,32.6817741394043,-0.00028122987613094885,0.005179881609717744,0.35932374770660586,0.9999847412109375,0.0,0.0
1052,642,575.4842,1057.0186,-0.0013090468,30.681524,11.518043,2.5032698e-06,32.77226257324219,-0.00028176247583967405,0.0051676029806762575,0.35938446777945965,0.9999847412109375,0.0,0.0
1053,642,577.0206,1057.5953,-0.001316347,30.765255,11.551577,2.0932105e-06,32.8624382019043,-0.0002822949780205273,0.005155324871783422,0.3594451212732862,0.9999847412109375,0.0,0.0
1054,643,578.5611,1058.1738,-0.0013235951,30.848688,11.58501,2.7416766e-06,32.95229721069336,-0.00028282767525712445,0.005143165356782878,0.3595054085824629,0.9999847412109375,0.0,0.0
1055,644,580.10583,1058.7539,-0.0013308525,30.93183,11.618344,2.2505587e-06,33.04185104370117,-0.0002833603074751403,0.005130886727741392,0.35956606207628944,0.9999847412109375,0.0,0.0
1056,645,581.6548,1059.3358,-0.0013380765,31.014677,11.651579,2.3649939e-06,33.13109588623047,-0.0002838930047117374,0.005118608098699905,0.3596268154386569,0.9999847412109375,0.0,0.0
1057,646,583.2077,1059.9193,-0.0013452386,31.097223,11.684718,2.2314862e-06,33.22002410888672,-0.0002844256044204626,0.005106806445970841,0.35968746893248343,0.9999847412109375,0.0,0.0
1058,647,584.7649,1060.5044,-0.0013524342,31.179478,11.717758,2.6320095e-06,33.30864334106445,-0.00028495830165705977,0.005094646930970298,0.35974875492706887,0.9999847412109375,0.0,0.0
1059,647,586.3261,1061.0912,-0.0013595485,31.26144,11.750703,2.1838048e-06,33.39695739746094,-0.00028602366362096346,0.005082964392282177,0.3598094417104091,0.9999847412109375,0.0,0.0
1060,648,587.89154,1061.6796,-0.0013666344,31.34311,11.783548,2.0693697e-06,33.48495864868164,-0.0002865561983111073,0.005071162739553113,0.35987016178326287,0.9999847412109375,0.0,0.0
1061,649,589.4609,1062.2695,-0.0013737344,31.424492,11.8162985,3.5045778e-06,33.572662353515625,-0.0002876213977285577,0.005058884110511626,0.3599314477778483,0.9999847412109375,0.0,0.0
1062,650,591.03436,1062.8612,-0.0013807773,31.505575,11.848953,1.7356004e-06,33.66004943847656,-0.0002881540949651549,0.005047202091972156,0.35999220114021574,0.9999847412109375,0.0,0.0
1063,651,592.6119,1063.4545,-0.0013877964,31.586369,11.881513,1.8118905e-06,33.747135162353516,-0.000289219229364024,0.005035519553284035,0.36005338726626035,0.9999847412109375,0.0,0.0
1064,652,594.19336,1064.0493,-0.001394782,31.66688,11.913976,2.4508204e-06,33.833919525146484,-0.00028975195910991176,0.005023837014595914,0.3601146732608458,0.9999847412109375,0.0,0.0
1065,653,595.77893,1064.646,-0.0014017295,31.747105,11.946343,3.3424612e-06,33.92040252685547,-0.00029081722354594344,0.0050120348417182,0.360175892676404,0.9999847412109375,0.0,0.0
1066,653,597.3686,1065.2441,-0.0014086962,31.827044,11.978618,2.4126753e-06,34.006587982177734,-0.000291349790745378,0.005000352823178729,0.3602371786709894,0.9999847412109375,0.0,0.0
1067,654,598.96216,1065.8439,-0.001415596,31.906694,12.010798,2.8847203e-06,34.09246826171875,-0.0002924150551814097,0.004988670284490608,0.3602989972977929,0.9999847412109375,0.0,0.0
1068,655,600.55963,1066.4453,-0.0014224624,31.986057,12.042886,1.9644708e-06,34.17804718017578,-0.0002934802871081508,0.004977464201966259,0.36036021671335106,0.9999847412109375,0.0,0.0
1069,656,602.161,1067.0483,-0.0014293622,32.065132,12.074877,1.9597028e-06,34.26332473754883,-0.00029454561656276374,0.004965662549237195,0.3604220020506409,0.9999847412109375,0.0,0.0
1070,657,603.7663,1067.653,-0.0014361715,32.143932,12.106776,2.1313556e-06,34.34831237792969,-0.0002950782812900702,0.004954576100902439,0.36048325475571275,0.9999847412109375,0.0,0.0
1071,658,605.3755,1068.259,-0.0014429903,32.222443,12.138582,1.9120214e-06,34.43299102783203,-0.00029614354572610196,0.004942893562214318,0.36054500680348894,0.9999847412109375,7.131219738059567e-05,0.0
1072,659,606.9887,1068.8668,-0.0014497947,32.300793,12.169978,2.4269798e-06,34.51737976074219,-0.0002934803196174414,0.00493168799983862,0.36060416226920233,0.9999847412109375,0.004739276052993019,0.0
1073,660,608.606,1069.4755,-0.0014575052,32.386562,12.1804905,2.4269798e-06,34.601356506347656,-4.101273767847891e-05,0.0049198863471095556,0.3604896130528153,0.9999847412109375,0.030738398639692195,0.0
1074,661,610.2284,1070.0828,-0.001476097,32.50808,12.083298,1.4352081e-06,34.68113708496094,0.0016188261353682583,0.0048969982460457355,0.35923110299018474,0.9999847412109375,0.05794064535035029,0.0
1075,661,611.857,1070.684,-0.0015195083,32.65741,11.885796,-9.231106e-06,34.75310516357422,0.005293375444493103,0.004840969914018592,0.35538436653264704,0.9999847412109375,0.06669807434082031,0.0
1076,662,613.49243,1071.2764,-0.0015827846,32.812828,11.6588,-3.5384317e-05,34.822540283203125,0.010027280040906705,0.004755973463353032,0.34825035718357,0.9999847412109375,0.06850591690543993,0.0
1077,663,615.13513,1071.859,-0.0016498613,32.97017,11.417716,-7.1631664e-05,34.89120864868164,0.014756775337210815,0.004663705334554794,0.3379615672071851,0.9999847412109375,0.04363558360915861,0.0
1078,664,616.78485,1072.433,-0.0016959524,33.108097,11.252197,-9.053731e-05,34.96795654296875,0.01808426196121032,0.004602908799849378,0.32564507966632755,0.9999847412109375,0.0012173921237757174,0.0
1079,665,618.44055,1073.002,-0.0017101192,33.20641,11.220967,-6.1775936e-05,35.05104446411133,0.018588960116104756,0.00458705414883635,0.3135682100445499,0.9999847412109375,0.0019467723452382614,0.0
1080,666,620.102,1073.5669,-0.0017089176,33.32271,11.126077,-2.3840665e-05,35.131072998046875,0.018108819219293294,0.004591226261161257,0.3028090725301434,0.9999847412109375,0.08109858089391096,0.0
1081,667,621.7709,1074.1201,-0.0017378615,33.503155,10.729676,-5.460943e-05,35.179359436035156,0.020928078999954004,0.004551410442418621,0.29139589594152704,0.9999847412109375,0.10401768301740104,0.0
1082,667,623.4486,1074.6515,-0.001833806,33.6936,10.2100935,-0.00017477115,35.206600189208984,0.02791137007608934,0.004411816588663185,0.2763516989436694,0.9999847412109375,0.10961229052900533,0.0
1083,667,625.13513,1075.159,-0.0019581746,33.877983,9.665919,-0.00031673277,35.22992706298828,0.03583308213836835,0.004230260522759211,0.2574113472052963,0.9999847412109375,0.10961229052900533,0.0
1084,667,626.8305,1075.6406,-0.002082839,34.055653,9.098376,-0.0004356691,35.25007629394531,0.043299096129215765,0.004050135385792505,0.23491086507694847,0.9999847412109375,0.10961229052900533,0.0
1085,667,628.5345,1076.0948,-0.0021984768,34.225464,8.493793,-0.00051892543,35.263675689697266,0.05010394292874819,0.003887653170898924,0.20926352522553573,0.9999847412109375,0.10961229052900533,0.0
1086,667,630.24677,1076.5194,-0.0023042583,34.38468,7.8440833,-0.00057699176,35.26805877685547,0.056420919422524106,0.0037416216973717364,0.1808390243446316,0.9999847412109375,0.10961229052900533,0.0
1087,667,631.9669,1076.9116,-0.0024009084,34.529564,7.145029,-0.0006213736,35.26105880737305,0.062434886440897855,0.003610610816496651,0.14995960492613555,0.9999847412109375,0.10961229052900533,0.0
1088,667,633.69434,1077.2687,-0.0024892997,34.655758,6.3951263,-0.0006600002,35.240875244140625,0.0682582585101952,0.003492474394942092,0.11689794969853659,0.9999847412109375,0.10553886575831309,0.0
1089,674,635.42804,1077.5884,-0.0025661183,34.76073,5.6047544,-0.000691098,35.20968246459961,0.07383595813012193,0.003392815473970234,0.08196520742331838,0.9999847412109375,0.0770667793436183,0.0
1090,675,637.1674,1077.8699,-0.0026059437,34.854404,4.834235,-0.00067040906,35.18805694580078,0.07852938839960148,0.00335657567719914,0.04599545518675852,0.9999847412109375,0.034149030108510704,0.0
1091,676,638.9123,1078.114,-0.0025804949,34.94311,4.1191773,-0.0005601698,35.185062408447266,0.08164483746656025,0.0034295319869794253,0.010425207282332283,0.9999847412109375,0.027882235124707222,0.0
1092,676,640.6617,1078.3204,-0.0025033378,35.009,3.359412,-0.00043926423,35.1698112487793,0.08401851294614787,0.0035808083794229826,-0.02397768140896055,0.9999847412109375,0.020891057327389717,0.0
1093,677,642.41437,1078.4872,-0.0023969316,35.05157,2.5696945,-0.00036895814,35.14563751220703,0.08635447972917566,0.0037720202247987695,-0.05717816431135292,0.9999847412109375,0.0,0.0
1094,678,644.1694,1078.6139,-0.0022631024,35.081264,1.7977852,-0.00030419734,35.12730026245117,0.08828479714391393,0.004005908706494426,-0.0888055450055653,0.9999847412109375,0.0,0.0
1095,679,645.9257,1078.7,-0.0021144007,35.084167,0.99067146,-0.00025688316,35.09815216064453,0.09008525216599722,0.004260539676070977,-0.11873584710107071,0.9999847412109375,0.0,0.0
1096,679,647.6818,1078.744,-0.0019671153,35.061337,0.16141227,-0.00024197798,35.06170654296875,0.09198416092462938,0.0045081371955967365,-0.1471916151576481,0.9999847412109375,0.0,0.0
1097,680,649.43646,1078.7452,-0.0018308687,35.014072,-0.68130195,-0.0002379632,35.02070236206055,0.09388714764868071,0.00473725747461412,-0.17434142727229945,0.9999847412109375,0.0,0.0
1098,681,651.1885,1078.7034,-0.0017113877,34.943836,-1.5310298,-0.00023117338,34.977359771728516,0.09567025883416486,0.0049380062454951025,-0.20031232455139997,0.9999847412109375,0.0,0.0
1099,682,652.9365,1078.6187,-0.0017448855,34.846294,-2.3607657,-0.0073115462,34.92617416381836,0.0969661363758406,0.005007743615352349,-0.22537220435585484,0.9999847412109375,0.0,0.0
1100,683,654.6795,1078.4915,-0.0021294833,34.73352,-3.2209897,-0.003237901,34.88254928588867,0.09775777765462347,0.00477182863451471,-0.2500270173585087,0.9999847412109375,0.0,0.0
1101,683,656.4164,1078.3213,-0.0022955132,34.589153,-4.0561213,-0.0016752079,34.82616424560547,0.09797232024756458,0.004682421323293707,-0.2738932184281196,0.9999847412109375,0.0,0.0
1102,684,658.1459,1078.1086,-0.002266822,34.432453,-4.8903346,-0.002525756,34.77799987792969,0.09812598464246215,0.004734515771077829,-0.2971361732236247,0.9999847412109375,0.0,0.0
1103,685,659.8672,1077.8542,-0.0022952985,34.25957,-5.7172055,-0.0029522495,34.73333740234375,0.09811304334404004,0.004740953130775255,-0.3199318334692942,0.9999847412109375,0.0,0.0
1104,686,661.5796,1077.5582,-0.0022986936,34.074665,-6.549871,0.0009885653,34.69846725463867,0.09815565392148132,0.0047600264616369965,-0.34221217204403337,0.9999847412109375,0.0,0.0
1105,686,663.2825,1077.2212,-0.002359147,33.87069,-7.353924,0.00011998242,34.65983200073242,0.0980385747020587,0.004736184928096982,-0.36402818848271723,0.9999847412109375,0.0,0.0
1106,687,663.79395,1077.9215,0.041628197,8.581221,10.7731085,0.69428617,13.790549278259277,0.13280536875185137,0.012564777378237033,-0.6320707249567985,0.9999847412109375,0.0,0.0
1107,687,664.33344,1078.5594,0.07389729,8.410417,10.224047,0.40102676,13.244888305664062,0.14282684393381953,0.021412849219754084,-0.8977862245598822,0.9999847412109375,0.0,0.0
1108,688,664.8821,1079.1421,0.08998736,7.9319086,9.859759,0.109840535,12.654726028442383,0.13858637575387042,0.02828431041664671,-1.1669037127184605,0.9999847412109375,0.0,0.0
1109,688,665.42303,1079.6697,0.08821777,7.392001,9.626593,-0.18188061,12.138618469238281,0.12111963427042223,0.02988171396977367,-1.440154293730787,0.9999847412109375,0.0,0.0
1110,688,665.94165,1080.1437,0.06804684,6.875681,9.480872,-0.45505375,11.720452308654785,0.09179495165155765,0.02443659191845704,-1.7143433727112576,0.9999847412109375,0.0,0.0
1111,688,666.42896,1080.5646,0.03360941,6.5712347,9.119377,-0.49322128,11.251108169555664,0.056297764866864754,0.010987162360366124,-1.9838699224132719,0.9999847412109375,0.0,0.0
1112,689,666.88324,1080.9216,0.004248972,6.503062,8.299855,-0.2943973,10.548178672790527,0.030967711531010553,-0.0052920579079616245,-2.2334971992921595,0.9999847412109375,0.0,0.0
1113,689,667.2996,1081.2206,-0.012345352,6.500781,7.3578405,-0.15306571,9.819439888000488,0.01172391859385544,-0.015356420386453082,-2.4489662393974734,0.9999847412109375,0.0,0.0
1114,689,667.6856,1081.4734,-0.020874739,6.46755,6.435731,-0.07132461,9.124303817749023,-0.006907706715298878,-0.020917413872026076,-2.631620208024994,0.9999847412109375,0.0,0.0
1115,689,668.04083,1081.6864,-0.02045364,6.2294645,5.4780684,0.031372588,8.295567512512207,-0.020565454247431485,-0.020034788191314174,-2.785024145767956,0.9999847412109375,0.0,0.0
1116,689,668.3722,1081.8585,-0.016125942,6.092229,4.4741006,0.030802747,7.558689117431641,-0.035049326313125635,-0.01578760073109912,-2.9159845597403846,0.9999847412109375,0.0,0.0
1117,690,668.68286,1081.9899,-0.011763944,5.8682957,3.469655,0.026898693,6.817339897155762,-0.049574202737228595,-0.011344193434302173,-3.026939573920247,0.9999847412109375,0.0,0.0
1118,690,668.97296,1082.0814,-0.008112278,5.5651917,2.4646492,0.017021276,6.086554527282715,-0.06267378031305637,-0.007300018952043322,-3.1189182337527495,0.9999847412109375,0.0,0.0
1119,690,669.2412,1082.1335,-0.005261669,5.1816983,1.4676167,0.007063326,5.385530948638916,-0.07386705885822702,-0.0037320850319408658,3.090608298732989,0.9199847412109375,0.0,0.0
1120,690,669.48645,1082.1473,-0.0032119656,4.7308383,0.53311354,-0.00046645215,4.760781764984131,-0.08247812392688923,-0.0006693601177261279,3.0345239903886836,0.8399847412109376,0.0,0.0
1121,690,669.7074,1082.1288,-0.0015289688,4.2519894,-0.20801698,-0.0031030437,4.257075786590576,-0.08784333658134126,0.002192377927562904,2.994238086262946,0.7599847412109376,0.0,0.0
1122,690,669.90497,1082.0879,-5.1021575e-06,3.7973394,-0.6339808,-0.003822722,3.849900245666504,-0.08788114514644199,0.005003094526715019,2.9656991193894386,0.6799847412109377,0.0,0.0
1123,690,670.0816,1082.0386,0.0014361572,3.410794,-0.7575583,-0.003401114,3.4939122200012207,-0.08169195877309783,0.0077812667251828515,2.9444910360485927,0.5999847412109377,0.0,0.0
1124,690,670.24194,1081.9923,0.0027085303,3.104745,-0.72117084,-0.0025746536,3.1874024868011475,-0.07085926807833472,0.010285614989022798,2.9307307490122625,0.5199847412109377,0.0,0.0
1125,690,670.38824,1081.9528,0.0037819718,2.813706,-0.64842564,-0.0018712347,2.887455701828003,-0.05872484920987608,0.012398004197051926,2.923064839814469,0.4399847412109377,0.0,0.0
1126,690,670.52045,1081.9192,0.004660816,2.523479,-0.5714879,-0.0014165599,2.5873823165893555,-0.04743942529098869,0.014112590999331574,2.919505258701469,0.3599847412109377,0.0,0.0
1127,690,670.6385,1081.8911,0.0053505227,2.2336311,-0.49782425,-0.0011497018,2.288435697555542,-0.03783872540006383,0.01545369546616013,2.9183795405086927,0.2799847412109377,0.0,0.0
1128,690,670.7425,1081.8677,0.005851784,1.9640868,-0.43192378,-0.0009856351,2.011018753051758,-0.030022347600681266,0.016438483543298292,2.9185699565266336,0.19998474121093768,0.0,0.0
1129,690,670.8353,1081.8473,0.005989189,1.7823071,-0.39119366,-0.0008595704,1.8247333765029907,-0.02382410647963085,0.01679229593738563,2.9193483985132636,0.11998474121093768,0.0,0.0
1130,690,670.9209,1081.828,0.0056374455,1.6661618,-0.36755985,-0.00074160204,1.7062227725982666,-0.018937738511553462,0.01631605511515491,2.9196149809383805,0.039984741210937674,0.0,0.0
1131,691,671.0018,1081.8099,0.0048603774,1.5862265,-0.35125107,-0.0006262657,1.6246514320373535,-0.015057511763010713,0.015119790201221135,2.9197148494792584,0.0,0.0,0.0
1132,691,671.0791,1081.7926,0.0038104532,1.5206116,-0.3377697,-0.000520971,1.5576739311218262,-0.01196877545014221,0.013458013051119919,2.919769177965496,0.0,0.0,0.0
1133,691,671.15314,1081.7759,0.002657156,1.455221,-0.32407242,-0.00042758233,1.490869402885437,-0.009511746149327007,0.011612414327667884,2.9198040653757764,0.0,0.0,0.0
1134,691,671.22406,1081.76,0.0015112305,1.3926595,-0.31079885,-0.00034769703,1.4269185066223145,-0.007557516980980911,0.009767889191030289,2.919828566457805,0.0,0.0,0.0
1135,691,671.2919,1081.7448,0.00044010638,1.3327968,-0.29796103,-0.00028335108,1.3656970262527466,-0.006003829841325984,0.008037447737737612,2.9198442791082364,0.0,0.0,0.0
1136,691,671.3568,1081.7301,-0.0005197811,1.2755091,-0.28556612,-0.00022923754,1.3070851564407349,-0.004769187839816599,0.006483196756945645,2.9198546654364876,0.0,0.0,0.0
1137,691,671.41895,1081.716,-0.0013535976,1.2206819,-0.27361673,-0.00018500832,1.250971794128418,-0.0037880792942314077,0.005130886727741392,2.919862388603649,0.0,0.0,0.0
1138,691,671.47833,1081.7026,-0.0020602702,1.168207,-0.2621116,-0.00014930932,1.1972510814666748,-0.003008839399571523,0.003983497321668704,2.9198671822936113,0.0,0.0,0.0
1139,691,671.5353,1081.69,-0.0026476716,1.1179824,-0.25104555,-0.00011988517,1.1458221673965454,-0.0023899199820141327,0.0030291077719575726,2.919869845454701,0.0,0.0,0.0
1140,691,671.5897,1081.6776,-0.0031283284,1.0699108,-0.24041118,-9.6292446e-05,1.0965886116027832,-0.0018983005748226679,0.002247810169236682,2.9198722422996823,0.0,0.0,0.0
1141,691,671.642,1081.6658,-0.003527441,1.0380783,-0.23339544,-7.5751326e-05,1.0639925003051758,-0.0015084143113837179,0.0015978811796251934,2.9198743728285543,0.0,0.0,0.0
1142,691,671.6936,1081.654,-0.0039468287,1.0371976,-0.2333225,-6.039794e-05,1.063117265701294,-0.0011984224905356572,0.0009135007293212884,2.919874905460772,0.0,0.0,0.0
1143,691,671.74506,1081.6423,-0.004371557,1.0363255,-0.23322575,-4.633195e-05,1.0622451305389404,-0.0009518137085757385,0.00021839140037049142,2.919874905460772,0.0,0.0,0.0
1144,691,671.7966,1081.6306,-0.004769969,1.0354568,-0.23310941,-3.6118607e-05,1.06137216091156,-0.0007558049873273252,-0.00043439863438326517,2.9198746391446635,0.0,0.0,0.0
1145,691,671.8481,1081.6189,-0.0051245927,1.0345914,-0.23297748,-2.8322711e-05,1.0604989528656006,-0.000599744007523007,-0.001016020727944705,2.9198746391446635,0.0,0.0,0.0
1146,691,671.8996,1081.6072,-0.0054278704,1.033729,-0.2328334,-2.2457907e-05,1.0596258640289307,-0.00047564057068815195,-0.0015137194375063722,2.9198746391446635,0.0,0.0,0.0
1147,691,671.9512,1081.5955,-0.005678825,1.0328696,-0.23267967,-1.8281022e-05,1.0587537288665771,-0.00037710354533663885,-0.0019257068171010777,2.9198743728285543,0.0,0.0,0.0
1148,691,672.0026,1081.5837,-0.005880413,1.0320126,-0.23251835,-1.3937252e-05,1.0578821897506714,-0.00029880660928830924,-0.002256751004388512,2.9198743728285543,0.0,0.0,0.0
1149,691,672.0542,1081.572,-0.0060379026,1.0311583,-0.23235112,-1.09047205e-05,1.0570120811462402,-0.00023702138578098817,-0.0025151967441671415,2.9198743728285543,0.0,0.0,0.0
1150,691,672.1058,1081.5603,-0.006157627,1.0303069,-0.23217924,-8.472973e-06,1.0561437606811523,-0.00018748654074157836,-0.002711653508459298,2.9198743728285543,0.0,0.0,0.0
1151,691,672.1571,1081.5486,-0.0062390515,1.0176828,-0.22934937,-5.8886444e-06,1.0432063341140747,-0.00014860437257177615,-0.0028454063529449996,2.9198743728285543,0.0,0.0,0.0
1152,691,672.20654,1081.5375,-0.0061892984,0.9665266,-0.21783036,-4.4486683e-06,0.9907692670822144,-0.00011824432801755019,-0.0027627942636929007,2.919874905460772,0.0,0.0,0.0
1153,691,672.2536,1081.5269,-0.0060366583,0.91790813,-0.2068805,-2.8322709e-06,0.9409329891204834,-9.427592697077302e-05,-0.002510189793258332,2.9198765033574263,0.0,0.0,0.0
1154,691,672.2982,1081.5167,-0.0058385083,0.8717243,-0.19647709,-1.4495124e-06,0.8935918807983398,-7.616638279429823e-05,-0.0021833179783701303,2.9198767696735355,0.0,0.0,0.0
1155,691,672.3407,1081.5072,-0.0056329104,0.827857,-0.18659414,3.8621877e-07,0.8486251831054688,-6.231795325320885e-05,-0.001843929176321393,2.9198783675701896,0.0,0.0,0.0
1156,691,672.3809,1081.498,-0.0054431628,0.78619367,-0.17720641,-2.0502972e-07,0.8059172034263611,-5.16653088928919e-05,-0.0015306471551851885,2.9198789002024075,0.0,0.0,0.0
1157,691,672.4192,1081.4895,-0.0052819964,0.74662477,-0.1682898,2.0979785e-07,0.7653561234474182,-4.314321372294499e-05,-0.0012648104931957764,2.9198794328346254,0.0,0.0,0.0
1158,691,672.4555,1081.4813,-0.0051550386,0.70904607,-0.15982103,-4.3866825e-07,0.7268349528312683,-3.675161897943216e-05,-0.001055240586371138,2.9198807644151703,0.0,0.0,0.0
1159,691,672.49005,1081.4735,-0.005062995,0.67335814,-0.15177785,-5.1019026e-07,0.690251886844635,-3.1425317117580335e-05,-0.0009034871525965767,2.9198810307312795,0.0,0.0,0.0
1160,691,672.5228,1081.4662,-0.005003629,0.63946617,-0.14413916,-4.2913197e-07,0.6555097699165344,-2.716424718246956e-05,-0.000805258705431917,2.9198815633634974,0.0,0.0,0.0
1161,691,672.5539,1081.4591,-0.004973111,0.6072799,-0.13688464,-2.8131984e-07,0.6225160956382751,-2.3435807433543967e-05,-0.0007550715777302526,2.9198828949440427,0.0,0.0,0.0
1162,691,672.5834,1081.4525,-0.0049669123,0.57671326,-0.12999503,-1.9549346e-07,0.5911826491355896,-2.0772652438956726e-05,-0.0007447003988083866,2.9198831612601515,0.0,0.0,0.0
1163,691,672.6114,1081.4462,-0.004980211,0.54768455,-0.12345195,-6.961475e-07,0.5614256262779236,-1.810950557169215e-05,-0.0007667541164183737,2.91988369389237,0.0,0.0,0.0
1164,691,672.63806,1081.4401,-0.0050086686,0.52011645,-0.117237985,-3.4330557e-07,0.5331658720970154,-1.5978975683713423e-05,-0.0008136033852118008,2.9198839602084785,0.0,0.0,0.0
1165,691,672.6633,1081.4346,-0.005048275,0.49393523,-0.11133662,-4.2913197e-07,0.5063278079032898,-1.4381065822766556e-05,-0.000879049268628872,2.9198847591568056,0.08,0.0,0.0
1166,691,672.68695,1081.4291,-0.0050809095,0.46742874,-0.10536129,4.4343636e-07,0.47915616631507874,-1.2783178311957008e-05,-0.0009326934342982979,2.9198852917890235,0.16,0.0,0.0
1167,691,672.7092,1081.4242,-0.0051083136,0.43825138,-0.098784365,-1.0013079e-07,0.44924673438072205,-1.171791286000998e-05,-0.0009778737411283158,2.919885824421242,0.24,0.0,0.0
1168,691,672.73,1081.4196,-0.005130801,0.40781868,-0.091924414,1.2397146e-07,0.41805046796798706,-1.0652640296655622e-05,-0.0010149478563346612,2.9198860907373505,0.32,0.0,0.0
1169,691,672.74896,1081.4152,-0.0051376866,0.3718702,-0.08382085,4.5774078e-07,0.3811999261379242,-1.0120025349200432e-05,-0.001026391906866571,2.919887422317896,0.4,0.0,0.0
1170,691,672.7659,1081.4113,-0.00511384,0.3274584,-0.07380923,1.5734838e-07,0.33567366003990173,-9.58739516301525e-06,-0.0009870528693806135,2.9198879549501138,0.48000000000000004,0.0,0.0
1171,691,672.7804,1081.4081,-0.005046792,0.27175152,-0.061250765,4.768133e-07,0.27856874465942383,-9.054757865422738e-06,-0.0008763074350554189,2.9198898191628766,0.56,0.0,0.0
1172,691,672.7918,1081.4055,-0.004930234,0.20063448,-0.045305084,-5.769441e-07,0.2056860327720642,-9.587378908369924e-06,-0.0006840228481067507,2.919903667600545,0.48000000000000004,0.0,0.0
1173,691,672.7998,1081.4037,-0.004775052,0.1353857,-0.029955857,5.2926276e-07,0.13866016268730164,-2.1305278561480576e-06,-0.00042784212813560564,2.9199404192235883,0.4,0.0,0.0
1174,691,672.8045,1081.4026,-0.004599938,0.06929826,-0.015260161,-1.0013079e-07,0.07095859199762344,-1.597896654047543e-06,-0.0001392364466140263,2.9199801003238304,0.32,0.0,0.0
1175,691,672.80646,1081.4022,-0.0044642207,0.020758407,-0.0044341236,-4.195957e-07,0.021226702257990837,-5.8589549061319904e-06,8.463858839408078e-05,2.920010726676366,0.24,0.0,0.0
1176,691,672.80634,1081.4022,-0.004396648,-0.017540326,0.0041181752,-7.629013e-08,0.018017280846834183,-9.587377892454592e-06,0.00019598006430870493,2.920031765648978,0.15999999999999998,0.0,0.0
1177,691,672.8044,1081.4028,-0.004403305,-0.04602584,0.0104500055,-4.625089e-07,0.04719724878668785,-1.2783173232380344e-05,0.00018537042973991842,2.9200453477705373,0.07999999999999997,0.0,0.0
1178,691,672.8012,1081.4037,-0.0044789696,-0.067505494,0.015202354,5.244946e-08,0.06919611990451813,-1.4913700072613067e-05,6.0200688171730816e-05,2.9200477446155184,0.0,0.0,0.0
1179,691,672.79675,1081.4044,-0.00458261,-0.09853661,0.022194041,-4.7681333e-08,0.10100514441728592,-1.5446333306544248e-05,-0.00011074542619787205,2.9200389561839213,0.0,0.0,0.0
1180,691,672.7913,1081.4058,-0.004724703,-0.11132027,0.02507659,-2.4794292e-07,0.11410976946353912,-1.4913701088528401e-05,-0.0003451108598239827,2.920039488816139,0.0,0.0,0.0
1181,691,672.7857,1081.4073,-0.0049024723,-0.11748147,0.026465332,3.2900118e-07,0.12042553722858429,-1.3315812561803521e-05,-0.0006382465159419488,2.920040021448357,0.0,0.0,0.0
1182,691,672.7794,1081.4089,-0.005109229,-0.11740177,0.026447793,-6.8661114e-07,0.12034393101930618,-1.171791286000998e-05,-0.0009794234590136195,2.920040021448357,0.0,0.0,0.0
1183,691,672.77313,1081.4104,-0.0053247213,-0.11730706,0.026426503,-5.340309e-07,0.12024684995412827,-9.587376876539259e-06,-0.0013349055952873402,2.920040021448357,0.0,0.0,0.0
1184,691,672.76685,1081.412,-0.005530381,-0.11721345,0.026405176,-1.1634245e-06,0.1201508492231369,-7.989492921433377e-06,-0.0016741751532579716,2.920040021448357,0.0,0.0,0.0
1185,691,672.7612,1081.4136,-0.005715847,-0.11712052,0.026383914,-7.53365e-07,0.12005551904439926,-6.391606426539162e-06,-0.001980185366224336,2.920040021448357,0.0,0.0,0.0
1186,691,672.7557,1081.4152,-0.005876026,-0.117027916,0.026362665,-1.5687158e-06,0.11996050924062729,-4.793703676999622e-06,-0.0022445914893879687,2.920040021448357,0.0,0.0,0.0
1187,691,672.75024,1081.4167,-0.0060096835,-0.116935395,0.026341405,-6.8661114e-07,0.11986557394266129,-3.7284156209364386e-06,-0.00246489030736879,2.920040021448357,0.0,0.0,0.0
1188,691,672.74475,1081.4182,-0.0061178445,-0.11684286,0.026320202,-1.392295e-06,0.11977064609527588,-2.6631552485660743e-06,-0.002643227433349725,2.920040021448357,0.0,0.0,0.0
1189,691,672.73926,1081.4198,-0.006202931,-0.11675021,0.026299028,-8.105826e-08,0.11967560648918152,-2.130554015967878e-06,-0.0027835367515737955,2.920040021448357,0.0,0.0,0.0
1190,691,672.7338,1081.4214,-0.0062680338,-0.11665744,0.02627784,-6.675386e-07,0.11958044767379761,-1.5978942412486274e-06,-0.0028910634410316957,2.920039488816139,0.0,0.0,0.0
1191,691,672.72833,1081.423,-0.0063164807,-0.116628185,0.026271014,-2.0979785e-07,0.11955040693283081,-1.0652629756534044e-06,-0.0029710529407884468,2.920040021448357,0.0,0.0,0.0
1192,691,672.7225,1081.4246,-0.0063496637,-0.11729844,0.026421815,-1.7165279e-07,0.12023741751909256,-1.065292373703348e-06,-0.0030256508640269736,2.920040021448357,0.0,0.0,0.0
1193,691,672.71655,1081.426,-0.0063727233,-0.1169079,0.026333673,-5.5787154e-07,0.11983706057071686,-5.326316783108271e-07,-0.0030635592976685703,2.920040021448357,0.0,0.0,0.0
1194,691,672.71106,1081.4276,-0.006390133,-0.1158987,0.026106274,-3.6714624e-07,0.11880254745483398,-5.326608541292916e-07,-0.003092408042191719,2.920040021448357,0.0,0.0,0.0
1195,691,672.7056,1081.4292,-0.006404185,-0.114539064,0.02579999,-1.7165279e-07,0.11740884184837341,-5.326608541292916e-07,-0.0031154155173708066,2.920040021448357,0.0,0.0,0.0
1196,691,672.70013,1081.4308,-0.0064159106,-0.112986244,0.025450187,1.1920333e-07,0.1158171147108078,-5.326317735528895e-07,-0.003134846450429702,2.920040021448357,0.0,-4.6773319259101765e-06,0.0
1197,691,672.6947,1081.4324,-0.006425743,-0.111332454,0.025077108,-2.8608798e-07,0.11412176489830017,-5.326317735528895e-07,-0.00315105896371421,2.920040021448357,0.0,0.0,0.0
1198,691,672.6892,1081.4338,-0.0064339587,-0.10963115,0.024694461,1.4304399e-08,0.11237795650959015,-5.326900616951103e-07,-0.003164529513388102,2.920040021448357,0.0,0.0,0.0
1199,691,672.6886,1081.4341,-0.0067092893,-0.0019217135,0.0004272182,-1.974007e-06,0.001968629425391555,1.6071239272893997e-07,-0.0036189553012207906,2.9200474782994092,0.0,0.0,0.0
1200,691,672.6886,1081.4341,-0.006882906,-0.00096405065,0.0002112132,-1.1729608e-06,0.0009869174100458622,1.2713522585119567e-06,-0.0039055345811282597,2.9200477446155184,0.0,0.0,0.0
1201,691,672.6885,1081.4341,-0.00695662,-0.00030817543,6.5653396e-05,-1.1348156e-06,0.00031509323162026703,2.1333861339369592e-06,-0.004027008796572475,2.9200477446155184,0.0,0.0,0.0
1202,691,672.6885,1081.4341,-0.0069636246,0.00011730467,-2.8028984e-05,-4.9588584e-07,0.00012060785957146436,2.5991675673492954e-06,-0.004038452847104385,2.9200477446155184,0.0,0.0,0.0
1203,691,672.6885,1081.4341,-0.006928997,0.00037197236,-8.3396044e-05,-2.4794292e-07,0.0003812065115198493,2.6607513389097785e-06,-0.00398123233437051,2.9200477446155184,0.0,0.0,0.0
1204,691,672.6886,1081.4341,-0.006870956,0.0005038892,-0.00011166573,6.293935e-07,0.0005161142908036709,2.4375803921504083e-06,-0.0038855072976416737,2.9200477446155184,0.0,0.0,0.0
1205,691,672.6886,1081.4341,-0.00680254,0.0005510348,-0.000121828365,6.198573e-07,0.0005643420154228806,2.050030026899883e-06,-0.00377261605507781,2.9200477446155184,0.0,0.0,0.0
1206,691,672.6886,1081.4341,-0.0067323493,0.00054263533,-0.00011950994,4.911177e-07,0.0005556401447393,1.5864311605907031e-06,-0.0036568639949367127,2.9200477446155184,0.0,-0.22040394447559927,0.0
1207,691,672.6886,1081.4341,-0.006705427,0.00012420335,-2.8968672e-05,7.772057e-07,0.0001275392423849553,1.3985645415411472e-06,-0.0036122797134414786,2.9200477446155184,0.0,-0.22545291906521642,0.0
1208,691,672.6886,1081.4341,-0.006680617,0.00023912721,-5.8474434e-05,1.4018311e-06,0.0002461768744979054,1.1978338945897021e-06,-0.003571510202148323,2.9200477446155184,0.0,0.0,0.0
1209,691,672.6886,1081.4341,-0.0066456413,0.00029407526,-6.5417895e-05,4.3866825e-07,0.00030126390629447997,9.949787146984878e-07,-0.0035138127131020265,2.9200477446155184,0.0,0.0,0.0
1210,691,672.6886,1081.4341,-0.006606793,0.0003078872,-6.793097e-05,1.392295e-06,0.0003152952413074672,7.703829466848312e-07,-0.003449797498547897,2.9200477446155184,0.0,0.0,0.0
1211,691,672.6886,1081.4341,-0.0065681646,0.00029545216,-6.498238e-05,5.9124847e-07,0.00030251452699303627,5.007342226696392e-07,-0.0033861396261165968,2.9200477446155184,0.0,0.0,0.0
1212,691,672.6886,1081.4341,-0.0065323925,0.00026752925,-5.891357e-05,-6.0078474e-07,0.00027393989148549736,2.3402517665939144e-07,-0.0033271311023969517,2.9200477446155184,0.0,0.0,0.0
1213,691,672.6886,1081.4341,-0.0065007685,0.00023206443,-5.105366e-05,9.5362665e-08,0.00023761393094900995,2.9103985812834724e-11,-0.0032749175405718863,2.9200477446155184,0.0,0.0,0.0
1214,691,672.6886,1081.4341,-0.0064738747,0.00019435883,-4.2770313e-05,-2.1456599e-07,0.00019900930055882782,0.0,-0.0032305714871585386,2.9200477446155184,0.0,0.0,0.0
1215,691,672.6886,1081.4341,-0.0064738747,0.0,-0.0,0.0,0.0,0.0,-0.0032305714871585386,2.9200477446155184,0.0,0.0,0.0
1216,691,672.6886,1081.4341,-0.0064738747,0.0,-0.0,0.0,0.0,0.0,-0.0032305714871585386,2.9200477446155184,0.0,0.0,0.0
1217,691,672.6886,1081.4341,-0.0064738747,0.0,-0.0,0.0,0.0,0.0,-0.0032305714871585386,2.9200477446155184,0.0,0.0,0.0
1218,691,672.6886,1081.4341,-0.0064738747,0.0,-0.0,0.0,0.0,0.0,-0.0032305714871585386,2.9200477446155184,0.0,0.0,0.0
1219,691,672.6886,1081.4341,-0.0064738747,0.0,-0.0,0.0,0.0,0.0,-0.0032305714871585386,2.9200477446155184,0.0,0.0,0.0
1220,691,672.6886,1081.4341,-0.0064738747,0.0,-0.0,0.0,0.0,0.0,-0.0032305714871585386,2.9200477446155184,0.0,0.0,0.0
1221,691,672.6886,1081.4341,-0.0064738747,0.0,-0.0,0.0,0.0,0.0,-0.0032305714871585386,2.9200477446155184,0.0,0.0,0.0
1222,691,672.6886,1081.4341,-0.0064738747,0.0,-0.0,0.0,0.0,0.0,-0.0032305714871585386,2.9200477446155184,0.0,0.0,0.0
1223,691,672.6886,1081.4341,-0.0064738747,0.0,-0.0,0.0,0.0,0.0,-0.0032305714871585386,2.9200477446155184,0.0,0.0,0.0
1224,691,672.6886,1081.4341,-0.0064738747,0.0,-0.0,0.0,0.0,0.0,-0.0032305714871585386,2.9200477446155184,0.0,0.0,0.0
1225,691,672.6886,1081.4341,-0.0064738747,0.0,-0.0,0.0,0.0,0.0,-0.0032305714871585386,2.9200477446155184,0.0,0.0,0.0
1226,691,672.6886,1081.4341,-0.0064738747,0.0,-0.0,0.0,0.0,0.0,-0.0032305714871585386,2.9200477446155184,0.0,0.0,0.0
1227,691,672.6886,1081.4341,-0.0064738747,0.0,-0.0,0.0,0.0,0.0,-0.0032305714871585386,2.9200477446155184,0.0,0.0,0.0
1228,691,672.6886,1081.4341,-0.0064738747,0.0,-0.0,0.0,0.0,0.0,-0.0032305714871585386,2.9200477446155184,0.0,0.0,0.0
1229,691,672.6886,1081.4341,-0.0064738747,0.0,-0.0,0.0,0.0,0.0,-0.0032305714871585386,2.9200477446155184,0.0,0.0,0.0
1230,691,672.6886,1081.4341,-0.0064738747,0.0,-0.0,0.0,0.0,0.0,-0.0032305714871585386,2.9200477446155184,0.0,0.0,0.0
1231,691,672.6886,1081.4341,-0.0064738747,0.0,-0.0,0.0,0.0,0.0,-0.0032305714871585386,2.9200477446155184,0.0,0.0,0.0
1232,691,672.6886,1081.4341,-0.0064738747,0.0,-0.0,0.0,0.0,0.0,-0.0032305714871585386,2.9200477446155184,0.0,0.0,0.0
1233,691,672.6886,1081.4341,-0.0064738747,0.0,-0.0,0.0,0.0,0.0,-0.0032305714871585386,2.9200477446155184,0.0,0.0,0.0
1234,691,672.6886,1081.4341,-0.0064738747,0.0,-0.0,0.0,0.0,0.0,-0.0032305714871585386,2.9200477446155184,0.0,0.0,0.0
1235,691,672.6886,1081.4341,-0.0064738747,0.0,-0.0,0.0,0.0,0.0,-0.0032305714871585386,2.9200477446155184,0.0,0.0,0.0
1236,691,672.6886,1081.4341,-0.0064738747,0.0,-0.0,0.0,0.0,0.0,-0.0032305714871585386,2.9200477446155184,0.0,0.0,0.0
1237,691,672.6886,1081.4341,-0.0064738747,0.0,-0.0,0.0,0.0,0.0,-0.0032305714871585386,2.9200477446155184,0.0,0.0,0.0
1238,691,672.6886,1081.4341,-0.0064738747,0.0,-0.0,0.0,0.0,0.0,-0.0032305714871585386,2.9200477446155184,0.0,0.0,0.0
1239,691,672.6886,1081.4341,-0.0064738747,0.0,-0.0,0.0,0.0,0.0,-0.0032305714871585386,2.9200477446155184,0.0,0.0,0.0
1240,691,672.6886,1081.4341,-0.0064738747,0.0,-0.0,0.0,0.0,0.0,-0.0032305714871585386,2.9200477446155184,0.0,0.0,0.0
1241,691,672.6886,1081.4341,-0.0064738747,0.0,-0.0,0.0,0.0,0.0,-0.0032305714871585386,2.9200477446155184,0.0,0.0,0.0
1242,691,672.6886,1081.4341,-0.0064738747,0.0,-0.0,0.0,0.0,0.0,-0.0032305714871585386,2.9200477446155184,0.0,0.0,0.0
1243,691,672.6886,1081.4341,-0.0064738747,0.0,-0.0,0.0,0.0,0.0,-0.0032305714871585386,2.9200477446155184,0.0,0.0,0.0
1244,691,672.6886,1081.4341,-0.0064738747,0.0,-0.0,0.0,0.0,0.0,-0.0032305714871585386,2.9200477446155184,0.0,0.0,0.0
1245,691,672.6886,1081.4341,-0.0064738747,0.0,-0.0,0.0,0.0,0.0,-0.0032305714871585386,2.9200477446155184,0.0,0.0,0.0
1246,691,672.6886,1081.4341,-0.0064738747,0.0,-0.0,0.0,0.0,0.0,-0.0032305714871585386,2.9200477446155184,0.0,0.0,0.0
1247,691,672.6886,1081.4341,-0.0064738747,0.0,-0.0,0.0,0.0,0.0,-0.0032305714871585386,2.9200477446155184,0.0,0.0,0.0
1248,691,672.6886,1081.4341,-0.0064738747,0.0,-0.0,0.0,0.0,0.0,-0.0032305714871585386,2.9200477446155184,0.0,0.0,0.0
1249,691,672.6886,1081.4341,-0.0064738747,0.0,-0.0,0.0,0.0,0.0,-0.0032305714871585386,2.9200477446155184,0.0,0.0,0.0
1250,691,672.6886,1081.4341,-0.0064738747,0.0,-0.0,0.0,0.0,0.0,-0.0032305714871585386,2.9200477446155184,0.0,0.0,0.0
1251,691,672.6886,1081.4341,-0.0064738747,0.0,-0.0,0.0,0.0,0.0,-0.0032305714871585386,2.9200477446155184,0.0,0.0,0.0
1252,691,672.6886,1081.4341,-0.0064738747,0.0,-0.0,0.0,0.0,0.0,-0.0032305714871585386,2.9200477446155184,0.0,0.0,0.0
1253,691,672.6886,1081.4341,-0.0064738747,0.0,-0.0,0.0,0.0,0.0,-0.0032305714871585386,2.9200477446155184,0.0,0.0,0.0
1254,691,672.6886,1081.4341,-0.0064738747,0.0,-0.0,0.0,0.0,0.0,-0.0032305714871585386,2.9200477446155184,0.0,0.0,0.0
1255,691,672.6886,1081.4341,-0.0064738747,0.0,-0.0,0.0,0.0,0.0,-0.0032305714871585386,2.9200477446155184,0.0,0.0,0.0
1256,691,672.6886,1081.4341,-0.0064738747,0.0,-0.0,0.0,0.0,0.0,-0.0032305714871585386,2.9200477446155184,0.0,0.0,0.0
1257,691,672.6886,1081.4341,-0.0064738747,0.0,-0.0,0.0,0.0,0.0,-0.0032305714871585386,2.9200477446155184,0.0,0.0,0.0
1258,691,672.6886,1081.4341,-0.0064738747,0.0,-0.0,0.0,0.0,0.0,-0.0032305714871585386,2.9200477446155184,0.0,0.0,0.0
1259,691,672.6886,1081.4341,-0.0064738747,0.0,-0.0,0.0,0.0,0.0,-0.0032305714871585386,2.9200477446155184,0.0,0.0,0.0
1260,691,672.6886,1081.4341,-0.0064738747,0.0,-0.0,0.0,0.0,0.0,-0.0032305714871585386,2.9200477446155184,0.0,0.0,0.0
1261,691,672.6886,1081.4341,-0.0064738747,0.0,-0.0,0.0,0.0,0.0,-0.0032305714871585386,2.9200477446155184,0.0,0.0,0.0
1262,691,672.6886,1081.4341,-0.0064738747,0.0,-0.0,0.0,0.0,0.0,-0.0032305714871585386,2.9200477446155184,0.0,0.0,0.0
1263,691,672.6886,1081.4341,-0.0064738747,0.0,-0.0,0.0,0.0,0.0,-0.0032305714871585386,2.9200477446155184,0.0,0.0,0.0
1264,691,672.6886,1081.4341,-0.0064738747,0.0,-0.0,0.0,0.0,0.0,-0.0032305714871585386,2.9200477446155184,0.0,0.0,0.0
1265,691,672.6886,1081.4341,-0.0064738747,0.0,-0.0,0.0,0.0,0.0,-0.0032305714871585386,2.9200477446155184,0.0,0.0,0.0
1266,691,672.6886,1081.4341,-0.0064738747,0.0,-0.0,0.0,0.0,0.0,-0.0032305714871585386,2.9200477446155184,0.0,0.0,0.0
1267,691,672.6886,1081.4341,-0.0064738747,0.0,-0.0,0.0,0.0,0.0,-0.0032305714871585386,2.9200477446155184,0.0,0.0,0.0
1268,691,672.6886,1081.4341,-0.0064738747,0.0,-0.0,0.0,0.0,0.0,-0.0032305714871585386,2.9200477446155184,0.0,0.0,0.0
1269,691,672.6886,1081.4341,-0.0064738747,0.0,-0.0,0.0,0.0,0.0,-0.0032305714871585386,2.9200477446155184,0.0,0.0,0.0
1270,691,672.6886,1081.4341,-0.0064738747,0.0,-0.0,0.0,0.0,0.0,-0.0032305714871585386,2.9200477446155184,0.0,0.0,0.0
1271,691,672.6886,1081.4341,-0.0064738747,0.0,-0.0,0.0,0.0,0.0,-0.0032305714871585386,2.9200477446155184,0.0,0.0,0.0
1272,691,672.6886,1081.4341,-0.0064738747,0.0,-0.0,0.0,0.0,0.0,-0.0032305714871585386,2.9200477446155184,0.0,0.0,0.0
1273,691,672.6886,1081.4341,-0.0064738747,0.0,-0.0,0.0,0.0,0.0,-0.0032305714871585386,2.9200477446155184,0.0,0.0,0.0
1274,691,672.6886,1081.4341,-0.0064738747,0.0,-0.0,0.0,0.0,0.0,-0.0032305714871585386,2.9200477446155184,0.0,0.0,0.0
1275,691,672.6886,1081.4341,-0.0064738747,0.0,-0.0,0.0,0.0,0.0,-0.0032305714871585386,2.9200477446155184,0.0,0.0,0.0
1276,691,672.6886,1081.4341,-0.0064738747,0.0,-0.0,0.0,0.0,0.0,-0.0032305714871585386,2.9200477446155184,0.0,0.0,0.0
1277,691,672.6886,1081.4341,-0.0064738747,0.0,-0.0,0.0,0.0,0.0,-0.0032305714871585386,2.9200477446155184,0.0,0.0,0.0
1278,691,672.6886,1081.4341,-0.0064738747,0.0,-0.0,0.0,0.0,0.0,-0.0032305714871585386,2.9200477446155184,0.0,0.0,0.0
1279,691,672.6886,1081.4341,-0.0064738747,0.0,-0.0,0.0,0.0,0.0,-0.0032305714871585386,2.9200477446155184,0.0,0.0,0.0
1280,691,672.6886,1081.4341,-0.0064738747,0.0,-0.0,0.0,0.0,0.0,-0.0032305714871585386,2.9200477446155184,0.0,0.0,0.0
1281,691,672.6886,1081.4341,-0.0064738747,0.0,-0.0,0.0,0.0,0.0,-0.0032305714871585386,2.9200477446155184,0.0,0.0,0.0
1282,691,672.6886,1081.4341,-0.0064738747,0.0,-0.0,0.0,0.0,0.0,-0.0032305714871585386,2.9200477446155184,0.0,0.0,0.0
1283,691,672.6886,1081.4341,-0.0064738747,0.0,-0.0,0.0,0.0,0.0,-0.0032305714871585386,2.9200477446155184,0.0,0.0,0.0
1284,691,672.6886,1081.4341,-0.0064738747,0.0,-0.0,0.0,0.0,0.0,-0.0032305714871585386,2.9200477446155184,0.0,0.0,0.0
1285,691,672.6886,1081.4341,-0.0064738747,0.0,-0.0,0.0,0.0,0.0,-0.0032305714871585386,2.9200477446155184,0.0,0.0,0.0
1286,691,672.6886,1081.4341,-0.0064738747,0.0,-0.0,0.0,0.0,0.0,-0.0032305714871585386,2.9200477446155184,0.0,0.0,0.0
1287,691,672.6886,1081.4341,-0.0064738747,0.0,-0.0,0.0,0.0,0.0,-0.0032305714871585386,2.9200477446155184,0.0,0.0,0.0
1288,691,672.6886,1081.4341,-0.0064738747,0.0,-0.0,0.0,0.0,0.0,-0.0032305714871585386,2.9200477446155184,0.0,0.0,0.0
1289,691,672.6886,1081.4341,-0.0064738747,0.0,-0.0,0.0,0.0,0.0,-0.0032305714871585386,2.9200477446155184,0.0,0.0,0.0
1290,691,672.6886,1081.4341,-0.0064738747,0.0,-0.0,0.0,0.0,0.0,-0.0032305714871585386,2.9200477446155184,0.0,0.0,0.0
1291,691,672.6886,1081.4341,-0.0064738747,0.0,-0.0,0.0,0.0,0.0,-0.0032305714871585386,2.9200477446155184,0.0,0.0,0.0
1292,691,672.6886,1081.4341,-0.0064738747,0.0,-0.0,0.0,0.0,0.0,-0.0032305714871585386,2.9200477446155184,0.0,0.0,0.0
1293,691,672.6886,1081.4341,-0.0064738747,0.0,-0.0,0.0,0.0,0.0,-0.0032305714871585386,2.9200477446155184,0.0,0.0,0.0
1294,691,672.6886,1081.4341,-0.0064738747,0.0,-0.0,0.0,0.0,0.0,-0.0032305714871585386,2.9200477446155184,0.0,0.0,0.0
1295,691,672.6886,1081.4341,-0.0064738747,0.0,-0.0,0.0,0.0,0.0,-0.0032305714871585386,2.9200477446155184,0.0,0.0,0.0
1296,691,672.6886,1081.4341,-0.0064738747,0.0,-0.0,0.0,0.0,0.0,-0.0032305714871585386,2.9200477446155184,0.0,0.0,0.0
1297,691,672.6886,1081.4341,-0.0064738747,0.0,-0.0,0.0,0.0,0.0,-0.0032305714871585386,2.9200477446155184,0.0,0.0,0.0
1298,691,672.6886,1081.4341,-0.0064738747,0.0,-0.0,0.0,0.0,0.0,-0.0032305714871585386,2.9200477446155184,0.0,0.0,0.0
1299,691,672.6886,1081.4341,-0.0064738747,0.0,-0.0,0.0,0.0,0.0,-0.0032305714871585386,2.9200477446155184,0.0,0.0,0.0
1300,691,672.6886,1081.4341,-0.0064738747,0.0,-0.0,0.0,0.0,0.0,-0.0032305714871585386,2.9200477446155184,0.0,0.0,0.0
1301,691,672.6886,1081.4341,-0.0064738747,0.0,-0.0,0.0,0.0,0.0,-0.0032305714871585386,2.9200477446155184,0.0,0.0,0.0
1302,691,672.6886,1081.4341,-0.0064738747,0.0,-0.0,0.0,0.0,0.0,-0.0032305714871585386,2.9200477446155184,0.0,0.0,0.0
1303,691,672.6886,1081.4341,-0.0064738747,0.0,-0.0,0.0,0.0,0.0,-0.0032305714871585386,2.9200477446155184,0.0,0.0,0.0
1304,691,672.6886,1081.4341,-0.0064738747,0.0,-0.0,0.0,0.0,0.0,-0.0032305714871585386,2.9200477446155184,0.0,0.0,0.0
1305,691,672.6886,1081.4341,-0.0064738747,0.0,-0.0,0.0,0.0,0.0,-0.0032305714871585386,2.9200477446155184,0.0,0.0,0.0
1306,691,672.6886,1081.4341,-0.0064738747,0.0,-0.0,0.0,0.0,0.0,-0.0032305714871585386,2.9200477446155184,0.0,0.0,0.0
1307,691,672.6886,1081.4341,-0.0064738747,0.0,-0.0,0.0,0.0,0.0,-0.0032305714871585386,2.9200477446155184,0.0,0.0,0.0
1308,691,672.6886,1081.4341,-0.0064738747,0.0,-0.0,0.0,0.0,0.0,-0.0032305714871585386,2.9200477446155184,0.0,0.0,0.0
1309,691,672.6886,1081.4341,-0.0064738747,0.0,-0.0,0.0,0.0,0.0,-0.0032305714871585386,2.9200477446155184,0.0,0.0,0.0
1310,691,672.6886,1081.4341,-0.0064738747,0.0,-0.0,0.0,0.0,0.0,-0.0032305714871585386,2.9200477446155184,0.0,0.0,0.0
1311,691,672.6886,1081.4341,-0.0064738747,0.0,-0.0,0.0,0.0,0.0,-0.0032305714871585386,2.9200477446155184,0.0,0.0,0.0
1312,691,672.6886,1081.4341,-0.0064738747,0.0,-0.0,0.0,0.0,0.0,-0.0032305714871585386,2.9200477446155184,0.0,0.0,0.0
1313,691,672.6886,1081.4341,-0.0064738747,0.0,-0.0,0.0,0.0,0.0,-0.0032305714871585386,2.9200477446155184,0.0,0.0,0.0
1314,691,672.6886,1081.4341,-0.0064738747,0.0,-0.0,0.0,0.0,0.0,-0.0032305714871585386,2.9200477446155184,0.0,0.0,0.0
1315,691,672.6886,1081.4341,-0.0064738747,0.0,-0.0,0.0,0.0,0.0,-0.0032305714871585386,2.9200477446155184,0.0,0.0,0.0
1316,691,672.6886,1081.4341,-0.0064738747,0.0,-0.0,0.0,0.0,0.0,-0.0032305714871585386,2.9200477446155184,0.0,0.0,0.0
1317,691,672.6886,1081.4341,-0.0064738747,0.0,-0.0,0.0,0.0,0.0,-0.0032305714871585386,2.9200477446155184,0.0,0.0,0.0
1318,691,672.6886,1081.4341,-0.0064738747,0.0,-0.0,0.0,0.0,0.0,-0.0032305714871585386,2.9200477446155184,0.0,0.0,0.0
1319,691,672.6886,1081.4341,-0.0064738747,0.0,-0.0,0.0,0.0,0.0,-0.0032305714871585386,2.9200477446155184,0.0,0.0,0.0
1320,691,672.6886,1081.4341,-0.0064738747,0.0,-0.0,0.0,0.0,0.0,-0.0032305714871585386,2.9200477446155184,0.0,0.0,0.0
1321,691,672.6886,1081.4341,-0.0064738747,0.0,-0.0,0.0,0.0,0.0,-0.0032305714871585386,2.9200477446155184,0.0,0.0,0.0
1322,691,672.6886,1081.4341,-0.0064738747,0.0,-0.0,0.0,0.0,0.0,-0.0032305714871585386,2.9200477446155184,0.0,0.0,0.0
1323,691,672.6886,1081.4341,-0.0064738747,0.0,-0.0,0.0,0.0,0.0,-0.0032305714871585386,2.9200477446155184,0.0,0.0,0.0
1324,691,672.6886,1081.4341,-0.0064738747,0.0,-0.0,0.0,0.0,0.0,-0.0032305714871585386,2.9200477446155184,0.0,0.0,0.0
1325,691,672.6886,1081.4341,-0.0064738747,0.0,-0.0,0.0,0.0,0.0,-0.0032305714871585386,2.9200477446155184,0.0,0.0,0.0
1326,691,672.6886,1081.4341,-0.0064738747,0.0,-0.0,0.0,0.0,0.0,-0.0032305714871585386,2.9200477446155184,0.0,0.0,0.0
1327,691,672.6886,1081.4341,-0.0064738747,0.0,-0.0,0.0,0.0,0.0,-0.0032305714871585386,2.9200477446155184,0.0,0.0,0.0
1328,691,672.6886,1081.4341,-0.0064738747,0.0,-0.0,0.0,0.0,0.0,-0.0032305714871585386,2.9200477446155184,0.0,0.0,0.0
1329,691,672.6886,1081.4341,-0.0064738747,0.0,-0.0,0.0,0.0,0.0,-0.0032305714871585386,2.9200477446155184,0.0,0.0,0.0
1330,691,672.6886,1081.4341,-0.0064738747,0.0,-0.0,0.0,0.0,0.0,-0.0032305714871585386,2.9200477446155184,0.0,0.0,0.0
1331,691,672.6886,1081.4341,-0.0064738747,0.0,-0.0,0.0,0.0,0.0,-0.0032305714871585386,2.9200477446155184,0.0,0.0,0.0
1332,691,672.6886,1081.4341,-0.0064738747,0.0,-0.0,0.0,0.0,0.0,-0.0032305714871585386,2.9200477446155184,0.0,0.0,0.0
1333,691,672.6886,1081.4341,-0.0064738747,0.0,-0.0,0.0,0.0,0.0,-0.0032305714871585386,2.9200477446155184,0.0,0.0,0.0
1334,691,672.6886,1081.4341,-0.0064738747,0.0,-0.0,0.0,0.0,0.0,-0.0032305714871585386,2.9200477446155184,0.0,0.0,0.0
1335,691,672.6886,1081.4341,-0.0064738747,0.0,-0.0,0.0,0.0,0.0,-0.0032305714871585386,2.9200477446155184,0.0,0.0,0.0
1336,691,672.6886,1081.4341,-0.0064738747,0.0,-0.0,0.0,0.0,0.0,-0.0032305714871585386,2.9200477446155184,0.0,0.0,0.0
1337,691,672.6886,1081.4341,-0.0064738747,0.0,-0.0,0.0,0.0,0.0,-0.0032305714871585386,2.9200477446155184,0.0,0.0,0.0
1338,691,672.6886,1081.4341,-0.0064738747,0.0,-0.0,0.0,0.0,0.0,-0.0032305714871585386,2.9200477446155184,0.0,0.0,0.0
1339,691,672.6886,1081.4341,-0.0064738747,0.0,-0.0,0.0,0.0,0.0,-0.0032305714871585386,2.9200477446155184,0.0,0.0,0.0
1340,691,672.6886,1081.4341,-0.0064738747,0.0,-0.0,0.0,0.0,0.0,-0.0032305714871585386,2.9200477446155184,0.0,0.0,0.0
1341,691,672.6886,1081.4341,-0.0064738747,0.0,-0.0,0.0,0.0,0.0,-0.0032305714871585386,2.9200477446155184,0.0,0.0,0.0
1342,691,672.6886,1081.4341,-0.0064738747,0.0,-0.0,0.0,0.0,0.0,-0.0032305714871585386,2.9200477446155184,0.0,0.0,0.0
1343,691,672.6886,1081.4341,-0.0064738747,0.0,-0.0,0.0,0.0,0.0,-0.0032305714871585386,2.9200477446155184,0.0,0.0,0.0
1344,691,672.6886,1081.4341,-0.0064738747,0.0,-0.0,0.0,0.0,0.0,-0.0032305714871585386,2.9200477446155184,0.0,0.0,0.0
1345,691,672.6886,1081.4341,-0.0064738747,0.0,-0.0,0.0,0.0,0.0,-0.0032305714871585386,2.9200477446155184,0.0,0.0,0.0
1346,691,672.6886,1081.4341,-0.0064738747,0.0,-0.0,0.0,0.0,0.0,-0.0032305714871585386,2.9200477446155184,0.0,0.0,0.0
1347,691,672.6886,1081.4341,-0.0064738747,0.0,-0.0,0.0,0.0,0.0,-0.0032305714871585386,2.9200477446155184,0.0,0.0,0.0
1348,691,672.6886,1081.4341,-0.0064738747,0.0,-0.0,0.0,0.0,0.0,-0.0032305714871585386,2.9200477446155184,0.0,0.0,0.0
1349,691,672.6886,1081.4341,-0.0064738747,0.0,-0.0,0.0,0.0,0.0,-0.0032305714871585386,2.9200477446155184,0.0,0.0,0.0
1350,691,672.6886,1081.4341,-0.0064738747,0.0,-0.0,0.0,0.0,0.0,-0.0032305714871585386,2.9200477446155184,0.0,0.0,0.0
1351,691,672.6886,1081.4341,-0.0064738747,0.0,-0.0,0.0,0.0,0.0,-0.0032305714871585386,2.9200477446155184,0.0,0.0,0.0
1352,691,672.6886,1081.4341,-0.0064738747,0.0,-0.0,0.0,0.0,0.0,-0.0032305714871585386,2.9200477446155184,0.0,0.0,0.0
1353,691,672.6886,1081.4341,-0.0064738747,0.0,-0.0,0.0,0.0,0.0,-0.0032305714871585386,2.9200477446155184,0.0,0.0,0.0
1354,691,672.6886,1081.4341,-0.0064738747,0.0,-0.0,0.0,0.0,0.0,-0.0032305714871585386,2.9200477446155184,0.0,0.0,0.0
1355,691,672.6886,1081.4341,-0.0064738747,0.0,-0.0,0.0,0.0,0.0,-0.0032305714871585386,2.9200477446155184,0.0,0.0,0.0
1356,691,672.6886,1081.4341,-0.0064738747,0.0,-0.0,0.0,0.0,0.0,-0.0032305714871585386,2.9200477446155184,0.0,0.0,0.0
1357,691,672.6886,1081.4341,-0.0064738747,0.0,-0.0,0.0,0.0,0.0,-0.0032305714871585386,2.9200477446155184,0.0,0.0,0.0
1358,691,672.6886,1081.4341,-0.0064738747,0.0,-0.0,0.0,0.0,0.0,-0.0032305714871585386,2.9200477446155184,0.0,0.0,0.0
1359,691,672.6886,1081.4341,-0.0064738747,0.0,-0.0,0.0,0.0,0.0,-0.0032305714871585386,2.9200477446155184,0.0,0.0,0.0
1360,691,672.6886,1081.4341,-0.0064738747,0.0,-0.0,0.0,0.0,0.0,-0.0032305714871585386,2.9200477446155184,0.0,0.0,0.0
1361,691,672.6886,1081.4341,-0.0064738747,0.0,-0.0,0.0,0.0,0.0,-0.0032305714871585386,2.9200477446155184,0.0,0.0,0.0
1362,691,672.6886,1081.4341,-0.0064738747,0.0,-0.0,0.0,0.0,0.0,-0.0032305714871585386,2.9200477446155184,0.0,0.0,0.0
1363,691,672.6886,1081.4341,-0.0064738747,0.0,-0.0,0.0,0.0,0.0,-0.0032305714871585386,2.9200477446155184,0.0,0.0,0.0
1364,691,672.6886,1081.4341,-0.0064738747,0.0,-0.0,0.0,0.0,0.0,-0.0032305714871585386,2.9200477446155184,0.0,0.0,0.0
1365,691,672.6886,1081.4341,-0.0064738747,0.0,-0.0,0.0,0.0,0.0,-0.0032305714871585386,2.9200477446155184,0.0,0.0,0.0
1366,691,672.6886,1081.4341,-0.0064738747,0.0,-0.0,0.0,0.0,0.0,-0.0032305714871585386,2.9200477446155184,0.0,0.0,0.0
1367,691,672.6886,1081.4341,-0.0064738747,0.0,-0.0,0.0,0.0,0.0,-0.0032305714871585386,2.9200477446155184,0.0,0.0,0.0
1368,691,672.6886,1081.4341,-0.0064738747,0.0,-0.0,0.0,0.0,0.0,-0.0032305714871585386,2.9200477446155184,0.0,0.0,0.0
1369,691,672.6886,1081.4341,-0.0064738747,0.0,-0.0,0.0,0.0,0.0,-0.0032305714871585386,2.9200477446155184,0.0,0.0,0.0
1370,691,672.6886,1081.4341,-0.0064738747,0.0,-0.0,0.0,0.0,0.0,-0.0032305714871585386,2.9200477446155184,0.0,0.0,0.0
1371,691,672.6886,1081.4341,-0.0064738747,0.0,-0.0,0.0,0.0,0.0,-0.0032305714871585386,2.9200477446155184,0.0,0.0,0.0
1372,691,672.6886,1081.4341,-0.0064738747,0.0,-0.0,0.0,0.0,0.0,-0.0032305714871585386,2.9200477446155184,0.0,0.0,0.0
1373,691,672.6886,1081.4341,-0.0064738747,0.0,-0.0,0.0,0.0,0.0,-0.0032305714871585386,2.9200477446155184,0.0,0.0,0.0
1374,691,672.6886,1081.4341,-0.0064738747,0.0,-0.0,0.0,0.0,0.0,-0.0032305714871585386,2.9200477446155184,0.0,0.0,0.0
1375,691,672.6886,1081.4341,-0.0064738747,0.0,-0.0,0.0,0.0,0.0,-0.0032305714871585386,2.9200477446155184,0.0,0.0,0.0
1376,691,672.6886,1081.4341,-0.0064738747,0.0,-0.0,0.0,0.0,0.0,-0.0032305714871585386,2.9200477446155184,0.0,0.0,0.0
1377,691,672.6886,1081.4341,-0.0064738747,0.0,-0.0,0.0,0.0,0.0,-0.0032305714871585386,2.9200477446155184,0.0,0.0,0.0
1378,691,672.6886,1081.4341,-0.0064738747,0.0,-0.0,0.0,0.0,0.0,-0.0032305714871585386,2.9200477446155184,0.0,0.0,0.0
1379,691,672.6886,1081.4341,-0.0064738747,0.0,-0.0,0.0,0.0,0.0,-0.0032305714871585386,2.9200477446155184,0.0,0.0,0.0
1380,691,672.6886,1081.4341,-0.0064738747,0.0,-0.0,0.0,0.0,0.0,-0.0032305714871585386,2.9200477446155184,0.0,0.0,0.0
1381,691,672.6886,1081.4341,-0.0064738747,0.0,-0.0,0.0,0.0,0.0,-0.0032305714871585386,2.9200477446155184,0.0,0.0,0.0
1382,691,672.6886,1081.4341,-0.0064738747,0.0,-0.0,0.0,0.0,0.0,-0.0032305714871585386,2.9200477446155184,0.0,0.0,0.0
1383,691,672.6886,1081.4341,-0.0064738747,0.0,-0.0,0.0,0.0,0.0,-0.0032305714871585386,2.9200477446155184,0.0,0.0,0.0
1384,691,672.6886,1081.4341,-0.0064738747,0.0,-0.0,0.0,0.0,0.0,-0.0032305714871585386,2.9200477446155184,0.0,0.0,0.0
1385,691,672.6886,1081.4341,-0.0064738747,0.0,-0.0,0.0,0.0,0.0,-0.0032305714871585386,2.9200477446155184,0.0,0.0,0.0
1386,691,672.6886,1081.4341,-0.0064738747,0.0,-0.0,0.0,0.0,0.0,-0.0032305714871585386,2.9200477446155184,0.0,0.0,0.0
1387,691,672.6886,1081.4341,-0.0064738747,0.0,-0.0,0.0,0.0,0.0,-0.0032305714871585386,2.9200477446155184,0.0,0.0,0.0
1388,691,672.6886,1081.4341,-0.0064738747,0.0,-0.0,0.0,0.0,0.0,-0.0032305714871585386,2.9200477446155184,0.0,0.0,0.0
1389,691,672.6886,1081.4341,-0.0064738747,0.0,-0.0,0.0,0.0,0.0,-0.0032305714871585386,2.9200477446155184,0.0,0.0,0.0
1390,691,672.6886,1081.4341,-0.0064738747,0.0,-0.0,0.0,0.0,0.0,-0.0032305714871585386,2.9200477446155184,0.0,0.0,0.0
1391,691,672.6886,1081.4341,-0.0064738747,0.0,-0.0,0.0,0.0,0.0,-0.0032305714871585386,2.9200477446155184,0.0,0.0,0.0
1392,691,672.6886,1081.4341,-0.0064738747,0.0,-0.0,0.0,0.0,0.0,-0.0032305714871585386,2.9200477446155184,0.0,0.0,0.0
1393,691,672.6886,1081.4341,-0.0064738747,0.0,-0.0,0.0,0.0,0.0,-0.0032305714871585386,2.9200477446155184,0.0,0.0,0.0
1394,691,672.6886,1081.4341,-0.0064738747,0.0,-0.0,0.0,0.0,0.0,-0.0032305714871585386,2.9200477446155184,0.0,0.0,0.0
1395,691,672.6886,1081.4341,-0.0064738747,0.0,-0.0,0.0,0.0,0.0,-0.0032305714871585386,2.9200477446155184,0.0,0.0,0.0
1396,691,672.6886,1081.4341,-0.0064738747,0.0,-0.0,0.0,0.0,0.0,-0.0032305714871585386,2.9200477446155184,0.0,0.0,0.0
1397,691,672.6886,1081.4341,-0.0064738747,0.0,-0.0,0.0,0.0,0.0,-0.0032305714871585386,2.9200477446155184,0.0,0.0,0.0
1398,691,672.6886,1081.4341,-0.0064738747,0.0,-0.0,0.0,0.0,0.0,-0.0032305714871585386,2.9200477446155184,0.0,0.0,0.0
1399,691,672.6886,1081.4341,-0.0064738747,0.0,-0.0,0.0,0.0,0.0,-0.0032305714871585386,2.9200477446155184,0.0,0.0,0.0
1400,691,672.6886,1081.4341,-0.0064738747,0.0,-0.0,0.0,0.0,0.0,-0.0032305714871585386,2.9200477446155184,0.0,0.0,0.0
1401,691,672.6886,1081.4341,-0.0064738747,0.0,-0.0,0.0,0.0,0.0,-0.0032305714871585386,2.9200477446155184,0.0,0.0,0.0
1402,691,672.6886,1081.4341,-0.0064738747,0.0,-0.0,0.0,0.0,0.0,-0.0032305714871585386,2.9200477446155184,0.0,0.0,0.0
1403,691,672.6886,1081.4341,-0.0064738747,0.0,-0.0,0.0,0.0,0.0,-0.0032305714871585386,2.9200477446155184,0.0,0.0,0.0
1404,691,672.6886,1081.4341,-0.0064738747,0.0,-0.0,0.0,0.0,0.0,-0.0032305714871585386,2.9200477446155184,0.0,0.0,0.0
1405,691,672.6886,1081.4341,-0.0064738747,0.0,-0.0,0.0,0.0,0.0,-0.0032305714871585386,2.9200477446155184,0.0,0.0,0.0
1406,691,672.6886,1081.4341,-0.0064738747,0.0,-0.0,0.0,0.0,0.0,-0.0032305714871585386,2.9200477446155184,0.0,0.0,0.0
1407,691,672.6886,1081.4341,-0.0064738747,0.0,-0.0,0.0,0.0,0.0,-0.0032305714871585386,2.9200477446155184,0.0,0.0,0.0
1408,691,672.6886,1081.4341,-0.0064738747,0.0,-0.0,0.0,0.0,0.0,-0.0032305714871585386,2.9200477446155184,0.0,0.0,0.0
1409,691,672.6886,1081.4341,-0.0064738747,0.0,-0.0,0.0,0.0,0.0,-0.0032305714871585386,2.9200477446155184,0.0,0.0,0.0
1410,691,672.6886,1081.4341,-0.0064738747,0.0,-0.0,0.0,0.0,0.0,-0.0032305714871585386,2.9200477446155184,0.0,0.0,0.0
1411,691,672.6886,1081.4341,-0.0064738747,0.0,-0.0,0.0,0.0,0.0,-0.0032305714871585386,2.9200477446155184,0.0,0.0,0.0
1412,691,672.6886,1081.4341,-0.0064738747,0.0,-0.0,0.0,0.0,0.0,-0.0032305714871585386,2.9200477446155184,0.0,0.0,0.0
1413,691,672.6886,1081.4341,-0.0064738747,0.0,-0.0,0.0,0.0,0.0,-0.0032305714871585386,2.9200477446155184,0.0,0.0,0.0
1414,691,672.6886,1081.4341,-0.0064738747,0.0,-0.0,0.0,0.0,0.0,-0.0032305714871585386,2.9200477446155184,0.0,0.0,0.0
1415,691,672.6886,1081.4341,-0.0064738747,0.0,-0.0,0.0,0.0,0.0,-0.0032305714871585386,2.9200477446155184,0.0,0.0,0.0
1416,691,672.6886,1081.4341,-0.0064738747,0.0,-0.0,0.0,0.0,0.0,-0.0032305714871585386,2.9200477446155184,0.0,0.0,0.0
1417,691,672.6886,1081.4341,-0.0064738747,0.0,-0.0,0.0,0.0,0.0,-0.0032305714871585386,2.9200477446155184,0.0,0.0,0.0
1418,691,672.6886,1081.4341,-0.0064738747,0.0,-0.0,0.0,0.0,0.0,-0.0032305714871585386,2.9200477446155184,0.0,0.0,0.0
1419,691,672.6886,1081.4341,-0.0064738747,0.0,-0.0,0.0,0.0,0.0,-0.0032305714871585386,2.9200477446155184,0.0,0.0,0.0
1420,691,672.6886,1081.4341,-0.0064738747,0.0,-0.0,0.0,0.0,0.0,-0.0032305714871585386,2.9200477446155184,0.0,0.0,0.0
1421,691,672.6886,1081.4341,-0.0064738747,0.0,-0.0,0.0,0.0,0.0,-0.0032305714871585386,2.9200477446155184,0.0,0.0,0.0
1422,691,672.6886,1081.4341,-0.0064738747,0.0,-0.0,0.0,0.0,0.0,-0.0032305714871585386,2.9200477446155184,0.0,0.0,0.0
1423,691,672.6886,1081.4341,-0.0064738747,0.0,-0.0,0.0,0.0,0.0,-0.0032305714871585386,2.9200477446155184,0.0,0.0,0.0
1424,691,672.6886,1081.4341,-0.0064738747,0.0,-0.0,0.0,0.0,0.0,-0.0032305714871585386,2.9200477446155184,0.0,0.0,0.0
1425,691,672.6886,1081.4341,-0.0064738747,0.0,-0.0,0.0,0.0,0.0,-0.0032305714871585386,2.9200477446155184,0.0,0.0,0.0
1426,691,672.6886,1081.4341,-0.0064738747,0.0,-0.0,0.0,0.0,0.0,-0.0032305714871585386,2.9200477446155184,0.0,0.0,0.0
1427,691,672.6886,1081.4341,-0.0064738747,0.0,-0.0,0.0,0.0,0.0,-0.0032305714871585386,2.9200477446155184,0.0,0.0,0.0
1428,691,672.6886,1081.4341,-0.0064738747,0.0,-0.0,0.0,0.0,0.0,-0.0032305714871585386,2.9200477446155184,0.0,0.0,0.0
1429,691,672.6886,1081.4341,-0.0064738747,0.0,-0.0,0.0,0.0,0.0,-0.0032305714871585386,2.9200477446155184,0.0,0.0,0.0
1430,691,672.6886,1081.4341,-0.0064738747,0.0,-0.0,0.0,0.0,0.0,-0.0032305714871585386,2.9200477446155184,0.0,0.0,0.0
1431,691,672.6886,1081.4341,-0.0064738747,0.0,-0.0,0.0,0.0,0.0,-0.0032305714871585386,2.9200477446155184,0.0,0.0,0.0
1432,691,672.6886,1081.4341,-0.0064738747,0.0,-0.0,0.0,0.0,0.0,-0.0032305714871585386,2.9200477446155184,0.0,0.0,0.0
1433,691,672.6886,1081.4341,-0.0064738747,0.0,-0.0,0.0,0.0,0.0,-0.0032305714871585386,2.9200477446155184,0.0,0.0,0.0
1434,691,672.6886,1081.4341,-0.0064738747,0.0,-0.0,0.0,0.0,0.0,-0.0032305714871585386,2.9200477446155184,0.0,0.0,0.0
1435,691,672.6886,1081.4341,-0.0064738747,0.0,-0.0,0.0,0.0,0.0,-0.0032305714871585386,2.9200477446155184,0.0,0.0,0.0
1436,691,672.6886,1081.4341,-0.0064738747,0.0,-0.0,0.0,0.0,0.0,-0.0032305714871585386,2.9200477446155184,0.0,0.0,0.0
1437,691,672.6886,1081.4341,-0.0064738747,0.0,-0.0,0.0,0.0,0.0,-0.0032305714871585386,2.9200477446155184,0.0,0.0,0.0
1438,691,672.6886,1081.4341,-0.0064738747,0.0,-0.0,0.0,0.0,0.0,-0.0032305714871585386,2.9200477446155184,0.0,0.0,0.0
1439,691,672.6886,1081.4341,-0.0064738747,0.0,-0.0,0.0,0.0,0.0,-0.0032305714871585386,2.9200477446155184,0.0,0.0,0.0
1440,691,672.6886,1081.4341,-0.0064738747,0.0,-0.0,0.0,0.0,0.0,-0.0032305714871585386,2.9200477446155184,0.0,0.0,0.0
1441,691,672.6886,1081.4341,-0.0064738747,0.0,-0.0,0.0,0.0,0.0,-0.0032305714871585386,2.9200477446155184,0.0,0.0,0.0
1442,691,672.6886,1081.4341,-0.0064738747,0.0,-0.0,0.0,0.0,0.0,-0.0032305714871585386,2.9200477446155184,0.0,0.0,0.0
1443,691,672.6886,1081.4341,-0.0064738747,0.0,-0.0,0.0,0.0,0.0,-0.0032305714871585386,2.9200477446155184,0.0,0.0,0.0
1444,691,672.6886,1081.4341,-0.0064738747,0.0,-0.0,0.0,0.0,0.0,-0.0032305714871585386,2.9200477446155184,0.0,0.0,0.0
1445,691,672.6886,1081.4341,-0.0064738747,0.0,-0.0,0.0,0.0,0.0,-0.0032305714871585386,2.9200477446155184,0.0,0.0,0.0
1446,691,672.6886,1081.4341,-0.0064738747,0.0,-0.0,0.0,0.0,0.0,-0.0032305714871585386,2.9200477446155184,0.0,0.0,0.0
1447,691,672.6886,1081.4341,-0.0064738747,0.0,-0.0,0.0,0.0,0.0,-0.0032305714871585386,2.9200477446155184,0.0,0.0,0.0
1448,691,672.6886,1081.4341,-0.0064738747,0.0,-0.0,0.0,0.0,0.0,-0.0032305714871585386,2.9200477446155184,0.0,0.0,0.0
1449,691,672.6886,1081.4341,-0.0064738747,0.0,-0.0,0.0,0.0,0.0,-0.0032305714871585386,2.9200477446155184,0.0,0.0,0.0
1450,691,672.6886,1081.4341,-0.0064738747,0.0,-0.0,0.0,0.0,0.0,-0.0032305714871585386,2.9200477446155184,0.0,0.0,0.0
1451,691,672.6886,1081.4341,-0.0064738747,0.0,-0.0,0.0,0.0,0.0,-0.0032305714871585386,2.9200477446155184,0.0,0.0,0.0
1452,691,672.6886,1081.4341,-0.0064738747,0.0,-0.0,0.0,0.0,0.0,-0.0032305714871585386,2.9200477446155184,0.0,0.0,0.0
1453,691,672.6886,1081.4341,-0.0064738747,0.0,-0.0,0.0,0.0,0.0,-0.0032305714871585386,2.9200477446155184,0.0,0.0,0.0
1454,691,672.6886,1081.4341,-0.0064738747,0.0,-0.0,0.0,0.0,0.0,-0.0032305714871585386,2.9200477446155184,0.0,0.0,0.0
1455,691,672.6886,1081.4341,-0.0064738747,0.0,-0.0,0.0,0.0,0.0,-0.0032305714871585386,2.9200477446155184,0.0,0.0,0.0
1456,691,672.6886,1081.4341,-0.0064738747,0.0,-0.0,0.0,0.0,0.0,-0.0032305714871585386,2.9200477446155184,0.0,0.0,0.0
1457,691,672.6886,1081.4341,-0.0064738747,0.0,-0.0,0.0,0.0,0.0,-0.0032305714871585386,2.9200477446155184,0.0,0.0,0.0
1458,691,672.6886,1081.4341,-0.0064738747,0.0,-0.0,0.0,0.0,0.0,-0.0032305714871585386,2.9200477446155184,0.0,0.0,0.0
1459,691,672.6886,1081.4341,-0.0064738747,0.0,-0.0,0.0,0.0,0.0,-0.0032305714871585386,2.9200477446155184,0.0,0.0,0.0
1460,691,672.6886,1081.4341,-0.0064738747,0.0,-0.0,0.0,0.0,0.0,-0.0032305714871585386,2.9200477446155184,0.0,0.0,0.0
1461,691,672.6886,1081.4341,-0.0064738747,0.0,-0.0,0.0,0.0,0.0,-0.0032305714871585386,2.9200477446155184,0.0,0.0,0.0
1462,691,672.6886,1081.4341,-0.0064738747,0.0,-0.0,0.0,0.0,0.0,-0.0032305714871585386,2.9200477446155184,0.0,0.0,0.0
1463,691,672.6886,1081.4341,-0.0064738747,0.0,-0.0,0.0,0.0,0.0,-0.0032305714871585386,2.9200477446155184,0.0,0.0,0.0
1464,691,672.6886,1081.4341,-0.0064738747,0.0,-0.0,0.0,0.0,0.0,-0.0032305714871585386,2.9200477446155184,0.0,0.0,0.0
1465,691,672.6886,1081.4341,-0.0064738747,0.0,-0.0,0.0,0.0,0.0,-0.0032305714871585386,2.9200477446155184,0.0,0.0,0.0
1466,691,672.6886,1081.4341,-0.0064738747,0.0,-0.0,0.0,0.0,0.0,-0.0032305714871585386,2.9200477446155184,0.0,0.0,0.0
1467,691,672.6886,1081.4341,-0.0064738747,0.0,-0.0,0.0,0.0,0.0,-0.0032305714871585386,2.9200477446155184,0.0,0.0,0.0
1468,691,672.6886,1081.4341,-0.0064738747,0.0,-0.0,0.0,0.0,0.0,-0.0032305714871585386,2.9200477446155184,0.0,0.0,0.0
1469,691,672.6886,1081.4341,-0.0064738747,0.0,-0.0,0.0,0.0,0.0,-0.0032305714871585386,2.9200477446155184,0.0,0.0,0.0
1470,691,672.6886,1081.4341,-0.0064738747,0.0,-0.0,0.0,0.0,0.0,-0.0032305714871585386,2.9200477446155184,0.0,0.0,0.0
1471,691,672.6886,1081.4341,-0.0064738747,0.0,-0.0,0.0,0.0,0.0,-0.0032305714871585386,2.9200477446155184,0.0,0.0,0.0
1472,691,672.6886,1081.4341,-0.0064738747,0.0,-0.0,0.0,0.0,0.0,-0.0032305714871585386,2.9200477446155184,0.0,0.0,0.0
1473,691,672.6886,1081.4341,-0.0064738747,0.0,-0.0,0.0,0.0,0.0,-0.0032305714871585386,2.9200477446155184,0.0,0.0,0.0
1474,691,672.6886,1081.4341,-0.0064738747,0.0,-0.0,0.0,0.0,0.0,-0.0032305714871585386,2.9200477446155184,0.0,0.0,0.0
1475,691,672.6886,1081.4341,-0.0064738747,0.0,-0.0,0.0,0.0,0.0,-0.0032305714871585386,2.9200477446155184,0.0,0.0,0.0
1476,691,672.6886,1081.4341,-0.0064738747,0.0,-0.0,0.0,0.0,0.0,-0.0032305714871585386,2.9200477446155184,0.0,0.0,0.0
1477,691,672.6886,1081.4341,-0.0064738747,0.0,-0.0,0.0,0.0,0.0,-0.0032305714871585386,2.9200477446155184,0.0,0.0,0.0
1478,691,672.6886,1081.4341,-0.0064738747,0.0,-0.0,0.0,0.0,0.0,-0.0032305714871585386,2.9200477446155184,0.0,0.0,0.0
1479,691,672.6886,1081.4341,-0.0064738747,0.0,-0.0,0.0,0.0,0.0,-0.0032305714871585386,2.9200477446155184,0.0,0.0,0.0
1480,691,672.6886,1081.4341,-0.0064738747,0.0,-0.0,0.0,0.0,0.0,-0.0032305714871585386,2.9200477446155184,0.0,0.0,0.0
1481,691,672.6886,1081.4341,-0.0064738747,0.0,-0.0,0.0,0.0,0.0,-0.0032305714871585386,2.9200477446155184,0.0,0.0,0.0
1482,691,672.6886,1081.4341,-0.0064738747,0.0,-0.0,0.0,0.0,0.0,-0.0032305714871585386,2.9200477446155184,0.0,0.0,0.0
1483,691,672.6886,1081.4341,-0.0064738747,0.0,-0.0,0.0,0.0,0.0,-0.0032305714871585386,2.9200477446155184,0.0,0.0,0.0
1484,691,672.6886,1081.4341,-0.0064738747,0.0,-0.0,0.0,0.0,0.0,-0.0032305714871585386,2.9200477446155184,0.0,0.0,0.0
1485,691,672.6886,1081.4341,-0.0064738747,0.0,-0.0,0.0,0.0,0.0,-0.0032305714871585386,2.9200477446155184,0.0,0.0,0.0
1486,691,672.6886,1081.4341,-0.0064738747,0.0,-0.0,0.0,0.0,0.0,-0.0032305714871585386,2.9200477446155184,0.0,0.0,0.0
1487,691,672.6886,1081.4341,-0.0064738747,0.0,-0.0,0.0,0.0,0.0,-0.0032305714871585386,2.9200477446155184,0.0,0.0,0.0
1488,691,672.6886,1081.4341,-0.0064738747,0.0,-0.0,0.0,0.0,0.0,-0.0032305714871585386,2.9200477446155184,0.0,0.0,0.0
1489,691,672.6886,1081.4341,-0.0064738747,0.0,-0.0,0.0,0.0,0.0,-0.0032305714871585386,2.9200477446155184,0.0,0.0,0.0
1490,691,672.6886,1081.4341,-0.0064738747,0.0,-0.0,0.0,0.0,0.0,-0.0032305714871585386,2.9200477446155184,0.0,0.0,0.0
1491,691,672.6886,1081.4341,-0.0064738747,0.0,-0.0,0.0,0.0,0.0,-0.0032305714871585386,2.9200477446155184,0.0,0.0,0.0
1492,691,672.6886,1081.4341,-0.0064738747,0.0,-0.0,0.0,0.0,0.0,-0.0032305714871585386,2.9200477446155184,0.0,0.0,0.0
1493,691,672.6886,1081.4341,-0.0064738747,0.0,-0.0,0.0,0.0,0.0,-0.0032305714871585386,2.9200477446155184,0.0,0.0,0.0
1494,691,672.6886,1081.4341,-0.0064738747,0.0,-0.0,0.0,0.0,0.0,-0.0032305714871585386,2.9200477446155184,0.0,0.0,0.0
1495,691,672.6886,1081.4341,-0.0064738747,0.0,-0.0,0.0,0.0,0.0,-0.0032305714871585386,2.9200477446155184,0.0,0.0,0.0
1496,691,672.6886,1081.4341,-0.0064738747,0.0,-0.0,0.0,0.0,0.0,-0.0032305714871585386,2.9200477446155184,0.0,0.0,0.0
1497,691,672.6886,1081.4341,-0.0064738747,0.0,-0.0,0.0,0.0,0.0,-0.0032305714871585386,2.9200477446155184,0.0,0.0,0.0
1498,691,672.6886,1081.4341,-0.0064738747,0.0,-0.0,0.0,0.0,0.0,-0.0032305714871585386,2.9200477446155184,0.0,0.0,0.0
1499,691,672.6886,1081.4341,-0.0064738747,0.0,-0.0,0.0,0.0,0.0,-0.0032305714871585386,2.9200477446155184,0.0,0.0,0.0
1500,691,672.6886,1081.4341,-0.0064738747,0.0,-0.0,0.0,0.0,0.0,-0.0032305714871585386,2.9200477446155184,0.0,0.0,0.0
1501,691,672.6886,1081.4341,-0.0064738747,0.0,-0.0,0.0,0.0,0.0,-0.0032305714871585386,2.9200477446155184,0.0,0.0,0.0
1502,691,672.6886,1081.4341,-0.0064738747,0.0,-0.0,0.0,0.0,0.0,-0.0032305714871585386,2.9200477446155184,0.0,0.0,0.0
1503,691,672.6886,1081.4341,-0.0064738747,0.0,-0.0,0.0,0.0,0.0,-0.0032305714871585386,2.9200477446155184,0.0,0.0,0.0
1504,691,672.6886,1081.4341,-0.0064738747,0.0,-0.0,0.0,0.0,0.0,-0.0032305714871585386,2.9200477446155184,0.0,0.0,0.0
1505,691,672.6886,1081.4341,-0.0064738747,0.0,-0.0,0.0,0.0,0.0,-0.0032305714871585386,2.9200477446155184,0.0,0.0,0.0
1506,691,672.6886,1081.4341,-0.0064738747,0.0,-0.0,0.0,0.0,0.0,-0.0032305714871585386,2.9200477446155184,0.0,0.0,0.0
1507,691,672.6886,1081.4341,-0.0064738747,0.0,-0.0,0.0,0.0,0.0,-0.0032305714871585386,2.9200477446155184,0.0,0.0,0.0
1508,691,672.6886,1081.4341,-0.0064738747,0.0,-0.0,0.0,0.0,0.0,-0.0032305714871585386,2.9200477446155184,0.0,0.0,0.0
1509,691,672.6886,1081.4341,-0.0064738747,0.0,-0.0,0.0,0.0,0.0,-0.0032305714871585386,2.9200477446155184,0.0,0.0,0.0
1510,691,672.6886,1081.4341,-0.0064738747,0.0,-0.0,0.0,0.0,0.0,-0.0032305714871585386,2.9200477446155184,0.0,0.0,0.0
1511,691,672.6886,1081.4341,-0.0064738747,0.0,-0.0,0.0,0.0,0.0,-0.0032305714871585386,2.9200477446155184,0.0,0.0,0.0
1512,691,672.6886,1081.4341,-0.0064738747,0.0,-0.0,0.0,0.0,0.0,-0.0032305714871585386,2.9200477446155184,0.0,0.0,0.0
1513,691,672.6886,1081.4341,-0.0064738747,0.0,-0.0,0.0,0.0,0.0,-0.0032305714871585386,2.9200477446155184,0.0,0.0,0.0
1514,691,672.6886,1081.4341,-0.0064738747,0.0,-0.0,0.0,0.0,0.0,-0.0032305714871585386,2.9200477446155184,0.0,0.0,0.0
1515,691,672.6886,1081.4341,-0.0064738747,0.0,-0.0,0.0,0.0,0.0,-0.0032305714871585386,2.9200477446155184,0.0,0.0,0.0
1516,691,672.6886,1081.4341,-0.0064738747,0.0,-0.0,0.0,0.0,0.0,-0.0032305714871585386,2.9200477446155184,0.0,0.0,0.0
1517,691,672.6886,1081.4341,-0.0064738747,0.0,-0.0,0.0,0.0,0.0,-0.0032305714871585386,2.9200477446155184,0.0,0.0,0.0
1518,691,672.6886,1081.4341,-0.0064738747,0.0,-0.0,0.0,0.0,0.0,-0.0032305714871585386,2.9200477446155184,0.0,0.0,0.0
1519,691,672.6886,1081.4341,-0.0064738747,0.0,-0.0,0.0,0.0,0.0,-0.0032305714871585386,2.9200477446155184,0.0,0.0,0.0
1520,691,672.6886,1081.4341,-0.0064738747,0.0,-0.0,0.0,0.0,0.0,-0.0032305714871585386,2.9200477446155184,0.0,0.0,0.0
1521,691,672.6886,1081.4341,-0.0064738747,0.0,-0.0,0.0,0.0,0.0,-0.0032305714871585386,2.9200477446155184,0.0,0.0,0.0
1522,691,672.6886,1081.4341,-0.0064738747,0.0,-0.0,0.0,0.0,0.0,-0.0032305714871585386,2.9200477446155184,0.0,0.0,0.0
1523,691,672.6886,1081.4341,-0.0064738747,0.0,-0.0,0.0,0.0,0.0,-0.0032305714871585386,2.9200477446155184,0.0,0.0,0.0
1524,691,672.6886,1081.4341,-0.0064738747,0.0,-0.0,0.0,0.0,0.0,-0.0032305714871585386,2.9200477446155184,0.0,0.0,0.0
1525,691,672.6886,1081.4341,-0.0064738747,0.0,-0.0,0.0,0.0,0.0,-0.0032305714871585386,2.9200477446155184,0.0,0.0,0.0
1526,691,672.6886,1081.4341,-0.0064738747,0.0,-0.0,0.0,0.0,0.0,-0.0032305714871585386,2.9200477446155184,0.0,0.0,0.0
1527,691,672.6886,1081.4341,-0.0064738747,0.0,-0.0,0.0,0.0,0.0,-0.0032305714871585386,2.9200477446155184,0.0,0.0,0.0
1528,691,672.6886,1081.4341,-0.0064738747,0.0,-0.0,0.0,0.0,0.0,-0.0032305714871585386,2.9200477446155184,0.0,0.0,0.0
1529,691,672.6886,1081.4341,-0.0064738747,0.0,-0.0,0.0,0.0,0.0,-0.0032305714871585386,2.9200477446155184,0.0,0.0,0.0
1530,691,672.6886,1081.4341,-0.0064738747,0.0,-0.0,0.0,0.0,0.0,-0.0032305714871585386,2.9200477446155184,0.0,0.0,0.0
1531,691,672.6886,1081.4341,-0.0064738747,0.0,-0.0,0.0,0.0,0.0,-0.0032305714871585386,2.9200477446155184,0.0,0.0,0.0
1532,691,672.6886,1081.4341,-0.0064738747,0.0,-0.0,0.0,0.0,0.0,-0.0032305714871585386,2.9200477446155184,0.0,0.0,0.0
1533,691,672.6886,1081.4341,-0.0064738747,0.0,-0.0,0.0,0.0,0.0,-0.0032305714871585386,2.9200477446155184,0.0,0.0,0.0
1534,691,672.6886,1081.4341,-0.0064738747,0.0,-0.0,0.0,0.0,0.0,-0.0032305714871585386,2.9200477446155184,0.0,0.0,0.0
1535,691,672.6886,1081.4341,-0.0064738747,0.0,-0.0,0.0,0.0,0.0,-0.0032305714871585386,2.9200477446155184,0.0,0.0,0.0
1536,691,672.6886,1081.4341,-0.0064738747,0.0,-0.0,0.0,0.0,0.0,-0.0032305714871585386,2.9200477446155184,0.0,0.0,0.0
1537,691,672.6886,1081.4341,-0.0064738747,0.0,-0.0,0.0,0.0,0.0,-0.0032305714871585386,2.9200477446155184,0.0,0.0,0.0
1538,691,672.6886,1081.4341,-0.0064738747,0.0,-0.0,0.0,0.0,0.0,-0.0032305714871585386,2.9200477446155184,0.0,0.0,0.0
1539,691,672.6886,1081.4341,-0.0064738747,0.0,-0.0,0.0,0.0,0.0,-0.0032305714871585386,2.9200477446155184,0.0,0.0,0.0
1540,691,672.6886,1081.4341,-0.0064738747,0.0,-0.0,0.0,0.0,0.0,-0.0032305714871585386,2.9200477446155184,0.0,0.0,0.0
1541,691,672.6886,1081.4341,-0.0064738747,0.0,-0.0,0.0,0.0,0.0,-0.0032305714871585386,2.9200477446155184,0.0,0.0,0.0
1542,691,672.6886,1081.4341,-0.0064738747,0.0,-0.0,0.0,0.0,0.0,-0.0032305714871585386,2.9200477446155184,0.0,0.0,0.0
1543,691,672.6886,1081.4341,-0.0064738747,0.0,-0.0,0.0,0.0,0.0,-0.0032305714871585386,2.9200477446155184,0.0,0.0,0.0
1544,691,672.6886,1081.4341,-0.0064738747,0.0,-0.0,0.0,0.0,0.0,-0.0032305714871585386,2.9200477446155184,0.0,0.0,0.0
1545,691,672.6886,1081.4341,-0.0064738747,0.0,-0.0,0.0,0.0,0.0,-0.0032305714871585386,2.9200477446155184,0.0,0.0,0.0
1546,691,672.6886,1081.4341,-0.0064738747,0.0,-0.0,0.0,0.0,0.0,-0.0032305714871585386,2.9200477446155184,0.0,0.0,0.0
1547,691,672.6886,1081.4341,-0.0064738747,0.0,-0.0,0.0,0.0,0.0,-0.0032305714871585386,2.9200477446155184,0.0,0.0,0.0
1548,691,672.6886,1081.4341,-0.0064738747,0.0,-0.0,0.0,0.0,0.0,-0.0032305714871585386,2.9200477446155184,0.0,0.0,0.0
1549,691,672.6886,1081.4341,-0.0064738747,0.0,-0.0,0.0,0.0,0.0,-0.0032305714871585386,2.9200477446155184,0.0,0.0,0.0
1550,691,672.6886,1081.4341,-0.0064738747,0.0,-0.0,0.0,0.0,0.0,-0.0032305714871585386,2.9200477446155184,0.0,0.0,0.0
1551,691,672.6886,1081.4341,-0.0064738747,0.0,-0.0,0.0,0.0,0.0,-0.0032305714871585386,2.9200477446155184,0.0,0.0,0.0
1552,691,672.6886,1081.4341,-0.0064738747,0.0,-0.0,0.0,0.0,0.0,-0.0032305714871585386,2.9200477446155184,0.0,0.0,0.0
1553,691,672.6886,1081.4341,-0.0064738747,0.0,-0.0,0.0,0.0,0.0,-0.0032305714871585386,2.9200477446155184,0.0,0.0,0.0
1554,691,672.6886,1081.4341,-0.0064738747,0.0,-0.0,0.0,0.0,0.0,-0.0032305714871585386,2.9200477446155184,0.0,0.0,0.0
1555,691,672.6886,1081.4341,-0.0064738747,0.0,-0.0,0.0,0.0,0.0,-0.0032305714871585386,2.9200477446155184,0.0,0.0,0.0
1556,691,672.6886,1081.4341,-0.0064738747,0.0,-0.0,0.0,0.0,0.0,-0.0032305714871585386,2.9200477446155184,0.0,0.0,0.0
1557,691,672.6886,1081.4341,-0.0064738747,0.0,-0.0,0.0,0.0,0.0,-0.0032305714871585386,2.9200477446155184,0.0,0.0,0.0
1558,691,672.6886,1081.4341,-0.0064738747,0.0,-0.0,0.0,0.0,0.0,-0.0032305714871585386,2.9200477446155184,0.0,0.0,0.0
1559,691,672.6886,1081.4341,-0.0064738747,0.0,-0.0,0.0,0.0,0.0,-0.0032305714871585386,2.9200477446155184,0.0,0.0,0.0
1560,691,672.6886,1081.4341,-0.0064738747,0.0,-0.0,0.0,0.0,0.0,-0.0032305714871585386,2.9200477446155184,0.0,0.0,0.0
1561,691,672.6886,1081.4341,-0.0064738747,0.0,-0.0,0.0,0.0,0.0,-0.0032305714871585386,2.9200477446155184,0.0,0.0,0.0
1562,691,672.6886,1081.4341,-0.0064738747,0.0,-0.0,0.0,0.0,0.0,-0.0032305714871585386,2.9200477446155184,0.0,0.0,0.0
1563,691,672.6886,1081.4341,-0.0064738747,0.0,-0.0,0.0,0.0,0.0,-0.0032305714871585386,2.9200477446155184,0.0,0.0,0.0
1564,691,672.6886,1081.4341,-0.0064738747,0.0,-0.0,0.0,0.0,0.0,-0.0032305714871585386,2.9200477446155184,0.0,0.0,0.0
1565,691,672.6886,1081.4341,-0.0064738747,0.0,-0.0,0.0,0.0,0.0,-0.0032305714871585386,2.9200477446155184,0.0,0.0,0.0
1566,691,672.6886,1081.4341,-0.0064738747,0.0,-0.0,0.0,0.0,0.0,-0.0032305714871585386,2.9200477446155184,0.0,0.0,0.0
1567,691,672.6886,1081.4341,-0.0064738747,0.0,-0.0,0.0,0.0,0.0,-0.0032305714871585386,2.9200477446155184,0.0,0.0,0.0
1568,691,672.6886,1081.4341,-0.0064738747,0.0,-0.0,0.0,0.0,0.0,-0.0032305714871585386,2.9200477446155184,0.0,0.0,0.0
1569,691,672.6886,1081.4341,-0.0064738747,0.0,-0.0,0.0,0.0,0.0,-0.0032305714871585386,2.9200477446155184,0.0,0.0,0.0
1570,691,672.6886,1081.4341,-0.0064738747,0.0,-0.0,0.0,0.0,0.0,-0.0032305714871585386,2.9200477446155184,0.0,0.0,0.0
1571,691,672.6886,1081.4341,-0.0064738747,0.0,-0.0,0.0,0.0,0.0,-0.0032305714871585386,2.9200477446155184,0.0,0.0,0.0
1572,691,672.6886,1081.4341,-0.0064738747,0.0,-0.0,0.0,0.0,0.0,-0.0032305714871585386,2.9200477446155184,0.0,0.0,0.0
1573,691,672.6886,1081.4341,-0.0064738747,0.0,-0.0,0.0,0.0,0.0,-0.0032305714871585386,2.9200477446155184,0.0,0.0,0.0
1574,691,672.6886,1081.4341,-0.0064738747,0.0,-0.0,0.0,0.0,0.0,-0.0032305714871585386,2.9200477446155184,0.0,0.0,0.0
1575,691,672.6886,1081.4341,-0.0064738747,0.0,-0.0,0.0,0.0,0.0,-0.0032305714871585386,2.9200477446155184,0.0,0.0,0.0
1576,691,672.6886,1081.4341,-0.0064738747,0.0,-0.0,0.0,0.0,0.0,-0.0032305714871585386,2.9200477446155184,0.0,0.0,0.0
1577,691,672.6886,1081.4341,-0.0064738747,0.0,-0.0,0.0,0.0,0.0,-0.0032305714871585386,2.9200477446155184,0.0,0.0,0.0
1578,691,672.6886,1081.4341,-0.0064738747,0.0,-0.0,0.0,0.0,0.0,-0.0032305714871585386,2.9200477446155184,0.0,0.0,0.0
1579,691,672.6886,1081.4341,-0.0064738747,0.0,-0.0,0.0,0.0,0.0,-0.0032305714871585386,2.9200477446155184,0.0,0.0,0.0
1580,691,672.6886,1081.4341,-0.0064738747,0.0,-0.0,0.0,0.0,0.0,-0.0032305714871585386,2.9200477446155184,0.0,0.0,0.0
1581,691,672.6886,1081.4341,-0.0064738747,0.0,-0.0,0.0,0.0,0.0,-0.0032305714871585386,2.9200477446155184,0.0,0.0,0.0
1582,691,672.6886,1081.4341,-0.0064738747,0.0,-0.0,0.0,0.0,0.0,-0.0032305714871585386,2.9200477446155184,0.0,0.0,0.0
1583,691,672.6886,1081.4341,-0.0064738747,0.0,-0.0,0.0,0.0,0.0,-0.0032305714871585386,2.9200477446155184,0.0,0.0,0.0
1584,691,672.6886,1081.4341,-0.0064738747,0.0,-0.0,0.0,0.0,0.0,-0.0032305714871585386,2.9200477446155184,0.0,0.0,0.0
1585,691,672.6886,1081.4341,-0.0064738747,0.0,-0.0,0.0,0.0,0.0,-0.0032305714871585386,2.9200477446155184,0.0,0.0,0.0
1586,691,672.6886,1081.4341,-0.0064738747,0.0,-0.0,0.0,0.0,0.0,-0.0032305714871585386,2.9200477446155184,0.0,0.0,0.0
1587,691,672.6886,1081.4341,-0.0064738747,0.0,-0.0,0.0,0.0,0.0,-0.0032305714871585386,2.9200477446155184,0.0,0.0,0.0
1588,691,672.6886,1081.4341,-0.0064738747,0.0,-0.0,0.0,0.0,0.0,-0.0032305714871585386,2.9200477446155184,0.0,0.0,0.0
1589,691,672.6886,1081.4341,-0.0064738747,0.0,-0.0,0.0,0.0,0.0,-0.0032305714871585386,2.9200477446155184,0.0,0.0,0.0
1590,691,672.6886,1081.4341,-0.0064738747,0.0,-0.0,0.0,0.0,0.0,-0.0032305714871585386,2.9200477446155184,0.0,0.0,0.0
1591,691,672.6886,1081.4341,-0.0064738747,0.0,-0.0,0.0,0.0,0.0,-0.0032305714871585386,2.9200477446155184,0.0,0.0,0.0
1592,691,672.6886,1081.4341,-0.0064738747,0.0,-0.0,0.0,0.0,0.0,-0.0032305714871585386,2.9200477446155184,0.0,0.0,0.0
1593,691,672.6886,1081.4341,-0.0064738747,0.0,-0.0,0.0,0.0,0.0,-0.0032305714871585386,2.9200477446155184,0.0,0.0,0.0
1594,691,672.6886,1081.4341,-0.0064738747,0.0,-0.0,0.0,0.0,0.0,-0.0032305714871585386,2.9200477446155184,0.0,0.0,0.0
1595,691,672.6886,1081.4341,-0.0064738747,0.0,-0.0,0.0,0.0,0.0,-0.0032305714871585386,2.9200477446155184,0.0,0.0,0.0
1596,691,672.6886,1081.4341,-0.0064738747,0.0,-0.0,0.0,0.0,0.0,-0.0032305714871585386,2.9200477446155184,0.0,0.0,0.0
1597,691,672.6886,1081.4341,-0.0064738747,0.0,-0.0,0.0,0.0,0.0,-0.0032305714871585386,2.9200477446155184,0.0,0.0,0.0
1598,691,672.6886,1081.4341,-0.0064738747,0.0,-0.0,0.0,0.0,0.0,-0.0032305714871585386,2.9200477446155184,0.0,0.0,0.0
1599,691,672.6886,1081.4341,-0.0064738747,0.0,-0.0,0.0,0.0,0.0,-0.0032305714871585386,2.9200477446155184,0.0,0.0,0.0
1600,691,672.6886,1081.4341,-0.0064738747,0.0,-0.0,0.0,0.0,0.0,-0.0032305714871585386,2.9200477446155184,0.0,0.0,0.0
1601,691,672.6886,1081.4341,-0.0064738747,0.0,-0.0,0.0,0.0,0.0,-0.0032305714871585386,2.9200477446155184,0.0,0.0,0.0
1602,691,672.6886,1081.4341,-0.0064738747,0.0,-0.0,0.0,0.0,0.0,-0.0032305714871585386,2.9200477446155184,0.0,0.0,0.0
1603,691,672.6886,1081.4341,-0.0064738747,0.0,-0.0,0.0,0.0,0.0,-0.0032305714871585386,2.9200477446155184,0.0,0.0,0.0
1604,691,672.6886,1081.4341,-0.0064738747,0.0,-0.0,0.0,0.0,0.0,-0.0032305714871585386,2.9200477446155184,0.0,0.0,0.0
1605,691,672.6886,1081.4341,-0.0064738747,0.0,-0.0,0.0,0.0,0.0,-0.0032305714871585386,2.9200477446155184,0.0,0.0,0.0
1606,691,672.6886,1081.4341,-0.0064738747,0.0,-0.0,0.0,0.0,0.0,-0.0032305714871585386,2.9200477446155184,0.0,0.0,0.0
1607,691,672.6886,1081.4341,-0.0064738747,0.0,-0.0,0.0,0.0,0.0,-0.0032305714871585386,2.9200477446155184,0.0,0.0,0.0
1608,691,672.6886,1081.4341,-0.0064738747,0.0,-0.0,0.0,0.0,0.0,-0.0032305714871585386,2.9200477446155184,0.0,0.0,0.0
1609,691,672.6886,1081.4341,-0.0064738747,0.0,-0.0,0.0,0.0,0.0,-0.0032305714871585386,2.9200477446155184,0.0,0.0,0.0
1610,691,672.6886,1081.4341,-0.0064738747,0.0,-0.0,0.0,0.0,0.0,-0.0032305714871585386,2.9200477446155184,0.0,0.0,0.0
1611,691,672.6886,1081.4341,-0.0064738747,0.0,-0.0,0.0,0.0,0.0,-0.0032305714871585386,2.9200477446155184,0.0,0.0,0.0
1612,691,672.6886,1081.4341,-0.0064738747,0.0,-0.0,0.0,0.0,0.0,-0.0032305714871585386,2.9200477446155184,0.0,0.0,0.0
1613,691,672.6886,1081.4341,-0.0064738747,0.0,-0.0,0.0,0.0,0.0,-0.0032305714871585386,2.9200477446155184,0.0,0.0,0.0
1614,691,672.6886,1081.4341,-0.0064738747,0.0,-0.0,0.0,0.0,0.0,-0.0032305714871585386,2.9200477446155184,0.0,0.0,0.0
1615,691,672.6886,1081.4341,-0.0064738747,0.0,-0.0,0.0,0.0,0.0,-0.0032305714871585386,2.9200477446155184,0.0,0.0,0.0
1616,691,672.6886,1081.4341,-0.0064738747,0.0,-0.0,0.0,0.0,0.0,-0.0032305714871585386,2.9200477446155184,0.0,0.0,0.0
1617,691,672.6886,1081.4341,-0.0064738747,0.0,-0.0,0.0,0.0,0.0,-0.0032305714871585386,2.9200477446155184,0.0,0.0,0.0
1618,691,672.6886,1081.4341,-0.0064738747,0.0,-0.0,0.0,0.0,0.0,-0.0032305714871585386,2.9200477446155184,0.0,0.0,0.0
1619,691,672.6886,1081.4341,-0.0064738747,0.0,-0.0,0.0,0.0,0.0,-0.0032305714871585386,2.9200477446155184,0.0,0.0,0.0
1620,691,672.6886,1081.4341,-0.0064738747,0.0,-0.0,0.0,0.0,0.0,-0.0032305714871585386,2.9200477446155184,0.0,0.0,0.0
1621,691,672.6886,1081.4341,-0.0064738747,0.0,-0.0,0.0,0.0,0.0,-0.0032305714871585386,2.9200477446155184,0.0,0.0,0.0
1622,691,672.6886,1081.4341,-0.0064738747,0.0,-0.0,0.0,0.0,0.0,-0.0032305714871585386,2.9200477446155184,0.0,0.0,0.0
1623,691,672.6886,1081.4341,-0.0064738747,0.0,-0.0,0.0,0.0,0.0,-0.0032305714871585386,2.9200477446155184,0.0,0.0,0.0
1624,691,672.6886,1081.4341,-0.0064738747,0.0,-0.0,0.0,0.0,0.0,-0.0032305714871585386,2.9200477446155184,0.0,0.0,0.0
1625,691,672.6886,1081.4341,-0.0064738747,0.0,-0.0,0.0,0.0,0.0,-0.0032305714871585386,2.9200477446155184,0.0,0.0,0.0
1626,691,672.6886,1081.4341,-0.0064738747,0.0,-0.0,0.0,0.0,0.0,-0.0032305714871585386,2.9200477446155184,0.0,0.0,0.0
1627,691,672.6886,1081.4341,-0.0064738747,0.0,-0.0,0.0,0.0,0.0,-0.0032305714871585386,2.9200477446155184,0.0,0.0,0.0
1628,691,672.6886,1081.4341,-0.0064738747,0.0,-0.0,0.0,0.0,0.0,-0.0032305714871585386,2.9200477446155184,0.0,0.0,0.0
1629,691,672.6886,1081.4341,-0.0064738747,0.0,-0.0,0.0,0.0,0.0,-0.0032305714871585386,2.9200477446155184,0.0,0.0,0.0
1630,691,672.6886,1081.4341,-0.0064738747,0.0,-0.0,0.0,0.0,0.0,-0.0032305714871585386,2.9200477446155184,0.0,0.0,0.0
1631,691,672.6886,1081.4341,-0.0064738747,0.0,-0.0,0.0,0.0,0.0,-0.0032305714871585386,2.9200477446155184,0.0,0.0,0.0
1632,691,672.6886,1081.4341,-0.0064738747,0.0,-0.0,0.0,0.0,0.0,-0.0032305714871585386,2.9200477446155184,0.0,0.0,0.0
1633,691,672.6886,1081.4341,-0.0064738747,0.0,-0.0,0.0,0.0,0.0,-0.0032305714871585386,2.9200477446155184,0.0,0.0,0.0
1634,691,672.6886,1081.4341,-0.0064738747,0.0,-0.0,0.0,0.0,0.0,-0.0032305714871585386,2.9200477446155184,0.0,0.0,0.0
1635,691,672.6886,1081.4341,-0.0064738747,0.0,-0.0,0.0,0.0,0.0,-0.0032305714871585386,2.9200477446155184,0.0,0.0,0.0
1636,691,672.6886,1081.4341,-0.0064738747,0.0,-0.0,0.0,0.0,0.0,-0.0032305714871585386,2.9200477446155184,0.0,0.0,0.0
1637,691,672.6886,1081.4341,-0.0064738747,0.0,-0.0,0.0,0.0,0.0,-0.0032305714871585386,2.9200477446155184,0.0,0.0,0.0
1638,691,672.6886,1081.4341,-0.0064738747,0.0,-0.0,0.0,0.0,0.0,-0.0032305714871585386,2.9200477446155184,0.0,0.0,0.0
1639,691,672.6886,1081.4341,-0.0064738747,0.0,-0.0,0.0,0.0,0.0,-0.0032305714871585386,2.9200477446155184,0.0,0.0,0.0
1640,691,672.6886,1081.4341,-0.0064738747,0.0,-0.0,0.0,0.0,0.0,-0.0032305714871585386,2.9200477446155184,0.0,0.0,0.0
1641,691,672.6886,1081.4341,-0.0064738747,0.0,-0.0,0.0,0.0,0.0,-0.0032305714871585386,2.9200477446155184,0.0,0.0,0.0
1642,691,672.6886,1081.4341,-0.0064738747,0.0,-0.0,0.0,0.0,0.0,-0.0032305714871585386,2.9200477446155184,0.0,0.0,0.0
1643,691,672.6886,1081.4341,-0.0064738747,0.0,-0.0,0.0,0.0,0.0,-0.0032305714871585386,2.9200477446155184,0.0,0.0,0.0
1644,691,672.6886,1081.4341,-0.0064738747,0.0,-0.0,0.0,0.0,0.0,-0.0032305714871585386,2.9200477446155184,0.0,0.0,0.0
1645,691,672.6886,1081.4341,-0.0064738747,0.0,-0.0,0.0,0.0,0.0,-0.0032305714871585386,2.9200477446155184,0.0,0.0,0.0
1646,691,672.6886,1081.4341,-0.0064738747,0.0,-0.0,0.0,0.0,0.0,-0.0032305714871585386,2.9200477446155184,0.0,0.0,0.0
1647,691,672.6886,1081.4341,-0.0064738747,0.0,-0.0,0.0,0.0,0.0,-0.0032305714871585386,2.9200477446155184,0.0,0.0,0.0
1648,691,672.6886,1081.4341,-0.0064738747,0.0,-0.0,0.0,0.0,0.0,-0.0032305714871585386,2.9200477446155184,0.0,0.0,0.0
1649,691,672.6886,1081.4341,-0.0064738747,0.0,-0.0,0.0,0.0,0.0,-0.0032305714871585386,2.9200477446155184,0.0,0.0,0.0
1650,691,672.6886,1081.4341,-0.0064738747,0.0,-0.0,0.0,0.0,0.0,-0.0032305714871585386,2.9200477446155184,0.0,0.0,0.0
1651,691,672.6886,1081.4341,-0.0064738747,0.0,-0.0,0.0,0.0,0.0,-0.0032305714871585386,2.9200477446155184,0.0,0.0,0.0
1652,691,672.6886,1081.4341,-0.0064738747,0.0,-0.0,0.0,0.0,0.0,-0.0032305714871585386,2.9200477446155184,0.0,0.0,0.0
1653,691,672.6886,1081.4341,-0.0064738747,0.0,-0.0,0.0,0.0,0.0,-0.0032305714871585386,2.9200477446155184,0.0,0.0,0.0
1654,691,672.6886,1081.4341,-0.0064738747,0.0,-0.0,0.0,0.0,0.0,-0.0032305714871585386,2.9200477446155184,0.0,0.0,0.0
1655,691,672.6886,1081.4341,-0.0064738747,0.0,-0.0,0.0,0.0,0.0,-0.0032305714871585386,2.9200477446155184,0.0,0.0,0.0
1656,691,672.6886,1081.4341,-0.0064738747,0.0,-0.0,0.0,0.0,0.0,-0.0032305714871585386,2.9200477446155184,0.0,0.0,0.0
1657,691,672.6886,1081.4341,-0.0064738747,0.0,-0.0,0.0,0.0,0.0,-0.0032305714871585386,2.9200477446155184,0.0,0.0,0.0
1658,691,672.6886,1081.4341,-0.0064738747,0.0,-0.0,0.0,0.0,0.0,-0.0032305714871585386,2.9200477446155184,0.0,0.0,0.0
1659,691,672.6886,1081.4341,-0.0064738747,0.0,-0.0,0.0,0.0,0.0,-0.0032305714871585386,2.9200477446155184,0.0,0.0,0.0
1660,691,672.6886,1081.4341,-0.0064738747,0.0,-0.0,0.0,0.0,0.0,-0.0032305714871585386,2.9200477446155184,0.0,0.0,0.0
1661,691,672.6886,1081.4341,-0.0064738747,0.0,-0.0,0.0,0.0,0.0,-0.0032305714871585386,2.9200477446155184,0.0,0.0,0.0
1662,691,672.6886,1081.4341,-0.0064738747,0.0,-0.0,0.0,0.0,0.0,-0.0032305714871585386,2.9200477446155184,0.0,0.0,0.0
1663,691,672.6886,1081.4341,-0.0064738747,0.0,-0.0,0.0,0.0,0.0,-0.0032305714871585386,2.9200477446155184,0.0,0.0,0.0
1664,691,672.6886,1081.4341,-0.0064738747,0.0,-0.0,0.0,0.0,0.0,-0.0032305714871585386,2.9200477446155184,0.0,0.0,0.0
1665,691,672.6886,1081.4341,-0.0064738747,0.0,-0.0,0.0,0.0,0.0,-0.0032305714871585386,2.9200477446155184,0.0,0.0,0.0
1666,691,672.6886,1081.4341,-0.0064738747,0.0,-0.0,0.0,0.0,0.0,-0.0032305714871585386,2.9200477446155184,0.0,0.0,0.0
1667,691,672.6886,1081.4341,-0.0064738747,0.0,-0.0,0.0,0.0,0.0,-0.0032305714871585386,2.9200477446155184,0.0,0.0,0.0
1668,691,672.6886,1081.4341,-0.0064738747,0.0,-0.0,0.0,0.0,0.0,-0.0032305714871585386,2.9200477446155184,0.0,0.0,0.0
1669,691,672.6886,1081.4341,-0.0064738747,0.0,-0.0,0.0,0.0,0.0,-0.0032305714871585386,2.9200477446155184,0.0,0.0,0.0
1670,691,672.6886,1081.4341,-0.0064738747,0.0,-0.0,0.0,0.0,0.0,-0.0032305714871585386,2.9200477446155184,0.0,0.0,0.0
1671,691,672.6886,1081.4341,-0.0064738747,0.0,-0.0,0.0,0.0,0.0,-0.0032305714871585386,2.9200477446155184,0.0,0.0,0.0
1672,691,672.6886,1081.4341,-0.0064738747,0.0,-0.0,0.0,0.0,0.0,-0.0032305714871585386,2.9200477446155184,0.0,0.0,0.0
1673,691,672.6886,1081.4341,-0.0064738747,0.0,-0.0,0.0,0.0,0.0,-0.0032305714871585386,2.9200477446155184,0.0,0.0,0.0
1674,691,672.6886,1081.4341,-0.0064738747,0.0,-0.0,0.0,0.0,0.0,-0.0032305714871585386,2.9200477446155184,0.0,0.0,0.0
1675,691,672.6886,1081.4341,-0.0064738747,0.0,-0.0,0.0,0.0,0.0,-0.0032305714871585386,2.9200477446155184,0.0,0.0,0.0
1676,691,672.6886,1081.4341,-0.0064738747,0.0,-0.0,0.0,0.0,0.0,-0.0032305714871585386,2.9200477446155184,0.0,0.0,0.0
1677,691,672.6886,1081.4341,-0.0064738747,0.0,-0.0,0.0,0.0,0.0,-0.0032305714871585386,2.9200477446155184,0.0,0.0,0.0
1678,691,672.6886,1081.4341,-0.0064738747,0.0,-0.0,0.0,0.0,0.0,-0.0032305714871585386,2.9200477446155184,0.0,0.0,0.0
1679,691,672.6886,1081.4341,-0.0064738747,0.0,-0.0,0.0,0.0,0.0,-0.0032305714871585386,2.9200477446155184,0.0,0.0,0.0
1680,691,672.6886,1081.4341,-0.0064738747,0.0,-0.0,0.0,0.0,0.0,-0.0032305714871585386,2.9200477446155184,0.0,0.0,0.0
1681,691,672.6886,1081.4341,-0.0064738747,0.0,-0.0,0.0,0.0,0.0,-0.0032305714871585386,2.9200477446155184,0.0,0.0,0.0
1682,691,672.6886,1081.4341,-0.0064738747,0.0,-0.0,0.0,0.0,0.0,-0.0032305714871585386,2.9200477446155184,0.0,0.0,0.0
1683,691,672.6886,1081.4341,-0.0064738747,0.0,-0.0,0.0,0.0,0.0,-0.0032305714871585386,2.9200477446155184,0.0,0.0,0.0
1684,691,672.6886,1081.4341,-0.0064738747,0.0,-0.0,0.0,0.0,0.0,-0.0032305714871585386,2.9200477446155184,0.0,0.0,0.0
1685,691,672.6886,1081.4341,-0.0064738747,0.0,-0.0,0.0,0.0,0.0,-0.0032305714871585386,2.9200477446155184,0.0,0.0,0.0
1686,691,672.6886,1081.4341,-0.0064738747,0.0,-0.0,0.0,0.0,0.0,-0.0032305714871585386,2.9200477446155184,0.0,0.0,0.0
1687,691,672.6886,1081.4341,-0.0064738747,0.0,-0.0,0.0,0.0,0.0,-0.0032305714871585386,2.9200477446155184,0.0,0.0,0.0
1688,691,672.6886,1081.4341,-0.0064738747,0.0,-0.0,0.0,0.0,0.0,-0.0032305714871585386,2.9200477446155184,0.0,0.0,0.0
1689,691,672.6886,1081.4341,-0.0064738747,0.0,-0.0,0.0,0.0,0.0,-0.0032305714871585386,2.9200477446155184,0.0,0.0,0.0
1690,691,672.6886,1081.4341,-0.0064738747,0.0,-0.0,0.0,0.0,0.0,-0.0032305714871585386,2.9200477446155184,0.0,0.0,0.0
1691,691,672.6886,1081.4341,-0.0064738747,0.0,-0.0,0.0,0.0,0.0,-0.0032305714871585386,2.9200477446155184,0.0,0.0,0.0
1692,691,672.6886,1081.4341,-0.0064738747,0.0,-0.0,0.0,0.0,0.0,-0.0032305714871585386,2.9200477446155184,0.0,0.0,0.0
1693,691,672.6886,1081.4341,-0.0064738747,0.0,-0.0,0.0,0.0,0.0,-0.0032305714871585386,2.9200477446155184,0.0,0.0,0.0
1694,691,672.6886,1081.4341,-0.0064738747,0.0,-0.0,0.0,0.0,0.0,-0.0032305714871585386,2.9200477446155184,0.0,0.0,0.0
1695,691,672.6886,1081.4341,-0.0064738747,0.0,-0.0,0.0,0.0,0.0,-0.0032305714871585386,2.9200477446155184,0.0,0.0,0.0
1696,691,672.6886,1081.4341,-0.0064738747,0.0,-0.0,0.0,0.0,0.0,-0.0032305714871585386,2.9200477446155184,0.0,0.0,0.0
1697,691,672.6886,1081.4341,-0.0064738747,0.0,-0.0,0.0,0.0,0.0,-0.0032305714871585386,2.9200477446155184,0.0,0.0,0.0
1698,691,672.6886,1081.4341,-0.0064738747,0.0,-0.0,0.0,0.0,0.0,-0.0032305714871585386,2.9200477446155184,0.0,0.0,0.0
1699,691,672.6886,1081.4341,-0.0064738747,0.0,-0.0,0.0,0.0,0.0,-0.0032305714871585386,2.9200477446155184,0.0,0.0,0.0
1700,691,672.6886,1081.4341,-0.0064738747,0.0,-0.0,0.0,0.0,0.0,-0.0032305714871585386,2.9200477446155184,0.0,0.0,0.0
1701,691,672.6886,1081.4341,-0.0064738747,0.0,-0.0,0.0,0.0,0.0,-0.0032305714871585386,2.9200477446155184,0.0,0.0,0.0
1702,691,672.6886,1081.4341,-0.0064738747,0.0,-0.0,0.0,0.0,0.0,-0.0032305714871585386,2.9200477446155184,0.0,0.0,0.0
1703,691,672.6886,1081.4341,-0.0064738747,0.0,-0.0,0.0,0.0,0.0,-0.0032305714871585386,2.9200477446155184,0.0,0.0,0.0
1704,691,672.6886,1081.4341,-0.0064738747,0.0,-0.0,0.0,0.0,0.0,-0.0032305714871585386,2.9200477446155184,0.0,0.0,0.0
1705,691,672.6886,1081.4341,-0.0064738747,0.0,-0.0,0.0,0.0,0.0,-0.0032305714871585386,2.9200477446155184,0.0,0.0,0.0
1706,691,672.6886,1081.4341,-0.0064738747,0.0,-0.0,0.0,0.0,0.0,-0.0032305714871585386,2.9200477446155184,0.0,0.0,0.0
1707,691,672.6886,1081.4341,-0.0064738747,0.0,-0.0,0.0,0.0,0.0,-0.0032305714871585386,2.9200477446155184,0.0,0.0,0.0
1708,691,672.6886,1081.4341,-0.0064738747,0.0,-0.0,0.0,0.0,0.0,-0.0032305714871585386,2.9200477446155184,0.0,0.0,0.0
1709,691,672.6886,1081.4341,-0.0064738747,0.0,-0.0,0.0,0.0,0.0,-0.0032305714871585386,2.9200477446155184,0.0,0.0,0.0
1710,691,672.6886,1081.4341,-0.0064738747,0.0,-0.0,0.0,0.0,0.0,-0.0032305714871585386,2.9200477446155184,0.0,0.0,0.0
1711,691,672.6886,1081.4341,-0.0064738747,0.0,-0.0,0.0,0.0,0.0,-0.0032305714871585386,2.9200477446155184,0.0,0.0,0.0
1712,691,672.6886,1081.4341,-0.0064738747,0.0,-0.0,0.0,0.0,0.0,-0.0032305714871585386,2.9200477446155184,0.0,0.0,0.0
1713,691,672.6886,1081.4341,-0.0064738747,0.0,-0.0,0.0,0.0,0.0,-0.0032305714871585386,2.9200477446155184,0.0,0.0,0.0
1714,691,672.6886,1081.4341,-0.0064738747,0.0,-0.0,0.0,0.0,0.0,-0.0032305714871585386,2.9200477446155184,0.0,0.0,0.0
1715,691,672.6886,1081.4341,-0.0064738747,0.0,-0.0,0.0,0.0,0.0,-0.0032305714871585386,2.9200477446155184,0.0,0.0,0.0
1716,691,672.6886,1081.4341,-0.0064738747,0.0,-0.0,0.0,0.0,0.0,-0.0032305714871585386,2.9200477446155184,0.0,0.0,0.0
1717,691,672.6886,1081.4341,-0.0064738747,0.0,-0.0,0.0,0.0,0.0,-0.0032305714871585386,2.9200477446155184,0.0,0.0,0.0
1718,691,672.6886,1081.4341,-0.0064738747,0.0,-0.0,0.0,0.0,0.0,-0.0032305714871585386,2.9200477446155184,0.0,0.0,0.0
1719,691,672.6886,1081.4341,-0.0064738747,0.0,-0.0,0.0,0.0,0.0,-0.0032305714871585386,2.9200477446155184,0.0,0.0,0.0
1720,691,672.6886,1081.4341,-0.0064738747,0.0,-0.0,0.0,0.0,0.0,-0.0032305714871585386,2.9200477446155184,0.0,0.0,0.0
1721,691,672.6886,1081.4341,-0.0064738747,0.0,-0.0,0.0,0.0,0.0,-0.0032305714871585386,2.9200477446155184,0.0,0.0,0.0
1722,691,672.6886,1081.4341,-0.0064738747,0.0,-0.0,0.0,0.0,0.0,-0.0032305714871585386,2.9200477446155184,0.0,0.0,0.0
1723,691,672.6886,1081.4341,-0.0064738747,0.0,-0.0,0.0,0.0,0.0,-0.0032305714871585386,2.9200477446155184,0.0,0.0,0.0
1724,691,672.6886,1081.4341,-0.0064738747,0.0,-0.0,0.0,0.0,0.0,-0.0032305714871585386,2.9200477446155184,0.0,0.0,0.0
1725,691,672.6886,1081.4341,-0.0064738747,0.0,-0.0,0.0,0.0,0.0,-0.0032305714871585386,2.9200477446155184,0.0,0.0,0.0
1726,691,672.6886,1081.4341,-0.0064738747,0.0,-0.0,0.0,0.0,0.0,-0.0032305714871585386,2.9200477446155184,0.0,0.0,0.0
1727,691,672.6886,1081.4341,-0.0064738747,0.0,-0.0,0.0,0.0,0.0,-0.0032305714871585386,2.9200477446155184,0.0,0.0,0.0
1728,691,672.6886,1081.4341,-0.0064738747,0.0,-0.0,0.0,0.0,0.0,-0.0032305714871585386,2.9200477446155184,0.0,0.0,0.0
1729,691,672.6886,1081.4341,-0.0064738747,0.0,-0.0,0.0,0.0,0.0,-0.0032305714871585386,2.9200477446155184,0.0,0.0,0.0
1730,691,672.6886,1081.4341,-0.0064738747,0.0,-0.0,0.0,0.0,0.0,-0.0032305714871585386,2.9200477446155184,0.0,0.0,0.0
1731,691,672.6886,1081.4341,-0.0064738747,0.0,-0.0,0.0,0.0,0.0,-0.0032305714871585386,2.9200477446155184,0.0,0.0,0.0
1732,691,672.6886,1081.4341,-0.0064738747,0.0,-0.0,0.0,0.0,0.0,-0.0032305714871585386,2.9200477446155184,0.0,0.0,0.0
1733,691,672.6886,1081.4341,-0.0064738747,0.0,-0.0,0.0,0.0,0.0,-0.0032305714871585386,2.9200477446155184,0.0,0.0,0.0
1734,691,672.6886,1081.4341,-0.0064738747,0.0,-0.0,0.0,0.0,0.0,-0.0032305714871585386,2.9200477446155184,0.0,0.0,0.0
1735,691,672.6886,1081.4341,-0.0064738747,0.0,-0.0,0.0,0.0,0.0,-0.0032305714871585386,2.9200477446155184,0.0,0.0,0.0
1736,691,672.6886,1081.4341,-0.0064738747,0.0,-0.0,0.0,0.0,0.0,-0.0032305714871585386,2.9200477446155184,0.0,0.0,0.0
1737,691,672.6886,1081.4341,-0.0064738747,0.0,-0.0,0.0,0.0,0.0,-0.0032305714871585386,2.9200477446155184,0.0,0.0,0.0
1738,691,672.6886,1081.4341,-0.0064738747,0.0,-0.0,0.0,0.0,0.0,-0.0032305714871585386,2.9200477446155184,0.0,0.0,0.0
1739,691,672.6886,1081.4341,-0.0064738747,0.0,-0.0,0.0,0.0,0.0,-0.0032305714871585386,2.9200477446155184,0.0,0.0,0.0
1740,691,672.6886,1081.4341,-0.0064738747,0.0,-0.0,0.0,0.0,0.0,-0.0032305714871585386,2.9200477446155184,0.0,0.0,0.0
1741,691,672.6886,1081.4341,-0.0064738747,0.0,-0.0,0.0,0.0,0.0,-0.0032305714871585386,2.9200477446155184,0.0,0.0,0.0
1742,691,672.6886,1081.4341,-0.0064738747,0.0,-0.0,0.0,0.0,0.0,-0.0032305714871585386,2.9200477446155184,0.0,0.0,0.0
1743,691,672.6886,1081.4341,-0.0064738747,0.0,-0.0,0.0,0.0,0.0,-0.0032305714871585386,2.9200477446155184,0.0,0.0,0.0
1744,691,672.6886,1081.4341,-0.0064738747,0.0,-0.0,0.0,0.0,0.0,-0.0032305714871585386,2.9200477446155184,0.0,0.0,0.0
1745,691,672.6886,1081.4341,-0.0064738747,0.0,-0.0,0.0,0.0,0.0,-0.0032305714871585386,2.9200477446155184,0.0,0.0,0.0
1746,691,672.6886,1081.4341,-0.0064738747,0.0,-0.0,0.0,0.0,0.0,-0.0032305714871585386,2.9200477446155184,0.0,0.0,0.0
1747,691,672.6886,1081.4341,-0.0064738747,0.0,-0.0,0.0,0.0,0.0,-0.0032305714871585386,2.9200477446155184,0.0,0.0,0.0
1748,691,672.6886,1081.4341,-0.0064738747,0.0,-0.0,0.0,0.0,0.0,-0.0032305714871585386,2.9200477446155184,0.0,0.0,0.0
1749,691,672.6886,1081.4341,-0.0064738747,0.0,-0.0,0.0,0.0,0.0,-0.0032305714871585386,2.9200477446155184,0.0,0.0,0.0
1750,691,672.6886,1081.4341,-0.0064738747,0.0,-0.0,0.0,0.0,0.0,-0.0032305714871585386,2.9200477446155184,0.0,0.0,0.0
1751,691,672.6886,1081.4341,-0.0064738747,0.0,-0.0,0.0,0.0,0.0,-0.0032305714871585386,2.9200477446155184,0.0,0.0,0.0
1752,691,672.6886,1081.4341,-0.0064738747,0.0,-0.0,0.0,0.0,0.0,-0.0032305714871585386,2.9200477446155184,0.0,0.0,0.0
1753,691,672.6886,1081.4341,-0.0064738747,0.0,-0.0,0.0,0.0,0.0,-0.0032305714871585386,2.9200477446155184,0.0,0.0,0.0
1754,691,672.6886,1081.4341,-0.0064738747,0.0,-0.0,0.0,0.0,0.0,-0.0032305714871585386,2.9200477446155184,0.0,0.0,0.0
1755,691,672.6886,1081.4341,-0.0064738747,0.0,-0.0,0.0,0.0,0.0,-0.0032305714871585386,2.9200477446155184,0.0,0.0,0.0
1756,691,672.6886,1081.4341,-0.0064738747,0.0,-0.0,0.0,0.0,0.0,-0.0032305714871585386,2.9200477446155184,0.0,0.0,0.0
1757,691,672.6886,1081.4341,-0.0064738747,0.0,-0.0,0.0,0.0,0.0,-0.0032305714871585386,2.9200477446155184,0.0,0.0,0.0
1758,691,672.6886,1081.4341,-0.0064738747,0.0,-0.0,0.0,0.0,0.0,-0.0032305714871585386,2.9200477446155184,0.0,0.0,0.0
1759,691,672.6886,1081.4341,-0.0064738747,0.0,-0.0,0.0,0.0,0.0,-0.0032305714871585386,2.9200477446155184,0.0,0.0,0.0
1760,691,672.6886,1081.4341,-0.0064738747,0.0,-0.0,0.0,0.0,0.0,-0.0032305714871585386,2.9200477446155184,0.0,0.0,0.0
1761,691,672.6886,1081.4341,-0.0064738747,0.0,-0.0,0.0,0.0,0.0,-0.0032305714871585386,2.9200477446155184,0.0,0.0,0.0
1762,691,672.6886,1081.4341,-0.0064738747,0.0,-0.0,0.0,0.0,0.0,-0.0032305714871585386,2.9200477446155184,0.0,0.0,0.0
1763,691,672.6886,1081.4341,-0.0064738747,0.0,-0.0,0.0,0.0,0.0,-0.0032305714871585386,2.9200477446155184,0.0,0.0,0.0
1764,691,672.6886,1081.4341,-0.0064738747,0.0,-0.0,0.0,0.0,0.0,-0.0032305714871585386,2.9200477446155184,0.0,0.0,0.0
1765,691,672.6886,1081.4341,-0.0064738747,0.0,-0.0,0.0,0.0,0.0,-0.0032305714871585386,2.9200477446155184,0.0,0.0,0.0
1766,691,672.6886,1081.4341,-0.0064738747,0.0,-0.0,0.0,0.0,0.0,-0.0032305714871585386,2.9200477446155184,0.0,0.0,0.0
1767,691,672.6886,1081.4341,-0.0064738747,0.0,-0.0,0.0,0.0,0.0,-0.0032305714871585386,2.9200477446155184,0.0,0.0,0.0
1768,691,672.6886,1081.4341,-0.0064738747,0.0,-0.0,0.0,0.0,0.0,-0.0032305714871585386,2.9200477446155184,0.0,0.0,0.0
1769,691,672.6886,1081.4341,-0.0064738747,0.0,-0.0,0.0,0.0,0.0,-0.0032305714871585386,2.9200477446155184,0.0,0.0,0.0
1770,691,672.6886,1081.4341,-0.0064738747,0.0,-0.0,0.0,0.0,0.0,-0.0032305714871585386,2.9200477446155184,0.0,0.0,0.0
1771,691,672.6886,1081.4341,-0.0064738747,0.0,-0.0,0.0,0.0,0.0,-0.0032305714871585386,2.9200477446155184,0.0,0.0,0.0
1772,691,672.6886,1081.4341,-0.0064738747,0.0,-0.0,0.0,0.0,0.0,-0.0032305714871585386,2.9200477446155184,0.0,0.0,0.0
1773,691,672.6886,1081.4341,-0.0064738747,0.0,-0.0,0.0,0.0,0.0,-0.0032305714871585386,2.9200477446155184,0.0,0.0,0.0
1774,691,672.6886,1081.4341,-0.0064738747,0.0,-0.0,0.0,0.0,0.0,-0.0032305714871585386,2.9200477446155184,0.0,0.0,0.0
1775,691,672.6886,1081.4341,-0.0064738747,0.0,-0.0,0.0,0.0,0.0,-0.0032305714871585386,2.9200477446155184,0.0,0.0,0.0
1776,691,672.6886,1081.4341,-0.0064738747,0.0,-0.0,0.0,0.0,0.0,-0.0032305714871585386,2.9200477446155184,0.0,0.0,0.0
1777,691,672.6886,1081.4341,-0.0064738747,0.0,-0.0,0.0,0.0,0.0,-0.0032305714871585386,2.9200477446155184,0.0,0.0,0.0
1778,691,672.6886,1081.4341,-0.0064738747,0.0,-0.0,0.0,0.0,0.0,-0.0032305714871585386,2.9200477446155184,0.0,0.0,0.0
1779,691,672.6886,1081.4341,-0.0064738747,0.0,-0.0,0.0,0.0,0.0,-0.0032305714871585386,2.9200477446155184,0.0,0.0,0.0
1780,691,672.6886,1081.4341,-0.0064738747,0.0,-0.0,0.0,0.0,0.0,-0.0032305714871585386,2.9200477446155184,0.0,0.0,0.0
1781,691,672.6886,1081.4341,-0.0064738747,0.0,-0.0,0.0,0.0,0.0,-0.0032305714871585386,2.9200477446155184,0.0,0.0,0.0
1782,691,672.6886,1081.4341,-0.0064738747,0.0,-0.0,0.0,0.0,0.0,-0.0032305714871585386,2.9200477446155184,0.0,0.0,0.0
1783,691,672.6886,1081.4341,-0.0064738747,0.0,-0.0,0.0,0.0,0.0,-0.0032305714871585386,2.9200477446155184,0.0,0.0,0.0
1784,691,672.6886,1081.4341,-0.0064738747,0.0,-0.0,0.0,0.0,0.0,-0.0032305714871585386,2.9200477446155184,0.0,0.0,0.0
1785,691,672.6886,1081.4341,-0.0064738747,0.0,-0.0,0.0,0.0,0.0,-0.0032305714871585386,2.9200477446155184,0.0,0.0,0.0
1786,691,672.6886,1081.4341,-0.0064738747,0.0,-0.0,0.0,0.0,0.0,-0.0032305714871585386,2.9200477446155184,0.0,0.0,0.0
1787,691,672.6886,1081.4341,-0.0064738747,0.0,-0.0,0.0,0.0,0.0,-0.0032305714871585386,2.9200477446155184,0.0,0.0,0.0
1788,691,672.6886,1081.4341,-0.0064738747,0.0,-0.0,0.0,0.0,0.0,-0.0032305714871585386,2.9200477446155184,0.0,0.0,0.0
1789,691,672.6886,1081.4341,-0.0064738747,0.0,-0.0,0.0,0.0,0.0,-0.0032305714871585386,2.9200477446155184,0.0,0.0,0.0
1790,691,672.6886,1081.4341,-0.0064738747,0.0,-0.0,0.0,0.0,0.0,-0.0032305714871585386,2.9200477446155184,0.0,0.0,0.0
1791,691,672.6886,1081.4341,-0.0064738747,0.0,-0.0,0.0,0.0,0.0,-0.0032305714871585386,2.9200477446155184,0.0,0.0,0.0
1792,691,672.6886,1081.4341,-0.0064738747,0.0,-0.0,0.0,0.0,0.0,-0.0032305714871585386,2.9200477446155184,0.0,0.0,0.0
1793,691,672.6886,1081.4341,-0.0064738747,0.0,-0.0,0.0,0.0,0.0,-0.0032305714871585386,2.9200477446155184,0.0,0.0,0.0
1794,691,672.6886,1081.4341,-0.0064738747,0.0,-0.0,0.0,0.0,0.0,-0.0032305714871585386,2.9200477446155184,0.0,0.0,0.0
1795,691,672.6886,1081.4341,-0.0064738747,0.0,-0.0,0.0,0.0,0.0,-0.0032305714871585386,2.9200477446155184,0.0,0.0,0.0
1796,691,672.6886,1081.4341,-0.0064738747,0.0,-0.0,0.0,0.0,0.0,-0.0032305714871585386,2.9200477446155184,0.0,0.0,0.0
1797,691,672.6886,1081.4341,-0.0064738747,0.0,-0.0,0.0,0.0,0.0,-0.0032305714871585386,2.9200477446155184,0.0,0.0,0.0
1798,691,672.6886,1081.4341,-0.0064738747,0.0,-0.0,0.0,0.0,0.0,-0.0032305714871585386,2.9200477446155184,0.0,0.0,0.0
1799,691,672.6886,1081.4341,-0.0064738747,0.0,-0.0,0.0,0.0,0.0,-0.0032305714871585386,2.9200477446155184,0.0,0.0,0.0
1800,691,672.6886,1081.4341,-0.0064738747,0.0,-0.0,0.0,0.0,0.0,-0.0032305714871585386,2.9200477446155184,0.0,0.0,0.0
1801,691,672.6886,1081.4341,-0.0064738747,0.0,-0.0,0.0,0.0,0.0,-0.0032305714871585386,2.9200477446155184,0.0,0.0,0.0
1802,691,672.6886,1081.4341,-0.0064738747,0.0,-0.0,0.0,0.0,0.0,-0.0032305714871585386,2.9200477446155184,0.0,0.0,0.0
1803,691,672.6886,1081.4341,-0.0064738747,0.0,-0.0,0.0,0.0,0.0,-0.0032305714871585386,2.9200477446155184,0.0,0.0,0.0
1804,691,672.6886,1081.4341,-0.0064738747,0.0,-0.0,0.0,0.0,0.0,-0.0032305714871585386,2.9200477446155184,0.0,0.0,0.0
1805,691,672.6886,1081.4341,-0.0064738747,0.0,-0.0,0.0,0.0,0.0,-0.0032305714871585386,2.9200477446155184,0.0,0.0,0.0
1806,691,672.6886,1081.4341,-0.0064738747,0.0,-0.0,0.0,0.0,0.0,-0.0032305714871585386,2.9200477446155184,0.0,0.0,0.0
1807,691,672.6886,1081.4341,-0.0064738747,0.0,-0.0,0.0,0.0,0.0,-0.0032305714871585386,2.9200477446155184,0.0,0.0,0.0
1808,691,672.6886,1081.4341,-0.0064738747,0.0,-0.0,0.0,0.0,0.0,-0.0032305714871585386,2.9200477446155184,0.0,0.0,0.0
1809,691,672.6886,1081.4341,-0.0064738747,0.0,-0.0,0.0,0.0,0.0,-0.0032305714871585386,2.9200477446155184,0.0,0.0,0.0
1810,691,672.6886,1081.4341,-0.0064738747,0.0,-0.0,0.0,0.0,0.0,-0.0032305714871585386,2.9200477446155184,0.0,0.0,0.0
1811,691,672.6886,1081.4341,-0.0064738747,0.0,-0.0,0.0,0.0,0.0,-0.0032305714871585386,2.9200477446155184,0.0,0.0,0.0
1812,691,672.6886,1081.4341,-0.0064738747,0.0,-0.0,0.0,0.0,0.0,-0.0032305714871585386,2.9200477446155184,0.0,0.0,0.0
1813,691,672.6886,1081.4341,-0.0064738747,0.0,-0.0,0.0,0.0,0.0,-0.0032305714871585386,2.9200477446155184,0.0,0.0,0.0
1814,691,672.6886,1081.4341,-0.0064738747,0.0,-0.0,0.0,0.0,0.0,-0.0032305714871585386,2.9200477446155184,0.0,0.0,0.0
1815,691,672.6886,1081.4341,-0.0064738747,0.0,-0.0,0.0,0.0,0.0,-0.0032305714871585386,2.9200477446155184,0.0,0.0,0.0
1816,691,672.6886,1081.4341,-0.0064738747,0.0,-0.0,0.0,0.0,0.0,-0.0032305714871585386,2.9200477446155184,0.0,0.0,0.0
1817,691,672.6886,1081.4341,-0.0064738747,0.0,-0.0,0.0,0.0,0.0,-0.0032305714871585386,2.9200477446155184,0.0,0.0,0.0
1818,691,672.6886,1081.4341,-0.0064738747,0.0,-0.0,0.0,0.0,0.0,-0.0032305714871585386,2.9200477446155184,0.0,0.0,0.0
1819,691,672.6886,1081.4341,-0.0064738747,0.0,-0.0,0.0,0.0,0.0,-0.0032305714871585386,2.9200477446155184,0.0,0.0,0.0
1820,691,672.6886,1081.4341,-0.0064738747,0.0,-0.0,0.0,0.0,0.0,-0.0032305714871585386,2.9200477446155184,0.0,0.0,0.0
1821,691,672.6886,1081.4341,-0.0064738747,0.0,-0.0,0.0,0.0,0.0,-0.0032305714871585386,2.9200477446155184,0.0,0.0,0.0
1822,691,672.6886,1081.4341,-0.0064738747,0.0,-0.0,0.0,0.0,0.0,-0.0032305714871585386,2.9200477446155184,0.0,0.0,0.0
1823,691,672.6886,1081.4341,-0.0064738747,0.0,-0.0,0.0,0.0,0.0,-0.0032305714871585386,2.9200477446155184,0.0,0.0,0.0
1824,691,672.6886,1081.4341,-0.0064738747,0.0,-0.0,0.0,0.0,0.0,-0.0032305714871585386,2.9200477446155184,0.0,0.0,0.0
1825,691,672.6886,1081.4341,-0.0064738747,0.0,-0.0,0.0,0.0,0.0,-0.0032305714871585386,2.9200477446155184,0.0,0.0,0.0
1826,691,672.6886,1081.4341,-0.0064738747,0.0,-0.0,0.0,0.0,0.0,-0.0032305714871585386,2.9200477446155184,0.0,0.0,0.0
1827,691,672.6886,1081.4341,-0.0064738747,0.0,-0.0,0.0,0.0,0.0,-0.0032305714871585386,2.9200477446155184,0.0,0.0,0.0
1828,691,672.6886,1081.4341,-0.0064738747,0.0,-0.0,0.0,0.0,0.0,-0.0032305714871585386,2.9200477446155184,0.0,0.0,0.0
1829,691,672.6886,1081.4341,-0.0064738747,0.0,-0.0,0.0,0.0,0.0,-0.0032305714871585386,2.9200477446155184,0.0,0.0,0.0
1830,691,672.6886,1081.4341,-0.0064738747,0.0,-0.0,0.0,0.0,0.0,-0.0032305714871585386,2.9200477446155184,0.0,0.0,0.0
1831,691,672.6886,1081.4341,-0.0064738747,0.0,-0.0,0.0,0.0,0.0,-0.0032305714871585386,2.9200477446155184,0.0,0.0,0.0
1832,691,672.6886,1081.4341,-0.0064738747,0.0,-0.0,0.0,0.0,0.0,-0.0032305714871585386,2.9200477446155184,0.0,0.0,0.0
1833,691,672.6886,1081.4341,-0.0064738747,0.0,-0.0,0.0,0.0,0.0,-0.0032305714871585386,2.9200477446155184,0.0,0.0,0.0
1834,691,672.6886,1081.4341,-0.0064738747,0.0,-0.0,0.0,0.0,0.0,-0.0032305714871585386,2.9200477446155184,0.0,0.0,0.0
1835,691,672.6886,1081.4341,-0.0064738747,0.0,-0.0,0.0,0.0,0.0,-0.0032305714871585386,2.9200477446155184,0.0,0.0,0.0
1836,691,672.6886,1081.4341,-0.0064738747,0.0,-0.0,0.0,0.0,0.0,-0.0032305714871585386,2.9200477446155184,0.0,0.0,0.0
1837,691,672.6886,1081.4341,-0.0064738747,0.0,-0.0,0.0,0.0,0.0,-0.0032305714871585386,2.9200477446155184,0.0,0.0,0.0
1838,691,672.6886,1081.4341,-0.0064738747,0.0,-0.0,0.0,0.0,0.0,-0.0032305714871585386,2.9200477446155184,0.0,0.0,0.0
1839,691,672.6886,1081.4341,-0.0064738747,0.0,-0.0,0.0,0.0,0.0,-0.0032305714871585386,2.9200477446155184,0.0,0.0,0.0
1840,691,672.6886,1081.4341,-0.0064738747,0.0,-0.0,0.0,0.0,0.0,-0.0032305714871585386,2.9200477446155184,0.0,0.0,0.0
1841,691,672.6886,1081.4341,-0.0064738747,0.0,-0.0,0.0,0.0,0.0,-0.0032305714871585386,2.9200477446155184,0.0,0.0,0.0
1842,691,672.6886,1081.4341,-0.0064738747,0.0,-0.0,0.0,0.0,0.0,-0.0032305714871585386,2.9200477446155184,0.0,0.0,0.0
1843,691,672.6886,1081.4341,-0.0064738747,0.0,-0.0,0.0,0.0,0.0,-0.0032305714871585386,2.9200477446155184,0.0,0.0,0.0
1844,691,672.6886,1081.4341,-0.0064738747,0.0,-0.0,0.0,0.0,0.0,-0.0032305714871585386,2.9200477446155184,0.0,0.0,0.0
1845,691,672.6886,1081.4341,-0.0064738747,0.0,-0.0,0.0,0.0,0.0,-0.0032305714871585386,2.9200477446155184,0.0,0.0,0.0
1846,691,672.6886,1081.4341,-0.0064738747,0.0,-0.0,0.0,0.0,0.0,-0.0032305714871585386,2.9200477446155184,0.0,0.0,0.0
1847,691,672.6886,1081.4341,-0.0064738747,0.0,-0.0,0.0,0.0,0.0,-0.0032305714871585386,2.9200477446155184,0.0,0.0,0.0
1848,691,672.6886,1081.4341,-0.0064738747,0.0,-0.0,0.0,0.0,0.0,-0.0032305714871585386,2.9200477446155184,0.0,0.0,0.0
1849,691,672.6886,1081.4341,-0.0064738747,0.0,-0.0,0.0,0.0,0.0,-0.0032305714871585386,2.9200477446155184,0.0,0.0,0.0
1850,691,672.6886,1081.4341,-0.0064738747,0.0,-0.0,0.0,0.0,0.0,-0.0032305714871585386,2.9200477446155184,0.0,0.0,0.0
1851,691,672.6886,1081.4341,-0.0064738747,0.0,-0.0,0.0,0.0,0.0,-0.0032305714871585386,2.9200477446155184,0.0,0.0,0.0
1852,691,672.6886,1081.4341,-0.0064738747,0.0,-0.0,0.0,0.0,0.0,-0.0032305714871585386,2.9200477446155184,0.0,0.0,0.0
1853,691,672.6886,1081.4341,-0.0064738747,0.0,-0.0,0.0,0.0,0.0,-0.0032305714871585386,2.9200477446155184,0.0,0.0,0.0
1854,691,672.6886,1081.4341,-0.0064738747,0.0,-0.0,0.0,0.0,0.0,-0.0032305714871585386,2.9200477446155184,0.0,0.0,0.0
1855,691,672.6886,1081.4341,-0.0064738747,0.0,-0.0,0.0,0.0,0.0,-0.0032305714871585386,2.9200477446155184,0.0,0.0,0.0
1856,691,672.6886,1081.4341,-0.0064738747,0.0,-0.0,0.0,0.0,0.0,-0.0032305714871585386,2.9200477446155184,0.0,0.0,0.0
1857,691,672.6886,1081.4341,-0.0064738747,0.0,-0.0,0.0,0.0,0.0,-0.0032305714871585386,2.9200477446155184,0.0,0.0,0.0
1858,691,672.6886,1081.4341,-0.0064738747,0.0,-0.0,0.0,0.0,0.0,-0.0032305714871585386,2.9200477446155184,0.0,0.0,0.0
1859,691,672.6886,1081.4341,-0.0064738747,0.0,-0.0,0.0,0.0,0.0,-0.0032305714871585386,2.9200477446155184,0.0,0.0,0.0
1860,691,672.6886,1081.4341,-0.0064738747,0.0,-0.0,0.0,0.0,0.0,-0.0032305714871585386,2.9200477446155184,0.0,0.0,0.0
1861,691,672.6886,1081.4341,-0.0064738747,0.0,-0.0,0.0,0.0,0.0,-0.0032305714871585386,2.9200477446155184,0.0,0.0,0.0
1862,691,672.6886,1081.4341,-0.0064738747,0.0,-0.0,0.0,0.0,0.0,-0.0032305714871585386,2.9200477446155184,0.0,0.0,0.0
1863,691,672.6886,1081.4341,-0.0064738747,0.0,-0.0,0.0,0.0,0.0,-0.0032305714871585386,2.9200477446155184,0.0,0.0,0.0
1864,691,672.6886,1081.4341,-0.0064738747,0.0,-0.0,0.0,0.0,0.0,-0.0032305714871585386,2.9200477446155184,0.0,0.0,0.0
1865,691,672.6886,1081.4341,-0.0064738747,0.0,-0.0,0.0,0.0,0.0,-0.0032305714871585386,2.9200477446155184,0.0,0.0,0.0
1866,691,672.6886,1081.4341,-0.0064738747,0.0,-0.0,0.0,0.0,0.0,-0.0032305714871585386,2.9200477446155184,0.0,0.0,0.0
1867,691,672.6886,1081.4341,-0.0064738747,0.0,-0.0,0.0,0.0,0.0,-0.0032305714871585386,2.9200477446155184,0.0,0.0,0.0
1868,691,672.6886,1081.4341,-0.0064738747,0.0,-0.0,0.0,0.0,0.0,-0.0032305714871585386,2.9200477446155184,0.0,0.0,0.0
1869,691,672.6886,1081.4341,-0.0064738747,0.0,-0.0,0.0,0.0,0.0,-0.0032305714871585386,2.9200477446155184,0.0,0.0,0.0
1870,691,672.6886,1081.4341,-0.0064738747,0.0,-0.0,0.0,0.0,0.0,-0.0032305714871585386,2.9200477446155184,0.0,0.0,0.0
1871,691,672.6886,1081.4341,-0.0064738747,0.0,-0.0,0.0,0.0,0.0,-0.0032305714871585386,2.9200477446155184,0.0,0.0,0.0
1872,691,672.6886,1081.4341,-0.0064738747,0.0,-0.0,0.0,0.0,0.0,-0.0032305714871585386,2.9200477446155184,0.0,0.0,0.0
1873,691,672.6886,1081.4341,-0.0064738747,0.0,-0.0,0.0,0.0,0.0,-0.0032305714871585386,2.9200477446155184,0.0,0.0,0.0
1874,691,672.6886,1081.4341,-0.0064738747,0.0,-0.0,0.0,0.0,0.0,-0.0032305714871585386,2.9200477446155184,0.0,0.0,0.0
1875,691,672.6886,1081.4341,-0.0064738747,0.0,-0.0,0.0,0.0,0.0,-0.0032305714871585386,2.9200477446155184,0.0,0.0,0.0
1876,691,672.6886,1081.4341,-0.0064738747,0.0,-0.0,0.0,0.0,0.0,-0.0032305714871585386,2.9200477446155184,0.0,0.0,0.0
1877,691,672.6886,1081.4341,-0.0064738747,0.0,-0.0,0.0,0.0,0.0,-0.0032305714871585386,2.9200477446155184,0.0,0.0,0.0
1878,691,672.6886,1081.4341,-0.0064738747,0.0,-0.0,0.0,0.0,0.0,-0.0032305714871585386,2.9200477446155184,0.0,0.0,0.0
1879,691,672.6886,1081.4341,-0.0064738747,0.0,-0.0,0.0,0.0,0.0,-0.0032305714871585386,2.9200477446155184,0.0,0.0,0.0
1880,691,672.6886,1081.4341,-0.0064738747,0.0,-0.0,0.0,0.0,0.0,-0.0032305714871585386,2.9200477446155184,0.0,0.0,0.0
1881,691,672.6886,1081.4341,-0.0064738747,0.0,-0.0,0.0,0.0,0.0,-0.0032305714871585386,2.9200477446155184,0.0,0.0,0.0
1882,691,672.6886,1081.4341,-0.0064738747,0.0,-0.0,0.0,0.0,0.0,-0.0032305714871585386,2.9200477446155184,0.0,0.0,0.0
1883,691,672.6886,1081.4341,-0.0064738747,0.0,-0.0,0.0,0.0,0.0,-0.0032305714871585386,2.9200477446155184,0.0,0.0,0.0
1884,691,672.6886,1081.4341,-0.0064738747,0.0,-0.0,0.0,0.0,0.0,-0.0032305714871585386,2.9200477446155184,0.0,0.0,0.0
1885,691,672.6886,1081.4341,-0.0064738747,0.0,-0.0,0.0,0.0,0.0,-0.0032305714871585386,2.9200477446155184,0.0,0.0,0.0
1886,691,672.6886,1081.4341,-0.0064738747,0.0,-0.0,0.0,0.0,0.0,-0.0032305714871585386,2.9200477446155184,0.0,0.0,0.0
1887,691,672.6886,1081.4341,-0.0064738747,0.0,-0.0,0.0,0.0,0.0,-0.0032305714871585386,2.9200477446155184,0.0,0.0,0.0
1888,691,672.6886,1081.4341,-0.0064738747,0.0,-0.0,0.0,0.0,0.0,-0.0032305714871585386,2.9200477446155184,0.0,0.0,0.0
1889,691,672.6886,1081.4341,-0.0064738747,0.0,-0.0,0.0,0.0,0.0,-0.0032305714871585386,2.9200477446155184,0.0,0.0,0.0
1890,691,672.6886,1081.4341,-0.0064738747,0.0,-0.0,0.0,0.0,0.0,-0.0032305714871585386,2.9200477446155184,0.0,0.0,0.0
1891,691,672.6886,1081.4341,-0.0064738747,0.0,-0.0,0.0,0.0,0.0,-0.0032305714871585386,2.9200477446155184,0.0,0.0,0.0
1892,691,672.6886,1081.4341,-0.0064738747,0.0,-0.0,0.0,0.0,0.0,-0.0032305714871585386,2.9200477446155184,0.0,0.0,0.0
1893,691,672.6886,1081.4341,-0.0064738747,0.0,-0.0,0.0,0.0,0.0,-0.0032305714871585386,2.9200477446155184,0.0,0.0,0.0
1894,691,672.6886,1081.4341,-0.0064738747,0.0,-0.0,0.0,0.0,0.0,-0.0032305714871585386,2.9200477446155184,0.0,0.0,0.0
1895,691,672.6886,1081.4341,-0.0064738747,0.0,-0.0,0.0,0.0,0.0,-0.0032305714871585386,2.9200477446155184,0.0,0.0,0.0
1896,691,672.6886,1081.4341,-0.0064738747,0.0,-0.0,0.0,0.0,0.0,-0.0032305714871585386,2.9200477446155184,0.0,0.0,0.0
1897,691,672.6886,1081.4341,-0.0064738747,0.0,-0.0,0.0,0.0,0.0,-0.0032305714871585386,2.9200477446155184,0.0,0.0,0.0
1898,691,672.6886,1081.4341,-0.0064738747,0.0,-0.0,0.0,0.0,0.0,-0.0032305714871585386,2.9200477446155184,0.0,0.0,0.0
1899,691,672.6886,1081.4341,-0.0064738747,0.0,-0.0,0.0,0.0,0.0,-0.0032305714871585386,2.9200477446155184,0.0,0.0,0.0
1900,691,672.6886,1081.4341,-0.0064738747,0.0,-0.0,0.0,0.0,0.0,-0.0032305714871585386,2.9200477446155184,0.0,0.0,0.0
1901,691,672.6886,1081.4341,-0.0064738747,0.0,-0.0,0.0,0.0,0.0,-0.0032305714871585386,2.9200477446155184,0.0,0.0,0.0
1902,691,672.6886,1081.4341,-0.0064738747,0.0,-0.0,0.0,0.0,0.0,-0.0032305714871585386,2.9200477446155184,0.0,0.0,0.0
1903,691,672.6886,1081.4341,-0.0064738747,0.0,-0.0,0.0,0.0,0.0,-0.0032305714871585386,2.9200477446155184,0.0,0.0,0.0
1904,691,672.6886,1081.4341,-0.0064738747,0.0,-0.0,0.0,0.0,0.0,-0.0032305714871585386,2.9200477446155184,0.0,0.0,0.0
1905,691,672.6886,1081.4341,-0.0064738747,0.0,-0.0,0.0,0.0,0.0,-0.0032305714871585386,2.9200477446155184,0.0,0.0,0.0
1906,691,672.6886,1081.4341,-0.0064738747,0.0,-0.0,0.0,0.0,0.0,-0.0032305714871585386,2.9200477446155184,0.0,0.0,0.0
1907,691,672.6886,1081.4341,-0.0064738747,0.0,-0.0,0.0,0.0,0.0,-0.0032305714871585386,2.9200477446155184,0.0,0.0,0.0
1908,691,672.6886,1081.4341,-0.0064738747,0.0,-0.0,0.0,0.0,0.0,-0.0032305714871585386,2.9200477446155184,0.0,0.0,0.0
1909,691,672.6886,1081.4341,-0.0064738747,0.0,-0.0,0.0,0.0,0.0,-0.0032305714871585386,2.9200477446155184,0.0,0.0,0.0
1910,691,672.6886,1081.4341,-0.0064738747,0.0,-0.0,0.0,0.0,0.0,-0.0032305714871585386,2.9200477446155184,0.0,0.0,0.0
1911,691,672.6886,1081.4341,-0.0064738747,0.0,-0.0,0.0,0.0,0.0,-0.0032305714871585386,2.9200477446155184,0.0,0.0,0.0
1912,691,672.6886,1081.4341,-0.0064738747,0.0,-0.0,0.0,0.0,0.0,-0.0032305714871585386,2.9200477446155184,0.0,0.0,0.0
1913,691,672.6886,1081.4341,-0.0064738747,0.0,-0.0,0.0,0.0,0.0,-0.0032305714871585386,2.9200477446155184,0.0,0.0,0.0
1914,691,672.6886,1081.4341,-0.0064738747,0.0,-0.0,0.0,0.0,0.0,-0.0032305714871585386,2.9200477446155184,0.0,0.0,0.0
1915,691,672.6886,1081.4341,-0.0064738747,0.0,-0.0,0.0,0.0,0.0,-0.0032305714871585386,2.9200477446155184,0.0,0.0,0.0
1916,691,672.6886,1081.4341,-0.0064738747,0.0,-0.0,0.0,0.0,0.0,-0.0032305714871585386,2.9200477446155184,0.0,0.0,0.0
1917,691,672.6886,1081.4341,-0.0064738747,0.0,-0.0,0.0,0.0,0.0,-0.0032305714871585386,2.9200477446155184,0.0,0.0,0.0
1918,691,672.6886,1081.4341,-0.0064738747,0.0,-0.0,0.0,0.0,0.0,-0.0032305714871585386,2.9200477446155184,0.0,0.0,0.0
1919,691,672.6886,1081.4341,-0.0064738747,0.0,-0.0,0.0,0.0,0.0,-0.0032305714871585386,2.9200477446155184,0.0,0.0,0.0
1920,691,672.6886,1081.4341,-0.0064738747,0.0,-0.0,0.0,0.0,0.0,-0.0032305714871585386,2.9200477446155184,0.0,0.0,0.0
1921,691,672.6886,1081.4341,-0.0064738747,0.0,-0.0,0.0,0.0,0.0,-0.0032305714871585386,2.9200477446155184,0.0,0.0,0.0
1922,691,672.6886,1081.4341,-0.0064738747,0.0,-0.0,0.0,0.0,0.0,-0.0032305714871585386,2.9200477446155184,0.0,0.0,0.0
1923,691,672.6886,1081.4341,-0.0064738747,0.0,-0.0,0.0,0.0,0.0,-0.0032305714871585386,2.9200477446155184,0.0,0.0,0.0
1924,691,672.6886,1081.4341,-0.0064738747,0.0,-0.0,0.0,0.0,0.0,-0.0032305714871585386,2.9200477446155184,0.0,0.0,0.0
1925,691,672.6886,1081.4341,-0.0064738747,0.0,-0.0,0.0,0.0,0.0,-0.0032305714871585386,2.9200477446155184,0.0,0.0,0.0
1926,691,672.6886,1081.4341,-0.0064738747,0.0,-0.0,0.0,0.0,0.0,-0.0032305714871585386,2.9200477446155184,0.0,0.0,0.0
1927,691,672.6886,1081.4341,-0.0064738747,0.0,-0.0,0.0,0.0,0.0,-0.0032305714871585386,2.9200477446155184,0.0,0.0,0.0
1928,691,672.6886,1081.4341,-0.0064738747,0.0,-0.0,0.0,0.0,0.0,-0.0032305714871585386,2.9200477446155184,0.0,0.0,0.0
1929,691,672.6886,1081.4341,-0.0064738747,0.0,-0.0,0.0,0.0,0.0,-0.0032305714871585386,2.9200477446155184,0.0,0.0,0.0
1930,691,672.6886,1081.4341,-0.0064738747,0.0,-0.0,0.0,0.0,0.0,-0.0032305714871585386,2.9200477446155184,0.0,0.0,0.0
1931,691,672.6886,1081.4341,-0.0064738747,0.0,-0.0,0.0,0.0,0.0,-0.0032305714871585386,2.9200477446155184,0.0,0.0,0.0
1932,691,672.6886,1081.4341,-0.0064738747,0.0,-0.0,0.0,0.0,0.0,-0.0032305714871585386,2.9200477446155184,0.0,0.0,0.0
1933,691,672.6886,1081.4341,-0.0064738747,0.0,-0.0,0.0,0.0,0.0,-0.0032305714871585386,2.9200477446155184,0.0,0.0,0.0
1934,691,672.6886,1081.4341,-0.0064738747,0.0,-0.0,0.0,0.0,0.0,-0.0032305714871585386,2.9200477446155184,0.0,0.0,0.0
1935,691,672.6886,1081.4341,-0.0064738747,0.0,-0.0,0.0,0.0,0.0,-0.0032305714871585386,2.9200477446155184,0.0,0.0,0.0
1936,691,672.6886,1081.4341,-0.0064738747,0.0,-0.0,0.0,0.0,0.0,-0.0032305714871585386,2.9200477446155184,0.0,0.0,0.0
1937,691,672.6886,1081.4341,-0.0064738747,0.0,-0.0,0.0,0.0,0.0,-0.0032305714871585386,2.9200477446155184,0.0,0.0,0.0
1938,691,672.6886,1081.4341,-0.0064738747,0.0,-0.0,0.0,0.0,0.0,-0.0032305714871585386,2.9200477446155184,0.0,0.0,0.0
1939,691,672.6886,1081.4341,-0.0064738747,0.0,-0.0,0.0,0.0,0.0,-0.0032305714871585386,2.9200477446155184,0.0,0.0,0.0
1940,691,672.6886,1081.4341,-0.0064738747,0.0,-0.0,0.0,0.0,0.0,-0.0032305714871585386,2.9200477446155184,0.0,0.0,0.0
1941,691,672.6886,1081.4341,-0.0064738747,0.0,-0.0,0.0,0.0,0.0,-0.0032305714871585386,2.9200477446155184,0.0,0.0,0.0
1942,691,672.6886,1081.4341,-0.0064738747,0.0,-0.0,0.0,0.0,0.0,-0.0032305714871585386,2.9200477446155184,0.0,0.0,0.0
1943,691,672.6886,1081.4341,-0.0064738747,0.0,-0.0,0.0,0.0,0.0,-0.0032305714871585386,2.9200477446155184,0.0,0.0,0.0
1944,691,672.6886,1081.4341,-0.0064738747,0.0,-0.0,0.0,0.0,0.0,-0.0032305714871585386,2.9200477446155184,0.0,0.0,0.0
1945,691,672.6886,1081.4341,-0.0064738747,0.0,-0.0,0.0,0.0,0.0,-0.0032305714871585386,2.9200477446155184,0.0,0.0,0.0
1946,691,672.6886,1081.4341,-0.0064738747,0.0,-0.0,0.0,0.0,0.0,-0.0032305714871585386,2.9200477446155184,0.0,0.0,0.0
1947,691,672.6886,1081.4341,-0.0064738747,0.0,-0.0,0.0,0.0,0.0,-0.0032305714871585386,2.9200477446155184,0.0,0.0,0.0
1948,691,672.6886,1081.4341,-0.0064738747,0.0,-0.0,0.0,0.0,0.0,-0.0032305714871585386,2.9200477446155184,0.0,0.0,0.0
1949,691,672.6886,1081.4341,-0.0064738747,0.0,-0.0,0.0,0.0,0.0,-0.0032305714871585386,2.9200477446155184,0.0,0.0,0.0
1950,691,672.6886,1081.4341,-0.0064738747,0.0,-0.0,0.0,0.0,0.0,-0.0032305714871585386,2.9200477446155184,0.0,0.0,0.0
1951,691,672.6886,1081.4341,-0.0064738747,0.0,-0.0,0.0,0.0,0.0,-0.0032305714871585386,2.9200477446155184,0.0,0.0,0.0
1952,691,672.6886,1081.4341,-0.0064738747,0.0,-0.0,0.0,0.0,0.0,-0.0032305714871585386,2.9200477446155184,0.0,0.0,0.0
1953,691,672.6886,1081.4341,-0.0064738747,0.0,-0.0,0.0,0.0,0.0,-0.0032305714871585386,2.9200477446155184,0.0,0.0,0.0
1954,691,672.6886,1081.4341,-0.0064738747,0.0,-0.0,0.0,0.0,0.0,-0.0032305714871585386,2.9200477446155184,0.0,0.0,0.0
1955,691,672.6886,1081.4341,-0.0064738747,0.0,-0.0,0.0,0.0,0.0,-0.0032305714871585386,2.9200477446155184,0.0,0.0,0.0
1956,691,672.6886,1081.4341,-0.0064738747,0.0,-0.0,0.0,0.0,0.0,-0.0032305714871585386,2.9200477446155184,0.0,0.0,0.0
1957,691,672.6886,1081.4341,-0.0064738747,0.0,-0.0,0.0,0.0,0.0,-0.0032305714871585386,2.9200477446155184,0.0,0.0,0.0
1958,691,672.6886,1081.4341,-0.0064738747,0.0,-0.0,0.0,0.0,0.0,-0.0032305714871585386,2.9200477446155184,0.0,0.0,0.0
1959,691,672.6886,1081.4341,-0.0064738747,0.0,-0.0,0.0,0.0,0.0,-0.0032305714871585386,2.9200477446155184,0.0,0.0,0.0
1960,691,672.6886,1081.4341,-0.0064738747,0.0,-0.0,0.0,0.0,0.0,-0.0032305714871585386,2.9200477446155184,0.0,0.0,0.0
1961,691,672.6886,1081.4341,-0.0064738747,0.0,-0.0,0.0,0.0,0.0,-0.0032305714871585386,2.9200477446155184,0.0,0.0,0.0
1962,691,672.6886,1081.4341,-0.0064738747,0.0,-0.0,0.0,0.0,0.0,-0.0032305714871585386,2.9200477446155184,0.0,0.0,0.0
1963,691,672.6886,1081.4341,-0.0064738747,0.0,-0.0,0.0,0.0,0.0,-0.0032305714871585386,2.9200477446155184,0.0,0.0,0.0
1964,691,672.6886,1081.4341,-0.0064738747,0.0,-0.0,0.0,0.0,0.0,-0.0032305714871585386,2.9200477446155184,0.0,0.0,0.0
1965,691,672.6886,1081.4341,-0.0064738747,0.0,-0.0,0.0,0.0,0.0,-0.0032305714871585386,2.9200477446155184,0.0,0.0,0.0
1966,691,672.6886,1081.4341,-0.0064738747,0.0,-0.0,0.0,0.0,0.0,-0.0032305714871585386,2.9200477446155184,0.0,0.0,0.0
1967,691,672.6886,1081.4341,-0.0064738747,0.0,-0.0,0.0,0.0,0.0,-0.0032305714871585386,2.9200477446155184,0.0,0.0,0.0
1968,691,672.6886,1081.4341,-0.0064738747,0.0,-0.0,0.0,0.0,0.0,-0.0032305714871585386,2.9200477446155184,0.0,0.0,0.0
1969,691,672.6886,1081.4341,-0.0064738747,0.0,-0.0,0.0,0.0,0.0,-0.0032305714871585386,2.9200477446155184,0.0,0.0,0.0
1970,691,672.6886,1081.4341,-0.0064738747,0.0,-0.0,0.0,0.0,0.0,-0.0032305714871585386,2.9200477446155184,0.0,0.0,0.0
1971,691,672.6886,1081.4341,-0.0064738747,0.0,-0.0,0.0,0.0,0.0,-0.0032305714871585386,2.9200477446155184,0.0,0.0,0.0
1972,691,672.6886,1081.4341,-0.0064738747,0.0,-0.0,0.0,0.0,0.0,-0.0032305714871585386,2.9200477446155184,0.0,0.0,0.0
1973,691,672.6886,1081.4341,-0.0064738747,0.0,-0.0,0.0,0.0,0.0,-0.0032305714871585386,2.9200477446155184,0.0,0.0,0.0
1974,691,672.6886,1081.4341,-0.0064738747,0.0,-0.0,0.0,0.0,0.0,-0.0032305714871585386,2.9200477446155184,0.0,0.0,0.0
1975,691,672.6886,1081.4341,-0.0064738747,0.0,-0.0,0.0,0.0,0.0,-0.0032305714871585386,2.9200477446155184,0.0,0.0,0.0
1976,691,672.6886,1081.4341,-0.0064738747,0.0,-0.0,0.0,0.0,0.0,-0.0032305714871585386,2.9200477446155184,0.0,0.0,0.0
1977,691,672.6886,1081.4341,-0.0064738747,0.0,-0.0,0.0,0.0,0.0,-0.0032305714871585386,2.9200477446155184,0.0,0.0,0.0
1978,691,672.6886,1081.4341,-0.0064738747,0.0,-0.0,0.0,0.0,0.0,-0.0032305714871585386,2.9200477446155184,0.0,0.0,0.0
1979,691,672.6886,1081.4341,-0.0064738747,0.0,-0.0,0.0,0.0,0.0,-0.0032305714871585386,2.9200477446155184,0.0,0.0,0.0
1980,691,672.6886,1081.4341,-0.0064738747,0.0,-0.0,0.0,0.0,0.0,-0.0032305714871585386,2.9200477446155184,0.0,0.0,0.0
1981,691,672.6886,1081.4341,-0.0064738747,0.0,-0.0,0.0,0.0,0.0,-0.0032305714871585386,2.9200477446155184,0.0,0.0,0.0
1982,691,672.6886,1081.4341,-0.0064738747,0.0,-0.0,0.0,0.0,0.0,-0.0032305714871585386,2.9200477446155184,0.0,0.0,0.0
1983,691,672.6886,1081.4341,-0.0064738747,0.0,-0.0,0.0,0.0,0.0,-0.0032305714871585386,2.9200477446155184,0.0,0.0,0.0
1984,691,672.6886,1081.4341,-0.0064738747,0.0,-0.0,0.0,0.0,0.0,-0.0032305714871585386,2.9200477446155184,0.0,0.0,0.0
1985,691,672.6886,1081.4341,-0.0064738747,0.0,-0.0,0.0,0.0,0.0,-0.0032305714871585386,2.9200477446155184,0.0,0.0,0.0
1986,691,672.6886,1081.4341,-0.0064738747,0.0,-0.0,0.0,0.0,0.0,-0.0032305714871585386,2.9200477446155184,0.0,0.0,0.0
1987,691,672.6886,1081.4341,-0.0064738747,0.0,-0.0,0.0,0.0,0.0,-0.0032305714871585386,2.9200477446155184,0.0,0.0,0.0
1988,691,672.6886,1081.4341,-0.0064738747,0.0,-0.0,0.0,0.0,0.0,-0.0032305714871585386,2.9200477446155184,0.0,0.0,0.0
1989,691,672.6886,1081.4341,-0.0064738747,0.0,-0.0,0.0,0.0,0.0,-0.0032305714871585386,2.9200477446155184,0.0,0.0,0.0
1990,691,672.6886,1081.4341,-0.0064738747,0.0,-0.0,0.0,0.0,0.0,-0.0032305714871585386,2.9200477446155184,0.0,0.0,0.0
1991,691,672.6886,1081.4341,-0.0064738747,0.0,-0.0,0.0,0.0,0.0,-0.0032305714871585386,2.9200477446155184,0.0,0.0,0.0
1992,691,672.6886,1081.4341,-0.0064738747,0.0,-0.0,0.0,0.0,0.0,-0.0032305714871585386,2.9200477446155184,0.0,0.0,0.0
1993,691,672.6886,1081.4341,-0.0064738747,0.0,-0.0,0.0,0.0,0.0,-0.0032305714871585386,2.9200477446155184,0.0,0.0,0.0
1994,691,672.6886,1081.4341,-0.0064738747,0.0,-0.0,0.0,0.0,0.0,-0.0032305714871585386,2.9200477446155184,0.0,0.0,0.0
1995,691,672.6886,1081.4341,-0.0064738747,0.0,-0.0,0.0,0.0,0.0,-0.0032305714871585386,2.9200477446155184,0.0,0.0,0.0
1996,691,672.6886,1081.4341,-0.0064738747,0.0,-0.0,0.0,0.0,0.0,-0.0032305714871585386,2.9200477446155184,0.0,0.0,0.0
1997,691,672.6886,1081.4341,-0.0064738747,0.0,-0.0,0.0,0.0,0.0,-0.0032305714871585386,2.9200477446155184,0.0,0.0,0.0
1998,691,672.6886,1081.4341,-0.0064738747,0.0,-0.0,0.0,0.0,0.0,-0.0032305714871585386,2.9200477446155184,0.0,0.0,0.0
1999,691,672.6886,1081.4341,-0.0064738747,0.0,-0.0,0.0,0.0,0.0,-0.0032305714871585386,2.9200477446155184,0.0,0.0,0.0
2000,691,672.6886,1081.4341,-0.0064738747,0.0,-0.0,0.0,0.0,0.0,-0.0032305714871585386,2.9200477446155184,0.0,0.0,0.0
2001,691,672.6886,1081.4341,-0.0064738747,0.0,-0.0,0.0,0.0,0.0,-0.0032305714871585386,2.9200477446155184,0.0,0.0,0.0
2002,691,672.6886,1081.4341,-0.0064738747,0.0,-0.0,0.0,0.0,0.0,-0.0032305714871585386,2.9200477446155184,0.0,0.0,0.0
2003,691,672.6886,1081.4341,-0.0064738747,0.0,-0.0,0.0,0.0,0.0,-0.0032305714871585386,2.9200477446155184,0.0,0.0,0.0
2004,691,672.6886,1081.4341,-0.0064738747,0.0,-0.0,0.0,0.0,0.0,-0.0032305714871585386,2.9200477446155184,0.0,0.0,0.0
2005,691,672.6886,1081.4341,-0.0064738747,0.0,-0.0,0.0,0.0,0.0,-0.0032305714871585386,2.9200477446155184,0.0,0.0,0.0
2006,691,672.6886,1081.4341,-0.0064738747,0.0,-0.0,0.0,0.0,0.0,-0.0032305714871585386,2.9200477446155184,0.0,0.0,0.0
2007,691,672.6886,1081.4341,-0.0064738747,0.0,-0.0,0.0,0.0,0.0,-0.0032305714871585386,2.9200477446155184,0.0,0.0,0.0
2008,691,672.6886,1081.4341,-0.0064738747,0.0,-0.0,0.0,0.0,0.0,-0.0032305714871585386,2.9200477446155184,0.0,0.0,0.0
2009,691,672.6886,1081.4341,-0.0064738747,0.0,-0.0,0.0,0.0,0.0,-0.0032305714871585386,2.9200477446155184,0.0,0.0,0.0
2010,691,672.6886,1081.4341,-0.0064738747,0.0,-0.0,0.0,0.0,0.0,-0.0032305714871585386,2.9200477446155184,0.0,0.0,0.0
2011,691,672.6886,1081.4341,-0.0064738747,0.0,-0.0,0.0,0.0,0.0,-0.0032305714871585386,2.9200477446155184,0.0,0.0,0.0
2012,691,672.6886,1081.4341,-0.0064738747,0.0,-0.0,0.0,0.0,0.0,-0.0032305714871585386,2.9200477446155184,0.0,0.0,0.0
2013,691,672.6886,1081.4341,-0.0064738747,0.0,-0.0,0.0,0.0,0.0,-0.0032305714871585386,2.9200477446155184,0.0,0.0,0.0
2014,691,672.6886,1081.4341,-0.0064738747,0.0,-0.0,0.0,0.0,0.0,-0.0032305714871585386,2.9200477446155184,0.0,0.0,0.0
2015,691,672.6886,1081.4341,-0.0064738747,0.0,-0.0,0.0,0.0,0.0,-0.0032305714871585386,2.9200477446155184,0.0,0.0,0.0
2016,691,672.6886,1081.4341,-0.0064738747,0.0,-0.0,0.0,0.0,0.0,-0.0032305714871585386,2.9200477446155184,0.0,0.0,0.0
2017,691,672.6886,1081.4341,-0.0064738747,0.0,-0.0,0.0,0.0,0.0,-0.0032305714871585386,2.9200477446155184,0.0,0.0,0.0
2018,691,672.6886,1081.4341,-0.0064738747,0.0,-0.0,0.0,0.0,0.0,-0.0032305714871585386,2.9200477446155184,0.0,0.0,0.0
2019,691,672.6886,1081.4341,-0.0064738747,0.0,-0.0,0.0,0.0,0.0,-0.0032305714871585386,2.9200477446155184,0.0,0.0,0.0
2020,691,672.6886,1081.4341,-0.0064738747,0.0,-0.0,0.0,0.0,0.0,-0.0032305714871585386,2.9200477446155184,0.0,0.0,0.0
2021,691,672.6886,1081.4341,-0.0064738747,0.0,-0.0,0.0,0.0,0.0,-0.0032305714871585386,2.9200477446155184,0.0,0.0,0.0
2022,691,672.6886,1081.4341,-0.0064738747,0.0,-0.0,0.0,0.0,0.0,-0.0032305714871585386,2.9200477446155184,0.0,0.0,0.0
2023,691,672.6886,1081.4341,-0.0064738747,0.0,-0.0,0.0,0.0,0.0,-0.0032305714871585386,2.9200477446155184,0.0,0.0,0.0
2024,691,672.6886,1081.4341,-0.0064738747,0.0,-0.0,0.0,0.0,0.0,-0.0032305714871585386,2.9200477446155184,0.0,0.0,0.0
2025,691,672.6886,1081.4341,-0.0064738747,0.0,-0.0,0.0,0.0,0.0,-0.0032305714871585386,2.9200477446155184,0.0,0.0,0.0
2026,691,672.6886,1081.4341,-0.0064738747,0.0,-0.0,0.0,0.0,0.0,-0.0032305714871585386,2.9200477446155184,0.0,0.0,0.0
2027,691,672.6886,1081.4341,-0.0064738747,0.0,-0.0,0.0,0.0,0.0,-0.0032305714871585386,2.9200477446155184,0.0,0.0,0.0
2028,691,672.6886,1081.4341,-0.0064738747,0.0,-0.0,0.0,0.0,0.0,-0.0032305714871585386,2.9200477446155184,0.0,0.0,0.0
2029,691,672.6886,1081.4341,-0.0064738747,0.0,-0.0,0.0,0.0,0.0,-0.0032305714871585386,2.9200477446155184,0.0,0.0,0.0
2030,691,672.6886,1081.4341,-0.0064738747,0.0,-0.0,0.0,0.0,0.0,-0.0032305714871585386,2.9200477446155184,0.0,0.0,0.0
2031,691,672.6886,1081.4341,-0.0064738747,0.0,-0.0,0.0,0.0,0.0,-0.0032305714871585386,2.9200477446155184,0.0,0.0,0.0
2032,691,672.6886,1081.4341,-0.0064738747,0.0,-0.0,0.0,0.0,0.0,-0.0032305714871585386,2.9200477446155184,0.0,0.0,0.0
2033,691,672.6886,1081.4341,-0.0064738747,0.0,-0.0,0.0,0.0,0.0,-0.0032305714871585386,2.9200477446155184,0.0,0.0,0.0
2034,691,672.6886,1081.4341,-0.0064738747,0.0,-0.0,0.0,0.0,0.0,-0.0032305714871585386,2.9200477446155184,0.0,0.0,0.0
2035,691,672.6886,1081.4341,-0.0064738747,0.0,-0.0,0.0,0.0,0.0,-0.0032305714871585386,2.9200477446155184,0.0,0.0,0.0
2036,691,672.6886,1081.4341,-0.0064738747,0.0,-0.0,0.0,0.0,0.0,-0.0032305714871585386,2.9200477446155184,0.0,0.0,0.0
2037,691,672.6886,1081.4341,-0.0064738747,0.0,-0.0,0.0,0.0,0.0,-0.0032305714871585386,2.9200477446155184,0.0,0.0,0.0
2038,691,672.6886,1081.4341,-0.0064738747,0.0,-0.0,0.0,0.0,0.0,-0.0032305714871585386,2.9200477446155184,0.0,0.0,0.0
2039,691,672.6886,1081.4341,-0.0064738747,0.0,-0.0,0.0,0.0,0.0,-0.0032305714871585386,2.9200477446155184,0.0,0.0,0.0
2040,691,672.6886,1081.4341,-0.0064738747,0.0,-0.0,0.0,0.0,0.0,-0.0032305714871585386,2.9200477446155184,0.0,0.0,0.0
2041,691,672.6886,1081.4341,-0.0064738747,0.0,-0.0,0.0,0.0,0.0,-0.0032305714871585386,2.9200477446155184,0.0,0.0,0.0
2042,691,672.6886,1081.4341,-0.0064738747,0.0,-0.0,0.0,0.0,0.0,-0.0032305714871585386,2.9200477446155184,0.0,0.0,0.0
2043,691,672.6886,1081.4341,-0.0064738747,0.0,-0.0,0.0,0.0,0.0,-0.0032305714871585386,2.9200477446155184,0.0,0.0,0.0
2044,691,672.6886,1081.4341,-0.0064738747,0.0,-0.0,0.0,0.0,0.0,-0.0032305714871585386,2.9200477446155184,0.0,0.0,0.0
2045,691,672.6886,1081.4341,-0.0064738747,0.0,-0.0,0.0,0.0,0.0,-0.0032305714871585386,2.9200477446155184,0.0,0.0,0.0
2046,691,672.6886,1081.4341,-0.0064738747,0.0,-0.0,0.0,0.0,0.0,-0.0032305714871585386,2.9200477446155184,0.0,0.0,0.0
2047,691,672.6886,1081.4341,-0.0064738747,0.0,-0.0,0.0,0.0,0.0,-0.0032305714871585386,2.9200477446155184,0.0,0.0,0.0
2048,691,672.6886,1081.4341,-0.0064738747,0.0,-0.0,0.0,0.0,0.0,-0.0032305714871585386,2.9200477446155184,0.0,0.0,0.0
2049,691,672.6886,1081.4341,-0.0064738747,0.0,-0.0,0.0,0.0,0.0,-0.0032305714871585386,2.9200477446155184,0.0,0.0,0.0
2050,691,672.6886,1081.4341,-0.0064738747,0.0,-0.0,0.0,0.0,0.0,-0.0032305714871585386,2.9200477446155184,0.0,0.0,0.0
2051,691,672.6886,1081.4341,-0.0064738747,0.0,-0.0,0.0,0.0,0.0,-0.0032305714871585386,2.9200477446155184,0.0,0.0,0.0
2052,691,672.6886,1081.4341,-0.0064738747,0.0,-0.0,0.0,0.0,0.0,-0.0032305714871585386,2.9200477446155184,0.0,0.0,0.0
2053,691,672.6886,1081.4341,-0.0064738747,0.0,-0.0,0.0,0.0,0.0,-0.0032305714871585386,2.9200477446155184,0.0,0.0,0.0
2054,691,672.6886,1081.4341,-0.0064738747,0.0,-0.0,0.0,0.0,0.0,-0.0032305714871585386,2.9200477446155184,0.0,0.0,0.0
2055,691,672.6886,1081.4341,-0.0064738747,0.0,-0.0,0.0,0.0,0.0,-0.0032305714871585386,2.9200477446155184,0.0,0.0,0.0
2056,691,672.6886,1081.4341,-0.0064738747,0.0,-0.0,0.0,0.0,0.0,-0.0032305714871585386,2.9200477446155184,0.0,0.0,0.0
2057,691,672.6886,1081.4341,-0.0064738747,0.0,-0.0,0.0,0.0,0.0,-0.0032305714871585386,2.9200477446155184,0.0,0.0,0.0
2058,691,672.6886,1081.4341,-0.0064738747,0.0,-0.0,0.0,0.0,0.0,-0.0032305714871585386,2.9200477446155184,0.0,0.0,0.0
2059,691,672.6886,1081.4341,-0.0064738747,0.0,-0.0,0.0,0.0,0.0,-0.0032305714871585386,2.9200477446155184,0.0,0.0,0.0
2060,691,672.6886,1081.4341,-0.0064738747,0.0,-0.0,0.0,0.0,0.0,-0.0032305714871585386,2.9200477446155184,0.0,0.0,0.0
2061,691,672.6886,1081.4341,-0.0064738747,0.0,-0.0,0.0,0.0,0.0,-0.0032305714871585386,2.9200477446155184,0.0,0.0,0.0
2062,691,672.6886,1081.4341,-0.0064738747,0.0,-0.0,0.0,0.0,0.0,-0.0032305714871585386,2.9200477446155184,0.0,0.0,0.0
2063,691,672.6886,1081.4341,-0.0064738747,0.0,-0.0,0.0,0.0,0.0,-0.0032305714871585386,2.9200477446155184,0.0,0.0,0.0
2064,691,672.6886,1081.4341,-0.0064738747,0.0,-0.0,0.0,0.0,0.0,-0.0032305714871585386,2.9200477446155184,0.0,0.0,0.0
2065,691,672.6886,1081.4341,-0.0064738747,0.0,-0.0,0.0,0.0,0.0,-0.0032305714871585386,2.9200477446155184,0.0,0.0,0.0
2066,691,672.6886,1081.4341,-0.0064738747,0.0,-0.0,0.0,0.0,0.0,-0.0032305714871585386,2.9200477446155184,0.0,0.0,0.0
2067,691,672.6886,1081.4341,-0.0064738747,0.0,-0.0,0.0,0.0,0.0,-0.0032305714871585386,2.9200477446155184,0.0,0.0,0.0
2068,691,672.6886,1081.4341,-0.0064738747,0.0,-0.0,0.0,0.0,0.0,-0.0032305714871585386,2.9200477446155184,0.0,0.0,0.0
2069,691,672.6886,1081.4341,-0.0064738747,0.0,-0.0,0.0,0.0,0.0,-0.0032305714871585386,2.9200477446155184,0.0,0.0,0.0
2070,691,672.6886,1081.4341,-0.0064738747,0.0,-0.0,0.0,0.0,0.0,-0.0032305714871585386,2.9200477446155184,0.0,0.0,0.0
2071,691,672.6886,1081.4341,-0.0064738747,0.0,-0.0,0.0,0.0,0.0,-0.0032305714871585386,2.9200477446155184,0.0,0.0,0.0
2072,691,672.6886,1081.4341,-0.0064738747,0.0,-0.0,0.0,0.0,0.0,-0.0032305714871585386,2.9200477446155184,0.0,0.0,0.0
2073,691,672.6886,1081.4341,-0.0064738747,0.0,-0.0,0.0,0.0,0.0,-0.0032305714871585386,2.9200477446155184,0.0,0.0,0.0
2074,691,672.6886,1081.4341,-0.0064738747,0.0,-0.0,0.0,0.0,0.0,-0.0032305714871585386,2.9200477446155184,0.0,0.0,0.0
2075,691,672.6886,1081.4341,-0.0064738747,0.0,-0.0,0.0,0.0,0.0,-0.0032305714871585386,2.9200477446155184,0.0,0.0,0.0
2076,691,672.6886,1081.4341,-0.0064738747,0.0,-0.0,0.0,0.0,0.0,-0.0032305714871585386,2.9200477446155184,0.0,0.0,0.0
2077,691,672.6886,1081.4341,-0.0064738747,0.0,-0.0,0.0,0.0,0.0,-0.0032305714871585386,2.9200477446155184,0.0,0.0,0.0
2078,691,672.6886,1081.4341,-0.0064738747,0.0,-0.0,0.0,0.0,0.0,-0.0032305714871585386,2.9200477446155184,0.0,0.0,0.0
2079,691,672.6886,1081.4341,-0.0064738747,0.0,-0.0,0.0,0.0,0.0,-0.0032305714871585386,2.9200477446155184,0.0,0.0,0.0
2080,691,672.6886,1081.4341,-0.0064738747,0.0,-0.0,0.0,0.0,0.0,-0.0032305714871585386,2.9200477446155184,0.0,0.0,0.0
2081,691,672.6886,1081.4341,-0.0064738747,0.0,-0.0,0.0,0.0,0.0,-0.0032305714871585386,2.9200477446155184,0.0,0.0,0.0
2082,691,672.6886,1081.4341,-0.0064738747,0.0,-0.0,0.0,0.0,0.0,-0.0032305714871585386,2.9200477446155184,0.0,0.0,0.0
2083,691,672.6886,1081.4341,-0.0064738747,0.0,-0.0,0.0,0.0,0.0,-0.0032305714871585386,2.9200477446155184,0.0,0.0,0.0
2084,691,672.6886,1081.4341,-0.0064738747,0.0,-0.0,0.0,0.0,0.0,-0.0032305714871585386,2.9200477446155184,0.0,0.0,0.0
2085,691,672.6886,1081.4341,-0.0064738747,0.0,-0.0,0.0,0.0,0.0,-0.0032305714871585386,2.9200477446155184,0.0,0.0,0.0
2086,691,672.6886,1081.4341,-0.0064738747,0.0,-0.0,0.0,0.0,0.0,-0.0032305714871585386,2.9200477446155184,0.0,0.0,0.0
2087,691,672.6886,1081.4341,-0.0064738747,0.0,-0.0,0.0,0.0,0.0,-0.0032305714871585386,2.9200477446155184,0.0,0.0,0.0
2088,691,672.6886,1081.4341,-0.0064738747,0.0,-0.0,0.0,0.0,0.0,-0.0032305714871585386,2.9200477446155184,0.0,0.0,0.0
2089,691,672.6886,1081.4341,-0.0064738747,0.0,-0.0,0.0,0.0,0.0,-0.0032305714871585386,2.9200477446155184,0.0,0.0,0.0
2090,691,672.6886,1081.4341,-0.0064738747,0.0,-0.0,0.0,0.0,0.0,-0.0032305714871585386,2.9200477446155184,0.0,0.0,0.0
2091,691,672.6886,1081.4341,-0.0064738747,0.0,-0.0,0.0,0.0,0.0,-0.0032305714871585386,2.9200477446155184,0.0,0.0,0.0
2092,691,672.6886,1081.4341,-0.0064738747,0.0,-0.0,0.0,0.0,0.0,-0.0032305714871585386,2.9200477446155184,0.0,0.0,0.0
2093,691,672.6886,1081.4341,-0.0064738747,0.0,-0.0,0.0,0.0,0.0,-0.0032305714871585386,2.9200477446155184,0.0,0.0,0.0
2094,691,672.6886,1081.4341,-0.0064738747,0.0,-0.0,0.0,0.0,0.0,-0.0032305714871585386,2.9200477446155184,0.0,0.0,0.0
2095,691,672.6886,1081.4341,-0.0064738747,0.0,-0.0,0.0,0.0,0.0,-0.0032305714871585386,2.9200477446155184,0.0,0.0,0.0
2096,691,672.6886,1081.4341,-0.0064738747,0.0,-0.0,0.0,0.0,0.0,-0.0032305714871585386,2.9200477446155184,0.0,0.0,0.0
2097,691,672.6886,1081.4341,-0.0064738747,0.0,-0.0,0.0,0.0,0.0,-0.0032305714871585386,2.9200477446155184,0.0,0.0,0.0
2098,691,672.6886,1081.4341,-0.0064738747,0.0,-0.0,0.0,0.0,0.0,-0.0032305714871585386,2.9200477446155184,0.0,0.0,0.0
2099,691,672.6886,1081.4341,-0.0064738747,0.0,-0.0,0.0,0.0,0.0,-0.0032305714871585386,2.9200477446155184,0.0,0.0,0.0
2100,691,672.6886,1081.4341,-0.0064738747,0.0,-0.0,0.0,0.0,0.0,-0.0032305714871585386,2.9200477446155184,0.0,0.0,0.0
2101,691,672.6886,1081.4341,-0.0064738747,0.0,-0.0,0.0,0.0,0.0,-0.0032305714871585386,2.9200477446155184,0.0,0.0,0.0
2102,691,672.6886,1081.4341,-0.0064738747,0.0,-0.0,0.0,0.0,0.0,-0.0032305714871585386,2.9200477446155184,0.0,0.0,0.0
2103,691,672.6886,1081.4341,-0.0064738747,0.0,-0.0,0.0,0.0,0.0,-0.0032305714871585386,2.9200477446155184,0.0,0.0,0.0
2104,691,672.6886,1081.4341,-0.0064738747,0.0,-0.0,0.0,0.0,0.0,-0.0032305714871585386,2.9200477446155184,0.0,0.0,0.0
2105,691,672.6886,1081.4341,-0.0064738747,0.0,-0.0,0.0,0.0,0.0,-0.0032305714871585386,2.9200477446155184,0.0,0.0,0.0
2106,691,672.6886,1081.4341,-0.0064738747,0.0,-0.0,0.0,0.0,0.0,-0.0032305714871585386,2.9200477446155184,0.0,0.0,0.0
2107,691,672.6886,1081.4341,-0.0064738747,0.0,-0.0,0.0,0.0,0.0,-0.0032305714871585386,2.9200477446155184,0.0,0.0,0.0
2108,691,672.6886,1081.4341,-0.0064738747,0.0,-0.0,0.0,0.0,0.0,-0.0032305714871585386,2.9200477446155184,0.0,0.0,0.0
2109,691,672.6886,1081.4341,-0.0064738747,0.0,-0.0,0.0,0.0,0.0,-0.0032305714871585386,2.9200477446155184,0.0,0.0,0.0
2110,691,672.6886,1081.4341,-0.0064738747,0.0,-0.0,0.0,0.0,0.0,-0.0032305714871585386,2.9200477446155184,0.0,0.0,0.0
2111,691,672.6886,1081.4341,-0.0064738747,0.0,-0.0,0.0,0.0,0.0,-0.0032305714871585386,2.9200477446155184,0.0,0.0,0.0
2112,691,672.6886,1081.4341,-0.0064738747,0.0,-0.0,0.0,0.0,0.0,-0.0032305714871585386,2.9200477446155184,0.0,0.0,0.0
2113,691,672.6886,1081.4341,-0.0064738747,0.0,-0.0,0.0,0.0,0.0,-0.0032305714871585386,2.9200477446155184,0.0,0.0,0.0
2114,691,672.6886,1081.4341,-0.0064738747,0.0,-0.0,0.0,0.0,0.0,-0.0032305714871585386,2.9200477446155184,0.0,0.0,0.0
2115,691,672.6886,1081.4341,-0.0064738747,0.0,-0.0,0.0,0.0,0.0,-0.0032305714871585386,2.9200477446155184,0.0,0.0,0.0
2116,691,672.6886,1081.4341,-0.0064738747,0.0,-0.0,0.0,0.0,0.0,-0.0032305714871585386,2.9200477446155184,0.0,0.0,0.0
2117,691,672.6886,1081.4341,-0.0064738747,0.0,-0.0,0.0,0.0,0.0,-0.0032305714871585386,2.9200477446155184,0.0,0.0,0.0
2118,691,672.6886,1081.4341,-0.0064738747,0.0,-0.0,0.0,0.0,0.0,-0.0032305714871585386,2.9200477446155184,0.0,0.0,0.0
2119,691,672.6886,1081.4341,-0.0064738747,0.0,-0.0,0.0,0.0,0.0,-0.0032305714871585386,2.9200477446155184,0.0,0.0,0.0
2120,691,672.6886,1081.4341,-0.0064738747,0.0,-0.0,0.0,0.0,0.0,-0.0032305714871585386,2.9200477446155184,0.0,0.0,0.0
2121,691,672.6886,1081.4341,-0.0064738747,0.0,-0.0,0.0,0.0,0.0,-0.0032305714871585386,2.9200477446155184,0.0,0.0,0.0
2122,691,672.6886,1081.4341,-0.0064738747,0.0,-0.0,0.0,0.0,0.0,-0.0032305714871585386,2.9200477446155184,0.0,0.0,0.0
2123,691,672.6886,1081.4341,-0.0064738747,0.0,-0.0,0.0,0.0,0.0,-0.0032305714871585386,2.9200477446155184,0.0,0.0,0.0
2124,691,672.6886,1081.4341,-0.0064738747,0.0,-0.0,0.0,0.0,0.0,-0.0032305714871585386,2.9200477446155184,0.0,0.0,0.0
2125,691,672.6886,1081.4341,-0.0064738747,0.0,-0.0,0.0,0.0,0.0,-0.0032305714871585386,2.9200477446155184,0.0,0.0,0.0
2126,691,672.6886,1081.4341,-0.0064738747,0.0,-0.0,0.0,0.0,0.0,-0.0032305714871585386,2.9200477446155184,0.0,0.0,0.0
2127,691,672.6886,1081.4341,-0.0064738747,0.0,-0.0,0.0,0.0,0.0,-0.0032305714871585386,2.9200477446155184,0.0,0.0,0.0
2128,691,672.6886,1081.4341,-0.0064738747,0.0,-0.0,0.0,0.0,0.0,-0.0032305714871585386,2.9200477446155184,0.0,0.0,0.0
2129,691,672.6886,1081.4341,-0.0064738747,0.0,-0.0,0.0,0.0,0.0,-0.0032305714871585386,2.9200477446155184,0.0,0.0,0.0
2130,691,672.6886,1081.4341,-0.0064738747,0.0,-0.0,0.0,0.0,0.0,-0.0032305714871585386,2.9200477446155184,0.0,0.0,0.0
2131,691,672.6886,1081.4341,-0.0064738747,0.0,-0.0,0.0,0.0,0.0,-0.0032305714871585386,2.9200477446155184,0.0,0.0,0.0
2132,691,672.6886,1081.4341,-0.0064738747,0.0,-0.0,0.0,0.0,0.0,-0.0032305714871585386,2.9200477446155184,0.0,0.0,0.0
2133,691,672.6886,1081.4341,-0.0064738747,0.0,-0.0,0.0,0.0,0.0,-0.0032305714871585386,2.9200477446155184,0.0,0.0,0.0
2134,691,672.6886,1081.4341,-0.0064738747,0.0,-0.0,0.0,0.0,0.0,-0.0032305714871585386,2.9200477446155184,0.0,0.0,0.0
2135,691,672.6886,1081.4341,-0.0064738747,0.0,-0.0,0.0,0.0,0.0,-0.0032305714871585386,2.9200477446155184,0.0,0.0,0.0
2136,691,672.6886,1081.4341,-0.0064738747,0.0,-0.0,0.0,0.0,0.0,-0.0032305714871585386,2.9200477446155184,0.0,0.0,0.0
2137,691,672.6886,1081.4341,-0.0064738747,0.0,-0.0,0.0,0.0,0.0,-0.0032305714871585386,2.9200477446155184,0.0,0.0,0.0
2138,691,672.6886,1081.4341,-0.0064738747,0.0,-0.0,0.0,0.0,0.0,-0.0032305714871585386,2.9200477446155184,0.0,0.0,0.0
2139,691,672.6886,1081.4341,-0.0064738747,0.0,-0.0,0.0,0.0,0.0,-0.0032305714871585386,2.9200477446155184,0.0,0.0,0.0
2140,691,672.6886,1081.4341,-0.0064738747,0.0,-0.0,0.0,0.0,0.0,-0.0032305714871585386,2.9200477446155184,0.0,0.0,0.0
2141,691,672.6886,1081.4341,-0.0064738747,0.0,-0.0,0.0,0.0,0.0,-0.0032305714871585386,2.9200477446155184,0.0,0.0,0.0
2142,691,672.6886,1081.4341,-0.0064738747,0.0,-0.0,0.0,0.0,0.0,-0.0032305714871585386,2.9200477446155184,0.0,0.0,0.0
2143,691,672.6886,1081.4341,-0.0064738747,0.0,-0.0,0.0,0.0,0.0,-0.0032305714871585386,2.9200477446155184,0.0,0.0,0.0
2144,691,672.6886,1081.4341,-0.0064738747,0.0,-0.0,0.0,0.0,0.0,-0.0032305714871585386,2.9200477446155184,0.0,0.0,0.0
2145,691,672.6886,1081.4341,-0.0064738747,0.0,-0.0,0.0,0.0,0.0,-0.0032305714871585386,2.9200477446155184,0.0,0.0,0.0
2146,691,672.6886,1081.4341,-0.0064738747,0.0,-0.0,0.0,0.0,0.0,-0.0032305714871585386,2.9200477446155184,0.0,0.0,0.0
2147,691,672.6886,1081.4341,-0.0064738747,0.0,-0.0,0.0,0.0,0.0,-0.0032305714871585386,2.9200477446155184,0.0,0.0,0.0
2148,691,672.6886,1081.4341,-0.0064738747,0.0,-0.0,0.0,0.0,0.0,-0.0032305714871585386,2.9200477446155184,0.0,0.0,0.0
2149,691,672.6886,1081.4341,-0.0064738747,0.0,-0.0,0.0,0.0,0.0,-0.0032305714871585386,2.9200477446155184,0.0,0.0,0.0
2150,691,672.6886,1081.4341,-0.0064738747,0.0,-0.0,0.0,0.0,0.0,-0.0032305714871585386,2.9200477446155184,0.0,0.0,0.0
2151,691,672.6886,1081.4341,-0.0064738747,0.0,-0.0,0.0,0.0,0.0,-0.0032305714871585386,2.9200477446155184,0.0,0.0,0.0
2152,691,672.6886,1081.4341,-0.0064738747,0.0,-0.0,0.0,0.0,0.0,-0.0032305714871585386,2.9200477446155184,0.0,0.0,0.0
2153,691,672.6886,1081.4341,-0.0064738747,0.0,-0.0,0.0,0.0,0.0,-0.0032305714871585386,2.9200477446155184,0.0,0.0,0.0
2154,691,672.6886,1081.4341,-0.0064738747,0.0,-0.0,0.0,0.0,0.0,-0.0032305714871585386,2.9200477446155184,0.0,0.0,0.0
2155,691,672.6886,1081.4341,-0.0064738747,0.0,-0.0,0.0,0.0,0.0,-0.0032305714871585386,2.9200477446155184,0.0,0.0,0.0
2156,691,672.6886,1081.4341,-0.0064738747,0.0,-0.0,0.0,0.0,0.0,-0.0032305714871585386,2.9200477446155184,0.0,0.0,0.0
2157,691,672.6886,1081.4341,-0.0064738747,0.0,-0.0,0.0,0.0,0.0,-0.0032305714871585386,2.9200477446155184,0.0,0.0,0.0
2158,691,672.6886,1081.4341,-0.0064738747,0.0,-0.0,0.0,0.0,0.0,-0.0032305714871585386,2.9200477446155184,0.0,0.0,0.0
2159,691,672.6886,1081.4341,-0.0064738747,0.0,-0.0,0.0,0.0,0.0,-0.0032305714871585386,2.9200477446155184,0.0,0.0,0.0
2160,691,672.6886,1081.4341,-0.0064738747,0.0,-0.0,0.0,0.0,0.0,-0.0032305714871585386,2.9200477446155184,0.0,0.0,0.0
2161,691,672.6886,1081.4341,-0.0064738747,0.0,-0.0,0.0,0.0,0.0,-0.0032305714871585386,2.9200477446155184,0.0,0.0,0.0
2162,691,672.6886,1081.4341,-0.0064738747,0.0,-0.0,0.0,0.0,0.0,-0.0032305714871585386,2.9200477446155184,0.0,0.0,0.0
2163,691,672.6886,1081.4341,-0.0064738747,0.0,-0.0,0.0,0.0,0.0,-0.0032305714871585386,2.9200477446155184,0.0,0.0,0.0
2164,691,672.6886,1081.4341,-0.0064738747,0.0,-0.0,0.0,0.0,0.0,-0.0032305714871585386,2.9200477446155184,0.0,0.0,0.0
2165,691,672.6886,1081.4341,-0.0064738747,0.0,-0.0,0.0,0.0,0.0,-0.0032305714871585386,2.9200477446155184,0.0,0.0,0.0
2166,691,672.6886,1081.4341,-0.0064738747,0.0,-0.0,0.0,0.0,0.0,-0.0032305714871585386,2.9200477446155184,0.0,0.0,0.0
2167,691,672.6886,1081.4341,-0.0064738747,0.0,-0.0,0.0,0.0,0.0,-0.0032305714871585386,2.9200477446155184,0.0,0.0,0.0
2168,691,672.6886,1081.4341,-0.0064738747,0.0,-0.0,0.0,0.0,0.0,-0.0032305714871585386,2.9200477446155184,0.0,0.0,0.0
2169,691,672.6886,1081.4341,-0.0064738747,0.0,-0.0,0.0,0.0,0.0,-0.0032305714871585386,2.9200477446155184,0.0,0.0,0.0
2170,691,672.6886,1081.4341,-0.0064738747,0.0,-0.0,0.0,0.0,0.0,-0.0032305714871585386,2.9200477446155184,0.0,0.0,0.0
2171,691,672.6886,1081.4341,-0.0064738747,0.0,-0.0,0.0,0.0,0.0,-0.0032305714871585386,2.9200477446155184,0.0,0.0,0.0
2172,691,672.6886,1081.4341,-0.0064738747,0.0,-0.0,0.0,0.0,0.0,-0.0032305714871585386,2.9200477446155184,0.0,0.0,0.0
2173,691,672.6886,1081.4341,-0.0064738747,0.0,-0.0,0.0,0.0,0.0,-0.0032305714871585386,2.9200477446155184,0.0,0.0,0.0
2174,691,672.6886,1081.4341,-0.0064738747,0.0,-0.0,0.0,0.0,0.0,-0.0032305714871585386,2.9200477446155184,0.0,0.0,0.0
2175,691,672.6886,1081.4341,-0.0064738747,0.0,-0.0,0.0,0.0,0.0,-0.0032305714871585386,2.9200477446155184,0.0,0.0,0.0
2176,691,672.6886,1081.4341,-0.0064738747,0.0,-0.0,0.0,0.0,0.0,-0.0032305714871585386,2.9200477446155184,0.0,0.0,0.0
2177,691,672.6886,1081.4341,-0.0064738747,0.0,-0.0,0.0,0.0,0.0,-0.0032305714871585386,2.9200477446155184,0.0,0.0,0.0
2178,691,672.6886,1081.4341,-0.0064738747,0.0,-0.0,0.0,0.0,0.0,-0.0032305714871585386,2.9200477446155184,0.0,0.0,0.0
2179,691,672.6886,1081.4341,-0.0064738747,0.0,-0.0,0.0,0.0,0.0,-0.0032305714871585386,2.9200477446155184,0.0,0.0,0.0
2180,691,672.6886,1081.4341,-0.0064738747,0.0,-0.0,0.0,0.0,0.0,-0.0032305714871585386,2.9200477446155184,0.0,0.0,0.0
2181,691,672.6886,1081.4341,-0.0064738747,0.0,-0.0,0.0,0.0,0.0,-0.0032305714871585386,2.9200477446155184,0.0,0.0,0.0
2182,691,672.6886,1081.4341,-0.0064738747,0.0,-0.0,0.0,0.0,0.0,-0.0032305714871585386,2.9200477446155184,0.0,0.0,0.0
2183,691,672.6886,1081.4341,-0.0064738747,0.0,-0.0,0.0,0.0,0.0,-0.0032305714871585386,2.9200477446155184,0.0,0.0,0.0
2184,691,672.6886,1081.4341,-0.0064738747,0.0,-0.0,0.0,0.0,0.0,-0.0032305714871585386,2.9200477446155184,0.0,0.0,0.0
2185,691,672.6886,1081.4341,-0.0064738747,0.0,-0.0,0.0,0.0,0.0,-0.0032305714871585386,2.9200477446155184,0.0,0.0,0.0
2186,691,672.6886,1081.4341,-0.0064738747,0.0,-0.0,0.0,0.0,0.0,-0.0032305714871585386,2.9200477446155184,0.0,0.0,0.0
2187,691,672.6886,1081.4341,-0.0064738747,0.0,-0.0,0.0,0.0,0.0,-0.0032305714871585386,2.9200477446155184,0.0,0.0,0.0
2188,691,672.6886,1081.4341,-0.0064738747,0.0,-0.0,0.0,0.0,0.0,-0.0032305714871585386,2.9200477446155184,0.0,0.0,0.0
2189,691,672.6886,1081.4341,-0.0064738747,0.0,-0.0,0.0,0.0,0.0,-0.0032305714871585386,2.9200477446155184,0.0,0.0,0.0
2190,691,672.6886,1081.4341,-0.0064738747,0.0,-0.0,0.0,0.0,0.0,-0.0032305714871585386,2.9200477446155184,0.0,0.0,0.0
2191,691,672.6886,1081.4341,-0.0064738747,0.0,-0.0,0.0,0.0,0.0,-0.0032305714871585386,2.9200477446155184,0.0,0.0,0.0
2192,691,672.6886,1081.4341,-0.0064738747,0.0,-0.0,0.0,0.0,0.0,-0.0032305714871585386,2.9200477446155184,0.0,0.0,0.0
2193,691,672.6886,1081.4341,-0.0064738747,0.0,-0.0,0.0,0.0,0.0,-0.0032305714871585386,2.9200477446155184,0.0,0.0,0.0
2194,691,672.6886,1081.4341,-0.0064738747,0.0,-0.0,0.0,0.0,0.0,-0.0032305714871585386,2.9200477446155184,0.0,0.0,0.0
2195,691,672.6886,1081.4341,-0.0064738747,0.0,-0.0,0.0,0.0,0.0,-0.0032305714871585386,2.9200477446155184,0.0,0.0,0.0
2196,691,672.6886,1081.4341,-0.0064738747,0.0,-0.0,0.0,0.0,0.0,-0.0032305714871585386,2.9200477446155184,0.0,0.0,0.0
2197,691,672.6886,1081.4341,-0.0064738747,0.0,-0.0,0.0,0.0,0.0,-0.0032305714871585386,2.9200477446155184,0.0,0.0,0.0
2198,691,672.6886,1081.4341,-0.0064738747,0.0,-0.0,0.0,0.0,0.0,-0.0032305714871585386,2.9200477446155184,0.0,0.0,0.0
2199,691,672.6886,1081.4341,-0.0064738747,0.0,-0.0,0.0,0.0,0.0,-0.0032305714871585386,2.9200477446155184,0.0,0.0,0.0
2200,691,672.6886,1081.4341,-0.0064738747,0.0,-0.0,0.0,0.0,0.0,-0.0032305714871585386,2.9200477446155184,0.0,0.0,0.0
2201,691,672.6886,1081.4341,-0.0064738747,0.0,-0.0,0.0,0.0,0.0,-0.0032305714871585386,2.9200477446155184,0.0,0.0,0.0
2202,691,672.6886,1081.4341,-0.0064738747,0.0,-0.0,0.0,0.0,0.0,-0.0032305714871585386,2.9200477446155184,0.0,0.0,0.0
2203,691,672.6886,1081.4341,-0.0064738747,0.0,-0.0,0.0,0.0,0.0,-0.0032305714871585386,2.9200477446155184,0.0,0.0,0.0
2204,691,672.6886,1081.4341,-0.0064738747,0.0,-0.0,0.0,0.0,0.0,-0.0032305714871585386,2.9200477446155184,0.0,0.0,0.0
2205,691,672.6886,1081.4341,-0.0064738747,0.0,-0.0,0.0,0.0,0.0,-0.0032305714871585386,2.9200477446155184,0.0,0.0,0.0
2206,691,672.6886,1081.4341,-0.0064738747,0.0,-0.0,0.0,0.0,0.0,-0.0032305714871585386,2.9200477446155184,0.0,0.0,0.0
2207,691,672.6886,1081.4341,-0.0064738747,0.0,-0.0,0.0,0.0,0.0,-0.0032305714871585386,2.9200477446155184,0.0,0.0,0.0
2208,691,672.6886,1081.4341,-0.0064738747,0.0,-0.0,0.0,0.0,0.0,-0.0032305714871585386,2.9200477446155184,0.0,0.0,0.0
2209,691,672.6886,1081.4341,-0.0064738747,0.0,-0.0,0.0,0.0,0.0,-0.0032305714871585386,2.9200477446155184,0.0,0.0,0.0
2210,691,672.6886,1081.4341,-0.0064738747,0.0,-0.0,0.0,0.0,0.0,-0.0032305714871585386,2.9200477446155184,0.0,0.0,0.0
2211,691,672.6886,1081.4341,-0.0064738747,0.0,-0.0,0.0,0.0,0.0,-0.0032305714871585386,2.9200477446155184,0.0,0.0,0.0
2212,691,672.6886,1081.4341,-0.0064738747,0.0,-0.0,0.0,0.0,0.0,-0.0032305714871585386,2.9200477446155184,0.0,0.0,0.0
2213,691,672.6886,1081.4341,-0.0064738747,0.0,-0.0,0.0,0.0,0.0,-0.0032305714871585386,2.9200477446155184,0.0,0.0,0.0
2214,691,672.6886,1081.4341,-0.0064738747,0.0,-0.0,0.0,0.0,0.0,-0.0032305714871585386,2.9200477446155184,0.0,0.0,0.0
2215,691,672.6886,1081.4341,-0.0064738747,0.0,-0.0,0.0,0.0,0.0,-0.0032305714871585386,2.9200477446155184,0.0,0.0,0.0
2216,691,672.6886,1081.4341,-0.0064738747,0.0,-0.0,0.0,0.0,0.0,-0.0032305714871585386,2.9200477446155184,0.0,0.0,0.0
2217,691,672.6886,1081.4341,-0.0064738747,0.0,-0.0,0.0,0.0,0.0,-0.0032305714871585386,2.9200477446155184,0.0,0.0,0.0
2218,691,672.6886,1081.4341,-0.0064738747,0.0,-0.0,0.0,0.0,0.0,-0.0032305714871585386,2.9200477446155184,0.0,0.0,0.0
2219,691,672.6886,1081.4341,-0.0064738747,0.0,-0.0,0.0,0.0,0.0,-0.0032305714871585386,2.9200477446155184,0.0,0.0,0.0
2220,691,672.6886,1081.4341,-0.0064738747,0.0,-0.0,0.0,0.0,0.0,-0.0032305714871585386,2.9200477446155184,0.0,0.0,0.0
2221,691,672.6886,1081.4341,-0.0064738747,0.0,-0.0,0.0,0.0,0.0,-0.0032305714871585386,2.9200477446155184,0.0,0.0,0.0
2222,691,672.6886,1081.4341,-0.0064738747,0.0,-0.0,0.0,0.0,0.0,-0.0032305714871585386,2.9200477446155184,0.0,0.0,0.0
2223,691,672.6886,1081.4341,-0.0064738747,0.0,-0.0,0.0,0.0,0.0,-0.0032305714871585386,2.9200477446155184,0.0,0.0,0.0
2224,691,672.6886,1081.4341,-0.0064738747,0.0,-0.0,0.0,0.0,0.0,-0.0032305714871585386,2.9200477446155184,0.0,0.0,0.0
2225,691,672.6886,1081.4341,-0.0064738747,0.0,-0.0,0.0,0.0,0.0,-0.0032305714871585386,2.9200477446155184,0.0,0.0,0.0
2226,691,672.6886,1081.4341,-0.0064738747,0.0,-0.0,0.0,0.0,0.0,-0.0032305714871585386,2.9200477446155184,0.0,0.0,0.0
2227,691,672.6886,1081.4341,-0.0064738747,0.0,-0.0,0.0,0.0,0.0,-0.0032305714871585386,2.9200477446155184,0.0,0.0,0.0
2228,691,672.6886,1081.4341,-0.0064738747,0.0,-0.0,0.0,0.0,0.0,-0.0032305714871585386,2.9200477446155184,0.0,0.0,0.0
2229,691,672.6886,1081.4341,-0.0064738747,0.0,-0.0,0.0,0.0,0.0,-0.0032305714871585386,2.9200477446155184,0.0,0.0,0.0
2230,691,672.6886,1081.4341,-0.0064738747,0.0,-0.0,0.0,0.0,0.0,-0.0032305714871585386,2.9200477446155184,0.0,0.0,0.0
2231,691,672.6886,1081.4341,-0.0064738747,0.0,-0.0,0.0,0.0,0.0,-0.0032305714871585386,2.9200477446155184,0.0,0.0,0.0
2232,691,672.6886,1081.4341,-0.0064738747,0.0,-0.0,0.0,0.0,0.0,-0.0032305714871585386,2.9200477446155184,0.0,0.0,0.0
2233,691,672.6886,1081.4341,-0.0064738747,0.0,-0.0,0.0,0.0,0.0,-0.0032305714871585386,2.9200477446155184,0.0,0.0,0.0
2234,691,672.6886,1081.4341,-0.0064738747,0.0,-0.0,0.0,0.0,0.0,-0.0032305714871585386,2.9200477446155184,0.0,0.0,0.0
2235,691,672.6886,1081.4341,-0.0064738747,0.0,-0.0,0.0,0.0,0.0,-0.0032305714871585386,2.9200477446155184,0.0,0.0,0.0
2236,691,672.6886,1081.4341,-0.0064738747,0.0,-0.0,0.0,0.0,0.0,-0.0032305714871585386,2.9200477446155184,0.0,0.0,0.0
2237,691,672.6886,1081.4341,-0.0064738747,0.0,-0.0,0.0,0.0,0.0,-0.0032305714871585386,2.9200477446155184,0.0,0.0,0.0
2238,691,672.6886,1081.4341,-0.0064738747,0.0,-0.0,0.0,0.0,0.0,-0.0032305714871585386,2.9200477446155184,0.0,0.0,0.0
2239,691,672.6886,1081.4341,-0.0064738747,0.0,-0.0,0.0,0.0,0.0,-0.0032305714871585386,2.9200477446155184,0.0,0.0,0.0
2240,691,672.6886,1081.4341,-0.0064738747,0.0,-0.0,0.0,0.0,0.0,-0.0032305714871585386,2.9200477446155184,0.0,0.0,0.0
2241,691,672.6886,1081.4341,-0.0064738747,0.0,-0.0,0.0,0.0,0.0,-0.0032305714871585386,2.9200477446155184,0.0,0.0,0.0
2242,691,672.6886,1081.4341,-0.0064738747,0.0,-0.0,0.0,0.0,0.0,-0.0032305714871585386,2.9200477446155184,0.0,0.0,0.0
2243,691,672.6886,1081.4341,-0.0064738747,0.0,-0.0,0.0,0.0,0.0,-0.0032305714871585386,2.9200477446155184,0.0,0.0,0.0
2244,691,672.6886,1081.4341,-0.0064738747,0.0,-0.0,0.0,0.0,0.0,-0.0032305714871585386,2.9200477446155184,0.0,0.0,0.0
2245,691,672.6886,1081.4341,-0.0064738747,0.0,-0.0,0.0,0.0,0.0,-0.0032305714871585386,2.9200477446155184,0.0,0.0,0.0
2246,691,672.6886,1081.4341,-0.0064738747,0.0,-0.0,0.0,0.0,0.0,-0.0032305714871585386,2.9200477446155184,0.0,0.0,0.0
2247,691,672.6886,1081.4341,-0.0064738747,0.0,-0.0,0.0,0.0,0.0,-0.0032305714871585386,2.9200477446155184,0.0,0.0,0.0
2248,691,672.6886,1081.4341,-0.0064738747,0.0,-0.0,0.0,0.0,0.0,-0.0032305714871585386,2.9200477446155184,0.0,0.0,0.0
2249,691,672.6886,1081.4341,-0.0064738747,0.0,-0.0,0.0,0.0,0.0,-0.0032305714871585386,2.9200477446155184,0.0,0.0,0.0
2250,691,672.6886,1081.4341,-0.0064738747,0.0,-0.0,0.0,0.0,0.0,-0.0032305714871585386,2.9200477446155184,0.0,0.0,0.0
2251,691,672.6886,1081.4341,-0.0064738747,0.0,-0.0,0.0,0.0,0.0,-0.0032305714871585386,2.9200477446155184,0.0,0.0,0.0
2252,691,672.6886,1081.4341,-0.0064738747,0.0,-0.0,0.0,0.0,0.0,-0.0032305714871585386,2.9200477446155184,0.0,0.0,0.0
2253,691,672.6886,1081.4341,-0.0064738747,0.0,-0.0,0.0,0.0,0.0,-0.0032305714871585386,2.9200477446155184,0.0,0.0,0.0
2254,691,672.6886,1081.4341,-0.0064738747,0.0,-0.0,0.0,0.0,0.0,-0.0032305714871585386,2.9200477446155184,0.0,0.0,0.0
2255,691,672.6886,1081.4341,-0.0064738747,0.0,-0.0,0.0,0.0,0.0,-0.0032305714871585386,2.9200477446155184,0.0,0.0,0.0
2256,691,672.6886,1081.4341,-0.0064738747,0.0,-0.0,0.0,0.0,0.0,-0.0032305714871585386,2.9200477446155184,0.0,0.0,0.0
2257,691,672.6886,1081.4341,-0.0064738747,0.0,-0.0,0.0,0.0,0.0,-0.0032305714871585386,2.9200477446155184,0.0,0.0,0.0
2258,691,672.6886,1081.4341,-0.0064738747,0.0,-0.0,0.0,0.0,0.0,-0.0032305714871585386,2.9200477446155184,0.0,0.0,0.0
2259,691,672.6886,1081.4341,-0.0064738747,0.0,-0.0,0.0,0.0,0.0,-0.0032305714871585386,2.9200477446155184,0.0,0.0,0.0
2260,691,672.6886,1081.4341,-0.0064738747,0.0,-0.0,0.0,0.0,0.0,-0.0032305714871585386,2.9200477446155184,0.0,0.0,0.0
2261,691,672.6886,1081.4341,-0.0064738747,0.0,-0.0,0.0,0.0,0.0,-0.0032305714871585386,2.9200477446155184,0.0,0.0,0.0
2262,691,672.6886,1081.4341,-0.0064738747,0.0,-0.0,0.0,0.0,0.0,-0.0032305714871585386,2.9200477446155184,0.0,0.0,0.0
2263,691,672.6886,1081.4341,-0.0064738747,0.0,-0.0,0.0,0.0,0.0,-0.0032305714871585386,2.9200477446155184,0.0,0.0,0.0
2264,691,672.6886,1081.4341,-0.0064738747,0.0,-0.0,0.0,0.0,0.0,-0.0032305714871585386,2.9200477446155184,0.0,0.0,0.0
2265,691,672.6886,1081.4341,-0.0064738747,0.0,-0.0,0.0,0.0,0.0,-0.0032305714871585386,2.9200477446155184,0.0,0.0,0.0
2266,691,672.6886,1081.4341,-0.0064738747,0.0,-0.0,0.0,0.0,0.0,-0.0032305714871585386,2.9200477446155184,0.0,0.0,0.0
2267,691,672.6886,1081.4341,-0.0064738747,0.0,-0.0,0.0,0.0,0.0,-0.0032305714871585386,2.9200477446155184,0.0,0.0,0.0
2268,691,672.6886,1081.4341,-0.0064738747,0.0,-0.0,0.0,0.0,0.0,-0.0032305714871585386,2.9200477446155184,0.0,0.0,0.0
2269,691,672.6886,1081.4341,-0.0064738747,0.0,-0.0,0.0,0.0,0.0,-0.0032305714871585386,2.9200477446155184,0.0,0.0,0.0
2270,691,672.6886,1081.4341,-0.0064738747,0.0,-0.0,0.0,0.0,0.0,-0.0032305714871585386,2.9200477446155184,0.0,0.0,0.0
2271,691,672.6886,1081.4341,-0.0064738747,0.0,-0.0,0.0,0.0,0.0,-0.0032305714871585386,2.9200477446155184,0.0,0.0,0.0
2272,691,672.6886,1081.4341,-0.0064738747,0.0,-0.0,0.0,0.0,0.0,-0.0032305714871585386,2.9200477446155184,0.0,0.0,0.0
2273,691,672.6886,1081.4341,-0.0064738747,0.0,-0.0,0.0,0.0,0.0,-0.0032305714871585386,2.9200477446155184,0.0,0.0,0.0
2274,691,672.6886,1081.4341,-0.0064738747,0.0,-0.0,0.0,0.0,0.0,-0.0032305714871585386,2.9200477446155184,0.0,0.0,0.0
2275,691,672.6886,1081.4341,-0.0064738747,0.0,-0.0,0.0,0.0,0.0,-0.0032305714871585386,2.9200477446155184,0.0,0.0,0.0
2276,691,672.6886,1081.4341,-0.0064738747,0.0,-0.0,0.0,0.0,0.0,-0.0032305714871585386,2.9200477446155184,0.0,0.0,0.0
2277,691,672.6886,1081.4341,-0.0064738747,0.0,-0.0,0.0,0.0,0.0,-0.0032305714871585386,2.9200477446155184,0.0,0.0,0.0
2278,691,672.6886,1081.4341,-0.0064738747,0.0,-0.0,0.0,0.0,0.0,-0.0032305714871585386,2.9200477446155184,0.0,0.0,0.0
2279,691,672.6886,1081.4341,-0.0064738747,0.0,-0.0,0.0,0.0,0.0,-0.0032305714871585386,2.9200477446155184,0.0,0.0,0.0
2280,691,672.6886,1081.4341,-0.0064738747,0.0,-0.0,0.0,0.0,0.0,-0.0032305714871585386,2.9200477446155184,0.0,0.0,0.0
2281,691,672.6886,1081.4341,-0.0064738747,0.0,-0.0,0.0,0.0,0.0,-0.0032305714871585386,2.9200477446155184,0.0,0.0,0.0
2282,691,672.6886,1081.4341,-0.0064738747,0.0,-0.0,0.0,0.0,0.0,-0.0032305714871585386,2.9200477446155184,0.0,0.0,0.0
2283,691,672.6886,1081.4341,-0.0064738747,0.0,-0.0,0.0,0.0,0.0,-0.0032305714871585386,2.9200477446155184,0.0,0.0,0.0
2284,691,672.6886,1081.4341,-0.0064738747,0.0,-0.0,0.0,0.0,0.0,-0.0032305714871585386,2.9200477446155184,0.0,0.0,0.0
2285,691,672.6886,1081.4341,-0.0064738747,0.0,-0.0,0.0,0.0,0.0,-0.0032305714871585386,2.9200477446155184,0.0,0.0,0.0
2286,691,672.6886,1081.4341,-0.0064738747,0.0,-0.0,0.0,0.0,0.0,-0.0032305714871585386,2.9200477446155184,0.0,0.0,0.0
2287,691,672.6886,1081.4341,-0.0064738747,0.0,-0.0,0.0,0.0,0.0,-0.0032305714871585386,2.9200477446155184,0.0,0.0,0.0
2288,691,672.6886,1081.4341,-0.0064738747,0.0,-0.0,0.0,0.0,0.0,-0.0032305714871585386,2.9200477446155184,0.0,0.0,0.0
2289,691,672.6886,1081.4341,-0.0064738747,0.0,-0.0,0.0,0.0,0.0,-0.0032305714871585386,2.9200477446155184,0.0,0.0,0.0
2290,691,672.6886,1081.4341,-0.0064738747,0.0,-0.0,0.0,0.0,0.0,-0.0032305714871585386,2.9200477446155184,0.0,0.0,0.0
2291,691,672.6886,1081.4341,-0.0064738747,0.0,-0.0,0.0,0.0,0.0,-0.0032305714871585386,2.9200477446155184,0.0,0.0,0.0
2292,691,672.6886,1081.4341,-0.0064738747,0.0,-0.0,0.0,0.0,0.0,-0.0032305714871585386,2.9200477446155184,0.0,0.0,0.0
2293,691,672.6886,1081.4341,-0.0064738747,0.0,-0.0,0.0,0.0,0.0,-0.0032305714871585386,2.9200477446155184,0.0,0.0,0.0
2294,691,672.6886,1081.4341,-0.0064738747,0.0,-0.0,0.0,0.0,0.0,-0.0032305714871585386,2.9200477446155184,0.0,0.0,0.0
2295,691,672.6886,1081.4341,-0.0064738747,0.0,-0.0,0.0,0.0,0.0,-0.0032305714871585386,2.9200477446155184,0.0,0.0,0.0
2296,691,672.6886,1081.4341,-0.0064738747,0.0,-0.0,0.0,0.0,0.0,-0.0032305714871585386,2.9200477446155184,0.0,0.0,0.0
2297,691,672.6886,1081.4341,-0.0064738747,0.0,-0.0,0.0,0.0,0.0,-0.0032305714871585386,2.9200477446155184,0.0,0.0,0.0
2298,691,672.6886,1081.4341,-0.0064738747,0.0,-0.0,0.0,0.0,0.0,-0.0032305714871585386,2.9200477446155184,0.0,0.0,0.0
2299,691,672.6886,1081.4341,-0.0064738747,0.0,-0.0,0.0,0.0,0.0,-0.0032305714871585386,2.9200477446155184,0.0,0.0,0.0
2300,691,672.6886,1081.4341,-0.0064738747,0.0,-0.0,0.0,0.0,0.0,-0.0032305714871585386,2.9200477446155184,0.0,0.0,0.0
2301,691,672.6886,1081.4341,-0.0064738747,0.0,-0.0,0.0,0.0,0.0,-0.0032305714871585386,2.9200477446155184,0.0,0.0,0.0
2302,691,672.6886,1081.4341,-0.0064738747,0.0,-0.0,0.0,0.0,0.0,-0.0032305714871585386,2.9200477446155184,0.0,0.0,0.0
2303,691,672.6886,1081.4341,-0.0064738747,0.0,-0.0,0.0,0.0,0.0,-0.0032305714871585386,2.9200477446155184,0.0,0.0,0.0
2304,691,672.6886,1081.4341,-0.0064738747,0.0,-0.0,0.0,0.0,0.0,-0.0032305714871585386,2.9200477446155184,0.0,0.0,0.0
2305,691,672.6886,1081.4341,-0.0064738747,0.0,-0.0,0.0,0.0,0.0,-0.0032305714871585386,2.9200477446155184,0.0,0.0,0.0
2306,691,672.6886,1081.4341,-0.0064738747,0.0,-0.0,0.0,0.0,0.0,-0.0032305714871585386,2.9200477446155184,0.0,0.0,0.0
2307,691,672.6886,1081.4341,-0.0064738747,0.0,-0.0,0.0,0.0,0.0,-0.0032305714871585386,2.9200477446155184,0.0,0.0,0.0
2308,691,672.6886,1081.4341,-0.0064738747,0.0,-0.0,0.0,0.0,0.0,-0.0032305714871585386,2.9200477446155184,0.0,0.0,0.0
2309,691,672.6886,1081.4341,-0.0064738747,0.0,-0.0,0.0,0.0,0.0,-0.0032305714871585386,2.9200477446155184,0.0,0.0,0.0
2310,691,672.6886,1081.4341,-0.0064738747,0.0,-0.0,0.0,0.0,0.0,-0.0032305714871585386,2.9200477446155184,0.0,0.0,0.0
2311,691,672.6886,1081.4341,-0.0064738747,0.0,-0.0,0.0,0.0,0.0,-0.0032305714871585386,2.9200477446155184,0.0,0.0,0.0
2312,691,672.6886,1081.4341,-0.0064738747,0.0,-0.0,0.0,0.0,0.0,-0.0032305714871585386,2.9200477446155184,0.0,0.0,0.0
2313,691,672.6886,1081.4341,-0.0064738747,0.0,-0.0,0.0,0.0,0.0,-0.0032305714871585386,2.9200477446155184,0.0,0.0,0.0
2314,691,672.6886,1081.4341,-0.0064738747,0.0,-0.0,0.0,0.0,0.0,-0.0032305714871585386,2.9200477446155184,0.0,0.0,0.0
2315,691,672.6886,1081.4341,-0.0064738747,0.0,-0.0,0.0,0.0,0.0,-0.0032305714871585386,2.9200477446155184,0.0,0.0,0.0
2316,691,672.6886,1081.4341,-0.0064738747,0.0,-0.0,0.0,0.0,0.0,-0.0032305714871585386,2.9200477446155184,0.0,0.0,0.0
2317,691,672.6886,1081.4341,-0.0064738747,0.0,-0.0,0.0,0.0,0.0,-0.0032305714871585386,2.9200477446155184,0.0,0.0,0.0
2318,691,672.6886,1081.4341,-0.0064738747,0.0,-0.0,0.0,0.0,0.0,-0.0032305714871585386,2.9200477446155184,0.0,0.0,0.0
2319,691,672.6886,1081.4341,-0.0064738747,0.0,-0.0,0.0,0.0,0.0,-0.0032305714871585386,2.9200477446155184,0.0,0.0,0.0
2320,691,672.6886,1081.4341,-0.0064738747,0.0,-0.0,0.0,0.0,0.0,-0.0032305714871585386,2.9200477446155184,0.0,0.0,0.0
2321,691,672.6886,1081.4341,-0.0064738747,0.0,-0.0,0.0,0.0,0.0,-0.0032305714871585386,2.9200477446155184,0.0,0.0,0.0
2322,691,672.6886,1081.4341,-0.0064738747,0.0,-0.0,0.0,0.0,0.0,-0.0032305714871585386,2.9200477446155184,0.0,0.0,0.0
2323,691,672.6886,1081.4341,-0.0064738747,0.0,-0.0,0.0,0.0,0.0,-0.0032305714871585386,2.9200477446155184,0.0,0.0,0.0
2324,691,672.6886,1081.4341,-0.0064738747,0.0,-0.0,0.0,0.0,0.0,-0.0032305714871585386,2.9200477446155184,0.0,0.0,0.0
2325,691,672.6886,1081.4341,-0.0064738747,0.0,-0.0,0.0,0.0,0.0,-0.0032305714871585386,2.9200477446155184,0.0,0.0,0.0
2326,691,672.6886,1081.4341,-0.0064738747,0.0,-0.0,0.0,0.0,0.0,-0.0032305714871585386,2.9200477446155184,0.0,0.0,0.0
2327,691,672.6886,1081.4341,-0.0064738747,0.0,-0.0,0.0,0.0,0.0,-0.0032305714871585386,2.9200477446155184,0.0,0.0,0.0
2328,691,672.6886,1081.4341,-0.0064738747,0.0,-0.0,0.0,0.0,0.0,-0.0032305714871585386,2.9200477446155184,0.0,0.0,0.0
2329,691,672.6886,1081.4341,-0.0064738747,0.0,-0.0,0.0,0.0,0.0,-0.0032305714871585386,2.9200477446155184,0.0,0.0,0.0
2330,691,672.6886,1081.4341,-0.0064738747,0.0,-0.0,0.0,0.0,0.0,-0.0032305714871585386,2.9200477446155184,0.0,0.0,0.0
2331,691,672.6886,1081.4341,-0.0064738747,0.0,-0.0,0.0,0.0,0.0,-0.0032305714871585386,2.9200477446155184,0.0,0.0,0.0
2332,691,672.6886,1081.4341,-0.0064738747,0.0,-0.0,0.0,0.0,0.0,-0.0032305714871585386,2.9200477446155184,0.0,0.0,0.0
2333,691,672.6886,1081.4341,-0.0064738747,0.0,-0.0,0.0,0.0,0.0,-0.0032305714871585386,2.9200477446155184,0.0,0.0,0.0
2334,691,672.6886,1081.4341,-0.0064738747,0.0,-0.0,0.0,0.0,0.0,-0.0032305714871585386,2.9200477446155184,0.0,0.0,0.0
2335,691,672.6886,1081.4341,-0.0064738747,0.0,-0.0,0.0,0.0,0.0,-0.0032305714871585386,2.9200477446155184,0.0,0.0,0.0
2336,691,672.6886,1081.4341,-0.0064738747,0.0,-0.0,0.0,0.0,0.0,-0.0032305714871585386,2.9200477446155184,0.0,0.0,0.0
2337,691,672.6886,1081.4341,-0.0064738747,0.0,-0.0,0.0,0.0,0.0,-0.0032305714871585386,2.9200477446155184,0.0,0.0,0.0
2338,691,672.6886,1081.4341,-0.0064738747,0.0,-0.0,0.0,0.0,0.0,-0.0032305714871585386,2.9200477446155184,0.0,0.0,0.0
2339,691,672.6886,1081.4341,-0.0064738747,0.0,-0.0,0.0,0.0,0.0,-0.0032305714871585386,2.9200477446155184,0.0,0.0,0.0
2340,691,672.6886,1081.4341,-0.0064738747,0.0,-0.0,0.0,0.0,0.0,-0.0032305714871585386,2.9200477446155184,0.0,0.0,0.0
2341,691,672.6886,1081.4341,-0.0064738747,0.0,-0.0,0.0,0.0,0.0,-0.0032305714871585386,2.9200477446155184,0.0,0.0,0.0
2342,691,672.6886,1081.4341,-0.0064738747,0.0,-0.0,0.0,0.0,0.0,-0.0032305714871585386,2.9200477446155184,0.0,0.0,0.0
2343,691,672.6886,1081.4341,-0.0064738747,0.0,-0.0,0.0,0.0,0.0,-0.0032305714871585386,2.9200477446155184,0.0,0.0,0.0
2344,691,672.6886,1081.4341,-0.0064738747,0.0,-0.0,0.0,0.0,0.0,-0.0032305714871585386,2.9200477446155184,0.0,0.0,0.0
2345,691,672.6886,1081.4341,-0.0064738747,0.0,-0.0,0.0,0.0,0.0,-0.0032305714871585386,2.9200477446155184,0.0,0.0,0.0
2346,691,672.6886,1081.4341,-0.0064738747,0.0,-0.0,0.0,0.0,0.0,-0.0032305714871585386,2.9200477446155184,0.0,0.0,0.0
2347,691,672.6886,1081.4341,-0.0064738747,0.0,-0.0,0.0,0.0,0.0,-0.0032305714871585386,2.9200477446155184,0.0,0.0,0.0
2348,691,672.6886,1081.4341,-0.0064738747,0.0,-0.0,0.0,0.0,0.0,-0.0032305714871585386,2.9200477446155184,0.0,0.0,0.0
2349,691,672.6886,1081.4341,-0.0064738747,0.0,-0.0,0.0,0.0,0.0,-0.0032305714871585386,2.9200477446155184,0.0,0.0,0.0
2350,691,672.6886,1081.4341,-0.0064738747,0.0,-0.0,0.0,0.0,0.0,-0.0032305714871585386,2.9200477446155184,0.0,0.0,0.0
2351,691,672.6886,1081.4341,-0.0064738747,0.0,-0.0,0.0,0.0,0.0,-0.0032305714871585386,2.9200477446155184,0.0,0.0,0.0
2352,691,672.6886,1081.4341,-0.0064738747,0.0,-0.0,0.0,0.0,0.0,-0.0032305714871585386,2.9200477446155184,0.0,0.0,0.0
2353,691,672.6886,1081.4341,-0.0064738747,0.0,-0.0,0.0,0.0,0.0,-0.0032305714871585386,2.9200477446155184,0.0,0.0,0.0
2354,691,672.6886,1081.4341,-0.0064738747,0.0,-0.0,0.0,0.0,0.0,-0.0032305714871585386,2.9200477446155184,0.0,0.0,0.0
2355,691,672.6886,1081.4341,-0.0064738747,0.0,-0.0,0.0,0.0,0.0,-0.0032305714871585386,2.9200477446155184,0.0,0.0,0.0
2356,691,672.6886,1081.4341,-0.0064738747,0.0,-0.0,0.0,0.0,0.0,-0.0032305714871585386,2.9200477446155184,0.0,0.0,0.0
2357,691,672.6886,1081.4341,-0.0064738747,0.0,-0.0,0.0,0.0,0.0,-0.0032305714871585386,2.9200477446155184,0.0,0.0,0.0
2358,691,672.6886,1081.4341,-0.0064738747,0.0,-0.0,0.0,0.0,0.0,-0.0032305714871585386,2.9200477446155184,0.0,0.0,0.0
2359,691,672.6886,1081.4341,-0.0064738747,0.0,-0.0,0.0,0.0,0.0,-0.0032305714871585386,2.9200477446155184,0.0,0.0,0.0
2360,691,672.6886,1081.4341,-0.0064738747,0.0,-0.0,0.0,0.0,0.0,-0.0032305714871585386,2.9200477446155184,0.0,0.0,0.0
2361,691,672.6886,1081.4341,-0.0064738747,0.0,-0.0,0.0,0.0,0.0,-0.0032305714871585386,2.9200477446155184,0.0,0.0,0.0
2362,691,672.6886,1081.4341,-0.0064738747,0.0,-0.0,0.0,0.0,0.0,-0.0032305714871585386,2.9200477446155184,0.0,0.0,0.0
2363,691,672.6886,1081.4341,-0.0064738747,0.0,-0.0,0.0,0.0,0.0,-0.0032305714871585386,2.9200477446155184,0.0,0.0,0.0
2364,691,672.6886,1081.4341,-0.0064738747,0.0,-0.0,0.0,0.0,0.0,-0.0032305714871585386,2.9200477446155184,0.0,0.0,0.0
2365,691,672.6886,1081.4341,-0.0064738747,0.0,-0.0,0.0,0.0,0.0,-0.0032305714871585386,2.9200477446155184,0.0,0.0,0.0
2366,691,672.6886,1081.4341,-0.0064738747,0.0,-0.0,0.0,0.0,0.0,-0.0032305714871585386,2.9200477446155184,0.0,0.0,0.0
2367,691,672.6886,1081.4341,-0.0064738747,0.0,-0.0,0.0,0.0,0.0,-0.0032305714871585386,2.9200477446155184,0.0,0.0,0.0
2368,691,672.6886,1081.4341,-0.0064738747,0.0,-0.0,0.0,0.0,0.0,-0.0032305714871585386,2.9200477446155184,0.0,0.0,0.0
2369,691,672.6886,1081.4341,-0.0064738747,0.0,-0.0,0.0,0.0,0.0,-0.0032305714871585386,2.9200477446155184,0.0,0.0,0.0
2370,691,672.6886,1081.4341,-0.0064738747,0.0,-0.0,0.0,0.0,0.0,-0.0032305714871585386,2.9200477446155184,0.0,0.0,0.0
2371,691,672.6886,1081.4341,-0.0064738747,0.0,-0.0,0.0,0.0,0.0,-0.0032305714871585386,2.9200477446155184,0.0,0.0,0.0
2372,691,672.6886,1081.4341,-0.0064738747,0.0,-0.0,0.0,0.0,0.0,-0.0032305714871585386,2.9200477446155184,0.0,0.0,0.0
2373,691,672.6886,1081.4341,-0.0064738747,0.0,-0.0,0.0,0.0,0.0,-0.0032305714871585386,2.9200477446155184,0.0,0.0,0.0
2374,691,672.6886,1081.4341,-0.0064738747,0.0,-0.0,0.0,0.0,0.0,-0.0032305714871585386,2.9200477446155184,0.0,0.0,0.0
2375,691,672.6886,1081.4341,-0.0064738747,0.0,-0.0,0.0,0.0,0.0,-0.0032305714871585386,2.9200477446155184,0.0,0.0,0.0
2376,691,672.6886,1081.4341,-0.0064738747,0.0,-0.0,0.0,0.0,0.0,-0.0032305714871585386,2.9200477446155184,0.0,0.0,0.0
2377,691,672.6886,1081.4341,-0.0064738747,0.0,-0.0,0.0,0.0,0.0,-0.0032305714871585386,2.9200477446155184,0.0,0.0,0.0
2378,691,672.6886,1081.4341,-0.0064738747,0.0,-0.0,0.0,0.0,0.0,-0.0032305714871585386,2.9200477446155184,0.0,0.0,0.0
2379,691,672.6886,1081.4341,-0.0064738747,0.0,-0.0,0.0,0.0,0.0,-0.0032305714871585386,2.9200477446155184,0.0,0.0,0.0
2380,691,672.6886,1081.4341,-0.0064738747,0.0,-0.0,0.0,0.0,0.0,-0.0032305714871585386,2.9200477446155184,0.0,0.0,0.0
2381,691,672.6886,1081.4341,-0.0064738747,0.0,-0.0,0.0,0.0,0.0,-0.0032305714871585386,2.9200477446155184,0.0,0.0,0.0
2382,691,672.6886,1081.4341,-0.0064738747,0.0,-0.0,0.0,0.0,0.0,-0.0032305714871585386,2.9200477446155184,0.0,0.0,0.0
2383,691,672.6886,1081.4341,-0.0064738747,0.0,-0.0,0.0,0.0,0.0,-0.0032305714871585386,2.9200477446155184,0.0,0.0,0.0
2384,691,672.6886,1081.4341,-0.0064738747,0.0,-0.0,0.0,0.0,0.0,-0.0032305714871585386,2.9200477446155184,0.0,0.0,0.0
2385,691,672.6886,1081.4341,-0.0064738747,0.0,-0.0,0.0,0.0,0.0,-0.0032305714871585386,2.9200477446155184,0.0,0.0,0.0
2386,691,672.6886,1081.4341,-0.0064738747,0.0,-0.0,0.0,0.0,0.0,-0.0032305714871585386,2.9200477446155184,0.0,0.0,0.0
2387,691,672.6886,1081.4341,-0.0064738747,0.0,-0.0,0.0,0.0,0.0,-0.0032305714871585386,2.9200477446155184,0.0,0.0,0.0
2388,691,672.6886,1081.4341,-0.0064738747,0.0,-0.0,0.0,0.0,0.0,-0.0032305714871585386,2.9200477446155184,0.0,0.0,0.0
2389,691,672.6886,1081.4341,-0.0064738747,0.0,-0.0,0.0,0.0,0.0,-0.0032305714871585386,2.9200477446155184,0.0,0.0,0.0
2390,691,672.6886,1081.4341,-0.0064738747,0.0,-0.0,0.0,0.0,0.0,-0.0032305714871585386,2.9200477446155184,0.0,0.0,0.0
2391,691,672.6886,1081.4341,-0.0064738747,0.0,-0.0,0.0,0.0,0.0,-0.0032305714871585386,2.9200477446155184,0.0,0.0,0.0
2392,691,672.6886,1081.4341,-0.0064738747,0.0,-0.0,0.0,0.0,0.0,-0.0032305714871585386,2.9200477446155184,0.0,0.0,0.0
2393,691,672.6886,1081.4341,-0.0064738747,0.0,-0.0,0.0,0.0,0.0,-0.0032305714871585386,2.9200477446155184,0.0,0.0,0.0
2394,691,672.6886,1081.4341,-0.0064738747,0.0,-0.0,0.0,0.0,0.0,-0.0032305714871585386,2.9200477446155184,0.0,0.0,0.0
2395,691,672.6886,1081.4341,-0.0064738747,0.0,-0.0,0.0,0.0,0.0,-0.0032305714871585386,2.9200477446155184,0.0,0.0,0.0
2396,691,672.6886,1081.4341,-0.0064738747,0.0,-0.0,0.0,0.0,0.0,-0.0032305714871585386,2.9200477446155184,0.0,0.0,0.0
2397,691,672.6886,1081.4341,-0.0064738747,0.0,-0.0,0.0,0.0,0.0,-0.0032305714871585386,2.9200477446155184,0.0,0.0,0.0
2398,691,672.6886,1081.4341,-0.0064738747,0.0,-0.0,0.0,0.0,0.0,-0.0032305714871585386,2.9200477446155184,0.0,0.0,0.0
2399,691,672.6886,1081.4341,-0.0064738747,0.0,-0.0,0.0,0.0,0.0,-0.0032305714871585386,2.9200477446155184,0.0,0.0,0.0
2400,691,672.6886,1081.4341,-0.0064738747,0.0,-0.0,0.0,0.0,0.0,-0.0032305714871585386,2.9200477446155184,0.0,0.0,0.0
2401,691,672.6886,1081.4341,-0.0064738747,0.0,-0.0,0.0,0.0,0.0,-0.0032305714871585386,2.9200477446155184,0.0,0.0,0.0
2402,691,672.6886,1081.4341,-0.0064738747,0.0,-0.0,0.0,0.0,0.0,-0.0032305714871585386,2.9200477446155184,0.0,0.0,0.0
2403,691,672.6886,1081.4341,-0.0064738747,0.0,-0.0,0.0,0.0,0.0,-0.0032305714871585386,2.9200477446155184,0.0,0.0,0.0
2404,691,672.6886,1081.4341,-0.0064738747,0.0,-0.0,0.0,0.0,0.0,-0.0032305714871585386,2.9200477446155184,0.0,0.0,0.0
2405,691,672.6886,1081.4341,-0.0064738747,0.0,-0.0,0.0,0.0,0.0,-0.0032305714871585386,2.9200477446155184,0.0,0.0,0.0
2406,691,672.6886,1081.4341,-0.0064738747,0.0,-0.0,0.0,0.0,0.0,-0.0032305714871585386,2.9200477446155184,0.0,0.0,0.0
2407,691,672.6886,1081.4341,-0.0064738747,0.0,-0.0,0.0,0.0,0.0,-0.0032305714871585386,2.9200477446155184,0.0,0.0,0.0
2408,691,672.6886,1081.4341,-0.0064738747,0.0,-0.0,0.0,0.0,0.0,-0.0032305714871585386,2.9200477446155184,0.0,0.0,0.0
2409,691,672.6886,1081.4341,-0.0064738747,0.0,-0.0,0.0,0.0,0.0,-0.0032305714871585386,2.9200477446155184,0.0,0.0,0.0
2410,691,672.6886,1081.4341,-0.0064738747,0.0,-0.0,0.0,0.0,0.0,-0.0032305714871585386,2.9200477446155184,0.0,0.0,0.0
2411,691,672.6886,1081.4341,-0.0064738747,0.0,-0.0,0.0,0.0,0.0,-0.0032305714871585386,2.9200477446155184,0.0,0.0,0.0
2412,691,672.6886,1081.4341,-0.0064738747,0.0,-0.0,0.0,0.0,0.0,-0.0032305714871585386,2.9200477446155184,0.0,0.0,0.0
2413,691,672.6886,1081.4341,-0.0064738747,0.0,-0.0,0.0,0.0,0.0,-0.0032305714871585386,2.9200477446155184,0.0,0.0,0.0
2414,691,672.6886,1081.4341,-0.0064738747,0.0,-0.0,0.0,0.0,0.0,-0.0032305714871585386,2.9200477446155184,0.0,0.0,0.0
2415,691,672.6886,1081.4341,-0.0064738747,0.0,-0.0,0.0,0.0,0.0,-0.0032305714871585386,2.9200477446155184,0.0,0.0,0.0
2416,691,672.6886,1081.4341,-0.0064738747,0.0,-0.0,0.0,0.0,0.0,-0.0032305714871585386,2.9200477446155184,0.0,0.0,0.0
2417,691,672.6886,1081.4341,-0.0064738747,0.0,-0.0,0.0,0.0,0.0,-0.0032305714871585386,2.9200477446155184,0.0,0.0,0.0
2418,691,672.6886,1081.4341,-0.0064738747,0.0,-0.0,0.0,0.0,0.0,-0.0032305714871585386,2.9200477446155184,0.0,0.0,0.0
2419,691,672.6886,1081.4341,-0.0064738747,0.0,-0.0,0.0,0.0,0.0,-0.0032305714871585386,2.9200477446155184,0.0,0.0,0.0
2420,691,672.6886,1081.4341,-0.0064738747,0.0,-0.0,0.0,0.0,0.0,-0.0032305714871585386,2.9200477446155184,0.0,0.0,0.0
2421,691,672.6886,1081.4341,-0.0064738747,0.0,-0.0,0.0,0.0,0.0,-0.0032305714871585386,2.9200477446155184,0.0,0.0,0.0
2422,691,672.6886,1081.4341,-0.0064738747,0.0,-0.0,0.0,0.0,0.0,-0.0032305714871585386,2.9200477446155184,0.0,0.0,0.0
2423,691,672.6886,1081.4341,-0.0064738747,0.0,-0.0,0.0,0.0,0.0,-0.0032305714871585386,2.9200477446155184,0.0,0.0,0.0
2424,691,672.6886,1081.4341,-0.0064738747,0.0,-0.0,0.0,0.0,0.0,-0.0032305714871585386,2.9200477446155184,0.0,0.0,0.0
2425,691,672.6886,1081.4341,-0.0064738747,0.0,-0.0,0.0,0.0,0.0,-0.0032305714871585386,2.9200477446155184,0.0,0.0,0.0
2426,691,672.6886,1081.4341,-0.0064738747,0.0,-0.0,0.0,0.0,0.0,-0.0032305714871585386,2.9200477446155184,0.0,0.0,0.0
2427,691,672.6886,1081.4341,-0.0064738747,0.0,-0.0,0.0,0.0,0.0,-0.0032305714871585386,2.9200477446155184,0.0,0.0,0.0
2428,691,672.6886,1081.4341,-0.0064738747,0.0,-0.0,0.0,0.0,0.0,-0.0032305714871585386,2.9200477446155184,0.0,0.0,0.0
2429,691,672.6886,1081.4341,-0.0064738747,0.0,-0.0,0.0,0.0,0.0,-0.0032305714871585386,2.9200477446155184,0.0,0.0,0.0
2430,691,672.6886,1081.4341,-0.0064738747,0.0,-0.0,0.0,0.0,0.0,-0.0032305714871585386,2.9200477446155184,0.0,0.0,0.0
2431,691,672.6886,1081.4341,-0.0064738747,0.0,-0.0,0.0,0.0,0.0,-0.0032305714871585386,2.9200477446155184,0.0,0.0,0.0
2432,691,672.6886,1081.4341,-0.0064738747,0.0,-0.0,0.0,0.0,0.0,-0.0032305714871585386,2.9200477446155184,0.0,0.0,0.0
2433,691,672.6886,1081.4341,-0.0064738747,0.0,-0.0,0.0,0.0,0.0,-0.0032305714871585386,2.9200477446155184,0.0,0.0,0.0
2434,691,672.6886,1081.4341,-0.0064738747,0.0,-0.0,0.0,0.0,0.0,-0.0032305714871585386,2.9200477446155184,0.0,0.0,0.0
2435,691,672.6886,1081.4341,-0.0064738747,0.0,-0.0,0.0,0.0,0.0,-0.0032305714871585386,2.9200477446155184,0.0,0.0,0.0
2436,691,672.6886,1081.4341,-0.0064738747,0.0,-0.0,0.0,0.0,0.0,-0.0032305714871585386,2.9200477446155184,0.0,0.0,0.0
2437,691,672.6886,1081.4341,-0.0064738747,0.0,-0.0,0.0,0.0,0.0,-0.0032305714871585386,2.9200477446155184,0.0,0.0,0.0
2438,691,672.6886,1081.4341,-0.0064738747,0.0,-0.0,0.0,0.0,0.0,-0.0032305714871585386,2.9200477446155184,0.0,0.0,0.0
2439,691,672.6886,1081.4341,-0.0064738747,0.0,-0.0,0.0,0.0,0.0,-0.0032305714871585386,2.9200477446155184,0.0,0.0,0.0
2440,691,672.6886,1081.4341,-0.0064738747,0.0,-0.0,0.0,0.0,0.0,-0.0032305714871585386,2.9200477446155184,0.0,0.0,0.0
2441,691,672.6886,1081.4341,-0.0064738747,0.0,-0.0,0.0,0.0,0.0,-0.0032305714871585386,2.9200477446155184,0.0,0.0,0.0
2442,691,672.6886,1081.4341,-0.0064738747,0.0,-0.0,0.0,0.0,0.0,-0.0032305714871585386,2.9200477446155184,0.0,0.0,0.0
2443,691,672.6886,1081.4341,-0.0064738747,0.0,-0.0,0.0,0.0,0.0,-0.0032305714871585386,2.9200477446155184,0.0,0.0,0.0
2444,691,672.6886,1081.4341,-0.0064738747,0.0,-0.0,0.0,0.0,0.0,-0.0032305714871585386,2.9200477446155184,0.0,0.0,0.0
2445,691,672.6886,1081.4341,-0.0064738747,0.0,-0.0,0.0,0.0,0.0,-0.0032305714871585386,2.9200477446155184,0.0,0.0,0.0
2446,691,672.6886,1081.4341,-0.0064738747,0.0,-0.0,0.0,0.0,0.0,-0.0032305714871585386,2.9200477446155184,0.0,0.0,0.0
2447,691,672.6886,1081.4341,-0.0064738747,0.0,-0.0,0.0,0.0,0.0,-0.0032305714871585386,2.9200477446155184,0.0,0.0,0.0
2448,691,672.6886,1081.4341,-0.0064738747,0.0,-0.0,0.0,0.0,0.0,-0.0032305714871585386,2.9200477446155184,0.0,0.0,0.0
2449,691,672.6886,1081.4341,-0.0064738747,0.0,-0.0,0.0,0.0,0.0,-0.0032305714871585386,2.9200477446155184,0.0,0.0,0.0
2450,691,672.6886,1081.4341,-0.0064738747,0.0,-0.0,0.0,0.0,0.0,-0.0032305714871585386,2.9200477446155184,0.0,0.0,0.0
2451,691,672.6886,1081.4341,-0.0064738747,0.0,-0.0,0.0,0.0,0.0,-0.0032305714871585386,2.9200477446155184,0.0,0.0,0.0
2452,691,672.6886,1081.4341,-0.0064738747,0.0,-0.0,0.0,0.0,0.0,-0.0032305714871585386,2.9200477446155184,0.0,0.0,0.0
2453,691,672.6886,1081.4341,-0.0064738747,0.0,-0.0,0.0,0.0,0.0,-0.0032305714871585386,2.9200477446155184,0.0,0.0,0.0
2454,691,672.6886,1081.4341,-0.0064738747,0.0,-0.0,0.0,0.0,0.0,-0.0032305714871585386,2.9200477446155184,0.0,0.0,0.0
2455,691,672.6886,1081.4341,-0.0064738747,0.0,-0.0,0.0,0.0,0.0,-0.0032305714871585386,2.9200477446155184,0.0,0.0,0.0
2456,691,672.6886,1081.4341,-0.0064738747,0.0,-0.0,0.0,0.0,0.0,-0.0032305714871585386,2.9200477446155184,0.0,0.0,0.0
2457,691,672.6886,1081.4341,-0.0064738747,0.0,-0.0,0.0,0.0,0.0,-0.0032305714871585386,2.9200477446155184,0.0,0.0,0.0
2458,691,672.6886,1081.4341,-0.0064738747,0.0,-0.0,0.0,0.0,0.0,-0.0032305714871585386,2.9200477446155184,0.0,0.0,0.0
2459,691,672.6886,1081.4341,-0.0064738747,0.0,-0.0,0.0,0.0,0.0,-0.0032305714871585386,2.9200477446155184,0.0,0.0,0.0
2460,691,672.6886,1081.4341,-0.0064738747,0.0,-0.0,0.0,0.0,0.0,-0.0032305714871585386,2.9200477446155184,0.0,0.0,0.0
2461,691,672.6886,1081.4341,-0.0064738747,0.0,-0.0,0.0,0.0,0.0,-0.0032305714871585386,2.9200477446155184,0.0,0.0,0.0
2462,691,672.6886,1081.4341,-0.0064738747,0.0,-0.0,0.0,0.0,0.0,-0.0032305714871585386,2.9200477446155184,0.0,0.0,0.0
2463,691,672.6886,1081.4341,-0.0064738747,0.0,-0.0,0.0,0.0,0.0,-0.0032305714871585386,2.9200477446155184,0.0,0.0,0.0
2464,691,672.6886,1081.4341,-0.0064738747,0.0,-0.0,0.0,0.0,0.0,-0.0032305714871585386,2.9200477446155184,0.0,0.0,0.0
2465,691,672.6886,1081.4341,-0.0064738747,0.0,-0.0,0.0,0.0,0.0,-0.0032305714871585386,2.9200477446155184,0.0,0.0,0.0
2466,691,672.6886,1081.4341,-0.0064738747,0.0,-0.0,0.0,0.0,0.0,-0.0032305714871585386,2.9200477446155184,0.0,0.0,0.0
2467,691,672.6886,1081.4341,-0.0064738747,0.0,-0.0,0.0,0.0,0.0,-0.0032305714871585386,2.9200477446155184,0.0,0.0,0.0
2468,691,672.6886,1081.4341,-0.0064738747,0.0,-0.0,0.0,0.0,0.0,-0.0032305714871585386,2.9200477446155184,0.0,0.0,0.0
2469,691,672.6886,1081.4341,-0.0064738747,0.0,-0.0,0.0,0.0,0.0,-0.0032305714871585386,2.9200477446155184,0.0,0.0,0.0
2470,691,672.6886,1081.4341,-0.0064738747,0.0,-0.0,0.0,0.0,0.0,-0.0032305714871585386,2.9200477446155184,0.0,0.0,0.0
2471,691,672.6886,1081.4341,-0.0064738747,0.0,-0.0,0.0,0.0,0.0,-0.0032305714871585386,2.9200477446155184,0.0,0.0,0.0
2472,691,672.6886,1081.4341,-0.0064738747,0.0,-0.0,0.0,0.0,0.0,-0.0032305714871585386,2.9200477446155184,0.0,0.0,0.0
2473,691,672.6886,1081.4341,-0.0064738747,0.0,-0.0,0.0,0.0,0.0,-0.0032305714871585386,2.9200477446155184,0.0,0.0,0.0
2474,691,672.6886,1081.4341,-0.0064738747,0.0,-0.0,0.0,0.0,0.0,-0.0032305714871585386,2.9200477446155184,0.0,0.0,0.0
2475,691,672.6886,1081.4341,-0.0064738747,0.0,-0.0,0.0,0.0,0.0,-0.0032305714871585386,2.9200477446155184,0.0,0.0,0.0
2476,691,672.6886,1081.4341,-0.0064738747,0.0,-0.0,0.0,0.0,0.0,-0.0032305714871585386,2.9200477446155184,0.0,0.0,0.0
2477,691,672.6886,1081.4341,-0.0064738747,0.0,-0.0,0.0,0.0,0.0,-0.0032305714871585386,2.9200477446155184,0.0,0.0,0.0
2478,691,672.6886,1081.4341,-0.0064738747,0.0,-0.0,0.0,0.0,0.0,-0.0032305714871585386,2.9200477446155184,0.0,0.0,0.0
2479,691,672.6886,1081.4341,-0.0064738747,0.0,-0.0,0.0,0.0,0.0,-0.0032305714871585386,2.9200477446155184,0.0,0.0,0.0
2480,691,672.6886,1081.4341,-0.0064738747,0.0,-0.0,0.0,0.0,0.0,-0.0032305714871585386,2.9200477446155184,0.0,0.0,0.0
2481,691,672.6886,1081.4341,-0.0064738747,0.0,-0.0,0.0,0.0,0.0,-0.0032305714871585386,2.9200477446155184,0.0,0.0,0.0
2482,691,672.6886,1081.4341,-0.0064738747,0.0,-0.0,0.0,0.0,0.0,-0.0032305714871585386,2.9200477446155184,0.0,0.0,0.0
2483,691,672.6886,1081.4341,-0.0064738747,0.0,-0.0,0.0,0.0,0.0,-0.0032305714871585386,2.9200477446155184,0.0,0.0,0.0
2484,691,672.6886,1081.4341,-0.0064738747,0.0,-0.0,0.0,0.0,0.0,-0.0032305714871585386,2.9200477446155184,0.0,0.0,0.0
2485,691,672.6886,1081.4341,-0.0064738747,0.0,-0.0,0.0,0.0,0.0,-0.0032305714871585386,2.9200477446155184,0.0,0.0,0.0
2486,691,672.6886,1081.4341,-0.0064738747,0.0,-0.0,0.0,0.0,0.0,-0.0032305714871585386,2.9200477446155184,0.0,0.0,0.0
2487,691,672.6886,1081.4341,-0.0064738747,0.0,-0.0,0.0,0.0,0.0,-0.0032305714871585386,2.9200477446155184,0.0,0.0,0.0
2488,691,672.6886,1081.4341,-0.0064738747,0.0,-0.0,0.0,0.0,0.0,-0.0032305714871585386,2.9200477446155184,0.0,0.0,0.0
2489,691,672.6886,1081.4341,-0.0064738747,0.0,-0.0,0.0,0.0,0.0,-0.0032305714871585386,2.9200477446155184,0.0,0.0,0.0
2490,691,672.6886,1081.4341,-0.0064738747,0.0,-0.0,0.0,0.0,0.0,-0.0032305714871585386,2.9200477446155184,0.0,0.0,0.0
2491,691,672.6886,1081.4341,-0.0064738747,0.0,-0.0,0.0,0.0,0.0,-0.0032305714871585386,2.9200477446155184,0.0,0.0,0.0
2492,691,672.6886,1081.4341,-0.0064738747,0.0,-0.0,0.0,0.0,0.0,-0.0032305714871585386,2.9200477446155184,0.0,0.0,0.0
2493,691,672.6886,1081.4341,-0.0064738747,0.0,-0.0,0.0,0.0,0.0,-0.0032305714871585386,2.9200477446155184,0.0,0.0,0.0
2494,691,672.6886,1081.4341,-0.0064738747,0.0,-0.0,0.0,0.0,0.0,-0.0032305714871585386,2.9200477446155184,0.0,0.0,0.0
2495,691,672.6886,1081.4341,-0.0064738747,0.0,-0.0,0.0,0.0,0.0,-0.0032305714871585386,2.9200477446155184,0.0,0.0,0.0
2496,691,672.6886,1081.4341,-0.0064738747,0.0,-0.0,0.0,0.0,0.0,-0.0032305714871585386,2.9200477446155184,0.0,0.0,0.0
2497,691,672.6886,1081.4341,-0.0064738747,0.0,-0.0,0.0,0.0,0.0,-0.0032305714871585386,2.9200477446155184,0.0,0.0,0.0
2498,691,672.6886,1081.4341,-0.0064738747,0.0,-0.0,0.0,0.0,0.0,-0.0032305714871585386,2.9200477446155184,0.0,0.0,0.0
2499,691,672.6886,1081.4341,-0.0064738747,0.0,-0.0,0.0,0.0,0.0,-0.0032305714871585386,2.9200477446155184,0.0,0.0,0.0
2500,691,672.6886,1081.4341,-0.0064738747,0.0,-0.0,0.0,0.0,0.0,-0.0032305714871585386,2.9200477446155184,0.0,0.0,0.0
2501,691,672.6886,1081.4341,-0.0064738747,0.0,-0.0,0.0,0.0,0.0,-0.0032305714871585386,2.9200477446155184,0.0,0.0,0.0
2502,691,672.6886,1081.4341,-0.0064738747,0.0,-0.0,0.0,0.0,0.0,-0.0032305714871585386,2.9200477446155184,0.0,0.0,0.0
2503,691,672.6886,1081.4341,-0.0064738747,0.0,-0.0,0.0,0.0,0.0,-0.0032305714871585386,2.9200477446155184,0.0,0.0,0.0
2504,691,672.6886,1081.4341,-0.0064738747,0.0,-0.0,0.0,0.0,0.0,-0.0032305714871585386,2.9200477446155184,0.0,0.0,0.0
2505,691,672.6886,1081.4341,-0.0064738747,0.0,-0.0,0.0,0.0,0.0,-0.0032305714871585386,2.9200477446155184,0.0,0.0,0.0
2506,691,672.6886,1081.4341,-0.0064738747,0.0,-0.0,0.0,0.0,0.0,-0.0032305714871585386,2.9200477446155184,0.0,0.0,0.0
2507,691,672.6886,1081.4341,-0.0064738747,0.0,-0.0,0.0,0.0,0.0,-0.0032305714871585386,2.9200477446155184,0.0,0.0,0.0
2508,691,672.6886,1081.4341,-0.0064738747,0.0,-0.0,0.0,0.0,0.0,-0.0032305714871585386,2.9200477446155184,0.0,0.0,0.0
2509,691,672.6886,1081.4341,-0.0064738747,0.0,-0.0,0.0,0.0,0.0,-0.0032305714871585386,2.9200477446155184,0.0,0.0,0.0
2510,691,672.6886,1081.4341,-0.0064738747,0.0,-0.0,0.0,0.0,0.0,-0.0032305714871585386,2.9200477446155184,0.0,0.0,0.0
2511,691,672.6886,1081.4341,-0.0064738747,0.0,-0.0,0.0,0.0,0.0,-0.0032305714871585386,2.9200477446155184,0.0,0.0,0.0
2512,691,672.6886,1081.4341,-0.0064738747,0.0,-0.0,0.0,0.0,0.0,-0.0032305714871585386,2.9200477446155184,0.0,0.0,0.0
2513,691,672.6886,1081.4341,-0.0064738747,0.0,-0.0,0.0,0.0,0.0,-0.0032305714871585386,2.9200477446155184,0.0,0.0,0.0
2514,691,672.6886,1081.4341,-0.0064738747,0.0,-0.0,0.0,0.0,0.0,-0.0032305714871585386,2.9200477446155184,0.0,0.0,0.0
2515,691,672.6886,1081.4341,-0.0064738747,0.0,-0.0,0.0,0.0,0.0,-0.0032305714871585386,2.9200477446155184,0.0,0.0,0.0
2516,691,672.6886,1081.4341,-0.0064738747,0.0,-0.0,0.0,0.0,0.0,-0.0032305714871585386,2.9200477446155184,0.0,0.0,0.0
2517,691,672.6886,1081.4341,-0.0064738747,0.0,-0.0,0.0,0.0,0.0,-0.0032305714871585386,2.9200477446155184,0.0,0.0,0.0
2518,691,672.6886,1081.4341,-0.0064738747,0.0,-0.0,0.0,0.0,0.0,-0.0032305714871585386,2.9200477446155184,0.0,0.0,0.0
2519,691,672.6886,1081.4341,-0.0064738747,0.0,-0.0,0.0,0.0,0.0,-0.0032305714871585386,2.9200477446155184,0.0,0.0,0.0
2520,691,672.6886,1081.4341,-0.0064738747,0.0,-0.0,0.0,0.0,0.0,-0.0032305714871585386,2.9200477446155184,0.0,0.0,0.0
2521,691,672.6886,1081.4341,-0.0064738747,0.0,-0.0,0.0,0.0,0.0,-0.0032305714871585386,2.9200477446155184,0.0,0.0,0.0
2522,691,672.6886,1081.4341,-0.0064738747,0.0,-0.0,0.0,0.0,0.0,-0.0032305714871585386,2.9200477446155184,0.0,0.0,0.0
2523,691,672.6886,1081.4341,-0.0064738747,0.0,-0.0,0.0,0.0,0.0,-0.0032305714871585386,2.9200477446155184,0.0,0.0,0.0
2524,691,672.6886,1081.4341,-0.0064738747,0.0,-0.0,0.0,0.0,0.0,-0.0032305714871585386,2.9200477446155184,0.0,0.0,0.0
2525,691,672.6886,1081.4341,-0.0064738747,0.0,-0.0,0.0,0.0,0.0,-0.0032305714871585386,2.9200477446155184,0.0,0.0,0.0
2526,691,672.6886,1081.4341,-0.0064738747,0.0,-0.0,0.0,0.0,0.0,-0.0032305714871585386,2.9200477446155184,0.0,0.0,0.0
2527,691,672.6886,1081.4341,-0.0064738747,0.0,-0.0,0.0,0.0,0.0,-0.0032305714871585386,2.9200477446155184,0.0,0.0,0.0
2528,691,672.6886,1081.4341,-0.0064738747,0.0,-0.0,0.0,0.0,0.0,-0.0032305714871585386,2.9200477446155184,0.0,0.0,0.0
2529,691,672.6886,1081.4341,-0.0064738747,0.0,-0.0,0.0,0.0,0.0,-0.0032305714871585386,2.9200477446155184,0.0,0.0,0.0
2530,691,672.6886,1081.4341,-0.0064738747,0.0,-0.0,0.0,0.0,0.0,-0.0032305714871585386,2.9200477446155184,0.0,0.0,0.0
2531,691,672.6886,1081.4341,-0.0064738747,0.0,-0.0,0.0,0.0,0.0,-0.0032305714871585386,2.9200477446155184,0.0,0.0,0.0
2532,691,672.6886,1081.4341,-0.0064738747,0.0,-0.0,0.0,0.0,0.0,-0.0032305714871585386,2.9200477446155184,0.0,0.0,0.0
2533,691,672.6886,1081.4341,-0.0064738747,0.0,-0.0,0.0,0.0,0.0,-0.0032305714871585386,2.9200477446155184,0.0,0.0,0.0
2534,691,672.6886,1081.4341,-0.0064738747,0.0,-0.0,0.0,0.0,0.0,-0.0032305714871585386,2.9200477446155184,0.0,0.0,0.0
2535,691,672.6886,1081.4341,-0.0064738747,0.0,-0.0,0.0,0.0,0.0,-0.0032305714871585386,2.9200477446155184,0.0,0.0,0.0
2536,691,672.6886,1081.4341,-0.0064738747,0.0,-0.0,0.0,0.0,0.0,-0.0032305714871585386,2.9200477446155184,0.0,0.0,0.0
2537,691,672.6886,1081.4341,-0.0064738747,0.0,-0.0,0.0,0.0,0.0,-0.0032305714871585386,2.9200477446155184,0.0,0.0,0.0
2538,691,672.6886,1081.4341,-0.0064738747,0.0,-0.0,0.0,0.0,0.0,-0.0032305714871585386,2.9200477446155184,0.0,0.0,0.0
2539,691,672.6886,1081.4341,-0.0064738747,0.0,-0.0,0.0,0.0,0.0,-0.0032305714871585386,2.9200477446155184,0.0,0.0,0.0
2540,691,672.6886,1081.4341,-0.0064738747,0.0,-0.0,0.0,0.0,0.0,-0.0032305714871585386,2.9200477446155184,0.0,0.0,0.0
2541,691,672.6886,1081.4341,-0.0064738747,0.0,-0.0,0.0,0.0,0.0,-0.0032305714871585386,2.9200477446155184,0.0,0.0,0.0
2542,691,672.6886,1081.4341,-0.0064738747,0.0,-0.0,0.0,0.0,0.0,-0.0032305714871585386,2.9200477446155184,0.0,0.0,0.0
2543,691,672.6886,1081.4341,-0.0064738747,0.0,-0.0,0.0,0.0,0.0,-0.0032305714871585386,2.9200477446155184,0.0,0.0,0.0
2544,691,672.6886,1081.4341,-0.0064738747,0.0,-0.0,0.0,0.0,0.0,-0.0032305714871585386,2.9200477446155184,0.0,0.0,0.0
2545,691,672.6886,1081.4341,-0.0064738747,0.0,-0.0,0.0,0.0,0.0,-0.0032305714871585386,2.9200477446155184,0.0,0.0,0.0
2546,691,672.6886,1081.4341,-0.0064738747,0.0,-0.0,0.0,0.0,0.0,-0.0032305714871585386,2.9200477446155184,0.0,0.0,0.0
2547,691,672.6886,1081.4341,-0.0064738747,0.0,-0.0,0.0,0.0,0.0,-0.0032305714871585386,2.9200477446155184,0.0,0.0,0.0
2548,691,672.6886,1081.4341,-0.0064738747,0.0,-0.0,0.0,0.0,0.0,-0.0032305714871585386,2.9200477446155184,0.0,0.0,0.0
2549,691,672.6886,1081.4341,-0.0064738747,0.0,-0.0,0.0,0.0,0.0,-0.0032305714871585386,2.9200477446155184,0.0,0.0,0.0
2550,691,672.6886,1081.4341,-0.0064738747,0.0,-0.0,0.0,0.0,0.0,-0.0032305714871585386,2.9200477446155184,0.0,0.0,0.0
2551,691,672.6886,1081.4341,-0.0064738747,0.0,-0.0,0.0,0.0,0.0,-0.0032305714871585386,2.9200477446155184,0.0,0.0,0.0
2552,691,672.6886,1081.4341,-0.0064738747,0.0,-0.0,0.0,0.0,0.0,-0.0032305714871585386,2.9200477446155184,0.0,0.0,0.0
2553,691,672.6886,1081.4341,-0.0064738747,0.0,-0.0,0.0,0.0,0.0,-0.0032305714871585386,2.9200477446155184,0.0,0.0,0.0
2554,691,672.6886,1081.4341,-0.0064738747,0.0,-0.0,0.0,0.0,0.0,-0.0032305714871585386,2.9200477446155184,0.0,0.0,0.0
2555,691,672.6886,1081.4341,-0.0064738747,0.0,-0.0,0.0,0.0,0.0,-0.0032305714871585386,2.9200477446155184,0.0,0.0,0.0
2556,691,672.6886,1081.4341,-0.0064738747,0.0,-0.0,0.0,0.0,0.0,-0.0032305714871585386,2.9200477446155184,0.0,0.0,0.0
2557,691,672.6886,1081.4341,-0.0064738747,0.0,-0.0,0.0,0.0,0.0,-0.0032305714871585386,2.9200477446155184,0.0,0.0,0.0
2558,691,672.6886,1081.4341,-0.0064738747,0.0,-0.0,0.0,0.0,0.0,-0.0032305714871585386,2.9200477446155184,0.0,0.0,0.0
2559,691,672.6886,1081.4341,-0.0064738747,0.0,-0.0,0.0,0.0,0.0,-0.0032305714871585386,2.9200477446155184,0.0,0.0,0.0
2560,691,672.6886,1081.4341,-0.0064738747,0.0,-0.0,0.0,0.0,0.0,-0.0032305714871585386,2.9200477446155184,0.0,0.0,0.0
2561,691,672.6886,1081.4341,-0.0064738747,0.0,-0.0,0.0,0.0,0.0,-0.0032305714871585386,2.9200477446155184,0.0,0.0,0.0
2562,691,672.6886,1081.4341,-0.0064738747,0.0,-0.0,0.0,0.0,0.0,-0.0032305714871585386,2.9200477446155184,0.0,0.0,0.0
2563,691,672.6886,1081.4341,-0.0064738747,0.0,-0.0,0.0,0.0,0.0,-0.0032305714871585386,2.9200477446155184,0.0,0.0,0.0
2564,691,672.6886,1081.4341,-0.0064738747,0.0,-0.0,0.0,0.0,0.0,-0.0032305714871585386,2.9200477446155184,0.0,0.0,0.0
2565,691,672.6886,1081.4341,-0.0064738747,0.0,-0.0,0.0,0.0,0.0,-0.0032305714871585386,2.9200477446155184,0.0,0.0,0.0
2566,691,672.6886,1081.4341,-0.0064738747,0.0,-0.0,0.0,0.0,0.0,-0.0032305714871585386,2.9200477446155184,0.0,0.0,0.0
2567,691,672.6886,1081.4341,-0.0064738747,0.0,-0.0,0.0,0.0,0.0,-0.0032305714871585386,2.9200477446155184,0.0,0.0,0.0
2568,691,672.6886,1081.4341,-0.0064738747,0.0,-0.0,0.0,0.0,0.0,-0.0032305714871585386,2.9200477446155184,0.0,0.0,0.0
2569,691,672.6886,1081.4341,-0.0064738747,0.0,-0.0,0.0,0.0,0.0,-0.0032305714871585386,2.9200477446155184,0.0,0.0,0.0
2570,691,672.6886,1081.4341,-0.0064738747,0.0,-0.0,0.0,0.0,0.0,-0.0032305714871585386,2.9200477446155184,0.0,0.0,0.0
2571,691,672.6886,1081.4341,-0.0064738747,0.0,-0.0,0.0,0.0,0.0,-0.0032305714871585386,2.9200477446155184,0.0,0.0,0.0
2572,691,672.6886,1081.4341,-0.0064738747,0.0,-0.0,0.0,0.0,0.0,-0.0032305714871585386,2.9200477446155184,0.0,0.0,0.0
2573,691,672.6886,1081.4341,-0.0064738747,0.0,-0.0,0.0,0.0,0.0,-0.0032305714871585386,2.9200477446155184,0.0,0.0,0.0
2574,691,672.6886,1081.4341,-0.0064738747,0.0,-0.0,0.0,0.0,0.0,-0.0032305714871585386,2.9200477446155184,0.0,0.0,0.0
2575,691,672.6886,1081.4341,-0.0064738747,0.0,-0.0,0.0,0.0,0.0,-0.0032305714871585386,2.9200477446155184,0.0,0.0,0.0
2576,691,672.6886,1081.4341,-0.0064738747,0.0,-0.0,0.0,0.0,0.0,-0.0032305714871585386,2.9200477446155184,0.0,0.0,0.0
2577,691,672.6886,1081.4341,-0.0064738747,0.0,-0.0,0.0,0.0,0.0,-0.0032305714871585386,2.9200477446155184,0.0,0.0,0.0
2578,691,672.6886,1081.4341,-0.0064738747,0.0,-0.0,0.0,0.0,0.0,-0.0032305714871585386,2.9200477446155184,0.0,0.0,0.0
2579,691,672.6886,1081.4341,-0.0064738747,0.0,-0.0,0.0,0.0,0.0,-0.0032305714871585386,2.9200477446155184,0.0,0.0,0.0
2580,691,672.6886,1081.4341,-0.0064738747,0.0,-0.0,0.0,0.0,0.0,-0.0032305714871585386,2.9200477446155184,0.0,0.0,0.0
2581,691,672.6886,1081.4341,-0.0064738747,0.0,-0.0,0.0,0.0,0.0,-0.0032305714871585386,2.9200477446155184,0.0,0.0,0.0
2582,691,672.6886,1081.4341,-0.0064738747,0.0,-0.0,0.0,0.0,0.0,-0.0032305714871585386,2.9200477446155184,0.0,0.0,0.0
2583,691,672.6886,1081.4341,-0.0064738747,0.0,-0.0,0.0,0.0,0.0,-0.0032305714871585386,2.9200477446155184,0.0,0.0,0.0
2584,691,672.6886,1081.4341,-0.0064738747,0.0,-0.0,0.0,0.0,0.0,-0.0032305714871585386,2.9200477446155184,0.0,0.0,0.0
2585,691,672.6886,1081.4341,-0.0064738747,0.0,-0.0,0.0,0.0,0.0,-0.0032305714871585386,2.9200477446155184,0.0,0.0,0.0
2586,691,672.6886,1081.4341,-0.0064738747,0.0,-0.0,0.0,0.0,0.0,-0.0032305714871585386,2.9200477446155184,0.0,0.0,0.0
2587,691,672.6886,1081.4341,-0.0064738747,0.0,-0.0,0.0,0.0,0.0,-0.0032305714871585386,2.9200477446155184,0.0,0.0,0.0
2588,691,672.6886,1081.4341,-0.0064738747,0.0,-0.0,0.0,0.0,0.0,-0.0032305714871585386,2.9200477446155184,0.0,0.0,0.0
2589,691,672.6886,1081.4341,-0.0064738747,0.0,-0.0,0.0,0.0,0.0,-0.0032305714871585386,2.9200477446155184,0.0,0.0,0.0
2590,691,672.6886,1081.4341,-0.0064738747,0.0,-0.0,0.0,0.0,0.0,-0.0032305714871585386,2.9200477446155184,0.0,0.0,0.0
2591,691,672.6886,1081.4341,-0.0064738747,0.0,-0.0,0.0,0.0,0.0,-0.0032305714871585386,2.9200477446155184,0.0,0.0,0.0
2592,691,672.6886,1081.4341,-0.0064738747,0.0,-0.0,0.0,0.0,0.0,-0.0032305714871585386,2.9200477446155184,0.0,0.0,0.0
2593,691,672.6886,1081.4341,-0.0064738747,0.0,-0.0,0.0,0.0,0.0,-0.0032305714871585386,2.9200477446155184,0.0,0.0,0.0
2594,691,672.6886,1081.4341,-0.0064738747,0.0,-0.0,0.0,0.0,0.0,-0.0032305714871585386,2.9200477446155184,0.0,0.0,0.0
2595,691,672.6886,1081.4341,-0.0064738747,0.0,-0.0,0.0,0.0,0.0,-0.0032305714871585386,2.9200477446155184,0.0,0.0,0.0
2596,691,672.6886,1081.4341,-0.0064738747,0.0,-0.0,0.0,0.0,0.0,-0.0032305714871585386,2.9200477446155184,0.0,0.0,0.0
2597,691,672.6886,1081.4341,-0.0064738747,0.0,-0.0,0.0,0.0,0.0,-0.0032305714871585386,2.9200477446155184,0.0,0.0,0.0
2598,691,672.6886,1081.4341,-0.0064738747,0.0,-0.0,0.0,0.0,0.0,-0.0032305714871585386,2.9200477446155184,0.0,0.0,0.0
2599,691,672.6886,1081.4341,-0.0064738747,0.0,-0.0,0.0,0.0,0.0,-0.0032305714871585386,2.9200477446155184,0.0,0.0,0.0
2600,691,672.6886,1081.4341,-0.0064738747,0.0,-0.0,0.0,0.0,0.0,-0.0032305714871585386,2.9200477446155184,0.0,0.0,0.0
2601,691,672.6886,1081.4341,-0.0064738747,0.0,-0.0,0.0,0.0,0.0,-0.0032305714871585386,2.9200477446155184,0.0,0.0,0.0
2602,691,672.6886,1081.4341,-0.0064738747,0.0,-0.0,0.0,0.0,0.0,-0.0032305714871585386,2.9200477446155184,0.0,0.0,0.0
2603,691,672.6886,1081.4341,-0.0064738747,0.0,-0.0,0.0,0.0,0.0,-0.0032305714871585386,2.9200477446155184,0.0,0.0,0.0
2604,691,672.6886,1081.4341,-0.0064738747,0.0,-0.0,0.0,0.0,0.0,-0.0032305714871585386,2.9200477446155184,0.0,0.0,0.0
2605,691,672.6886,1081.4341,-0.0064738747,0.0,-0.0,0.0,0.0,0.0,-0.0032305714871585386,2.9200477446155184,0.0,0.0,0.0
2606,691,672.6886,1081.4341,-0.0064738747,0.0,-0.0,0.0,0.0,0.0,-0.0032305714871585386,2.9200477446155184,0.0,0.0,0.0
2607,691,672.6886,1081.4341,-0.0064738747,0.0,-0.0,0.0,0.0,0.0,-0.0032305714871585386,2.9200477446155184,0.0,0.0,0.0
2608,691,672.6886,1081.4341,-0.0064738747,0.0,-0.0,0.0,0.0,0.0,-0.0032305714871585386,2.9200477446155184,0.0,0.0,0.0
2609,691,672.6886,1081.4341,-0.0064738747,0.0,-0.0,0.0,0.0,0.0,-0.0032305714871585386,2.9200477446155184,0.0,0.0,0.0
2610,691,672.6886,1081.4341,-0.0064738747,0.0,-0.0,0.0,0.0,0.0,-0.0032305714871585386,2.9200477446155184,0.0,0.0,0.0
2611,691,672.6886,1081.4341,-0.0064738747,0.0,-0.0,0.0,0.0,0.0,-0.0032305714871585386,2.9200477446155184,0.0,0.0,0.0
2612,691,672.6886,1081.4341,-0.0064738747,0.0,-0.0,0.0,0.0,0.0,-0.0032305714871585386,2.9200477446155184,0.0,0.0,0.0
2613,691,672.6886,1081.4341,-0.0064738747,0.0,-0.0,0.0,0.0,0.0,-0.0032305714871585386,2.9200477446155184,0.0,0.0,0.0
2614,691,672.6886,1081.4341,-0.0064738747,0.0,-0.0,0.0,0.0,0.0,-0.0032305714871585386,2.9200477446155184,0.0,0.0,0.0
2615,691,672.6886,1081.4341,-0.0064738747,0.0,-0.0,0.0,0.0,0.0,-0.0032305714871585386,2.9200477446155184,0.0,0.0,0.0
2616,691,672.6886,1081.4341,-0.0064738747,0.0,-0.0,0.0,0.0,0.0,-0.0032305714871585386,2.9200477446155184,0.0,0.0,0.0
2617,691,672.6886,1081.4341,-0.0064738747,0.0,-0.0,0.0,0.0,0.0,-0.0032305714871585386,2.9200477446155184,0.0,0.0,0.0
2618,691,672.6886,1081.4341,-0.0064738747,0.0,-0.0,0.0,0.0,0.0,-0.0032305714871585386,2.9200477446155184,0.0,0.0,0.0
2619,691,672.6886,1081.4341,-0.0064738747,0.0,-0.0,0.0,0.0,0.0,-0.0032305714871585386,2.9200477446155184,0.0,0.0,0.0
2620,691,672.6886,1081.4341,-0.0064738747,0.0,-0.0,0.0,0.0,0.0,-0.0032305714871585386,2.9200477446155184,0.0,0.0,0.0
2621,691,672.6886,1081.4341,-0.0064738747,0.0,-0.0,0.0,0.0,0.0,-0.0032305714871585386,2.9200477446155184,0.0,0.0,0.0
2622,691,672.6886,1081.4341,-0.0064738747,0.0,-0.0,0.0,0.0,0.0,-0.0032305714871585386,2.9200477446155184,0.0,0.0,0.0
2623,691,672.6886,1081.4341,-0.0064738747,0.0,-0.0,0.0,0.0,0.0,-0.0032305714871585386,2.9200477446155184,0.0,0.0,0.0
2624,691,672.6886,1081.4341,-0.0064738747,0.0,-0.0,0.0,0.0,0.0,-0.0032305714871585386,2.9200477446155184,0.0,0.0,0.0
2625,691,672.6886,1081.4341,-0.0064738747,0.0,-0.0,0.0,0.0,0.0,-0.0032305714871585386,2.9200477446155184,0.0,0.0,0.0
2626,691,672.6886,1081.4341,-0.0064738747,0.0,-0.0,0.0,0.0,0.0,-0.0032305714871585386,2.9200477446155184,0.0,0.0,0.0
2627,691,672.6886,1081.4341,-0.0064738747,0.0,-0.0,0.0,0.0,0.0,-0.0032305714871585386,2.9200477446155184,0.0,0.0,0.0
2628,691,672.6886,1081.4341,-0.0064738747,0.0,-0.0,0.0,0.0,0.0,-0.0032305714871585386,2.9200477446155184,0.0,0.0,0.0
2629,691,672.6886,1081.4341,-0.0064738747,0.0,-0.0,0.0,0.0,0.0,-0.0032305714871585386,2.9200477446155184,0.0,0.0,0.0
2630,691,672.6886,1081.4341,-0.0064738747,0.0,-0.0,0.0,0.0,0.0,-0.0032305714871585386,2.9200477446155184,0.0,0.0,0.0
2631,691,672.6886,1081.4341,-0.0064738747,0.0,-0.0,0.0,0.0,0.0,-0.0032305714871585386,2.9200477446155184,0.0,0.0,0.0
2632,691,672.6886,1081.4341,-0.0064738747,0.0,-0.0,0.0,0.0,0.0,-0.0032305714871585386,2.9200477446155184,0.0,0.0,0.0
2633,691,672.6886,1081.4341,-0.0064738747,0.0,-0.0,0.0,0.0,0.0,-0.0032305714871585386,2.9200477446155184,0.0,0.0,0.0
2634,691,672.6886,1081.4341,-0.0064738747,0.0,-0.0,0.0,0.0,0.0,-0.0032305714871585386,2.9200477446155184,0.0,0.0,0.0
2635,691,672.6886,1081.4341,-0.0064738747,0.0,-0.0,0.0,0.0,0.0,-0.0032305714871585386,2.9200477446155184,0.0,0.0,0.0
2636,691,672.6886,1081.4341,-0.0064738747,0.0,-0.0,0.0,0.0,0.0,-0.0032305714871585386,2.9200477446155184,0.0,0.0,0.0
2637,691,672.6886,1081.4341,-0.0064738747,0.0,-0.0,0.0,0.0,0.0,-0.0032305714871585386,2.9200477446155184,0.0,0.0,0.0
2638,691,672.6886,1081.4341,-0.0064738747,0.0,-0.0,0.0,0.0,0.0,-0.0032305714871585386,2.9200477446155184,0.0,0.0,0.0
2639,691,672.6886,1081.4341,-0.0064738747,0.0,-0.0,0.0,0.0,0.0,-0.0032305714871585386,2.9200477446155184,0.0,0.0,0.0
2640,691,672.6886,1081.4341,-0.0064738747,0.0,-0.0,0.0,0.0,0.0,-0.0032305714871585386,2.9200477446155184,0.0,0.0,0.0
2641,691,672.6886,1081.4341,-0.0064738747,0.0,-0.0,0.0,0.0,0.0,-0.0032305714871585386,2.9200477446155184,0.0,0.0,0.0
2642,691,672.6886,1081.4341,-0.0064738747,0.0,-0.0,0.0,0.0,0.0,-0.0032305714871585386,2.9200477446155184,0.0,0.0,0.0
2643,691,672.6886,1081.4341,-0.0064738747,0.0,-0.0,0.0,0.0,0.0,-0.0032305714871585386,2.9200477446155184,0.0,0.0,0.0
2644,691,672.6886,1081.4341,-0.0064738747,0.0,-0.0,0.0,0.0,0.0,-0.0032305714871585386,2.9200477446155184,0.0,0.0,0.0
2645,691,672.6886,1081.4341,-0.0064738747,0.0,-0.0,0.0,0.0,0.0,-0.0032305714871585386,2.9200477446155184,0.0,0.0,0.0
2646,691,672.6886,1081.4341,-0.0064738747,0.0,-0.0,0.0,0.0,0.0,-0.0032305714871585386,2.9200477446155184,0.0,0.0,0.0
2647,691,672.6886,1081.4341,-0.0064738747,0.0,-0.0,0.0,0.0,0.0,-0.0032305714871585386,2.9200477446155184,0.0,0.0,0.0
2648,691,672.6886,1081.4341,-0.0064738747,0.0,-0.0,0.0,0.0,0.0,-0.0032305714871585386,2.9200477446155184,0.0,0.0,0.0
2649,691,672.6886,1081.4341,-0.0064738747,0.0,-0.0,0.0,0.0,0.0,-0.0032305714871585386,2.9200477446155184,0.0,0.0,0.0
2650,691,672.6886,1081.4341,-0.0064738747,0.0,-0.0,0.0,0.0,0.0,-0.0032305714871585386,2.9200477446155184,0.0,0.0,0.0
2651,691,672.6886,1081.4341,-0.0064738747,0.0,-0.0,0.0,0.0,0.0,-0.0032305714871585386,2.9200477446155184,0.0,0.0,0.0
2652,691,672.6886,1081.4341,-0.0064738747,0.0,-0.0,0.0,0.0,0.0,-0.0032305714871585386,2.9200477446155184,0.0,0.0,0.0
2653,691,672.6886,1081.4341,-0.0064738747,0.0,-0.0,0.0,0.0,0.0,-0.0032305714871585386,2.9200477446155184,0.0,0.0,0.0
2654,691,672.6886,1081.4341,-0.0064738747,0.0,-0.0,0.0,0.0,0.0,-0.0032305714871585386,2.9200477446155184,0.0,0.0,0.0
2655,691,672.6886,1081.4341,-0.0064738747,0.0,-0.0,0.0,0.0,0.0,-0.0032305714871585386,2.9200477446155184,0.0,0.0,0.0
2656,691,672.6886,1081.4341,-0.0064738747,0.0,-0.0,0.0,0.0,0.0,-0.0032305714871585386,2.9200477446155184,0.0,0.0,0.0
2657,691,672.6886,1081.4341,-0.0064738747,0.0,-0.0,0.0,0.0,0.0,-0.0032305714871585386,2.9200477446155184,0.0,0.0,0.0
2658,691,672.6886,1081.4341,-0.0064738747,0.0,-0.0,0.0,0.0,0.0,-0.0032305714871585386,2.9200477446155184,0.0,0.0,0.0
2659,691,672.6886,1081.4341,-0.0064738747,0.0,-0.0,0.0,0.0,0.0,-0.0032305714871585386,2.9200477446155184,0.0,0.0,0.0
2660,691,672.6886,1081.4341,-0.0064738747,0.0,-0.0,0.0,0.0,0.0,-0.0032305714871585386,2.9200477446155184,0.0,0.0,0.0
2661,691,672.6886,1081.4341,-0.0064738747,0.0,-0.0,0.0,0.0,0.0,-0.0032305714871585386,2.9200477446155184,0.0,0.0,0.0
2662,691,672.6886,1081.4341,-0.0064738747,0.0,-0.0,0.0,0.0,0.0,-0.0032305714871585386,2.9200477446155184,0.0,0.0,0.0
2663,691,672.6886,1081.4341,-0.0064738747,0.0,-0.0,0.0,0.0,0.0,-0.0032305714871585386,2.9200477446155184,0.0,0.0,0.0
2664,691,672.6886,1081.4341,-0.0064738747,0.0,-0.0,0.0,0.0,0.0,-0.0032305714871585386,2.9200477446155184,0.0,0.0,0.0
2665,691,672.6886,1081.4341,-0.0064738747,0.0,-0.0,0.0,0.0,0.0,-0.0032305714871585386,2.9200477446155184,0.0,0.0,0.0
2666,691,672.6886,1081.4341,-0.0064738747,0.0,-0.0,0.0,0.0,0.0,-0.0032305714871585386,2.9200477446155184,0.0,0.0,0.0
2667,691,672.6886,1081.4341,-0.0064738747,0.0,-0.0,0.0,0.0,0.0,-0.0032305714871585386,2.9200477446155184,0.0,0.0,0.0
2668,691,672.6886,1081.4341,-0.0064738747,0.0,-0.0,0.0,0.0,0.0,-0.0032305714871585386,2.9200477446155184,0.0,0.0,0.0
2669,691,672.6886,1081.4341,-0.0064738747,0.0,-0.0,0.0,0.0,0.0,-0.0032305714871585386,2.9200477446155184,0.0,0.0,0.0
2670,691,672.6886,1081.4341,-0.0064738747,0.0,-0.0,0.0,0.0,0.0,-0.0032305714871585386,2.9200477446155184,0.0,0.0,0.0
2671,691,672.6886,1081.4341,-0.0064738747,0.0,-0.0,0.0,0.0,0.0,-0.0032305714871585386,2.9200477446155184,0.0,0.0,0.0
2672,691,672.6886,1081.4341,-0.0064738747,0.0,-0.0,0.0,0.0,0.0,-0.0032305714871585386,2.9200477446155184,0.0,0.0,0.0
2673,691,672.6886,1081.4341,-0.0064738747,0.0,-0.0,0.0,0.0,0.0,-0.0032305714871585386,2.9200477446155184,0.0,0.0,0.0
2674,691,672.6886,1081.4341,-0.0064738747,0.0,-0.0,0.0,0.0,0.0,-0.0032305714871585386,2.9200477446155184,0.0,0.0,0.0
2675,691,672.6886,1081.4341,-0.0064738747,0.0,-0.0,0.0,0.0,0.0,-0.0032305714871585386,2.9200477446155184,0.0,0.0,0.0
2676,691,672.6886,1081.4341,-0.0064738747,0.0,-0.0,0.0,0.0,0.0,-0.0032305714871585386,2.9200477446155184,0.0,0.0,0.0
2677,691,672.6886,1081.4341,-0.0064738747,0.0,-0.0,0.0,0.0,0.0,-0.0032305714871585386,2.9200477446155184,0.0,0.0,0.0
2678,691,672.6886,1081.4341,-0.0064738747,0.0,-0.0,0.0,0.0,0.0,-0.0032305714871585386,2.9200477446155184,0.0,0.0,0.0
2679,691,672.6886,1081.4341,-0.0064738747,0.0,-0.0,0.0,0.0,0.0,-0.0032305714871585386,2.9200477446155184,0.0,0.0,0.0
2680,691,672.6886,1081.4341,-0.0064738747,0.0,-0.0,0.0,0.0,0.0,-0.0032305714871585386,2.9200477446155184,0.0,0.0,0.0
2681,691,672.6886,1081.4341,-0.0064738747,0.0,-0.0,0.0,0.0,0.0,-0.0032305714871585386,2.9200477446155184,0.0,0.0,0.0
2682,691,672.6886,1081.4341,-0.0064738747,0.0,-0.0,0.0,0.0,0.0,-0.0032305714871585386,2.9200477446155184,0.0,0.0,0.0
2683,691,672.6886,1081.4341,-0.0064738747,0.0,-0.0,0.0,0.0,0.0,-0.0032305714871585386,2.9200477446155184,0.0,0.0,0.0
2684,691,672.6886,1081.4341,-0.0064738747,0.0,-0.0,0.0,0.0,0.0,-0.0032305714871585386,2.9200477446155184,0.0,0.0,0.0
2685,691,672.6886,1081.4341,-0.0064738747,0.0,-0.0,0.0,0.0,0.0,-0.0032305714871585386,2.9200477446155184,0.0,0.0,0.0
2686,691,672.6886,1081.4341,-0.0064738747,0.0,-0.0,0.0,0.0,0.0,-0.0032305714871585386,2.9200477446155184,0.0,0.0,0.0
2687,691,672.6886,1081.4341,-0.0064738747,0.0,-0.0,0.0,0.0,0.0,-0.0032305714871585386,2.9200477446155184,0.0,0.0,0.0
2688,691,672.6886,1081.4341,-0.0064738747,0.0,-0.0,0.0,0.0,0.0,-0.0032305714871585386,2.9200477446155184,0.0,0.0,0.0
2689,691,672.6886,1081.4341,-0.0064738747,0.0,-0.0,0.0,0.0,0.0,-0.0032305714871585386,2.9200477446155184,0.0,0.0,0.0
2690,691,672.6886,1081.4341,-0.0064738747,0.0,-0.0,0.0,0.0,0.0,-0.0032305714871585386,2.9200477446155184,0.0,0.0,0.0
2691,691,672.6886,1081.4341,-0.0064738747,0.0,-0.0,0.0,0.0,0.0,-0.0032305714871585386,2.9200477446155184,0.0,0.0,0.0
2692,691,672.6886,1081.4341,-0.0064738747,0.0,-0.0,0.0,0.0,0.0,-0.0032305714871585386,2.9200477446155184,0.0,0.0,0.0
2693,691,672.6886,1081.4341,-0.0064738747,0.0,-0.0,0.0,0.0,0.0,-0.0032305714871585386,2.9200477446155184,0.0,0.0,0.0
2694,691,672.6886,1081.4341,-0.0064738747,0.0,-0.0,0.0,0.0,0.0,-0.0032305714871585386,2.9200477446155184,0.0,0.0,0.0
2695,691,672.6886,1081.4341,-0.0064738747,0.0,-0.0,0.0,0.0,0.0,-0.0032305714871585386,2.9200477446155184,0.0,0.0,0.0
2696,691,672.6886,1081.4341,-0.0064738747,0.0,-0.0,0.0,0.0,0.0,-0.0032305714871585386,2.9200477446155184,0.0,0.0,0.0
2697,691,672.6886,1081.4341,-0.0064738747,0.0,-0.0,0.0,0.0,0.0,-0.0032305714871585386,2.9200477446155184,0.0,0.0,0.0
2698,691,672.6886,1081.4341,-0.0064738747,0.0,-0.0,0.0,0.0,0.0,-0.0032305714871585386,2.9200477446155184,0.0,0.0,0.0
2699,691,672.6886,1081.4341,-0.0064738747,0.0,-0.0,0.0,0.0,0.0,-0.0032305714871585386,2.9200477446155184,0.0,0.0,0.0
2700,691,672.6886,1081.4341,-0.0064738747,0.0,-0.0,0.0,0.0,0.0,-0.0032305714871585386,2.9200477446155184,0.0,0.0,0.0
2701,691,672.6886,1081.4341,-0.0064738747,0.0,-0.0,0.0,0.0,0.0,-0.0032305714871585386,2.9200477446155184,0.0,0.0,0.0
2702,691,672.6886,1081.4341,-0.0064738747,0.0,-0.0,0.0,0.0,0.0,-0.0032305714871585386,2.9200477446155184,0.0,0.0,0.0
2703,691,672.6886,1081.4341,-0.0064738747,0.0,-0.0,0.0,0.0,0.0,-0.0032305714871585386,2.9200477446155184,0.0,0.0,0.0
2704,691,672.6886,1081.4341,-0.0064738747,0.0,-0.0,0.0,0.0,0.0,-0.0032305714871585386,2.9200477446155184,0.0,0.0,0.0
2705,691,672.6886,1081.4341,-0.0064738747,0.0,-0.0,0.0,0.0,0.0,-0.0032305714871585386,2.9200477446155184,0.0,0.0,0.0
2706,691,672.6886,1081.4341,-0.0064738747,0.0,-0.0,0.0,0.0,0.0,-0.0032305714871585386,2.9200477446155184,0.0,0.0,0.0
2707,691,672.6886,1081.4341,-0.0064738747,0.0,-0.0,0.0,0.0,0.0,-0.0032305714871585386,2.9200477446155184,0.0,0.0,0.0
2708,691,672.6886,1081.4341,-0.0064738747,0.0,-0.0,0.0,0.0,0.0,-0.0032305714871585386,2.9200477446155184,0.0,0.0,0.0
2709,691,672.6886,1081.4341,-0.0064738747,0.0,-0.0,0.0,0.0,0.0,-0.0032305714871585386,2.9200477446155184,0.0,0.0,0.0
2710,691,672.6886,1081.4341,-0.0064738747,0.0,-0.0,0.0,0.0,0.0,-0.0032305714871585386,2.9200477446155184,0.0,0.0,0.0
2711,691,672.6886,1081.4341,-0.0064738747,0.0,-0.0,0.0,0.0,0.0,-0.0032305714871585386,2.9200477446155184,0.0,0.0,0.0
2712,691,672.6886,1081.4341,-0.0064738747,0.0,-0.0,0.0,0.0,0.0,-0.0032305714871585386,2.9200477446155184,0.0,0.0,0.0
2713,691,672.6886,1081.4341,-0.0064738747,0.0,-0.0,0.0,0.0,0.0,-0.0032305714871585386,2.9200477446155184,0.0,0.0,0.0
2714,691,672.6886,1081.4341,-0.0064738747,0.0,-0.0,0.0,0.0,0.0,-0.0032305714871585386,2.9200477446155184,0.0,0.0,0.0
2715,691,672.6886,1081.4341,-0.0064738747,0.0,-0.0,0.0,0.0,0.0,-0.0032305714871585386,2.9200477446155184,0.0,0.0,0.0
2716,691,672.6886,1081.4341,-0.0064738747,0.0,-0.0,0.0,0.0,0.0,-0.0032305714871585386,2.9200477446155184,0.0,0.0,0.0
2717,691,672.6886,1081.4341,-0.0064738747,0.0,-0.0,0.0,0.0,0.0,-0.0032305714871585386,2.9200477446155184,0.0,0.0,0.0
2718,691,672.6886,1081.4341,-0.0064738747,0.0,-0.0,0.0,0.0,0.0,-0.0032305714871585386,2.9200477446155184,0.0,0.0,0.0
2719,691,672.6886,1081.4341,-0.0064738747,0.0,-0.0,0.0,0.0,0.0,-0.0032305714871585386,2.9200477446155184,0.0,0.0,0.0
2720,691,672.6886,1081.4341,-0.0064738747,0.0,-0.0,0.0,0.0,0.0,-0.0032305714871585386,2.9200477446155184,0.0,0.0,0.0
2721,691,672.6886,1081.4341,-0.0064738747,0.0,-0.0,0.0,0.0,0.0,-0.0032305714871585386,2.9200477446155184,0.0,0.0,0.0
2722,691,672.6886,1081.4341,-0.0064738747,0.0,-0.0,0.0,0.0,0.0,-0.0032305714871585386,2.9200477446155184,0.0,0.0,0.0
2723,691,672.6886,1081.4341,-0.0064738747,0.0,-0.0,0.0,0.0,0.0,-0.0032305714871585386,2.9200477446155184,0.0,0.0,0.0
2724,691,672.6886,1081.4341,-0.0064738747,0.0,-0.0,0.0,0.0,0.0,-0.0032305714871585386,2.9200477446155184,0.0,0.0,0.0
2725,691,672.6886,1081.4341,-0.0064738747,0.0,-0.0,0.0,0.0,0.0,-0.0032305714871585386,2.9200477446155184,0.0,0.0,0.0
2726,691,672.6886,1081.4341,-0.0064738747,0.0,-0.0,0.0,0.0,0.0,-0.0032305714871585386,2.9200477446155184,0.0,0.0,0.0
2727,691,672.6886,1081.4341,-0.0064738747,0.0,-0.0,0.0,0.0,0.0,-0.0032305714871585386,2.9200477446155184,0.0,0.0,0.0
2728,691,672.6886,1081.4341,-0.0064738747,0.0,-0.0,0.0,0.0,0.0,-0.0032305714871585386,2.9200477446155184,0.0,0.0,0.0
2729,691,672.6886,1081.4341,-0.0064738747,0.0,-0.0,0.0,0.0,0.0,-0.0032305714871585386,2.9200477446155184,0.0,0.0,0.0
2730,691,672.6886,1081.4341,-0.0064738747,0.0,-0.0,0.0,0.0,0.0,-0.0032305714871585386,2.9200477446155184,0.0,0.0,0.0
2731,691,672.6886,1081.4341,-0.0064738747,0.0,-0.0,0.0,0.0,0.0,-0.0032305714871585386,2.9200477446155184,0.0,0.0,0.0
2732,691,672.6886,1081.4341,-0.0064738747,0.0,-0.0,0.0,0.0,0.0,-0.0032305714871585386,2.9200477446155184,0.0,0.0,0.0
2733,691,672.6886,1081.4341,-0.0064738747,0.0,-0.0,0.0,0.0,0.0,-0.0032305714871585386,2.9200477446155184,0.0,0.0,0.0
2734,691,672.6886,1081.4341,-0.0064738747,0.0,-0.0,0.0,0.0,0.0,-0.0032305714871585386,2.9200477446155184,0.0,0.0,0.0
2735,691,672.6886,1081.4341,-0.0064738747,0.0,-0.0,0.0,0.0,0.0,-0.0032305714871585386,2.9200477446155184,0.0,0.0,0.0
2736,691,672.6886,1081.4341,-0.0064738747,0.0,-0.0,0.0,0.0,0.0,-0.0032305714871585386,2.9200477446155184,0.0,0.0,0.0
2737,691,672.6886,1081.4341,-0.0064738747,0.0,-0.0,0.0,0.0,0.0,-0.0032305714871585386,2.9200477446155184,0.0,0.0,0.0
2738,691,672.6886,1081.4341,-0.0064738747,0.0,-0.0,0.0,0.0,0.0,-0.0032305714871585386,2.9200477446155184,0.0,0.0,0.0
2739,691,672.6886,1081.4341,-0.0064738747,0.0,-0.0,0.0,0.0,0.0,-0.0032305714871585386,2.9200477446155184,0.0,0.0,0.0
2740,691,672.6886,1081.4341,-0.0064738747,0.0,-0.0,0.0,0.0,0.0,-0.0032305714871585386,2.9200477446155184,0.0,0.0,0.0
2741,691,672.6886,1081.4341,-0.0064738747,0.0,-0.0,0.0,0.0,0.0,-0.0032305714871585386,2.9200477446155184,0.0,0.0,0.0
2742,691,672.6886,1081.4341,-0.0064738747,0.0,-0.0,0.0,0.0,0.0,-0.0032305714871585386,2.9200477446155184,0.0,0.0,0.0
2743,691,672.6886,1081.4341,-0.0064738747,0.0,-0.0,0.0,0.0,0.0,-0.0032305714871585386,2.9200477446155184,0.0,0.0,0.0
2744,691,672.6886,1081.4341,-0.0064738747,0.0,-0.0,0.0,0.0,0.0,-0.0032305714871585386,2.9200477446155184,0.0,0.0,0.0
2745,691,672.6886,1081.4341,-0.0064738747,0.0,-0.0,0.0,0.0,0.0,-0.0032305714871585386,2.9200477446155184,0.0,0.0,0.0
2746,691,672.6886,1081.4341,-0.0064738747,0.0,-0.0,0.0,0.0,0.0,-0.0032305714871585386,2.9200477446155184,0.0,0.0,0.0
2747,691,672.6886,1081.4341,-0.0064738747,0.0,-0.0,0.0,0.0,0.0,-0.0032305714871585386,2.9200477446155184,0.0,0.0,0.0
2748,691,672.6886,1081.4341,-0.0064738747,0.0,-0.0,0.0,0.0,0.0,-0.0032305714871585386,2.9200477446155184,0.0,0.0,0.0
2749,691,672.6886,1081.4341,-0.0064738747,0.0,-0.0,0.0,0.0,0.0,-0.0032305714871585386,2.9200477446155184,0.0,0.0,0.0
2750,691,672.6886,1081.4341,-0.0064738747,0.0,-0.0,0.0,0.0,0.0,-0.0032305714871585386,2.9200477446155184,0.0,0.0,0.0
2751,691,672.6886,1081.4341,-0.0064738747,0.0,-0.0,0.0,0.0,0.0,-0.0032305714871585386,2.9200477446155184,0.0,0.0,0.0
2752,691,672.6886,1081.4341,-0.0064738747,0.0,-0.0,0.0,0.0,0.0,-0.0032305714871585386,2.9200477446155184,0.0,0.0,0.0
2753,691,672.6886,1081.4341,-0.0064738747,0.0,-0.0,0.0,0.0,0.0,-0.0032305714871585386,2.9200477446155184,0.0,0.0,0.0
2754,691,672.6886,1081.4341,-0.0064738747,0.0,-0.0,0.0,0.0,0.0,-0.0032305714871585386,2.9200477446155184,0.0,0.0,0.0
2755,691,672.6886,1081.4341,-0.0064738747,0.0,-0.0,0.0,0.0,0.0,-0.0032305714871585386,2.9200477446155184,0.0,0.0,0.0
2756,691,672.6886,1081.4341,-0.0064738747,0.0,-0.0,0.0,0.0,0.0,-0.0032305714871585386,2.9200477446155184,0.0,0.0,0.0
2757,691,672.6886,1081.4341,-0.0064738747,0.0,-0.0,0.0,0.0,0.0,-0.0032305714871585386,2.9200477446155184,0.0,0.0,0.0
2758,691,672.6886,1081.4341,-0.0064738747,0.0,-0.0,0.0,0.0,0.0,-0.0032305714871585386,2.9200477446155184,0.0,0.0,0.0
2759,691,672.6886,1081.4341,-0.0064738747,0.0,-0.0,0.0,0.0,0.0,-0.0032305714871585386,2.9200477446155184,0.0,0.0,0.0
2760,691,672.6886,1081.4341,-0.0064738747,0.0,-0.0,0.0,0.0,0.0,-0.0032305714871585386,2.9200477446155184,0.0,0.0,0.0
2761,691,672.6886,1081.4341,-0.0064738747,0.0,-0.0,0.0,0.0,0.0,-0.0032305714871585386,2.9200477446155184,0.0,0.0,0.0
2762,691,672.6886,1081.4341,-0.0064738747,0.0,-0.0,0.0,0.0,0.0,-0.0032305714871585386,2.9200477446155184,0.0,0.0,0.0
2763,691,672.6886,1081.4341,-0.0064738747,0.0,-0.0,0.0,0.0,0.0,-0.0032305714871585386,2.9200477446155184,0.0,0.0,0.0
2764,691,672.6886,1081.4341,-0.0064738747,0.0,-0.0,0.0,0.0,0.0,-0.0032305714871585386,2.9200477446155184,0.0,0.0,0.0
2765,691,672.6886,1081.4341,-0.0064738747,0.0,-0.0,0.0,0.0,0.0,-0.0032305714871585386,2.9200477446155184,0.0,0.0,0.0
2766,691,672.6886,1081.4341,-0.0064738747,0.0,-0.0,0.0,0.0,0.0,-0.0032305714871585386,2.9200477446155184,0.0,0.0,0.0
2767,691,672.6886,1081.4341,-0.0064738747,0.0,-0.0,0.0,0.0,0.0,-0.0032305714871585386,2.9200477446155184,0.0,0.0,0.0
2768,691,672.6886,1081.4341,-0.0064738747,0.0,-0.0,0.0,0.0,0.0,-0.0032305714871585386,2.9200477446155184,0.0,0.0,0.0
2769,691,672.6886,1081.4341,-0.0064738747,0.0,-0.0,0.0,0.0,0.0,-0.0032305714871585386,2.9200477446155184,0.0,0.0,0.0
2770,691,672.6886,1081.4341,-0.0064738747,0.0,-0.0,0.0,0.0,0.0,-0.0032305714871585386,2.9200477446155184,0.0,0.0,0.0
2771,691,672.6886,1081.4341,-0.0064738747,0.0,-0.0,0.0,0.0,0.0,-0.0032305714871585386,2.9200477446155184,0.0,0.0,0.0
2772,691,672.6886,1081.4341,-0.0064738747,0.0,-0.0,0.0,0.0,0.0,-0.0032305714871585386,2.9200477446155184,0.0,0.0,0.0
2773,691,672.6886,1081.4341,-0.0064738747,0.0,-0.0,0.0,0.0,0.0,-0.0032305714871585386,2.9200477446155184,0.0,0.0,0.0
2774,691,672.6886,1081.4341,-0.0064738747,0.0,-0.0,0.0,0.0,0.0,-0.0032305714871585386,2.9200477446155184,0.0,0.0,0.0
2775,691,672.6886,1081.4341,-0.0064738747,0.0,-0.0,0.0,0.0,0.0,-0.0032305714871585386,2.9200477446155184,0.0,0.0,0.0
2776,691,672.6886,1081.4341,-0.0064738747,0.0,-0.0,0.0,0.0,0.0,-0.0032305714871585386,2.9200477446155184,0.0,0.0,0.0
2777,691,672.6886,1081.4341,-0.0064738747,0.0,-0.0,0.0,0.0,0.0,-0.0032305714871585386,2.9200477446155184,0.0,0.0,0.0
2778,691,672.6886,1081.4341,-0.0064738747,0.0,-0.0,0.0,0.0,0.0,-0.0032305714871585386,2.9200477446155184,0.0,0.0,0.0
2779,691,672.6886,1081.4341,-0.0064738747,0.0,-0.0,0.0,0.0,0.0,-0.0032305714871585386,2.9200477446155184,0.0,0.0,0.0
2780,691,672.6886,1081.4341,-0.0064738747,0.0,-0.0,0.0,0.0,0.0,-0.0032305714871585386,2.9200477446155184,0.0,0.0,0.0
2781,691,672.6886,1081.4341,-0.0064738747,0.0,-0.0,0.0,0.0,0.0,-0.0032305714871585386,2.9200477446155184,0.0,0.0,0.0
2782,691,672.6886,1081.4341,-0.0064738747,0.0,-0.0,0.0,0.0,0.0,-0.0032305714871585386,2.9200477446155184,0.0,0.0,0.0
2783,691,672.6886,1081.4341,-0.0064738747,0.0,-0.0,0.0,0.0,0.0,-0.0032305714871585386,2.9200477446155184,0.0,0.0,0.0
2784,691,672.6886,1081.4341,-0.0064738747,0.0,-0.0,0.0,0.0,0.0,-0.0032305714871585386,2.9200477446155184,0.0,0.0,0.0
2785,691,672.6886,1081.4341,-0.0064738747,0.0,-0.0,0.0,0.0,0.0,-0.0032305714871585386,2.9200477446155184,0.0,0.0,0.0
2786,691,672.6886,1081.4341,-0.0064738747,0.0,-0.0,0.0,0.0,0.0,-0.0032305714871585386,2.9200477446155184,0.0,0.0,0.0
2787,691,672.6886,1081.4341,-0.0064738747,0.0,-0.0,0.0,0.0,0.0,-0.0032305714871585386,2.9200477446155184,0.0,0.0,0.0
2788,691,672.6886,1081.4341,-0.0064738747,0.0,-0.0,0.0,0.0,0.0,-0.0032305714871585386,2.9200477446155184,0.0,0.0,0.0
2789,691,672.6886,1081.4341,-0.0064738747,0.0,-0.0,0.0,0.0,0.0,-0.0032305714871585386,2.9200477446155184,0.0,0.0,0.0
2790,691,672.6886,1081.4341,-0.0064738747,0.0,-0.0,0.0,0.0,0.0,-0.0032305714871585386,2.9200477446155184,0.0,0.0,0.0
2791,691,672.6886,1081.4341,-0.0064738747,0.0,-0.0,0.0,0.0,0.0,-0.0032305714871585386,2.9200477446155184,0.0,0.0,0.0
2792,691,672.6886,1081.4341,-0.0064738747,0.0,-0.0,0.0,0.0,0.0,-0.0032305714871585386,2.9200477446155184,0.0,0.0,0.0
2793,691,672.6886,1081.4341,-0.0064738747,0.0,-0.0,0.0,0.0,0.0,-0.0032305714871585386,2.9200477446155184,0.0,0.0,0.0
2794,691,672.6886,1081.4341,-0.0064738747,0.0,-0.0,0.0,0.0,0.0,-0.0032305714871585386,2.9200477446155184,0.0,0.0,0.0
2795,691,672.6886,1081.4341,-0.0064738747,0.0,-0.0,0.0,0.0,0.0,-0.0032305714871585386,2.9200477446155184,0.0,0.0,0.0
2796,691,672.6886,1081.4341,-0.0064738747,0.0,-0.0,0.0,0.0,0.0,-0.0032305714871585386,2.9200477446155184,0.0,0.0,0.0
2797,691,672.6886,1081.4341,-0.0064738747,0.0,-0.0,0.0,0.0,0.0,-0.0032305714871585386,2.9200477446155184,0.0,0.0,0.0
2798,691,672.6886,1081.4341,-0.0064738747,0.0,-0.0,0.0,0.0,0.0,-0.0032305714871585386,2.9200477446155184,0.0,0.0,0.0
2799,691,672.6886,1081.4341,-0.0064738747,0.0,-0.0,0.0,0.0,0.0,-0.0032305714871585386,2.9200477446155184,0.0,0.0,0.0
2800,691,672.6886,1081.4341,-0.0064738747,0.0,-0.0,0.0,0.0,0.0,-0.0032305714871585386,2.9200477446155184,0.0,0.0,0.0
2801,691,672.6886,1081.4341,-0.0064738747,0.0,-0.0,0.0,0.0,0.0,-0.0032305714871585386,2.9200477446155184,0.0,0.0,0.0
2802,691,672.6886,1081.4341,-0.0064738747,0.0,-0.0,0.0,0.0,0.0,-0.0032305714871585386,2.9200477446155184,0.0,0.0,0.0
2803,691,672.6886,1081.4341,-0.0064738747,0.0,-0.0,0.0,0.0,0.0,-0.0032305714871585386,2.9200477446155184,0.0,0.0,0.0
2804,691,672.6886,1081.4341,-0.0064738747,0.0,-0.0,0.0,0.0,0.0,-0.0032305714871585386,2.9200477446155184,0.0,0.0,0.0
2805,691,672.6886,1081.4341,-0.0064738747,0.0,-0.0,0.0,0.0,0.0,-0.0032305714871585386,2.9200477446155184,0.0,0.0,0.0
2806,691,672.6886,1081.4341,-0.0064738747,0.0,-0.0,0.0,0.0,0.0,-0.0032305714871585386,2.9200477446155184,0.0,0.0,0.0
2807,691,672.6886,1081.4341,-0.0064738747,0.0,-0.0,0.0,0.0,0.0,-0.0032305714871585386,2.9200477446155184,0.0,0.0,0.0
2808,691,672.6886,1081.4341,-0.0064738747,0.0,-0.0,0.0,0.0,0.0,-0.0032305714871585386,2.9200477446155184,0.0,0.0,0.0
2809,691,672.6886,1081.4341,-0.0064738747,0.0,-0.0,0.0,0.0,0.0,-0.0032305714871585386,2.9200477446155184,0.0,0.0,0.0
2810,691,672.6886,1081.4341,-0.0064738747,0.0,-0.0,0.0,0.0,0.0,-0.0032305714871585386,2.9200477446155184,0.0,0.0,0.0
2811,691,672.6886,1081.4341,-0.0064738747,0.0,-0.0,0.0,0.0,0.0,-0.0032305714871585386,2.9200477446155184,0.0,0.0,0.0
2812,691,672.6886,1081.4341,-0.0064738747,0.0,-0.0,0.0,0.0,0.0,-0.0032305714871585386,2.9200477446155184,0.0,0.0,0.0
2813,691,672.6886,1081.4341,-0.0064738747,0.0,-0.0,0.0,0.0,0.0,-0.0032305714871585386,2.9200477446155184,0.0,0.0,0.0
2814,691,672.6886,1081.4341,-0.0064738747,0.0,-0.0,0.0,0.0,0.0,-0.0032305714871585386,2.9200477446155184,0.0,0.0,0.0
2815,691,672.6886,1081.4341,-0.0064738747,0.0,-0.0,0.0,0.0,0.0,-0.0032305714871585386,2.9200477446155184,0.0,0.0,0.0
2816,691,672.6886,1081.4341,-0.0064738747,0.0,-0.0,0.0,0.0,0.0,-0.0032305714871585386,2.9200477446155184,0.0,0.0,0.0
2817,691,672.6886,1081.4341,-0.0064738747,0.0,-0.0,0.0,0.0,0.0,-0.0032305714871585386,2.9200477446155184,0.0,0.0,0.0
2818,691,672.6886,1081.4341,-0.0064738747,0.0,-0.0,0.0,0.0,0.0,-0.0032305714871585386,2.9200477446155184,0.0,0.0,0.0
2819,691,672.6886,1081.4341,-0.0064738747,0.0,-0.0,0.0,0.0,0.0,-0.0032305714871585386,2.9200477446155184,0.0,0.0,0.0
2820,691,672.6886,1081.4341,-0.0064738747,0.0,-0.0,0.0,0.0,0.0,-0.0032305714871585386,2.9200477446155184,0.0,0.0,0.0
2821,691,672.6886,1081.4341,-0.0064738747,0.0,-0.0,0.0,0.0,0.0,-0.0032305714871585386,2.9200477446155184,0.0,0.0,0.0
2822,691,672.6886,1081.4341,-0.0064738747,0.0,-0.0,0.0,0.0,0.0,-0.0032305714871585386,2.9200477446155184,0.0,0.0,0.0
2823,691,672.6886,1081.4341,-0.0064738747,0.0,-0.0,0.0,0.0,0.0,-0.0032305714871585386,2.9200477446155184,0.0,0.0,0.0
2824,691,672.6886,1081.4341,-0.0064738747,0.0,-0.0,0.0,0.0,0.0,-0.0032305714871585386,2.9200477446155184,0.0,0.0,0.0
2825,691,672.6886,1081.4341,-0.0064738747,0.0,-0.0,0.0,0.0,0.0,-0.0032305714871585386,2.9200477446155184,0.0,0.0,0.0
2826,691,672.6886,1081.4341,-0.0064738747,0.0,-0.0,0.0,0.0,0.0,-0.0032305714871585386,2.9200477446155184,0.0,0.0,0.0
2827,691,672.6886,1081.4341,-0.0064738747,0.0,-0.0,0.0,0.0,0.0,-0.0032305714871585386,2.9200477446155184,0.0,0.0,0.0
2828,691,672.6886,1081.4341,-0.0064738747,0.0,-0.0,0.0,0.0,0.0,-0.0032305714871585386,2.9200477446155184,0.0,0.0,0.0
2829,691,672.6886,1081.4341,-0.0064738747,0.0,-0.0,0.0,0.0,0.0,-0.0032305714871585386,2.9200477446155184,0.0,0.0,0.0
2830,691,672.6886,1081.4341,-0.0064738747,0.0,-0.0,0.0,0.0,0.0,-0.0032305714871585386,2.9200477446155184,0.0,0.0,0.0
2831,691,672.6886,1081.4341,-0.0064738747,0.0,-0.0,0.0,0.0,0.0,-0.0032305714871585386,2.9200477446155184,0.0,0.0,0.0
2832,691,672.6886,1081.4341,-0.0064738747,0.0,-0.0,0.0,0.0,0.0,-0.0032305714871585386,2.9200477446155184,0.0,0.0,0.0
2833,691,672.6886,1081.4341,-0.0064738747,0.0,-0.0,0.0,0.0,0.0,-0.0032305714871585386,2.9200477446155184,0.0,0.0,0.0
2834,691,672.6886,1081.4341,-0.0064738747,0.0,-0.0,0.0,0.0,0.0,-0.0032305714871585386,2.9200477446155184,0.0,0.0,0.0
2835,691,672.6886,1081.4341,-0.0064738747,0.0,-0.0,0.0,0.0,0.0,-0.0032305714871585386,2.9200477446155184,0.0,0.0,0.0
2836,691,672.6886,1081.4341,-0.0064738747,0.0,-0.0,0.0,0.0,0.0,-0.0032305714871585386,2.9200477446155184,0.0,0.0,0.0
2837,691,672.6886,1081.4341,-0.0064738747,0.0,-0.0,0.0,0.0,0.0,-0.0032305714871585386,2.9200477446155184,0.0,0.0,0.0
2838,691,672.6886,1081.4341,-0.0064738747,0.0,-0.0,0.0,0.0,0.0,-0.0032305714871585386,2.9200477446155184,0.0,0.0,0.0
2839,691,672.6886,1081.4341,-0.0064738747,0.0,-0.0,0.0,0.0,0.0,-0.0032305714871585386,2.9200477446155184,0.0,0.0,0.0
2840,691,672.6886,1081.4341,-0.0064738747,0.0,-0.0,0.0,0.0,0.0,-0.0032305714871585386,2.9200477446155184,0.0,0.0,0.0
2841,691,672.6886,1081.4341,-0.0064738747,0.0,-0.0,0.0,0.0,0.0,-0.0032305714871585386,2.9200477446155184,0.0,0.0,0.0
2842,691,672.6886,1081.4341,-0.0064738747,0.0,-0.0,0.0,0.0,0.0,-0.0032305714871585386,2.9200477446155184,0.0,0.0,0.0
2843,691,672.6886,1081.4341,-0.0064738747,0.0,-0.0,0.0,0.0,0.0,-0.0032305714871585386,2.9200477446155184,0.0,0.0,0.0
2844,691,672.6886,1081.4341,-0.0064738747,0.0,-0.0,0.0,0.0,0.0,-0.0032305714871585386,2.9200477446155184,0.0,0.0,0.0
2845,691,672.6886,1081.4341,-0.0064738747,0.0,-0.0,0.0,0.0,0.0,-0.0032305714871585386,2.9200477446155184,0.0,0.0,0.0
2846,691,672.6886,1081.4341,-0.0064738747,0.0,-0.0,0.0,0.0,0.0,-0.0032305714871585386,2.9200477446155184,0.0,0.0,0.0
2847,691,672.6886,1081.4341,-0.0064738747,0.0,-0.0,0.0,0.0,0.0,-0.0032305714871585386,2.9200477446155184,0.0,0.0,0.0
2848,691,672.6886,1081.4341,-0.0064738747,0.0,-0.0,0.0,0.0,0.0,-0.0032305714871585386,2.9200477446155184,0.0,0.0,0.0
2849,691,672.6886,1081.4341,-0.0064738747,0.0,-0.0,0.0,0.0,0.0,-0.0032305714871585386,2.9200477446155184,0.0,0.0,0.0
2850,691,672.6886,1081.4341,-0.0064738747,0.0,-0.0,0.0,0.0,0.0,-0.0032305714871585386,2.9200477446155184,0.0,0.0,0.0
2851,691,672.6886,1081.4341,-0.0064738747,0.0,-0.0,0.0,0.0,0.0,-0.0032305714871585386,2.9200477446155184,0.0,0.0,0.0
2852,691,672.6886,1081.4341,-0.0064738747,0.0,-0.0,0.0,0.0,0.0,-0.0032305714871585386,2.9200477446155184,0.0,0.0,0.0
2853,691,672.6886,1081.4341,-0.0064738747,0.0,-0.0,0.0,0.0,0.0,-0.0032305714871585386,2.9200477446155184,0.0,0.0,0.0
2854,691,672.6886,1081.4341,-0.0064738747,0.0,-0.0,0.0,0.0,0.0,-0.0032305714871585386,2.9200477446155184,0.0,0.0,0.0
2855,691,672.6886,1081.4341,-0.0064738747,0.0,-0.0,0.0,0.0,0.0,-0.0032305714871585386,2.9200477446155184,0.0,0.0,0.0
2856,691,672.6886,1081.4341,-0.0064738747,0.0,-0.0,0.0,0.0,0.0,-0.0032305714871585386,2.9200477446155184,0.0,0.0,0.0
2857,691,672.6886,1081.4341,-0.0064738747,0.0,-0.0,0.0,0.0,0.0,-0.0032305714871585386,2.9200477446155184,0.0,0.0,0.0
2858,691,672.6886,1081.4341,-0.0064738747,0.0,-0.0,0.0,0.0,0.0,-0.0032305714871585386,2.9200477446155184,0.0,0.0,0.0
2859,691,672.6886,1081.4341,-0.0064738747,0.0,-0.0,0.0,0.0,0.0,-0.0032305714871585386,2.9200477446155184,0.0,0.0,0.0
2860,691,672.6886,1081.4341,-0.0064738747,0.0,-0.0,0.0,0.0,0.0,-0.0032305714871585386,2.9200477446155184,0.0,0.0,0.0
2861,691,672.6886,1081.4341,-0.0064738747,0.0,-0.0,0.0,0.0,0.0,-0.0032305714871585386,2.9200477446155184,0.0,0.0,0.0
2862,691,672.6886,1081.4341,-0.0064738747,0.0,-0.0,0.0,0.0,0.0,-0.0032305714871585386,2.9200477446155184,0.0,0.0,0.0
2863,691,672.6886,1081.4341,-0.0064738747,0.0,-0.0,0.0,0.0,0.0,-0.0032305714871585386,2.9200477446155184,0.0,0.0,0.0
2864,691,672.6886,1081.4341,-0.0064738747,0.0,-0.0,0.0,0.0,0.0,-0.0032305714871585386,2.9200477446155184,0.0,0.0,0.0
2865,691,672.6886,1081.4341,-0.0064738747,0.0,-0.0,0.0,0.0,0.0,-0.0032305714871585386,2.9200477446155184,0.0,0.0,0.0
2866,691,672.6886,1081.4341,-0.0064738747,0.0,-0.0,0.0,0.0,0.0,-0.0032305714871585386,2.9200477446155184,0.0,0.0,0.0
2867,691,672.6886,1081.4341,-0.0064738747,0.0,-0.0,0.0,0.0,0.0,-0.0032305714871585386,2.9200477446155184,0.0,0.0,0.0
2868,691,672.6886,1081.4341,-0.0064738747,0.0,-0.0,0.0,0.0,0.0,-0.0032305714871585386,2.9200477446155184,0.0,0.0,0.0
2869,691,672.6886,1081.4341,-0.0064738747,0.0,-0.0,0.0,0.0,0.0,-0.0032305714871585386,2.9200477446155184,0.0,0.0,0.0
2870,691,672.6886,1081.4341,-0.0064738747,0.0,-0.0,0.0,0.0,0.0,-0.0032305714871585386,2.9200477446155184,0.0,0.0,0.0
2871,691,672.6886,1081.4341,-0.0064738747,0.0,-0.0,0.0,0.0,0.0,-0.0032305714871585386,2.9200477446155184,0.0,0.0,0.0
2872,691,672.6886,1081.4341,-0.0064738747,0.0,-0.0,0.0,0.0,0.0,-0.0032305714871585386,2.9200477446155184,0.0,0.0,0.0
2873,691,672.6886,1081.4341,-0.0064738747,0.0,-0.0,0.0,0.0,0.0,-0.0032305714871585386,2.9200477446155184,0.0,0.0,0.0
2874,691,672.6886,1081.4341,-0.0064738747,0.0,-0.0,0.0,0.0,0.0,-0.0032305714871585386,2.9200477446155184,0.0,0.0,0.0
2875,691,672.6886,1081.4341,-0.0064738747,0.0,-0.0,0.0,0.0,0.0,-0.0032305714871585386,2.9200477446155184,0.0,0.0,0.0
2876,691,672.6886,1081.4341,-0.0064738747,0.0,-0.0,0.0,0.0,0.0,-0.0032305714871585386,2.9200477446155184,0.0,0.0,0.0
2877,691,672.6886,1081.4341,-0.0064738747,0.0,-0.0,0.0,0.0,0.0,-0.0032305714871585386,2.9200477446155184,0.0,0.0,0.0
2878,691,672.6886,1081.4341,-0.0064738747,0.0,-0.0,0.0,0.0,0.0,-0.0032305714871585386,2.9200477446155184,0.0,0.0,0.0
2879,691,672.6886,1081.4341,-0.0064738747,0.0,-0.0,0.0,0.0,0.0,-0.0032305714871585386,2.9200477446155184,0.0,0.0,0.0
2880,691,672.6886,1081.4341,-0.0064738747,0.0,-0.0,0.0,0.0,0.0,-0.0032305714871585386,2.9200477446155184,0.0,0.0,0.0
2881,691,672.6886,1081.4341,-0.0064738747,0.0,-0.0,0.0,0.0,0.0,-0.0032305714871585386,2.9200477446155184,0.0,0.0,0.0
2882,691,672.6886,1081.4341,-0.0064738747,0.0,-0.0,0.0,0.0,0.0,-0.0032305714871585386,2.9200477446155184,0.0,0.0,0.0
2883,691,672.6886,1081.4341,-0.0064738747,0.0,-0.0,0.0,0.0,0.0,-0.0032305714871585386,2.9200477446155184,0.0,0.0,0.0
2884,691,672.6886,1081.4341,-0.0064738747,0.0,-0.0,0.0,0.0,0.0,-0.0032305714871585386,2.9200477446155184,0.0,0.0,0.0
2885,691,672.6886,1081.4341,-0.0064738747,0.0,-0.0,0.0,0.0,0.0,-0.0032305714871585386,2.9200477446155184,0.0,0.0,0.0
2886,691,672.6886,1081.4341,-0.0064738747,0.0,-0.0,0.0,0.0,0.0,-0.0032305714871585386,2.9200477446155184,0.0,0.0,0.0
2887,691,672.6886,1081.4341,-0.0064738747,0.0,-0.0,0.0,0.0,0.0,-0.0032305714871585386,2.9200477446155184,0.0,0.0,0.0
2888,691,672.6886,1081.4341,-0.0064738747,0.0,-0.0,0.0,0.0,0.0,-0.0032305714871585386,2.9200477446155184,0.0,0.0,0.0
2889,691,672.6886,1081.4341,-0.0064738747,0.0,-0.0,0.0,0.0,0.0,-0.0032305714871585386,2.9200477446155184,0.0,0.0,0.0
2890,691,672.6886,1081.4341,-0.0064738747,0.0,-0.0,0.0,0.0,0.0,-0.0032305714871585386,2.9200477446155184,0.0,0.0,0.0
2891,691,672.6886,1081.4341,-0.0064738747,0.0,-0.0,0.0,0.0,0.0,-0.0032305714871585386,2.9200477446155184,0.0,0.0,0.0
2892,691,672.6886,1081.4341,-0.0064738747,0.0,-0.0,0.0,0.0,0.0,-0.0032305714871585386,2.9200477446155184,0.0,0.0,0.0
2893,691,672.6886,1081.4341,-0.0064738747,0.0,-0.0,0.0,0.0,0.0,-0.0032305714871585386,2.9200477446155184,0.0,0.0,0.0
2894,691,672.6886,1081.4341,-0.0064738747,0.0,-0.0,0.0,0.0,0.0,-0.0032305714871585386,2.9200477446155184,0.0,0.0,0.0
2895,691,672.6886,1081.4341,-0.0064738747,0.0,-0.0,0.0,0.0,0.0,-0.0032305714871585386,2.9200477446155184,0.0,0.0,0.0
2896,691,672.6886,1081.4341,-0.0064738747,0.0,-0.0,0.0,0.0,0.0,-0.0032305714871585386,2.9200477446155184,0.0,0.0,0.0
2897,691,672.6886,1081.4341,-0.0064738747,0.0,-0.0,0.0,0.0,0.0,-0.0032305714871585386,2.9200477446155184,0.0,0.0,0.0
2898,691,672.6886,1081.4341,-0.0064738747,0.0,-0.0,0.0,0.0,0.0,-0.0032305714871585386,2.9200477446155184,0.0,0.0,0.0
2899,691,672.6886,1081.4341,-0.0064738747,0.0,-0.0,0.0,0.0,0.0,-0.0032305714871585386,2.9200477446155184,0.0,0.0,0.0
2900,691,672.6886,1081.4341,-0.0064738747,0.0,-0.0,0.0,0.0,0.0,-0.0032305714871585386,2.9200477446155184,0.0,0.0,0.0
2901,691,672.6886,1081.4341,-0.0064738747,0.0,-0.0,0.0,0.0,0.0,-0.0032305714871585386,2.9200477446155184,0.0,0.0,0.0
2902,691,672.6886,1081.4341,-0.0064738747,0.0,-0.0,0.0,0.0,0.0,-0.0032305714871585386,2.9200477446155184,0.0,0.0,0.0
2903,691,672.6886,1081.4341,-0.0064738747,0.0,-0.0,0.0,0.0,0.0,-0.0032305714871585386,2.9200477446155184,0.0,0.0,0.0
2904,691,672.6886,1081.4341,-0.0064738747,0.0,-0.0,0.0,0.0,0.0,-0.0032305714871585386,2.9200477446155184,0.0,0.0,0.0
2905,691,672.6886,1081.4341,-0.0064738747,0.0,-0.0,0.0,0.0,0.0,-0.0032305714871585386,2.9200477446155184,0.0,0.0,0.0
2906,691,672.6886,1081.4341,-0.0064738747,0.0,-0.0,0.0,0.0,0.0,-0.0032305714871585386,2.9200477446155184,0.0,0.0,0.0
2907,691,672.6886,1081.4341,-0.0064738747,0.0,-0.0,0.0,0.0,0.0,-0.0032305714871585386,2.9200477446155184,0.0,0.0,0.0
2908,691,672.6886,1081.4341,-0.0064738747,0.0,-0.0,0.0,0.0,0.0,-0.0032305714871585386,2.9200477446155184,0.0,0.0,0.0
2909,691,672.6886,1081.4341,-0.0064738747,0.0,-0.0,0.0,0.0,0.0,-0.0032305714871585386,2.9200477446155184,0.0,0.0,0.0
2910,691,672.6886,1081.4341,-0.0064738747,0.0,-0.0,0.0,0.0,0.0,-0.0032305714871585386,2.9200477446155184,0.0,0.0,0.0
2911,691,672.6886,1081.4341,-0.0064738747,0.0,-0.0,0.0,0.0,0.0,-0.0032305714871585386,2.9200477446155184,0.0,0.0,0.0
2912,691,672.6886,1081.4341,-0.0064738747,0.0,-0.0,0.0,0.0,0.0,-0.0032305714871585386,2.9200477446155184,0.0,0.0,0.0
2913,691,672.6886,1081.4341,-0.0064738747,0.0,-0.0,0.0,0.0,0.0,-0.0032305714871585386,2.9200477446155184,0.0,0.0,0.0
2914,691,672.6886,1081.4341,-0.0064738747,0.0,-0.0,0.0,0.0,0.0,-0.0032305714871585386,2.9200477446155184,0.0,0.0,0.0
2915,691,672.6886,1081.4341,-0.0064738747,0.0,-0.0,0.0,0.0,0.0,-0.0032305714871585386,2.9200477446155184,0.0,0.0,0.0
2916,691,672.6886,1081.4341,-0.0064738747,0.0,-0.0,0.0,0.0,0.0,-0.0032305714871585386,2.9200477446155184,0.0,0.0,0.0
2917,691,672.6886,1081.4341,-0.0064738747,0.0,-0.0,0.0,0.0,0.0,-0.0032305714871585386,2.9200477446155184,0.0,0.0,0.0
2918,691,672.6886,1081.4341,-0.0064738747,0.0,-0.0,0.0,0.0,0.0,-0.0032305714871585386,2.9200477446155184,0.0,0.0,0.0
2919,691,672.6886,1081.4341,-0.0064738747,0.0,-0.0,0.0,0.0,0.0,-0.0032305714871585386,2.9200477446155184,0.0,0.0,0.0
2920,691,672.6886,1081.4341,-0.0064738747,0.0,-0.0,0.0,0.0,0.0,-0.0032305714871585386,2.9200477446155184,0.0,0.0,0.0
2921,691,672.6886,1081.4341,-0.0064738747,0.0,-0.0,0.0,0.0,0.0,-0.0032305714871585386,2.9200477446155184,0.0,0.0,0.0
2922,691,672.6886,1081.4341,-0.0064738747,0.0,-0.0,0.0,0.0,0.0,-0.0032305714871585386,2.9200477446155184,0.0,0.0,0.0
2923,691,672.6886,1081.4341,-0.0064738747,0.0,-0.0,0.0,0.0,0.0,-0.0032305714871585386,2.9200477446155184,0.0,0.0,0.0
2924,691,672.6886,1081.4341,-0.0064738747,0.0,-0.0,0.0,0.0,0.0,-0.0032305714871585386,2.9200477446155184,0.0,0.0,0.0
2925,691,672.6886,1081.4341,-0.0064738747,0.0,-0.0,0.0,0.0,0.0,-0.0032305714871585386,2.9200477446155184,0.0,0.0,0.0
2926,691,672.6886,1081.4341,-0.0064738747,0.0,-0.0,0.0,0.0,0.0,-0.0032305714871585386,2.9200477446155184,0.0,0.0,0.0
2927,691,672.6886,1081.4341,-0.0064738747,0.0,-0.0,0.0,0.0,0.0,-0.0032305714871585386,2.9200477446155184,0.0,0.0,0.0
2928,691,672.6886,1081.4341,-0.0064738747,0.0,-0.0,0.0,0.0,0.0,-0.0032305714871585386,2.9200477446155184,0.0,0.0,0.0
2929,691,672.6886,1081.4341,-0.0064738747,0.0,-0.0,0.0,0.0,0.0,-0.0032305714871585386,2.9200477446155184,0.0,0.0,0.0
2930,691,672.6886,1081.4341,-0.0064738747,0.0,-0.0,0.0,0.0,0.0,-0.0032305714871585386,2.9200477446155184,0.0,0.0,0.0
2931,691,672.6886,1081.4341,-0.0064738747,0.0,-0.0,0.0,0.0,0.0,-0.0032305714871585386,2.9200477446155184,0.0,0.0,0.0
2932,691,672.6886,1081.4341,-0.0064738747,0.0,-0.0,0.0,0.0,0.0,-0.0032305714871585386,2.9200477446155184,0.0,0.0,0.0
2933,691,672.6886,1081.4341,-0.0064738747,0.0,-0.0,0.0,0.0,0.0,-0.0032305714871585386,2.9200477446155184,0.0,0.0,0.0
2934,691,672.6886,1081.4341,-0.0064738747,0.0,-0.0,0.0,0.0,0.0,-0.0032305714871585386,2.9200477446155184,0.0,0.0,0.0
2935,691,672.6886,1081.4341,-0.0064738747,0.0,-0.0,0.0,0.0,0.0,-0.0032305714871585386,2.9200477446155184,0.0,0.0,0.0
2936,691,672.6886,1081.4341,-0.0064738747,0.0,-0.0,0.0,0.0,0.0,-0.0032305714871585386,2.9200477446155184,0.0,0.0,0.0
2937,691,672.6886,1081.4341,-0.0064738747,0.0,-0.0,0.0,0.0,0.0,-0.0032305714871585386,2.9200477446155184,0.0,0.0,0.0
2938,691,672.6886,1081.4341,-0.0064738747,0.0,-0.0,0.0,0.0,0.0,-0.0032305714871585386,2.9200477446155184,0.0,0.0,0.0
2939,691,672.6886,1081.4341,-0.0064738747,0.0,-0.0,0.0,0.0,0.0,-0.0032305714871585386,2.9200477446155184,0.0,0.0,0.0
2940,691,672.6886,1081.4341,-0.0064738747,0.0,-0.0,0.0,0.0,0.0,-0.0032305714871585386,2.9200477446155184,0.0,0.0,0.0
2941,691,672.6886,1081.4341,-0.0064738747,0.0,-0.0,0.0,0.0,0.0,-0.0032305714871585386,2.9200477446155184,0.0,0.0,0.0
2942,691,672.6886,1081.4341,-0.0064738747,0.0,-0.0,0.0,0.0,0.0,-0.0032305714871585386,2.9200477446155184,0.0,0.0,0.0
2943,691,672.6886,1081.4341,-0.0064738747,0.0,-0.0,0.0,0.0,0.0,-0.0032305714871585386,2.9200477446155184,0.0,0.0,0.0
2944,691,672.6886,1081.4341,-0.0064738747,0.0,-0.0,0.0,0.0,0.0,-0.0032305714871585386,2.9200477446155184,0.0,0.0,0.0
2945,691,672.6886,1081.4341,-0.0064738747,0.0,-0.0,0.0,0.0,0.0,-0.0032305714871585386,2.9200477446155184,0.0,0.0,0.0
2946,691,672.6886,1081.4341,-0.0064738747,0.0,-0.0,0.0,0.0,0.0,-0.0032305714871585386,2.9200477446155184,0.0,0.0,0.0
2947,691,672.6886,1081.4341,-0.0064738747,0.0,-0.0,0.0,0.0,0.0,-0.0032305714871585386,2.9200477446155184,0.0,0.0,0.0
2948,691,672.6886,1081.4341,-0.0064738747,0.0,-0.0,0.0,0.0,0.0,-0.0032305714871585386,2.9200477446155184,0.0,0.0,0.0
2949,691,672.6886,1081.4341,-0.0064738747,0.0,-0.0,0.0,0.0,0.0,-0.0032305714871585386,2.9200477446155184,0.0,0.0,0.0
2950,691,672.6886,1081.4341,-0.0064738747,0.0,-0.0,0.0,0.0,0.0,-0.0032305714871585386,2.9200477446155184,0.0,0.0,0.0
2951,691,672.6886,1081.4341,-0.0064738747,0.0,-0.0,0.0,0.0,0.0,-0.0032305714871585386,2.9200477446155184,0.0,0.0,0.0
2952,691,672.6886,1081.4341,-0.0064738747,0.0,-0.0,0.0,0.0,0.0,-0.0032305714871585386,2.9200477446155184,0.0,0.0,0.0
2953,691,672.6886,1081.4341,-0.0064738747,0.0,-0.0,0.0,0.0,0.0,-0.0032305714871585386,2.9200477446155184,0.0,0.0,0.0
2954,691,672.6886,1081.4341,-0.0064738747,0.0,-0.0,0.0,0.0,0.0,-0.0032305714871585386,2.9200477446155184,0.0,0.0,0.0
2955,691,672.6886,1081.4341,-0.0064738747,0.0,-0.0,0.0,0.0,0.0,-0.0032305714871585386,2.9200477446155184,0.0,0.0,0.0
2956,691,672.6886,1081.4341,-0.0064738747,0.0,-0.0,0.0,0.0,0.0,-0.0032305714871585386,2.9200477446155184,0.0,0.0,0.0
2957,691,672.6886,1081.4341,-0.0064738747,0.0,-0.0,0.0,0.0,0.0,-0.0032305714871585386,2.9200477446155184,0.0,0.0,0.0
2958,691,672.6886,1081.4341,-0.0064738747,0.0,-0.0,0.0,0.0,0.0,-0.0032305714871585386,2.9200477446155184,0.0,0.0,0.0
2959,691,672.6886,1081.4341,-0.0064738747,0.0,-0.0,0.0,0.0,0.0,-0.0032305714871585386,2.9200477446155184,0.0,0.0,0.0
2960,691,672.6886,1081.4341,-0.0064738747,0.0,-0.0,0.0,0.0,0.0,-0.0032305714871585386,2.9200477446155184,0.0,0.0,0.0
2961,691,672.6886,1081.4341,-0.0064738747,0.0,-0.0,0.0,0.0,0.0,-0.0032305714871585386,2.9200477446155184,0.0,0.0,0.0
2962,691,672.6886,1081.4341,-0.0064738747,0.0,-0.0,0.0,0.0,0.0,-0.0032305714871585386,2.9200477446155184,0.0,0.0,0.0
2963,691,672.6886,1081.4341,-0.0064738747,0.0,-0.0,0.0,0.0,0.0,-0.0032305714871585386,2.9200477446155184,0.0,0.0,0.0
2964,691,672.6886,1081.4341,-0.0064738747,0.0,-0.0,0.0,0.0,0.0,-0.0032305714871585386,2.9200477446155184,0.0,0.0,0.0
2965,691,672.6886,1081.4341,-0.0064738747,0.0,-0.0,0.0,0.0,0.0,-0.0032305714871585386,2.9200477446155184,0.0,0.0,0.0
2966,691,672.6886,1081.4341,-0.0064738747,0.0,-0.0,0.0,0.0,0.0,-0.0032305714871585386,2.9200477446155184,0.0,0.0,0.0
2967,691,672.6886,1081.4341,-0.0064738747,0.0,-0.0,0.0,0.0,0.0,-0.0032305714871585386,2.9200477446155184,0.0,0.0,0.0
2968,691,672.6886,1081.4341,-0.0064738747,0.0,-0.0,0.0,0.0,0.0,-0.0032305714871585386,2.9200477446155184,0.0,0.0,0.0
2969,691,672.6886,1081.4341,-0.0064738747,0.0,-0.0,0.0,0.0,0.0,-0.0032305714871585386,2.9200477446155184,0.0,0.0,0.0
2970,691,672.6886,1081.4341,-0.0064738747,0.0,-0.0,0.0,0.0,0.0,-0.0032305714871585386,2.9200477446155184,0.0,0.0,0.0
2971,691,672.6886,1081.4341,-0.0064738747,0.0,-0.0,0.0,0.0,0.0,-0.0032305714871585386,2.9200477446155184,0.0,0.0,0.0
2972,691,672.6886,1081.4341,-0.0064738747,0.0,-0.0,0.0,0.0,0.0,-0.0032305714871585386,2.9200477446155184,0.0,0.0,0.0
2973,691,672.6886,1081.4341,-0.0064738747,0.0,-0.0,0.0,0.0,0.0,-0.0032305714871585386,2.9200477446155184,0.0,0.0,0.0
2974,691,672.6886,1081.4341,-0.0064738747,0.0,-0.0,0.0,0.0,0.0,-0.0032305714871585386,2.9200477446155184,0.0,0.0,0.0
2975,691,672.6886,1081.4341,-0.0064738747,0.0,-0.0,0.0,0.0,0.0,-0.0032305714871585386,2.9200477446155184,0.0,0.0,0.0
2976,691,672.6886,1081.4341,-0.0064738747,0.0,-0.0,0.0,0.0,0.0,-0.0032305714871585386,2.9200477446155184,0.0,0.0,0.0
2977,691,672.6886,1081.4341,-0.0064738747,0.0,-0.0,0.0,0.0,0.0,-0.0032305714871585386,2.9200477446155184,0.0,0.0,0.0
2978,691,672.6886,1081.4341,-0.0064738747,0.0,-0.0,0.0,0.0,0.0,-0.0032305714871585386,2.9200477446155184,0.0,0.0,0.0
2979,691,672.6886,1081.4341,-0.0064738747,0.0,-0.0,0.0,0.0,0.0,-0.0032305714871585386,2.9200477446155184,0.0,0.0,0.0
2980,691,672.6886,1081.4341,-0.0064738747,0.0,-0.0,0.0,0.0,0.0,-0.0032305714871585386,2.9200477446155184,0.0,0.0,0.0
2981,691,672.6886,1081.4341,-0.0064738747,0.0,-0.0,0.0,0.0,0.0,-0.0032305714871585386,2.9200477446155184,0.0,0.0,0.0
2982,691,672.6886,1081.4341,-0.0064738747,0.0,-0.0,0.0,0.0,0.0,-0.0032305714871585386,2.9200477446155184,0.0,0.0,0.0
2983,691,672.6886,1081.4341,-0.0064738747,0.0,-0.0,0.0,0.0,0.0,-0.0032305714871585386,2.9200477446155184,0.0,0.0,0.0
2984,691,672.6886,1081.4341,-0.0064738747,0.0,-0.0,0.0,0.0,0.0,-0.0032305714871585386,2.9200477446155184,0.0,0.0,0.0
2985,691,672.6886,1081.4341,-0.0064738747,0.0,-0.0,0.0,0.0,0.0,-0.0032305714871585386,2.9200477446155184,0.0,0.0,0.0
2986,691,672.6886,1081.4341,-0.0064738747,0.0,-0.0,0.0,0.0,0.0,-0.0032305714871585386,2.9200477446155184,0.0,0.0,0.0
2987,691,672.6886,1081.4341,-0.0064738747,0.0,-0.0,0.0,0.0,0.0,-0.0032305714871585386,2.9200477446155184,0.0,0.0,0.0
2988,691,672.6886,1081.4341,-0.0064738747,0.0,-0.0,0.0,0.0,0.0,-0.0032305714871585386,2.9200477446155184,0.0,0.0,0.0
2989,691,672.6886,1081.4341,-0.0064738747,0.0,-0.0,0.0,0.0,0.0,-0.0032305714871585386,2.9200477446155184,0.0,0.0,0.0
2990,691,672.6886,1081.4341,-0.0064738747,0.0,-0.0,0.0,0.0,0.0,-0.0032305714871585386,2.9200477446155184,0.0,0.0,0.0
2991,691,672.6886,1081.4341,-0.0064738747,0.0,-0.0,0.0,0.0,0.0,-0.0032305714871585386,2.9200477446155184,0.0,0.0,0.0
2992,691,672.6886,1081.4341,-0.0064738747,0.0,-0.0,0.0,0.0,0.0,-0.0032305714871585386,2.9200477446155184,0.0,0.0,0.0
2993,691,672.6886,1081.4341,-0.0064738747,0.0,-0.0,0.0,0.0,0.0,-0.0032305714871585386,2.9200477446155184,0.0,0.0,0.0
2994,691,672.6886,1081.4341,-0.0064738747,0.0,-0.0,0.0,0.0,0.0,-0.0032305714871585386,2.9200477446155184,0.0,0.0,0.0
2995,691,672.6886,1081.4341,-0.0064738747,0.0,-0.0,0.0,0.0,0.0,-0.0032305714871585386,2.9200477446155184,0.0,0.0,0.0
2996,691,672.6886,1081.4341,-0.0064738747,0.0,-0.0,0.0,0.0,0.0,-0.0032305714871585386,2.9200477446155184,0.0,0.0,0.0
2997,691,672.6886,1081.4341,-0.0064738747,0.0,-0.0,0.0,0.0,0.0,-0.0032305714871585386,2.9200477446155184,0.0,0.0,0.0
2998,691,672.6886,1081.4341,-0.0064738747,0.0,-0.0,0.0,0.0,0.0,-0.0032305714871585386,2.9200477446155184,0.0,0.0,0.0
2999,691,672.6886,1081.4341,-0.0064738747,0.0,-0.0,0.0,0.0,0.0,-0.0032305714871585386,2.9200477446155184,0.0,0.0,0.0
3000,691,672.6886,1081.4341,-0.0064738747,0.0,-0.0,0.0,0.0,0.0,-0.0032305714871585386,2.9200477446155184,0.0,0.0,0.0
3001,691,672.6886,1081.4341,-0.0064738747,0.0,-0.0,0.0,0.0,0.0,-0.0032305714871585386,2.9200477446155184,0.0,0.0,0.0
3002,691,672.6886,1081.4341,-0.0064738747,0.0,-0.0,0.0,0.0,0.0,-0.0032305714871585386,2.9200477446155184,0.0,0.0,0.0
3003,691,672.6886,1081.4341,-0.0064738747,0.0,-0.0,0.0,0.0,0.0,-0.0032305714871585386,2.9200477446155184,0.0,0.0,0.0
3004,691,672.6886,1081.4341,-0.0064738747,0.0,-0.0,0.0,0.0,0.0,-0.0032305714871585386,2.9200477446155184,0.0,0.0,0.0
3005,691,672.6886,1081.4341,-0.0064738747,0.0,-0.0,0.0,0.0,0.0,-0.0032305714871585386,2.9200477446155184,0.0,0.0,0.0
3006,691,672.6886,1081.4341,-0.0064738747,0.0,-0.0,0.0,0.0,0.0,-0.0032305714871585386,2.9200477446155184,0.0,0.0,0.0
3007,691,672.6886,1081.4341,-0.0064738747,0.0,-0.0,0.0,0.0,0.0,-0.0032305714871585386,2.9200477446155184,0.0,0.0,0.0
3008,691,672.6886,1081.4341,-0.0064738747,0.0,-0.0,0.0,0.0,0.0,-0.0032305714871585386,2.9200477446155184,0.0,0.0,0.0
3009,691,672.6886,1081.4341,-0.0064738747,0.0,-0.0,0.0,0.0,0.0,-0.0032305714871585386,2.9200477446155184,0.0,0.0,0.0
3010,691,672.6886,1081.4341,-0.0064738747,0.0,-0.0,0.0,0.0,0.0,-0.0032305714871585386,2.9200477446155184,0.0,0.0,0.0
3011,691,672.6886,1081.4341,-0.0064738747,0.0,-0.0,0.0,0.0,0.0,-0.0032305714871585386,2.9200477446155184,0.0,0.0,0.0
3012,691,672.6886,1081.4341,-0.0064738747,0.0,-0.0,0.0,0.0,0.0,-0.0032305714871585386,2.9200477446155184,0.0,0.0,0.0
3013,691,672.6886,1081.4341,-0.0064738747,0.0,-0.0,0.0,0.0,0.0,-0.0032305714871585386,2.9200477446155184,0.0,0.0,0.0
3014,691,672.6886,1081.4341,-0.0064738747,0.0,-0.0,0.0,0.0,0.0,-0.0032305714871585386,2.9200477446155184,0.0,0.0,0.0
3015,691,672.6886,1081.4341,-0.0064738747,0.0,-0.0,0.0,0.0,0.0,-0.0032305714871585386,2.9200477446155184,0.0,0.0,0.0
3016,691,672.6886,1081.4341,-0.0064738747,0.0,-0.0,0.0,0.0,0.0,-0.0032305714871585386,2.9200477446155184,0.0,0.0,0.0
3017,691,672.6886,1081.4341,-0.0064738747,0.0,-0.0,0.0,0.0,0.0,-0.0032305714871585386,2.9200477446155184,0.0,0.0,0.0
3018,691,672.6886,1081.4341,-0.0064738747,0.0,-0.0,0.0,0.0,0.0,-0.0032305714871585386,2.9200477446155184,0.0,0.0,0.0
3019,691,672.6886,1081.4341,-0.0064738747,0.0,-0.0,0.0,0.0,0.0,-0.0032305714871585386,2.9200477446155184,0.0,0.0,0.0
3020,691,672.6886,1081.4341,-0.0064738747,0.0,-0.0,0.0,0.0,0.0,-0.0032305714871585386,2.9200477446155184,0.0,0.0,0.0
3021,691,672.6886,1081.4341,-0.0064738747,0.0,-0.0,0.0,0.0,0.0,-0.0032305714871585386,2.9200477446155184,0.0,0.0,0.0
3022,691,672.6886,1081.4341,-0.0064738747,0.0,-0.0,0.0,0.0,0.0,-0.0032305714871585386,2.9200477446155184,0.0,0.0,0.0
3023,691,672.6886,1081.4341,-0.0064738747,0.0,-0.0,0.0,0.0,0.0,-0.0032305714871585386,2.9200477446155184,0.0,0.0,0.0
3024,691,672.6886,1081.4341,-0.0064738747,0.0,-0.0,0.0,0.0,0.0,-0.0032305714871585386,2.9200477446155184,0.0,0.0,0.0
3025,691,672.6886,1081.4341,-0.0064738747,0.0,-0.0,0.0,0.0,0.0,-0.0032305714871585386,2.9200477446155184,0.0,0.0,0.0
3026,691,672.6886,1081.4341,-0.0064738747,0.0,-0.0,0.0,0.0,0.0,-0.0032305714871585386,2.9200477446155184,0.0,0.0,0.0
3027,691,672.6886,1081.4341,-0.0064738747,0.0,-0.0,0.0,0.0,0.0,-0.0032305714871585386,2.9200477446155184,0.0,0.0,0.0
3028,691,672.6886,1081.4341,-0.0064738747,0.0,-0.0,0.0,0.0,0.0,-0.0032305714871585386,2.9200477446155184,0.0,0.0,0.0
3029,691,672.6886,1081.4341,-0.0064738747,0.0,-0.0,0.0,0.0,0.0,-0.0032305714871585386,2.9200477446155184,0.0,0.0,0.0
3030,691,672.6886,1081.4341,-0.0064738747,0.0,-0.0,0.0,0.0,0.0,-0.0032305714871585386,2.9200477446155184,0.0,0.0,0.0
3031,691,672.6886,1081.4341,-0.0064738747,0.0,-0.0,0.0,0.0,0.0,-0.0032305714871585386,2.9200477446155184,0.0,0.0,0.0
3032,691,672.6886,1081.4341,-0.0064738747,0.0,-0.0,0.0,0.0,0.0,-0.0032305714871585386,2.9200477446155184,0.0,0.0,0.0
3033,691,672.6886,1081.4341,-0.0064738747,0.0,-0.0,0.0,0.0,0.0,-0.0032305714871585386,2.9200477446155184,0.0,0.0,0.0
3034,691,672.6886,1081.4341,-0.0064738747,0.0,-0.0,0.0,0.0,0.0,-0.0032305714871585386,2.9200477446155184,0.0,0.0,0.0
3035,691,672.6886,1081.4341,-0.0064738747,0.0,-0.0,0.0,0.0,0.0,-0.0032305714871585386,2.9200477446155184,0.0,0.0,0.0
3036,691,672.6886,1081.4341,-0.0064738747,0.0,-0.0,0.0,0.0,0.0,-0.0032305714871585386,2.9200477446155184,0.0,0.0,0.0
3037,691,672.6886,1081.4341,-0.0064738747,0.0,-0.0,0.0,0.0,0.0,-0.0032305714871585386,2.9200477446155184,0.0,0.0,0.0
3038,691,672.6886,1081.4341,-0.0064738747,0.0,-0.0,0.0,0.0,0.0,-0.0032305714871585386,2.9200477446155184,0.0,0.0,0.0
3039,691,672.6886,1081.4341,-0.0064738747,0.0,-0.0,0.0,0.0,0.0,-0.0032305714871585386,2.9200477446155184,0.0,0.0,0.0
3040,691,672.6886,1081.4341,-0.0064738747,0.0,-0.0,0.0,0.0,0.0,-0.0032305714871585386,2.9200477446155184,0.0,0.0,0.0
3041,691,672.6886,1081.4341,-0.0064738747,0.0,-0.0,0.0,0.0,0.0,-0.0032305714871585386,2.9200477446155184,0.0,0.0,0.0
3042,691,672.6886,1081.4341,-0.0064738747,0.0,-0.0,0.0,0.0,0.0,-0.0032305714871585386,2.9200477446155184,0.0,0.0,0.0
3043,691,672.6886,1081.4341,-0.0064738747,0.0,-0.0,0.0,0.0,0.0,-0.0032305714871585386,2.9200477446155184,0.0,0.0,0.0
3044,691,672.6886,1081.4341,-0.0064738747,0.0,-0.0,0.0,0.0,0.0,-0.0032305714871585386,2.9200477446155184,0.0,0.0,0.0
3045,691,672.6886,1081.4341,-0.0064738747,0.0,-0.0,0.0,0.0,0.0,-0.0032305714871585386,2.9200477446155184,0.0,0.0,0.0
3046,691,672.6886,1081.4341,-0.0064738747,0.0,-0.0,0.0,0.0,0.0,-0.0032305714871585386,2.9200477446155184,0.0,0.0,0.0
3047,691,672.6886,1081.4341,-0.0064738747,0.0,-0.0,0.0,0.0,0.0,-0.0032305714871585386,2.9200477446155184,0.0,0.0,0.0
3048,691,672.6886,1081.4341,-0.0064738747,0.0,-0.0,0.0,0.0,0.0,-0.0032305714871585386,2.9200477446155184,0.0,0.0,0.0
3049,691,672.6886,1081.4341,-0.0064738747,0.0,-0.0,0.0,0.0,0.0,-0.0032305714871585386,2.9200477446155184,0.0,0.0,0.0
3050,691,672.6886,1081.4341,-0.0064738747,0.0,-0.0,0.0,0.0,0.0,-0.0032305714871585386,2.9200477446155184,0.0,0.0,0.0
3051,691,672.6886,1081.4341,-0.0064738747,0.0,-0.0,0.0,0.0,0.0,-0.0032305714871585386,2.9200477446155184,0.0,0.0,0.0
3052,691,672.6886,1081.4341,-0.0064738747,0.0,-0.0,0.0,0.0,0.0,-0.0032305714871585386,2.9200477446155184,0.0,0.0,0.0
3053,691,672.6886,1081.4341,-0.0064738747,0.0,-0.0,0.0,0.0,0.0,-0.0032305714871585386,2.9200477446155184,0.0,0.0,0.0
3054,691,672.6886,1081.4341,-0.0064738747,0.0,-0.0,0.0,0.0,0.0,-0.0032305714871585386,2.9200477446155184,0.0,0.0,0.0
3055,691,672.6886,1081.4341,-0.0064738747,0.0,-0.0,0.0,0.0,0.0,-0.0032305714871585386,2.9200477446155184,0.0,0.0,0.0
3056,691,672.6886,1081.4341,-0.0064738747,0.0,-0.0,0.0,0.0,0.0,-0.0032305714871585386,2.9200477446155184,0.0,0.0,0.0
3057,691,672.6886,1081.4341,-0.0064738747,0.0,-0.0,0.0,0.0,0.0,-0.0032305714871585386,2.9200477446155184,0.0,0.0,0.0
3058,691,672.6886,1081.4341,-0.0064738747,0.0,-0.0,0.0,0.0,0.0,-0.0032305714871585386,2.9200477446155184,0.0,0.0,0.0
3059,691,672.6886,1081.4341,-0.0064738747,0.0,-0.0,0.0,0.0,0.0,-0.0032305714871585386,2.9200477446155184,0.0,0.0,0.0
3060,691,672.6886,1081.4341,-0.0064738747,0.0,-0.0,0.0,0.0,0.0,-0.0032305714871585386,2.9200477446155184,0.0,0.0,0.0
3061,691,672.6886,1081.4341,-0.0064738747,0.0,-0.0,0.0,0.0,0.0,-0.0032305714871585386,2.9200477446155184,0.0,0.0,0.0
3062,691,672.6886,1081.4341,-0.0064738747,0.0,-0.0,0.0,0.0,0.0,-0.0032305714871585386,2.9200477446155184,0.0,0.0,0.0
3063,691,672.6886,1081.4341,-0.0064738747,0.0,-0.0,0.0,0.0,0.0,-0.0032305714871585386,2.9200477446155184,0.0,0.0,0.0
3064,691,672.6886,1081.4341,-0.0064738747,0.0,-0.0,0.0,0.0,0.0,-0.0032305714871585386,2.9200477446155184,0.0,0.0,0.0
3065,691,672.6886,1081.4341,-0.0064738747,0.0,-0.0,0.0,0.0,0.0,-0.0032305714871585386,2.9200477446155184,0.0,0.0,0.0
3066,691,672.6886,1081.4341,-0.0064738747,0.0,-0.0,0.0,0.0,0.0,-0.0032305714871585386,2.9200477446155184,0.0,0.0,0.0
3067,691,672.6886,1081.4341,-0.0064738747,0.0,-0.0,0.0,0.0,0.0,-0.0032305714871585386,2.9200477446155184,0.0,0.0,0.0
3068,691,672.6886,1081.4341,-0.0064738747,0.0,-0.0,0.0,0.0,0.0,-0.0032305714871585386,2.9200477446155184,0.0,0.0,0.0
3069,691,672.6886,1081.4341,-0.0064738747,0.0,-0.0,0.0,0.0,0.0,-0.0032305714871585386,2.9200477446155184,0.0,0.0,0.0
3070,691,672.6886,1081.4341,-0.0064738747,0.0,-0.0,0.0,0.0,0.0,-0.0032305714871585386,2.9200477446155184,0.0,0.0,0.0
3071,691,672.6886,1081.4341,-0.0064738747,0.0,-0.0,0.0,0.0,0.0,-0.0032305714871585386,2.9200477446155184,0.0,0.0,0.0
3072,691,672.6886,1081.4341,-0.0064738747,0.0,-0.0,0.0,0.0,0.0,-0.0032305714871585386,2.9200477446155184,0.0,0.0,0.0
3073,691,672.6886,1081.4341,-0.0064738747,0.0,-0.0,0.0,0.0,0.0,-0.0032305714871585386,2.9200477446155184,0.0,0.0,0.0
3074,691,672.6886,1081.4341,-0.0064738747,0.0,-0.0,0.0,0.0,0.0,-0.0032305714871585386,2.9200477446155184,0.0,0.0,0.0
3075,691,672.6886,1081.4341,-0.0064738747,0.0,-0.0,0.0,0.0,0.0,-0.0032305714871585386,2.9200477446155184,0.0,0.0,0.0
3076,691,672.6886,1081.4341,-0.0064738747,0.0,-0.0,0.0,0.0,0.0,-0.0032305714871585386,2.9200477446155184,0.0,0.0,0.0
3077,691,672.6886,1081.4341,-0.0064738747,0.0,-0.0,0.0,0.0,0.0,-0.0032305714871585386,2.9200477446155184,0.0,0.0,0.0
3078,691,672.6886,1081.4341,-0.0064738747,0.0,-0.0,0.0,0.0,0.0,-0.0032305714871585386,2.9200477446155184,0.0,0.0,0.0
3079,691,672.6886,1081.4341,-0.0064738747,0.0,-0.0,0.0,0.0,0.0,-0.0032305714871585386,2.9200477446155184,0.0,0.0,0.0
3080,691,672.6886,1081.4341,-0.0064738747,0.0,-0.0,0.0,0.0,0.0,-0.0032305714871585386,2.9200477446155184,0.0,0.0,0.0
3081,691,672.6886,1081.4341,-0.0064738747,0.0,-0.0,0.0,0.0,0.0,-0.0032305714871585386,2.9200477446155184,0.0,0.0,0.0
3082,691,672.6886,1081.4341,-0.0064738747,0.0,-0.0,0.0,0.0,0.0,-0.0032305714871585386,2.9200477446155184,0.0,0.0,0.0
3083,691,672.6886,1081.4341,-0.0064738747,0.0,-0.0,0.0,0.0,0.0,-0.0032305714871585386,2.9200477446155184,0.0,0.0,0.0
3084,691,672.6886,1081.4341,-0.0064738747,0.0,-0.0,0.0,0.0,0.0,-0.0032305714871585386,2.9200477446155184,0.0,0.0,0.0
3085,691,672.6886,1081.4341,-0.0064738747,0.0,-0.0,0.0,0.0,0.0,-0.0032305714871585386,2.9200477446155184,0.0,0.0,0.0
3086,691,672.6886,1081.4341,-0.0064738747,0.0,-0.0,0.0,0.0,0.0,-0.0032305714871585386,2.9200477446155184,0.0,0.0,0.0
3087,691,672.6886,1081.4341,-0.0064738747,0.0,-0.0,0.0,0.0,0.0,-0.0032305714871585386,2.9200477446155184,0.0,0.0,0.0
3088,691,672.6886,1081.4341,-0.0064738747,0.0,-0.0,0.0,0.0,0.0,-0.0032305714871585386,2.9200477446155184,0.0,0.0,0.0
3089,691,672.6886,1081.4341,-0.0064738747,0.0,-0.0,0.0,0.0,0.0,-0.0032305714871585386,2.9200477446155184,0.0,0.0,0.0
3090,691,672.6886,1081.4341,-0.0064738747,0.0,-0.0,0.0,0.0,0.0,-0.0032305714871585386,2.9200477446155184,0.0,0.0,0.0
3091,691,672.6886,1081.4341,-0.0064738747,0.0,-0.0,0.0,0.0,0.0,-0.0032305714871585386,2.9200477446155184,0.0,0.0,0.0
3092,691,672.6886,1081.4341,-0.0064738747,0.0,-0.0,0.0,0.0,0.0,-0.0032305714871585386,2.9200477446155184,0.0,0.0,0.0
3093,691,672.6886,1081.4341,-0.0064738747,0.0,-0.0,0.0,0.0,0.0,-0.0032305714871585386,2.9200477446155184,0.0,0.0,0.0
3094,691,672.6886,1081.4341,-0.0064738747,0.0,-0.0,0.0,0.0,0.0,-0.0032305714871585386,2.9200477446155184,0.0,0.0,0.0
3095,691,672.6886,1081.4341,-0.0064738747,0.0,-0.0,0.0,0.0,0.0,-0.0032305714871585386,2.9200477446155184,0.0,0.0,0.0
3096,691,672.6886,1081.4341,-0.0064738747,0.0,-0.0,0.0,0.0,0.0,-0.0032305714871585386,2.9200477446155184,0.0,0.0,0.0
3097,691,672.6886,1081.4341,-0.0064738747,0.0,-0.0,0.0,0.0,0.0,-0.0032305714871585386,2.9200477446155184,0.0,0.0,0.0
3098,691,672.6886,1081.4341,-0.0064738747,0.0,-0.0,0.0,0.0,0.0,-0.0032305714871585386,2.9200477446155184,0.0,0.0,0.0
3099,691,672.6886,1081.4341,-0.0064738747,0.0,-0.0,0.0,0.0,0.0,-0.0032305714871585386,2.9200477446155184,0.0,0.0,0.0
3100,691,672.6886,1081.4341,-0.0064738747,0.0,-0.0,0.0,0.0,0.0,-0.0032305714871585386,2.9200477446155184,0.0,0.0,0.0
3101,691,672.6886,1081.4341,-0.0064738747,0.0,-0.0,0.0,0.0,0.0,-0.0032305714871585386,2.9200477446155184,0.0,0.0,0.0
3102,691,672.6886,1081.4341,-0.0064738747,0.0,-0.0,0.0,0.0,0.0,-0.0032305714871585386,2.9200477446155184,0.0,0.0,0.0
3103,691,672.6886,1081.4341,-0.0064738747,0.0,-0.0,0.0,0.0,0.0,-0.0032305714871585386,2.9200477446155184,0.0,0.0,0.0
3104,691,672.6886,1081.4341,-0.0064738747,0.0,-0.0,0.0,0.0,0.0,-0.0032305714871585386,2.9200477446155184,0.0,0.0,0.0
3105,691,672.6886,1081.4341,-0.0064738747,0.0,-0.0,0.0,0.0,0.0,-0.0032305714871585386,2.9200477446155184,0.0,0.0,0.0
3106,691,672.6886,1081.4341,-0.0064738747,0.0,-0.0,0.0,0.0,0.0,-0.0032305714871585386,2.9200477446155184,0.0,0.0,0.0
3107,691,672.6886,1081.4341,-0.0064738747,0.0,-0.0,0.0,0.0,0.0,-0.0032305714871585386,2.9200477446155184,0.0,0.0,0.0
3108,691,672.6886,1081.4341,-0.0064738747,0.0,-0.0,0.0,0.0,0.0,-0.0032305714871585386,2.9200477446155184,0.0,0.0,0.0
3109,691,672.6886,1081.4341,-0.0064738747,0.0,-0.0,0.0,0.0,0.0,-0.0032305714871585386,2.9200477446155184,0.0,0.0,0.0
3110,691,672.6886,1081.4341,-0.0064738747,0.0,-0.0,0.0,0.0,0.0,-0.0032305714871585386,2.9200477446155184,0.0,0.0,0.0
3111,691,672.6886,1081.4341,-0.0064738747,0.0,-0.0,0.0,0.0,0.0,-0.0032305714871585386,2.9200477446155184,0.0,0.0,0.0
3112,691,672.6886,1081.4341,-0.0064738747,0.0,-0.0,0.0,0.0,0.0,-0.0032305714871585386,2.9200477446155184,0.0,0.0,0.0
3113,691,672.6886,1081.4341,-0.0064738747,0.0,-0.0,0.0,0.0,0.0,-0.0032305714871585386,2.9200477446155184,0.0,0.0,0.0
3114,691,672.6886,1081.4341,-0.0064738747,0.0,-0.0,0.0,0.0,0.0,-0.0032305714871585386,2.9200477446155184,0.0,0.0,0.0
3115,691,672.6886,1081.4341,-0.0064738747,0.0,-0.0,0.0,0.0,0.0,-0.0032305714871585386,2.9200477446155184,0.0,0.0,0.0
3116,691,672.6886,1081.4341,-0.0064738747,0.0,-0.0,0.0,0.0,0.0,-0.0032305714871585386,2.9200477446155184,0.0,0.0,0.0
3117,691,672.6886,1081.4341,-0.0064738747,0.0,-0.0,0.0,0.0,0.0,-0.0032305714871585386,2.9200477446155184,0.0,0.0,0.0
3118,691,672.6886,1081.4341,-0.0064738747,0.0,-0.0,0.0,0.0,0.0,-0.0032305714871585386,2.9200477446155184,0.0,0.0,0.0
3119,691,672.6886,1081.4341,-0.0064738747,0.0,-0.0,0.0,0.0,0.0,-0.0032305714871585386,2.9200477446155184,0.0,0.0,0.0
3120,691,672.6886,1081.4341,-0.0064738747,0.0,-0.0,0.0,0.0,0.0,-0.0032305714871585386,2.9200477446155184,0.0,0.0,0.0
3121,691,672.6886,1081.4341,-0.0064738747,0.0,-0.0,0.0,0.0,0.0,-0.0032305714871585386,2.9200477446155184,0.0,0.0,0.0
3122,691,672.6886,1081.4341,-0.0064738747,0.0,-0.0,0.0,0.0,0.0,-0.0032305714871585386,2.9200477446155184,0.0,0.0,0.0
3123,691,672.6886,1081.4341,-0.0064738747,0.0,-0.0,0.0,0.0,0.0,-0.0032305714871585386,2.9200477446155184,0.0,0.0,0.0
3124,691,672.6886,1081.4341,-0.0064738747,0.0,-0.0,0.0,0.0,0.0,-0.0032305714871585386,2.9200477446155184,0.0,0.0,0.0
3125,691,672.6886,1081.4341,-0.0064738747,0.0,-0.0,0.0,0.0,0.0,-0.0032305714871585386,2.9200477446155184,0.0,0.0,0.0
3126,691,672.6886,1081.4341,-0.0064738747,0.0,-0.0,0.0,0.0,0.0,-0.0032305714871585386,2.9200477446155184,0.0,0.0,0.0
3127,691,672.6886,1081.4341,-0.0064738747,0.0,-0.0,0.0,0.0,0.0,-0.0032305714871585386,2.9200477446155184,0.0,0.0,0.0
3128,691,672.6886,1081.4341,-0.0064738747,0.0,-0.0,0.0,0.0,0.0,-0.0032305714871585386,2.9200477446155184,0.0,0.0,0.0
3129,691,672.6886,1081.4341,-0.0064738747,0.0,-0.0,0.0,0.0,0.0,-0.0032305714871585386,2.9200477446155184,0.0,0.0,0.0
3130,691,672.6886,1081.4341,-0.0064738747,0.0,-0.0,0.0,0.0,0.0,-0.0032305714871585386,2.9200477446155184,0.0,0.0,0.0
3131,691,672.6886,1081.4341,-0.0064738747,0.0,-0.0,0.0,0.0,0.0,-0.0032305714871585386,2.9200477446155184,0.0,0.0,0.0
3132,691,672.6886,1081.4341,-0.0064738747,0.0,-0.0,0.0,0.0,0.0,-0.0032305714871585386,2.9200477446155184,0.0,0.0,0.0
3133,691,672.6886,1081.4341,-0.0064738747,0.0,-0.0,0.0,0.0,0.0,-0.0032305714871585386,2.9200477446155184,0.0,0.0,0.0
3134,691,672.6886,1081.4341,-0.0064738747,0.0,-0.0,0.0,0.0,0.0,-0.0032305714871585386,2.9200477446155184,0.0,0.0,0.0
3135,691,672.6886,1081.4341,-0.0064738747,0.0,-0.0,0.0,0.0,0.0,-0.0032305714871585386,2.9200477446155184,0.0,0.0,0.0
3136,691,672.6886,1081.4341,-0.0064738747,0.0,-0.0,0.0,0.0,0.0,-0.0032305714871585386,2.9200477446155184,0.0,0.0,0.0
3137,691,672.6886,1081.4341,-0.0064738747,0.0,-0.0,0.0,0.0,0.0,-0.0032305714871585386,2.9200477446155184,0.0,0.0,0.0
3138,691,672.6886,1081.4341,-0.0064738747,0.0,-0.0,0.0,0.0,0.0,-0.0032305714871585386,2.9200477446155184,0.0,0.0,0.0
3139,691,672.6886,1081.4341,-0.0064738747,0.0,-0.0,0.0,0.0,0.0,-0.0032305714871585386,2.9200477446155184,0.0,0.0,0.0
3140,691,672.6886,1081.4341,-0.0064738747,0.0,-0.0,0.0,0.0,0.0,-0.0032305714871585386,2.9200477446155184,0.0,0.0,0.0
3141,691,672.6886,1081.4341,-0.0064738747,0.0,-0.0,0.0,0.0,0.0,-0.0032305714871585386,2.9200477446155184,0.0,0.0,0.0
3142,691,672.6886,1081.4341,-0.0064738747,0.0,-0.0,0.0,0.0,0.0,-0.0032305714871585386,2.9200477446155184,0.0,0.0,0.0
3143,691,672.6886,1081.4341,-0.0064738747,0.0,-0.0,0.0,0.0,0.0,-0.0032305714871585386,2.9200477446155184,0.0,0.0,0.0
3144,691,672.6886,1081.4341,-0.0064738747,0.0,-0.0,0.0,0.0,0.0,-0.0032305714871585386,2.9200477446155184,0.0,0.0,0.0
3145,691,672.6886,1081.4341,-0.0064738747,0.0,-0.0,0.0,0.0,0.0,-0.0032305714871585386,2.9200477446155184,0.0,0.0,0.0
3146,691,672.6886,1081.4341,-0.0064738747,0.0,-0.0,0.0,0.0,0.0,-0.0032305714871585386,2.9200477446155184,0.0,0.0,0.0
3147,691,672.6886,1081.4341,-0.0064738747,0.0,-0.0,0.0,0.0,0.0,-0.0032305714871585386,2.9200477446155184,0.0,0.0,0.0
3148,691,672.6886,1081.4341,-0.0064738747,0.0,-0.0,0.0,0.0,0.0,-0.0032305714871585386,2.9200477446155184,0.0,0.0,0.0
3149,691,672.6886,1081.4341,-0.0064738747,0.0,-0.0,0.0,0.0,0.0,-0.0032305714871585386,2.9200477446155184,0.0,0.0,0.0
3150,691,672.6886,1081.4341,-0.0064738747,0.0,-0.0,0.0,0.0,0.0,-0.0032305714871585386,2.9200477446155184,0.0,0.0,0.0
3151,691,672.6886,1081.4341,-0.0064738747,0.0,-0.0,0.0,0.0,0.0,-0.0032305714871585386,2.9200477446155184,0.0,0.0,0.0
3152,691,672.6886,1081.4341,-0.0064738747,0.0,-0.0,0.0,0.0,0.0,-0.0032305714871585386,2.9200477446155184,0.0,0.0,0.0
3153,691,672.6886,1081.4341,-0.0064738747,0.0,-0.0,0.0,0.0,0.0,-0.0032305714871585386,2.9200477446155184,0.0,0.0,0.0
3154,691,672.6886,1081.4341,-0.0064738747,0.0,-0.0,0.0,0.0,0.0,-0.0032305714871585386,2.9200477446155184,0.0,0.0,0.0
3155,691,672.6886,1081.4341,-0.0064738747,0.0,-0.0,0.0,0.0,0.0,-0.0032305714871585386,2.9200477446155184,0.0,0.0,0.0
3156,691,672.6886,1081.4341,-0.0064738747,0.0,-0.0,0.0,0.0,0.0,-0.0032305714871585386,2.9200477446155184,0.0,0.0,0.0
3157,691,672.6886,1081.4341,-0.0064738747,0.0,-0.0,0.0,0.0,0.0,-0.0032305714871585386,2.9200477446155184,0.0,0.0,0.0
3158,691,672.6886,1081.4341,-0.0064738747,0.0,-0.0,0.0,0.0,0.0,-0.0032305714871585386,2.9200477446155184,0.0,0.0,0.0
3159,691,672.6886,1081.4341,-0.0064738747,0.0,-0.0,0.0,0.0,0.0,-0.0032305714871585386,2.9200477446155184,0.0,0.0,0.0
3160,691,672.6886,1081.4341,-0.0064738747,0.0,-0.0,0.0,0.0,0.0,-0.0032305714871585386,2.9200477446155184,0.0,0.0,0.0
3161,691,672.6886,1081.4341,-0.0064738747,0.0,-0.0,0.0,0.0,0.0,-0.0032305714871585386,2.9200477446155184,0.0,0.0,0.0
3162,691,672.6886,1081.4341,-0.0064738747,0.0,-0.0,0.0,0.0,0.0,-0.0032305714871585386,2.9200477446155184,0.0,0.0,0.0
3163,691,672.6886,1081.4341,-0.0064738747,0.0,-0.0,0.0,0.0,0.0,-0.0032305714871585386,2.9200477446155184,0.0,0.0,0.0
3164,691,672.6886,1081.4341,-0.0064738747,0.0,-0.0,0.0,0.0,0.0,-0.0032305714871585386,2.9200477446155184,0.0,0.0,0.0
3165,691,672.6886,1081.4341,-0.0064738747,0.0,-0.0,0.0,0.0,0.0,-0.0032305714871585386,2.9200477446155184,0.0,0.0,0.0
3166,691,672.6886,1081.4341,-0.0064738747,0.0,-0.0,0.0,0.0,0.0,-0.0032305714871585386,2.9200477446155184,0.0,0.0,0.0
3167,691,672.6886,1081.4341,-0.0064738747,0.0,-0.0,0.0,0.0,0.0,-0.0032305714871585386,2.9200477446155184,0.0,0.0,0.0
3168,691,672.6886,1081.4341,-0.0064738747,0.0,-0.0,0.0,0.0,0.0,-0.0032305714871585386,2.9200477446155184,0.0,0.0,0.0
3169,691,672.6886,1081.4341,-0.0064738747,0.0,-0.0,0.0,0.0,0.0,-0.0032305714871585386,2.9200477446155184,0.0,0.0,0.0
3170,691,672.6886,1081.4341,-0.0064738747,0.0,-0.0,0.0,0.0,0.0,-0.0032305714871585386,2.9200477446155184,0.0,0.0,0.0
3171,691,672.6886,1081.4341,-0.0064738747,0.0,-0.0,0.0,0.0,0.0,-0.0032305714871585386,2.9200477446155184,0.0,0.0,0.0
3172,691,672.6886,1081.4341,-0.0064738747,0.0,-0.0,0.0,0.0,0.0,-0.0032305714871585386,2.9200477446155184,0.0,0.0,0.0
3173,691,672.6886,1081.4341,-0.0064738747,0.0,-0.0,0.0,0.0,0.0,-0.0032305714871585386,2.9200477446155184,0.0,0.0,0.0
3174,691,672.6886,1081.4341,-0.0064738747,0.0,-0.0,0.0,0.0,0.0,-0.0032305714871585386,2.9200477446155184,0.0,0.0,0.0
3175,691,672.6886,1081.4341,-0.0064738747,0.0,-0.0,0.0,0.0,0.0,-0.0032305714871585386,2.9200477446155184,0.0,0.0,0.0
3176,691,672.6886,1081.4341,-0.0064738747,0.0,-0.0,0.0,0.0,0.0,-0.0032305714871585386,2.9200477446155184,0.0,0.0,0.0
3177,691,672.6886,1081.4341,-0.0064738747,0.0,-0.0,0.0,0.0,0.0,-0.0032305714871585386,2.9200477446155184,0.0,0.0,0.0
3178,691,672.6886,1081.4341,-0.0064738747,0.0,-0.0,0.0,0.0,0.0,-0.0032305714871585386,2.9200477446155184,0.0,0.0,0.0
3179,691,672.6886,1081.4341,-0.0064738747,0.0,-0.0,0.0,0.0,0.0,-0.0032305714871585386,2.9200477446155184,0.0,0.0,0.0
3180,691,672.6886,1081.4341,-0.0064738747,0.0,-0.0,0.0,0.0,0.0,-0.0032305714871585386,2.9200477446155184,0.0,0.0,0.0
3181,691,672.6886,1081.4341,-0.0064738747,0.0,-0.0,0.0,0.0,0.0,-0.0032305714871585386,2.9200477446155184,0.0,0.0,0.0
3182,691,672.6886,1081.4341,-0.0064738747,0.0,-0.0,0.0,0.0,0.0,-0.0032305714871585386,2.9200477446155184,0.0,0.0,0.0
3183,691,672.6886,1081.4341,-0.0064738747,0.0,-0.0,0.0,0.0,0.0,-0.0032305714871585386,2.9200477446155184,0.0,0.0,0.0
3184,691,672.6886,1081.4341,-0.0064738747,0.0,-0.0,0.0,0.0,0.0,-0.0032305714871585386,2.9200477446155184,0.0,0.0,0.0
3185,691,672.6886,1081.4341,-0.0064738747,0.0,-0.0,0.0,0.0,0.0,-0.0032305714871585386,2.9200477446155184,0.0,0.0,0.0
3186,691,672.6886,1081.4341,-0.0064738747,0.0,-0.0,0.0,0.0,0.0,-0.0032305714871585386,2.9200477446155184,0.0,0.0,0.0
3187,691,672.6886,1081.4341,-0.0064738747,0.0,-0.0,0.0,0.0,0.0,-0.0032305714871585386,2.9200477446155184,0.0,0.0,0.0
3188,691,672.6886,1081.4341,-0.0064738747,0.0,-0.0,0.0,0.0,0.0,-0.0032305714871585386,2.9200477446155184,0.0,0.0,0.0
3189,691,672.6886,1081.4341,-0.0064738747,0.0,-0.0,0.0,0.0,0.0,-0.0032305714871585386,2.9200477446155184,0.0,0.0,0.0
3190,691,672.6886,1081.4341,-0.0064738747,0.0,-0.0,0.0,0.0,0.0,-0.0032305714871585386,2.9200477446155184,0.0,0.0,0.0
3191,691,672.6886,1081.4341,-0.0064738747,0.0,-0.0,0.0,0.0,0.0,-0.0032305714871585386,2.9200477446155184,0.0,0.0,0.0
3192,691,672.6886,1081.4341,-0.0064738747,0.0,-0.0,0.0,0.0,0.0,-0.0032305714871585386,2.9200477446155184,0.0,0.0,0.0
3193,691,672.6886,1081.4341,-0.0064738747,0.0,-0.0,0.0,0.0,0.0,-0.0032305714871585386,2.9200477446155184,0.0,0.0,0.0
3194,691,672.6886,1081.4341,-0.0064738747,0.0,-0.0,0.0,0.0,0.0,-0.0032305714871585386,2.9200477446155184,0.0,0.0,0.0
3195,691,672.6886,1081.4341,-0.0064738747,0.0,-0.0,0.0,0.0,0.0,-0.0032305714871585386,2.9200477446155184,0.0,0.0,0.0
3196,691,672.6886,1081.4341,-0.0064738747,0.0,-0.0,0.0,0.0,0.0,-0.0032305714871585386,2.9200477446155184,0.0,0.0,0.0
3197,691,672.6886,1081.4341,-0.0064738747,0.0,-0.0,0.0,0.0,0.0,-0.0032305714871585386,2.9200477446155184,0.0,0.0,0.0
3198,691,672.6886,1081.4341,-0.0064738747,0.0,-0.0,0.0,0.0,0.0,-0.0032305714871585386,2.9200477446155184,0.0,0.0,0.0
3199,691,672.6886,1081.4341,-0.0064738747,0.0,-0.0,0.0,0.0,0.0,-0.0032305714871585386,2.9200477446155184,0.0,0.0,0.0
3200,691,672.6886,1081.4341,-0.0064738747,0.0,-0.0,0.0,0.0,0.0,-0.0032305714871585386,2.9200477446155184,0.0,0.0,0.0
3201,691,672.6886,1081.4341,-0.0064738747,0.0,-0.0,0.0,0.0,0.0,-0.0032305714871585386,2.9200477446155184,0.0,0.0,0.0
3202,691,672.6886,1081.4341,-0.0064738747,0.0,-0.0,0.0,0.0,0.0,-0.0032305714871585386,2.9200477446155184,0.0,0.0,0.0
3203,691,672.6886,1081.4341,-0.0064738747,0.0,-0.0,0.0,0.0,0.0,-0.0032305714871585386,2.9200477446155184,0.0,0.0,0.0
3204,691,672.6886,1081.4341,-0.0064738747,0.0,-0.0,0.0,0.0,0.0,-0.0032305714871585386,2.9200477446155184,0.0,0.0,0.0
3205,691,672.6886,1081.4341,-0.0064738747,0.0,-0.0,0.0,0.0,0.0,-0.0032305714871585386,2.9200477446155184,0.0,0.0,0.0
3206,691,672.6886,1081.4341,-0.0064738747,0.0,-0.0,0.0,0.0,0.0,-0.0032305714871585386,2.9200477446155184,0.0,0.0,0.0
3207,691,672.6886,1081.4341,-0.0064738747,0.0,-0.0,0.0,0.0,0.0,-0.0032305714871585386,2.9200477446155184,0.0,0.0,0.0
3208,691,672.6886,1081.4341,-0.0064738747,0.0,-0.0,0.0,0.0,0.0,-0.0032305714871585386,2.9200477446155184,0.0,0.0,0.0
3209,691,672.6886,1081.4341,-0.0064738747,0.0,-0.0,0.0,0.0,0.0,-0.0032305714871585386,2.9200477446155184,0.0,0.0,0.0
3210,691,672.6886,1081.4341,-0.0064738747,0.0,-0.0,0.0,0.0,0.0,-0.0032305714871585386,2.9200477446155184,0.0,0.0,0.0
3211,691,672.6886,1081.4341,-0.0064738747,0.0,-0.0,0.0,0.0,0.0,-0.0032305714871585386,2.9200477446155184,0.0,0.0,0.0
3212,691,672.6886,1081.4341,-0.0064738747,0.0,-0.0,0.0,0.0,0.0,-0.0032305714871585386,2.9200477446155184,0.0,0.0,0.0
3213,691,672.6886,1081.4341,-0.0064738747,0.0,-0.0,0.0,0.0,0.0,-0.0032305714871585386,2.9200477446155184,0.0,0.0,0.0
3214,691,672.6886,1081.4341,-0.0064738747,0.0,-0.0,0.0,0.0,0.0,-0.0032305714871585386,2.9200477446155184,0.0,0.0,0.0
3215,691,672.6886,1081.4341,-0.0064738747,0.0,-0.0,0.0,0.0,0.0,-0.0032305714871585386,2.9200477446155184,0.0,0.0,0.0
3216,691,672.6886,1081.4341,-0.0064738747,0.0,-0.0,0.0,0.0,0.0,-0.0032305714871585386,2.9200477446155184,0.0,0.0,0.0
3217,691,672.6886,1081.4341,-0.0064738747,0.0,-0.0,0.0,0.0,0.0,-0.0032305714871585386,2.9200477446155184,0.0,0.0,0.0
3218,691,672.6886,1081.4341,-0.0064738747,0.0,-0.0,0.0,0.0,0.0,-0.0032305714871585386,2.9200477446155184,0.0,0.0,0.0
3219,691,672.6886,1081.4341,-0.0064738747,0.0,-0.0,0.0,0.0,0.0,-0.0032305714871585386,2.9200477446155184,0.0,0.0,0.0
3220,691,672.6886,1081.4341,-0.0064738747,0.0,-0.0,0.0,0.0,0.0,-0.0032305714871585386,2.9200477446155184,0.0,0.0,0.0
3221,691,672.6886,1081.4341,-0.0064738747,0.0,-0.0,0.0,0.0,0.0,-0.0032305714871585386,2.9200477446155184,0.0,0.0,0.0
3222,691,672.6886,1081.4341,-0.0064738747,0.0,-0.0,0.0,0.0,0.0,-0.0032305714871585386,2.9200477446155184,0.0,0.0,0.0
3223,691,672.6886,1081.4341,-0.0064738747,0.0,-0.0,0.0,0.0,0.0,-0.0032305714871585386,2.9200477446155184,0.0,0.0,0.0
3224,691,672.6886,1081.4341,-0.0064738747,0.0,-0.0,0.0,0.0,0.0,-0.0032305714871585386,2.9200477446155184,0.0,0.0,0.0
3225,691,672.6886,1081.4341,-0.0064738747,0.0,-0.0,0.0,0.0,0.0,-0.0032305714871585386,2.9200477446155184,0.0,0.0,0.0
3226,691,672.6886,1081.4341,-0.0064738747,0.0,-0.0,0.0,0.0,0.0,-0.0032305714871585386,2.9200477446155184,0.0,0.0,0.0
3227,691,672.6886,1081.4341,-0.0064738747,0.0,-0.0,0.0,0.0,0.0,-0.0032305714871585386,2.9200477446155184,0.0,0.0,0.0
3228,691,672.6886,1081.4341,-0.0064738747,0.0,-0.0,0.0,0.0,0.0,-0.0032305714871585386,2.9200477446155184,0.0,0.0,0.0
3229,691,672.6886,1081.4341,-0.0064738747,0.0,-0.0,0.0,0.0,0.0,-0.0032305714871585386,2.9200477446155184,0.0,0.0,0.0
3230,691,672.6886,1081.4341,-0.0064738747,0.0,-0.0,0.0,0.0,0.0,-0.0032305714871585386,2.9200477446155184,0.0,0.0,0.0
3231,691,672.6886,1081.4341,-0.0064738747,0.0,-0.0,0.0,0.0,0.0,-0.0032305714871585386,2.9200477446155184,0.0,0.0,0.0
3232,691,672.6886,1081.4341,-0.0064738747,0.0,-0.0,0.0,0.0,0.0,-0.0032305714871585386,2.9200477446155184,0.0,0.0,0.0
3233,691,672.6886,1081.4341,-0.0064738747,0.0,-0.0,0.0,0.0,0.0,-0.0032305714871585386,2.9200477446155184,0.0,0.0,0.0
3234,691,672.6886,1081.4341,-0.0064738747,0.0,-0.0,0.0,0.0,0.0,-0.0032305714871585386,2.9200477446155184,0.0,0.0,0.0
3235,691,672.6886,1081.4341,-0.0064738747,0.0,-0.0,0.0,0.0,0.0,-0.0032305714871585386,2.9200477446155184,0.0,0.0,0.0
3236,691,672.6886,1081.4341,-0.0064738747,0.0,-0.0,0.0,0.0,0.0,-0.0032305714871585386,2.9200477446155184,0.0,0.0,0.0
3237,691,672.6886,1081.4341,-0.0064738747,0.0,-0.0,0.0,0.0,0.0,-0.0032305714871585386,2.9200477446155184,0.0,0.0,0.0
3238,691,672.6886,1081.4341,-0.0064738747,0.0,-0.0,0.0,0.0,0.0,-0.0032305714871585386,2.9200477446155184,0.0,0.0,0.0
3239,691,672.6886,1081.4341,-0.0064738747,0.0,-0.0,0.0,0.0,0.0,-0.0032305714871585386,2.9200477446155184,0.0,0.0,0.0
3240,691,672.6886,1081.4341,-0.0064738747,0.0,-0.0,0.0,0.0,0.0,-0.0032305714871585386,2.9200477446155184,0.0,0.0,0.0
3241,691,672.6886,1081.4341,-0.0064738747,0.0,-0.0,0.0,0.0,0.0,-0.0032305714871585386,2.9200477446155184,0.0,0.0,0.0
3242,691,672.6886,1081.4341,-0.0064738747,0.0,-0.0,0.0,0.0,0.0,-0.0032305714871585386,2.9200477446155184,0.0,0.0,0.0
3243,691,672.6886,1081.4341,-0.0064738747,0.0,-0.0,0.0,0.0,0.0,-0.0032305714871585386,2.9200477446155184,0.0,0.0,0.0
3244,691,672.6886,1081.4341,-0.0064738747,0.0,-0.0,0.0,0.0,0.0,-0.0032305714871585386,2.9200477446155184,0.0,0.0,0.0
3245,691,672.6886,1081.4341,-0.0064738747,0.0,-0.0,0.0,0.0,0.0,-0.0032305714871585386,2.9200477446155184,0.0,0.0,0.0
3246,691,672.6886,1081.4341,-0.0064738747,0.0,-0.0,0.0,0.0,0.0,-0.0032305714871585386,2.9200477446155184,0.0,0.0,0.0
3247,691,672.6886,1081.4341,-0.0064738747,0.0,-0.0,0.0,0.0,0.0,-0.0032305714871585386,2.9200477446155184,0.0,0.0,0.0
3248,691,672.6886,1081.4341,-0.0064738747,0.0,-0.0,0.0,0.0,0.0,-0.0032305714871585386,2.9200477446155184,0.0,0.0,0.0
3249,691,672.6886,1081.4341,-0.0064738747,0.0,-0.0,0.0,0.0,0.0,-0.0032305714871585386,2.9200477446155184,0.0,0.0,0.0
3250,691,672.6886,1081.4341,-0.0064738747,0.0,-0.0,0.0,0.0,0.0,-0.0032305714871585386,2.9200477446155184,0.0,0.0,0.0
3251,691,672.6886,1081.4341,-0.0064738747,0.0,-0.0,0.0,0.0,0.0,-0.0032305714871585386,2.9200477446155184,0.0,0.0,0.0
3252,691,672.6886,1081.4341,-0.0064738747,0.0,-0.0,0.0,0.0,0.0,-0.0032305714871585386,2.9200477446155184,0.0,0.0,0.0
3253,691,672.6886,1081.4341,-0.0064738747,0.0,-0.0,0.0,0.0,0.0,-0.0032305714871585386,2.9200477446155184,0.0,0.0,0.0
3254,691,672.6886,1081.4341,-0.0064738747,0.0,-0.0,0.0,0.0,0.0,-0.0032305714871585386,2.9200477446155184,0.0,0.0,0.0
3255,691,672.6886,1081.4341,-0.0064738747,0.0,-0.0,0.0,0.0,0.0,-0.0032305714871585386,2.9200477446155184,0.0,0.0,0.0
3256,691,672.6886,1081.4341,-0.0064738747,0.0,-0.0,0.0,0.0,0.0,-0.0032305714871585386,2.9200477446155184,0.0,0.0,0.0
3257,691,672.6886,1081.4341,-0.0064738747,0.0,-0.0,0.0,0.0,0.0,-0.0032305714871585386,2.9200477446155184,0.0,0.0,0.0
3258,691,672.6886,1081.4341,-0.0064738747,0.0,-0.0,0.0,0.0,0.0,-0.0032305714871585386,2.9200477446155184,0.0,0.0,0.0
3259,691,672.6886,1081.4341,-0.0064738747,0.0,-0.0,0.0,0.0,0.0,-0.0032305714871585386,2.9200477446155184,0.0,0.0,0.0
3260,691,672.6886,1081.4341,-0.0064738747,0.0,-0.0,0.0,0.0,0.0,-0.0032305714871585386,2.9200477446155184,0.0,0.0,0.0
3261,691,672.6886,1081.4341,-0.0064738747,0.0,-0.0,0.0,0.0,0.0,-0.0032305714871585386,2.9200477446155184,0.0,0.0,0.0
3262,691,672.6886,1081.4341,-0.0064738747,0.0,-0.0,0.0,0.0,0.0,-0.0032305714871585386,2.9200477446155184,0.0,0.0,0.0
3263,691,672.6886,1081.4341,-0.0064738747,0.0,-0.0,0.0,0.0,0.0,-0.0032305714871585386,2.9200477446155184,0.0,0.0,0.0
3264,691,672.6886,1081.4341,-0.0064738747,0.0,-0.0,0.0,0.0,0.0,-0.0032305714871585386,2.9200477446155184,0.0,0.0,0.0
3265,691,672.6886,1081.4341,-0.0064738747,0.0,-0.0,0.0,0.0,0.0,-0.0032305714871585386,2.9200477446155184,0.0,0.0,0.0
3266,691,672.6886,1081.4341,-0.0064738747,0.0,-0.0,0.0,0.0,0.0,-0.0032305714871585386,2.9200477446155184,0.0,0.0,0.0
3267,691,672.6886,1081.4341,-0.0064738747,0.0,-0.0,0.0,0.0,0.0,-0.0032305714871585386,2.9200477446155184,0.0,0.0,0.0
3268,691,672.6886,1081.4341,-0.0064738747,0.0,-0.0,0.0,0.0,0.0,-0.0032305714871585386,2.9200477446155184,0.0,0.0,0.0
3269,691,672.6886,1081.4341,-0.0064738747,0.0,-0.0,0.0,0.0,0.0,-0.0032305714871585386,2.9200477446155184,0.0,0.0,0.0
3270,691,672.6886,1081.4341,-0.0064738747,0.0,-0.0,0.0,0.0,0.0,-0.0032305714871585386,2.9200477446155184,0.0,0.0,0.0
3271,691,672.6886,1081.4341,-0.0064738747,0.0,-0.0,0.0,0.0,0.0,-0.0032305714871585386,2.9200477446155184,0.0,0.0,0.0
3272,691,672.6886,1081.4341,-0.0064738747,0.0,-0.0,0.0,0.0,0.0,-0.0032305714871585386,2.9200477446155184,0.0,0.0,0.0
3273,691,672.6886,1081.4341,-0.0064738747,0.0,-0.0,0.0,0.0,0.0,-0.0032305714871585386,2.9200477446155184,0.0,0.0,0.0
3274,691,672.6886,1081.4341,-0.0064738747,0.0,-0.0,0.0,0.0,0.0,-0.0032305714871585386,2.9200477446155184,0.0,0.0,0.0
3275,691,672.6886,1081.4341,-0.0064738747,0.0,-0.0,0.0,0.0,0.0,-0.0032305714871585386,2.9200477446155184,0.0,0.0,0.0
3276,691,672.6886,1081.4341,-0.0064738747,0.0,-0.0,0.0,0.0,0.0,-0.0032305714871585386,2.9200477446155184,0.0,0.0,0.0
3277,691,672.6886,1081.4341,-0.0064738747,0.0,-0.0,0.0,0.0,0.0,-0.0032305714871585386,2.9200477446155184,0.0,0.0,0.0
3278,691,672.6886,1081.4341,-0.0064738747,0.0,-0.0,0.0,0.0,0.0,-0.0032305714871585386,2.9200477446155184,0.0,0.0,0.0
3279,691,672.6886,1081.4341,-0.0064738747,0.0,-0.0,0.0,0.0,0.0,-0.0032305714871585386,2.9200477446155184,0.0,0.0,0.0
3280,691,672.6886,1081.4341,-0.0064738747,0.0,-0.0,0.0,0.0,0.0,-0.0032305714871585386,2.9200477446155184,0.0,0.0,0.0
3281,691,672.6886,1081.4341,-0.0064738747,0.0,-0.0,0.0,0.0,0.0,-0.0032305714871585386,2.9200477446155184,0.0,0.0,0.0
3282,691,672.6886,1081.4341,-0.0064738747,0.0,-0.0,0.0,0.0,0.0,-0.0032305714871585386,2.9200477446155184,0.0,0.0,0.0
3283,691,672.6886,1081.4341,-0.0064738747,0.0,-0.0,0.0,0.0,0.0,-0.0032305714871585386,2.9200477446155184,0.0,0.0,0.0
3284,691,672.6886,1081.4341,-0.0064738747,0.0,-0.0,0.0,0.0,0.0,-0.0032305714871585386,2.9200477446155184,0.0,0.0,0.0
3285,691,672.6886,1081.4341,-0.0064738747,0.0,-0.0,0.0,0.0,0.0,-0.0032305714871585386,2.9200477446155184,0.0,0.0,0.0
3286,691,672.6886,1081.4341,-0.0064738747,0.0,-0.0,0.0,0.0,0.0,-0.0032305714871585386,2.9200477446155184,0.0,0.0,0.0
3287,691,672.6886,1081.4341,-0.0064738747,0.0,-0.0,0.0,0.0,0.0,-0.0032305714871585386,2.9200477446155184,0.0,0.0,0.0
3288,691,672.6886,1081.4341,-0.0064738747,0.0,-0.0,0.0,0.0,0.0,-0.0032305714871585386,2.9200477446155184,0.0,0.0,0.0
3289,691,672.6886,1081.4341,-0.0064738747,0.0,-0.0,0.0,0.0,0.0,-0.0032305714871585386,2.9200477446155184,0.0,0.0,0.0
3290,691,672.6886,1081.4341,-0.0064738747,0.0,-0.0,0.0,0.0,0.0,-0.0032305714871585386,2.9200477446155184,0.0,0.0,0.0
3291,691,672.6886,1081.4341,-0.0064738747,0.0,-0.0,0.0,0.0,0.0,-0.0032305714871585386,2.9200477446155184,0.0,0.0,0.0
3292,691,672.6886,1081.4341,-0.0064738747,0.0,-0.0,0.0,0.0,0.0,-0.0032305714871585386,2.9200477446155184,0.0,0.0,0.0
3293,691,672.6886,1081.4341,-0.0064738747,0.0,-0.0,0.0,0.0,0.0,-0.0032305714871585386,2.9200477446155184,0.0,0.0,0.0
3294,691,672.6886,1081.4341,-0.0064738747,0.0,-0.0,0.0,0.0,0.0,-0.0032305714871585386,2.9200477446155184,0.0,0.0,0.0
3295,691,672.6886,1081.4341,-0.0064738747,0.0,-0.0,0.0,0.0,0.0,-0.0032305714871585386,2.9200477446155184,0.0,0.0,0.0
3296,691,672.6886,1081.4341,-0.0064738747,0.0,-0.0,0.0,0.0,0.0,-0.0032305714871585386,2.9200477446155184,0.0,0.0,0.0
3297,691,672.6886,1081.4341,-0.0064738747,0.0,-0.0,0.0,0.0,0.0,-0.0032305714871585386,2.9200477446155184,0.0,0.0,0.0
3298,691,672.6886,1081.4341,-0.0064738747,0.0,-0.0,0.0,0.0,0.0,-0.0032305714871585386,2.9200477446155184,0.0,0.0,0.0
3299,691,672.6886,1081.4341,-0.0064738747,0.0,-0.0,0.0,0.0,0.0,-0.0032305714871585386,2.9200477446155184,0.0,0.0,0.0
3300,691,672.6886,1081.4341,-0.0064738747,0.0,-0.0,0.0,0.0,0.0,-0.0032305714871585386,2.9200477446155184,0.0,0.0,0.0
3301,691,672.6886,1081.4341,-0.0064738747,0.0,-0.0,0.0,0.0,0.0,-0.0032305714871585386,2.9200477446155184,0.0,0.0,0.0
3302,691,672.6886,1081.4341,-0.0064738747,0.0,-0.0,0.0,0.0,0.0,-0.0032305714871585386,2.9200477446155184,0.0,0.0,0.0
3303,691,672.6886,1081.4341,-0.0064738747,0.0,-0.0,0.0,0.0,0.0,-0.0032305714871585386,2.9200477446155184,0.0,0.0,0.0
3304,691,672.6886,1081.4341,-0.0064738747,0.0,-0.0,0.0,0.0,0.0,-0.0032305714871585386,2.9200477446155184,0.0,0.0,0.0
3305,691,672.6886,1081.4341,-0.0064738747,0.0,-0.0,0.0,0.0,0.0,-0.0032305714871585386,2.9200477446155184,0.0,0.0,0.0
3306,691,672.6886,1081.4341,-0.0064738747,0.0,-0.0,0.0,0.0,0.0,-0.0032305714871585386,2.9200477446155184,0.0,0.0,0.0
3307,691,672.6886,1081.4341,-0.0064738747,0.0,-0.0,0.0,0.0,0.0,-0.0032305714871585386,2.9200477446155184,0.0,0.0,0.0
3308,691,672.6886,1081.4341,-0.0064738747,0.0,-0.0,0.0,0.0,0.0,-0.0032305714871585386,2.9200477446155184,0.0,0.0,0.0
3309,691,672.6886,1081.4341,-0.0064738747,0.0,-0.0,0.0,0.0,0.0,-0.0032305714871585386,2.9200477446155184,0.0,0.0,0.0
3310,691,672.6886,1081.4341,-0.0064738747,0.0,-0.0,0.0,0.0,0.0,-0.0032305714871585386,2.9200477446155184,0.0,0.0,0.0
3311,691,672.6886,1081.4341,-0.0064738747,0.0,-0.0,0.0,0.0,0.0,-0.0032305714871585386,2.9200477446155184,0.0,0.0,0.0
3312,691,672.6886,1081.4341,-0.0064738747,0.0,-0.0,0.0,0.0,0.0,-0.0032305714871585386,2.9200477446155184,0.0,0.0,0.0
3313,691,672.6886,1081.4341,-0.0064738747,0.0,-0.0,0.0,0.0,0.0,-0.0032305714871585386,2.9200477446155184,0.0,0.0,0.0
3314,691,672.6886,1081.4341,-0.0064738747,0.0,-0.0,0.0,0.0,0.0,-0.0032305714871585386,2.9200477446155184,0.0,0.0,0.0
3315,691,672.6886,1081.4341,-0.0064738747,0.0,-0.0,0.0,0.0,0.0,-0.0032305714871585386,2.9200477446155184,0.0,0.0,0.0
3316,691,672.6886,1081.4341,-0.0064738747,0.0,-0.0,0.0,0.0,0.0,-0.0032305714871585386,2.9200477446155184,0.0,0.0,0.0
3317,691,672.6886,1081.4341,-0.0064738747,0.0,-0.0,0.0,0.0,0.0,-0.0032305714871585386,2.9200477446155184,0.0,0.0,0.0
3318,691,672.6886,1081.4341,-0.0064738747,0.0,-0.0,0.0,0.0,0.0,-0.0032305714871585386,2.9200477446155184,0.0,0.0,0.0
3319,691,672.6886,1081.4341,-0.0064738747,0.0,-0.0,0.0,0.0,0.0,-0.0032305714871585386,2.9200477446155184,0.0,0.0,0.0
3320,691,672.6886,1081.4341,-0.0064738747,0.0,-0.0,0.0,0.0,0.0,-0.0032305714871585386,2.9200477446155184,0.0,0.0,0.0
3321,691,672.6886,1081.4341,-0.0064738747,0.0,-0.0,0.0,0.0,0.0,-0.0032305714871585386,2.9200477446155184,0.0,0.0,0.0
3322,691,672.6886,1081.4341,-0.0064738747,0.0,-0.0,0.0,0.0,0.0,-0.0032305714871585386,2.9200477446155184,0.0,0.0,0.0
3323,691,672.6886,1081.4341,-0.0064738747,0.0,-0.0,0.0,0.0,0.0,-0.0032305714871585386,2.9200477446155184,0.0,0.0,0.0
3324,691,672.6886,1081.4341,-0.0064738747,0.0,-0.0,0.0,0.0,0.0,-0.0032305714871585386,2.9200477446155184,0.0,0.0,0.0
3325,691,672.6886,1081.4341,-0.0064738747,0.0,-0.0,0.0,0.0,0.0,-0.0032305714871585386,2.9200477446155184,0.0,0.0,0.0
3326,691,672.6886,1081.4341,-0.0064738747,0.0,-0.0,0.0,0.0,0.0,-0.0032305714871585386,2.9200477446155184,0.0,0.0,0.0
3327,691,672.6886,1081.4341,-0.0064738747,0.0,-0.0,0.0,0.0,0.0,-0.0032305714871585386,2.9200477446155184,0.0,0.0,0.0
3328,691,672.6886,1081.4341,-0.0064738747,0.0,-0.0,0.0,0.0,0.0,-0.0032305714871585386,2.9200477446155184,0.0,0.0,0.0
3329,691,672.6886,1081.4341,-0.0064738747,0.0,-0.0,0.0,0.0,0.0,-0.0032305714871585386,2.9200477446155184,0.0,0.0,0.0
3330,691,672.6886,1081.4341,-0.0064738747,0.0,-0.0,0.0,0.0,0.0,-0.0032305714871585386,2.9200477446155184,0.0,0.0,0.0
3331,691,672.6886,1081.4341,-0.0064738747,0.0,-0.0,0.0,0.0,0.0,-0.0032305714871585386,2.9200477446155184,0.0,0.0,0.0
3332,691,672.6886,1081.4341,-0.0064738747,0.0,-0.0,0.0,0.0,0.0,-0.0032305714871585386,2.9200477446155184,0.0,0.0,0.0
3333,691,672.6886,1081.4341,-0.0064738747,0.0,-0.0,0.0,0.0,0.0,-0.0032305714871585386,2.9200477446155184,0.0,0.0,0.0
3334,691,672.6886,1081.4341,-0.0064738747,0.0,-0.0,0.0,0.0,0.0,-0.0032305714871585386,2.9200477446155184,0.0,0.0,0.0
3335,691,672.6886,1081.4341,-0.0064738747,0.0,-0.0,0.0,0.0,0.0,-0.0032305714871585386,2.9200477446155184,0.0,0.0,0.0
3336,691,672.6886,1081.4341,-0.0064738747,0.0,-0.0,0.0,0.0,0.0,-0.0032305714871585386,2.9200477446155184,0.0,0.0,0.0
3337,691,672.6886,1081.4341,-0.0064738747,0.0,-0.0,0.0,0.0,0.0,-0.0032305714871585386,2.9200477446155184,0.0,0.0,0.0
3338,691,672.6886,1081.4341,-0.0064738747,0.0,-0.0,0.0,0.0,0.0,-0.0032305714871585386,2.9200477446155184,0.0,0.0,0.0
3339,691,672.6886,1081.4341,-0.0064738747,0.0,-0.0,0.0,0.0,0.0,-0.0032305714871585386,2.9200477446155184,0.0,0.0,0.0
3340,691,672.6886,1081.4341,-0.0064738747,0.0,-0.0,0.0,0.0,0.0,-0.0032305714871585386,2.9200477446155184,0.0,0.0,0.0
3341,691,672.6886,1081.4341,-0.0064738747,0.0,-0.0,0.0,0.0,0.0,-0.0032305714871585386,2.9200477446155184,0.0,0.0,0.0
3342,691,672.6886,1081.4341,-0.0064738747,0.0,-0.0,0.0,0.0,0.0,-0.0032305714871585386,2.9200477446155184,0.0,0.0,0.0
3343,691,672.6886,1081.4341,-0.0064738747,0.0,-0.0,0.0,0.0,0.0,-0.0032305714871585386,2.9200477446155184,0.0,0.0,0.0
3344,691,672.6886,1081.4341,-0.0064738747,0.0,-0.0,0.0,0.0,0.0,-0.0032305714871585386,2.9200477446155184,0.0,0.0,0.0
3345,691,672.6886,1081.4341,-0.0064738747,0.0,-0.0,0.0,0.0,0.0,-0.0032305714871585386,2.9200477446155184,0.0,0.0,0.0
3346,691,672.6886,1081.4341,-0.0064738747,0.0,-0.0,0.0,0.0,0.0,-0.0032305714871585386,2.9200477446155184,0.0,0.0,0.0
3347,691,672.6886,1081.4341,-0.0064738747,0.0,-0.0,0.0,0.0,0.0,-0.0032305714871585386,2.9200477446155184,0.0,0.0,0.0
3348,691,672.6886,1081.4341,-0.0064738747,0.0,-0.0,0.0,0.0,0.0,-0.0032305714871585386,2.9200477446155184,0.0,0.0,0.0
3349,691,672.6886,1081.4341,-0.0064738747,0.0,-0.0,0.0,0.0,0.0,-0.0032305714871585386,2.9200477446155184,0.0,0.0,0.0
3350,691,672.6886,1081.4341,-0.0064738747,0.0,-0.0,0.0,0.0,0.0,-0.0032305714871585386,2.9200477446155184,0.0,0.0,0.0
3351,691,672.6886,1081.4341,-0.0064738747,0.0,-0.0,0.0,0.0,0.0,-0.0032305714871585386,2.9200477446155184,0.0,0.0,0.0
3352,691,672.6886,1081.4341,-0.0064738747,0.0,-0.0,0.0,0.0,0.0,-0.0032305714871585386,2.9200477446155184,0.0,0.0,0.0
3353,691,672.6886,1081.4341,-0.0064738747,0.0,-0.0,0.0,0.0,0.0,-0.0032305714871585386,2.9200477446155184,0.0,0.0,0.0
3354,691,672.6886,1081.4341,-0.0064738747,0.0,-0.0,0.0,0.0,0.0,-0.0032305714871585386,2.9200477446155184,0.0,0.0,0.0
3355,691,672.6886,1081.4341,-0.0064738747,0.0,-0.0,0.0,0.0,0.0,-0.0032305714871585386,2.9200477446155184,0.0,0.0,0.0
3356,691,672.6886,1081.4341,-0.0064738747,0.0,-0.0,0.0,0.0,0.0,-0.0032305714871585386,2.9200477446155184,0.0,0.0,0.0
3357,691,672.6886,1081.4341,-0.0064738747,0.0,-0.0,0.0,0.0,0.0,-0.0032305714871585386,2.9200477446155184,0.0,0.0,0.0
3358,691,672.6886,1081.4341,-0.0064738747,0.0,-0.0,0.0,0.0,0.0,-0.0032305714871585386,2.9200477446155184,0.0,0.0,0.0
3359,691,672.6886,1081.4341,-0.0064738747,0.0,-0.0,0.0,0.0,0.0,-0.0032305714871585386,2.9200477446155184,0.0,0.0,0.0
3360,691,672.6886,1081.4341,-0.0064738747,0.0,-0.0,0.0,0.0,0.0,-0.0032305714871585386,2.9200477446155184,0.0,0.0,0.0
3361,691,672.6886,1081.4341,-0.0064738747,0.0,-0.0,0.0,0.0,0.0,-0.0032305714871585386,2.9200477446155184,0.0,0.0,0.0
3362,691,672.6886,1081.4341,-0.0064738747,0.0,-0.0,0.0,0.0,0.0,-0.0032305714871585386,2.9200477446155184,0.0,0.0,0.0
3363,691,672.6886,1081.4341,-0.0064738747,0.0,-0.0,0.0,0.0,0.0,-0.0032305714871585386,2.9200477446155184,0.0,0.0,0.0
3364,691,672.6886,1081.4341,-0.0064738747,0.0,-0.0,0.0,0.0,0.0,-0.0032305714871585386,2.9200477446155184,0.0,0.0,0.0
3365,691,672.6886,1081.4341,-0.0064738747,0.0,-0.0,0.0,0.0,0.0,-0.0032305714871585386,2.9200477446155184,0.0,0.0,0.0
3366,691,672.6886,1081.4341,-0.0064738747,0.0,-0.0,0.0,0.0,0.0,-0.0032305714871585386,2.9200477446155184,0.0,0.0,0.0
3367,691,672.6886,1081.4341,-0.0064738747,0.0,-0.0,0.0,0.0,0.0,-0.0032305714871585386,2.9200477446155184,0.0,0.0,0.0
3368,691,672.6886,1081.4341,-0.0064738747,0.0,-0.0,0.0,0.0,0.0,-0.0032305714871585386,2.9200477446155184,0.0,0.0,0.0
3369,691,672.6886,1081.4341,-0.0064738747,0.0,-0.0,0.0,0.0,0.0,-0.0032305714871585386,2.9200477446155184,0.0,0.0,0.0
3370,691,672.6886,1081.4341,-0.0064738747,0.0,-0.0,0.0,0.0,0.0,-0.0032305714871585386,2.9200477446155184,0.0,0.0,0.0
3371,691,672.6886,1081.4341,-0.0064738747,0.0,-0.0,0.0,0.0,0.0,-0.0032305714871585386,2.9200477446155184,0.0,0.0,0.0
3372,691,672.6886,1081.4341,-0.0064738747,0.0,-0.0,0.0,0.0,0.0,-0.0032305714871585386,2.9200477446155184,0.0,0.0,0.0
3373,691,672.6886,1081.4341,-0.0064738747,0.0,-0.0,0.0,0.0,0.0,-0.0032305714871585386,2.9200477446155184,0.0,0.0,0.0
3374,691,672.6886,1081.4341,-0.0064738747,0.0,-0.0,0.0,0.0,0.0,-0.0032305714871585386,2.9200477446155184,0.0,0.0,0.0
3375,691,672.6886,1081.4341,-0.0064738747,0.0,-0.0,0.0,0.0,0.0,-0.0032305714871585386,2.9200477446155184,0.0,0.0,0.0
3376,691,672.6886,1081.4341,-0.0064738747,0.0,-0.0,0.0,0.0,0.0,-0.0032305714871585386,2.9200477446155184,0.0,0.0,0.0
3377,691,672.6886,1081.4341,-0.0064738747,0.0,-0.0,0.0,0.0,0.0,-0.0032305714871585386,2.9200477446155184,0.0,0.0,0.0
3378,691,672.6886,1081.4341,-0.0064738747,0.0,-0.0,0.0,0.0,0.0,-0.0032305714871585386,2.9200477446155184,0.0,0.0,0.0
3379,691,672.6886,1081.4341,-0.0064738747,0.0,-0.0,0.0,0.0,0.0,-0.0032305714871585386,2.9200477446155184,0.0,0.0,0.0
3380,691,672.6886,1081.4341,-0.0064738747,0.0,-0.0,0.0,0.0,0.0,-0.0032305714871585386,2.9200477446155184,0.0,0.0,0.0
3381,691,672.6886,1081.4341,-0.0064738747,0.0,-0.0,0.0,0.0,0.0,-0.0032305714871585386,2.9200477446155184,0.0,0.0,0.0
3382,691,672.6886,1081.4341,-0.0064738747,0.0,-0.0,0.0,0.0,0.0,-0.0032305714871585386,2.9200477446155184,0.0,0.0,0.0
3383,691,672.6886,1081.4341,-0.0064738747,0.0,-0.0,0.0,0.0,0.0,-0.0032305714871585386,2.9200477446155184,0.0,0.0,0.0
3384,691,672.6886,1081.4341,-0.0064738747,0.0,-0.0,0.0,0.0,0.0,-0.0032305714871585386,2.9200477446155184,0.0,0.0,0.0
3385,691,672.6886,1081.4341,-0.0064738747,0.0,-0.0,0.0,0.0,0.0,-0.0032305714871585386,2.9200477446155184,0.0,0.0,0.0
3386,691,672.6886,1081.4341,-0.0064738747,0.0,-0.0,0.0,0.0,0.0,-0.0032305714871585386,2.9200477446155184,0.0,0.0,0.0
3387,691,672.6886,1081.4341,-0.0064738747,0.0,-0.0,0.0,0.0,0.0,-0.0032305714871585386,2.9200477446155184,0.0,0.0,0.0
3388,691,672.6886,1081.4341,-0.0064738747,0.0,-0.0,0.0,0.0,0.0,-0.0032305714871585386,2.9200477446155184,0.0,0.0,0.0
3389,691,672.6886,1081.4341,-0.0064738747,0.0,-0.0,0.0,0.0,0.0,-0.0032305714871585386,2.9200477446155184,0.0,0.0,0.0
3390,691,672.6886,1081.4341,-0.0064738747,0.0,-0.0,0.0,0.0,0.0,-0.0032305714871585386,2.9200477446155184,0.0,0.0,0.0
3391,691,672.6886,1081.4341,-0.0064738747,0.0,-0.0,0.0,0.0,0.0,-0.0032305714871585386,2.9200477446155184,0.0,0.0,0.0
3392,691,672.6886,1081.4341,-0.0064738747,0.0,-0.0,0.0,0.0,0.0,-0.0032305714871585386,2.9200477446155184,0.0,0.0,0.0
3393,691,672.6886,1081.4341,-0.0064738747,0.0,-0.0,0.0,0.0,0.0,-0.0032305714871585386,2.9200477446155184,0.0,0.0,0.0
3394,691,672.6886,1081.4341,-0.0064738747,0.0,-0.0,0.0,0.0,0.0,-0.0032305714871585386,2.9200477446155184,0.0,0.0,0.0
3395,691,672.6886,1081.4341,-0.0064738747,0.0,-0.0,0.0,0.0,0.0,-0.0032305714871585386,2.9200477446155184,0.0,0.0,0.0
3396,691,672.6886,1081.4341,-0.0064738747,0.0,-0.0,0.0,0.0,0.0,-0.0032305714871585386,2.9200477446155184,0.0,0.0,0.0
3397,691,672.6886,1081.4341,-0.0064738747,0.0,-0.0,0.0,0.0,0.0,-0.0032305714871585386,2.9200477446155184,0.0,0.0,0.0
3398,691,672.6886,1081.4341,-0.0064738747,0.0,-0.0,0.0,0.0,0.0,-0.0032305714871585386,2.9200477446155184,0.0,0.0,0.0
3399,691,672.6886,1081.4341,-0.0064738747,0.0,-0.0,0.0,0.0,0.0,-0.0032305714871585386,2.9200477446155184,0.0,0.0,0.0
3400,691,672.6886,1081.4341,-0.0064738747,0.0,-0.0,0.0,0.0,0.0,-0.0032305714871585386,2.9200477446155184,0.0,0.0,0.0
3401,691,672.6886,1081.4341,-0.0064738747,0.0,-0.0,0.0,0.0,0.0,-0.0032305714871585386,2.9200477446155184,0.0,0.0,0.0
3402,691,672.6886,1081.4341,-0.0064738747,0.0,-0.0,0.0,0.0,0.0,-0.0032305714871585386,2.9200477446155184,0.0,0.0,0.0
3403,691,672.6886,1081.4341,-0.0064738747,0.0,-0.0,0.0,0.0,0.0,-0.0032305714871585386,2.9200477446155184,0.0,0.0,0.0
3404,691,672.6886,1081.4341,-0.0064738747,0.0,-0.0,0.0,0.0,0.0,-0.0032305714871585386,2.9200477446155184,0.0,0.0,0.0
3405,691,672.6886,1081.4341,-0.0064738747,0.0,-0.0,0.0,0.0,0.0,-0.0032305714871585386,2.9200477446155184,0.0,0.0,0.0
3406,691,672.6886,1081.4341,-0.0064738747,0.0,-0.0,0.0,0.0,0.0,-0.0032305714871585386,2.9200477446155184,0.0,0.0,0.0
3407,691,672.6886,1081.4341,-0.0064738747,0.0,-0.0,0.0,0.0,0.0,-0.0032305714871585386,2.9200477446155184,0.0,0.0,0.0
3408,691,672.6886,1081.4341,-0.0064738747,0.0,-0.0,0.0,0.0,0.0,-0.0032305714871585386,2.9200477446155184,0.0,0.0,0.0
3409,691,672.6886,1081.4341,-0.0064738747,0.0,-0.0,0.0,0.0,0.0,-0.0032305714871585386,2.9200477446155184,0.0,0.0,0.0
3410,691,672.6886,1081.4341,-0.0064738747,0.0,-0.0,0.0,0.0,0.0,-0.0032305714871585386,2.9200477446155184,0.0,0.0,0.0
3411,691,672.6886,1081.4341,-0.0064738747,0.0,-0.0,0.0,0.0,0.0,-0.0032305714871585386,2.9200477446155184,0.0,0.0,0.0
3412,691,672.6886,1081.4341,-0.0064738747,0.0,-0.0,0.0,0.0,0.0,-0.0032305714871585386,2.9200477446155184,0.0,0.0,0.0
3413,691,672.6886,1081.4341,-0.0064738747,0.0,-0.0,0.0,0.0,0.0,-0.0032305714871585386,2.9200477446155184,0.0,0.0,0.0
3414,691,672.6886,1081.4341,-0.0064738747,0.0,-0.0,0.0,0.0,0.0,-0.0032305714871585386,2.9200477446155184,0.0,0.0,0.0
3415,691,672.6886,1081.4341,-0.0064738747,0.0,-0.0,0.0,0.0,0.0,-0.0032305714871585386,2.9200477446155184,0.0,0.0,0.0
3416,691,672.6886,1081.4341,-0.0064738747,0.0,-0.0,0.0,0.0,0.0,-0.0032305714871585386,2.9200477446155184,0.0,0.0,0.0
3417,691,672.6886,1081.4341,-0.0064738747,0.0,-0.0,0.0,0.0,0.0,-0.0032305714871585386,2.9200477446155184,0.0,0.0,0.0
3418,691,672.6886,1081.4341,-0.0064738747,0.0,-0.0,0.0,0.0,0.0,-0.0032305714871585386,2.9200477446155184,0.0,0.0,0.0
3419,691,672.6886,1081.4341,-0.0064738747,0.0,-0.0,0.0,0.0,0.0,-0.0032305714871585386,2.9200477446155184,0.0,0.0,0.0
3420,691,672.6886,1081.4341,-0.0064738747,0.0,-0.0,0.0,0.0,0.0,-0.0032305714871585386,2.9200477446155184,0.0,0.0,0.0
3421,691,672.6886,1081.4341,-0.0064738747,0.0,-0.0,0.0,0.0,0.0,-0.0032305714871585386,2.9200477446155184,0.0,0.0,0.0
3422,691,672.6886,1081.4341,-0.0064738747,0.0,-0.0,0.0,0.0,0.0,-0.0032305714871585386,2.9200477446155184,0.0,0.0,0.0
3423,691,672.6886,1081.4341,-0.0064738747,0.0,-0.0,0.0,0.0,0.0,-0.0032305714871585386,2.9200477446155184,0.0,0.0,0.0
3424,691,672.6886,1081.4341,-0.0064738747,0.0,-0.0,0.0,0.0,0.0,-0.0032305714871585386,2.9200477446155184,0.0,0.0,0.0
3425,691,672.6886,1081.4341,-0.0064738747,0.0,-0.0,0.0,0.0,0.0,-0.0032305714871585386,2.9200477446155184,0.0,0.0,0.0
3426,691,672.6886,1081.4341,-0.0064738747,0.0,-0.0,0.0,0.0,0.0,-0.0032305714871585386,2.9200477446155184,0.0,0.0,0.0
3427,691,672.6886,1081.4341,-0.0064738747,0.0,-0.0,0.0,0.0,0.0,-0.0032305714871585386,2.9200477446155184,0.0,0.0,0.0
3428,691,672.6886,1081.4341,-0.0064738747,0.0,-0.0,0.0,0.0,0.0,-0.0032305714871585386,2.9200477446155184,0.0,0.0,0.0
3429,691,672.6886,1081.4341,-0.0064738747,0.0,-0.0,0.0,0.0,0.0,-0.0032305714871585386,2.9200477446155184,0.0,0.0,0.0
3430,691,672.6886,1081.4341,-0.0064738747,0.0,-0.0,0.0,0.0,0.0,-0.0032305714871585386,2.9200477446155184,0.0,0.0,0.0
3431,691,672.6886,1081.4341,-0.0064738747,0.0,-0.0,0.0,0.0,0.0,-0.0032305714871585386,2.9200477446155184,0.0,0.0,0.0
3432,691,672.6886,1081.4341,-0.0064738747,0.0,-0.0,0.0,0.0,0.0,-0.0032305714871585386,2.9200477446155184,0.0,0.0,0.0
3433,691,672.6886,1081.4341,-0.0064738747,0.0,-0.0,0.0,0.0,0.0,-0.0032305714871585386,2.9200477446155184,0.0,0.0,0.0
3434,691,672.6886,1081.4341,-0.0064738747,0.0,-0.0,0.0,0.0,0.0,-0.0032305714871585386,2.9200477446155184,0.0,0.0,0.0
3435,691,672.6886,1081.4341,-0.0064738747,0.0,-0.0,0.0,0.0,0.0,-0.0032305714871585386,2.9200477446155184,0.0,0.0,0.0
3436,691,672.6886,1081.4341,-0.0064738747,0.0,-0.0,0.0,0.0,0.0,-0.0032305714871585386,2.9200477446155184,0.0,0.0,0.0
3437,691,672.6886,1081.4341,-0.0064738747,0.0,-0.0,0.0,0.0,0.0,-0.0032305714871585386,2.9200477446155184,0.0,0.0,0.0
3438,691,672.6886,1081.4341,-0.0064738747,0.0,-0.0,0.0,0.0,0.0,-0.0032305714871585386,2.9200477446155184,0.0,0.0,0.0
3439,691,672.6886,1081.4341,-0.0064738747,0.0,-0.0,0.0,0.0,0.0,-0.0032305714871585386,2.9200477446155184,0.0,0.0,0.0
3440,691,672.6886,1081.4341,-0.0064738747,0.0,-0.0,0.0,0.0,0.0,-0.0032305714871585386,2.9200477446155184,0.0,0.0,0.0
3441,691,672.6886,1081.4341,-0.0064738747,0.0,-0.0,0.0,0.0,0.0,-0.0032305714871585386,2.9200477446155184,0.0,0.0,0.0
3442,691,672.6886,1081.4341,-0.0064738747,0.0,-0.0,0.0,0.0,0.0,-0.0032305714871585386,2.9200477446155184,0.0,0.0,0.0
3443,691,672.6886,1081.4341,-0.0064738747,0.0,-0.0,0.0,0.0,0.0,-0.0032305714871585386,2.9200477446155184,0.0,0.0,0.0
3444,691,672.6886,1081.4341,-0.0064738747,0.0,-0.0,0.0,0.0,0.0,-0.0032305714871585386,2.9200477446155184,0.0,0.0,0.0
3445,691,672.6886,1081.4341,-0.0064738747,0.0,-0.0,0.0,0.0,0.0,-0.0032305714871585386,2.9200477446155184,0.0,0.0,0.0
3446,691,672.6886,1081.4341,-0.0064738747,0.0,-0.0,0.0,0.0,0.0,-0.0032305714871585386,2.9200477446155184,0.0,0.0,0.0
3447,691,672.6886,1081.4341,-0.0064738747,0.0,-0.0,0.0,0.0,0.0,-0.0032305714871585386,2.9200477446155184,0.0,0.0,0.0
3448,691,672.6886,1081.4341,-0.0064738747,0.0,-0.0,0.0,0.0,0.0,-0.0032305714871585386,2.9200477446155184,0.0,0.0,0.0
3449,691,672.6886,1081.4341,-0.0064738747,0.0,-0.0,0.0,0.0,0.0,-0.0032305714871585386,2.9200477446155184,0.0,0.0,0.0
3450,691,672.6886,1081.4341,-0.0064738747,0.0,-0.0,0.0,0.0,0.0,-0.0032305714871585386,2.9200477446155184,0.0,0.0,0.0
3451,691,672.6886,1081.4341,-0.0064738747,0.0,-0.0,0.0,0.0,0.0,-0.0032305714871585386,2.9200477446155184,0.0,0.0,0.0
3452,691,672.6886,1081.4341,-0.0064738747,0.0,-0.0,0.0,0.0,0.0,-0.0032305714871585386,2.9200477446155184,0.0,0.0,0.0
3453,691,672.6886,1081.4341,-0.0064738747,0.0,-0.0,0.0,0.0,0.0,-0.0032305714871585386,2.9200477446155184,0.0,0.0,0.0
3454,691,672.6886,1081.4341,-0.0064738747,0.0,-0.0,0.0,0.0,0.0,-0.0032305714871585386,2.9200477446155184,0.0,0.0,0.0
3455,691,672.6886,1081.4341,-0.0064738747,0.0,-0.0,0.0,0.0,0.0,-0.0032305714871585386,2.9200477446155184,0.0,0.0,0.0
3456,691,672.6886,1081.4341,-0.0064738747,0.0,-0.0,0.0,0.0,0.0,-0.0032305714871585386,2.9200477446155184,0.0,0.0,0.0
3457,691,672.6886,1081.4341,-0.0064738747,0.0,-0.0,0.0,0.0,0.0,-0.0032305714871585386,2.9200477446155184,0.0,0.0,0.0
3458,691,672.6886,1081.4341,-0.0064738747,0.0,-0.0,0.0,0.0,0.0,-0.0032305714871585386,2.9200477446155184,0.0,0.0,0.0
3459,691,672.6886,1081.4341,-0.0064738747,0.0,-0.0,0.0,0.0,0.0,-0.0032305714871585386,2.9200477446155184,0.0,0.0,0.0
3460,691,672.6886,1081.4341,-0.0064738747,0.0,-0.0,0.0,0.0,0.0,-0.0032305714871585386,2.9200477446155184,0.0,0.0,0.0
3461,691,672.6886,1081.4341,-0.0064738747,0.0,-0.0,0.0,0.0,0.0,-0.0032305714871585386,2.9200477446155184,0.0,0.0,0.0
3462,691,672.6886,1081.4341,-0.0064738747,0.0,-0.0,0.0,0.0,0.0,-0.0032305714871585386,2.9200477446155184,0.0,0.0,0.0
3463,691,672.6886,1081.4341,-0.0064738747,0.0,-0.0,0.0,0.0,0.0,-0.0032305714871585386,2.9200477446155184,0.0,0.0,0.0
3464,691,672.6886,1081.4341,-0.0064738747,0.0,-0.0,0.0,0.0,0.0,-0.0032305714871585386,2.9200477446155184,0.0,0.0,0.0
3465,691,672.6886,1081.4341,-0.0064738747,0.0,-0.0,0.0,0.0,0.0,-0.0032305714871585386,2.9200477446155184,0.0,0.0,0.0
3466,691,672.6886,1081.4341,-0.0064738747,0.0,-0.0,0.0,0.0,0.0,-0.0032305714871585386,2.9200477446155184,0.0,0.0,0.0
3467,691,672.6886,1081.4341,-0.0064738747,0.0,-0.0,0.0,0.0,0.0,-0.0032305714871585386,2.9200477446155184,0.0,0.0,0.0
3468,691,672.6886,1081.4341,-0.0064738747,0.0,-0.0,0.0,0.0,0.0,-0.0032305714871585386,2.9200477446155184,0.0,0.0,0.0
3469,691,672.6886,1081.4341,-0.0064738747,0.0,-0.0,0.0,0.0,0.0,-0.0032305714871585386,2.9200477446155184,0.0,0.0,0.0
3470,691,672.6886,1081.4341,-0.0064738747,0.0,-0.0,0.0,0.0,0.0,-0.0032305714871585386,2.9200477446155184,0.0,0.0,0.0
3471,691,672.6886,1081.4341,-0.0064738747,0.0,-0.0,0.0,0.0,0.0,-0.0032305714871585386,2.9200477446155184,0.0,0.0,0.0
3472,691,672.6886,1081.4341,-0.0064738747,0.0,-0.0,0.0,0.0,0.0,-0.0032305714871585386,2.9200477446155184,0.0,0.0,0.0
3473,691,672.6886,1081.4341,-0.0064738747,0.0,-0.0,0.0,0.0,0.0,-0.0032305714871585386,2.9200477446155184,0.0,0.0,0.0
3474,691,672.6886,1081.4341,-0.0064738747,0.0,-0.0,0.0,0.0,0.0,-0.0032305714871585386,2.9200477446155184,0.0,0.0,0.0
3475,691,672.6886,1081.4341,-0.0064738747,0.0,-0.0,0.0,0.0,0.0,-0.0032305714871585386,2.9200477446155184,0.0,0.0,0.0
3476,691,672.6886,1081.4341,-0.0064738747,0.0,-0.0,0.0,0.0,0.0,-0.0032305714871585386,2.9200477446155184,0.0,0.0,0.0
3477,691,672.6886,1081.4341,-0.0064738747,0.0,-0.0,0.0,0.0,0.0,-0.0032305714871585386,2.9200477446155184,0.0,0.0,0.0
3478,691,672.6886,1081.4341,-0.0064738747,0.0,-0.0,0.0,0.0,0.0,-0.0032305714871585386,2.9200477446155184,0.0,0.0,0.0
3479,691,672.6886,1081.4341,-0.0064738747,0.0,-0.0,0.0,0.0,0.0,-0.0032305714871585386,2.9200477446155184,0.0,0.0,0.0
3480,691,672.6886,1081.4341,-0.0064738747,0.0,-0.0,0.0,0.0,0.0,-0.0032305714871585386,2.9200477446155184,0.0,0.0,0.0
3481,691,672.6886,1081.4341,-0.0064738747,0.0,-0.0,0.0,0.0,0.0,-0.0032305714871585386,2.9200477446155184,0.0,0.0,0.0
3482,691,672.6886,1081.4341,-0.0064738747,0.0,-0.0,0.0,0.0,0.0,-0.0032305714871585386,2.9200477446155184,0.0,0.0,0.0
3483,691,672.6886,1081.4341,-0.0064738747,0.0,-0.0,0.0,0.0,0.0,-0.0032305714871585386,2.9200477446155184,0.0,0.0,0.0
3484,691,672.6886,1081.4341,-0.0064738747,0.0,-0.0,0.0,0.0,0.0,-0.0032305714871585386,2.9200477446155184,0.0,0.0,0.0
3485,691,672.6886,1081.4341,-0.0064738747,0.0,-0.0,0.0,0.0,0.0,-0.0032305714871585386,2.9200477446155184,0.0,0.0,0.0
3486,691,672.6886,1081.4341,-0.0064738747,0.0,-0.0,0.0,0.0,0.0,-0.0032305714871585386,2.9200477446155184,0.0,0.0,0.0
3487,691,672.6886,1081.4341,-0.0064738747,0.0,-0.0,0.0,0.0,0.0,-0.0032305714871585386,2.9200477446155184,0.0,0.0,0.0
3488,691,672.6886,1081.4341,-0.0064738747,0.0,-0.0,0.0,0.0,0.0,-0.0032305714871585386,2.9200477446155184,0.0,0.0,0.0
3489,691,672.6886,1081.4341,-0.0064738747,0.0,-0.0,0.0,0.0,0.0,-0.0032305714871585386,2.9200477446155184,0.0,0.0,0.0
3490,691,672.6886,1081.4341,-0.0064738747,0.0,-0.0,0.0,0.0,0.0,-0.0032305714871585386,2.9200477446155184,0.0,0.0,0.0
3491,691,672.6886,1081.4341,-0.0064738747,0.0,-0.0,0.0,0.0,0.0,-0.0032305714871585386,2.9200477446155184,0.0,0.0,0.0
3492,691,672.6886,1081.4341,-0.0064738747,0.0,-0.0,0.0,0.0,0.0,-0.0032305714871585386,2.9200477446155184,0.0,0.0,0.0
3493,691,672.6886,1081.4341,-0.0064738747,0.0,-0.0,0.0,0.0,0.0,-0.0032305714871585386,2.9200477446155184,0.0,0.0,0.0
3494,691,672.6886,1081.4341,-0.0064738747,0.0,-0.0,0.0,0.0,0.0,-0.0032305714871585386,2.9200477446155184,0.0,0.0,0.0
3495,691,672.6886,1081.4341,-0.0064738747,0.0,-0.0,0.0,0.0,0.0,-0.0032305714871585386,2.9200477446155184,0.0,0.0,0.0
3496,691,672.6886,1081.4341,-0.0064738747,0.0,-0.0,0.0,0.0,0.0,-0.0032305714871585386,2.9200477446155184,0.0,0.0,0.0
3497,691,672.6886,1081.4341,-0.0064738747,0.0,-0.0,0.0,0.0,0.0,-0.0032305714871585386,2.9200477446155184,0.0,0.0,0.0
3498,691,672.6886,1081.4341,-0.0064738747,0.0,-0.0,0.0,0.0,0.0,-0.0032305714871585386,2.9200477446155184,0.0,0.0,0.0
3499,691,672.6886,1081.4341,-0.0064738747,0.0,-0.0,0.0,0.0,0.0,-0.0032305714871585386,2.9200477446155184,0.0,0.0,0.0
3500,691,672.6886,1081.4341,-0.0064738747,0.0,-0.0,0.0,0.0,0.0,-0.0032305714871585386,2.9200477446155184,0.0,0.0,0.0
3501,691,672.6886,1081.4341,-0.0064738747,0.0,-0.0,0.0,0.0,0.0,-0.0032305714871585386,2.9200477446155184,0.0,0.0,0.0
3502,691,672.6886,1081.4341,-0.0064738747,0.0,-0.0,0.0,0.0,0.0,-0.0032305714871585386,2.9200477446155184,0.0,0.0,0.0
3503,691,672.6886,1081.4341,-0.0064738747,0.0,-0.0,0.0,0.0,0.0,-0.0032305714871585386,2.9200477446155184,0.0,0.0,0.0
3504,691,672.6886,1081.4341,-0.0064738747,0.0,-0.0,0.0,0.0,0.0,-0.0032305714871585386,2.9200477446155184,0.0,0.0,0.0
3505,691,672.6886,1081.4341,-0.0064738747,0.0,-0.0,0.0,0.0,0.0,-0.0032305714871585386,2.9200477446155184,0.0,0.0,0.0
3506,691,672.6886,1081.4341,-0.0064738747,0.0,-0.0,0.0,0.0,0.0,-0.0032305714871585386,2.9200477446155184,0.0,0.0,0.0
3507,691,672.6886,1081.4341,-0.0064738747,0.0,-0.0,0.0,0.0,0.0,-0.0032305714871585386,2.9200477446155184,0.0,0.0,0.0
3508,691,672.6886,1081.4341,-0.0064738747,0.0,-0.0,0.0,0.0,0.0,-0.0032305714871585386,2.9200477446155184,0.0,0.0,0.0
3509,691,672.6886,1081.4341,-0.0064738747,0.0,-0.0,0.0,0.0,0.0,-0.0032305714871585386,2.9200477446155184,0.0,0.0,0.0
3510,691,672.6886,1081.4341,-0.0064738747,0.0,-0.0,0.0,0.0,0.0,-0.0032305714871585386,2.9200477446155184,0.0,0.0,0.0
3511,691,672.6886,1081.4341,-0.0064738747,0.0,-0.0,0.0,0.0,0.0,-0.0032305714871585386,2.9200477446155184,0.0,0.0,0.0
3512,691,672.6886,1081.4341,-0.0064738747,0.0,-0.0,0.0,0.0,0.0,-0.0032305714871585386,2.9200477446155184,0.0,0.0,0.0
3513,691,672.6886,1081.4341,-0.0064738747,0.0,-0.0,0.0,0.0,0.0,-0.0032305714871585386,2.9200477446155184,0.0,0.0,0.0
3514,691,672.6886,1081.4341,-0.0064738747,0.0,-0.0,0.0,0.0,0.0,-0.0032305714871585386,2.9200477446155184,0.0,0.0,0.0
3515,691,672.6886,1081.4341,-0.0064738747,0.0,-0.0,0.0,0.0,0.0,-0.0032305714871585386,2.9200477446155184,0.0,0.0,0.0
3516,691,672.6886,1081.4341,-0.0064738747,0.0,-0.0,0.0,0.0,0.0,-0.0032305714871585386,2.9200477446155184,0.0,0.0,0.0
3517,691,672.6886,1081.4341,-0.0064738747,0.0,-0.0,0.0,0.0,0.0,-0.0032305714871585386,2.9200477446155184,0.0,0.0,0.0
3518,691,672.6886,1081.4341,-0.0064738747,0.0,-0.0,0.0,0.0,0.0,-0.0032305714871585386,2.9200477446155184,0.0,0.0,0.0
3519,691,672.6886,1081.4341,-0.0064738747,0.0,-0.0,0.0,0.0,0.0,-0.0032305714871585386,2.9200477446155184,0.0,0.0,0.0
3520,691,672.6886,1081.4341,-0.0064738747,0.0,-0.0,0.0,0.0,0.0,-0.0032305714871585386,2.9200477446155184,0.0,0.0,0.0
3521,691,672.6886,1081.4341,-0.0064738747,0.0,-0.0,0.0,0.0,0.0,-0.0032305714871585386,2.9200477446155184,0.0,0.0,0.0
3522,691,672.6886,1081.4341,-0.0064738747,0.0,-0.0,0.0,0.0,0.0,-0.0032305714871585386,2.9200477446155184,0.0,0.0,0.0
3523,691,672.6886,1081.4341,-0.0064738747,0.0,-0.0,0.0,0.0,0.0,-0.0032305714871585386,2.9200477446155184,0.0,0.0,0.0
3524,691,672.6886,1081.4341,-0.0064738747,0.0,-0.0,0.0,0.0,0.0,-0.0032305714871585386,2.9200477446155184,0.0,0.0,0.0
3525,691,672.6886,1081.4341,-0.0064738747,0.0,-0.0,0.0,0.0,0.0,-0.0032305714871585386,2.9200477446155184,0.0,0.0,0.0
3526,691,672.6886,1081.4341,-0.0064738747,0.0,-0.0,0.0,0.0,0.0,-0.0032305714871585386,2.9200477446155184,0.0,0.0,0.0
3527,691,672.6886,1081.4341,-0.0064738747,0.0,-0.0,0.0,0.0,0.0,-0.0032305714871585386,2.9200477446155184,0.0,0.0,0.0
3528,691,672.6886,1081.4341,-0.0064738747,0.0,-0.0,0.0,0.0,0.0,-0.0032305714871585386,2.9200477446155184,0.0,0.0,0.0
3529,691,672.6886,1081.4341,-0.0064738747,0.0,-0.0,0.0,0.0,0.0,-0.0032305714871585386,2.9200477446155184,0.0,0.0,0.0
3530,691,672.6886,1081.4341,-0.0064738747,0.0,-0.0,0.0,0.0,0.0,-0.0032305714871585386,2.9200477446155184,0.0,0.0,0.0
3531,691,672.6886,1081.4341,-0.0064738747,0.0,-0.0,0.0,0.0,0.0,-0.0032305714871585386,2.9200477446155184,0.0,0.0,0.0
3532,691,672.6886,1081.4341,-0.0064738747,0.0,-0.0,0.0,0.0,0.0,-0.0032305714871585386,2.9200477446155184,0.0,0.0,0.0
3533,691,672.6886,1081.4341,-0.0064738747,0.0,-0.0,0.0,0.0,0.0,-0.0032305714871585386,2.9200477446155184,0.0,0.0,0.0
3534,691,672.6886,1081.4341,-0.0064738747,0.0,-0.0,0.0,0.0,0.0,-0.0032305714871585386,2.9200477446155184,0.0,0.0,0.0
3535,691,672.6886,1081.4341,-0.0064738747,0.0,-0.0,0.0,0.0,0.0,-0.0032305714871585386,2.9200477446155184,0.0,0.0,0.0
3536,691,672.6886,1081.4341,-0.0064738747,0.0,-0.0,0.0,0.0,0.0,-0.0032305714871585386,2.9200477446155184,0.0,0.0,0.0
3537,691,672.6886,1081.4341,-0.0064738747,0.0,-0.0,0.0,0.0,0.0,-0.0032305714871585386,2.9200477446155184,0.0,0.0,0.0
3538,691,672.6886,1081.4341,-0.0064738747,0.0,-0.0,0.0,0.0,0.0,-0.0032305714871585386,2.9200477446155184,0.0,0.0,0.0
3539,691,672.6886,1081.4341,-0.0064738747,0.0,-0.0,0.0,0.0,0.0,-0.0032305714871585386,2.9200477446155184,0.0,0.0,0.0
3540,691,672.6886,1081.4341,-0.0064738747,0.0,-0.0,0.0,0.0,0.0,-0.0032305714871585386,2.9200477446155184,0.0,0.0,0.0
3541,691,672.6886,1081.4341,-0.0064738747,0.0,-0.0,0.0,0.0,0.0,-0.0032305714871585386,2.9200477446155184,0.0,0.0,0.0
3542,691,672.6886,1081.4341,-0.0064738747,0.0,-0.0,0.0,0.0,0.0,-0.0032305714871585386,2.9200477446155184,0.0,0.0,0.0
3543,691,672.6886,1081.4341,-0.0064738747,0.0,-0.0,0.0,0.0,0.0,-0.0032305714871585386,2.9200477446155184,0.0,0.0,0.0
3544,691,672.6886,1081.4341,-0.0064738747,0.0,-0.0,0.0,0.0,0.0,-0.0032305714871585386,2.9200477446155184,0.0,0.0,0.0
3545,691,672.6886,1081.4341,-0.0064738747,0.0,-0.0,0.0,0.0,0.0,-0.0032305714871585386,2.9200477446155184,0.0,0.0,0.0
3546,691,672.6886,1081.4341,-0.0064738747,0.0,-0.0,0.0,0.0,0.0,-0.0032305714871585386,2.9200477446155184,0.0,0.0,0.0
3547,691,672.6886,1081.4341,-0.0064738747,0.0,-0.0,0.0,0.0,0.0,-0.0032305714871585386,2.9200477446155184,0.0,0.0,0.0
3548,691,672.6886,1081.4341,-0.0064738747,0.0,-0.0,0.0,0.0,0.0,-0.0032305714871585386,2.9200477446155184,0.0,0.0,0.0
3549,691,672.6886,1081.4341,-0.0064738747,0.0,-0.0,0.0,0.0,0.0,-0.0032305714871585386,2.9200477446155184,0.0,0.0,0.0
3550,691,672.6886,1081.4341,-0.0064738747,0.0,-0.0,0.0,0.0,0.0,-0.0032305714871585386,2.9200477446155184,0.0,0.0,0.0
3551,691,672.6886,1081.4341,-0.0064738747,0.0,-0.0,0.0,0.0,0.0,-0.0032305714871585386,2.9200477446155184,0.0,0.0,0.0
3552,691,672.6886,1081.4341,-0.0064738747,0.0,-0.0,0.0,0.0,0.0,-0.0032305714871585386,2.9200477446155184,0.0,0.0,0.0
3553,691,672.6886,1081.4341,-0.0064738747,0.0,-0.0,0.0,0.0,0.0,-0.0032305714871585386,2.9200477446155184,0.0,0.0,0.0
3554,691,672.6886,1081.4341,-0.0064738747,0.0,-0.0,0.0,0.0,0.0,-0.0032305714871585386,2.9200477446155184,0.0,0.0,0.0
3555,691,672.6886,1081.4341,-0.0064738747,0.0,-0.0,0.0,0.0,0.0,-0.0032305714871585386,2.9200477446155184,0.0,0.0,0.0
3556,691,672.6886,1081.4341,-0.0064738747,0.0,-0.0,0.0,0.0,0.0,-0.0032305714871585386,2.9200477446155184,0.0,0.0,0.0
3557,691,672.6886,1081.4341,-0.0064738747,0.0,-0.0,0.0,0.0,0.0,-0.0032305714871585386,2.9200477446155184,0.0,0.0,0.0
3558,691,672.6886,1081.4341,-0.0064738747,0.0,-0.0,0.0,0.0,0.0,-0.0032305714871585386,2.9200477446155184,0.0,0.0,0.0
3559,691,672.6886,1081.4341,-0.0064738747,0.0,-0.0,0.0,0.0,0.0,-0.0032305714871585386,2.9200477446155184,0.0,0.0,0.0
3560,691,672.6886,1081.4341,-0.0064738747,0.0,-0.0,0.0,0.0,0.0,-0.0032305714871585386,2.9200477446155184,0.0,0.0,0.0
3561,691,672.6886,1081.4341,-0.0064738747,0.0,-0.0,0.0,0.0,0.0,-0.0032305714871585386,2.9200477446155184,0.0,0.0,0.0
3562,691,672.6886,1081.4341,-0.0064738747,0.0,-0.0,0.0,0.0,0.0,-0.0032305714871585386,2.9200477446155184,0.0,0.0,0.0
3563,691,672.6886,1081.4341,-0.0064738747,0.0,-0.0,0.0,0.0,0.0,-0.0032305714871585386,2.9200477446155184,0.0,0.0,0.0
3564,691,672.6886,1081.4341,-0.0064738747,0.0,-0.0,0.0,0.0,0.0,-0.0032305714871585386,2.9200477446155184,0.0,0.0,0.0
3565,691,672.6886,1081.4341,-0.0064738747,0.0,-0.0,0.0,0.0,0.0,-0.0032305714871585386,2.9200477446155184,0.0,0.0,0.0
3566,691,672.6886,1081.4341,-0.0064738747,0.0,-0.0,0.0,0.0,0.0,-0.0032305714871585386,2.9200477446155184,0.0,0.0,0.0
3567,691,672.6886,1081.4341,-0.0064738747,0.0,-0.0,0.0,0.0,0.0,-0.0032305714871585386,2.9200477446155184,0.0,0.0,0.0
3568,691,672.6886,1081.4341,-0.0064738747,0.0,-0.0,0.0,0.0,0.0,-0.0032305714871585386,2.9200477446155184,0.0,0.0,0.0
3569,691,672.6886,1081.4341,-0.0064738747,0.0,-0.0,0.0,0.0,0.0,-0.0032305714871585386,2.9200477446155184,0.0,0.0,0.0
3570,691,672.6886,1081.4341,-0.0064738747,0.0,-0.0,0.0,0.0,0.0,-0.0032305714871585386,2.9200477446155184,0.0,0.0,0.0
3571,691,672.6886,1081.4341,-0.0064738747,0.0,-0.0,0.0,0.0,0.0,-0.0032305714871585386,2.9200477446155184,0.0,0.0,0.0
3572,691,672.6886,1081.4341,-0.0064738747,0.0,-0.0,0.0,0.0,0.0,-0.0032305714871585386,2.9200477446155184,0.0,0.0,0.0
3573,691,672.6886,1081.4341,-0.0064738747,0.0,-0.0,0.0,0.0,0.0,-0.0032305714871585386,2.9200477446155184,0.0,0.0,0.0
3574,691,672.6886,1081.4341,-0.0064738747,0.0,-0.0,0.0,0.0,0.0,-0.0032305714871585386,2.9200477446155184,0.0,0.0,0.0
3575,691,672.6886,1081.4341,-0.0064738747,0.0,-0.0,0.0,0.0,0.0,-0.0032305714871585386,2.9200477446155184,0.0,0.0,0.0
3576,691,672.6886,1081.4341,-0.0064738747,0.0,-0.0,0.0,0.0,0.0,-0.0032305714871585386,2.9200477446155184,0.0,0.0,0.0
3577,691,672.6886,1081.4341,-0.0064738747,0.0,-0.0,0.0,0.0,0.0,-0.0032305714871585386,2.9200477446155184,0.0,0.0,0.0
3578,691,672.6886,1081.4341,-0.0064738747,0.0,-0.0,0.0,0.0,0.0,-0.0032305714871585386,2.9200477446155184,0.0,0.0,0.0
3579,691,672.6886,1081.4341,-0.0064738747,0.0,-0.0,0.0,0.0,0.0,-0.0032305714871585386,2.9200477446155184,0.0,0.0,0.0
3580,691,672.6886,1081.4341,-0.0064738747,0.0,-0.0,0.0,0.0,0.0,-0.0032305714871585386,2.9200477446155184,0.0,0.0,0.0
3581,691,672.6886,1081.4341,-0.0064738747,0.0,-0.0,0.0,0.0,0.0,-0.0032305714871585386,2.9200477446155184,0.0,0.0,0.0
3582,691,672.6886,1081.4341,-0.0064738747,0.0,-0.0,0.0,0.0,0.0,-0.0032305714871585386,2.9200477446155184,0.0,0.0,0.0
3583,691,672.6886,1081.4341,-0.0064738747,0.0,-0.0,0.0,0.0,0.0,-0.0032305714871585386,2.9200477446155184,0.0,0.0,0.0
3584,691,672.6886,1081.4341,-0.0064738747,0.0,-0.0,0.0,0.0,0.0,-0.0032305714871585386,2.9200477446155184,0.0,0.0,0.0
3585,691,672.6886,1081.4341,-0.0064738747,0.0,-0.0,0.0,0.0,0.0,-0.0032305714871585386,2.9200477446155184,0.0,0.0,0.0
3586,691,672.6886,1081.4341,-0.0064738747,0.0,-0.0,0.0,0.0,0.0,-0.0032305714871585386,2.9200477446155184,0.0,0.0,0.0
3587,691,672.6886,1081.4341,-0.0064738747,0.0,-0.0,0.0,0.0,0.0,-0.0032305714871585386,2.9200477446155184,0.0,0.0,0.0
3588,691,672.6886,1081.4341,-0.0064738747,0.0,-0.0,0.0,0.0,0.0,-0.0032305714871585386,2.9200477446155184,0.0,0.0,0.0
3589,691,672.6886,1081.4341,-0.0064738747,0.0,-0.0,0.0,0.0,0.0,-0.0032305714871585386,2.9200477446155184,0.0,0.0,0.0
3590,691,672.6886,1081.4341,-0.0064738747,0.0,-0.0,0.0,0.0,0.0,-0.0032305714871585386,2.9200477446155184,0.0,0.0,0.0
3591,691,672.6886,1081.4341,-0.0064738747,0.0,-0.0,0.0,0.0,0.0,-0.0032305714871585386,2.9200477446155184,0.0,0.0,0.0
3592,691,672.6886,1081.4341,-0.0064738747,0.0,-0.0,0.0,0.0,0.0,-0.0032305714871585386,2.9200477446155184,0.0,0.0,0.0
3593,691,672.6886,1081.4341,-0.0064738747,0.0,-0.0,0.0,0.0,0.0,-0.0032305714871585386,2.9200477446155184,0.0,0.0,0.0
3594,691,672.6886,1081.4341,-0.0064738747,0.0,-0.0,0.0,0.0,0.0,-0.0032305714871585386,2.9200477446155184,0.0,0.0,0.0
3595,691,672.6886,1081.4341,-0.0064738747,0.0,-0.0,0.0,0.0,0.0,-0.0032305714871585386,2.9200477446155184,0.0,0.0,0.0
3596,691,672.6886,1081.4341,-0.0064738747,0.0,-0.0,0.0,0.0,0.0,-0.0032305714871585386,2.9200477446155184,0.0,0.0,0.0
3597,691,672.6886,1081.4341,-0.0064738747,0.0,-0.0,0.0,0.0,0.0,-0.0032305714871585386,2.9200477446155184,0.0,0.0,0.0
3598,691,672.6886,1081.4341,-0.0064738747,0.0,-0.0,0.0,0.0,0.0,-0.0032305714871585386,2.9200477446155184,0.0,0.0,0.0
3599,691,672.6886,1081.4341,-0.0064738747,0.0,-0.0,0.0,0.0,0.0,-0.0032305714871585386,2.9200477446155184,0.0,0.0,0.0
3600,691,672.6886,1081.4341,-0.0064738747,0.0,-0.0,0.0,0.0,0.0,-0.0032305714871585386,2.9200477446155184,0.0,0.0,0.0
3601,691,672.6886,1081.4341,-0.0064738747,0.0,-0.0,0.0,0.0,0.0,-0.0032305714871585386,2.9200477446155184,0.0,0.0,0.0
3602,691,672.6886,1081.4341,-0.0064738747,0.0,-0.0,0.0,0.0,0.0,-0.0032305714871585386,2.9200477446155184,0.0,0.0,0.0
3603,691,672.6886,1081.4341,-0.0064738747,0.0,-0.0,0.0,0.0,0.0,-0.0032305714871585386,2.9200477446155184,0.0,0.0,0.0
3604,691,672.6886,1081.4341,-0.0064738747,0.0,-0.0,0.0,0.0,0.0,-0.0032305714871585386,2.9200477446155184,0.0,0.0,0.0
3605,691,672.6886,1081.4341,-0.0064738747,0.0,-0.0,0.0,0.0,0.0,-0.0032305714871585386,2.9200477446155184,0.0,0.0,0.0
3606,691,672.6886,1081.4341,-0.0064738747,0.0,-0.0,0.0,0.0,0.0,-0.0032305714871585386,2.9200477446155184,0.0,0.0,0.0
3607,691,672.6886,1081.4341,-0.0064738747,0.0,-0.0,0.0,0.0,0.0,-0.0032305714871585386,2.9200477446155184,0.0,0.0,0.0
3608,691,672.6886,1081.4341,-0.0064738747,0.0,-0.0,0.0,0.0,0.0,-0.0032305714871585386,2.9200477446155184,0.0,0.0,0.0
3609,691,672.6886,1081.4341,-0.0064738747,0.0,-0.0,0.0,0.0,0.0,-0.0032305714871585386,2.9200477446155184,0.0,0.0,0.0
3610,691,672.6886,1081.4341,-0.0064738747,0.0,-0.0,0.0,0.0,0.0,-0.0032305714871585386,2.9200477446155184,0.0,0.0,0.0
3611,691,672.6886,1081.4341,-0.0064738747,0.0,-0.0,0.0,0.0,0.0,-0.0032305714871585386,2.9200477446155184,0.0,0.0,0.0
3612,691,672.6886,1081.4341,-0.0064738747,0.0,-0.0,0.0,0.0,0.0,-0.0032305714871585386,2.9200477446155184,0.0,0.0,0.0
3613,691,672.6886,1081.4341,-0.0064738747,0.0,-0.0,0.0,0.0,0.0,-0.0032305714871585386,2.9200477446155184,0.0,0.0,0.0
3614,691,672.6886,1081.4341,-0.0064738747,0.0,-0.0,0.0,0.0,0.0,-0.0032305714871585386,2.9200477446155184,0.0,0.0,0.0
3615,691,672.6886,1081.4341,-0.0064738747,0.0,-0.0,0.0,0.0,0.0,-0.0032305714871585386,2.9200477446155184,0.0,0.0,0.0
3616,691,672.6886,1081.4341,-0.0064738747,0.0,-0.0,0.0,0.0,0.0,-0.0032305714871585386,2.9200477446155184,0.0,0.0,0.0
3617,691,672.6886,1081.4341,-0.0064738747,0.0,-0.0,0.0,0.0,0.0,-0.0032305714871585386,2.9200477446155184,0.0,0.0,0.0
3618,691,672.6886,1081.4341,-0.0064738747,0.0,-0.0,0.0,0.0,0.0,-0.0032305714871585386,2.9200477446155184,0.0,0.0,0.0
3619,691,672.6886,1081.4341,-0.0064738747,0.0,-0.0,0.0,0.0,0.0,-0.0032305714871585386,2.9200477446155184,0.0,0.0,0.0
3620,691,672.6886,1081.4341,-0.0064738747,0.0,-0.0,0.0,0.0,0.0,-0.0032305714871585386,2.9200477446155184,0.0,0.0,0.0
3621,691,672.6886,1081.4341,-0.0064738747,0.0,-0.0,0.0,0.0,0.0,-0.0032305714871585386,2.9200477446155184,0.0,0.0,0.0
3622,691,672.6886,1081.4341,-0.0064738747,0.0,-0.0,0.0,0.0,0.0,-0.0032305714871585386,2.9200477446155184,0.0,0.0,0.0
3623,691,672.6886,1081.4341,-0.0064738747,0.0,-0.0,0.0,0.0,0.0,-0.0032305714871585386,2.9200477446155184,0.0,0.0,0.0
3624,691,672.6886,1081.4341,-0.0064738747,0.0,-0.0,0.0,0.0,0.0,-0.0032305714871585386,2.9200477446155184,0.0,0.0,0.0
3625,691,672.6886,1081.4341,-0.0064738747,0.0,-0.0,0.0,0.0,0.0,-0.0032305714871585386,2.9200477446155184,0.0,0.0,0.0
3626,691,672.6886,1081.4341,-0.0064738747,0.0,-0.0,0.0,0.0,0.0,-0.0032305714871585386,2.9200477446155184,0.0,0.0,0.0
3627,691,672.6886,1081.4341,-0.0064738747,0.0,-0.0,0.0,0.0,0.0,-0.0032305714871585386,2.9200477446155184,0.0,0.0,0.0
3628,691,672.6886,1081.4341,-0.0064738747,0.0,-0.0,0.0,0.0,0.0,-0.0032305714871585386,2.9200477446155184,0.0,0.0,0.0
3629,691,672.6886,1081.4341,-0.0064738747,0.0,-0.0,0.0,0.0,0.0,-0.0032305714871585386,2.9200477446155184,0.0,0.0,0.0
3630,691,672.6886,1081.4341,-0.0064738747,0.0,-0.0,0.0,0.0,0.0,-0.0032305714871585386,2.9200477446155184,0.0,0.0,0.0
3631,691,672.6886,1081.4341,-0.0064738747,0.0,-0.0,0.0,0.0,0.0,-0.0032305714871585386,2.9200477446155184,0.0,0.0,0.0
3632,691,672.6886,1081.4341,-0.0064738747,0.0,-0.0,0.0,0.0,0.0,-0.0032305714871585386,2.9200477446155184,0.0,0.0,0.0
3633,691,672.6886,1081.4341,-0.0064738747,0.0,-0.0,0.0,0.0,0.0,-0.0032305714871585386,2.9200477446155184,0.0,0.0,0.0
3634,691,672.6886,1081.4341,-0.0064738747,0.0,-0.0,0.0,0.0,0.0,-0.0032305714871585386,2.9200477446155184,0.0,0.0,0.0
3635,691,672.6886,1081.4341,-0.0064738747,0.0,-0.0,0.0,0.0,0.0,-0.0032305714871585386,2.9200477446155184,0.0,0.0,0.0
3636,691,672.6886,1081.4341,-0.0064738747,0.0,-0.0,0.0,0.0,0.0,-0.0032305714871585386,2.9200477446155184,0.0,0.0,0.0
3637,691,672.6886,1081.4341,-0.0064738747,0.0,-0.0,0.0,0.0,0.0,-0.0032305714871585386,2.9200477446155184,0.0,0.0,0.0
3638,691,672.6886,1081.4341,-0.0064738747,0.0,-0.0,0.0,0.0,0.0,-0.0032305714871585386,2.9200477446155184,0.0,0.0,0.0
3639,691,672.6886,1081.4341,-0.0064738747,0.0,-0.0,0.0,0.0,0.0,-0.0032305714871585386,2.9200477446155184,0.0,0.0,0.0
3640,691,672.6886,1081.4341,-0.0064738747,0.0,-0.0,0.0,0.0,0.0,-0.0032305714871585386,2.9200477446155184,0.0,0.0,0.0
3641,691,672.6886,1081.4341,-0.0064738747,0.0,-0.0,0.0,0.0,0.0,-0.0032305714871585386,2.9200477446155184,0.0,0.0,0.0
3642,691,672.6886,1081.4341,-0.0064738747,0.0,-0.0,0.0,0.0,0.0,-0.0032305714871585386,2.9200477446155184,0.0,0.0,0.0
3643,691,672.6886,1081.4341,-0.0064738747,0.0,-0.0,0.0,0.0,0.0,-0.0032305714871585386,2.9200477446155184,0.0,0.0,0.0
3644,691,672.6886,1081.4341,-0.0064738747,0.0,-0.0,0.0,0.0,0.0,-0.0032305714871585386,2.9200477446155184,0.0,0.0,0.0
3645,691,672.6886,1081.4341,-0.0064738747,0.0,-0.0,0.0,0.0,0.0,-0.0032305714871585386,2.9200477446155184,0.0,0.0,0.0
3646,691,672.6886,1081.4341,-0.0064738747,0.0,-0.0,0.0,0.0,0.0,-0.0032305714871585386,2.9200477446155184,0.0,0.0,0.0
3647,691,672.6886,1081.4341,-0.0064738747,0.0,-0.0,0.0,0.0,0.0,-0.0032305714871585386,2.9200477446155184,0.0,0.0,0.0
3648,691,672.6886,1081.4341,-0.0064738747,0.0,-0.0,0.0,0.0,0.0,-0.0032305714871585386,2.9200477446155184,0.0,0.0,0.0
3649,691,672.6886,1081.4341,-0.0064738747,0.0,-0.0,0.0,0.0,0.0,-0.0032305714871585386,2.9200477446155184,0.0,0.0,0.0
3650,691,672.6886,1081.4341,-0.0064738747,0.0,-0.0,0.0,0.0,0.0,-0.0032305714871585386,2.9200477446155184,0.0,0.0,0.0
3651,691,672.6886,1081.4341,-0.0064738747,0.0,-0.0,0.0,0.0,0.0,-0.0032305714871585386,2.9200477446155184,0.0,0.0,0.0
3652,691,672.6886,1081.4341,-0.0064738747,0.0,-0.0,0.0,0.0,0.0,-0.0032305714871585386,2.9200477446155184,0.0,0.0,0.0
3653,691,672.6886,1081.4341,-0.0064738747,0.0,-0.0,0.0,0.0,0.0,-0.0032305714871585386,2.9200477446155184,0.0,0.0,0.0
3654,691,672.6886,1081.4341,-0.0064738747,0.0,-0.0,0.0,0.0,0.0,-0.0032305714871585386,2.9200477446155184,0.0,0.0,0.0
3655,691,672.6886,1081.4341,-0.0064738747,0.0,-0.0,0.0,0.0,0.0,-0.0032305714871585386,2.9200477446155184,0.0,0.0,0.0
3656,691,672.6886,1081.4341,-0.0064738747,0.0,-0.0,0.0,0.0,0.0,-0.0032305714871585386,2.9200477446155184,0.0,0.0,0.0
3657,691,672.6886,1081.4341,-0.0064738747,0.0,-0.0,0.0,0.0,0.0,-0.0032305714871585386,2.9200477446155184,0.0,0.0,0.0
3658,691,672.6886,1081.4341,-0.0064738747,0.0,-0.0,0.0,0.0,0.0,-0.0032305714871585386,2.9200477446155184,0.0,0.0,0.0
3659,691,672.6886,1081.4341,-0.0064738747,0.0,-0.0,0.0,0.0,0.0,-0.0032305714871585386,2.9200477446155184,0.0,0.0,0.0
3660,691,672.6886,1081.4341,-0.0064738747,0.0,-0.0,0.0,0.0,0.0,-0.0032305714871585386,2.9200477446155184,0.0,0.0,0.0
3661,691,672.6886,1081.4341,-0.0064738747,0.0,-0.0,0.0,0.0,0.0,-0.0032305714871585386,2.9200477446155184,0.0,0.0,0.0
3662,691,672.6886,1081.4341,-0.0064738747,0.0,-0.0,0.0,0.0,0.0,-0.0032305714871585386,2.9200477446155184,0.0,0.0,0.0
3663,691,672.6886,1081.4341,-0.0064738747,0.0,-0.0,0.0,0.0,0.0,-0.0032305714871585386,2.9200477446155184,0.0,0.0,0.0
3664,691,672.6886,1081.4341,-0.0064738747,0.0,-0.0,0.0,0.0,0.0,-0.0032305714871585386,2.9200477446155184,0.0,0.0,0.0
3665,691,672.6886,1081.4341,-0.0064738747,0.0,-0.0,0.0,0.0,0.0,-0.0032305714871585386,2.9200477446155184,0.0,0.0,0.0
3666,691,672.6886,1081.4341,-0.0064738747,0.0,-0.0,0.0,0.0,0.0,-0.0032305714871585386,2.9200477446155184,0.0,0.0,0.0
3667,691,672.6886,1081.4341,-0.0064738747,0.0,-0.0,0.0,0.0,0.0,-0.0032305714871585386,2.9200477446155184,0.0,0.0,0.0
3668,691,672.6886,1081.4341,-0.0064738747,0.0,-0.0,0.0,0.0,0.0,-0.0032305714871585386,2.9200477446155184,0.0,0.0,0.0
3669,691,672.6886,1081.4341,-0.0064738747,0.0,-0.0,0.0,0.0,0.0,-0.0032305714871585386,2.9200477446155184,0.0,0.0,0.0
3670,691,672.6886,1081.4341,-0.0064738747,0.0,-0.0,0.0,0.0,0.0,-0.0032305714871585386,2.9200477446155184,0.0,0.0,0.0
3671,691,672.6886,1081.4341,-0.0064738747,0.0,-0.0,0.0,0.0,0.0,-0.0032305714871585386,2.9200477446155184,0.0,0.0,0.0
3672,691,672.6886,1081.4341,-0.0064738747,0.0,-0.0,0.0,0.0,0.0,-0.0032305714871585386,2.9200477446155184,0.0,0.0,0.0
3673,691,672.6886,1081.4341,-0.0064738747,0.0,-0.0,0.0,0.0,0.0,-0.0032305714871585386,2.9200477446155184,0.0,0.0,0.0
3674,691,672.6886,1081.4341,-0.0064738747,0.0,-0.0,0.0,0.0,0.0,-0.0032305714871585386,2.9200477446155184,0.0,0.0,0.0
3675,691,672.6886,1081.4341,-0.0064738747,0.0,-0.0,0.0,0.0,0.0,-0.0032305714871585386,2.9200477446155184,0.0,0.0,0.0
3676,691,672.6886,1081.4341,-0.0064738747,0.0,-0.0,0.0,0.0,0.0,-0.0032305714871585386,2.9200477446155184,0.0,0.0,0.0
3677,691,672.6886,1081.4341,-0.0064738747,0.0,-0.0,0.0,0.0,0.0,-0.0032305714871585386,2.9200477446155184,0.0,0.0,0.0
3678,691,672.6886,1081.4341,-0.0064738747,0.0,-0.0,0.0,0.0,0.0,-0.0032305714871585386,2.9200477446155184,0.0,0.0,0.0
3679,691,672.6886,1081.4341,-0.0064738747,0.0,-0.0,0.0,0.0,0.0,-0.0032305714871585386,2.9200477446155184,0.0,0.0,0.0
3680,691,672.6886,1081.4341,-0.0064738747,0.0,-0.0,0.0,0.0,0.0,-0.0032305714871585386,2.9200477446155184,0.0,0.0,0.0
3681,691,672.6886,1081.4341,-0.0064738747,0.0,-0.0,0.0,0.0,0.0,-0.0032305714871585386,2.9200477446155184,0.0,0.0,0.0
3682,691,672.6886,1081.4341,-0.0064738747,0.0,-0.0,0.0,0.0,0.0,-0.0032305714871585386,2.9200477446155184,0.0,0.0,0.0
3683,691,672.6886,1081.4341,-0.0064738747,0.0,-0.0,0.0,0.0,0.0,-0.0032305714871585386,2.9200477446155184,0.0,0.0,0.0
3684,691,672.6886,1081.4341,-0.0064738747,0.0,-0.0,0.0,0.0,0.0,-0.0032305714871585386,2.9200477446155184,0.0,0.0,0.0
3685,691,672.6886,1081.4341,-0.0064738747,0.0,-0.0,0.0,0.0,0.0,-0.0032305714871585386,2.9200477446155184,0.0,0.0,0.0
3686,691,672.6886,1081.4341,-0.0064738747,0.0,-0.0,0.0,0.0,0.0,-0.0032305714871585386,2.9200477446155184,0.0,0.0,0.0
3687,691,672.6886,1081.4341,-0.0064738747,0.0,-0.0,0.0,0.0,0.0,-0.0032305714871585386,2.9200477446155184,0.0,0.0,0.0
3688,691,672.6886,1081.4341,-0.0064738747,0.0,-0.0,0.0,0.0,0.0,-0.0032305714871585386,2.9200477446155184,0.0,0.0,0.0
3689,691,672.6886,1081.4341,-0.0064738747,0.0,-0.0,0.0,0.0,0.0,-0.0032305714871585386,2.9200477446155184,0.0,0.0,0.0
3690,691,672.6886,1081.4341,-0.0064738747,0.0,-0.0,0.0,0.0,0.0,-0.0032305714871585386,2.9200477446155184,0.0,0.0,0.0
3691,691,672.6886,1081.4341,-0.0064738747,0.0,-0.0,0.0,0.0,0.0,-0.0032305714871585386,2.9200477446155184,0.0,0.0,0.0
3692,691,672.6886,1081.4341,-0.0064738747,0.0,-0.0,0.0,0.0,0.0,-0.0032305714871585386,2.9200477446155184,0.0,0.0,0.0
3693,691,672.6886,1081.4341,-0.0064738747,0.0,-0.0,0.0,0.0,0.0,-0.0032305714871585386,2.9200477446155184,0.0,0.0,0.0
3694,691,672.6886,1081.4341,-0.0064738747,0.0,-0.0,0.0,0.0,0.0,-0.0032305714871585386,2.9200477446155184,0.0,0.0,0.0
3695,691,672.6886,1081.4341,-0.0064738747,0.0,-0.0,0.0,0.0,0.0,-0.0032305714871585386,2.9200477446155184,0.0,0.0,0.0
3696,691,672.6886,1081.4341,-0.0064738747,0.0,-0.0,0.0,0.0,0.0,-0.0032305714871585386,2.9200477446155184,0.0,0.0,0.0
3697,691,672.6886,1081.4341,-0.0064738747,0.0,-0.0,0.0,0.0,0.0,-0.0032305714871585386,2.9200477446155184,0.0,0.0,0.0
3698,691,672.6886,1081.4341,-0.0064738747,0.0,-0.0,0.0,0.0,0.0,-0.0032305714871585386,2.9200477446155184,0.0,0.0,0.0
3699,691,672.6886,1081.4341,-0.0064738747,0.0,-0.0,0.0,0.0,0.0,-0.0032305714871585386,2.9200477446155184,0.0,0.0,0.0
3700,691,672.6886,1081.4341,-0.0064738747,0.0,-0.0,0.0,0.0,0.0,-0.0032305714871585386,2.9200477446155184,0.0,0.0,0.0
3701,691,672.6886,1081.4341,-0.0064738747,0.0,-0.0,0.0,0.0,0.0,-0.0032305714871585386,2.9200477446155184,0.0,0.0,0.0
3702,691,672.6886,1081.4341,-0.0064738747,0.0,-0.0,0.0,0.0,0.0,-0.0032305714871585386,2.9200477446155184,0.0,0.0,0.0
3703,691,672.6886,1081.4341,-0.0064738747,0.0,-0.0,0.0,0.0,0.0,-0.0032305714871585386,2.9200477446155184,0.0,0.0,0.0
3704,691,672.6886,1081.4341,-0.0064738747,0.0,-0.0,0.0,0.0,0.0,-0.0032305714871585386,2.9200477446155184,0.0,0.0,0.0
3705,691,672.6886,1081.4341,-0.0064738747,0.0,-0.0,0.0,0.0,0.0,-0.0032305714871585386,2.9200477446155184,0.0,0.0,0.0
3706,691,672.6886,1081.4341,-0.0064738747,0.0,-0.0,0.0,0.0,0.0,-0.0032305714871585386,2.9200477446155184,0.0,0.0,0.0
3707,691,672.6886,1081.4341,-0.0064738747,0.0,-0.0,0.0,0.0,0.0,-0.0032305714871585386,2.9200477446155184,0.0,0.0,0.0
3708,691,672.6886,1081.4341,-0.0064738747,0.0,-0.0,0.0,0.0,0.0,-0.0032305714871585386,2.9200477446155184,0.0,0.0,0.0
3709,691,672.6886,1081.4341,-0.0064738747,0.0,-0.0,0.0,0.0,0.0,-0.0032305714871585386,2.9200477446155184,0.0,0.0,0.0
3710,691,672.6886,1081.4341,-0.0064738747,0.0,-0.0,0.0,0.0,0.0,-0.0032305714871585386,2.9200477446155184,0.0,0.0,0.0
3711,691,672.6886,1081.4341,-0.0064738747,0.0,-0.0,0.0,0.0,0.0,-0.0032305714871585386,2.9200477446155184,0.0,0.0,0.0
3712,691,672.6886,1081.4341,-0.0064738747,0.0,-0.0,0.0,0.0,0.0,-0.0032305714871585386,2.9200477446155184,0.0,0.0,0.0
3713,691,672.6886,1081.4341,-0.0064738747,0.0,-0.0,0.0,0.0,0.0,-0.0032305714871585386,2.9200477446155184,0.0,0.0,0.0
3714,691,672.6886,1081.4341,-0.0064738747,0.0,-0.0,0.0,0.0,0.0,-0.0032305714871585386,2.9200477446155184,0.0,0.0,0.0
3715,691,672.6886,1081.4341,-0.0064738747,0.0,-0.0,0.0,0.0,0.0,-0.0032305714871585386,2.9200477446155184,0.0,0.0,0.0
3716,691,672.6886,1081.4341,-0.0064738747,0.0,-0.0,0.0,0.0,0.0,-0.0032305714871585386,2.9200477446155184,0.0,0.0,0.0
3717,691,672.6886,1081.4341,-0.0064738747,0.0,-0.0,0.0,0.0,0.0,-0.0032305714871585386,2.9200477446155184,0.0,0.0,0.0
3718,691,672.6886,1081.4341,-0.0064738747,0.0,-0.0,0.0,0.0,0.0,-0.0032305714871585386,2.9200477446155184,0.0,0.0,0.0
3719,691,672.6886,1081.4341,-0.0064738747,0.0,-0.0,0.0,0.0,0.0,-0.0032305714871585386,2.9200477446155184,0.0,0.0,0.0
3720,691,672.6886,1081.4341,-0.0064738747,0.0,-0.0,0.0,0.0,0.0,-0.0032305714871585386,2.9200477446155184,0.0,0.0,0.0
3721,691,672.6886,1081.4341,-0.0064738747,0.0,-0.0,0.0,0.0,0.0,-0.0032305714871585386,2.9200477446155184,0.0,0.0,0.0
3722,691,672.6886,1081.4341,-0.0064738747,0.0,-0.0,0.0,0.0,0.0,-0.0032305714871585386,2.9200477446155184,0.0,0.0,0.0
3723,691,672.6886,1081.4341,-0.0064738747,0.0,-0.0,0.0,0.0,0.0,-0.0032305714871585386,2.9200477446155184,0.0,0.0,0.0
3724,691,672.6886,1081.4341,-0.0064738747,0.0,-0.0,0.0,0.0,0.0,-0.0032305714871585386,2.9200477446155184,0.0,0.0,0.0
3725,691,672.6886,1081.4341,-0.0064738747,0.0,-0.0,0.0,0.0,0.0,-0.0032305714871585386,2.9200477446155184,0.0,0.0,0.0
3726,691,672.6886,1081.4341,-0.0064738747,0.0,-0.0,0.0,0.0,0.0,-0.0032305714871585386,2.9200477446155184,0.0,0.0,0.0
3727,691,672.6886,1081.4341,-0.0064738747,0.0,-0.0,0.0,0.0,0.0,-0.0032305714871585386,2.9200477446155184,0.0,0.0,0.0
3728,691,672.6886,1081.4341,-0.0064738747,0.0,-0.0,0.0,0.0,0.0,-0.0032305714871585386,2.9200477446155184,0.0,0.0,0.0
3729,691,672.6886,1081.4341,-0.0064738747,0.0,-0.0,0.0,0.0,0.0,-0.0032305714871585386,2.9200477446155184,0.0,0.0,0.0
3730,691,672.6886,1081.4341,-0.0064738747,0.0,-0.0,0.0,0.0,0.0,-0.0032305714871585386,2.9200477446155184,0.0,0.0,0.0
3731,691,672.6886,1081.4341,-0.0064738747,0.0,-0.0,0.0,0.0,0.0,-0.0032305714871585386,2.9200477446155184,0.0,0.0,0.0
3732,691,672.6886,1081.4341,-0.0064738747,0.0,-0.0,0.0,0.0,0.0,-0.0032305714871585386,2.9200477446155184,0.0,0.0,0.0
3733,691,672.6886,1081.4341,-0.0064738747,0.0,-0.0,0.0,0.0,0.0,-0.0032305714871585386,2.9200477446155184,0.0,0.0,0.0
3734,691,672.6886,1081.4341,-0.0064738747,0.0,-0.0,0.0,0.0,0.0,-0.0032305714871585386,2.9200477446155184,0.0,0.0,0.0
3735,691,672.6886,1081.4341,-0.0064738747,0.0,-0.0,0.0,0.0,0.0,-0.0032305714871585386,2.9200477446155184,0.0,0.0,0.0
3736,691,672.6886,1081.4341,-0.0064738747,0.0,-0.0,0.0,0.0,0.0,-0.0032305714871585386,2.9200477446155184,0.0,0.0,0.0
3737,691,672.6886,1081.4341,-0.0064738747,0.0,-0.0,0.0,0.0,0.0,-0.0032305714871585386,2.9200477446155184,0.0,0.0,0.0
3738,691,672.6886,1081.4341,-0.0064738747,0.0,-0.0,0.0,0.0,0.0,-0.0032305714871585386,2.9200477446155184,0.0,0.0,0.0
3739,691,672.6886,1081.4341,-0.0064738747,0.0,-0.0,0.0,0.0,0.0,-0.0032305714871585386,2.9200477446155184,0.0,0.0,0.0
3740,691,672.6886,1081.4341,-0.0064738747,0.0,-0.0,0.0,0.0,0.0,-0.0032305714871585386,2.9200477446155184,0.0,0.0,0.0
3741,691,672.6886,1081.4341,-0.0064738747,0.0,-0.0,0.0,0.0,0.0,-0.0032305714871585386,2.9200477446155184,0.0,0.0,0.0
3742,691,672.6886,1081.4341,-0.0064738747,0.0,-0.0,0.0,0.0,0.0,-0.0032305714871585386,2.9200477446155184,0.0,0.0,0.0
3743,691,672.6886,1081.4341,-0.0064738747,0.0,-0.0,0.0,0.0,0.0,-0.0032305714871585386,2.9200477446155184,0.0,0.0,0.0
3744,691,672.6886,1081.4341,-0.0064738747,0.0,-0.0,0.0,0.0,0.0,-0.0032305714871585386,2.9200477446155184,0.0,0.0,0.0
3745,691,672.6886,1081.4341,-0.0064738747,0.0,-0.0,0.0,0.0,0.0,-0.0032305714871585386,2.9200477446155184,0.0,0.0,0.0
3746,691,672.6886,1081.4341,-0.0064738747,0.0,-0.0,0.0,0.0,0.0,-0.0032305714871585386,2.9200477446155184,0.0,0.0,0.0
3747,691,672.6886,1081.4341,-0.0064738747,0.0,-0.0,0.0,0.0,0.0,-0.0032305714871585386,2.9200477446155184,0.0,0.0,0.0
3748,691,672.6886,1081.4341,-0.0064738747,0.0,-0.0,0.0,0.0,0.0,-0.0032305714871585386,2.9200477446155184,0.0,0.0,0.0
3749,691,672.6886,1081.4341,-0.0064738747,0.0,-0.0,0.0,0.0,0.0,-0.0032305714871585386,2.9200477446155184,0.0,0.0,0.0
3750,691,672.6886,1081.4341,-0.0064738747,0.0,-0.0,0.0,0.0,0.0,-0.0032305714871585386,2.9200477446155184,0.0,0.0,0.0
3751,691,672.6886,1081.4341,-0.0064738747,0.0,-0.0,0.0,0.0,0.0,-0.0032305714871585386,2.9200477446155184,0.0,0.0,0.0
3752,691,672.6886,1081.4341,-0.0064738747,0.0,-0.0,0.0,0.0,0.0,-0.0032305714871585386,2.9200477446155184,0.0,0.0,0.0
3753,691,672.6886,1081.4341,-0.0064738747,0.0,-0.0,0.0,0.0,0.0,-0.0032305714871585386,2.9200477446155184,0.0,0.0,0.0
3754,691,672.6886,1081.4341,-0.0064738747,0.0,-0.0,0.0,0.0,0.0,-0.0032305714871585386,2.9200477446155184,0.0,0.0,0.0
3755,691,672.6886,1081.4341,-0.0064738747,0.0,-0.0,0.0,0.0,0.0,-0.0032305714871585386,2.9200477446155184,0.0,0.0,0.0
3756,691,672.6886,1081.4341,-0.0064738747,0.0,-0.0,0.0,0.0,0.0,-0.0032305714871585386,2.9200477446155184,0.0,0.0,0.0
3757,691,672.6886,1081.4341,-0.0064738747,0.0,-0.0,0.0,0.0,0.0,-0.0032305714871585386,2.9200477446155184,0.0,0.0,0.0
3758,691,672.6886,1081.4341,-0.0064738747,0.0,-0.0,0.0,0.0,0.0,-0.0032305714871585386,2.9200477446155184,0.0,0.0,0.0
3759,691,672.6886,1081.4341,-0.0064738747,0.0,-0.0,0.0,0.0,0.0,-0.0032305714871585386,2.9200477446155184,0.0,0.0,0.0
3760,691,672.6886,1081.4341,-0.0064738747,0.0,-0.0,0.0,0.0,0.0,-0.0032305714871585386,2.9200477446155184,0.0,0.0,0.0
3761,691,672.6886,1081.4341,-0.0064738747,0.0,-0.0,0.0,0.0,0.0,-0.0032305714871585386,2.9200477446155184,0.0,0.0,0.0
3762,691,672.6886,1081.4341,-0.0064738747,0.0,-0.0,0.0,0.0,0.0,-0.0032305714871585386,2.9200477446155184,0.0,0.0,0.0
3763,691,672.6886,1081.4341,-0.0064738747,0.0,-0.0,0.0,0.0,0.0,-0.0032305714871585386,2.9200477446155184,0.0,0.0,0.0
3764,691,672.6886,1081.4341,-0.0064738747,0.0,-0.0,0.0,0.0,0.0,-0.0032305714871585386,2.9200477446155184,0.0,0.0,0.0
3765,691,672.6886,1081.4341,-0.0064738747,0.0,-0.0,0.0,0.0,0.0,-0.0032305714871585386,2.9200477446155184,0.0,0.0,0.0
3766,691,672.6886,1081.4341,-0.0064738747,0.0,-0.0,0.0,0.0,0.0,-0.0032305714871585386,2.9200477446155184,0.0,0.0,0.0
3767,691,672.6886,1081.4341,-0.0064738747,0.0,-0.0,0.0,0.0,0.0,-0.0032305714871585386,2.9200477446155184,0.0,0.0,0.0
3768,691,672.6886,1081.4341,-0.0064738747,0.0,-0.0,0.0,0.0,0.0,-0.0032305714871585386,2.9200477446155184,0.0,0.0,0.0
3769,691,672.6886,1081.4341,-0.0064738747,0.0,-0.0,0.0,0.0,0.0,-0.0032305714871585386,2.9200477446155184,0.0,0.0,0.0
3770,691,672.6886,1081.4341,-0.0064738747,0.0,-0.0,0.0,0.0,0.0,-0.0032305714871585386,2.9200477446155184,0.0,0.0,0.0
3771,691,672.6886,1081.4341,-0.0064738747,0.0,-0.0,0.0,0.0,0.0,-0.0032305714871585386,2.9200477446155184,0.0,0.0,0.0
3772,691,672.6886,1081.4341,-0.0064738747,0.0,-0.0,0.0,0.0,0.0,-0.0032305714871585386,2.9200477446155184,0.0,0.0,0.0
3773,691,672.6886,1081.4341,-0.0064738747,0.0,-0.0,0.0,0.0,0.0,-0.0032305714871585386,2.9200477446155184,0.0,0.0,0.0
3774,691,672.6886,1081.4341,-0.0064738747,0.0,-0.0,0.0,0.0,0.0,-0.0032305714871585386,2.9200477446155184,0.0,0.0,0.0
3775,691,672.6886,1081.4341,-0.0064738747,0.0,-0.0,0.0,0.0,0.0,-0.0032305714871585386,2.9200477446155184,0.0,0.0,0.0
3776,691,672.6886,1081.4341,-0.0064738747,0.0,-0.0,0.0,0.0,0.0,-0.0032305714871585386,2.9200477446155184,0.0,0.0,0.0
3777,691,672.6886,1081.4341,-0.0064738747,0.0,-0.0,0.0,0.0,0.0,-0.0032305714871585386,2.9200477446155184,0.0,0.0,0.0
3778,691,672.6886,1081.4341,-0.0064738747,0.0,-0.0,0.0,0.0,0.0,-0.0032305714871585386,2.9200477446155184,0.0,0.0,0.0
3779,691,672.6886,1081.4341,-0.0064738747,0.0,-0.0,0.0,0.0,0.0,-0.0032305714871585386,2.9200477446155184,0.0,0.0,0.0
3780,691,672.6886,1081.4341,-0.0064738747,0.0,-0.0,0.0,0.0,0.0,-0.0032305714871585386,2.9200477446155184,0.0,0.0,0.0
3781,691,672.6886,1081.4341,-0.0064738747,0.0,-0.0,0.0,0.0,0.0,-0.0032305714871585386,2.9200477446155184,0.0,0.0,0.0
3782,691,672.6886,1081.4341,-0.0064738747,0.0,-0.0,0.0,0.0,0.0,-0.0032305714871585386,2.9200477446155184,0.0,0.0,0.0
3783,691,672.6886,1081.4341,-0.0064738747,0.0,-0.0,0.0,0.0,0.0,-0.0032305714871585386,2.9200477446155184,0.0,0.0,0.0
3784,691,672.6886,1081.4341,-0.0064738747,0.0,-0.0,0.0,0.0,0.0,-0.0032305714871585386,2.9200477446155184,0.0,0.0,0.0
3785,691,672.6886,1081.4341,-0.0064738747,0.0,-0.0,0.0,0.0,0.0,-0.0032305714871585386,2.9200477446155184,0.0,0.0,0.0
3786,691,672.6886,1081.4341,-0.0064738747,0.0,-0.0,0.0,0.0,0.0,-0.0032305714871585386,2.9200477446155184,0.0,0.0,0.0
3787,691,672.6886,1081.4341,-0.0064738747,0.0,-0.0,0.0,0.0,0.0,-0.0032305714871585386,2.9200477446155184,0.0,0.0,0.0
3788,691,672.6886,1081.4341,-0.0064738747,0.0,-0.0,0.0,0.0,0.0,-0.0032305714871585386,2.9200477446155184,0.0,0.0,0.0
3789,691,672.6886,1081.4341,-0.0064738747,0.0,-0.0,0.0,0.0,0.0,-0.0032305714871585386,2.9200477446155184,0.0,0.0,0.0
3790,691,672.6886,1081.4341,-0.0064738747,0.0,-0.0,0.0,0.0,0.0,-0.0032305714871585386,2.9200477446155184,0.0,0.0,0.0
3791,691,672.6886,1081.4341,-0.0064738747,0.0,-0.0,0.0,0.0,0.0,-0.0032305714871585386,2.9200477446155184,0.0,0.0,0.0
3792,691,672.6886,1081.4341,-0.0064738747,0.0,-0.0,0.0,0.0,0.0,-0.0032305714871585386,2.9200477446155184,0.0,0.0,0.0
3793,691,672.6886,1081.4341,-0.0064738747,0.0,-0.0,0.0,0.0,0.0,-0.0032305714871585386,2.9200477446155184,0.0,0.0,0.0
3794,691,672.6886,1081.4341,-0.0064738747,0.0,-0.0,0.0,0.0,0.0,-0.0032305714871585386,2.9200477446155184,0.0,0.0,0.0
3795,691,672.6886,1081.4341,-0.0064738747,0.0,-0.0,0.0,0.0,0.0,-0.0032305714871585386,2.9200477446155184,0.0,0.0,0.0
3796,691,672.6886,1081.4341,-0.0064738747,0.0,-0.0,0.0,0.0,0.0,-0.0032305714871585386,2.9200477446155184,0.0,0.0,0.0
3797,691,672.6886,1081.4341,-0.0064738747,0.0,-0.0,0.0,0.0,0.0,-0.0032305714871585386,2.9200477446155184,0.0,0.0,0.0
3798,691,672.6886,1081.4341,-0.0064738747,0.0,-0.0,0.0,0.0,0.0,-0.0032305714871585386,2.9200477446155184,0.0,0.0,0.0
3799,691,672.6886,1081.4341,-0.0064738747,0.0,-0.0,0.0,0.0,0.0,-0.0032305714871585386,2.9200477446155184,0.0,0.0,0.0
3800,691,672.6886,1081.4341,-0.0064738747,0.0,-0.0,0.0,0.0,0.0,-0.0032305714871585386,2.9200477446155184,0.0,0.0,0.0
3801,691,672.6886,1081.4341,-0.0064738747,0.0,-0.0,0.0,0.0,0.0,-0.0032305714871585386,2.9200477446155184,0.0,0.0,0.0
3802,691,672.6886,1081.4341,-0.0064738747,0.0,-0.0,0.0,0.0,0.0,-0.0032305714871585386,2.9200477446155184,0.0,0.0,0.0
3803,691,672.6886,1081.4341,-0.0064738747,0.0,-0.0,0.0,0.0,0.0,-0.0032305714871585386,2.9200477446155184,0.0,0.0,0.0
3804,691,672.6886,1081.4341,-0.0064738747,0.0,-0.0,0.0,0.0,0.0,-0.0032305714871585386,2.9200477446155184,0.0,0.0,0.0
3805,691,672.6886,1081.4341,-0.0064738747,0.0,-0.0,0.0,0.0,0.0,-0.0032305714871585386,2.9200477446155184,0.0,0.0,0.0
3806,691,672.6886,1081.4341,-0.0064738747,0.0,-0.0,0.0,0.0,0.0,-0.0032305714871585386,2.9200477446155184,0.0,0.0,0.0
3807,691,672.6886,1081.4341,-0.0064738747,0.0,-0.0,0.0,0.0,0.0,-0.0032305714871585386,2.9200477446155184,0.0,0.0,0.0
3808,691,672.6886,1081.4341,-0.0064738747,0.0,-0.0,0.0,0.0,0.0,-0.0032305714871585386,2.9200477446155184,0.0,0.0,0.0
3809,691,672.6886,1081.4341,-0.0064738747,0.0,-0.0,0.0,0.0,0.0,-0.0032305714871585386,2.9200477446155184,0.0,0.0,0.0
3810,691,672.6886,1081.4341,-0.0064738747,0.0,-0.0,0.0,0.0,0.0,-0.0032305714871585386,2.9200477446155184,0.0,0.0,0.0
3811,691,672.6886,1081.4341,-0.0064738747,0.0,-0.0,0.0,0.0,0.0,-0.0032305714871585386,2.9200477446155184,0.0,0.0,0.0
3812,691,672.6886,1081.4341,-0.0064738747,0.0,-0.0,0.0,0.0,0.0,-0.0032305714871585386,2.9200477446155184,0.0,0.0,0.0
3813,691,672.6886,1081.4341,-0.0064738747,0.0,-0.0,0.0,0.0,0.0,-0.0032305714871585386,2.9200477446155184,0.0,0.0,0.0
3814,691,672.6886,1081.4341,-0.0064738747,0.0,-0.0,0.0,0.0,0.0,-0.0032305714871585386,2.9200477446155184,0.0,0.0,0.0
3815,691,672.6886,1081.4341,-0.0064738747,0.0,-0.0,0.0,0.0,0.0,-0.0032305714871585386,2.9200477446155184,0.0,0.0,0.0
3816,691,672.6886,1081.4341,-0.0064738747,0.0,-0.0,0.0,0.0,0.0,-0.0032305714871585386,2.9200477446155184,0.0,0.0,0.0
3817,691,672.6886,1081.4341,-0.0064738747,0.0,-0.0,0.0,0.0,0.0,-0.0032305714871585386,2.9200477446155184,0.0,0.0,0.0
3818,691,672.6886,1081.4341,-0.0064738747,0.0,-0.0,0.0,0.0,0.0,-0.0032305714871585386,2.9200477446155184,0.0,0.0,0.0
3819,691,672.6886,1081.4341,-0.0064738747,0.0,-0.0,0.0,0.0,0.0,-0.0032305714871585386,2.9200477446155184,0.0,0.0,0.0
3820,691,672.6886,1081.4341,-0.0064738747,0.0,-0.0,0.0,0.0,0.0,-0.0032305714871585386,2.9200477446155184,0.0,0.0,0.0
3821,691,672.6886,1081.4341,-0.0064738747,0.0,-0.0,0.0,0.0,0.0,-0.0032305714871585386,2.9200477446155184,0.0,0.0,0.0
3822,691,672.6886,1081.4341,-0.0064738747,0.0,-0.0,0.0,0.0,0.0,-0.0032305714871585386,2.9200477446155184,0.0,0.0,0.0
3823,691,672.6886,1081.4341,-0.0064738747,0.0,-0.0,0.0,0.0,0.0,-0.0032305714871585386,2.9200477446155184,0.0,0.0,0.0
3824,691,672.6886,1081.4341,-0.0064738747,0.0,-0.0,0.0,0.0,0.0,-0.0032305714871585386,2.9200477446155184,0.0,0.0,0.0
3825,691,672.6886,1081.4341,-0.0064738747,0.0,-0.0,0.0,0.0,0.0,-0.0032305714871585386,2.9200477446155184,0.0,0.0,0.0
3826,691,672.6886,1081.4341,-0.0064738747,0.0,-0.0,0.0,0.0,0.0,-0.0032305714871585386,2.9200477446155184,0.0,0.0,0.0
3827,691,672.6886,1081.4341,-0.0064738747,0.0,-0.0,0.0,0.0,0.0,-0.0032305714871585386,2.9200477446155184,0.0,0.0,0.0
3828,691,672.6886,1081.4341,-0.0064738747,0.0,-0.0,0.0,0.0,0.0,-0.0032305714871585386,2.9200477446155184,0.0,0.0,0.0
3829,691,672.6886,1081.4341,-0.0064738747,0.0,-0.0,0.0,0.0,0.0,-0.0032305714871585386,2.9200477446155184,0.0,0.0,0.0
3830,691,672.6886,1081.4341,-0.0064738747,0.0,-0.0,0.0,0.0,0.0,-0.0032305714871585386,2.9200477446155184,0.0,0.0,0.0
3831,691,672.6886,1081.4341,-0.0064738747,0.0,-0.0,0.0,0.0,0.0,-0.0032305714871585386,2.9200477446155184,0.0,0.0,0.0
3832,691,672.6886,1081.4341,-0.0064738747,0.0,-0.0,0.0,0.0,0.0,-0.0032305714871585386,2.9200477446155184,0.0,0.0,0.0
3833,691,672.6886,1081.4341,-0.0064738747,0.0,-0.0,0.0,0.0,0.0,-0.0032305714871585386,2.9200477446155184,0.0,0.0,0.0
3834,691,672.6886,1081.4341,-0.0064738747,0.0,-0.0,0.0,0.0,0.0,-0.0032305714871585386,2.9200477446155184,0.0,0.0,0.0
3835,691,672.6886,1081.4341,-0.0064738747,0.0,-0.0,0.0,0.0,0.0,-0.0032305714871585386,2.9200477446155184,0.0,0.0,0.0
3836,691,672.6886,1081.4341,-0.0064738747,0.0,-0.0,0.0,0.0,0.0,-0.0032305714871585386,2.9200477446155184,0.0,0.0,0.0
3837,691,672.6886,1081.4341,-0.0064738747,0.0,-0.0,0.0,0.0,0.0,-0.0032305714871585386,2.9200477446155184,0.0,0.0,0.0
3838,691,672.6886,1081.4341,-0.0064738747,0.0,-0.0,0.0,0.0,0.0,-0.0032305714871585386,2.9200477446155184,0.0,0.0,0.0
3839,691,672.6886,1081.4341,-0.0064738747,0.0,-0.0,0.0,0.0,0.0,-0.0032305714871585386,2.9200477446155184,0.0,0.0,0.0
3840,691,672.6886,1081.4341,-0.0064738747,0.0,-0.0,0.0,0.0,0.0,-0.0032305714871585386,2.9200477446155184,0.0,0.0,0.0
3841,691,672.6886,1081.4341,-0.0064738747,0.0,-0.0,0.0,0.0,0.0,-0.0032305714871585386,2.9200477446155184,0.0,0.0,0.0
3842,691,672.6886,1081.4341,-0.0064738747,0.0,-0.0,0.0,0.0,0.0,-0.0032305714871585386,2.9200477446155184,0.0,0.0,0.0
3843,691,672.6886,1081.4341,-0.0064738747,0.0,-0.0,0.0,0.0,0.0,-0.0032305714871585386,2.9200477446155184,0.0,0.0,0.0
3844,691,672.6886,1081.4341,-0.0064738747,0.0,-0.0,0.0,0.0,0.0,-0.0032305714871585386,2.9200477446155184,0.0,0.0,0.0
3845,691,672.6886,1081.4341,-0.0064738747,0.0,-0.0,0.0,0.0,0.0,-0.0032305714871585386,2.9200477446155184,0.0,0.0,0.0
3846,691,672.6886,1081.4341,-0.0064738747,0.0,-0.0,0.0,0.0,0.0,-0.0032305714871585386,2.9200477446155184,0.0,0.0,0.0
3847,691,672.6886,1081.4341,-0.0064738747,0.0,-0.0,0.0,0.0,0.0,-0.0032305714871585386,2.9200477446155184,0.0,0.0,0.0
3848,691,672.6886,1081.4341,-0.0064738747,0.0,-0.0,0.0,0.0,0.0,-0.0032305714871585386,2.9200477446155184,0.0,0.0,0.0
3849,691,672.6886,1081.4341,-0.0064738747,0.0,-0.0,0.0,0.0,0.0,-0.0032305714871585386,2.9200477446155184,0.0,0.0,0.0
3850,691,672.6886,1081.4341,-0.0064738747,0.0,-0.0,0.0,0.0,0.0,-0.0032305714871585386,2.9200477446155184,0.0,0.0,0.0
3851,691,672.6886,1081.4341,-0.0064738747,0.0,-0.0,0.0,0.0,0.0,-0.0032305714871585386,2.9200477446155184,0.0,0.0,0.0
3852,691,672.6886,1081.4341,-0.0064738747,0.0,-0.0,0.0,0.0,0.0,-0.0032305714871585386,2.9200477446155184,0.0,0.0,0.0
3853,691,672.6886,1081.4341,-0.0064738747,0.0,-0.0,0.0,0.0,0.0,-0.0032305714871585386,2.9200477446155184,0.0,0.0,0.0
3854,691,672.6886,1081.4341,-0.0064738747,0.0,-0.0,0.0,0.0,0.0,-0.0032305714871585386,2.9200477446155184,0.0,0.0,0.0
3855,691,672.6886,1081.4341,-0.0064738747,0.0,-0.0,0.0,0.0,0.0,-0.0032305714871585386,2.9200477446155184,0.0,0.0,0.0
3856,691,672.6886,1081.4341,-0.0064738747,0.0,-0.0,0.0,0.0,0.0,-0.0032305714871585386,2.9200477446155184,0.0,0.0,0.0
3857,691,672.6886,1081.4341,-0.0064738747,0.0,-0.0,0.0,0.0,0.0,-0.0032305714871585386,2.9200477446155184,0.0,0.0,0.0
3858,691,672.6886,1081.4341,-0.0064738747,0.0,-0.0,0.0,0.0,0.0,-0.0032305714871585386,2.9200477446155184,0.0,0.0,0.0
3859,691,672.6886,1081.4341,-0.0064738747,0.0,-0.0,0.0,0.0,0.0,-0.0032305714871585386,2.9200477446155184,0.0,0.0,0.0
3860,691,672.6886,1081.4341,-0.0064738747,0.0,-0.0,0.0,0.0,0.0,-0.0032305714871585386,2.9200477446155184,0.0,0.0,0.0
3861,691,672.6886,1081.4341,-0.0064738747,0.0,-0.0,0.0,0.0,0.0,-0.0032305714871585386,2.9200477446155184,0.0,0.0,0.0
3862,691,672.6886,1081.4341,-0.0064738747,0.0,-0.0,0.0,0.0,0.0,-0.0032305714871585386,2.9200477446155184,0.0,0.0,0.0
3863,691,672.6886,1081.4341,-0.0064738747,0.0,-0.0,0.0,0.0,0.0,-0.0032305714871585386,2.9200477446155184,0.0,0.0,0.0
3864,691,672.6886,1081.4341,-0.0064738747,0.0,-0.0,0.0,0.0,0.0,-0.0032305714871585386,2.9200477446155184,0.0,0.0,0.0
3865,691,672.6886,1081.4341,-0.0064738747,0.0,-0.0,0.0,0.0,0.0,-0.0032305714871585386,2.9200477446155184,0.0,0.0,0.0
3866,691,672.6886,1081.4341,-0.0064738747,0.0,-0.0,0.0,0.0,0.0,-0.0032305714871585386,2.9200477446155184,0.0,0.0,0.0
3867,691,672.6886,1081.4341,-0.0064738747,0.0,-0.0,0.0,0.0,0.0,-0.0032305714871585386,2.9200477446155184,0.0,0.0,0.0
3868,691,672.6886,1081.4341,-0.0064738747,0.0,-0.0,0.0,0.0,0.0,-0.0032305714871585386,2.9200477446155184,0.0,0.0,0.0
3869,691,672.6886,1081.4341,-0.0064738747,0.0,-0.0,0.0,0.0,0.0,-0.0032305714871585386,2.9200477446155184,0.0,0.0,0.0
3870,691,672.6886,1081.4341,-0.0064738747,0.0,-0.0,0.0,0.0,0.0,-0.0032305714871585386,2.9200477446155184,0.0,0.0,0.0
3871,691,672.6886,1081.4341,-0.0064738747,0.0,-0.0,0.0,0.0,0.0,-0.0032305714871585386,2.9200477446155184,0.0,0.0,0.0
3872,691,672.6886,1081.4341,-0.0064738747,0.0,-0.0,0.0,0.0,0.0,-0.0032305714871585386,2.9200477446155184,0.0,0.0,0.0
3873,691,672.6886,1081.4341,-0.0064738747,0.0,-0.0,0.0,0.0,0.0,-0.0032305714871585386,2.9200477446155184,0.0,0.0,0.0
3874,691,672.6886,1081.4341,-0.0064738747,0.0,-0.0,0.0,0.0,0.0,-0.0032305714871585386,2.9200477446155184,0.0,0.0,0.0
3875,691,672.6886,1081.4341,-0.0064738747,0.0,-0.0,0.0,0.0,0.0,-0.0032305714871585386,2.9200477446155184,0.0,0.0,0.0
3876,691,672.6886,1081.4341,-0.0064738747,0.0,-0.0,0.0,0.0,0.0,-0.0032305714871585386,2.9200477446155184,0.0,0.0,0.0
3877,691,672.6886,1081.4341,-0.0064738747,0.0,-0.0,0.0,0.0,0.0,-0.0032305714871585386,2.9200477446155184,0.0,0.0,0.0
3878,691,672.6886,1081.4341,-0.0064738747,0.0,-0.0,0.0,0.0,0.0,-0.0032305714871585386,2.9200477446155184,0.0,0.0,0.0
3879,691,672.6886,1081.4341,-0.0064738747,0.0,-0.0,0.0,0.0,0.0,-0.0032305714871585386,2.9200477446155184,0.0,0.0,0.0
3880,691,672.6886,1081.4341,-0.0064738747,0.0,-0.0,0.0,0.0,0.0,-0.0032305714871585386,2.9200477446155184,0.0,0.0,0.0
3881,691,672.6886,1081.4341,-0.0064738747,0.0,-0.0,0.0,0.0,0.0,-0.0032305714871585386,2.9200477446155184,0.0,0.0,0.0
3882,691,672.6886,1081.4341,-0.0064738747,0.0,-0.0,0.0,0.0,0.0,-0.0032305714871585386,2.9200477446155184,0.0,0.0,0.0
3883,691,672.6886,1081.4341,-0.0064738747,0.0,-0.0,0.0,0.0,0.0,-0.0032305714871585386,2.9200477446155184,0.0,0.0,0.0
3884,691,672.6886,1081.4341,-0.0064738747,0.0,-0.0,0.0,0.0,0.0,-0.0032305714871585386,2.9200477446155184,0.0,0.0,0.0
3885,691,672.6886,1081.4341,-0.0064738747,0.0,-0.0,0.0,0.0,0.0,-0.0032305714871585386,2.9200477446155184,0.0,0.0,0.0
3886,691,672.6886,1081.4341,-0.0064738747,0.0,-0.0,0.0,0.0,0.0,-0.0032305714871585386,2.9200477446155184,0.0,0.0,0.0
3887,691,672.6886,1081.4341,-0.0064738747,0.0,-0.0,0.0,0.0,0.0,-0.0032305714871585386,2.9200477446155184,0.0,0.0,0.0
3888,691,672.6886,1081.4341,-0.0064738747,0.0,-0.0,0.0,0.0,0.0,-0.0032305714871585386,2.9200477446155184,0.0,0.0,0.0
3889,691,672.6886,1081.4341,-0.0064738747,0.0,-0.0,0.0,0.0,0.0,-0.0032305714871585386,2.9200477446155184,0.0,0.0,0.0
3890,691,672.6886,1081.4341,-0.0064738747,0.0,-0.0,0.0,0.0,0.0,-0.0032305714871585386,2.9200477446155184,0.0,0.0,0.0
3891,691,672.6886,1081.4341,-0.0064738747,0.0,-0.0,0.0,0.0,0.0,-0.0032305714871585386,2.9200477446155184,0.0,0.0,0.0
3892,691,672.6886,1081.4341,-0.0064738747,0.0,-0.0,0.0,0.0,0.0,-0.0032305714871585386,2.9200477446155184,0.0,0.0,0.0
3893,691,672.6886,1081.4341,-0.0064738747,0.0,-0.0,0.0,0.0,0.0,-0.0032305714871585386,2.9200477446155184,0.0,0.0,0.0
3894,691,672.6886,1081.4341,-0.0064738747,0.0,-0.0,0.0,0.0,0.0,-0.0032305714871585386,2.9200477446155184,0.0,0.0,0.0
3895,691,672.6886,1081.4341,-0.0064738747,0.0,-0.0,0.0,0.0,0.0,-0.0032305714871585386,2.9200477446155184,0.0,0.0,0.0
3896,691,672.6886,1081.4341,-0.0064738747,0.0,-0.0,0.0,0.0,0.0,-0.0032305714871585386,2.9200477446155184,0.0,0.0,0.0
3897,691,672.6886,1081.4341,-0.0064738747,0.0,-0.0,0.0,0.0,0.0,-0.0032305714871585386,2.9200477446155184,0.0,0.0,0.0
3898,691,672.6886,1081.4341,-0.0064738747,0.0,-0.0,0.0,0.0,0.0,-0.0032305714871585386,2.9200477446155184,0.0,0.0,0.0
3899,691,672.6886,1081.4341,-0.0064738747,0.0,-0.0,0.0,0.0,0.0,-0.0032305714871585386,2.9200477446155184,0.0,0.0,0.0
3900,691,672.6886,1081.4341,-0.0064738747,0.0,-0.0,0.0,0.0,0.0,-0.0032305714871585386,2.9200477446155184,0.0,0.0,0.0
3901,691,672.6886,1081.4341,-0.0064738747,0.0,-0.0,0.0,0.0,0.0,-0.0032305714871585386,2.9200477446155184,0.0,0.0,0.0
3902,691,672.6886,1081.4341,-0.0064738747,0.0,-0.0,0.0,0.0,0.0,-0.0032305714871585386,2.9200477446155184,0.0,0.0,0.0
3903,691,672.6886,1081.4341,-0.0064738747,0.0,-0.0,0.0,0.0,0.0,-0.0032305714871585386,2.9200477446155184,0.0,0.0,0.0
3904,691,672.6886,1081.4341,-0.0064738747,0.0,-0.0,0.0,0.0,0.0,-0.0032305714871585386,2.9200477446155184,0.0,0.0,0.0
3905,691,672.6886,1081.4341,-0.0064738747,0.0,-0.0,0.0,0.0,0.0,-0.0032305714871585386,2.9200477446155184,0.0,0.0,0.0
3906,691,672.6886,1081.4341,-0.0064738747,0.0,-0.0,0.0,0.0,0.0,-0.0032305714871585386,2.9200477446155184,0.0,0.0,0.0
3907,691,672.6886,1081.4341,-0.0064738747,0.0,-0.0,0.0,0.0,0.0,-0.0032305714871585386,2.9200477446155184,0.0,0.0,0.0
3908,691,672.6886,1081.4341,-0.0064738747,0.0,-0.0,0.0,0.0,0.0,-0.0032305714871585386,2.9200477446155184,0.0,0.0,0.0
3909,691,672.6886,1081.4341,-0.0064738747,0.0,-0.0,0.0,0.0,0.0,-0.0032305714871585386,2.9200477446155184,0.0,0.0,0.0
3910,691,672.6886,1081.4341,-0.0064738747,0.0,-0.0,0.0,0.0,0.0,-0.0032305714871585386,2.9200477446155184,0.0,0.0,0.0
3911,691,672.6886,1081.4341,-0.0064738747,0.0,-0.0,0.0,0.0,0.0,-0.0032305714871585386,2.9200477446155184,0.0,0.0,0.0
3912,691,672.6886,1081.4341,-0.0064738747,0.0,-0.0,0.0,0.0,0.0,-0.0032305714871585386,2.9200477446155184,0.0,0.0,0.0
3913,691,672.6886,1081.4341,-0.0064738747,0.0,-0.0,0.0,0.0,0.0,-0.0032305714871585386,2.9200477446155184,0.0,0.0,0.0
3914,691,672.6886,1081.4341,-0.0064738747,0.0,-0.0,0.0,0.0,0.0,-0.0032305714871585386,2.9200477446155184,0.0,0.0,0.0
3915,691,672.6886,1081.4341,-0.0064738747,0.0,-0.0,0.0,0.0,0.0,-0.0032305714871585386,2.9200477446155184,0.0,0.0,0.0
3916,691,672.6886,1081.4341,-0.0064738747,0.0,-0.0,0.0,0.0,0.0,-0.0032305714871585386,2.9200477446155184,0.0,0.0,0.0
3917,691,672.6886,1081.4341,-0.0064738747,0.0,-0.0,0.0,0.0,0.0,-0.0032305714871585386,2.9200477446155184,0.0,0.0,0.0
3918,691,672.6886,1081.4341,-0.0064738747,0.0,-0.0,0.0,0.0,0.0,-0.0032305714871585386,2.9200477446155184,0.0,0.0,0.0
3919,691,672.6886,1081.4341,-0.0064738747,0.0,-0.0,0.0,0.0,0.0,-0.0032305714871585386,2.9200477446155184,0.0,0.0,0.0
3920,691,672.6886,1081.4341,-0.0064738747,0.0,-0.0,0.0,0.0,0.0,-0.0032305714871585386,2.9200477446155184,0.0,0.0,0.0
3921,691,672.6886,1081.4341,-0.0064738747,0.0,-0.0,0.0,0.0,0.0,-0.0032305714871585386,2.9200477446155184,0.0,0.0,0.0
3922,691,672.6886,1081.4341,-0.0064738747,0.0,-0.0,0.0,0.0,0.0,-0.0032305714871585386,2.9200477446155184,0.0,0.0,0.0
3923,691,672.6886,1081.4341,-0.0064738747,0.0,-0.0,0.0,0.0,0.0,-0.0032305714871585386,2.9200477446155184,0.0,0.0,0.0
3924,691,672.6886,1081.4341,-0.0064738747,0.0,-0.0,0.0,0.0,0.0,-0.0032305714871585386,2.9200477446155184,0.0,0.0,0.0
3925,691,672.6886,1081.4341,-0.0064738747,0.0,-0.0,0.0,0.0,0.0,-0.0032305714871585386,2.9200477446155184,0.0,0.0,0.0
3926,691,672.6886,1081.4341,-0.0064738747,0.0,-0.0,0.0,0.0,0.0,-0.0032305714871585386,2.9200477446155184,0.0,0.0,0.0
3927,691,672.6886,1081.4341,-0.0064738747,0.0,-0.0,0.0,0.0,0.0,-0.0032305714871585386,2.9200477446155184,0.0,0.0,0.0
3928,691,672.6886,1081.4341,-0.0064738747,0.0,-0.0,0.0,0.0,0.0,-0.0032305714871585386,2.9200477446155184,0.0,0.0,0.0
3929,691,672.6886,1081.4341,-0.0064738747,0.0,-0.0,0.0,0.0,0.0,-0.0032305714871585386,2.9200477446155184,0.0,0.0,0.0
3930,691,672.6886,1081.4341,-0.0064738747,0.0,-0.0,0.0,0.0,0.0,-0.0032305714871585386,2.9200477446155184,0.0,0.0,0.0
3931,691,672.6886,1081.4341,-0.0064738747,0.0,-0.0,0.0,0.0,0.0,-0.0032305714871585386,2.9200477446155184,0.0,0.0,0.0
3932,691,672.6886,1081.4341,-0.0064738747,0.0,-0.0,0.0,0.0,0.0,-0.0032305714871585386,2.9200477446155184,0.0,0.0,0.0
3933,691,672.6886,1081.4341,-0.0064738747,0.0,-0.0,0.0,0.0,0.0,-0.0032305714871585386,2.9200477446155184,0.0,0.0,0.0
3934,691,672.6886,1081.4341,-0.0064738747,0.0,-0.0,0.0,0.0,0.0,-0.0032305714871585386,2.9200477446155184,0.0,0.0,0.0
3935,691,672.6886,1081.4341,-0.0064738747,0.0,-0.0,0.0,0.0,0.0,-0.0032305714871585386,2.9200477446155184,0.0,0.0,0.0
3936,691,672.6886,1081.4341,-0.0064738747,0.0,-0.0,0.0,0.0,0.0,-0.0032305714871585386,2.9200477446155184,0.0,0.0,0.0
3937,691,672.6886,1081.4341,-0.0064738747,0.0,-0.0,0.0,0.0,0.0,-0.0032305714871585386,2.9200477446155184,0.0,0.0,0.0
3938,691,672.6886,1081.4341,-0.0064738747,0.0,-0.0,0.0,0.0,0.0,-0.0032305714871585386,2.9200477446155184,0.0,0.0,0.0
3939,691,672.6886,1081.4341,-0.0064738747,0.0,-0.0,0.0,0.0,0.0,-0.0032305714871585386,2.9200477446155184,0.0,0.0,0.0
3940,691,672.6886,1081.4341,-0.0064738747,0.0,-0.0,0.0,0.0,0.0,-0.0032305714871585386,2.9200477446155184,0.0,0.0,0.0
3941,691,672.6886,1081.4341,-0.0064738747,0.0,-0.0,0.0,0.0,0.0,-0.0032305714871585386,2.9200477446155184,0.0,0.0,0.0
3942,691,672.6886,1081.4341,-0.0064738747,0.0,-0.0,0.0,0.0,0.0,-0.0032305714871585386,2.9200477446155184,0.0,0.0,0.0
3943,691,672.6886,1081.4341,-0.0064738747,0.0,-0.0,0.0,0.0,0.0,-0.0032305714871585386,2.9200477446155184,0.0,0.0,0.0
3944,691,672.6886,1081.4341,-0.0064738747,0.0,-0.0,0.0,0.0,0.0,-0.0032305714871585386,2.9200477446155184,0.0,0.0,0.0
3945,691,672.6886,1081.4341,-0.0064738747,0.0,-0.0,0.0,0.0,0.0,-0.0032305714871585386,2.9200477446155184,0.0,0.0,0.0
3946,691,672.6886,1081.4341,-0.0064738747,0.0,-0.0,0.0,0.0,0.0,-0.0032305714871585386,2.9200477446155184,0.0,0.0,0.0
3947,691,672.6886,1081.4341,-0.0064738747,0.0,-0.0,0.0,0.0,0.0,-0.0032305714871585386,2.9200477446155184,0.0,0.0,0.0
3948,691,672.6886,1081.4341,-0.0064738747,0.0,-0.0,0.0,0.0,0.0,-0.0032305714871585386,2.9200477446155184,0.0,0.0,0.0
3949,691,672.6886,1081.4341,-0.0064738747,0.0,-0.0,0.0,0.0,0.0,-0.0032305714871585386,2.9200477446155184,0.0,0.0,0.0
3950,691,672.6886,1081.4341,-0.0064738747,0.0,-0.0,0.0,0.0,0.0,-0.0032305714871585386,2.9200477446155184,0.0,0.0,0.0
3951,691,672.6886,1081.4341,-0.0064738747,0.0,-0.0,0.0,0.0,0.0,-0.0032305714871585386,2.9200477446155184,0.0,0.0,0.0
3952,691,672.6886,1081.4341,-0.0064738747,0.0,-0.0,0.0,0.0,0.0,-0.0032305714871585386,2.9200477446155184,0.0,0.0,0.0
3953,691,672.6886,1081.4341,-0.0064738747,0.0,-0.0,0.0,0.0,0.0,-0.0032305714871585386,2.9200477446155184,0.0,0.0,0.0
3954,691,672.6886,1081.4341,-0.0064738747,0.0,-0.0,0.0,0.0,0.0,-0.0032305714871585386,2.9200477446155184,0.0,0.0,0.0
3955,691,672.6886,1081.4341,-0.0064738747,0.0,-0.0,0.0,0.0,0.0,-0.0032305714871585386,2.9200477446155184,0.0,0.0,0.0
3956,691,672.6886,1081.4341,-0.0064738747,0.0,-0.0,0.0,0.0,0.0,-0.0032305714871585386,2.9200477446155184,0.0,0.0,0.0
3957,691,672.6886,1081.4341,-0.0064738747,0.0,-0.0,0.0,0.0,0.0,-0.0032305714871585386,2.9200477446155184,0.0,0.0,0.0
3958,691,672.6886,1081.4341,-0.0064738747,0.0,-0.0,0.0,0.0,0.0,-0.0032305714871585386,2.9200477446155184,0.0,0.0,0.0
3959,691,672.6886,1081.4341,-0.0064738747,0.0,-0.0,0.0,0.0,0.0,-0.0032305714871585386,2.9200477446155184,0.0,0.0,0.0
3960,691,672.6886,1081.4341,-0.0064738747,0.0,-0.0,0.0,0.0,0.0,-0.0032305714871585386,2.9200477446155184,0.0,0.0,0.0
3961,691,672.6886,1081.4341,-0.0064738747,0.0,-0.0,0.0,0.0,0.0,-0.0032305714871585386,2.9200477446155184,0.0,0.0,0.0
3962,691,672.6886,1081.4341,-0.0064738747,0.0,-0.0,0.0,0.0,0.0,-0.0032305714871585386,2.9200477446155184,0.0,0.0,0.0
3963,691,672.6886,1081.4341,-0.0064738747,0.0,-0.0,0.0,0.0,0.0,-0.0032305714871585386,2.9200477446155184,0.0,0.0,0.0
3964,691,672.6886,1081.4341,-0.0064738747,0.0,-0.0,0.0,0.0,0.0,-0.0032305714871585386,2.9200477446155184,0.0,0.0,0.0
3965,691,672.6886,1081.4341,-0.0064738747,0.0,-0.0,0.0,0.0,0.0,-0.0032305714871585386,2.9200477446155184,0.0,0.0,0.0
3966,691,672.6886,1081.4341,-0.0064738747,0.0,-0.0,0.0,0.0,0.0,-0.0032305714871585386,2.9200477446155184,0.0,0.0,0.0
3967,691,672.6886,1081.4341,-0.0064738747,0.0,-0.0,0.0,0.0,0.0,-0.0032305714871585386,2.9200477446155184,0.0,0.0,0.0
3968,691,672.6886,1081.4341,-0.0064738747,0.0,-0.0,0.0,0.0,0.0,-0.0032305714871585386,2.9200477446155184,0.0,0.0,0.0
3969,691,672.6886,1081.4341,-0.0064738747,0.0,-0.0,0.0,0.0,0.0,-0.0032305714871585386,2.9200477446155184,0.0,0.0,0.0
3970,691,672.6886,1081.4341,-0.0064738747,0.0,-0.0,0.0,0.0,0.0,-0.0032305714871585386,2.9200477446155184,0.0,0.0,0.0
3971,691,672.6886,1081.4341,-0.0064738747,0.0,-0.0,0.0,0.0,0.0,-0.0032305714871585386,2.9200477446155184,0.0,0.0,0.0
3972,691,672.6886,1081.4341,-0.0064738747,0.0,-0.0,0.0,0.0,0.0,-0.0032305714871585386,2.9200477446155184,0.0,0.0,0.0
3973,691,672.6886,1081.4341,-0.0064738747,0.0,-0.0,0.0,0.0,0.0,-0.0032305714871585386,2.9200477446155184,0.0,0.0,0.0
3974,691,672.6886,1081.4341,-0.0064738747,0.0,-0.0,0.0,0.0,0.0,-0.0032305714871585386,2.9200477446155184,0.0,0.0,0.0
3975,691,672.6886,1081.4341,-0.0064738747,0.0,-0.0,0.0,0.0,0.0,-0.0032305714871585386,2.9200477446155184,0.0,0.0,0.0
3976,691,672.6886,1081.4341,-0.0064738747,0.0,-0.0,0.0,0.0,0.0,-0.0032305714871585386,2.9200477446155184,0.0,0.0,0.0
3977,691,672.6886,1081.4341,-0.0064738747,0.0,-0.0,0.0,0.0,0.0,-0.0032305714871585386,2.9200477446155184,0.0,0.0,0.0
3978,691,672.6886,1081.4341,-0.0064738747,0.0,-0.0,0.0,0.0,0.0,-0.0032305714871585386,2.9200477446155184,0.0,0.0,0.0
3979,691,672.6886,1081.4341,-0.0064738747,0.0,-0.0,0.0,0.0,0.0,-0.0032305714871585386,2.9200477446155184,0.0,0.0,0.0
3980,691,672.6886,1081.4341,-0.0064738747,0.0,-0.0,0.0,0.0,0.0,-0.0032305714871585386,2.9200477446155184,0.0,0.0,0.0
3981,691,672.6886,1081.4341,-0.0064738747,0.0,-0.0,0.0,0.0,0.0,-0.0032305714871585386,2.9200477446155184,0.0,0.0,0.0
3982,691,672.6886,1081.4341,-0.0064738747,0.0,-0.0,0.0,0.0,0.0,-0.0032305714871585386,2.9200477446155184,0.0,0.0,0.0
3983,691,672.6886,1081.4341,-0.0064738747,0.0,-0.0,0.0,0.0,0.0,-0.0032305714871585386,2.9200477446155184,0.0,0.0,0.0
3984,691,672.6886,1081.4341,-0.0064738747,0.0,-0.0,0.0,0.0,0.0,-0.0032305714871585386,2.9200477446155184,0.0,0.0,0.0
3985,691,672.6886,1081.4341,-0.0064738747,0.0,-0.0,0.0,0.0,0.0,-0.0032305714871585386,2.9200477446155184,0.0,0.0,0.0
3986,691,672.6886,1081.4341,-0.0064738747,0.0,-0.0,0.0,0.0,0.0,-0.0032305714871585386,2.9200477446155184,0.0,0.0,0.0
3987,691,672.6886,1081.4341,-0.0064738747,0.0,-0.0,0.0,0.0,0.0,-0.0032305714871585386,2.9200477446155184,0.0,0.0,0.0
3988,691,672.6886,1081.4341,-0.0064738747,0.0,-0.0,0.0,0.0,0.0,-0.0032305714871585386,2.9200477446155184,0.0,0.0,0.0
3989,691,672.6886,1081.4341,-0.0064738747,0.0,-0.0,0.0,0.0,0.0,-0.0032305714871585386,2.9200477446155184,0.0,0.0,0.0
3990,691,672.6886,1081.4341,-0.0064738747,0.0,-0.0,0.0,0.0,0.0,-0.0032305714871585386,2.9200477446155184,0.0,0.0,0.0
3991,691,672.6886,1081.4341,-0.0064738747,0.0,-0.0,0.0,0.0,0.0,-0.0032305714871585386,2.9200477446155184,0.0,0.0,0.0
3992,691,672.6886,1081.4341,-0.0064738747,0.0,-0.0,0.0,0.0,0.0,-0.0032305714871585386,2.9200477446155184,0.0,0.0,0.0
3993,691,672.6886,1081.4341,-0.0064738747,0.0,-0.0,0.0,0.0,0.0,-0.0032305714871585386,2.9200477446155184,0.0,0.0,0.0
3994,691,672.6886,1081.4341,-0.0064738747,0.0,-0.0,0.0,0.0,0.0,-0.0032305714871585386,2.9200477446155184,0.0,0.0,0.0
3995,691,672.6886,1081.4341,-0.0064738747,0.0,-0.0,0.0,0.0,0.0,-0.0032305714871585386,2.9200477446155184,0.0,0.0,0.0
3996,691,672.6886,1081.4341,-0.0064738747,0.0,-0.0,0.0,0.0,0.0,-0.0032305714871585386,2.9200477446155184,0.0,0.0,0.0
3997,691,672.6886,1081.4341,-0.0064738747,0.0,-0.0,0.0,0.0,0.0,-0.0032305714871585386,2.9200477446155184,0.0,0.0,0.0
3998,691,672.6886,1081.4341,-0.0064738747,0.0,-0.0,0.0,0.0,0.0,-0.0032305714871585386,2.9200477446155184,0.0,0.0,0.0
3999,691,672.6886,1081.4341,-0.0064738747,0.0,-0.0,0.0,0.0,0.0,-0.0032305714871585386,2.9200477446155184,0.0,0.0,0.0
4000,691,672.6886,1081.4341,-0.0064738747,0.0,-0.0,0.0,0.0,0.0,-0.0032305714871585386,2.9200477446155184,0.0,0.0,0.0
4001,691,672.6886,1081.4341,-0.0064738747,0.0,-0.0,0.0,0.0,0.0,-0.0032305714871585386,2.9200477446155184,0.0,0.0,0.0
4002,691,672.6886,1081.4341,-0.0064738747,0.0,-0.0,0.0,0.0,0.0,-0.0032305714871585386,2.9200477446155184,0.0,0.0,0.0
4003,691,672.6886,1081.4341,-0.0064738747,0.0,-0.0,0.0,0.0,0.0,-0.0032305714871585386,2.9200477446155184,0.0,0.0,0.0
4004,691,672.6886,1081.4341,-0.0064738747,0.0,-0.0,0.0,0.0,0.0,-0.0032305714871585386,2.9200477446155184,0.0,0.0,0.0
4005,691,672.6886,1081.4341,-0.0064738747,0.0,-0.0,0.0,0.0,0.0,-0.0032305714871585386,2.9200477446155184,0.0,0.0,0.0
4006,691,672.6886,1081.4341,-0.0064738747,0.0,-0.0,0.0,0.0,0.0,-0.0032305714871585386,2.9200477446155184,0.0,0.0,0.0
4007,691,672.6886,1081.4341,-0.0064738747,0.0,-0.0,0.0,0.0,0.0,-0.0032305714871585386,2.9200477446155184,0.0,0.0,0.0
4008,691,672.6886,1081.4341,-0.0064738747,0.0,-0.0,0.0,0.0,0.0,-0.0032305714871585386,2.9200477446155184,0.0,0.0,0.0
4009,691,672.6886,1081.4341,-0.0064738747,0.0,-0.0,0.0,0.0,0.0,-0.0032305714871585386,2.9200477446155184,0.0,0.0,0.0
4010,691,672.6886,1081.4341,-0.0064738747,0.0,-0.0,0.0,0.0,0.0,-0.0032305714871585386,2.9200477446155184,0.0,0.0,0.0
4011,691,672.6886,1081.4341,-0.0064738747,0.0,-0.0,0.0,0.0,0.0,-0.0032305714871585386,2.9200477446155184,0.0,0.0,0.0
4012,691,672.6886,1081.4341,-0.0064738747,0.0,-0.0,0.0,0.0,0.0,-0.0032305714871585386,2.9200477446155184,0.0,0.0,0.0
4013,691,672.6886,1081.4341,-0.0064738747,0.0,-0.0,0.0,0.0,0.0,-0.0032305714871585386,2.9200477446155184,0.0,0.0,0.0
4014,691,672.6886,1081.4341,-0.0064738747,0.0,-0.0,0.0,0.0,0.0,-0.0032305714871585386,2.9200477446155184,0.0,0.0,0.0
4015,691,672.6886,1081.4341,-0.0064738747,0.0,-0.0,0.0,0.0,0.0,-0.0032305714871585386,2.9200477446155184,0.0,0.0,0.0
4016,691,672.6886,1081.4341,-0.0064738747,0.0,-0.0,0.0,0.0,0.0,-0.0032305714871585386,2.9200477446155184,0.0,0.0,0.0
4017,691,672.6886,1081.4341,-0.0064738747,0.0,-0.0,0.0,0.0,0.0,-0.0032305714871585386,2.9200477446155184,0.0,0.0,0.0
4018,691,672.6886,1081.4341,-0.0064738747,0.0,-0.0,0.0,0.0,0.0,-0.0032305714871585386,2.9200477446155184,0.0,0.0,0.0
4019,691,672.6886,1081.4341,-0.0064738747,0.0,-0.0,0.0,0.0,0.0,-0.0032305714871585386,2.9200477446155184,0.0,0.0,0.0
4020,691,672.6886,1081.4341,-0.0064738747,0.0,-0.0,0.0,0.0,0.0,-0.0032305714871585386,2.9200477446155184,0.0,0.0,0.0
4021,691,672.6886,1081.4341,-0.0064738747,0.0,-0.0,0.0,0.0,0.0,-0.0032305714871585386,2.9200477446155184,0.0,0.0,0.0
4022,691,672.6886,1081.4341,-0.0064738747,0.0,-0.0,0.0,0.0,0.0,-0.0032305714871585386,2.9200477446155184,0.0,0.0,0.0
4023,691,672.6886,1081.4341,-0.0064738747,0.0,-0.0,0.0,0.0,0.0,-0.0032305714871585386,2.9200477446155184,0.0,0.0,0.0
4024,691,672.6886,1081.4341,-0.0064738747,0.0,-0.0,0.0,0.0,0.0,-0.0032305714871585386,2.9200477446155184,0.0,0.0,0.0
4025,691,672.6886,1081.4341,-0.0064738747,0.0,-0.0,0.0,0.0,0.0,-0.0032305714871585386,2.9200477446155184,0.0,0.0,0.0
4026,691,672.6886,1081.4341,-0.0064738747,0.0,-0.0,0.0,0.0,0.0,-0.0032305714871585386,2.9200477446155184,0.0,0.0,0.0
4027,691,672.6886,1081.4341,-0.0064738747,0.0,-0.0,0.0,0.0,0.0,-0.0032305714871585386,2.9200477446155184,0.0,0.0,0.0
4028,691,672.6886,1081.4341,-0.0064738747,0.0,-0.0,0.0,0.0,0.0,-0.0032305714871585386,2.9200477446155184,0.0,0.0,0.0
4029,691,672.6886,1081.4341,-0.0064738747,0.0,-0.0,0.0,0.0,0.0,-0.0032305714871585386,2.9200477446155184,0.0,0.0,0.0
4030,691,672.6886,1081.4341,-0.0064738747,0.0,-0.0,0.0,0.0,0.0,-0.0032305714871585386,2.9200477446155184,0.0,0.0,0.0
4031,691,672.6886,1081.4341,-0.0064738747,0.0,-0.0,0.0,0.0,0.0,-0.0032305714871585386,2.9200477446155184,0.0,0.0,0.0
4032,691,672.6886,1081.4341,-0.0064738747,0.0,-0.0,0.0,0.0,0.0,-0.0032305714871585386,2.9200477446155184,0.0,0.0,0.0
4033,691,672.6886,1081.4341,-0.0064738747,0.0,-0.0,0.0,0.0,0.0,-0.0032305714871585386,2.9200477446155184,0.0,0.0,0.0
4034,691,672.6886,1081.4341,-0.0064738747,0.0,-0.0,0.0,0.0,0.0,-0.0032305714871585386,2.9200477446155184,0.0,0.0,0.0
4035,691,672.6886,1081.4341,-0.0064738747,0.0,-0.0,0.0,0.0,0.0,-0.0032305714871585386,2.9200477446155184,0.0,0.0,0.0
4036,691,672.6886,1081.4341,-0.0064738747,0.0,-0.0,0.0,0.0,0.0,-0.0032305714871585386,2.9200477446155184,0.0,0.0,0.0
4037,691,672.6886,1081.4341,-0.0064738747,0.0,-0.0,0.0,0.0,0.0,-0.0032305714871585386,2.9200477446155184,0.0,0.0,0.0
4038,691,672.6886,1081.4341,-0.0064738747,0.0,-0.0,0.0,0.0,0.0,-0.0032305714871585386,2.9200477446155184,0.0,0.0,0.0
4039,691,672.6886,1081.4341,-0.0064738747,0.0,-0.0,0.0,0.0,0.0,-0.0032305714871585386,2.9200477446155184,0.0,0.0,0.0
4040,691,672.6886,1081.4341,-0.0064738747,0.0,-0.0,0.0,0.0,0.0,-0.0032305714871585386,2.9200477446155184,0.0,0.0,0.0
4041,691,672.6886,1081.4341,-0.0064738747,0.0,-0.0,0.0,0.0,0.0,-0.0032305714871585386,2.9200477446155184,0.0,0.0,0.0
4042,691,672.6886,1081.4341,-0.0064738747,0.0,-0.0,0.0,0.0,0.0,-0.0032305714871585386,2.9200477446155184,0.0,0.0,0.0
4043,691,672.6886,1081.4341,-0.0064738747,0.0,-0.0,0.0,0.0,0.0,-0.0032305714871585386,2.9200477446155184,0.0,0.0,0.0
4044,691,672.6886,1081.4341,-0.0064738747,0.0,-0.0,0.0,0.0,0.0,-0.0032305714871585386,2.9200477446155184,0.0,0.0,0.0
4045,691,672.6886,1081.4341,-0.0064738747,0.0,-0.0,0.0,0.0,0.0,-0.0032305714871585386,2.9200477446155184,0.0,0.0,0.0
4046,691,672.6886,1081.4341,-0.0064738747,0.0,-0.0,0.0,0.0,0.0,-0.0032305714871585386,2.9200477446155184,0.0,0.0,0.0
4047,691,672.6886,1081.4341,-0.0064738747,0.0,-0.0,0.0,0.0,0.0,-0.0032305714871585386,2.9200477446155184,0.0,0.0,0.0
4048,691,672.6886,1081.4341,-0.0064738747,0.0,-0.0,0.0,0.0,0.0,-0.0032305714871585386,2.9200477446155184,0.0,0.0,0.0
4049,691,672.6886,1081.4341,-0.0064738747,0.0,-0.0,0.0,0.0,0.0,-0.0032305714871585386,2.9200477446155184,0.0,0.0,0.0
4050,691,672.6886,1081.4341,-0.0064738747,0.0,-0.0,0.0,0.0,0.0,-0.0032305714871585386,2.9200477446155184,0.0,0.0,0.0
4051,691,672.6886,1081.4341,-0.0064738747,0.0,-0.0,0.0,0.0,0.0,-0.0032305714871585386,2.9200477446155184,0.0,0.0,0.0
4052,691,672.6886,1081.4341,-0.0064738747,0.0,-0.0,0.0,0.0,0.0,-0.0032305714871585386,2.9200477446155184,0.0,0.0,0.0
4053,691,672.6886,1081.4341,-0.0064738747,0.0,-0.0,0.0,0.0,0.0,-0.0032305714871585386,2.9200477446155184,0.0,0.0,0.0
4054,691,672.6886,1081.4341,-0.0064738747,0.0,-0.0,0.0,0.0,0.0,-0.0032305714871585386,2.9200477446155184,0.0,0.0,0.0
4055,691,672.6886,1081.4341,-0.0064738747,0.0,-0.0,0.0,0.0,0.0,-0.0032305714871585386,2.9200477446155184,0.0,0.0,0.0
4056,691,672.6886,1081.4341,-0.0064738747,0.0,-0.0,0.0,0.0,0.0,-0.0032305714871585386,2.9200477446155184,0.0,0.0,0.0
4057,691,672.6886,1081.4341,-0.0064738747,0.0,-0.0,0.0,0.0,0.0,-0.0032305714871585386,2.9200477446155184,0.0,0.0,0.0
4058,691,672.6886,1081.4341,-0.0064738747,0.0,-0.0,0.0,0.0,0.0,-0.0032305714871585386,2.9200477446155184,0.0,0.0,0.0
4059,691,672.6886,1081.4341,-0.0064738747,0.0,-0.0,0.0,0.0,0.0,-0.0032305714871585386,2.9200477446155184,0.0,0.0,0.0
4060,691,672.6886,1081.4341,-0.0064738747,0.0,-0.0,0.0,0.0,0.0,-0.0032305714871585386,2.9200477446155184,0.0,0.0,0.0
4061,691,672.6886,1081.4341,-0.0064738747,0.0,-0.0,0.0,0.0,0.0,-0.0032305714871585386,2.9200477446155184,0.0,0.0,0.0
4062,691,672.6886,1081.4341,-0.0064738747,0.0,-0.0,0.0,0.0,0.0,-0.0032305714871585386,2.9200477446155184,0.0,0.0,0.0
4063,691,672.6886,1081.4341,-0.0064738747,0.0,-0.0,0.0,0.0,0.0,-0.0032305714871585386,2.9200477446155184,0.0,0.0,0.0
4064,691,672.6886,1081.4341,-0.0064738747,0.0,-0.0,0.0,0.0,0.0,-0.0032305714871585386,2.9200477446155184,0.0,0.0,0.0
4065,691,672.6886,1081.4341,-0.0064738747,0.0,-0.0,0.0,0.0,0.0,-0.0032305714871585386,2.9200477446155184,0.0,0.0,0.0
4066,691,672.6886,1081.4341,-0.0064738747,0.0,-0.0,0.0,0.0,0.0,-0.0032305714871585386,2.9200477446155184,0.0,0.0,0.0
4067,691,672.6886,1081.4341,-0.0064738747,0.0,-0.0,0.0,0.0,0.0,-0.0032305714871585386,2.9200477446155184,0.0,0.0,0.0
4068,691,672.6886,1081.4341,-0.0064738747,0.0,-0.0,0.0,0.0,0.0,-0.0032305714871585386,2.9200477446155184,0.0,0.0,0.0
4069,691,672.6886,1081.4341,-0.0064738747,0.0,-0.0,0.0,0.0,0.0,-0.0032305714871585386,2.9200477446155184,0.0,0.0,0.0
4070,691,672.6886,1081.4341,-0.0064738747,0.0,-0.0,0.0,0.0,0.0,-0.0032305714871585386,2.9200477446155184,0.0,0.0,0.0
4071,691,672.6886,1081.4341,-0.0064738747,0.0,-0.0,0.0,0.0,0.0,-0.0032305714871585386,2.9200477446155184,0.0,0.0,0.0
4072,691,672.6886,1081.4341,-0.0064738747,0.0,-0.0,0.0,0.0,0.0,-0.0032305714871585386,2.9200477446155184,0.0,0.0,0.0
4073,691,672.6886,1081.4341,-0.0064738747,0.0,-0.0,0.0,0.0,0.0,-0.0032305714871585386,2.9200477446155184,0.0,0.0,0.0
4074,691,672.6886,1081.4341,-0.0064738747,0.0,-0.0,0.0,0.0,0.0,-0.0032305714871585386,2.9200477446155184,0.0,0.0,0.0
4075,691,672.6886,1081.4341,-0.0064738747,0.0,-0.0,0.0,0.0,0.0,-0.0032305714871585386,2.9200477446155184,0.0,0.0,0.0
4076,691,672.6886,1081.4341,-0.0064738747,0.0,-0.0,0.0,0.0,0.0,-0.0032305714871585386,2.9200477446155184,0.0,0.0,0.0
4077,691,672.6886,1081.4341,-0.0064738747,0.0,-0.0,0.0,0.0,0.0,-0.0032305714871585386,2.9200477446155184,0.0,0.0,0.0
4078,691,672.6886,1081.4341,-0.0064738747,0.0,-0.0,0.0,0.0,0.0,-0.0032305714871585386,2.9200477446155184,0.0,0.0,0.0
4079,691,672.6886,1081.4341,-0.0064738747,0.0,-0.0,0.0,0.0,0.0,-0.0032305714871585386,2.9200477446155184,0.0,0.0,0.0
4080,691,672.6886,1081.4341,-0.0064738747,0.0,-0.0,0.0,0.0,0.0,-0.0032305714871585386,2.9200477446155184,0.0,0.0,0.0
4081,691,672.6886,1081.4341,-0.0064738747,0.0,-0.0,0.0,0.0,0.0,-0.0032305714871585386,2.9200477446155184,0.0,0.0,0.0
4082,691,672.6886,1081.4341,-0.0064738747,0.0,-0.0,0.0,0.0,0.0,-0.0032305714871585386,2.9200477446155184,0.0,0.0,0.0
4083,691,672.6886,1081.4341,-0.0064738747,0.0,-0.0,0.0,0.0,0.0,-0.0032305714871585386,2.9200477446155184,0.0,0.0,0.0
4084,691,672.6886,1081.4341,-0.0064738747,0.0,-0.0,0.0,0.0,0.0,-0.0032305714871585386,2.9200477446155184,0.0,0.0,0.0
4085,691,672.6886,1081.4341,-0.0064738747,0.0,-0.0,0.0,0.0,0.0,-0.0032305714871585386,2.9200477446155184,0.0,0.0,0.0
4086,691,672.6886,1081.4341,-0.0064738747,0.0,-0.0,0.0,0.0,0.0,-0.0032305714871585386,2.9200477446155184,0.0,0.0,0.0
4087,691,672.6886,1081.4341,-0.0064738747,0.0,-0.0,0.0,0.0,0.0,-0.0032305714871585386,2.9200477446155184,0.0,0.0,0.0
4088,691,672.6886,1081.4341,-0.0064738747,0.0,-0.0,0.0,0.0,0.0,-0.0032305714871585386,2.9200477446155184,0.0,0.0,0.0
4089,691,672.6886,1081.4341,-0.0064738747,0.0,-0.0,0.0,0.0,0.0,-0.0032305714871585386,2.9200477446155184,0.0,0.0,0.0
4090,691,672.6886,1081.4341,-0.0064738747,0.0,-0.0,0.0,0.0,0.0,-0.0032305714871585386,2.9200477446155184,0.0,0.0,0.0
4091,691,672.6886,1081.4341,-0.0064738747,0.0,-0.0,0.0,0.0,0.0,-0.0032305714871585386,2.9200477446155184,0.0,0.0,0.0
4092,691,672.6886,1081.4341,-0.0064738747,0.0,-0.0,0.0,0.0,0.0,-0.0032305714871585386,2.9200477446155184,0.0,0.0,0.0
4093,691,672.6886,1081.4341,-0.0064738747,0.0,-0.0,0.0,0.0,0.0,-0.0032305714871585386,2.9200477446155184,0.0,0.0,0.0
4094,691,672.6886,1081.4341,-0.0064738747,0.0,-0.0,0.0,0.0,0.0,-0.0032305714871585386,2.9200477446155184,0.0,0.0,0.0
4095,691,672.6886,1081.4341,-0.0064738747,0.0,-0.0,0.0,0.0,0.0,-0.0032305714871585386,2.9200477446155184,0.0,0.0,0.0
4096,691,672.6886,1081.4341,-0.0064738747,0.0,-0.0,0.0,0.0,0.0,-0.0032305714871585386,2.9200477446155184,0.0,0.0,0.0
4097,691,672.6886,1081.4341,-0.0064738747,0.0,-0.0,0.0,0.0,0.0,-0.0032305714871585386,2.9200477446155184,0.0,0.0,0.0
4098,691,672.6886,1081.4341,-0.0064738747,0.0,-0.0,0.0,0.0,0.0,-0.0032305714871585386,2.9200477446155184,0.0,0.0,0.0
4099,691,672.6886,1081.4341,-0.0064738747,0.0,-0.0,0.0,0.0,0.0,-0.0032305714871585386,2.9200477446155184,0.0,0.0,0.0
4100,691,672.6886,1081.4341,-0.0064738747,0.0,-0.0,0.0,0.0,0.0,-0.0032305714871585386,2.9200477446155184,0.0,0.0,0.0
4101,691,672.6886,1081.4341,-0.0064738747,0.0,-0.0,0.0,0.0,0.0,-0.0032305714871585386,2.9200477446155184,0.0,0.0,0.0
4102,691,672.6886,1081.4341,-0.0064738747,0.0,-0.0,0.0,0.0,0.0,-0.0032305714871585386,2.9200477446155184,0.0,0.0,0.0
4103,691,672.6886,1081.4341,-0.0064738747,0.0,-0.0,0.0,0.0,0.0,-0.0032305714871585386,2.9200477446155184,0.0,0.0,0.0
4104,691,672.6886,1081.4341,-0.0064738747,0.0,-0.0,0.0,0.0,0.0,-0.0032305714871585386,2.9200477446155184,0.0,0.0,0.0
4105,691,672.6886,1081.4341,-0.0064738747,0.0,-0.0,0.0,0.0,0.0,-0.0032305714871585386,2.9200477446155184,0.0,0.0,0.0
4106,691,672.6886,1081.4341,-0.0064738747,0.0,-0.0,0.0,0.0,0.0,-0.0032305714871585386,2.9200477446155184,0.0,0.0,0.0
4107,691,672.6886,1081.4341,-0.0064738747,0.0,-0.0,0.0,0.0,0.0,-0.0032305714871585386,2.9200477446155184,0.0,0.0,0.0
4108,691,672.6886,1081.4341,-0.0064738747,0.0,-0.0,0.0,0.0,0.0,-0.0032305714871585386,2.9200477446155184,0.0,0.0,0.0
4109,691,672.6886,1081.4341,-0.0064738747,0.0,-0.0,0.0,0.0,0.0,-0.0032305714871585386,2.9200477446155184,0.0,0.0,0.0
4110,691,672.6886,1081.4341,-0.0064738747,0.0,-0.0,0.0,0.0,0.0,-0.0032305714871585386,2.9200477446155184,0.0,0.0,0.0
4111,691,672.6886,1081.4341,-0.0064738747,0.0,-0.0,0.0,0.0,0.0,-0.0032305714871585386,2.9200477446155184,0.0,0.0,0.0
4112,691,672.6886,1081.4341,-0.0064738747,0.0,-0.0,0.0,0.0,0.0,-0.0032305714871585386,2.9200477446155184,0.0,0.0,0.0
4113,691,672.6886,1081.4341,-0.0064738747,0.0,-0.0,0.0,0.0,0.0,-0.0032305714871585386,2.9200477446155184,0.0,0.0,0.0
4114,691,672.6886,1081.4341,-0.0064738747,0.0,-0.0,0.0,0.0,0.0,-0.0032305714871585386,2.9200477446155184,0.0,0.0,0.0
4115,691,672.6886,1081.4341,-0.0064738747,0.0,-0.0,0.0,0.0,0.0,-0.0032305714871585386,2.9200477446155184,0.0,0.0,0.0
4116,691,672.6886,1081.4341,-0.0064738747,0.0,-0.0,0.0,0.0,0.0,-0.0032305714871585386,2.9200477446155184,0.0,0.0,0.0
4117,691,672.6886,1081.4341,-0.0064738747,0.0,-0.0,0.0,0.0,0.0,-0.0032305714871585386,2.9200477446155184,0.0,0.0,0.0
4118,691,672.6886,1081.4341,-0.0064738747,0.0,-0.0,0.0,0.0,0.0,-0.0032305714871585386,2.9200477446155184,0.0,0.0,0.0
4119,691,672.6886,1081.4341,-0.0064738747,0.0,-0.0,0.0,0.0,0.0,-0.0032305714871585386,2.9200477446155184,0.0,0.0,0.0
4120,691,672.6886,1081.4341,-0.0064738747,0.0,-0.0,0.0,0.0,0.0,-0.0032305714871585386,2.9200477446155184,0.0,0.0,0.0
4121,691,672.6886,1081.4341,-0.0064738747,0.0,-0.0,0.0,0.0,0.0,-0.0032305714871585386,2.9200477446155184,0.0,0.0,0.0
4122,691,672.6886,1081.4341,-0.0064738747,0.0,-0.0,0.0,0.0,0.0,-0.0032305714871585386,2.9200477446155184,0.0,0.0,0.0
4123,691,672.6886,1081.4341,-0.0064738747,0.0,-0.0,0.0,0.0,0.0,-0.0032305714871585386,2.9200477446155184,0.0,0.0,0.0
4124,691,672.6886,1081.4341,-0.0064738747,0.0,-0.0,0.0,0.0,0.0,-0.0032305714871585386,2.9200477446155184,0.0,0.0,0.0
4125,691,672.6886,1081.4341,-0.0064738747,0.0,-0.0,0.0,0.0,0.0,-0.0032305714871585386,2.9200477446155184,0.0,0.0,0.0
4126,691,672.6886,1081.4341,-0.0064738747,0.0,-0.0,0.0,0.0,0.0,-0.0032305714871585386,2.9200477446155184,0.0,0.0,0.0
4127,691,672.6886,1081.4341,-0.0064738747,0.0,-0.0,0.0,0.0,0.0,-0.0032305714871585386,2.9200477446155184,0.0,0.0,0.0
4128,691,672.6886,1081.4341,-0.0064738747,0.0,-0.0,0.0,0.0,0.0,-0.0032305714871585386,2.9200477446155184,0.0,0.0,0.0
4129,691,672.6886,1081.4341,-0.0064738747,0.0,-0.0,0.0,0.0,0.0,-0.0032305714871585386,2.9200477446155184,0.0,0.0,0.0
4130,691,672.6886,1081.4341,-0.0064738747,0.0,-0.0,0.0,0.0,0.0,-0.0032305714871585386,2.9200477446155184,0.0,0.0,0.0
4131,691,672.6886,1081.4341,-0.0064738747,0.0,-0.0,0.0,0.0,0.0,-0.0032305714871585386,2.9200477446155184,0.0,0.0,0.0
4132,691,672.6886,1081.4341,-0.0064738747,0.0,-0.0,0.0,0.0,0.0,-0.0032305714871585386,2.9200477446155184,0.0,0.0,0.0
4133,691,672.6886,1081.4341,-0.0064738747,0.0,-0.0,0.0,0.0,0.0,-0.0032305714871585386,2.9200477446155184,0.0,0.0,0.0
4134,691,672.6886,1081.4341,-0.0064738747,0.0,-0.0,0.0,0.0,0.0,-0.0032305714871585386,2.9200477446155184,0.0,0.0,0.0
4135,691,672.6886,1081.4341,-0.0064738747,0.0,-0.0,0.0,0.0,0.0,-0.0032305714871585386,2.9200477446155184,0.0,0.0,0.0
4136,691,672.6886,1081.4341,-0.0064738747,0.0,-0.0,0.0,0.0,0.0,-0.0032305714871585386,2.9200477446155184,0.0,0.0,0.0
4137,691,672.6886,1081.4341,-0.0064738747,0.0,-0.0,0.0,0.0,0.0,-0.0032305714871585386,2.9200477446155184,0.0,0.0,0.0
4138,691,672.6886,1081.4341,-0.0064738747,0.0,-0.0,0.0,0.0,0.0,-0.0032305714871585386,2.9200477446155184,0.0,0.0,0.0
4139,691,672.6886,1081.4341,-0.0064738747,0.0,-0.0,0.0,0.0,0.0,-0.0032305714871585386,2.9200477446155184,0.0,0.0,0.0
4140,691,672.6886,1081.4341,-0.0064738747,0.0,-0.0,0.0,0.0,0.0,-0.0032305714871585386,2.9200477446155184,0.0,0.0,0.0
4141,691,672.6886,1081.4341,-0.0064738747,0.0,-0.0,0.0,0.0,0.0,-0.0032305714871585386,2.9200477446155184,0.0,0.0,0.0
4142,691,672.6886,1081.4341,-0.0064738747,0.0,-0.0,0.0,0.0,0.0,-0.0032305714871585386,2.9200477446155184,0.0,0.0,0.0
4143,691,672.6886,1081.4341,-0.0064738747,0.0,-0.0,0.0,0.0,0.0,-0.0032305714871585386,2.9200477446155184,0.0,0.0,0.0
4144,691,672.6886,1081.4341,-0.0064738747,0.0,-0.0,0.0,0.0,0.0,-0.0032305714871585386,2.9200477446155184,0.0,0.0,0.0
4145,691,672.6886,1081.4341,-0.0064738747,0.0,-0.0,0.0,0.0,0.0,-0.0032305714871585386,2.9200477446155184,0.0,0.0,0.0
4146,691,672.6886,1081.4341,-0.0064738747,0.0,-0.0,0.0,0.0,0.0,-0.0032305714871585386,2.9200477446155184,0.0,0.0,0.0
4147,691,672.6886,1081.4341,-0.0064738747,0.0,-0.0,0.0,0.0,0.0,-0.0032305714871585386,2.9200477446155184,0.0,0.0,0.0
4148,691,672.6886,1081.4341,-0.0064738747,0.0,-0.0,0.0,0.0,0.0,-0.0032305714871585386,2.9200477446155184,0.0,0.0,0.0
4149,691,672.6886,1081.4341,-0.0064738747,0.0,-0.0,0.0,0.0,0.0,-0.0032305714871585386,2.9200477446155184,0.0,0.0,0.0
4150,691,672.6886,1081.4341,-0.0064738747,0.0,-0.0,0.0,0.0,0.0,-0.0032305714871585386,2.9200477446155184,0.0,0.0,0.0
4151,691,672.6886,1081.4341,-0.0064738747,0.0,-0.0,0.0,0.0,0.0,-0.0032305714871585386,2.9200477446155184,0.0,0.0,0.0
4152,691,672.6886,1081.4341,-0.0064738747,0.0,-0.0,0.0,0.0,0.0,-0.0032305714871585386,2.9200477446155184,0.0,0.0,0.0
4153,691,672.6886,1081.4341,-0.0064738747,0.0,-0.0,0.0,0.0,0.0,-0.0032305714871585386,2.9200477446155184,0.0,0.0,0.0
4154,691,672.6886,1081.4341,-0.0064738747,0.0,-0.0,0.0,0.0,0.0,-0.0032305714871585386,2.9200477446155184,0.0,0.0,0.0
4155,691,672.6886,1081.4341,-0.0064738747,0.0,-0.0,0.0,0.0,0.0,-0.0032305714871585386,2.9200477446155184,0.0,0.0,0.0
4156,691,672.6886,1081.4341,-0.0064738747,0.0,-0.0,0.0,0.0,0.0,-0.0032305714871585386,2.9200477446155184,0.0,0.0,0.0
4157,691,672.6886,1081.4341,-0.0064738747,0.0,-0.0,0.0,0.0,0.0,-0.0032305714871585386,2.9200477446155184,0.0,0.0,0.0
4158,691,672.6886,1081.4341,-0.0064738747,0.0,-0.0,0.0,0.0,0.0,-0.0032305714871585386,2.9200477446155184,0.0,0.0,0.0
4159,691,672.6886,1081.4341,-0.0064738747,0.0,-0.0,0.0,0.0,0.0,-0.0032305714871585386,2.9200477446155184,0.0,0.0,0.0
4160,691,672.6886,1081.4341,-0.0064738747,0.0,-0.0,0.0,0.0,0.0,-0.0032305714871585386,2.9200477446155184,0.0,0.0,0.0
4161,691,672.6886,1081.4341,-0.0064738747,0.0,-0.0,0.0,0.0,0.0,-0.0032305714871585386,2.9200477446155184,0.0,0.0,0.0
4162,691,672.6886,1081.4341,-0.0064738747,0.0,-0.0,0.0,0.0,0.0,-0.0032305714871585386,2.9200477446155184,0.0,0.0,0.0
4163,691,672.6886,1081.4341,-0.0064738747,0.0,-0.0,0.0,0.0,0.0,-0.0032305714871585386,2.9200477446155184,0.0,0.0,0.0
4164,691,672.6886,1081.4341,-0.0064738747,0.0,-0.0,0.0,0.0,0.0,-0.0032305714871585386,2.9200477446155184,0.0,0.0,0.0
4165,691,672.6886,1081.4341,-0.0064738747,0.0,-0.0,0.0,0.0,0.0,-0.0032305714871585386,2.9200477446155184,0.0,0.0,0.0
4166,691,672.6886,1081.4341,-0.0064738747,0.0,-0.0,0.0,0.0,0.0,-0.0032305714871585386,2.9200477446155184,0.0,0.0,0.0
4167,691,672.6886,1081.4341,-0.0064738747,0.0,-0.0,0.0,0.0,0.0,-0.0032305714871585386,2.9200477446155184,0.0,0.0,0.0
4168,691,672.6886,1081.4341,-0.0064738747,0.0,-0.0,0.0,0.0,0.0,-0.0032305714871585386,2.9200477446155184,0.0,0.0,0.0
4169,691,672.6886,1081.4341,-0.0064738747,0.0,-0.0,0.0,0.0,0.0,-0.0032305714871585386,2.9200477446155184,0.0,0.0,0.0
4170,691,672.6886,1081.4341,-0.0064738747,0.0,-0.0,0.0,0.0,0.0,-0.0032305714871585386,2.9200477446155184,0.0,0.0,0.0
4171,691,672.6886,1081.4341,-0.0064738747,0.0,-0.0,0.0,0.0,0.0,-0.0032305714871585386,2.9200477446155184,0.0,0.0,0.0
4172,691,672.6886,1081.4341,-0.0064738747,0.0,-0.0,0.0,0.0,0.0,-0.0032305714871585386,2.9200477446155184,0.0,0.0,0.0
4173,691,672.6886,1081.4341,-0.0064738747,0.0,-0.0,0.0,0.0,0.0,-0.0032305714871585386,2.9200477446155184,0.0,0.0,0.0
4174,691,672.6886,1081.4341,-0.0064738747,0.0,-0.0,0.0,0.0,0.0,-0.0032305714871585386,2.9200477446155184,0.0,0.0,0.0
4175,691,672.6886,1081.4341,-0.0064738747,0.0,-0.0,0.0,0.0,0.0,-0.0032305714871585386,2.9200477446155184,0.0,0.0,0.0
4176,691,672.6886,1081.4341,-0.0064738747,0.0,-0.0,0.0,0.0,0.0,-0.0032305714871585386,2.9200477446155184,0.0,0.0,0.0
4177,691,672.6886,1081.4341,-0.0064738747,0.0,-0.0,0.0,0.0,0.0,-0.0032305714871585386,2.9200477446155184,0.0,0.0,0.0
4178,691,672.6886,1081.4341,-0.0064738747,0.0,-0.0,0.0,0.0,0.0,-0.0032305714871585386,2.9200477446155184,0.0,0.0,0.0
4179,691,672.6886,1081.4341,-0.0064738747,0.0,-0.0,0.0,0.0,0.0,-0.0032305714871585386,2.9200477446155184,0.0,0.0,0.0
4180,691,672.6886,1081.4341,-0.0064738747,0.0,-0.0,0.0,0.0,0.0,-0.0032305714871585386,2.9200477446155184,0.0,0.0,0.0
4181,691,672.6886,1081.4341,-0.0064738747,0.0,-0.0,0.0,0.0,0.0,-0.0032305714871585386,2.9200477446155184,0.0,0.0,0.0
4182,691,672.6886,1081.4341,-0.0064738747,0.0,-0.0,0.0,0.0,0.0,-0.0032305714871585386,2.9200477446155184,0.0,0.0,0.0
4183,691,672.6886,1081.4341,-0.0064738747,0.0,-0.0,0.0,0.0,0.0,-0.0032305714871585386,2.9200477446155184,0.0,0.0,0.0
4184,691,672.6886,1081.4341,-0.0064738747,0.0,-0.0,0.0,0.0,0.0,-0.0032305714871585386,2.9200477446155184,0.0,0.0,0.0
4185,691,672.6886,1081.4341,-0.0064738747,0.0,-0.0,0.0,0.0,0.0,-0.0032305714871585386,2.9200477446155184,0.0,0.0,0.0
4186,691,672.6886,1081.4341,-0.0064738747,0.0,-0.0,0.0,0.0,0.0,-0.0032305714871585386,2.9200477446155184,0.0,0.0,0.0
4187,691,672.6886,1081.4341,-0.0064738747,0.0,-0.0,0.0,0.0,0.0,-0.0032305714871585386,2.9200477446155184,0.0,0.0,0.0
4188,691,672.6886,1081.4341,-0.0064738747,0.0,-0.0,0.0,0.0,0.0,-0.0032305714871585386,2.9200477446155184,0.0,0.0,0.0
4189,691,672.6886,1081.4341,-0.0064738747,0.0,-0.0,0.0,0.0,0.0,-0.0032305714871585386,2.9200477446155184,0.0,0.0,0.0
4190,691,672.6886,1081.4341,-0.0064738747,0.0,-0.0,0.0,0.0,0.0,-0.0032305714871585386,2.9200477446155184,0.0,0.0,0.0
4191,691,672.6886,1081.4341,-0.0064738747,0.0,-0.0,0.0,0.0,0.0,-0.0032305714871585386,2.9200477446155184,0.0,0.0,0.0
4192,691,672.6886,1081.4341,-0.0064738747,0.0,-0.0,0.0,0.0,0.0,-0.0032305714871585386,2.9200477446155184,0.0,0.0,0.0
4193,691,672.6886,1081.4341,-0.0064738747,0.0,-0.0,0.0,0.0,0.0,-0.0032305714871585386,2.9200477446155184,0.0,0.0,0.0
4194,691,672.6886,1081.4341,-0.0064738747,0.0,-0.0,0.0,0.0,0.0,-0.0032305714871585386,2.9200477446155184,0.0,0.0,0.0
4195,691,672.6886,1081.4341,-0.0064738747,0.0,-0.0,0.0,0.0,0.0,-0.0032305714871585386,2.9200477446155184,0.0,0.0,0.0
4196,691,672.6886,1081.4341,-0.0064738747,0.0,-0.0,0.0,0.0,0.0,-0.0032305714871585386,2.9200477446155184,0.0,0.0,0.0
4197,691,672.6886,1081.4341,-0.0064738747,0.0,-0.0,0.0,0.0,0.0,-0.0032305714871585386,2.9200477446155184,0.0,0.0,0.0
4198,691,672.6886,1081.4341,-0.0064738747,0.0,-0.0,0.0,0.0,0.0,-0.0032305714871585386,2.9200477446155184,0.0,0.0,0.0
4199,691,672.6886,1081.4341,-0.0064738747,0.0,-0.0,0.0,0.0,0.0,-0.0032305714871585386,2.9200477446155184,0.0,0.0,0.0
4200,691,672.6886,1081.4341,-0.0064738747,0.0,-0.0,0.0,0.0,0.0,-0.0032305714871585386,2.9200477446155184,0.0,0.0,0.0
4201,691,672.6886,1081.4341,-0.0064738747,0.0,-0.0,0.0,0.0,0.0,-0.0032305714871585386,2.9200477446155184,0.0,0.0,0.0
4202,691,672.6886,1081.4341,-0.0064738747,0.0,-0.0,0.0,0.0,0.0,-0.0032305714871585386,2.9200477446155184,0.0,0.0,0.0
4203,691,672.6886,1081.4341,-0.0064738747,0.0,-0.0,0.0,0.0,0.0,-0.0032305714871585386,2.9200477446155184,0.0,0.0,0.0
4204,691,672.6886,1081.4341,-0.0064738747,0.0,-0.0,0.0,0.0,0.0,-0.0032305714871585386,2.9200477446155184,0.0,0.0,0.0
4205,691,672.6886,1081.4341,-0.0064738747,0.0,-0.0,0.0,0.0,0.0,-0.0032305714871585386,2.9200477446155184,0.0,0.0,0.0
4206,691,672.6886,1081.4341,-0.0064738747,0.0,-0.0,0.0,0.0,0.0,-0.0032305714871585386,2.9200477446155184,0.0,0.0,0.0
4207,691,672.6886,1081.4341,-0.0064738747,0.0,-0.0,0.0,0.0,0.0,-0.0032305714871585386,2.9200477446155184,0.0,0.0,0.0
4208,691,672.6886,1081.4341,-0.0064738747,0.0,-0.0,0.0,0.0,0.0,-0.0032305714871585386,2.9200477446155184,0.0,0.0,0.0
4209,691,672.6886,1081.4341,-0.0064738747,0.0,-0.0,0.0,0.0,0.0,-0.0032305714871585386,2.9200477446155184,0.0,0.0,0.0
4210,691,672.6886,1081.4341,-0.0064738747,0.0,-0.0,0.0,0.0,0.0,-0.0032305714871585386,2.9200477446155184,0.0,0.0,0.0
4211,691,672.6886,1081.4341,-0.0064738747,0.0,-0.0,0.0,0.0,0.0,-0.0032305714871585386,2.9200477446155184,0.0,0.0,0.0
4212,691,672.6886,1081.4341,-0.0064738747,0.0,-0.0,0.0,0.0,0.0,-0.0032305714871585386,2.9200477446155184,0.0,0.0,0.0
4213,691,672.6886,1081.4341,-0.0064738747,0.0,-0.0,0.0,0.0,0.0,-0.0032305714871585386,2.9200477446155184,0.0,0.0,0.0
4214,691,672.6886,1081.4341,-0.0064738747,0.0,-0.0,0.0,0.0,0.0,-0.0032305714871585386,2.9200477446155184,0.0,0.0,0.0
4215,691,672.6886,1081.4341,-0.0064738747,0.0,-0.0,0.0,0.0,0.0,-0.0032305714871585386,2.9200477446155184,0.0,0.0,0.0
4216,691,672.6886,1081.4341,-0.0064738747,0.0,-0.0,0.0,0.0,0.0,-0.0032305714871585386,2.9200477446155184,0.0,0.0,0.0
4217,691,672.6886,1081.4341,-0.0064738747,0.0,-0.0,0.0,0.0,0.0,-0.0032305714871585386,2.9200477446155184,0.0,0.0,0.0
4218,691,672.6886,1081.4341,-0.0064738747,0.0,-0.0,0.0,0.0,0.0,-0.0032305714871585386,2.9200477446155184,0.0,0.0,0.0
4219,691,672.6886,1081.4341,-0.0064738747,0.0,-0.0,0.0,0.0,0.0,-0.0032305714871585386,2.9200477446155184,0.0,0.0,0.0
4220,691,672.6886,1081.4341,-0.0064738747,0.0,-0.0,0.0,0.0,0.0,-0.0032305714871585386,2.9200477446155184,0.0,0.0,0.0
4221,691,672.6886,1081.4341,-0.0064738747,0.0,-0.0,0.0,0.0,0.0,-0.0032305714871585386,2.9200477446155184,0.0,0.0,0.0
4222,691,672.6886,1081.4341,-0.0064738747,0.0,-0.0,0.0,0.0,0.0,-0.0032305714871585386,2.9200477446155184,0.0,0.0,0.0
4223,691,672.6886,1081.4341,-0.0064738747,0.0,-0.0,0.0,0.0,0.0,-0.0032305714871585386,2.9200477446155184,0.0,0.0,0.0
4224,691,672.6886,1081.4341,-0.0064738747,0.0,-0.0,0.0,0.0,0.0,-0.0032305714871585386,2.9200477446155184,0.0,0.0,0.0
4225,691,672.6886,1081.4341,-0.0064738747,0.0,-0.0,0.0,0.0,0.0,-0.0032305714871585386,2.9200477446155184,0.0,0.0,0.0
4226,691,672.6886,1081.4341,-0.0064738747,0.0,-0.0,0.0,0.0,0.0,-0.0032305714871585386,2.9200477446155184,0.0,0.0,0.0
4227,691,672.6886,1081.4341,-0.0064738747,0.0,-0.0,0.0,0.0,0.0,-0.0032305714871585386,2.9200477446155184,0.0,0.0,0.0
4228,691,672.6886,1081.4341,-0.0064738747,0.0,-0.0,0.0,0.0,0.0,-0.0032305714871585386,2.9200477446155184,0.0,0.0,0.0
4229,691,672.6886,1081.4341,-0.0064738747,0.0,-0.0,0.0,0.0,0.0,-0.0032305714871585386,2.9200477446155184,0.0,0.0,0.0
4230,691,672.6886,1081.4341,-0.0064738747,0.0,-0.0,0.0,0.0,0.0,-0.0032305714871585386,2.9200477446155184,0.0,0.0,0.0
4231,691,672.6886,1081.4341,-0.0064738747,0.0,-0.0,0.0,0.0,0.0,-0.0032305714871585386,2.9200477446155184,0.0,0.0,0.0
4232,691,672.6886,1081.4341,-0.0064738747,0.0,-0.0,0.0,0.0,0.0,-0.0032305714871585386,2.9200477446155184,0.0,0.0,0.0
4233,691,672.6886,1081.4341,-0.0064738747,0.0,-0.0,0.0,0.0,0.0,-0.0032305714871585386,2.9200477446155184,0.0,0.0,0.0
4234,691,672.6886,1081.4341,-0.0064738747,0.0,-0.0,0.0,0.0,0.0,-0.0032305714871585386,2.9200477446155184,0.0,0.0,0.0
4235,691,672.6886,1081.4341,-0.0064738747,0.0,-0.0,0.0,0.0,0.0,-0.0032305714871585386,2.9200477446155184,0.0,0.0,0.0
4236,691,672.6886,1081.4341,-0.0064738747,0.0,-0.0,0.0,0.0,0.0,-0.0032305714871585386,2.9200477446155184,0.0,0.0,0.0
4237,691,672.6886,1081.4341,-0.0064738747,0.0,-0.0,0.0,0.0,0.0,-0.0032305714871585386,2.9200477446155184,0.0,0.0,0.0
4238,691,672.6886,1081.4341,-0.0064738747,0.0,-0.0,0.0,0.0,0.0,-0.0032305714871585386,2.9200477446155184,0.0,0.0,0.0
4239,691,672.6886,1081.4341,-0.0064738747,0.0,-0.0,0.0,0.0,0.0,-0.0032305714871585386,2.9200477446155184,0.0,0.0,0.0
4240,691,672.6886,1081.4341,-0.0064738747,0.0,-0.0,0.0,0.0,0.0,-0.0032305714871585386,2.9200477446155184,0.0,0.0,0.0
4241,691,672.6886,1081.4341,-0.0064738747,0.0,-0.0,0.0,0.0,0.0,-0.0032305714871585386,2.9200477446155184,0.0,0.0,0.0
4242,691,672.6886,1081.4341,-0.0064738747,0.0,-0.0,0.0,0.0,0.0,-0.0032305714871585386,2.9200477446155184,0.0,0.0,0.0
4243,691,672.6886,1081.4341,-0.0064738747,0.0,-0.0,0.0,0.0,0.0,-0.0032305714871585386,2.9200477446155184,0.0,0.0,0.0
4244,691,672.6886,1081.4341,-0.0064738747,0.0,-0.0,0.0,0.0,0.0,-0.0032305714871585386,2.9200477446155184,0.0,0.0,0.0
4245,691,672.6886,1081.4341,-0.0064738747,0.0,-0.0,0.0,0.0,0.0,-0.0032305714871585386,2.9200477446155184,0.0,0.0,0.0
4246,691,672.6886,1081.4341,-0.0064738747,0.0,-0.0,0.0,0.0,0.0,-0.0032305714871585386,2.9200477446155184,0.0,0.0,0.0
4247,691,672.6886,1081.4341,-0.0064738747,0.0,-0.0,0.0,0.0,0.0,-0.0032305714871585386,2.9200477446155184,0.0,0.0,0.0
4248,691,672.6886,1081.4341,-0.0064738747,0.0,-0.0,0.0,0.0,0.0,-0.0032305714871585386,2.9200477446155184,0.0,0.0,0.0
4249,691,672.6886,1081.4341,-0.0064738747,0.0,-0.0,0.0,0.0,0.0,-0.0032305714871585386,2.9200477446155184,0.0,0.0,0.0
4250,691,672.6886,1081.4341,-0.0064738747,0.0,-0.0,0.0,0.0,0.0,-0.0032305714871585386,2.9200477446155184,0.0,0.0,0.0
4251,691,672.6886,1081.4341,-0.0064738747,0.0,-0.0,0.0,0.0,0.0,-0.0032305714871585386,2.9200477446155184,0.0,0.0,0.0
4252,691,672.6886,1081.4341,-0.0064738747,0.0,-0.0,0.0,0.0,0.0,-0.0032305714871585386,2.9200477446155184,0.0,0.0,0.0
4253,691,672.6886,1081.4341,-0.0064738747,0.0,-0.0,0.0,0.0,0.0,-0.0032305714871585386,2.9200477446155184,0.0,0.0,0.0
4254,691,672.6886,1081.4341,-0.0064738747,0.0,-0.0,0.0,0.0,0.0,-0.0032305714871585386,2.9200477446155184,0.0,0.0,0.0
4255,691,672.6886,1081.4341,-0.0064738747,0.0,-0.0,0.0,0.0,0.0,-0.0032305714871585386,2.9200477446155184,0.0,0.0,0.0
4256,691,672.6886,1081.4341,-0.0064738747,0.0,-0.0,0.0,0.0,0.0,-0.0032305714871585386,2.9200477446155184,0.0,0.0,0.0
4257,691,672.6886,1081.4341,-0.0064738747,0.0,-0.0,0.0,0.0,0.0,-0.0032305714871585386,2.9200477446155184,0.0,0.0,0.0
4258,691,672.6886,1081.4341,-0.0064738747,0.0,-0.0,0.0,0.0,0.0,-0.0032305714871585386,2.9200477446155184,0.0,0.0,0.0
4259,691,672.6886,1081.4341,-0.0064738747,0.0,-0.0,0.0,0.0,0.0,-0.0032305714871585386,2.9200477446155184,0.0,0.0,0.0
4260,691,672.6886,1081.4341,-0.0064738747,0.0,-0.0,0.0,0.0,0.0,-0.0032305714871585386,2.9200477446155184,0.0,0.0,0.0
4261,691,672.6886,1081.4341,-0.0064738747,0.0,-0.0,0.0,0.0,0.0,-0.0032305714871585386,2.9200477446155184,0.0,0.0,0.0
4262,691,672.6886,1081.4341,-0.0064738747,0.0,-0.0,0.0,0.0,0.0,-0.0032305714871585386,2.9200477446155184,0.0,0.0,0.0
4263,691,672.6886,1081.4341,-0.0064738747,0.0,-0.0,0.0,0.0,0.0,-0.0032305714871585386,2.9200477446155184,0.0,0.0,0.0
4264,691,672.6886,1081.4341,-0.0064738747,0.0,-0.0,0.0,0.0,0.0,-0.0032305714871585386,2.9200477446155184,0.0,0.0,0.0
4265,691,672.6886,1081.4341,-0.0064738747,0.0,-0.0,0.0,0.0,0.0,-0.0032305714871585386,2.9200477446155184,0.0,0.0,0.0
4266,691,672.6886,1081.4341,-0.0064738747,0.0,-0.0,0.0,0.0,0.0,-0.0032305714871585386,2.9200477446155184,0.0,0.0,0.0
4267,691,672.6886,1081.4341,-0.0064738747,0.0,-0.0,0.0,0.0,0.0,-0.0032305714871585386,2.9200477446155184,0.0,0.0,0.0
4268,691,672.6886,1081.4341,-0.0064738747,0.0,-0.0,0.0,0.0,0.0,-0.0032305714871585386,2.9200477446155184,0.0,0.0,0.0
4269,691,672.6886,1081.4341,-0.0064738747,0.0,-0.0,0.0,0.0,0.0,-0.0032305714871585386,2.9200477446155184,0.0,0.0,0.0
4270,691,672.6886,1081.4341,-0.0064738747,0.0,-0.0,0.0,0.0,0.0,-0.0032305714871585386,2.9200477446155184,0.0,0.0,0.0
4271,691,672.6886,1081.4341,-0.0064738747,0.0,-0.0,0.0,0.0,0.0,-0.0032305714871585386,2.9200477446155184,0.0,0.0,0.0
4272,691,672.6886,1081.4341,-0.0064738747,0.0,-0.0,0.0,0.0,0.0,-0.0032305714871585386,2.9200477446155184,0.0,0.0,0.0
4273,691,672.6886,1081.4341,-0.0064738747,0.0,-0.0,0.0,0.0,0.0,-0.0032305714871585386,2.9200477446155184,0.0,0.0,0.0
4274,691,672.6886,1081.4341,-0.0064738747,0.0,-0.0,0.0,0.0,0.0,-0.0032305714871585386,2.9200477446155184,0.0,0.0,0.0
4275,691,672.6886,1081.4341,-0.0064738747,0.0,-0.0,0.0,0.0,0.0,-0.0032305714871585386,2.9200477446155184,0.0,0.0,0.0
4276,691,672.6886,1081.4341,-0.0064738747,0.0,-0.0,0.0,0.0,0.0,-0.0032305714871585386,2.9200477446155184,0.0,0.0,0.0
4277,691,672.6886,1081.4341,-0.0064738747,0.0,-0.0,0.0,0.0,0.0,-0.0032305714871585386,2.9200477446155184,0.0,0.0,0.0
4278,691,672.6886,1081.4341,-0.0064738747,0.0,-0.0,0.0,0.0,0.0,-0.0032305714871585386,2.9200477446155184,0.0,0.0,0.0
4279,691,672.6886,1081.4341,-0.0064738747,0.0,-0.0,0.0,0.0,0.0,-0.0032305714871585386,2.9200477446155184,0.0,0.0,0.0
4280,691,672.6886,1081.4341,-0.0064738747,0.0,-0.0,0.0,0.0,0.0,-0.0032305714871585386,2.9200477446155184,0.0,0.0,0.0
4281,691,672.6886,1081.4341,-0.0064738747,0.0,-0.0,0.0,0.0,0.0,-0.0032305714871585386,2.9200477446155184,0.0,0.0,0.0
4282,691,672.6886,1081.4341,-0.0064738747,0.0,-0.0,0.0,0.0,0.0,-0.0032305714871585386,2.9200477446155184,0.0,0.0,0.0
4283,691,672.6886,1081.4341,-0.0064738747,0.0,-0.0,0.0,0.0,0.0,-0.0032305714871585386,2.9200477446155184,0.0,0.0,0.0
4284,691,672.6886,1081.4341,-0.0064738747,0.0,-0.0,0.0,0.0,0.0,-0.0032305714871585386,2.9200477446155184,0.0,0.0,0.0
4285,691,672.6886,1081.4341,-0.0064738747,0.0,-0.0,0.0,0.0,0.0,-0.0032305714871585386,2.9200477446155184,0.0,0.0,0.0
4286,691,672.6886,1081.4341,-0.0064738747,0.0,-0.0,0.0,0.0,0.0,-0.0032305714871585386,2.9200477446155184,0.0,0.0,0.0
4287,691,672.6886,1081.4341,-0.0064738747,0.0,-0.0,0.0,0.0,0.0,-0.0032305714871585386,2.9200477446155184,0.0,0.0,0.0
4288,691,672.6886,1081.4341,-0.0064738747,0.0,-0.0,0.0,0.0,0.0,-0.0032305714871585386,2.9200477446155184,0.0,0.0,0.0
4289,691,672.6886,1081.4341,-0.0064738747,0.0,-0.0,0.0,0.0,0.0,-0.0032305714871585386,2.9200477446155184,0.0,0.0,0.0
4290,691,672.6886,1081.4341,-0.0064738747,0.0,-0.0,0.0,0.0,0.0,-0.0032305714871585386,2.9200477446155184,0.0,0.0,0.0
4291,691,672.6886,1081.4341,-0.0064738747,0.0,-0.0,0.0,0.0,0.0,-0.0032305714871585386,2.9200477446155184,0.0,0.0,0.0
4292,691,672.6886,1081.4341,-0.0064738747,0.0,-0.0,0.0,0.0,0.0,-0.0032305714871585386,2.9200477446155184,0.0,0.0,0.0
4293,691,672.6886,1081.4341,-0.0064738747,0.0,-0.0,0.0,0.0,0.0,-0.0032305714871585386,2.9200477446155184,0.0,0.0,0.0
4294,691,672.6886,1081.4341,-0.0064738747,0.0,-0.0,0.0,0.0,0.0,-0.0032305714871585386,2.9200477446155184,0.0,0.0,0.0
4295,691,672.6886,1081.4341,-0.0064738747,0.0,-0.0,0.0,0.0,0.0,-0.0032305714871585386,2.9200477446155184,0.0,0.0,0.0
4296,691,672.6886,1081.4341,-0.0064738747,0.0,-0.0,0.0,0.0,0.0,-0.0032305714871585386,2.9200477446155184,0.0,0.0,0.0
4297,691,672.6886,1081.4341,-0.0064738747,0.0,-0.0,0.0,0.0,0.0,-0.0032305714871585386,2.9200477446155184,0.0,0.0,0.0
4298,691,672.6886,1081.4341,-0.0064738747,0.0,-0.0,0.0,0.0,0.0,-0.0032305714871585386,2.9200477446155184,0.0,0.0,0.0
4299,691,672.6886,1081.4341,-0.0064738747,0.0,-0.0,0.0,0.0,0.0,-0.0032305714871585386,2.9200477446155184,0.0,0.0,0.0
4300,691,672.6886,1081.4341,-0.0064738747,0.0,-0.0,0.0,0.0,0.0,-0.0032305714871585386,2.9200477446155184,0.0,0.0,0.0
4301,691,672.6886,1081.4341,-0.0064738747,0.0,-0.0,0.0,0.0,0.0,-0.0032305714871585386,2.9200477446155184,0.0,0.0,0.0
4302,691,672.6886,1081.4341,-0.0064738747,0.0,-0.0,0.0,0.0,0.0,-0.0032305714871585386,2.9200477446155184,0.0,0.0,0.0
4303,691,672.6886,1081.4341,-0.0064738747,0.0,-0.0,0.0,0.0,0.0,-0.0032305714871585386,2.9200477446155184,0.0,0.0,0.0
4304,691,672.6886,1081.4341,-0.0064738747,0.0,-0.0,0.0,0.0,0.0,-0.0032305714871585386,2.9200477446155184,0.0,0.0,0.0
4305,691,672.6886,1081.4341,-0.0064738747,0.0,-0.0,0.0,0.0,0.0,-0.0032305714871585386,2.9200477446155184,0.0,0.0,0.0
4306,691,672.6886,1081.4341,-0.0064738747,0.0,-0.0,0.0,0.0,0.0,-0.0032305714871585386,2.9200477446155184,0.0,0.0,0.0
4307,691,672.6886,1081.4341,-0.0064738747,0.0,-0.0,0.0,0.0,0.0,-0.0032305714871585386,2.9200477446155184,0.0,0.0,0.0
4308,691,672.6886,1081.4341,-0.0064738747,0.0,-0.0,0.0,0.0,0.0,-0.0032305714871585386,2.9200477446155184,0.0,0.0,0.0
4309,691,672.6886,1081.4341,-0.0064738747,0.0,-0.0,0.0,0.0,0.0,-0.0032305714871585386,2.9200477446155184,0.0,0.0,0.0
4310,691,672.6886,1081.4341,-0.0064738747,0.0,-0.0,0.0,0.0,0.0,-0.0032305714871585386,2.9200477446155184,0.0,0.0,0.0
4311,691,672.6886,1081.4341,-0.0064738747,0.0,-0.0,0.0,0.0,0.0,-0.0032305714871585386,2.9200477446155184,0.0,0.0,0.0
4312,691,672.6886,1081.4341,-0.0064738747,0.0,-0.0,0.0,0.0,0.0,-0.0032305714871585386,2.9200477446155184,0.0,0.0,0.0
4313,691,672.6886,1081.4341,-0.0064738747,0.0,-0.0,0.0,0.0,0.0,-0.0032305714871585386,2.9200477446155184,0.0,0.0,0.0
4314,691,672.6886,1081.4341,-0.0064738747,0.0,-0.0,0.0,0.0,0.0,-0.0032305714871585386,2.9200477446155184,0.0,0.0,0.0
4315,691,672.6886,1081.4341,-0.0064738747,0.0,-0.0,0.0,0.0,0.0,-0.0032305714871585386,2.9200477446155184,0.0,0.0,0.0
4316,691,672.6886,1081.4341,-0.0064738747,0.0,-0.0,0.0,0.0,0.0,-0.0032305714871585386,2.9200477446155184,0.0,0.0,0.0
4317,691,672.6886,1081.4341,-0.0064738747,0.0,-0.0,0.0,0.0,0.0,-0.0032305714871585386,2.9200477446155184,0.0,0.0,0.0
4318,691,672.6886,1081.4341,-0.0064738747,0.0,-0.0,0.0,0.0,0.0,-0.0032305714871585386,2.9200477446155184,0.0,0.0,0.0
4319,691,672.6886,1081.4341,-0.0064738747,0.0,-0.0,0.0,0.0,0.0,-0.0032305714871585386,2.9200477446155184,0.0,0.0,0.0
4320,691,672.6886,1081.4341,-0.0064738747,0.0,-0.0,0.0,0.0,0.0,-0.0032305714871585386,2.9200477446155184,0.0,0.0,0.0
4321,691,672.6886,1081.4341,-0.0064738747,0.0,-0.0,0.0,0.0,0.0,-0.0032305714871585386,2.9200477446155184,0.0,0.0,0.0
4322,691,672.6886,1081.4341,-0.0064738747,0.0,-0.0,0.0,0.0,0.0,-0.0032305714871585386,2.9200477446155184,0.0,0.0,0.0
4323,691,672.6886,1081.4341,-0.0064738747,0.0,-0.0,0.0,0.0,0.0,-0.0032305714871585386,2.9200477446155184,0.0,0.0,0.0
4324,691,672.6886,1081.4341,-0.0064738747,0.0,-0.0,0.0,0.0,0.0,-0.0032305714871585386,2.9200477446155184,0.0,0.0,0.0
4325,691,672.6886,1081.4341,-0.0064738747,0.0,-0.0,0.0,0.0,0.0,-0.0032305714871585386,2.9200477446155184,0.0,0.0,0.0
4326,691,672.6886,1081.4341,-0.0064738747,0.0,-0.0,0.0,0.0,0.0,-0.0032305714871585386,2.9200477446155184,0.0,0.0,0.0
4327,691,672.6886,1081.4341,-0.0064738747,0.0,-0.0,0.0,0.0,0.0,-0.0032305714871585386,2.9200477446155184,0.0,0.0,0.0
4328,691,672.6886,1081.4341,-0.0064738747,0.0,-0.0,0.0,0.0,0.0,-0.0032305714871585386,2.9200477446155184,0.0,0.0,0.0
4329,691,672.6886,1081.4341,-0.0064738747,0.0,-0.0,0.0,0.0,0.0,-0.0032305714871585386,2.9200477446155184,0.0,0.0,0.0
4330,691,672.6886,1081.4341,-0.0064738747,0.0,-0.0,0.0,0.0,0.0,-0.0032305714871585386,2.9200477446155184,0.0,0.0,0.0
4331,691,672.6886,1081.4341,-0.0064738747,0.0,-0.0,0.0,0.0,0.0,-0.0032305714871585386,2.9200477446155184,0.0,0.0,0.0
4332,691,672.6886,1081.4341,-0.0064738747,0.0,-0.0,0.0,0.0,0.0,-0.0032305714871585386,2.9200477446155184,0.0,0.0,0.0
4333,691,672.6886,1081.4341,-0.0064738747,0.0,-0.0,0.0,0.0,0.0,-0.0032305714871585386,2.9200477446155184,0.0,0.0,0.0
4334,691,672.6886,1081.4341,-0.0064738747,0.0,-0.0,0.0,0.0,0.0,-0.0032305714871585386,2.9200477446155184,0.0,0.0,0.0
4335,691,672.6886,1081.4341,-0.0064738747,0.0,-0.0,0.0,0.0,0.0,-0.0032305714871585386,2.9200477446155184,0.0,0.0,0.0
4336,691,672.6886,1081.4341,-0.0064738747,0.0,-0.0,0.0,0.0,0.0,-0.0032305714871585386,2.9200477446155184,0.0,0.0,0.0
4337,691,672.6886,1081.4341,-0.0064738747,0.0,-0.0,0.0,0.0,0.0,-0.0032305714871585386,2.9200477446155184,0.0,0.0,0.0
4338,691,672.6886,1081.4341,-0.0064738747,0.0,-0.0,0.0,0.0,0.0,-0.0032305714871585386,2.9200477446155184,0.0,0.0,0.0
4339,691,672.6886,1081.4341,-0.0064738747,0.0,-0.0,0.0,0.0,0.0,-0.0032305714871585386,2.9200477446155184,0.0,0.0,0.0
4340,691,672.6886,1081.4341,-0.0064738747,0.0,-0.0,0.0,0.0,0.0,-0.0032305714871585386,2.9200477446155184,0.0,0.0,0.0
4341,691,672.6886,1081.4341,-0.0064738747,0.0,-0.0,0.0,0.0,0.0,-0.0032305714871585386,2.9200477446155184,0.0,0.0,0.0
4342,691,672.6886,1081.4341,-0.0064738747,0.0,-0.0,0.0,0.0,0.0,-0.0032305714871585386,2.9200477446155184,0.0,0.0,0.0
4343,691,672.6886,1081.4341,-0.0064738747,0.0,-0.0,0.0,0.0,0.0,-0.0032305714871585386,2.9200477446155184,0.0,0.0,0.0
4344,691,672.6886,1081.4341,-0.0064738747,0.0,-0.0,0.0,0.0,0.0,-0.0032305714871585386,2.9200477446155184,0.0,0.0,0.0
4345,691,672.6886,1081.4341,-0.0064738747,0.0,-0.0,0.0,0.0,0.0,-0.0032305714871585386,2.9200477446155184,0.0,0.0,0.0
4346,691,672.6886,1081.4341,-0.0064738747,0.0,-0.0,0.0,0.0,0.0,-0.0032305714871585386,2.9200477446155184,0.0,0.0,0.0
4347,691,672.6886,1081.4341,-0.0064738747,0.0,-0.0,0.0,0.0,0.0,-0.0032305714871585386,2.9200477446155184,0.0,0.0,0.0
4348,691,672.6886,1081.4341,-0.0064738747,0.0,-0.0,0.0,0.0,0.0,-0.0032305714871585386,2.9200477446155184,0.0,0.0,0.0
4349,691,672.6886,1081.4341,-0.0064738747,0.0,-0.0,0.0,0.0,0.0,-0.0032305714871585386,2.9200477446155184,0.0,0.0,0.0
4350,691,672.6886,1081.4341,-0.0064738747,0.0,-0.0,0.0,0.0,0.0,-0.0032305714871585386,2.9200477446155184,0.0,0.0,0.0
4351,691,672.6886,1081.4341,-0.0064738747,0.0,-0.0,0.0,0.0,0.0,-0.0032305714871585386,2.9200477446155184,0.0,0.0,0.0
4352,691,672.6886,1081.4341,-0.0064738747,0.0,-0.0,0.0,0.0,0.0,-0.0032305714871585386,2.9200477446155184,0.0,0.0,0.0
4353,691,672.6886,1081.4341,-0.0064738747,0.0,-0.0,0.0,0.0,0.0,-0.0032305714871585386,2.9200477446155184,0.0,0.0,0.0
4354,691,672.6886,1081.4341,-0.0064738747,0.0,-0.0,0.0,0.0,0.0,-0.0032305714871585386,2.9200477446155184,0.0,0.0,0.0
4355,691,672.6886,1081.4341,-0.0064738747,0.0,-0.0,0.0,0.0,0.0,-0.0032305714871585386,2.9200477446155184,0.0,0.0,0.0
4356,691,672.6886,1081.4341,-0.0064738747,0.0,-0.0,0.0,0.0,0.0,-0.0032305714871585386,2.9200477446155184,0.0,0.0,0.0
4357,691,672.6886,1081.4341,-0.0064738747,0.0,-0.0,0.0,0.0,0.0,-0.0032305714871585386,2.9200477446155184,0.0,0.0,0.0
4358,691,672.6886,1081.4341,-0.0064738747,0.0,-0.0,0.0,0.0,0.0,-0.0032305714871585386,2.9200477446155184,0.0,0.0,0.0
4359,691,672.6886,1081.4341,-0.0064738747,0.0,-0.0,0.0,0.0,0.0,-0.0032305714871585386,2.9200477446155184,0.0,0.0,0.0
4360,691,672.6886,1081.4341,-0.0064738747,0.0,-0.0,0.0,0.0,0.0,-0.0032305714871585386,2.9200477446155184,0.0,0.0,0.0
4361,691,672.6886,1081.4341,-0.0064738747,0.0,-0.0,0.0,0.0,0.0,-0.0032305714871585386,2.9200477446155184,0.0,0.0,0.0
4362,691,672.6886,1081.4341,-0.0064738747,0.0,-0.0,0.0,0.0,0.0,-0.0032305714871585386,2.9200477446155184,0.0,0.0,0.0
4363,691,672.6886,1081.4341,-0.0064738747,0.0,-0.0,0.0,0.0,0.0,-0.0032305714871585386,2.9200477446155184,0.0,0.0,0.0
4364,691,672.6886,1081.4341,-0.0064738747,0.0,-0.0,0.0,0.0,0.0,-0.0032305714871585386,2.9200477446155184,0.0,0.0,0.0
4365,691,672.6886,1081.4341,-0.0064738747,0.0,-0.0,0.0,0.0,0.0,-0.0032305714871585386,2.9200477446155184,0.0,0.0,0.0
4366,691,672.6886,1081.4341,-0.0064738747,0.0,-0.0,0.0,0.0,0.0,-0.0032305714871585386,2.9200477446155184,0.0,0.0,0.0
4367,691,672.6886,1081.4341,-0.0064738747,0.0,-0.0,0.0,0.0,0.0,-0.0032305714871585386,2.9200477446155184,0.0,0.0,0.0
4368,691,672.6886,1081.4341,-0.0064738747,0.0,-0.0,0.0,0.0,0.0,-0.0032305714871585386,2.9200477446155184,0.0,0.0,0.0
4369,691,672.6886,1081.4341,-0.0064738747,0.0,-0.0,0.0,0.0,0.0,-0.0032305714871585386,2.9200477446155184,0.0,0.0,0.0
4370,691,672.6886,1081.4341,-0.0064738747,0.0,-0.0,0.0,0.0,0.0,-0.0032305714871585386,2.9200477446155184,0.0,0.0,0.0
4371,691,672.6886,1081.4341,-0.0064738747,0.0,-0.0,0.0,0.0,0.0,-0.0032305714871585386,2.9200477446155184,0.0,0.0,0.0
4372,691,672.6886,1081.4341,-0.0064738747,0.0,-0.0,0.0,0.0,0.0,-0.0032305714871585386,2.9200477446155184,0.0,0.0,0.0
4373,691,672.6886,1081.4341,-0.0064738747,0.0,-0.0,0.0,0.0,0.0,-0.0032305714871585386,2.9200477446155184,0.0,0.0,0.0
4374,691,672.6886,1081.4341,-0.0064738747,0.0,-0.0,0.0,0.0,0.0,-0.0032305714871585386,2.9200477446155184,0.0,0.0,0.0
4375,691,672.6886,1081.4341,-0.0064738747,0.0,-0.0,0.0,0.0,0.0,-0.0032305714871585386,2.9200477446155184,0.0,0.0,0.0
4376,691,672.6886,1081.4341,-0.0064738747,0.0,-0.0,0.0,0.0,0.0,-0.0032305714871585386,2.9200477446155184,0.0,0.0,0.0
4377,691,672.6886,1081.4341,-0.0064738747,0.0,-0.0,0.0,0.0,0.0,-0.0032305714871585386,2.9200477446155184,0.0,0.0,0.0
4378,691,672.6886,1081.4341,-0.0064738747,0.0,-0.0,0.0,0.0,0.0,-0.0032305714871585386,2.9200477446155184,0.0,0.0,0.0
4379,691,672.6886,1081.4341,-0.0064738747,0.0,-0.0,0.0,0.0,0.0,-0.0032305714871585386,2.9200477446155184,0.0,0.0,0.0
4380,691,672.6886,1081.4341,-0.0064738747,0.0,-0.0,0.0,0.0,0.0,-0.0032305714871585386,2.9200477446155184,0.0,0.0,0.0
4381,691,672.6886,1081.4341,-0.0064738747,0.0,-0.0,0.0,0.0,0.0,-0.0032305714871585386,2.9200477446155184,0.0,0.0,0.0
4382,691,672.6886,1081.4341,-0.0064738747,0.0,-0.0,0.0,0.0,0.0,-0.0032305714871585386,2.9200477446155184,0.0,0.0,0.0
4383,691,672.6886,1081.4341,-0.0064738747,0.0,-0.0,0.0,0.0,0.0,-0.0032305714871585386,2.9200477446155184,0.0,0.0,0.0
4384,691,672.6886,1081.4341,-0.0064738747,0.0,-0.0,0.0,0.0,0.0,-0.0032305714871585386,2.9200477446155184,0.0,0.0,0.0
4385,691,672.6886,1081.4341,-0.0064738747,0.0,-0.0,0.0,0.0,0.0,-0.0032305714871585386,2.9200477446155184,0.0,0.0,0.0
4386,691,672.6886,1081.4341,-0.0064738747,0.0,-0.0,0.0,0.0,0.0,-0.0032305714871585386,2.9200477446155184,0.0,0.0,0.0
4387,691,672.6886,1081.4341,-0.0064738747,0.0,-0.0,0.0,0.0,0.0,-0.0032305714871585386,2.9200477446155184,0.0,0.0,0.0
4388,691,672.6886,1081.4341,-0.0064738747,0.0,-0.0,0.0,0.0,0.0,-0.0032305714871585386,2.9200477446155184,0.0,0.0,0.0
4389,691,672.6886,1081.4341,-0.0064738747,0.0,-0.0,0.0,0.0,0.0,-0.0032305714871585386,2.9200477446155184,0.0,0.0,0.0
4390,691,672.6886,1081.4341,-0.0064738747,0.0,-0.0,0.0,0.0,0.0,-0.0032305714871585386,2.9200477446155184,0.0,0.0,0.0
4391,691,672.6886,1081.4341,-0.0064738747,0.0,-0.0,0.0,0.0,0.0,-0.0032305714871585386,2.9200477446155184,0.0,0.0,0.0
4392,691,672.6886,1081.4341,-0.0064738747,0.0,-0.0,0.0,0.0,0.0,-0.0032305714871585386,2.9200477446155184,0.0,0.0,0.0
4393,691,672.6886,1081.4341,-0.0064738747,0.0,-0.0,0.0,0.0,0.0,-0.0032305714871585386,2.9200477446155184,0.0,0.0,0.0
4394,691,672.6886,1081.4341,-0.0064738747,0.0,-0.0,0.0,0.0,0.0,-0.0032305714871585386,2.9200477446155184,0.0,0.0,0.0
4395,691,672.6886,1081.4341,-0.0064738747,0.0,-0.0,0.0,0.0,0.0,-0.0032305714871585386,2.9200477446155184,0.0,0.0,0.0
4396,691,672.6886,1081.4341,-0.0064738747,0.0,-0.0,0.0,0.0,0.0,-0.0032305714871585386,2.9200477446155184,0.0,0.0,0.0
4397,691,672.6886,1081.4341,-0.0064738747,0.0,-0.0,0.0,0.0,0.0,-0.0032305714871585386,2.9200477446155184,0.0,0.0,0.0
4398,691,672.6886,1081.4341,-0.0064738747,0.0,-0.0,0.0,0.0,0.0,-0.0032305714871585386,2.9200477446155184,0.0,0.0,0.0
4399,691,672.6886,1081.4341,-0.0064738747,0.0,-0.0,0.0,0.0,0.0,-0.0032305714871585386,2.9200477446155184,0.0,0.0,0.0
4400,691,672.6886,1081.4341,-0.0064738747,0.0,-0.0,0.0,0.0,0.0,-0.0032305714871585386,2.9200477446155184,0.0,0.0,0.0
4401,691,672.6886,1081.4341,-0.0064738747,0.0,-0.0,0.0,0.0,0.0,-0.0032305714871585386,2.9200477446155184,0.0,0.0,0.0
4402,691,672.6886,1081.4341,-0.0064738747,0.0,-0.0,0.0,0.0,0.0,-0.0032305714871585386,2.9200477446155184,0.0,0.0,0.0
4403,691,672.6886,1081.4341,-0.0064738747,0.0,-0.0,0.0,0.0,0.0,-0.0032305714871585386,2.9200477446155184,0.0,0.0,0.0
4404,691,672.6886,1081.4341,-0.0064738747,0.0,-0.0,0.0,0.0,0.0,-0.0032305714871585386,2.9200477446155184,0.0,0.0,0.0
4405,691,672.6886,1081.4341,-0.0064738747,0.0,-0.0,0.0,0.0,0.0,-0.0032305714871585386,2.9200477446155184,0.0,0.0,0.0
4406,691,672.6886,1081.4341,-0.0064738747,0.0,-0.0,0.0,0.0,0.0,-0.0032305714871585386,2.9200477446155184,0.0,0.0,0.0
4407,691,672.6886,1081.4341,-0.0064738747,0.0,-0.0,0.0,0.0,0.0,-0.0032305714871585386,2.9200477446155184,0.0,0.0,0.0
4408,691,672.6886,1081.4341,-0.0064738747,0.0,-0.0,0.0,0.0,0.0,-0.0032305714871585386,2.9200477446155184,0.0,0.0,0.0
4409,691,672.6886,1081.4341,-0.0064738747,0.0,-0.0,0.0,0.0,0.0,-0.0032305714871585386,2.9200477446155184,0.0,0.0,0.0
4410,691,672.6886,1081.4341,-0.0064738747,0.0,-0.0,0.0,0.0,0.0,-0.0032305714871585386,2.9200477446155184,0.0,0.0,0.0
4411,691,672.6886,1081.4341,-0.0064738747,0.0,-0.0,0.0,0.0,0.0,-0.0032305714871585386,2.9200477446155184,0.0,0.0,0.0
4412,691,672.6886,1081.4341,-0.0064738747,0.0,-0.0,0.0,0.0,0.0,-0.0032305714871585386,2.9200477446155184,0.0,0.0,0.0
4413,691,672.6886,1081.4341,-0.0064738747,0.0,-0.0,0.0,0.0,0.0,-0.0032305714871585386,2.9200477446155184,0.0,0.0,0.0
4414,691,672.6886,1081.4341,-0.0064738747,0.0,-0.0,0.0,0.0,0.0,-0.0032305714871585386,2.9200477446155184,0.0,0.0,0.0
4415,691,672.6886,1081.4341,-0.0064738747,0.0,-0.0,0.0,0.0,0.0,-0.0032305714871585386,2.9200477446155184,0.0,0.0,0.0
4416,691,672.6886,1081.4341,-0.0064738747,0.0,-0.0,0.0,0.0,0.0,-0.0032305714871585386,2.9200477446155184,0.0,0.0,0.0
4417,691,672.6886,1081.4341,-0.0064738747,0.0,-0.0,0.0,0.0,0.0,-0.0032305714871585386,2.9200477446155184,0.0,0.0,0.0
4418,691,672.6886,1081.4341,-0.0064738747,0.0,-0.0,0.0,0.0,0.0,-0.0032305714871585386,2.9200477446155184,0.0,0.0,0.0
4419,691,672.6886,1081.4341,-0.0064738747,0.0,-0.0,0.0,0.0,0.0,-0.0032305714871585386,2.9200477446155184,0.0,0.0,0.0
4420,691,672.6886,1081.4341,-0.0064738747,0.0,-0.0,0.0,0.0,0.0,-0.0032305714871585386,2.9200477446155184,0.0,0.0,0.0
4421,691,672.6886,1081.4341,-0.0064738747,0.0,-0.0,0.0,0.0,0.0,-0.0032305714871585386,2.9200477446155184,0.0,0.0,0.0
4422,691,672.6886,1081.4341,-0.0064738747,0.0,-0.0,0.0,0.0,0.0,-0.0032305714871585386,2.9200477446155184,0.0,0.0,0.0
4423,691,672.6886,1081.4341,-0.0064738747,0.0,-0.0,0.0,0.0,0.0,-0.0032305714871585386,2.9200477446155184,0.0,0.0,0.0
4424,691,672.6886,1081.4341,-0.0064738747,0.0,-0.0,0.0,0.0,0.0,-0.0032305714871585386,2.9200477446155184,0.0,0.0,0.0
4425,691,672.6886,1081.4341,-0.0064738747,0.0,-0.0,0.0,0.0,0.0,-0.0032305714871585386,2.9200477446155184,0.0,0.0,0.0
4426,691,672.6886,1081.4341,-0.0064738747,0.0,-0.0,0.0,0.0,0.0,-0.0032305714871585386,2.9200477446155184,0.0,0.0,0.0
4427,691,672.6886,1081.4341,-0.0064738747,0.0,-0.0,0.0,0.0,0.0,-0.0032305714871585386,2.9200477446155184,0.0,0.0,0.0
4428,691,672.6886,1081.4341,-0.0064738747,0.0,-0.0,0.0,0.0,0.0,-0.0032305714871585386,2.9200477446155184,0.0,0.0,0.0
4429,691,672.6886,1081.4341,-0.0064738747,0.0,-0.0,0.0,0.0,0.0,-0.0032305714871585386,2.9200477446155184,0.0,0.0,0.0
4430,691,672.6886,1081.4341,-0.0064738747,0.0,-0.0,0.0,0.0,0.0,-0.0032305714871585386,2.9200477446155184,0.0,0.0,0.0
4431,691,672.6886,1081.4341,-0.0064738747,0.0,-0.0,0.0,0.0,0.0,-0.0032305714871585386,2.9200477446155184,0.0,0.0,0.0
4432,691,672.6886,1081.4341,-0.0064738747,0.0,-0.0,0.0,0.0,0.0,-0.0032305714871585386,2.9200477446155184,0.0,0.0,0.0
4433,691,672.6886,1081.4341,-0.0064738747,0.0,-0.0,0.0,0.0,0.0,-0.0032305714871585386,2.9200477446155184,0.0,0.0,0.0
4434,691,672.6886,1081.4341,-0.0064738747,0.0,-0.0,0.0,0.0,0.0,-0.0032305714871585386,2.9200477446155184,0.0,0.0,0.0
4435,691,672.6886,1081.4341,-0.0064738747,0.0,-0.0,0.0,0.0,0.0,-0.0032305714871585386,2.9200477446155184,0.0,0.0,0.0
4436,691,672.6886,1081.4341,-0.0064738747,0.0,-0.0,0.0,0.0,0.0,-0.0032305714871585386,2.9200477446155184,0.0,0.0,0.0
4437,691,672.6886,1081.4341,-0.0064738747,0.0,-0.0,0.0,0.0,0.0,-0.0032305714871585386,2.9200477446155184,0.0,0.0,0.0
4438,691,672.6886,1081.4341,-0.0064738747,0.0,-0.0,0.0,0.0,0.0,-0.0032305714871585386,2.9200477446155184,0.0,0.0,0.0
4439,691,672.6886,1081.4341,-0.0064738747,0.0,-0.0,0.0,0.0,0.0,-0.0032305714871585386,2.9200477446155184,0.0,0.0,0.0
4440,691,672.6886,1081.4341,-0.0064738747,0.0,-0.0,0.0,0.0,0.0,-0.0032305714871585386,2.9200477446155184,0.0,0.0,0.0
4441,691,672.6886,1081.4341,-0.0064738747,0.0,-0.0,0.0,0.0,0.0,-0.0032305714871585386,2.9200477446155184,0.0,0.0,0.0
4442,691,672.6886,1081.4341,-0.0064738747,0.0,-0.0,0.0,0.0,0.0,-0.0032305714871585386,2.9200477446155184,0.0,0.0,0.0
4443,691,672.6886,1081.4341,-0.0064738747,0.0,-0.0,0.0,0.0,0.0,-0.0032305714871585386,2.9200477446155184,0.0,0.0,0.0
4444,691,672.6886,1081.4341,-0.0064738747,0.0,-0.0,0.0,0.0,0.0,-0.0032305714871585386,2.9200477446155184,0.0,0.0,0.0
4445,691,672.6886,1081.4341,-0.0064738747,0.0,-0.0,0.0,0.0,0.0,-0.0032305714871585386,2.9200477446155184,0.0,0.0,0.0
4446,691,672.6886,1081.4341,-0.0064738747,0.0,-0.0,0.0,0.0,0.0,-0.0032305714871585386,2.9200477446155184,0.0,0.0,0.0
4447,691,672.6886,1081.4341,-0.0064738747,0.0,-0.0,0.0,0.0,0.0,-0.0032305714871585386,2.9200477446155184,0.0,0.0,0.0
4448,691,672.6886,1081.4341,-0.0064738747,0.0,-0.0,0.0,0.0,0.0,-0.0032305714871585386,2.9200477446155184,0.0,0.0,0.0
4449,691,672.6886,1081.4341,-0.0064738747,0.0,-0.0,0.0,0.0,0.0,-0.0032305714871585386,2.9200477446155184,0.0,0.0,0.0
4450,691,672.6886,1081.4341,-0.0064738747,0.0,-0.0,0.0,0.0,0.0,-0.0032305714871585386,2.9200477446155184,0.0,0.0,0.0
4451,691,672.6886,1081.4341,-0.0064738747,0.0,-0.0,0.0,0.0,0.0,-0.0032305714871585386,2.9200477446155184,0.0,0.0,0.0
4452,691,672.6886,1081.4341,-0.0064738747,0.0,-0.0,0.0,0.0,0.0,-0.0032305714871585386,2.9200477446155184,0.0,0.0,0.0
4453,691,672.6886,1081.4341,-0.0064738747,0.0,-0.0,0.0,0.0,0.0,-0.0032305714871585386,2.9200477446155184,0.0,0.0,0.0
4454,691,672.6886,1081.4341,-0.0064738747,0.0,-0.0,0.0,0.0,0.0,-0.0032305714871585386,2.9200477446155184,0.0,0.0,0.0
4455,691,672.6886,1081.4341,-0.0064738747,0.0,-0.0,0.0,0.0,0.0,-0.0032305714871585386,2.9200477446155184,0.0,0.0,0.0
4456,691,672.6886,1081.4341,-0.0064738747,0.0,-0.0,0.0,0.0,0.0,-0.0032305714871585386,2.9200477446155184,0.0,0.0,0.0
4457,691,672.6886,1081.4341,-0.0064738747,0.0,-0.0,0.0,0.0,0.0,-0.0032305714871585386,2.9200477446155184,0.0,0.0,0.0
4458,691,672.6886,1081.4341,-0.0064738747,0.0,-0.0,0.0,0.0,0.0,-0.0032305714871585386,2.9200477446155184,0.0,0.0,0.0
4459,691,672.6886,1081.4341,-0.0064738747,0.0,-0.0,0.0,0.0,0.0,-0.0032305714871585386,2.9200477446155184,0.0,0.0,0.0
4460,691,672.6886,1081.4341,-0.0064738747,0.0,-0.0,0.0,0.0,0.0,-0.0032305714871585386,2.9200477446155184,0.0,0.0,0.0
4461,691,672.6886,1081.4341,-0.0064738747,0.0,-0.0,0.0,0.0,0.0,-0.0032305714871585386,2.9200477446155184,0.0,0.0,0.0
4462,691,672.6886,1081.4341,-0.0064738747,0.0,-0.0,0.0,0.0,0.0,-0.0032305714871585386,2.9200477446155184,0.0,0.0,0.0
4463,691,672.6886,1081.4341,-0.0064738747,0.0,-0.0,0.0,0.0,0.0,-0.0032305714871585386,2.9200477446155184,0.0,0.0,0.0
4464,691,672.6886,1081.4341,-0.0064738747,0.0,-0.0,0.0,0.0,0.0,-0.0032305714871585386,2.9200477446155184,0.0,0.0,0.0
4465,691,672.6886,1081.4341,-0.0064738747,0.0,-0.0,0.0,0.0,0.0,-0.0032305714871585386,2.9200477446155184,0.0,0.0,0.0
4466,691,672.6886,1081.4341,-0.0064738747,0.0,-0.0,0.0,0.0,0.0,-0.0032305714871585386,2.9200477446155184,0.0,0.0,0.0
4467,691,672.6886,1081.4341,-0.0064738747,0.0,-0.0,0.0,0.0,0.0,-0.0032305714871585386,2.9200477446155184,0.0,0.0,0.0
4468,691,672.6886,1081.4341,-0.0064738747,0.0,-0.0,0.0,0.0,0.0,-0.0032305714871585386,2.9200477446155184,0.0,0.0,0.0
4469,691,672.6886,1081.4341,-0.0064738747,0.0,-0.0,0.0,0.0,0.0,-0.0032305714871585386,2.9200477446155184,0.0,0.0,0.0
4470,691,672.6886,1081.4341,-0.0064738747,0.0,-0.0,0.0,0.0,0.0,-0.0032305714871585386,2.9200477446155184,0.0,0.0,0.0
4471,691,672.6886,1081.4341,-0.0064738747,0.0,-0.0,0.0,0.0,0.0,-0.0032305714871585386,2.9200477446155184,0.0,0.0,0.0
4472,691,672.6886,1081.4341,-0.0064738747,0.0,-0.0,0.0,0.0,0.0,-0.0032305714871585386,2.9200477446155184,0.0,0.0,0.0
4473,691,672.6886,1081.4341,-0.0064738747,0.0,-0.0,0.0,0.0,0.0,-0.0032305714871585386,2.9200477446155184,0.0,0.0,0.0
4474,691,672.6886,1081.4341,-0.0064738747,0.0,-0.0,0.0,0.0,0.0,-0.0032305714871585386,2.9200477446155184,0.0,0.0,0.0
4475,691,672.6886,1081.4341,-0.0064738747,0.0,-0.0,0.0,0.0,0.0,-0.0032305714871585386,2.9200477446155184,0.0,0.0,0.0
4476,691,672.6886,1081.4341,-0.0064738747,0.0,-0.0,0.0,0.0,0.0,-0.0032305714871585386,2.9200477446155184,0.0,0.0,0.0
4477,691,672.6886,1081.4341,-0.0064738747,0.0,-0.0,0.0,0.0,0.0,-0.0032305714871585386,2.9200477446155184,0.0,0.0,0.0
4478,691,672.6886,1081.4341,-0.0064738747,0.0,-0.0,0.0,0.0,0.0,-0.0032305714871585386,2.9200477446155184,0.0,0.0,0.0
4479,691,672.6886,1081.4341,-0.0064738747,0.0,-0.0,0.0,0.0,0.0,-0.0032305714871585386,2.9200477446155184,0.0,0.0,0.0
4480,691,672.6886,1081.4341,-0.0064738747,0.0,-0.0,0.0,0.0,0.0,-0.0032305714871585386,2.9200477446155184,0.0,0.0,0.0
4481,691,672.6886,1081.4341,-0.0064738747,0.0,-0.0,0.0,0.0,0.0,-0.0032305714871585386,2.9200477446155184,0.0,0.0,0.0
4482,691,672.6886,1081.4341,-0.0064738747,0.0,-0.0,0.0,0.0,0.0,-0.0032305714871585386,2.9200477446155184,0.0,0.0,0.0
4483,691,672.6886,1081.4341,-0.0064738747,0.0,-0.0,0.0,0.0,0.0,-0.0032305714871585386,2.9200477446155184,0.0,0.0,0.0
4484,691,672.6886,1081.4341,-0.0064738747,0.0,-0.0,0.0,0.0,0.0,-0.0032305714871585386,2.9200477446155184,0.0,0.0,0.0
4485,691,672.6886,1081.4341,-0.0064738747,0.0,-0.0,0.0,0.0,0.0,-0.0032305714871585386,2.9200477446155184,0.0,0.0,0.0
4486,691,672.6886,1081.4341,-0.0064738747,0.0,-0.0,0.0,0.0,0.0,-0.0032305714871585386,2.9200477446155184,0.0,0.0,0.0
4487,691,672.6886,1081.4341,-0.0064738747,0.0,-0.0,0.0,0.0,0.0,-0.0032305714871585386,2.9200477446155184,0.0,0.0,0.0
4488,691,672.6886,1081.4341,-0.0064738747,0.0,-0.0,0.0,0.0,0.0,-0.0032305714871585386,2.9200477446155184,0.0,0.0,0.0
4489,691,672.6886,1081.4341,-0.0064738747,0.0,-0.0,0.0,0.0,0.0,-0.0032305714871585386,2.9200477446155184,0.0,0.0,0.0
4490,691,672.6886,1081.4341,-0.0064738747,0.0,-0.0,0.0,0.0,0.0,-0.0032305714871585386,2.9200477446155184,0.0,0.0,0.0
4491,691,672.6886,1081.4341,-0.0064738747,0.0,-0.0,0.0,0.0,0.0,-0.0032305714871585386,2.9200477446155184,0.0,0.0,0.0
4492,691,672.6886,1081.4341,-0.0064738747,0.0,-0.0,0.0,0.0,0.0,-0.0032305714871585386,2.9200477446155184,0.0,0.0,0.0
4493,691,672.6886,1081.4341,-0.0064738747,0.0,-0.0,0.0,0.0,0.0,-0.0032305714871585386,2.9200477446155184,0.0,0.0,0.0
4494,691,672.6886,1081.4341,-0.0064738747,0.0,-0.0,0.0,0.0,0.0,-0.0032305714871585386,2.9200477446155184,0.0,0.0,0.0
4495,691,672.6886,1081.4341,-0.0064738747,0.0,-0.0,0.0,0.0,0.0,-0.0032305714871585386,2.9200477446155184,0.0,0.0,0.0
4496,691,672.6886,1081.4341,-0.0064738747,0.0,-0.0,0.0,0.0,0.0,-0.0032305714871585386,2.9200477446155184,0.0,0.0,0.0
4497,691,672.6886,1081.4341,-0.0064738747,0.0,-0.0,0.0,0.0,0.0,-0.0032305714871585386,2.9200477446155184,0.0,0.0,0.0
4498,691,672.6886,1081.4341,-0.0064738747,0.0,-0.0,0.0,0.0,0.0,-0.0032305714871585386,2.9200477446155184,0.0,0.0,0.0
4499,691,672.6886,1081.4341,-0.0064738747,0.0,-0.0,0.0,0.0,0.0,-0.0032305714871585386,2.9200477446155184,0.0,0.0,0.0
4500,691,672.6886,1081.4341,-0.0064738747,0.0,-0.0,0.0,0.0,0.0,-0.0032305714871585386,2.9200477446155184,0.0,0.0,0.0
4501,691,672.6886,1081.4341,-0.0064738747,0.0,-0.0,0.0,0.0,0.0,-0.0032305714871585386,2.9200477446155184,0.0,0.0,0.0
4502,691,672.6886,1081.4341,-0.0064738747,0.0,-0.0,0.0,0.0,0.0,-0.0032305714871585386,2.9200477446155184,0.0,0.0,0.0
4503,691,672.6886,1081.4341,-0.0064738747,0.0,-0.0,0.0,0.0,0.0,-0.0032305714871585386,2.9200477446155184,0.0,0.0,0.0
4504,691,672.6886,1081.4341,-0.0064738747,0.0,-0.0,0.0,0.0,0.0,-0.0032305714871585386,2.9200477446155184,0.0,0.0,0.0
4505,691,672.6886,1081.4341,-0.0064738747,0.0,-0.0,0.0,0.0,0.0,-0.0032305714871585386,2.9200477446155184,0.0,0.0,0.0
4506,691,672.6886,1081.4341,-0.0064738747,0.0,-0.0,0.0,0.0,0.0,-0.0032305714871585386,2.9200477446155184,0.0,0.0,0.0
4507,691,672.6886,1081.4341,-0.0064738747,0.0,-0.0,0.0,0.0,0.0,-0.0032305714871585386,2.9200477446155184,0.0,0.0,0.0
4508,691,672.6886,1081.4341,-0.0064738747,0.0,-0.0,0.0,0.0,0.0,-0.0032305714871585386,2.9200477446155184,0.0,0.0,0.0
4509,691,672.6886,1081.4341,-0.0064738747,0.0,-0.0,0.0,0.0,0.0,-0.0032305714871585386,2.9200477446155184,0.0,0.0,0.0
4510,691,672.6886,1081.4341,-0.0064738747,0.0,-0.0,0.0,0.0,0.0,-0.0032305714871585386,2.9200477446155184,0.0,0.0,0.0
4511,691,672.6886,1081.4341,-0.0064738747,0.0,-0.0,0.0,0.0,0.0,-0.0032305714871585386,2.9200477446155184,0.0,0.0,0.0
4512,691,672.6886,1081.4341,-0.0064738747,0.0,-0.0,0.0,0.0,0.0,-0.0032305714871585386,2.9200477446155184,0.0,0.0,0.0
4513,691,672.6886,1081.4341,-0.0064738747,0.0,-0.0,0.0,0.0,0.0,-0.0032305714871585386,2.9200477446155184,0.0,0.0,0.0
4514,691,672.6886,1081.4341,-0.0064738747,0.0,-0.0,0.0,0.0,0.0,-0.0032305714871585386,2.9200477446155184,0.0,0.0,0.0
4515,691,672.6886,1081.4341,-0.0064738747,0.0,-0.0,0.0,0.0,0.0,-0.0032305714871585386,2.9200477446155184,0.0,0.0,0.0
4516,691,672.6886,1081.4341,-0.0064738747,0.0,-0.0,0.0,0.0,0.0,-0.0032305714871585386,2.9200477446155184,0.0,0.0,0.0
4517,691,672.6886,1081.4341,-0.0064738747,0.0,-0.0,0.0,0.0,0.0,-0.0032305714871585386,2.9200477446155184,0.0,0.0,0.0
4518,691,672.6886,1081.4341,-0.0064738747,0.0,-0.0,0.0,0.0,0.0,-0.0032305714871585386,2.9200477446155184,0.0,0.0,0.0
4519,691,672.6886,1081.4341,-0.0064738747,0.0,-0.0,0.0,0.0,0.0,-0.0032305714871585386,2.9200477446155184,0.0,0.0,0.0
4520,691,672.6886,1081.4341,-0.0064738747,0.0,-0.0,0.0,0.0,0.0,-0.0032305714871585386,2.9200477446155184,0.0,0.0,0.0
4521,691,672.6886,1081.4341,-0.0064738747,0.0,-0.0,0.0,0.0,0.0,-0.0032305714871585386,2.9200477446155184,0.0,0.0,0.0
4522,691,672.6886,1081.4341,-0.0064738747,0.0,-0.0,0.0,0.0,0.0,-0.0032305714871585386,2.9200477446155184,0.0,0.0,0.0
4523,691,672.6886,1081.4341,-0.0064738747,0.0,-0.0,0.0,0.0,0.0,-0.0032305714871585386,2.9200477446155184,0.0,0.0,0.0
4524,691,672.6886,1081.4341,-0.0064738747,0.0,-0.0,0.0,0.0,0.0,-0.0032305714871585386,2.9200477446155184,0.0,0.0,0.0
4525,691,672.6886,1081.4341,-0.0064738747,0.0,-0.0,0.0,0.0,0.0,-0.0032305714871585386,2.9200477446155184,0.0,0.0,0.0
4526,691,672.6886,1081.4341,-0.0064738747,0.0,-0.0,0.0,0.0,0.0,-0.0032305714871585386,2.9200477446155184,0.0,0.0,0.0
4527,691,672.6886,1081.4341,-0.0064738747,0.0,-0.0,0.0,0.0,0.0,-0.0032305714871585386,2.9200477446155184,0.0,0.0,0.0
4528,691,672.6886,1081.4341,-0.0064738747,0.0,-0.0,0.0,0.0,0.0,-0.0032305714871585386,2.9200477446155184,0.0,0.0,0.0
4529,691,672.6886,1081.4341,-0.0064738747,0.0,-0.0,0.0,0.0,0.0,-0.0032305714871585386,2.9200477446155184,0.0,0.0,0.0
4530,691,672.6886,1081.4341,-0.0064738747,0.0,-0.0,0.0,0.0,0.0,-0.0032305714871585386,2.9200477446155184,0.0,0.0,0.0
4531,691,672.6886,1081.4341,-0.0064738747,0.0,-0.0,0.0,0.0,0.0,-0.0032305714871585386,2.9200477446155184,0.0,0.0,0.0
4532,691,672.6886,1081.4341,-0.0064738747,0.0,-0.0,0.0,0.0,0.0,-0.0032305714871585386,2.9200477446155184,0.0,0.0,0.0
4533,691,672.6886,1081.4341,-0.0064738747,0.0,-0.0,0.0,0.0,0.0,-0.0032305714871585386,2.9200477446155184,0.0,0.0,0.0
4534,691,672.6886,1081.4341,-0.0064738747,0.0,-0.0,0.0,0.0,0.0,-0.0032305714871585386,2.9200477446155184,0.0,0.0,0.0
4535,691,672.6886,1081.4341,-0.0064738747,0.0,-0.0,0.0,0.0,0.0,-0.0032305714871585386,2.9200477446155184,0.0,0.0,0.0
4536,691,672.6886,1081.4341,-0.0064738747,0.0,-0.0,0.0,0.0,0.0,-0.0032305714871585386,2.9200477446155184,0.0,0.0,0.0
4537,691,672.6886,1081.4341,-0.0064738747,0.0,-0.0,0.0,0.0,0.0,-0.0032305714871585386,2.9200477446155184,0.0,0.0,0.0
4538,691,672.6886,1081.4341,-0.0064738747,0.0,-0.0,0.0,0.0,0.0,-0.0032305714871585386,2.9200477446155184,0.0,0.0,0.0
4539,691,672.6886,1081.4341,-0.0064738747,0.0,-0.0,0.0,0.0,0.0,-0.0032305714871585386,2.9200477446155184,0.0,0.0,0.0
4540,691,672.6886,1081.4341,-0.0064738747,0.0,-0.0,0.0,0.0,0.0,-0.0032305714871585386,2.9200477446155184,0.0,0.0,0.0
4541,691,672.6886,1081.4341,-0.0064738747,0.0,-0.0,0.0,0.0,0.0,-0.0032305714871585386,2.9200477446155184,0.0,0.0,0.0
4542,691,672.6886,1081.4341,-0.0064738747,0.0,-0.0,0.0,0.0,0.0,-0.0032305714871585386,2.9200477446155184,0.0,0.0,0.0
4543,691,672.6886,1081.4341,-0.0064738747,0.0,-0.0,0.0,0.0,0.0,-0.0032305714871585386,2.9200477446155184,0.0,0.0,0.0
4544,691,672.6886,1081.4341,-0.0064738747,0.0,-0.0,0.0,0.0,0.0,-0.0032305714871585386,2.9200477446155184,0.0,0.0,0.0
4545,691,672.6886,1081.4341,-0.0064738747,0.0,-0.0,0.0,0.0,0.0,-0.0032305714871585386,2.9200477446155184,0.0,0.0,0.0
4546,691,672.6886,1081.4341,-0.0064738747,0.0,-0.0,0.0,0.0,0.0,-0.0032305714871585386,2.9200477446155184,0.0,0.0,0.0
4547,691,672.6886,1081.4341,-0.0064738747,0.0,-0.0,0.0,0.0,0.0,-0.0032305714871585386,2.9200477446155184,0.0,0.0,0.0
4548,691,672.6886,1081.4341,-0.0064738747,0.0,-0.0,0.0,0.0,0.0,-0.0032305714871585386,2.9200477446155184,0.0,0.0,0.0
4549,691,672.6886,1081.4341,-0.0064738747,0.0,-0.0,0.0,0.0,0.0,-0.0032305714871585386,2.9200477446155184,0.0,0.0,0.0
4550,691,672.6886,1081.4341,-0.0064738747,0.0,-0.0,0.0,0.0,0.0,-0.0032305714871585386,2.9200477446155184,0.0,0.0,0.0
4551,691,672.6886,1081.4341,-0.0064738747,0.0,-0.0,0.0,0.0,0.0,-0.0032305714871585386,2.9200477446155184,0.0,0.0,0.0
4552,691,672.6886,1081.4341,-0.0064738747,0.0,-0.0,0.0,0.0,0.0,-0.0032305714871585386,2.9200477446155184,0.0,0.0,0.0
4553,691,672.6886,1081.4341,-0.0064738747,0.0,-0.0,0.0,0.0,0.0,-0.0032305714871585386,2.9200477446155184,0.0,0.0,0.0
4554,691,672.6886,1081.4341,-0.0064738747,0.0,-0.0,0.0,0.0,0.0,-0.0032305714871585386,2.9200477446155184,0.0,0.0,0.0
4555,691,672.6886,1081.4341,-0.0064738747,0.0,-0.0,0.0,0.0,0.0,-0.0032305714871585386,2.9200477446155184,0.0,0.0,0.0
4556,691,672.6886,1081.4341,-0.0064738747,0.0,-0.0,0.0,0.0,0.0,-0.0032305714871585386,2.9200477446155184,0.0,0.0,0.0
4557,691,672.6886,1081.4341,-0.0064738747,0.0,-0.0,0.0,0.0,0.0,-0.0032305714871585386,2.9200477446155184,0.0,0.0,0.0
4558,691,672.6886,1081.4341,-0.0064738747,0.0,-0.0,0.0,0.0,0.0,-0.0032305714871585386,2.9200477446155184,0.0,0.0,0.0
4559,691,672.6886,1081.4341,-0.0064738747,0.0,-0.0,0.0,0.0,0.0,-0.0032305714871585386,2.9200477446155184,0.0,0.0,0.0
4560,691,672.6886,1081.4341,-0.0064738747,0.0,-0.0,0.0,0.0,0.0,-0.0032305714871585386,2.9200477446155184,0.0,0.0,0.0
4561,691,672.6886,1081.4341,-0.0064738747,0.0,-0.0,0.0,0.0,0.0,-0.0032305714871585386,2.9200477446155184,0.0,0.0,0.0
4562,691,672.6886,1081.4341,-0.0064738747,0.0,-0.0,0.0,0.0,0.0,-0.0032305714871585386,2.9200477446155184,0.0,0.0,0.0
4563,691,672.6886,1081.4341,-0.0064738747,0.0,-0.0,0.0,0.0,0.0,-0.0032305714871585386,2.9200477446155184,0.0,0.0,0.0
4564,691,672.6886,1081.4341,-0.0064738747,0.0,-0.0,0.0,0.0,0.0,-0.0032305714871585386,2.9200477446155184,0.0,0.0,0.0
4565,691,672.6886,1081.4341,-0.0064738747,0.0,-0.0,0.0,0.0,0.0,-0.0032305714871585386,2.9200477446155184,0.0,0.0,0.0
4566,691,672.6886,1081.4341,-0.0064738747,0.0,-0.0,0.0,0.0,0.0,-0.0032305714871585386,2.9200477446155184,0.0,0.0,0.0
4567,691,672.6886,1081.4341,-0.0064738747,0.0,-0.0,0.0,0.0,0.0,-0.0032305714871585386,2.9200477446155184,0.0,0.0,0.0
4568,691,672.6886,1081.4341,-0.0064738747,0.0,-0.0,0.0,0.0,0.0,-0.0032305714871585386,2.9200477446155184,0.0,0.0,0.0
4569,691,672.6886,1081.4341,-0.0064738747,0.0,-0.0,0.0,0.0,0.0,-0.0032305714871585386,2.9200477446155184,0.0,0.0,0.0
4570,691,672.6886,1081.4341,-0.0064738747,0.0,-0.0,0.0,0.0,0.0,-0.0032305714871585386,2.9200477446155184,0.0,0.0,0.0
4571,691,672.6886,1081.4341,-0.0064738747,0.0,-0.0,0.0,0.0,0.0,-0.0032305714871585386,2.9200477446155184,0.0,0.0,0.0
4572,691,672.6886,1081.4341,-0.0064738747,0.0,-0.0,0.0,0.0,0.0,-0.0032305714871585386,2.9200477446155184,0.0,0.0,0.0
4573,691,672.6886,1081.4341,-0.0064738747,0.0,-0.0,0.0,0.0,0.0,-0.0032305714871585386,2.9200477446155184,0.0,0.0,0.0
4574,691,672.6886,1081.4341,-0.0064738747,0.0,-0.0,0.0,0.0,0.0,-0.0032305714871585386,2.9200477446155184,0.0,0.0,0.0
4575,691,672.6886,1081.4341,-0.0064738747,0.0,-0.0,0.0,0.0,0.0,-0.0032305714871585386,2.9200477446155184,0.0,0.0,0.0
4576,691,672.6886,1081.4341,-0.0064738747,0.0,-0.0,0.0,0.0,0.0,-0.0032305714871585386,2.9200477446155184,0.0,0.0,0.0
4577,691,672.6886,1081.4341,-0.0064738747,0.0,-0.0,0.0,0.0,0.0,-0.0032305714871585386,2.9200477446155184,0.0,0.0,0.0
4578,691,672.6886,1081.4341,-0.0064738747,0.0,-0.0,0.0,0.0,0.0,-0.0032305714871585386,2.9200477446155184,0.0,0.0,0.0
4579,691,672.6886,1081.4341,-0.0064738747,0.0,-0.0,0.0,0.0,0.0,-0.0032305714871585386,2.9200477446155184,0.0,0.0,0.0
4580,691,672.6886,1081.4341,-0.0064738747,0.0,-0.0,0.0,0.0,0.0,-0.0032305714871585386,2.9200477446155184,0.0,0.0,0.0
4581,691,672.6886,1081.4341,-0.0064738747,0.0,-0.0,0.0,0.0,0.0,-0.0032305714871585386,2.9200477446155184,0.0,0.0,0.0
4582,691,672.6886,1081.4341,-0.0064738747,0.0,-0.0,0.0,0.0,0.0,-0.0032305714871585386,2.9200477446155184,0.0,0.0,0.0
4583,691,672.6886,1081.4341,-0.0064738747,0.0,-0.0,0.0,0.0,0.0,-0.0032305714871585386,2.9200477446155184,0.0,0.0,0.0
4584,691,672.6886,1081.4341,-0.0064738747,0.0,-0.0,0.0,0.0,0.0,-0.0032305714871585386,2.9200477446155184,0.0,0.0,0.0
4585,691,672.6886,1081.4341,-0.0064738747,0.0,-0.0,0.0,0.0,0.0,-0.0032305714871585386,2.9200477446155184,0.0,0.0,0.0
4586,691,672.6886,1081.4341,-0.0064738747,0.0,-0.0,0.0,0.0,0.0,-0.0032305714871585386,2.9200477446155184,0.0,0.0,0.0
4587,691,672.6886,1081.4341,-0.0064738747,0.0,-0.0,0.0,0.0,0.0,-0.0032305714871585386,2.9200477446155184,0.0,0.0,0.0
4588,691,672.6886,1081.4341,-0.0064738747,0.0,-0.0,0.0,0.0,0.0,-0.0032305714871585386,2.9200477446155184,0.0,0.0,0.0
4589,691,672.6886,1081.4341,-0.0064738747,0.0,-0.0,0.0,0.0,0.0,-0.0032305714871585386,2.9200477446155184,0.0,0.0,0.0
4590,691,672.6886,1081.4341,-0.0064738747,0.0,-0.0,0.0,0.0,0.0,-0.0032305714871585386,2.9200477446155184,0.0,0.0,0.0
4591,691,672.6886,1081.4341,-0.0064738747,0.0,-0.0,0.0,0.0,0.0,-0.0032305714871585386,2.9200477446155184,0.0,0.0,0.0
4592,691,672.6886,1081.4341,-0.0064738747,0.0,-0.0,0.0,0.0,0.0,-0.0032305714871585386,2.9200477446155184,0.0,0.0,0.0
4593,691,672.6886,1081.4341,-0.0064738747,0.0,-0.0,0.0,0.0,0.0,-0.0032305714871585386,2.9200477446155184,0.0,0.0,0.0
4594,691,672.6886,1081.4341,-0.0064738747,0.0,-0.0,0.0,0.0,0.0,-0.0032305714871585386,2.9200477446155184,0.0,0.0,0.0
4595,691,672.6886,1081.4341,-0.0064738747,0.0,-0.0,0.0,0.0,0.0,-0.0032305714871585386,2.9200477446155184,0.0,0.0,0.0
4596,691,672.6886,1081.4341,-0.0064738747,0.0,-0.0,0.0,0.0,0.0,-0.0032305714871585386,2.9200477446155184,0.0,0.0,0.0
4597,691,672.6886,1081.4341,-0.0064738747,0.0,-0.0,0.0,0.0,0.0,-0.0032305714871585386,2.9200477446155184,0.0,0.0,0.0
4598,691,672.6886,1081.4341,-0.0064738747,0.0,-0.0,0.0,0.0,0.0,-0.0032305714871585386,2.9200477446155184,0.0,0.0,0.0
4599,691,672.6886,1081.4341,-0.0064738747,0.0,-0.0,0.0,0.0,0.0,-0.0032305714871585386,2.9200477446155184,0.0,0.0,0.0
4600,691,672.6886,1081.4341,-0.0064738747,0.0,-0.0,0.0,0.0,0.0,-0.0032305714871585386,2.9200477446155184,0.0,0.0,0.0
4601,691,672.6886,1081.4341,-0.0064738747,0.0,-0.0,0.0,0.0,0.0,-0.0032305714871585386,2.9200477446155184,0.0,0.0,0.0
4602,691,672.6886,1081.4341,-0.0064738747,0.0,-0.0,0.0,0.0,0.0,-0.0032305714871585386,2.9200477446155184,0.0,0.0,0.0
4603,691,672.6886,1081.4341,-0.0064738747,0.0,-0.0,0.0,0.0,0.0,-0.0032305714871585386,2.9200477446155184,0.0,0.0,0.0
4604,691,672.6886,1081.4341,-0.0064738747,0.0,-0.0,0.0,0.0,0.0,-0.0032305714871585386,2.9200477446155184,0.0,0.0,0.0
4605,691,672.6886,1081.4341,-0.0064738747,0.0,-0.0,0.0,0.0,0.0,-0.0032305714871585386,2.9200477446155184,0.0,0.0,0.0
4606,691,672.6886,1081.4341,-0.0064738747,0.0,-0.0,0.0,0.0,0.0,-0.0032305714871585386,2.9200477446155184,0.0,0.0,0.0
4607,691,672.6886,1081.4341,-0.0064738747,0.0,-0.0,0.0,0.0,0.0,-0.0032305714871585386,2.9200477446155184,0.0,0.0,0.0
4608,691,672.6886,1081.4341,-0.0064738747,0.0,-0.0,0.0,0.0,0.0,-0.0032305714871585386,2.9200477446155184,0.0,0.0,0.0
4609,691,672.6886,1081.4341,-0.0064738747,0.0,-0.0,0.0,0.0,0.0,-0.0032305714871585386,2.9200477446155184,0.0,0.0,0.0
4610,691,672.6886,1081.4341,-0.0064738747,0.0,-0.0,0.0,0.0,0.0,-0.0032305714871585386,2.9200477446155184,0.0,0.0,0.0
4611,691,672.6886,1081.4341,-0.0064738747,0.0,-0.0,0.0,0.0,0.0,-0.0032305714871585386,2.9200477446155184,0.0,0.0,0.0
4612,691,672.6886,1081.4341,-0.0064738747,0.0,-0.0,0.0,0.0,0.0,-0.0032305714871585386,2.9200477446155184,0.0,0.0,0.0
4613,691,672.6886,1081.4341,-0.0064738747,0.0,-0.0,0.0,0.0,0.0,-0.0032305714871585386,2.9200477446155184,0.0,0.0,0.0
4614,691,672.6886,1081.4341,-0.0064738747,0.0,-0.0,0.0,0.0,0.0,-0.0032305714871585386,2.9200477446155184,0.0,0.0,0.0
4615,691,672.6886,1081.4341,-0.0064738747,0.0,-0.0,0.0,0.0,0.0,-0.0032305714871585386,2.9200477446155184,0.0,0.0,0.0
4616,691,672.6886,1081.4341,-0.0064738747,0.0,-0.0,0.0,0.0,0.0,-0.0032305714871585386,2.9200477446155184,0.0,0.0,0.0
4617,691,672.6886,1081.4341,-0.0064738747,0.0,-0.0,0.0,0.0,0.0,-0.0032305714871585386,2.9200477446155184,0.0,0.0,0.0
4618,691,672.6886,1081.4341,-0.0064738747,0.0,-0.0,0.0,0.0,0.0,-0.0032305714871585386,2.9200477446155184,0.0,0.0,0.0
4619,691,672.6886,1081.4341,-0.0064738747,0.0,-0.0,0.0,0.0,0.0,-0.0032305714871585386,2.9200477446155184,0.0,0.0,0.0
4620,691,672.6886,1081.4341,-0.0064738747,0.0,-0.0,0.0,0.0,0.0,-0.0032305714871585386,2.9200477446155184,0.0,0.0,0.0
4621,691,672.6886,1081.4341,-0.0064738747,0.0,-0.0,0.0,0.0,0.0,-0.0032305714871585386,2.9200477446155184,0.0,0.0,0.0
4622,691,672.6886,1081.4341,-0.0064738747,0.0,-0.0,0.0,0.0,0.0,-0.0032305714871585386,2.9200477446155184,0.0,0.0,0.0
4623,691,672.6886,1081.4341,-0.0064738747,0.0,-0.0,0.0,0.0,0.0,-0.0032305714871585386,2.9200477446155184,0.0,0.0,0.0
4624,691,672.6886,1081.4341,-0.0064738747,0.0,-0.0,0.0,0.0,0.0,-0.0032305714871585386,2.9200477446155184,0.0,0.0,0.0
4625,691,672.6886,1081.4341,-0.0064738747,0.0,-0.0,0.0,0.0,0.0,-0.0032305714871585386,2.9200477446155184,0.0,0.0,0.0
4626,691,672.6886,1081.4341,-0.0064738747,0.0,-0.0,0.0,0.0,0.0,-0.0032305714871585386,2.9200477446155184,0.0,0.0,0.0
4627,691,672.6886,1081.4341,-0.0064738747,0.0,-0.0,0.0,0.0,0.0,-0.0032305714871585386,2.9200477446155184,0.0,0.0,0.0
4628,691,672.6886,1081.4341,-0.0064738747,0.0,-0.0,0.0,0.0,0.0,-0.0032305714871585386,2.9200477446155184,0.0,0.0,0.0
4629,691,672.6886,1081.4341,-0.0064738747,0.0,-0.0,0.0,0.0,0.0,-0.0032305714871585386,2.9200477446155184,0.0,0.0,0.0
4630,691,672.6886,1081.4341,-0.0064738747,0.0,-0.0,0.0,0.0,0.0,-0.0032305714871585386,2.9200477446155184,0.0,0.0,0.0
4631,691,672.6886,1081.4341,-0.0064738747,0.0,-0.0,0.0,0.0,0.0,-0.0032305714871585386,2.9200477446155184,0.0,0.0,0.0
4632,691,672.6886,1081.4341,-0.0064738747,0.0,-0.0,0.0,0.0,0.0,-0.0032305714871585386,2.9200477446155184,0.0,0.0,0.0
4633,691,672.6886,1081.4341,-0.0064738747,0.0,-0.0,0.0,0.0,0.0,-0.0032305714871585386,2.9200477446155184,0.0,0.0,0.0
4634,691,672.6886,1081.4341,-0.0064738747,0.0,-0.0,0.0,0.0,0.0,-0.0032305714871585386,2.9200477446155184,0.0,0.0,0.0
4635,691,672.6886,1081.4341,-0.0064738747,0.0,-0.0,0.0,0.0,0.0,-0.0032305714871585386,2.9200477446155184,0.0,0.0,0.0
4636,691,672.6886,1081.4341,-0.0064738747,0.0,-0.0,0.0,0.0,0.0,-0.0032305714871585386,2.9200477446155184,0.0,0.0,0.0
4637,691,672.6886,1081.4341,-0.0064738747,0.0,-0.0,0.0,0.0,0.0,-0.0032305714871585386,2.9200477446155184,0.0,0.0,0.0
4638,691,672.6886,1081.4341,-0.0064738747,0.0,-0.0,0.0,0.0,0.0,-0.0032305714871585386,2.9200477446155184,0.0,0.0,0.0
4639,691,672.6886,1081.4341,-0.0064738747,0.0,-0.0,0.0,0.0,0.0,-0.0032305714871585386,2.9200477446155184,0.0,0.0,0.0
4640,691,672.6886,1081.4341,-0.0064738747,0.0,-0.0,0.0,0.0,0.0,-0.0032305714871585386,2.9200477446155184,0.0,0.0,0.0
4641,691,672.6886,1081.4341,-0.0064738747,0.0,-0.0,0.0,0.0,0.0,-0.0032305714871585386,2.9200477446155184,0.0,0.0,0.0
4642,691,672.6886,1081.4341,-0.0064738747,0.0,-0.0,0.0,0.0,0.0,-0.0032305714871585386,2.9200477446155184,0.0,0.0,0.0
4643,691,672.6886,1081.4341,-0.0064738747,0.0,-0.0,0.0,0.0,0.0,-0.0032305714871585386,2.9200477446155184,0.0,0.0,0.0
4644,691,672.6886,1081.4341,-0.0064738747,0.0,-0.0,0.0,0.0,0.0,-0.0032305714871585386,2.9200477446155184,0.0,0.0,0.0
4645,691,672.6886,1081.4341,-0.0064738747,0.0,-0.0,0.0,0.0,0.0,-0.0032305714871585386,2.9200477446155184,0.0,0.0,0.0
4646,691,672.6886,1081.4341,-0.0064738747,0.0,-0.0,0.0,0.0,0.0,-0.0032305714871585386,2.9200477446155184,0.0,0.0,0.0
4647,691,672.6886,1081.4341,-0.0064738747,0.0,-0.0,0.0,0.0,0.0,-0.0032305714871585386,2.9200477446155184,0.0,0.0,0.0
4648,691,672.6886,1081.4341,-0.0064738747,0.0,-0.0,0.0,0.0,0.0,-0.0032305714871585386,2.9200477446155184,0.0,0.0,0.0
4649,691,672.6886,1081.4341,-0.0064738747,0.0,-0.0,0.0,0.0,0.0,-0.0032305714871585386,2.9200477446155184,0.0,0.0,0.0
4650,691,672.6886,1081.4341,-0.0064738747,0.0,-0.0,0.0,0.0,0.0,-0.0032305714871585386,2.9200477446155184,0.0,0.0,0.0
4651,691,672.6886,1081.4341,-0.0064738747,0.0,-0.0,0.0,0.0,0.0,-0.0032305714871585386,2.9200477446155184,0.0,0.0,0.0
4652,691,672.6886,1081.4341,-0.0064738747,0.0,-0.0,0.0,0.0,0.0,-0.0032305714871585386,2.9200477446155184,0.0,0.0,0.0
4653,691,672.6886,1081.4341,-0.0064738747,0.0,-0.0,0.0,0.0,0.0,-0.0032305714871585386,2.9200477446155184,0.0,0.0,0.0
4654,691,672.6886,1081.4341,-0.0064738747,0.0,-0.0,0.0,0.0,0.0,-0.0032305714871585386,2.9200477446155184,0.0,0.0,0.0
4655,691,672.6886,1081.4341,-0.0064738747,0.0,-0.0,0.0,0.0,0.0,-0.0032305714871585386,2.9200477446155184,0.0,0.0,0.0
4656,691,672.6886,1081.4341,-0.0064738747,0.0,-0.0,0.0,0.0,0.0,-0.0032305714871585386,2.9200477446155184,0.0,0.0,0.0
4657,691,672.6886,1081.4341,-0.0064738747,0.0,-0.0,0.0,0.0,0.0,-0.0032305714871585386,2.9200477446155184,0.0,0.0,0.0
4658,691,672.6886,1081.4341,-0.0064738747,0.0,-0.0,0.0,0.0,0.0,-0.0032305714871585386,2.9200477446155184,0.0,0.0,0.0
4659,691,672.6886,1081.4341,-0.0064738747,0.0,-0.0,0.0,0.0,0.0,-0.0032305714871585386,2.9200477446155184,0.0,0.0,0.0
4660,691,672.6886,1081.4341,-0.0064738747,0.0,-0.0,0.0,0.0,0.0,-0.0032305714871585386,2.9200477446155184,0.0,0.0,0.0
4661,691,672.6886,1081.4341,-0.0064738747,0.0,-0.0,0.0,0.0,0.0,-0.0032305714871585386,2.9200477446155184,0.0,0.0,0.0
4662,691,672.6886,1081.4341,-0.0064738747,0.0,-0.0,0.0,0.0,0.0,-0.0032305714871585386,2.9200477446155184,0.0,0.0,0.0
4663,691,672.6886,1081.4341,-0.0064738747,0.0,-0.0,0.0,0.0,0.0,-0.0032305714871585386,2.9200477446155184,0.0,0.0,0.0
4664,691,672.6886,1081.4341,-0.0064738747,0.0,-0.0,0.0,0.0,0.0,-0.0032305714871585386,2.9200477446155184,0.0,0.0,0.0
4665,691,672.6886,1081.4341,-0.0064738747,0.0,-0.0,0.0,0.0,0.0,-0.0032305714871585386,2.9200477446155184,0.0,0.0,0.0
4666,691,672.6886,1081.4341,-0.0064738747,0.0,-0.0,0.0,0.0,0.0,-0.0032305714871585386,2.9200477446155184,0.0,0.0,0.0
4667,691,672.6886,1081.4341,-0.0064738747,0.0,-0.0,0.0,0.0,0.0,-0.0032305714871585386,2.9200477446155184,0.0,0.0,0.0
4668,691,672.6886,1081.4341,-0.0064738747,0.0,-0.0,0.0,0.0,0.0,-0.0032305714871585386,2.9200477446155184,0.0,0.0,0.0
4669,691,672.6886,1081.4341,-0.0064738747,0.0,-0.0,0.0,0.0,0.0,-0.0032305714871585386,2.9200477446155184,0.0,0.0,0.0
4670,691,672.6886,1081.4341,-0.0064738747,0.0,-0.0,0.0,0.0,0.0,-0.0032305714871585386,2.9200477446155184,0.0,0.0,0.0
4671,691,672.6886,1081.4341,-0.0064738747,0.0,-0.0,0.0,0.0,0.0,-0.0032305714871585386,2.9200477446155184,0.0,0.0,0.0
4672,691,672.6886,1081.4341,-0.0064738747,0.0,-0.0,0.0,0.0,0.0,-0.0032305714871585386,2.9200477446155184,0.0,0.0,0.0
4673,691,672.6886,1081.4341,-0.0064738747,0.0,-0.0,0.0,0.0,0.0,-0.0032305714871585386,2.9200477446155184,0.0,0.0,0.0
4674,691,672.6886,1081.4341,-0.0064738747,0.0,-0.0,0.0,0.0,0.0,-0.0032305714871585386,2.9200477446155184,0.0,0.0,0.0
4675,691,672.6886,1081.4341,-0.0064738747,0.0,-0.0,0.0,0.0,0.0,-0.0032305714871585386,2.9200477446155184,0.0,0.0,0.0
4676,691,672.6886,1081.4341,-0.0064738747,0.0,-0.0,0.0,0.0,0.0,-0.0032305714871585386,2.9200477446155184,0.0,0.0,0.0
4677,691,672.6886,1081.4341,-0.0064738747,0.0,-0.0,0.0,0.0,0.0,-0.0032305714871585386,2.9200477446155184,0.0,0.0,0.0
4678,691,672.6886,1081.4341,-0.0064738747,0.0,-0.0,0.0,0.0,0.0,-0.0032305714871585386,2.9200477446155184,0.0,0.0,0.0
4679,691,672.6886,1081.4341,-0.0064738747,0.0,-0.0,0.0,0.0,0.0,-0.0032305714871585386,2.9200477446155184,0.0,0.0,0.0
4680,691,672.6886,1081.4341,-0.0064738747,0.0,-0.0,0.0,0.0,0.0,-0.0032305714871585386,2.9200477446155184,0.0,0.0,0.0
4681,691,672.6886,1081.4341,-0.0064738747,0.0,-0.0,0.0,0.0,0.0,-0.0032305714871585386,2.9200477446155184,0.0,0.0,0.0
4682,691,672.6886,1081.4341,-0.0064738747,0.0,-0.0,0.0,0.0,0.0,-0.0032305714871585386,2.9200477446155184,0.0,0.0,0.0
4683,691,672.6886,1081.4341,-0.0064738747,0.0,-0.0,0.0,0.0,0.0,-0.0032305714871585386,2.9200477446155184,0.0,0.0,0.0
4684,691,672.6886,1081.4341,-0.0064738747,0.0,-0.0,0.0,0.0,0.0,-0.0032305714871585386,2.9200477446155184,0.0,0.0,0.0
4685,691,672.6886,1081.4341,-0.0064738747,0.0,-0.0,0.0,0.0,0.0,-0.0032305714871585386,2.9200477446155184,0.0,0.0,0.0
4686,691,672.6886,1081.4341,-0.0064738747,0.0,-0.0,0.0,0.0,0.0,-0.0032305714871585386,2.9200477446155184,0.0,0.0,0.0
4687,691,672.6886,1081.4341,-0.0064738747,0.0,-0.0,0.0,0.0,0.0,-0.0032305714871585386,2.9200477446155184,0.0,0.0,0.0
4688,691,672.6886,1081.4341,-0.0064738747,0.0,-0.0,0.0,0.0,0.0,-0.0032305714871585386,2.9200477446155184,0.0,0.0,0.0
4689,691,672.6886,1081.4341,-0.0064738747,0.0,-0.0,0.0,0.0,0.0,-0.0032305714871585386,2.9200477446155184,0.0,0.0,0.0
4690,691,672.6886,1081.4341,-0.0064738747,0.0,-0.0,0.0,0.0,0.0,-0.0032305714871585386,2.9200477446155184,0.0,0.0,0.0
4691,691,672.6886,1081.4341,-0.0064738747,0.0,-0.0,0.0,0.0,0.0,-0.0032305714871585386,2.9200477446155184,0.0,0.0,0.0
4692,691,672.6886,1081.4341,-0.0064738747,0.0,-0.0,0.0,0.0,0.0,-0.0032305714871585386,2.9200477446155184,0.0,0.0,0.0
4693,691,672.6886,1081.4341,-0.0064738747,0.0,-0.0,0.0,0.0,0.0,-0.0032305714871585386,2.9200477446155184,0.0,0.0,0.0
4694,691,672.6886,1081.4341,-0.0064738747,0.0,-0.0,0.0,0.0,0.0,-0.0032305714871585386,2.9200477446155184,0.0,0.0,0.0
4695,691,672.6886,1081.4341,-0.0064738747,0.0,-0.0,0.0,0.0,0.0,-0.0032305714871585386,2.9200477446155184,0.0,0.0,0.0
4696,691,672.6886,1081.4341,-0.0064738747,0.0,-0.0,0.0,0.0,0.0,-0.0032305714871585386,2.9200477446155184,0.0,0.0,0.0
4697,691,672.6886,1081.4341,-0.0064738747,0.0,-0.0,0.0,0.0,0.0,-0.0032305714871585386,2.9200477446155184,0.0,0.0,0.0
4698,691,672.6886,1081.4341,-0.0064738747,0.0,-0.0,0.0,0.0,0.0,-0.0032305714871585386,2.9200477446155184,0.0,0.0,0.0
4699,691,672.6886,1081.4341,-0.0064738747,0.0,-0.0,0.0,0.0,0.0,-0.0032305714871585386,2.9200477446155184,0.0,0.0,0.0
4700,691,672.6886,1081.4341,-0.0064738747,0.0,-0.0,0.0,0.0,0.0,-0.0032305714871585386,2.9200477446155184,0.0,0.0,0.0
4701,691,672.6886,1081.4341,-0.0064738747,0.0,-0.0,0.0,0.0,0.0,-0.0032305714871585386,2.9200477446155184,0.0,0.0,0.0
4702,691,672.6886,1081.4341,-0.0064738747,0.0,-0.0,0.0,0.0,0.0,-0.0032305714871585386,2.9200477446155184,0.0,0.0,0.0
4703,691,672.6886,1081.4341,-0.0064738747,0.0,-0.0,0.0,0.0,0.0,-0.0032305714871585386,2.9200477446155184,0.0,0.0,0.0
4704,691,672.6886,1081.4341,-0.0064738747,0.0,-0.0,0.0,0.0,0.0,-0.0032305714871585386,2.9200477446155184,0.0,0.0,0.0
4705,691,672.6886,1081.4341,-0.0064738747,0.0,-0.0,0.0,0.0,0.0,-0.0032305714871585386,2.9200477446155184,0.0,0.0,0.0
4706,691,672.6886,1081.4341,-0.0064738747,0.0,-0.0,0.0,0.0,0.0,-0.0032305714871585386,2.9200477446155184,0.0,0.0,0.0
4707,691,672.6886,1081.4341,-0.0064738747,0.0,-0.0,0.0,0.0,0.0,-0.0032305714871585386,2.9200477446155184,0.0,0.0,0.0
4708,691,672.6886,1081.4341,-0.0064738747,0.0,-0.0,0.0,0.0,0.0,-0.0032305714871585386,2.9200477446155184,0.0,0.0,0.0
4709,691,672.6886,1081.4341,-0.0064738747,0.0,-0.0,0.0,0.0,0.0,-0.0032305714871585386,2.9200477446155184,0.0,0.0,0.0
4710,691,672.6886,1081.4341,-0.0064738747,0.0,-0.0,0.0,0.0,0.0,-0.0032305714871585386,2.9200477446155184,0.0,0.0,0.0
4711,691,672.6886,1081.4341,-0.0064738747,0.0,-0.0,0.0,0.0,0.0,-0.0032305714871585386,2.9200477446155184,0.0,0.0,0.0
4712,691,672.6886,1081.4341,-0.0064738747,0.0,-0.0,0.0,0.0,0.0,-0.0032305714871585386,2.9200477446155184,0.0,0.0,0.0
4713,691,672.6886,1081.4341,-0.0064738747,0.0,-0.0,0.0,0.0,0.0,-0.0032305714871585386,2.9200477446155184,0.0,0.0,0.0
4714,691,672.6886,1081.4341,-0.0064738747,0.0,-0.0,0.0,0.0,0.0,-0.0032305714871585386,2.9200477446155184,0.0,0.0,0.0
4715,691,672.6886,1081.4341,-0.0064738747,0.0,-0.0,0.0,0.0,0.0,-0.0032305714871585386,2.9200477446155184,0.0,0.0,0.0
4716,691,672.6886,1081.4341,-0.0064738747,0.0,-0.0,0.0,0.0,0.0,-0.0032305714871585386,2.9200477446155184,0.0,0.0,0.0
4717,691,672.6886,1081.4341,-0.0064738747,0.0,-0.0,0.0,0.0,0.0,-0.0032305714871585386,2.9200477446155184,0.0,0.0,0.0
4718,691,672.6886,1081.4341,-0.0064738747,0.0,-0.0,0.0,0.0,0.0,-0.0032305714871585386,2.9200477446155184,0.0,0.0,0.0
4719,691,672.6886,1081.4341,-0.0064738747,0.0,-0.0,0.0,0.0,0.0,-0.0032305714871585386,2.9200477446155184,0.0,0.0,0.0
4720,691,672.6886,1081.4341,-0.0064738747,0.0,-0.0,0.0,0.0,0.0,-0.0032305714871585386,2.9200477446155184,0.0,0.0,0.0
4721,691,672.6886,1081.4341,-0.0064738747,0.0,-0.0,0.0,0.0,0.0,-0.0032305714871585386,2.9200477446155184,0.0,0.0,0.0
4722,691,672.6886,1081.4341,-0.0064738747,0.0,-0.0,0.0,0.0,0.0,-0.0032305714871585386,2.9200477446155184,0.0,0.0,0.0
4723,691,672.6886,1081.4341,-0.0064738747,0.0,-0.0,0.0,0.0,0.0,-0.0032305714871585386,2.9200477446155184,0.0,0.0,0.0
4724,691,672.6886,1081.4341,-0.0064738747,0.0,-0.0,0.0,0.0,0.0,-0.0032305714871585386,2.9200477446155184,0.0,0.0,0.0
4725,691,672.6886,1081.4341,-0.0064738747,0.0,-0.0,0.0,0.0,0.0,-0.0032305714871585386,2.9200477446155184,0.0,0.0,0.0
4726,691,672.6886,1081.4341,-0.0064738747,0.0,-0.0,0.0,0.0,0.0,-0.0032305714871585386,2.9200477446155184,0.0,0.0,0.0
4727,691,672.6886,1081.4341,-0.0064738747,0.0,-0.0,0.0,0.0,0.0,-0.0032305714871585386,2.9200477446155184,0.0,0.0,0.0
4728,691,672.6886,1081.4341,-0.0064738747,0.0,-0.0,0.0,0.0,0.0,-0.0032305714871585386,2.9200477446155184,0.0,0.0,0.0
4729,691,672.6886,1081.4341,-0.0064738747,0.0,-0.0,0.0,0.0,0.0,-0.0032305714871585386,2.9200477446155184,0.0,0.0,0.0
4730,691,672.6886,1081.4341,-0.0064738747,0.0,-0.0,0.0,0.0,0.0,-0.0032305714871585386,2.9200477446155184,0.0,0.0,0.0
4731,691,672.6886,1081.4341,-0.0064738747,0.0,-0.0,0.0,0.0,0.0,-0.0032305714871585386,2.9200477446155184,0.0,0.0,0.0
4732,691,672.6886,1081.4341,-0.0064738747,0.0,-0.0,0.0,0.0,0.0,-0.0032305714871585386,2.9200477446155184,0.0,0.0,0.0
4733,691,672.6886,1081.4341,-0.0064738747,0.0,-0.0,0.0,0.0,0.0,-0.0032305714871585386,2.9200477446155184,0.0,0.0,0.0
4734,691,672.6886,1081.4341,-0.0064738747,0.0,-0.0,0.0,0.0,0.0,-0.0032305714871585386,2.9200477446155184,0.0,0.0,0.0
4735,691,672.6886,1081.4341,-0.0064738747,0.0,-0.0,0.0,0.0,0.0,-0.0032305714871585386,2.9200477446155184,0.0,0.0,0.0
4736,691,672.6886,1081.4341,-0.0064738747,0.0,-0.0,0.0,0.0,0.0,-0.0032305714871585386,2.9200477446155184,0.0,0.0,0.0
4737,691,672.6886,1081.4341,-0.0064738747,0.0,-0.0,0.0,0.0,0.0,-0.0032305714871585386,2.9200477446155184,0.0,0.0,0.0
4738,691,672.6886,1081.4341,-0.0064738747,0.0,-0.0,0.0,0.0,0.0,-0.0032305714871585386,2.9200477446155184,0.0,0.0,0.0
4739,691,672.6886,1081.4341,-0.0064738747,0.0,-0.0,0.0,0.0,0.0,-0.0032305714871585386,2.9200477446155184,0.0,0.0,0.0
4740,691,672.6886,1081.4341,-0.0064738747,0.0,-0.0,0.0,0.0,0.0,-0.0032305714871585386,2.9200477446155184,0.0,0.0,0.0
4741,691,672.6886,1081.4341,-0.0064738747,0.0,-0.0,0.0,0.0,0.0,-0.0032305714871585386,2.9200477446155184,0.0,0.0,0.0
4742,691,672.6886,1081.4341,-0.0064738747,0.0,-0.0,0.0,0.0,0.0,-0.0032305714871585386,2.9200477446155184,0.0,0.0,0.0
4743,691,672.6886,1081.4341,-0.0064738747,0.0,-0.0,0.0,0.0,0.0,-0.0032305714871585386,2.9200477446155184,0.0,0.0,0.0
4744,691,672.6886,1081.4341,-0.0064738747,0.0,-0.0,0.0,0.0,0.0,-0.0032305714871585386,2.9200477446155184,0.0,0.0,0.0
4745,691,672.6886,1081.4341,-0.0064738747,0.0,-0.0,0.0,0.0,0.0,-0.0032305714871585386,2.9200477446155184,0.0,0.0,0.0
4746,691,672.6886,1081.4341,-0.0064738747,0.0,-0.0,0.0,0.0,0.0,-0.0032305714871585386,2.9200477446155184,0.0,0.0,0.0
4747,691,672.6886,1081.4341,-0.0064738747,0.0,-0.0,0.0,0.0,0.0,-0.0032305714871585386,2.9200477446155184,0.0,0.0,0.0
4748,691,672.6886,1081.4341,-0.0064738747,0.0,-0.0,0.0,0.0,0.0,-0.0032305714871585386,2.9200477446155184,0.0,0.0,0.0
4749,691,672.6886,1081.4341,-0.0064738747,0.0,-0.0,0.0,0.0,0.0,-0.0032305714871585386,2.9200477446155184,0.0,0.0,0.0
4750,691,672.6886,1081.4341,-0.0064738747,0.0,-0.0,0.0,0.0,0.0,-0.0032305714871585386,2.9200477446155184,0.0,0.0,0.0
4751,691,672.6886,1081.4341,-0.0064738747,0.0,-0.0,0.0,0.0,0.0,-0.0032305714871585386,2.9200477446155184,0.0,0.0,0.0
4752,691,672.6886,1081.4341,-0.0064738747,0.0,-0.0,0.0,0.0,0.0,-0.0032305714871585386,2.9200477446155184,0.0,0.0,0.0
4753,691,672.6886,1081.4341,-0.0064738747,0.0,-0.0,0.0,0.0,0.0,-0.0032305714871585386,2.9200477446155184,0.0,0.0,0.0
4754,691,672.6886,1081.4341,-0.0064738747,0.0,-0.0,0.0,0.0,0.0,-0.0032305714871585386,2.9200477446155184,0.0,0.0,0.0
4755,691,672.6886,1081.4341,-0.0064738747,0.0,-0.0,0.0,0.0,0.0,-0.0032305714871585386,2.9200477446155184,0.0,0.0,0.0
4756,691,672.6886,1081.4341,-0.0064738747,0.0,-0.0,0.0,0.0,0.0,-0.0032305714871585386,2.9200477446155184,0.0,0.0,0.0
4757,691,672.6886,1081.4341,-0.0064738747,0.0,-0.0,0.0,0.0,0.0,-0.0032305714871585386,2.9200477446155184,0.0,0.0,0.0
4758,691,672.6886,1081.4341,-0.0064738747,0.0,-0.0,0.0,0.0,0.0,-0.0032305714871585386,2.9200477446155184,0.0,0.0,0.0
4759,691,672.6886,1081.4341,-0.0064738747,0.0,-0.0,0.0,0.0,0.0,-0.0032305714871585386,2.9200477446155184,0.0,0.0,0.0
4760,691,672.6886,1081.4341,-0.0064738747,0.0,-0.0,0.0,0.0,0.0,-0.0032305714871585386,2.9200477446155184,0.0,0.0,0.0
4761,691,672.6886,1081.4341,-0.0064738747,0.0,-0.0,0.0,0.0,0.0,-0.0032305714871585386,2.9200477446155184,0.0,0.0,0.0
4762,691,672.6886,1081.4341,-0.0064738747,0.0,-0.0,0.0,0.0,0.0,-0.0032305714871585386,2.9200477446155184,0.0,0.0,0.0
4763,691,672.6886,1081.4341,-0.0064738747,0.0,-0.0,0.0,0.0,0.0,-0.0032305714871585386,2.9200477446155184,0.0,0.0,0.0
4764,691,672.6886,1081.4341,-0.0064738747,0.0,-0.0,0.0,0.0,0.0,-0.0032305714871585386,2.9200477446155184,0.0,0.0,0.0
4765,691,672.6886,1081.4341,-0.0064738747,0.0,-0.0,0.0,0.0,0.0,-0.0032305714871585386,2.9200477446155184,0.0,0.0,0.0
4766,691,672.6886,1081.4341,-0.0064738747,0.0,-0.0,0.0,0.0,0.0,-0.0032305714871585386,2.9200477446155184,0.0,0.0,0.0
4767,691,672.6886,1081.4341,-0.0064738747,0.0,-0.0,0.0,0.0,0.0,-0.0032305714871585386,2.9200477446155184,0.0,0.0,0.0
4768,691,672.6886,1081.4341,-0.0064738747,0.0,-0.0,0.0,0.0,0.0,-0.0032305714871585386,2.9200477446155184,0.0,0.0,0.0
4769,691,672.6886,1081.4341,-0.0064738747,0.0,-0.0,0.0,0.0,0.0,-0.0032305714871585386,2.9200477446155184,0.0,0.0,0.0
4770,691,672.6886,1081.4341,-0.0064738747,0.0,-0.0,0.0,0.0,0.0,-0.0032305714871585386,2.9200477446155184,0.0,0.0,0.0
4771,691,672.6886,1081.4341,-0.0064738747,0.0,-0.0,0.0,0.0,0.0,-0.0032305714871585386,2.9200477446155184,0.0,0.0,0.0
4772,691,672.6886,1081.4341,-0.0064738747,0.0,-0.0,0.0,0.0,0.0,-0.0032305714871585386,2.9200477446155184,0.0,0.0,0.0
4773,691,672.6886,1081.4341,-0.0064738747,0.0,-0.0,0.0,0.0,0.0,-0.0032305714871585386,2.9200477446155184,0.0,0.0,0.0
4774,691,672.6886,1081.4341,-0.0064738747,0.0,-0.0,0.0,0.0,0.0,-0.0032305714871585386,2.9200477446155184,0.0,0.0,0.0
4775,691,672.6886,1081.4341,-0.0064738747,0.0,-0.0,0.0,0.0,0.0,-0.0032305714871585386,2.9200477446155184,0.0,0.0,0.0
4776,691,672.6886,1081.4341,-0.0064738747,0.0,-0.0,0.0,0.0,0.0,-0.0032305714871585386,2.9200477446155184,0.0,0.0,0.0
4777,691,672.6886,1081.4341,-0.0064738747,0.0,-0.0,0.0,0.0,0.0,-0.0032305714871585386,2.9200477446155184,0.0,0.0,0.0
4778,691,672.6886,1081.4341,-0.0064738747,0.0,-0.0,0.0,0.0,0.0,-0.0032305714871585386,2.9200477446155184,0.0,0.0,0.0
4779,691,672.6886,1081.4341,-0.0064738747,0.0,-0.0,0.0,0.0,0.0,-0.0032305714871585386,2.9200477446155184,0.0,0.0,0.0
4780,691,672.6886,1081.4341,-0.0064738747,0.0,-0.0,0.0,0.0,0.0,-0.0032305714871585386,2.9200477446155184,0.0,0.0,0.0
4781,691,672.6886,1081.4341,-0.0064738747,0.0,-0.0,0.0,0.0,0.0,-0.0032305714871585386,2.9200477446155184,0.0,0.0,0.0
4782,691,672.6886,1081.4341,-0.0064738747,0.0,-0.0,0.0,0.0,0.0,-0.0032305714871585386,2.9200477446155184,0.0,0.0,0.0
4783,691,672.6886,1081.4341,-0.0064738747,0.0,-0.0,0.0,0.0,0.0,-0.0032305714871585386,2.9200477446155184,0.0,0.0,0.0
4784,691,672.6886,1081.4341,-0.0064738747,0.0,-0.0,0.0,0.0,0.0,-0.0032305714871585386,2.9200477446155184,0.0,0.0,0.0
4785,691,672.6886,1081.4341,-0.0064738747,0.0,-0.0,0.0,0.0,0.0,-0.0032305714871585386,2.9200477446155184,0.0,0.0,0.0
4786,691,672.6886,1081.4341,-0.0064738747,0.0,-0.0,0.0,0.0,0.0,-0.0032305714871585386,2.9200477446155184,0.0,0.0,0.0
4787,691,672.6886,1081.4341,-0.0064738747,0.0,-0.0,0.0,0.0,0.0,-0.0032305714871585386,2.9200477446155184,0.0,0.0,0.0
4788,691,672.6886,1081.4341,-0.0064738747,0.0,-0.0,0.0,0.0,0.0,-0.0032305714871585386,2.9200477446155184,0.0,0.0,0.0
4789,691,672.6886,1081.4341,-0.0064738747,0.0,-0.0,0.0,0.0,0.0,-0.0032305714871585386,2.9200477446155184,0.0,0.0,0.0
4790,691,672.6886,1081.4341,-0.0064738747,0.0,-0.0,0.0,0.0,0.0,-0.0032305714871585386,2.9200477446155184,0.0,0.0,0.0
4791,691,672.6886,1081.4341,-0.0064738747,0.0,-0.0,0.0,0.0,0.0,-0.0032305714871585386,2.9200477446155184,0.0,0.0,0.0
4792,691,672.6886,1081.4341,-0.0064738747,0.0,-0.0,0.0,0.0,0.0,-0.0032305714871585386,2.9200477446155184,0.0,0.0,0.0
4793,691,672.6886,1081.4341,-0.0064738747,0.0,-0.0,0.0,0.0,0.0,-0.0032305714871585386,2.9200477446155184,0.0,0.0,0.0
4794,691,672.6886,1081.4341,-0.0064738747,0.0,-0.0,0.0,0.0,0.0,-0.0032305714871585386,2.9200477446155184,0.0,0.0,0.0
4795,691,672.6886,1081.4341,-0.0064738747,0.0,-0.0,0.0,0.0,0.0,-0.0032305714871585386,2.9200477446155184,0.0,0.0,0.0
4796,691,672.6886,1081.4341,-0.0064738747,0.0,-0.0,0.0,0.0,0.0,-0.0032305714871585386,2.9200477446155184,0.0,0.0,0.0
4797,691,672.6886,1081.4341,-0.0064738747,0.0,-0.0,0.0,0.0,0.0,-0.0032305714871585386,2.9200477446155184,0.0,0.0,0.0
4798,691,672.6886,1081.4341,-0.0064738747,0.0,-0.0,0.0,0.0,0.0,-0.0032305714871585386,2.9200477446155184,0.0,0.0,0.0
4799,691,672.6886,1081.4341,-0.0064738747,0.0,-0.0,0.0,0.0,0.0,-0.0032305714871585386,2.9200477446155184,0.0,0.0,0.0
4800,691,672.6886,1081.4341,-0.0064738747,0.0,-0.0,0.0,0.0,0.0,-0.0032305714871585386,2.9200477446155184,0.0,0.0,0.0
4801,691,672.6886,1081.4341,-0.0064738747,0.0,-0.0,0.0,0.0,0.0,-0.0032305714871585386,2.9200477446155184,0.0,0.0,0.0
4802,691,672.6886,1081.4341,-0.0064738747,0.0,-0.0,0.0,0.0,0.0,-0.0032305714871585386,2.9200477446155184,0.0,0.0,0.0
4803,691,672.6886,1081.4341,-0.0064738747,0.0,-0.0,0.0,0.0,0.0,-0.0032305714871585386,2.9200477446155184,0.0,0.0,0.0
4804,691,672.6886,1081.4341,-0.0064738747,0.0,-0.0,0.0,0.0,0.0,-0.0032305714871585386,2.9200477446155184,0.0,0.0,0.0
4805,691,672.6886,1081.4341,-0.0064738747,0.0,-0.0,0.0,0.0,0.0,-0.0032305714871585386,2.9200477446155184,0.0,0.0,0.0
4806,691,672.6886,1081.4341,-0.0064738747,0.0,-0.0,0.0,0.0,0.0,-0.0032305714871585386,2.9200477446155184,0.0,0.0,0.0
4807,691,672.6886,1081.4341,-0.0064738747,0.0,-0.0,0.0,0.0,0.0,-0.0032305714871585386,2.9200477446155184,0.0,0.0,0.0
4808,691,672.6886,1081.4341,-0.0064738747,0.0,-0.0,0.0,0.0,0.0,-0.0032305714871585386,2.9200477446155184,0.0,0.0,0.0
4809,691,672.6886,1081.4341,-0.0064738747,0.0,-0.0,0.0,0.0,0.0,-0.0032305714871585386,2.9200477446155184,0.0,0.0,0.0
4810,691,672.6886,1081.4341,-0.0064738747,0.0,-0.0,0.0,0.0,0.0,-0.0032305714871585386,2.9200477446155184,0.0,0.0,0.0
4811,691,672.6886,1081.4341,-0.0064738747,0.0,-0.0,0.0,0.0,0.0,-0.0032305714871585386,2.9200477446155184,0.0,0.0,0.0
4812,691,672.6886,1081.4341,-0.0064738747,0.0,-0.0,0.0,0.0,0.0,-0.0032305714871585386,2.9200477446155184,0.0,0.0,0.0
4813,691,672.6886,1081.4341,-0.0064738747,0.0,-0.0,0.0,0.0,0.0,-0.0032305714871585386,2.9200477446155184,0.0,0.0,0.0
4814,691,672.6886,1081.4341,-0.0064738747,0.0,-0.0,0.0,0.0,0.0,-0.0032305714871585386,2.9200477446155184,0.0,0.0,0.0
4815,691,672.6886,1081.4341,-0.0064738747,0.0,-0.0,0.0,0.0,0.0,-0.0032305714871585386,2.9200477446155184,0.0,0.0,0.0
4816,691,672.6886,1081.4341,-0.0064738747,0.0,-0.0,0.0,0.0,0.0,-0.0032305714871585386,2.9200477446155184,0.0,0.0,0.0
4817,691,672.6886,1081.4341,-0.0064738747,0.0,-0.0,0.0,0.0,0.0,-0.0032305714871585386,2.9200477446155184,0.0,0.0,0.0
4818,691,672.6886,1081.4341,-0.0064738747,0.0,-0.0,0.0,0.0,0.0,-0.0032305714871585386,2.9200477446155184,0.0,0.0,0.0
4819,691,672.6886,1081.4341,-0.0064738747,0.0,-0.0,0.0,0.0,0.0,-0.0032305714871585386,2.9200477446155184,0.0,0.0,0.0
4820,691,672.6886,1081.4341,-0.0064738747,0.0,-0.0,0.0,0.0,0.0,-0.0032305714871585386,2.9200477446155184,0.0,0.0,0.0
4821,691,672.6886,1081.4341,-0.0064738747,0.0,-0.0,0.0,0.0,0.0,-0.0032305714871585386,2.9200477446155184,0.0,0.0,0.0
4822,691,672.6886,1081.4341,-0.0064738747,0.0,-0.0,0.0,0.0,0.0,-0.0032305714871585386,2.9200477446155184,0.0,0.0,0.0
4823,691,672.6886,1081.4341,-0.0064738747,0.0,-0.0,0.0,0.0,0.0,-0.0032305714871585386,2.9200477446155184,0.0,0.0,0.0
4824,691,672.6886,1081.4341,-0.0064738747,0.0,-0.0,0.0,0.0,0.0,-0.0032305714871585386,2.9200477446155184,0.0,0.0,0.0
4825,691,672.6886,1081.4341,-0.0064738747,0.0,-0.0,0.0,0.0,0.0,-0.0032305714871585386,2.9200477446155184,0.0,0.0,0.0
4826,691,672.6886,1081.4341,-0.0064738747,0.0,-0.0,0.0,0.0,0.0,-0.0032305714871585386,2.9200477446155184,0.0,0.0,0.0
4827,691,672.6886,1081.4341,-0.0064738747,0.0,-0.0,0.0,0.0,0.0,-0.0032305714871585386,2.9200477446155184,0.0,0.0,0.0
4828,691,672.6886,1081.4341,-0.0064738747,0.0,-0.0,0.0,0.0,0.0,-0.0032305714871585386,2.9200477446155184,0.0,0.0,0.0
4829,691,672.6886,1081.4341,-0.0064738747,0.0,-0.0,0.0,0.0,0.0,-0.0032305714871585386,2.9200477446155184,0.0,0.0,0.0
4830,691,672.6886,1081.4341,-0.0064738747,0.0,-0.0,0.0,0.0,0.0,-0.0032305714871585386,2.9200477446155184,0.0,0.0,0.0
4831,691,672.6886,1081.4341,-0.0064738747,0.0,-0.0,0.0,0.0,0.0,-0.0032305714871585386,2.9200477446155184,0.0,0.0,0.0
4832,691,672.6886,1081.4341,-0.0064738747,0.0,-0.0,0.0,0.0,0.0,-0.0032305714871585386,2.9200477446155184,0.0,0.0,0.0
4833,691,672.6886,1081.4341,-0.0064738747,0.0,-0.0,0.0,0.0,0.0,-0.0032305714871585386,2.9200477446155184,0.0,0.0,0.0
4834,691,672.6886,1081.4341,-0.0064738747,0.0,-0.0,0.0,0.0,0.0,-0.0032305714871585386,2.9200477446155184,0.0,0.0,0.0
4835,691,672.6886,1081.4341,-0.0064738747,0.0,-0.0,0.0,0.0,0.0,-0.0032305714871585386,2.9200477446155184,0.0,0.0,0.0
4836,691,672.6886,1081.4341,-0.0064738747,0.0,-0.0,0.0,0.0,0.0,-0.0032305714871585386,2.9200477446155184,0.0,0.0,0.0
4837,691,672.6886,1081.4341,-0.0064738747,0.0,-0.0,0.0,0.0,0.0,-0.0032305714871585386,2.9200477446155184,0.0,0.0,0.0
4838,691,672.6886,1081.4341,-0.0064738747,0.0,-0.0,0.0,0.0,0.0,-0.0032305714871585386,2.9200477446155184,0.0,0.0,0.0
4839,691,672.6886,1081.4341,-0.0064738747,0.0,-0.0,0.0,0.0,0.0,-0.0032305714871585386,2.9200477446155184,0.0,0.0,0.0
4840,691,672.6886,1081.4341,-0.0064738747,0.0,-0.0,0.0,0.0,0.0,-0.0032305714871585386,2.9200477446155184,0.0,0.0,0.0
4841,691,672.6886,1081.4341,-0.0064738747,0.0,-0.0,0.0,0.0,0.0,-0.0032305714871585386,2.9200477446155184,0.0,0.0,0.0
4842,691,672.6886,1081.4341,-0.0064738747,0.0,-0.0,0.0,0.0,0.0,-0.0032305714871585386,2.9200477446155184,0.0,0.0,0.0
4843,691,672.6886,1081.4341,-0.0064738747,0.0,-0.0,0.0,0.0,0.0,-0.0032305714871585386,2.9200477446155184,0.0,0.0,0.0
4844,691,672.6886,1081.4341,-0.0064738747,0.0,-0.0,0.0,0.0,0.0,-0.0032305714871585386,2.9200477446155184,0.0,0.0,0.0
4845,691,672.6886,1081.4341,-0.0064738747,0.0,-0.0,0.0,0.0,0.0,-0.0032305714871585386,2.9200477446155184,0.0,0.0,0.0
4846,691,672.6886,1081.4341,-0.0064738747,0.0,-0.0,0.0,0.0,0.0,-0.0032305714871585386,2.9200477446155184,0.0,0.0,0.0
4847,691,672.6886,1081.4341,-0.0064738747,0.0,-0.0,0.0,0.0,0.0,-0.0032305714871585386,2.9200477446155184,0.0,0.0,0.0
4848,691,672.6886,1081.4341,-0.0064738747,0.0,-0.0,0.0,0.0,0.0,-0.0032305714871585386,2.9200477446155184,0.0,0.0,0.0
4849,691,672.6886,1081.4341,-0.0064738747,0.0,-0.0,0.0,0.0,0.0,-0.0032305714871585386,2.9200477446155184,0.0,0.0,0.0
4850,691,672.6886,1081.4341,-0.0064738747,0.0,-0.0,0.0,0.0,0.0,-0.0032305714871585386,2.9200477446155184,0.0,0.0,0.0
4851,691,672.6886,1081.4341,-0.0064738747,0.0,-0.0,0.0,0.0,0.0,-0.0032305714871585386,2.9200477446155184,0.0,0.0,0.0
4852,691,672.6886,1081.4341,-0.0064738747,0.0,-0.0,0.0,0.0,0.0,-0.0032305714871585386,2.9200477446155184,0.0,0.0,0.0
4853,691,672.6886,1081.4341,-0.0064738747,0.0,-0.0,0.0,0.0,0.0,-0.0032305714871585386,2.9200477446155184,0.0,0.0,0.0
4854,691,672.6886,1081.4341,-0.0064738747,0.0,-0.0,0.0,0.0,0.0,-0.0032305714871585386,2.9200477446155184,0.0,0.0,0.0
4855,691,672.6886,1081.4341,-0.0064738747,0.0,-0.0,0.0,0.0,0.0,-0.0032305714871585386,2.9200477446155184,0.0,0.0,0.0
4856,691,672.6886,1081.4341,-0.0064738747,0.0,-0.0,0.0,0.0,0.0,-0.0032305714871585386,2.9200477446155184,0.0,0.0,0.0
4857,691,672.6886,1081.4341,-0.0064738747,0.0,-0.0,0.0,0.0,0.0,-0.0032305714871585386,2.9200477446155184,0.0,0.0,0.0
4858,691,672.6886,1081.4341,-0.0064738747,0.0,-0.0,0.0,0.0,0.0,-0.0032305714871585386,2.9200477446155184,0.0,0.0,0.0
4859,691,672.6886,1081.4341,-0.0064738747,0.0,-0.0,0.0,0.0,0.0,-0.0032305714871585386,2.9200477446155184,0.0,0.0,0.0
4860,691,672.6886,1081.4341,-0.0064738747,0.0,-0.0,0.0,0.0,0.0,-0.0032305714871585386,2.9200477446155184,0.0,0.0,0.0
4861,691,672.6886,1081.4341,-0.0064738747,0.0,-0.0,0.0,0.0,0.0,-0.0032305714871585386,2.9200477446155184,0.0,0.0,0.0
4862,691,672.6886,1081.4341,-0.0064738747,0.0,-0.0,0.0,0.0,0.0,-0.0032305714871585386,2.9200477446155184,0.0,0.0,0.0
4863,691,672.6886,1081.4341,-0.0064738747,0.0,-0.0,0.0,0.0,0.0,-0.0032305714871585386,2.9200477446155184,0.0,0.0,0.0
4864,691,672.6886,1081.4341,-0.0064738747,0.0,-0.0,0.0,0.0,0.0,-0.0032305714871585386,2.9200477446155184,0.0,0.0,0.0
4865,691,672.6886,1081.4341,-0.0064738747,0.0,-0.0,0.0,0.0,0.0,-0.0032305714871585386,2.9200477446155184,0.0,0.0,0.0
4866,691,672.6886,1081.4341,-0.0064738747,0.0,-0.0,0.0,0.0,0.0,-0.0032305714871585386,2.9200477446155184,0.0,0.0,0.0
4867,691,672.6886,1081.4341,-0.0064738747,0.0,-0.0,0.0,0.0,0.0,-0.0032305714871585386,2.9200477446155184,0.0,0.0,0.0
4868,691,672.6886,1081.4341,-0.0064738747,0.0,-0.0,0.0,0.0,0.0,-0.0032305714871585386,2.9200477446155184,0.0,0.0,0.0
4869,691,672.6886,1081.4341,-0.0064738747,0.0,-0.0,0.0,0.0,0.0,-0.0032305714871585386,2.9200477446155184,0.0,0.0,0.0
4870,691,672.6886,1081.4341,-0.0064738747,0.0,-0.0,0.0,0.0,0.0,-0.0032305714871585386,2.9200477446155184,0.0,0.0,0.0
4871,691,672.6886,1081.4341,-0.0064738747,0.0,-0.0,0.0,0.0,0.0,-0.0032305714871585386,2.9200477446155184,0.0,0.0,0.0
4872,691,672.6886,1081.4341,-0.0064738747,0.0,-0.0,0.0,0.0,0.0,-0.0032305714871585386,2.9200477446155184,0.0,0.0,0.0
4873,691,672.6886,1081.4341,-0.0064738747,0.0,-0.0,0.0,0.0,0.0,-0.0032305714871585386,2.9200477446155184,0.0,0.0,0.0
4874,691,672.6886,1081.4341,-0.0064738747,0.0,-0.0,0.0,0.0,0.0,-0.0032305714871585386,2.9200477446155184,0.0,0.0,0.0
4875,691,672.6886,1081.4341,-0.0064738747,0.0,-0.0,0.0,0.0,0.0,-0.0032305714871585386,2.9200477446155184,0.0,0.0,0.0
4876,691,672.6886,1081.4341,-0.0064738747,0.0,-0.0,0.0,0.0,0.0,-0.0032305714871585386,2.9200477446155184,0.0,0.0,0.0
4877,691,672.6886,1081.4341,-0.0064738747,0.0,-0.0,0.0,0.0,0.0,-0.0032305714871585386,2.9200477446155184,0.0,0.0,0.0
4878,691,672.6886,1081.4341,-0.0064738747,0.0,-0.0,0.0,0.0,0.0,-0.0032305714871585386,2.9200477446155184,0.0,0.0,0.0
4879,691,672.6886,1081.4341,-0.0064738747,0.0,-0.0,0.0,0.0,0.0,-0.0032305714871585386,2.9200477446155184,0.0,0.0,0.0
4880,691,672.6886,1081.4341,-0.0064738747,0.0,-0.0,0.0,0.0,0.0,-0.0032305714871585386,2.9200477446155184,0.0,0.0,0.0
4881,691,672.6886,1081.4341,-0.0064738747,0.0,-0.0,0.0,0.0,0.0,-0.0032305714871585386,2.9200477446155184,0.0,0.0,0.0
4882,691,672.6886,1081.4341,-0.0064738747,0.0,-0.0,0.0,0.0,0.0,-0.0032305714871585386,2.9200477446155184,0.0,0.0,0.0
4883,691,672.6886,1081.4341,-0.0064738747,0.0,-0.0,0.0,0.0,0.0,-0.0032305714871585386,2.9200477446155184,0.0,0.0,0.0
4884,691,672.6886,1081.4341,-0.0064738747,0.0,-0.0,0.0,0.0,0.0,-0.0032305714871585386,2.9200477446155184,0.0,0.0,0.0
4885,691,672.6886,1081.4341,-0.0064738747,0.0,-0.0,0.0,0.0,0.0,-0.0032305714871585386,2.9200477446155184,0.0,0.0,0.0
4886,691,672.6886,1081.4341,-0.0064738747,0.0,-0.0,0.0,0.0,0.0,-0.0032305714871585386,2.9200477446155184,0.0,0.0,0.0
4887,691,672.6886,1081.4341,-0.0064738747,0.0,-0.0,0.0,0.0,0.0,-0.0032305714871585386,2.9200477446155184,0.0,0.0,0.0
4888,691,672.6886,1081.4341,-0.0064738747,0.0,-0.0,0.0,0.0,0.0,-0.0032305714871585386,2.9200477446155184,0.0,0.0,0.0
4889,691,672.6886,1081.4341,-0.0064738747,0.0,-0.0,0.0,0.0,0.0,-0.0032305714871585386,2.9200477446155184,0.0,0.0,0.0
4890,691,672.6886,1081.4341,-0.0064738747,0.0,-0.0,0.0,0.0,0.0,-0.0032305714871585386,2.9200477446155184,0.0,0.0,0.0
4891,691,672.6886,1081.4341,-0.0064738747,0.0,-0.0,0.0,0.0,0.0,-0.0032305714871585386,2.9200477446155184,0.0,0.0,0.0
4892,691,672.6886,1081.4341,-0.0064738747,0.0,-0.0,0.0,0.0,0.0,-0.0032305714871585386,2.9200477446155184,0.0,0.0,0.0
4893,691,672.6886,1081.4341,-0.0064738747,0.0,-0.0,0.0,0.0,0.0,-0.0032305714871585386,2.9200477446155184,0.0,0.0,0.0
4894,691,672.6886,1081.4341,-0.0064738747,0.0,-0.0,0.0,0.0,0.0,-0.0032305714871585386,2.9200477446155184,0.0,0.0,0.0
4895,691,672.6886,1081.4341,-0.0064738747,0.0,-0.0,0.0,0.0,0.0,-0.0032305714871585386,2.9200477446155184,0.0,0.0,0.0
4896,691,672.6886,1081.4341,-0.0064738747,0.0,-0.0,0.0,0.0,0.0,-0.0032305714871585386,2.9200477446155184,0.0,0.0,0.0
4897,691,672.6886,1081.4341,-0.0064738747,0.0,-0.0,0.0,0.0,0.0,-0.0032305714871585386,2.9200477446155184,0.0,0.0,0.0
4898,691,672.6886,1081.4341,-0.0064738747,0.0,-0.0,0.0,0.0,0.0,-0.0032305714871585386,2.9200477446155184,0.0,0.0,0.0
4899,691,672.6886,1081.4341,-0.0064738747,0.0,-0.0,0.0,0.0,0.0,-0.0032305714871585386,2.9200477446155184,0.0,0.0,0.0
4900,691,672.6886,1081.4341,-0.0064738747,0.0,-0.0,0.0,0.0,0.0,-0.0032305714871585386,2.9200477446155184,0.0,0.0,0.0
4901,691,672.6886,1081.4341,-0.0064738747,0.0,-0.0,0.0,0.0,0.0,-0.0032305714871585386,2.9200477446155184,0.0,0.0,0.0
4902,691,672.6886,1081.4341,-0.0064738747,0.0,-0.0,0.0,0.0,0.0,-0.0032305714871585386,2.9200477446155184,0.0,0.0,0.0
4903,691,672.6886,1081.4341,-0.0064738747,0.0,-0.0,0.0,0.0,0.0,-0.0032305714871585386,2.9200477446155184,0.0,0.0,0.0
4904,691,672.6886,1081.4341,-0.0064738747,0.0,-0.0,0.0,0.0,0.0,-0.0032305714871585386,2.9200477446155184,0.0,0.0,0.0
4905,691,672.6886,1081.4341,-0.0064738747,0.0,-0.0,0.0,0.0,0.0,-0.0032305714871585386,2.9200477446155184,0.0,0.0,0.0
4906,691,672.6886,1081.4341,-0.0064738747,0.0,-0.0,0.0,0.0,0.0,-0.0032305714871585386,2.9200477446155184,0.0,0.0,0.0
4907,691,672.6886,1081.4341,-0.0064738747,0.0,-0.0,0.0,0.0,0.0,-0.0032305714871585386,2.9200477446155184,0.0,0.0,0.0
4908,691,672.6886,1081.4341,-0.0064738747,0.0,-0.0,0.0,0.0,0.0,-0.0032305714871585386,2.9200477446155184,0.0,0.0,0.0
4909,691,672.6886,1081.4341,-0.0064738747,0.0,-0.0,0.0,0.0,0.0,-0.0032305714871585386,2.9200477446155184,0.0,0.0,0.0
4910,691,672.6886,1081.4341,-0.0064738747,0.0,-0.0,0.0,0.0,0.0,-0.0032305714871585386,2.9200477446155184,0.0,0.0,0.0
4911,691,672.6886,1081.4341,-0.0064738747,0.0,-0.0,0.0,0.0,0.0,-0.0032305714871585386,2.9200477446155184,0.0,0.0,0.0
4912,691,672.6886,1081.4341,-0.0064738747,0.0,-0.0,0.0,0.0,0.0,-0.0032305714871585386,2.9200477446155184,0.0,0.0,0.0
4913,691,672.6886,1081.4341,-0.0064738747,0.0,-0.0,0.0,0.0,0.0,-0.0032305714871585386,2.9200477446155184,0.0,0.0,0.0
4914,691,672.6886,1081.4341,-0.0064738747,0.0,-0.0,0.0,0.0,0.0,-0.0032305714871585386,2.9200477446155184,0.0,0.0,0.0
4915,691,672.6886,1081.4341,-0.0064738747,0.0,-0.0,0.0,0.0,0.0,-0.0032305714871585386,2.9200477446155184,0.0,0.0,0.0
4916,691,672.6886,1081.4341,-0.0064738747,0.0,-0.0,0.0,0.0,0.0,-0.0032305714871585386,2.9200477446155184,0.0,0.0,0.0
4917,691,672.6886,1081.4341,-0.0064738747,0.0,-0.0,0.0,0.0,0.0,-0.0032305714871585386,2.9200477446155184,0.0,0.0,0.0
4918,691,672.6886,1081.4341,-0.0064738747,0.0,-0.0,0.0,0.0,0.0,-0.0032305714871585386,2.9200477446155184,0.0,0.0,0.0
4919,691,672.6886,1081.4341,-0.0064738747,0.0,-0.0,0.0,0.0,0.0,-0.0032305714871585386,2.9200477446155184,0.0,0.0,0.0
4920,691,672.6886,1081.4341,-0.0064738747,0.0,-0.0,0.0,0.0,0.0,-0.0032305714871585386,2.9200477446155184,0.0,0.0,0.0
4921,691,672.6886,1081.4341,-0.0064738747,0.0,-0.0,0.0,0.0,0.0,-0.0032305714871585386,2.9200477446155184,0.0,0.0,0.0
4922,691,672.6886,1081.4341,-0.0064738747,0.0,-0.0,0.0,0.0,0.0,-0.0032305714871585386,2.9200477446155184,0.0,0.0,0.0
4923,691,672.6886,1081.4341,-0.0064738747,0.0,-0.0,0.0,0.0,0.0,-0.0032305714871585386,2.9200477446155184,0.0,0.0,0.0
4924,691,672.6886,1081.4341,-0.0064738747,0.0,-0.0,0.0,0.0,0.0,-0.0032305714871585386,2.9200477446155184,0.0,0.0,0.0
4925,691,672.6886,1081.4341,-0.0064738747,0.0,-0.0,0.0,0.0,0.0,-0.0032305714871585386,2.9200477446155184,0.0,0.0,0.0
4926,691,672.6886,1081.4341,-0.0064738747,0.0,-0.0,0.0,0.0,0.0,-0.0032305714871585386,2.9200477446155184,0.0,0.0,0.0
4927,691,672.6886,1081.4341,-0.0064738747,0.0,-0.0,0.0,0.0,0.0,-0.0032305714871585386,2.9200477446155184,0.0,0.0,0.0
4928,691,672.6886,1081.4341,-0.0064738747,0.0,-0.0,0.0,0.0,0.0,-0.0032305714871585386,2.9200477446155184,0.0,0.0,0.0
4929,691,672.6886,1081.4341,-0.0064738747,0.0,-0.0,0.0,0.0,0.0,-0.0032305714871585386,2.9200477446155184,0.0,0.0,0.0
4930,691,672.6886,1081.4341,-0.0064738747,0.0,-0.0,0.0,0.0,0.0,-0.0032305714871585386,2.9200477446155184,0.0,0.0,0.0
4931,691,672.6886,1081.4341,-0.0064738747,0.0,-0.0,0.0,0.0,0.0,-0.0032305714871585386,2.9200477446155184,0.0,0.0,0.0
4932,691,672.6886,1081.4341,-0.0064738747,0.0,-0.0,0.0,0.0,0.0,-0.0032305714871585386,2.9200477446155184,0.0,0.0,0.0
4933,691,672.6886,1081.4341,-0.0064738747,0.0,-0.0,0.0,0.0,0.0,-0.0032305714871585386,2.9200477446155184,0.0,0.0,0.0
4934,691,672.6886,1081.4341,-0.0064738747,0.0,-0.0,0.0,0.0,0.0,-0.0032305714871585386,2.9200477446155184,0.0,0.0,0.0
4935,691,672.6886,1081.4341,-0.0064738747,0.0,-0.0,0.0,0.0,0.0,-0.0032305714871585386,2.9200477446155184,0.0,0.0,0.0
4936,691,672.6886,1081.4341,-0.0064738747,0.0,-0.0,0.0,0.0,0.0,-0.0032305714871585386,2.9200477446155184,0.0,0.0,0.0
4937,691,672.6886,1081.4341,-0.0064738747,0.0,-0.0,0.0,0.0,0.0,-0.0032305714871585386,2.9200477446155184,0.0,0.0,0.0
4938,691,672.6886,1081.4341,-0.0064738747,0.0,-0.0,0.0,0.0,0.0,-0.0032305714871585386,2.9200477446155184,0.0,0.0,0.0
4939,691,672.6886,1081.4341,-0.0064738747,0.0,-0.0,0.0,0.0,0.0,-0.0032305714871585386,2.9200477446155184,0.0,0.0,0.0
4940,691,672.6886,1081.4341,-0.0064738747,0.0,-0.0,0.0,0.0,0.0,-0.0032305714871585386,2.9200477446155184,0.0,0.0,0.0
4941,691,672.6886,1081.4341,-0.0064738747,0.0,-0.0,0.0,0.0,0.0,-0.0032305714871585386,2.9200477446155184,0.0,0.0,0.0
4942,691,672.6886,1081.4341,-0.0064738747,0.0,-0.0,0.0,0.0,0.0,-0.0032305714871585386,2.9200477446155184,0.0,0.0,0.0
4943,691,672.6886,1081.4341,-0.0064738747,0.0,-0.0,0.0,0.0,0.0,-0.0032305714871585386,2.9200477446155184,0.0,0.0,0.0
4944,691,672.6886,1081.4341,-0.0064738747,0.0,-0.0,0.0,0.0,0.0,-0.0032305714871585386,2.9200477446155184,0.0,0.0,0.0
4945,691,672.6886,1081.4341,-0.0064738747,0.0,-0.0,0.0,0.0,0.0,-0.0032305714871585386,2.9200477446155184,0.0,0.0,0.0
4946,691,672.6886,1081.4341,-0.0064738747,0.0,-0.0,0.0,0.0,0.0,-0.0032305714871585386,2.9200477446155184,0.0,0.0,0.0
4947,691,672.6886,1081.4341,-0.0064738747,0.0,-0.0,0.0,0.0,0.0,-0.0032305714871585386,2.9200477446155184,0.0,0.0,0.0
4948,691,672.6886,1081.4341,-0.0064738747,0.0,-0.0,0.0,0.0,0.0,-0.0032305714871585386,2.9200477446155184,0.0,0.0,0.0
4949,691,672.6886,1081.4341,-0.0064738747,0.0,-0.0,0.0,0.0,0.0,-0.0032305714871585386,2.9200477446155184,0.0,0.0,0.0
4950,691,672.6886,1081.4341,-0.0064738747,0.0,-0.0,0.0,0.0,0.0,-0.0032305714871585386,2.9200477446155184,0.0,0.0,0.0
4951,691,672.6886,1081.4341,-0.0064738747,0.0,-0.0,0.0,0.0,0.0,-0.0032305714871585386,2.9200477446155184,0.0,0.0,0.0
4952,691,672.6886,1081.4341,-0.0064738747,0.0,-0.0,0.0,0.0,0.0,-0.0032305714871585386,2.9200477446155184,0.0,0.0,0.0
4953,691,672.6886,1081.4341,-0.0064738747,0.0,-0.0,0.0,0.0,0.0,-0.0032305714871585386,2.9200477446155184,0.0,0.0,0.0
4954,691,672.6886,1081.4341,-0.0064738747,0.0,-0.0,0.0,0.0,0.0,-0.0032305714871585386,2.9200477446155184,0.0,0.0,0.0
4955,691,672.6886,1081.4341,-0.0064738747,0.0,-0.0,0.0,0.0,0.0,-0.0032305714871585386,2.9200477446155184,0.0,0.0,0.0
4956,691,672.6886,1081.4341,-0.0064738747,0.0,-0.0,0.0,0.0,0.0,-0.0032305714871585386,2.9200477446155184,0.0,0.0,0.0
4957,691,672.6886,1081.4341,-0.0064738747,0.0,-0.0,0.0,0.0,0.0,-0.0032305714871585386,2.9200477446155184,0.0,0.0,0.0
4958,691,672.6886,1081.4341,-0.0064738747,0.0,-0.0,0.0,0.0,0.0,-0.0032305714871585386,2.9200477446155184,0.0,0.0,0.0
4959,691,672.6886,1081.4341,-0.0064738747,0.0,-0.0,0.0,0.0,0.0,-0.0032305714871585386,2.9200477446155184,0.0,0.0,0.0
4960,691,672.6886,1081.4341,-0.0064738747,0.0,-0.0,0.0,0.0,0.0,-0.0032305714871585386,2.9200477446155184,0.0,0.0,0.0
4961,691,672.6886,1081.4341,-0.0064738747,0.0,-0.0,0.0,0.0,0.0,-0.0032305714871585386,2.9200477446155184,0.0,0.0,0.0
4962,691,672.6886,1081.4341,-0.0064738747,0.0,-0.0,0.0,0.0,0.0,-0.0032305714871585386,2.9200477446155184,0.0,0.0,0.0
4963,691,672.6886,1081.4341,-0.0064738747,0.0,-0.0,0.0,0.0,0.0,-0.0032305714871585386,2.9200477446155184,0.0,0.0,0.0
4964,691,672.6886,1081.4341,-0.0064738747,0.0,-0.0,0.0,0.0,0.0,-0.0032305714871585386,2.9200477446155184,0.0,0.0,0.0
4965,691,672.6886,1081.4341,-0.0064738747,0.0,-0.0,0.0,0.0,0.0,-0.0032305714871585386,2.9200477446155184,0.0,0.0,0.0
4966,691,672.6886,1081.4341,-0.0064738747,0.0,-0.0,0.0,0.0,0.0,-0.0032305714871585386,2.9200477446155184,0.0,0.0,0.0
4967,691,672.6886,1081.4341,-0.0064738747,0.0,-0.0,0.0,0.0,0.0,-0.0032305714871585386,2.9200477446155184,0.0,0.0,0.0
4968,691,672.6886,1081.4341,-0.0064738747,0.0,-0.0,0.0,0.0,0.0,-0.0032305714871585386,2.9200477446155184,0.0,0.0,0.0
4969,691,672.6886,1081.4341,-0.0064738747,0.0,-0.0,0.0,0.0,0.0,-0.0032305714871585386,2.9200477446155184,0.0,0.0,0.0
4970,691,672.6886,1081.4341,-0.0064738747,0.0,-0.0,0.0,0.0,0.0,-0.0032305714871585386,2.9200477446155184,0.0,0.0,0.0
4971,691,672.6886,1081.4341,-0.0064738747,0.0,-0.0,0.0,0.0,0.0,-0.0032305714871585386,2.9200477446155184,0.0,0.0,0.0
4972,691,672.6886,1081.4341,-0.0064738747,0.0,-0.0,0.0,0.0,0.0,-0.0032305714871585386,2.9200477446155184,0.0,0.0,0.0
4973,691,672.6886,1081.4341,-0.0064738747,0.0,-0.0,0.0,0.0,0.0,-0.0032305714871585386,2.9200477446155184,0.0,0.0,0.0
4974,691,672.6886,1081.4341,-0.0064738747,0.0,-0.0,0.0,0.0,0.0,-0.0032305714871585386,2.9200477446155184,0.0,0.0,0.0
4975,691,672.6886,1081.4341,-0.0064738747,0.0,-0.0,0.0,0.0,0.0,-0.0032305714871585386,2.9200477446155184,0.0,0.0,0.0
4976,691,672.6886,1081.4341,-0.0064738747,0.0,-0.0,0.0,0.0,0.0,-0.0032305714871585386,2.9200477446155184,0.0,0.0,0.0
4977,691,672.6886,1081.4341,-0.0064738747,0.0,-0.0,0.0,0.0,0.0,-0.0032305714871585386,2.9200477446155184,0.0,0.0,0.0
4978,691,672.6886,1081.4341,-0.0064738747,0.0,-0.0,0.0,0.0,0.0,-0.0032305714871585386,2.9200477446155184,0.0,0.0,0.0
4979,691,672.6886,1081.4341,-0.0064738747,0.0,-0.0,0.0,0.0,0.0,-0.0032305714871585386,2.9200477446155184,0.0,0.0,0.0
4980,691,672.6886,1081.4341,-0.0064738747,0.0,-0.0,0.0,0.0,0.0,-0.0032305714871585386,2.9200477446155184,0.0,0.0,0.0
4981,691,672.6886,1081.4341,-0.0064738747,0.0,-0.0,0.0,0.0,0.0,-0.0032305714871585386,2.9200477446155184,0.0,0.0,0.0
4982,691,672.6886,1081.4341,-0.0064738747,0.0,-0.0,0.0,0.0,0.0,-0.0032305714871585386,2.9200477446155184,0.0,0.0,0.0
4983,691,672.6886,1081.4341,-0.0064738747,0.0,-0.0,0.0,0.0,0.0,-0.0032305714871585386,2.9200477446155184,0.0,0.0,0.0
4984,691,672.6886,1081.4341,-0.0064738747,0.0,-0.0,0.0,0.0,0.0,-0.0032305714871585386,2.9200477446155184,0.0,0.0,0.0
4985,691,672.6886,1081.4341,-0.0064738747,0.0,-0.0,0.0,0.0,0.0,-0.0032305714871585386,2.9200477446155184,0.0,0.0,0.0
4986,691,672.6886,1081.4341,-0.0064738747,0.0,-0.0,0.0,0.0,0.0,-0.0032305714871585386,2.9200477446155184,0.0,0.0,0.0
4987,691,672.6886,1081.4341,-0.0064738747,0.0,-0.0,0.0,0.0,0.0,-0.0032305714871585386,2.9200477446155184,0.0,0.0,0.0
4988,691,672.6886,1081.4341,-0.0064738747,0.0,-0.0,0.0,0.0,0.0,-0.0032305714871585386,2.9200477446155184,0.0,0.0,0.0
4989,691,672.6886,1081.4341,-0.0064738747,0.0,-0.0,0.0,0.0,0.0,-0.0032305714871585386,2.9200477446155184,0.0,0.0,0.0
4990,691,672.6886,1081.4341,-0.0064738747,0.0,-0.0,0.0,0.0,0.0,-0.0032305714871585386,2.9200477446155184,0.0,0.0,0.0
4991,691,672.6886,1081.4341,-0.0064738747,0.0,-0.0,0.0,0.0,0.0,-0.0032305714871585386,2.9200477446155184,0.0,0.0,0.0
4992,691,672.6886,1081.4341,-0.0064738747,0.0,-0.0,0.0,0.0,0.0,-0.0032305714871585386,2.9200477446155184,0.0,0.0,0.0
4993,691,672.6886,1081.4341,-0.0064738747,0.0,-0.0,0.0,0.0,0.0,-0.0032305714871585386,2.9200477446155184,0.0,0.0,0.0
4994,691,672.6886,1081.4341,-0.0064738747,0.0,-0.0,0.0,0.0,0.0,-0.0032305714871585386,2.9200477446155184,0.0,0.0,0.0
4995,691,672.6886,1081.4341,-0.0064738747,0.0,-0.0,0.0,0.0,0.0,-0.0032305714871585386,2.9200477446155184,0.0,0.0,0.0
4996,691,672.6886,1081.4341,-0.0064738747,0.0,-0.0,0.0,0.0,0.0,-0.0032305714871585386,2.9200477446155184,0.0,0.0,0.0
4997,691,672.6886,1081.4341,-0.0064738747,0.0,-0.0,0.0,0.0,0.0,-0.0032305714871585386,2.9200477446155184,0.0,0.0,0.0
4998,691,672.6886,1081.4341,-0.0064738747,0.0,-0.0,0.0,0.0,0.0,-0.0032305714871585386,2.9200477446155184,0.0,0.0,0.0
4999,691,672.6886,1081.4341,-0.0064738747,0.0,-0.0,0.0,0.0,0.0,-0.0032305714871585386,2.9200477446155184,0.0,0.0,0.0
5000,691,672.6886,1081.4341,-0.0064738747,0.0,-0.0,0.0,0.0,0.0,-0.0032305714871585386,2.9200477446155184,0.0,0.0,0.0
5001,691,672.6886,1081.4341,-0.0064738747,0.0,-0.0,0.0,0.0,0.0,-0.0032305714871585386,2.9200477446155184,0.0,0.0,0.0
5002,691,672.6886,1081.4341,-0.0064738747,0.0,-0.0,0.0,0.0,0.0,-0.0032305714871585386,2.9200477446155184,0.0,0.0,0.0
5003,691,672.6886,1081.4341,-0.0064738747,0.0,-0.0,0.0,0.0,0.0,-0.0032305714871585386,2.9200477446155184,0.0,0.0,0.0
5004,691,672.6886,1081.4341,-0.0064738747,0.0,-0.0,0.0,0.0,0.0,-0.0032305714871585386,2.9200477446155184,0.0,0.0,0.0
5005,691,672.6886,1081.4341,-0.0064738747,0.0,-0.0,0.0,0.0,0.0,-0.0032305714871585386,2.9200477446155184,0.0,0.0,0.0
5006,691,672.6886,1081.4341,-0.0064738747,0.0,-0.0,0.0,0.0,0.0,-0.0032305714871585386,2.9200477446155184,0.0,0.0,0.0
5007,691,672.6886,1081.4341,-0.0064738747,0.0,-0.0,0.0,0.0,0.0,-0.0032305714871585386,2.9200477446155184,0.0,0.0,0.0
5008,691,672.6886,1081.4341,-0.0064738747,0.0,-0.0,0.0,0.0,0.0,-0.0032305714871585386,2.9200477446155184,0.0,0.0,0.0
5009,691,672.6886,1081.4341,-0.0064738747,0.0,-0.0,0.0,0.0,0.0,-0.0032305714871585386,2.9200477446155184,0.0,0.0,0.0
5010,691,672.6886,1081.4341,-0.0064738747,0.0,-0.0,0.0,0.0,0.0,-0.0032305714871585386,2.9200477446155184,0.0,0.0,0.0
5011,691,672.6886,1081.4341,-0.0064738747,0.0,-0.0,0.0,0.0,0.0,-0.0032305714871585386,2.9200477446155184,0.0,0.0,0.0
5012,691,672.6886,1081.4341,-0.0064738747,0.0,-0.0,0.0,0.0,0.0,-0.0032305714871585386,2.9200477446155184,0.0,0.0,0.0
5013,691,672.6886,1081.4341,-0.0064738747,0.0,-0.0,0.0,0.0,0.0,-0.0032305714871585386,2.9200477446155184,0.0,0.0,0.0
5014,691,672.6886,1081.4341,-0.0064738747,0.0,-0.0,0.0,0.0,0.0,-0.0032305714871585386,2.9200477446155184,0.0,0.0,0.0
5015,691,672.6886,1081.4341,-0.0064738747,0.0,-0.0,0.0,0.0,0.0,-0.0032305714871585386,2.9200477446155184,0.0,0.0,0.0
5016,691,672.6886,1081.4341,-0.0064738747,0.0,-0.0,0.0,0.0,0.0,-0.0032305714871585386,2.9200477446155184,0.0,0.0,0.0
5017,691,672.6886,1081.4341,-0.0064738747,0.0,-0.0,0.0,0.0,0.0,-0.0032305714871585386,2.9200477446155184,0.0,0.0,0.0
5018,691,672.6886,1081.4341,-0.0064738747,0.0,-0.0,0.0,0.0,0.0,-0.0032305714871585386,2.9200477446155184,0.0,0.0,0.0
5019,691,672.6886,1081.4341,-0.0064738747,0.0,-0.0,0.0,0.0,0.0,-0.0032305714871585386,2.9200477446155184,0.0,0.0,0.0
5020,691,672.6886,1081.4341,-0.0064738747,0.0,-0.0,0.0,0.0,0.0,-0.0032305714871585386,2.9200477446155184,0.0,0.0,0.0
5021,691,672.6886,1081.4341,-0.0064738747,0.0,-0.0,0.0,0.0,0.0,-0.0032305714871585386,2.9200477446155184,0.0,0.0,0.0
5022,691,672.6886,1081.4341,-0.0064738747,0.0,-0.0,0.0,0.0,0.0,-0.0032305714871585386,2.9200477446155184,0.0,0.0,0.0
5023,691,672.6886,1081.4341,-0.0064738747,0.0,-0.0,0.0,0.0,0.0,-0.0032305714871585386,2.9200477446155184,0.0,0.0,0.0
5024,691,672.6886,1081.4341,-0.0064738747,0.0,-0.0,0.0,0.0,0.0,-0.0032305714871585386,2.9200477446155184,0.0,0.0,0.0
5025,691,672.6886,1081.4341,-0.0064738747,0.0,-0.0,0.0,0.0,0.0,-0.0032305714871585386,2.9200477446155184,0.0,0.0,0.0
5026,691,672.6886,1081.4341,-0.0064738747,0.0,-0.0,0.0,0.0,0.0,-0.0032305714871585386,2.9200477446155184,0.0,0.0,0.0
5027,691,672.6886,1081.4341,-0.0064738747,0.0,-0.0,0.0,0.0,0.0,-0.0032305714871585386,2.9200477446155184,0.0,0.0,0.0
5028,691,672.6886,1081.4341,-0.0064738747,0.0,-0.0,0.0,0.0,0.0,-0.0032305714871585386,2.9200477446155184,0.0,0.0,0.0
5029,691,672.6886,1081.4341,-0.0064738747,0.0,-0.0,0.0,0.0,0.0,-0.0032305714871585386,2.9200477446155184,0.0,0.0,0.0
5030,691,672.6886,1081.4341,-0.0064738747,0.0,-0.0,0.0,0.0,0.0,-0.0032305714871585386,2.9200477446155184,0.0,0.0,0.0
5031,691,672.6886,1081.4341,-0.0064738747,0.0,-0.0,0.0,0.0,0.0,-0.0032305714871585386,2.9200477446155184,0.0,0.0,0.0
5032,691,672.6886,1081.4341,-0.0064738747,0.0,-0.0,0.0,0.0,0.0,-0.0032305714871585386,2.9200477446155184,0.0,0.0,0.0
5033,691,672.6886,1081.4341,-0.0064738747,0.0,-0.0,0.0,0.0,0.0,-0.0032305714871585386,2.9200477446155184,0.0,0.0,0.0
5034,691,672.6886,1081.4341,-0.0064738747,0.0,-0.0,0.0,0.0,0.0,-0.0032305714871585386,2.9200477446155184,0.0,0.0,0.0
5035,691,672.6886,1081.4341,-0.0064738747,0.0,-0.0,0.0,0.0,0.0,-0.0032305714871585386,2.9200477446155184,0.0,0.0,0.0
5036,691,672.6886,1081.4341,-0.0064738747,0.0,-0.0,0.0,0.0,0.0,-0.0032305714871585386,2.9200477446155184,0.0,0.0,0.0
5037,691,672.6886,1081.4341,-0.0064738747,0.0,-0.0,0.0,0.0,0.0,-0.0032305714871585386,2.9200477446155184,0.0,0.0,0.0
5038,691,672.6886,1081.4341,-0.0064738747,0.0,-0.0,0.0,0.0,0.0,-0.0032305714871585386,2.9200477446155184,0.0,0.0,0.0
5039,691,672.6886,1081.4341,-0.0064738747,0.0,-0.0,0.0,0.0,0.0,-0.0032305714871585386,2.9200477446155184,0.0,0.0,0.0
5040,691,672.6886,1081.4341,-0.0064738747,0.0,-0.0,0.0,0.0,0.0,-0.0032305714871585386,2.9200477446155184,0.0,0.0,0.0
5041,691,672.6886,1081.4341,-0.0064738747,0.0,-0.0,0.0,0.0,0.0,-0.0032305714871585386,2.9200477446155184,0.0,0.0,0.0
5042,691,672.6886,1081.4341,-0.0064738747,0.0,-0.0,0.0,0.0,0.0,-0.0032305714871585386,2.9200477446155184,0.0,0.0,0.0
5043,691,672.6886,1081.4341,-0.0064738747,0.0,-0.0,0.0,0.0,0.0,-0.0032305714871585386,2.9200477446155184,0.0,0.0,0.0
5044,691,672.6886,1081.4341,-0.0064738747,0.0,-0.0,0.0,0.0,0.0,-0.0032305714871585386,2.9200477446155184,0.0,0.0,0.0
5045,691,672.6886,1081.4341,-0.0064738747,0.0,-0.0,0.0,0.0,0.0,-0.0032305714871585386,2.9200477446155184,0.0,0.0,0.0
5046,691,672.6886,1081.4341,-0.0064738747,0.0,-0.0,0.0,0.0,0.0,-0.0032305714871585386,2.9200477446155184,0.0,0.0,0.0
5047,691,672.6886,1081.4341,-0.0064738747,0.0,-0.0,0.0,0.0,0.0,-0.0032305714871585386,2.9200477446155184,0.0,0.0,0.0
5048,691,672.6886,1081.4341,-0.0064738747,0.0,-0.0,0.0,0.0,0.0,-0.0032305714871585386,2.9200477446155184,0.0,0.0,0.0
5049,691,672.6886,1081.4341,-0.0064738747,0.0,-0.0,0.0,0.0,0.0,-0.0032305714871585386,2.9200477446155184,0.0,0.0,0.0
5050,691,672.6886,1081.4341,-0.0064738747,0.0,-0.0,0.0,0.0,0.0,-0.0032305714871585386,2.9200477446155184,0.0,0.0,0.0
5051,691,672.6886,1081.4341,-0.0064738747,0.0,-0.0,0.0,0.0,0.0,-0.0032305714871585386,2.9200477446155184,0.0,0.0,0.0
5052,691,672.6886,1081.4341,-0.0064738747,0.0,-0.0,0.0,0.0,0.0,-0.0032305714871585386,2.9200477446155184,0.0,0.0,0.0
5053,691,672.6886,1081.4341,-0.0064738747,0.0,-0.0,0.0,0.0,0.0,-0.0032305714871585386,2.9200477446155184,0.0,0.0,0.0
5054,691,672.6886,1081.4341,-0.0064738747,0.0,-0.0,0.0,0.0,0.0,-0.0032305714871585386,2.9200477446155184,0.0,0.0,0.0
5055,691,672.6886,1081.4341,-0.0064738747,0.0,-0.0,0.0,0.0,0.0,-0.0032305714871585386,2.9200477446155184,0.0,0.0,0.0
5056,691,672.6886,1081.4341,-0.0064738747,0.0,-0.0,0.0,0.0,0.0,-0.0032305714871585386,2.9200477446155184,0.0,0.0,0.0
5057,691,672.6886,1081.4341,-0.0064738747,0.0,-0.0,0.0,0.0,0.0,-0.0032305714871585386,2.9200477446155184,0.0,0.0,0.0
5058,691,672.6886,1081.4341,-0.0064738747,0.0,-0.0,0.0,0.0,0.0,-0.0032305714871585386,2.9200477446155184,0.0,0.0,0.0
5059,691,672.6886,1081.4341,-0.0064738747,0.0,-0.0,0.0,0.0,0.0,-0.0032305714871585386,2.9200477446155184,0.0,0.0,0.0
5060,691,672.6886,1081.4341,-0.0064738747,0.0,-0.0,0.0,0.0,0.0,-0.0032305714871585386,2.9200477446155184,0.0,0.0,0.0
5061,691,672.6886,1081.4341,-0.0064738747,0.0,-0.0,0.0,0.0,0.0,-0.0032305714871585386,2.9200477446155184,0.0,0.0,0.0
5062,691,672.6886,1081.4341,-0.0064738747,0.0,-0.0,0.0,0.0,0.0,-0.0032305714871585386,2.9200477446155184,0.0,0.0,0.0
5063,691,672.6886,1081.4341,-0.0064738747,0.0,-0.0,0.0,0.0,0.0,-0.0032305714871585386,2.9200477446155184,0.0,0.0,0.0
5064,691,672.6886,1081.4341,-0.0064738747,0.0,-0.0,0.0,0.0,0.0,-0.0032305714871585386,2.9200477446155184,0.0,0.0,0.0
5065,691,672.6886,1081.4341,-0.0064738747,0.0,-0.0,0.0,0.0,0.0,-0.0032305714871585386,2.9200477446155184,0.0,0.0,0.0
5066,691,672.6886,1081.4341,-0.0064738747,0.0,-0.0,0.0,0.0,0.0,-0.0032305714871585386,2.9200477446155184,0.0,0.0,0.0
5067,691,672.6886,1081.4341,-0.0064738747,0.0,-0.0,0.0,0.0,0.0,-0.0032305714871585386,2.9200477446155184,0.0,0.0,0.0
5068,691,672.6886,1081.4341,-0.0064738747,0.0,-0.0,0.0,0.0,0.0,-0.0032305714871585386,2.9200477446155184,0.0,0.0,0.0
5069,691,672.6886,1081.4341,-0.0064738747,0.0,-0.0,0.0,0.0,0.0,-0.0032305714871585386,2.9200477446155184,0.0,0.0,0.0
5070,691,672.6886,1081.4341,-0.0064738747,0.0,-0.0,0.0,0.0,0.0,-0.0032305714871585386,2.9200477446155184,0.0,0.0,0.0
5071,691,672.6886,1081.4341,-0.0064738747,0.0,-0.0,0.0,0.0,0.0,-0.0032305714871585386,2.9200477446155184,0.0,0.0,0.0
5072,691,672.6886,1081.4341,-0.0064738747,0.0,-0.0,0.0,0.0,0.0,-0.0032305714871585386,2.9200477446155184,0.0,0.0,0.0
5073,691,672.6886,1081.4341,-0.0064738747,0.0,-0.0,0.0,0.0,0.0,-0.0032305714871585386,2.9200477446155184,0.0,0.0,0.0
5074,691,672.6886,1081.4341,-0.0064738747,0.0,-0.0,0.0,0.0,0.0,-0.0032305714871585386,2.9200477446155184,0.0,0.0,0.0
5075,691,672.6886,1081.4341,-0.0064738747,0.0,-0.0,0.0,0.0,0.0,-0.0032305714871585386,2.9200477446155184,0.0,0.0,0.0
5076,691,672.6886,1081.4341,-0.0064738747,0.0,-0.0,0.0,0.0,0.0,-0.0032305714871585386,2.9200477446155184,0.0,0.0,0.0
5077,691,672.6886,1081.4341,-0.0064738747,0.0,-0.0,0.0,0.0,0.0,-0.0032305714871585386,2.9200477446155184,0.0,0.0,0.0
5078,691,672.6886,1081.4341,-0.0064738747,0.0,-0.0,0.0,0.0,0.0,-0.0032305714871585386,2.9200477446155184,0.0,0.0,0.0
5079,691,672.6886,1081.4341,-0.0064738747,0.0,-0.0,0.0,0.0,0.0,-0.0032305714871585386,2.9200477446155184,0.0,0.0,0.0
5080,691,672.6886,1081.4341,-0.0064738747,0.0,-0.0,0.0,0.0,0.0,-0.0032305714871585386,2.9200477446155184,0.0,0.0,0.0
5081,691,672.6886,1081.4341,-0.0064738747,0.0,-0.0,0.0,0.0,0.0,-0.0032305714871585386,2.9200477446155184,0.0,0.0,0.0
5082,691,672.6886,1081.4341,-0.0064738747,0.0,-0.0,0.0,0.0,0.0,-0.0032305714871585386,2.9200477446155184,0.0,0.0,0.0
5083,691,672.6886,1081.4341,-0.0064738747,0.0,-0.0,0.0,0.0,0.0,-0.0032305714871585386,2.9200477446155184,0.0,0.0,0.0
5084,691,672.6886,1081.4341,-0.0064738747,0.0,-0.0,0.0,0.0,0.0,-0.0032305714871585386,2.9200477446155184,0.0,0.0,0.0
5085,691,672.6886,1081.4341,-0.0064738747,0.0,-0.0,0.0,0.0,0.0,-0.0032305714871585386,2.9200477446155184,0.0,0.0,0.0
5086,691,672.6886,1081.4341,-0.0064738747,0.0,-0.0,0.0,0.0,0.0,-0.0032305714871585386,2.9200477446155184,0.0,0.0,0.0
5087,691,672.6886,1081.4341,-0.0064738747,0.0,-0.0,0.0,0.0,0.0,-0.0032305714871585386,2.9200477446155184,0.0,0.0,0.0
5088,691,672.6886,1081.4341,-0.0064738747,0.0,-0.0,0.0,0.0,0.0,-0.0032305714871585386,2.9200477446155184,0.0,0.0,0.0
5089,691,672.6886,1081.4341,-0.0064738747,0.0,-0.0,0.0,0.0,0.0,-0.0032305714871585386,2.9200477446155184,0.0,0.0,0.0
5090,691,672.6886,1081.4341,-0.0064738747,0.0,-0.0,0.0,0.0,0.0,-0.0032305714871585386,2.9200477446155184,0.0,0.0,0.0
5091,691,672.6886,1081.4341,-0.0064738747,0.0,-0.0,0.0,0.0,0.0,-0.0032305714871585386,2.9200477446155184,0.0,0.0,0.0
5092,691,672.6886,1081.4341,-0.0064738747,0.0,-0.0,0.0,0.0,0.0,-0.0032305714871585386,2.9200477446155184,0.0,0.0,0.0
5093,691,672.6886,1081.4341,-0.0064738747,0.0,-0.0,0.0,0.0,0.0,-0.0032305714871585386,2.9200477446155184,0.0,0.0,0.0
5094,691,672.6886,1081.4341,-0.0064738747,0.0,-0.0,0.0,0.0,0.0,-0.0032305714871585386,2.9200477446155184,0.0,0.0,0.0
5095,691,672.6886,1081.4341,-0.0064738747,0.0,-0.0,0.0,0.0,0.0,-0.0032305714871585386,2.9200477446155184,0.0,0.0,0.0
5096,691,672.6886,1081.4341,-0.0064738747,0.0,-0.0,0.0,0.0,0.0,-0.0032305714871585386,2.9200477446155184,0.0,0.0,0.0
5097,691,672.6886,1081.4341,-0.0064738747,0.0,-0.0,0.0,0.0,0.0,-0.0032305714871585386,2.9200477446155184,0.0,0.0,0.0
5098,691,672.6886,1081.4341,-0.0064738747,0.0,-0.0,0.0,0.0,0.0,-0.0032305714871585386,2.9200477446155184,0.0,0.0,0.0
5099,691,672.6886,1081.4341,-0.0064738747,0.0,-0.0,0.0,0.0,0.0,-0.0032305714871585386,2.9200477446155184,0.0,0.0,0.0
5100,691,672.6886,1081.4341,-0.0064738747,0.0,-0.0,0.0,0.0,0.0,-0.0032305714871585386,2.9200477446155184,0.0,0.0,0.0
5101,691,672.6886,1081.4341,-0.0064738747,0.0,-0.0,0.0,0.0,0.0,-0.0032305714871585386,2.9200477446155184,0.0,0.0,0.0
5102,691,672.6886,1081.4341,-0.0064738747,0.0,-0.0,0.0,0.0,0.0,-0.0032305714871585386,2.9200477446155184,0.0,0.0,0.0
5103,691,672.6886,1081.4341,-0.0064738747,0.0,-0.0,0.0,0.0,0.0,-0.0032305714871585386,2.9200477446155184,0.0,0.0,0.0
5104,691,672.6886,1081.4341,-0.0064738747,0.0,-0.0,0.0,0.0,0.0,-0.0032305714871585386,2.9200477446155184,0.0,0.0,0.0
5105,691,672.6886,1081.4341,-0.0064738747,0.0,-0.0,0.0,0.0,0.0,-0.0032305714871585386,2.9200477446155184,0.0,0.0,0.0
5106,691,672.6886,1081.4341,-0.0064738747,0.0,-0.0,0.0,0.0,0.0,-0.0032305714871585386,2.9200477446155184,0.0,0.0,0.0
5107,691,672.6886,1081.4341,-0.0064738747,0.0,-0.0,0.0,0.0,0.0,-0.0032305714871585386,2.9200477446155184,0.0,0.0,0.0
5108,691,672.6886,1081.4341,-0.0064738747,0.0,-0.0,0.0,0.0,0.0,-0.0032305714871585386,2.9200477446155184,0.0,0.0,0.0
5109,691,672.6886,1081.4341,-0.0064738747,0.0,-0.0,0.0,0.0,0.0,-0.0032305714871585386,2.9200477446155184,0.0,0.0,0.0
5110,691,672.6886,1081.4341,-0.0064738747,0.0,-0.0,0.0,0.0,0.0,-0.0032305714871585386,2.9200477446155184,0.0,0.0,0.0
5111,691,672.6886,1081.4341,-0.0064738747,0.0,-0.0,0.0,0.0,0.0,-0.0032305714871585386,2.9200477446155184,0.0,0.0,0.0
5112,691,672.6886,1081.4341,-0.0064738747,0.0,-0.0,0.0,0.0,0.0,-0.0032305714871585386,2.9200477446155184,0.0,0.0,0.0
5113,691,672.6886,1081.4341,-0.0064738747,0.0,-0.0,0.0,0.0,0.0,-0.0032305714871585386,2.9200477446155184,0.0,0.0,0.0
5114,691,672.6886,1081.4341,-0.0064738747,0.0,-0.0,0.0,0.0,0.0,-0.0032305714871585386,2.9200477446155184,0.0,0.0,0.0
5115,691,672.6886,1081.4341,-0.0064738747,0.0,-0.0,0.0,0.0,0.0,-0.0032305714871585386,2.9200477446155184,0.0,0.0,0.0
5116,691,672.6886,1081.4341,-0.0064738747,0.0,-0.0,0.0,0.0,0.0,-0.0032305714871585386,2.9200477446155184,0.0,0.0,0.0
5117,691,672.6886,1081.4341,-0.0064738747,0.0,-0.0,0.0,0.0,0.0,-0.0032305714871585386,2.9200477446155184,0.0,0.0,0.0
5118,691,672.6886,1081.4341,-0.0064738747,0.0,-0.0,0.0,0.0,0.0,-0.0032305714871585386,2.9200477446155184,0.0,0.0,0.0
5119,691,672.6886,1081.4341,-0.0064738747,0.0,-0.0,0.0,0.0,0.0,-0.0032305714871585386,2.9200477446155184,0.0,0.0,0.0
5120,691,672.6886,1081.4341,-0.0064738747,0.0,-0.0,0.0,0.0,0.0,-0.0032305714871585386,2.9200477446155184,0.0,0.0,0.0
5121,691,672.6886,1081.4341,-0.0064738747,0.0,-0.0,0.0,0.0,0.0,-0.0032305714871585386,2.9200477446155184,0.0,0.0,0.0
5122,691,672.6886,1081.4341,-0.0064738747,0.0,-0.0,0.0,0.0,0.0,-0.0032305714871585386,2.9200477446155184,0.0,0.0,0.0
5123,691,672.6886,1081.4341,-0.0064738747,0.0,-0.0,0.0,0.0,0.0,-0.0032305714871585386,2.9200477446155184,0.0,0.0,0.0
5124,691,672.6886,1081.4341,-0.0064738747,0.0,-0.0,0.0,0.0,0.0,-0.0032305714871585386,2.9200477446155184,0.0,0.0,0.0
5125,691,672.6886,1081.4341,-0.0064738747,0.0,-0.0,0.0,0.0,0.0,-0.0032305714871585386,2.9200477446155184,0.0,0.0,0.0
5126,691,672.6886,1081.4341,-0.0064738747,0.0,-0.0,0.0,0.0,0.0,-0.0032305714871585386,2.9200477446155184,0.0,0.0,0.0
5127,691,672.6886,1081.4341,-0.0064738747,0.0,-0.0,0.0,0.0,0.0,-0.0032305714871585386,2.9200477446155184,0.0,0.0,0.0
5128,691,672.6886,1081.4341,-0.0064738747,0.0,-0.0,0.0,0.0,0.0,-0.0032305714871585386,2.9200477446155184,0.0,0.0,0.0
5129,691,672.6886,1081.4341,-0.0064738747,0.0,-0.0,0.0,0.0,0.0,-0.0032305714871585386,2.9200477446155184,0.0,0.0,0.0
5130,691,672.6886,1081.4341,-0.0064738747,0.0,-0.0,0.0,0.0,0.0,-0.0032305714871585386,2.9200477446155184,0.0,0.0,0.0
5131,691,672.6886,1081.4341,-0.0064738747,0.0,-0.0,0.0,0.0,0.0,-0.0032305714871585386,2.9200477446155184,0.0,0.0,0.0
5132,691,672.6886,1081.4341,-0.0064738747,0.0,-0.0,0.0,0.0,0.0,-0.0032305714871585386,2.9200477446155184,0.0,0.0,0.0
5133,691,672.6886,1081.4341,-0.0064738747,0.0,-0.0,0.0,0.0,0.0,-0.0032305714871585386,2.9200477446155184,0.0,0.0,0.0
5134,691,672.6886,1081.4341,-0.0064738747,0.0,-0.0,0.0,0.0,0.0,-0.0032305714871585386,2.9200477446155184,0.0,0.0,0.0
5135,691,672.6886,1081.4341,-0.0064738747,0.0,-0.0,0.0,0.0,0.0,-0.0032305714871585386,2.9200477446155184,0.0,0.0,0.0
5136,691,672.6886,1081.4341,-0.0064738747,0.0,-0.0,0.0,0.0,0.0,-0.0032305714871585386,2.9200477446155184,0.0,0.0,0.0
5137,691,672.6886,1081.4341,-0.0064738747,0.0,-0.0,0.0,0.0,0.0,-0.0032305714871585386,2.9200477446155184,0.0,0.0,0.0
5138,691,672.6886,1081.4341,-0.0064738747,0.0,-0.0,0.0,0.0,0.0,-0.0032305714871585386,2.9200477446155184,0.0,0.0,0.0
5139,691,672.6886,1081.4341,-0.0064738747,0.0,-0.0,0.0,0.0,0.0,-0.0032305714871585386,2.9200477446155184,0.0,0.0,0.0
5140,691,672.6886,1081.4341,-0.0064738747,0.0,-0.0,0.0,0.0,0.0,-0.0032305714871585386,2.9200477446155184,0.0,0.0,0.0
