tick,waypoint_idx,loc_x,loc_y,loc_z,vel_x,vel_y,vel_z,speed,roll,pitch,yaw,throttle,steer,brake
1936,0,-284.30972,392.5338,-0.011060409,-0.63080734,0.8488792,-0.0005142593,1.0575982332229614,0.00031653073956947845,6.878375857995384e-05,2.024236786636148,0.0,-0.2,0.0
1937,0,-284.3383,392.57675,-0.011088295,-0.608217,0.86298054,-0.00034796714,1.0557762384414673,0.0001826615930964754,5.221366748025986e-05,2.029090264564763,0.0,-0.15000000000000002,0.0
1938,0,-284.36578,392.6204,-0.01110897,-0.5795781,0.8797638,-0.00023766041,1.0535155534744263,2.764044530374701e-05,3.6239622033656635e-05,2.032927879695567,0.0,-0.10000000000000002,0.0
1939,0,-284.39218,392.6646,-0.011123695,-0.5477825,0.8965285,-0.00016181945,1.0506327152252197,-0.00011291801396471437,2.5033949939102056e-05,2.0356906430104154,0.0,-0.05000000000000002,0.0
1940,0,-284.4173,392.7094,-0.0111328885,-0.5131544,0.91271293,-0.00010938644,1.047078013420105,-0.0002316949985822484,1.8119811016828318e-05,2.0373488602631533,0.0,-1.3877787807814457e-17,0.0
1941,0,-284.44104,392.75482,-0.011138496,-0.47557703,0.9280252,-7.489681e-05,1.042786717414856,-0.00033023194266053487,1.5974043414772564e-05,2.037874568262335,0.0,0.0,0.0
1942,0,-284.46414,392.80023,-0.011147804,-0.45929313,0.9092617,-0.001600399,1.0186803340911865,-0.00032810144629776217,1.9192694817856196e-05,2.0378073234448104,0.0,0.0,0.0
1943,0,-284.48703,392.8455,-0.011151733,-0.45646656,0.9064239,0.00016751766,1.014872431755066,-0.0002737729600601457,2.0265578618884075e-05,2.0377360838856506,0.0,0.0,0.0
1944,0,-284.5098,392.89066,-0.01115242,-0.45426083,0.9022141,0.00019530296,1.0101203918457031,-0.00021358548691506425,2.1338462419911954e-05,2.0376661759070362,0.0,0.0,0.0
1945,0,-284.5325,392.93567,-0.011151314,-0.45937988,0.91232556,0.00017852306,1.021453857421875,-0.0001624528102401882,2.0265578618884075e-05,2.0376628469556737,0.0,0.0,0.0
1946,0,-284.5551,392.98038,-0.011154213,-0.4508881,0.89543396,0.00026884556,1.0025478601455688,-0.00012303803423433814,2.2411344189109166e-05,2.0375503283996177,0.0,0.0,0.0
1947,0,-284.57764,393.02512,-0.011157302,-0.44980016,0.89315057,0.00033361436,1.0000190734863281,-9.267799780743483e-05,2.1338462419911954e-05,2.037532751536423,0.0,0.0,0.0
1948,0,-284.6001,393.06964,-0.011194076,-0.4485444,0.8905597,-0.0006904411,0.9971404671669006,-7.030745277809189e-05,1.9669530933962662e-05,2.0375310204817145,0.0,0.0,0.0
1949,0,-284.62256,393.11417,-0.011214218,-0.44713846,0.8876938,-0.00020776749,0.9939482808113098,-5.32632136742621e-05,1.9192694817856196e-05,2.0375310204817145,0.08,0.05,0.0
1950,0,-284.64346,393.15762,-0.011197853,-0.41380432,0.89972144,-0.0001816368,0.9903194904327393,-0.00011398328652806874,4.3749808640851786e-05,2.0369061097319276,0.16,0.1,0.0
1951,0,-284.66327,393.20203,-0.011204109,-0.37811795,0.9174961,-9.5367426e-08,0.9923568964004517,-0.0002162486480051435,3.6835667686747385e-05,2.0352385714153742,0.24,0.05,0.0
1952,0,-284.68338,393.24667,-0.011208,-0.40773982,0.9139451,7.3165895e-05,1.000773310661316,-0.00016458332285760628,2.181529853601842e-05,2.0338209707671253,0.32,0.0,0.0
1953,0,-284.70456,393.29022,-0.011193275,-0.44447684,0.9006764,-0.00011546135,1.0043792724609375,-1.9174763912231845e-05,2.074241473499054e-05,2.033448394530623,0.4,0.0,0.0
1954,0,-284.72626,393.3339,-0.011185379,-0.43681037,0.8772731,0.0014639568,0.9800068736076355,4.388524234570128e-05,7.390975546337867e-06,2.033430684509374,0.48000000000000004,0.0,0.0
1955,0,-284.74832,393.37805,-0.011169738,-0.42805132,0.85784084,0.0010899829,0.9587075114250183,5.289739475389602e-05,-1.4305113960653936e-06,2.0333527870474892,0.56,0.0,0.0
1956,0,-284.77103,393.42358,-0.011171607,-0.44270626,0.88766503,0.00080641743,0.9919368624687195,4.5466392651402543e-05,-3.4570692579538014e-05,2.0333527870474892,0.64,0.005141963707103514,0.0
1957,0,-284.7946,393.4711,-0.011170387,-0.47849268,0.9681887,0.00033475398,1.0799744129180908,2.640163408323959e-05,-8.046626475878422e-05,2.033275022743659,0.72,0.05514196370710352,0.0
1958,0,-284.81778,393.51987,-0.011172637,-0.46483696,1.029437,5.5694578e-05,1.1295193433761597,-6.498113059793341e-05,-0.0001051425881187641,2.0325795382249847,0.7999999999999999,0.005141963707103514,0.0
1959,0,-284.84222,393.57074,-0.0111908335,-0.51262265,1.057124,-5.750179e-05,1.174858808517456,-3.462109823469143e-05,-0.00014579295286168585,2.0320116191225255,0.8799999999999999,0.0,0.0
1960,0,-284.86865,393.62445,-0.0112173455,-0.552722,1.1177487,-8.951664e-05,1.2469418048858643,1.668467923782924e-05,-0.0001996755416687417,2.031939846931148,0.9599999999999999,0.0,0.0
1961,0,-284.8974,393.68234,-0.011255073,-0.61882323,1.2450776,-8.883953e-05,1.3903813362121582,3.46661357932262e-05,-0.0002783536816592377,2.031971405390065,0.9999847412109375,0.0,0.0
1962,0,-284.92773,393.74356,-0.011280746,-0.64847076,1.3047378,-7.665634e-05,1.45700204372406,3.2508573414156355e-05,-0.000329494469402131,2.03207886394005,0.9999847412109375,0.0,0.0
1963,0,-284.96033,393.80908,-0.011308441,-0.6996545,1.4077989,-5.8193207e-05,1.572073221206665,2.5851463102917858e-05,-0.0003873109749614988,2.0320698091923437,0.9999847412109375,0.0,0.0
1964,0,-284.99503,393.87903,-0.011331749,-0.740311,1.4896319,-4.4260025e-05,1.6634492874145508,1.9877291715017254e-05,-0.0004371404354474277,2.0321620877241147,0.9999847412109375,0.0,0.0
1965,0,-285.0321,393.9536,-0.0113536455,-0.7902263,1.5897111,-3.186226e-05,1.7752856016159058,1.5340266666220717e-05,-0.000484347306438009,2.032217348316734,0.9999847412109375,0.05,0.0
1966,0,-285.07028,394.03336,-0.011368828,-0.7780694,1.6910157,-2.3941993e-05,1.8614312410354614,-0.0001054611872944605,-0.0005172490817544124,2.0314215957830184,0.9999847412109375,0.1,0.0
1967,0,-285.10837,394.11874,-0.011379508,-0.7553807,1.8186321,-1.604557e-05,1.9692696332931519,-0.0003131876791747371,-0.0005401372478368134,2.0288921253796612,0.9999847412109375,0.15000000000000002,0.0
1968,0,-285.14584,394.21,-0.011387672,-0.7224929,1.9543059,-1.1692046e-05,2.083580493927002,-0.0005448826289930495,-0.0005583762602633033,2.0240977696272457,0.9999847412109375,0.10000000000000002,0.0
1969,0,-285.18484,394.3063,-0.011396026,-0.7865962,2.0391288,-6.5040585e-06,2.185584545135498,-0.0005134574256579864,-0.0005772113630431587,2.018821648033635,0.9999847412109375,0.05000000000000002,0.0
1970,1,-285.22775,394.40714,-0.01140644,-0.8910266,2.1227427,-7.653236e-06,2.3021652698516846,-0.00027110979897006644,-0.0006008147985384493,2.0151294414983494,0.9999847412109375,1.3877787807814457e-17,0.0
1971,1,-285.27533,394.51175,-0.011412506,-1.0049337,2.1783068,-4.1246412e-06,2.398939847946167,3.687159045291606e-05,-0.0006145238363685525,2.0135568448746577,0.9999847412109375,0.0,0.0
1972,1,-285.32648,394.6207,-0.011417313,-1.0706999,2.2747574,-3.6859512e-06,2.514143943786621,0.00018353337848920134,-0.0006257295287814137,2.013286933498178,0.9999847412109375,0.0,0.0
1973,1,-285.38022,394.73444,-0.011419639,-1.1180702,2.36362,-4.196167e-06,2.6147236824035645,0.0001995499745336046,-0.0006306171055749547,2.0131385954254606,0.9999847412109375,0.0,0.0
1974,1,-285.4363,394.85303,-0.011421928,-1.167154,2.46473,-2.2506713e-06,2.7271125316619873,0.00017149523692530113,-0.0006361007077032797,2.013154441233947,0.9999847412109375,0.0,0.0
1975,1,-285.49472,394.97635,-0.011423035,-1.2119526,2.5583823,-2.322197e-06,2.8309271335601807,0.0001358863479578592,-0.0006384849390795787,2.0131035748571264,0.9999847412109375,0.0,0.0
1976,1,-285.55545,395.1046,-0.011424256,-1.2587492,2.6572387,-4.162788e-06,2.940300703048706,0.00010432015182924543,-0.0006413459517125561,2.0131216843525386,0.9999847412109375,0.05,0.0
1977,1,-285.61688,395.23846,-0.011424369,-1.2280064,2.786004,-5.4597854e-06,3.044637680053711,-9.214538997138696e-05,-0.0006414651307720805,2.0117827801145016,0.9999847412109375,0.1,0.0
1978,1,-285.67682,395.37854,-0.01142189,-1.1628363,2.9240668,-9.202957e-07,3.1468005180358887,-0.00043089933433765814,-0.0006357431055061255,2.0076266509173237,0.9999847412109375,0.05,0.0
1979,1,-285.738,395.52386,-0.011422005,-1.239634,3.0104427,-1.3828277e-06,3.255680799484253,-0.00043995421208109015,-0.0006361007077032797,2.0030970133772623,0.9999847412109375,0.0,0.0
1980,1,-285.80377,395.67313,-0.011423759,-1.3688602,3.070923,-1.9836425e-06,3.3621938228607178,-0.00013422331081267095,-0.0006405115032401421,2.001003102970188,0.9999847412109375,0.0,0.0
1981,1,-285.87347,395.82666,-0.01142559,-1.4365361,3.1593442,-9.059906e-08,3.4706039428710938,6.984642227273351e-05,-0.0006443261434050579,2.0004987002597265,0.9999847412109375,0.0,0.0
1982,1,-285.9458,395.98502,-0.0114268875,-1.4879905,3.2551413,-3.4093855e-06,3.5791144371032715,0.0001275673098809759,-0.0006476640023132951,2.000375928533474,0.9999847412109375,0.0,0.0
1983,1,-286.0205,396.14832,-0.01142807,-1.535066,3.3529196,-2.4080275e-06,3.6876139640808105,0.00012421830028604556,-0.000650286656827224,2.0003461011292654,0.9999847412109375,0.0,0.0
1984,1,-286.09756,396.3166,-0.011428948,-1.5808121,3.4512508,-2.6226044e-06,3.7960636615753174,0.00010345598173785432,-0.0006523132209877875,2.000338910594322,0.9999847412109375,0.0,0.0
1985,1,-286.17688,396.4898,-0.011429596,-1.6261234,3.5497355,-7.1525574e-07,3.9044718742370605,8.123500382747113e-05,-0.0006538629388730911,2.000337046381559,0.9999847412109375,0.0,0.0
1986,1,-286.2585,396.66797,-0.011429978,-1.6712762,3.6482284,-1.6832352e-06,4.012821197509766,6.219582803921936e-05,-0.0006549358104831351,2.000337046381559,0.9999847412109375,5.356720826568931e-07,0.0
1987,1,-286.3424,396.85114,-0.01143032,-1.7163644,3.74669,-2.0885468e-06,4.121115684509277,4.708310812107532e-05,-0.000655770258955549,2.000337312697668,0.9999847412109375,0.05000053567208266,0.0
1988,1,-286.4265,397.0401,-0.0114293285,-1.6635668,3.8844066,-1.9550323e-06,4.225644111633301,-0.00018162760259804938,-0.0006533860925978314,1.998657124365937,0.9999847412109375,0.10000053567208267,0.0
1989,1,-286.50787,397.23575,-0.011424942,-1.5609357,4.0336,-1.25885e-06,4.325095176696777,-0.0006103963918089988,-0.000643253271795014,1.9933004421493516,0.9999847412109375,0.050000535672082666,0.0
1990,1,-286.5896,397.43695,-0.011423797,-1.632515,4.122623,-6.3896175e-07,4.434086799621582,-0.0006460828804532232,-0.0006400346569648824,1.987263055958142,0.9999847412109375,5.356720826632522e-07,0.0
1991,1,-286.67615,397.64215,-0.0114250565,-1.7765342,4.177806,-2.4986266e-06,4.539838790893555,-0.0002721750471514528,-0.0006427764255197542,1.9842539502424614,0.9999847412109375,0.0,0.0
1992,1,-286.7668,397.85144,-0.011426125,-1.8495201,4.263819,-4.1484833e-07,4.647674560546875,2.7504868862793263e-06,-0.0006455182590932074,1.9834081302802522,0.9999847412109375,0.0,0.0
1993,1,-286.86017,398.06558,-0.01142704,-1.901598,4.3588805,2.541542e-06,4.755619525909424,9.79369201007524e-05,-0.0006480216695290307,1.983168179466036,0.9999847412109375,0.0,0.0
1994,1,-286.95587,398.28458,-0.011428032,-1.947625,4.4565234,-3.2424927e-07,4.863522052764893,0.00011124736151819128,-0.0006501674127491184,1.983099736226021,0.9999847412109375,0.0,0.0
1995,1,-287.05383,398.50858,-0.011428833,-1.9917469,4.5549436,-4.959106e-07,4.971374988555908,9.752010223067854e-05,-0.0006517171306344221,1.9830802951500635,0.9999847412109375,0.0,0.0
1996,1,-287.154,398.73764,-0.011429138,-2.0352266,4.653587,-1.3780593e-06,5.079174995422363,7.8268864275853e-05,-0.0006529092463225715,1.9830744361956654,0.9999847412109375,0.0,0.0
1997,1,-287.25632,398.97168,-0.011429596,-2.0784771,4.7522764,9.3936916e-07,5.186925888061523,6.053301033174301e-05,-0.0006538629388730911,1.9830725719829023,0.9999847412109375,0.0,0.0
1998,1,-287.36087,399.2107,-0.011429634,-2.1216385,4.85095,2.7036667e-06,5.294625759124756,4.603641868098899e-05,-0.0006543397851483509,1.9830725719829023,0.9999847412109375,0.0,0.0
1999,1,-287.4676,399.4547,-0.011429825,-2.16476,4.949584,2.1648407e-06,5.4022746086120605,3.47628143599591e-05,-0.0006546973873455052,1.9830725719829023,0.9999847412109375,0.0,0.0
2000,1,-287.5765,399.70383,-0.011429901,-2.2078578,5.0481744,2.5129318e-06,5.509872913360596,2.6128783606810937e-05,-0.0006549358104831351,1.9830725719829023,0.9999847412109375,0.0,0.0
2001,1,-287.68762,399.9579,-0.011429939,-2.2509363,5.1467166,2.5701522e-06,5.617419719696045,1.96159576548015e-05,-0.0006550549895426594,1.9830725719829023,0.9999847412109375,0.0,0.0
2002,1,-287.80093,400.21692,-0.011430015,-2.2939959,5.245209,2.6130676e-06,5.724914073944092,1.4728956885254281e-05,-0.0006550549895426594,1.9830727051409567,0.9999847412109375,0.0,0.0
2003,1,-287.9164,400.48093,-0.011430015,-2.3370354,5.343648,2.7894973e-06,5.832350254058838,1.1031605161428449e-05,-0.0006551742336207649,1.9830727051409567,0.9999847412109375,0.0,0.0
2004,1,-288.0341,400.75003,-0.011429978,-2.3800507,5.442025,2.9230116e-06,5.939720630645752,8.26190960201491e-06,-0.0006550549895426594,1.9830727051409567,0.9999847412109375,0.0,0.0
2005,1,-288.15393,401.02408,-0.011429978,-2.4230344,5.540324,2.5272368e-06,6.047006607055664,6.181276395607858e-06,-0.0006550549895426594,1.9830727051409567,0.9999847412109375,0.0,0.0
2006,1,-288.27594,401.3032,-0.011429978,-2.465969,5.6385074,2.875328e-06,6.1541666984558105,6.181276395607858e-06,-0.0006550549895426594,1.9830727051409567,0.9999847412109375,0.0,0.0
2007,1,-288.40018,401.58725,-0.011429939,-2.5088217,5.7365007,2.670288e-06,6.261120319366455,3.457041015507549e-06,-0.0006549358104831351,1.9830727051409567,0.9999847412109375,0.0,0.0
2008,1,-288.52658,401.8763,-0.011429901,-2.5516586,5.8344564,2.2697448e-06,6.368032932281494,3.457041015507549e-06,-0.0006549358104831351,1.9830727051409567,0.9999847412109375,0.0,0.0
2009,1,-288.6552,402.17035,-0.011429787,-2.5945978,5.9326425,2.5606155e-06,6.475197792053223,3.457041015507549e-06,-0.0006549358104831351,1.9830727051409567,0.9999847412109375,0.0,0.0
2010,1,-288.78598,402.46936,-0.011429672,-2.6376681,6.031131,2.4604797e-06,6.5826921463012695,1.453998469634378e-06,-0.0006543397851483509,1.9830727051409567,0.9999847412109375,0.05,0.0
2011,1,-288.91608,402.77448,-0.0114281075,-2.5452316,6.1803565,8.4400176e-07,6.683936595916748,-0.00029614344819823,-0.0006501674127491184,1.9807894439803773,0.9999847412109375,0.1,0.0
2012,1,-289.04114,403.08694,-0.011421699,-2.3745055,6.348177,-2.0074845e-06,6.7777299880981445,-0.0008969527201572687,-0.0006355046823684956,1.9733632192806914,0.9999847412109375,0.05,0.0
2013,1,-289.16467,403.40558,-0.011419601,-2.4225516,6.447269,-4.272461e-06,6.8873820304870605,-0.001026914656260229,-0.0006304979265154304,1.9645395007989863,0.9999847412109375,0.0,0.0
2014,1,-289.29263,403.72836,-0.011420936,-2.580491,6.4999475,-5.102157e-07,6.993443489074707,-0.0005837649759639504,-0.0006330012719326723,1.9595981385543988,0.9999847412109375,0.0,0.0
2015,1,-289.4248,404.0553,-0.011422424,-2.6595352,6.585197,1.3542175e-06,7.101967811584473,-0.00020293289131868326,-0.0006365775539785395,1.9578831959704424,0.9199847412109375,0.0,0.0
2016,1,-289.55957,404.38702,-0.011423377,-2.7107027,6.6792064,1.0633469e-06,7.208308219909668,-3.781694030672249e-05,-0.0006389617853548384,1.957290243153736,0.8399847412109376,0.0,0.0
2017,1,-289.6963,404.72348,-0.011421928,-2.7515318,6.770424,2.0599364e-06,7.308184623718262,1.5976346494832074e-05,-0.0006355046823684956,1.9570826497467644,0.7599847412109376,0.0,0.0
2018,2,-289.83487,405.06424,-0.011416626,-2.7866824,6.85432,3.8194657e-06,7.399142265319824,2.7683713137772006e-05,-0.0006228685161484363,1.9570091465006783,0.6799847412109377,0.0,0.0
2019,2,-289.97507,405.40897,-0.011407051,-2.8172774,6.928945,1.6021728e-06,7.479794979095459,2.5915713652227006e-05,-0.0005999803500660354,1.9569827812058864,0.5999847412109377,0.0,0.0
2020,2,-290.11667,405.75726,-0.011393242,-2.8435402,6.9934464,2.6130676e-06,7.549437999725342,2.1028567606787194e-05,-0.0005671977863184468,1.9569733269840166,0.5199847412109377,0.0,0.0
2021,2,-290.25946,406.1084,-0.011375999,-2.865508,7.047509,1.7166137e-06,7.60779333114624,1.6190883431156604e-05,-0.0005260705753002653,1.9569703975068176,0.4399847412109377,0.0,0.0
2022,2,-290.40323,406.46204,-0.011355896,-2.8832138,7.0911026,-7.343292e-07,7.654845714569092,1.2229110280418565e-05,-0.0004781484348967943,1.956968932768218,0.3599847412109377,0.0,0.0
2023,2,-290.54782,406.81754,-0.011333466,-2.8967233,7.1243687,-9.965896e-07,7.6907501220703125,9.154930164985225e-06,-0.0004251002945621525,1.956968932768218,0.2799847412109377,0.0,0.0
2024,2,-290.6929,407.17444,-0.011309738,-2.9061334,7.1475377,-1.2731551e-06,7.715756893157959,6.861300657855871e-06,-0.000368714327828564,1.956968932768218,0.19998474121093768,0.0,0.0
2025,2,-290.83835,407.53217,-0.011285095,-2.9115567,7.1608906,-6.6280364e-07,7.730169296264648,5.131180083452898e-06,-0.0003101825528563065,1.956968932768218,0.11998474121093768,0.0,0.0
2026,2,-290.984,407.89038,-0.011259956,-2.9131181,7.164741,-1.373291e-06,7.7343244552612305,3.845518403499277e-06,-0.00025033949939102054,1.956968932768218,0.039984741210937674,0.0,0.0
2027,2,-291.12964,408.2485,-0.011234703,-2.910951,7.159418,-9.059906e-07,7.728577136993408,2.874585261823993e-06,-0.0001903772181022743,1.956968932768218,0.0,0.0,0.0
2028,2,-291.27502,408.6061,-0.011209831,-2.9055328,7.146099,-6.437302e-07,7.714198112487793,2.1536178338113244e-06,-0.0001311302143537404,1.956968932768218,0.0,0.0,0.0
2029,2,-291.4201,408.9629,-0.011186447,-2.8979743,7.1275153,-4.529953e-07,7.694136142730713,1.6160119483048014e-06,-7.545947639642834e-05,1.956968932768218,0.0,0.0,0.0
2030,2,-291.56476,409.3187,-0.011165657,-2.8892353,7.1060247,-5.2928925e-07,7.670936584472656,1.202570218860746e-06,-2.610683374012993e-05,1.956968932768218,0.0,0.0,0.0
2031,2,-291.70895,409.67334,-0.011148224,-2.8798523,7.0829515,-9.059906e-08,7.646028518676758,8.926317213766746e-07,1.5497207298666098e-05,1.956968932768218,0.0,0.0,0.0
2032,3,-291.8527,410.02682,-0.011134148,-2.870126,7.059032,-7.2956084e-07,7.6202073097229,6.595782677331297e-07,4.899501607717623e-05,1.956968932768218,0.0,0.0,0.0
2033,3,-291.9959,410.3791,-0.011123084,-2.860224,7.034679,-6.008148e-07,7.5939178466796875,5.039036880239266e-07,7.510184981730616e-05,1.956968932768218,0.0,0.0,0.0
2034,3,-292.13864,410.73013,-0.011114654,-2.8502395,7.010124,-3.671646e-07,7.567410945892334,3.787826984547093e-07,9.536742640435957e-05,1.956968932768218,0.0,0.0,0.0
2035,3,-292.28085,411.07993,-0.011108246,-2.8402264,6.9854965,-7.534027e-07,7.540825366973877,2.8354041377094125e-07,0.00011014937648111998,1.956968932768218,0.0,0.0,0.0
2036,3,-292.4226,411.42856,-0.011103477,-2.8302114,6.960867,-1.7166137e-07,7.514237403869629,2.1181402925372633e-07,0.0001219510942287653,1.956968932768218,0.0,0.0,0.0
2037,4,-292.56384,411.77588,-0.011099968,-2.8202128,6.9362755,-1.1777878e-06,7.487691402435303,1.55047013886028e-07,0.00012993811492023627,1.956968932768218,0.0,0.0,0.0
2038,4,-292.70456,412.12207,-0.011097412,-2.8102388,6.9117455,-1.0347366e-06,7.461211204528809,1.2478266595287105e-07,0.00013625621428491123,1.956968932768218,0.0,0.0,0.0
2039,4,-292.8448,412.46698,-0.011095542,-2.8002942,6.887288,-1.2302398e-06,7.43480920791626,8.875940353463544e-08,0.00014066695293051503,1.956968932768218,0.0,0.0,0.0
2040,4,-292.98456,412.81067,-0.011094284,-2.7903829,6.862909,-1.4019012e-06,7.408492088317871,5.967012438907996e-08,0.00014328955868050792,1.956968932768218,0.0,0.0,0.0
2041,4,-293.1238,413.15317,-0.011093444,-2.7805045,6.8386145,-1.6736984e-06,7.382266044616699,4.2200551473151547e-08,0.00014543531815524102,1.956968932768218,0.0,0.0,0.0
2042,5,-293.26257,413.49442,-0.011092834,-2.7706614,6.814405,-1.2779235e-06,7.3561320304870605,4.2200551473151547e-08,0.00014543531815524102,1.956968932768218,0.0,0.0,0.0
2043,5,-293.40085,413.83444,-0.011092452,-2.7608514,6.7902794,-2.0217894e-06,7.330088138580322,2.1856975906968844e-08,0.00014805792390523392,1.956968932768218,0.0,0.0,0.0
2044,5,-293.53864,414.1733,-0.011092262,-2.7510781,6.7662406,-1.964569e-06,7.304138660430908,2.1856975906968844e-08,0.00014805792390523392,1.956968932768218,0.0,0.0,0.0
2045,5,-293.67596,414.51096,-0.011092186,-2.741339,6.7422886,-1.940727e-06,7.278282165527344,2.1856975906968844e-08,0.00014805792390523392,1.956968932768218,0.0,0.0,0.0
2046,5,-293.81277,414.8474,-0.011092186,-2.731635,6.718422,-9.727478e-07,7.252518177032471,2.1856975906968844e-08,0.00014805792390523392,1.956968932768218,0.0,0.0,0.0
2047,5,-293.9491,415.18268,-0.011092186,-2.7219665,6.69464,-2.1505355e-06,7.226846694946289,2.1856975906968844e-08,0.00014805792390523392,1.956968932768218,0.0,0.0,0.0
2048,6,-294.08493,415.51675,-0.0110923005,-2.712332,6.670946,-1.7356872e-06,7.201268672943115,2.1856975906968844e-08,0.00014805792390523392,1.956968932768218,0.0,0.0,0.0
2049,6,-294.22028,415.84964,-0.011092452,-2.7027326,6.6473346,-2.4318695e-06,7.175780296325684,2.1856975906968844e-08,0.00014805792390523392,1.956968932768218,0.0,0.0,0.0
2050,6,-294.35516,416.18137,-0.011092567,-2.693167,6.623809,-2.2172928e-06,7.150383949279785,2.1856975906968844e-08,0.00014805792390523392,1.956968932768218,0.0,0.0,0.0
2051,6,-294.48953,416.5119,-0.01109272,-2.6836364,6.600369,-2.5892257e-06,7.125080585479736,2.1856975906968844e-08,0.00014805792390523392,1.956968932768218,0.0,0.0,0.0
2052,6,-294.62347,416.84128,-0.011092911,-2.6741393,6.57701,-2.4652481e-06,7.099864959716797,2.1856975906968844e-08,0.00014805792390523392,1.956968932768218,0.0,0.0,0.0
2053,7,-294.7569,417.1695,-0.011093101,-2.6646755,6.553735,-2.155304e-06,7.0747389793396,2.1856975906968844e-08,0.00014805792390523392,1.956968932768218,0.0,0.0,0.0
2054,7,-294.88986,417.49655,-0.011093292,-2.655244,6.53054,-3.0231474e-06,7.0497002601623535,3.0951922208306015e-08,0.0001459121644305008,1.956968932768218,0.0,0.0,0.0
2055,7,-295.0224,417.82245,-0.011093482,-2.6458437,6.5074177,-2.7704239e-06,7.024740219116211,3.0951922208306015e-08,0.0001459121644305008,1.956968932768218,0.0,0.0,0.0
2056,7,-295.15442,418.1472,-0.0110937115,-2.636468,6.4843597,-2.5606155e-06,6.99984884262085,3.0951922208306015e-08,0.0001459121644305008,1.956968932768218,0.0,0.0,0.0
2057,7,-295.28598,418.47076,-0.011093941,-2.6271038,6.4613285,-2.7894973e-06,6.974987030029297,3.0951922208306015e-08,0.0001459121644305008,1.956968932768218,0.0,0.0,0.0
2058,8,-295.41708,418.79318,-0.011093979,-2.6177142,6.4382353,6.3896175e-07,6.9500579833984375,6.82484777436759e-09,0.00014388560026993734,1.956968666452109,0.0,0.0,0.0
2059,8,-295.54776,419.11447,-0.011094208,-2.60821,6.414857,-1.1634827e-06,6.924821376800537,6.82484777436759e-09,0.00014388560026993734,1.956968666452109,0.0,0.0,0.0
2060,8,-295.67792,419.43463,-0.011094436,-2.5985324,6.39105,-8.6307523e-07,6.899122714996338,6.82484777436759e-09,0.00014388560026993734,1.956968666452109,0.0,0.0,0.0
2061,8,-295.80765,419.75366,-0.011094512,-2.5889065,6.3673716,-5.245209e-07,6.873562335968018,1.9914295780194623e-08,0.00014281272865989346,1.9569665359232369,0.0,0.0,0.0
2062,8,-295.9369,420.07156,-0.011094665,-2.579489,6.3442097,-1.6164779e-06,6.8485589027404785,1.9914295780194623e-08,0.00014281272865989346,1.9569665359232369,0.0,0.0,0.0
2063,8,-296.06567,420.3883,-0.011094971,-2.5701625,6.321273,-1.2016296e-06,6.823798656463623,1.9914295780194623e-08,0.00014281272865989346,1.9569665359232369,0.0,0.0,0.0
2064,9,-296.19403,420.70398,-0.011095123,-2.5607915,6.298229,-5.483627e-07,6.798922061920166,0.0,0.00014173984079520426,1.956964405394365,0.0,0.0,0.0
2065,9,-296.32193,421.0185,-0.011095275,-2.5513682,6.2750487,-1.5687942e-06,6.773899555206299,0.0,0.00014173984079520426,1.956964405394365,0.0,0.0,0.0
2066,9,-296.44937,421.3319,-0.01109539,-2.5420988,6.2522473,-8.010864e-07,6.749285697937012,8.105416492178896e-09,0.00014066695293051503,1.9569625411816018,0.0,0.0,0.0
2067,9,-296.57632,421.6442,-0.011095619,-2.5329583,6.2297616,-1.8596648e-06,6.725013732910156,8.105416492178896e-09,0.00014066695293051503,1.9569625411816018,0.0,0.0,0.0
2068,9,-296.70288,421.95544,-0.011096001,-2.523872,6.2074103,-3.881454e-06,6.700886249542236,8.105416492178896e-09,0.00014066695293051503,1.9569625411816018,0.0,0.0,0.0
2069,10,-296.82895,422.26553,-0.011096001,-2.51482,6.185144,2.2411346e-07,6.676849842071533,8.105416492178896e-09,0.00014066695293051503,1.9569625411816018,0.0,0.0,0.0
2070,10,-296.9546,422.57455,-0.011096115,-2.5058,6.162954,3.9100647e-07,6.652896404266357,2.833985308768222e-08,0.0001389980234763964,1.9569625411816018,0.0,0.0,0.0
2071,10,-297.07977,422.88245,-0.011096458,-2.4968114,6.140842,-1.630783e-06,6.629027843475342,2.833985308768222e-08,0.0001389980234763964,1.9569625411816018,0.0,0.0,0.0
2072,10,-297.20456,423.18924,-0.011096649,-2.4878538,6.1188073,-3.480911e-07,6.605241775512695,2.833985308768222e-08,0.0001389980234763964,1.9569625411816018,0.0,0.0,0.0
2073,10,-297.32883,423.495,-0.011096687,-2.4789276,6.0968475,-1.7929077e-06,6.581537246704102,2.833985308768222e-08,0.0001389980234763964,1.9569625411816018,0.0,0.0,0.0
2074,10,-297.4527,423.79968,-0.011096916,-2.4700322,6.074963,-1.9502638e-06,6.5579142570495605,2.4025211063936065e-08,0.00013744830559109274,1.9569626743396564,0.0,0.0,0.0
2075,11,-297.57614,424.10318,-0.011097031,-2.4611673,6.0531554,2.6273726e-06,6.5343732833862305,2.4025211063936065e-08,0.00013744830559109274,1.9569626743396564,0.0,0.0,0.0
2076,11,-297.69913,424.40573,-0.011097335,-2.4523325,6.03142,-3.528595e-07,6.510910987854004,2.4025211063936065e-08,0.00013744830559109274,1.9569626743396564,0.0,0.0,0.0
2077,11,-297.8217,424.7071,-0.01109745,-2.4435287,6.00976,-1.1968613e-06,6.48753023147583,2.4025211063936065e-08,0.00013744830559109274,1.9569626743396564,0.0,0.0,0.0
2078,11,-297.94382,425.00745,-0.011097641,-2.4347548,5.9881735,-2.8467177e-06,6.464229106903076,2.4025211063936065e-08,0.00013744830559109274,1.9569626743396564,0.0,0.0,0.0
2079,11,-298.0655,425.3067,-0.0110977935,-2.4260106,5.966662,-6.4849854e-07,6.4410080909729,6.994377851848811e-08,0.00013530253798903699,1.9569636064460378,0.0,0.0,0.0
2080,11,-298.18674,425.60495,-0.011098061,-2.4172962,5.9452233,-1.1062622e-06,6.417865753173828,6.994377851848811e-08,0.00013530253798903699,1.9569636064460378,0.0,0.0,0.0
2081,12,-298.3076,425.9021,-0.011098174,-2.408612,5.9238567,-1.4781951e-06,6.394801616668701,6.994377851848811e-08,0.00013530253798903699,1.9569636064460378,0.0,0.0,0.0
2082,12,-298.42795,426.19824,-0.011098327,-2.3999572,5.902562,-1.6832352e-06,6.3718156814575195,6.994377851848811e-08,0.00013530253798903699,1.9569636064460378,0.0,0.0,0.0
2083,12,-298.54794,426.4933,-0.01109848,-2.3913321,5.8813396,-2.5463103e-06,6.348907470703125,6.994377851848811e-08,0.00013530253798903699,1.9569636064460378,0.0,0.0,0.0
2084,12,-298.66748,426.7873,-0.011098633,-2.382736,5.860189,-2.002716e-06,6.326076507568359,5.0073137334460424e-08,0.00013315677038698123,1.9569650711846374,0.0,0.0,0.0
2085,12,-298.78662,427.08023,-0.0110989,-2.3741693,5.8391094,-2.412796e-06,6.303322792053223,5.0073137334460424e-08,0.00013315677038698123,1.9569650711846374,0.0,0.0,0.0
2086,12,-298.9053,427.37213,-0.011098976,-2.365631,5.818101,-3.2997132e-06,6.280645847320557,5.0073137334460424e-08,0.00013315677038698123,1.9569650711846374,0.0,0.0,0.0
2087,13,-299.02356,427.66302,-0.011099243,-2.357122,5.7971635,-1.7452239e-06,6.258045196533203,5.0073137334460424e-08,0.00013315677038698123,1.9569650711846374,0.0,0.0,0.0
2088,13,-299.14145,427.9529,-0.011099395,-2.3486414,5.7762976,-2.875328e-06,6.2355217933654785,5.0073137334460424e-08,0.00013315677038698123,1.9569650711846374,0.0,0.0,0.0
2089,13,-299.25888,428.2417,-0.011099548,-2.3401897,5.755501,-3.2281876e-06,6.213072776794434,4.034881957918072e-08,0.00013101100278492547,1.9569665359232369,0.0,0.0,0.0
2090,13,-299.3759,428.52948,-0.011099739,-2.3317657,5.734774,-2.169609e-06,6.190700054168701,4.034881957918072e-08,0.00013101100278492547,1.9569665359232369,0.0,0.0,0.0
2091,13,-299.4925,428.81625,-0.011099892,-2.3233702,5.714116,-2.8800964e-06,6.16840124130249,4.034881957918072e-08,0.00013101100278492547,1.9569665359232369,0.0,0.0,0.0
2092,14,-299.60867,429.102,-0.01110012,-2.3150027,5.693527,-1.3637542e-06,6.146176815032959,4.034881957918072e-08,0.00013101100278492547,1.9569665359232369,0.0,0.0,0.0
2093,14,-299.72446,429.38675,-0.011100234,-2.3066633,5.6730065,-3.0660628e-06,6.124026298522949,5.2998072661820715e-08,0.00012946128489962178,1.956968666452109,0.0,0.0,0.0
2094,14,-299.8398,429.67053,-0.011100502,-2.2983515,5.652555,-2.861023e-06,6.101950645446777,5.2998072661820715e-08,0.00012946128489962178,1.956968666452109,0.0,0.0,0.0
2095,14,-299.95477,429.9532,-0.011100502,-2.2900672,5.63217,-1.0585785e-06,6.079946517944336,5.2998072661820715e-08,0.00012946128489962178,1.956968666452109,0.0,0.0,0.0
2096,14,-300.0693,430.23483,-0.011100731,-2.2818105,5.611854,-2.6607513e-06,6.058016777038574,5.2998072661820715e-08,0.00012946128489962178,1.956968666452109,0.0,0.0,0.0
2097,14,-300.1834,430.5155,-0.01110096,-2.2735817,5.5916047,-1.0490418e-06,6.036159038543701,5.2998072661820715e-08,0.00012946128489962178,1.956968666452109,0.0,0.0,0.0
2098,15,-300.29715,430.7952,-0.011101074,-2.2653794,5.571422,6.198883e-08,6.014373302459717,6.555637354323804e-08,0.00012731551729756603,1.956970796980981,0.0,0.0,0.0
2099,15,-300.4105,431.07388,-0.011101379,-2.257205,5.551307,-4.673004e-07,5.992660999298096,6.555637354323804e-08,0.00012731551729756603,1.956970796980981,0.0,0.0,0.0
2100,15,-300.52338,431.35162,-0.011101417,-2.2490578,5.531259,1.4781952e-07,5.971020698547363,6.555637354323804e-08,0.00012731551729756603,1.956970796980981,0.0,0.0,0.0
2101,15,-300.63593,431.62827,-0.011101646,-2.2409375,5.511275,3.671646e-07,5.94944953918457,6.555637354323804e-08,0.00012731551729756603,1.956970796980981,0.0,0.0,0.0
2102,15,-300.74802,431.90396,-0.011101914,-2.2328439,5.491358,-8.1062313e-07,5.927950859069824,7.040944077233297e-08,0.00012576579128493968,1.956972927509853,0.0,0.0,0.0
2103,15,-300.85974,432.17865,-0.011101951,-2.224777,5.4715056,2.8610229e-08,5.906522750854492,7.040944077233297e-08,0.00012576579128493968,1.956972927509853,0.0,0.0,0.0
2104,15,-300.97104,432.45242,-0.011101951,-2.2167363,5.4517198,2.9993057e-06,5.885165214538574,7.040944077233297e-08,0.00012576579128493968,1.956972927509853,0.0,0.0,0.0
2105,15,-301.08197,432.72516,-0.011102256,-2.2087226,5.4319983,-9.059906e-07,5.863877296447754,7.040944077233297e-08,0.00012576579128493968,1.956972927509853,0.0,0.0,0.0
2106,15,-301.1925,432.99695,-0.011102295,-2.2007341,5.4123406,-1.8072128e-06,5.842658996582031,6.789559796545163e-08,0.00012409686183082106,1.9569753243548342,0.0,0.0,0.0
2107,15,-301.30264,433.26773,-0.0111024855,-2.1927726,5.392747,-1.940727e-06,5.82150936126709,6.789559796545163e-08,0.00012409686183082106,1.9569753243548342,0.0,0.0,0.0
2108,15,-301.41238,433.53757,-0.011102562,-2.1848366,5.373217,-1.5306473e-06,5.800428867340088,6.789559796545163e-08,0.00012409686183082106,1.9569753243548342,0.0,0.0,0.0
2109,15,-301.52173,433.80643,-0.011102905,-2.1769269,5.3537517,-2.5749207e-06,5.779417514801025,6.516347225668746e-08,0.0001230239820934545,1.9569777211998154,0.0,0.0,0.0
2110,15,-301.63068,434.0744,-0.011102867,-2.1690423,5.3343487,-5.00679e-07,5.758473873138428,6.516347225668746e-08,0.0001230239820934545,1.9569777211998154,0.0,0.0,0.0
2111,15,-301.73923,434.3414,-0.011103172,-2.161184,5.3150086,7.152557e-08,5.737597942352295,6.516347225668746e-08,0.0001230239820934545,1.9569777211998154,0.0,0.0,0.0
2112,15,-301.84738,434.60742,-0.011103401,-2.1533513,5.2957315,0.0,5.716790676116943,6.325717062935075e-08,0.0001219510942287653,1.9569798517286874,0.0,0.0,0.0
2113,15,-301.95517,434.87244,-0.011103592,-2.1455438,5.2765164,-3.223419e-06,5.696049690246582,6.325717062935075e-08,0.0001219510942287653,1.9569798517286874,0.0,0.0,0.0
2114,15,-302.06256,435.1365,-0.011103668,-2.1377616,5.2573657,-1.3208389e-06,5.675378322601318,6.325717062935075e-08,0.0001219510942287653,1.9569798517286874,0.0,0.0,0.0
2115,15,-302.16956,435.3996,-0.011103858,-2.1300044,5.2382727,-8.7261196e-07,5.654769420623779,9.006179905447781e-08,0.00012087821449139875,1.9569819822575594,0.0,0.0,0.0
2116,15,-302.27615,435.6619,-0.011103896,-2.1222725,5.219245,-2.1362305e-06,5.634231090545654,9.006179905447781e-08,0.00012087821449139875,1.9569819822575594,0.0,0.0,0.0
2117,15,-302.38242,435.92322,-0.0111041255,-2.1145656,5.200277,-1.9979477e-06,5.613757133483887,9.006179905447781e-08,0.00012087821449139875,1.9569819822575594,0.0,0.0,0.0
2118,15,-302.48828,436.1836,-0.011104087,-2.1068816,5.1813707,2.5224685e-06,5.593348979949951,9.006179905447781e-08,0.00012087821449139875,1.9569819822575594,0.0,0.0,0.0
2119,15,-302.59378,436.44296,-0.011104355,-2.0992212,5.1625276,-2.207756e-06,5.5730085372924805,9.006179905447781e-08,0.00012087821449139875,1.9569819822575594,0.0,0.0,0.0
2120,15,-302.69888,436.70145,-0.011104431,-2.0915828,5.143743,-1.9741058e-06,5.552730083465576,9.006179905447781e-08,0.00012087821449139875,1.9569819822575594,0.0,0.0,0.0
2121,15,-302.80362,436.95898,-0.011104584,-2.0839663,5.125022,-6.008148e-07,5.5325188636779785,3.072273012185312e-08,0.00011885165845815794,1.956980783835069,0.0,0.0,0.0
2122,15,-302.90796,437.2156,-0.011104622,-2.0763717,5.1063604,-9.298324e-07,5.512371063232422,8.381902711320665e-09,0.00011825560874140587,1.9569786533061968,0.0,0.0,0.0
2123,15,-303.01193,437.4713,-0.011104888,-2.068799,5.08776,-3.9577483e-07,5.492288589477539,0.0,0.00011825560874140587,1.9569763896192702,0.0,0.0,0.0
2124,15,-303.11554,437.72614,-0.011105079,-2.061247,5.06922,-4.1484833e-07,5.472269535064697,0.0,0.00011777877059346874,1.9569741259323437,0.0,0.0,0.0
2125,15,-303.21878,437.97992,-0.011105232,-2.0537174,5.0507402,2.5129318e-06,5.452314376831055,-3.637978607344039e-12,0.00011777877059346874,1.9569705306648721,0.0,0.0,0.0
2126,15,-303.32162,438.2329,-0.011105461,-2.0462089,5.0323205,5.245209e-07,5.432423114776611,0.0,0.00011718272900403932,1.9569665359232369,0.0,0.0,0.0
2127,15,-303.4241,438.485,-0.011105461,-2.0387208,5.01396,5.531311e-07,5.412594318389893,-3.637978607344039e-12,0.0001167058908561022,1.9569625411816018,0.0,0.0,0.0
2128,15,-303.52625,438.73608,-0.01110569,-2.0312548,4.995659,-3.671646e-07,5.392828941345215,0.0,0.0001167058908561022,1.9569572148594216,0.0,0.0,0.0
2129,15,-303.628,438.98636,-0.011105766,-2.023809,4.977417,3.528595e-07,5.373126029968262,3.637978607344039e-12,0.00011610984113935012,1.956951222746969,0.0,0.0,0.0
2130,15,-303.72934,439.2357,-0.0111059565,-2.0163846,4.9592333,-2.1934508e-07,5.353485107421875,-5.326364721613038e-07,0.00011563300299141298,1.9569454969506253,0.0,0.0,0.0
2131,15,-303.83035,439.4841,-0.011105918,-2.0089808,4.9411087,-2.1457672e-07,5.333906650543213,-5.32640091359677e-07,0.00011563300299141298,1.9569384395737366,0.0,0.0,0.0
2132,15,-303.931,439.73163,-0.011106262,-2.0015976,4.9230423,-2.1600722e-06,5.314389705657959,-5.326291702698492e-07,0.00011503696140198356,1.9569315153549025,0.0,0.0,0.0
2133,15,-304.0313,439.97827,-0.011106415,-1.9942358,4.9050336,-1.6498566e-06,5.294934272766113,-5.326327894682224e-07,0.00011503696140198356,1.9569233927135776,0.0,0.0,0.0
2134,15,-304.1312,440.224,-0.011106529,-1.9868941,4.8870826,1.0967254e-07,5.275540351867676,-5.326291702698492e-07,0.00011456012325404644,1.9569148705980894,0.0,0.0,0.0
2135,15,-304.23077,440.4689,-0.011106606,-1.9795729,4.8691893,1.7642975e-07,5.25620698928833,-5.326291702698492e-07,0.00011396407353729436,1.956906082166492,0.0,0.0,0.0
2136,15,-304.32996,440.71283,-0.011106719,-1.9722722,4.8513527,-4.2915342e-08,5.236934185028076,-5.326364721613038e-07,0.00011396407353729436,1.9568963616285133,0.0,0.0,0.0
2137,15,-304.42877,440.95596,-0.011106872,-1.9649917,4.833573,-5.149841e-07,5.217721462249756,-5.326327894682224e-07,0.00011348723538935722,1.956886241616371,0.0,0.0,0.0
2138,15,-304.52725,441.19815,-0.011107025,-1.9577312,4.8158503,-7.009506e-07,5.1985697746276855,-5.326255193241218e-07,0.00011348723538935722,1.9568754558139563,0.0,0.0,0.0
2139,15,-304.62537,441.4395,-0.011107254,-1.9504908,4.798184,-2.3031234e-06,5.179477214813232,-5.326327894682224e-07,0.00011289119379992781,1.9568646700115415,0.0,0.0,0.0
2140,15,-304.7231,441.67996,-0.011107216,-1.9432706,4.7805734,-5.531311e-07,5.1604437828063965,-5.326291702698492e-07,0.00011241435565199068,1.9568525526285816,0.0,0.0,0.0
2141,15,-304.82053,441.91956,-0.011107483,-1.9360703,4.7630186,-1.9979477e-06,5.141469955444336,-1.0652655789364447e-06,0.00011241435565199068,1.9568401689295127,0.0,0.0,0.0
2142,15,-304.91754,442.15823,-0.011107521,-1.9288903,4.7455196,-1.0919571e-06,5.122555255889893,-1.0652655789364447e-06,0.0001118183059352386,1.956827518914335,0.0,0.0,0.0
2143,15,-305.01422,442.39612,-0.011107711,-1.9217294,4.7280755,-2.28405e-06,5.10369873046875,-1.0652692616295263e-06,0.00011134146778730147,1.9568136704766665,0.0,0.0,0.0
2144,15,-305.11057,442.63312,-0.0111077875,-1.9145881,4.710686,-7.724762e-07,5.084900379180908,-1.0652619597380714e-06,0.00011134146778730147,1.9567996888809436,0.0,0.0,0.0
2145,15,-305.2065,442.86926,-0.011107978,-1.9074671,4.693352,-2.207756e-06,5.066161155700684,-1.0652655789364447e-06,0.00011074542619787205,1.9567850414949481,0.0,0.0,0.0
2146,15,-305.30215,443.10452,-0.011108093,-1.9003657,4.676072,-2.002716e-06,5.047478675842285,-1.0652692616295263e-06,0.00011074542619787205,1.9567697283186802,0.0,0.0,0.0
2147,15,-305.3974,443.33893,-0.011108284,-1.8932835,4.6588464,-2.4223327e-06,5.028853893280029,-1.0652583405396983e-06,0.00011014937648111998,1.9567541488263032,0.0,0.0,0.0
2148,15,-305.49234,443.57245,-0.011108398,-1.8862205,4.641674,-7.534027e-07,5.0102858543396,-1.0652655789364447e-06,0.00011014937648111998,1.9567376372275447,0.0,0.0,0.0
2149,15,-305.5869,443.80518,-0.011108551,-1.8791773,4.624556,-1.0585785e-06,4.991775989532471,-1.0652655789364447e-06,0.00010979174990199779,1.956720592996568,0.0,0.0,0.0
2150,15,-305.68115,444.0371,-0.011108551,-1.8721532,4.6074915,-2.7656554e-07,4.97332239151001,-1.0652655789364447e-06,0.00010919570018524571,1.9567030161333736,0.0,0.0,0.0
2151,15,-305.77502,444.26813,-0.011108856,-1.8651484,4.59048,-3.0994414e-07,4.954925537109375,-1.0652655789364447e-06,0.00010919570018524571,1.9566847734799067,0.0,0.0,0.0
2152,15,-305.86856,444.49826,-0.011108932,-1.8581622,4.573521,-9.536743e-09,4.936583995819092,-1.0652655789364447e-06,0.00010871887016463124,1.956666131352276,0.0,0.0,0.0
2153,15,-305.96176,444.72766,-0.011109123,-1.8511955,4.556615,7.5817104e-07,4.918299198150635,-1.0652655789364447e-06,0.00010871887016463124,1.9566474892246455,0.0,0.0,0.0
2154,15,-306.05457,444.95618,-0.011109276,-1.8442476,4.539761,-1.2922287e-06,4.900069236755371,-1.5978984318993755e-06,0.00010812282044787917,1.956627249200361,0.0,0.0,0.0
2155,15,-306.14706,445.1838,-0.011109238,-1.8373187,4.5229597,-1.5163421e-06,4.881895542144775,-1.5978984318993755e-06,0.00010812282044787917,1.9566064765438582,0.0,0.0,0.0
2156,15,-306.23923,445.4107,-0.01110939,-1.830408,4.5062094,-6.008148e-07,4.863776206970215,-1.597894749206294e-06,0.00010764598229994203,1.9565854375712466,0.0,0.0,0.0
2157,15,-306.33105,445.63675,-0.011109467,-1.8235162,4.4895115,-5.2928925e-07,4.845712184906006,-1.5979021145924568e-06,0.00010704993258318995,1.956563865966417,0.0,0.0,0.0
2158,15,-306.4225,445.86194,-0.011109695,-1.8166428,4.472865,-2.427101e-06,4.82770299911499,-1.5978984318993755e-06,0.00010704993258318995,1.9565418948874238,0.0,0.0,0.0
2159,15,-306.5136,446.08627,-0.011109809,-1.809788,4.4562697,-1.6164779e-06,4.809747695922852,-1.5978984318993755e-06,0.00010657310256257548,1.9565187253859402,0.0,0.0,0.0
2160,15,-306.60443,446.30984,-0.011109924,-1.8029519,4.4397254,2.0503997e-07,4.791847229003906,-1.5978984318993755e-06,0.00010657310256257548,1.956495422726402,0.0,0.0,0.0
2161,15,-306.6949,446.5325,-0.01111,-1.796135,4.4232326,-2.6893615e-06,4.774001121520996,-1.5978984318993755e-06,0.00010597705284582341,1.9564713211185367,0.0,0.0,0.0
2162,15,-306.785,446.75436,-0.011110191,-1.7893353,4.4067893,1.9979477e-06,4.7562079429626465,-1.5978984318993755e-06,0.00010597705284582341,1.9564469531945625,0.0,0.0,0.0
2163,15,-306.8748,446.97546,-0.011110153,-1.7825546,4.3903966,2.5129318e-06,4.738468647003174,-1.5978984318993755e-06,0.00010550021469788628,1.9564211205319888,0.0,0.0,0.0
2164,15,-306.96423,447.19577,-0.011110306,-1.775792,4.374055,-3.2901764e-07,4.720783233642578,-1.597894749206294e-06,0.00010490416498113419,1.956395554185524,0.0,0.0,0.0
2165,15,-307.0533,447.41522,-0.011110534,-1.7690476,4.357762,-1.0919571e-06,4.703149795532227,-1.597894749206294e-06,0.00010490416498113419,1.9563693220487868,0.0,0.0,0.0
2166,15,-307.1421,447.6339,-0.011110534,-1.7623215,4.341519,-2.2363663e-06,4.685569763183594,-1.5978984318993755e-06,0.00010490416498113419,1.9563416251734498,0.0,0.0,0.0
2167,15,-307.2305,447.85175,-0.011110687,-1.7556129,4.325325,-1.0108947e-06,4.668041706085205,-2.1305311578728895e-06,0.00010442733496051972,1.95631472724644,0.0,0.0,0.0
2168,15,-307.3186,448.06882,-0.011110763,-1.7489223,4.3091807,-2.7179717e-06,4.650566577911377,-2.1305276021692246e-06,0.0001039504968125826,1.9562860982647217,0.0,0.0,0.0
2169,15,-307.40637,448.28506,-0.011110992,-1.7422497,4.2930846,-1.7309188e-06,4.633142471313477,-2.130523919476143e-06,0.0001039504968125826,1.9562577355991124,0.0,0.0,0.0
2170,15,-307.49384,448.50046,-0.011111107,-1.7355943,4.277036,2.0837783e-06,4.615769386291504,-2.1305276021692246e-06,0.00010335444709583052,1.956228041352958,0.0,0.0,0.0
2171,15,-307.58096,448.71512,-0.011111221,-1.7289577,4.2610383,-9.2506406e-07,4.598450183868408,-2.1305311578728895e-06,0.00010335444709583052,1.9561980807906947,0.0,0.0,0.0
2172,15,-307.66772,448.929,-0.011111374,-1.7223381,4.2450867,-5.8174135e-07,4.581180095672607,-2.1305349675553873e-06,0.0001028776089478934,1.9561675875962132,0.0,0.0,0.0
2173,15,-307.7542,449.14206,-0.011111374,-1.7157366,4.2291856,-1.9550323e-06,4.563963413238525,-2.1305311578728895e-06,0.0001028776089478934,1.9561362954534047,0.0,0.0,0.0
2174,15,-307.84036,449.35437,-0.011111526,-1.7091522,4.2133303,-2.8610229e-08,4.546795845031738,-2.130523919476143e-06,0.00010228156735846398,1.9561044706783783,0.0,0.0,0.0
2175,15,-307.92618,449.56586,-0.011111602,-1.7025855,4.1975217,2.8562545e-06,4.5296783447265625,-2.130523919476143e-06,0.00010228156735846398,1.9560725127452974,0.0,0.0,0.0
2176,15,-308.01166,449.77655,-0.011111755,-1.6960368,4.1817627,-1.335144e-07,4.512613296508789,-2.1305311578728895e-06,0.00010180472921052684,1.9560393563897258,0.0,0.0,0.0
2177,15,-308.09686,449.98648,-0.011111946,-1.689505,4.166049,-1.2397766e-07,4.495596885681152,-2.1305276021692246e-06,0.00010180472921052684,1.9560056674019364,0.0,0.0,0.0
2178,15,-308.18167,450.19562,-0.011112099,-1.6829901,4.1503825,2.4986266e-06,4.478630542755127,-2.1305311578728895e-06,0.00010120867949377476,1.9559713126238745,0.0,0.0,0.0
2179,15,-308.2662,450.40402,-0.011112137,-1.6764926,4.1347632,-1.8596648e-07,4.461714267730713,-2.1305311578728895e-06,0.00010120867949377476,1.9559364252135942,0.0,0.0,0.0
2180,15,-308.3504,450.61163,-0.011112175,-1.670012,4.1191897,3.5572052e-06,4.444847106933594,-2.1305276021692246e-06,0.00010073184134583764,1.9559007388549872,0.0,0.0,0.0
2181,15,-308.43427,450.81848,-0.011112366,-1.6635482,4.1036625,-8.5830685e-08,4.428028583526611,-2.6631641378252367e-06,0.00010073184134583764,1.9558650524963803,0.0,0.0,0.0
2182,15,-308.51785,451.02454,-0.0111124795,-1.6571019,4.0881815,2.1934508e-07,4.41126012802124,-2.6631567724390736e-06,0.00010013579975640822,1.955828300873337,0.0,0.0,0.0
2183,15,-308.6011,451.2298,-0.011112632,-1.6506732,4.072746,5.197525e-07,4.394539833068848,-2.6631603281427384e-06,0.00010013579975640822,1.955791016618076,0.0,0.0,0.0
2184,15,-308.68402,451.43436,-0.011112747,-1.6442611,4.0573554,5.912781e-07,4.377867698669434,-2.6631676935289015e-06,9.965896160847109e-05,1.9557531997305968,0.0,0.0,0.0
2185,15,-308.7666,451.63812,-0.011112709,-1.6378661,4.0420094,2.8705597e-06,4.361243724822998,-2.6631603281427384e-06,9.965896160847109e-05,1.9557148502108996,0.0,0.0,0.0
2186,15,-308.8489,451.84116,-0.011112861,-1.6314882,4.0267115,-1.4305114e-07,4.344670295715332,-2.6631641378252367e-06,9.9062911891719e-05,1.9556759680589846,0.0,0.0,0.0
2187,15,-308.93085,452.04343,-0.011113129,-1.6251266,4.0114565,-1.0967254e-06,4.3281426429748535,-2.6631603281427384e-06,9.9062911891719e-05,1.955636686432906,0.0,0.0,0.0
2188,15,-309.0125,452.24496,-0.011113052,-1.6187822,3.996247,-8.4400176e-07,4.31166410446167,-2.6631567724390736e-06,9.858607374378188e-05,1.9555962063843366,0.0,0.0,0.0
2189,15,-309.09387,452.44574,-0.011113243,-1.6124542,3.9810817,-2.479553e-07,4.29523229598999,-2.6631603281427384e-06,9.858607374378188e-05,1.955555859493822,0.0,0.0,0.0
2190,15,-309.17484,452.64572,-0.011113358,-1.6061429,3.9659603,-9.059906e-07,4.278847694396973,-2.6631603281427384e-06,9.799003215435247e-05,1.9555140478647077,0.0,0.0,0.0
2191,15,-309.25555,452.8449,-0.011113358,-1.599848,3.9508827,-2.3126602e-06,4.262509346008301,-2.6631603281427384e-06,9.799003215435247e-05,1.955472369393648,0.0,0.0,0.0
2192,15,-309.33594,453.04343,-0.01111351,-1.5935698,3.93585,-1.8024444e-06,4.246219158172607,-2.6631603281427384e-06,9.739398243760038e-05,1.9554300251323158,0.0,0.0,0.0
2193,15,-309.41605,453.2412,-0.011113586,-1.5873072,3.9208586,2.2745132e-06,4.229973793029785,-2.6631603281427384e-06,9.739398243760038e-05,1.955386748764602,0.0,0.0,0.0
2194,15,-309.49582,453.4382,-0.011113891,-1.5810621,3.9059138,-1.077652e-06,4.213777542114258,-2.6631641378252367e-06,9.70363558584782e-05,1.9553430729227246,0.0,0.0,0.0
2195,15,-309.57526,453.6345,-0.011113968,-1.5748332,3.8910103,-9.441375e-07,4.197625637054443,-2.6631603281427384e-06,9.70363558584782e-05,1.9552988644486293,0.0,0.0,0.0
2196,15,-309.65448,453.83008,-0.011114006,-1.5686207,3.8761508,-1.926422e-06,4.181520938873291,-2.6631641378252367e-06,9.70363558584782e-05,1.9552543896584251,0.0,0.0,0.0
2197,15,-309.7333,454.02484,-0.011113968,-1.562424,3.8613317,2.2315978e-06,4.165459156036377,-2.6631641378252367e-06,9.644030614172612e-05,1.9552084501296212,0.0,0.0,0.0
2198,15,-309.81183,454.2189,-0.011114235,-1.5562439,3.8465593,-1.835823e-06,4.149447441101074,-3.195793308095086e-06,9.584426455229671e-05,1.9551633095491443,0.0,0.0,0.0
2199,15,-309.89008,454.41223,-0.011114235,-1.5500795,3.8318267,-1.6212464e-07,4.133478164672852,-3.195796863798751e-06,9.584426455229671e-05,1.9551163047559044,0.0,0.0,0.0
2200,15,-309.96802,454.60483,-0.011114349,-1.5439312,3.8171365,-1.0490418e-06,4.117554187774658,-3.195796863798751e-06,9.536742640435957e-05,1.9550689004885011,0.0,0.0,0.0
2201,15,-310.04565,454.79672,-0.011114463,-1.5377996,3.8024883,-2.5081633e-06,4.101675987243652,-3.195789498412588e-06,9.536742640435957e-05,1.9550212299049885,0.0,0.0,0.0
2202,15,-310.12296,454.98785,-0.011114654,-1.5316838,3.7878828,-1.6403197e-06,4.085842609405518,-3.195789498412588e-06,9.536742640435957e-05,1.9549728935312036,0.0,0.0,0.0
2203,15,-310.19998,455.17828,-0.011114616,-1.5255836,3.7733188,-8.916855e-07,4.070054054260254,-3.195793308095086e-06,9.489058825642244e-05,1.9549244239993642,0.0,0.0,0.0
2204,15,-310.2767,455.36795,-0.011114692,-1.5194994,3.7587957,-5.7220456e-07,4.054309368133545,-3.195796863798751e-06,9.489058825642244e-05,1.9548748892030887,0.0,0.0,0.0
2205,15,-310.35312,455.55695,-0.011114883,-1.5134317,3.7443135,-1.4543533e-06,4.038608551025391,-3.195793308095086e-06,9.429454666699302e-05,1.9548253544068133,0.0,0.0,0.0
2206,15,-310.42923,455.74524,-0.011114998,-1.5073785,3.729871,2.1839141e-06,4.022950172424316,-3.195793308095086e-06,9.429454666699302e-05,1.9547743548719383,0.0,0.0,0.0
2207,15,-310.50507,455.93277,-0.011115074,-1.5013422,3.715473,-1.1634827e-06,4.007339000701904,-3.195793308095086e-06,9.38177085190559e-05,1.9547232221790087,0.0,0.0,0.0
2208,15,-310.58057,456.1196,-0.011115112,-1.4953215,3.7011137,-2.3841856e-08,3.991770029067993,-3.195793308095086e-06,9.38177085190559e-05,1.9546715568538613,0.0,0.0,0.0
2209,15,-310.65576,456.30573,-0.0111153405,-1.4893216,3.68681,-1.0251998e-06,3.9762604236602783,-3.195793308095086e-06,9.322165880230381e-05,1.9546193588964957,0.0,0.0,0.0
2210,15,-310.73068,456.49115,-0.01111557,-1.4833404,3.6725557,-2.1505355e-06,3.960803508758545,-3.195793308095086e-06,9.322165880230381e-05,1.954566095674694,0.0,0.0,0.0
2211,15,-310.80533,456.67584,-0.011115608,-1.4773772,3.6583493,-1.8024444e-06,3.9453976154327393,-3.195793308095086e-06,9.274482065436669e-05,1.954512432978729,0.0,0.0,0.0
2212,15,-310.87967,456.85983,-0.011115684,-1.4714504,3.644234,-2.4175642e-06,3.9300901889801025,-3.195793308095086e-06,9.274482065436669e-05,1.9544578381763824,0.0,0.0,0.0
2213,15,-310.9537,457.04318,-0.011115761,-1.4655855,3.6302774,1.7404556e-06,3.9149527549743652,-3.195793308095086e-06,9.214877906493726e-05,1.9544031102159811,0.0,0.0,0.0
2214,15,-311.02747,457.2258,-0.011115913,-1.4597598,3.6164165,-7.05719e-07,3.899918794631958,-3.195793308095086e-06,9.167194091700014e-05,1.9543482490975257,0.0,0.0,0.0
2215,15,-311.10092,457.4077,-0.011116294,-1.4539621,3.602623,-1.3542175e-06,3.884958028793335,-3.195796863798751e-06,9.107589120024806e-05,1.9542932548210155,0.0,0.0,0.0
2216,15,-311.17407,457.589,-0.011116371,-1.4481906,3.5888927,2.0742416e-06,3.870065450668335,-3.195793308095086e-06,9.107589120024806e-05,1.9542374615961784,0.0,0.0,0.0
2217,15,-311.24698,457.76956,-0.011116676,-1.4424423,3.5752172,-1.0728836e-06,3.8552324771881104,-3.195793308095086e-06,9.059905305231093e-05,1.9541818015293957,0.0,0.0,0.0
2218,15,-311.31955,457.94943,-0.011116905,-1.4367167,3.5615969,-5.2928925e-07,3.840459108352661,-3.195793308095086e-06,9.000301146288152e-05,1.9541262746206676,0.0,0.0,0.0
2219,15,-311.39188,458.12863,-0.011116943,-1.4310136,3.5480316,-9.059906e-07,3.8257453441619873,-3.195793308095086e-06,8.952617331494438e-05,1.9540696824475032,0.0,0.0,0.0
2220,15,-311.46387,458.30713,-0.011117058,-1.4253327,3.5345182,-1.373291e-06,3.8110880851745605,-3.195793308095086e-06,8.952617331494438e-05,1.9540128239582302,0.0,0.0,0.0
2221,15,-311.53564,458.485,-0.011117401,-1.4196726,3.5210593,-7.009506e-07,3.7964890003204346,-3.195793308095086e-06,8.89301235981923e-05,1.9539558323109023,0.0,0.0,0.0
2222,15,-311.60712,458.66217,-0.011117439,-1.4140345,3.5076506,-5.769729e-07,3.781944751739502,-3.7284260340686e-06,8.845328545025518e-05,1.9538988406635747,0.0,0.0,0.0
2223,15,-311.67828,458.83875,-0.011117553,-1.4084178,3.4942937,-1.46389e-06,3.767456531524658,-3.7284295897722647e-06,8.845328545025518e-05,1.9538409169098654,0.0,0.0,0.0
2224,15,-311.7492,459.01468,-0.011117744,-1.4028225,3.4809892,-3.480911e-07,3.7530250549316406,-3.728422478364935e-06,8.785724386082576e-05,1.9537829931561563,0.0,0.0,0.0
2225,15,-311.81982,459.1899,-0.011117821,-1.3972471,3.4677336,2.9087066e-06,3.7386462688446045,-3.7284260340686e-06,8.738040571288863e-05,1.953724536770229,0.0,0.0,0.0
2226,15,-311.89017,459.36447,-0.01111805,-1.3916934,3.4545302,9.5367426e-08,3.7243239879608154,-3.7284260340686e-06,8.738040571288863e-05,1.9536664798584653,0.0,0.0,0.0
2227,15,-311.96024,459.53842,-0.011118088,-1.3861619,3.4413784,-9.775162e-07,3.7100579738616943,-3.728422478364935e-06,8.690356756495149e-05,1.953607224524211,0.0,0.0,0.0
2228,15,-312.03006,459.71167,-0.011118163,-1.3806509,3.4282775,-5.7220456e-07,3.6958467960357666,-3.7284260340686e-06,8.630751784819942e-05,1.9535478360319023,0.0,0.0,0.0
2229,15,-312.09958,459.88425,-0.011118278,-1.37516,3.4152246,1.7976761e-06,3.681687593460083,-3.728422478364935e-06,8.630751784819942e-05,1.953488847013757,0.0,0.0,0.0
2230,15,-312.16882,460.05615,-0.011118507,-1.3696905,3.402224,1.2397766e-07,3.6675851345062256,-3.7284260340686e-06,8.571147625877e-05,1.9534289258892303,0.0,0.0,0.0
2231,15,-312.22293,460.21344,-0.011442032,-0.97493917,2.947604,-0.017720481,3.1047043800354004,0.001511191124953911,0.0010221004204263955,1.9547747543461018,0.0,0.0,0.0
2232,15,-312.26797,460.35275,-0.011948509,-0.8563288,2.6179974,-0.016418274,2.75453782081604,0.003033361807694919,0.0020091532247884275,1.9567132693035705,0.0,0.0,0.0
2233,15,-312.30692,460.4756,-0.012426185,-0.7310573,2.2798233,-0.013903239,2.3942079544067383,0.00429399927830565,0.002794146483670454,1.9587657675556944,0.0,0.0,0.0
2234,15,-312.3408,460.58273,-0.012801513,-0.6297587,1.9678928,-0.010276349,2.0662293434143066,0.005195289453040074,0.003343224241566191,1.9606752540572814,0.0,0.0,0.0
2235,15,-312.36966,460.6746,-0.013069572,-0.5359528,1.669378,-0.0063579744,1.753313660621643,0.005846459387294269,0.0037220713901975726,1.9623292102522751,0.0,0.0,0.0
2236,15,-312.39413,460.75223,-0.013224334,-0.45426267,1.3969139,-0.0025172627,1.468921184539795,0.006248590470112429,0.003930806783531216,1.9636324281317052,0.0,0.0,0.0
2237,15,-312.41476,460.8171,-0.013270568,-0.38563514,1.157676,0.0011075007,1.220216989517212,0.006415445314635649,0.003982901231315338,1.9645865055922263,0.0,0.0,0.0
2238,15,-312.43176,460.8704,-0.013235664,-0.30089065,0.9245143,0.002224021,0.9722483158111572,0.00640534038680421,0.003930330067293118,1.9652851859042084,0.0,0.0,0.0
2239,15,-312.4444,460.91006,-0.013276405,-0.21861778,0.66147697,-0.0013137773,0.6966686844825745,0.006593080239938536,0.0039856431949259535,1.9658901229458199,0.0,0.0,0.0
2240,15,-312.45264,460.9361,-0.01312706,-0.14199938,0.41332972,0.0056842524,0.43707847595214844,0.006304771205694141,0.0037683245686376344,1.9662144959665917,0.0,0.0,0.0
2241,15,-312.4571,460.9513,-0.012953338,-0.061557505,0.21287666,0.004854216,0.22165144979953766,0.006037842361576039,0.0035520790090151026,1.9664853394494528,0.0,0.0,0.0
2242,15,-312.4582,460.95667,-0.012823219,0.0030206293,0.0054372167,0.0019512394,0.00651880819350481,0.0058832344170266304,0.003448247715644012,1.966933549460913,0.0,0.0,0.0
2243,15,-312.45804,460.95682,-0.012659492,-0.0015505212,-0.0015136194,0.007826724,0.008121130988001823,0.005301241652533195,0.0032172200515255896,1.9668520567315566,0.0,0.0,0.0
2244,15,-312.45786,460.95715,-0.012417259,-0.0020970665,-0.0016208004,0.009649754,0.010007118806242943,0.00426396979634608,0.0027376411753308877,1.9667030528685667,0.0,0.0,0.0
2245,15,-312.45764,460.9574,-0.012170677,-0.0016324352,-0.0018574453,0.00933887,0.00966071616858244,0.003264791026571455,0.0022487638617872015,1.9665524511089227,0.0,0.0,0.0
2246,15,-312.45746,460.95773,-0.011936798,-0.0015376764,-0.00084924727,0.008494587,0.008674310520291328,0.0024666054975435044,0.001741170819578928,1.9664343399145776,0.0,0.0,0.0
2247,15,-312.45737,460.95795,-0.01173584,-0.0013495769,-0.0002234624,0.0069642733,0.007097351364791393,0.0018528612989833291,0.001308202724021442,1.966343526121406,0.0,0.0,0.0
2248,15,-312.45724,460.95813,-0.01157589,-0.0011584439,0.00016989009,0.005379777,0.005505711305886507,0.001388569201512575,0.0009667872927935602,1.966274816565282,0.0,0.0,0.0
2249,15,-312.4572,460.95828,-0.01145462,-0.0009919981,0.0004215858,0.0040022563,0.004144858103245497,0.0010396110947051543,0.0007078647067396712,1.9662223522918074,0.0,0.0,0.0
2250,15,-312.45715,460.95834,-0.011366806,-0.0008556175,0.000585773,0.0029010582,0.0030808034352958202,0.0007780243722824666,0.0005161762101443685,1.9661837364560013,0.0,0.0,0.0
2251,15,-312.4571,460.95844,-0.011305313,-0.0007473891,0.000694746,0.002061262,0.0023000137880444527,0.0005821657139196954,0.00037503241093859367,1.9661543085259559,0.0,0.0,0.0
2252,15,-312.4571,460.9585,-0.0112634655,-0.0006628503,0.0007682632,0.0014417076,0.0017629859503358603,0.0004355669532706586,0.00027215479386337763,1.9661332695533442,0.0,0.0,0.0
2253,15,-312.4571,460.9585,-0.0112634655,0.0,-0.0,0.0,0.0,0.0004355669532706586,0.00027215479386337763,1.9661332695533442,0.0,0.0,0.0
2254,15,-312.4571,460.9585,-0.0112634655,0.0,-0.0,0.0,0.0,0.0004355669532706586,0.00027215479386337763,1.9661332695533442,0.0,0.0,0.0
2255,15,-312.4571,460.9585,-0.0112634655,0.0,-0.0,0.0,0.0,0.0004355669532706586,0.00027215479386337763,1.9661332695533442,0.0,0.0,0.0
2256,15,-312.4571,460.9585,-0.0112634655,0.0,-0.0,0.0,0.0,0.0004355669532706586,0.00027215479386337763,1.9661332695533442,0.0,0.0,0.0
2257,15,-312.4571,460.9585,-0.0112634655,0.0,-0.0,0.0,0.0,0.0004355669532706586,0.00027215479386337763,1.9661332695533442,0.0,0.0,0.0
2258,15,-312.4571,460.9585,-0.0112634655,0.0,-0.0,0.0,0.0,0.0004355669532706586,0.00027215479386337763,1.9661332695533442,0.0,0.0,0.0
2259,15,-312.4571,460.9585,-0.0112634655,0.0,-0.0,0.0,0.0,0.0004355669532706586,0.00027215479386337763,1.9661332695533442,0.0,0.0,0.0
2260,15,-312.4571,460.9585,-0.0112634655,0.0,-0.0,0.0,0.0,0.0004355669532706586,0.00027215479386337763,1.9661332695533442,0.0,0.0,0.0
2261,15,-312.4571,460.9585,-0.0112634655,0.0,-0.0,0.0,0.0,0.0004355669532706586,0.00027215479386337763,1.9661332695533442,0.0,0.0,0.0
2262,15,-312.4571,460.9585,-0.0112634655,0.0,-0.0,0.0,0.0,0.0004355669532706586,0.00027215479386337763,1.9661332695533442,0.0,0.0,0.0
2263,15,-312.4571,460.9585,-0.0112634655,0.0,-0.0,0.0,0.0,0.0004355669532706586,0.00027215479386337763,1.9661332695533442,0.0,0.0,0.0
2264,15,-312.4571,460.9585,-0.0112634655,0.0,-0.0,0.0,0.0,0.0004355669532706586,0.00027215479386337763,1.9661332695533442,0.0,0.0,0.0
2265,15,-312.4571,460.9585,-0.0112634655,0.0,-0.0,0.0,0.0,0.0004355669532706586,0.00027215479386337763,1.9661332695533442,0.0,0.0,0.0
2266,15,-312.4571,460.9585,-0.0112634655,0.0,-0.0,0.0,0.0,0.0004355669532706586,0.00027215479386337763,1.9661332695533442,0.0,0.0,0.0
2267,15,-312.4571,460.9585,-0.0112634655,0.0,-0.0,0.0,0.0,0.0004355669532706586,0.00027215479386337763,1.9661332695533442,0.0,0.0,0.0
2268,15,-312.4571,460.9585,-0.0112634655,0.0,-0.0,0.0,0.0,0.0004355669532706586,0.00027215479386337763,1.9661332695533442,0.0,0.0,0.0
2269,15,-312.4571,460.9585,-0.0112634655,0.0,-0.0,0.0,0.0,0.0004355669532706586,0.00027215479386337763,1.9661332695533442,0.0,0.0,0.0
2270,15,-312.4571,460.9585,-0.0112634655,0.0,-0.0,0.0,0.0,0.0004355669532706586,0.00027215479386337763,1.9661332695533442,0.0,0.0,0.0
2271,15,-312.4571,460.9585,-0.0112634655,0.0,-0.0,0.0,0.0,0.0004355669532706586,0.00027215479386337763,1.9661332695533442,0.0,0.0,0.0
2272,15,-312.4571,460.9585,-0.0112634655,0.0,-0.0,0.0,0.0,0.0004355669532706586,0.00027215479386337763,1.9661332695533442,0.0,0.0,0.0
2273,15,-312.4571,460.9585,-0.0112634655,0.0,-0.0,0.0,0.0,0.0004355669532706586,0.00027215479386337763,1.9661332695533442,0.0,0.0,0.0
2274,15,-312.4571,460.9585,-0.0112634655,0.0,-0.0,0.0,0.0,0.0004355669532706586,0.00027215479386337763,1.9661332695533442,0.0,0.0,0.0
2275,15,-312.4571,460.9585,-0.0112634655,0.0,-0.0,0.0,0.0,0.0004355669532706586,0.00027215479386337763,1.9661332695533442,0.0,0.0,0.0
2276,15,-312.4571,460.9585,-0.0112634655,0.0,-0.0,0.0,0.0,0.0004355669532706586,0.00027215479386337763,1.9661332695533442,0.0,0.0,0.0
2277,15,-312.4571,460.9585,-0.0112634655,0.0,-0.0,0.0,0.0,0.0004355669532706586,0.00027215479386337763,1.9661332695533442,0.0,0.0,0.0
2278,15,-312.4571,460.9585,-0.0112634655,0.0,-0.0,0.0,0.0,0.0004355669532706586,0.00027215479386337763,1.9661332695533442,0.0,0.0,0.0
2279,15,-312.4571,460.9585,-0.0112634655,0.0,-0.0,0.0,0.0,0.0004355669532706586,0.00027215479386337763,1.9661332695533442,0.0,0.0,0.0
2280,15,-312.4571,460.9585,-0.0112634655,0.0,-0.0,0.0,0.0,0.0004355669532706586,0.00027215479386337763,1.9661332695533442,0.0,0.0,0.0
2281,15,-312.4571,460.9585,-0.0112634655,0.0,-0.0,0.0,0.0,0.0004355669532706586,0.00027215479386337763,1.9661332695533442,0.0,0.0,0.0
2282,15,-312.4571,460.9585,-0.0112634655,0.0,-0.0,0.0,0.0,0.0004355669532706586,0.00027215479386337763,1.9661332695533442,0.0,0.0,0.0
2283,15,-312.4571,460.9585,-0.0112634655,0.0,-0.0,0.0,0.0,0.0004355669532706586,0.00027215479386337763,1.9661332695533442,0.0,0.0,0.0
2284,15,-312.4571,460.9585,-0.0112634655,0.0,-0.0,0.0,0.0,0.0004355669532706586,0.00027215479386337763,1.9661332695533442,0.0,0.0,0.0
2285,15,-312.4571,460.9585,-0.0112634655,0.0,-0.0,0.0,0.0,0.0004355669532706586,0.00027215479386337763,1.9661332695533442,0.0,0.0,0.0
2286,15,-312.4571,460.9585,-0.0112634655,0.0,-0.0,0.0,0.0,0.0004355669532706586,0.00027215479386337763,1.9661332695533442,0.0,0.0,0.0
2287,15,-312.4571,460.9585,-0.0112634655,0.0,-0.0,0.0,0.0,0.0004355669532706586,0.00027215479386337763,1.9661332695533442,0.0,0.0,0.0
2288,15,-312.4571,460.9585,-0.0112634655,0.0,-0.0,0.0,0.0,0.0004355669532706586,0.00027215479386337763,1.9661332695533442,0.0,0.0,0.0
2289,15,-312.4571,460.9585,-0.0112634655,0.0,-0.0,0.0,0.0,0.0004355669532706586,0.00027215479386337763,1.9661332695533442,0.0,0.0,0.0
2290,15,-312.4571,460.9585,-0.0112634655,0.0,-0.0,0.0,0.0,0.0004355669532706586,0.00027215479386337763,1.9661332695533442,0.0,0.0,0.0
2291,15,-312.4571,460.9585,-0.0112634655,0.0,-0.0,0.0,0.0,0.0004355669532706586,0.00027215479386337763,1.9661332695533442,0.0,0.0,0.0
2292,15,-312.4571,460.9585,-0.0112634655,0.0,-0.0,0.0,0.0,0.0004355669532706586,0.00027215479386337763,1.9661332695533442,0.0,0.0,0.0
2293,15,-312.4571,460.9585,-0.0112634655,0.0,-0.0,0.0,0.0,0.0004355669532706586,0.00027215479386337763,1.9661332695533442,0.0,0.0,0.0
2294,15,-312.4571,460.9585,-0.0112634655,0.0,-0.0,0.0,0.0,0.0004355669532706586,0.00027215479386337763,1.9661332695533442,0.0,0.0,0.0
2295,15,-312.4571,460.9585,-0.0112634655,0.0,-0.0,0.0,0.0,0.0004355669532706586,0.00027215479386337763,1.9661332695533442,0.0,0.0,0.0
2296,15,-312.4571,460.9585,-0.0112634655,0.0,-0.0,0.0,0.0,0.0004355669532706586,0.00027215479386337763,1.9661332695533442,0.0,0.0,0.0
2297,15,-312.4571,460.9585,-0.0112634655,0.0,-0.0,0.0,0.0,0.0004355669532706586,0.00027215479386337763,1.9661332695533442,0.0,0.0,0.0
2298,15,-312.4571,460.9585,-0.0112634655,0.0,-0.0,0.0,0.0,0.0004355669532706586,0.00027215479386337763,1.9661332695533442,0.0,0.0,0.0
2299,15,-312.4571,460.9585,-0.0112634655,0.0,-0.0,0.0,0.0,0.0004355669532706586,0.00027215479386337763,1.9661332695533442,0.0,0.0,0.0
2300,15,-312.4571,460.9585,-0.0112634655,0.0,-0.0,0.0,0.0,0.0004355669532706586,0.00027215479386337763,1.9661332695533442,0.0,0.0,0.0
2301,15,-312.4571,460.9585,-0.0112634655,0.0,-0.0,0.0,0.0,0.0004355669532706586,0.00027215479386337763,1.9661332695533442,0.0,0.0,0.0
2302,15,-312.4571,460.9585,-0.0112634655,0.0,-0.0,0.0,0.0,0.0004355669532706586,0.00027215479386337763,1.9661332695533442,0.0,0.0,0.0
2303,15,-312.4571,460.9585,-0.0112634655,0.0,-0.0,0.0,0.0,0.0004355669532706586,0.00027215479386337763,1.9661332695533442,0.0,0.0,0.0
2304,15,-312.4571,460.9585,-0.0112634655,0.0,-0.0,0.0,0.0,0.0004355669532706586,0.00027215479386337763,1.9661332695533442,0.0,0.0,0.0
2305,15,-312.4571,460.9585,-0.0112634655,0.0,-0.0,0.0,0.0,0.0004355669532706586,0.00027215479386337763,1.9661332695533442,0.0,0.0,0.0
2306,15,-312.4571,460.9585,-0.0112634655,0.0,-0.0,0.0,0.0,0.0004355669532706586,0.00027215479386337763,1.9661332695533442,0.0,0.0,0.0
2307,15,-312.4571,460.9585,-0.0112634655,0.0,-0.0,0.0,0.0,0.0004355669532706586,0.00027215479386337763,1.9661332695533442,0.0,0.0,0.0
2308,15,-312.4571,460.9585,-0.0112634655,0.0,-0.0,0.0,0.0,0.0004355669532706586,0.00027215479386337763,1.9661332695533442,0.0,0.0,0.0
2309,15,-312.4571,460.9585,-0.0112634655,0.0,-0.0,0.0,0.0,0.0004355669532706586,0.00027215479386337763,1.9661332695533442,0.0,0.0,0.0
2310,15,-312.4571,460.9585,-0.0112634655,0.0,-0.0,0.0,0.0,0.0004355669532706586,0.00027215479386337763,1.9661332695533442,0.0,0.0,0.0
2311,15,-312.4571,460.9585,-0.0112634655,0.0,-0.0,0.0,0.0,0.0004355669532706586,0.00027215479386337763,1.9661332695533442,0.0,0.0,0.0
2312,15,-312.4571,460.9585,-0.0112634655,0.0,-0.0,0.0,0.0,0.0004355669532706586,0.00027215479386337763,1.9661332695533442,0.0,0.0,0.0
2313,15,-312.4571,460.9585,-0.0112634655,0.0,-0.0,0.0,0.0,0.0004355669532706586,0.00027215479386337763,1.9661332695533442,0.0,0.0,0.0
2314,15,-312.4571,460.9585,-0.0112634655,0.0,-0.0,0.0,0.0,0.0004355669532706586,0.00027215479386337763,1.9661332695533442,0.0,0.0,0.0
2315,15,-312.4571,460.9585,-0.0112634655,0.0,-0.0,0.0,0.0,0.0004355669532706586,0.00027215479386337763,1.9661332695533442,0.0,0.0,0.0
2316,15,-312.4571,460.9585,-0.0112634655,0.0,-0.0,0.0,0.0,0.0004355669532706586,0.00027215479386337763,1.9661332695533442,0.0,0.0,0.0
2317,15,-312.4571,460.9585,-0.0112634655,0.0,-0.0,0.0,0.0,0.0004355669532706586,0.00027215479386337763,1.9661332695533442,0.0,0.0,0.0
2318,15,-312.4571,460.9585,-0.0112634655,0.0,-0.0,0.0,0.0,0.0004355669532706586,0.00027215479386337763,1.9661332695533442,0.0,0.0,0.0
2319,15,-312.4571,460.9585,-0.0112634655,0.0,-0.0,0.0,0.0,0.0004355669532706586,0.00027215479386337763,1.9661332695533442,0.0,0.0,0.0
2320,15,-312.4571,460.9585,-0.0112634655,0.0,-0.0,0.0,0.0,0.0004355669532706586,0.00027215479386337763,1.9661332695533442,0.0,0.0,0.0
2321,15,-312.4571,460.9585,-0.0112634655,0.0,-0.0,0.0,0.0,0.0004355669532706586,0.00027215479386337763,1.9661332695533442,0.0,0.0,0.0
2322,15,-312.4571,460.9585,-0.0112634655,0.0,-0.0,0.0,0.0,0.0004355669532706586,0.00027215479386337763,1.9661332695533442,0.0,0.0,0.0
2323,15,-312.4571,460.9585,-0.0112634655,0.0,-0.0,0.0,0.0,0.0004355669532706586,0.00027215479386337763,1.9661332695533442,0.0,0.0,0.0
2324,15,-312.4571,460.9585,-0.0112634655,0.0,-0.0,0.0,0.0,0.0004355669532706586,0.00027215479386337763,1.9661332695533442,0.0,0.0,0.0
2325,15,-312.4571,460.9585,-0.0112634655,0.0,-0.0,0.0,0.0,0.0004355669532706586,0.00027215479386337763,1.9661332695533442,0.0,0.0,0.0
2326,15,-312.4571,460.9585,-0.0112634655,0.0,-0.0,0.0,0.0,0.0004355669532706586,0.00027215479386337763,1.9661332695533442,0.0,0.0,0.0
2327,15,-312.4571,460.9585,-0.0112634655,0.0,-0.0,0.0,0.0,0.0004355669532706586,0.00027215479386337763,1.9661332695533442,0.0,0.0,0.0
2328,15,-312.4571,460.9585,-0.0112634655,0.0,-0.0,0.0,0.0,0.0004355669532706586,0.00027215479386337763,1.9661332695533442,0.0,0.0,0.0
2329,15,-312.4571,460.9585,-0.0112634655,0.0,-0.0,0.0,0.0,0.0004355669532706586,0.00027215479386337763,1.9661332695533442,0.0,0.0,0.0
2330,15,-312.4571,460.9585,-0.0112634655,0.0,-0.0,0.0,0.0,0.0004355669532706586,0.00027215479386337763,1.9661332695533442,0.0,0.0,0.0
2331,15,-312.4571,460.9585,-0.0112634655,0.0,-0.0,0.0,0.0,0.0004355669532706586,0.00027215479386337763,1.9661332695533442,0.0,0.0,0.0
2332,15,-312.4571,460.9585,-0.0112634655,0.0,-0.0,0.0,0.0,0.0004355669532706586,0.00027215479386337763,1.9661332695533442,0.0,0.0,0.0
2333,15,-312.4571,460.9585,-0.0112634655,0.0,-0.0,0.0,0.0,0.0004355669532706586,0.00027215479386337763,1.9661332695533442,0.0,0.0,0.0
2334,15,-312.4571,460.9585,-0.0112634655,0.0,-0.0,0.0,0.0,0.0004355669532706586,0.00027215479386337763,1.9661332695533442,0.0,0.0,0.0
2335,15,-312.4571,460.9585,-0.0112634655,0.0,-0.0,0.0,0.0,0.0004355669532706586,0.00027215479386337763,1.9661332695533442,0.0,0.0,0.0
2336,15,-312.4571,460.9585,-0.0112634655,0.0,-0.0,0.0,0.0,0.0004355669532706586,0.00027215479386337763,1.9661332695533442,0.0,0.0,0.0
2337,15,-312.4571,460.9585,-0.0112634655,0.0,-0.0,0.0,0.0,0.0004355669532706586,0.00027215479386337763,1.9661332695533442,0.0,0.0,0.0
2338,15,-312.4571,460.9585,-0.0112634655,0.0,-0.0,0.0,0.0,0.0004355669532706586,0.00027215479386337763,1.9661332695533442,0.0,0.0,0.0
2339,15,-312.4571,460.9585,-0.0112634655,0.0,-0.0,0.0,0.0,0.0004355669532706586,0.00027215479386337763,1.9661332695533442,0.0,0.0,0.0
2340,15,-312.4571,460.9585,-0.0112634655,0.0,-0.0,0.0,0.0,0.0004355669532706586,0.00027215479386337763,1.9661332695533442,0.0,0.0,0.0
2341,15,-312.4571,460.9585,-0.0112634655,0.0,-0.0,0.0,0.0,0.0004355669532706586,0.00027215479386337763,1.9661332695533442,0.0,0.0,0.0
2342,15,-312.4571,460.9585,-0.0112634655,0.0,-0.0,0.0,0.0,0.0004355669532706586,0.00027215479386337763,1.9661332695533442,0.0,0.0,0.0
2343,15,-312.4571,460.9585,-0.0112634655,0.0,-0.0,0.0,0.0,0.0004355669532706586,0.00027215479386337763,1.9661332695533442,0.0,0.0,0.0
2344,15,-312.4571,460.9585,-0.0112634655,0.0,-0.0,0.0,0.0,0.0004355669532706586,0.00027215479386337763,1.9661332695533442,0.0,0.0,0.0
2345,15,-312.4571,460.9585,-0.0112634655,0.0,-0.0,0.0,0.0,0.0004355669532706586,0.00027215479386337763,1.9661332695533442,0.0,0.0,0.0
2346,15,-312.4571,460.9585,-0.0112634655,0.0,-0.0,0.0,0.0,0.0004355669532706586,0.00027215479386337763,1.9661332695533442,0.0,0.0,0.0
2347,15,-312.4571,460.9585,-0.0112634655,0.0,-0.0,0.0,0.0,0.0004355669532706586,0.00027215479386337763,1.9661332695533442,0.0,0.0,0.0
2348,15,-312.4571,460.9585,-0.0112634655,0.0,-0.0,0.0,0.0,0.0004355669532706586,0.00027215479386337763,1.9661332695533442,0.0,0.0,0.0
2349,15,-312.4571,460.9585,-0.0112634655,0.0,-0.0,0.0,0.0,0.0004355669532706586,0.00027215479386337763,1.9661332695533442,0.0,0.0,0.0
2350,15,-312.4571,460.9585,-0.0112634655,0.0,-0.0,0.0,0.0,0.0004355669532706586,0.00027215479386337763,1.9661332695533442,0.0,0.0,0.0
2351,15,-312.4571,460.9585,-0.0112634655,0.0,-0.0,0.0,0.0,0.0004355669532706586,0.00027215479386337763,1.9661332695533442,0.0,0.0,0.0
2352,15,-312.4571,460.9585,-0.0112634655,0.0,-0.0,0.0,0.0,0.0004355669532706586,0.00027215479386337763,1.9661332695533442,0.0,0.0,0.0
2353,15,-312.4571,460.9585,-0.0112634655,0.0,-0.0,0.0,0.0,0.0004355669532706586,0.00027215479386337763,1.9661332695533442,0.0,0.0,0.0
2354,15,-312.4571,460.9585,-0.0112634655,0.0,-0.0,0.0,0.0,0.0004355669532706586,0.00027215479386337763,1.9661332695533442,0.0,0.0,0.0
2355,15,-312.4571,460.9585,-0.0112634655,0.0,-0.0,0.0,0.0,0.0004355669532706586,0.00027215479386337763,1.9661332695533442,0.0,0.0,0.0
2356,15,-312.4571,460.9585,-0.0112634655,0.0,-0.0,0.0,0.0,0.0004355669532706586,0.00027215479386337763,1.9661332695533442,0.0,0.0,0.0
2357,15,-312.4571,460.9585,-0.0112634655,0.0,-0.0,0.0,0.0,0.0004355669532706586,0.00027215479386337763,1.9661332695533442,0.0,0.0,0.0
2358,15,-312.4571,460.9585,-0.0112634655,0.0,-0.0,0.0,0.0,0.0004355669532706586,0.00027215479386337763,1.9661332695533442,0.0,0.0,0.0
2359,15,-312.4571,460.9585,-0.0112634655,0.0,-0.0,0.0,0.0,0.0004355669532706586,0.00027215479386337763,1.9661332695533442,0.0,0.0,0.0
2360,15,-312.4571,460.9585,-0.0112634655,0.0,-0.0,0.0,0.0,0.0004355669532706586,0.00027215479386337763,1.9661332695533442,0.0,0.0,0.0
2361,15,-312.4571,460.9585,-0.0112634655,0.0,-0.0,0.0,0.0,0.0004355669532706586,0.00027215479386337763,1.9661332695533442,0.0,0.0,0.0
2362,15,-312.4571,460.9585,-0.0112634655,0.0,-0.0,0.0,0.0,0.0004355669532706586,0.00027215479386337763,1.9661332695533442,0.0,0.0,0.0
2363,15,-312.4571,460.9585,-0.0112634655,0.0,-0.0,0.0,0.0,0.0004355669532706586,0.00027215479386337763,1.9661332695533442,0.0,0.0,0.0
2364,15,-312.4571,460.9585,-0.0112634655,0.0,-0.0,0.0,0.0,0.0004355669532706586,0.00027215479386337763,1.9661332695533442,0.0,0.0,0.0
2365,15,-312.4571,460.9585,-0.0112634655,0.0,-0.0,0.0,0.0,0.0004355669532706586,0.00027215479386337763,1.9661332695533442,0.0,0.0,0.0
2366,15,-312.4571,460.9585,-0.0112634655,0.0,-0.0,0.0,0.0,0.0004355669532706586,0.00027215479386337763,1.9661332695533442,0.0,0.0,0.0
2367,15,-312.4571,460.9585,-0.0112634655,0.0,-0.0,0.0,0.0,0.0004355669532706586,0.00027215479386337763,1.9661332695533442,0.0,0.0,0.0
2368,15,-312.4571,460.9585,-0.0112634655,0.0,-0.0,0.0,0.0,0.0004355669532706586,0.00027215479386337763,1.9661332695533442,0.0,0.0,0.0
2369,15,-312.4571,460.9585,-0.0112634655,0.0,-0.0,0.0,0.0,0.0004355669532706586,0.00027215479386337763,1.9661332695533442,0.0,0.0,0.0
2370,15,-312.4571,460.9585,-0.0112634655,0.0,-0.0,0.0,0.0,0.0004355669532706586,0.00027215479386337763,1.9661332695533442,0.0,0.0,0.0
2371,15,-312.4571,460.9585,-0.0112634655,0.0,-0.0,0.0,0.0,0.0004355669532706586,0.00027215479386337763,1.9661332695533442,0.0,0.0,0.0
2372,15,-312.4571,460.9585,-0.0112634655,0.0,-0.0,0.0,0.0,0.0004355669532706586,0.00027215479386337763,1.9661332695533442,0.0,0.0,0.0
2373,15,-312.4571,460.9585,-0.0112634655,0.0,-0.0,0.0,0.0,0.0004355669532706586,0.00027215479386337763,1.9661332695533442,0.0,0.0,0.0
2374,15,-312.4571,460.9585,-0.0112634655,0.0,-0.0,0.0,0.0,0.0004355669532706586,0.00027215479386337763,1.9661332695533442,0.0,0.0,0.0
2375,15,-312.4571,460.9585,-0.0112634655,0.0,-0.0,0.0,0.0,0.0004355669532706586,0.00027215479386337763,1.9661332695533442,0.0,0.0,0.0
2376,15,-312.4571,460.9585,-0.0112634655,0.0,-0.0,0.0,0.0,0.0004355669532706586,0.00027215479386337763,1.9661332695533442,0.0,0.0,0.0
2377,15,-312.4571,460.9585,-0.0112634655,0.0,-0.0,0.0,0.0,0.0004355669532706586,0.00027215479386337763,1.9661332695533442,0.0,0.0,0.0
2378,15,-312.4571,460.9585,-0.0112634655,0.0,-0.0,0.0,0.0,0.0004355669532706586,0.00027215479386337763,1.9661332695533442,0.0,0.0,0.0
2379,15,-312.4571,460.9585,-0.0112634655,0.0,-0.0,0.0,0.0,0.0004355669532706586,0.00027215479386337763,1.9661332695533442,0.0,0.0,0.0
2380,15,-312.4571,460.9585,-0.0112634655,0.0,-0.0,0.0,0.0,0.0004355669532706586,0.00027215479386337763,1.9661332695533442,0.0,0.0,0.0
2381,15,-312.4571,460.9585,-0.0112634655,0.0,-0.0,0.0,0.0,0.0004355669532706586,0.00027215479386337763,1.9661332695533442,0.0,0.0,0.0
2382,15,-312.4571,460.9585,-0.0112634655,0.0,-0.0,0.0,0.0,0.0004355669532706586,0.00027215479386337763,1.9661332695533442,0.0,0.0,0.0
2383,15,-312.4571,460.9585,-0.0112634655,0.0,-0.0,0.0,0.0,0.0004355669532706586,0.00027215479386337763,1.9661332695533442,0.0,0.0,0.0
2384,15,-312.4571,460.9585,-0.0112634655,0.0,-0.0,0.0,0.0,0.0004355669532706586,0.00027215479386337763,1.9661332695533442,0.0,0.0,0.0
2385,15,-312.4571,460.9585,-0.0112634655,0.0,-0.0,0.0,0.0,0.0004355669532706586,0.00027215479386337763,1.9661332695533442,0.0,0.0,0.0
2386,15,-312.4571,460.9585,-0.0112634655,0.0,-0.0,0.0,0.0,0.0004355669532706586,0.00027215479386337763,1.9661332695533442,0.0,0.0,0.0
2387,15,-312.4571,460.9585,-0.0112634655,0.0,-0.0,0.0,0.0,0.0004355669532706586,0.00027215479386337763,1.9661332695533442,0.0,0.0,0.0
2388,15,-312.4571,460.9585,-0.0112634655,0.0,-0.0,0.0,0.0,0.0004355669532706586,0.00027215479386337763,1.9661332695533442,0.0,0.0,0.0
2389,15,-312.4571,460.9585,-0.0112634655,0.0,-0.0,0.0,0.0,0.0004355669532706586,0.00027215479386337763,1.9661332695533442,0.0,0.0,0.0
2390,15,-312.4571,460.9585,-0.0112634655,0.0,-0.0,0.0,0.0,0.0004355669532706586,0.00027215479386337763,1.9661332695533442,0.0,0.0,0.0
2391,15,-312.4571,460.9585,-0.0112634655,0.0,-0.0,0.0,0.0,0.0004355669532706586,0.00027215479386337763,1.9661332695533442,0.0,0.0,0.0
2392,15,-312.4571,460.9585,-0.0112634655,0.0,-0.0,0.0,0.0,0.0004355669532706586,0.00027215479386337763,1.9661332695533442,0.0,0.0,0.0
2393,15,-312.4571,460.9585,-0.0112634655,0.0,-0.0,0.0,0.0,0.0004355669532706586,0.00027215479386337763,1.9661332695533442,0.0,0.0,0.0
2394,15,-312.4571,460.9585,-0.0112634655,0.0,-0.0,0.0,0.0,0.0004355669532706586,0.00027215479386337763,1.9661332695533442,0.0,0.0,0.0
2395,15,-312.4571,460.9585,-0.0112634655,0.0,-0.0,0.0,0.0,0.0004355669532706586,0.00027215479386337763,1.9661332695533442,0.0,0.0,0.0
2396,15,-312.4571,460.9585,-0.0112634655,0.0,-0.0,0.0,0.0,0.0004355669532706586,0.00027215479386337763,1.9661332695533442,0.0,0.0,0.0
2397,15,-312.4571,460.9585,-0.0112634655,0.0,-0.0,0.0,0.0,0.0004355669532706586,0.00027215479386337763,1.9661332695533442,0.0,0.0,0.0
2398,15,-312.4571,460.9585,-0.0112634655,0.0,-0.0,0.0,0.0,0.0004355669532706586,0.00027215479386337763,1.9661332695533442,0.0,0.0,0.0
2399,15,-312.4571,460.9585,-0.0112634655,0.0,-0.0,0.0,0.0,0.0004355669532706586,0.00027215479386337763,1.9661332695533442,0.0,0.0,0.0
2400,15,-312.4571,460.9585,-0.0112634655,0.0,-0.0,0.0,0.0,0.0004355669532706586,0.00027215479386337763,1.9661332695533442,0.0,0.0,0.0
2401,15,-312.4571,460.9585,-0.0112634655,0.0,-0.0,0.0,0.0,0.0004355669532706586,0.00027215479386337763,1.9661332695533442,0.0,0.0,0.0
2402,15,-312.4571,460.9585,-0.0112634655,0.0,-0.0,0.0,0.0,0.0004355669532706586,0.00027215479386337763,1.9661332695533442,0.0,0.0,0.0
2403,15,-312.4571,460.9585,-0.0112634655,0.0,-0.0,0.0,0.0,0.0004355669532706586,0.00027215479386337763,1.9661332695533442,0.0,0.0,0.0
2404,15,-312.4571,460.9585,-0.0112634655,0.0,-0.0,0.0,0.0,0.0004355669532706586,0.00027215479386337763,1.9661332695533442,0.0,0.0,0.0
2405,15,-312.4571,460.9585,-0.0112634655,0.0,-0.0,0.0,0.0,0.0004355669532706586,0.00027215479386337763,1.9661332695533442,0.0,0.0,0.0
2406,15,-312.4571,460.9585,-0.0112634655,0.0,-0.0,0.0,0.0,0.0004355669532706586,0.00027215479386337763,1.9661332695533442,0.0,0.0,0.0
2407,15,-312.4571,460.9585,-0.0112634655,0.0,-0.0,0.0,0.0,0.0004355669532706586,0.00027215479386337763,1.9661332695533442,0.0,0.0,0.0
2408,15,-312.4571,460.9585,-0.0112634655,0.0,-0.0,0.0,0.0,0.0004355669532706586,0.00027215479386337763,1.9661332695533442,0.0,0.0,0.0
2409,15,-312.4571,460.9585,-0.0112634655,0.0,-0.0,0.0,0.0,0.0004355669532706586,0.00027215479386337763,1.9661332695533442,0.0,0.0,0.0
2410,15,-312.4571,460.9585,-0.0112634655,0.0,-0.0,0.0,0.0,0.0004355669532706586,0.00027215479386337763,1.9661332695533442,0.0,0.0,0.0
2411,15,-312.4571,460.9585,-0.0112634655,0.0,-0.0,0.0,0.0,0.0004355669532706586,0.00027215479386337763,1.9661332695533442,0.0,0.0,0.0
2412,15,-312.4571,460.9585,-0.0112634655,0.0,-0.0,0.0,0.0,0.0004355669532706586,0.00027215479386337763,1.9661332695533442,0.0,0.0,0.0
2413,15,-312.4571,460.9585,-0.0112634655,0.0,-0.0,0.0,0.0,0.0004355669532706586,0.00027215479386337763,1.9661332695533442,0.0,0.0,0.0
2414,15,-312.4571,460.9585,-0.0112634655,0.0,-0.0,0.0,0.0,0.0004355669532706586,0.00027215479386337763,1.9661332695533442,0.0,0.0,0.0
2415,15,-312.4571,460.9585,-0.0112634655,0.0,-0.0,0.0,0.0,0.0004355669532706586,0.00027215479386337763,1.9661332695533442,0.0,0.0,0.0
2416,15,-312.4571,460.9585,-0.0112634655,0.0,-0.0,0.0,0.0,0.0004355669532706586,0.00027215479386337763,1.9661332695533442,0.0,0.0,0.0
2417,15,-312.4571,460.9585,-0.0112634655,0.0,-0.0,0.0,0.0,0.0004355669532706586,0.00027215479386337763,1.9661332695533442,0.0,0.0,0.0
2418,15,-312.4571,460.9585,-0.0112634655,0.0,-0.0,0.0,0.0,0.0004355669532706586,0.00027215479386337763,1.9661332695533442,0.0,0.0,0.0
2419,15,-312.4571,460.9585,-0.0112634655,0.0,-0.0,0.0,0.0,0.0004355669532706586,0.00027215479386337763,1.9661332695533442,0.0,0.0,0.0
2420,15,-312.4571,460.9585,-0.0112634655,0.0,-0.0,0.0,0.0,0.0004355669532706586,0.00027215479386337763,1.9661332695533442,0.0,0.0,0.0
2421,15,-312.4571,460.9585,-0.0112634655,0.0,-0.0,0.0,0.0,0.0004355669532706586,0.00027215479386337763,1.9661332695533442,0.0,0.0,0.0
2422,15,-312.4571,460.9585,-0.0112634655,0.0,-0.0,0.0,0.0,0.0004355669532706586,0.00027215479386337763,1.9661332695533442,0.0,0.0,0.0
2423,15,-312.4571,460.9585,-0.0112634655,0.0,-0.0,0.0,0.0,0.0004355669532706586,0.00027215479386337763,1.9661332695533442,0.0,0.0,0.0
2424,15,-312.4571,460.9585,-0.0112634655,0.0,-0.0,0.0,0.0,0.0004355669532706586,0.00027215479386337763,1.9661332695533442,0.0,0.0,0.0
2425,15,-312.4571,460.9585,-0.0112634655,0.0,-0.0,0.0,0.0,0.0004355669532706586,0.00027215479386337763,1.9661332695533442,0.0,0.0,0.0
2426,15,-312.4571,460.9585,-0.0112634655,0.0,-0.0,0.0,0.0,0.0004355669532706586,0.00027215479386337763,1.9661332695533442,0.0,0.0,0.0
2427,15,-312.4571,460.9585,-0.0112634655,0.0,-0.0,0.0,0.0,0.0004355669532706586,0.00027215479386337763,1.9661332695533442,0.0,0.0,0.0
2428,15,-312.4571,460.9585,-0.0112634655,0.0,-0.0,0.0,0.0,0.0004355669532706586,0.00027215479386337763,1.9661332695533442,0.0,0.0,0.0
2429,15,-312.4571,460.9585,-0.0112634655,0.0,-0.0,0.0,0.0,0.0004355669532706586,0.00027215479386337763,1.9661332695533442,0.0,0.0,0.0
2430,15,-312.4571,460.9585,-0.0112634655,0.0,-0.0,0.0,0.0,0.0004355669532706586,0.00027215479386337763,1.9661332695533442,0.0,0.0,0.0
2431,15,-312.4571,460.9585,-0.0112634655,0.0,-0.0,0.0,0.0,0.0004355669532706586,0.00027215479386337763,1.9661332695533442,0.0,0.0,0.0
2432,15,-312.4571,460.9585,-0.0112634655,0.0,-0.0,0.0,0.0,0.0004355669532706586,0.00027215479386337763,1.9661332695533442,0.0,0.0,0.0
2433,15,-312.4571,460.9585,-0.0112634655,0.0,-0.0,0.0,0.0,0.0004355669532706586,0.00027215479386337763,1.9661332695533442,0.0,0.0,0.0
2434,15,-312.4571,460.9585,-0.0112634655,0.0,-0.0,0.0,0.0,0.0004355669532706586,0.00027215479386337763,1.9661332695533442,0.0,0.0,0.0
2435,15,-312.4571,460.9585,-0.0112634655,0.0,-0.0,0.0,0.0,0.0004355669532706586,0.00027215479386337763,1.9661332695533442,0.0,0.0,0.0
2436,15,-312.4571,460.9585,-0.0112634655,0.0,-0.0,0.0,0.0,0.0004355669532706586,0.00027215479386337763,1.9661332695533442,0.0,0.0,0.0
2437,15,-312.4571,460.9585,-0.0112634655,0.0,-0.0,0.0,0.0,0.0004355669532706586,0.00027215479386337763,1.9661332695533442,0.0,0.0,0.0
2438,15,-312.4571,460.9585,-0.0112634655,0.0,-0.0,0.0,0.0,0.0004355669532706586,0.00027215479386337763,1.9661332695533442,0.0,0.0,0.0
2439,15,-312.4571,460.9585,-0.0112634655,0.0,-0.0,0.0,0.0,0.0004355669532706586,0.00027215479386337763,1.9661332695533442,0.0,0.0,0.0
2440,15,-312.4571,460.9585,-0.0112634655,0.0,-0.0,0.0,0.0,0.0004355669532706586,0.00027215479386337763,1.9661332695533442,0.0,0.0,0.0
2441,15,-312.4571,460.9585,-0.0112634655,0.0,-0.0,0.0,0.0,0.0004355669532706586,0.00027215479386337763,1.9661332695533442,0.0,0.0,0.0
2442,15,-312.4571,460.9585,-0.0112634655,0.0,-0.0,0.0,0.0,0.0004355669532706586,0.00027215479386337763,1.9661332695533442,0.0,0.0,0.0
2443,15,-312.4571,460.9585,-0.0112634655,0.0,-0.0,0.0,0.0,0.0004355669532706586,0.00027215479386337763,1.9661332695533442,0.0,0.0,0.0
2444,15,-312.4571,460.9585,-0.0112634655,0.0,-0.0,0.0,0.0,0.0004355669532706586,0.00027215479386337763,1.9661332695533442,0.0,0.0,0.0
2445,15,-312.4571,460.9585,-0.0112634655,0.0,-0.0,0.0,0.0,0.0004355669532706586,0.00027215479386337763,1.9661332695533442,0.0,0.0,0.0
2446,15,-312.4571,460.9585,-0.0112634655,0.0,-0.0,0.0,0.0,0.0004355669532706586,0.00027215479386337763,1.9661332695533442,0.0,0.0,0.0
2447,15,-312.4571,460.9585,-0.0112634655,0.0,-0.0,0.0,0.0,0.0004355669532706586,0.00027215479386337763,1.9661332695533442,0.0,0.0,0.0
2448,15,-312.4571,460.9585,-0.0112634655,0.0,-0.0,0.0,0.0,0.0004355669532706586,0.00027215479386337763,1.9661332695533442,0.0,0.0,0.0
2449,15,-312.4571,460.9585,-0.0112634655,0.0,-0.0,0.0,0.0,0.0004355669532706586,0.00027215479386337763,1.9661332695533442,0.0,0.0,0.0
2450,15,-312.4571,460.9585,-0.0112634655,0.0,-0.0,0.0,0.0,0.0004355669532706586,0.00027215479386337763,1.9661332695533442,0.0,0.0,0.0
2451,15,-312.4571,460.9585,-0.0112634655,0.0,-0.0,0.0,0.0,0.0004355669532706586,0.00027215479386337763,1.9661332695533442,0.0,0.0,0.0
2452,15,-312.4571,460.9585,-0.0112634655,0.0,-0.0,0.0,0.0,0.0004355669532706586,0.00027215479386337763,1.9661332695533442,0.0,0.0,0.0
2453,15,-312.4571,460.9585,-0.0112634655,0.0,-0.0,0.0,0.0,0.0004355669532706586,0.00027215479386337763,1.9661332695533442,0.0,0.0,0.0
2454,15,-312.4571,460.9585,-0.0112634655,0.0,-0.0,0.0,0.0,0.0004355669532706586,0.00027215479386337763,1.9661332695533442,0.0,0.0,0.0
2455,15,-312.4571,460.9585,-0.0112634655,0.0,-0.0,0.0,0.0,0.0004355669532706586,0.00027215479386337763,1.9661332695533442,0.0,0.0,0.0
2456,15,-312.4571,460.9585,-0.0112634655,0.0,-0.0,0.0,0.0,0.0004355669532706586,0.00027215479386337763,1.9661332695533442,0.0,0.0,0.0
2457,15,-312.4571,460.9585,-0.0112634655,0.0,-0.0,0.0,0.0,0.0004355669532706586,0.00027215479386337763,1.9661332695533442,0.0,0.0,0.0
2458,15,-312.4571,460.9585,-0.0112634655,0.0,-0.0,0.0,0.0,0.0004355669532706586,0.00027215479386337763,1.9661332695533442,0.0,0.0,0.0
2459,15,-312.4571,460.9585,-0.0112634655,0.0,-0.0,0.0,0.0,0.0004355669532706586,0.00027215479386337763,1.9661332695533442,0.0,0.0,0.0
2460,15,-312.4571,460.9585,-0.0112634655,0.0,-0.0,0.0,0.0,0.0004355669532706586,0.00027215479386337763,1.9661332695533442,0.0,0.0,0.0
2461,15,-312.4571,460.9585,-0.0112634655,0.0,-0.0,0.0,0.0,0.0004355669532706586,0.00027215479386337763,1.9661332695533442,0.0,0.0,0.0
2462,15,-312.4571,460.9585,-0.0112634655,0.0,-0.0,0.0,0.0,0.0004355669532706586,0.00027215479386337763,1.9661332695533442,0.0,0.0,0.0
2463,15,-312.4571,460.9585,-0.0112634655,0.0,-0.0,0.0,0.0,0.0004355669532706586,0.00027215479386337763,1.9661332695533442,0.0,0.0,0.0
2464,15,-312.4571,460.9585,-0.0112634655,0.0,-0.0,0.0,0.0,0.0004355669532706586,0.00027215479386337763,1.9661332695533442,0.0,0.0,0.0
2465,15,-312.4571,460.9585,-0.0112634655,0.0,-0.0,0.0,0.0,0.0004355669532706586,0.00027215479386337763,1.9661332695533442,0.0,0.0,0.0
2466,15,-312.4571,460.9585,-0.0112634655,0.0,-0.0,0.0,0.0,0.0004355669532706586,0.00027215479386337763,1.9661332695533442,0.0,0.0,0.0
2467,15,-312.4571,460.9585,-0.0112634655,0.0,-0.0,0.0,0.0,0.0004355669532706586,0.00027215479386337763,1.9661332695533442,0.0,0.0,0.0
2468,15,-312.4571,460.9585,-0.0112634655,0.0,-0.0,0.0,0.0,0.0004355669532706586,0.00027215479386337763,1.9661332695533442,0.0,0.0,0.0
2469,15,-312.4571,460.9585,-0.0112634655,0.0,-0.0,0.0,0.0,0.0004355669532706586,0.00027215479386337763,1.9661332695533442,0.0,0.0,0.0
2470,15,-312.4571,460.9585,-0.0112634655,0.0,-0.0,0.0,0.0,0.0004355669532706586,0.00027215479386337763,1.9661332695533442,0.0,0.0,0.0
2471,15,-312.4571,460.9585,-0.0112634655,0.0,-0.0,0.0,0.0,0.0004355669532706586,0.00027215479386337763,1.9661332695533442,0.0,0.0,0.0
2472,15,-312.4571,460.9585,-0.0112634655,0.0,-0.0,0.0,0.0,0.0004355669532706586,0.00027215479386337763,1.9661332695533442,0.0,0.0,0.0
2473,15,-312.4571,460.9585,-0.0112634655,0.0,-0.0,0.0,0.0,0.0004355669532706586,0.00027215479386337763,1.9661332695533442,0.0,0.0,0.0
2474,15,-312.4571,460.9585,-0.0112634655,0.0,-0.0,0.0,0.0,0.0004355669532706586,0.00027215479386337763,1.9661332695533442,0.0,0.0,0.0
2475,15,-312.4571,460.9585,-0.0112634655,0.0,-0.0,0.0,0.0,0.0004355669532706586,0.00027215479386337763,1.9661332695533442,0.0,0.0,0.0
2476,15,-312.4571,460.9585,-0.0112634655,0.0,-0.0,0.0,0.0,0.0004355669532706586,0.00027215479386337763,1.9661332695533442,0.0,0.0,0.0
2477,15,-312.4571,460.9585,-0.0112634655,0.0,-0.0,0.0,0.0,0.0004355669532706586,0.00027215479386337763,1.9661332695533442,0.0,0.0,0.0
2478,15,-312.4571,460.9585,-0.0112634655,0.0,-0.0,0.0,0.0,0.0004355669532706586,0.00027215479386337763,1.9661332695533442,0.0,0.0,0.0
2479,15,-312.4571,460.9585,-0.0112634655,0.0,-0.0,0.0,0.0,0.0004355669532706586,0.00027215479386337763,1.9661332695533442,0.0,0.0,0.0
2480,15,-312.4571,460.9585,-0.0112634655,0.0,-0.0,0.0,0.0,0.0004355669532706586,0.00027215479386337763,1.9661332695533442,0.0,0.0,0.0
2481,15,-312.4571,460.9585,-0.0112634655,0.0,-0.0,0.0,0.0,0.0004355669532706586,0.00027215479386337763,1.9661332695533442,0.0,0.0,0.0
2482,15,-312.4571,460.9585,-0.0112634655,0.0,-0.0,0.0,0.0,0.0004355669532706586,0.00027215479386337763,1.9661332695533442,0.0,0.0,0.0
2483,15,-312.4571,460.9585,-0.0112634655,0.0,-0.0,0.0,0.0,0.0004355669532706586,0.00027215479386337763,1.9661332695533442,0.0,0.0,0.0
2484,15,-312.4571,460.9585,-0.0112634655,0.0,-0.0,0.0,0.0,0.0004355669532706586,0.00027215479386337763,1.9661332695533442,0.0,0.0,0.0
2485,15,-312.4571,460.9585,-0.0112634655,0.0,-0.0,0.0,0.0,0.0004355669532706586,0.00027215479386337763,1.9661332695533442,0.0,0.0,0.0
2486,15,-312.4571,460.9585,-0.0112634655,0.0,-0.0,0.0,0.0,0.0004355669532706586,0.00027215479386337763,1.9661332695533442,0.0,0.0,0.0
2487,15,-312.4571,460.9585,-0.0112634655,0.0,-0.0,0.0,0.0,0.0004355669532706586,0.00027215479386337763,1.9661332695533442,0.0,0.0,0.0
2488,15,-312.4571,460.9585,-0.0112634655,0.0,-0.0,0.0,0.0,0.0004355669532706586,0.00027215479386337763,1.9661332695533442,0.0,0.0,0.0
2489,15,-312.4571,460.9585,-0.0112634655,0.0,-0.0,0.0,0.0,0.0004355669532706586,0.00027215479386337763,1.9661332695533442,0.0,0.0,0.0
2490,15,-312.4571,460.9585,-0.0112634655,0.0,-0.0,0.0,0.0,0.0004355669532706586,0.00027215479386337763,1.9661332695533442,0.0,0.0,0.0
2491,15,-312.4571,460.9585,-0.0112634655,0.0,-0.0,0.0,0.0,0.0004355669532706586,0.00027215479386337763,1.9661332695533442,0.0,0.0,0.0
2492,15,-312.4571,460.9585,-0.0112634655,0.0,-0.0,0.0,0.0,0.0004355669532706586,0.00027215479386337763,1.9661332695533442,0.0,0.0,0.0
2493,15,-312.4571,460.9585,-0.0112634655,0.0,-0.0,0.0,0.0,0.0004355669532706586,0.00027215479386337763,1.9661332695533442,0.0,0.0,0.0
2494,15,-312.4571,460.9585,-0.0112634655,0.0,-0.0,0.0,0.0,0.0004355669532706586,0.00027215479386337763,1.9661332695533442,0.0,0.0,0.0
2495,15,-312.4571,460.9585,-0.0112634655,0.0,-0.0,0.0,0.0,0.0004355669532706586,0.00027215479386337763,1.9661332695533442,0.0,0.0,0.0
2496,15,-312.4571,460.9585,-0.0112634655,0.0,-0.0,0.0,0.0,0.0004355669532706586,0.00027215479386337763,1.9661332695533442,0.0,0.0,0.0
2497,15,-312.4571,460.9585,-0.0112634655,0.0,-0.0,0.0,0.0,0.0004355669532706586,0.00027215479386337763,1.9661332695533442,0.0,0.0,0.0
2498,15,-312.4571,460.9585,-0.0112634655,0.0,-0.0,0.0,0.0,0.0004355669532706586,0.00027215479386337763,1.9661332695533442,0.0,0.0,0.0
2499,15,-312.4571,460.9585,-0.0112634655,0.0,-0.0,0.0,0.0,0.0004355669532706586,0.00027215479386337763,1.9661332695533442,0.0,0.0,0.0
2500,15,-312.4571,460.9585,-0.0112634655,0.0,-0.0,0.0,0.0,0.0004355669532706586,0.00027215479386337763,1.9661332695533442,0.0,0.0,0.0
2501,15,-312.4571,460.9585,-0.0112634655,0.0,-0.0,0.0,0.0,0.0004355669532706586,0.00027215479386337763,1.9661332695533442,0.0,0.0,0.0
2502,15,-312.4571,460.9585,-0.0112634655,0.0,-0.0,0.0,0.0,0.0004355669532706586,0.00027215479386337763,1.9661332695533442,0.0,0.0,0.0
2503,15,-312.4571,460.9585,-0.0112634655,0.0,-0.0,0.0,0.0,0.0004355669532706586,0.00027215479386337763,1.9661332695533442,0.0,0.0,0.0
2504,15,-312.4571,460.9585,-0.0112634655,0.0,-0.0,0.0,0.0,0.0004355669532706586,0.00027215479386337763,1.9661332695533442,0.0,0.0,0.0
2505,15,-312.4571,460.9585,-0.0112634655,0.0,-0.0,0.0,0.0,0.0004355669532706586,0.00027215479386337763,1.9661332695533442,0.0,0.0,0.0
2506,15,-312.4571,460.9585,-0.0112634655,0.0,-0.0,0.0,0.0,0.0004355669532706586,0.00027215479386337763,1.9661332695533442,0.0,0.0,0.0
2507,15,-312.4571,460.9585,-0.0112634655,0.0,-0.0,0.0,0.0,0.0004355669532706586,0.00027215479386337763,1.9661332695533442,0.0,0.0,0.0
2508,15,-312.4571,460.9585,-0.0112634655,0.0,-0.0,0.0,0.0,0.0004355669532706586,0.00027215479386337763,1.9661332695533442,0.0,0.0,0.0
2509,15,-312.4571,460.9585,-0.0112634655,0.0,-0.0,0.0,0.0,0.0004355669532706586,0.00027215479386337763,1.9661332695533442,0.0,0.0,0.0
2510,15,-312.4571,460.9585,-0.0112634655,0.0,-0.0,0.0,0.0,0.0004355669532706586,0.00027215479386337763,1.9661332695533442,0.0,0.0,0.0
2511,15,-312.4571,460.9585,-0.0112634655,0.0,-0.0,0.0,0.0,0.0004355669532706586,0.00027215479386337763,1.9661332695533442,0.0,0.0,0.0
2512,15,-312.4571,460.9585,-0.0112634655,0.0,-0.0,0.0,0.0,0.0004355669532706586,0.00027215479386337763,1.9661332695533442,0.0,0.0,0.0
2513,15,-312.4571,460.9585,-0.0112634655,0.0,-0.0,0.0,0.0,0.0004355669532706586,0.00027215479386337763,1.9661332695533442,0.0,0.0,0.0
2514,15,-312.4571,460.9585,-0.0112634655,0.0,-0.0,0.0,0.0,0.0004355669532706586,0.00027215479386337763,1.9661332695533442,0.0,0.0,0.0
2515,15,-312.4571,460.9585,-0.0112634655,0.0,-0.0,0.0,0.0,0.0004355669532706586,0.00027215479386337763,1.9661332695533442,0.0,0.0,0.0
2516,15,-312.4571,460.9585,-0.0112634655,0.0,-0.0,0.0,0.0,0.0004355669532706586,0.00027215479386337763,1.9661332695533442,0.0,0.0,0.0
2517,15,-312.4571,460.9585,-0.0112634655,0.0,-0.0,0.0,0.0,0.0004355669532706586,0.00027215479386337763,1.9661332695533442,0.0,0.0,0.0
2518,15,-312.4571,460.9585,-0.0112634655,0.0,-0.0,0.0,0.0,0.0004355669532706586,0.00027215479386337763,1.9661332695533442,0.0,0.0,0.0
2519,15,-312.4571,460.9585,-0.0112634655,0.0,-0.0,0.0,0.0,0.0004355669532706586,0.00027215479386337763,1.9661332695533442,0.0,0.0,0.0
2520,15,-312.4571,460.9585,-0.0112634655,0.0,-0.0,0.0,0.0,0.0004355669532706586,0.00027215479386337763,1.9661332695533442,0.0,0.0,0.0
2521,15,-312.4571,460.9585,-0.0112634655,0.0,-0.0,0.0,0.0,0.0004355669532706586,0.00027215479386337763,1.9661332695533442,0.0,0.0,0.0
2522,15,-312.4571,460.9585,-0.0112634655,0.0,-0.0,0.0,0.0,0.0004355669532706586,0.00027215479386337763,1.9661332695533442,0.0,0.0,0.0
2523,15,-312.4571,460.9585,-0.0112634655,0.0,-0.0,0.0,0.0,0.0004355669532706586,0.00027215479386337763,1.9661332695533442,0.0,0.0,0.0
2524,15,-312.4571,460.9585,-0.0112634655,0.0,-0.0,0.0,0.0,0.0004355669532706586,0.00027215479386337763,1.9661332695533442,0.0,0.0,0.0
2525,15,-312.4571,460.9585,-0.0112634655,0.0,-0.0,0.0,0.0,0.0004355669532706586,0.00027215479386337763,1.9661332695533442,0.0,0.0,0.0
2526,15,-312.4571,460.9585,-0.0112634655,0.0,-0.0,0.0,0.0,0.0004355669532706586,0.00027215479386337763,1.9661332695533442,0.0,0.0,0.0
2527,15,-312.4571,460.9585,-0.0112634655,0.0,-0.0,0.0,0.0,0.0004355669532706586,0.00027215479386337763,1.9661332695533442,0.0,0.0,0.0
2528,15,-312.4571,460.9585,-0.0112634655,0.0,-0.0,0.0,0.0,0.0004355669532706586,0.00027215479386337763,1.9661332695533442,0.0,0.0,0.0
2529,15,-312.4571,460.9585,-0.0112634655,0.0,-0.0,0.0,0.0,0.0004355669532706586,0.00027215479386337763,1.9661332695533442,0.0,0.0,0.0
2530,15,-312.4571,460.9585,-0.0112634655,0.0,-0.0,0.0,0.0,0.0004355669532706586,0.00027215479386337763,1.9661332695533442,0.0,0.0,0.0
2531,15,-312.4571,460.9585,-0.0112634655,0.0,-0.0,0.0,0.0,0.0004355669532706586,0.00027215479386337763,1.9661332695533442,0.0,0.0,0.0
2532,15,-312.4571,460.9585,-0.0112634655,0.0,-0.0,0.0,0.0,0.0004355669532706586,0.00027215479386337763,1.9661332695533442,0.0,0.0,0.0
2533,15,-312.4571,460.9585,-0.0112634655,0.0,-0.0,0.0,0.0,0.0004355669532706586,0.00027215479386337763,1.9661332695533442,0.0,0.0,0.0
2534,15,-312.4571,460.9585,-0.0112634655,0.0,-0.0,0.0,0.0,0.0004355669532706586,0.00027215479386337763,1.9661332695533442,0.0,0.0,0.0
2535,15,-312.4571,460.9585,-0.0112634655,0.0,-0.0,0.0,0.0,0.0004355669532706586,0.00027215479386337763,1.9661332695533442,0.0,0.0,0.0
2536,15,-312.4571,460.9585,-0.0112634655,0.0,-0.0,0.0,0.0,0.0004355669532706586,0.00027215479386337763,1.9661332695533442,0.0,0.0,0.0
2537,15,-312.4571,460.9585,-0.0112634655,0.0,-0.0,0.0,0.0,0.0004355669532706586,0.00027215479386337763,1.9661332695533442,0.0,0.0,0.0
2538,15,-312.4571,460.9585,-0.0112634655,0.0,-0.0,0.0,0.0,0.0004355669532706586,0.00027215479386337763,1.9661332695533442,0.0,0.0,0.0
2539,15,-312.4571,460.9585,-0.0112634655,0.0,-0.0,0.0,0.0,0.0004355669532706586,0.00027215479386337763,1.9661332695533442,0.0,0.0,0.0
2540,15,-312.4571,460.9585,-0.0112634655,0.0,-0.0,0.0,0.0,0.0004355669532706586,0.00027215479386337763,1.9661332695533442,0.0,0.0,0.0
2541,15,-312.4571,460.9585,-0.0112634655,0.0,-0.0,0.0,0.0,0.0004355669532706586,0.00027215479386337763,1.9661332695533442,0.0,0.0,0.0
2542,15,-312.4571,460.9585,-0.0112634655,0.0,-0.0,0.0,0.0,0.0004355669532706586,0.00027215479386337763,1.9661332695533442,0.0,0.0,0.0
2543,15,-312.4571,460.9585,-0.0112634655,0.0,-0.0,0.0,0.0,0.0004355669532706586,0.00027215479386337763,1.9661332695533442,0.0,0.0,0.0
2544,15,-312.4571,460.9585,-0.0112634655,0.0,-0.0,0.0,0.0,0.0004355669532706586,0.00027215479386337763,1.9661332695533442,0.0,0.0,0.0
2545,15,-312.4571,460.9585,-0.0112634655,0.0,-0.0,0.0,0.0,0.0004355669532706586,0.00027215479386337763,1.9661332695533442,0.0,0.0,0.0
2546,15,-312.4571,460.9585,-0.0112634655,0.0,-0.0,0.0,0.0,0.0004355669532706586,0.00027215479386337763,1.9661332695533442,0.0,0.0,0.0
2547,15,-312.4571,460.9585,-0.0112634655,0.0,-0.0,0.0,0.0,0.0004355669532706586,0.00027215479386337763,1.9661332695533442,0.0,0.0,0.0
2548,15,-312.4571,460.9585,-0.0112634655,0.0,-0.0,0.0,0.0,0.0004355669532706586,0.00027215479386337763,1.9661332695533442,0.0,0.0,0.0
2549,15,-312.4571,460.9585,-0.0112634655,0.0,-0.0,0.0,0.0,0.0004355669532706586,0.00027215479386337763,1.9661332695533442,0.0,0.0,0.0
2550,15,-312.4571,460.9585,-0.0112634655,0.0,-0.0,0.0,0.0,0.0004355669532706586,0.00027215479386337763,1.9661332695533442,0.0,0.0,0.0
2551,15,-312.4571,460.9585,-0.0112634655,0.0,-0.0,0.0,0.0,0.0004355669532706586,0.00027215479386337763,1.9661332695533442,0.0,0.0,0.0
2552,15,-312.4571,460.9585,-0.0112634655,0.0,-0.0,0.0,0.0,0.0004355669532706586,0.00027215479386337763,1.9661332695533442,0.0,0.0,0.0
2553,15,-312.4571,460.9585,-0.0112634655,0.0,-0.0,0.0,0.0,0.0004355669532706586,0.00027215479386337763,1.9661332695533442,0.0,0.0,0.0
2554,15,-312.4571,460.9585,-0.0112634655,0.0,-0.0,0.0,0.0,0.0004355669532706586,0.00027215479386337763,1.9661332695533442,0.0,0.0,0.0
2555,15,-312.4571,460.9585,-0.0112634655,0.0,-0.0,0.0,0.0,0.0004355669532706586,0.00027215479386337763,1.9661332695533442,0.0,0.0,0.0
2556,15,-312.4571,460.9585,-0.0112634655,0.0,-0.0,0.0,0.0,0.0004355669532706586,0.00027215479386337763,1.9661332695533442,0.0,0.0,0.0
2557,15,-312.4571,460.9585,-0.0112634655,0.0,-0.0,0.0,0.0,0.0004355669532706586,0.00027215479386337763,1.9661332695533442,0.0,0.0,0.0
2558,15,-312.4571,460.9585,-0.0112634655,0.0,-0.0,0.0,0.0,0.0004355669532706586,0.00027215479386337763,1.9661332695533442,0.0,0.0,0.0
2559,15,-312.4571,460.9585,-0.0112634655,0.0,-0.0,0.0,0.0,0.0004355669532706586,0.00027215479386337763,1.9661332695533442,0.0,0.0,0.0
2560,15,-312.4571,460.9585,-0.0112634655,0.0,-0.0,0.0,0.0,0.0004355669532706586,0.00027215479386337763,1.9661332695533442,0.0,0.0,0.0
2561,15,-312.4571,460.9585,-0.0112634655,0.0,-0.0,0.0,0.0,0.0004355669532706586,0.00027215479386337763,1.9661332695533442,0.0,0.0,0.0
2562,15,-312.4571,460.9585,-0.0112634655,0.0,-0.0,0.0,0.0,0.0004355669532706586,0.00027215479386337763,1.9661332695533442,0.0,0.0,0.0
2563,15,-312.4571,460.9585,-0.0112634655,0.0,-0.0,0.0,0.0,0.0004355669532706586,0.00027215479386337763,1.9661332695533442,0.0,0.0,0.0
2564,15,-312.4571,460.9585,-0.0112634655,0.0,-0.0,0.0,0.0,0.0004355669532706586,0.00027215479386337763,1.9661332695533442,0.0,0.0,0.0
2565,15,-312.4571,460.9585,-0.0112634655,0.0,-0.0,0.0,0.0,0.0004355669532706586,0.00027215479386337763,1.9661332695533442,0.0,0.0,0.0
2566,15,-312.4571,460.9585,-0.0112634655,0.0,-0.0,0.0,0.0,0.0004355669532706586,0.00027215479386337763,1.9661332695533442,0.0,0.0,0.0
2567,15,-312.4571,460.9585,-0.0112634655,0.0,-0.0,0.0,0.0,0.0004355669532706586,0.00027215479386337763,1.9661332695533442,0.0,0.0,0.0
2568,15,-312.4571,460.9585,-0.0112634655,0.0,-0.0,0.0,0.0,0.0004355669532706586,0.00027215479386337763,1.9661332695533442,0.0,0.0,0.0
2569,15,-312.4571,460.9585,-0.0112634655,0.0,-0.0,0.0,0.0,0.0004355669532706586,0.00027215479386337763,1.9661332695533442,0.0,0.0,0.0
2570,15,-312.4571,460.9585,-0.0112634655,0.0,-0.0,0.0,0.0,0.0004355669532706586,0.00027215479386337763,1.9661332695533442,0.0,0.0,0.0
2571,15,-312.4571,460.9585,-0.0112634655,0.0,-0.0,0.0,0.0,0.0004355669532706586,0.00027215479386337763,1.9661332695533442,0.0,0.0,0.0
2572,15,-312.4571,460.9585,-0.0112634655,0.0,-0.0,0.0,0.0,0.0004355669532706586,0.00027215479386337763,1.9661332695533442,0.0,0.0,0.0
2573,15,-312.4571,460.9585,-0.0112634655,0.0,-0.0,0.0,0.0,0.0004355669532706586,0.00027215479386337763,1.9661332695533442,0.0,0.0,0.0
2574,15,-312.4571,460.9585,-0.0112634655,0.0,-0.0,0.0,0.0,0.0004355669532706586,0.00027215479386337763,1.9661332695533442,0.0,0.0,0.0
2575,15,-312.4571,460.9585,-0.0112634655,0.0,-0.0,0.0,0.0,0.0004355669532706586,0.00027215479386337763,1.9661332695533442,0.0,0.0,0.0
2576,15,-312.4571,460.9585,-0.0112634655,0.0,-0.0,0.0,0.0,0.0004355669532706586,0.00027215479386337763,1.9661332695533442,0.0,0.0,0.0
2577,15,-312.4571,460.9585,-0.0112634655,0.0,-0.0,0.0,0.0,0.0004355669532706586,0.00027215479386337763,1.9661332695533442,0.0,0.0,0.0
2578,15,-312.4571,460.9585,-0.0112634655,0.0,-0.0,0.0,0.0,0.0004355669532706586,0.00027215479386337763,1.9661332695533442,0.0,0.0,0.0
2579,15,-312.4571,460.9585,-0.0112634655,0.0,-0.0,0.0,0.0,0.0004355669532706586,0.00027215479386337763,1.9661332695533442,0.0,0.0,0.0
2580,15,-312.4571,460.9585,-0.0112634655,0.0,-0.0,0.0,0.0,0.0004355669532706586,0.00027215479386337763,1.9661332695533442,0.0,0.0,0.0
2581,15,-312.4571,460.9585,-0.0112634655,0.0,-0.0,0.0,0.0,0.0004355669532706586,0.00027215479386337763,1.9661332695533442,0.0,0.0,0.0
2582,15,-312.4571,460.9585,-0.0112634655,0.0,-0.0,0.0,0.0,0.0004355669532706586,0.00027215479386337763,1.9661332695533442,0.0,0.0,0.0
2583,15,-312.4571,460.9585,-0.0112634655,0.0,-0.0,0.0,0.0,0.0004355669532706586,0.00027215479386337763,1.9661332695533442,0.0,0.0,0.0
2584,15,-312.4571,460.9585,-0.0112634655,0.0,-0.0,0.0,0.0,0.0004355669532706586,0.00027215479386337763,1.9661332695533442,0.0,0.0,0.0
2585,15,-312.4571,460.9585,-0.0112634655,0.0,-0.0,0.0,0.0,0.0004355669532706586,0.00027215479386337763,1.9661332695533442,0.0,0.0,0.0
2586,15,-312.4571,460.9585,-0.0112634655,0.0,-0.0,0.0,0.0,0.0004355669532706586,0.00027215479386337763,1.9661332695533442,0.0,0.0,0.0
2587,15,-312.4571,460.9585,-0.0112634655,0.0,-0.0,0.0,0.0,0.0004355669532706586,0.00027215479386337763,1.9661332695533442,0.0,0.0,0.0
2588,15,-312.4571,460.9585,-0.0112634655,0.0,-0.0,0.0,0.0,0.0004355669532706586,0.00027215479386337763,1.9661332695533442,0.0,0.0,0.0
2589,15,-312.4571,460.9585,-0.0112634655,0.0,-0.0,0.0,0.0,0.0004355669532706586,0.00027215479386337763,1.9661332695533442,0.0,0.0,0.0
2590,15,-312.4571,460.9585,-0.0112634655,0.0,-0.0,0.0,0.0,0.0004355669532706586,0.00027215479386337763,1.9661332695533442,0.0,0.0,0.0
2591,15,-312.4571,460.9585,-0.0112634655,0.0,-0.0,0.0,0.0,0.0004355669532706586,0.00027215479386337763,1.9661332695533442,0.0,0.0,0.0
2592,15,-312.4571,460.9585,-0.0112634655,0.0,-0.0,0.0,0.0,0.0004355669532706586,0.00027215479386337763,1.9661332695533442,0.0,0.0,0.0
2593,15,-312.4571,460.9585,-0.0112634655,0.0,-0.0,0.0,0.0,0.0004355669532706586,0.00027215479386337763,1.9661332695533442,0.0,0.0,0.0
2594,15,-312.4571,460.9585,-0.0112634655,0.0,-0.0,0.0,0.0,0.0004355669532706586,0.00027215479386337763,1.9661332695533442,0.0,0.0,0.0
2595,15,-312.4571,460.9585,-0.0112634655,0.0,-0.0,0.0,0.0,0.0004355669532706586,0.00027215479386337763,1.9661332695533442,0.0,0.0,0.0
2596,15,-312.4571,460.9585,-0.0112634655,0.0,-0.0,0.0,0.0,0.0004355669532706586,0.00027215479386337763,1.9661332695533442,0.0,0.0,0.0
2597,15,-312.4571,460.9585,-0.0112634655,0.0,-0.0,0.0,0.0,0.0004355669532706586,0.00027215479386337763,1.9661332695533442,0.0,0.0,0.0
2598,15,-312.4571,460.9585,-0.0112634655,0.0,-0.0,0.0,0.0,0.0004355669532706586,0.00027215479386337763,1.9661332695533442,0.0,0.0,0.0
2599,15,-312.4571,460.9585,-0.0112634655,0.0,-0.0,0.0,0.0,0.0004355669532706586,0.00027215479386337763,1.9661332695533442,0.0,0.0,0.0
2600,15,-312.4571,460.9585,-0.0112634655,0.0,-0.0,0.0,0.0,0.0004355669532706586,0.00027215479386337763,1.9661332695533442,0.0,0.0,0.0
2601,15,-312.4571,460.9585,-0.0112634655,0.0,-0.0,0.0,0.0,0.0004355669532706586,0.00027215479386337763,1.9661332695533442,0.0,0.0,0.0
2602,15,-312.4571,460.9585,-0.0112634655,0.0,-0.0,0.0,0.0,0.0004355669532706586,0.00027215479386337763,1.9661332695533442,0.0,0.0,0.0
2603,15,-312.4571,460.9585,-0.0112634655,0.0,-0.0,0.0,0.0,0.0004355669532706586,0.00027215479386337763,1.9661332695533442,0.0,0.0,0.0
2604,15,-312.4571,460.9585,-0.0112634655,0.0,-0.0,0.0,0.0,0.0004355669532706586,0.00027215479386337763,1.9661332695533442,0.0,0.0,0.0
2605,15,-312.4571,460.9585,-0.0112634655,0.0,-0.0,0.0,0.0,0.0004355669532706586,0.00027215479386337763,1.9661332695533442,0.0,0.0,0.0
2606,15,-312.4571,460.9585,-0.0112634655,0.0,-0.0,0.0,0.0,0.0004355669532706586,0.00027215479386337763,1.9661332695533442,0.0,0.0,0.0
2607,15,-312.4571,460.9585,-0.0112634655,0.0,-0.0,0.0,0.0,0.0004355669532706586,0.00027215479386337763,1.9661332695533442,0.0,0.0,0.0
2608,15,-312.4571,460.9585,-0.0112634655,0.0,-0.0,0.0,0.0,0.0004355669532706586,0.00027215479386337763,1.9661332695533442,0.0,0.0,0.0
2609,15,-312.4571,460.9585,-0.0112634655,0.0,-0.0,0.0,0.0,0.0004355669532706586,0.00027215479386337763,1.9661332695533442,0.0,0.0,0.0
2610,15,-312.4571,460.9585,-0.0112634655,0.0,-0.0,0.0,0.0,0.0004355669532706586,0.00027215479386337763,1.9661332695533442,0.0,0.0,0.0
2611,15,-312.4571,460.9585,-0.0112634655,0.0,-0.0,0.0,0.0,0.0004355669532706586,0.00027215479386337763,1.9661332695533442,0.0,0.0,0.0
2612,15,-312.4571,460.9585,-0.0112634655,0.0,-0.0,0.0,0.0,0.0004355669532706586,0.00027215479386337763,1.9661332695533442,0.0,0.0,0.0
2613,15,-312.4571,460.9585,-0.0112634655,0.0,-0.0,0.0,0.0,0.0004355669532706586,0.00027215479386337763,1.9661332695533442,0.0,0.0,0.0
2614,15,-312.4571,460.9585,-0.0112634655,0.0,-0.0,0.0,0.0,0.0004355669532706586,0.00027215479386337763,1.9661332695533442,0.0,0.0,0.0
2615,15,-312.4571,460.9585,-0.0112634655,0.0,-0.0,0.0,0.0,0.0004355669532706586,0.00027215479386337763,1.9661332695533442,0.0,0.0,0.0
2616,15,-312.4571,460.9585,-0.0112634655,0.0,-0.0,0.0,0.0,0.0004355669532706586,0.00027215479386337763,1.9661332695533442,0.0,0.0,0.0
2617,15,-312.4571,460.9585,-0.0112634655,0.0,-0.0,0.0,0.0,0.0004355669532706586,0.00027215479386337763,1.9661332695533442,0.0,0.0,0.0
2618,15,-312.4571,460.9585,-0.0112634655,0.0,-0.0,0.0,0.0,0.0004355669532706586,0.00027215479386337763,1.9661332695533442,0.0,0.0,0.0
2619,15,-312.4571,460.9585,-0.0112634655,0.0,-0.0,0.0,0.0,0.0004355669532706586,0.00027215479386337763,1.9661332695533442,0.0,0.0,0.0
2620,15,-312.4571,460.9585,-0.0112634655,0.0,-0.0,0.0,0.0,0.0004355669532706586,0.00027215479386337763,1.9661332695533442,0.0,0.0,0.0
2621,15,-312.4571,460.9585,-0.0112634655,0.0,-0.0,0.0,0.0,0.0004355669532706586,0.00027215479386337763,1.9661332695533442,0.0,0.0,0.0
2622,15,-312.4571,460.9585,-0.0112634655,0.0,-0.0,0.0,0.0,0.0004355669532706586,0.00027215479386337763,1.9661332695533442,0.0,0.0,0.0
2623,15,-312.4571,460.9585,-0.0112634655,0.0,-0.0,0.0,0.0,0.0004355669532706586,0.00027215479386337763,1.9661332695533442,0.0,0.0,0.0
2624,15,-312.4571,460.9585,-0.0112634655,0.0,-0.0,0.0,0.0,0.0004355669532706586,0.00027215479386337763,1.9661332695533442,0.0,0.0,0.0
2625,15,-312.4571,460.9585,-0.0112634655,0.0,-0.0,0.0,0.0,0.0004355669532706586,0.00027215479386337763,1.9661332695533442,0.0,0.0,0.0
2626,15,-312.4571,460.9585,-0.0112634655,0.0,-0.0,0.0,0.0,0.0004355669532706586,0.00027215479386337763,1.9661332695533442,0.0,0.0,0.0
2627,15,-312.4571,460.9585,-0.0112634655,0.0,-0.0,0.0,0.0,0.0004355669532706586,0.00027215479386337763,1.9661332695533442,0.0,0.0,0.0
2628,15,-312.4571,460.9585,-0.0112634655,0.0,-0.0,0.0,0.0,0.0004355669532706586,0.00027215479386337763,1.9661332695533442,0.0,0.0,0.0
2629,15,-312.4571,460.9585,-0.0112634655,0.0,-0.0,0.0,0.0,0.0004355669532706586,0.00027215479386337763,1.9661332695533442,0.0,0.0,0.0
2630,15,-312.4571,460.9585,-0.0112634655,0.0,-0.0,0.0,0.0,0.0004355669532706586,0.00027215479386337763,1.9661332695533442,0.0,0.0,0.0
2631,15,-312.4571,460.9585,-0.0112634655,0.0,-0.0,0.0,0.0,0.0004355669532706586,0.00027215479386337763,1.9661332695533442,0.0,0.0,0.0
2632,15,-312.4571,460.9585,-0.0112634655,0.0,-0.0,0.0,0.0,0.0004355669532706586,0.00027215479386337763,1.9661332695533442,0.0,0.0,0.0
2633,15,-312.4571,460.9585,-0.0112634655,0.0,-0.0,0.0,0.0,0.0004355669532706586,0.00027215479386337763,1.9661332695533442,0.0,0.0,0.0
2634,15,-312.4571,460.9585,-0.0112634655,0.0,-0.0,0.0,0.0,0.0004355669532706586,0.00027215479386337763,1.9661332695533442,0.0,0.0,0.0
2635,15,-312.4571,460.9585,-0.0112634655,0.0,-0.0,0.0,0.0,0.0004355669532706586,0.00027215479386337763,1.9661332695533442,0.0,0.0,0.0
2636,15,-312.4571,460.9585,-0.0112634655,0.0,-0.0,0.0,0.0,0.0004355669532706586,0.00027215479386337763,1.9661332695533442,0.0,0.0,0.0
2637,15,-312.4571,460.9585,-0.0112634655,0.0,-0.0,0.0,0.0,0.0004355669532706586,0.00027215479386337763,1.9661332695533442,0.0,0.0,0.0
2638,15,-312.4571,460.9585,-0.0112634655,0.0,-0.0,0.0,0.0,0.0004355669532706586,0.00027215479386337763,1.9661332695533442,0.0,0.0,0.0
2639,15,-312.4571,460.9585,-0.0112634655,0.0,-0.0,0.0,0.0,0.0004355669532706586,0.00027215479386337763,1.9661332695533442,0.0,0.0,0.0
2640,15,-312.4571,460.9585,-0.0112634655,0.0,-0.0,0.0,0.0,0.0004355669532706586,0.00027215479386337763,1.9661332695533442,0.0,0.0,0.0
2641,15,-312.4571,460.9585,-0.0112634655,0.0,-0.0,0.0,0.0,0.0004355669532706586,0.00027215479386337763,1.9661332695533442,0.0,0.0,0.0
2642,15,-312.4571,460.9585,-0.0112634655,0.0,-0.0,0.0,0.0,0.0004355669532706586,0.00027215479386337763,1.9661332695533442,0.0,0.0,0.0
2643,15,-312.4571,460.9585,-0.0112634655,0.0,-0.0,0.0,0.0,0.0004355669532706586,0.00027215479386337763,1.9661332695533442,0.0,0.0,0.0
2644,15,-312.4571,460.9585,-0.0112634655,0.0,-0.0,0.0,0.0,0.0004355669532706586,0.00027215479386337763,1.9661332695533442,0.0,0.0,0.0
2645,15,-312.4571,460.9585,-0.0112634655,0.0,-0.0,0.0,0.0,0.0004355669532706586,0.00027215479386337763,1.9661332695533442,0.0,0.0,0.0
2646,15,-312.4571,460.9585,-0.0112634655,0.0,-0.0,0.0,0.0,0.0004355669532706586,0.00027215479386337763,1.9661332695533442,0.0,0.0,0.0
2647,15,-312.4571,460.9585,-0.0112634655,0.0,-0.0,0.0,0.0,0.0004355669532706586,0.00027215479386337763,1.9661332695533442,0.0,0.0,0.0
2648,15,-312.4571,460.9585,-0.0112634655,0.0,-0.0,0.0,0.0,0.0004355669532706586,0.00027215479386337763,1.9661332695533442,0.0,0.0,0.0
2649,15,-312.4571,460.9585,-0.0112634655,0.0,-0.0,0.0,0.0,0.0004355669532706586,0.00027215479386337763,1.9661332695533442,0.0,0.0,0.0
2650,15,-312.4571,460.9585,-0.0112634655,0.0,-0.0,0.0,0.0,0.0004355669532706586,0.00027215479386337763,1.9661332695533442,0.0,0.0,0.0
2651,15,-312.4571,460.9585,-0.0112634655,0.0,-0.0,0.0,0.0,0.0004355669532706586,0.00027215479386337763,1.9661332695533442,0.0,0.0,0.0
2652,15,-312.4571,460.9585,-0.0112634655,0.0,-0.0,0.0,0.0,0.0004355669532706586,0.00027215479386337763,1.9661332695533442,0.0,0.0,0.0
2653,15,-312.4571,460.9585,-0.0112634655,0.0,-0.0,0.0,0.0,0.0004355669532706586,0.00027215479386337763,1.9661332695533442,0.0,0.0,0.0
2654,15,-312.4571,460.9585,-0.0112634655,0.0,-0.0,0.0,0.0,0.0004355669532706586,0.00027215479386337763,1.9661332695533442,0.0,0.0,0.0
2655,15,-312.4571,460.9585,-0.0112634655,0.0,-0.0,0.0,0.0,0.0004355669532706586,0.00027215479386337763,1.9661332695533442,0.0,0.0,0.0
2656,15,-312.4571,460.9585,-0.0112634655,0.0,-0.0,0.0,0.0,0.0004355669532706586,0.00027215479386337763,1.9661332695533442,0.0,0.0,0.0
2657,15,-312.4571,460.9585,-0.0112634655,0.0,-0.0,0.0,0.0,0.0004355669532706586,0.00027215479386337763,1.9661332695533442,0.0,0.0,0.0
2658,15,-312.4571,460.9585,-0.0112634655,0.0,-0.0,0.0,0.0,0.0004355669532706586,0.00027215479386337763,1.9661332695533442,0.0,0.0,0.0
2659,15,-312.4571,460.9585,-0.0112634655,0.0,-0.0,0.0,0.0,0.0004355669532706586,0.00027215479386337763,1.9661332695533442,0.0,0.0,0.0
2660,15,-312.4571,460.9585,-0.0112634655,0.0,-0.0,0.0,0.0,0.0004355669532706586,0.00027215479386337763,1.9661332695533442,0.0,0.0,0.0
2661,15,-312.4571,460.9585,-0.0112634655,0.0,-0.0,0.0,0.0,0.0004355669532706586,0.00027215479386337763,1.9661332695533442,0.0,0.0,0.0
2662,15,-312.4571,460.9585,-0.0112634655,0.0,-0.0,0.0,0.0,0.0004355669532706586,0.00027215479386337763,1.9661332695533442,0.0,0.0,0.0
2663,15,-312.4571,460.9585,-0.0112634655,0.0,-0.0,0.0,0.0,0.0004355669532706586,0.00027215479386337763,1.9661332695533442,0.0,0.0,0.0
2664,15,-312.4571,460.9585,-0.0112634655,0.0,-0.0,0.0,0.0,0.0004355669532706586,0.00027215479386337763,1.9661332695533442,0.0,0.0,0.0
2665,15,-312.4571,460.9585,-0.0112634655,0.0,-0.0,0.0,0.0,0.0004355669532706586,0.00027215479386337763,1.9661332695533442,0.0,0.0,0.0
2666,15,-312.4571,460.9585,-0.0112634655,0.0,-0.0,0.0,0.0,0.0004355669532706586,0.00027215479386337763,1.9661332695533442,0.0,0.0,0.0
2667,15,-312.4571,460.9585,-0.0112634655,0.0,-0.0,0.0,0.0,0.0004355669532706586,0.00027215479386337763,1.9661332695533442,0.0,0.0,0.0
2668,15,-312.4571,460.9585,-0.0112634655,0.0,-0.0,0.0,0.0,0.0004355669532706586,0.00027215479386337763,1.9661332695533442,0.0,0.0,0.0
2669,15,-312.4571,460.9585,-0.0112634655,0.0,-0.0,0.0,0.0,0.0004355669532706586,0.00027215479386337763,1.9661332695533442,0.0,0.0,0.0
2670,15,-312.4571,460.9585,-0.0112634655,0.0,-0.0,0.0,0.0,0.0004355669532706586,0.00027215479386337763,1.9661332695533442,0.0,0.0,0.0
2671,15,-312.4571,460.9585,-0.0112634655,0.0,-0.0,0.0,0.0,0.0004355669532706586,0.00027215479386337763,1.9661332695533442,0.0,0.0,0.0
2672,15,-312.4571,460.9585,-0.0112634655,0.0,-0.0,0.0,0.0,0.0004355669532706586,0.00027215479386337763,1.9661332695533442,0.0,0.0,0.0
2673,15,-312.4571,460.9585,-0.0112634655,0.0,-0.0,0.0,0.0,0.0004355669532706586,0.00027215479386337763,1.9661332695533442,0.0,0.0,0.0
2674,15,-312.4571,460.9585,-0.0112634655,0.0,-0.0,0.0,0.0,0.0004355669532706586,0.00027215479386337763,1.9661332695533442,0.0,0.0,0.0
2675,15,-312.4571,460.9585,-0.0112634655,0.0,-0.0,0.0,0.0,0.0004355669532706586,0.00027215479386337763,1.9661332695533442,0.0,0.0,0.0
2676,15,-312.4571,460.9585,-0.0112634655,0.0,-0.0,0.0,0.0,0.0004355669532706586,0.00027215479386337763,1.9661332695533442,0.0,0.0,0.0
2677,15,-312.4571,460.9585,-0.0112634655,0.0,-0.0,0.0,0.0,0.0004355669532706586,0.00027215479386337763,1.9661332695533442,0.0,0.0,0.0
2678,15,-312.4571,460.9585,-0.0112634655,0.0,-0.0,0.0,0.0,0.0004355669532706586,0.00027215479386337763,1.9661332695533442,0.0,0.0,0.0
2679,15,-312.4571,460.9585,-0.0112634655,0.0,-0.0,0.0,0.0,0.0004355669532706586,0.00027215479386337763,1.9661332695533442,0.0,0.0,0.0
2680,15,-312.4571,460.9585,-0.0112634655,0.0,-0.0,0.0,0.0,0.0004355669532706586,0.00027215479386337763,1.9661332695533442,0.0,0.0,0.0
2681,15,-312.4571,460.9585,-0.0112634655,0.0,-0.0,0.0,0.0,0.0004355669532706586,0.00027215479386337763,1.9661332695533442,0.0,0.0,0.0
2682,15,-312.4571,460.9585,-0.0112634655,0.0,-0.0,0.0,0.0,0.0004355669532706586,0.00027215479386337763,1.9661332695533442,0.0,0.0,0.0
2683,15,-312.4571,460.9585,-0.0112634655,0.0,-0.0,0.0,0.0,0.0004355669532706586,0.00027215479386337763,1.9661332695533442,0.0,0.0,0.0
2684,15,-312.4571,460.9585,-0.0112634655,0.0,-0.0,0.0,0.0,0.0004355669532706586,0.00027215479386337763,1.9661332695533442,0.0,0.0,0.0
2685,15,-312.4571,460.9585,-0.0112634655,0.0,-0.0,0.0,0.0,0.0004355669532706586,0.00027215479386337763,1.9661332695533442,0.0,0.0,0.0
2686,15,-312.4571,460.9585,-0.0112634655,0.0,-0.0,0.0,0.0,0.0004355669532706586,0.00027215479386337763,1.9661332695533442,0.0,0.0,0.0
2687,15,-312.4571,460.9585,-0.0112634655,0.0,-0.0,0.0,0.0,0.0004355669532706586,0.00027215479386337763,1.9661332695533442,0.0,0.0,0.0
2688,15,-312.4571,460.9585,-0.0112634655,0.0,-0.0,0.0,0.0,0.0004355669532706586,0.00027215479386337763,1.9661332695533442,0.0,0.0,0.0
2689,15,-312.4571,460.9585,-0.0112634655,0.0,-0.0,0.0,0.0,0.0004355669532706586,0.00027215479386337763,1.9661332695533442,0.0,0.0,0.0
2690,15,-312.4571,460.9585,-0.0112634655,0.0,-0.0,0.0,0.0,0.0004355669532706586,0.00027215479386337763,1.9661332695533442,0.0,0.0,0.0
2691,15,-312.4571,460.9585,-0.0112634655,0.0,-0.0,0.0,0.0,0.0004355669532706586,0.00027215479386337763,1.9661332695533442,0.0,0.0,0.0
2692,15,-312.4571,460.9585,-0.0112634655,0.0,-0.0,0.0,0.0,0.0004355669532706586,0.00027215479386337763,1.9661332695533442,0.0,0.0,0.0
2693,15,-312.4571,460.9585,-0.0112634655,0.0,-0.0,0.0,0.0,0.0004355669532706586,0.00027215479386337763,1.9661332695533442,0.0,0.0,0.0
2694,15,-312.4571,460.9585,-0.0112634655,0.0,-0.0,0.0,0.0,0.0004355669532706586,0.00027215479386337763,1.9661332695533442,0.0,0.0,0.0
2695,15,-312.4571,460.9585,-0.0112634655,0.0,-0.0,0.0,0.0,0.0004355669532706586,0.00027215479386337763,1.9661332695533442,0.0,0.0,0.0
2696,15,-312.4571,460.9585,-0.0112634655,0.0,-0.0,0.0,0.0,0.0004355669532706586,0.00027215479386337763,1.9661332695533442,0.0,0.0,0.0
2697,15,-312.4571,460.9585,-0.0112634655,0.0,-0.0,0.0,0.0,0.0004355669532706586,0.00027215479386337763,1.9661332695533442,0.0,0.0,0.0
2698,15,-312.4571,460.9585,-0.0112634655,0.0,-0.0,0.0,0.0,0.0004355669532706586,0.00027215479386337763,1.9661332695533442,0.0,0.0,0.0
2699,15,-312.4571,460.9585,-0.0112634655,0.0,-0.0,0.0,0.0,0.0004355669532706586,0.00027215479386337763,1.9661332695533442,0.0,0.0,0.0
2700,15,-312.4571,460.9585,-0.0112634655,0.0,-0.0,0.0,0.0,0.0004355669532706586,0.00027215479386337763,1.9661332695533442,0.0,0.0,0.0
2701,15,-312.4571,460.9585,-0.0112634655,0.0,-0.0,0.0,0.0,0.0004355669532706586,0.00027215479386337763,1.9661332695533442,0.0,0.0,0.0
2702,15,-312.4571,460.9585,-0.0112634655,0.0,-0.0,0.0,0.0,0.0004355669532706586,0.00027215479386337763,1.9661332695533442,0.0,0.0,0.0
2703,15,-312.4571,460.9585,-0.0112634655,0.0,-0.0,0.0,0.0,0.0004355669532706586,0.00027215479386337763,1.9661332695533442,0.0,0.0,0.0
2704,15,-312.4571,460.9585,-0.0112634655,0.0,-0.0,0.0,0.0,0.0004355669532706586,0.00027215479386337763,1.9661332695533442,0.0,0.0,0.0
2705,15,-312.4571,460.9585,-0.0112634655,0.0,-0.0,0.0,0.0,0.0004355669532706586,0.00027215479386337763,1.9661332695533442,0.0,0.0,0.0
2706,15,-312.4571,460.9585,-0.0112634655,0.0,-0.0,0.0,0.0,0.0004355669532706586,0.00027215479386337763,1.9661332695533442,0.0,0.0,0.0
2707,15,-312.4571,460.9585,-0.0112634655,0.0,-0.0,0.0,0.0,0.0004355669532706586,0.00027215479386337763,1.9661332695533442,0.0,0.0,0.0
2708,15,-312.4571,460.9585,-0.0112634655,0.0,-0.0,0.0,0.0,0.0004355669532706586,0.00027215479386337763,1.9661332695533442,0.0,0.0,0.0
2709,15,-312.4571,460.9585,-0.0112634655,0.0,-0.0,0.0,0.0,0.0004355669532706586,0.00027215479386337763,1.9661332695533442,0.0,0.0,0.0
2710,15,-312.4571,460.9585,-0.0112634655,0.0,-0.0,0.0,0.0,0.0004355669532706586,0.00027215479386337763,1.9661332695533442,0.0,0.0,0.0
2711,15,-312.4571,460.9585,-0.0112634655,0.0,-0.0,0.0,0.0,0.0004355669532706586,0.00027215479386337763,1.9661332695533442,0.0,0.0,0.0
2712,15,-312.4571,460.9585,-0.0112634655,0.0,-0.0,0.0,0.0,0.0004355669532706586,0.00027215479386337763,1.9661332695533442,0.0,0.0,0.0
2713,15,-312.4571,460.9585,-0.0112634655,0.0,-0.0,0.0,0.0,0.0004355669532706586,0.00027215479386337763,1.9661332695533442,0.0,0.0,0.0
2714,15,-312.4571,460.9585,-0.0112634655,0.0,-0.0,0.0,0.0,0.0004355669532706586,0.00027215479386337763,1.9661332695533442,0.0,0.0,0.0
2715,15,-312.4571,460.9585,-0.0112634655,0.0,-0.0,0.0,0.0,0.0004355669532706586,0.00027215479386337763,1.9661332695533442,0.0,0.0,0.0
2716,15,-312.4571,460.9585,-0.0112634655,0.0,-0.0,0.0,0.0,0.0004355669532706586,0.00027215479386337763,1.9661332695533442,0.0,0.0,0.0
2717,15,-312.4571,460.9585,-0.0112634655,0.0,-0.0,0.0,0.0,0.0004355669532706586,0.00027215479386337763,1.9661332695533442,0.0,0.0,0.0
2718,15,-312.4571,460.9585,-0.0112634655,0.0,-0.0,0.0,0.0,0.0004355669532706586,0.00027215479386337763,1.9661332695533442,0.0,0.0,0.0
2719,15,-312.4571,460.9585,-0.0112634655,0.0,-0.0,0.0,0.0,0.0004355669532706586,0.00027215479386337763,1.9661332695533442,0.0,0.0,0.0
2720,15,-312.4571,460.9585,-0.0112634655,0.0,-0.0,0.0,0.0,0.0004355669532706586,0.00027215479386337763,1.9661332695533442,0.0,0.0,0.0
2721,15,-312.4571,460.9585,-0.0112634655,0.0,-0.0,0.0,0.0,0.0004355669532706586,0.00027215479386337763,1.9661332695533442,0.0,0.0,0.0
2722,15,-312.4571,460.9585,-0.0112634655,0.0,-0.0,0.0,0.0,0.0004355669532706586,0.00027215479386337763,1.9661332695533442,0.0,0.0,0.0
2723,15,-312.4571,460.9585,-0.0112634655,0.0,-0.0,0.0,0.0,0.0004355669532706586,0.00027215479386337763,1.9661332695533442,0.0,0.0,0.0
2724,15,-312.4571,460.9585,-0.0112634655,0.0,-0.0,0.0,0.0,0.0004355669532706586,0.00027215479386337763,1.9661332695533442,0.0,0.0,0.0
2725,15,-312.4571,460.9585,-0.0112634655,0.0,-0.0,0.0,0.0,0.0004355669532706586,0.00027215479386337763,1.9661332695533442,0.0,0.0,0.0
2726,15,-312.4571,460.9585,-0.0112634655,0.0,-0.0,0.0,0.0,0.0004355669532706586,0.00027215479386337763,1.9661332695533442,0.0,0.0,0.0
2727,15,-312.4571,460.9585,-0.0112634655,0.0,-0.0,0.0,0.0,0.0004355669532706586,0.00027215479386337763,1.9661332695533442,0.0,0.0,0.0
2728,15,-312.4571,460.9585,-0.0112634655,0.0,-0.0,0.0,0.0,0.0004355669532706586,0.00027215479386337763,1.9661332695533442,0.0,0.0,0.0
2729,15,-312.4571,460.9585,-0.0112634655,0.0,-0.0,0.0,0.0,0.0004355669532706586,0.00027215479386337763,1.9661332695533442,0.0,0.0,0.0
2730,15,-312.4571,460.9585,-0.0112634655,0.0,-0.0,0.0,0.0,0.0004355669532706586,0.00027215479386337763,1.9661332695533442,0.0,0.0,0.0
2731,15,-312.4571,460.9585,-0.0112634655,0.0,-0.0,0.0,0.0,0.0004355669532706586,0.00027215479386337763,1.9661332695533442,0.0,0.0,0.0
2732,15,-312.4571,460.9585,-0.0112634655,0.0,-0.0,0.0,0.0,0.0004355669532706586,0.00027215479386337763,1.9661332695533442,0.0,0.0,0.0
2733,15,-312.4571,460.9585,-0.0112634655,0.0,-0.0,0.0,0.0,0.0004355669532706586,0.00027215479386337763,1.9661332695533442,0.0,0.0,0.0
2734,15,-312.4571,460.9585,-0.0112634655,0.0,-0.0,0.0,0.0,0.0004355669532706586,0.00027215479386337763,1.9661332695533442,0.0,0.0,0.0
2735,15,-312.4571,460.9585,-0.0112634655,0.0,-0.0,0.0,0.0,0.0004355669532706586,0.00027215479386337763,1.9661332695533442,0.0,0.0,0.0
2736,15,-312.4571,460.9585,-0.0112634655,0.0,-0.0,0.0,0.0,0.0004355669532706586,0.00027215479386337763,1.9661332695533442,0.0,0.0,0.0
2737,15,-312.4571,460.9585,-0.0112634655,0.0,-0.0,0.0,0.0,0.0004355669532706586,0.00027215479386337763,1.9661332695533442,0.0,0.0,0.0
2738,15,-312.4571,460.9585,-0.0112634655,0.0,-0.0,0.0,0.0,0.0004355669532706586,0.00027215479386337763,1.9661332695533442,0.0,0.0,0.0
2739,15,-312.4571,460.9585,-0.0112634655,0.0,-0.0,0.0,0.0,0.0004355669532706586,0.00027215479386337763,1.9661332695533442,0.0,0.0,0.0
2740,15,-312.4571,460.9585,-0.0112634655,0.0,-0.0,0.0,0.0,0.0004355669532706586,0.00027215479386337763,1.9661332695533442,0.0,0.0,0.0
2741,15,-312.4571,460.9585,-0.0112634655,0.0,-0.0,0.0,0.0,0.0004355669532706586,0.00027215479386337763,1.9661332695533442,0.0,0.0,0.0
2742,15,-312.4571,460.9585,-0.0112634655,0.0,-0.0,0.0,0.0,0.0004355669532706586,0.00027215479386337763,1.9661332695533442,0.0,0.0,0.0
2743,15,-312.4571,460.9585,-0.0112634655,0.0,-0.0,0.0,0.0,0.0004355669532706586,0.00027215479386337763,1.9661332695533442,0.0,0.0,0.0
2744,15,-312.4571,460.9585,-0.0112634655,0.0,-0.0,0.0,0.0,0.0004355669532706586,0.00027215479386337763,1.9661332695533442,0.0,0.0,0.0
2745,15,-312.4571,460.9585,-0.0112634655,0.0,-0.0,0.0,0.0,0.0004355669532706586,0.00027215479386337763,1.9661332695533442,0.0,0.0,0.0
2746,15,-312.4571,460.9585,-0.0112634655,0.0,-0.0,0.0,0.0,0.0004355669532706586,0.00027215479386337763,1.9661332695533442,0.0,0.0,0.0
2747,15,-312.4571,460.9585,-0.0112634655,0.0,-0.0,0.0,0.0,0.0004355669532706586,0.00027215479386337763,1.9661332695533442,0.0,0.0,0.0
2748,15,-312.4571,460.9585,-0.0112634655,0.0,-0.0,0.0,0.0,0.0004355669532706586,0.00027215479386337763,1.9661332695533442,0.0,0.0,0.0
2749,15,-312.4571,460.9585,-0.0112634655,0.0,-0.0,0.0,0.0,0.0004355669532706586,0.00027215479386337763,1.9661332695533442,0.0,0.0,0.0
2750,15,-312.4571,460.9585,-0.0112634655,0.0,-0.0,0.0,0.0,0.0004355669532706586,0.00027215479386337763,1.9661332695533442,0.0,0.0,0.0
2751,15,-312.4571,460.9585,-0.0112634655,0.0,-0.0,0.0,0.0,0.0004355669532706586,0.00027215479386337763,1.9661332695533442,0.0,0.0,0.0
2752,15,-312.4571,460.9585,-0.0112634655,0.0,-0.0,0.0,0.0,0.0004355669532706586,0.00027215479386337763,1.9661332695533442,0.0,0.0,0.0
2753,15,-312.4571,460.9585,-0.0112634655,0.0,-0.0,0.0,0.0,0.0004355669532706586,0.00027215479386337763,1.9661332695533442,0.0,0.0,0.0
2754,15,-312.4571,460.9585,-0.0112634655,0.0,-0.0,0.0,0.0,0.0004355669532706586,0.00027215479386337763,1.9661332695533442,0.0,0.0,0.0
2755,15,-312.4571,460.9585,-0.0112634655,0.0,-0.0,0.0,0.0,0.0004355669532706586,0.00027215479386337763,1.9661332695533442,0.0,0.0,0.0
2756,15,-312.4571,460.9585,-0.0112634655,0.0,-0.0,0.0,0.0,0.0004355669532706586,0.00027215479386337763,1.9661332695533442,0.0,0.0,0.0
2757,15,-312.4571,460.9585,-0.0112634655,0.0,-0.0,0.0,0.0,0.0004355669532706586,0.00027215479386337763,1.9661332695533442,0.0,0.0,0.0
2758,15,-312.4571,460.9585,-0.0112634655,0.0,-0.0,0.0,0.0,0.0004355669532706586,0.00027215479386337763,1.9661332695533442,0.0,0.0,0.0
2759,15,-312.4571,460.9585,-0.0112634655,0.0,-0.0,0.0,0.0,0.0004355669532706586,0.00027215479386337763,1.9661332695533442,0.0,0.0,0.0
2760,15,-312.4571,460.9585,-0.0112634655,0.0,-0.0,0.0,0.0,0.0004355669532706586,0.00027215479386337763,1.9661332695533442,0.0,0.0,0.0
2761,15,-312.4571,460.9585,-0.0112634655,0.0,-0.0,0.0,0.0,0.0004355669532706586,0.00027215479386337763,1.9661332695533442,0.0,0.0,0.0
2762,15,-312.4571,460.9585,-0.0112634655,0.0,-0.0,0.0,0.0,0.0004355669532706586,0.00027215479386337763,1.9661332695533442,0.0,0.0,0.0
2763,15,-312.4571,460.9585,-0.0112634655,0.0,-0.0,0.0,0.0,0.0004355669532706586,0.00027215479386337763,1.9661332695533442,0.0,0.0,0.0
2764,15,-312.4571,460.9585,-0.0112634655,0.0,-0.0,0.0,0.0,0.0004355669532706586,0.00027215479386337763,1.9661332695533442,0.0,0.0,0.0
2765,15,-312.4571,460.9585,-0.0112634655,0.0,-0.0,0.0,0.0,0.0004355669532706586,0.00027215479386337763,1.9661332695533442,0.0,0.0,0.0
2766,15,-312.4571,460.9585,-0.0112634655,0.0,-0.0,0.0,0.0,0.0004355669532706586,0.00027215479386337763,1.9661332695533442,0.0,0.0,0.0
2767,15,-312.4571,460.9585,-0.0112634655,0.0,-0.0,0.0,0.0,0.0004355669532706586,0.00027215479386337763,1.9661332695533442,0.0,0.0,0.0
2768,15,-312.4571,460.9585,-0.0112634655,0.0,-0.0,0.0,0.0,0.0004355669532706586,0.00027215479386337763,1.9661332695533442,0.0,0.0,0.0
2769,15,-312.4571,460.9585,-0.0112634655,0.0,-0.0,0.0,0.0,0.0004355669532706586,0.00027215479386337763,1.9661332695533442,0.0,0.0,0.0
2770,15,-312.4571,460.9585,-0.0112634655,0.0,-0.0,0.0,0.0,0.0004355669532706586,0.00027215479386337763,1.9661332695533442,0.0,0.0,0.0
2771,15,-312.4571,460.9585,-0.0112634655,0.0,-0.0,0.0,0.0,0.0004355669532706586,0.00027215479386337763,1.9661332695533442,0.0,0.0,0.0
2772,15,-312.4571,460.9585,-0.0112634655,0.0,-0.0,0.0,0.0,0.0004355669532706586,0.00027215479386337763,1.9661332695533442,0.0,0.0,0.0
2773,15,-312.4571,460.9585,-0.0112634655,0.0,-0.0,0.0,0.0,0.0004355669532706586,0.00027215479386337763,1.9661332695533442,0.0,0.0,0.0
2774,15,-312.4571,460.9585,-0.0112634655,0.0,-0.0,0.0,0.0,0.0004355669532706586,0.00027215479386337763,1.9661332695533442,0.0,0.0,0.0
2775,15,-312.4571,460.9585,-0.0112634655,0.0,-0.0,0.0,0.0,0.0004355669532706586,0.00027215479386337763,1.9661332695533442,0.0,0.0,0.0
2776,15,-312.4571,460.9585,-0.0112634655,0.0,-0.0,0.0,0.0,0.0004355669532706586,0.00027215479386337763,1.9661332695533442,0.0,0.0,0.0
2777,15,-312.4571,460.9585,-0.0112634655,0.0,-0.0,0.0,0.0,0.0004355669532706586,0.00027215479386337763,1.9661332695533442,0.0,0.0,0.0
2778,15,-312.4571,460.9585,-0.0112634655,0.0,-0.0,0.0,0.0,0.0004355669532706586,0.00027215479386337763,1.9661332695533442,0.0,0.0,0.0
2779,15,-312.4571,460.9585,-0.0112634655,0.0,-0.0,0.0,0.0,0.0004355669532706586,0.00027215479386337763,1.9661332695533442,0.0,0.0,0.0
2780,15,-312.4571,460.9585,-0.0112634655,0.0,-0.0,0.0,0.0,0.0004355669532706586,0.00027215479386337763,1.9661332695533442,0.0,0.0,0.0
2781,15,-312.4571,460.9585,-0.0112634655,0.0,-0.0,0.0,0.0,0.0004355669532706586,0.00027215479386337763,1.9661332695533442,0.0,0.0,0.0
2782,15,-312.4571,460.9585,-0.0112634655,0.0,-0.0,0.0,0.0,0.0004355669532706586,0.00027215479386337763,1.9661332695533442,0.0,0.0,0.0
2783,15,-312.4571,460.9585,-0.0112634655,0.0,-0.0,0.0,0.0,0.0004355669532706586,0.00027215479386337763,1.9661332695533442,0.0,0.0,0.0
2784,15,-312.4571,460.9585,-0.0112634655,0.0,-0.0,0.0,0.0,0.0004355669532706586,0.00027215479386337763,1.9661332695533442,0.0,0.0,0.0
2785,15,-312.4571,460.9585,-0.0112634655,0.0,-0.0,0.0,0.0,0.0004355669532706586,0.00027215479386337763,1.9661332695533442,0.0,0.0,0.0
2786,15,-312.4571,460.9585,-0.0112634655,0.0,-0.0,0.0,0.0,0.0004355669532706586,0.00027215479386337763,1.9661332695533442,0.0,0.0,0.0
2787,15,-312.4571,460.9585,-0.0112634655,0.0,-0.0,0.0,0.0,0.0004355669532706586,0.00027215479386337763,1.9661332695533442,0.0,0.0,0.0
2788,15,-312.4571,460.9585,-0.0112634655,0.0,-0.0,0.0,0.0,0.0004355669532706586,0.00027215479386337763,1.9661332695533442,0.0,0.0,0.0
2789,15,-312.4571,460.9585,-0.0112634655,0.0,-0.0,0.0,0.0,0.0004355669532706586,0.00027215479386337763,1.9661332695533442,0.0,0.0,0.0
2790,15,-312.4571,460.9585,-0.0112634655,0.0,-0.0,0.0,0.0,0.0004355669532706586,0.00027215479386337763,1.9661332695533442,0.0,0.0,0.0
2791,15,-312.4571,460.9585,-0.0112634655,0.0,-0.0,0.0,0.0,0.0004355669532706586,0.00027215479386337763,1.9661332695533442,0.0,0.0,0.0
2792,15,-312.4571,460.9585,-0.0112634655,0.0,-0.0,0.0,0.0,0.0004355669532706586,0.00027215479386337763,1.9661332695533442,0.0,0.0,0.0
2793,15,-312.4571,460.9585,-0.0112634655,0.0,-0.0,0.0,0.0,0.0004355669532706586,0.00027215479386337763,1.9661332695533442,0.0,0.0,0.0
2794,15,-312.4571,460.9585,-0.0112634655,0.0,-0.0,0.0,0.0,0.0004355669532706586,0.00027215479386337763,1.9661332695533442,0.0,0.0,0.0
2795,15,-312.4571,460.9585,-0.0112634655,0.0,-0.0,0.0,0.0,0.0004355669532706586,0.00027215479386337763,1.9661332695533442,0.0,0.0,0.0
2796,15,-312.4571,460.9585,-0.0112634655,0.0,-0.0,0.0,0.0,0.0004355669532706586,0.00027215479386337763,1.9661332695533442,0.0,0.0,0.0
2797,15,-312.4571,460.9585,-0.0112634655,0.0,-0.0,0.0,0.0,0.0004355669532706586,0.00027215479386337763,1.9661332695533442,0.0,0.0,0.0
2798,15,-312.4571,460.9585,-0.0112634655,0.0,-0.0,0.0,0.0,0.0004355669532706586,0.00027215479386337763,1.9661332695533442,0.0,0.0,0.0
2799,15,-312.4571,460.9585,-0.0112634655,0.0,-0.0,0.0,0.0,0.0004355669532706586,0.00027215479386337763,1.9661332695533442,0.0,0.0,0.0
2800,15,-312.4571,460.9585,-0.0112634655,0.0,-0.0,0.0,0.0,0.0004355669532706586,0.00027215479386337763,1.9661332695533442,0.0,0.0,0.0
2801,15,-312.4571,460.9585,-0.0112634655,0.0,-0.0,0.0,0.0,0.0004355669532706586,0.00027215479386337763,1.9661332695533442,0.0,0.0,0.0
2802,15,-312.4571,460.9585,-0.0112634655,0.0,-0.0,0.0,0.0,0.0004355669532706586,0.00027215479386337763,1.9661332695533442,0.0,0.0,0.0
2803,15,-312.4571,460.9585,-0.0112634655,0.0,-0.0,0.0,0.0,0.0004355669532706586,0.00027215479386337763,1.9661332695533442,0.0,0.0,0.0
2804,15,-312.4571,460.9585,-0.0112634655,0.0,-0.0,0.0,0.0,0.0004355669532706586,0.00027215479386337763,1.9661332695533442,0.0,0.0,0.0
2805,15,-312.4571,460.9585,-0.0112634655,0.0,-0.0,0.0,0.0,0.0004355669532706586,0.00027215479386337763,1.9661332695533442,0.0,0.0,0.0
2806,15,-312.4571,460.9585,-0.0112634655,0.0,-0.0,0.0,0.0,0.0004355669532706586,0.00027215479386337763,1.9661332695533442,0.0,0.0,0.0
2807,15,-312.4571,460.9585,-0.0112634655,0.0,-0.0,0.0,0.0,0.0004355669532706586,0.00027215479386337763,1.9661332695533442,0.0,0.0,0.0
2808,15,-312.4571,460.9585,-0.0112634655,0.0,-0.0,0.0,0.0,0.0004355669532706586,0.00027215479386337763,1.9661332695533442,0.0,0.0,0.0
2809,15,-312.4571,460.9585,-0.0112634655,0.0,-0.0,0.0,0.0,0.0004355669532706586,0.00027215479386337763,1.9661332695533442,0.0,0.0,0.0
2810,15,-312.4571,460.9585,-0.0112634655,0.0,-0.0,0.0,0.0,0.0004355669532706586,0.00027215479386337763,1.9661332695533442,0.0,0.0,0.0
2811,15,-312.4571,460.9585,-0.0112634655,0.0,-0.0,0.0,0.0,0.0004355669532706586,0.00027215479386337763,1.9661332695533442,0.0,0.0,0.0
2812,15,-312.4571,460.9585,-0.0112634655,0.0,-0.0,0.0,0.0,0.0004355669532706586,0.00027215479386337763,1.9661332695533442,0.0,0.0,0.0
2813,15,-312.4571,460.9585,-0.0112634655,0.0,-0.0,0.0,0.0,0.0004355669532706586,0.00027215479386337763,1.9661332695533442,0.0,0.0,0.0
2814,15,-312.4571,460.9585,-0.0112634655,0.0,-0.0,0.0,0.0,0.0004355669532706586,0.00027215479386337763,1.9661332695533442,0.0,0.0,0.0
2815,15,-312.4571,460.9585,-0.0112634655,0.0,-0.0,0.0,0.0,0.0004355669532706586,0.00027215479386337763,1.9661332695533442,0.0,0.0,0.0
2816,15,-312.4571,460.9585,-0.0112634655,0.0,-0.0,0.0,0.0,0.0004355669532706586,0.00027215479386337763,1.9661332695533442,0.0,0.0,0.0
2817,15,-312.4571,460.9585,-0.0112634655,0.0,-0.0,0.0,0.0,0.0004355669532706586,0.00027215479386337763,1.9661332695533442,0.0,0.0,0.0
2818,15,-312.4571,460.9585,-0.0112634655,0.0,-0.0,0.0,0.0,0.0004355669532706586,0.00027215479386337763,1.9661332695533442,0.0,0.0,0.0
2819,15,-312.4571,460.9585,-0.0112634655,0.0,-0.0,0.0,0.0,0.0004355669532706586,0.00027215479386337763,1.9661332695533442,0.0,0.0,0.0
2820,15,-312.4571,460.9585,-0.0112634655,0.0,-0.0,0.0,0.0,0.0004355669532706586,0.00027215479386337763,1.9661332695533442,0.0,0.0,0.0
2821,15,-312.4571,460.9585,-0.0112634655,0.0,-0.0,0.0,0.0,0.0004355669532706586,0.00027215479386337763,1.9661332695533442,0.0,0.0,0.0
2822,15,-312.4571,460.9585,-0.0112634655,0.0,-0.0,0.0,0.0,0.0004355669532706586,0.00027215479386337763,1.9661332695533442,0.0,0.0,0.0
2823,15,-312.4571,460.9585,-0.0112634655,0.0,-0.0,0.0,0.0,0.0004355669532706586,0.00027215479386337763,1.9661332695533442,0.0,0.0,0.0
2824,15,-312.4571,460.9585,-0.0112634655,0.0,-0.0,0.0,0.0,0.0004355669532706586,0.00027215479386337763,1.9661332695533442,0.0,0.0,0.0
2825,15,-312.4571,460.9585,-0.0112634655,0.0,-0.0,0.0,0.0,0.0004355669532706586,0.00027215479386337763,1.9661332695533442,0.0,0.0,0.0
2826,15,-312.4571,460.9585,-0.0112634655,0.0,-0.0,0.0,0.0,0.0004355669532706586,0.00027215479386337763,1.9661332695533442,0.0,0.0,0.0
2827,15,-312.4571,460.9585,-0.0112634655,0.0,-0.0,0.0,0.0,0.0004355669532706586,0.00027215479386337763,1.9661332695533442,0.0,0.0,0.0
2828,15,-312.4571,460.9585,-0.0112634655,0.0,-0.0,0.0,0.0,0.0004355669532706586,0.00027215479386337763,1.9661332695533442,0.0,0.0,0.0
2829,15,-312.4571,460.9585,-0.0112634655,0.0,-0.0,0.0,0.0,0.0004355669532706586,0.00027215479386337763,1.9661332695533442,0.0,0.0,0.0
2830,15,-312.4571,460.9585,-0.0112634655,0.0,-0.0,0.0,0.0,0.0004355669532706586,0.00027215479386337763,1.9661332695533442,0.0,0.0,0.0
2831,15,-312.4571,460.9585,-0.0112634655,0.0,-0.0,0.0,0.0,0.0004355669532706586,0.00027215479386337763,1.9661332695533442,0.0,0.0,0.0
2832,15,-312.4571,460.9585,-0.0112634655,0.0,-0.0,0.0,0.0,0.0004355669532706586,0.00027215479386337763,1.9661332695533442,0.0,0.0,0.0
2833,15,-312.4571,460.9585,-0.0112634655,0.0,-0.0,0.0,0.0,0.0004355669532706586,0.00027215479386337763,1.9661332695533442,0.0,0.0,0.0
2834,15,-312.4571,460.9585,-0.0112634655,0.0,-0.0,0.0,0.0,0.0004355669532706586,0.00027215479386337763,1.9661332695533442,0.0,0.0,0.0
2835,15,-312.4571,460.9585,-0.0112634655,0.0,-0.0,0.0,0.0,0.0004355669532706586,0.00027215479386337763,1.9661332695533442,0.0,0.0,0.0
2836,15,-312.4571,460.9585,-0.0112634655,0.0,-0.0,0.0,0.0,0.0004355669532706586,0.00027215479386337763,1.9661332695533442,0.0,0.0,0.0
2837,15,-312.4571,460.9585,-0.0112634655,0.0,-0.0,0.0,0.0,0.0004355669532706586,0.00027215479386337763,1.9661332695533442,0.0,0.0,0.0
2838,15,-312.4571,460.9585,-0.0112634655,0.0,-0.0,0.0,0.0,0.0004355669532706586,0.00027215479386337763,1.9661332695533442,0.0,0.0,0.0
2839,15,-312.4571,460.9585,-0.0112634655,0.0,-0.0,0.0,0.0,0.0004355669532706586,0.00027215479386337763,1.9661332695533442,0.0,0.0,0.0
2840,15,-312.4571,460.9585,-0.0112634655,0.0,-0.0,0.0,0.0,0.0004355669532706586,0.00027215479386337763,1.9661332695533442,0.0,0.0,0.0
2841,15,-312.4571,460.9585,-0.0112634655,0.0,-0.0,0.0,0.0,0.0004355669532706586,0.00027215479386337763,1.9661332695533442,0.0,0.0,0.0
2842,15,-312.4571,460.9585,-0.0112634655,0.0,-0.0,0.0,0.0,0.0004355669532706586,0.00027215479386337763,1.9661332695533442,0.0,0.0,0.0
2843,15,-312.4571,460.9585,-0.0112634655,0.0,-0.0,0.0,0.0,0.0004355669532706586,0.00027215479386337763,1.9661332695533442,0.0,0.0,0.0
2844,15,-312.4571,460.9585,-0.0112634655,0.0,-0.0,0.0,0.0,0.0004355669532706586,0.00027215479386337763,1.9661332695533442,0.0,0.0,0.0
2845,15,-312.4571,460.9585,-0.0112634655,0.0,-0.0,0.0,0.0,0.0004355669532706586,0.00027215479386337763,1.9661332695533442,0.0,0.0,0.0
2846,15,-312.4571,460.9585,-0.0112634655,0.0,-0.0,0.0,0.0,0.0004355669532706586,0.00027215479386337763,1.9661332695533442,0.0,0.0,0.0
2847,15,-312.4571,460.9585,-0.0112634655,0.0,-0.0,0.0,0.0,0.0004355669532706586,0.00027215479386337763,1.9661332695533442,0.0,0.0,0.0
2848,15,-312.4571,460.9585,-0.0112634655,0.0,-0.0,0.0,0.0,0.0004355669532706586,0.00027215479386337763,1.9661332695533442,0.0,0.0,0.0
2849,15,-312.4571,460.9585,-0.0112634655,0.0,-0.0,0.0,0.0,0.0004355669532706586,0.00027215479386337763,1.9661332695533442,0.0,0.0,0.0
2850,15,-312.4571,460.9585,-0.0112634655,0.0,-0.0,0.0,0.0,0.0004355669532706586,0.00027215479386337763,1.9661332695533442,0.0,0.0,0.0
2851,15,-312.4571,460.9585,-0.0112634655,0.0,-0.0,0.0,0.0,0.0004355669532706586,0.00027215479386337763,1.9661332695533442,0.0,0.0,0.0
2852,15,-312.4571,460.9585,-0.0112634655,0.0,-0.0,0.0,0.0,0.0004355669532706586,0.00027215479386337763,1.9661332695533442,0.0,0.0,0.0
2853,15,-312.4571,460.9585,-0.0112634655,0.0,-0.0,0.0,0.0,0.0004355669532706586,0.00027215479386337763,1.9661332695533442,0.0,0.0,0.0
2854,15,-312.4571,460.9585,-0.0112634655,0.0,-0.0,0.0,0.0,0.0004355669532706586,0.00027215479386337763,1.9661332695533442,0.0,0.0,0.0
2855,15,-312.4571,460.9585,-0.0112634655,0.0,-0.0,0.0,0.0,0.0004355669532706586,0.00027215479386337763,1.9661332695533442,0.0,0.0,0.0
2856,15,-312.4571,460.9585,-0.0112634655,0.0,-0.0,0.0,0.0,0.0004355669532706586,0.00027215479386337763,1.9661332695533442,0.0,0.0,0.0
2857,15,-312.4571,460.9585,-0.0112634655,0.0,-0.0,0.0,0.0,0.0004355669532706586,0.00027215479386337763,1.9661332695533442,0.0,0.0,0.0
2858,15,-312.4571,460.9585,-0.0112634655,0.0,-0.0,0.0,0.0,0.0004355669532706586,0.00027215479386337763,1.9661332695533442,0.0,0.0,0.0
2859,15,-312.4571,460.9585,-0.0112634655,0.0,-0.0,0.0,0.0,0.0004355669532706586,0.00027215479386337763,1.9661332695533442,0.0,0.0,0.0
2860,15,-312.4571,460.9585,-0.0112634655,0.0,-0.0,0.0,0.0,0.0004355669532706586,0.00027215479386337763,1.9661332695533442,0.0,0.0,0.0
2861,15,-312.4571,460.9585,-0.0112634655,0.0,-0.0,0.0,0.0,0.0004355669532706586,0.00027215479386337763,1.9661332695533442,0.0,0.0,0.0
2862,15,-312.4571,460.9585,-0.0112634655,0.0,-0.0,0.0,0.0,0.0004355669532706586,0.00027215479386337763,1.9661332695533442,0.0,0.0,0.0
2863,15,-312.4571,460.9585,-0.0112634655,0.0,-0.0,0.0,0.0,0.0004355669532706586,0.00027215479386337763,1.9661332695533442,0.0,0.0,0.0
2864,15,-312.4571,460.9585,-0.0112634655,0.0,-0.0,0.0,0.0,0.0004355669532706586,0.00027215479386337763,1.9661332695533442,0.0,0.0,0.0
2865,15,-312.4571,460.9585,-0.0112634655,0.0,-0.0,0.0,0.0,0.0004355669532706586,0.00027215479386337763,1.9661332695533442,0.0,0.0,0.0
2866,15,-312.4571,460.9585,-0.0112634655,0.0,-0.0,0.0,0.0,0.0004355669532706586,0.00027215479386337763,1.9661332695533442,0.0,0.0,0.0
2867,15,-312.4571,460.9585,-0.0112634655,0.0,-0.0,0.0,0.0,0.0004355669532706586,0.00027215479386337763,1.9661332695533442,0.0,0.0,0.0
2868,15,-312.4571,460.9585,-0.0112634655,0.0,-0.0,0.0,0.0,0.0004355669532706586,0.00027215479386337763,1.9661332695533442,0.0,0.0,0.0
2869,15,-312.4571,460.9585,-0.0112634655,0.0,-0.0,0.0,0.0,0.0004355669532706586,0.00027215479386337763,1.9661332695533442,0.0,0.0,0.0
2870,15,-312.4571,460.9585,-0.0112634655,0.0,-0.0,0.0,0.0,0.0004355669532706586,0.00027215479386337763,1.9661332695533442,0.0,0.0,0.0
2871,15,-312.4571,460.9585,-0.0112634655,0.0,-0.0,0.0,0.0,0.0004355669532706586,0.00027215479386337763,1.9661332695533442,0.0,0.0,0.0
2872,15,-312.4571,460.9585,-0.0112634655,0.0,-0.0,0.0,0.0,0.0004355669532706586,0.00027215479386337763,1.9661332695533442,0.0,0.0,0.0
2873,15,-312.4571,460.9585,-0.0112634655,0.0,-0.0,0.0,0.0,0.0004355669532706586,0.00027215479386337763,1.9661332695533442,0.0,0.0,0.0
2874,15,-312.4571,460.9585,-0.0112634655,0.0,-0.0,0.0,0.0,0.0004355669532706586,0.00027215479386337763,1.9661332695533442,0.0,0.0,0.0
2875,15,-312.4571,460.9585,-0.0112634655,0.0,-0.0,0.0,0.0,0.0004355669532706586,0.00027215479386337763,1.9661332695533442,0.0,0.0,0.0
2876,15,-312.4571,460.9585,-0.0112634655,0.0,-0.0,0.0,0.0,0.0004355669532706586,0.00027215479386337763,1.9661332695533442,0.0,0.0,0.0
2877,15,-312.4571,460.9585,-0.0112634655,0.0,-0.0,0.0,0.0,0.0004355669532706586,0.00027215479386337763,1.9661332695533442,0.0,0.0,0.0
2878,15,-312.4571,460.9585,-0.0112634655,0.0,-0.0,0.0,0.0,0.0004355669532706586,0.00027215479386337763,1.9661332695533442,0.0,0.0,0.0
2879,15,-312.4571,460.9585,-0.0112634655,0.0,-0.0,0.0,0.0,0.0004355669532706586,0.00027215479386337763,1.9661332695533442,0.0,0.0,0.0
2880,15,-312.4571,460.9585,-0.0112634655,0.0,-0.0,0.0,0.0,0.0004355669532706586,0.00027215479386337763,1.9661332695533442,0.0,0.0,0.0
2881,15,-312.4571,460.9585,-0.0112634655,0.0,-0.0,0.0,0.0,0.0004355669532706586,0.00027215479386337763,1.9661332695533442,0.0,0.0,0.0
2882,15,-312.4571,460.9585,-0.0112634655,0.0,-0.0,0.0,0.0,0.0004355669532706586,0.00027215479386337763,1.9661332695533442,0.0,0.0,0.0
2883,15,-312.4571,460.9585,-0.0112634655,0.0,-0.0,0.0,0.0,0.0004355669532706586,0.00027215479386337763,1.9661332695533442,0.0,0.0,0.0
2884,15,-312.4571,460.9585,-0.0112634655,0.0,-0.0,0.0,0.0,0.0004355669532706586,0.00027215479386337763,1.9661332695533442,0.0,0.0,0.0
2885,15,-312.4571,460.9585,-0.0112634655,0.0,-0.0,0.0,0.0,0.0004355669532706586,0.00027215479386337763,1.9661332695533442,0.0,0.0,0.0
2886,15,-312.4571,460.9585,-0.0112634655,0.0,-0.0,0.0,0.0,0.0004355669532706586,0.00027215479386337763,1.9661332695533442,0.0,0.0,0.0
2887,15,-312.4571,460.9585,-0.0112634655,0.0,-0.0,0.0,0.0,0.0004355669532706586,0.00027215479386337763,1.9661332695533442,0.0,0.0,0.0
2888,15,-312.4571,460.9585,-0.0112634655,0.0,-0.0,0.0,0.0,0.0004355669532706586,0.00027215479386337763,1.9661332695533442,0.0,0.0,0.0
2889,15,-312.4571,460.9585,-0.0112634655,0.0,-0.0,0.0,0.0,0.0004355669532706586,0.00027215479386337763,1.9661332695533442,0.0,0.0,0.0
2890,15,-312.4571,460.9585,-0.0112634655,0.0,-0.0,0.0,0.0,0.0004355669532706586,0.00027215479386337763,1.9661332695533442,0.0,0.0,0.0
2891,15,-312.4571,460.9585,-0.0112634655,0.0,-0.0,0.0,0.0,0.0004355669532706586,0.00027215479386337763,1.9661332695533442,0.0,0.0,0.0
2892,15,-312.4571,460.9585,-0.0112634655,0.0,-0.0,0.0,0.0,0.0004355669532706586,0.00027215479386337763,1.9661332695533442,0.0,0.0,0.0
2893,15,-312.4571,460.9585,-0.0112634655,0.0,-0.0,0.0,0.0,0.0004355669532706586,0.00027215479386337763,1.9661332695533442,0.0,0.0,0.0
2894,15,-312.4571,460.9585,-0.0112634655,0.0,-0.0,0.0,0.0,0.0004355669532706586,0.00027215479386337763,1.9661332695533442,0.0,0.0,0.0
2895,15,-312.4571,460.9585,-0.0112634655,0.0,-0.0,0.0,0.0,0.0004355669532706586,0.00027215479386337763,1.9661332695533442,0.0,0.0,0.0
2896,15,-312.4571,460.9585,-0.0112634655,0.0,-0.0,0.0,0.0,0.0004355669532706586,0.00027215479386337763,1.9661332695533442,0.0,0.0,0.0
2897,15,-312.4571,460.9585,-0.0112634655,0.0,-0.0,0.0,0.0,0.0004355669532706586,0.00027215479386337763,1.9661332695533442,0.0,0.0,0.0
2898,15,-312.4571,460.9585,-0.0112634655,0.0,-0.0,0.0,0.0,0.0004355669532706586,0.00027215479386337763,1.9661332695533442,0.0,0.0,0.0
2899,15,-312.4571,460.9585,-0.0112634655,0.0,-0.0,0.0,0.0,0.0004355669532706586,0.00027215479386337763,1.9661332695533442,0.0,0.0,0.0
2900,15,-312.4571,460.9585,-0.0112634655,0.0,-0.0,0.0,0.0,0.0004355669532706586,0.00027215479386337763,1.9661332695533442,0.0,0.0,0.0
2901,15,-312.4571,460.9585,-0.0112634655,0.0,-0.0,0.0,0.0,0.0004355669532706586,0.00027215479386337763,1.9661332695533442,0.0,0.0,0.0
2902,15,-312.4571,460.9585,-0.0112634655,0.0,-0.0,0.0,0.0,0.0004355669532706586,0.00027215479386337763,1.9661332695533442,0.0,0.0,0.0
2903,15,-312.4571,460.9585,-0.0112634655,0.0,-0.0,0.0,0.0,0.0004355669532706586,0.00027215479386337763,1.9661332695533442,0.0,0.0,0.0
2904,15,-312.4571,460.9585,-0.0112634655,0.0,-0.0,0.0,0.0,0.0004355669532706586,0.00027215479386337763,1.9661332695533442,0.0,0.0,0.0
2905,15,-312.4571,460.9585,-0.0112634655,0.0,-0.0,0.0,0.0,0.0004355669532706586,0.00027215479386337763,1.9661332695533442,0.0,0.0,0.0
2906,15,-312.4571,460.9585,-0.0112634655,0.0,-0.0,0.0,0.0,0.0004355669532706586,0.00027215479386337763,1.9661332695533442,0.0,0.0,0.0
2907,15,-312.4571,460.9585,-0.0112634655,0.0,-0.0,0.0,0.0,0.0004355669532706586,0.00027215479386337763,1.9661332695533442,0.0,0.0,0.0
2908,15,-312.4571,460.9585,-0.0112634655,0.0,-0.0,0.0,0.0,0.0004355669532706586,0.00027215479386337763,1.9661332695533442,0.0,0.0,0.0
2909,15,-312.4571,460.9585,-0.0112634655,0.0,-0.0,0.0,0.0,0.0004355669532706586,0.00027215479386337763,1.9661332695533442,0.0,0.0,0.0
2910,15,-312.4571,460.9585,-0.0112634655,0.0,-0.0,0.0,0.0,0.0004355669532706586,0.00027215479386337763,1.9661332695533442,0.0,0.0,0.0
2911,15,-312.4571,460.9585,-0.0112634655,0.0,-0.0,0.0,0.0,0.0004355669532706586,0.00027215479386337763,1.9661332695533442,0.0,0.0,0.0
2912,15,-312.4571,460.9585,-0.0112634655,0.0,-0.0,0.0,0.0,0.0004355669532706586,0.00027215479386337763,1.9661332695533442,0.0,0.0,0.0
2913,15,-312.4571,460.9585,-0.0112634655,0.0,-0.0,0.0,0.0,0.0004355669532706586,0.00027215479386337763,1.9661332695533442,0.0,0.0,0.0
2914,15,-312.4571,460.9585,-0.0112634655,0.0,-0.0,0.0,0.0,0.0004355669532706586,0.00027215479386337763,1.9661332695533442,0.0,0.0,0.0
2915,15,-312.4571,460.9585,-0.0112634655,0.0,-0.0,0.0,0.0,0.0004355669532706586,0.00027215479386337763,1.9661332695533442,0.0,0.0,0.0
2916,15,-312.4571,460.9585,-0.0112634655,0.0,-0.0,0.0,0.0,0.0004355669532706586,0.00027215479386337763,1.9661332695533442,0.0,0.0,0.0
2917,15,-312.4571,460.9585,-0.0112634655,0.0,-0.0,0.0,0.0,0.0004355669532706586,0.00027215479386337763,1.9661332695533442,0.0,0.0,0.0
2918,15,-312.4571,460.9585,-0.0112634655,0.0,-0.0,0.0,0.0,0.0004355669532706586,0.00027215479386337763,1.9661332695533442,0.0,0.0,0.0
2919,15,-312.4571,460.9585,-0.0112634655,0.0,-0.0,0.0,0.0,0.0004355669532706586,0.00027215479386337763,1.9661332695533442,0.0,0.0,0.0
2920,15,-312.4571,460.9585,-0.0112634655,0.0,-0.0,0.0,0.0,0.0004355669532706586,0.00027215479386337763,1.9661332695533442,0.0,0.0,0.0
2921,15,-312.4571,460.9585,-0.0112634655,0.0,-0.0,0.0,0.0,0.0004355669532706586,0.00027215479386337763,1.9661332695533442,0.0,0.0,0.0
2922,15,-312.4571,460.9585,-0.0112634655,0.0,-0.0,0.0,0.0,0.0004355669532706586,0.00027215479386337763,1.9661332695533442,0.0,0.0,0.0
2923,15,-312.4571,460.9585,-0.0112634655,0.0,-0.0,0.0,0.0,0.0004355669532706586,0.00027215479386337763,1.9661332695533442,0.0,0.0,0.0
2924,15,-312.4571,460.9585,-0.0112634655,0.0,-0.0,0.0,0.0,0.0004355669532706586,0.00027215479386337763,1.9661332695533442,0.0,0.0,0.0
2925,15,-312.4571,460.9585,-0.0112634655,0.0,-0.0,0.0,0.0,0.0004355669532706586,0.00027215479386337763,1.9661332695533442,0.0,0.0,0.0
2926,15,-312.4571,460.9585,-0.0112634655,0.0,-0.0,0.0,0.0,0.0004355669532706586,0.00027215479386337763,1.9661332695533442,0.0,0.0,0.0
2927,15,-312.4571,460.9585,-0.0112634655,0.0,-0.0,0.0,0.0,0.0004355669532706586,0.00027215479386337763,1.9661332695533442,0.0,0.0,0.0
2928,15,-312.4571,460.9585,-0.0112634655,0.0,-0.0,0.0,0.0,0.0004355669532706586,0.00027215479386337763,1.9661332695533442,0.0,0.0,0.0
2929,15,-312.4571,460.9585,-0.0112634655,0.0,-0.0,0.0,0.0,0.0004355669532706586,0.00027215479386337763,1.9661332695533442,0.0,0.0,0.0
2930,15,-312.4571,460.9585,-0.0112634655,0.0,-0.0,0.0,0.0,0.0004355669532706586,0.00027215479386337763,1.9661332695533442,0.0,0.0,0.0
2931,15,-312.4571,460.9585,-0.0112634655,0.0,-0.0,0.0,0.0,0.0004355669532706586,0.00027215479386337763,1.9661332695533442,0.0,0.0,0.0
2932,15,-312.4571,460.9585,-0.0112634655,0.0,-0.0,0.0,0.0,0.0004355669532706586,0.00027215479386337763,1.9661332695533442,0.0,0.0,0.0
2933,15,-312.4571,460.9585,-0.0112634655,0.0,-0.0,0.0,0.0,0.0004355669532706586,0.00027215479386337763,1.9661332695533442,0.0,0.0,0.0
2934,15,-312.4571,460.9585,-0.0112634655,0.0,-0.0,0.0,0.0,0.0004355669532706586,0.00027215479386337763,1.9661332695533442,0.0,0.0,0.0
2935,15,-312.4571,460.9585,-0.0112634655,0.0,-0.0,0.0,0.0,0.0004355669532706586,0.00027215479386337763,1.9661332695533442,0.0,0.0,0.0
2936,15,-312.4571,460.9585,-0.0112634655,0.0,-0.0,0.0,0.0,0.0004355669532706586,0.00027215479386337763,1.9661332695533442,0.0,0.0,0.0
2937,15,-312.4571,460.9585,-0.0112634655,0.0,-0.0,0.0,0.0,0.0004355669532706586,0.00027215479386337763,1.9661332695533442,0.0,0.0,0.0
2938,15,-312.4571,460.9585,-0.0112634655,0.0,-0.0,0.0,0.0,0.0004355669532706586,0.00027215479386337763,1.9661332695533442,0.0,0.0,0.0
2939,15,-312.4571,460.9585,-0.0112634655,0.0,-0.0,0.0,0.0,0.0004355669532706586,0.00027215479386337763,1.9661332695533442,0.0,0.0,0.0
2940,15,-312.4571,460.9585,-0.0112634655,0.0,-0.0,0.0,0.0,0.0004355669532706586,0.00027215479386337763,1.9661332695533442,0.0,0.0,0.0
2941,15,-312.4571,460.9585,-0.0112634655,0.0,-0.0,0.0,0.0,0.0004355669532706586,0.00027215479386337763,1.9661332695533442,0.0,0.0,0.0
2942,15,-312.4571,460.9585,-0.0112634655,0.0,-0.0,0.0,0.0,0.0004355669532706586,0.00027215479386337763,1.9661332695533442,0.0,0.0,0.0
2943,15,-312.4571,460.9585,-0.0112634655,0.0,-0.0,0.0,0.0,0.0004355669532706586,0.00027215479386337763,1.9661332695533442,0.0,0.0,0.0
2944,15,-312.4571,460.9585,-0.0112634655,0.0,-0.0,0.0,0.0,0.0004355669532706586,0.00027215479386337763,1.9661332695533442,0.0,0.0,0.0
2945,15,-312.4571,460.9585,-0.0112634655,0.0,-0.0,0.0,0.0,0.0004355669532706586,0.00027215479386337763,1.9661332695533442,0.0,0.0,0.0
2946,15,-312.4571,460.9585,-0.0112634655,0.0,-0.0,0.0,0.0,0.0004355669532706586,0.00027215479386337763,1.9661332695533442,0.0,0.0,0.0
2947,15,-312.4571,460.9585,-0.0112634655,0.0,-0.0,0.0,0.0,0.0004355669532706586,0.00027215479386337763,1.9661332695533442,0.0,0.0,0.0
2948,15,-312.4571,460.9585,-0.0112634655,0.0,-0.0,0.0,0.0,0.0004355669532706586,0.00027215479386337763,1.9661332695533442,0.0,0.0,0.0
2949,15,-312.4571,460.9585,-0.0112634655,0.0,-0.0,0.0,0.0,0.0004355669532706586,0.00027215479386337763,1.9661332695533442,0.0,0.0,0.0
2950,15,-312.4571,460.9585,-0.0112634655,0.0,-0.0,0.0,0.0,0.0004355669532706586,0.00027215479386337763,1.9661332695533442,0.0,0.0,0.0
2951,15,-312.4571,460.9585,-0.0112634655,0.0,-0.0,0.0,0.0,0.0004355669532706586,0.00027215479386337763,1.9661332695533442,0.0,0.0,0.0
2952,15,-312.4571,460.9585,-0.0112634655,0.0,-0.0,0.0,0.0,0.0004355669532706586,0.00027215479386337763,1.9661332695533442,0.0,0.0,0.0
2953,15,-312.4571,460.9585,-0.0112634655,0.0,-0.0,0.0,0.0,0.0004355669532706586,0.00027215479386337763,1.9661332695533442,0.0,0.0,0.0
2954,15,-312.4571,460.9585,-0.0112634655,0.0,-0.0,0.0,0.0,0.0004355669532706586,0.00027215479386337763,1.9661332695533442,0.0,0.0,0.0
2955,15,-312.4571,460.9585,-0.0112634655,0.0,-0.0,0.0,0.0,0.0004355669532706586,0.00027215479386337763,1.9661332695533442,0.0,0.0,0.0
2956,15,-312.4571,460.9585,-0.0112634655,0.0,-0.0,0.0,0.0,0.0004355669532706586,0.00027215479386337763,1.9661332695533442,0.0,0.0,0.0
2957,15,-312.4571,460.9585,-0.0112634655,0.0,-0.0,0.0,0.0,0.0004355669532706586,0.00027215479386337763,1.9661332695533442,0.0,0.0,0.0
2958,15,-312.4571,460.9585,-0.0112634655,0.0,-0.0,0.0,0.0,0.0004355669532706586,0.00027215479386337763,1.9661332695533442,0.0,0.0,0.0
2959,15,-312.4571,460.9585,-0.0112634655,0.0,-0.0,0.0,0.0,0.0004355669532706586,0.00027215479386337763,1.9661332695533442,0.0,0.0,0.0
2960,15,-312.4571,460.9585,-0.0112634655,0.0,-0.0,0.0,0.0,0.0004355669532706586,0.00027215479386337763,1.9661332695533442,0.0,0.0,0.0
2961,15,-312.4571,460.9585,-0.0112634655,0.0,-0.0,0.0,0.0,0.0004355669532706586,0.00027215479386337763,1.9661332695533442,0.0,0.0,0.0
2962,15,-312.4571,460.9585,-0.0112634655,0.0,-0.0,0.0,0.0,0.0004355669532706586,0.00027215479386337763,1.9661332695533442,0.0,0.0,0.0
2963,15,-312.4571,460.9585,-0.0112634655,0.0,-0.0,0.0,0.0,0.0004355669532706586,0.00027215479386337763,1.9661332695533442,0.0,0.0,0.0
2964,15,-312.4571,460.9585,-0.0112634655,0.0,-0.0,0.0,0.0,0.0004355669532706586,0.00027215479386337763,1.9661332695533442,0.0,0.0,0.0
2965,15,-312.4571,460.9585,-0.0112634655,0.0,-0.0,0.0,0.0,0.0004355669532706586,0.00027215479386337763,1.9661332695533442,0.0,0.0,0.0
2966,15,-312.4571,460.9585,-0.0112634655,0.0,-0.0,0.0,0.0,0.0004355669532706586,0.00027215479386337763,1.9661332695533442,0.0,0.0,0.0
2967,15,-312.4571,460.9585,-0.0112634655,0.0,-0.0,0.0,0.0,0.0004355669532706586,0.00027215479386337763,1.9661332695533442,0.0,0.0,0.0
2968,15,-312.4571,460.9585,-0.0112634655,0.0,-0.0,0.0,0.0,0.0004355669532706586,0.00027215479386337763,1.9661332695533442,0.0,0.0,0.0
2969,15,-312.4571,460.9585,-0.0112634655,0.0,-0.0,0.0,0.0,0.0004355669532706586,0.00027215479386337763,1.9661332695533442,0.0,0.0,0.0
2970,15,-312.4571,460.9585,-0.0112634655,0.0,-0.0,0.0,0.0,0.0004355669532706586,0.00027215479386337763,1.9661332695533442,0.0,0.0,0.0
2971,15,-312.4571,460.9585,-0.0112634655,0.0,-0.0,0.0,0.0,0.0004355669532706586,0.00027215479386337763,1.9661332695533442,0.0,0.0,0.0
2972,15,-312.4571,460.9585,-0.0112634655,0.0,-0.0,0.0,0.0,0.0004355669532706586,0.00027215479386337763,1.9661332695533442,0.0,0.0,0.0
2973,15,-312.4571,460.9585,-0.0112634655,0.0,-0.0,0.0,0.0,0.0004355669532706586,0.00027215479386337763,1.9661332695533442,0.0,0.0,0.0
2974,15,-312.4571,460.9585,-0.0112634655,0.0,-0.0,0.0,0.0,0.0004355669532706586,0.00027215479386337763,1.9661332695533442,0.0,0.0,0.0
2975,15,-312.4571,460.9585,-0.0112634655,0.0,-0.0,0.0,0.0,0.0004355669532706586,0.00027215479386337763,1.9661332695533442,0.0,0.0,0.0
2976,15,-312.4571,460.9585,-0.0112634655,0.0,-0.0,0.0,0.0,0.0004355669532706586,0.00027215479386337763,1.9661332695533442,0.0,0.0,0.0
2977,15,-312.4571,460.9585,-0.0112634655,0.0,-0.0,0.0,0.0,0.0004355669532706586,0.00027215479386337763,1.9661332695533442,0.0,0.0,0.0
2978,15,-312.4571,460.9585,-0.0112634655,0.0,-0.0,0.0,0.0,0.0004355669532706586,0.00027215479386337763,1.9661332695533442,0.0,0.0,0.0
2979,15,-312.4571,460.9585,-0.0112634655,0.0,-0.0,0.0,0.0,0.0004355669532706586,0.00027215479386337763,1.9661332695533442,0.0,0.0,0.0
2980,15,-312.4571,460.9585,-0.0112634655,0.0,-0.0,0.0,0.0,0.0004355669532706586,0.00027215479386337763,1.9661332695533442,0.0,0.0,0.0
2981,15,-312.4571,460.9585,-0.0112634655,0.0,-0.0,0.0,0.0,0.0004355669532706586,0.00027215479386337763,1.9661332695533442,0.0,0.0,0.0
2982,15,-312.4571,460.9585,-0.0112634655,0.0,-0.0,0.0,0.0,0.0004355669532706586,0.00027215479386337763,1.9661332695533442,0.0,0.0,0.0
2983,15,-312.4571,460.9585,-0.0112634655,0.0,-0.0,0.0,0.0,0.0004355669532706586,0.00027215479386337763,1.9661332695533442,0.0,0.0,0.0
2984,15,-312.4571,460.9585,-0.0112634655,0.0,-0.0,0.0,0.0,0.0004355669532706586,0.00027215479386337763,1.9661332695533442,0.0,0.0,0.0
2985,15,-312.4571,460.9585,-0.0112634655,0.0,-0.0,0.0,0.0,0.0004355669532706586,0.00027215479386337763,1.9661332695533442,0.0,0.0,0.0
2986,15,-312.4571,460.9585,-0.0112634655,0.0,-0.0,0.0,0.0,0.0004355669532706586,0.00027215479386337763,1.9661332695533442,0.0,0.0,0.0
2987,15,-312.4571,460.9585,-0.0112634655,0.0,-0.0,0.0,0.0,0.0004355669532706586,0.00027215479386337763,1.9661332695533442,0.0,0.0,0.0
2988,15,-312.4571,460.9585,-0.0112634655,0.0,-0.0,0.0,0.0,0.0004355669532706586,0.00027215479386337763,1.9661332695533442,0.0,0.0,0.0
2989,15,-312.4571,460.9585,-0.0112634655,0.0,-0.0,0.0,0.0,0.0004355669532706586,0.00027215479386337763,1.9661332695533442,0.0,0.0,0.0
2990,15,-312.4571,460.9585,-0.0112634655,0.0,-0.0,0.0,0.0,0.0004355669532706586,0.00027215479386337763,1.9661332695533442,0.0,0.0,0.0
2991,15,-312.4571,460.9585,-0.0112634655,0.0,-0.0,0.0,0.0,0.0004355669532706586,0.00027215479386337763,1.9661332695533442,0.0,0.0,0.0
2992,15,-312.4571,460.9585,-0.0112634655,0.0,-0.0,0.0,0.0,0.0004355669532706586,0.00027215479386337763,1.9661332695533442,0.0,0.0,0.0
2993,15,-312.4571,460.9585,-0.0112634655,0.0,-0.0,0.0,0.0,0.0004355669532706586,0.00027215479386337763,1.9661332695533442,0.0,0.0,0.0
2994,15,-312.4571,460.9585,-0.0112634655,0.0,-0.0,0.0,0.0,0.0004355669532706586,0.00027215479386337763,1.9661332695533442,0.0,0.0,0.0
2995,15,-312.4571,460.9585,-0.0112634655,0.0,-0.0,0.0,0.0,0.0004355669532706586,0.00027215479386337763,1.9661332695533442,0.0,0.0,0.0
2996,15,-312.4571,460.9585,-0.0112634655,0.0,-0.0,0.0,0.0,0.0004355669532706586,0.00027215479386337763,1.9661332695533442,0.0,0.0,0.0
2997,15,-312.4571,460.9585,-0.0112634655,0.0,-0.0,0.0,0.0,0.0004355669532706586,0.00027215479386337763,1.9661332695533442,0.0,0.0,0.0
2998,15,-312.4571,460.9585,-0.0112634655,0.0,-0.0,0.0,0.0,0.0004355669532706586,0.00027215479386337763,1.9661332695533442,0.0,0.0,0.0
2999,15,-312.4571,460.9585,-0.0112634655,0.0,-0.0,0.0,0.0,0.0004355669532706586,0.00027215479386337763,1.9661332695533442,0.0,0.0,0.0
3000,15,-312.4571,460.9585,-0.0112634655,0.0,-0.0,0.0,0.0,0.0004355669532706586,0.00027215479386337763,1.9661332695533442,0.0,0.0,0.0
3001,15,-312.4571,460.9585,-0.0112634655,0.0,-0.0,0.0,0.0,0.0004355669532706586,0.00027215479386337763,1.9661332695533442,0.0,0.0,0.0
3002,15,-312.4571,460.9585,-0.0112634655,0.0,-0.0,0.0,0.0,0.0004355669532706586,0.00027215479386337763,1.9661332695533442,0.0,0.0,0.0
3003,15,-312.4571,460.9585,-0.0112634655,0.0,-0.0,0.0,0.0,0.0004355669532706586,0.00027215479386337763,1.9661332695533442,0.0,0.0,0.0
3004,15,-312.4571,460.9585,-0.0112634655,0.0,-0.0,0.0,0.0,0.0004355669532706586,0.00027215479386337763,1.9661332695533442,0.0,0.0,0.0
3005,15,-312.4571,460.9585,-0.0112634655,0.0,-0.0,0.0,0.0,0.0004355669532706586,0.00027215479386337763,1.9661332695533442,0.0,0.0,0.0
3006,15,-312.4571,460.9585,-0.0112634655,0.0,-0.0,0.0,0.0,0.0004355669532706586,0.00027215479386337763,1.9661332695533442,0.0,0.0,0.0
3007,15,-312.4571,460.9585,-0.0112634655,0.0,-0.0,0.0,0.0,0.0004355669532706586,0.00027215479386337763,1.9661332695533442,0.0,0.0,0.0
3008,15,-312.4571,460.9585,-0.0112634655,0.0,-0.0,0.0,0.0,0.0004355669532706586,0.00027215479386337763,1.9661332695533442,0.0,0.0,0.0
3009,15,-312.4571,460.9585,-0.0112634655,0.0,-0.0,0.0,0.0,0.0004355669532706586,0.00027215479386337763,1.9661332695533442,0.0,0.0,0.0
3010,15,-312.4571,460.9585,-0.0112634655,0.0,-0.0,0.0,0.0,0.0004355669532706586,0.00027215479386337763,1.9661332695533442,0.0,0.0,0.0
3011,15,-312.4571,460.9585,-0.0112634655,0.0,-0.0,0.0,0.0,0.0004355669532706586,0.00027215479386337763,1.9661332695533442,0.0,0.0,0.0
3012,15,-312.4571,460.9585,-0.0112634655,0.0,-0.0,0.0,0.0,0.0004355669532706586,0.00027215479386337763,1.9661332695533442,0.0,0.0,0.0
3013,15,-312.4571,460.9585,-0.0112634655,0.0,-0.0,0.0,0.0,0.0004355669532706586,0.00027215479386337763,1.9661332695533442,0.0,0.0,0.0
3014,15,-312.4571,460.9585,-0.0112634655,0.0,-0.0,0.0,0.0,0.0004355669532706586,0.00027215479386337763,1.9661332695533442,0.0,0.0,0.0
3015,15,-312.4571,460.9585,-0.0112634655,0.0,-0.0,0.0,0.0,0.0004355669532706586,0.00027215479386337763,1.9661332695533442,0.0,0.0,0.0
3016,15,-312.4571,460.9585,-0.0112634655,0.0,-0.0,0.0,0.0,0.0004355669532706586,0.00027215479386337763,1.9661332695533442,0.0,0.0,0.0
3017,15,-312.4571,460.9585,-0.0112634655,0.0,-0.0,0.0,0.0,0.0004355669532706586,0.00027215479386337763,1.9661332695533442,0.0,0.0,0.0
3018,15,-312.4571,460.9585,-0.0112634655,0.0,-0.0,0.0,0.0,0.0004355669532706586,0.00027215479386337763,1.9661332695533442,0.0,0.0,0.0
3019,15,-312.4571,460.9585,-0.0112634655,0.0,-0.0,0.0,0.0,0.0004355669532706586,0.00027215479386337763,1.9661332695533442,0.0,0.0,0.0
3020,15,-312.4571,460.9585,-0.0112634655,0.0,-0.0,0.0,0.0,0.0004355669532706586,0.00027215479386337763,1.9661332695533442,0.0,0.0,0.0
3021,15,-312.4571,460.9585,-0.0112634655,0.0,-0.0,0.0,0.0,0.0004355669532706586,0.00027215479386337763,1.9661332695533442,0.0,0.0,0.0
3022,15,-312.4571,460.9585,-0.0112634655,0.0,-0.0,0.0,0.0,0.0004355669532706586,0.00027215479386337763,1.9661332695533442,0.0,0.0,0.0
3023,15,-312.4571,460.9585,-0.0112634655,0.0,-0.0,0.0,0.0,0.0004355669532706586,0.00027215479386337763,1.9661332695533442,0.0,0.0,0.0
3024,15,-312.4571,460.9585,-0.0112634655,0.0,-0.0,0.0,0.0,0.0004355669532706586,0.00027215479386337763,1.9661332695533442,0.0,0.0,0.0
3025,15,-312.4571,460.9585,-0.0112634655,0.0,-0.0,0.0,0.0,0.0004355669532706586,0.00027215479386337763,1.9661332695533442,0.0,0.0,0.0
3026,15,-312.4571,460.9585,-0.0112634655,0.0,-0.0,0.0,0.0,0.0004355669532706586,0.00027215479386337763,1.9661332695533442,0.0,0.0,0.0
3027,15,-312.4571,460.9585,-0.0112634655,0.0,-0.0,0.0,0.0,0.0004355669532706586,0.00027215479386337763,1.9661332695533442,0.0,0.0,0.0
3028,15,-312.4571,460.9585,-0.0112634655,0.0,-0.0,0.0,0.0,0.0004355669532706586,0.00027215479386337763,1.9661332695533442,0.0,0.0,0.0
3029,15,-312.4571,460.9585,-0.0112634655,0.0,-0.0,0.0,0.0,0.0004355669532706586,0.00027215479386337763,1.9661332695533442,0.0,0.0,0.0
3030,15,-312.4571,460.9585,-0.0112634655,0.0,-0.0,0.0,0.0,0.0004355669532706586,0.00027215479386337763,1.9661332695533442,0.0,0.0,0.0
3031,15,-312.4571,460.9585,-0.0112634655,0.0,-0.0,0.0,0.0,0.0004355669532706586,0.00027215479386337763,1.9661332695533442,0.0,0.0,0.0
3032,15,-312.4571,460.9585,-0.0112634655,0.0,-0.0,0.0,0.0,0.0004355669532706586,0.00027215479386337763,1.9661332695533442,0.0,0.0,0.0
3033,15,-312.4571,460.9585,-0.0112634655,0.0,-0.0,0.0,0.0,0.0004355669532706586,0.00027215479386337763,1.9661332695533442,0.0,0.0,0.0
3034,15,-312.4571,460.9585,-0.0112634655,0.0,-0.0,0.0,0.0,0.0004355669532706586,0.00027215479386337763,1.9661332695533442,0.0,0.0,0.0
3035,15,-312.4571,460.9585,-0.0112634655,0.0,-0.0,0.0,0.0,0.0004355669532706586,0.00027215479386337763,1.9661332695533442,0.0,0.0,0.0
3036,15,-312.4571,460.9585,-0.0112634655,0.0,-0.0,0.0,0.0,0.0004355669532706586,0.00027215479386337763,1.9661332695533442,0.0,0.0,0.0
3037,15,-312.4571,460.9585,-0.0112634655,0.0,-0.0,0.0,0.0,0.0004355669532706586,0.00027215479386337763,1.9661332695533442,0.0,0.0,0.0
3038,15,-312.4571,460.9585,-0.0112634655,0.0,-0.0,0.0,0.0,0.0004355669532706586,0.00027215479386337763,1.9661332695533442,0.0,0.0,0.0
3039,15,-312.4571,460.9585,-0.0112634655,0.0,-0.0,0.0,0.0,0.0004355669532706586,0.00027215479386337763,1.9661332695533442,0.0,0.0,0.0
3040,15,-312.4571,460.9585,-0.0112634655,0.0,-0.0,0.0,0.0,0.0004355669532706586,0.00027215479386337763,1.9661332695533442,0.0,0.0,0.0
3041,15,-312.4571,460.9585,-0.0112634655,0.0,-0.0,0.0,0.0,0.0004355669532706586,0.00027215479386337763,1.9661332695533442,0.0,0.0,0.0
3042,15,-312.4571,460.9585,-0.0112634655,0.0,-0.0,0.0,0.0,0.0004355669532706586,0.00027215479386337763,1.9661332695533442,0.0,0.0,0.0
3043,15,-312.4571,460.9585,-0.0112634655,0.0,-0.0,0.0,0.0,0.0004355669532706586,0.00027215479386337763,1.9661332695533442,0.0,0.0,0.0
3044,15,-312.4571,460.9585,-0.0112634655,0.0,-0.0,0.0,0.0,0.0004355669532706586,0.00027215479386337763,1.9661332695533442,0.0,0.0,0.0
3045,15,-312.4571,460.9585,-0.0112634655,0.0,-0.0,0.0,0.0,0.0004355669532706586,0.00027215479386337763,1.9661332695533442,0.0,0.0,0.0
3046,15,-312.4571,460.9585,-0.0112634655,0.0,-0.0,0.0,0.0,0.0004355669532706586,0.00027215479386337763,1.9661332695533442,0.0,0.0,0.0
3047,15,-312.4571,460.9585,-0.0112634655,0.0,-0.0,0.0,0.0,0.0004355669532706586,0.00027215479386337763,1.9661332695533442,0.0,0.0,0.0
3048,15,-312.4571,460.9585,-0.0112634655,0.0,-0.0,0.0,0.0,0.0004355669532706586,0.00027215479386337763,1.9661332695533442,0.0,0.0,0.0
3049,15,-312.4571,460.9585,-0.0112634655,0.0,-0.0,0.0,0.0,0.0004355669532706586,0.00027215479386337763,1.9661332695533442,0.0,0.0,0.0
3050,15,-312.4571,460.9585,-0.0112634655,0.0,-0.0,0.0,0.0,0.0004355669532706586,0.00027215479386337763,1.9661332695533442,0.0,0.0,0.0
3051,15,-312.4571,460.9585,-0.0112634655,0.0,-0.0,0.0,0.0,0.0004355669532706586,0.00027215479386337763,1.9661332695533442,0.0,0.0,0.0
3052,15,-312.4571,460.9585,-0.0112634655,0.0,-0.0,0.0,0.0,0.0004355669532706586,0.00027215479386337763,1.9661332695533442,0.0,0.0,0.0
3053,15,-312.4571,460.9585,-0.0112634655,0.0,-0.0,0.0,0.0,0.0004355669532706586,0.00027215479386337763,1.9661332695533442,0.0,0.0,0.0
3054,15,-312.4571,460.9585,-0.0112634655,0.0,-0.0,0.0,0.0,0.0004355669532706586,0.00027215479386337763,1.9661332695533442,0.0,0.0,0.0
3055,15,-312.4571,460.9585,-0.0112634655,0.0,-0.0,0.0,0.0,0.0004355669532706586,0.00027215479386337763,1.9661332695533442,0.0,0.0,0.0
3056,15,-312.4571,460.9585,-0.0112634655,0.0,-0.0,0.0,0.0,0.0004355669532706586,0.00027215479386337763,1.9661332695533442,0.0,0.0,0.0
3057,15,-312.4571,460.9585,-0.0112634655,0.0,-0.0,0.0,0.0,0.0004355669532706586,0.00027215479386337763,1.9661332695533442,0.0,0.0,0.0
3058,15,-312.4571,460.9585,-0.0112634655,0.0,-0.0,0.0,0.0,0.0004355669532706586,0.00027215479386337763,1.9661332695533442,0.0,0.0,0.0
3059,15,-312.4571,460.9585,-0.0112634655,0.0,-0.0,0.0,0.0,0.0004355669532706586,0.00027215479386337763,1.9661332695533442,0.0,0.0,0.0
3060,15,-312.4571,460.9585,-0.0112634655,0.0,-0.0,0.0,0.0,0.0004355669532706586,0.00027215479386337763,1.9661332695533442,0.0,0.0,0.0
3061,15,-312.4571,460.9585,-0.0112634655,0.0,-0.0,0.0,0.0,0.0004355669532706586,0.00027215479386337763,1.9661332695533442,0.0,0.0,0.0
3062,15,-312.4571,460.9585,-0.0112634655,0.0,-0.0,0.0,0.0,0.0004355669532706586,0.00027215479386337763,1.9661332695533442,0.0,0.0,0.0
3063,15,-312.4571,460.9585,-0.0112634655,0.0,-0.0,0.0,0.0,0.0004355669532706586,0.00027215479386337763,1.9661332695533442,0.0,0.0,0.0
3064,15,-312.4571,460.9585,-0.0112634655,0.0,-0.0,0.0,0.0,0.0004355669532706586,0.00027215479386337763,1.9661332695533442,0.0,0.0,0.0
3065,15,-312.4571,460.9585,-0.0112634655,0.0,-0.0,0.0,0.0,0.0004355669532706586,0.00027215479386337763,1.9661332695533442,0.0,0.0,0.0
3066,15,-312.4571,460.9585,-0.0112634655,0.0,-0.0,0.0,0.0,0.0004355669532706586,0.00027215479386337763,1.9661332695533442,0.0,0.0,0.0
3067,15,-312.4571,460.9585,-0.0112634655,0.0,-0.0,0.0,0.0,0.0004355669532706586,0.00027215479386337763,1.9661332695533442,0.0,0.0,0.0
3068,15,-312.4571,460.9585,-0.0112634655,0.0,-0.0,0.0,0.0,0.0004355669532706586,0.00027215479386337763,1.9661332695533442,0.0,0.0,0.0
3069,15,-312.4571,460.9585,-0.0112634655,0.0,-0.0,0.0,0.0,0.0004355669532706586,0.00027215479386337763,1.9661332695533442,0.0,0.0,0.0
3070,15,-312.4571,460.9585,-0.0112634655,0.0,-0.0,0.0,0.0,0.0004355669532706586,0.00027215479386337763,1.9661332695533442,0.0,0.0,0.0
3071,15,-312.4571,460.9585,-0.0112634655,0.0,-0.0,0.0,0.0,0.0004355669532706586,0.00027215479386337763,1.9661332695533442,0.0,0.0,0.0
3072,15,-312.4571,460.9585,-0.0112634655,0.0,-0.0,0.0,0.0,0.0004355669532706586,0.00027215479386337763,1.9661332695533442,0.0,0.0,0.0
3073,15,-312.4571,460.9585,-0.0112634655,0.0,-0.0,0.0,0.0,0.0004355669532706586,0.00027215479386337763,1.9661332695533442,0.0,0.0,0.0
3074,15,-312.4571,460.9585,-0.0112634655,0.0,-0.0,0.0,0.0,0.0004355669532706586,0.00027215479386337763,1.9661332695533442,0.0,0.0,0.0
3075,15,-312.4571,460.9585,-0.0112634655,0.0,-0.0,0.0,0.0,0.0004355669532706586,0.00027215479386337763,1.9661332695533442,0.0,0.0,0.0
3076,15,-312.4571,460.9585,-0.0112634655,0.0,-0.0,0.0,0.0,0.0004355669532706586,0.00027215479386337763,1.9661332695533442,0.0,0.0,0.0
3077,15,-312.4571,460.9585,-0.0112634655,0.0,-0.0,0.0,0.0,0.0004355669532706586,0.00027215479386337763,1.9661332695533442,0.0,0.0,0.0
3078,15,-312.4571,460.9585,-0.0112634655,0.0,-0.0,0.0,0.0,0.0004355669532706586,0.00027215479386337763,1.9661332695533442,0.0,0.0,0.0
3079,15,-312.4571,460.9585,-0.0112634655,0.0,-0.0,0.0,0.0,0.0004355669532706586,0.00027215479386337763,1.9661332695533442,0.0,0.0,0.0
3080,15,-312.4571,460.9585,-0.0112634655,0.0,-0.0,0.0,0.0,0.0004355669532706586,0.00027215479386337763,1.9661332695533442,0.0,0.0,0.0
3081,15,-312.4571,460.9585,-0.0112634655,0.0,-0.0,0.0,0.0,0.0004355669532706586,0.00027215479386337763,1.9661332695533442,0.0,0.0,0.0
3082,15,-312.4571,460.9585,-0.0112634655,0.0,-0.0,0.0,0.0,0.0004355669532706586,0.00027215479386337763,1.9661332695533442,0.0,0.0,0.0
3083,15,-312.4571,460.9585,-0.0112634655,0.0,-0.0,0.0,0.0,0.0004355669532706586,0.00027215479386337763,1.9661332695533442,0.0,0.0,0.0
3084,15,-312.4571,460.9585,-0.0112634655,0.0,-0.0,0.0,0.0,0.0004355669532706586,0.00027215479386337763,1.9661332695533442,0.0,0.0,0.0
3085,15,-312.4571,460.9585,-0.0112634655,0.0,-0.0,0.0,0.0,0.0004355669532706586,0.00027215479386337763,1.9661332695533442,0.0,0.0,0.0
3086,15,-312.4571,460.9585,-0.0112634655,0.0,-0.0,0.0,0.0,0.0004355669532706586,0.00027215479386337763,1.9661332695533442,0.0,0.0,0.0
3087,15,-312.4571,460.9585,-0.0112634655,0.0,-0.0,0.0,0.0,0.0004355669532706586,0.00027215479386337763,1.9661332695533442,0.0,0.0,0.0
3088,15,-312.4571,460.9585,-0.0112634655,0.0,-0.0,0.0,0.0,0.0004355669532706586,0.00027215479386337763,1.9661332695533442,0.0,0.0,0.0
3089,15,-312.4571,460.9585,-0.0112634655,0.0,-0.0,0.0,0.0,0.0004355669532706586,0.00027215479386337763,1.9661332695533442,0.0,0.0,0.0
3090,15,-312.4571,460.9585,-0.0112634655,0.0,-0.0,0.0,0.0,0.0004355669532706586,0.00027215479386337763,1.9661332695533442,0.0,0.0,0.0
3091,15,-312.4571,460.9585,-0.0112634655,0.0,-0.0,0.0,0.0,0.0004355669532706586,0.00027215479386337763,1.9661332695533442,0.0,0.0,0.0
3092,15,-312.4571,460.9585,-0.0112634655,0.0,-0.0,0.0,0.0,0.0004355669532706586,0.00027215479386337763,1.9661332695533442,0.0,0.0,0.0
3093,15,-312.4571,460.9585,-0.0112634655,0.0,-0.0,0.0,0.0,0.0004355669532706586,0.00027215479386337763,1.9661332695533442,0.0,0.0,0.0
3094,15,-312.4571,460.9585,-0.0112634655,0.0,-0.0,0.0,0.0,0.0004355669532706586,0.00027215479386337763,1.9661332695533442,0.0,0.0,0.0
3095,15,-312.4571,460.9585,-0.0112634655,0.0,-0.0,0.0,0.0,0.0004355669532706586,0.00027215479386337763,1.9661332695533442,0.0,0.0,0.0
3096,15,-312.4571,460.9585,-0.0112634655,0.0,-0.0,0.0,0.0,0.0004355669532706586,0.00027215479386337763,1.9661332695533442,0.0,0.0,0.0
3097,15,-312.4571,460.9585,-0.0112634655,0.0,-0.0,0.0,0.0,0.0004355669532706586,0.00027215479386337763,1.9661332695533442,0.0,0.0,0.0
3098,15,-312.4571,460.9585,-0.0112634655,0.0,-0.0,0.0,0.0,0.0004355669532706586,0.00027215479386337763,1.9661332695533442,0.0,0.0,0.0
3099,15,-312.4571,460.9585,-0.0112634655,0.0,-0.0,0.0,0.0,0.0004355669532706586,0.00027215479386337763,1.9661332695533442,0.0,0.0,0.0
3100,15,-312.4571,460.9585,-0.0112634655,0.0,-0.0,0.0,0.0,0.0004355669532706586,0.00027215479386337763,1.9661332695533442,0.0,0.0,0.0
3101,15,-312.4571,460.9585,-0.0112634655,0.0,-0.0,0.0,0.0,0.0004355669532706586,0.00027215479386337763,1.9661332695533442,0.0,0.0,0.0
3102,15,-312.4571,460.9585,-0.0112634655,0.0,-0.0,0.0,0.0,0.0004355669532706586,0.00027215479386337763,1.9661332695533442,0.0,0.0,0.0
3103,15,-312.4571,460.9585,-0.0112634655,0.0,-0.0,0.0,0.0,0.0004355669532706586,0.00027215479386337763,1.9661332695533442,0.0,0.0,0.0
3104,15,-312.4571,460.9585,-0.0112634655,0.0,-0.0,0.0,0.0,0.0004355669532706586,0.00027215479386337763,1.9661332695533442,0.0,0.0,0.0
3105,15,-312.4571,460.9585,-0.0112634655,0.0,-0.0,0.0,0.0,0.0004355669532706586,0.00027215479386337763,1.9661332695533442,0.0,0.0,0.0
3106,15,-312.4571,460.9585,-0.0112634655,0.0,-0.0,0.0,0.0,0.0004355669532706586,0.00027215479386337763,1.9661332695533442,0.0,0.0,0.0
3107,15,-312.4571,460.9585,-0.0112634655,0.0,-0.0,0.0,0.0,0.0004355669532706586,0.00027215479386337763,1.9661332695533442,0.0,0.0,0.0
3108,15,-312.4571,460.9585,-0.0112634655,0.0,-0.0,0.0,0.0,0.0004355669532706586,0.00027215479386337763,1.9661332695533442,0.0,0.0,0.0
3109,15,-312.4571,460.9585,-0.0112634655,0.0,-0.0,0.0,0.0,0.0004355669532706586,0.00027215479386337763,1.9661332695533442,0.0,0.0,0.0
3110,15,-312.4571,460.9585,-0.0112634655,0.0,-0.0,0.0,0.0,0.0004355669532706586,0.00027215479386337763,1.9661332695533442,0.0,0.0,0.0
3111,15,-312.4571,460.9585,-0.0112634655,0.0,-0.0,0.0,0.0,0.0004355669532706586,0.00027215479386337763,1.9661332695533442,0.0,0.0,0.0
3112,15,-312.4571,460.9585,-0.0112634655,0.0,-0.0,0.0,0.0,0.0004355669532706586,0.00027215479386337763,1.9661332695533442,0.0,0.0,0.0
3113,15,-312.4571,460.9585,-0.0112634655,0.0,-0.0,0.0,0.0,0.0004355669532706586,0.00027215479386337763,1.9661332695533442,0.0,0.0,0.0
3114,15,-312.4571,460.9585,-0.0112634655,0.0,-0.0,0.0,0.0,0.0004355669532706586,0.00027215479386337763,1.9661332695533442,0.0,0.0,0.0
3115,15,-312.4571,460.9585,-0.0112634655,0.0,-0.0,0.0,0.0,0.0004355669532706586,0.00027215479386337763,1.9661332695533442,0.0,0.0,0.0
3116,15,-312.4571,460.9585,-0.0112634655,0.0,-0.0,0.0,0.0,0.0004355669532706586,0.00027215479386337763,1.9661332695533442,0.0,0.0,0.0
3117,15,-312.4571,460.9585,-0.0112634655,0.0,-0.0,0.0,0.0,0.0004355669532706586,0.00027215479386337763,1.9661332695533442,0.0,0.0,0.0
3118,15,-312.4571,460.9585,-0.0112634655,0.0,-0.0,0.0,0.0,0.0004355669532706586,0.00027215479386337763,1.9661332695533442,0.0,0.0,0.0
3119,15,-312.4571,460.9585,-0.0112634655,0.0,-0.0,0.0,0.0,0.0004355669532706586,0.00027215479386337763,1.9661332695533442,0.0,0.0,0.0
3120,15,-312.4571,460.9585,-0.0112634655,0.0,-0.0,0.0,0.0,0.0004355669532706586,0.00027215479386337763,1.9661332695533442,0.0,0.0,0.0
3121,15,-312.4571,460.9585,-0.0112634655,0.0,-0.0,0.0,0.0,0.0004355669532706586,0.00027215479386337763,1.9661332695533442,0.0,0.0,0.0
3122,15,-312.4571,460.9585,-0.0112634655,0.0,-0.0,0.0,0.0,0.0004355669532706586,0.00027215479386337763,1.9661332695533442,0.0,0.0,0.0
3123,15,-312.4571,460.9585,-0.0112634655,0.0,-0.0,0.0,0.0,0.0004355669532706586,0.00027215479386337763,1.9661332695533442,0.0,0.0,0.0
3124,15,-312.4571,460.9585,-0.0112634655,0.0,-0.0,0.0,0.0,0.0004355669532706586,0.00027215479386337763,1.9661332695533442,0.0,0.0,0.0
3125,15,-312.4571,460.9585,-0.0112634655,0.0,-0.0,0.0,0.0,0.0004355669532706586,0.00027215479386337763,1.9661332695533442,0.0,0.0,0.0
3126,15,-312.4571,460.9585,-0.0112634655,0.0,-0.0,0.0,0.0,0.0004355669532706586,0.00027215479386337763,1.9661332695533442,0.0,0.0,0.0
3127,15,-312.4571,460.9585,-0.0112634655,0.0,-0.0,0.0,0.0,0.0004355669532706586,0.00027215479386337763,1.9661332695533442,0.0,0.0,0.0
3128,15,-312.4571,460.9585,-0.0112634655,0.0,-0.0,0.0,0.0,0.0004355669532706586,0.00027215479386337763,1.9661332695533442,0.0,0.0,0.0
3129,15,-312.4571,460.9585,-0.0112634655,0.0,-0.0,0.0,0.0,0.0004355669532706586,0.00027215479386337763,1.9661332695533442,0.0,0.0,0.0
3130,15,-312.4571,460.9585,-0.0112634655,0.0,-0.0,0.0,0.0,0.0004355669532706586,0.00027215479386337763,1.9661332695533442,0.0,0.0,0.0
3131,15,-312.4571,460.9585,-0.0112634655,0.0,-0.0,0.0,0.0,0.0004355669532706586,0.00027215479386337763,1.9661332695533442,0.0,0.0,0.0
3132,15,-312.4571,460.9585,-0.0112634655,0.0,-0.0,0.0,0.0,0.0004355669532706586,0.00027215479386337763,1.9661332695533442,0.0,0.0,0.0
3133,15,-312.4571,460.9585,-0.0112634655,0.0,-0.0,0.0,0.0,0.0004355669532706586,0.00027215479386337763,1.9661332695533442,0.0,0.0,0.0
3134,15,-312.4571,460.9585,-0.0112634655,0.0,-0.0,0.0,0.0,0.0004355669532706586,0.00027215479386337763,1.9661332695533442,0.0,0.0,0.0
3135,15,-312.4571,460.9585,-0.0112634655,0.0,-0.0,0.0,0.0,0.0004355669532706586,0.00027215479386337763,1.9661332695533442,0.0,0.0,0.0
3136,15,-312.4571,460.9585,-0.0112634655,0.0,-0.0,0.0,0.0,0.0004355669532706586,0.00027215479386337763,1.9661332695533442,0.0,0.0,0.0
3137,15,-312.4571,460.9585,-0.0112634655,0.0,-0.0,0.0,0.0,0.0004355669532706586,0.00027215479386337763,1.9661332695533442,0.0,0.0,0.0
3138,15,-312.4571,460.9585,-0.0112634655,0.0,-0.0,0.0,0.0,0.0004355669532706586,0.00027215479386337763,1.9661332695533442,0.0,0.0,0.0
3139,15,-312.4571,460.9585,-0.0112634655,0.0,-0.0,0.0,0.0,0.0004355669532706586,0.00027215479386337763,1.9661332695533442,0.0,0.0,0.0
3140,15,-312.4571,460.9585,-0.0112634655,0.0,-0.0,0.0,0.0,0.0004355669532706586,0.00027215479386337763,1.9661332695533442,0.0,0.0,0.0
3141,15,-312.4571,460.9585,-0.0112634655,0.0,-0.0,0.0,0.0,0.0004355669532706586,0.00027215479386337763,1.9661332695533442,0.0,0.0,0.0
3142,15,-312.4571,460.9585,-0.0112634655,0.0,-0.0,0.0,0.0,0.0004355669532706586,0.00027215479386337763,1.9661332695533442,0.0,0.0,0.0
3143,15,-312.4571,460.9585,-0.0112634655,0.0,-0.0,0.0,0.0,0.0004355669532706586,0.00027215479386337763,1.9661332695533442,0.0,0.0,0.0
3144,15,-312.4571,460.9585,-0.0112634655,0.0,-0.0,0.0,0.0,0.0004355669532706586,0.00027215479386337763,1.9661332695533442,0.0,0.0,0.0
3145,15,-312.4571,460.9585,-0.0112634655,0.0,-0.0,0.0,0.0,0.0004355669532706586,0.00027215479386337763,1.9661332695533442,0.0,0.0,0.0
3146,15,-312.4571,460.9585,-0.0112634655,0.0,-0.0,0.0,0.0,0.0004355669532706586,0.00027215479386337763,1.9661332695533442,0.0,0.0,0.0
3147,15,-312.4571,460.9585,-0.0112634655,0.0,-0.0,0.0,0.0,0.0004355669532706586,0.00027215479386337763,1.9661332695533442,0.0,0.0,0.0
3148,15,-312.4571,460.9585,-0.0112634655,0.0,-0.0,0.0,0.0,0.0004355669532706586,0.00027215479386337763,1.9661332695533442,0.0,0.0,0.0
3149,15,-312.4571,460.9585,-0.0112634655,0.0,-0.0,0.0,0.0,0.0004355669532706586,0.00027215479386337763,1.9661332695533442,0.0,0.0,0.0
3150,15,-312.4571,460.9585,-0.0112634655,0.0,-0.0,0.0,0.0,0.0004355669532706586,0.00027215479386337763,1.9661332695533442,0.0,0.0,0.0
3151,15,-312.4571,460.9585,-0.0112634655,0.0,-0.0,0.0,0.0,0.0004355669532706586,0.00027215479386337763,1.9661332695533442,0.0,0.0,0.0
3152,15,-312.4571,460.9585,-0.0112634655,0.0,-0.0,0.0,0.0,0.0004355669532706586,0.00027215479386337763,1.9661332695533442,0.0,0.0,0.0
3153,15,-312.4571,460.9585,-0.0112634655,0.0,-0.0,0.0,0.0,0.0004355669532706586,0.00027215479386337763,1.9661332695533442,0.0,0.0,0.0
3154,15,-312.4571,460.9585,-0.0112634655,0.0,-0.0,0.0,0.0,0.0004355669532706586,0.00027215479386337763,1.9661332695533442,0.0,0.0,0.0
3155,15,-312.4571,460.9585,-0.0112634655,0.0,-0.0,0.0,0.0,0.0004355669532706586,0.00027215479386337763,1.9661332695533442,0.0,0.0,0.0
3156,15,-312.4571,460.9585,-0.0112634655,0.0,-0.0,0.0,0.0,0.0004355669532706586,0.00027215479386337763,1.9661332695533442,0.0,0.0,0.0
3157,15,-312.4571,460.9585,-0.0112634655,0.0,-0.0,0.0,0.0,0.0004355669532706586,0.00027215479386337763,1.9661332695533442,0.0,0.0,0.0
3158,15,-312.4571,460.9585,-0.0112634655,0.0,-0.0,0.0,0.0,0.0004355669532706586,0.00027215479386337763,1.9661332695533442,0.0,0.0,0.0
3159,15,-312.4571,460.9585,-0.0112634655,0.0,-0.0,0.0,0.0,0.0004355669532706586,0.00027215479386337763,1.9661332695533442,0.0,0.0,0.0
3160,15,-312.4571,460.9585,-0.0112634655,0.0,-0.0,0.0,0.0,0.0004355669532706586,0.00027215479386337763,1.9661332695533442,0.0,0.0,0.0
3161,15,-312.4571,460.9585,-0.0112634655,0.0,-0.0,0.0,0.0,0.0004355669532706586,0.00027215479386337763,1.9661332695533442,0.0,0.0,0.0
3162,15,-312.4571,460.9585,-0.0112634655,0.0,-0.0,0.0,0.0,0.0004355669532706586,0.00027215479386337763,1.9661332695533442,0.0,0.0,0.0
3163,15,-312.4571,460.9585,-0.0112634655,0.0,-0.0,0.0,0.0,0.0004355669532706586,0.00027215479386337763,1.9661332695533442,0.0,0.0,0.0
3164,15,-312.4571,460.9585,-0.0112634655,0.0,-0.0,0.0,0.0,0.0004355669532706586,0.00027215479386337763,1.9661332695533442,0.0,0.0,0.0
3165,15,-312.4571,460.9585,-0.0112634655,0.0,-0.0,0.0,0.0,0.0004355669532706586,0.00027215479386337763,1.9661332695533442,0.0,0.0,0.0
3166,15,-312.4571,460.9585,-0.0112634655,0.0,-0.0,0.0,0.0,0.0004355669532706586,0.00027215479386337763,1.9661332695533442,0.0,0.0,0.0
3167,15,-312.4571,460.9585,-0.0112634655,0.0,-0.0,0.0,0.0,0.0004355669532706586,0.00027215479386337763,1.9661332695533442,0.0,0.0,0.0
3168,15,-312.4571,460.9585,-0.0112634655,0.0,-0.0,0.0,0.0,0.0004355669532706586,0.00027215479386337763,1.9661332695533442,0.0,0.0,0.0
3169,15,-312.4571,460.9585,-0.0112634655,0.0,-0.0,0.0,0.0,0.0004355669532706586,0.00027215479386337763,1.9661332695533442,0.0,0.0,0.0
3170,15,-312.4571,460.9585,-0.0112634655,0.0,-0.0,0.0,0.0,0.0004355669532706586,0.00027215479386337763,1.9661332695533442,0.0,0.0,0.0
3171,15,-312.4571,460.9585,-0.0112634655,0.0,-0.0,0.0,0.0,0.0004355669532706586,0.00027215479386337763,1.9661332695533442,0.0,0.0,0.0
3172,15,-312.4571,460.9585,-0.0112634655,0.0,-0.0,0.0,0.0,0.0004355669532706586,0.00027215479386337763,1.9661332695533442,0.0,0.0,0.0
3173,15,-312.4571,460.9585,-0.0112634655,0.0,-0.0,0.0,0.0,0.0004355669532706586,0.00027215479386337763,1.9661332695533442,0.0,0.0,0.0
3174,15,-312.4571,460.9585,-0.0112634655,0.0,-0.0,0.0,0.0,0.0004355669532706586,0.00027215479386337763,1.9661332695533442,0.0,0.0,0.0
3175,15,-312.4571,460.9585,-0.0112634655,0.0,-0.0,0.0,0.0,0.0004355669532706586,0.00027215479386337763,1.9661332695533442,0.0,0.0,0.0
3176,15,-312.4571,460.9585,-0.0112634655,0.0,-0.0,0.0,0.0,0.0004355669532706586,0.00027215479386337763,1.9661332695533442,0.0,0.0,0.0
3177,15,-312.4571,460.9585,-0.0112634655,0.0,-0.0,0.0,0.0,0.0004355669532706586,0.00027215479386337763,1.9661332695533442,0.0,0.0,0.0
3178,15,-312.4571,460.9585,-0.0112634655,0.0,-0.0,0.0,0.0,0.0004355669532706586,0.00027215479386337763,1.9661332695533442,0.0,0.0,0.0
3179,15,-312.4571,460.9585,-0.0112634655,0.0,-0.0,0.0,0.0,0.0004355669532706586,0.00027215479386337763,1.9661332695533442,0.0,0.0,0.0
3180,15,-312.4571,460.9585,-0.0112634655,0.0,-0.0,0.0,0.0,0.0004355669532706586,0.00027215479386337763,1.9661332695533442,0.0,0.0,0.0
3181,15,-312.4571,460.9585,-0.0112634655,0.0,-0.0,0.0,0.0,0.0004355669532706586,0.00027215479386337763,1.9661332695533442,0.0,0.0,0.0
3182,15,-312.4571,460.9585,-0.0112634655,0.0,-0.0,0.0,0.0,0.0004355669532706586,0.00027215479386337763,1.9661332695533442,0.0,0.0,0.0
3183,15,-312.4571,460.9585,-0.0112634655,0.0,-0.0,0.0,0.0,0.0004355669532706586,0.00027215479386337763,1.9661332695533442,0.0,0.0,0.0
3184,15,-312.4571,460.9585,-0.0112634655,0.0,-0.0,0.0,0.0,0.0004355669532706586,0.00027215479386337763,1.9661332695533442,0.0,0.0,0.0
3185,15,-312.4571,460.9585,-0.0112634655,0.0,-0.0,0.0,0.0,0.0004355669532706586,0.00027215479386337763,1.9661332695533442,0.0,0.0,0.0
3186,15,-312.4571,460.9585,-0.0112634655,0.0,-0.0,0.0,0.0,0.0004355669532706586,0.00027215479386337763,1.9661332695533442,0.0,0.0,0.0
3187,15,-312.4571,460.9585,-0.0112634655,0.0,-0.0,0.0,0.0,0.0004355669532706586,0.00027215479386337763,1.9661332695533442,0.0,0.0,0.0
3188,15,-312.4571,460.9585,-0.0112634655,0.0,-0.0,0.0,0.0,0.0004355669532706586,0.00027215479386337763,1.9661332695533442,0.0,0.0,0.0
3189,15,-312.4571,460.9585,-0.0112634655,0.0,-0.0,0.0,0.0,0.0004355669532706586,0.00027215479386337763,1.9661332695533442,0.0,0.0,0.0
3190,15,-312.4571,460.9585,-0.0112634655,0.0,-0.0,0.0,0.0,0.0004355669532706586,0.00027215479386337763,1.9661332695533442,0.0,0.0,0.0
3191,15,-312.4571,460.9585,-0.0112634655,0.0,-0.0,0.0,0.0,0.0004355669532706586,0.00027215479386337763,1.9661332695533442,0.0,0.0,0.0
3192,15,-312.4571,460.9585,-0.0112634655,0.0,-0.0,0.0,0.0,0.0004355669532706586,0.00027215479386337763,1.9661332695533442,0.0,0.0,0.0
3193,15,-312.4571,460.9585,-0.0112634655,0.0,-0.0,0.0,0.0,0.0004355669532706586,0.00027215479386337763,1.9661332695533442,0.0,0.0,0.0
3194,15,-312.4571,460.9585,-0.0112634655,0.0,-0.0,0.0,0.0,0.0004355669532706586,0.00027215479386337763,1.9661332695533442,0.0,0.0,0.0
3195,15,-312.4571,460.9585,-0.0112634655,0.0,-0.0,0.0,0.0,0.0004355669532706586,0.00027215479386337763,1.9661332695533442,0.0,0.0,0.0
3196,15,-312.4571,460.9585,-0.0112634655,0.0,-0.0,0.0,0.0,0.0004355669532706586,0.00027215479386337763,1.9661332695533442,0.0,0.0,0.0
3197,15,-312.4571,460.9585,-0.0112634655,0.0,-0.0,0.0,0.0,0.0004355669532706586,0.00027215479386337763,1.9661332695533442,0.0,0.0,0.0
3198,15,-312.4571,460.9585,-0.0112634655,0.0,-0.0,0.0,0.0,0.0004355669532706586,0.00027215479386337763,1.9661332695533442,0.0,0.0,0.0
3199,15,-312.4571,460.9585,-0.0112634655,0.0,-0.0,0.0,0.0,0.0004355669532706586,0.00027215479386337763,1.9661332695533442,0.0,0.0,0.0
3200,15,-312.4571,460.9585,-0.0112634655,0.0,-0.0,0.0,0.0,0.0004355669532706586,0.00027215479386337763,1.9661332695533442,0.0,0.0,0.0
3201,15,-312.4571,460.9585,-0.0112634655,0.0,-0.0,0.0,0.0,0.0004355669532706586,0.00027215479386337763,1.9661332695533442,0.0,0.0,0.0
3202,15,-312.4571,460.9585,-0.0112634655,0.0,-0.0,0.0,0.0,0.0004355669532706586,0.00027215479386337763,1.9661332695533442,0.0,0.0,0.0
3203,15,-312.4571,460.9585,-0.0112634655,0.0,-0.0,0.0,0.0,0.0004355669532706586,0.00027215479386337763,1.9661332695533442,0.0,0.0,0.0
3204,15,-312.4571,460.9585,-0.0112634655,0.0,-0.0,0.0,0.0,0.0004355669532706586,0.00027215479386337763,1.9661332695533442,0.0,0.0,0.0
3205,15,-312.4571,460.9585,-0.0112634655,0.0,-0.0,0.0,0.0,0.0004355669532706586,0.00027215479386337763,1.9661332695533442,0.0,0.0,0.0
3206,15,-312.4571,460.9585,-0.0112634655,0.0,-0.0,0.0,0.0,0.0004355669532706586,0.00027215479386337763,1.9661332695533442,0.0,0.0,0.0
3207,15,-312.4571,460.9585,-0.0112634655,0.0,-0.0,0.0,0.0,0.0004355669532706586,0.00027215479386337763,1.9661332695533442,0.0,0.0,0.0
3208,15,-312.4571,460.9585,-0.0112634655,0.0,-0.0,0.0,0.0,0.0004355669532706586,0.00027215479386337763,1.9661332695533442,0.0,0.0,0.0
3209,15,-312.4571,460.9585,-0.0112634655,0.0,-0.0,0.0,0.0,0.0004355669532706586,0.00027215479386337763,1.9661332695533442,0.0,0.0,0.0
3210,15,-312.4571,460.9585,-0.0112634655,0.0,-0.0,0.0,0.0,0.0004355669532706586,0.00027215479386337763,1.9661332695533442,0.0,0.0,0.0
3211,15,-312.4571,460.9585,-0.0112634655,0.0,-0.0,0.0,0.0,0.0004355669532706586,0.00027215479386337763,1.9661332695533442,0.0,0.0,0.0
3212,15,-312.4571,460.9585,-0.0112634655,0.0,-0.0,0.0,0.0,0.0004355669532706586,0.00027215479386337763,1.9661332695533442,0.0,0.0,0.0
3213,15,-312.4571,460.9585,-0.0112634655,0.0,-0.0,0.0,0.0,0.0004355669532706586,0.00027215479386337763,1.9661332695533442,0.0,0.0,0.0
3214,15,-312.4571,460.9585,-0.0112634655,0.0,-0.0,0.0,0.0,0.0004355669532706586,0.00027215479386337763,1.9661332695533442,0.0,0.0,0.0
3215,15,-312.4571,460.9585,-0.0112634655,0.0,-0.0,0.0,0.0,0.0004355669532706586,0.00027215479386337763,1.9661332695533442,0.0,0.0,0.0
3216,15,-312.4571,460.9585,-0.0112634655,0.0,-0.0,0.0,0.0,0.0004355669532706586,0.00027215479386337763,1.9661332695533442,0.0,0.0,0.0
3217,15,-312.4571,460.9585,-0.0112634655,0.0,-0.0,0.0,0.0,0.0004355669532706586,0.00027215479386337763,1.9661332695533442,0.0,0.0,0.0
3218,15,-312.4571,460.9585,-0.0112634655,0.0,-0.0,0.0,0.0,0.0004355669532706586,0.00027215479386337763,1.9661332695533442,0.0,0.0,0.0
3219,15,-312.4571,460.9585,-0.0112634655,0.0,-0.0,0.0,0.0,0.0004355669532706586,0.00027215479386337763,1.9661332695533442,0.0,0.0,0.0
3220,15,-312.4571,460.9585,-0.0112634655,0.0,-0.0,0.0,0.0,0.0004355669532706586,0.00027215479386337763,1.9661332695533442,0.0,0.0,0.0
3221,15,-312.4571,460.9585,-0.0112634655,0.0,-0.0,0.0,0.0,0.0004355669532706586,0.00027215479386337763,1.9661332695533442,0.0,0.0,0.0
3222,15,-312.4571,460.9585,-0.0112634655,0.0,-0.0,0.0,0.0,0.0004355669532706586,0.00027215479386337763,1.9661332695533442,0.0,0.0,0.0
3223,15,-312.4571,460.9585,-0.0112634655,0.0,-0.0,0.0,0.0,0.0004355669532706586,0.00027215479386337763,1.9661332695533442,0.0,0.0,0.0
3224,15,-312.4571,460.9585,-0.0112634655,0.0,-0.0,0.0,0.0,0.0004355669532706586,0.00027215479386337763,1.9661332695533442,0.0,0.0,0.0
3225,15,-312.4571,460.9585,-0.0112634655,0.0,-0.0,0.0,0.0,0.0004355669532706586,0.00027215479386337763,1.9661332695533442,0.0,0.0,0.0
3226,15,-312.4571,460.9585,-0.0112634655,0.0,-0.0,0.0,0.0,0.0004355669532706586,0.00027215479386337763,1.9661332695533442,0.0,0.0,0.0
3227,15,-312.4571,460.9585,-0.0112634655,0.0,-0.0,0.0,0.0,0.0004355669532706586,0.00027215479386337763,1.9661332695533442,0.0,0.0,0.0
3228,15,-312.4571,460.9585,-0.0112634655,0.0,-0.0,0.0,0.0,0.0004355669532706586,0.00027215479386337763,1.9661332695533442,0.0,0.0,0.0
3229,15,-312.4571,460.9585,-0.0112634655,0.0,-0.0,0.0,0.0,0.0004355669532706586,0.00027215479386337763,1.9661332695533442,0.0,0.0,0.0
3230,15,-312.4571,460.9585,-0.0112634655,0.0,-0.0,0.0,0.0,0.0004355669532706586,0.00027215479386337763,1.9661332695533442,0.0,0.0,0.0
3231,15,-312.4571,460.9585,-0.0112634655,0.0,-0.0,0.0,0.0,0.0004355669532706586,0.00027215479386337763,1.9661332695533442,0.0,0.0,0.0
3232,15,-312.4571,460.9585,-0.0112634655,0.0,-0.0,0.0,0.0,0.0004355669532706586,0.00027215479386337763,1.9661332695533442,0.0,0.0,0.0
3233,15,-312.4571,460.9585,-0.0112634655,0.0,-0.0,0.0,0.0,0.0004355669532706586,0.00027215479386337763,1.9661332695533442,0.0,0.0,0.0
3234,15,-312.4571,460.9585,-0.0112634655,0.0,-0.0,0.0,0.0,0.0004355669532706586,0.00027215479386337763,1.9661332695533442,0.0,0.0,0.0
3235,15,-312.4571,460.9585,-0.0112634655,0.0,-0.0,0.0,0.0,0.0004355669532706586,0.00027215479386337763,1.9661332695533442,0.0,0.0,0.0
3236,15,-312.4571,460.9585,-0.0112634655,0.0,-0.0,0.0,0.0,0.0004355669532706586,0.00027215479386337763,1.9661332695533442,0.0,0.0,0.0
3237,15,-312.4571,460.9585,-0.0112634655,0.0,-0.0,0.0,0.0,0.0004355669532706586,0.00027215479386337763,1.9661332695533442,0.0,0.0,0.0
3238,15,-312.4571,460.9585,-0.0112634655,0.0,-0.0,0.0,0.0,0.0004355669532706586,0.00027215479386337763,1.9661332695533442,0.0,0.0,0.0
3239,15,-312.4571,460.9585,-0.0112634655,0.0,-0.0,0.0,0.0,0.0004355669532706586,0.00027215479386337763,1.9661332695533442,0.0,0.0,0.0
3240,15,-312.4571,460.9585,-0.0112634655,0.0,-0.0,0.0,0.0,0.0004355669532706586,0.00027215479386337763,1.9661332695533442,0.0,0.0,0.0
3241,15,-312.4571,460.9585,-0.0112634655,0.0,-0.0,0.0,0.0,0.0004355669532706586,0.00027215479386337763,1.9661332695533442,0.0,0.0,0.0
3242,15,-312.4571,460.9585,-0.0112634655,0.0,-0.0,0.0,0.0,0.0004355669532706586,0.00027215479386337763,1.9661332695533442,0.0,0.0,0.0
3243,15,-312.4571,460.9585,-0.0112634655,0.0,-0.0,0.0,0.0,0.0004355669532706586,0.00027215479386337763,1.9661332695533442,0.0,0.0,0.0
3244,15,-312.4571,460.9585,-0.0112634655,0.0,-0.0,0.0,0.0,0.0004355669532706586,0.00027215479386337763,1.9661332695533442,0.0,0.0,0.0
3245,15,-312.4571,460.9585,-0.0112634655,0.0,-0.0,0.0,0.0,0.0004355669532706586,0.00027215479386337763,1.9661332695533442,0.0,0.0,0.0
3246,15,-312.4571,460.9585,-0.0112634655,0.0,-0.0,0.0,0.0,0.0004355669532706586,0.00027215479386337763,1.9661332695533442,0.0,0.0,0.0
3247,15,-312.4571,460.9585,-0.0112634655,0.0,-0.0,0.0,0.0,0.0004355669532706586,0.00027215479386337763,1.9661332695533442,0.0,0.0,0.0
3248,15,-312.4571,460.9585,-0.0112634655,0.0,-0.0,0.0,0.0,0.0004355669532706586,0.00027215479386337763,1.9661332695533442,0.0,0.0,0.0
3249,15,-312.4571,460.9585,-0.0112634655,0.0,-0.0,0.0,0.0,0.0004355669532706586,0.00027215479386337763,1.9661332695533442,0.0,0.0,0.0
3250,15,-312.4571,460.9585,-0.0112634655,0.0,-0.0,0.0,0.0,0.0004355669532706586,0.00027215479386337763,1.9661332695533442,0.0,0.0,0.0
3251,15,-312.4571,460.9585,-0.0112634655,0.0,-0.0,0.0,0.0,0.0004355669532706586,0.00027215479386337763,1.9661332695533442,0.0,0.0,0.0
3252,15,-312.4571,460.9585,-0.0112634655,0.0,-0.0,0.0,0.0,0.0004355669532706586,0.00027215479386337763,1.9661332695533442,0.0,0.0,0.0
3253,15,-312.4571,460.9585,-0.0112634655,0.0,-0.0,0.0,0.0,0.0004355669532706586,0.00027215479386337763,1.9661332695533442,0.0,0.0,0.0
3254,15,-312.4571,460.9585,-0.0112634655,0.0,-0.0,0.0,0.0,0.0004355669532706586,0.00027215479386337763,1.9661332695533442,0.0,0.0,0.0
3255,15,-312.4571,460.9585,-0.0112634655,0.0,-0.0,0.0,0.0,0.0004355669532706586,0.00027215479386337763,1.9661332695533442,0.0,0.0,0.0
3256,15,-312.4571,460.9585,-0.0112634655,0.0,-0.0,0.0,0.0,0.0004355669532706586,0.00027215479386337763,1.9661332695533442,0.0,0.0,0.0
3257,15,-312.4571,460.9585,-0.0112634655,0.0,-0.0,0.0,0.0,0.0004355669532706586,0.00027215479386337763,1.9661332695533442,0.0,0.0,0.0
3258,15,-312.4571,460.9585,-0.0112634655,0.0,-0.0,0.0,0.0,0.0004355669532706586,0.00027215479386337763,1.9661332695533442,0.0,0.0,0.0
3259,15,-312.4571,460.9585,-0.0112634655,0.0,-0.0,0.0,0.0,0.0004355669532706586,0.00027215479386337763,1.9661332695533442,0.0,0.0,0.0
3260,15,-312.4571,460.9585,-0.0112634655,0.0,-0.0,0.0,0.0,0.0004355669532706586,0.00027215479386337763,1.9661332695533442,0.0,0.0,0.0
3261,15,-312.4571,460.9585,-0.0112634655,0.0,-0.0,0.0,0.0,0.0004355669532706586,0.00027215479386337763,1.9661332695533442,0.0,0.0,0.0
3262,15,-312.4571,460.9585,-0.0112634655,0.0,-0.0,0.0,0.0,0.0004355669532706586,0.00027215479386337763,1.9661332695533442,0.0,0.0,0.0
3263,15,-312.4571,460.9585,-0.0112634655,0.0,-0.0,0.0,0.0,0.0004355669532706586,0.00027215479386337763,1.9661332695533442,0.0,0.0,0.0
3264,15,-312.4571,460.9585,-0.0112634655,0.0,-0.0,0.0,0.0,0.0004355669532706586,0.00027215479386337763,1.9661332695533442,0.0,0.0,0.0
3265,15,-312.4571,460.9585,-0.0112634655,0.0,-0.0,0.0,0.0,0.0004355669532706586,0.00027215479386337763,1.9661332695533442,0.0,0.0,0.0
3266,15,-312.4571,460.9585,-0.0112634655,0.0,-0.0,0.0,0.0,0.0004355669532706586,0.00027215479386337763,1.9661332695533442,0.0,0.0,0.0
3267,15,-312.4571,460.9585,-0.0112634655,0.0,-0.0,0.0,0.0,0.0004355669532706586,0.00027215479386337763,1.9661332695533442,0.0,0.0,0.0
3268,15,-312.4571,460.9585,-0.0112634655,0.0,-0.0,0.0,0.0,0.0004355669532706586,0.00027215479386337763,1.9661332695533442,0.0,0.0,0.0
3269,15,-312.4571,460.9585,-0.0112634655,0.0,-0.0,0.0,0.0,0.0004355669532706586,0.00027215479386337763,1.9661332695533442,0.0,0.0,0.0
3270,15,-312.4571,460.9585,-0.0112634655,0.0,-0.0,0.0,0.0,0.0004355669532706586,0.00027215479386337763,1.9661332695533442,0.0,0.0,0.0
3271,15,-312.4571,460.9585,-0.0112634655,0.0,-0.0,0.0,0.0,0.0004355669532706586,0.00027215479386337763,1.9661332695533442,0.0,0.0,0.0
3272,15,-312.4571,460.9585,-0.0112634655,0.0,-0.0,0.0,0.0,0.0004355669532706586,0.00027215479386337763,1.9661332695533442,0.0,0.0,0.0
3273,15,-312.4571,460.9585,-0.0112634655,0.0,-0.0,0.0,0.0,0.0004355669532706586,0.00027215479386337763,1.9661332695533442,0.0,0.0,0.0
3274,15,-312.4571,460.9585,-0.0112634655,0.0,-0.0,0.0,0.0,0.0004355669532706586,0.00027215479386337763,1.9661332695533442,0.0,0.0,0.0
3275,15,-312.4571,460.9585,-0.0112634655,0.0,-0.0,0.0,0.0,0.0004355669532706586,0.00027215479386337763,1.9661332695533442,0.0,0.0,0.0
3276,15,-312.4571,460.9585,-0.0112634655,0.0,-0.0,0.0,0.0,0.0004355669532706586,0.00027215479386337763,1.9661332695533442,0.0,0.0,0.0
3277,15,-312.4571,460.9585,-0.0112634655,0.0,-0.0,0.0,0.0,0.0004355669532706586,0.00027215479386337763,1.9661332695533442,0.0,0.0,0.0
3278,15,-312.4571,460.9585,-0.0112634655,0.0,-0.0,0.0,0.0,0.0004355669532706586,0.00027215479386337763,1.9661332695533442,0.0,0.0,0.0
3279,15,-312.4571,460.9585,-0.0112634655,0.0,-0.0,0.0,0.0,0.0004355669532706586,0.00027215479386337763,1.9661332695533442,0.0,0.0,0.0
3280,15,-312.4571,460.9585,-0.0112634655,0.0,-0.0,0.0,0.0,0.0004355669532706586,0.00027215479386337763,1.9661332695533442,0.0,0.0,0.0
3281,15,-312.4571,460.9585,-0.0112634655,0.0,-0.0,0.0,0.0,0.0004355669532706586,0.00027215479386337763,1.9661332695533442,0.0,0.0,0.0
3282,15,-312.4571,460.9585,-0.0112634655,0.0,-0.0,0.0,0.0,0.0004355669532706586,0.00027215479386337763,1.9661332695533442,0.0,0.0,0.0
3283,15,-312.4571,460.9585,-0.0112634655,0.0,-0.0,0.0,0.0,0.0004355669532706586,0.00027215479386337763,1.9661332695533442,0.0,0.0,0.0
3284,15,-312.4571,460.9585,-0.0112634655,0.0,-0.0,0.0,0.0,0.0004355669532706586,0.00027215479386337763,1.9661332695533442,0.0,0.0,0.0
3285,15,-312.4571,460.9585,-0.0112634655,0.0,-0.0,0.0,0.0,0.0004355669532706586,0.00027215479386337763,1.9661332695533442,0.0,0.0,0.0
3286,15,-312.4571,460.9585,-0.0112634655,0.0,-0.0,0.0,0.0,0.0004355669532706586,0.00027215479386337763,1.9661332695533442,0.0,0.0,0.0
3287,15,-312.4571,460.9585,-0.0112634655,0.0,-0.0,0.0,0.0,0.0004355669532706586,0.00027215479386337763,1.9661332695533442,0.0,0.0,0.0
3288,15,-312.4571,460.9585,-0.0112634655,0.0,-0.0,0.0,0.0,0.0004355669532706586,0.00027215479386337763,1.9661332695533442,0.0,0.0,0.0
3289,15,-312.4571,460.9585,-0.0112634655,0.0,-0.0,0.0,0.0,0.0004355669532706586,0.00027215479386337763,1.9661332695533442,0.0,0.0,0.0
3290,15,-312.4571,460.9585,-0.0112634655,0.0,-0.0,0.0,0.0,0.0004355669532706586,0.00027215479386337763,1.9661332695533442,0.0,0.0,0.0
3291,15,-312.4571,460.9585,-0.0112634655,0.0,-0.0,0.0,0.0,0.0004355669532706586,0.00027215479386337763,1.9661332695533442,0.0,0.0,0.0
3292,15,-312.4571,460.9585,-0.0112634655,0.0,-0.0,0.0,0.0,0.0004355669532706586,0.00027215479386337763,1.9661332695533442,0.0,0.0,0.0
3293,15,-312.4571,460.9585,-0.0112634655,0.0,-0.0,0.0,0.0,0.0004355669532706586,0.00027215479386337763,1.9661332695533442,0.0,0.0,0.0
3294,15,-312.4571,460.9585,-0.0112634655,0.0,-0.0,0.0,0.0,0.0004355669532706586,0.00027215479386337763,1.9661332695533442,0.0,0.0,0.0
3295,15,-312.4571,460.9585,-0.0112634655,0.0,-0.0,0.0,0.0,0.0004355669532706586,0.00027215479386337763,1.9661332695533442,0.0,0.0,0.0
3296,15,-312.4571,460.9585,-0.0112634655,0.0,-0.0,0.0,0.0,0.0004355669532706586,0.00027215479386337763,1.9661332695533442,0.0,0.0,0.0
3297,15,-312.4571,460.9585,-0.0112634655,0.0,-0.0,0.0,0.0,0.0004355669532706586,0.00027215479386337763,1.9661332695533442,0.0,0.0,0.0
3298,15,-312.4571,460.9585,-0.0112634655,0.0,-0.0,0.0,0.0,0.0004355669532706586,0.00027215479386337763,1.9661332695533442,0.0,0.0,0.0
3299,15,-312.4571,460.9585,-0.0112634655,0.0,-0.0,0.0,0.0,0.0004355669532706586,0.00027215479386337763,1.9661332695533442,0.0,0.0,0.0
3300,15,-312.4571,460.9585,-0.0112634655,0.0,-0.0,0.0,0.0,0.0004355669532706586,0.00027215479386337763,1.9661332695533442,0.0,0.0,0.0
3301,15,-312.4571,460.9585,-0.0112634655,0.0,-0.0,0.0,0.0,0.0004355669532706586,0.00027215479386337763,1.9661332695533442,0.0,0.0,0.0
3302,15,-312.4571,460.9585,-0.0112634655,0.0,-0.0,0.0,0.0,0.0004355669532706586,0.00027215479386337763,1.9661332695533442,0.0,0.0,0.0
3303,15,-312.4571,460.9585,-0.0112634655,0.0,-0.0,0.0,0.0,0.0004355669532706586,0.00027215479386337763,1.9661332695533442,0.0,0.0,0.0
3304,15,-312.4571,460.9585,-0.0112634655,0.0,-0.0,0.0,0.0,0.0004355669532706586,0.00027215479386337763,1.9661332695533442,0.0,0.0,0.0
3305,15,-312.4571,460.9585,-0.0112634655,0.0,-0.0,0.0,0.0,0.0004355669532706586,0.00027215479386337763,1.9661332695533442,0.0,0.0,0.0
3306,15,-312.4571,460.9585,-0.0112634655,0.0,-0.0,0.0,0.0,0.0004355669532706586,0.00027215479386337763,1.9661332695533442,0.0,0.0,0.0
3307,15,-312.4571,460.9585,-0.0112634655,0.0,-0.0,0.0,0.0,0.0004355669532706586,0.00027215479386337763,1.9661332695533442,0.0,0.0,0.0
3308,15,-312.4571,460.9585,-0.0112634655,0.0,-0.0,0.0,0.0,0.0004355669532706586,0.00027215479386337763,1.9661332695533442,0.0,0.0,0.0
3309,15,-312.4571,460.9585,-0.0112634655,0.0,-0.0,0.0,0.0,0.0004355669532706586,0.00027215479386337763,1.9661332695533442,0.0,0.0,0.0
3310,15,-312.4571,460.9585,-0.0112634655,0.0,-0.0,0.0,0.0,0.0004355669532706586,0.00027215479386337763,1.9661332695533442,0.0,0.0,0.0
3311,15,-312.4571,460.9585,-0.0112634655,0.0,-0.0,0.0,0.0,0.0004355669532706586,0.00027215479386337763,1.9661332695533442,0.0,0.0,0.0
3312,15,-312.4571,460.9585,-0.0112634655,0.0,-0.0,0.0,0.0,0.0004355669532706586,0.00027215479386337763,1.9661332695533442,0.0,0.0,0.0
3313,15,-312.4571,460.9585,-0.0112634655,0.0,-0.0,0.0,0.0,0.0004355669532706586,0.00027215479386337763,1.9661332695533442,0.0,0.0,0.0
3314,15,-312.4571,460.9585,-0.0112634655,0.0,-0.0,0.0,0.0,0.0004355669532706586,0.00027215479386337763,1.9661332695533442,0.0,0.0,0.0
3315,15,-312.4571,460.9585,-0.0112634655,0.0,-0.0,0.0,0.0,0.0004355669532706586,0.00027215479386337763,1.9661332695533442,0.0,0.0,0.0
3316,15,-312.4571,460.9585,-0.0112634655,0.0,-0.0,0.0,0.0,0.0004355669532706586,0.00027215479386337763,1.9661332695533442,0.0,0.0,0.0
3317,15,-312.4571,460.9585,-0.0112634655,0.0,-0.0,0.0,0.0,0.0004355669532706586,0.00027215479386337763,1.9661332695533442,0.0,0.0,0.0
3318,15,-312.4571,460.9585,-0.0112634655,0.0,-0.0,0.0,0.0,0.0004355669532706586,0.00027215479386337763,1.9661332695533442,0.0,0.0,0.0
3319,15,-312.4571,460.9585,-0.0112634655,0.0,-0.0,0.0,0.0,0.0004355669532706586,0.00027215479386337763,1.9661332695533442,0.0,0.0,0.0
3320,15,-312.4571,460.9585,-0.0112634655,0.0,-0.0,0.0,0.0,0.0004355669532706586,0.00027215479386337763,1.9661332695533442,0.0,0.0,0.0
3321,15,-312.4571,460.9585,-0.0112634655,0.0,-0.0,0.0,0.0,0.0004355669532706586,0.00027215479386337763,1.9661332695533442,0.0,0.0,0.0
3322,15,-312.4571,460.9585,-0.0112634655,0.0,-0.0,0.0,0.0,0.0004355669532706586,0.00027215479386337763,1.9661332695533442,0.0,0.0,0.0
3323,15,-312.4571,460.9585,-0.0112634655,0.0,-0.0,0.0,0.0,0.0004355669532706586,0.00027215479386337763,1.9661332695533442,0.0,0.0,0.0
3324,15,-312.4571,460.9585,-0.0112634655,0.0,-0.0,0.0,0.0,0.0004355669532706586,0.00027215479386337763,1.9661332695533442,0.0,0.0,0.0
3325,15,-312.4571,460.9585,-0.0112634655,0.0,-0.0,0.0,0.0,0.0004355669532706586,0.00027215479386337763,1.9661332695533442,0.0,0.0,0.0
3326,15,-312.4571,460.9585,-0.0112634655,0.0,-0.0,0.0,0.0,0.0004355669532706586,0.00027215479386337763,1.9661332695533442,0.0,0.0,0.0
3327,15,-312.4571,460.9585,-0.0112634655,0.0,-0.0,0.0,0.0,0.0004355669532706586,0.00027215479386337763,1.9661332695533442,0.0,0.0,0.0
3328,15,-312.4571,460.9585,-0.0112634655,0.0,-0.0,0.0,0.0,0.0004355669532706586,0.00027215479386337763,1.9661332695533442,0.0,0.0,0.0
3329,15,-312.4571,460.9585,-0.0112634655,0.0,-0.0,0.0,0.0,0.0004355669532706586,0.00027215479386337763,1.9661332695533442,0.0,0.0,0.0
3330,15,-312.4571,460.9585,-0.0112634655,0.0,-0.0,0.0,0.0,0.0004355669532706586,0.00027215479386337763,1.9661332695533442,0.0,0.0,0.0
3331,15,-312.4571,460.9585,-0.0112634655,0.0,-0.0,0.0,0.0,0.0004355669532706586,0.00027215479386337763,1.9661332695533442,0.0,0.0,0.0
3332,15,-312.4571,460.9585,-0.0112634655,0.0,-0.0,0.0,0.0,0.0004355669532706586,0.00027215479386337763,1.9661332695533442,0.0,0.0,0.0
3333,15,-312.4571,460.9585,-0.0112634655,0.0,-0.0,0.0,0.0,0.0004355669532706586,0.00027215479386337763,1.9661332695533442,0.0,0.0,0.0
3334,15,-312.4571,460.9585,-0.0112634655,0.0,-0.0,0.0,0.0,0.0004355669532706586,0.00027215479386337763,1.9661332695533442,0.0,0.0,0.0
3335,15,-312.4571,460.9585,-0.0112634655,0.0,-0.0,0.0,0.0,0.0004355669532706586,0.00027215479386337763,1.9661332695533442,0.0,0.0,0.0
3336,15,-312.4571,460.9585,-0.0112634655,0.0,-0.0,0.0,0.0,0.0004355669532706586,0.00027215479386337763,1.9661332695533442,0.0,0.0,0.0
3337,15,-312.4571,460.9585,-0.0112634655,0.0,-0.0,0.0,0.0,0.0004355669532706586,0.00027215479386337763,1.9661332695533442,0.0,0.0,0.0
3338,15,-312.4571,460.9585,-0.0112634655,0.0,-0.0,0.0,0.0,0.0004355669532706586,0.00027215479386337763,1.9661332695533442,0.0,0.0,0.0
3339,15,-312.4571,460.9585,-0.0112634655,0.0,-0.0,0.0,0.0,0.0004355669532706586,0.00027215479386337763,1.9661332695533442,0.0,0.0,0.0
3340,15,-312.4571,460.9585,-0.0112634655,0.0,-0.0,0.0,0.0,0.0004355669532706586,0.00027215479386337763,1.9661332695533442,0.0,0.0,0.0
3341,15,-312.4571,460.9585,-0.0112634655,0.0,-0.0,0.0,0.0,0.0004355669532706586,0.00027215479386337763,1.9661332695533442,0.0,0.0,0.0
3342,15,-312.4571,460.9585,-0.0112634655,0.0,-0.0,0.0,0.0,0.0004355669532706586,0.00027215479386337763,1.9661332695533442,0.0,0.0,0.0
3343,15,-312.4571,460.9585,-0.0112634655,0.0,-0.0,0.0,0.0,0.0004355669532706586,0.00027215479386337763,1.9661332695533442,0.0,0.0,0.0
3344,15,-312.4571,460.9585,-0.0112634655,0.0,-0.0,0.0,0.0,0.0004355669532706586,0.00027215479386337763,1.9661332695533442,0.0,0.0,0.0
3345,15,-312.4571,460.9585,-0.0112634655,0.0,-0.0,0.0,0.0,0.0004355669532706586,0.00027215479386337763,1.9661332695533442,0.0,0.0,0.0
3346,15,-312.4571,460.9585,-0.0112634655,0.0,-0.0,0.0,0.0,0.0004355669532706586,0.00027215479386337763,1.9661332695533442,0.0,0.0,0.0
3347,15,-312.4571,460.9585,-0.0112634655,0.0,-0.0,0.0,0.0,0.0004355669532706586,0.00027215479386337763,1.9661332695533442,0.0,0.0,0.0
3348,15,-312.4571,460.9585,-0.0112634655,0.0,-0.0,0.0,0.0,0.0004355669532706586,0.00027215479386337763,1.9661332695533442,0.0,0.0,0.0
3349,15,-312.4571,460.9585,-0.0112634655,0.0,-0.0,0.0,0.0,0.0004355669532706586,0.00027215479386337763,1.9661332695533442,0.0,0.0,0.0
3350,15,-312.4571,460.9585,-0.0112634655,0.0,-0.0,0.0,0.0,0.0004355669532706586,0.00027215479386337763,1.9661332695533442,0.0,0.0,0.0
3351,15,-312.4571,460.9585,-0.0112634655,0.0,-0.0,0.0,0.0,0.0004355669532706586,0.00027215479386337763,1.9661332695533442,0.0,0.0,0.0
3352,15,-312.4571,460.9585,-0.0112634655,0.0,-0.0,0.0,0.0,0.0004355669532706586,0.00027215479386337763,1.9661332695533442,0.0,0.0,0.0
3353,15,-312.4571,460.9585,-0.0112634655,0.0,-0.0,0.0,0.0,0.0004355669532706586,0.00027215479386337763,1.9661332695533442,0.0,0.0,0.0
3354,15,-312.4571,460.9585,-0.0112634655,0.0,-0.0,0.0,0.0,0.0004355669532706586,0.00027215479386337763,1.9661332695533442,0.0,0.0,0.0
3355,15,-312.4571,460.9585,-0.0112634655,0.0,-0.0,0.0,0.0,0.0004355669532706586,0.00027215479386337763,1.9661332695533442,0.0,0.0,0.0
3356,15,-312.4571,460.9585,-0.0112634655,0.0,-0.0,0.0,0.0,0.0004355669532706586,0.00027215479386337763,1.9661332695533442,0.0,0.0,0.0
3357,15,-312.4571,460.9585,-0.0112634655,0.0,-0.0,0.0,0.0,0.0004355669532706586,0.00027215479386337763,1.9661332695533442,0.0,0.0,0.0
3358,15,-312.4571,460.9585,-0.0112634655,0.0,-0.0,0.0,0.0,0.0004355669532706586,0.00027215479386337763,1.9661332695533442,0.0,0.0,0.0
3359,15,-312.4571,460.9585,-0.0112634655,0.0,-0.0,0.0,0.0,0.0004355669532706586,0.00027215479386337763,1.9661332695533442,0.0,0.0,0.0
3360,15,-312.4571,460.9585,-0.0112634655,0.0,-0.0,0.0,0.0,0.0004355669532706586,0.00027215479386337763,1.9661332695533442,0.0,0.0,0.0
3361,15,-312.4571,460.9585,-0.0112634655,0.0,-0.0,0.0,0.0,0.0004355669532706586,0.00027215479386337763,1.9661332695533442,0.0,0.0,0.0
3362,15,-312.4571,460.9585,-0.0112634655,0.0,-0.0,0.0,0.0,0.0004355669532706586,0.00027215479386337763,1.9661332695533442,0.0,0.0,0.0
3363,15,-312.4571,460.9585,-0.0112634655,0.0,-0.0,0.0,0.0,0.0004355669532706586,0.00027215479386337763,1.9661332695533442,0.0,0.0,0.0
3364,15,-312.4571,460.9585,-0.0112634655,0.0,-0.0,0.0,0.0,0.0004355669532706586,0.00027215479386337763,1.9661332695533442,0.0,0.0,0.0
3365,15,-312.4571,460.9585,-0.0112634655,0.0,-0.0,0.0,0.0,0.0004355669532706586,0.00027215479386337763,1.9661332695533442,0.0,0.0,0.0
3366,15,-312.4571,460.9585,-0.0112634655,0.0,-0.0,0.0,0.0,0.0004355669532706586,0.00027215479386337763,1.9661332695533442,0.0,0.0,0.0
3367,15,-312.4571,460.9585,-0.0112634655,0.0,-0.0,0.0,0.0,0.0004355669532706586,0.00027215479386337763,1.9661332695533442,0.0,0.0,0.0
3368,15,-312.4571,460.9585,-0.0112634655,0.0,-0.0,0.0,0.0,0.0004355669532706586,0.00027215479386337763,1.9661332695533442,0.0,0.0,0.0
3369,15,-312.4571,460.9585,-0.0112634655,0.0,-0.0,0.0,0.0,0.0004355669532706586,0.00027215479386337763,1.9661332695533442,0.0,0.0,0.0
3370,15,-312.4571,460.9585,-0.0112634655,0.0,-0.0,0.0,0.0,0.0004355669532706586,0.00027215479386337763,1.9661332695533442,0.0,0.0,0.0
3371,15,-312.4571,460.9585,-0.0112634655,0.0,-0.0,0.0,0.0,0.0004355669532706586,0.00027215479386337763,1.9661332695533442,0.0,0.0,0.0
3372,15,-312.4571,460.9585,-0.0112634655,0.0,-0.0,0.0,0.0,0.0004355669532706586,0.00027215479386337763,1.9661332695533442,0.0,0.0,0.0
3373,15,-312.4571,460.9585,-0.0112634655,0.0,-0.0,0.0,0.0,0.0004355669532706586,0.00027215479386337763,1.9661332695533442,0.0,0.0,0.0
3374,15,-312.4571,460.9585,-0.0112634655,0.0,-0.0,0.0,0.0,0.0004355669532706586,0.00027215479386337763,1.9661332695533442,0.0,0.0,0.0
3375,15,-312.4571,460.9585,-0.0112634655,0.0,-0.0,0.0,0.0,0.0004355669532706586,0.00027215479386337763,1.9661332695533442,0.0,0.0,0.0
3376,15,-312.4571,460.9585,-0.0112634655,0.0,-0.0,0.0,0.0,0.0004355669532706586,0.00027215479386337763,1.9661332695533442,0.0,0.0,0.0
3377,15,-312.4571,460.9585,-0.0112634655,0.0,-0.0,0.0,0.0,0.0004355669532706586,0.00027215479386337763,1.9661332695533442,0.0,0.0,0.0
3378,15,-312.4571,460.9585,-0.0112634655,0.0,-0.0,0.0,0.0,0.0004355669532706586,0.00027215479386337763,1.9661332695533442,0.0,0.0,0.0
3379,15,-312.4571,460.9585,-0.0112634655,0.0,-0.0,0.0,0.0,0.0004355669532706586,0.00027215479386337763,1.9661332695533442,0.0,0.0,0.0
3380,15,-312.4571,460.9585,-0.0112634655,0.0,-0.0,0.0,0.0,0.0004355669532706586,0.00027215479386337763,1.9661332695533442,0.0,0.0,0.0
3381,15,-312.4571,460.9585,-0.0112634655,0.0,-0.0,0.0,0.0,0.0004355669532706586,0.00027215479386337763,1.9661332695533442,0.0,0.0,0.0
3382,15,-312.4571,460.9585,-0.0112634655,0.0,-0.0,0.0,0.0,0.0004355669532706586,0.00027215479386337763,1.9661332695533442,0.0,0.0,0.0
3383,15,-312.4571,460.9585,-0.0112634655,0.0,-0.0,0.0,0.0,0.0004355669532706586,0.00027215479386337763,1.9661332695533442,0.0,0.0,0.0
3384,15,-312.4571,460.9585,-0.0112634655,0.0,-0.0,0.0,0.0,0.0004355669532706586,0.00027215479386337763,1.9661332695533442,0.0,0.0,0.0
3385,15,-312.4571,460.9585,-0.0112634655,0.0,-0.0,0.0,0.0,0.0004355669532706586,0.00027215479386337763,1.9661332695533442,0.0,0.0,0.0
3386,15,-312.4571,460.9585,-0.0112634655,0.0,-0.0,0.0,0.0,0.0004355669532706586,0.00027215479386337763,1.9661332695533442,0.0,0.0,0.0
3387,15,-312.4571,460.9585,-0.0112634655,0.0,-0.0,0.0,0.0,0.0004355669532706586,0.00027215479386337763,1.9661332695533442,0.0,0.0,0.0
3388,15,-312.4571,460.9585,-0.0112634655,0.0,-0.0,0.0,0.0,0.0004355669532706586,0.00027215479386337763,1.9661332695533442,0.0,0.0,0.0
3389,15,-312.4571,460.9585,-0.0112634655,0.0,-0.0,0.0,0.0,0.0004355669532706586,0.00027215479386337763,1.9661332695533442,0.0,0.0,0.0
3390,15,-312.4571,460.9585,-0.0112634655,0.0,-0.0,0.0,0.0,0.0004355669532706586,0.00027215479386337763,1.9661332695533442,0.0,0.0,0.0
3391,15,-312.4571,460.9585,-0.0112634655,0.0,-0.0,0.0,0.0,0.0004355669532706586,0.00027215479386337763,1.9661332695533442,0.0,0.0,0.0
3392,15,-312.4571,460.9585,-0.0112634655,0.0,-0.0,0.0,0.0,0.0004355669532706586,0.00027215479386337763,1.9661332695533442,0.0,0.0,0.0
3393,15,-312.4571,460.9585,-0.0112634655,0.0,-0.0,0.0,0.0,0.0004355669532706586,0.00027215479386337763,1.9661332695533442,0.0,0.0,0.0
3394,15,-312.4571,460.9585,-0.0112634655,0.0,-0.0,0.0,0.0,0.0004355669532706586,0.00027215479386337763,1.9661332695533442,0.0,0.0,0.0
3395,15,-312.4571,460.9585,-0.0112634655,0.0,-0.0,0.0,0.0,0.0004355669532706586,0.00027215479386337763,1.9661332695533442,0.0,0.0,0.0
3396,15,-312.4571,460.9585,-0.0112634655,0.0,-0.0,0.0,0.0,0.0004355669532706586,0.00027215479386337763,1.9661332695533442,0.0,0.0,0.0
3397,15,-312.4571,460.9585,-0.0112634655,0.0,-0.0,0.0,0.0,0.0004355669532706586,0.00027215479386337763,1.9661332695533442,0.0,0.0,0.0
3398,15,-312.4571,460.9585,-0.0112634655,0.0,-0.0,0.0,0.0,0.0004355669532706586,0.00027215479386337763,1.9661332695533442,0.0,0.0,0.0
3399,15,-312.4571,460.9585,-0.0112634655,0.0,-0.0,0.0,0.0,0.0004355669532706586,0.00027215479386337763,1.9661332695533442,0.0,0.0,0.0
3400,15,-312.4571,460.9585,-0.0112634655,0.0,-0.0,0.0,0.0,0.0004355669532706586,0.00027215479386337763,1.9661332695533442,0.0,0.0,0.0
3401,15,-312.4571,460.9585,-0.0112634655,0.0,-0.0,0.0,0.0,0.0004355669532706586,0.00027215479386337763,1.9661332695533442,0.0,0.0,0.0
3402,15,-312.4571,460.9585,-0.0112634655,0.0,-0.0,0.0,0.0,0.0004355669532706586,0.00027215479386337763,1.9661332695533442,0.0,0.0,0.0
3403,15,-312.4571,460.9585,-0.0112634655,0.0,-0.0,0.0,0.0,0.0004355669532706586,0.00027215479386337763,1.9661332695533442,0.0,0.0,0.0
3404,15,-312.4571,460.9585,-0.0112634655,0.0,-0.0,0.0,0.0,0.0004355669532706586,0.00027215479386337763,1.9661332695533442,0.0,0.0,0.0
3405,15,-312.4571,460.9585,-0.0112634655,0.0,-0.0,0.0,0.0,0.0004355669532706586,0.00027215479386337763,1.9661332695533442,0.0,0.0,0.0
3406,15,-312.4571,460.9585,-0.0112634655,0.0,-0.0,0.0,0.0,0.0004355669532706586,0.00027215479386337763,1.9661332695533442,0.0,0.0,0.0
3407,15,-312.4571,460.9585,-0.0112634655,0.0,-0.0,0.0,0.0,0.0004355669532706586,0.00027215479386337763,1.9661332695533442,0.0,0.0,0.0
3408,15,-312.4571,460.9585,-0.0112634655,0.0,-0.0,0.0,0.0,0.0004355669532706586,0.00027215479386337763,1.9661332695533442,0.0,0.0,0.0
3409,15,-312.4571,460.9585,-0.0112634655,0.0,-0.0,0.0,0.0,0.0004355669532706586,0.00027215479386337763,1.9661332695533442,0.0,0.0,0.0
3410,15,-312.4571,460.9585,-0.0112634655,0.0,-0.0,0.0,0.0,0.0004355669532706586,0.00027215479386337763,1.9661332695533442,0.0,0.0,0.0
3411,15,-312.4571,460.9585,-0.0112634655,0.0,-0.0,0.0,0.0,0.0004355669532706586,0.00027215479386337763,1.9661332695533442,0.0,0.0,0.0
3412,15,-312.4571,460.9585,-0.0112634655,0.0,-0.0,0.0,0.0,0.0004355669532706586,0.00027215479386337763,1.9661332695533442,0.0,0.0,0.0
3413,15,-312.4571,460.9585,-0.0112634655,0.0,-0.0,0.0,0.0,0.0004355669532706586,0.00027215479386337763,1.9661332695533442,0.0,0.0,0.0
3414,15,-312.4571,460.9585,-0.0112634655,0.0,-0.0,0.0,0.0,0.0004355669532706586,0.00027215479386337763,1.9661332695533442,0.0,0.0,0.0
3415,15,-312.4571,460.9585,-0.0112634655,0.0,-0.0,0.0,0.0,0.0004355669532706586,0.00027215479386337763,1.9661332695533442,0.0,0.0,0.0
3416,15,-312.4571,460.9585,-0.0112634655,0.0,-0.0,0.0,0.0,0.0004355669532706586,0.00027215479386337763,1.9661332695533442,0.0,0.0,0.0
3417,15,-312.4571,460.9585,-0.0112634655,0.0,-0.0,0.0,0.0,0.0004355669532706586,0.00027215479386337763,1.9661332695533442,0.0,0.0,0.0
3418,15,-312.4571,460.9585,-0.0112634655,0.0,-0.0,0.0,0.0,0.0004355669532706586,0.00027215479386337763,1.9661332695533442,0.0,0.0,0.0
3419,15,-312.4571,460.9585,-0.0112634655,0.0,-0.0,0.0,0.0,0.0004355669532706586,0.00027215479386337763,1.9661332695533442,0.0,0.0,0.0
3420,15,-312.4571,460.9585,-0.0112634655,0.0,-0.0,0.0,0.0,0.0004355669532706586,0.00027215479386337763,1.9661332695533442,0.0,0.0,0.0
3421,15,-312.4571,460.9585,-0.0112634655,0.0,-0.0,0.0,0.0,0.0004355669532706586,0.00027215479386337763,1.9661332695533442,0.0,0.0,0.0
3422,15,-312.4571,460.9585,-0.0112634655,0.0,-0.0,0.0,0.0,0.0004355669532706586,0.00027215479386337763,1.9661332695533442,0.0,0.0,0.0
3423,15,-312.4571,460.9585,-0.0112634655,0.0,-0.0,0.0,0.0,0.0004355669532706586,0.00027215479386337763,1.9661332695533442,0.0,0.0,0.0
3424,15,-312.4571,460.9585,-0.0112634655,0.0,-0.0,0.0,0.0,0.0004355669532706586,0.00027215479386337763,1.9661332695533442,0.0,0.0,0.0
3425,15,-312.4571,460.9585,-0.0112634655,0.0,-0.0,0.0,0.0,0.0004355669532706586,0.00027215479386337763,1.9661332695533442,0.0,0.0,0.0
3426,15,-312.4571,460.9585,-0.0112634655,0.0,-0.0,0.0,0.0,0.0004355669532706586,0.00027215479386337763,1.9661332695533442,0.0,0.0,0.0
3427,15,-312.4571,460.9585,-0.0112634655,0.0,-0.0,0.0,0.0,0.0004355669532706586,0.00027215479386337763,1.9661332695533442,0.0,0.0,0.0
3428,15,-312.4571,460.9585,-0.0112634655,0.0,-0.0,0.0,0.0,0.0004355669532706586,0.00027215479386337763,1.9661332695533442,0.0,0.0,0.0
3429,15,-312.4571,460.9585,-0.0112634655,0.0,-0.0,0.0,0.0,0.0004355669532706586,0.00027215479386337763,1.9661332695533442,0.0,0.0,0.0
3430,15,-312.4571,460.9585,-0.0112634655,0.0,-0.0,0.0,0.0,0.0004355669532706586,0.00027215479386337763,1.9661332695533442,0.0,0.0,0.0
3431,15,-312.4571,460.9585,-0.0112634655,0.0,-0.0,0.0,0.0,0.0004355669532706586,0.00027215479386337763,1.9661332695533442,0.0,0.0,0.0
3432,15,-312.4571,460.9585,-0.0112634655,0.0,-0.0,0.0,0.0,0.0004355669532706586,0.00027215479386337763,1.9661332695533442,0.0,0.0,0.0
3433,15,-312.4571,460.9585,-0.0112634655,0.0,-0.0,0.0,0.0,0.0004355669532706586,0.00027215479386337763,1.9661332695533442,0.0,0.0,0.0
3434,15,-312.4571,460.9585,-0.0112634655,0.0,-0.0,0.0,0.0,0.0004355669532706586,0.00027215479386337763,1.9661332695533442,0.0,0.0,0.0
3435,15,-312.4571,460.9585,-0.0112634655,0.0,-0.0,0.0,0.0,0.0004355669532706586,0.00027215479386337763,1.9661332695533442,0.0,0.0,0.0
3436,15,-312.4571,460.9585,-0.0112634655,0.0,-0.0,0.0,0.0,0.0004355669532706586,0.00027215479386337763,1.9661332695533442,0.0,0.0,0.0
3437,15,-312.4571,460.9585,-0.0112634655,0.0,-0.0,0.0,0.0,0.0004355669532706586,0.00027215479386337763,1.9661332695533442,0.0,0.0,0.0
3438,15,-312.4571,460.9585,-0.0112634655,0.0,-0.0,0.0,0.0,0.0004355669532706586,0.00027215479386337763,1.9661332695533442,0.0,0.0,0.0
3439,15,-312.4571,460.9585,-0.0112634655,0.0,-0.0,0.0,0.0,0.0004355669532706586,0.00027215479386337763,1.9661332695533442,0.0,0.0,0.0
3440,15,-312.4571,460.9585,-0.0112634655,0.0,-0.0,0.0,0.0,0.0004355669532706586,0.00027215479386337763,1.9661332695533442,0.0,0.0,0.0
3441,15,-312.4571,460.9585,-0.0112634655,0.0,-0.0,0.0,0.0,0.0004355669532706586,0.00027215479386337763,1.9661332695533442,0.0,0.0,0.0
3442,15,-312.4571,460.9585,-0.0112634655,0.0,-0.0,0.0,0.0,0.0004355669532706586,0.00027215479386337763,1.9661332695533442,0.0,0.0,0.0
3443,15,-312.4571,460.9585,-0.0112634655,0.0,-0.0,0.0,0.0,0.0004355669532706586,0.00027215479386337763,1.9661332695533442,0.0,0.0,0.0
3444,15,-312.4571,460.9585,-0.0112634655,0.0,-0.0,0.0,0.0,0.0004355669532706586,0.00027215479386337763,1.9661332695533442,0.0,0.0,0.0
3445,15,-312.4571,460.9585,-0.0112634655,0.0,-0.0,0.0,0.0,0.0004355669532706586,0.00027215479386337763,1.9661332695533442,0.0,0.0,0.0
3446,15,-312.4571,460.9585,-0.0112634655,0.0,-0.0,0.0,0.0,0.0004355669532706586,0.00027215479386337763,1.9661332695533442,0.0,0.0,0.0
3447,15,-312.4571,460.9585,-0.0112634655,0.0,-0.0,0.0,0.0,0.0004355669532706586,0.00027215479386337763,1.9661332695533442,0.0,0.0,0.0
3448,15,-312.4571,460.9585,-0.0112634655,0.0,-0.0,0.0,0.0,0.0004355669532706586,0.00027215479386337763,1.9661332695533442,0.0,0.0,0.0
3449,15,-312.4571,460.9585,-0.0112634655,0.0,-0.0,0.0,0.0,0.0004355669532706586,0.00027215479386337763,1.9661332695533442,0.0,0.0,0.0
3450,15,-312.4571,460.9585,-0.0112634655,0.0,-0.0,0.0,0.0,0.0004355669532706586,0.00027215479386337763,1.9661332695533442,0.0,0.0,0.0
3451,15,-312.4571,460.9585,-0.0112634655,0.0,-0.0,0.0,0.0,0.0004355669532706586,0.00027215479386337763,1.9661332695533442,0.0,0.0,0.0
3452,15,-312.4571,460.9585,-0.0112634655,0.0,-0.0,0.0,0.0,0.0004355669532706586,0.00027215479386337763,1.9661332695533442,0.0,0.0,0.0
3453,15,-312.4571,460.9585,-0.0112634655,0.0,-0.0,0.0,0.0,0.0004355669532706586,0.00027215479386337763,1.9661332695533442,0.0,0.0,0.0
3454,15,-312.4571,460.9585,-0.0112634655,0.0,-0.0,0.0,0.0,0.0004355669532706586,0.00027215479386337763,1.9661332695533442,0.0,0.0,0.0
3455,15,-312.4571,460.9585,-0.0112634655,0.0,-0.0,0.0,0.0,0.0004355669532706586,0.00027215479386337763,1.9661332695533442,0.0,0.0,0.0
3456,15,-312.4571,460.9585,-0.0112634655,0.0,-0.0,0.0,0.0,0.0004355669532706586,0.00027215479386337763,1.9661332695533442,0.0,0.0,0.0
3457,15,-312.4571,460.9585,-0.0112634655,0.0,-0.0,0.0,0.0,0.0004355669532706586,0.00027215479386337763,1.9661332695533442,0.0,0.0,0.0
3458,15,-312.4571,460.9585,-0.0112634655,0.0,-0.0,0.0,0.0,0.0004355669532706586,0.00027215479386337763,1.9661332695533442,0.0,0.0,0.0
3459,15,-312.4571,460.9585,-0.0112634655,0.0,-0.0,0.0,0.0,0.0004355669532706586,0.00027215479386337763,1.9661332695533442,0.0,0.0,0.0
3460,15,-312.4571,460.9585,-0.0112634655,0.0,-0.0,0.0,0.0,0.0004355669532706586,0.00027215479386337763,1.9661332695533442,0.0,0.0,0.0
3461,15,-312.4571,460.9585,-0.0112634655,0.0,-0.0,0.0,0.0,0.0004355669532706586,0.00027215479386337763,1.9661332695533442,0.0,0.0,0.0
3462,15,-312.4571,460.9585,-0.0112634655,0.0,-0.0,0.0,0.0,0.0004355669532706586,0.00027215479386337763,1.9661332695533442,0.0,0.0,0.0
3463,15,-312.4571,460.9585,-0.0112634655,0.0,-0.0,0.0,0.0,0.0004355669532706586,0.00027215479386337763,1.9661332695533442,0.0,0.0,0.0
3464,15,-312.4571,460.9585,-0.0112634655,0.0,-0.0,0.0,0.0,0.0004355669532706586,0.00027215479386337763,1.9661332695533442,0.0,0.0,0.0
3465,15,-312.4571,460.9585,-0.0112634655,0.0,-0.0,0.0,0.0,0.0004355669532706586,0.00027215479386337763,1.9661332695533442,0.0,0.0,0.0
3466,15,-312.4571,460.9585,-0.0112634655,0.0,-0.0,0.0,0.0,0.0004355669532706586,0.00027215479386337763,1.9661332695533442,0.0,0.0,0.0
3467,15,-312.4571,460.9585,-0.0112634655,0.0,-0.0,0.0,0.0,0.0004355669532706586,0.00027215479386337763,1.9661332695533442,0.0,0.0,0.0
3468,15,-312.4571,460.9585,-0.0112634655,0.0,-0.0,0.0,0.0,0.0004355669532706586,0.00027215479386337763,1.9661332695533442,0.0,0.0,0.0
3469,15,-312.4571,460.9585,-0.0112634655,0.0,-0.0,0.0,0.0,0.0004355669532706586,0.00027215479386337763,1.9661332695533442,0.0,0.0,0.0
3470,15,-312.4571,460.9585,-0.0112634655,0.0,-0.0,0.0,0.0,0.0004355669532706586,0.00027215479386337763,1.9661332695533442,0.0,0.0,0.0
3471,15,-312.4571,460.9585,-0.0112634655,0.0,-0.0,0.0,0.0,0.0004355669532706586,0.00027215479386337763,1.9661332695533442,0.0,0.0,0.0
3472,15,-312.4571,460.9585,-0.0112634655,0.0,-0.0,0.0,0.0,0.0004355669532706586,0.00027215479386337763,1.9661332695533442,0.0,0.0,0.0
3473,15,-312.4571,460.9585,-0.0112634655,0.0,-0.0,0.0,0.0,0.0004355669532706586,0.00027215479386337763,1.9661332695533442,0.0,0.0,0.0
3474,15,-312.4571,460.9585,-0.0112634655,0.0,-0.0,0.0,0.0,0.0004355669532706586,0.00027215479386337763,1.9661332695533442,0.0,0.0,0.0
3475,15,-312.4571,460.9585,-0.0112634655,0.0,-0.0,0.0,0.0,0.0004355669532706586,0.00027215479386337763,1.9661332695533442,0.0,0.0,0.0
3476,15,-312.4571,460.9585,-0.0112634655,0.0,-0.0,0.0,0.0,0.0004355669532706586,0.00027215479386337763,1.9661332695533442,0.0,0.0,0.0
3477,15,-312.4571,460.9585,-0.0112634655,0.0,-0.0,0.0,0.0,0.0004355669532706586,0.00027215479386337763,1.9661332695533442,0.0,0.0,0.0
3478,15,-312.4571,460.9585,-0.0112634655,0.0,-0.0,0.0,0.0,0.0004355669532706586,0.00027215479386337763,1.9661332695533442,0.0,0.0,0.0
3479,15,-312.4571,460.9585,-0.0112634655,0.0,-0.0,0.0,0.0,0.0004355669532706586,0.00027215479386337763,1.9661332695533442,0.0,0.0,0.0
3480,15,-312.4571,460.9585,-0.0112634655,0.0,-0.0,0.0,0.0,0.0004355669532706586,0.00027215479386337763,1.9661332695533442,0.0,0.0,0.0
3481,15,-312.4571,460.9585,-0.0112634655,0.0,-0.0,0.0,0.0,0.0004355669532706586,0.00027215479386337763,1.9661332695533442,0.0,0.0,0.0
3482,15,-312.4571,460.9585,-0.0112634655,0.0,-0.0,0.0,0.0,0.0004355669532706586,0.00027215479386337763,1.9661332695533442,0.0,0.0,0.0
3483,15,-312.4571,460.9585,-0.0112634655,0.0,-0.0,0.0,0.0,0.0004355669532706586,0.00027215479386337763,1.9661332695533442,0.0,0.0,0.0
3484,15,-312.4571,460.9585,-0.0112634655,0.0,-0.0,0.0,0.0,0.0004355669532706586,0.00027215479386337763,1.9661332695533442,0.0,0.0,0.0
3485,15,-312.4571,460.9585,-0.0112634655,0.0,-0.0,0.0,0.0,0.0004355669532706586,0.00027215479386337763,1.9661332695533442,0.0,0.0,0.0
3486,15,-312.4571,460.9585,-0.0112634655,0.0,-0.0,0.0,0.0,0.0004355669532706586,0.00027215479386337763,1.9661332695533442,0.0,0.0,0.0
3487,15,-312.4571,460.9585,-0.0112634655,0.0,-0.0,0.0,0.0,0.0004355669532706586,0.00027215479386337763,1.9661332695533442,0.0,0.0,0.0
3488,15,-312.4571,460.9585,-0.0112634655,0.0,-0.0,0.0,0.0,0.0004355669532706586,0.00027215479386337763,1.9661332695533442,0.0,0.0,0.0
3489,15,-312.4571,460.9585,-0.0112634655,0.0,-0.0,0.0,0.0,0.0004355669532706586,0.00027215479386337763,1.9661332695533442,0.0,0.0,0.0
3490,15,-312.4571,460.9585,-0.0112634655,0.0,-0.0,0.0,0.0,0.0004355669532706586,0.00027215479386337763,1.9661332695533442,0.0,0.0,0.0
3491,15,-312.4571,460.9585,-0.0112634655,0.0,-0.0,0.0,0.0,0.0004355669532706586,0.00027215479386337763,1.9661332695533442,0.0,0.0,0.0
3492,15,-312.4571,460.9585,-0.0112634655,0.0,-0.0,0.0,0.0,0.0004355669532706586,0.00027215479386337763,1.9661332695533442,0.0,0.0,0.0
3493,15,-312.4571,460.9585,-0.0112634655,0.0,-0.0,0.0,0.0,0.0004355669532706586,0.00027215479386337763,1.9661332695533442,0.0,0.0,0.0
3494,15,-312.4571,460.9585,-0.0112634655,0.0,-0.0,0.0,0.0,0.0004355669532706586,0.00027215479386337763,1.9661332695533442,0.0,0.0,0.0
3495,15,-312.4571,460.9585,-0.0112634655,0.0,-0.0,0.0,0.0,0.0004355669532706586,0.00027215479386337763,1.9661332695533442,0.0,0.0,0.0
3496,15,-312.4571,460.9585,-0.0112634655,0.0,-0.0,0.0,0.0,0.0004355669532706586,0.00027215479386337763,1.9661332695533442,0.0,0.0,0.0
3497,15,-312.4571,460.9585,-0.0112634655,0.0,-0.0,0.0,0.0,0.0004355669532706586,0.00027215479386337763,1.9661332695533442,0.0,0.0,0.0
3498,15,-312.4571,460.9585,-0.0112634655,0.0,-0.0,0.0,0.0,0.0004355669532706586,0.00027215479386337763,1.9661332695533442,0.0,0.0,0.0
3499,15,-312.4571,460.9585,-0.0112634655,0.0,-0.0,0.0,0.0,0.0004355669532706586,0.00027215479386337763,1.9661332695533442,0.0,0.0,0.0
3500,15,-312.4571,460.9585,-0.0112634655,0.0,-0.0,0.0,0.0,0.0004355669532706586,0.00027215479386337763,1.9661332695533442,0.0,0.0,0.0
3501,15,-312.4571,460.9585,-0.0112634655,0.0,-0.0,0.0,0.0,0.0004355669532706586,0.00027215479386337763,1.9661332695533442,0.0,0.0,0.0
3502,15,-312.4571,460.9585,-0.0112634655,0.0,-0.0,0.0,0.0,0.0004355669532706586,0.00027215479386337763,1.9661332695533442,0.0,0.0,0.0
3503,15,-312.4571,460.9585,-0.0112634655,0.0,-0.0,0.0,0.0,0.0004355669532706586,0.00027215479386337763,1.9661332695533442,0.0,0.0,0.0
3504,15,-312.4571,460.9585,-0.0112634655,0.0,-0.0,0.0,0.0,0.0004355669532706586,0.00027215479386337763,1.9661332695533442,0.0,0.0,0.0
3505,15,-312.4571,460.9585,-0.0112634655,0.0,-0.0,0.0,0.0,0.0004355669532706586,0.00027215479386337763,1.9661332695533442,0.0,0.0,0.0
3506,15,-312.4571,460.9585,-0.0112634655,0.0,-0.0,0.0,0.0,0.0004355669532706586,0.00027215479386337763,1.9661332695533442,0.0,0.0,0.0
3507,15,-312.4571,460.9585,-0.0112634655,0.0,-0.0,0.0,0.0,0.0004355669532706586,0.00027215479386337763,1.9661332695533442,0.0,0.0,0.0
3508,15,-312.4571,460.9585,-0.0112634655,0.0,-0.0,0.0,0.0,0.0004355669532706586,0.00027215479386337763,1.9661332695533442,0.0,0.0,0.0
3509,15,-312.4571,460.9585,-0.0112634655,0.0,-0.0,0.0,0.0,0.0004355669532706586,0.00027215479386337763,1.9661332695533442,0.0,0.0,0.0
3510,15,-312.4571,460.9585,-0.0112634655,0.0,-0.0,0.0,0.0,0.0004355669532706586,0.00027215479386337763,1.9661332695533442,0.0,0.0,0.0
3511,15,-312.4571,460.9585,-0.0112634655,0.0,-0.0,0.0,0.0,0.0004355669532706586,0.00027215479386337763,1.9661332695533442,0.0,0.0,0.0
3512,15,-312.4571,460.9585,-0.0112634655,0.0,-0.0,0.0,0.0,0.0004355669532706586,0.00027215479386337763,1.9661332695533442,0.0,0.0,0.0
3513,15,-312.4571,460.9585,-0.0112634655,0.0,-0.0,0.0,0.0,0.0004355669532706586,0.00027215479386337763,1.9661332695533442,0.0,0.0,0.0
3514,15,-312.4571,460.9585,-0.0112634655,0.0,-0.0,0.0,0.0,0.0004355669532706586,0.00027215479386337763,1.9661332695533442,0.0,0.0,0.0
3515,15,-312.4571,460.9585,-0.0112634655,0.0,-0.0,0.0,0.0,0.0004355669532706586,0.00027215479386337763,1.9661332695533442,0.0,0.0,0.0
3516,15,-312.4571,460.9585,-0.0112634655,0.0,-0.0,0.0,0.0,0.0004355669532706586,0.00027215479386337763,1.9661332695533442,0.0,0.0,0.0
3517,15,-312.4571,460.9585,-0.0112634655,0.0,-0.0,0.0,0.0,0.0004355669532706586,0.00027215479386337763,1.9661332695533442,0.0,0.0,0.0
3518,15,-312.4571,460.9585,-0.0112634655,0.0,-0.0,0.0,0.0,0.0004355669532706586,0.00027215479386337763,1.9661332695533442,0.0,0.0,0.0
3519,15,-312.4571,460.9585,-0.0112634655,0.0,-0.0,0.0,0.0,0.0004355669532706586,0.00027215479386337763,1.9661332695533442,0.0,0.0,0.0
3520,15,-312.4571,460.9585,-0.0112634655,0.0,-0.0,0.0,0.0,0.0004355669532706586,0.00027215479386337763,1.9661332695533442,0.0,0.0,0.0
3521,15,-312.4571,460.9585,-0.0112634655,0.0,-0.0,0.0,0.0,0.0004355669532706586,0.00027215479386337763,1.9661332695533442,0.0,0.0,0.0
3522,15,-312.4571,460.9585,-0.0112634655,0.0,-0.0,0.0,0.0,0.0004355669532706586,0.00027215479386337763,1.9661332695533442,0.0,0.0,0.0
3523,15,-312.4571,460.9585,-0.0112634655,0.0,-0.0,0.0,0.0,0.0004355669532706586,0.00027215479386337763,1.9661332695533442,0.0,0.0,0.0
3524,15,-312.4571,460.9585,-0.0112634655,0.0,-0.0,0.0,0.0,0.0004355669532706586,0.00027215479386337763,1.9661332695533442,0.0,0.0,0.0
3525,15,-312.4571,460.9585,-0.0112634655,0.0,-0.0,0.0,0.0,0.0004355669532706586,0.00027215479386337763,1.9661332695533442,0.0,0.0,0.0
3526,15,-312.4571,460.9585,-0.0112634655,0.0,-0.0,0.0,0.0,0.0004355669532706586,0.00027215479386337763,1.9661332695533442,0.0,0.0,0.0
3527,15,-312.4571,460.9585,-0.0112634655,0.0,-0.0,0.0,0.0,0.0004355669532706586,0.00027215479386337763,1.9661332695533442,0.0,0.0,0.0
3528,15,-312.4571,460.9585,-0.0112634655,0.0,-0.0,0.0,0.0,0.0004355669532706586,0.00027215479386337763,1.9661332695533442,0.0,0.0,0.0
3529,15,-312.4571,460.9585,-0.0112634655,0.0,-0.0,0.0,0.0,0.0004355669532706586,0.00027215479386337763,1.9661332695533442,0.0,0.0,0.0
3530,15,-312.4571,460.9585,-0.0112634655,0.0,-0.0,0.0,0.0,0.0004355669532706586,0.00027215479386337763,1.9661332695533442,0.0,0.0,0.0
3531,15,-312.4571,460.9585,-0.0112634655,0.0,-0.0,0.0,0.0,0.0004355669532706586,0.00027215479386337763,1.9661332695533442,0.0,0.0,0.0
3532,15,-312.4571,460.9585,-0.0112634655,0.0,-0.0,0.0,0.0,0.0004355669532706586,0.00027215479386337763,1.9661332695533442,0.0,0.0,0.0
3533,15,-312.4571,460.9585,-0.0112634655,0.0,-0.0,0.0,0.0,0.0004355669532706586,0.00027215479386337763,1.9661332695533442,0.0,0.0,0.0
3534,15,-312.4571,460.9585,-0.0112634655,0.0,-0.0,0.0,0.0,0.0004355669532706586,0.00027215479386337763,1.9661332695533442,0.0,0.0,0.0
3535,15,-312.4571,460.9585,-0.0112634655,0.0,-0.0,0.0,0.0,0.0004355669532706586,0.00027215479386337763,1.9661332695533442,0.0,0.0,0.0
3536,15,-312.4571,460.9585,-0.0112634655,0.0,-0.0,0.0,0.0,0.0004355669532706586,0.00027215479386337763,1.9661332695533442,0.0,0.0,0.0
3537,15,-312.4571,460.9585,-0.0112634655,0.0,-0.0,0.0,0.0,0.0004355669532706586,0.00027215479386337763,1.9661332695533442,0.0,0.0,0.0
3538,15,-312.4571,460.9585,-0.0112634655,0.0,-0.0,0.0,0.0,0.0004355669532706586,0.00027215479386337763,1.9661332695533442,0.0,0.0,0.0
3539,15,-312.4571,460.9585,-0.0112634655,0.0,-0.0,0.0,0.0,0.0004355669532706586,0.00027215479386337763,1.9661332695533442,0.0,0.0,0.0
3540,15,-312.4571,460.9585,-0.0112634655,0.0,-0.0,0.0,0.0,0.0004355669532706586,0.00027215479386337763,1.9661332695533442,0.0,0.0,0.0
3541,15,-312.4571,460.9585,-0.0112634655,0.0,-0.0,0.0,0.0,0.0004355669532706586,0.00027215479386337763,1.9661332695533442,0.0,0.0,0.0
3542,15,-312.4571,460.9585,-0.0112634655,0.0,-0.0,0.0,0.0,0.0004355669532706586,0.00027215479386337763,1.9661332695533442,0.0,0.0,0.0
3543,15,-312.4571,460.9585,-0.0112634655,0.0,-0.0,0.0,0.0,0.0004355669532706586,0.00027215479386337763,1.9661332695533442,0.0,0.0,0.0
3544,15,-312.4571,460.9585,-0.0112634655,0.0,-0.0,0.0,0.0,0.0004355669532706586,0.00027215479386337763,1.9661332695533442,0.0,0.0,0.0
3545,15,-312.4571,460.9585,-0.0112634655,0.0,-0.0,0.0,0.0,0.0004355669532706586,0.00027215479386337763,1.9661332695533442,0.0,0.0,0.0
3546,15,-312.4571,460.9585,-0.0112634655,0.0,-0.0,0.0,0.0,0.0004355669532706586,0.00027215479386337763,1.9661332695533442,0.0,0.0,0.0
3547,15,-312.4571,460.9585,-0.0112634655,0.0,-0.0,0.0,0.0,0.0004355669532706586,0.00027215479386337763,1.9661332695533442,0.0,0.0,0.0
3548,15,-312.4571,460.9585,-0.0112634655,0.0,-0.0,0.0,0.0,0.0004355669532706586,0.00027215479386337763,1.9661332695533442,0.0,0.0,0.0
3549,15,-312.4571,460.9585,-0.0112634655,0.0,-0.0,0.0,0.0,0.0004355669532706586,0.00027215479386337763,1.9661332695533442,0.0,0.0,0.0
3550,15,-312.4571,460.9585,-0.0112634655,0.0,-0.0,0.0,0.0,0.0004355669532706586,0.00027215479386337763,1.9661332695533442,0.0,0.0,0.0
3551,15,-312.4571,460.9585,-0.0112634655,0.0,-0.0,0.0,0.0,0.0004355669532706586,0.00027215479386337763,1.9661332695533442,0.0,0.0,0.0
3552,15,-312.4571,460.9585,-0.0112634655,0.0,-0.0,0.0,0.0,0.0004355669532706586,0.00027215479386337763,1.9661332695533442,0.0,0.0,0.0
3553,15,-312.4571,460.9585,-0.0112634655,0.0,-0.0,0.0,0.0,0.0004355669532706586,0.00027215479386337763,1.9661332695533442,0.0,0.0,0.0
3554,15,-312.4571,460.9585,-0.0112634655,0.0,-0.0,0.0,0.0,0.0004355669532706586,0.00027215479386337763,1.9661332695533442,0.0,0.0,0.0
3555,15,-312.4571,460.9585,-0.0112634655,0.0,-0.0,0.0,0.0,0.0004355669532706586,0.00027215479386337763,1.9661332695533442,0.0,0.0,0.0
3556,15,-312.4571,460.9585,-0.0112634655,0.0,-0.0,0.0,0.0,0.0004355669532706586,0.00027215479386337763,1.9661332695533442,0.0,0.0,0.0
3557,15,-312.4571,460.9585,-0.0112634655,0.0,-0.0,0.0,0.0,0.0004355669532706586,0.00027215479386337763,1.9661332695533442,0.0,0.0,0.0
3558,15,-312.4571,460.9585,-0.0112634655,0.0,-0.0,0.0,0.0,0.0004355669532706586,0.00027215479386337763,1.9661332695533442,0.0,0.0,0.0
3559,15,-312.4571,460.9585,-0.0112634655,0.0,-0.0,0.0,0.0,0.0004355669532706586,0.00027215479386337763,1.9661332695533442,0.0,0.0,0.0
3560,15,-312.4571,460.9585,-0.0112634655,0.0,-0.0,0.0,0.0,0.0004355669532706586,0.00027215479386337763,1.9661332695533442,0.0,0.0,0.0
3561,15,-312.4571,460.9585,-0.0112634655,0.0,-0.0,0.0,0.0,0.0004355669532706586,0.00027215479386337763,1.9661332695533442,0.0,0.0,0.0
3562,15,-312.4571,460.9585,-0.0112634655,0.0,-0.0,0.0,0.0,0.0004355669532706586,0.00027215479386337763,1.9661332695533442,0.0,0.0,0.0
3563,15,-312.4571,460.9585,-0.0112634655,0.0,-0.0,0.0,0.0,0.0004355669532706586,0.00027215479386337763,1.9661332695533442,0.0,0.0,0.0
3564,15,-312.4571,460.9585,-0.0112634655,0.0,-0.0,0.0,0.0,0.0004355669532706586,0.00027215479386337763,1.9661332695533442,0.0,0.0,0.0
3565,15,-312.4571,460.9585,-0.0112634655,0.0,-0.0,0.0,0.0,0.0004355669532706586,0.00027215479386337763,1.9661332695533442,0.0,0.0,0.0
3566,15,-312.4571,460.9585,-0.0112634655,0.0,-0.0,0.0,0.0,0.0004355669532706586,0.00027215479386337763,1.9661332695533442,0.0,0.0,0.0
3567,15,-312.4571,460.9585,-0.0112634655,0.0,-0.0,0.0,0.0,0.0004355669532706586,0.00027215479386337763,1.9661332695533442,0.0,0.0,0.0
3568,15,-312.4571,460.9585,-0.0112634655,0.0,-0.0,0.0,0.0,0.0004355669532706586,0.00027215479386337763,1.9661332695533442,0.0,0.0,0.0
3569,15,-312.4571,460.9585,-0.0112634655,0.0,-0.0,0.0,0.0,0.0004355669532706586,0.00027215479386337763,1.9661332695533442,0.0,0.0,0.0
3570,15,-312.4571,460.9585,-0.0112634655,0.0,-0.0,0.0,0.0,0.0004355669532706586,0.00027215479386337763,1.9661332695533442,0.0,0.0,0.0
3571,15,-312.4571,460.9585,-0.0112634655,0.0,-0.0,0.0,0.0,0.0004355669532706586,0.00027215479386337763,1.9661332695533442,0.0,0.0,0.0
3572,15,-312.4571,460.9585,-0.0112634655,0.0,-0.0,0.0,0.0,0.0004355669532706586,0.00027215479386337763,1.9661332695533442,0.0,0.0,0.0
3573,15,-312.4571,460.9585,-0.0112634655,0.0,-0.0,0.0,0.0,0.0004355669532706586,0.00027215479386337763,1.9661332695533442,0.0,0.0,0.0
3574,15,-312.4571,460.9585,-0.0112634655,0.0,-0.0,0.0,0.0,0.0004355669532706586,0.00027215479386337763,1.9661332695533442,0.0,0.0,0.0
3575,15,-312.4571,460.9585,-0.0112634655,0.0,-0.0,0.0,0.0,0.0004355669532706586,0.00027215479386337763,1.9661332695533442,0.0,0.0,0.0
3576,15,-312.4571,460.9585,-0.0112634655,0.0,-0.0,0.0,0.0,0.0004355669532706586,0.00027215479386337763,1.9661332695533442,0.0,0.0,0.0
3577,15,-312.4571,460.9585,-0.0112634655,0.0,-0.0,0.0,0.0,0.0004355669532706586,0.00027215479386337763,1.9661332695533442,0.0,0.0,0.0
3578,15,-312.4571,460.9585,-0.0112634655,0.0,-0.0,0.0,0.0,0.0004355669532706586,0.00027215479386337763,1.9661332695533442,0.0,0.0,0.0
3579,15,-312.4571,460.9585,-0.0112634655,0.0,-0.0,0.0,0.0,0.0004355669532706586,0.00027215479386337763,1.9661332695533442,0.0,0.0,0.0
3580,15,-312.4571,460.9585,-0.0112634655,0.0,-0.0,0.0,0.0,0.0004355669532706586,0.00027215479386337763,1.9661332695533442,0.0,0.0,0.0
3581,15,-312.4571,460.9585,-0.0112634655,0.0,-0.0,0.0,0.0,0.0004355669532706586,0.00027215479386337763,1.9661332695533442,0.0,0.0,0.0
3582,15,-312.4571,460.9585,-0.0112634655,0.0,-0.0,0.0,0.0,0.0004355669532706586,0.00027215479386337763,1.9661332695533442,0.0,0.0,0.0
3583,15,-312.4571,460.9585,-0.0112634655,0.0,-0.0,0.0,0.0,0.0004355669532706586,0.00027215479386337763,1.9661332695533442,0.0,0.0,0.0
3584,15,-312.4571,460.9585,-0.0112634655,0.0,-0.0,0.0,0.0,0.0004355669532706586,0.00027215479386337763,1.9661332695533442,0.0,0.0,0.0
3585,15,-312.4571,460.9585,-0.0112634655,0.0,-0.0,0.0,0.0,0.0004355669532706586,0.00027215479386337763,1.9661332695533442,0.0,0.0,0.0
3586,15,-312.4571,460.9585,-0.0112634655,0.0,-0.0,0.0,0.0,0.0004355669532706586,0.00027215479386337763,1.9661332695533442,0.0,0.0,0.0
3587,15,-312.4571,460.9585,-0.0112634655,0.0,-0.0,0.0,0.0,0.0004355669532706586,0.00027215479386337763,1.9661332695533442,0.0,0.0,0.0
3588,15,-312.4571,460.9585,-0.0112634655,0.0,-0.0,0.0,0.0,0.0004355669532706586,0.00027215479386337763,1.9661332695533442,0.0,0.0,0.0
3589,15,-312.4571,460.9585,-0.0112634655,0.0,-0.0,0.0,0.0,0.0004355669532706586,0.00027215479386337763,1.9661332695533442,0.0,0.0,0.0
3590,15,-312.4571,460.9585,-0.0112634655,0.0,-0.0,0.0,0.0,0.0004355669532706586,0.00027215479386337763,1.9661332695533442,0.0,0.0,0.0
3591,15,-312.4571,460.9585,-0.0112634655,0.0,-0.0,0.0,0.0,0.0004355669532706586,0.00027215479386337763,1.9661332695533442,0.0,0.0,0.0
3592,15,-312.4571,460.9585,-0.0112634655,0.0,-0.0,0.0,0.0,0.0004355669532706586,0.00027215479386337763,1.9661332695533442,0.0,0.0,0.0
3593,15,-312.4571,460.9585,-0.0112634655,0.0,-0.0,0.0,0.0,0.0004355669532706586,0.00027215479386337763,1.9661332695533442,0.0,0.0,0.0
3594,15,-312.4571,460.9585,-0.0112634655,0.0,-0.0,0.0,0.0,0.0004355669532706586,0.00027215479386337763,1.9661332695533442,0.0,0.0,0.0
3595,15,-312.4571,460.9585,-0.0112634655,0.0,-0.0,0.0,0.0,0.0004355669532706586,0.00027215479386337763,1.9661332695533442,0.0,0.0,0.0
3596,15,-312.4571,460.9585,-0.0112634655,0.0,-0.0,0.0,0.0,0.0004355669532706586,0.00027215479386337763,1.9661332695533442,0.0,0.0,0.0
3597,15,-312.4571,460.9585,-0.0112634655,0.0,-0.0,0.0,0.0,0.0004355669532706586,0.00027215479386337763,1.9661332695533442,0.0,0.0,0.0
3598,15,-312.4571,460.9585,-0.0112634655,0.0,-0.0,0.0,0.0,0.0004355669532706586,0.00027215479386337763,1.9661332695533442,0.0,0.0,0.0
3599,15,-312.4571,460.9585,-0.0112634655,0.0,-0.0,0.0,0.0,0.0004355669532706586,0.00027215479386337763,1.9661332695533442,0.0,0.0,0.0
3600,15,-312.4571,460.9585,-0.0112634655,0.0,-0.0,0.0,0.0,0.0004355669532706586,0.00027215479386337763,1.9661332695533442,0.0,0.0,0.0
3601,15,-312.4571,460.9585,-0.0112634655,0.0,-0.0,0.0,0.0,0.0004355669532706586,0.00027215479386337763,1.9661332695533442,0.0,0.0,0.0
3602,15,-312.4571,460.9585,-0.0112634655,0.0,-0.0,0.0,0.0,0.0004355669532706586,0.00027215479386337763,1.9661332695533442,0.0,0.0,0.0
3603,15,-312.4571,460.9585,-0.0112634655,0.0,-0.0,0.0,0.0,0.0004355669532706586,0.00027215479386337763,1.9661332695533442,0.0,0.0,0.0
3604,15,-312.4571,460.9585,-0.0112634655,0.0,-0.0,0.0,0.0,0.0004355669532706586,0.00027215479386337763,1.9661332695533442,0.0,0.0,0.0
3605,15,-312.4571,460.9585,-0.0112634655,0.0,-0.0,0.0,0.0,0.0004355669532706586,0.00027215479386337763,1.9661332695533442,0.0,0.0,0.0
3606,15,-312.4571,460.9585,-0.0112634655,0.0,-0.0,0.0,0.0,0.0004355669532706586,0.00027215479386337763,1.9661332695533442,0.0,0.0,0.0
3607,15,-312.4571,460.9585,-0.0112634655,0.0,-0.0,0.0,0.0,0.0004355669532706586,0.00027215479386337763,1.9661332695533442,0.0,0.0,0.0
3608,15,-312.4571,460.9585,-0.0112634655,0.0,-0.0,0.0,0.0,0.0004355669532706586,0.00027215479386337763,1.9661332695533442,0.0,0.0,0.0
3609,15,-312.4571,460.9585,-0.0112634655,0.0,-0.0,0.0,0.0,0.0004355669532706586,0.00027215479386337763,1.9661332695533442,0.0,0.0,0.0
3610,15,-312.4571,460.9585,-0.0112634655,0.0,-0.0,0.0,0.0,0.0004355669532706586,0.00027215479386337763,1.9661332695533442,0.0,0.0,0.0
3611,15,-312.4571,460.9585,-0.0112634655,0.0,-0.0,0.0,0.0,0.0004355669532706586,0.00027215479386337763,1.9661332695533442,0.0,0.0,0.0
3612,15,-312.4571,460.9585,-0.0112634655,0.0,-0.0,0.0,0.0,0.0004355669532706586,0.00027215479386337763,1.9661332695533442,0.0,0.0,0.0
3613,15,-312.4571,460.9585,-0.0112634655,0.0,-0.0,0.0,0.0,0.0004355669532706586,0.00027215479386337763,1.9661332695533442,0.0,0.0,0.0
3614,15,-312.4571,460.9585,-0.0112634655,0.0,-0.0,0.0,0.0,0.0004355669532706586,0.00027215479386337763,1.9661332695533442,0.0,0.0,0.0
3615,15,-312.4571,460.9585,-0.0112634655,0.0,-0.0,0.0,0.0,0.0004355669532706586,0.00027215479386337763,1.9661332695533442,0.0,0.0,0.0
3616,15,-312.4571,460.9585,-0.0112634655,0.0,-0.0,0.0,0.0,0.0004355669532706586,0.00027215479386337763,1.9661332695533442,0.0,0.0,0.0
3617,15,-312.4571,460.9585,-0.0112634655,0.0,-0.0,0.0,0.0,0.0004355669532706586,0.00027215479386337763,1.9661332695533442,0.0,0.0,0.0
3618,15,-312.4571,460.9585,-0.0112634655,0.0,-0.0,0.0,0.0,0.0004355669532706586,0.00027215479386337763,1.9661332695533442,0.0,0.0,0.0
3619,15,-312.4571,460.9585,-0.0112634655,0.0,-0.0,0.0,0.0,0.0004355669532706586,0.00027215479386337763,1.9661332695533442,0.0,0.0,0.0
3620,15,-312.4571,460.9585,-0.0112634655,0.0,-0.0,0.0,0.0,0.0004355669532706586,0.00027215479386337763,1.9661332695533442,0.0,0.0,0.0
3621,15,-312.4571,460.9585,-0.0112634655,0.0,-0.0,0.0,0.0,0.0004355669532706586,0.00027215479386337763,1.9661332695533442,0.0,0.0,0.0
3622,15,-312.4571,460.9585,-0.0112634655,0.0,-0.0,0.0,0.0,0.0004355669532706586,0.00027215479386337763,1.9661332695533442,0.0,0.0,0.0
3623,15,-312.4571,460.9585,-0.0112634655,0.0,-0.0,0.0,0.0,0.0004355669532706586,0.00027215479386337763,1.9661332695533442,0.0,0.0,0.0
3624,15,-312.4571,460.9585,-0.0112634655,0.0,-0.0,0.0,0.0,0.0004355669532706586,0.00027215479386337763,1.9661332695533442,0.0,0.0,0.0
3625,15,-312.4571,460.9585,-0.0112634655,0.0,-0.0,0.0,0.0,0.0004355669532706586,0.00027215479386337763,1.9661332695533442,0.0,0.0,0.0
3626,15,-312.4571,460.9585,-0.0112634655,0.0,-0.0,0.0,0.0,0.0004355669532706586,0.00027215479386337763,1.9661332695533442,0.0,0.0,0.0
3627,15,-312.4571,460.9585,-0.0112634655,0.0,-0.0,0.0,0.0,0.0004355669532706586,0.00027215479386337763,1.9661332695533442,0.0,0.0,0.0
3628,15,-312.4571,460.9585,-0.0112634655,0.0,-0.0,0.0,0.0,0.0004355669532706586,0.00027215479386337763,1.9661332695533442,0.0,0.0,0.0
3629,15,-312.4571,460.9585,-0.0112634655,0.0,-0.0,0.0,0.0,0.0004355669532706586,0.00027215479386337763,1.9661332695533442,0.0,0.0,0.0
3630,15,-312.4571,460.9585,-0.0112634655,0.0,-0.0,0.0,0.0,0.0004355669532706586,0.00027215479386337763,1.9661332695533442,0.0,0.0,0.0
3631,15,-312.4571,460.9585,-0.0112634655,0.0,-0.0,0.0,0.0,0.0004355669532706586,0.00027215479386337763,1.9661332695533442,0.0,0.0,0.0
3632,15,-312.4571,460.9585,-0.0112634655,0.0,-0.0,0.0,0.0,0.0004355669532706586,0.00027215479386337763,1.9661332695533442,0.0,0.0,0.0
3633,15,-312.4571,460.9585,-0.0112634655,0.0,-0.0,0.0,0.0,0.0004355669532706586,0.00027215479386337763,1.9661332695533442,0.0,0.0,0.0
3634,15,-312.4571,460.9585,-0.0112634655,0.0,-0.0,0.0,0.0,0.0004355669532706586,0.00027215479386337763,1.9661332695533442,0.0,0.0,0.0
3635,15,-312.4571,460.9585,-0.0112634655,0.0,-0.0,0.0,0.0,0.0004355669532706586,0.00027215479386337763,1.9661332695533442,0.0,0.0,0.0
3636,15,-312.4571,460.9585,-0.0112634655,0.0,-0.0,0.0,0.0,0.0004355669532706586,0.00027215479386337763,1.9661332695533442,0.0,0.0,0.0
3637,15,-312.4571,460.9585,-0.0112634655,0.0,-0.0,0.0,0.0,0.0004355669532706586,0.00027215479386337763,1.9661332695533442,0.0,0.0,0.0
3638,15,-312.4571,460.9585,-0.0112634655,0.0,-0.0,0.0,0.0,0.0004355669532706586,0.00027215479386337763,1.9661332695533442,0.0,0.0,0.0
3639,15,-312.4571,460.9585,-0.0112634655,0.0,-0.0,0.0,0.0,0.0004355669532706586,0.00027215479386337763,1.9661332695533442,0.0,0.0,0.0
3640,15,-312.4571,460.9585,-0.0112634655,0.0,-0.0,0.0,0.0,0.0004355669532706586,0.00027215479386337763,1.9661332695533442,0.0,0.0,0.0
3641,15,-312.4571,460.9585,-0.0112634655,0.0,-0.0,0.0,0.0,0.0004355669532706586,0.00027215479386337763,1.9661332695533442,0.0,0.0,0.0
3642,15,-312.4571,460.9585,-0.0112634655,0.0,-0.0,0.0,0.0,0.0004355669532706586,0.00027215479386337763,1.9661332695533442,0.0,0.0,0.0
3643,15,-312.4571,460.9585,-0.0112634655,0.0,-0.0,0.0,0.0,0.0004355669532706586,0.00027215479386337763,1.9661332695533442,0.0,0.0,0.0
3644,15,-312.4571,460.9585,-0.0112634655,0.0,-0.0,0.0,0.0,0.0004355669532706586,0.00027215479386337763,1.9661332695533442,0.0,0.0,0.0
3645,15,-312.4571,460.9585,-0.0112634655,0.0,-0.0,0.0,0.0,0.0004355669532706586,0.00027215479386337763,1.9661332695533442,0.0,0.0,0.0
3646,15,-312.4571,460.9585,-0.0112634655,0.0,-0.0,0.0,0.0,0.0004355669532706586,0.00027215479386337763,1.9661332695533442,0.0,0.0,0.0
3647,15,-312.4571,460.9585,-0.0112634655,0.0,-0.0,0.0,0.0,0.0004355669532706586,0.00027215479386337763,1.9661332695533442,0.0,0.0,0.0
3648,15,-312.4571,460.9585,-0.0112634655,0.0,-0.0,0.0,0.0,0.0004355669532706586,0.00027215479386337763,1.9661332695533442,0.0,0.0,0.0
3649,15,-312.4571,460.9585,-0.0112634655,0.0,-0.0,0.0,0.0,0.0004355669532706586,0.00027215479386337763,1.9661332695533442,0.0,0.0,0.0
3650,15,-312.4571,460.9585,-0.0112634655,0.0,-0.0,0.0,0.0,0.0004355669532706586,0.00027215479386337763,1.9661332695533442,0.0,0.0,0.0
3651,15,-312.4571,460.9585,-0.0112634655,0.0,-0.0,0.0,0.0,0.0004355669532706586,0.00027215479386337763,1.9661332695533442,0.0,0.0,0.0
3652,15,-312.4571,460.9585,-0.0112634655,0.0,-0.0,0.0,0.0,0.0004355669532706586,0.00027215479386337763,1.9661332695533442,0.0,0.0,0.0
3653,15,-312.4571,460.9585,-0.0112634655,0.0,-0.0,0.0,0.0,0.0004355669532706586,0.00027215479386337763,1.9661332695533442,0.0,0.0,0.0
3654,15,-312.4571,460.9585,-0.0112634655,0.0,-0.0,0.0,0.0,0.0004355669532706586,0.00027215479386337763,1.9661332695533442,0.0,0.0,0.0
3655,15,-312.4571,460.9585,-0.0112634655,0.0,-0.0,0.0,0.0,0.0004355669532706586,0.00027215479386337763,1.9661332695533442,0.0,0.0,0.0
3656,15,-312.4571,460.9585,-0.0112634655,0.0,-0.0,0.0,0.0,0.0004355669532706586,0.00027215479386337763,1.9661332695533442,0.0,0.0,0.0
3657,15,-312.4571,460.9585,-0.0112634655,0.0,-0.0,0.0,0.0,0.0004355669532706586,0.00027215479386337763,1.9661332695533442,0.0,0.0,0.0
3658,15,-312.4571,460.9585,-0.0112634655,0.0,-0.0,0.0,0.0,0.0004355669532706586,0.00027215479386337763,1.9661332695533442,0.0,0.0,0.0
3659,15,-312.4571,460.9585,-0.0112634655,0.0,-0.0,0.0,0.0,0.0004355669532706586,0.00027215479386337763,1.9661332695533442,0.0,0.0,0.0
3660,15,-312.4571,460.9585,-0.0112634655,0.0,-0.0,0.0,0.0,0.0004355669532706586,0.00027215479386337763,1.9661332695533442,0.0,0.0,0.0
3661,15,-312.4571,460.9585,-0.0112634655,0.0,-0.0,0.0,0.0,0.0004355669532706586,0.00027215479386337763,1.9661332695533442,0.0,0.0,0.0
3662,15,-312.4571,460.9585,-0.0112634655,0.0,-0.0,0.0,0.0,0.0004355669532706586,0.00027215479386337763,1.9661332695533442,0.0,0.0,0.0
3663,15,-312.4571,460.9585,-0.0112634655,0.0,-0.0,0.0,0.0,0.0004355669532706586,0.00027215479386337763,1.9661332695533442,0.0,0.0,0.0
3664,15,-312.4571,460.9585,-0.0112634655,0.0,-0.0,0.0,0.0,0.0004355669532706586,0.00027215479386337763,1.9661332695533442,0.0,0.0,0.0
3665,15,-312.4571,460.9585,-0.0112634655,0.0,-0.0,0.0,0.0,0.0004355669532706586,0.00027215479386337763,1.9661332695533442,0.0,0.0,0.0
3666,15,-312.4571,460.9585,-0.0112634655,0.0,-0.0,0.0,0.0,0.0004355669532706586,0.00027215479386337763,1.9661332695533442,0.0,0.0,0.0
3667,15,-312.4571,460.9585,-0.0112634655,0.0,-0.0,0.0,0.0,0.0004355669532706586,0.00027215479386337763,1.9661332695533442,0.0,0.0,0.0
3668,15,-312.4571,460.9585,-0.0112634655,0.0,-0.0,0.0,0.0,0.0004355669532706586,0.00027215479386337763,1.9661332695533442,0.0,0.0,0.0
3669,15,-312.4571,460.9585,-0.0112634655,0.0,-0.0,0.0,0.0,0.0004355669532706586,0.00027215479386337763,1.9661332695533442,0.0,0.0,0.0
3670,15,-312.4571,460.9585,-0.0112634655,0.0,-0.0,0.0,0.0,0.0004355669532706586,0.00027215479386337763,1.9661332695533442,0.0,0.0,0.0
3671,15,-312.4571,460.9585,-0.0112634655,0.0,-0.0,0.0,0.0,0.0004355669532706586,0.00027215479386337763,1.9661332695533442,0.0,0.0,0.0
3672,15,-312.4571,460.9585,-0.0112634655,0.0,-0.0,0.0,0.0,0.0004355669532706586,0.00027215479386337763,1.9661332695533442,0.0,0.0,0.0
3673,15,-312.4571,460.9585,-0.0112634655,0.0,-0.0,0.0,0.0,0.0004355669532706586,0.00027215479386337763,1.9661332695533442,0.0,0.0,0.0
3674,15,-312.4571,460.9585,-0.0112634655,0.0,-0.0,0.0,0.0,0.0004355669532706586,0.00027215479386337763,1.9661332695533442,0.0,0.0,0.0
3675,15,-312.4571,460.9585,-0.0112634655,0.0,-0.0,0.0,0.0,0.0004355669532706586,0.00027215479386337763,1.9661332695533442,0.0,0.0,0.0
3676,15,-312.4571,460.9585,-0.0112634655,0.0,-0.0,0.0,0.0,0.0004355669532706586,0.00027215479386337763,1.9661332695533442,0.0,0.0,0.0
3677,15,-312.4571,460.9585,-0.0112634655,0.0,-0.0,0.0,0.0,0.0004355669532706586,0.00027215479386337763,1.9661332695533442,0.0,0.0,0.0
3678,15,-312.4571,460.9585,-0.0112634655,0.0,-0.0,0.0,0.0,0.0004355669532706586,0.00027215479386337763,1.9661332695533442,0.0,0.0,0.0
3679,15,-312.4571,460.9585,-0.0112634655,0.0,-0.0,0.0,0.0,0.0004355669532706586,0.00027215479386337763,1.9661332695533442,0.0,0.0,0.0
3680,15,-312.4571,460.9585,-0.0112634655,0.0,-0.0,0.0,0.0,0.0004355669532706586,0.00027215479386337763,1.9661332695533442,0.0,0.0,0.0
3681,15,-312.4571,460.9585,-0.0112634655,0.0,-0.0,0.0,0.0,0.0004355669532706586,0.00027215479386337763,1.9661332695533442,0.0,0.0,0.0
3682,15,-312.4571,460.9585,-0.0112634655,0.0,-0.0,0.0,0.0,0.0004355669532706586,0.00027215479386337763,1.9661332695533442,0.0,0.0,0.0
3683,15,-312.4571,460.9585,-0.0112634655,0.0,-0.0,0.0,0.0,0.0004355669532706586,0.00027215479386337763,1.9661332695533442,0.0,0.0,0.0
3684,15,-312.4571,460.9585,-0.0112634655,0.0,-0.0,0.0,0.0,0.0004355669532706586,0.00027215479386337763,1.9661332695533442,0.0,0.0,0.0
3685,15,-312.4571,460.9585,-0.0112634655,0.0,-0.0,0.0,0.0,0.0004355669532706586,0.00027215479386337763,1.9661332695533442,0.0,0.0,0.0
3686,15,-312.4571,460.9585,-0.0112634655,0.0,-0.0,0.0,0.0,0.0004355669532706586,0.00027215479386337763,1.9661332695533442,0.0,0.0,0.0
3687,15,-312.4571,460.9585,-0.0112634655,0.0,-0.0,0.0,0.0,0.0004355669532706586,0.00027215479386337763,1.9661332695533442,0.0,0.0,0.0
3688,15,-312.4571,460.9585,-0.0112634655,0.0,-0.0,0.0,0.0,0.0004355669532706586,0.00027215479386337763,1.9661332695533442,0.0,0.0,0.0
3689,15,-312.4571,460.9585,-0.0112634655,0.0,-0.0,0.0,0.0,0.0004355669532706586,0.00027215479386337763,1.9661332695533442,0.0,0.0,0.0
3690,15,-312.4571,460.9585,-0.0112634655,0.0,-0.0,0.0,0.0,0.0004355669532706586,0.00027215479386337763,1.9661332695533442,0.0,0.0,0.0
3691,15,-312.4571,460.9585,-0.0112634655,0.0,-0.0,0.0,0.0,0.0004355669532706586,0.00027215479386337763,1.9661332695533442,0.0,0.0,0.0
3692,15,-312.4571,460.9585,-0.0112634655,0.0,-0.0,0.0,0.0,0.0004355669532706586,0.00027215479386337763,1.9661332695533442,0.0,0.0,0.0
3693,15,-312.4571,460.9585,-0.0112634655,0.0,-0.0,0.0,0.0,0.0004355669532706586,0.00027215479386337763,1.9661332695533442,0.0,0.0,0.0
3694,15,-312.4571,460.9585,-0.0112634655,0.0,-0.0,0.0,0.0,0.0004355669532706586,0.00027215479386337763,1.9661332695533442,0.0,0.0,0.0
3695,15,-312.4571,460.9585,-0.0112634655,0.0,-0.0,0.0,0.0,0.0004355669532706586,0.00027215479386337763,1.9661332695533442,0.0,0.0,0.0
3696,15,-312.4571,460.9585,-0.0112634655,0.0,-0.0,0.0,0.0,0.0004355669532706586,0.00027215479386337763,1.9661332695533442,0.0,0.0,0.0
3697,15,-312.4571,460.9585,-0.0112634655,0.0,-0.0,0.0,0.0,0.0004355669532706586,0.00027215479386337763,1.9661332695533442,0.0,0.0,0.0
3698,15,-312.4571,460.9585,-0.0112634655,0.0,-0.0,0.0,0.0,0.0004355669532706586,0.00027215479386337763,1.9661332695533442,0.0,0.0,0.0
3699,15,-312.4571,460.9585,-0.0112634655,0.0,-0.0,0.0,0.0,0.0004355669532706586,0.00027215479386337763,1.9661332695533442,0.0,0.0,0.0
3700,15,-312.4571,460.9585,-0.0112634655,0.0,-0.0,0.0,0.0,0.0004355669532706586,0.00027215479386337763,1.9661332695533442,0.0,0.0,0.0
3701,15,-312.4571,460.9585,-0.0112634655,0.0,-0.0,0.0,0.0,0.0004355669532706586,0.00027215479386337763,1.9661332695533442,0.0,0.0,0.0
3702,15,-312.4571,460.9585,-0.0112634655,0.0,-0.0,0.0,0.0,0.0004355669532706586,0.00027215479386337763,1.9661332695533442,0.0,0.0,0.0
3703,15,-312.4571,460.9585,-0.0112634655,0.0,-0.0,0.0,0.0,0.0004355669532706586,0.00027215479386337763,1.9661332695533442,0.0,0.0,0.0
3704,15,-312.4571,460.9585,-0.0112634655,0.0,-0.0,0.0,0.0,0.0004355669532706586,0.00027215479386337763,1.9661332695533442,0.0,0.0,0.0
3705,15,-312.4571,460.9585,-0.0112634655,0.0,-0.0,0.0,0.0,0.0004355669532706586,0.00027215479386337763,1.9661332695533442,0.0,0.0,0.0
3706,15,-312.4571,460.9585,-0.0112634655,0.0,-0.0,0.0,0.0,0.0004355669532706586,0.00027215479386337763,1.9661332695533442,0.0,0.0,0.0
3707,15,-312.4571,460.9585,-0.0112634655,0.0,-0.0,0.0,0.0,0.0004355669532706586,0.00027215479386337763,1.9661332695533442,0.0,0.0,0.0
3708,15,-312.4571,460.9585,-0.0112634655,0.0,-0.0,0.0,0.0,0.0004355669532706586,0.00027215479386337763,1.9661332695533442,0.0,0.0,0.0
3709,15,-312.4571,460.9585,-0.0112634655,0.0,-0.0,0.0,0.0,0.0004355669532706586,0.00027215479386337763,1.9661332695533442,0.0,0.0,0.0
3710,15,-312.4571,460.9585,-0.0112634655,0.0,-0.0,0.0,0.0,0.0004355669532706586,0.00027215479386337763,1.9661332695533442,0.0,0.0,0.0
3711,15,-312.4571,460.9585,-0.0112634655,0.0,-0.0,0.0,0.0,0.0004355669532706586,0.00027215479386337763,1.9661332695533442,0.0,0.0,0.0
3712,15,-312.4571,460.9585,-0.0112634655,0.0,-0.0,0.0,0.0,0.0004355669532706586,0.00027215479386337763,1.9661332695533442,0.0,0.0,0.0
3713,15,-312.4571,460.9585,-0.0112634655,0.0,-0.0,0.0,0.0,0.0004355669532706586,0.00027215479386337763,1.9661332695533442,0.0,0.0,0.0
3714,15,-312.4571,460.9585,-0.0112634655,0.0,-0.0,0.0,0.0,0.0004355669532706586,0.00027215479386337763,1.9661332695533442,0.0,0.0,0.0
3715,15,-312.4571,460.9585,-0.0112634655,0.0,-0.0,0.0,0.0,0.0004355669532706586,0.00027215479386337763,1.9661332695533442,0.0,0.0,0.0
3716,15,-312.4571,460.9585,-0.0112634655,0.0,-0.0,0.0,0.0,0.0004355669532706586,0.00027215479386337763,1.9661332695533442,0.0,0.0,0.0
3717,15,-312.4571,460.9585,-0.0112634655,0.0,-0.0,0.0,0.0,0.0004355669532706586,0.00027215479386337763,1.9661332695533442,0.0,0.0,0.0
3718,15,-312.4571,460.9585,-0.0112634655,0.0,-0.0,0.0,0.0,0.0004355669532706586,0.00027215479386337763,1.9661332695533442,0.0,0.0,0.0
3719,15,-312.4571,460.9585,-0.0112634655,0.0,-0.0,0.0,0.0,0.0004355669532706586,0.00027215479386337763,1.9661332695533442,0.0,0.0,0.0
3720,15,-312.4571,460.9585,-0.0112634655,0.0,-0.0,0.0,0.0,0.0004355669532706586,0.00027215479386337763,1.9661332695533442,0.0,0.0,0.0
3721,15,-312.4571,460.9585,-0.0112634655,0.0,-0.0,0.0,0.0,0.0004355669532706586,0.00027215479386337763,1.9661332695533442,0.0,0.0,0.0
3722,15,-312.4571,460.9585,-0.0112634655,0.0,-0.0,0.0,0.0,0.0004355669532706586,0.00027215479386337763,1.9661332695533442,0.0,0.0,0.0
3723,15,-312.4571,460.9585,-0.0112634655,0.0,-0.0,0.0,0.0,0.0004355669532706586,0.00027215479386337763,1.9661332695533442,0.0,0.0,0.0
3724,15,-312.4571,460.9585,-0.0112634655,0.0,-0.0,0.0,0.0,0.0004355669532706586,0.00027215479386337763,1.9661332695533442,0.0,0.0,0.0
3725,15,-312.4571,460.9585,-0.0112634655,0.0,-0.0,0.0,0.0,0.0004355669532706586,0.00027215479386337763,1.9661332695533442,0.0,0.0,0.0
3726,15,-312.4571,460.9585,-0.0112634655,0.0,-0.0,0.0,0.0,0.0004355669532706586,0.00027215479386337763,1.9661332695533442,0.0,0.0,0.0
3727,15,-312.4571,460.9585,-0.0112634655,0.0,-0.0,0.0,0.0,0.0004355669532706586,0.00027215479386337763,1.9661332695533442,0.0,0.0,0.0
3728,15,-312.4571,460.9585,-0.0112634655,0.0,-0.0,0.0,0.0,0.0004355669532706586,0.00027215479386337763,1.9661332695533442,0.0,0.0,0.0
3729,15,-312.4571,460.9585,-0.0112634655,0.0,-0.0,0.0,0.0,0.0004355669532706586,0.00027215479386337763,1.9661332695533442,0.0,0.0,0.0
3730,15,-312.4571,460.9585,-0.0112634655,0.0,-0.0,0.0,0.0,0.0004355669532706586,0.00027215479386337763,1.9661332695533442,0.0,0.0,0.0
3731,15,-312.4571,460.9585,-0.0112634655,0.0,-0.0,0.0,0.0,0.0004355669532706586,0.00027215479386337763,1.9661332695533442,0.0,0.0,0.0
3732,15,-312.4571,460.9585,-0.0112634655,0.0,-0.0,0.0,0.0,0.0004355669532706586,0.00027215479386337763,1.9661332695533442,0.0,0.0,0.0
3733,15,-312.4571,460.9585,-0.0112634655,0.0,-0.0,0.0,0.0,0.0004355669532706586,0.00027215479386337763,1.9661332695533442,0.0,0.0,0.0
3734,15,-312.4571,460.9585,-0.0112634655,0.0,-0.0,0.0,0.0,0.0004355669532706586,0.00027215479386337763,1.9661332695533442,0.0,0.0,0.0
3735,15,-312.4571,460.9585,-0.0112634655,0.0,-0.0,0.0,0.0,0.0004355669532706586,0.00027215479386337763,1.9661332695533442,0.0,0.0,0.0
3736,15,-312.4571,460.9585,-0.0112634655,0.0,-0.0,0.0,0.0,0.0004355669532706586,0.00027215479386337763,1.9661332695533442,0.0,0.0,0.0
3737,15,-312.4571,460.9585,-0.0112634655,0.0,-0.0,0.0,0.0,0.0004355669532706586,0.00027215479386337763,1.9661332695533442,0.0,0.0,0.0
3738,15,-312.4571,460.9585,-0.0112634655,0.0,-0.0,0.0,0.0,0.0004355669532706586,0.00027215479386337763,1.9661332695533442,0.0,0.0,0.0
3739,15,-312.4571,460.9585,-0.0112634655,0.0,-0.0,0.0,0.0,0.0004355669532706586,0.00027215479386337763,1.9661332695533442,0.0,0.0,0.0
3740,15,-312.4571,460.9585,-0.0112634655,0.0,-0.0,0.0,0.0,0.0004355669532706586,0.00027215479386337763,1.9661332695533442,0.0,0.0,0.0
3741,15,-312.4571,460.9585,-0.0112634655,0.0,-0.0,0.0,0.0,0.0004355669532706586,0.00027215479386337763,1.9661332695533442,0.0,0.0,0.0
3742,15,-312.4571,460.9585,-0.0112634655,0.0,-0.0,0.0,0.0,0.0004355669532706586,0.00027215479386337763,1.9661332695533442,0.0,0.0,0.0
3743,15,-312.4571,460.9585,-0.0112634655,0.0,-0.0,0.0,0.0,0.0004355669532706586,0.00027215479386337763,1.9661332695533442,0.0,0.0,0.0
3744,15,-312.4571,460.9585,-0.0112634655,0.0,-0.0,0.0,0.0,0.0004355669532706586,0.00027215479386337763,1.9661332695533442,0.0,0.0,0.0
3745,15,-312.4571,460.9585,-0.0112634655,0.0,-0.0,0.0,0.0,0.0004355669532706586,0.00027215479386337763,1.9661332695533442,0.0,0.0,0.0
3746,15,-312.4571,460.9585,-0.0112634655,0.0,-0.0,0.0,0.0,0.0004355669532706586,0.00027215479386337763,1.9661332695533442,0.0,0.0,0.0
3747,15,-312.4571,460.9585,-0.0112634655,0.0,-0.0,0.0,0.0,0.0004355669532706586,0.00027215479386337763,1.9661332695533442,0.0,0.0,0.0
3748,15,-312.4571,460.9585,-0.0112634655,0.0,-0.0,0.0,0.0,0.0004355669532706586,0.00027215479386337763,1.9661332695533442,0.0,0.0,0.0
3749,15,-312.4571,460.9585,-0.0112634655,0.0,-0.0,0.0,0.0,0.0004355669532706586,0.00027215479386337763,1.9661332695533442,0.0,0.0,0.0
3750,15,-312.4571,460.9585,-0.0112634655,0.0,-0.0,0.0,0.0,0.0004355669532706586,0.00027215479386337763,1.9661332695533442,0.0,0.0,0.0
3751,15,-312.4571,460.9585,-0.0112634655,0.0,-0.0,0.0,0.0,0.0004355669532706586,0.00027215479386337763,1.9661332695533442,0.0,0.0,0.0
3752,15,-312.4571,460.9585,-0.0112634655,0.0,-0.0,0.0,0.0,0.0004355669532706586,0.00027215479386337763,1.9661332695533442,0.0,0.0,0.0
3753,15,-312.4571,460.9585,-0.0112634655,0.0,-0.0,0.0,0.0,0.0004355669532706586,0.00027215479386337763,1.9661332695533442,0.0,0.0,0.0
3754,15,-312.4571,460.9585,-0.0112634655,0.0,-0.0,0.0,0.0,0.0004355669532706586,0.00027215479386337763,1.9661332695533442,0.0,0.0,0.0
3755,15,-312.4571,460.9585,-0.0112634655,0.0,-0.0,0.0,0.0,0.0004355669532706586,0.00027215479386337763,1.9661332695533442,0.0,0.0,0.0
3756,15,-312.4571,460.9585,-0.0112634655,0.0,-0.0,0.0,0.0,0.0004355669532706586,0.00027215479386337763,1.9661332695533442,0.0,0.0,0.0
3757,15,-312.4571,460.9585,-0.0112634655,0.0,-0.0,0.0,0.0,0.0004355669532706586,0.00027215479386337763,1.9661332695533442,0.0,0.0,0.0
3758,15,-312.4571,460.9585,-0.0112634655,0.0,-0.0,0.0,0.0,0.0004355669532706586,0.00027215479386337763,1.9661332695533442,0.0,0.0,0.0
3759,15,-312.4571,460.9585,-0.0112634655,0.0,-0.0,0.0,0.0,0.0004355669532706586,0.00027215479386337763,1.9661332695533442,0.0,0.0,0.0
3760,15,-312.4571,460.9585,-0.0112634655,0.0,-0.0,0.0,0.0,0.0004355669532706586,0.00027215479386337763,1.9661332695533442,0.0,0.0,0.0
3761,15,-312.4571,460.9585,-0.0112634655,0.0,-0.0,0.0,0.0,0.0004355669532706586,0.00027215479386337763,1.9661332695533442,0.0,0.0,0.0
3762,15,-312.4571,460.9585,-0.0112634655,0.0,-0.0,0.0,0.0,0.0004355669532706586,0.00027215479386337763,1.9661332695533442,0.0,0.0,0.0
3763,15,-312.4571,460.9585,-0.0112634655,0.0,-0.0,0.0,0.0,0.0004355669532706586,0.00027215479386337763,1.9661332695533442,0.0,0.0,0.0
3764,15,-312.4571,460.9585,-0.0112634655,0.0,-0.0,0.0,0.0,0.0004355669532706586,0.00027215479386337763,1.9661332695533442,0.0,0.0,0.0
3765,15,-312.4571,460.9585,-0.0112634655,0.0,-0.0,0.0,0.0,0.0004355669532706586,0.00027215479386337763,1.9661332695533442,0.0,0.0,0.0
3766,15,-312.4571,460.9585,-0.0112634655,0.0,-0.0,0.0,0.0,0.0004355669532706586,0.00027215479386337763,1.9661332695533442,0.0,0.0,0.0
3767,15,-312.4571,460.9585,-0.0112634655,0.0,-0.0,0.0,0.0,0.0004355669532706586,0.00027215479386337763,1.9661332695533442,0.0,0.0,0.0
3768,15,-312.4571,460.9585,-0.0112634655,0.0,-0.0,0.0,0.0,0.0004355669532706586,0.00027215479386337763,1.9661332695533442,0.0,0.0,0.0
3769,15,-312.4571,460.9585,-0.0112634655,0.0,-0.0,0.0,0.0,0.0004355669532706586,0.00027215479386337763,1.9661332695533442,0.0,0.0,0.0
3770,15,-312.4571,460.9585,-0.0112634655,0.0,-0.0,0.0,0.0,0.0004355669532706586,0.00027215479386337763,1.9661332695533442,0.0,0.0,0.0
3771,15,-312.4571,460.9585,-0.0112634655,0.0,-0.0,0.0,0.0,0.0004355669532706586,0.00027215479386337763,1.9661332695533442,0.0,0.0,0.0
3772,15,-312.4571,460.9585,-0.0112634655,0.0,-0.0,0.0,0.0,0.0004355669532706586,0.00027215479386337763,1.9661332695533442,0.0,0.0,0.0
3773,15,-312.4571,460.9585,-0.0112634655,0.0,-0.0,0.0,0.0,0.0004355669532706586,0.00027215479386337763,1.9661332695533442,0.0,0.0,0.0
3774,15,-312.4571,460.9585,-0.0112634655,0.0,-0.0,0.0,0.0,0.0004355669532706586,0.00027215479386337763,1.9661332695533442,0.0,0.0,0.0
3775,15,-312.4571,460.9585,-0.0112634655,0.0,-0.0,0.0,0.0,0.0004355669532706586,0.00027215479386337763,1.9661332695533442,0.0,0.0,0.0
3776,15,-312.4571,460.9585,-0.0112634655,0.0,-0.0,0.0,0.0,0.0004355669532706586,0.00027215479386337763,1.9661332695533442,0.0,0.0,0.0
3777,15,-312.4571,460.9585,-0.0112634655,0.0,-0.0,0.0,0.0,0.0004355669532706586,0.00027215479386337763,1.9661332695533442,0.0,0.0,0.0
3778,15,-312.4571,460.9585,-0.0112634655,0.0,-0.0,0.0,0.0,0.0004355669532706586,0.00027215479386337763,1.9661332695533442,0.0,0.0,0.0
3779,15,-312.4571,460.9585,-0.0112634655,0.0,-0.0,0.0,0.0,0.0004355669532706586,0.00027215479386337763,1.9661332695533442,0.0,0.0,0.0
3780,15,-312.4571,460.9585,-0.0112634655,0.0,-0.0,0.0,0.0,0.0004355669532706586,0.00027215479386337763,1.9661332695533442,0.0,0.0,0.0
3781,15,-312.4571,460.9585,-0.0112634655,0.0,-0.0,0.0,0.0,0.0004355669532706586,0.00027215479386337763,1.9661332695533442,0.0,0.0,0.0
3782,15,-312.4571,460.9585,-0.0112634655,0.0,-0.0,0.0,0.0,0.0004355669532706586,0.00027215479386337763,1.9661332695533442,0.0,0.0,0.0
3783,15,-312.4571,460.9585,-0.0112634655,0.0,-0.0,0.0,0.0,0.0004355669532706586,0.00027215479386337763,1.9661332695533442,0.0,0.0,0.0
3784,15,-312.4571,460.9585,-0.0112634655,0.0,-0.0,0.0,0.0,0.0004355669532706586,0.00027215479386337763,1.9661332695533442,0.0,0.0,0.0
3785,15,-312.4571,460.9585,-0.0112634655,0.0,-0.0,0.0,0.0,0.0004355669532706586,0.00027215479386337763,1.9661332695533442,0.0,0.0,0.0
3786,15,-312.4571,460.9585,-0.0112634655,0.0,-0.0,0.0,0.0,0.0004355669532706586,0.00027215479386337763,1.9661332695533442,0.0,0.0,0.0
3787,15,-312.4571,460.9585,-0.0112634655,0.0,-0.0,0.0,0.0,0.0004355669532706586,0.00027215479386337763,1.9661332695533442,0.0,0.0,0.0
3788,15,-312.4571,460.9585,-0.0112634655,0.0,-0.0,0.0,0.0,0.0004355669532706586,0.00027215479386337763,1.9661332695533442,0.0,0.0,0.0
3789,15,-312.4571,460.9585,-0.0112634655,0.0,-0.0,0.0,0.0,0.0004355669532706586,0.00027215479386337763,1.9661332695533442,0.0,0.0,0.0
3790,15,-312.4571,460.9585,-0.0112634655,0.0,-0.0,0.0,0.0,0.0004355669532706586,0.00027215479386337763,1.9661332695533442,0.0,0.0,0.0
3791,15,-312.4571,460.9585,-0.0112634655,0.0,-0.0,0.0,0.0,0.0004355669532706586,0.00027215479386337763,1.9661332695533442,0.0,0.0,0.0
3792,15,-312.4571,460.9585,-0.0112634655,0.0,-0.0,0.0,0.0,0.0004355669532706586,0.00027215479386337763,1.9661332695533442,0.0,0.0,0.0
3793,15,-312.4571,460.9585,-0.0112634655,0.0,-0.0,0.0,0.0,0.0004355669532706586,0.00027215479386337763,1.9661332695533442,0.0,0.0,0.0
3794,15,-312.4571,460.9585,-0.0112634655,0.0,-0.0,0.0,0.0,0.0004355669532706586,0.00027215479386337763,1.9661332695533442,0.0,0.0,0.0
3795,15,-312.4571,460.9585,-0.0112634655,0.0,-0.0,0.0,0.0,0.0004355669532706586,0.00027215479386337763,1.9661332695533442,0.0,0.0,0.0
3796,15,-312.4571,460.9585,-0.0112634655,0.0,-0.0,0.0,0.0,0.0004355669532706586,0.00027215479386337763,1.9661332695533442,0.0,0.0,0.0
3797,15,-312.4571,460.9585,-0.0112634655,0.0,-0.0,0.0,0.0,0.0004355669532706586,0.00027215479386337763,1.9661332695533442,0.0,0.0,0.0
3798,15,-312.4571,460.9585,-0.0112634655,0.0,-0.0,0.0,0.0,0.0004355669532706586,0.00027215479386337763,1.9661332695533442,0.0,0.0,0.0
3799,15,-312.4571,460.9585,-0.0112634655,0.0,-0.0,0.0,0.0,0.0004355669532706586,0.00027215479386337763,1.9661332695533442,0.0,0.0,0.0
3800,15,-312.4571,460.9585,-0.0112634655,0.0,-0.0,0.0,0.0,0.0004355669532706586,0.00027215479386337763,1.9661332695533442,0.0,0.0,0.0
3801,15,-312.4571,460.9585,-0.0112634655,0.0,-0.0,0.0,0.0,0.0004355669532706586,0.00027215479386337763,1.9661332695533442,0.0,0.0,0.0
3802,15,-312.4571,460.9585,-0.0112634655,0.0,-0.0,0.0,0.0,0.0004355669532706586,0.00027215479386337763,1.9661332695533442,0.0,0.0,0.0
3803,15,-312.4571,460.9585,-0.0112634655,0.0,-0.0,0.0,0.0,0.0004355669532706586,0.00027215479386337763,1.9661332695533442,0.0,0.0,0.0
3804,15,-312.4571,460.9585,-0.0112634655,0.0,-0.0,0.0,0.0,0.0004355669532706586,0.00027215479386337763,1.9661332695533442,0.0,0.0,0.0
3805,15,-312.4571,460.9585,-0.0112634655,0.0,-0.0,0.0,0.0,0.0004355669532706586,0.00027215479386337763,1.9661332695533442,0.0,0.0,0.0
3806,15,-312.4571,460.9585,-0.0112634655,0.0,-0.0,0.0,0.0,0.0004355669532706586,0.00027215479386337763,1.9661332695533442,0.0,0.0,0.0
3807,15,-312.4571,460.9585,-0.0112634655,0.0,-0.0,0.0,0.0,0.0004355669532706586,0.00027215479386337763,1.9661332695533442,0.0,0.0,0.0
3808,15,-312.4571,460.9585,-0.0112634655,0.0,-0.0,0.0,0.0,0.0004355669532706586,0.00027215479386337763,1.9661332695533442,0.0,0.0,0.0
3809,15,-312.4571,460.9585,-0.0112634655,0.0,-0.0,0.0,0.0,0.0004355669532706586,0.00027215479386337763,1.9661332695533442,0.0,0.0,0.0
3810,15,-312.4571,460.9585,-0.0112634655,0.0,-0.0,0.0,0.0,0.0004355669532706586,0.00027215479386337763,1.9661332695533442,0.0,0.0,0.0
3811,15,-312.4571,460.9585,-0.0112634655,0.0,-0.0,0.0,0.0,0.0004355669532706586,0.00027215479386337763,1.9661332695533442,0.0,0.0,0.0
3812,15,-312.4571,460.9585,-0.0112634655,0.0,-0.0,0.0,0.0,0.0004355669532706586,0.00027215479386337763,1.9661332695533442,0.0,0.0,0.0
3813,15,-312.4571,460.9585,-0.0112634655,0.0,-0.0,0.0,0.0,0.0004355669532706586,0.00027215479386337763,1.9661332695533442,0.0,0.0,0.0
3814,15,-312.4571,460.9585,-0.0112634655,0.0,-0.0,0.0,0.0,0.0004355669532706586,0.00027215479386337763,1.9661332695533442,0.0,0.0,0.0
3815,15,-312.4571,460.9585,-0.0112634655,0.0,-0.0,0.0,0.0,0.0004355669532706586,0.00027215479386337763,1.9661332695533442,0.0,0.0,0.0
3816,15,-312.4571,460.9585,-0.0112634655,0.0,-0.0,0.0,0.0,0.0004355669532706586,0.00027215479386337763,1.9661332695533442,0.0,0.0,0.0
3817,15,-312.4571,460.9585,-0.0112634655,0.0,-0.0,0.0,0.0,0.0004355669532706586,0.00027215479386337763,1.9661332695533442,0.0,0.0,0.0
3818,15,-312.4571,460.9585,-0.0112634655,0.0,-0.0,0.0,0.0,0.0004355669532706586,0.00027215479386337763,1.9661332695533442,0.0,0.0,0.0
3819,15,-312.4571,460.9585,-0.0112634655,0.0,-0.0,0.0,0.0,0.0004355669532706586,0.00027215479386337763,1.9661332695533442,0.0,0.0,0.0
3820,15,-312.4571,460.9585,-0.0112634655,0.0,-0.0,0.0,0.0,0.0004355669532706586,0.00027215479386337763,1.9661332695533442,0.0,0.0,0.0
3821,15,-312.4571,460.9585,-0.0112634655,0.0,-0.0,0.0,0.0,0.0004355669532706586,0.00027215479386337763,1.9661332695533442,0.0,0.0,0.0
3822,15,-312.4571,460.9585,-0.0112634655,0.0,-0.0,0.0,0.0,0.0004355669532706586,0.00027215479386337763,1.9661332695533442,0.0,0.0,0.0
3823,15,-312.4571,460.9585,-0.0112634655,0.0,-0.0,0.0,0.0,0.0004355669532706586,0.00027215479386337763,1.9661332695533442,0.0,0.0,0.0
3824,15,-312.4571,460.9585,-0.0112634655,0.0,-0.0,0.0,0.0,0.0004355669532706586,0.00027215479386337763,1.9661332695533442,0.0,0.0,0.0
3825,15,-312.4571,460.9585,-0.0112634655,0.0,-0.0,0.0,0.0,0.0004355669532706586,0.00027215479386337763,1.9661332695533442,0.0,0.0,0.0
3826,15,-312.4571,460.9585,-0.0112634655,0.0,-0.0,0.0,0.0,0.0004355669532706586,0.00027215479386337763,1.9661332695533442,0.0,0.0,0.0
3827,15,-312.4571,460.9585,-0.0112634655,0.0,-0.0,0.0,0.0,0.0004355669532706586,0.00027215479386337763,1.9661332695533442,0.0,0.0,0.0
3828,15,-312.4571,460.9585,-0.0112634655,0.0,-0.0,0.0,0.0,0.0004355669532706586,0.00027215479386337763,1.9661332695533442,0.0,0.0,0.0
3829,15,-312.4571,460.9585,-0.0112634655,0.0,-0.0,0.0,0.0,0.0004355669532706586,0.00027215479386337763,1.9661332695533442,0.0,0.0,0.0
3830,15,-312.4571,460.9585,-0.0112634655,0.0,-0.0,0.0,0.0,0.0004355669532706586,0.00027215479386337763,1.9661332695533442,0.0,0.0,0.0
3831,15,-312.4571,460.9585,-0.0112634655,0.0,-0.0,0.0,0.0,0.0004355669532706586,0.00027215479386337763,1.9661332695533442,0.0,0.0,0.0
3832,15,-312.4571,460.9585,-0.0112634655,0.0,-0.0,0.0,0.0,0.0004355669532706586,0.00027215479386337763,1.9661332695533442,0.0,0.0,0.0
3833,15,-312.4571,460.9585,-0.0112634655,0.0,-0.0,0.0,0.0,0.0004355669532706586,0.00027215479386337763,1.9661332695533442,0.0,0.0,0.0
3834,15,-312.4571,460.9585,-0.0112634655,0.0,-0.0,0.0,0.0,0.0004355669532706586,0.00027215479386337763,1.9661332695533442,0.0,0.0,0.0
3835,15,-312.4571,460.9585,-0.0112634655,0.0,-0.0,0.0,0.0,0.0004355669532706586,0.00027215479386337763,1.9661332695533442,0.0,0.0,0.0
3836,15,-312.4571,460.9585,-0.0112634655,0.0,-0.0,0.0,0.0,0.0004355669532706586,0.00027215479386337763,1.9661332695533442,0.0,0.0,0.0
3837,15,-312.4571,460.9585,-0.0112634655,0.0,-0.0,0.0,0.0,0.0004355669532706586,0.00027215479386337763,1.9661332695533442,0.0,0.0,0.0
3838,15,-312.4571,460.9585,-0.0112634655,0.0,-0.0,0.0,0.0,0.0004355669532706586,0.00027215479386337763,1.9661332695533442,0.0,0.0,0.0
3839,15,-312.4571,460.9585,-0.0112634655,0.0,-0.0,0.0,0.0,0.0004355669532706586,0.00027215479386337763,1.9661332695533442,0.0,0.0,0.0
3840,15,-312.4571,460.9585,-0.0112634655,0.0,-0.0,0.0,0.0,0.0004355669532706586,0.00027215479386337763,1.9661332695533442,0.0,0.0,0.0
3841,15,-312.4571,460.9585,-0.0112634655,0.0,-0.0,0.0,0.0,0.0004355669532706586,0.00027215479386337763,1.9661332695533442,0.0,0.0,0.0
3842,15,-312.4571,460.9585,-0.0112634655,0.0,-0.0,0.0,0.0,0.0004355669532706586,0.00027215479386337763,1.9661332695533442,0.0,0.0,0.0
3843,15,-312.4571,460.9585,-0.0112634655,0.0,-0.0,0.0,0.0,0.0004355669532706586,0.00027215479386337763,1.9661332695533442,0.0,0.0,0.0
3844,15,-312.4571,460.9585,-0.0112634655,0.0,-0.0,0.0,0.0,0.0004355669532706586,0.00027215479386337763,1.9661332695533442,0.0,0.0,0.0
3845,15,-312.4571,460.9585,-0.0112634655,0.0,-0.0,0.0,0.0,0.0004355669532706586,0.00027215479386337763,1.9661332695533442,0.0,0.0,0.0
3846,15,-312.4571,460.9585,-0.0112634655,0.0,-0.0,0.0,0.0,0.0004355669532706586,0.00027215479386337763,1.9661332695533442,0.0,0.0,0.0
3847,15,-312.4571,460.9585,-0.0112634655,0.0,-0.0,0.0,0.0,0.0004355669532706586,0.00027215479386337763,1.9661332695533442,0.0,0.0,0.0
3848,15,-312.4571,460.9585,-0.0112634655,0.0,-0.0,0.0,0.0,0.0004355669532706586,0.00027215479386337763,1.9661332695533442,0.0,0.0,0.0
3849,15,-312.4571,460.9585,-0.0112634655,0.0,-0.0,0.0,0.0,0.0004355669532706586,0.00027215479386337763,1.9661332695533442,0.0,0.0,0.0
3850,15,-312.4571,460.9585,-0.0112634655,0.0,-0.0,0.0,0.0,0.0004355669532706586,0.00027215479386337763,1.9661332695533442,0.0,0.0,0.0
3851,15,-312.4571,460.9585,-0.0112634655,0.0,-0.0,0.0,0.0,0.0004355669532706586,0.00027215479386337763,1.9661332695533442,0.0,0.0,0.0
3852,15,-312.4571,460.9585,-0.0112634655,0.0,-0.0,0.0,0.0,0.0004355669532706586,0.00027215479386337763,1.9661332695533442,0.0,0.0,0.0
3853,15,-312.4571,460.9585,-0.0112634655,0.0,-0.0,0.0,0.0,0.0004355669532706586,0.00027215479386337763,1.9661332695533442,0.0,0.0,0.0
3854,15,-312.4571,460.9585,-0.0112634655,0.0,-0.0,0.0,0.0,0.0004355669532706586,0.00027215479386337763,1.9661332695533442,0.0,0.0,0.0
3855,15,-312.4571,460.9585,-0.0112634655,0.0,-0.0,0.0,0.0,0.0004355669532706586,0.00027215479386337763,1.9661332695533442,0.0,0.0,0.0
3856,15,-312.4571,460.9585,-0.0112634655,0.0,-0.0,0.0,0.0,0.0004355669532706586,0.00027215479386337763,1.9661332695533442,0.0,0.0,0.0
3857,15,-312.4571,460.9585,-0.0112634655,0.0,-0.0,0.0,0.0,0.0004355669532706586,0.00027215479386337763,1.9661332695533442,0.0,0.0,0.0
3858,15,-312.4571,460.9585,-0.0112634655,0.0,-0.0,0.0,0.0,0.0004355669532706586,0.00027215479386337763,1.9661332695533442,0.0,0.0,0.0
3859,15,-312.4571,460.9585,-0.0112634655,0.0,-0.0,0.0,0.0,0.0004355669532706586,0.00027215479386337763,1.9661332695533442,0.0,0.0,0.0
3860,15,-312.4571,460.9585,-0.0112634655,0.0,-0.0,0.0,0.0,0.0004355669532706586,0.00027215479386337763,1.9661332695533442,0.0,0.0,0.0
3861,15,-312.4571,460.9585,-0.0112634655,0.0,-0.0,0.0,0.0,0.0004355669532706586,0.00027215479386337763,1.9661332695533442,0.0,0.0,0.0
3862,15,-312.4571,460.9585,-0.0112634655,0.0,-0.0,0.0,0.0,0.0004355669532706586,0.00027215479386337763,1.9661332695533442,0.0,0.0,0.0
3863,15,-312.4571,460.9585,-0.0112634655,0.0,-0.0,0.0,0.0,0.0004355669532706586,0.00027215479386337763,1.9661332695533442,0.0,0.0,0.0
3864,15,-312.4571,460.9585,-0.0112634655,0.0,-0.0,0.0,0.0,0.0004355669532706586,0.00027215479386337763,1.9661332695533442,0.0,0.0,0.0
3865,15,-312.4571,460.9585,-0.0112634655,0.0,-0.0,0.0,0.0,0.0004355669532706586,0.00027215479386337763,1.9661332695533442,0.0,0.0,0.0
3866,15,-312.4571,460.9585,-0.0112634655,0.0,-0.0,0.0,0.0,0.0004355669532706586,0.00027215479386337763,1.9661332695533442,0.0,0.0,0.0
3867,15,-312.4571,460.9585,-0.0112634655,0.0,-0.0,0.0,0.0,0.0004355669532706586,0.00027215479386337763,1.9661332695533442,0.0,0.0,0.0
3868,15,-312.4571,460.9585,-0.0112634655,0.0,-0.0,0.0,0.0,0.0004355669532706586,0.00027215479386337763,1.9661332695533442,0.0,0.0,0.0
3869,15,-312.4571,460.9585,-0.0112634655,0.0,-0.0,0.0,0.0,0.0004355669532706586,0.00027215479386337763,1.9661332695533442,0.0,0.0,0.0
3870,15,-312.4571,460.9585,-0.0112634655,0.0,-0.0,0.0,0.0,0.0004355669532706586,0.00027215479386337763,1.9661332695533442,0.0,0.0,0.0
3871,15,-312.4571,460.9585,-0.0112634655,0.0,-0.0,0.0,0.0,0.0004355669532706586,0.00027215479386337763,1.9661332695533442,0.0,0.0,0.0
3872,15,-312.4571,460.9585,-0.0112634655,0.0,-0.0,0.0,0.0,0.0004355669532706586,0.00027215479386337763,1.9661332695533442,0.0,0.0,0.0
3873,15,-312.4571,460.9585,-0.0112634655,0.0,-0.0,0.0,0.0,0.0004355669532706586,0.00027215479386337763,1.9661332695533442,0.0,0.0,0.0
3874,15,-312.4571,460.9585,-0.0112634655,0.0,-0.0,0.0,0.0,0.0004355669532706586,0.00027215479386337763,1.9661332695533442,0.0,0.0,0.0
3875,15,-312.4571,460.9585,-0.0112634655,0.0,-0.0,0.0,0.0,0.0004355669532706586,0.00027215479386337763,1.9661332695533442,0.0,0.0,0.0
3876,15,-312.4571,460.9585,-0.0112634655,0.0,-0.0,0.0,0.0,0.0004355669532706586,0.00027215479386337763,1.9661332695533442,0.0,0.0,0.0
3877,15,-312.4571,460.9585,-0.0112634655,0.0,-0.0,0.0,0.0,0.0004355669532706586,0.00027215479386337763,1.9661332695533442,0.0,0.0,0.0
3878,15,-312.4571,460.9585,-0.0112634655,0.0,-0.0,0.0,0.0,0.0004355669532706586,0.00027215479386337763,1.9661332695533442,0.0,0.0,0.0
3879,15,-312.4571,460.9585,-0.0112634655,0.0,-0.0,0.0,0.0,0.0004355669532706586,0.00027215479386337763,1.9661332695533442,0.0,0.0,0.0
3880,15,-312.4571,460.9585,-0.0112634655,0.0,-0.0,0.0,0.0,0.0004355669532706586,0.00027215479386337763,1.9661332695533442,0.0,0.0,0.0
3881,15,-312.4571,460.9585,-0.0112634655,0.0,-0.0,0.0,0.0,0.0004355669532706586,0.00027215479386337763,1.9661332695533442,0.0,0.0,0.0
3882,15,-312.4571,460.9585,-0.0112634655,0.0,-0.0,0.0,0.0,0.0004355669532706586,0.00027215479386337763,1.9661332695533442,0.0,0.0,0.0
3883,15,-312.4571,460.9585,-0.0112634655,0.0,-0.0,0.0,0.0,0.0004355669532706586,0.00027215479386337763,1.9661332695533442,0.0,0.0,0.0
3884,15,-312.4571,460.9585,-0.0112634655,0.0,-0.0,0.0,0.0,0.0004355669532706586,0.00027215479386337763,1.9661332695533442,0.0,0.0,0.0
3885,15,-312.4571,460.9585,-0.0112634655,0.0,-0.0,0.0,0.0,0.0004355669532706586,0.00027215479386337763,1.9661332695533442,0.0,0.0,0.0
3886,15,-312.4571,460.9585,-0.0112634655,0.0,-0.0,0.0,0.0,0.0004355669532706586,0.00027215479386337763,1.9661332695533442,0.0,0.0,0.0
3887,15,-312.4571,460.9585,-0.0112634655,0.0,-0.0,0.0,0.0,0.0004355669532706586,0.00027215479386337763,1.9661332695533442,0.0,0.0,0.0
3888,15,-312.4571,460.9585,-0.0112634655,0.0,-0.0,0.0,0.0,0.0004355669532706586,0.00027215479386337763,1.9661332695533442,0.0,0.0,0.0
3889,15,-312.4571,460.9585,-0.0112634655,0.0,-0.0,0.0,0.0,0.0004355669532706586,0.00027215479386337763,1.9661332695533442,0.0,0.0,0.0
3890,15,-312.4571,460.9585,-0.0112634655,0.0,-0.0,0.0,0.0,0.0004355669532706586,0.00027215479386337763,1.9661332695533442,0.0,0.0,0.0
3891,15,-312.4571,460.9585,-0.0112634655,0.0,-0.0,0.0,0.0,0.0004355669532706586,0.00027215479386337763,1.9661332695533442,0.0,0.0,0.0
3892,15,-312.4571,460.9585,-0.0112634655,0.0,-0.0,0.0,0.0,0.0004355669532706586,0.00027215479386337763,1.9661332695533442,0.0,0.0,0.0
3893,15,-312.4571,460.9585,-0.0112634655,0.0,-0.0,0.0,0.0,0.0004355669532706586,0.00027215479386337763,1.9661332695533442,0.0,0.0,0.0
3894,15,-312.4571,460.9585,-0.0112634655,0.0,-0.0,0.0,0.0,0.0004355669532706586,0.00027215479386337763,1.9661332695533442,0.0,0.0,0.0
3895,15,-312.4571,460.9585,-0.0112634655,0.0,-0.0,0.0,0.0,0.0004355669532706586,0.00027215479386337763,1.9661332695533442,0.0,0.0,0.0
3896,15,-312.4571,460.9585,-0.0112634655,0.0,-0.0,0.0,0.0,0.0004355669532706586,0.00027215479386337763,1.9661332695533442,0.0,0.0,0.0
3897,15,-312.4571,460.9585,-0.0112634655,0.0,-0.0,0.0,0.0,0.0004355669532706586,0.00027215479386337763,1.9661332695533442,0.0,0.0,0.0
3898,15,-312.4571,460.9585,-0.0112634655,0.0,-0.0,0.0,0.0,0.0004355669532706586,0.00027215479386337763,1.9661332695533442,0.0,0.0,0.0
3899,15,-312.4571,460.9585,-0.0112634655,0.0,-0.0,0.0,0.0,0.0004355669532706586,0.00027215479386337763,1.9661332695533442,0.0,0.0,0.0
3900,15,-312.4571,460.9585,-0.0112634655,0.0,-0.0,0.0,0.0,0.0004355669532706586,0.00027215479386337763,1.9661332695533442,0.0,0.0,0.0
3901,15,-312.4571,460.9585,-0.0112634655,0.0,-0.0,0.0,0.0,0.0004355669532706586,0.00027215479386337763,1.9661332695533442,0.0,0.0,0.0
3902,15,-312.4571,460.9585,-0.0112634655,0.0,-0.0,0.0,0.0,0.0004355669532706586,0.00027215479386337763,1.9661332695533442,0.0,0.0,0.0
3903,15,-312.4571,460.9585,-0.0112634655,0.0,-0.0,0.0,0.0,0.0004355669532706586,0.00027215479386337763,1.9661332695533442,0.0,0.0,0.0
3904,15,-312.4571,460.9585,-0.0112634655,0.0,-0.0,0.0,0.0,0.0004355669532706586,0.00027215479386337763,1.9661332695533442,0.0,0.0,0.0
3905,15,-312.4571,460.9585,-0.0112634655,0.0,-0.0,0.0,0.0,0.0004355669532706586,0.00027215479386337763,1.9661332695533442,0.0,0.0,0.0
3906,15,-312.4571,460.9585,-0.0112634655,0.0,-0.0,0.0,0.0,0.0004355669532706586,0.00027215479386337763,1.9661332695533442,0.0,0.0,0.0
3907,15,-312.4571,460.9585,-0.0112634655,0.0,-0.0,0.0,0.0,0.0004355669532706586,0.00027215479386337763,1.9661332695533442,0.0,0.0,0.0
3908,15,-312.4571,460.9585,-0.0112634655,0.0,-0.0,0.0,0.0,0.0004355669532706586,0.00027215479386337763,1.9661332695533442,0.0,0.0,0.0
3909,15,-312.4571,460.9585,-0.0112634655,0.0,-0.0,0.0,0.0,0.0004355669532706586,0.00027215479386337763,1.9661332695533442,0.0,0.0,0.0
3910,15,-312.4571,460.9585,-0.0112634655,0.0,-0.0,0.0,0.0,0.0004355669532706586,0.00027215479386337763,1.9661332695533442,0.0,0.0,0.0
3911,15,-312.4571,460.9585,-0.0112634655,0.0,-0.0,0.0,0.0,0.0004355669532706586,0.00027215479386337763,1.9661332695533442,0.0,0.0,0.0
3912,15,-312.4571,460.9585,-0.0112634655,0.0,-0.0,0.0,0.0,0.0004355669532706586,0.00027215479386337763,1.9661332695533442,0.0,0.0,0.0
3913,15,-312.4571,460.9585,-0.0112634655,0.0,-0.0,0.0,0.0,0.0004355669532706586,0.00027215479386337763,1.9661332695533442,0.0,0.0,0.0
3914,15,-312.4571,460.9585,-0.0112634655,0.0,-0.0,0.0,0.0,0.0004355669532706586,0.00027215479386337763,1.9661332695533442,0.0,0.0,0.0
3915,15,-312.4571,460.9585,-0.0112634655,0.0,-0.0,0.0,0.0,0.0004355669532706586,0.00027215479386337763,1.9661332695533442,0.0,0.0,0.0
3916,15,-312.4571,460.9585,-0.0112634655,0.0,-0.0,0.0,0.0,0.0004355669532706586,0.00027215479386337763,1.9661332695533442,0.0,0.0,0.0
3917,15,-312.4571,460.9585,-0.0112634655,0.0,-0.0,0.0,0.0,0.0004355669532706586,0.00027215479386337763,1.9661332695533442,0.0,0.0,0.0
3918,15,-312.4571,460.9585,-0.0112634655,0.0,-0.0,0.0,0.0,0.0004355669532706586,0.00027215479386337763,1.9661332695533442,0.0,0.0,0.0
3919,15,-312.4571,460.9585,-0.0112634655,0.0,-0.0,0.0,0.0,0.0004355669532706586,0.00027215479386337763,1.9661332695533442,0.0,0.0,0.0
3920,15,-312.4571,460.9585,-0.0112634655,0.0,-0.0,0.0,0.0,0.0004355669532706586,0.00027215479386337763,1.9661332695533442,0.0,0.0,0.0
3921,15,-312.4571,460.9585,-0.0112634655,0.0,-0.0,0.0,0.0,0.0004355669532706586,0.00027215479386337763,1.9661332695533442,0.0,0.0,0.0
3922,15,-312.4571,460.9585,-0.0112634655,0.0,-0.0,0.0,0.0,0.0004355669532706586,0.00027215479386337763,1.9661332695533442,0.0,0.0,0.0
3923,15,-312.4571,460.9585,-0.0112634655,0.0,-0.0,0.0,0.0,0.0004355669532706586,0.00027215479386337763,1.9661332695533442,0.0,0.0,0.0
3924,15,-312.4571,460.9585,-0.0112634655,0.0,-0.0,0.0,0.0,0.0004355669532706586,0.00027215479386337763,1.9661332695533442,0.0,0.0,0.0
3925,15,-312.4571,460.9585,-0.0112634655,0.0,-0.0,0.0,0.0,0.0004355669532706586,0.00027215479386337763,1.9661332695533442,0.0,0.0,0.0
3926,15,-312.4571,460.9585,-0.0112634655,0.0,-0.0,0.0,0.0,0.0004355669532706586,0.00027215479386337763,1.9661332695533442,0.0,0.0,0.0
3927,15,-312.4571,460.9585,-0.0112634655,0.0,-0.0,0.0,0.0,0.0004355669532706586,0.00027215479386337763,1.9661332695533442,0.0,0.0,0.0
3928,15,-312.4571,460.9585,-0.0112634655,0.0,-0.0,0.0,0.0,0.0004355669532706586,0.00027215479386337763,1.9661332695533442,0.0,0.0,0.0
3929,15,-312.4571,460.9585,-0.0112634655,0.0,-0.0,0.0,0.0,0.0004355669532706586,0.00027215479386337763,1.9661332695533442,0.0,0.0,0.0
3930,15,-312.4571,460.9585,-0.0112634655,0.0,-0.0,0.0,0.0,0.0004355669532706586,0.00027215479386337763,1.9661332695533442,0.0,0.0,0.0
3931,15,-312.4571,460.9585,-0.0112634655,0.0,-0.0,0.0,0.0,0.0004355669532706586,0.00027215479386337763,1.9661332695533442,0.0,0.0,0.0
3932,15,-312.4571,460.9585,-0.0112634655,0.0,-0.0,0.0,0.0,0.0004355669532706586,0.00027215479386337763,1.9661332695533442,0.0,0.0,0.0
3933,15,-312.4571,460.9585,-0.0112634655,0.0,-0.0,0.0,0.0,0.0004355669532706586,0.00027215479386337763,1.9661332695533442,0.0,0.0,0.0
3934,15,-312.4571,460.9585,-0.0112634655,0.0,-0.0,0.0,0.0,0.0004355669532706586,0.00027215479386337763,1.9661332695533442,0.0,0.0,0.0
3935,15,-312.4571,460.9585,-0.0112634655,0.0,-0.0,0.0,0.0,0.0004355669532706586,0.00027215479386337763,1.9661332695533442,0.0,0.0,0.0
3936,15,-312.4571,460.9585,-0.0112634655,0.0,-0.0,0.0,0.0,0.0004355669532706586,0.00027215479386337763,1.9661332695533442,0.0,0.0,0.0
3937,15,-312.4571,460.9585,-0.0112634655,0.0,-0.0,0.0,0.0,0.0004355669532706586,0.00027215479386337763,1.9661332695533442,0.0,0.0,0.0
3938,15,-312.4571,460.9585,-0.0112634655,0.0,-0.0,0.0,0.0,0.0004355669532706586,0.00027215479386337763,1.9661332695533442,0.0,0.0,0.0
3939,15,-312.4571,460.9585,-0.0112634655,0.0,-0.0,0.0,0.0,0.0004355669532706586,0.00027215479386337763,1.9661332695533442,0.0,0.0,0.0
3940,15,-312.4571,460.9585,-0.0112634655,0.0,-0.0,0.0,0.0,0.0004355669532706586,0.00027215479386337763,1.9661332695533442,0.0,0.0,0.0
3941,15,-312.4571,460.9585,-0.0112634655,0.0,-0.0,0.0,0.0,0.0004355669532706586,0.00027215479386337763,1.9661332695533442,0.0,0.0,0.0
3942,15,-312.4571,460.9585,-0.0112634655,0.0,-0.0,0.0,0.0,0.0004355669532706586,0.00027215479386337763,1.9661332695533442,0.0,0.0,0.0
3943,15,-312.4571,460.9585,-0.0112634655,0.0,-0.0,0.0,0.0,0.0004355669532706586,0.00027215479386337763,1.9661332695533442,0.0,0.0,0.0
3944,15,-312.4571,460.9585,-0.0112634655,0.0,-0.0,0.0,0.0,0.0004355669532706586,0.00027215479386337763,1.9661332695533442,0.0,0.0,0.0
3945,15,-312.4571,460.9585,-0.0112634655,0.0,-0.0,0.0,0.0,0.0004355669532706586,0.00027215479386337763,1.9661332695533442,0.0,0.0,0.0
3946,15,-312.4571,460.9585,-0.0112634655,0.0,-0.0,0.0,0.0,0.0004355669532706586,0.00027215479386337763,1.9661332695533442,0.0,0.0,0.0
3947,15,-312.4571,460.9585,-0.0112634655,0.0,-0.0,0.0,0.0,0.0004355669532706586,0.00027215479386337763,1.9661332695533442,0.0,0.0,0.0
3948,15,-312.4571,460.9585,-0.0112634655,0.0,-0.0,0.0,0.0,0.0004355669532706586,0.00027215479386337763,1.9661332695533442,0.0,0.0,0.0
3949,15,-312.4571,460.9585,-0.0112634655,0.0,-0.0,0.0,0.0,0.0004355669532706586,0.00027215479386337763,1.9661332695533442,0.0,0.0,0.0
3950,15,-312.4571,460.9585,-0.0112634655,0.0,-0.0,0.0,0.0,0.0004355669532706586,0.00027215479386337763,1.9661332695533442,0.0,0.0,0.0
3951,15,-312.4571,460.9585,-0.0112634655,0.0,-0.0,0.0,0.0,0.0004355669532706586,0.00027215479386337763,1.9661332695533442,0.0,0.0,0.0
3952,15,-312.4571,460.9585,-0.0112634655,0.0,-0.0,0.0,0.0,0.0004355669532706586,0.00027215479386337763,1.9661332695533442,0.0,0.0,0.0
3953,15,-312.4571,460.9585,-0.0112634655,0.0,-0.0,0.0,0.0,0.0004355669532706586,0.00027215479386337763,1.9661332695533442,0.0,0.0,0.0
3954,15,-312.4571,460.9585,-0.0112634655,0.0,-0.0,0.0,0.0,0.0004355669532706586,0.00027215479386337763,1.9661332695533442,0.0,0.0,0.0
3955,15,-312.4571,460.9585,-0.0112634655,0.0,-0.0,0.0,0.0,0.0004355669532706586,0.00027215479386337763,1.9661332695533442,0.0,0.0,0.0
3956,15,-312.4571,460.9585,-0.0112634655,0.0,-0.0,0.0,0.0,0.0004355669532706586,0.00027215479386337763,1.9661332695533442,0.0,0.0,0.0
3957,15,-312.4571,460.9585,-0.0112634655,0.0,-0.0,0.0,0.0,0.0004355669532706586,0.00027215479386337763,1.9661332695533442,0.0,0.0,0.0
3958,15,-312.4571,460.9585,-0.0112634655,0.0,-0.0,0.0,0.0,0.0004355669532706586,0.00027215479386337763,1.9661332695533442,0.0,0.0,0.0
3959,15,-312.4571,460.9585,-0.0112634655,0.0,-0.0,0.0,0.0,0.0004355669532706586,0.00027215479386337763,1.9661332695533442,0.0,0.0,0.0
3960,15,-312.4571,460.9585,-0.0112634655,0.0,-0.0,0.0,0.0,0.0004355669532706586,0.00027215479386337763,1.9661332695533442,0.0,0.0,0.0
3961,15,-312.4571,460.9585,-0.0112634655,0.0,-0.0,0.0,0.0,0.0004355669532706586,0.00027215479386337763,1.9661332695533442,0.0,0.0,0.0
3962,15,-312.4571,460.9585,-0.0112634655,0.0,-0.0,0.0,0.0,0.0004355669532706586,0.00027215479386337763,1.9661332695533442,0.0,0.0,0.0
3963,15,-312.4571,460.9585,-0.0112634655,0.0,-0.0,0.0,0.0,0.0004355669532706586,0.00027215479386337763,1.9661332695533442,0.0,0.0,0.0
3964,15,-312.4571,460.9585,-0.0112634655,0.0,-0.0,0.0,0.0,0.0004355669532706586,0.00027215479386337763,1.9661332695533442,0.0,0.0,0.0
3965,15,-312.4571,460.9585,-0.0112634655,0.0,-0.0,0.0,0.0,0.0004355669532706586,0.00027215479386337763,1.9661332695533442,0.0,0.0,0.0
3966,15,-312.4571,460.9585,-0.0112634655,0.0,-0.0,0.0,0.0,0.0004355669532706586,0.00027215479386337763,1.9661332695533442,0.0,0.0,0.0
3967,15,-312.4571,460.9585,-0.0112634655,0.0,-0.0,0.0,0.0,0.0004355669532706586,0.00027215479386337763,1.9661332695533442,0.0,0.0,0.0
3968,15,-312.4571,460.9585,-0.0112634655,0.0,-0.0,0.0,0.0,0.0004355669532706586,0.00027215479386337763,1.9661332695533442,0.0,0.0,0.0
3969,15,-312.4571,460.9585,-0.0112634655,0.0,-0.0,0.0,0.0,0.0004355669532706586,0.00027215479386337763,1.9661332695533442,0.0,0.0,0.0
3970,15,-312.4571,460.9585,-0.0112634655,0.0,-0.0,0.0,0.0,0.0004355669532706586,0.00027215479386337763,1.9661332695533442,0.0,0.0,0.0
3971,15,-312.4571,460.9585,-0.0112634655,0.0,-0.0,0.0,0.0,0.0004355669532706586,0.00027215479386337763,1.9661332695533442,0.0,0.0,0.0
3972,15,-312.4571,460.9585,-0.0112634655,0.0,-0.0,0.0,0.0,0.0004355669532706586,0.00027215479386337763,1.9661332695533442,0.0,0.0,0.0
3973,15,-312.4571,460.9585,-0.0112634655,0.0,-0.0,0.0,0.0,0.0004355669532706586,0.00027215479386337763,1.9661332695533442,0.0,0.0,0.0
3974,15,-312.4571,460.9585,-0.0112634655,0.0,-0.0,0.0,0.0,0.0004355669532706586,0.00027215479386337763,1.9661332695533442,0.0,0.0,0.0
3975,15,-312.4571,460.9585,-0.0112634655,0.0,-0.0,0.0,0.0,0.0004355669532706586,0.00027215479386337763,1.9661332695533442,0.0,0.0,0.0
3976,15,-312.4571,460.9585,-0.0112634655,0.0,-0.0,0.0,0.0,0.0004355669532706586,0.00027215479386337763,1.9661332695533442,0.0,0.0,0.0
3977,15,-312.4571,460.9585,-0.0112634655,0.0,-0.0,0.0,0.0,0.0004355669532706586,0.00027215479386337763,1.9661332695533442,0.0,0.0,0.0
3978,15,-312.4571,460.9585,-0.0112634655,0.0,-0.0,0.0,0.0,0.0004355669532706586,0.00027215479386337763,1.9661332695533442,0.0,0.0,0.0
3979,15,-312.4571,460.9585,-0.0112634655,0.0,-0.0,0.0,0.0,0.0004355669532706586,0.00027215479386337763,1.9661332695533442,0.0,0.0,0.0
3980,15,-312.4571,460.9585,-0.0112634655,0.0,-0.0,0.0,0.0,0.0004355669532706586,0.00027215479386337763,1.9661332695533442,0.0,0.0,0.0
3981,15,-312.4571,460.9585,-0.0112634655,0.0,-0.0,0.0,0.0,0.0004355669532706586,0.00027215479386337763,1.9661332695533442,0.0,0.0,0.0
3982,15,-312.4571,460.9585,-0.0112634655,0.0,-0.0,0.0,0.0,0.0004355669532706586,0.00027215479386337763,1.9661332695533442,0.0,0.0,0.0
3983,15,-312.4571,460.9585,-0.0112634655,0.0,-0.0,0.0,0.0,0.0004355669532706586,0.00027215479386337763,1.9661332695533442,0.0,0.0,0.0
3984,15,-312.4571,460.9585,-0.0112634655,0.0,-0.0,0.0,0.0,0.0004355669532706586,0.00027215479386337763,1.9661332695533442,0.0,0.0,0.0
3985,15,-312.4571,460.9585,-0.0112634655,0.0,-0.0,0.0,0.0,0.0004355669532706586,0.00027215479386337763,1.9661332695533442,0.0,0.0,0.0
3986,15,-312.4571,460.9585,-0.0112634655,0.0,-0.0,0.0,0.0,0.0004355669532706586,0.00027215479386337763,1.9661332695533442,0.0,0.0,0.0
3987,15,-312.4571,460.9585,-0.0112634655,0.0,-0.0,0.0,0.0,0.0004355669532706586,0.00027215479386337763,1.9661332695533442,0.0,0.0,0.0
3988,15,-312.4571,460.9585,-0.0112634655,0.0,-0.0,0.0,0.0,0.0004355669532706586,0.00027215479386337763,1.9661332695533442,0.0,0.0,0.0
3989,15,-312.4571,460.9585,-0.0112634655,0.0,-0.0,0.0,0.0,0.0004355669532706586,0.00027215479386337763,1.9661332695533442,0.0,0.0,0.0
3990,15,-312.4571,460.9585,-0.0112634655,0.0,-0.0,0.0,0.0,0.0004355669532706586,0.00027215479386337763,1.9661332695533442,0.0,0.0,0.0
3991,15,-312.4571,460.9585,-0.0112634655,0.0,-0.0,0.0,0.0,0.0004355669532706586,0.00027215479386337763,1.9661332695533442,0.0,0.0,0.0
3992,15,-312.4571,460.9585,-0.0112634655,0.0,-0.0,0.0,0.0,0.0004355669532706586,0.00027215479386337763,1.9661332695533442,0.0,0.0,0.0
3993,15,-312.4571,460.9585,-0.0112634655,0.0,-0.0,0.0,0.0,0.0004355669532706586,0.00027215479386337763,1.9661332695533442,0.0,0.0,0.0
3994,15,-312.4571,460.9585,-0.0112634655,0.0,-0.0,0.0,0.0,0.0004355669532706586,0.00027215479386337763,1.9661332695533442,0.0,0.0,0.0
3995,15,-312.4571,460.9585,-0.0112634655,0.0,-0.0,0.0,0.0,0.0004355669532706586,0.00027215479386337763,1.9661332695533442,0.0,0.0,0.0
3996,15,-312.4571,460.9585,-0.0112634655,0.0,-0.0,0.0,0.0,0.0004355669532706586,0.00027215479386337763,1.9661332695533442,0.0,0.0,0.0
3997,15,-312.4571,460.9585,-0.0112634655,0.0,-0.0,0.0,0.0,0.0004355669532706586,0.00027215479386337763,1.9661332695533442,0.0,0.0,0.0
3998,15,-312.4571,460.9585,-0.0112634655,0.0,-0.0,0.0,0.0,0.0004355669532706586,0.00027215479386337763,1.9661332695533442,0.0,0.0,0.0
3999,15,-312.4571,460.9585,-0.0112634655,0.0,-0.0,0.0,0.0,0.0004355669532706586,0.00027215479386337763,1.9661332695533442,0.0,0.0,0.0
4000,15,-312.4571,460.9585,-0.0112634655,0.0,-0.0,0.0,0.0,0.0004355669532706586,0.00027215479386337763,1.9661332695533442,0.0,0.0,0.0
4001,15,-312.4571,460.9585,-0.0112634655,0.0,-0.0,0.0,0.0,0.0004355669532706586,0.00027215479386337763,1.9661332695533442,0.0,0.0,0.0
4002,15,-312.4571,460.9585,-0.0112634655,0.0,-0.0,0.0,0.0,0.0004355669532706586,0.00027215479386337763,1.9661332695533442,0.0,0.0,0.0
4003,15,-312.4571,460.9585,-0.0112634655,0.0,-0.0,0.0,0.0,0.0004355669532706586,0.00027215479386337763,1.9661332695533442,0.0,0.0,0.0
4004,15,-312.4571,460.9585,-0.0112634655,0.0,-0.0,0.0,0.0,0.0004355669532706586,0.00027215479386337763,1.9661332695533442,0.0,0.0,0.0
4005,15,-312.4571,460.9585,-0.0112634655,0.0,-0.0,0.0,0.0,0.0004355669532706586,0.00027215479386337763,1.9661332695533442,0.0,0.0,0.0
4006,15,-312.4571,460.9585,-0.0112634655,0.0,-0.0,0.0,0.0,0.0004355669532706586,0.00027215479386337763,1.9661332695533442,0.0,0.0,0.0
4007,15,-312.4571,460.9585,-0.0112634655,0.0,-0.0,0.0,0.0,0.0004355669532706586,0.00027215479386337763,1.9661332695533442,0.0,0.0,0.0
4008,15,-312.4571,460.9585,-0.0112634655,0.0,-0.0,0.0,0.0,0.0004355669532706586,0.00027215479386337763,1.9661332695533442,0.0,0.0,0.0
4009,15,-312.4571,460.9585,-0.0112634655,0.0,-0.0,0.0,0.0,0.0004355669532706586,0.00027215479386337763,1.9661332695533442,0.0,0.0,0.0
4010,15,-312.4571,460.9585,-0.0112634655,0.0,-0.0,0.0,0.0,0.0004355669532706586,0.00027215479386337763,1.9661332695533442,0.0,0.0,0.0
4011,15,-312.4571,460.9585,-0.0112634655,0.0,-0.0,0.0,0.0,0.0004355669532706586,0.00027215479386337763,1.9661332695533442,0.0,0.0,0.0
4012,15,-312.4571,460.9585,-0.0112634655,0.0,-0.0,0.0,0.0,0.0004355669532706586,0.00027215479386337763,1.9661332695533442,0.0,0.0,0.0
4013,15,-312.4571,460.9585,-0.0112634655,0.0,-0.0,0.0,0.0,0.0004355669532706586,0.00027215479386337763,1.9661332695533442,0.0,0.0,0.0
4014,15,-312.4571,460.9585,-0.0112634655,0.0,-0.0,0.0,0.0,0.0004355669532706586,0.00027215479386337763,1.9661332695533442,0.0,0.0,0.0
4015,15,-312.4571,460.9585,-0.0112634655,0.0,-0.0,0.0,0.0,0.0004355669532706586,0.00027215479386337763,1.9661332695533442,0.0,0.0,0.0
4016,15,-312.4571,460.9585,-0.0112634655,0.0,-0.0,0.0,0.0,0.0004355669532706586,0.00027215479386337763,1.9661332695533442,0.0,0.0,0.0
4017,15,-312.4571,460.9585,-0.0112634655,0.0,-0.0,0.0,0.0,0.0004355669532706586,0.00027215479386337763,1.9661332695533442,0.0,0.0,0.0
4018,15,-312.4571,460.9585,-0.0112634655,0.0,-0.0,0.0,0.0,0.0004355669532706586,0.00027215479386337763,1.9661332695533442,0.0,0.0,0.0
4019,15,-312.4571,460.9585,-0.0112634655,0.0,-0.0,0.0,0.0,0.0004355669532706586,0.00027215479386337763,1.9661332695533442,0.0,0.0,0.0
4020,15,-312.4571,460.9585,-0.0112634655,0.0,-0.0,0.0,0.0,0.0004355669532706586,0.00027215479386337763,1.9661332695533442,0.0,0.0,0.0
4021,15,-312.4571,460.9585,-0.0112634655,0.0,-0.0,0.0,0.0,0.0004355669532706586,0.00027215479386337763,1.9661332695533442,0.0,0.0,0.0
4022,15,-312.4571,460.9585,-0.0112634655,0.0,-0.0,0.0,0.0,0.0004355669532706586,0.00027215479386337763,1.9661332695533442,0.0,0.0,0.0
4023,15,-312.4571,460.9585,-0.0112634655,0.0,-0.0,0.0,0.0,0.0004355669532706586,0.00027215479386337763,1.9661332695533442,0.0,0.0,0.0
4024,15,-312.4571,460.9585,-0.0112634655,0.0,-0.0,0.0,0.0,0.0004355669532706586,0.00027215479386337763,1.9661332695533442,0.0,0.0,0.0
4025,15,-312.4571,460.9585,-0.0112634655,0.0,-0.0,0.0,0.0,0.0004355669532706586,0.00027215479386337763,1.9661332695533442,0.0,0.0,0.0
4026,15,-312.4571,460.9585,-0.0112634655,0.0,-0.0,0.0,0.0,0.0004355669532706586,0.00027215479386337763,1.9661332695533442,0.0,0.0,0.0
4027,15,-312.4571,460.9585,-0.0112634655,0.0,-0.0,0.0,0.0,0.0004355669532706586,0.00027215479386337763,1.9661332695533442,0.0,0.0,0.0
4028,15,-312.4571,460.9585,-0.0112634655,0.0,-0.0,0.0,0.0,0.0004355669532706586,0.00027215479386337763,1.9661332695533442,0.0,0.0,0.0
4029,15,-312.4571,460.9585,-0.0112634655,0.0,-0.0,0.0,0.0,0.0004355669532706586,0.00027215479386337763,1.9661332695533442,0.0,0.0,0.0
4030,15,-312.4571,460.9585,-0.0112634655,0.0,-0.0,0.0,0.0,0.0004355669532706586,0.00027215479386337763,1.9661332695533442,0.0,0.0,0.0
4031,15,-312.4571,460.9585,-0.0112634655,0.0,-0.0,0.0,0.0,0.0004355669532706586,0.00027215479386337763,1.9661332695533442,0.0,0.0,0.0
4032,15,-312.4571,460.9585,-0.0112634655,0.0,-0.0,0.0,0.0,0.0004355669532706586,0.00027215479386337763,1.9661332695533442,0.0,0.0,0.0
4033,15,-312.4571,460.9585,-0.0112634655,0.0,-0.0,0.0,0.0,0.0004355669532706586,0.00027215479386337763,1.9661332695533442,0.0,0.0,0.0
4034,15,-312.4571,460.9585,-0.0112634655,0.0,-0.0,0.0,0.0,0.0004355669532706586,0.00027215479386337763,1.9661332695533442,0.0,0.0,0.0
4035,15,-312.4571,460.9585,-0.0112634655,0.0,-0.0,0.0,0.0,0.0004355669532706586,0.00027215479386337763,1.9661332695533442,0.0,0.0,0.0
4036,15,-312.4571,460.9585,-0.0112634655,0.0,-0.0,0.0,0.0,0.0004355669532706586,0.00027215479386337763,1.9661332695533442,0.0,0.0,0.0
4037,15,-312.4571,460.9585,-0.0112634655,0.0,-0.0,0.0,0.0,0.0004355669532706586,0.00027215479386337763,1.9661332695533442,0.0,0.0,0.0
4038,15,-312.4571,460.9585,-0.0112634655,0.0,-0.0,0.0,0.0,0.0004355669532706586,0.00027215479386337763,1.9661332695533442,0.0,0.0,0.0
4039,15,-312.4571,460.9585,-0.0112634655,0.0,-0.0,0.0,0.0,0.0004355669532706586,0.00027215479386337763,1.9661332695533442,0.0,0.0,0.0
4040,15,-312.4571,460.9585,-0.0112634655,0.0,-0.0,0.0,0.0,0.0004355669532706586,0.00027215479386337763,1.9661332695533442,0.0,0.0,0.0
4041,15,-312.4571,460.9585,-0.0112634655,0.0,-0.0,0.0,0.0,0.0004355669532706586,0.00027215479386337763,1.9661332695533442,0.0,0.0,0.0
4042,15,-312.4571,460.9585,-0.0112634655,0.0,-0.0,0.0,0.0,0.0004355669532706586,0.00027215479386337763,1.9661332695533442,0.0,0.0,0.0
4043,15,-312.4571,460.9585,-0.0112634655,0.0,-0.0,0.0,0.0,0.0004355669532706586,0.00027215479386337763,1.9661332695533442,0.0,0.0,0.0
4044,15,-312.4571,460.9585,-0.0112634655,0.0,-0.0,0.0,0.0,0.0004355669532706586,0.00027215479386337763,1.9661332695533442,0.0,0.0,0.0
4045,15,-312.4571,460.9585,-0.0112634655,0.0,-0.0,0.0,0.0,0.0004355669532706586,0.00027215479386337763,1.9661332695533442,0.0,0.0,0.0
4046,15,-312.4571,460.9585,-0.0112634655,0.0,-0.0,0.0,0.0,0.0004355669532706586,0.00027215479386337763,1.9661332695533442,0.0,0.0,0.0
4047,15,-312.4571,460.9585,-0.0112634655,0.0,-0.0,0.0,0.0,0.0004355669532706586,0.00027215479386337763,1.9661332695533442,0.0,0.0,0.0
4048,15,-312.4571,460.9585,-0.0112634655,0.0,-0.0,0.0,0.0,0.0004355669532706586,0.00027215479386337763,1.9661332695533442,0.0,0.0,0.0
4049,15,-312.4571,460.9585,-0.0112634655,0.0,-0.0,0.0,0.0,0.0004355669532706586,0.00027215479386337763,1.9661332695533442,0.0,0.0,0.0
4050,15,-312.4571,460.9585,-0.0112634655,0.0,-0.0,0.0,0.0,0.0004355669532706586,0.00027215479386337763,1.9661332695533442,0.0,0.0,0.0
4051,15,-312.4571,460.9585,-0.0112634655,0.0,-0.0,0.0,0.0,0.0004355669532706586,0.00027215479386337763,1.9661332695533442,0.0,0.0,0.0
4052,15,-312.4571,460.9585,-0.0112634655,0.0,-0.0,0.0,0.0,0.0004355669532706586,0.00027215479386337763,1.9661332695533442,0.0,0.0,0.0
4053,15,-312.4571,460.9585,-0.0112634655,0.0,-0.0,0.0,0.0,0.0004355669532706586,0.00027215479386337763,1.9661332695533442,0.0,0.0,0.0
4054,15,-312.4571,460.9585,-0.0112634655,0.0,-0.0,0.0,0.0,0.0004355669532706586,0.00027215479386337763,1.9661332695533442,0.0,0.0,0.0
4055,15,-312.4571,460.9585,-0.0112634655,0.0,-0.0,0.0,0.0,0.0004355669532706586,0.00027215479386337763,1.9661332695533442,0.0,0.0,0.0
4056,15,-312.4571,460.9585,-0.0112634655,0.0,-0.0,0.0,0.0,0.0004355669532706586,0.00027215479386337763,1.9661332695533442,0.0,0.0,0.0
4057,15,-312.4571,460.9585,-0.0112634655,0.0,-0.0,0.0,0.0,0.0004355669532706586,0.00027215479386337763,1.9661332695533442,0.0,0.0,0.0
4058,15,-312.4571,460.9585,-0.0112634655,0.0,-0.0,0.0,0.0,0.0004355669532706586,0.00027215479386337763,1.9661332695533442,0.0,0.0,0.0
4059,15,-312.4571,460.9585,-0.0112634655,0.0,-0.0,0.0,0.0,0.0004355669532706586,0.00027215479386337763,1.9661332695533442,0.0,0.0,0.0
4060,15,-312.4571,460.9585,-0.0112634655,0.0,-0.0,0.0,0.0,0.0004355669532706586,0.00027215479386337763,1.9661332695533442,0.0,0.0,0.0
4061,15,-312.4571,460.9585,-0.0112634655,0.0,-0.0,0.0,0.0,0.0004355669532706586,0.00027215479386337763,1.9661332695533442,0.0,0.0,0.0
4062,15,-312.4571,460.9585,-0.0112634655,0.0,-0.0,0.0,0.0,0.0004355669532706586,0.00027215479386337763,1.9661332695533442,0.0,0.0,0.0
4063,15,-312.4571,460.9585,-0.0112634655,0.0,-0.0,0.0,0.0,0.0004355669532706586,0.00027215479386337763,1.9661332695533442,0.0,0.0,0.0
4064,15,-312.4571,460.9585,-0.0112634655,0.0,-0.0,0.0,0.0,0.0004355669532706586,0.00027215479386337763,1.9661332695533442,0.0,0.0,0.0
4065,15,-312.4571,460.9585,-0.0112634655,0.0,-0.0,0.0,0.0,0.0004355669532706586,0.00027215479386337763,1.9661332695533442,0.0,0.0,0.0
4066,15,-312.4571,460.9585,-0.0112634655,0.0,-0.0,0.0,0.0,0.0004355669532706586,0.00027215479386337763,1.9661332695533442,0.0,0.0,0.0
4067,15,-312.4571,460.9585,-0.0112634655,0.0,-0.0,0.0,0.0,0.0004355669532706586,0.00027215479386337763,1.9661332695533442,0.0,0.0,0.0
4068,15,-312.4571,460.9585,-0.0112634655,0.0,-0.0,0.0,0.0,0.0004355669532706586,0.00027215479386337763,1.9661332695533442,0.0,0.0,0.0
4069,15,-312.4571,460.9585,-0.0112634655,0.0,-0.0,0.0,0.0,0.0004355669532706586,0.00027215479386337763,1.9661332695533442,0.0,0.0,0.0
4070,15,-312.4571,460.9585,-0.0112634655,0.0,-0.0,0.0,0.0,0.0004355669532706586,0.00027215479386337763,1.9661332695533442,0.0,0.0,0.0
4071,15,-312.4571,460.9585,-0.0112634655,0.0,-0.0,0.0,0.0,0.0004355669532706586,0.00027215479386337763,1.9661332695533442,0.0,0.0,0.0
4072,15,-312.4571,460.9585,-0.0112634655,0.0,-0.0,0.0,0.0,0.0004355669532706586,0.00027215479386337763,1.9661332695533442,0.0,0.0,0.0
4073,15,-312.4571,460.9585,-0.0112634655,0.0,-0.0,0.0,0.0,0.0004355669532706586,0.00027215479386337763,1.9661332695533442,0.0,0.0,0.0
4074,15,-312.4571,460.9585,-0.0112634655,0.0,-0.0,0.0,0.0,0.0004355669532706586,0.00027215479386337763,1.9661332695533442,0.0,0.0,0.0
4075,15,-312.4571,460.9585,-0.0112634655,0.0,-0.0,0.0,0.0,0.0004355669532706586,0.00027215479386337763,1.9661332695533442,0.0,0.0,0.0
4076,15,-312.4571,460.9585,-0.0112634655,0.0,-0.0,0.0,0.0,0.0004355669532706586,0.00027215479386337763,1.9661332695533442,0.0,0.0,0.0
4077,15,-312.4571,460.9585,-0.0112634655,0.0,-0.0,0.0,0.0,0.0004355669532706586,0.00027215479386337763,1.9661332695533442,0.0,0.0,0.0
4078,15,-312.4571,460.9585,-0.0112634655,0.0,-0.0,0.0,0.0,0.0004355669532706586,0.00027215479386337763,1.9661332695533442,0.0,0.0,0.0
4079,15,-312.4571,460.9585,-0.0112634655,0.0,-0.0,0.0,0.0,0.0004355669532706586,0.00027215479386337763,1.9661332695533442,0.0,0.0,0.0
4080,15,-312.4571,460.9585,-0.0112634655,0.0,-0.0,0.0,0.0,0.0004355669532706586,0.00027215479386337763,1.9661332695533442,0.0,0.0,0.0
4081,15,-312.4571,460.9585,-0.0112634655,0.0,-0.0,0.0,0.0,0.0004355669532706586,0.00027215479386337763,1.9661332695533442,0.0,0.0,0.0
4082,15,-312.4571,460.9585,-0.0112634655,0.0,-0.0,0.0,0.0,0.0004355669532706586,0.00027215479386337763,1.9661332695533442,0.0,0.0,0.0
4083,15,-312.4571,460.9585,-0.0112634655,0.0,-0.0,0.0,0.0,0.0004355669532706586,0.00027215479386337763,1.9661332695533442,0.0,0.0,0.0
4084,15,-312.4571,460.9585,-0.0112634655,0.0,-0.0,0.0,0.0,0.0004355669532706586,0.00027215479386337763,1.9661332695533442,0.0,0.0,0.0
4085,15,-312.4571,460.9585,-0.0112634655,0.0,-0.0,0.0,0.0,0.0004355669532706586,0.00027215479386337763,1.9661332695533442,0.0,0.0,0.0
4086,15,-312.4571,460.9585,-0.0112634655,0.0,-0.0,0.0,0.0,0.0004355669532706586,0.00027215479386337763,1.9661332695533442,0.0,0.0,0.0
4087,15,-312.4571,460.9585,-0.0112634655,0.0,-0.0,0.0,0.0,0.0004355669532706586,0.00027215479386337763,1.9661332695533442,0.0,0.0,0.0
4088,15,-312.4571,460.9585,-0.0112634655,0.0,-0.0,0.0,0.0,0.0004355669532706586,0.00027215479386337763,1.9661332695533442,0.0,0.0,0.0
4089,15,-312.4571,460.9585,-0.0112634655,0.0,-0.0,0.0,0.0,0.0004355669532706586,0.00027215479386337763,1.9661332695533442,0.0,0.0,0.0
4090,15,-312.4571,460.9585,-0.0112634655,0.0,-0.0,0.0,0.0,0.0004355669532706586,0.00027215479386337763,1.9661332695533442,0.0,0.0,0.0
4091,15,-312.4571,460.9585,-0.0112634655,0.0,-0.0,0.0,0.0,0.0004355669532706586,0.00027215479386337763,1.9661332695533442,0.0,0.0,0.0
4092,15,-312.4571,460.9585,-0.0112634655,0.0,-0.0,0.0,0.0,0.0004355669532706586,0.00027215479386337763,1.9661332695533442,0.0,0.0,0.0
4093,15,-312.4571,460.9585,-0.0112634655,0.0,-0.0,0.0,0.0,0.0004355669532706586,0.00027215479386337763,1.9661332695533442,0.0,0.0,0.0
4094,15,-312.4571,460.9585,-0.0112634655,0.0,-0.0,0.0,0.0,0.0004355669532706586,0.00027215479386337763,1.9661332695533442,0.0,0.0,0.0
4095,15,-312.4571,460.9585,-0.0112634655,0.0,-0.0,0.0,0.0,0.0004355669532706586,0.00027215479386337763,1.9661332695533442,0.0,0.0,0.0
4096,15,-312.4571,460.9585,-0.0112634655,0.0,-0.0,0.0,0.0,0.0004355669532706586,0.00027215479386337763,1.9661332695533442,0.0,0.0,0.0
4097,15,-312.4571,460.9585,-0.0112634655,0.0,-0.0,0.0,0.0,0.0004355669532706586,0.00027215479386337763,1.9661332695533442,0.0,0.0,0.0
4098,15,-312.4571,460.9585,-0.0112634655,0.0,-0.0,0.0,0.0,0.0004355669532706586,0.00027215479386337763,1.9661332695533442,0.0,0.0,0.0
4099,15,-312.4571,460.9585,-0.0112634655,0.0,-0.0,0.0,0.0,0.0004355669532706586,0.00027215479386337763,1.9661332695533442,0.0,0.0,0.0
4100,15,-312.4571,460.9585,-0.0112634655,0.0,-0.0,0.0,0.0,0.0004355669532706586,0.00027215479386337763,1.9661332695533442,0.0,0.0,0.0
4101,15,-312.4571,460.9585,-0.0112634655,0.0,-0.0,0.0,0.0,0.0004355669532706586,0.00027215479386337763,1.9661332695533442,0.0,0.0,0.0
4102,15,-312.4571,460.9585,-0.0112634655,0.0,-0.0,0.0,0.0,0.0004355669532706586,0.00027215479386337763,1.9661332695533442,0.0,0.0,0.0
4103,15,-312.4571,460.9585,-0.0112634655,0.0,-0.0,0.0,0.0,0.0004355669532706586,0.00027215479386337763,1.9661332695533442,0.0,0.0,0.0
4104,15,-312.4571,460.9585,-0.0112634655,0.0,-0.0,0.0,0.0,0.0004355669532706586,0.00027215479386337763,1.9661332695533442,0.0,0.0,0.0
4105,15,-312.4571,460.9585,-0.0112634655,0.0,-0.0,0.0,0.0,0.0004355669532706586,0.00027215479386337763,1.9661332695533442,0.0,0.0,0.0
4106,15,-312.4571,460.9585,-0.0112634655,0.0,-0.0,0.0,0.0,0.0004355669532706586,0.00027215479386337763,1.9661332695533442,0.0,0.0,0.0
4107,15,-312.4571,460.9585,-0.0112634655,0.0,-0.0,0.0,0.0,0.0004355669532706586,0.00027215479386337763,1.9661332695533442,0.0,0.0,0.0
4108,15,-312.4571,460.9585,-0.0112634655,0.0,-0.0,0.0,0.0,0.0004355669532706586,0.00027215479386337763,1.9661332695533442,0.0,0.0,0.0
4109,15,-312.4571,460.9585,-0.0112634655,0.0,-0.0,0.0,0.0,0.0004355669532706586,0.00027215479386337763,1.9661332695533442,0.0,0.0,0.0
4110,15,-312.4571,460.9585,-0.0112634655,0.0,-0.0,0.0,0.0,0.0004355669532706586,0.00027215479386337763,1.9661332695533442,0.0,0.0,0.0
4111,15,-312.4571,460.9585,-0.0112634655,0.0,-0.0,0.0,0.0,0.0004355669532706586,0.00027215479386337763,1.9661332695533442,0.0,0.0,0.0
4112,15,-312.4571,460.9585,-0.0112634655,0.0,-0.0,0.0,0.0,0.0004355669532706586,0.00027215479386337763,1.9661332695533442,0.0,0.0,0.0
4113,15,-312.4571,460.9585,-0.0112634655,0.0,-0.0,0.0,0.0,0.0004355669532706586,0.00027215479386337763,1.9661332695533442,0.0,0.0,0.0
4114,15,-312.4571,460.9585,-0.0112634655,0.0,-0.0,0.0,0.0,0.0004355669532706586,0.00027215479386337763,1.9661332695533442,0.0,0.0,0.0
4115,15,-312.4571,460.9585,-0.0112634655,0.0,-0.0,0.0,0.0,0.0004355669532706586,0.00027215479386337763,1.9661332695533442,0.0,0.0,0.0
4116,15,-312.4571,460.9585,-0.0112634655,0.0,-0.0,0.0,0.0,0.0004355669532706586,0.00027215479386337763,1.9661332695533442,0.0,0.0,0.0
4117,15,-312.4571,460.9585,-0.0112634655,0.0,-0.0,0.0,0.0,0.0004355669532706586,0.00027215479386337763,1.9661332695533442,0.0,0.0,0.0
4118,15,-312.4571,460.9585,-0.0112634655,0.0,-0.0,0.0,0.0,0.0004355669532706586,0.00027215479386337763,1.9661332695533442,0.0,0.0,0.0
4119,15,-312.4571,460.9585,-0.0112634655,0.0,-0.0,0.0,0.0,0.0004355669532706586,0.00027215479386337763,1.9661332695533442,0.0,0.0,0.0
4120,15,-312.4571,460.9585,-0.0112634655,0.0,-0.0,0.0,0.0,0.0004355669532706586,0.00027215479386337763,1.9661332695533442,0.0,0.0,0.0
4121,15,-312.4571,460.9585,-0.0112634655,0.0,-0.0,0.0,0.0,0.0004355669532706586,0.00027215479386337763,1.9661332695533442,0.0,0.0,0.0
4122,15,-312.4571,460.9585,-0.0112634655,0.0,-0.0,0.0,0.0,0.0004355669532706586,0.00027215479386337763,1.9661332695533442,0.0,0.0,0.0
4123,15,-312.4571,460.9585,-0.0112634655,0.0,-0.0,0.0,0.0,0.0004355669532706586,0.00027215479386337763,1.9661332695533442,0.0,0.0,0.0
4124,15,-312.4571,460.9585,-0.0112634655,0.0,-0.0,0.0,0.0,0.0004355669532706586,0.00027215479386337763,1.9661332695533442,0.0,0.0,0.0
4125,15,-312.4571,460.9585,-0.0112634655,0.0,-0.0,0.0,0.0,0.0004355669532706586,0.00027215479386337763,1.9661332695533442,0.0,0.0,0.0
4126,15,-312.4571,460.9585,-0.0112634655,0.0,-0.0,0.0,0.0,0.0004355669532706586,0.00027215479386337763,1.9661332695533442,0.0,0.0,0.0
4127,15,-312.4571,460.9585,-0.0112634655,0.0,-0.0,0.0,0.0,0.0004355669532706586,0.00027215479386337763,1.9661332695533442,0.0,0.0,0.0
4128,15,-312.4571,460.9585,-0.0112634655,0.0,-0.0,0.0,0.0,0.0004355669532706586,0.00027215479386337763,1.9661332695533442,0.0,0.0,0.0
4129,15,-312.4571,460.9585,-0.0112634655,0.0,-0.0,0.0,0.0,0.0004355669532706586,0.00027215479386337763,1.9661332695533442,0.0,0.0,0.0
4130,15,-312.4571,460.9585,-0.0112634655,0.0,-0.0,0.0,0.0,0.0004355669532706586,0.00027215479386337763,1.9661332695533442,0.0,0.0,0.0
4131,15,-312.4571,460.9585,-0.0112634655,0.0,-0.0,0.0,0.0,0.0004355669532706586,0.00027215479386337763,1.9661332695533442,0.0,0.0,0.0
4132,15,-312.4571,460.9585,-0.0112634655,0.0,-0.0,0.0,0.0,0.0004355669532706586,0.00027215479386337763,1.9661332695533442,0.0,0.0,0.0
4133,15,-312.4571,460.9585,-0.0112634655,0.0,-0.0,0.0,0.0,0.0004355669532706586,0.00027215479386337763,1.9661332695533442,0.0,0.0,0.0
4134,15,-312.4571,460.9585,-0.0112634655,0.0,-0.0,0.0,0.0,0.0004355669532706586,0.00027215479386337763,1.9661332695533442,0.0,0.0,0.0
4135,15,-312.4571,460.9585,-0.0112634655,0.0,-0.0,0.0,0.0,0.0004355669532706586,0.00027215479386337763,1.9661332695533442,0.0,0.0,0.0
4136,15,-312.4571,460.9585,-0.0112634655,0.0,-0.0,0.0,0.0,0.0004355669532706586,0.00027215479386337763,1.9661332695533442,0.0,0.0,0.0
4137,15,-312.4571,460.9585,-0.0112634655,0.0,-0.0,0.0,0.0,0.0004355669532706586,0.00027215479386337763,1.9661332695533442,0.0,0.0,0.0
4138,15,-312.4571,460.9585,-0.0112634655,0.0,-0.0,0.0,0.0,0.0004355669532706586,0.00027215479386337763,1.9661332695533442,0.0,0.0,0.0
4139,15,-312.4571,460.9585,-0.0112634655,0.0,-0.0,0.0,0.0,0.0004355669532706586,0.00027215479386337763,1.9661332695533442,0.0,0.0,0.0
4140,15,-312.4571,460.9585,-0.0112634655,0.0,-0.0,0.0,0.0,0.0004355669532706586,0.00027215479386337763,1.9661332695533442,0.0,0.0,0.0
4141,15,-312.4571,460.9585,-0.0112634655,0.0,-0.0,0.0,0.0,0.0004355669532706586,0.00027215479386337763,1.9661332695533442,0.0,0.0,0.0
4142,15,-312.4571,460.9585,-0.0112634655,0.0,-0.0,0.0,0.0,0.0004355669532706586,0.00027215479386337763,1.9661332695533442,0.0,0.0,0.0
4143,15,-312.4571,460.9585,-0.0112634655,0.0,-0.0,0.0,0.0,0.0004355669532706586,0.00027215479386337763,1.9661332695533442,0.0,0.0,0.0
4144,15,-312.4571,460.9585,-0.0112634655,0.0,-0.0,0.0,0.0,0.0004355669532706586,0.00027215479386337763,1.9661332695533442,0.0,0.0,0.0
4145,15,-312.4571,460.9585,-0.0112634655,0.0,-0.0,0.0,0.0,0.0004355669532706586,0.00027215479386337763,1.9661332695533442,0.0,0.0,0.0
4146,15,-312.4571,460.9585,-0.0112634655,0.0,-0.0,0.0,0.0,0.0004355669532706586,0.00027215479386337763,1.9661332695533442,0.0,0.0,0.0
4147,15,-312.4571,460.9585,-0.0112634655,0.0,-0.0,0.0,0.0,0.0004355669532706586,0.00027215479386337763,1.9661332695533442,0.0,0.0,0.0
4148,15,-312.4571,460.9585,-0.0112634655,0.0,-0.0,0.0,0.0,0.0004355669532706586,0.00027215479386337763,1.9661332695533442,0.0,0.0,0.0
4149,15,-312.4571,460.9585,-0.0112634655,0.0,-0.0,0.0,0.0,0.0004355669532706586,0.00027215479386337763,1.9661332695533442,0.0,0.0,0.0
4150,15,-312.4571,460.9585,-0.0112634655,0.0,-0.0,0.0,0.0,0.0004355669532706586,0.00027215479386337763,1.9661332695533442,0.0,0.0,0.0
4151,15,-312.4571,460.9585,-0.0112634655,0.0,-0.0,0.0,0.0,0.0004355669532706586,0.00027215479386337763,1.9661332695533442,0.0,0.0,0.0
4152,15,-312.4571,460.9585,-0.0112634655,0.0,-0.0,0.0,0.0,0.0004355669532706586,0.00027215479386337763,1.9661332695533442,0.0,0.0,0.0
4153,15,-312.4571,460.9585,-0.0112634655,0.0,-0.0,0.0,0.0,0.0004355669532706586,0.00027215479386337763,1.9661332695533442,0.0,0.0,0.0
4154,15,-312.4571,460.9585,-0.0112634655,0.0,-0.0,0.0,0.0,0.0004355669532706586,0.00027215479386337763,1.9661332695533442,0.0,0.0,0.0
4155,15,-312.4571,460.9585,-0.0112634655,0.0,-0.0,0.0,0.0,0.0004355669532706586,0.00027215479386337763,1.9661332695533442,0.0,0.0,0.0
4156,15,-312.4571,460.9585,-0.0112634655,0.0,-0.0,0.0,0.0,0.0004355669532706586,0.00027215479386337763,1.9661332695533442,0.0,0.0,0.0
4157,15,-312.4571,460.9585,-0.0112634655,0.0,-0.0,0.0,0.0,0.0004355669532706586,0.00027215479386337763,1.9661332695533442,0.0,0.0,0.0
4158,15,-312.4571,460.9585,-0.0112634655,0.0,-0.0,0.0,0.0,0.0004355669532706586,0.00027215479386337763,1.9661332695533442,0.0,0.0,0.0
4159,15,-312.4571,460.9585,-0.0112634655,0.0,-0.0,0.0,0.0,0.0004355669532706586,0.00027215479386337763,1.9661332695533442,0.0,0.0,0.0
4160,15,-312.4571,460.9585,-0.0112634655,0.0,-0.0,0.0,0.0,0.0004355669532706586,0.00027215479386337763,1.9661332695533442,0.0,0.0,0.0
4161,15,-312.4571,460.9585,-0.0112634655,0.0,-0.0,0.0,0.0,0.0004355669532706586,0.00027215479386337763,1.9661332695533442,0.0,0.0,0.0
4162,15,-312.4571,460.9585,-0.0112634655,0.0,-0.0,0.0,0.0,0.0004355669532706586,0.00027215479386337763,1.9661332695533442,0.0,0.0,0.0
4163,15,-312.4571,460.9585,-0.0112634655,0.0,-0.0,0.0,0.0,0.0004355669532706586,0.00027215479386337763,1.9661332695533442,0.0,0.0,0.0
4164,15,-312.4571,460.9585,-0.0112634655,0.0,-0.0,0.0,0.0,0.0004355669532706586,0.00027215479386337763,1.9661332695533442,0.0,0.0,0.0
4165,15,-312.4571,460.9585,-0.0112634655,0.0,-0.0,0.0,0.0,0.0004355669532706586,0.00027215479386337763,1.9661332695533442,0.0,0.0,0.0
4166,15,-312.4571,460.9585,-0.0112634655,0.0,-0.0,0.0,0.0,0.0004355669532706586,0.00027215479386337763,1.9661332695533442,0.0,0.0,0.0
4167,15,-312.4571,460.9585,-0.0112634655,0.0,-0.0,0.0,0.0,0.0004355669532706586,0.00027215479386337763,1.9661332695533442,0.0,0.0,0.0
4168,15,-312.4571,460.9585,-0.0112634655,0.0,-0.0,0.0,0.0,0.0004355669532706586,0.00027215479386337763,1.9661332695533442,0.0,0.0,0.0
4169,15,-312.4571,460.9585,-0.0112634655,0.0,-0.0,0.0,0.0,0.0004355669532706586,0.00027215479386337763,1.9661332695533442,0.0,0.0,0.0
4170,15,-312.4571,460.9585,-0.0112634655,0.0,-0.0,0.0,0.0,0.0004355669532706586,0.00027215479386337763,1.9661332695533442,0.0,0.0,0.0
4171,15,-312.4571,460.9585,-0.0112634655,0.0,-0.0,0.0,0.0,0.0004355669532706586,0.00027215479386337763,1.9661332695533442,0.0,0.0,0.0
4172,15,-312.4571,460.9585,-0.0112634655,0.0,-0.0,0.0,0.0,0.0004355669532706586,0.00027215479386337763,1.9661332695533442,0.0,0.0,0.0
4173,15,-312.4571,460.9585,-0.0112634655,0.0,-0.0,0.0,0.0,0.0004355669532706586,0.00027215479386337763,1.9661332695533442,0.0,0.0,0.0
4174,15,-312.4571,460.9585,-0.0112634655,0.0,-0.0,0.0,0.0,0.0004355669532706586,0.00027215479386337763,1.9661332695533442,0.0,0.0,0.0
4175,15,-312.4571,460.9585,-0.0112634655,0.0,-0.0,0.0,0.0,0.0004355669532706586,0.00027215479386337763,1.9661332695533442,0.0,0.0,0.0
4176,15,-312.4571,460.9585,-0.0112634655,0.0,-0.0,0.0,0.0,0.0004355669532706586,0.00027215479386337763,1.9661332695533442,0.0,0.0,0.0
4177,15,-312.4571,460.9585,-0.0112634655,0.0,-0.0,0.0,0.0,0.0004355669532706586,0.00027215479386337763,1.9661332695533442,0.0,0.0,0.0
4178,15,-312.4571,460.9585,-0.0112634655,0.0,-0.0,0.0,0.0,0.0004355669532706586,0.00027215479386337763,1.9661332695533442,0.0,0.0,0.0
4179,15,-312.4571,460.9585,-0.0112634655,0.0,-0.0,0.0,0.0,0.0004355669532706586,0.00027215479386337763,1.9661332695533442,0.0,0.0,0.0
4180,15,-312.4571,460.9585,-0.0112634655,0.0,-0.0,0.0,0.0,0.0004355669532706586,0.00027215479386337763,1.9661332695533442,0.0,0.0,0.0
4181,15,-312.4571,460.9585,-0.0112634655,0.0,-0.0,0.0,0.0,0.0004355669532706586,0.00027215479386337763,1.9661332695533442,0.0,0.0,0.0
4182,15,-312.4571,460.9585,-0.0112634655,0.0,-0.0,0.0,0.0,0.0004355669532706586,0.00027215479386337763,1.9661332695533442,0.0,0.0,0.0
4183,15,-312.4571,460.9585,-0.0112634655,0.0,-0.0,0.0,0.0,0.0004355669532706586,0.00027215479386337763,1.9661332695533442,0.0,0.0,0.0
4184,15,-312.4571,460.9585,-0.0112634655,0.0,-0.0,0.0,0.0,0.0004355669532706586,0.00027215479386337763,1.9661332695533442,0.0,0.0,0.0
4185,15,-312.4571,460.9585,-0.0112634655,0.0,-0.0,0.0,0.0,0.0004355669532706586,0.00027215479386337763,1.9661332695533442,0.0,0.0,0.0
4186,15,-312.4571,460.9585,-0.0112634655,0.0,-0.0,0.0,0.0,0.0004355669532706586,0.00027215479386337763,1.9661332695533442,0.0,0.0,0.0
4187,15,-312.4571,460.9585,-0.0112634655,0.0,-0.0,0.0,0.0,0.0004355669532706586,0.00027215479386337763,1.9661332695533442,0.0,0.0,0.0
4188,15,-312.4571,460.9585,-0.0112634655,0.0,-0.0,0.0,0.0,0.0004355669532706586,0.00027215479386337763,1.9661332695533442,0.0,0.0,0.0
4189,15,-312.4571,460.9585,-0.0112634655,0.0,-0.0,0.0,0.0,0.0004355669532706586,0.00027215479386337763,1.9661332695533442,0.0,0.0,0.0
4190,15,-312.4571,460.9585,-0.0112634655,0.0,-0.0,0.0,0.0,0.0004355669532706586,0.00027215479386337763,1.9661332695533442,0.0,0.0,0.0
4191,15,-312.4571,460.9585,-0.0112634655,0.0,-0.0,0.0,0.0,0.0004355669532706586,0.00027215479386337763,1.9661332695533442,0.0,0.0,0.0
4192,15,-312.4571,460.9585,-0.0112634655,0.0,-0.0,0.0,0.0,0.0004355669532706586,0.00027215479386337763,1.9661332695533442,0.0,0.0,0.0
4193,15,-312.4571,460.9585,-0.0112634655,0.0,-0.0,0.0,0.0,0.0004355669532706586,0.00027215479386337763,1.9661332695533442,0.0,0.0,0.0
4194,15,-312.4571,460.9585,-0.0112634655,0.0,-0.0,0.0,0.0,0.0004355669532706586,0.00027215479386337763,1.9661332695533442,0.0,0.0,0.0
4195,15,-312.4571,460.9585,-0.0112634655,0.0,-0.0,0.0,0.0,0.0004355669532706586,0.00027215479386337763,1.9661332695533442,0.0,0.0,0.0
4196,15,-312.4571,460.9585,-0.0112634655,0.0,-0.0,0.0,0.0,0.0004355669532706586,0.00027215479386337763,1.9661332695533442,0.0,0.0,0.0
4197,15,-312.4571,460.9585,-0.0112634655,0.0,-0.0,0.0,0.0,0.0004355669532706586,0.00027215479386337763,1.9661332695533442,0.0,0.0,0.0
4198,15,-312.4571,460.9585,-0.0112634655,0.0,-0.0,0.0,0.0,0.0004355669532706586,0.00027215479386337763,1.9661332695533442,0.0,0.0,0.0
4199,15,-312.4571,460.9585,-0.0112634655,0.0,-0.0,0.0,0.0,0.0004355669532706586,0.00027215479386337763,1.9661332695533442,0.0,0.0,0.0
4200,15,-312.4571,460.9585,-0.0112634655,0.0,-0.0,0.0,0.0,0.0004355669532706586,0.00027215479386337763,1.9661332695533442,0.0,0.0,0.0
4201,15,-312.4571,460.9585,-0.0112634655,0.0,-0.0,0.0,0.0,0.0004355669532706586,0.00027215479386337763,1.9661332695533442,0.0,0.0,0.0
4202,15,-312.4571,460.9585,-0.0112634655,0.0,-0.0,0.0,0.0,0.0004355669532706586,0.00027215479386337763,1.9661332695533442,0.0,0.0,0.0
4203,15,-312.4571,460.9585,-0.0112634655,0.0,-0.0,0.0,0.0,0.0004355669532706586,0.00027215479386337763,1.9661332695533442,0.0,0.0,0.0
4204,15,-312.4571,460.9585,-0.0112634655,0.0,-0.0,0.0,0.0,0.0004355669532706586,0.00027215479386337763,1.9661332695533442,0.0,0.0,0.0
4205,15,-312.4571,460.9585,-0.0112634655,0.0,-0.0,0.0,0.0,0.0004355669532706586,0.00027215479386337763,1.9661332695533442,0.0,0.0,0.0
4206,15,-312.4571,460.9585,-0.0112634655,0.0,-0.0,0.0,0.0,0.0004355669532706586,0.00027215479386337763,1.9661332695533442,0.0,0.0,0.0
4207,15,-312.4571,460.9585,-0.0112634655,0.0,-0.0,0.0,0.0,0.0004355669532706586,0.00027215479386337763,1.9661332695533442,0.0,0.0,0.0
4208,15,-312.4571,460.9585,-0.0112634655,0.0,-0.0,0.0,0.0,0.0004355669532706586,0.00027215479386337763,1.9661332695533442,0.0,0.0,0.0
4209,15,-312.4571,460.9585,-0.0112634655,0.0,-0.0,0.0,0.0,0.0004355669532706586,0.00027215479386337763,1.9661332695533442,0.0,0.0,0.0
4210,15,-312.4571,460.9585,-0.0112634655,0.0,-0.0,0.0,0.0,0.0004355669532706586,0.00027215479386337763,1.9661332695533442,0.0,0.0,0.0
4211,15,-312.4571,460.9585,-0.0112634655,0.0,-0.0,0.0,0.0,0.0004355669532706586,0.00027215479386337763,1.9661332695533442,0.0,0.0,0.0
4212,15,-312.4571,460.9585,-0.0112634655,0.0,-0.0,0.0,0.0,0.0004355669532706586,0.00027215479386337763,1.9661332695533442,0.0,0.0,0.0
4213,15,-312.4571,460.9585,-0.0112634655,0.0,-0.0,0.0,0.0,0.0004355669532706586,0.00027215479386337763,1.9661332695533442,0.0,0.0,0.0
4214,15,-312.4571,460.9585,-0.0112634655,0.0,-0.0,0.0,0.0,0.0004355669532706586,0.00027215479386337763,1.9661332695533442,0.0,0.0,0.0
4215,15,-312.4571,460.9585,-0.0112634655,0.0,-0.0,0.0,0.0,0.0004355669532706586,0.00027215479386337763,1.9661332695533442,0.0,0.0,0.0
4216,15,-312.4571,460.9585,-0.0112634655,0.0,-0.0,0.0,0.0,0.0004355669532706586,0.00027215479386337763,1.9661332695533442,0.0,0.0,0.0
4217,15,-312.4571,460.9585,-0.0112634655,0.0,-0.0,0.0,0.0,0.0004355669532706586,0.00027215479386337763,1.9661332695533442,0.0,0.0,0.0
4218,15,-312.4571,460.9585,-0.0112634655,0.0,-0.0,0.0,0.0,0.0004355669532706586,0.00027215479386337763,1.9661332695533442,0.0,0.0,0.0
4219,15,-312.4571,460.9585,-0.0112634655,0.0,-0.0,0.0,0.0,0.0004355669532706586,0.00027215479386337763,1.9661332695533442,0.0,0.0,0.0
4220,15,-312.4571,460.9585,-0.0112634655,0.0,-0.0,0.0,0.0,0.0004355669532706586,0.00027215479386337763,1.9661332695533442,0.0,0.0,0.0
4221,15,-312.4571,460.9585,-0.0112634655,0.0,-0.0,0.0,0.0,0.0004355669532706586,0.00027215479386337763,1.9661332695533442,0.0,0.0,0.0
4222,15,-312.4571,460.9585,-0.0112634655,0.0,-0.0,0.0,0.0,0.0004355669532706586,0.00027215479386337763,1.9661332695533442,0.0,0.0,0.0
4223,15,-312.4571,460.9585,-0.0112634655,0.0,-0.0,0.0,0.0,0.0004355669532706586,0.00027215479386337763,1.9661332695533442,0.0,0.0,0.0
4224,15,-312.4571,460.9585,-0.0112634655,0.0,-0.0,0.0,0.0,0.0004355669532706586,0.00027215479386337763,1.9661332695533442,0.0,0.0,0.0
4225,15,-312.4571,460.9585,-0.0112634655,0.0,-0.0,0.0,0.0,0.0004355669532706586,0.00027215479386337763,1.9661332695533442,0.0,0.0,0.0
4226,15,-312.4571,460.9585,-0.0112634655,0.0,-0.0,0.0,0.0,0.0004355669532706586,0.00027215479386337763,1.9661332695533442,0.0,0.0,0.0
4227,15,-312.4571,460.9585,-0.0112634655,0.0,-0.0,0.0,0.0,0.0004355669532706586,0.00027215479386337763,1.9661332695533442,0.0,0.0,0.0
4228,15,-312.4571,460.9585,-0.0112634655,0.0,-0.0,0.0,0.0,0.0004355669532706586,0.00027215479386337763,1.9661332695533442,0.0,0.0,0.0
4229,15,-312.4571,460.9585,-0.0112634655,0.0,-0.0,0.0,0.0,0.0004355669532706586,0.00027215479386337763,1.9661332695533442,0.0,0.0,0.0
4230,15,-312.4571,460.9585,-0.0112634655,0.0,-0.0,0.0,0.0,0.0004355669532706586,0.00027215479386337763,1.9661332695533442,0.0,0.0,0.0
4231,15,-312.4571,460.9585,-0.0112634655,0.0,-0.0,0.0,0.0,0.0004355669532706586,0.00027215479386337763,1.9661332695533442,0.0,0.0,0.0
4232,15,-312.4571,460.9585,-0.0112634655,0.0,-0.0,0.0,0.0,0.0004355669532706586,0.00027215479386337763,1.9661332695533442,0.0,0.0,0.0
4233,15,-312.4571,460.9585,-0.0112634655,0.0,-0.0,0.0,0.0,0.0004355669532706586,0.00027215479386337763,1.9661332695533442,0.0,0.0,0.0
4234,15,-312.4571,460.9585,-0.0112634655,0.0,-0.0,0.0,0.0,0.0004355669532706586,0.00027215479386337763,1.9661332695533442,0.0,0.0,0.0
4235,15,-312.4571,460.9585,-0.0112634655,0.0,-0.0,0.0,0.0,0.0004355669532706586,0.00027215479386337763,1.9661332695533442,0.0,0.0,0.0
4236,15,-312.4571,460.9585,-0.0112634655,0.0,-0.0,0.0,0.0,0.0004355669532706586,0.00027215479386337763,1.9661332695533442,0.0,0.0,0.0
4237,15,-312.4571,460.9585,-0.0112634655,0.0,-0.0,0.0,0.0,0.0004355669532706586,0.00027215479386337763,1.9661332695533442,0.0,0.0,0.0
4238,15,-312.4571,460.9585,-0.0112634655,0.0,-0.0,0.0,0.0,0.0004355669532706586,0.00027215479386337763,1.9661332695533442,0.0,0.0,0.0
4239,15,-312.4571,460.9585,-0.0112634655,0.0,-0.0,0.0,0.0,0.0004355669532706586,0.00027215479386337763,1.9661332695533442,0.0,0.0,0.0
4240,15,-312.4571,460.9585,-0.0112634655,0.0,-0.0,0.0,0.0,0.0004355669532706586,0.00027215479386337763,1.9661332695533442,0.0,0.0,0.0
4241,15,-312.4571,460.9585,-0.0112634655,0.0,-0.0,0.0,0.0,0.0004355669532706586,0.00027215479386337763,1.9661332695533442,0.0,0.0,0.0
4242,15,-312.4571,460.9585,-0.0112634655,0.0,-0.0,0.0,0.0,0.0004355669532706586,0.00027215479386337763,1.9661332695533442,0.0,0.0,0.0
4243,15,-312.4571,460.9585,-0.0112634655,0.0,-0.0,0.0,0.0,0.0004355669532706586,0.00027215479386337763,1.9661332695533442,0.0,0.0,0.0
4244,15,-312.4571,460.9585,-0.0112634655,0.0,-0.0,0.0,0.0,0.0004355669532706586,0.00027215479386337763,1.9661332695533442,0.0,0.0,0.0
4245,15,-312.4571,460.9585,-0.0112634655,0.0,-0.0,0.0,0.0,0.0004355669532706586,0.00027215479386337763,1.9661332695533442,0.0,0.0,0.0
4246,15,-312.4571,460.9585,-0.0112634655,0.0,-0.0,0.0,0.0,0.0004355669532706586,0.00027215479386337763,1.9661332695533442,0.0,0.0,0.0
4247,15,-312.4571,460.9585,-0.0112634655,0.0,-0.0,0.0,0.0,0.0004355669532706586,0.00027215479386337763,1.9661332695533442,0.0,0.0,0.0
4248,15,-312.4571,460.9585,-0.0112634655,0.0,-0.0,0.0,0.0,0.0004355669532706586,0.00027215479386337763,1.9661332695533442,0.0,0.0,0.0
4249,15,-312.4571,460.9585,-0.0112634655,0.0,-0.0,0.0,0.0,0.0004355669532706586,0.00027215479386337763,1.9661332695533442,0.0,0.0,0.0
4250,15,-312.4571,460.9585,-0.0112634655,0.0,-0.0,0.0,0.0,0.0004355669532706586,0.00027215479386337763,1.9661332695533442,0.0,0.0,0.0
4251,15,-312.4571,460.9585,-0.0112634655,0.0,-0.0,0.0,0.0,0.0004355669532706586,0.00027215479386337763,1.9661332695533442,0.0,0.0,0.0
4252,15,-312.4571,460.9585,-0.0112634655,0.0,-0.0,0.0,0.0,0.0004355669532706586,0.00027215479386337763,1.9661332695533442,0.0,0.0,0.0
4253,15,-312.4571,460.9585,-0.0112634655,0.0,-0.0,0.0,0.0,0.0004355669532706586,0.00027215479386337763,1.9661332695533442,0.0,0.0,0.0
4254,15,-312.4571,460.9585,-0.0112634655,0.0,-0.0,0.0,0.0,0.0004355669532706586,0.00027215479386337763,1.9661332695533442,0.0,0.0,0.0
4255,15,-312.4571,460.9585,-0.0112634655,0.0,-0.0,0.0,0.0,0.0004355669532706586,0.00027215479386337763,1.9661332695533442,0.0,0.0,0.0
4256,15,-312.4571,460.9585,-0.0112634655,0.0,-0.0,0.0,0.0,0.0004355669532706586,0.00027215479386337763,1.9661332695533442,0.0,0.0,0.0
4257,15,-312.4571,460.9585,-0.0112634655,0.0,-0.0,0.0,0.0,0.0004355669532706586,0.00027215479386337763,1.9661332695533442,0.0,0.0,0.0
4258,15,-312.4571,460.9585,-0.0112634655,0.0,-0.0,0.0,0.0,0.0004355669532706586,0.00027215479386337763,1.9661332695533442,0.0,0.0,0.0
4259,15,-312.4571,460.9585,-0.0112634655,0.0,-0.0,0.0,0.0,0.0004355669532706586,0.00027215479386337763,1.9661332695533442,0.0,0.0,0.0
4260,15,-312.4571,460.9585,-0.0112634655,0.0,-0.0,0.0,0.0,0.0004355669532706586,0.00027215479386337763,1.9661332695533442,0.0,0.0,0.0
4261,15,-312.4571,460.9585,-0.0112634655,0.0,-0.0,0.0,0.0,0.0004355669532706586,0.00027215479386337763,1.9661332695533442,0.0,0.0,0.0
4262,15,-312.4571,460.9585,-0.0112634655,0.0,-0.0,0.0,0.0,0.0004355669532706586,0.00027215479386337763,1.9661332695533442,0.0,0.0,0.0
4263,15,-312.4571,460.9585,-0.0112634655,0.0,-0.0,0.0,0.0,0.0004355669532706586,0.00027215479386337763,1.9661332695533442,0.0,0.0,0.0
4264,15,-312.4571,460.9585,-0.0112634655,0.0,-0.0,0.0,0.0,0.0004355669532706586,0.00027215479386337763,1.9661332695533442,0.0,0.0,0.0
4265,15,-312.4571,460.9585,-0.0112634655,0.0,-0.0,0.0,0.0,0.0004355669532706586,0.00027215479386337763,1.9661332695533442,0.0,0.0,0.0
4266,15,-312.4571,460.9585,-0.0112634655,0.0,-0.0,0.0,0.0,0.0004355669532706586,0.00027215479386337763,1.9661332695533442,0.0,0.0,0.0
4267,15,-312.4571,460.9585,-0.0112634655,0.0,-0.0,0.0,0.0,0.0004355669532706586,0.00027215479386337763,1.9661332695533442,0.0,0.0,0.0
4268,15,-312.4571,460.9585,-0.0112634655,0.0,-0.0,0.0,0.0,0.0004355669532706586,0.00027215479386337763,1.9661332695533442,0.0,0.0,0.0
4269,15,-312.4571,460.9585,-0.0112634655,0.0,-0.0,0.0,0.0,0.0004355669532706586,0.00027215479386337763,1.9661332695533442,0.0,0.0,0.0
4270,15,-312.4571,460.9585,-0.0112634655,0.0,-0.0,0.0,0.0,0.0004355669532706586,0.00027215479386337763,1.9661332695533442,0.0,0.0,0.0
4271,15,-312.4571,460.9585,-0.0112634655,0.0,-0.0,0.0,0.0,0.0004355669532706586,0.00027215479386337763,1.9661332695533442,0.0,0.0,0.0
4272,15,-312.4571,460.9585,-0.0112634655,0.0,-0.0,0.0,0.0,0.0004355669532706586,0.00027215479386337763,1.9661332695533442,0.0,0.0,0.0
4273,15,-312.4571,460.9585,-0.0112634655,0.0,-0.0,0.0,0.0,0.0004355669532706586,0.00027215479386337763,1.9661332695533442,0.0,0.0,0.0
4274,15,-312.4571,460.9585,-0.0112634655,0.0,-0.0,0.0,0.0,0.0004355669532706586,0.00027215479386337763,1.9661332695533442,0.0,0.0,0.0
4275,15,-312.4571,460.9585,-0.0112634655,0.0,-0.0,0.0,0.0,0.0004355669532706586,0.00027215479386337763,1.9661332695533442,0.0,0.0,0.0
4276,15,-312.4571,460.9585,-0.0112634655,0.0,-0.0,0.0,0.0,0.0004355669532706586,0.00027215479386337763,1.9661332695533442,0.0,0.0,0.0
4277,15,-312.4571,460.9585,-0.0112634655,0.0,-0.0,0.0,0.0,0.0004355669532706586,0.00027215479386337763,1.9661332695533442,0.0,0.0,0.0
4278,15,-312.4571,460.9585,-0.0112634655,0.0,-0.0,0.0,0.0,0.0004355669532706586,0.00027215479386337763,1.9661332695533442,0.0,0.0,0.0
4279,15,-312.4571,460.9585,-0.0112634655,0.0,-0.0,0.0,0.0,0.0004355669532706586,0.00027215479386337763,1.9661332695533442,0.0,0.0,0.0
4280,15,-312.4571,460.9585,-0.0112634655,0.0,-0.0,0.0,0.0,0.0004355669532706586,0.00027215479386337763,1.9661332695533442,0.0,0.0,0.0
4281,15,-312.4571,460.9585,-0.0112634655,0.0,-0.0,0.0,0.0,0.0004355669532706586,0.00027215479386337763,1.9661332695533442,0.0,0.0,0.0
4282,15,-312.4571,460.9585,-0.0112634655,0.0,-0.0,0.0,0.0,0.0004355669532706586,0.00027215479386337763,1.9661332695533442,0.0,0.0,0.0
4283,15,-312.4571,460.9585,-0.0112634655,0.0,-0.0,0.0,0.0,0.0004355669532706586,0.00027215479386337763,1.9661332695533442,0.0,0.0,0.0
4284,15,-312.4571,460.9585,-0.0112634655,0.0,-0.0,0.0,0.0,0.0004355669532706586,0.00027215479386337763,1.9661332695533442,0.0,0.0,0.0
4285,15,-312.4571,460.9585,-0.0112634655,0.0,-0.0,0.0,0.0,0.0004355669532706586,0.00027215479386337763,1.9661332695533442,0.0,0.0,0.0
4286,15,-312.4571,460.9585,-0.0112634655,0.0,-0.0,0.0,0.0,0.0004355669532706586,0.00027215479386337763,1.9661332695533442,0.0,0.0,0.0
4287,15,-312.4571,460.9585,-0.0112634655,0.0,-0.0,0.0,0.0,0.0004355669532706586,0.00027215479386337763,1.9661332695533442,0.0,0.0,0.0
4288,15,-312.4571,460.9585,-0.0112634655,0.0,-0.0,0.0,0.0,0.0004355669532706586,0.00027215479386337763,1.9661332695533442,0.0,0.0,0.0
4289,15,-312.4571,460.9585,-0.0112634655,0.0,-0.0,0.0,0.0,0.0004355669532706586,0.00027215479386337763,1.9661332695533442,0.0,0.0,0.0
4290,15,-312.4571,460.9585,-0.0112634655,0.0,-0.0,0.0,0.0,0.0004355669532706586,0.00027215479386337763,1.9661332695533442,0.0,0.0,0.0
4291,15,-312.4571,460.9585,-0.0112634655,0.0,-0.0,0.0,0.0,0.0004355669532706586,0.00027215479386337763,1.9661332695533442,0.0,0.0,0.0
4292,15,-312.4571,460.9585,-0.0112634655,0.0,-0.0,0.0,0.0,0.0004355669532706586,0.00027215479386337763,1.9661332695533442,0.0,0.0,0.0
4293,15,-312.4571,460.9585,-0.0112634655,0.0,-0.0,0.0,0.0,0.0004355669532706586,0.00027215479386337763,1.9661332695533442,0.0,0.0,0.0
4294,15,-312.4571,460.9585,-0.0112634655,0.0,-0.0,0.0,0.0,0.0004355669532706586,0.00027215479386337763,1.9661332695533442,0.0,0.0,0.0
4295,15,-312.4571,460.9585,-0.0112634655,0.0,-0.0,0.0,0.0,0.0004355669532706586,0.00027215479386337763,1.9661332695533442,0.0,0.0,0.0
4296,15,-312.4571,460.9585,-0.0112634655,0.0,-0.0,0.0,0.0,0.0004355669532706586,0.00027215479386337763,1.9661332695533442,0.0,0.0,0.0
4297,15,-312.4571,460.9585,-0.0112634655,0.0,-0.0,0.0,0.0,0.0004355669532706586,0.00027215479386337763,1.9661332695533442,0.0,0.0,0.0
4298,15,-312.4571,460.9585,-0.0112634655,0.0,-0.0,0.0,0.0,0.0004355669532706586,0.00027215479386337763,1.9661332695533442,0.0,0.0,0.0
4299,15,-312.4571,460.9585,-0.0112634655,0.0,-0.0,0.0,0.0,0.0004355669532706586,0.00027215479386337763,1.9661332695533442,0.0,0.0,0.0
4300,15,-312.4571,460.9585,-0.0112634655,0.0,-0.0,0.0,0.0,0.0004355669532706586,0.00027215479386337763,1.9661332695533442,0.0,0.0,0.0
4301,15,-312.4571,460.9585,-0.0112634655,0.0,-0.0,0.0,0.0,0.0004355669532706586,0.00027215479386337763,1.9661332695533442,0.0,0.0,0.0
4302,15,-312.4571,460.9585,-0.0112634655,0.0,-0.0,0.0,0.0,0.0004355669532706586,0.00027215479386337763,1.9661332695533442,0.0,0.0,0.0
4303,15,-312.4571,460.9585,-0.0112634655,0.0,-0.0,0.0,0.0,0.0004355669532706586,0.00027215479386337763,1.9661332695533442,0.0,0.0,0.0
4304,15,-312.4571,460.9585,-0.0112634655,0.0,-0.0,0.0,0.0,0.0004355669532706586,0.00027215479386337763,1.9661332695533442,0.0,0.0,0.0
4305,15,-312.4571,460.9585,-0.0112634655,0.0,-0.0,0.0,0.0,0.0004355669532706586,0.00027215479386337763,1.9661332695533442,0.0,0.0,0.0
4306,15,-312.4571,460.9585,-0.0112634655,0.0,-0.0,0.0,0.0,0.0004355669532706586,0.00027215479386337763,1.9661332695533442,0.0,0.0,0.0
4307,15,-312.4571,460.9585,-0.0112634655,0.0,-0.0,0.0,0.0,0.0004355669532706586,0.00027215479386337763,1.9661332695533442,0.0,0.0,0.0
4308,15,-312.4571,460.9585,-0.0112634655,0.0,-0.0,0.0,0.0,0.0004355669532706586,0.00027215479386337763,1.9661332695533442,0.0,0.0,0.0
4309,15,-312.4571,460.9585,-0.0112634655,0.0,-0.0,0.0,0.0,0.0004355669532706586,0.00027215479386337763,1.9661332695533442,0.0,0.0,0.0
4310,15,-312.4571,460.9585,-0.0112634655,0.0,-0.0,0.0,0.0,0.0004355669532706586,0.00027215479386337763,1.9661332695533442,0.0,0.0,0.0
4311,15,-312.4571,460.9585,-0.0112634655,0.0,-0.0,0.0,0.0,0.0004355669532706586,0.00027215479386337763,1.9661332695533442,0.0,0.0,0.0
4312,15,-312.4571,460.9585,-0.0112634655,0.0,-0.0,0.0,0.0,0.0004355669532706586,0.00027215479386337763,1.9661332695533442,0.0,0.0,0.0
4313,15,-312.4571,460.9585,-0.0112634655,0.0,-0.0,0.0,0.0,0.0004355669532706586,0.00027215479386337763,1.9661332695533442,0.0,0.0,0.0
4314,15,-312.4571,460.9585,-0.0112634655,0.0,-0.0,0.0,0.0,0.0004355669532706586,0.00027215479386337763,1.9661332695533442,0.0,0.0,0.0
4315,15,-312.4571,460.9585,-0.0112634655,0.0,-0.0,0.0,0.0,0.0004355669532706586,0.00027215479386337763,1.9661332695533442,0.0,0.0,0.0
4316,15,-312.4571,460.9585,-0.0112634655,0.0,-0.0,0.0,0.0,0.0004355669532706586,0.00027215479386337763,1.9661332695533442,0.0,0.0,0.0
4317,15,-312.4571,460.9585,-0.0112634655,0.0,-0.0,0.0,0.0,0.0004355669532706586,0.00027215479386337763,1.9661332695533442,0.0,0.0,0.0
4318,15,-312.4571,460.9585,-0.0112634655,0.0,-0.0,0.0,0.0,0.0004355669532706586,0.00027215479386337763,1.9661332695533442,0.0,0.0,0.0
4319,15,-312.4571,460.9585,-0.0112634655,0.0,-0.0,0.0,0.0,0.0004355669532706586,0.00027215479386337763,1.9661332695533442,0.0,0.0,0.0
4320,15,-312.4571,460.9585,-0.0112634655,0.0,-0.0,0.0,0.0,0.0004355669532706586,0.00027215479386337763,1.9661332695533442,0.0,0.0,0.0
4321,15,-312.4571,460.9585,-0.0112634655,0.0,-0.0,0.0,0.0,0.0004355669532706586,0.00027215479386337763,1.9661332695533442,0.0,0.0,0.0
4322,15,-312.4571,460.9585,-0.0112634655,0.0,-0.0,0.0,0.0,0.0004355669532706586,0.00027215479386337763,1.9661332695533442,0.0,0.0,0.0
4323,15,-312.4571,460.9585,-0.0112634655,0.0,-0.0,0.0,0.0,0.0004355669532706586,0.00027215479386337763,1.9661332695533442,0.0,0.0,0.0
4324,15,-312.4571,460.9585,-0.0112634655,0.0,-0.0,0.0,0.0,0.0004355669532706586,0.00027215479386337763,1.9661332695533442,0.0,0.0,0.0
4325,15,-312.4571,460.9585,-0.0112634655,0.0,-0.0,0.0,0.0,0.0004355669532706586,0.00027215479386337763,1.9661332695533442,0.0,0.0,0.0
4326,15,-312.4571,460.9585,-0.0112634655,0.0,-0.0,0.0,0.0,0.0004355669532706586,0.00027215479386337763,1.9661332695533442,0.0,0.0,0.0
4327,15,-312.4571,460.9585,-0.0112634655,0.0,-0.0,0.0,0.0,0.0004355669532706586,0.00027215479386337763,1.9661332695533442,0.0,0.0,0.0
4328,15,-312.4571,460.9585,-0.0112634655,0.0,-0.0,0.0,0.0,0.0004355669532706586,0.00027215479386337763,1.9661332695533442,0.0,0.0,0.0
4329,15,-312.4571,460.9585,-0.0112634655,0.0,-0.0,0.0,0.0,0.0004355669532706586,0.00027215479386337763,1.9661332695533442,0.0,0.0,0.0
4330,15,-312.4571,460.9585,-0.0112634655,0.0,-0.0,0.0,0.0,0.0004355669532706586,0.00027215479386337763,1.9661332695533442,0.0,0.0,0.0
4331,15,-312.4571,460.9585,-0.0112634655,0.0,-0.0,0.0,0.0,0.0004355669532706586,0.00027215479386337763,1.9661332695533442,0.0,0.0,0.0
4332,15,-312.4571,460.9585,-0.0112634655,0.0,-0.0,0.0,0.0,0.0004355669532706586,0.00027215479386337763,1.9661332695533442,0.0,0.0,0.0
4333,15,-312.4571,460.9585,-0.0112634655,0.0,-0.0,0.0,0.0,0.0004355669532706586,0.00027215479386337763,1.9661332695533442,0.0,0.0,0.0
4334,15,-312.4571,460.9585,-0.0112634655,0.0,-0.0,0.0,0.0,0.0004355669532706586,0.00027215479386337763,1.9661332695533442,0.0,0.0,0.0
4335,15,-312.4571,460.9585,-0.0112634655,0.0,-0.0,0.0,0.0,0.0004355669532706586,0.00027215479386337763,1.9661332695533442,0.0,0.0,0.0
4336,15,-312.4571,460.9585,-0.0112634655,0.0,-0.0,0.0,0.0,0.0004355669532706586,0.00027215479386337763,1.9661332695533442,0.0,0.0,0.0
4337,15,-312.4571,460.9585,-0.0112634655,0.0,-0.0,0.0,0.0,0.0004355669532706586,0.00027215479386337763,1.9661332695533442,0.0,0.0,0.0
4338,15,-312.4571,460.9585,-0.0112634655,0.0,-0.0,0.0,0.0,0.0004355669532706586,0.00027215479386337763,1.9661332695533442,0.0,0.0,0.0
4339,15,-312.4571,460.9585,-0.0112634655,0.0,-0.0,0.0,0.0,0.0004355669532706586,0.00027215479386337763,1.9661332695533442,0.0,0.0,0.0
4340,15,-312.4571,460.9585,-0.0112634655,0.0,-0.0,0.0,0.0,0.0004355669532706586,0.00027215479386337763,1.9661332695533442,0.0,0.0,0.0
4341,15,-312.4571,460.9585,-0.0112634655,0.0,-0.0,0.0,0.0,0.0004355669532706586,0.00027215479386337763,1.9661332695533442,0.0,0.0,0.0
4342,15,-312.4571,460.9585,-0.0112634655,0.0,-0.0,0.0,0.0,0.0004355669532706586,0.00027215479386337763,1.9661332695533442,0.0,0.0,0.0
4343,15,-312.4571,460.9585,-0.0112634655,0.0,-0.0,0.0,0.0,0.0004355669532706586,0.00027215479386337763,1.9661332695533442,0.0,0.0,0.0
4344,15,-312.4571,460.9585,-0.0112634655,0.0,-0.0,0.0,0.0,0.0004355669532706586,0.00027215479386337763,1.9661332695533442,0.0,0.0,0.0
4345,15,-312.4571,460.9585,-0.0112634655,0.0,-0.0,0.0,0.0,0.0004355669532706586,0.00027215479386337763,1.9661332695533442,0.0,0.0,0.0
4346,15,-312.4571,460.9585,-0.0112634655,0.0,-0.0,0.0,0.0,0.0004355669532706586,0.00027215479386337763,1.9661332695533442,0.0,0.0,0.0
4347,15,-312.4571,460.9585,-0.0112634655,0.0,-0.0,0.0,0.0,0.0004355669532706586,0.00027215479386337763,1.9661332695533442,0.0,0.0,0.0
4348,15,-312.4571,460.9585,-0.0112634655,0.0,-0.0,0.0,0.0,0.0004355669532706586,0.00027215479386337763,1.9661332695533442,0.0,0.0,0.0
4349,15,-312.4571,460.9585,-0.0112634655,0.0,-0.0,0.0,0.0,0.0004355669532706586,0.00027215479386337763,1.9661332695533442,0.0,0.0,0.0
4350,15,-312.4571,460.9585,-0.0112634655,0.0,-0.0,0.0,0.0,0.0004355669532706586,0.00027215479386337763,1.9661332695533442,0.0,0.0,0.0
4351,15,-312.4571,460.9585,-0.0112634655,0.0,-0.0,0.0,0.0,0.0004355669532706586,0.00027215479386337763,1.9661332695533442,0.0,0.0,0.0
4352,15,-312.4571,460.9585,-0.0112634655,0.0,-0.0,0.0,0.0,0.0004355669532706586,0.00027215479386337763,1.9661332695533442,0.0,0.0,0.0
4353,15,-312.4571,460.9585,-0.0112634655,0.0,-0.0,0.0,0.0,0.0004355669532706586,0.00027215479386337763,1.9661332695533442,0.0,0.0,0.0
4354,15,-312.4571,460.9585,-0.0112634655,0.0,-0.0,0.0,0.0,0.0004355669532706586,0.00027215479386337763,1.9661332695533442,0.0,0.0,0.0
4355,15,-312.4571,460.9585,-0.0112634655,0.0,-0.0,0.0,0.0,0.0004355669532706586,0.00027215479386337763,1.9661332695533442,0.0,0.0,0.0
4356,15,-312.4571,460.9585,-0.0112634655,0.0,-0.0,0.0,0.0,0.0004355669532706586,0.00027215479386337763,1.9661332695533442,0.0,0.0,0.0
4357,15,-312.4571,460.9585,-0.0112634655,0.0,-0.0,0.0,0.0,0.0004355669532706586,0.00027215479386337763,1.9661332695533442,0.0,0.0,0.0
4358,15,-312.4571,460.9585,-0.0112634655,0.0,-0.0,0.0,0.0,0.0004355669532706586,0.00027215479386337763,1.9661332695533442,0.0,0.0,0.0
4359,15,-312.4571,460.9585,-0.0112634655,0.0,-0.0,0.0,0.0,0.0004355669532706586,0.00027215479386337763,1.9661332695533442,0.0,0.0,0.0
4360,15,-312.4571,460.9585,-0.0112634655,0.0,-0.0,0.0,0.0,0.0004355669532706586,0.00027215479386337763,1.9661332695533442,0.0,0.0,0.0
4361,15,-312.4571,460.9585,-0.0112634655,0.0,-0.0,0.0,0.0,0.0004355669532706586,0.00027215479386337763,1.9661332695533442,0.0,0.0,0.0
4362,15,-312.4571,460.9585,-0.0112634655,0.0,-0.0,0.0,0.0,0.0004355669532706586,0.00027215479386337763,1.9661332695533442,0.0,0.0,0.0
4363,15,-312.4571,460.9585,-0.0112634655,0.0,-0.0,0.0,0.0,0.0004355669532706586,0.00027215479386337763,1.9661332695533442,0.0,0.0,0.0
4364,15,-312.4571,460.9585,-0.0112634655,0.0,-0.0,0.0,0.0,0.0004355669532706586,0.00027215479386337763,1.9661332695533442,0.0,0.0,0.0
4365,15,-312.4571,460.9585,-0.0112634655,0.0,-0.0,0.0,0.0,0.0004355669532706586,0.00027215479386337763,1.9661332695533442,0.0,0.0,0.0
4366,15,-312.4571,460.9585,-0.0112634655,0.0,-0.0,0.0,0.0,0.0004355669532706586,0.00027215479386337763,1.9661332695533442,0.0,0.0,0.0
4367,15,-312.4571,460.9585,-0.0112634655,0.0,-0.0,0.0,0.0,0.0004355669532706586,0.00027215479386337763,1.9661332695533442,0.0,0.0,0.0
4368,15,-312.4571,460.9585,-0.0112634655,0.0,-0.0,0.0,0.0,0.0004355669532706586,0.00027215479386337763,1.9661332695533442,0.0,0.0,0.0
4369,15,-312.4571,460.9585,-0.0112634655,0.0,-0.0,0.0,0.0,0.0004355669532706586,0.00027215479386337763,1.9661332695533442,0.0,0.0,0.0
4370,15,-312.4571,460.9585,-0.0112634655,0.0,-0.0,0.0,0.0,0.0004355669532706586,0.00027215479386337763,1.9661332695533442,0.0,0.0,0.0
4371,15,-312.4571,460.9585,-0.0112634655,0.0,-0.0,0.0,0.0,0.0004355669532706586,0.00027215479386337763,1.9661332695533442,0.0,0.0,0.0
4372,15,-312.4571,460.9585,-0.0112634655,0.0,-0.0,0.0,0.0,0.0004355669532706586,0.00027215479386337763,1.9661332695533442,0.0,0.0,0.0
4373,15,-312.4571,460.9585,-0.0112634655,0.0,-0.0,0.0,0.0,0.0004355669532706586,0.00027215479386337763,1.9661332695533442,0.0,0.0,0.0
4374,15,-312.4571,460.9585,-0.0112634655,0.0,-0.0,0.0,0.0,0.0004355669532706586,0.00027215479386337763,1.9661332695533442,0.0,0.0,0.0
4375,15,-312.4571,460.9585,-0.0112634655,0.0,-0.0,0.0,0.0,0.0004355669532706586,0.00027215479386337763,1.9661332695533442,0.0,0.0,0.0
4376,15,-312.4571,460.9585,-0.0112634655,0.0,-0.0,0.0,0.0,0.0004355669532706586,0.00027215479386337763,1.9661332695533442,0.0,0.0,0.0
4377,15,-312.4571,460.9585,-0.0112634655,0.0,-0.0,0.0,0.0,0.0004355669532706586,0.00027215479386337763,1.9661332695533442,0.0,0.0,0.0
4378,15,-312.4571,460.9585,-0.0112634655,0.0,-0.0,0.0,0.0,0.0004355669532706586,0.00027215479386337763,1.9661332695533442,0.0,0.0,0.0
4379,15,-312.4571,460.9585,-0.0112634655,0.0,-0.0,0.0,0.0,0.0004355669532706586,0.00027215479386337763,1.9661332695533442,0.0,0.0,0.0
4380,15,-312.4571,460.9585,-0.0112634655,0.0,-0.0,0.0,0.0,0.0004355669532706586,0.00027215479386337763,1.9661332695533442,0.0,0.0,0.0
4381,15,-312.4571,460.9585,-0.0112634655,0.0,-0.0,0.0,0.0,0.0004355669532706586,0.00027215479386337763,1.9661332695533442,0.0,0.0,0.0
4382,15,-312.4571,460.9585,-0.0112634655,0.0,-0.0,0.0,0.0,0.0004355669532706586,0.00027215479386337763,1.9661332695533442,0.0,0.0,0.0
4383,15,-312.4571,460.9585,-0.0112634655,0.0,-0.0,0.0,0.0,0.0004355669532706586,0.00027215479386337763,1.9661332695533442,0.0,0.0,0.0
4384,15,-312.4571,460.9585,-0.0112634655,0.0,-0.0,0.0,0.0,0.0004355669532706586,0.00027215479386337763,1.9661332695533442,0.0,0.0,0.0
4385,15,-312.4571,460.9585,-0.0112634655,0.0,-0.0,0.0,0.0,0.0004355669532706586,0.00027215479386337763,1.9661332695533442,0.0,0.0,0.0
4386,15,-312.4571,460.9585,-0.0112634655,0.0,-0.0,0.0,0.0,0.0004355669532706586,0.00027215479386337763,1.9661332695533442,0.0,0.0,0.0
4387,15,-312.4571,460.9585,-0.0112634655,0.0,-0.0,0.0,0.0,0.0004355669532706586,0.00027215479386337763,1.9661332695533442,0.0,0.0,0.0
4388,15,-312.4571,460.9585,-0.0112634655,0.0,-0.0,0.0,0.0,0.0004355669532706586,0.00027215479386337763,1.9661332695533442,0.0,0.0,0.0
4389,15,-312.4571,460.9585,-0.0112634655,0.0,-0.0,0.0,0.0,0.0004355669532706586,0.00027215479386337763,1.9661332695533442,0.0,0.0,0.0
4390,15,-312.4571,460.9585,-0.0112634655,0.0,-0.0,0.0,0.0,0.0004355669532706586,0.00027215479386337763,1.9661332695533442,0.0,0.0,0.0
4391,15,-312.4571,460.9585,-0.0112634655,0.0,-0.0,0.0,0.0,0.0004355669532706586,0.00027215479386337763,1.9661332695533442,0.0,0.0,0.0
4392,15,-312.4571,460.9585,-0.0112634655,0.0,-0.0,0.0,0.0,0.0004355669532706586,0.00027215479386337763,1.9661332695533442,0.0,0.0,0.0
4393,15,-312.4571,460.9585,-0.0112634655,0.0,-0.0,0.0,0.0,0.0004355669532706586,0.00027215479386337763,1.9661332695533442,0.0,0.0,0.0
4394,15,-312.4571,460.9585,-0.0112634655,0.0,-0.0,0.0,0.0,0.0004355669532706586,0.00027215479386337763,1.9661332695533442,0.0,0.0,0.0
4395,15,-312.4571,460.9585,-0.0112634655,0.0,-0.0,0.0,0.0,0.0004355669532706586,0.00027215479386337763,1.9661332695533442,0.0,0.0,0.0
4396,15,-312.4571,460.9585,-0.0112634655,0.0,-0.0,0.0,0.0,0.0004355669532706586,0.00027215479386337763,1.9661332695533442,0.0,0.0,0.0
4397,15,-312.4571,460.9585,-0.0112634655,0.0,-0.0,0.0,0.0,0.0004355669532706586,0.00027215479386337763,1.9661332695533442,0.0,0.0,0.0
4398,15,-312.4571,460.9585,-0.0112634655,0.0,-0.0,0.0,0.0,0.0004355669532706586,0.00027215479386337763,1.9661332695533442,0.0,0.0,0.0
4399,15,-312.4571,460.9585,-0.0112634655,0.0,-0.0,0.0,0.0,0.0004355669532706586,0.00027215479386337763,1.9661332695533442,0.0,0.0,0.0
4400,15,-312.4571,460.9585,-0.0112634655,0.0,-0.0,0.0,0.0,0.0004355669532706586,0.00027215479386337763,1.9661332695533442,0.0,0.0,0.0
4401,15,-312.4571,460.9585,-0.0112634655,0.0,-0.0,0.0,0.0,0.0004355669532706586,0.00027215479386337763,1.9661332695533442,0.0,0.0,0.0
4402,15,-312.4571,460.9585,-0.0112634655,0.0,-0.0,0.0,0.0,0.0004355669532706586,0.00027215479386337763,1.9661332695533442,0.0,0.0,0.0
4403,15,-312.4571,460.9585,-0.0112634655,0.0,-0.0,0.0,0.0,0.0004355669532706586,0.00027215479386337763,1.9661332695533442,0.0,0.0,0.0
4404,15,-312.4571,460.9585,-0.0112634655,0.0,-0.0,0.0,0.0,0.0004355669532706586,0.00027215479386337763,1.9661332695533442,0.0,0.0,0.0
4405,15,-312.4571,460.9585,-0.0112634655,0.0,-0.0,0.0,0.0,0.0004355669532706586,0.00027215479386337763,1.9661332695533442,0.0,0.0,0.0
4406,15,-312.4571,460.9585,-0.0112634655,0.0,-0.0,0.0,0.0,0.0004355669532706586,0.00027215479386337763,1.9661332695533442,0.0,0.0,0.0
4407,15,-312.4571,460.9585,-0.0112634655,0.0,-0.0,0.0,0.0,0.0004355669532706586,0.00027215479386337763,1.9661332695533442,0.0,0.0,0.0
4408,15,-312.4571,460.9585,-0.0112634655,0.0,-0.0,0.0,0.0,0.0004355669532706586,0.00027215479386337763,1.9661332695533442,0.0,0.0,0.0
4409,15,-312.4571,460.9585,-0.0112634655,0.0,-0.0,0.0,0.0,0.0004355669532706586,0.00027215479386337763,1.9661332695533442,0.0,0.0,0.0
4410,15,-312.4571,460.9585,-0.0112634655,0.0,-0.0,0.0,0.0,0.0004355669532706586,0.00027215479386337763,1.9661332695533442,0.0,0.0,0.0
4411,15,-312.4571,460.9585,-0.0112634655,0.0,-0.0,0.0,0.0,0.0004355669532706586,0.00027215479386337763,1.9661332695533442,0.0,0.0,0.0
4412,15,-312.4571,460.9585,-0.0112634655,0.0,-0.0,0.0,0.0,0.0004355669532706586,0.00027215479386337763,1.9661332695533442,0.0,0.0,0.0
4413,15,-312.4571,460.9585,-0.0112634655,0.0,-0.0,0.0,0.0,0.0004355669532706586,0.00027215479386337763,1.9661332695533442,0.0,0.0,0.0
4414,15,-312.4571,460.9585,-0.0112634655,0.0,-0.0,0.0,0.0,0.0004355669532706586,0.00027215479386337763,1.9661332695533442,0.0,0.0,0.0
4415,15,-312.4571,460.9585,-0.0112634655,0.0,-0.0,0.0,0.0,0.0004355669532706586,0.00027215479386337763,1.9661332695533442,0.0,0.0,0.0
4416,15,-312.4571,460.9585,-0.0112634655,0.0,-0.0,0.0,0.0,0.0004355669532706586,0.00027215479386337763,1.9661332695533442,0.0,0.0,0.0
4417,15,-312.4571,460.9585,-0.0112634655,0.0,-0.0,0.0,0.0,0.0004355669532706586,0.00027215479386337763,1.9661332695533442,0.0,0.0,0.0
4418,15,-312.4571,460.9585,-0.0112634655,0.0,-0.0,0.0,0.0,0.0004355669532706586,0.00027215479386337763,1.9661332695533442,0.0,0.0,0.0
4419,15,-312.4571,460.9585,-0.0112634655,0.0,-0.0,0.0,0.0,0.0004355669532706586,0.00027215479386337763,1.9661332695533442,0.0,0.0,0.0
4420,15,-312.4571,460.9585,-0.0112634655,0.0,-0.0,0.0,0.0,0.0004355669532706586,0.00027215479386337763,1.9661332695533442,0.0,0.0,0.0
4421,15,-312.4571,460.9585,-0.0112634655,0.0,-0.0,0.0,0.0,0.0004355669532706586,0.00027215479386337763,1.9661332695533442,0.0,0.0,0.0
4422,15,-312.4571,460.9585,-0.0112634655,0.0,-0.0,0.0,0.0,0.0004355669532706586,0.00027215479386337763,1.9661332695533442,0.0,0.0,0.0
4423,15,-312.4571,460.9585,-0.0112634655,0.0,-0.0,0.0,0.0,0.0004355669532706586,0.00027215479386337763,1.9661332695533442,0.0,0.0,0.0
4424,15,-312.4571,460.9585,-0.0112634655,0.0,-0.0,0.0,0.0,0.0004355669532706586,0.00027215479386337763,1.9661332695533442,0.0,0.0,0.0
4425,15,-312.4571,460.9585,-0.0112634655,0.0,-0.0,0.0,0.0,0.0004355669532706586,0.00027215479386337763,1.9661332695533442,0.0,0.0,0.0
4426,15,-312.4571,460.9585,-0.0112634655,0.0,-0.0,0.0,0.0,0.0004355669532706586,0.00027215479386337763,1.9661332695533442,0.0,0.0,0.0
4427,15,-312.4571,460.9585,-0.0112634655,0.0,-0.0,0.0,0.0,0.0004355669532706586,0.00027215479386337763,1.9661332695533442,0.0,0.0,0.0
4428,15,-312.4571,460.9585,-0.0112634655,0.0,-0.0,0.0,0.0,0.0004355669532706586,0.00027215479386337763,1.9661332695533442,0.0,0.0,0.0
4429,15,-312.4571,460.9585,-0.0112634655,0.0,-0.0,0.0,0.0,0.0004355669532706586,0.00027215479386337763,1.9661332695533442,0.0,0.0,0.0
4430,15,-312.4571,460.9585,-0.0112634655,0.0,-0.0,0.0,0.0,0.0004355669532706586,0.00027215479386337763,1.9661332695533442,0.0,0.0,0.0
4431,15,-312.4571,460.9585,-0.0112634655,0.0,-0.0,0.0,0.0,0.0004355669532706586,0.00027215479386337763,1.9661332695533442,0.0,0.0,0.0
4432,15,-312.4571,460.9585,-0.0112634655,0.0,-0.0,0.0,0.0,0.0004355669532706586,0.00027215479386337763,1.9661332695533442,0.0,0.0,0.0
4433,15,-312.4571,460.9585,-0.0112634655,0.0,-0.0,0.0,0.0,0.0004355669532706586,0.00027215479386337763,1.9661332695533442,0.0,0.0,0.0
4434,15,-312.4571,460.9585,-0.0112634655,0.0,-0.0,0.0,0.0,0.0004355669532706586,0.00027215479386337763,1.9661332695533442,0.0,0.0,0.0
4435,15,-312.4571,460.9585,-0.0112634655,0.0,-0.0,0.0,0.0,0.0004355669532706586,0.00027215479386337763,1.9661332695533442,0.0,0.0,0.0
4436,15,-312.4571,460.9585,-0.0112634655,0.0,-0.0,0.0,0.0,0.0004355669532706586,0.00027215479386337763,1.9661332695533442,0.0,0.0,0.0
4437,15,-312.4571,460.9585,-0.0112634655,0.0,-0.0,0.0,0.0,0.0004355669532706586,0.00027215479386337763,1.9661332695533442,0.0,0.0,0.0
4438,15,-312.4571,460.9585,-0.0112634655,0.0,-0.0,0.0,0.0,0.0004355669532706586,0.00027215479386337763,1.9661332695533442,0.0,0.0,0.0
4439,15,-312.4571,460.9585,-0.0112634655,0.0,-0.0,0.0,0.0,0.0004355669532706586,0.00027215479386337763,1.9661332695533442,0.0,0.0,0.0
4440,15,-312.4571,460.9585,-0.0112634655,0.0,-0.0,0.0,0.0,0.0004355669532706586,0.00027215479386337763,1.9661332695533442,0.0,0.0,0.0
4441,15,-312.4571,460.9585,-0.0112634655,0.0,-0.0,0.0,0.0,0.0004355669532706586,0.00027215479386337763,1.9661332695533442,0.0,0.0,0.0
4442,15,-312.4571,460.9585,-0.0112634655,0.0,-0.0,0.0,0.0,0.0004355669532706586,0.00027215479386337763,1.9661332695533442,0.0,0.0,0.0
4443,15,-312.4571,460.9585,-0.0112634655,0.0,-0.0,0.0,0.0,0.0004355669532706586,0.00027215479386337763,1.9661332695533442,0.0,0.0,0.0
4444,15,-312.4571,460.9585,-0.0112634655,0.0,-0.0,0.0,0.0,0.0004355669532706586,0.00027215479386337763,1.9661332695533442,0.0,0.0,0.0
4445,15,-312.4571,460.9585,-0.0112634655,0.0,-0.0,0.0,0.0,0.0004355669532706586,0.00027215479386337763,1.9661332695533442,0.0,0.0,0.0
4446,15,-312.4571,460.9585,-0.0112634655,0.0,-0.0,0.0,0.0,0.0004355669532706586,0.00027215479386337763,1.9661332695533442,0.0,0.0,0.0
4447,15,-312.4571,460.9585,-0.0112634655,0.0,-0.0,0.0,0.0,0.0004355669532706586,0.00027215479386337763,1.9661332695533442,0.0,0.0,0.0
4448,15,-312.4571,460.9585,-0.0112634655,0.0,-0.0,0.0,0.0,0.0004355669532706586,0.00027215479386337763,1.9661332695533442,0.0,0.0,0.0
4449,15,-312.4571,460.9585,-0.0112634655,0.0,-0.0,0.0,0.0,0.0004355669532706586,0.00027215479386337763,1.9661332695533442,0.0,0.0,0.0
4450,15,-312.4571,460.9585,-0.0112634655,0.0,-0.0,0.0,0.0,0.0004355669532706586,0.00027215479386337763,1.9661332695533442,0.0,0.0,0.0
4451,15,-312.4571,460.9585,-0.0112634655,0.0,-0.0,0.0,0.0,0.0004355669532706586,0.00027215479386337763,1.9661332695533442,0.0,0.0,0.0
4452,15,-312.4571,460.9585,-0.0112634655,0.0,-0.0,0.0,0.0,0.0004355669532706586,0.00027215479386337763,1.9661332695533442,0.0,0.0,0.0
4453,15,-312.4571,460.9585,-0.0112634655,0.0,-0.0,0.0,0.0,0.0004355669532706586,0.00027215479386337763,1.9661332695533442,0.0,0.0,0.0
4454,15,-312.4571,460.9585,-0.0112634655,0.0,-0.0,0.0,0.0,0.0004355669532706586,0.00027215479386337763,1.9661332695533442,0.0,0.0,0.0
4455,15,-312.4571,460.9585,-0.0112634655,0.0,-0.0,0.0,0.0,0.0004355669532706586,0.00027215479386337763,1.9661332695533442,0.0,0.0,0.0
4456,15,-312.4571,460.9585,-0.0112634655,0.0,-0.0,0.0,0.0,0.0004355669532706586,0.00027215479386337763,1.9661332695533442,0.0,0.0,0.0
4457,15,-312.4571,460.9585,-0.0112634655,0.0,-0.0,0.0,0.0,0.0004355669532706586,0.00027215479386337763,1.9661332695533442,0.0,0.0,0.0
4458,15,-312.4571,460.9585,-0.0112634655,0.0,-0.0,0.0,0.0,0.0004355669532706586,0.00027215479386337763,1.9661332695533442,0.0,0.0,0.0
4459,15,-312.4571,460.9585,-0.0112634655,0.0,-0.0,0.0,0.0,0.0004355669532706586,0.00027215479386337763,1.9661332695533442,0.0,0.0,0.0
4460,15,-312.4571,460.9585,-0.0112634655,0.0,-0.0,0.0,0.0,0.0004355669532706586,0.00027215479386337763,1.9661332695533442,0.0,0.0,0.0
4461,15,-312.4571,460.9585,-0.0112634655,0.0,-0.0,0.0,0.0,0.0004355669532706586,0.00027215479386337763,1.9661332695533442,0.0,0.0,0.0
4462,15,-312.4571,460.9585,-0.0112634655,0.0,-0.0,0.0,0.0,0.0004355669532706586,0.00027215479386337763,1.9661332695533442,0.0,0.0,0.0
4463,15,-312.4571,460.9585,-0.0112634655,0.0,-0.0,0.0,0.0,0.0004355669532706586,0.00027215479386337763,1.9661332695533442,0.0,0.0,0.0
4464,15,-312.4571,460.9585,-0.0112634655,0.0,-0.0,0.0,0.0,0.0004355669532706586,0.00027215479386337763,1.9661332695533442,0.0,0.0,0.0
4465,15,-312.4571,460.9585,-0.0112634655,0.0,-0.0,0.0,0.0,0.0004355669532706586,0.00027215479386337763,1.9661332695533442,0.0,0.0,0.0
4466,15,-312.4571,460.9585,-0.0112634655,0.0,-0.0,0.0,0.0,0.0004355669532706586,0.00027215479386337763,1.9661332695533442,0.0,0.0,0.0
4467,15,-312.4571,460.9585,-0.0112634655,0.0,-0.0,0.0,0.0,0.0004355669532706586,0.00027215479386337763,1.9661332695533442,0.0,0.0,0.0
4468,15,-312.4571,460.9585,-0.0112634655,0.0,-0.0,0.0,0.0,0.0004355669532706586,0.00027215479386337763,1.9661332695533442,0.0,0.0,0.0
4469,15,-312.4571,460.9585,-0.0112634655,0.0,-0.0,0.0,0.0,0.0004355669532706586,0.00027215479386337763,1.9661332695533442,0.0,0.0,0.0
4470,15,-312.4571,460.9585,-0.0112634655,0.0,-0.0,0.0,0.0,0.0004355669532706586,0.00027215479386337763,1.9661332695533442,0.0,0.0,0.0
4471,15,-312.4571,460.9585,-0.0112634655,0.0,-0.0,0.0,0.0,0.0004355669532706586,0.00027215479386337763,1.9661332695533442,0.0,0.0,0.0
4472,15,-312.4571,460.9585,-0.0112634655,0.0,-0.0,0.0,0.0,0.0004355669532706586,0.00027215479386337763,1.9661332695533442,0.0,0.0,0.0
4473,15,-312.4571,460.9585,-0.0112634655,0.0,-0.0,0.0,0.0,0.0004355669532706586,0.00027215479386337763,1.9661332695533442,0.0,0.0,0.0
4474,15,-312.4571,460.9585,-0.0112634655,0.0,-0.0,0.0,0.0,0.0004355669532706586,0.00027215479386337763,1.9661332695533442,0.0,0.0,0.0
4475,15,-312.4571,460.9585,-0.0112634655,0.0,-0.0,0.0,0.0,0.0004355669532706586,0.00027215479386337763,1.9661332695533442,0.0,0.0,0.0
4476,15,-312.4571,460.9585,-0.0112634655,0.0,-0.0,0.0,0.0,0.0004355669532706586,0.00027215479386337763,1.9661332695533442,0.0,0.0,0.0
4477,15,-312.4571,460.9585,-0.0112634655,0.0,-0.0,0.0,0.0,0.0004355669532706586,0.00027215479386337763,1.9661332695533442,0.0,0.0,0.0
4478,15,-312.4571,460.9585,-0.0112634655,0.0,-0.0,0.0,0.0,0.0004355669532706586,0.00027215479386337763,1.9661332695533442,0.0,0.0,0.0
4479,15,-312.4571,460.9585,-0.0112634655,0.0,-0.0,0.0,0.0,0.0004355669532706586,0.00027215479386337763,1.9661332695533442,0.0,0.0,0.0
4480,15,-312.4571,460.9585,-0.0112634655,0.0,-0.0,0.0,0.0,0.0004355669532706586,0.00027215479386337763,1.9661332695533442,0.0,0.0,0.0
4481,15,-312.4571,460.9585,-0.0112634655,0.0,-0.0,0.0,0.0,0.0004355669532706586,0.00027215479386337763,1.9661332695533442,0.0,0.0,0.0
4482,15,-312.4571,460.9585,-0.0112634655,0.0,-0.0,0.0,0.0,0.0004355669532706586,0.00027215479386337763,1.9661332695533442,0.0,0.0,0.0
4483,15,-312.4571,460.9585,-0.0112634655,0.0,-0.0,0.0,0.0,0.0004355669532706586,0.00027215479386337763,1.9661332695533442,0.0,0.0,0.0
4484,15,-312.4571,460.9585,-0.0112634655,0.0,-0.0,0.0,0.0,0.0004355669532706586,0.00027215479386337763,1.9661332695533442,0.0,0.0,0.0
4485,15,-312.4571,460.9585,-0.0112634655,0.0,-0.0,0.0,0.0,0.0004355669532706586,0.00027215479386337763,1.9661332695533442,0.0,0.0,0.0
4486,15,-312.4571,460.9585,-0.0112634655,0.0,-0.0,0.0,0.0,0.0004355669532706586,0.00027215479386337763,1.9661332695533442,0.0,0.0,0.0
4487,15,-312.4571,460.9585,-0.0112634655,0.0,-0.0,0.0,0.0,0.0004355669532706586,0.00027215479386337763,1.9661332695533442,0.0,0.0,0.0
4488,15,-312.4571,460.9585,-0.0112634655,0.0,-0.0,0.0,0.0,0.0004355669532706586,0.00027215479386337763,1.9661332695533442,0.0,0.0,0.0
4489,15,-312.4571,460.9585,-0.0112634655,0.0,-0.0,0.0,0.0,0.0004355669532706586,0.00027215479386337763,1.9661332695533442,0.0,0.0,0.0
4490,15,-312.4571,460.9585,-0.0112634655,0.0,-0.0,0.0,0.0,0.0004355669532706586,0.00027215479386337763,1.9661332695533442,0.0,0.0,0.0
4491,15,-312.4571,460.9585,-0.0112634655,0.0,-0.0,0.0,0.0,0.0004355669532706586,0.00027215479386337763,1.9661332695533442,0.0,0.0,0.0
4492,15,-312.4571,460.9585,-0.0112634655,0.0,-0.0,0.0,0.0,0.0004355669532706586,0.00027215479386337763,1.9661332695533442,0.0,0.0,0.0
4493,15,-312.4571,460.9585,-0.0112634655,0.0,-0.0,0.0,0.0,0.0004355669532706586,0.00027215479386337763,1.9661332695533442,0.0,0.0,0.0
4494,15,-312.4571,460.9585,-0.0112634655,0.0,-0.0,0.0,0.0,0.0004355669532706586,0.00027215479386337763,1.9661332695533442,0.0,0.0,0.0
4495,15,-312.4571,460.9585,-0.0112634655,0.0,-0.0,0.0,0.0,0.0004355669532706586,0.00027215479386337763,1.9661332695533442,0.0,0.0,0.0
4496,15,-312.4571,460.9585,-0.0112634655,0.0,-0.0,0.0,0.0,0.0004355669532706586,0.00027215479386337763,1.9661332695533442,0.0,0.0,0.0
4497,15,-312.4571,460.9585,-0.0112634655,0.0,-0.0,0.0,0.0,0.0004355669532706586,0.00027215479386337763,1.9661332695533442,0.0,0.0,0.0
4498,15,-312.4571,460.9585,-0.0112634655,0.0,-0.0,0.0,0.0,0.0004355669532706586,0.00027215479386337763,1.9661332695533442,0.0,0.0,0.0
4499,15,-312.4571,460.9585,-0.0112634655,0.0,-0.0,0.0,0.0,0.0004355669532706586,0.00027215479386337763,1.9661332695533442,0.0,0.0,0.0
4500,15,-312.4571,460.9585,-0.0112634655,0.0,-0.0,0.0,0.0,0.0004355669532706586,0.00027215479386337763,1.9661332695533442,0.0,0.0,0.0
4501,15,-312.4571,460.9585,-0.0112634655,0.0,-0.0,0.0,0.0,0.0004355669532706586,0.00027215479386337763,1.9661332695533442,0.0,0.0,0.0
4502,15,-312.4571,460.9585,-0.0112634655,0.0,-0.0,0.0,0.0,0.0004355669532706586,0.00027215479386337763,1.9661332695533442,0.0,0.0,0.0
4503,15,-312.4571,460.9585,-0.0112634655,0.0,-0.0,0.0,0.0,0.0004355669532706586,0.00027215479386337763,1.9661332695533442,0.0,0.0,0.0
4504,15,-312.4571,460.9585,-0.0112634655,0.0,-0.0,0.0,0.0,0.0004355669532706586,0.00027215479386337763,1.9661332695533442,0.0,0.0,0.0
4505,15,-312.4571,460.9585,-0.0112634655,0.0,-0.0,0.0,0.0,0.0004355669532706586,0.00027215479386337763,1.9661332695533442,0.0,0.0,0.0
4506,15,-312.4571,460.9585,-0.0112634655,0.0,-0.0,0.0,0.0,0.0004355669532706586,0.00027215479386337763,1.9661332695533442,0.0,0.0,0.0
4507,15,-312.4571,460.9585,-0.0112634655,0.0,-0.0,0.0,0.0,0.0004355669532706586,0.00027215479386337763,1.9661332695533442,0.0,0.0,0.0
4508,15,-312.4571,460.9585,-0.0112634655,0.0,-0.0,0.0,0.0,0.0004355669532706586,0.00027215479386337763,1.9661332695533442,0.0,0.0,0.0
4509,15,-312.4571,460.9585,-0.0112634655,0.0,-0.0,0.0,0.0,0.0004355669532706586,0.00027215479386337763,1.9661332695533442,0.0,0.0,0.0
4510,15,-312.4571,460.9585,-0.0112634655,0.0,-0.0,0.0,0.0,0.0004355669532706586,0.00027215479386337763,1.9661332695533442,0.0,0.0,0.0
4511,15,-312.4571,460.9585,-0.0112634655,0.0,-0.0,0.0,0.0,0.0004355669532706586,0.00027215479386337763,1.9661332695533442,0.0,0.0,0.0
4512,15,-312.4571,460.9585,-0.0112634655,0.0,-0.0,0.0,0.0,0.0004355669532706586,0.00027215479386337763,1.9661332695533442,0.0,0.0,0.0
4513,15,-312.4571,460.9585,-0.0112634655,0.0,-0.0,0.0,0.0,0.0004355669532706586,0.00027215479386337763,1.9661332695533442,0.0,0.0,0.0
4514,15,-312.4571,460.9585,-0.0112634655,0.0,-0.0,0.0,0.0,0.0004355669532706586,0.00027215479386337763,1.9661332695533442,0.0,0.0,0.0
4515,15,-312.4571,460.9585,-0.0112634655,0.0,-0.0,0.0,0.0,0.0004355669532706586,0.00027215479386337763,1.9661332695533442,0.0,0.0,0.0
4516,15,-312.4571,460.9585,-0.0112634655,0.0,-0.0,0.0,0.0,0.0004355669532706586,0.00027215479386337763,1.9661332695533442,0.0,0.0,0.0
4517,15,-312.4571,460.9585,-0.0112634655,0.0,-0.0,0.0,0.0,0.0004355669532706586,0.00027215479386337763,1.9661332695533442,0.0,0.0,0.0
4518,15,-312.4571,460.9585,-0.0112634655,0.0,-0.0,0.0,0.0,0.0004355669532706586,0.00027215479386337763,1.9661332695533442,0.0,0.0,0.0
4519,15,-312.4571,460.9585,-0.0112634655,0.0,-0.0,0.0,0.0,0.0004355669532706586,0.00027215479386337763,1.9661332695533442,0.0,0.0,0.0
4520,15,-312.4571,460.9585,-0.0112634655,0.0,-0.0,0.0,0.0,0.0004355669532706586,0.00027215479386337763,1.9661332695533442,0.0,0.0,0.0
4521,15,-312.4571,460.9585,-0.0112634655,0.0,-0.0,0.0,0.0,0.0004355669532706586,0.00027215479386337763,1.9661332695533442,0.0,0.0,0.0
4522,15,-312.4571,460.9585,-0.0112634655,0.0,-0.0,0.0,0.0,0.0004355669532706586,0.00027215479386337763,1.9661332695533442,0.0,0.0,0.0
4523,15,-312.4571,460.9585,-0.0112634655,0.0,-0.0,0.0,0.0,0.0004355669532706586,0.00027215479386337763,1.9661332695533442,0.0,0.0,0.0
4524,15,-312.4571,460.9585,-0.0112634655,0.0,-0.0,0.0,0.0,0.0004355669532706586,0.00027215479386337763,1.9661332695533442,0.0,0.0,0.0
4525,15,-312.4571,460.9585,-0.0112634655,0.0,-0.0,0.0,0.0,0.0004355669532706586,0.00027215479386337763,1.9661332695533442,0.0,0.0,0.0
4526,15,-312.4571,460.9585,-0.0112634655,0.0,-0.0,0.0,0.0,0.0004355669532706586,0.00027215479386337763,1.9661332695533442,0.0,0.0,0.0
4527,15,-312.4571,460.9585,-0.0112634655,0.0,-0.0,0.0,0.0,0.0004355669532706586,0.00027215479386337763,1.9661332695533442,0.0,0.0,0.0
4528,15,-312.4571,460.9585,-0.0112634655,0.0,-0.0,0.0,0.0,0.0004355669532706586,0.00027215479386337763,1.9661332695533442,0.0,0.0,0.0
4529,15,-312.4571,460.9585,-0.0112634655,0.0,-0.0,0.0,0.0,0.0004355669532706586,0.00027215479386337763,1.9661332695533442,0.0,0.0,0.0
4530,15,-312.4571,460.9585,-0.0112634655,0.0,-0.0,0.0,0.0,0.0004355669532706586,0.00027215479386337763,1.9661332695533442,0.0,0.0,0.0
4531,15,-312.4571,460.9585,-0.0112634655,0.0,-0.0,0.0,0.0,0.0004355669532706586,0.00027215479386337763,1.9661332695533442,0.0,0.0,0.0
4532,15,-312.4571,460.9585,-0.0112634655,0.0,-0.0,0.0,0.0,0.0004355669532706586,0.00027215479386337763,1.9661332695533442,0.0,0.0,0.0
4533,15,-312.4571,460.9585,-0.0112634655,0.0,-0.0,0.0,0.0,0.0004355669532706586,0.00027215479386337763,1.9661332695533442,0.0,0.0,0.0
4534,15,-312.4571,460.9585,-0.0112634655,0.0,-0.0,0.0,0.0,0.0004355669532706586,0.00027215479386337763,1.9661332695533442,0.0,0.0,0.0
4535,15,-312.4571,460.9585,-0.0112634655,0.0,-0.0,0.0,0.0,0.0004355669532706586,0.00027215479386337763,1.9661332695533442,0.0,0.0,0.0
4536,15,-312.4571,460.9585,-0.0112634655,0.0,-0.0,0.0,0.0,0.0004355669532706586,0.00027215479386337763,1.9661332695533442,0.0,0.0,0.0
4537,15,-312.4571,460.9585,-0.0112634655,0.0,-0.0,0.0,0.0,0.0004355669532706586,0.00027215479386337763,1.9661332695533442,0.0,0.0,0.0
4538,15,-312.4571,460.9585,-0.0112634655,0.0,-0.0,0.0,0.0,0.0004355669532706586,0.00027215479386337763,1.9661332695533442,0.0,0.0,0.0
4539,15,-312.4571,460.9585,-0.0112634655,0.0,-0.0,0.0,0.0,0.0004355669532706586,0.00027215479386337763,1.9661332695533442,0.0,0.0,0.0
4540,15,-312.4571,460.9585,-0.0112634655,0.0,-0.0,0.0,0.0,0.0004355669532706586,0.00027215479386337763,1.9661332695533442,0.0,0.0,0.0
4541,15,-312.4571,460.9585,-0.0112634655,0.0,-0.0,0.0,0.0,0.0004355669532706586,0.00027215479386337763,1.9661332695533442,0.0,0.0,0.0
4542,15,-312.4571,460.9585,-0.0112634655,0.0,-0.0,0.0,0.0,0.0004355669532706586,0.00027215479386337763,1.9661332695533442,0.0,0.0,0.0
4543,15,-312.4571,460.9585,-0.0112634655,0.0,-0.0,0.0,0.0,0.0004355669532706586,0.00027215479386337763,1.9661332695533442,0.0,0.0,0.0
4544,15,-312.4571,460.9585,-0.0112634655,0.0,-0.0,0.0,0.0,0.0004355669532706586,0.00027215479386337763,1.9661332695533442,0.0,0.0,0.0
4545,15,-312.4571,460.9585,-0.0112634655,0.0,-0.0,0.0,0.0,0.0004355669532706586,0.00027215479386337763,1.9661332695533442,0.0,0.0,0.0
4546,15,-312.4571,460.9585,-0.0112634655,0.0,-0.0,0.0,0.0,0.0004355669532706586,0.00027215479386337763,1.9661332695533442,0.0,0.0,0.0
4547,15,-312.4571,460.9585,-0.0112634655,0.0,-0.0,0.0,0.0,0.0004355669532706586,0.00027215479386337763,1.9661332695533442,0.0,0.0,0.0
4548,15,-312.4571,460.9585,-0.0112634655,0.0,-0.0,0.0,0.0,0.0004355669532706586,0.00027215479386337763,1.9661332695533442,0.0,0.0,0.0
4549,15,-312.4571,460.9585,-0.0112634655,0.0,-0.0,0.0,0.0,0.0004355669532706586,0.00027215479386337763,1.9661332695533442,0.0,0.0,0.0
4550,15,-312.4571,460.9585,-0.0112634655,0.0,-0.0,0.0,0.0,0.0004355669532706586,0.00027215479386337763,1.9661332695533442,0.0,0.0,0.0
4551,15,-312.4571,460.9585,-0.0112634655,0.0,-0.0,0.0,0.0,0.0004355669532706586,0.00027215479386337763,1.9661332695533442,0.0,0.0,0.0
4552,15,-312.4571,460.9585,-0.0112634655,0.0,-0.0,0.0,0.0,0.0004355669532706586,0.00027215479386337763,1.9661332695533442,0.0,0.0,0.0
4553,15,-312.4571,460.9585,-0.0112634655,0.0,-0.0,0.0,0.0,0.0004355669532706586,0.00027215479386337763,1.9661332695533442,0.0,0.0,0.0
4554,15,-312.4571,460.9585,-0.0112634655,0.0,-0.0,0.0,0.0,0.0004355669532706586,0.00027215479386337763,1.9661332695533442,0.0,0.0,0.0
4555,15,-312.4571,460.9585,-0.0112634655,0.0,-0.0,0.0,0.0,0.0004355669532706586,0.00027215479386337763,1.9661332695533442,0.0,0.0,0.0
4556,15,-312.4571,460.9585,-0.0112634655,0.0,-0.0,0.0,0.0,0.0004355669532706586,0.00027215479386337763,1.9661332695533442,0.0,0.0,0.0
4557,15,-312.4571,460.9585,-0.0112634655,0.0,-0.0,0.0,0.0,0.0004355669532706586,0.00027215479386337763,1.9661332695533442,0.0,0.0,0.0
4558,15,-312.4571,460.9585,-0.0112634655,0.0,-0.0,0.0,0.0,0.0004355669532706586,0.00027215479386337763,1.9661332695533442,0.0,0.0,0.0
4559,15,-312.4571,460.9585,-0.0112634655,0.0,-0.0,0.0,0.0,0.0004355669532706586,0.00027215479386337763,1.9661332695533442,0.0,0.0,0.0
4560,15,-312.4571,460.9585,-0.0112634655,0.0,-0.0,0.0,0.0,0.0004355669532706586,0.00027215479386337763,1.9661332695533442,0.0,0.0,0.0
4561,15,-312.4571,460.9585,-0.0112634655,0.0,-0.0,0.0,0.0,0.0004355669532706586,0.00027215479386337763,1.9661332695533442,0.0,0.0,0.0
4562,15,-312.4571,460.9585,-0.0112634655,0.0,-0.0,0.0,0.0,0.0004355669532706586,0.00027215479386337763,1.9661332695533442,0.0,0.0,0.0
4563,15,-312.4571,460.9585,-0.0112634655,0.0,-0.0,0.0,0.0,0.0004355669532706586,0.00027215479386337763,1.9661332695533442,0.0,0.0,0.0
4564,15,-312.4571,460.9585,-0.0112634655,0.0,-0.0,0.0,0.0,0.0004355669532706586,0.00027215479386337763,1.9661332695533442,0.0,0.0,0.0
4565,15,-312.4571,460.9585,-0.0112634655,0.0,-0.0,0.0,0.0,0.0004355669532706586,0.00027215479386337763,1.9661332695533442,0.0,0.0,0.0
4566,15,-312.4571,460.9585,-0.0112634655,0.0,-0.0,0.0,0.0,0.0004355669532706586,0.00027215479386337763,1.9661332695533442,0.0,0.0,0.0
4567,15,-312.4571,460.9585,-0.0112634655,0.0,-0.0,0.0,0.0,0.0004355669532706586,0.00027215479386337763,1.9661332695533442,0.0,0.0,0.0
4568,15,-312.4571,460.9585,-0.0112634655,0.0,-0.0,0.0,0.0,0.0004355669532706586,0.00027215479386337763,1.9661332695533442,0.0,0.0,0.0
4569,15,-312.4571,460.9585,-0.0112634655,0.0,-0.0,0.0,0.0,0.0004355669532706586,0.00027215479386337763,1.9661332695533442,0.0,0.0,0.0
4570,15,-312.4571,460.9585,-0.0112634655,0.0,-0.0,0.0,0.0,0.0004355669532706586,0.00027215479386337763,1.9661332695533442,0.0,0.0,0.0
4571,15,-312.4571,460.9585,-0.0112634655,0.0,-0.0,0.0,0.0,0.0004355669532706586,0.00027215479386337763,1.9661332695533442,0.0,0.0,0.0
4572,15,-312.4571,460.9585,-0.0112634655,0.0,-0.0,0.0,0.0,0.0004355669532706586,0.00027215479386337763,1.9661332695533442,0.0,0.0,0.0
4573,15,-312.4571,460.9585,-0.0112634655,0.0,-0.0,0.0,0.0,0.0004355669532706586,0.00027215479386337763,1.9661332695533442,0.0,0.0,0.0
4574,15,-312.4571,460.9585,-0.0112634655,0.0,-0.0,0.0,0.0,0.0004355669532706586,0.00027215479386337763,1.9661332695533442,0.0,0.0,0.0
4575,15,-312.4571,460.9585,-0.0112634655,0.0,-0.0,0.0,0.0,0.0004355669532706586,0.00027215479386337763,1.9661332695533442,0.0,0.0,0.0
4576,15,-312.4571,460.9585,-0.0112634655,0.0,-0.0,0.0,0.0,0.0004355669532706586,0.00027215479386337763,1.9661332695533442,0.0,0.0,0.0
4577,15,-312.4571,460.9585,-0.0112634655,0.0,-0.0,0.0,0.0,0.0004355669532706586,0.00027215479386337763,1.9661332695533442,0.0,0.0,0.0
4578,15,-312.4571,460.9585,-0.0112634655,0.0,-0.0,0.0,0.0,0.0004355669532706586,0.00027215479386337763,1.9661332695533442,0.0,0.0,0.0
4579,15,-312.4571,460.9585,-0.0112634655,0.0,-0.0,0.0,0.0,0.0004355669532706586,0.00027215479386337763,1.9661332695533442,0.0,0.0,0.0
4580,15,-312.4571,460.9585,-0.0112634655,0.0,-0.0,0.0,0.0,0.0004355669532706586,0.00027215479386337763,1.9661332695533442,0.0,0.0,0.0
4581,15,-312.4571,460.9585,-0.0112634655,0.0,-0.0,0.0,0.0,0.0004355669532706586,0.00027215479386337763,1.9661332695533442,0.0,0.0,0.0
4582,15,-312.4571,460.9585,-0.0112634655,0.0,-0.0,0.0,0.0,0.0004355669532706586,0.00027215479386337763,1.9661332695533442,0.0,0.0,0.0
4583,15,-312.4571,460.9585,-0.0112634655,0.0,-0.0,0.0,0.0,0.0004355669532706586,0.00027215479386337763,1.9661332695533442,0.0,0.0,0.0
4584,15,-312.4571,460.9585,-0.0112634655,0.0,-0.0,0.0,0.0,0.0004355669532706586,0.00027215479386337763,1.9661332695533442,0.0,0.0,0.0
4585,15,-312.4571,460.9585,-0.0112634655,0.0,-0.0,0.0,0.0,0.0004355669532706586,0.00027215479386337763,1.9661332695533442,0.0,0.0,0.0
4586,15,-312.4571,460.9585,-0.0112634655,0.0,-0.0,0.0,0.0,0.0004355669532706586,0.00027215479386337763,1.9661332695533442,0.0,0.0,0.0
4587,15,-312.4571,460.9585,-0.0112634655,0.0,-0.0,0.0,0.0,0.0004355669532706586,0.00027215479386337763,1.9661332695533442,0.0,0.0,0.0
4588,15,-312.4571,460.9585,-0.0112634655,0.0,-0.0,0.0,0.0,0.0004355669532706586,0.00027215479386337763,1.9661332695533442,0.0,0.0,0.0
4589,15,-312.4571,460.9585,-0.0112634655,0.0,-0.0,0.0,0.0,0.0004355669532706586,0.00027215479386337763,1.9661332695533442,0.0,0.0,0.0
4590,15,-312.4571,460.9585,-0.0112634655,0.0,-0.0,0.0,0.0,0.0004355669532706586,0.00027215479386337763,1.9661332695533442,0.0,0.0,0.0
4591,15,-312.4571,460.9585,-0.0112634655,0.0,-0.0,0.0,0.0,0.0004355669532706586,0.00027215479386337763,1.9661332695533442,0.0,0.0,0.0
4592,15,-312.4571,460.9585,-0.0112634655,0.0,-0.0,0.0,0.0,0.0004355669532706586,0.00027215479386337763,1.9661332695533442,0.0,0.0,0.0
4593,15,-312.4571,460.9585,-0.0112634655,0.0,-0.0,0.0,0.0,0.0004355669532706586,0.00027215479386337763,1.9661332695533442,0.0,0.0,0.0
4594,15,-312.4571,460.9585,-0.0112634655,0.0,-0.0,0.0,0.0,0.0004355669532706586,0.00027215479386337763,1.9661332695533442,0.0,0.0,0.0
4595,15,-312.4571,460.9585,-0.0112634655,0.0,-0.0,0.0,0.0,0.0004355669532706586,0.00027215479386337763,1.9661332695533442,0.0,0.0,0.0
4596,15,-312.4571,460.9585,-0.0112634655,0.0,-0.0,0.0,0.0,0.0004355669532706586,0.00027215479386337763,1.9661332695533442,0.0,0.0,0.0
4597,15,-312.4571,460.9585,-0.0112634655,0.0,-0.0,0.0,0.0,0.0004355669532706586,0.00027215479386337763,1.9661332695533442,0.0,0.0,0.0
4598,15,-312.4571,460.9585,-0.0112634655,0.0,-0.0,0.0,0.0,0.0004355669532706586,0.00027215479386337763,1.9661332695533442,0.0,0.0,0.0
4599,15,-312.4571,460.9585,-0.0112634655,0.0,-0.0,0.0,0.0,0.0004355669532706586,0.00027215479386337763,1.9661332695533442,0.0,0.0,0.0
4600,15,-312.4571,460.9585,-0.0112634655,0.0,-0.0,0.0,0.0,0.0004355669532706586,0.00027215479386337763,1.9661332695533442,0.0,0.0,0.0
4601,15,-312.4571,460.9585,-0.0112634655,0.0,-0.0,0.0,0.0,0.0004355669532706586,0.00027215479386337763,1.9661332695533442,0.0,0.0,0.0
4602,15,-312.4571,460.9585,-0.0112634655,0.0,-0.0,0.0,0.0,0.0004355669532706586,0.00027215479386337763,1.9661332695533442,0.0,0.0,0.0
4603,15,-312.4571,460.9585,-0.0112634655,0.0,-0.0,0.0,0.0,0.0004355669532706586,0.00027215479386337763,1.9661332695533442,0.0,0.0,0.0
4604,15,-312.4571,460.9585,-0.0112634655,0.0,-0.0,0.0,0.0,0.0004355669532706586,0.00027215479386337763,1.9661332695533442,0.0,0.0,0.0
4605,15,-312.4571,460.9585,-0.0112634655,0.0,-0.0,0.0,0.0,0.0004355669532706586,0.00027215479386337763,1.9661332695533442,0.0,0.0,0.0
4606,15,-312.4571,460.9585,-0.0112634655,0.0,-0.0,0.0,0.0,0.0004355669532706586,0.00027215479386337763,1.9661332695533442,0.0,0.0,0.0
4607,15,-312.4571,460.9585,-0.0112634655,0.0,-0.0,0.0,0.0,0.0004355669532706586,0.00027215479386337763,1.9661332695533442,0.0,0.0,0.0
4608,15,-312.4571,460.9585,-0.0112634655,0.0,-0.0,0.0,0.0,0.0004355669532706586,0.00027215479386337763,1.9661332695533442,0.0,0.0,0.0
4609,15,-312.4571,460.9585,-0.0112634655,0.0,-0.0,0.0,0.0,0.0004355669532706586,0.00027215479386337763,1.9661332695533442,0.0,0.0,0.0
4610,15,-312.4571,460.9585,-0.0112634655,0.0,-0.0,0.0,0.0,0.0004355669532706586,0.00027215479386337763,1.9661332695533442,0.0,0.0,0.0
4611,15,-312.4571,460.9585,-0.0112634655,0.0,-0.0,0.0,0.0,0.0004355669532706586,0.00027215479386337763,1.9661332695533442,0.0,0.0,0.0
4612,15,-312.4571,460.9585,-0.0112634655,0.0,-0.0,0.0,0.0,0.0004355669532706586,0.00027215479386337763,1.9661332695533442,0.0,0.0,0.0
4613,15,-312.4571,460.9585,-0.0112634655,0.0,-0.0,0.0,0.0,0.0004355669532706586,0.00027215479386337763,1.9661332695533442,0.0,0.0,0.0
4614,15,-312.4571,460.9585,-0.0112634655,0.0,-0.0,0.0,0.0,0.0004355669532706586,0.00027215479386337763,1.9661332695533442,0.0,0.0,0.0
4615,15,-312.4571,460.9585,-0.0112634655,0.0,-0.0,0.0,0.0,0.0004355669532706586,0.00027215479386337763,1.9661332695533442,0.0,0.0,0.0
4616,15,-312.4571,460.9585,-0.0112634655,0.0,-0.0,0.0,0.0,0.0004355669532706586,0.00027215479386337763,1.9661332695533442,0.0,0.0,0.0
4617,15,-312.4571,460.9585,-0.0112634655,0.0,-0.0,0.0,0.0,0.0004355669532706586,0.00027215479386337763,1.9661332695533442,0.0,0.0,0.0
4618,15,-312.4571,460.9585,-0.0112634655,0.0,-0.0,0.0,0.0,0.0004355669532706586,0.00027215479386337763,1.9661332695533442,0.0,0.0,0.0
4619,15,-312.4571,460.9585,-0.0112634655,0.0,-0.0,0.0,0.0,0.0004355669532706586,0.00027215479386337763,1.9661332695533442,0.0,0.0,0.0
4620,15,-312.4571,460.9585,-0.0112634655,0.0,-0.0,0.0,0.0,0.0004355669532706586,0.00027215479386337763,1.9661332695533442,0.0,0.0,0.0
4621,15,-312.4571,460.9585,-0.0112634655,0.0,-0.0,0.0,0.0,0.0004355669532706586,0.00027215479386337763,1.9661332695533442,0.0,0.0,0.0
4622,15,-312.4571,460.9585,-0.0112634655,0.0,-0.0,0.0,0.0,0.0004355669532706586,0.00027215479386337763,1.9661332695533442,0.0,0.0,0.0
4623,15,-312.4571,460.9585,-0.0112634655,0.0,-0.0,0.0,0.0,0.0004355669532706586,0.00027215479386337763,1.9661332695533442,0.0,0.0,0.0
4624,15,-312.4571,460.9585,-0.0112634655,0.0,-0.0,0.0,0.0,0.0004355669532706586,0.00027215479386337763,1.9661332695533442,0.0,0.0,0.0
4625,15,-312.4571,460.9585,-0.0112634655,0.0,-0.0,0.0,0.0,0.0004355669532706586,0.00027215479386337763,1.9661332695533442,0.0,0.0,0.0
4626,15,-312.4571,460.9585,-0.0112634655,0.0,-0.0,0.0,0.0,0.0004355669532706586,0.00027215479386337763,1.9661332695533442,0.0,0.0,0.0
4627,15,-312.4571,460.9585,-0.0112634655,0.0,-0.0,0.0,0.0,0.0004355669532706586,0.00027215479386337763,1.9661332695533442,0.0,0.0,0.0
4628,15,-312.4571,460.9585,-0.0112634655,0.0,-0.0,0.0,0.0,0.0004355669532706586,0.00027215479386337763,1.9661332695533442,0.0,0.0,0.0
4629,15,-312.4571,460.9585,-0.0112634655,0.0,-0.0,0.0,0.0,0.0004355669532706586,0.00027215479386337763,1.9661332695533442,0.0,0.0,0.0
4630,15,-312.4571,460.9585,-0.0112634655,0.0,-0.0,0.0,0.0,0.0004355669532706586,0.00027215479386337763,1.9661332695533442,0.0,0.0,0.0
4631,15,-312.4571,460.9585,-0.0112634655,0.0,-0.0,0.0,0.0,0.0004355669532706586,0.00027215479386337763,1.9661332695533442,0.0,0.0,0.0
4632,15,-312.4571,460.9585,-0.0112634655,0.0,-0.0,0.0,0.0,0.0004355669532706586,0.00027215479386337763,1.9661332695533442,0.0,0.0,0.0
4633,15,-312.4571,460.9585,-0.0112634655,0.0,-0.0,0.0,0.0,0.0004355669532706586,0.00027215479386337763,1.9661332695533442,0.0,0.0,0.0
4634,15,-312.4571,460.9585,-0.0112634655,0.0,-0.0,0.0,0.0,0.0004355669532706586,0.00027215479386337763,1.9661332695533442,0.0,0.0,0.0
4635,15,-312.4571,460.9585,-0.0112634655,0.0,-0.0,0.0,0.0,0.0004355669532706586,0.00027215479386337763,1.9661332695533442,0.0,0.0,0.0
4636,15,-312.4571,460.9585,-0.0112634655,0.0,-0.0,0.0,0.0,0.0004355669532706586,0.00027215479386337763,1.9661332695533442,0.0,0.0,0.0
4637,15,-312.4571,460.9585,-0.0112634655,0.0,-0.0,0.0,0.0,0.0004355669532706586,0.00027215479386337763,1.9661332695533442,0.0,0.0,0.0
4638,15,-312.4571,460.9585,-0.0112634655,0.0,-0.0,0.0,0.0,0.0004355669532706586,0.00027215479386337763,1.9661332695533442,0.0,0.0,0.0
4639,15,-312.4571,460.9585,-0.0112634655,0.0,-0.0,0.0,0.0,0.0004355669532706586,0.00027215479386337763,1.9661332695533442,0.0,0.0,0.0
4640,15,-312.4571,460.9585,-0.0112634655,0.0,-0.0,0.0,0.0,0.0004355669532706586,0.00027215479386337763,1.9661332695533442,0.0,0.0,0.0
4641,15,-312.4571,460.9585,-0.0112634655,0.0,-0.0,0.0,0.0,0.0004355669532706586,0.00027215479386337763,1.9661332695533442,0.0,0.0,0.0
4642,15,-312.4571,460.9585,-0.0112634655,0.0,-0.0,0.0,0.0,0.0004355669532706586,0.00027215479386337763,1.9661332695533442,0.0,0.0,0.0
4643,15,-312.4571,460.9585,-0.0112634655,0.0,-0.0,0.0,0.0,0.0004355669532706586,0.00027215479386337763,1.9661332695533442,0.0,0.0,0.0
4644,15,-312.4571,460.9585,-0.0112634655,0.0,-0.0,0.0,0.0,0.0004355669532706586,0.00027215479386337763,1.9661332695533442,0.0,0.0,0.0
4645,15,-312.4571,460.9585,-0.0112634655,0.0,-0.0,0.0,0.0,0.0004355669532706586,0.00027215479386337763,1.9661332695533442,0.0,0.0,0.0
4646,15,-312.4571,460.9585,-0.0112634655,0.0,-0.0,0.0,0.0,0.0004355669532706586,0.00027215479386337763,1.9661332695533442,0.0,0.0,0.0
4647,15,-312.4571,460.9585,-0.0112634655,0.0,-0.0,0.0,0.0,0.0004355669532706586,0.00027215479386337763,1.9661332695533442,0.0,0.0,0.0
4648,15,-312.4571,460.9585,-0.0112634655,0.0,-0.0,0.0,0.0,0.0004355669532706586,0.00027215479386337763,1.9661332695533442,0.0,0.0,0.0
4649,15,-312.4571,460.9585,-0.0112634655,0.0,-0.0,0.0,0.0,0.0004355669532706586,0.00027215479386337763,1.9661332695533442,0.0,0.0,0.0
4650,15,-312.4571,460.9585,-0.0112634655,0.0,-0.0,0.0,0.0,0.0004355669532706586,0.00027215479386337763,1.9661332695533442,0.0,0.0,0.0
4651,15,-312.4571,460.9585,-0.0112634655,0.0,-0.0,0.0,0.0,0.0004355669532706586,0.00027215479386337763,1.9661332695533442,0.0,0.0,0.0
4652,15,-312.4571,460.9585,-0.0112634655,0.0,-0.0,0.0,0.0,0.0004355669532706586,0.00027215479386337763,1.9661332695533442,0.0,0.0,0.0
4653,15,-312.4571,460.9585,-0.0112634655,0.0,-0.0,0.0,0.0,0.0004355669532706586,0.00027215479386337763,1.9661332695533442,0.0,0.0,0.0
4654,15,-312.4571,460.9585,-0.0112634655,0.0,-0.0,0.0,0.0,0.0004355669532706586,0.00027215479386337763,1.9661332695533442,0.0,0.0,0.0
4655,15,-312.4571,460.9585,-0.0112634655,0.0,-0.0,0.0,0.0,0.0004355669532706586,0.00027215479386337763,1.9661332695533442,0.0,0.0,0.0
4656,15,-312.4571,460.9585,-0.0112634655,0.0,-0.0,0.0,0.0,0.0004355669532706586,0.00027215479386337763,1.9661332695533442,0.0,0.0,0.0
4657,15,-312.4571,460.9585,-0.0112634655,0.0,-0.0,0.0,0.0,0.0004355669532706586,0.00027215479386337763,1.9661332695533442,0.0,0.0,0.0
4658,15,-312.4571,460.9585,-0.0112634655,0.0,-0.0,0.0,0.0,0.0004355669532706586,0.00027215479386337763,1.9661332695533442,0.0,0.0,0.0
4659,15,-312.4571,460.9585,-0.0112634655,0.0,-0.0,0.0,0.0,0.0004355669532706586,0.00027215479386337763,1.9661332695533442,0.0,0.0,0.0
4660,15,-312.4571,460.9585,-0.0112634655,0.0,-0.0,0.0,0.0,0.0004355669532706586,0.00027215479386337763,1.9661332695533442,0.0,0.0,0.0
4661,15,-312.4571,460.9585,-0.0112634655,0.0,-0.0,0.0,0.0,0.0004355669532706586,0.00027215479386337763,1.9661332695533442,0.0,0.0,0.0
4662,15,-312.4571,460.9585,-0.0112634655,0.0,-0.0,0.0,0.0,0.0004355669532706586,0.00027215479386337763,1.9661332695533442,0.0,0.0,0.0
4663,15,-312.4571,460.9585,-0.0112634655,0.0,-0.0,0.0,0.0,0.0004355669532706586,0.00027215479386337763,1.9661332695533442,0.0,0.0,0.0
4664,15,-312.4571,460.9585,-0.0112634655,0.0,-0.0,0.0,0.0,0.0004355669532706586,0.00027215479386337763,1.9661332695533442,0.0,0.0,0.0
4665,15,-312.4571,460.9585,-0.0112634655,0.0,-0.0,0.0,0.0,0.0004355669532706586,0.00027215479386337763,1.9661332695533442,0.0,0.0,0.0
4666,15,-312.4571,460.9585,-0.0112634655,0.0,-0.0,0.0,0.0,0.0004355669532706586,0.00027215479386337763,1.9661332695533442,0.0,0.0,0.0
4667,15,-312.4571,460.9585,-0.0112634655,0.0,-0.0,0.0,0.0,0.0004355669532706586,0.00027215479386337763,1.9661332695533442,0.0,0.0,0.0
4668,15,-312.4571,460.9585,-0.0112634655,0.0,-0.0,0.0,0.0,0.0004355669532706586,0.00027215479386337763,1.9661332695533442,0.0,0.0,0.0
4669,15,-312.4571,460.9585,-0.0112634655,0.0,-0.0,0.0,0.0,0.0004355669532706586,0.00027215479386337763,1.9661332695533442,0.0,0.0,0.0
4670,15,-312.4571,460.9585,-0.0112634655,0.0,-0.0,0.0,0.0,0.0004355669532706586,0.00027215479386337763,1.9661332695533442,0.0,0.0,0.0
4671,15,-312.4571,460.9585,-0.0112634655,0.0,-0.0,0.0,0.0,0.0004355669532706586,0.00027215479386337763,1.9661332695533442,0.0,0.0,0.0
4672,15,-312.4571,460.9585,-0.0112634655,0.0,-0.0,0.0,0.0,0.0004355669532706586,0.00027215479386337763,1.9661332695533442,0.0,0.0,0.0
4673,15,-312.4571,460.9585,-0.0112634655,0.0,-0.0,0.0,0.0,0.0004355669532706586,0.00027215479386337763,1.9661332695533442,0.0,0.0,0.0
4674,15,-312.4571,460.9585,-0.0112634655,0.0,-0.0,0.0,0.0,0.0004355669532706586,0.00027215479386337763,1.9661332695533442,0.0,0.0,0.0
4675,15,-312.4571,460.9585,-0.0112634655,0.0,-0.0,0.0,0.0,0.0004355669532706586,0.00027215479386337763,1.9661332695533442,0.0,0.0,0.0
4676,15,-312.4571,460.9585,-0.0112634655,0.0,-0.0,0.0,0.0,0.0004355669532706586,0.00027215479386337763,1.9661332695533442,0.0,0.0,0.0
4677,15,-312.4571,460.9585,-0.0112634655,0.0,-0.0,0.0,0.0,0.0004355669532706586,0.00027215479386337763,1.9661332695533442,0.0,0.0,0.0
4678,15,-312.4571,460.9585,-0.0112634655,0.0,-0.0,0.0,0.0,0.0004355669532706586,0.00027215479386337763,1.9661332695533442,0.0,0.0,0.0
4679,15,-312.4571,460.9585,-0.0112634655,0.0,-0.0,0.0,0.0,0.0004355669532706586,0.00027215479386337763,1.9661332695533442,0.0,0.0,0.0
4680,15,-312.4571,460.9585,-0.0112634655,0.0,-0.0,0.0,0.0,0.0004355669532706586,0.00027215479386337763,1.9661332695533442,0.0,0.0,0.0
4681,15,-312.4571,460.9585,-0.0112634655,0.0,-0.0,0.0,0.0,0.0004355669532706586,0.00027215479386337763,1.9661332695533442,0.0,0.0,0.0
4682,15,-312.4571,460.9585,-0.0112634655,0.0,-0.0,0.0,0.0,0.0004355669532706586,0.00027215479386337763,1.9661332695533442,0.0,0.0,0.0
4683,15,-312.4571,460.9585,-0.0112634655,0.0,-0.0,0.0,0.0,0.0004355669532706586,0.00027215479386337763,1.9661332695533442,0.0,0.0,0.0
4684,15,-312.4571,460.9585,-0.0112634655,0.0,-0.0,0.0,0.0,0.0004355669532706586,0.00027215479386337763,1.9661332695533442,0.0,0.0,0.0
4685,15,-312.4571,460.9585,-0.0112634655,0.0,-0.0,0.0,0.0,0.0004355669532706586,0.00027215479386337763,1.9661332695533442,0.0,0.0,0.0
4686,15,-312.4571,460.9585,-0.0112634655,0.0,-0.0,0.0,0.0,0.0004355669532706586,0.00027215479386337763,1.9661332695533442,0.0,0.0,0.0
4687,15,-312.4571,460.9585,-0.0112634655,0.0,-0.0,0.0,0.0,0.0004355669532706586,0.00027215479386337763,1.9661332695533442,0.0,0.0,0.0
4688,15,-312.4571,460.9585,-0.0112634655,0.0,-0.0,0.0,0.0,0.0004355669532706586,0.00027215479386337763,1.9661332695533442,0.0,0.0,0.0
4689,15,-312.4571,460.9585,-0.0112634655,0.0,-0.0,0.0,0.0,0.0004355669532706586,0.00027215479386337763,1.9661332695533442,0.0,0.0,0.0
4690,15,-312.4571,460.9585,-0.0112634655,0.0,-0.0,0.0,0.0,0.0004355669532706586,0.00027215479386337763,1.9661332695533442,0.0,0.0,0.0
4691,15,-312.4571,460.9585,-0.0112634655,0.0,-0.0,0.0,0.0,0.0004355669532706586,0.00027215479386337763,1.9661332695533442,0.0,0.0,0.0
4692,15,-312.4571,460.9585,-0.0112634655,0.0,-0.0,0.0,0.0,0.0004355669532706586,0.00027215479386337763,1.9661332695533442,0.0,0.0,0.0
4693,15,-312.4571,460.9585,-0.0112634655,0.0,-0.0,0.0,0.0,0.0004355669532706586,0.00027215479386337763,1.9661332695533442,0.0,0.0,0.0
4694,15,-312.4571,460.9585,-0.0112634655,0.0,-0.0,0.0,0.0,0.0004355669532706586,0.00027215479386337763,1.9661332695533442,0.0,0.0,0.0
4695,15,-312.4571,460.9585,-0.0112634655,0.0,-0.0,0.0,0.0,0.0004355669532706586,0.00027215479386337763,1.9661332695533442,0.0,0.0,0.0
4696,15,-312.4571,460.9585,-0.0112634655,0.0,-0.0,0.0,0.0,0.0004355669532706586,0.00027215479386337763,1.9661332695533442,0.0,0.0,0.0
4697,15,-312.4571,460.9585,-0.0112634655,0.0,-0.0,0.0,0.0,0.0004355669532706586,0.00027215479386337763,1.9661332695533442,0.0,0.0,0.0
4698,15,-312.4571,460.9585,-0.0112634655,0.0,-0.0,0.0,0.0,0.0004355669532706586,0.00027215479386337763,1.9661332695533442,0.0,0.0,0.0
4699,15,-312.4571,460.9585,-0.0112634655,0.0,-0.0,0.0,0.0,0.0004355669532706586,0.00027215479386337763,1.9661332695533442,0.0,0.0,0.0
4700,15,-312.4571,460.9585,-0.0112634655,0.0,-0.0,0.0,0.0,0.0004355669532706586,0.00027215479386337763,1.9661332695533442,0.0,0.0,0.0
4701,15,-312.4571,460.9585,-0.0112634655,0.0,-0.0,0.0,0.0,0.0004355669532706586,0.00027215479386337763,1.9661332695533442,0.0,0.0,0.0
4702,15,-312.4571,460.9585,-0.0112634655,0.0,-0.0,0.0,0.0,0.0004355669532706586,0.00027215479386337763,1.9661332695533442,0.0,0.0,0.0
4703,15,-312.4571,460.9585,-0.0112634655,0.0,-0.0,0.0,0.0,0.0004355669532706586,0.00027215479386337763,1.9661332695533442,0.0,0.0,0.0
4704,15,-312.4571,460.9585,-0.0112634655,0.0,-0.0,0.0,0.0,0.0004355669532706586,0.00027215479386337763,1.9661332695533442,0.0,0.0,0.0
4705,15,-312.4571,460.9585,-0.0112634655,0.0,-0.0,0.0,0.0,0.0004355669532706586,0.00027215479386337763,1.9661332695533442,0.0,0.0,0.0
4706,15,-312.4571,460.9585,-0.0112634655,0.0,-0.0,0.0,0.0,0.0004355669532706586,0.00027215479386337763,1.9661332695533442,0.0,0.0,0.0
4707,15,-312.4571,460.9585,-0.0112634655,0.0,-0.0,0.0,0.0,0.0004355669532706586,0.00027215479386337763,1.9661332695533442,0.0,0.0,0.0
4708,15,-312.4571,460.9585,-0.0112634655,0.0,-0.0,0.0,0.0,0.0004355669532706586,0.00027215479386337763,1.9661332695533442,0.0,0.0,0.0
4709,15,-312.4571,460.9585,-0.0112634655,0.0,-0.0,0.0,0.0,0.0004355669532706586,0.00027215479386337763,1.9661332695533442,0.0,0.0,0.0
4710,15,-312.4571,460.9585,-0.0112634655,0.0,-0.0,0.0,0.0,0.0004355669532706586,0.00027215479386337763,1.9661332695533442,0.0,0.0,0.0
4711,15,-312.4571,460.9585,-0.0112634655,0.0,-0.0,0.0,0.0,0.0004355669532706586,0.00027215479386337763,1.9661332695533442,0.0,0.0,0.0
4712,15,-312.4571,460.9585,-0.0112634655,0.0,-0.0,0.0,0.0,0.0004355669532706586,0.00027215479386337763,1.9661332695533442,0.0,0.0,0.0
4713,15,-312.4571,460.9585,-0.0112634655,0.0,-0.0,0.0,0.0,0.0004355669532706586,0.00027215479386337763,1.9661332695533442,0.0,0.0,0.0
4714,15,-312.4571,460.9585,-0.0112634655,0.0,-0.0,0.0,0.0,0.0004355669532706586,0.00027215479386337763,1.9661332695533442,0.0,0.0,0.0
4715,15,-312.4571,460.9585,-0.0112634655,0.0,-0.0,0.0,0.0,0.0004355669532706586,0.00027215479386337763,1.9661332695533442,0.0,0.0,0.0
4716,15,-312.4571,460.9585,-0.0112634655,0.0,-0.0,0.0,0.0,0.0004355669532706586,0.00027215479386337763,1.9661332695533442,0.0,0.0,0.0
4717,15,-312.4571,460.9585,-0.0112634655,0.0,-0.0,0.0,0.0,0.0004355669532706586,0.00027215479386337763,1.9661332695533442,0.0,0.0,0.0
4718,15,-312.4571,460.9585,-0.0112634655,0.0,-0.0,0.0,0.0,0.0004355669532706586,0.00027215479386337763,1.9661332695533442,0.0,0.0,0.0
