tick,waypoint_idx,loc_x,loc_y,loc_z,vel_x,vel_y,vel_z,speed,roll,pitch,yaw,throttle,steer,brake
6854,0,-283.9482,392.1054,-0.011297836,-0.30212912,0.8301597,-4.1742325e-05,0.883429229259491,1.0844233293145977e-06,-0.0002603530761157323,1.9198334150539897,0.48000000000000004,0.0,0.0
6855,0,-283.96344,392.1472,-0.011299667,-0.31701055,0.8710515,-2.7713775e-05,0.9269446730613708,1.0844233293145977e-06,-0.0002603530761157323,1.9198334150539897,0.56,0.0,0.0
6856,0,-283.9794,392.19113,-0.011301117,-0.33240405,0.9133502,-1.7871856e-05,0.9719573259353638,1.0844233293145977e-06,-0.0002603530761157323,1.9198334150539897,0.64,0.0,0.0
6857,0,-283.99588,392.23645,-0.011280517,-0.33849144,0.9300778,-0.00026322363,0.9897581934928894,4.4315671322414905e-07,-0.0002439021884575306,1.9198334150539897,0.72,0.0,0.0
6858,0,-284.01306,392.28366,-0.0112574,-0.32601914,0.8958079,0.001080923,0.953289806842804,3.2872048617849606e-07,-0.00023710725907224116,1.9198334150539897,0.7999999999999999,0.0,0.0
6859,0,-284.03073,392.33206,-0.011245078,-0.34131053,0.937826,0.0008764839,0.9980036020278931,2.4976905467732757e-07,-0.0002212524292581142,1.9198334150539897,0.8799999999999999,0.0,0.0
6860,0,-284.04932,392.38315,-0.011230316,-0.3634284,0.9986006,0.00034327983,1.0626775026321411,1.887237817379495e-07,-0.0002382993585057453,1.9198334150539897,0.9599999999999999,0.0,0.0
6861,0,-284.0693,392.4381,-0.011242179,-0.39095718,1.0742346,3.621578e-05,1.1431655883789062,1.4586840933808433e-07,-0.00028479097633808226,1.9198350129506436,0.9999847412109375,0.0,0.0
6862,0,-284.09082,392.4972,-0.011266136,-0.42012244,1.1544914,-7.9970356e-05,1.2285573482513428,6.865593916052387e-08,-0.0003370046356910195,1.9198326161056627,0.9999847412109375,0.0,0.0
6863,0,-284.1139,392.56067,-0.011292419,-0.45307788,1.245245,-0.00011342049,1.3251093626022339,0.0,-0.0003873109749614988,1.9198901403852084,0.9999847412109375,0.0,0.0
6864,0,-284.13876,392.62894,-0.01131958,-0.49506325,1.3598069,-0.00010736942,1.4471220970153809,0.0,-0.0004386901533327314,1.9198415376953144,0.9999847412109375,0.0,0.0
6865,0,-284.1655,392.70215,-0.011344413,-0.5331597,1.4672222,-9.029865e-05,1.5610893964767456,-1.5978877647883806e-06,-0.0004855394221261585,1.9195432636532255,0.9999847412109375,0.0,0.0
6866,0,-284.19403,392.7802,-0.01136341,-0.5645916,1.5558387,-7.0877075e-05,1.655112624168396,-4.2610483469099524e-06,-0.0005216598122726935,1.9191657605687067,0.9999847412109375,0.0,0.0
6867,0,-284.2243,392.8636,-0.011379089,-0.6037716,1.663187,-5.2313804e-05,1.7693872451782227,-5.32632167220081e-06,-0.0005519389655844587,1.9190800067816063,0.9999847412109375,0.0,0.0
6868,0,-284.25638,392.95187,-0.011390075,-0.6378405,1.7568558,-3.9277074e-05,1.8690593242645264,-4.2610633316611116e-06,-0.0005728006325248775,1.919022083027897,0.9999847412109375,0.0,0.0
6869,0,-284.29037,393.04532,-0.011399422,-0.67512727,1.859901,-2.719879e-05,1.9786430597305298,-3.7284339074124293e-06,-0.0005910396449513674,1.9189569687392445,0.9999847412109375,0.0,0.0
6870,0,-284.32614,393.14395,-0.011406784,-0.7137932,1.9666114,-2.0246505e-05,2.0921428203582764,-3.1958047371425803e-06,-0.0006060599775291445,1.9190235477664965,0.9999847412109375,0.0,0.0
6871,0,-284.36377,393.24753,-0.011412239,-0.7508764,2.0684748,-1.8162727e-05,2.2005462646484375,-2.130517189037063e-06,-0.0006167888236667459,1.9189914566753612,0.9999847412109375,0.0,0.0
6872,0,-284.4033,393.35635,-0.011416053,-0.78809583,2.1711664,-8.878707e-06,2.30977463722229,-1.5979169723541995e-06,-0.0006250142593685241,1.9189588329520075,0.9999847412109375,0.0,0.0
6873,0,-284.44467,393.4703,-0.011418571,-0.8249912,2.273075,-5.073547e-06,2.418156623840332,-1.5978878917777973e-06,-0.0006300210802401706,1.9189407234565952,0.9999847412109375,0.0,0.0
6874,0,-284.48785,393.5893,-0.011420059,-0.8618176,2.3745627,-3.5619735e-06,2.5261192321777344,-1.5979169723541995e-06,-0.0006327628487950424,1.9189469818851568,0.9999847412109375,0.0,0.0
6875,0,-284.5329,393.71335,-0.01142086,-0.8984583,2.4755929,-2.1982194e-06,2.6335883140563965,-1.0652876750949336e-06,-0.0006340742085612976,1.9189395250341046,0.9999847412109375,0.0,0.0
6876,0,-284.5797,393.8424,-0.011421165,-0.93514854,2.5766594,-2.0074845e-06,2.7411086559295654,-1.0652876750949336e-06,-0.0006346702338960816,1.9189433866176853,0.9999847412109375,0.0,0.0
6877,0,-284.62842,393.97656,-0.01142147,-0.9720745,2.6784165,-3.0660628e-06,2.849358558654785,-1.0652876750949336e-06,-0.0006346702338960816,1.9189433866176853,0.9999847412109375,0.0,0.0
6878,0,-284.67896,394.11572,-0.011422005,-1.0093337,2.7810822,-2.6226044e-06,2.958576202392578,-5.326875219067783e-07,-0.0006365775539785395,1.918942321353249,0.9999847412109375,0.0,0.0
6879,0,-284.7313,394.2601,-0.011422958,-1.0467807,2.8842537,-3.4046172e-06,3.068333148956299,-5.326875219067783e-07,-0.0006365775539785395,1.918942321353249,0.9999847412109375,0.0,0.0
6880,0,-284.78558,394.40952,-0.011423721,-1.084337,2.987737,-1.7213821e-06,3.1784207820892334,-5.326292972592657e-07,-0.0006402730801025122,1.918943120301576,0.9999847412109375,0.0,0.0
6881,1,-284.84164,394.5641,-0.011424598,-1.1219674,3.0914187,-1.7261505e-06,3.28872013092041,0.0,-0.0006421804001849701,1.9189432534596307,0.9999847412109375,0.0,0.0
6882,1,-284.89963,394.72382,-0.011425361,-1.1596351,3.1952057,-1.3113022e-06,3.3991310596466064,-2.91038366095712e-11,-0.0006439685412079037,1.9189432534596307,0.9999847412109375,0.0,0.0
6883,1,-284.9595,394.8887,-0.011425972,-1.1973301,3.2990685,-2.0170212e-06,3.509622812271118,-2.91038366095712e-11,-0.0006439685412079037,1.9189432534596307,0.9999847412109375,0.0,0.0
6884,1,-285.02118,395.05875,-0.011426506,-1.2350432,3.4029813,-1.9788743e-06,3.6201674938201904,0.0,-0.0006465911307032512,1.9189432534596307,0.9999847412109375,0.0,0.0
6885,1,-285.08475,395.23395,-0.011426849,-1.272768,3.5069258,-2.0742416e-06,3.730746269226074,0.0,-0.0006465911307032512,1.9189432534596307,0.9999847412109375,0.0,0.0
6886,1,-285.15024,395.41428,-0.01142723,-1.3105013,3.610895,-2.222061e-06,3.841350793838501,0.0,-0.0006483792717261848,1.9189432534596307,0.9999847412109375,0.0,0.0
6887,1,-285.2175,395.5998,-0.0114274975,-1.3482422,3.7148836,-2.3984908e-06,3.9519762992858887,0.0,-0.0006483792717261848,1.9189432534596307,0.9999847412109375,0.0,0.0
6888,1,-285.28668,395.79037,-0.011427688,-1.385988,3.8188865,-2.7418137e-06,4.06261682510376,0.0,-0.0006483792717261848,1.9189432534596307,0.9999847412109375,0.0,0.0
6889,1,-285.35776,395.98608,-0.011427841,-1.4237385,3.922903,-2.9230116e-06,4.173272132873535,0.0,-0.0006483792717261848,1.9189432534596307,0.9999847412109375,0.0,0.0
6890,1,-285.43063,396.18695,-0.011427956,-1.4614938,4.0269313,-3.5142898e-06,4.283939838409424,-2.91038366095712e-11,-0.0006501674127491184,1.9189432534596307,0.9999847412109375,0.0,0.0
6891,1,-285.50543,396.39297,-0.01142807,-1.4992528,4.1309695,-2.1600722e-06,4.394618034362793,-2.91038366095712e-11,-0.0006501674127491184,1.9189432534596307,0.9999847412109375,0.0,0.0
6892,1,-285.5821,396.6041,-0.011428184,-1.5370164,4.235023,-3.1375885e-06,4.505312442779541,-2.91038366095712e-11,-0.0006501674127491184,1.9189432534596307,0.9999847412109375,0.0,0.0
6893,1,-285.66058,396.82037,-0.01142826,-1.5747842,4.339087,-2.632141e-06,4.616018295288086,-2.91038366095712e-11,-0.0006501674127491184,1.9189432534596307,0.9999847412109375,0.0,0.0
6894,1,-285.74094,397.04184,-0.011428298,-1.6125569,4.443164,-2.603531e-06,4.726737022399902,-2.91038366095712e-11,-0.0006501674127491184,1.9189432534596307,0.9999847412109375,0.0,0.0
6895,1,-285.8232,397.2684,-0.011428337,-1.6503351,4.547256,-3.6144256e-06,4.837472915649414,-2.91038366095712e-11,-0.0006501674127491184,1.9189432534596307,0.9999847412109375,0.0,0.0
6896,1,-285.9073,397.50012,-0.011428375,-1.6881188,4.651363,-3.027916e-06,4.948224067687988,-2.91038366095712e-11,-0.0006501674127491184,1.9189432534596307,0.9999847412109375,0.0,0.0
6897,1,-285.99326,397.73697,-0.011428451,-1.7259088,4.7554874,-2.9850005e-06,5.058994293212891,-2.91038366095712e-11,-0.0006501674127491184,1.9189432534596307,0.9999847412109375,0.0,0.0
6898,1,-286.08115,397.97897,-0.011428566,-1.7637054,4.859631,-2.3365021e-06,5.1697845458984375,-2.91038366095712e-11,-0.0006501674127491184,1.9189432534596307,0.9999847412109375,0.0,0.0
6899,1,-286.1708,398.22614,-0.011428604,-1.80151,4.9637957,-2.131462e-06,5.28059720993042,-2.91038366095712e-11,-0.0006501674127491184,1.9189432534596307,0.9999847412109375,0.0,0.0
6900,1,-286.26236,398.4784,-0.011428642,-1.8393229,5.067984,-1.4925002e-06,5.391435146331787,-2.91038366095712e-11,-0.0006501674127491184,1.9189432534596307,0.9999847412109375,0.0,0.0
6901,1,-286.3558,398.73578,-0.01142868,-1.877146,5.1722,-2.322197e-06,5.502302646636963,-2.91038366095712e-11,-0.0006501674127491184,1.9189432534596307,0.9999847412109375,0.0,0.0
6902,1,-286.45105,398.99832,-0.011428795,-1.9149804,5.2764482,-3.1089783e-06,5.613204002380371,1.1728845696358877e-08,-0.0006519555537720519,1.9189432534596307,0.9999847412109375,0.0,0.0
6903,1,-286.5482,399.26602,-0.011428833,-1.9528288,5.380733,-2.450943e-06,5.724144458770752,1.1728845696358877e-08,-0.0006519555537720519,1.9189432534596307,0.9999847412109375,0.0,0.0
6904,1,-286.64722,399.5388,-0.011428948,-1.9906946,5.485067,-1.7547607e-06,5.835136890411377,1.1728845696358877e-08,-0.0006519555537720519,1.9189432534596307,0.9999847412109375,0.0,0.0
6905,1,-286.74805,399.8167,-0.011429024,-2.0285845,5.5894666,-2.6273726e-06,5.946199893951416,1.1728845696358877e-08,-0.0006519555537720519,1.9189432534596307,0.9999847412109375,0.0,0.0
6906,1,-286.8508,400.09976,-0.011429099,-2.066511,5.6939664,-2.565384e-06,6.057368755340576,1.1728845696358877e-08,-0.0006519555537720519,1.9189432534596307,0.9999847412109375,0.0,0.0
6907,1,-286.95538,400.388,-0.011429214,-2.1045034,5.79865,-2.412796e-06,6.168733596801758,1.1728845696358877e-08,-0.0006519555537720519,1.9189432534596307,0.9999847412109375,0.0,0.0
6908,1,-287.06186,400.68137,-0.0114293285,-2.142546,5.903471,-2.3937225e-06,6.280244827270508,1.1728845696358877e-08,-0.0006519555537720519,1.9189432534596307,0.9999847412109375,0.0,0.0
6909,1,-287.17017,400.9798,-0.011429405,-2.1804867,6.008011,-2.7418137e-06,6.391456604003906,1.1728845696358877e-08,-0.0006519555537720519,1.9189432534596307,0.9999847412109375,0.0,0.0
6910,1,-287.28033,401.2834,-0.011429405,-2.21825,6.1120625,-1.9788743e-06,6.5021491050720215,1.1728845696358877e-08,-0.0006519555537720519,1.9189432534596307,0.9999847412109375,0.0,0.0
6911,1,-287.39243,401.5921,-0.011429405,-2.2558782,6.2157397,-3.4570694e-06,6.612443447113037,1.1728845696358877e-08,-0.0006519555537720519,1.9189432534596307,0.9999847412109375,0.0,0.0
6912,1,-287.50632,401.9059,-0.011429405,-2.2934504,6.3192644,-2.4986266e-06,6.7225751876831055,1.1728845696358877e-08,-0.0006519555537720519,1.9189432534596307,0.9999847412109375,0.0,0.0
6913,1,-287.62207,402.22488,-0.0114293285,-2.3310173,6.4227757,-3.5095213e-06,6.832693099975586,1.1728845696358877e-08,-0.0006519555537720519,1.9189432534596307,0.9999847412109375,0.0,0.0
6914,1,-287.73972,402.54895,-0.0114293285,-2.3685565,6.5262103,-3.080368e-06,6.942728519439697,1.1728845696358877e-08,-0.0006519555537720519,1.9189432534596307,0.9999847412109375,0.0,0.0
6915,1,-287.85916,402.87814,-0.0114293285,-2.40595,6.629242,-3.4904479e-06,7.0523362159729,1.1728845696358877e-08,-0.0006519555537720519,1.9189432534596307,0.9999847412109375,0.0,0.0
6916,1,-287.98053,403.21246,-0.011429367,-2.4431946,6.7318645,-2.450943e-06,7.161508083343506,1.1728845696358877e-08,-0.0006519555537720519,1.9189432534596307,0.9999847412109375,0.0,0.0
6917,1,-288.10367,403.55188,-0.011429367,-2.480362,6.8342733,-1.7929077e-06,7.270452976226807,1.1728845696358877e-08,-0.0006519555537720519,1.9189432534596307,0.9999847412109375,0.0,0.0
6918,1,-288.22873,403.8964,-0.011429367,-2.5175095,6.936627,-1.964569e-06,7.379339218139648,1.1728845696358877e-08,-0.0006519555537720519,1.9189432534596307,0.9999847412109375,0.0,0.0
6919,1,-288.3556,404.24603,-0.011429367,-2.5546622,7.0389957,-2.260208e-06,7.488241672515869,1.1728845696358877e-08,-0.0006519555537720519,1.9189432534596307,0.9999847412109375,0.0,0.0
6920,1,-288.4844,404.6008,-0.011429443,-2.5918283,7.141401,-1.9311904e-06,7.597182750701904,1.1728845696358877e-08,-0.0006519555537720519,1.9189432534596307,0.9999847412109375,0.0,0.0
6921,1,-288.61496,404.9607,-0.011429519,-2.6290097,7.2438493,-2.1648407e-06,7.706169128417969,1.1728845696358877e-08,-0.0006519555537720519,1.9189432534596307,0.9999847412109375,0.0,0.0
6922,2,-288.7475,405.32568,-0.011429672,-2.6662066,7.3463416,-2.4938583e-06,7.815202713012695,8.440112477260907e-09,-0.0006538629388730911,1.9189432534596307,0.9999847412109375,0.0,0.0
6923,2,-288.8818,405.69586,-0.0114297485,-2.7034197,7.4488764,-2.4175642e-06,7.924281597137451,8.440112477260907e-09,-0.0006538629388730911,1.9189432534596307,0.9999847412109375,0.0,0.0
6924,2,-289.01804,406.07114,-0.011429825,-2.7406497,7.551458,-3.094673e-06,8.03341007232666,8.440112477260907e-09,-0.0006538629388730911,1.9189432534596307,0.9999847412109375,0.0,0.0
6925,2,-289.15604,406.4515,-0.011430015,-2.7778962,7.654084,-2.822876e-06,8.142586708068848,8.440112477260907e-09,-0.0006538629388730911,1.9189432534596307,0.9999847412109375,0.0,0.0
6926,2,-289.296,406.83707,-0.011430168,-2.8151588,7.756756,-2.350807e-06,8.251810073852539,8.440112477260907e-09,-0.0006538629388730911,1.9189432534596307,0.9999847412109375,0.0,0.0
6927,2,-289.43774,407.2277,-0.011430282,-2.852438,7.859475,-2.8562545e-06,8.361085891723633,8.440112477260907e-09,-0.0006538629388730911,1.9189432534596307,0.9999847412109375,0.0,0.0
6928,2,-289.5814,407.6235,-0.011430473,-2.8897338,7.962238,-2.9611588e-06,8.470407485961914,7.88713954292496e-09,-0.0006558895030336547,1.9189432534596307,0.9999847412109375,0.0,0.0
6929,2,-289.72693,408.0244,-0.011430664,-2.9270465,8.065046,-3.3140182e-06,8.579777717590332,7.88713954292496e-09,-0.0006558895030336547,1.9189432534596307,0.9999847412109375,0.0,0.0
6930,2,-289.8743,408.4305,-0.011430855,-2.9643753,8.167901,-3.414154e-06,8.68919563293457,7.88713954292496e-09,-0.0006558895030336547,1.9189432534596307,0.9999847412109375,0.0,0.0
6931,2,-290.02356,408.8417,-0.0114309685,-3.00172,8.270799,-2.7370452e-06,8.798661231994629,7.88713954292496e-09,-0.0006558895030336547,1.9189432534596307,0.9999847412109375,0.0,0.0
6932,2,-290.17465,409.25812,-0.011431198,-3.0390813,8.373742,-2.4700164e-06,8.908174514770508,7.88713954292496e-09,-0.0006558895030336547,1.9189432534596307,0.9999847412109375,0.0,0.0
6933,2,-290.32767,409.6796,-0.01143135,-3.0764587,8.476729,-2.4700164e-06,9.01773452758789,2.473826011052906e-09,-0.0006579160021756368,1.9189432534596307,0.9999847412109375,0.0,0.0
6934,2,-290.48248,410.1063,-0.011431541,-3.1138523,8.5797615,-3.2138823e-06,9.127342224121094,2.473826011052906e-09,-0.0006579160021756368,1.9189432534596307,0.9999847412109375,0.0,0.0
6935,2,-290.63922,410.5381,-0.011431732,-3.1512613,8.6828375,-3.2663345e-06,9.236997604370117,2.473826011052906e-09,-0.0006579160021756368,1.9189432534596307,0.9999847412109375,0.0,0.0
6936,3,-290.79782,410.97507,-0.011431922,-3.1886864,8.785957,-2.8181075e-06,9.346698760986328,2.473826011052906e-09,-0.0006579160021756368,1.9189432534596307,0.9999847412109375,0.0,0.0
6937,3,-290.95825,411.4172,-0.011432075,-3.2261271,8.889121,-3.1757354e-06,9.456445693969727,2.473826011052906e-09,-0.0006579160021756368,1.9189432534596307,0.9999847412109375,0.0,0.0
6938,3,-291.12064,411.86447,-0.011432266,-3.263584,8.992328,-3.5333633e-06,9.566239356994629,3.2596298242850763e-09,-0.0006600618104143058,1.9189432534596307,0.9999847412109375,0.0,0.0
6939,3,-291.2848,412.31696,-0.011432457,-3.3010564,9.095577,-3.1280517e-06,9.676078796386719,3.2596298242850763e-09,-0.0006600618104143058,1.9189432534596307,0.9999847412109375,0.0,0.0
6940,4,-291.4509,412.77457,-0.011432571,-3.3385448,9.19887,-2.69413e-06,9.785964012145996,3.2596298242850763e-09,-0.0006600618104143058,1.9189432534596307,0.9999847412109375,0.0,0.0
6941,4,-291.61887,413.23734,-0.0114328,-3.3760486,9.302205,-1.7452239e-06,9.895894050598145,3.2596298242850763e-09,-0.0006600618104143058,1.9189432534596307,0.9999847412109375,0.0,0.0
6942,4,-291.7887,413.7053,-0.01143299,-3.4135675,9.405582,-2.245903e-06,10.00586986541748,3.2596298242850763e-09,-0.0006600618104143058,1.9189432534596307,0.9999847412109375,0.0,0.0
6943,4,-291.96045,414.17847,-0.011433181,-3.4511015,9.509003,-2.7227402e-06,10.115890502929688,4.714821391235794e-09,-0.0006620883745748693,1.9189432534596307,0.9999847412109375,0.0,0.0
6944,5,-292.13397,414.6567,-0.011433334,-3.4886513,9.612466,-2.2411346e-06,10.225955963134766,4.714821391235794e-09,-0.0006620883745748693,1.9189432534596307,0.9999847412109375,0.0,0.0
6945,5,-292.30948,415.1402,-0.011433563,-3.526216,9.71597,-2.746582e-06,10.336066246032715,4.714821391235794e-09,-0.0006620883745748693,1.9189432534596307,0.9999847412109375,0.0,0.0
6946,5,-292.48682,415.62885,-0.011433716,-3.5637958,9.819515,-3.3283234e-06,10.446220397949219,4.714821391235794e-09,-0.0006620883745748693,1.9189432534596307,0.9999847412109375,0.0,0.0
6947,5,-292.66602,416.1227,-0.011433906,-3.6013906,9.923102,-2.1409987e-06,10.556419372558594,2.3515898182343546e-08,-0.0006638765155978029,1.9189432534596307,0.9999847412109375,0.0,0.0
6948,6,-292.84717,416.62167,-0.011434097,-3.6390002,10.026731,-1.6880035e-06,10.66666030883789,2.3515898182343546e-08,-0.0006638765155978029,1.9189432534596307,0.9999847412109375,0.0,0.0
6949,6,-293.03012,417.12585,-0.011434288,-3.6766248,10.130399,-2.2315978e-06,10.776945114135742,2.3515898182343546e-08,-0.0006638765155978029,1.9189432534596307,0.9999847412109375,0.0,0.0
6950,6,-293.21497,417.63522,-0.0114344405,-3.7142642,10.234109,-2.2697448e-06,10.887274742126465,2.3515898182343546e-08,-0.0006638765155978029,1.9189432534596307,0.9999847412109375,0.0,0.0
6951,6,-293.40176,418.14978,-0.011434631,-3.7519178,10.337858,-2.069473e-06,10.997645378112793,2.3515898182343546e-08,-0.0006638765155978029,1.9189432534596307,0.9999847412109375,0.0,0.0
6952,7,-293.59033,418.6696,-0.01143486,-3.7895863,10.4416485,-2.3984908e-06,11.108059883117676,4.9709348371666097e-08,-0.0006660222588178907,1.9189432534596307,0.9999847412109375,0.0,0.0
6953,7,-293.78088,419.19455,-0.011435012,-3.8272698,10.54548,-1.9216536e-06,11.218517303466797,4.9709348371666097e-08,-0.0006660222588178907,1.9189432534596307,0.9999847412109375,0.0,0.0
6954,7,-293.97333,419.72464,-0.011435165,-3.8649676,10.64935,-2.503395e-06,11.329017639160156,4.9709348371666097e-08,-0.0006660222588178907,1.9189432534596307,0.9999847412109375,0.0,0.0
6955,8,-294.16754,420.25992,-0.011435318,-3.902679,10.753261,-2.3412704e-06,11.439558982849121,4.9709348371666097e-08,-0.0006660222588178907,1.9189432534596307,0.9999847412109375,0.0,0.0
6956,8,-294.36374,420.8004,-0.011435471,-3.9404047,10.857209,-2.450943e-06,11.550142288208008,4.9709348371666097e-08,-0.0006660222588178907,1.9189432534596307,0.9999847412109375,0.0,0.0
6957,8,-294.56183,421.34613,-0.011435661,-3.9781454,10.961197,-2.5749207e-06,11.6607666015625,5.192124209321952e-08,-0.0006681680020379784,1.9189432534596307,0.9999847412109375,0.0,0.0
6958,8,-294.76172,421.89703,-0.01143589,-4.0158997,11.065226,-2.9802322e-06,11.771434783935547,5.192124209321952e-08,-0.0006681680020379784,1.9189432534596307,0.9999847412109375,0.0,0.0
6959,9,-294.9636,422.45316,-0.011436081,-4.0536685,11.16929,-2.4032593e-06,11.882140159606934,5.192124209321952e-08,-0.0006681680020379784,1.9189432534596307,0.9999847412109375,0.0,0.0
6960,9,-295.16733,423.0145,-0.011436233,-4.0914516,11.273395,-2.2363663e-06,11.992889404296875,5.192124209321952e-08,-0.0006681680020379784,1.9189432534596307,0.9999847412109375,0.0,0.0
6961,9,-295.3729,423.581,-0.011436424,-4.129247,11.377535,-2.837181e-06,12.103676795959473,6.053597890777706e-09,-0.0006699561430609121,1.9189432534596307,0.9999847412109375,0.0,0.0
6962,10,-295.5804,424.15277,-0.011436615,-4.1670575,11.481716,-3.4856796e-06,12.214506149291992,6.053597890777706e-09,-0.0006699561430609121,1.9189432534596307,0.9999847412109375,0.0,0.0
6963,10,-295.78986,424.7297,-0.011436843,-4.2048807,11.585934,-3.1805039e-06,12.3253755569458,6.053597890777706e-09,-0.0006699561430609121,1.9189432534596307,0.9999847412109375,0.0,0.0
6964,10,-296.0011,425.31186,-0.011437034,-4.242718,11.690187,-2.5129318e-06,12.436283111572266,6.053597890777706e-09,-0.0006699561430609121,1.9189432534596307,0.9999847412109375,0.0,0.0
6965,11,-296.21426,425.89926,-0.011437225,-4.280569,11.794479,-2.5987624e-06,12.547231674194336,6.053597890777706e-09,-0.0006699561430609121,1.9189432534596307,0.9999847412109375,0.0,0.0
6966,11,-296.4294,426.49182,-0.011437416,-4.3184333,11.8988085,-3.004074e-06,12.658219337463379,2.91038366095712e-11,-0.0006719827072214755,1.9189432534596307,0.9999847412109375,0.0,0.0
6967,11,-296.6463,427.0896,-0.011437492,-4.3563104,12.003174,-3.170967e-06,12.769246101379395,2.91038366095712e-11,-0.0006719827072214755,1.9189432534596307,0.9999847412109375,0.0,0.0
6968,12,-296.86514,427.6926,-0.011437721,-4.394201,12.107576,-3.6430358e-06,12.880311012268066,2.91038366095712e-11,-0.0006719827072214755,1.9189432534596307,0.9999847412109375,0.0,0.0
6969,12,-297.08594,428.3008,-0.011437912,-4.432105,12.212015,-2.8419495e-06,12.991415023803711,2.91038366095712e-11,-0.0006719827072214755,1.9189432534596307,0.9999847412109375,0.0,0.0
6970,12,-297.3086,428.91425,-0.011438217,-4.4700217,12.316489,-3.2138823e-06,13.102557182312012,0.0,-0.000673770848244409,1.9189432534596307,0.9999847412109375,0.0,0.0
6971,13,-297.5331,429.533,-0.011438332,-4.5079513,12.421,-2.450943e-06,13.213737487792969,0.0,-0.000673770848244409,1.9189432534596307,0.9999847412109375,0.0,0.0
6972,13,-297.75955,430.15695,-0.0114385225,-4.545894,12.525545,-2.1505355e-06,13.324955940246582,0.0,-0.000673770848244409,1.9189432534596307,0.9999847412109375,0.0,0.0
6973,13,-297.98795,430.78613,-0.0114387125,-4.58385,12.630125,-3.1852721e-06,13.436210632324219,0.0,-0.000673770848244409,1.9189432534596307,0.9999847412109375,0.0,0.0
6974,14,-298.2181,431.4205,-0.011438865,-4.621818,12.734741,-2.8324127e-06,13.547502517700195,0.0,-0.000673770848244409,1.9189432534596307,0.9999847412109375,0.0,0.0
6975,14,-298.45026,432.06006,-0.011439094,-4.6597986,12.839392,-2.4223327e-06,13.658832550048828,-2.91038366095712e-11,-0.0006759166564830781,1.9189432534596307,0.9999847412109375,0.0,0.0
6976,14,-298.68433,432.70493,-0.011439247,-4.697792,12.944077,-3.0708313e-06,13.770197868347168,-2.91038366095712e-11,-0.0006759166564830781,1.9189432534596307,0.9999847412109375,0.0,0.0
6977,15,-298.92026,433.35504,-0.011439476,-4.735798,13.048796,-3.4999846e-06,13.881601333618164,-2.91038366095712e-11,-0.0006759166564830781,1.9189432534596307,0.9999847412109375,0.0,0.0
6978,15,-299.15805,434.01038,-0.011439666,-4.773816,13.153549,-2.6082992e-06,13.993040084838867,-2.91038366095712e-11,-0.0006759166564830781,1.9189432534596307,0.9999847412109375,0.0,0.0
6979,15,-299.3978,434.67093,-0.011439857,-4.8118467,13.258337,-3.1995773e-06,14.10451602935791,8.702046998996229e-09,-0.0006777047975060118,1.9189432534596307,0.9999847412109375,0.0,0.0
6980,16,-299.6395,435.33667,-0.011440086,-4.8498893,13.363159,-3.8194657e-06,14.21602725982666,8.702046998996229e-09,-0.0006777047975060118,1.9189432534596307,0.9999847412109375,0.0,0.0
6981,16,-299.883,436.00775,-0.011440239,-4.8879437,13.468014,-2.4175642e-06,14.327574729919434,8.702046998996229e-09,-0.0006777047975060118,1.9189432534596307,0.9999847412109375,0.0,0.0
6982,16,-300.1284,436.68405,-0.011440468,-4.926011,13.572902,-1.8930435e-06,14.439156532287598,8.702046998996229e-09,-0.0006777047975060118,1.9189432534596307,0.9999847412109375,0.0,0.0
6983,17,-300.37576,437.36557,-0.01144062,-4.9640894,13.677821,-2.9325486e-06,14.550772666931152,8.702046998996229e-09,-0.0006777047975060118,1.9189432534596307,0.9999847412109375,0.0,0.0
6984,17,-300.62506,438.05234,-0.011440811,-5.0021806,13.782774,-2.732277e-06,14.662423133850098,7.596101130324335e-09,-0.0006798505407260995,1.9189432534596307,0.9999847412109375,0.0,0.0
6985,17,-300.8762,438.74442,-0.011441002,-5.0402822,13.88776,-2.5749207e-06,14.774110794067383,7.596101130324335e-09,-0.0006798505407260995,1.9189432534596307,0.9999847412109375,0.0,0.0
6986,18,-301.1292,439.44168,-0.011441193,-5.078397,13.992777,-3.2424925e-06,14.88582992553711,7.596101130324335e-09,-0.0006798505407260995,1.9189432534596307,0.9999847412109375,0.0,0.0
6987,18,-301.3842,440.14417,-0.0114413835,-5.1165223,14.097827,-2.8657912e-06,14.997583389282227,7.596101130324335e-09,-0.0006798505407260995,1.9189432534596307,0.9999847412109375,0.0,0.0
6988,19,-301.6411,440.852,-0.011441535,-5.154659,14.202908,-3.519058e-06,15.109371185302734,8.178177459473177e-09,-0.000681638681749033,1.9189432534596307,0.9999847412109375,0.0,0.0
6989,19,-301.89987,441.565,-0.011441764,-5.1928077,14.30802,-3.74794e-06,15.22119140625,8.178177459473177e-09,-0.000681638681749033,1.9189432534596307,0.9999847412109375,0.0,0.0
6990,19,-302.16052,442.28333,-0.011441955,-5.230968,14.413164,-2.9325486e-06,15.333046913146973,8.178177459473177e-09,-0.000681638681749033,1.9189432534596307,0.9999847412109375,0.0,0.0
6991,20,-302.42313,443.00687,-0.011442146,-5.269139,14.518338,-2.4652481e-06,15.444933891296387,8.178177459473177e-09,-0.000681638681749033,1.9189432534596307,0.9999847412109375,0.0,0.0
6992,20,-302.68768,443.73566,-0.011442337,-5.3073206,14.623544,-3.6144256e-06,15.556853294372559,8.178177459473177e-09,-0.000681638681749033,1.9189432534596307,0.9999847412109375,0.0,0.0
6993,21,-302.9541,444.46976,-0.011442527,-5.345514,14.728778,-2.822876e-06,15.668804168701172,-2.91038366095712e-11,-0.0006837844249691208,1.9189432534596307,0.9999847412109375,0.0,0.0
6994,21,-303.22238,445.2091,-0.011442718,-5.3837175,14.8340435,-3.4761429e-06,15.780787467956543,-2.91038366095712e-11,-0.0006837844249691208,1.9189432534596307,0.9999847412109375,9.70297792033514e-05,0.0
6995,21,-303.49258,445.9537,-0.011442985,-5.4215565,14.939475,-3.9100646e-06,15.892803192138672,-1.0652585945185315e-06,-0.0006847381175196405,1.9189363292407964,0.9999847412109375,0.007232176554186914,0.0
6996,22,-303.7641,446.70383,-0.011443176,-5.4319286,15.054679,-1.14440915e-07,16.004661560058594,-6.338323394388587e-05,-0.0006849765406572703,1.9184292633692455,0.9999847412109375,0.012571060440660845,0.0
6997,22,-304.03607,447.4597,-0.0114432145,-5.4271708,15.17502,3.33786e-08,16.116308212280273,-0.0001837580989608221,-0.0006850957197167946,1.9169112615479003,0.9999847412109375,0.014094287245486448,0.0
6998,23,-304.3082,448.22144,-0.011443176,-5.4208417,15.295842,-5.245209e-07,16.228010177612305,-0.0003094592536486262,-0.0006850957197167946,1.9144136159195695,0.9999847412109375,0.012163260422980316,0.0
6999,23,-304.58047,448.989,-0.011443176,-5.421643,15.414243,1.7166137e-06,16.339923858642578,-0.00039787620183925687,-0.0006853341428544245,1.9113665601583552,0.9999847412109375,0.0024258058457475792,0.0
7000,23,-304.85358,449.76227,-0.0114434045,-5.455336,15.521345,1.3256073e-06,16.452138900756836,-0.0003834951969714103,-0.0006859302332077898,1.9087365554238476,0.9999847412109375,0.0003315722134782412,0.0
7001,24,-305.12793,450.54105,-0.0114438245,-5.4856877,15.629611,3.004074e-07,16.56434440612793,-0.0003296992779332284,-0.000686526258542574,1.9069675506697623,0.9999847412109375,5.56393621750661e-05,0.0
7002,24,-305.4034,451.32538,-0.011444054,-5.5114727,15.739489,8.2015987e-07,16.676565170288086,-0.0002913498557639593,-0.0006871222838773581,1.9058475582733294,0.9999847412109375,4.176199085484902e-05,0.0
7003,25,-305.67996,452.11526,-0.011444358,-5.5362554,15.849733,1.4400482e-06,16.78881072998047,-0.0002684467028985685,-0.0006877183742307235,1.905143817955276,0.9999847412109375,0.0001078264197370314,0.0
7004,25,-305.95764,452.91074,-0.011444625,-5.561883,15.959708,-3.9577483e-07,16.90108871459961,-0.00025086974217617357,-0.0006883143995655075,1.9046942763632706,0.9999847412109375,0.0012502050530599797,0.0
7005,26,-306.2365,453.7117,-0.011444778,-5.584923,16.070591,1.25885e-06,17.013383865356445,-0.000242347675451856,-0.0006889104249002916,1.9043194364398421,0.9999847412109375,0.006802411682723679,0.0
7006,26,-306.51614,454.51846,-0.011445007,-5.5889883,16.187857,1.0299682e-06,17.125520706176758,-0.00028122981111236757,-0.0006892680921160271,1.9035551092069893,0.9999847412109375,0.014559221225849968,0.0
7007,26,-306.79562,455.3311,-0.011444816,-5.5684195,16.31299,-4.196167e-07,17.23719596862793,-0.0003925498796590984,-0.0006891488480379216,1.901746689668771,0.9999847412109375,0.017008090694655514,0.0
7008,27,-307.07455,456.14984,-0.011444816,-5.544443,16.439058,1.2636184e-06,17.348875045776367,-0.000525707869144479,-0.0006889104249002916,1.8987375839530904,0.9999847412109375,0.017465618085486266,0.0
7009,27,-307.3526,456.97473,-0.011444587,-5.5191865,16.5654,8.1062313e-07,17.46063804626465,-0.0006434197843817253,-0.0006887912458407674,1.894810886083823,0.9999847412109375,0.006892532151894417,0.0
7010,28,-307.6305,457.80566,-0.011444931,-5.5314183,16.679869,-1.0871887e-06,17.573122024536133,-0.0006546049959414768,-0.0006893872711755515,1.8909940436095216,0.9999847412109375,0.002567304694739876,0.0
7011,28,-307.90878,458.64233,-0.01144516,-5.548195,16.792803,-2.875328e-06,17.68560791015625,-0.0005997437474486819,-0.0006901025405884411,1.8880436605958772,0.9999847412109375,0.0021854678138311877,0.0
7012,29,-308.18738,459.48483,-0.011445579,-5.558026,16.907963,-1.8167495e-06,17.798057556152344,-0.0005528721772818686,-0.0006909369890608551,1.885878510629643,0.9999847412109375,0.00450230452808933,0.0
7013,29,-308.46594,460.33322,-0.01144577,-5.556329,17.026749,-2.6226044e-07,17.910415649414062,-0.000547013157865113,-0.0006916522584737448,1.8840691589850431,0.9999847412109375,0.00570547309627256,0.0
7014,29,-308.74432,461.18765,-0.011446114,-5.552033,17.146284,-1.1253356e-06,18.02276611328125,-0.0005645901510967985,-0.0006922482838085289,1.882291498957415,0.9999847412109375,0.013309160057393073,0.0
7015,30,-309.0219,462.0482,-0.0114460755,-5.52049,17.27389,6.055832e-07,18.13458251953125,-0.0006439523515811598,-0.0006923675278866345,1.8799527108881076,0.9999847412109375,0.020715807863129734,0.0
7016,30,-309.2978,462.9151,-0.011445961,-5.466134,17.407713,-5.168915e-06,18.245742797851562,-0.0007930893076070158,-0.0006917714375332692,1.8763830097629652,0.9999847412109375,0.023144476384879712,0.0
7017,31,-309.57135,463.78864,-0.0114456555,-5.4067993,17.54255,-3.004074e-07,18.35686492919922,-0.0009576725329367502,-0.0006910562331389607,1.8714901170502172,0.9999847412109375,0.023689968101426696,0.0
7018,31,-309.84232,464.6688,-0.01144535,-5.34382,17.677992,-2.708435e-06,18.468021392822266,-0.0011057442245265745,-0.0006905793868637009,1.8655729725822248,0.9999847412109375,0.01264743643736343,0.0
7019,32,-310.11124,465.55542,-0.01144577,-5.318134,17.803064,-3.6430358e-06,18.58041000366211,-0.0011440940042980407,-0.0006910562331389607,1.8596944439500382,0.9999847412109375,0.0031234918292615023,0.0
7020,32,-310.3791,466.44818,-0.0114460755,-5.316127,17.921223,3.7670134e-07,18.693084716796875,-0.0010695254287572409,-0.0006921291047490046,1.8550116746472975,0.9999847412109375,0.0019535303143417915,0.0
7021,33,-310.64606,467.34717,-0.0114468,-5.305953,18.0416,-5.245209e-07,18.805648803710938,-0.0009821734199097353,-0.0006933212204371541,1.8516481021905273,0.9999847412109375,0.004110621448709412,0.0
7022,33,-310.9118,468.25232,-0.011447219,-5.283666,18.165234,3.480911e-07,18.918054580688477,-0.0009411609341782589,-0.000694394092047198,1.8490540501307358,0.9999847412109375,0.0060689593956340104,0.0
7023,34,-311.17618,469.1638,-0.0114474865,-5.2566814,18.289982,-2.9850005e-06,19.030399322509766,-0.0009353019797800846,-0.0006952285405196119,1.8467236510188618,0.9999847412109375,0.006708520315991567,0.0
7024,34,-311.43924,470.0814,-0.011447792,-5.232026,18.413939,-1.9073485e-07,19.142810821533203,-0.0009347692825434874,-0.0006959438099325017,1.8444241445756329,0.9999847412109375,0.006834671660572913,0.0
7025,35,-311.70117,471.00525,-0.011448059,-5.2106833,18.536867,2.7656554e-07,19.25530242919922,-0.0009251818376006209,-0.0006964206562077614,1.8421000038923208,0.9999847412109375,0.006834671660572913,0.0
7026,35,-311.9621,471.93518,-0.011448326,-5.1917505,18.65903,1.1253356e-06,19.36785316467285,-0.0009060072728077943,-0.0006970166815425456,1.8397501637044893,0.9999847412109375,0.006834671660572913,0.0
7027,35,-312.22217,472.8712,-0.01144844,-5.17416,18.780733,-6.341934e-07,19.480449676513672,-0.0008831039573959502,-0.0006974935278178053,1.8373782192796104,0.9999847412109375,0.005065977205661442,0.0
7028,36,-312.48157,473.81332,-0.01144886,-5.1642904,18.90032,1.6164779e-06,19.593162536621094,-0.000844754632754553,-0.0006980895531525894,1.8351104044533533,0.9999847412109375,0.003218930222727953,0.0
7029,36,-312.7405,474.76132,-0.011448937,-5.161052,19.01804,-1.5687942e-06,19.705894470214844,-0.0007888281848443077,-0.0006985663994278492,1.8331219552254456,0.9999847412109375,0.0026967823184468652,0.0
7030,37,-312.99924,475.7152,-0.011449317,-5.158982,19.135298,-1.9359588e-06,19.818544387817383,-0.0007307714681363243,-0.000699043245703109,1.8314438974225868,0.9999847412109375,0.004082729564980479,0.0
7031,37,-313.2576,476.67502,-0.011449432,-5.151648,19.253735,-6.532669e-07,19.931026458740234,-0.0006924217533834393,-0.0006991624247626333,1.8299017939933764,0.9999847412109375,0.005847824912846305,0.0
7032,38,-313.5155,477.64084,-0.011449317,-5.1391788,19.373259,-6.29425e-07,20.043310165405273,-0.000679638580151059,-0.0006994008479002632,1.8282571588621979,0.9999847412109375,0.00619346611003758,0.0
7033,38,-313.7729,478.61258,-0.011449279,-5.127531,19.492355,-7.152557e-08,20.15548324584961,-0.0006759102846621107,-0.0006991624247626333,1.8264323608832755,0.9999847412109375,0.006295599542494514,0.0
7034,39,-314.02975,479.5903,-0.011449088,-5.116221,19.611145,1.3494491e-06,20.267528533935547,-0.0006727144263354342,-0.000699043245703109,1.8244580264091455,0.9999847412109375,0.006295599542494514,0.0
7035,39,-314.28607,480.57385,-0.0114491265,-5.104616,19.729784,2.2745132e-06,20.379438400268555,-0.0006695185680087579,-0.0006986855784873735,1.8223730375917224,0.9999847412109375,0.006295599542494514,0.0
7036,40,-314.54187,481.5634,-0.011449088,-5.092101,19.848417,-4.196167e-07,20.49119758605957,-0.0006684534986284701,-0.0006984472203683249,1.82021268131545,0.9999847412109375,0.006295599542494514,0.0
7037,40,-314.797,482.55887,-0.011448898,-5.078405,19.96711,1.1873245e-06,20.602806091308594,-0.0006705838974633709,-0.0006980895531525894,1.817995866024068,0.9999847412109375,0.006295599542494514,0.0
7038,41,-315.05145,483.56018,-0.011448593,-5.063438,20.085869,-1.206398e-06,20.71426010131836,-0.0006753776524440949,-0.0006974935278178053,1.815738038051899,0.9999847412109375,0.006295599542494514,0.0
7039,42,-315.3051,484.5676,-0.011448402,-5.047205,20.204689,-1.4686584e-06,20.8255558013916,-0.0006833670706957513,-0.0006971358606020698,1.813450116359412,0.9999847412109375,0.006295599542494514,0.0
7040,42,-315.55795,485.58084,-0.011448249,-5.0297546,20.32355,-7.2479247e-07,20.93669319152832,-0.0006929544506200365,-0.0006966590793453913,1.811137160952678,0.9999847412109375,0.006295599542494514,0.0
7041,43,-315.80984,486.6001,-0.011448097,-5.0111547,20.44243,1.14440915e-07,21.04767608642578,-0.0007041397271983692,-0.0006961822330701315,1.8088054302602592,0.9999847412109375,0.006295599542494514,0.0
7042,43,-316.06082,487.62527,-0.011447754,-4.991473,20.561308,-2.5081633e-06,21.15850067138672,-0.0007158577010132992,-0.0006957053867948718,1.8064554569143734,0.9999847412109375,0.006295599542494514,0.0
7043,44,-316.31082,488.6563,-0.011447716,-4.970767,20.680168,-3.800392e-06,21.269176483154297,-0.0007275756098096479,-0.0006951093614600876,1.804091635130819,0.9999847412109375,0.006295599542494514,0.0
7044,44,-316.55972,489.6934,-0.011447296,-4.9490895,20.798986,3.6239624e-07,21.37969398498535,-0.0007392935186059965,-0.0006946325151848279,1.8017144975418142,0.9999847412109375,0.006295599542494514,0.0
7045,45,-316.80753,490.73633,-0.011447181,-4.926486,20.917759,-5.674362e-07,21.49006462097168,-0.000750478730165748,-0.0006940364248314625,1.7993252425698496,0.9999847412109375,0.006295599542494514,0.0
7046,45,-317.0542,491.7853,-0.011447029,-4.902988,21.036455,1.2016296e-06,21.600271224975586,-0.0007616640717626621,-0.0006935595785562027,1.7969245360051977,0.9999847412109375,0.006295599542494514,0.0
7047,46,-317.29965,492.84015,-0.011446762,-4.878625,21.155077,-1.9121169e-06,21.7103271484375,-0.0007723166511043978,-0.0006929635532214185,1.7945129104800763,0.9999847412109375,0.006295599542494514,0.0
7048,46,-317.54388,493.90094,-0.011446533,-4.853416,21.27362,-1.1444091e-06,21.820232391357422,-0.0007824367932838615,-0.0006924867069461588,1.7920903659944858,0.9999847412109375,0.006295599542494514,0.0
7049,47,-317.78683,494.96768,-0.011446114,-4.8273764,21.39207,-1.3780593e-06,21.92998504638672,-0.0007925565453518374,-0.0006918906816113747,1.7896573020225894,0.9999847412109375,0.006295599542494514,0.0
7050,47,-318.02844,496.0403,-0.011446037,-4.8005195,21.51042,-3.0612946e-06,22.039581298828125,-0.0008016114230952694,-0.0006912946562765906,1.7872141180385508,0.9999847412109375,0.006295599542494514,0.0
7051,48,-318.26874,497.1188,-0.011445846,-4.772852,21.628666,-1.1777878e-06,22.149024963378906,-0.0008111988030195547,-0.0006908178100013308,1.7847606808843153,0.9999847412109375,0.006295599542494514,0.0
7052,49,-318.5076,498.2033,-0.011445617,-4.744381,21.746807,-1.6403197e-06,22.258319854736328,-0.0008197209185078082,-0.0006901025405884411,1.7822973900340464,0.9999847412109375,0.006295599542494514,0.0
7053,49,-318.74506,499.29373,-0.011445388,-4.7151113,21.864828,-3.0136107e-06,22.36745262145996,-0.0008282429689774805,-0.0006896256943131813,1.7798242454877444,0.9999847412109375,0.006295599542494514,0.0
7054,50,-318.981,500.38998,-0.011445198,-4.685043,21.982738,1.9741058e-06,22.4764404296875,-0.0008367651494843154,-0.0006890296689783973,1.7773411140873545,0.9999847412109375,0.006295599542494514,0.0
7055,50,-319.2154,501.49213,-0.011444893,-4.654179,22.100521,4.2915342e-08,22.585269927978516,-0.0008452873299911502,-0.0006884335786250318,1.7748485284650948,0.9999847412109375,0.006295599542494514,0.0
7056,51,-319.44827,502.6001,-0.01144474,-4.622521,22.21818,7.7724457e-07,22.693946838378906,-0.0008532765531870627,-0.0006879567973683534,1.7723452901984749,0.9999847412109375,0.006295599542494514,0.0
7057,51,-319.67957,503.71396,-0.011444473,-4.5900683,22.335712,-1.5258788e-06,22.802473068237305,-0.0008612660364573005,-0.0006873607070149879,1.7698336629744211,0.9999847412109375,0.006295599542494514,0.0
7058,52,-319.90918,504.83365,-0.011444358,-4.556822,22.45311,4.7206876e-07,22.910844802856445,-0.0008692555197275381,-0.0006868838607397282,1.767311915738225,0.9999847412109375,0.006295599542494514,0.0
7059,52,-320.13715,505.95944,-0.011444015,-4.52278,22.570374,-1.3875961e-06,23.01906394958496,-0.0008772449379791945,-0.0006862878354049441,1.7647804479640503,0.9999847412109375,0.006295599542494514,0.0
7060,53,-320.36337,507.0911,-0.011443901,-4.487943,22.687492,-4.9114226e-07,23.127126693725586,-0.0008852344862680135,-0.00068569181007016,1.7622397922841146,0.9999847412109375,0.006295599542494514,0.0
7061,54,-320.58783,508.2284,-0.011443634,-4.4523096,22.804468,-5.483627e-07,23.235034942626953,-0.0008932240345568326,-0.0006852149637949002,1.7596888834339823,0.9999847412109375,0.006295599542494514,0.0
7062,54,-320.8105,509.37152,-0.011443557,-4.4158783,22.921293,-5.00679e-07,23.34278678894043,-0.0009006808205904731,-0.000684618938460116,1.757129052994198,0.9199847412109375,0.006295599542494514,0.0
7063,55,-321.03137,510.52054,-0.01144268,-4.378129,23.035334,-1.2874603e-06,23.44770050048828,-0.0009086702388421295,-0.0006828307974371825,1.7545605672808713,0.8399847412109376,0.006295599542494514,0.0
7064,55,-321.25027,511.67502,-0.011439171,-4.3380127,23.141056,3.671646e-07,23.544147491455078,-0.0009166597871309485,-0.0006743669385977744,1.7519850241906556,0.7599847412109376,0.006295599542494514,0.0
7065,56,-321.46707,512.83453,-0.011430893,-4.2949476,23.234976,2.479553e-07,23.628599166870117,-0.0009251817725820395,-0.0006546973873455052,1.7494057526749138,0.6799847412109377,0.006295599542494514,0.0
7066,57,-321.68164,513.99817,-0.011416854,-4.24867,23.31501,2.155304e-06,23.698965072631836,-0.0009331715159266024,-0.0006216764004602868,1.7468259485269542,0.5999847412109377,0.006295599542494514,0.0
7067,57,-321.89377,515.1656,-0.011397553,-4.1991267,23.380009,1.6450881e-06,23.754104614257812,-0.0009411608691596776,-0.0005757808242173793,1.744249207014248,0.5199847412109377,0.006295599542494514,0.0
7068,58,-322.10336,516.33575,-0.01137352,-4.1463947,23.429413,-3.814697e-07,23.793485641479492,-0.0009491504824670778,-0.0005184411649332713,1.7416781912978854,0.4399847412109377,0.006295599542494514,0.0
7069,58,-322.3102,517.508,-0.011345443,-4.0906243,23.463007,2.0503997e-07,23.816925048828125,-0.0009560747013012839,-0.00045156477519971123,1.7391147655906296,0.3599847412109377,0.006295599542494514,0.0
7070,59,-322.51416,518.6815,-0.011314239,-4.0319986,23.480698,4.529953e-06,23.824359893798828,-0.0009619335906808769,-0.0003772973657274964,1.7365593293666441,0.2799847412109377,0.006295599542494514,0.0
7071,60,-322.71518,519.85547,-0.01128067,-3.9707434,23.482653,2.8419495e-06,23.815998077392578,-0.0009667273456616008,-0.00029778477726458645,1.7340125484162012,0.19998474121093768,0.006295599542494514,0.0
7072,60,-322.91302,521.0291,-0.011245575,-3.9070888,23.469233,3.2329558e-06,23.79222869873047,-0.0009699232039882773,-0.00021445749987282476,1.7314712269459933,0.11998474121093768,0.006295599542494514,0.0
7073,61,-323.1076,522.2016,-0.01120945,-3.8412328,23.440897,3.0994415e-06,23.753541946411133,-0.0009720538628975032,-0.00012910365019317693,1.7289323023207661,0.039984741210937674,0.006295599542494514,0.0
7074,61,-323.29886,523.3723,-0.011173248,-3.7733324,23.398157,1.8024444e-06,23.70046043395996,-0.0009731191273335349,-4.315375892409971e-05,1.7263911140086126,0.0,0.006295599542494514,0.0
7075,62,-323.48666,524.5406,-0.011137237,-3.7036626,23.342522,2.207756e-06,23.634517669677734,-0.0009736516295143882,4.208087512307183e-05,1.7238453983226059,0.0,0.006295599542494514,0.0
7076,63,-323.67096,525.70575,-0.011103172,-3.6328375,23.277975,1.940727e-06,23.55974578857422,-0.0009736516295143882,0.0001230239820934545,1.7212958210530185,0.0,0.006295599542494514,0.0
7077,63,-323.8517,526.86755,-0.01107254,-3.5614285,23.208288,4.6825407e-06,23.479957580566406,-0.0009736516295143882,0.00019550321803344514,1.718741982725687,0.0,0.006295599542494514,0.0
7078,64,-324.02887,528.02576,-0.011046829,-3.4897957,23.135689,1.9454956e-06,23.39740753173828,-0.0009736516295143882,0.00025677679406986516,1.7161857475533744,0.0,0.006295599542494514,0.0
7079,64,-324.20248,529.18036,-0.011025886,-3.41817,23.061455,5.5789945e-07,23.313398361206055,-0.0009731189972963724,0.0003062486361039945,1.7136295123810619,0.0,0.006295599542494514,0.0
7080,65,-324.37247,530.3312,-0.011009178,-3.346709,22.986328,1.0251998e-06,23.228683471679688,-0.0009731189972963724,0.00034570691766805747,1.7110752745795668,0.0,0.006295599542494514,0.0
7081,65,-324.5389,531.4782,-0.010996513,-3.2755249,22.910736,1.1157989e-06,23.143701553344727,-0.000972053797878922,0.00037550925721385346,1.7085243657294344,0.0,0.006295599542494514,0.0
7082,66,-324.70178,532.6216,-0.010987091,-3.204701,22.834925,3.2186508e-06,23.058704376220703,-0.000970988468424309,0.0003983974232962544,1.7059778510951007,0.0,0.006295599542494514,0.0
7083,67,-324.86115,533.7611,-0.010979957,-3.134299,22.759027,3.0612946e-06,22.97383689880371,-0.0009693906367888427,0.0004149675062686258,1.7034373285732196,0.0,0.006295599542494514,0.0
7084,67,-325.017,534.8967,-0.010974846,-3.0643663,22.683136,1.3971328e-06,22.889188766479492,-0.0009672601729353606,0.00042665001244745614,1.7009023986896277,0.0,0.006295599542494514,0.0
7085,68,-325.16934,536.0287,-0.010971146,-2.9949405,22.60729,-5.9604645e-07,22.804807662963867,-0.0009651295140261346,0.000435590717562124,1.6983745261829244,0.0745086669921875,0.006295599542494514,0.0
7086,68,-325.31827,537.1569,-0.010968933,-2.9262674,22.533438,4.1294097e-06,22.7226505279541,-0.0009619337857366208,0.00044047829435566496,1.6958538442111646,0.15450866699218752,0.006295599542494514,0.0
7087,69,-325.46378,538.2815,-0.010969619,-2.8588228,22.46559,3.6430358e-06,22.64675521850586,-0.0009582054252290913,0.0004389285764703613,1.6933418175129473,0.227447509765625,0.006295599542494514,0.0
7088,69,-325.6059,539.403,-0.010974197,-2.7929273,22.40648,3.5095213e-06,22.579875946044922,-0.0009544768696658177,0.0004277229165667907,1.6908405766171448,0.307447509765625,0.006295599542494514,0.0
7089,70,-325.74484,540.5218,-0.010983314,-2.728757,22.357615,1.3494491e-06,22.523521423339844,-0.0009507486391954507,0.0004062652242915878,1.6883515862623568,0.38744750976562503,0.006295599542494514,0.0
7090,71,-325.88058,541.6385,-0.010996857,-2.6664548,22.320312,3.0469894e-06,22.479019165039062,-0.0009459547541775641,0.00037395950681925913,1.6858757785549645,0.45489501953125,0.006295599542494514,0.0
7091,71,-326.01324,542.7537,-0.011014404,-2.6060796,22.29528,3.027916e-06,22.44707489013672,-0.0009411610642154214,0.00033235548203510844,1.6834135529691319,0.4117584228515625,0.006295599542494514,0.0
7092,72,-326.143,543.86786,-0.011034698,-2.5472498,22.279188,3.4809111e-06,22.424333572387695,-0.0009358348070538443,0.0002839565278656683,1.680963977398477,0.37646484375,0.006295599542494514,0.0
7093,72,-326.2698,544.9814,-0.011054154,-2.4892426,22.265665,2.7513504e-06,22.404376983642578,-0.00092997585265567,0.00023758410534750095,1.6785255871044005,0.36077880859375,0.006295599542494514,0.0
7094,73,-326.3937,546.0942,-0.011070594,-2.4316812,22.251736,8.7261196e-07,22.38420867919922,-0.0009235841360023172,0.00019872188162751276,1.676095186293594,0.3490142822265625,0.006295599542494514,0.0
7095,73,-326.51474,547.20624,-0.01108284,-2.3744144,22.236515,-1.7642974e-06,22.362926483154297,-0.0009171926144047084,0.00016939638835697653,1.6736699786469134,0.3411712646484375,0.006295599542494514,0.0
7096,74,-326.6329,548.3175,-0.011091575,-2.3173654,22.219746,-2.6512146e-06,22.340261459350586,-0.0009108010928070995,0.0001485347701804937,1.6712495646901948,0.337249755859375,0.006295599542494514,0.0
7097,74,-326.74823,549.4279,-0.0110971825,-2.2604997,22.201591,-4.520416e-06,22.316373825073242,-0.0009049420083717625,0.00013530253798903699,1.668831947052621,0.337249755859375,0.006295599542494514,0.0
7098,75,-326.86072,550.5374,-0.011100769,-2.2038171,22.182407,-1.1920929e-06,22.29161262512207,-0.0008996156211730227,0.00012731551729756603,1.6664180578405732,0.337249755859375,0.006295599542494514,0.0
7099,76,-326.97034,551.6459,-0.011102715,-2.1473262,22.162579,-1.206398e-06,22.2663631439209,-0.0008948219312108802,0.00012254714394551738,1.664005633367125,0.32940673828125,0.006295599542494514,0.0
7100,76,-327.07718,552.75336,-0.011103783,-2.0910032,22.142076,-3.7002562e-06,22.240589141845703,-0.0008900283712859001,0.00012040137634346163,1.6615957388967122,0.29803466796875,0.006295599542494514,0.0
7101,77,-327.1812,553.8598,-0.011103935,-2.0347443,22.119839,-3.3044814e-06,22.213226318359375,-0.0008862999457597892,0.0001199245381955245,1.659187575481008,0.2823486328125,0.006295599542494514,0.0
7102,77,-327.2824,554.96497,-0.011102905,-1.9784569,22.094814,-1.5640259e-06,22.183218002319336,-0.0008825715202336783,0.00012254714394551738,1.656780211013631,0.2196044921875,0.006295599542494514,0.0
7103,78,-327.38077,556.06885,-0.011100158,-1.9220316,22.06559,-1.8072128e-06,22.149141311645508,-0.0008793756619070018,0.00012898444675168465,1.6543745776009624,0.164703369140625,0.006295599542494514,0.0
7104,78,-327.47632,557.17114,-0.011095123,-1.865292,22.029724,-2.3126602e-06,22.108551025390625,-0.000876179933617488,0.00014114379920577484,1.6519693436624572,0.1529388427734375,0.006295599542494514,0.0
7105,79,-327.56903,558.27136,-0.011087532,-1.8082695,21.987469,-2.3126602e-06,22.06170082092285,-0.0008735167075088275,0.0001592636000634498,1.6495639765658976,0.1450958251953125,0.006295599542494514,0.0
7106,79,-327.65887,559.3694,-0.011078338,-1.7511177,21.940771,-2.8324127e-06,22.010540008544922,-0.0008708536114373296,0.0001810788945358069,1.6471591421015561,0.1450958251953125,0.006295599542494514,0.0
7107,80,-327.74585,560.46497,-0.011069069,-1.6939626,21.8912,-9.822845e-07,21.956642150878906,-0.0008681904503472504,0.0002028942052628093,1.6447540413211057,0.1294097900390625,0.006295599542494514,0.0
7108,81,-327.83,561.558,-0.011060218,-1.6368768,21.839478,-2.3412704e-06,21.900733947753906,-0.0008660599214751869,0.00022423265345990662,1.6423490736987096,0.0494097900390625,0.006295599542494514,0.0
7109,81,-327.9113,562.6484,-0.011051864,-1.5797745,21.783695,-1.6212464e-07,21.840904235839844,-0.0008639293275845422,0.00024402140002634557,1.6399459702890766,0.0,0.006295599542494514,0.0
7110,82,-327.9897,563.7358,-0.011042557,-1.5225163,21.721016,1.7166137e-07,21.774309158325195,-0.0008617988637310602,0.00026631354077396246,1.6375447310922067,0.0,0.006295599542494514,0.0
7111,82,-328.06522,564.8199,-0.011031914,-1.4652007,21.65268,-2.3841856e-08,21.70219612121582,-0.0008596683348589968,0.0002912282710169269,1.6351437582114456,0.0,0.006295599542494514,0.0
7112,83,-328.1379,565.9005,-0.0110210795,-1.4079901,21.581106,1.8596648e-07,21.62698745727539,-0.0008575378059869333,0.000316858270672781,1.6327435842790117,0.0,0.006295599542494514,0.0
7113,83,-328.20776,566.97754,-0.0110110855,-1.3509922,21.507732,2.3984908e-06,21.550121307373047,-0.0008548747099154355,0.00034093855244333147,1.630346339823777,0.0,0.006295599542494514,0.0
7114,84,-328.27472,568.0507,-0.011002579,-1.2942846,21.433388,8.1062313e-07,21.472431182861328,-0.0008527439859876281,0.0003612041290303849,1.6279525574779592,0.0,0.006295599542494514,0.0
7115,84,-328.33887,569.12036,-0.010995674,-1.2379231,21.358551,2.6130676e-06,21.39439582824707,-0.0008500810199532929,0.0003771781866679721,1.62556316934794,0.0,0.006295599542494514,0.0
7116,85,-328.40024,570.1861,-0.010990296,-1.1819514,21.283491,9.3936916e-07,21.3162841796875,-0.0008474177938446323,0.00038993356445684636,1.6231787080659377,0.0,0.006295599542494514,0.0
7117,85,-328.45877,571.24817,-0.01098629,-1.1264033,21.20837,2.374649e-06,21.238262176513672,-0.000844754632754553,0.00039947029490629835,1.62079970626417,0.0,0.006295599542494514,0.0
7118,86,-328.5146,572.3065,-0.010983314,-1.0713038,21.133284,8.5830685e-08,21.160419464111328,-0.0008415590345022018,0.0004062652242915878,1.6184273623651273,0.0,0.006295599542494514,0.0
7119,87,-328.56766,573.36096,-0.010981216,-1.0166737,21.058273,2.8848647e-06,21.082801818847656,-0.0008378304789389284,0.00041174885892920345,1.6160620758429733,0.0,0.006295599542494514,0.0
7120,87,-328.618,574.4119,-0.010979843,-0.96252865,20.983385,3.9720535e-06,21.005449295043945,-0.0008341020534128174,0.0004149675062686258,1.6137034472235448,0.0,0.006295599542494514,0.0
7121,88,-328.66562,575.4589,-0.01097889,-0.90887916,20.908627,3.9577483e-07,20.92837142944336,-0.0008303736929052878,0.00041651722415392945,1.6113514765068413,0.0,0.006295599542494514,0.0
7122,88,-328.71063,576.5023,-0.010978431,-0.85573184,20.834019,3.3140182e-06,20.851585388183594,-0.000826112635161161,0.000417590128273264,1.6090073621153536,0.0,0.006295599542494514,0.0
7123,89,-328.75296,577.54193,-0.010978164,-0.8030934,20.759556,-2.3841856e-08,20.775083541870117,-0.000821318880180437,0.00041866299988330786,1.606669639310482,0.0,0.006295599542494514,0.0
7124,89,-328.7926,578.5778,-0.0109782405,-0.7509646,20.68525,8.249283e-07,20.698875427246094,-0.0008170578224363103,0.00041866299988330786,1.6043393733566627,0.0,0.006295599542494514,0.0
7125,90,-328.82968,579.61,-0.010978508,-0.6993475,20.611095,1.2016296e-06,20.622957229614258,-0.0008122640674555863,0.000417590128273264,1.602016431095841,0.0,0.006295599542494514,0.0
7126,90,-328.86426,580.6385,-0.010978661,-0.6482428,20.537111,8.535385e-07,20.547340393066406,-0.0008069378102940092,0.000417590128273264,1.599700546211908,0.0,0.006295599542494514,0.0
7127,91,-328.8962,581.66327,-0.010979041,-0.5976489,20.463287,4.863739e-07,20.472013473510742,-0.0008021441203318665,0.0004160404103879603,1.5973926508112455,0.0,0.006416535811297233,0.0
7128,91,-328.9257,582.6844,-0.010979538,-0.5470686,20.389631,3.0326842e-06,20.396968841552734,-0.0007978829975691584,0.0004154443525438856,1.5950831575139288,0.0,0.006644898411291819,0.0
7129,92,-328.9526,583.7017,-0.010980033,-0.49612448,20.316145,6.008148e-07,20.322200775146484,-0.0007962851659336922,0.00041389463465858186,1.592753557350382,0.0,0.008909967996495266,0.0
7130,92,-328.97678,584.71564,-0.010980453,-0.43656206,20.242886,1.0108947e-06,20.24759292602539,-0.0008138619641096338,0.000412821763048538,1.5902484548709988,0.0,0.017586684474515824,0.0
7131,93,-328.99738,585.7257,-0.010980759,-0.34381056,20.169556,9.1075896e-07,20.1724853515625,-0.0009097357633524864,0.0004123449167732782,1.5869389445843574,0.0,0.03181026103146467,0.0
7132,94,-329.01263,586.7321,-0.010980301,-0.2003046,20.094597,1.001358e-07,20.09559440612793,-0.001138235179937029,0.000412821763048538,1.5817531041517006,0.0,0.042892063269391656,0.0
7133,94,-329.0208,587.7346,-0.010979118,-0.020539615,20.016928,-3.5762787e-06,20.016939163208008,-0.0014711300561226085,0.0004154443525438856,1.5739401884617352,0.0,0.04535629315267063,0.0
7134,95,-329.0208,588.7333,-0.010977936,0.16843553,19.937527,-3.98159e-06,19.9382381439209,-0.0018152105989980088,0.00041866299988330786,1.5636919451129467,0.0,0.04535629315267063,0.0
7135,95,-329.01187,589.728,-0.010977249,0.36656886,19.856243,-6.5660474e-06,19.85962677001953,-0.002128397953079839,0.0004202127177686115,1.551686548076924,0.0,0.04535629315267063,0.0
7136,96,-328.99323,590.7186,-0.01097683,0.5787386,19.772224,-3.7002562e-06,19.78069305419922,-0.0024192160543766304,0.0004211664103191311,1.5385000390974513,0.0,0.04535629315267063,0.0
7137,96,-328.9639,591.7051,-0.0109766,0.80562377,19.684755,-4.0245054e-06,19.70123291015625,-0.0026993806010529664,0.00042176243565391524,1.524526033383642,0.0,0.04535629315267063,0.0
7138,97,-328.92307,592.6872,-0.010976562,1.0458534,19.593319,-3.056526e-06,19.621212005615234,-0.0029710225120923982,0.00042235849349798993,1.5100347086280848,0.0,0.04535629315267063,0.0
7139,97,-328.87003,593.6646,-0.0109766,1.297187,19.49758,-5.2547452e-06,19.54068374633789,-0.0032298817700481,0.00042235849349798993,1.4952076924171231,0.0,0.04535629315267063,0.0
7140,98,-328.80426,594.63727,-0.010976486,1.5571725,19.397346,-4.7349927e-06,19.459749221801758,-0.003471164424883604,0.00042235849349798993,1.4801689548995,0.0,0.04535629315267063,0.0
7141,98,-328.72534,595.60486,-0.010976486,1.8234631,19.292562,-4.3916702e-06,19.378543853759766,-0.0036900762664881176,0.00042235849349798993,1.4650031845978804,0.0,0.04535629315267063,0.0
7142,99,-328.633,596.5672,-0.01097641,2.0939689,19.183258,-2.9850005e-06,19.297203063964844,-0.0038834207213305693,0.0004228353397732498,1.4497687047401366,0.0,0.04535629315267063,0.0
7143,99,-328.5272,597.52405,-0.010976219,2.3669012,19.069519,-5.0258636e-06,19.21584701538086,-0.004050134865643855,0.0004228353397732498,1.4345053295845656,0.0,0.027844306531655334,0.0
7144,100,-328.40897,598.4755,-0.010977516,2.5779943,18.965143,5.340576e-07,19.139558792114258,-0.004055993299893379,0.0004202127177686115,1.420308284129462,0.0,0.000374433880439444,0.0
7145,100,-328.2817,599.42206,-0.010980148,2.6926978,18.876577,6.2561035e-06,19.067663192749023,-0.0037731666324242645,0.00041437148093384165,1.409421547909327,0.0,0.0,0.0
7146,100,-328.14676,600.36395,-0.0109832,2.8206456,18.785116,1.0390281e-05,18.99570083618164,-0.003435477806202217,0.0004079341537457064,1.4020840064739408,0.0,0.0,0.0
7147,101,-328.0045,601.301,-0.010985755,2.941001,18.694288,1.0647774e-05,18.924213409423828,-0.003146258511819612,0.00040161607063567676,1.3971775316396333,0.0,0.0,0.0
7148,101,-327.85596,602.2336,-0.010987739,3.0439804,18.606192,8.95977e-06,18.853546142578125,-0.002875148972923871,0.0003967284938421358,1.393921151416739,0.0,0.0,0.0
7149,102,-327.70242,603.1617,-0.010989532,3.1266942,18.521645,9.045601e-06,18.78370475769043,-0.002598712851773646,0.00039207934018622477,1.3917761083167346,0.0,0.0,0.0
7150,102,-327.54498,604.0857,-0.010990791,3.1898284,18.44073,8.859634e-06,18.714580535888672,-0.0023121561983324695,0.00038826463500272774,1.3903732882125355,0.0,2.1821525594194954e-05,0.0
7151,103,-327.38467,605.0055,-0.010992127,3.2358403,18.363115,6.67572e-06,18.64603614807129,-0.002022404401769011,0.0003856420455073802,1.3894591581683657,0.04705810546875,0.00014584466094902374,0.0
7152,103,-327.2223,605.92175,-0.010993347,3.2683275,18.289549,2.2411346e-06,18.57927894592285,-0.0017411748507309686,0.0003823041865991429,1.3888564848136808,0.12705810546875002,0.0002972207732130771,0.0
7153,103,-327.0585,606.83435,-0.010995941,3.2907856,18.222359,3.0374526e-06,18.51711654663086,-0.0014775215127016362,0.0003761052825486376,1.3884408985255738,0.20705810546875003,0.0013006976882365962,0.0
7154,104,-326.89365,607.7439,-0.011001129,3.3098106,18.163525,3.6382673e-06,18.462623596191406,-0.0012463592601199209,0.00036382671852573244,1.388071251766271,0.28705810546875005,0.003725374617108761,0.0
7155,104,-326.72778,608.65076,-0.01100975,3.3331447,18.113546,-6.3896175e-07,18.417665481567383,-0.001065264371013114,0.0003434419303698641,1.387515050572608,0.36705810546875006,0.006906467090029942,0.0
7156,105,-326.56067,609.55536,-0.011022262,3.3649206,18.072857,4.0721893e-06,18.383440017700195,-0.0009427588958508878,0.0003137588349021737,1.3865035819905958,0.4470581054687501,0.009544136941276657,0.0
7157,105,-326.39197,610.45825,-0.011038322,3.404302,18.042458,-1.5687942e-06,18.360815048217773,-0.0008719186808176174,0.00027596948279222936,1.3848630747591069,0.5270581054687501,0.009962424563566101,0.0
7158,106,-326.22153,611.36,-0.011057548,3.4447467,18.024357,8.678436e-07,18.35057830810547,-0.0008261125051239983,0.00022959707652870734,1.382660773695666,0.60705810546875,0.009962424563566101,0.0
7159,106,-326.0492,612.26117,-0.011079788,3.4879484,18.018793,-3.814697e-07,18.353275299072266,-0.0007936220698621943,0.00017631052931108094,1.3800763090157986,0.68705810546875,0.0017966944199334575,0.0
7160,106,-325.8754,613.16266,-0.011105003,3.5026054,18.032667,-1.0633469e-06,18.369686126708984,-0.0007030743977437563,0.00011718272900403932,1.3778092931378685,0.76705810546875,0.0002105871344442508,0.0
7161,107,-325.7005,614.0651,-0.011132355,3.5213063,18.05993,-2.4557114e-06,18.4000186920166,-0.0005949501875237018,5.221366748025986e-05,1.3762525423226628,0.8470581054687499,0.00039476571456960373,0.0
7162,107,-325.5242,614.96936,-0.011161575,3.5468378,18.10056,-1.5544891e-06,18.44478988647461,-0.0005129247284213893,-1.7642974900721855e-05,1.3752153742361315,0.9270581054687499,0.0008882968487527759,0.0
7163,108,-325.34634,615.8759,-0.011192932,3.5768106,18.155577,-2.4986266e-06,18.504554748535156,-0.0004575310752756131,-9.191035592730737e-05,1.3744678249181461,0.9999847412109375,0.0011018082082389108,0.0
7164,108,-325.1669,616.78564,-0.011225929,3.6085215,18.22596,-3.2901762e-06,18.579748153686523,-0.00041545313005236117,-0.00017011164151522088,1.3738647520892977,0.9999847412109375,0.0011723058131586316,0.0
7165,109,-324.9858,617.6993,-0.0112599945,3.6408587,18.309778,-4.1484833e-07,18.668256759643555,-0.00037816884228196115,-0.00025069711784282006,1.3733378456676255,0.9999847412109375,0.0012119301597618344,0.0
7166,109,-324.80307,618.6174,-0.0112928385,3.673164,18.402409,-1.0347366e-06,18.76541519165039,-0.0003430151484022059,-0.00032889841155805624,1.3728530171911766,0.9999847412109375,0.0012119301597618344,0.0
7167,110,-324.6187,619.5402,-0.011322746,3.7051022,18.50078,-3.867149e-06,18.868139266967773,-0.00030999191837593267,-0.0003998279296127432,1.3723917576903748,0.9999847412109375,0.0012119301597618344,0.0
7168,110,-324.43277,620.46814,-0.011348686,3.7366872,18.602882,-2.3269654e-06,18.974458694458008,-0.00027963188194902934,-0.00046122071721797813,1.3719454118916776,0.9999847412109375,0.0012119301597618344,0.0
7169,111,-324.24527,621.4012,-0.011370392,3.7679794,18.707407,-2.684593e-06,19.083101272583008,-0.0002524676225755758,-0.0005128383512361313,1.3715073218923595,0.9999847412109375,0.0012435237132815888,0.0
7170,111,-324.05618,622.33954,-0.011388168,3.7991858,18.813477,-8.010864e-07,19.193246841430664,-0.000229564469710185,-0.0005546807991579118,1.371071761896077,0.9999847412109375,0.0011293797230201713,0.0
7171,112,-323.86557,623.2832,-0.0114022065,3.8297641,18.920668,-2.9754638e-06,19.304370880126953,-0.00020985707764359864,-0.0005882978113779143,1.3706432592766833,0.9999847412109375,0.0011293797230201713,0.0
7172,112,-323.67343,624.23224,-0.011413383,3.860329,19.028505,-2.951622e-06,19.4161319732666,-0.0001928128304124462,-0.0006147622595061824,1.37022540930165,0.9999847412109375,0.0011293797230201713,0.0
7173,112,-323.47974,625.1867,-0.011422157,3.8908653,19.136774,-3.223419e-06,19.528310775756836,-0.0001789644252533248,-0.0006355046823684956,1.3698131519649057,0.9999847412109375,0.0011293797230201713,0.0
7174,113,-323.28452,626.14655,-0.011428986,3.9213793,19.245296,-3.118515e-06,19.64073944091797,-0.00016777911616570136,-0.0006514787074967922,1.369403424631197,0.9999847412109375,0.0011293797230201713,0.0
7175,113,-323.0878,627.1119,-0.011434211,3.9518802,19.353922,-1.707077e-06,19.75326919555664,-0.0001587244009687226,-0.0006637572715196973,1.3689952951941424,0.9999847412109375,0.0011293797230201713,0.0
7176,114,-322.88956,628.0826,-0.011438217,3.982382,19.462553,-3.876686e-06,19.865808486938477,-0.00015180016587987126,-0.0006730556438501007,1.3685878315473603,0.9999847412109375,0.0011293797230201713,0.0
7177,114,-322.68973,629.0587,-0.011441154,4.0129037,19.571129,-2.0980835e-06,19.978300094604492,-0.0001470064596630833,-0.0006799697197856238,1.368180101584469,0.9999847412109375,0.0011293797230201713,0.0
7178,115,-322.48843,630.0403,-0.011443253,4.0434623,19.679607,-2.1219253e-06,20.090707778930664,-0.0001427454019189565,-0.0006850957197167946,1.3677703742507603,0.9999847412109375,0.0011293797230201713,0.0
7179,115,-322.28558,631.0273,-0.011444855,4.0740695,19.787958,-2.8657912e-06,20.2030029296875,-0.0001395496573747974,-0.0006889104249002916,1.367360247442888,0.9999847412109375,0.0011293797230201713,0.0
7180,116,-322.0812,632.0197,-0.011445923,4.1047387,19.896168,-3.7956238e-06,20.315176010131836,-0.00013741907973879804,-0.0006916522584737448,1.3669486558964163,0.9999847412109375,0.0011293797230201713,0.0
7181,116,-321.87527,633.0175,-0.011446953,4.1354775,20.004227,-2.9850005e-06,20.42721939086914,-0.000136353847812057,-0.0006934403994966784,1.366534800663018,0.9999847412109375,0.0011293797230201713,0.0
7182,117,-321.66785,634.02075,-0.011447525,4.1662936,20.112125,-8.7261196e-07,20.53912353515625,-0.00013528853461208934,-0.0006946325151848279,1.3661196138490748,0.9999847412109375,0.0011293797230201713,0.0
7183,118,-321.45886,635.0293,-0.011447677,4.197192,20.21986,-2.1457672e-06,20.650888442993164,-0.00013475593490336414,-0.0006954669636572418,1.3657028291384774,0.9999847412109375,0.0011293797230201713,0.0
7184,118,-321.24832,636.04333,-0.0114479065,4.2281756,20.327427,1.6212463e-06,20.762508392333984,-0.00013475593490336414,-0.0006959438099325017,1.36528338126679,0.9999847412109375,0.0011293797230201713,0.0
7185,119,-321.03622,637.06274,-0.011447945,4.2592487,20.434822,1.4305115e-06,20.87398338317871,-0.00013528859150334797,-0.000696062988992026,1.3648628681306663,0.9999847412109375,0.0013229676761213477,0.0
7186,119,-320.82254,638.08746,-0.011448021,4.291205,20.541882,-3.814697e-07,20.98531150817871,-0.00013741907973879804,-0.000696062988992026,1.3644271749763295,0.9999847412109375,0.0018784054605589517,0.0
7187,120,-320.60727,639.11755,-0.0114479065,4.325436,20.648306,-2.1266937e-06,21.09649085998535,-0.00014540857926368108,-0.0006959438099325017,1.3639316938555202,0.9999847412109375,0.0025231049630915713,0.0
7188,120,-320.39023,640.1529,-0.011447792,4.362174,20.75403,-2.5224685e-06,21.20750617980957,-0.0001597896654047543,-0.0006955861427167661,1.3633223625981101,0.9999847412109375,0.0032864560813480864,0.0
7189,121,-320.1713,641.1936,-0.011447639,4.402029,20.858925,-8.535385e-07,21.318363189697266,-0.0001816276188526947,-0.0006952285405196119,1.3625495132497691,0.9999847412109375,0.0036216324465385696,0.0
7190,121,-319.95047,642.2395,-0.011447563,4.443515,20.963303,-6.6280364e-07,21.429065704345703,-0.0002071939165535194,-0.0006947516942443522,1.3616007621114283,0.9999847412109375,0.0036931280049481217,0.0
7191,122,-319.72757,643.2906,-0.011447334,4.486163,21.06726,-8.5830686e-07,21.53961753845215,-0.00023222758203632826,-0.000694394092047198,1.3605089992225503,0.9999847412109375,0.0036931280049481217,0.0
7192,122,-319.50253,644.347,-0.011447181,4.530167,21.170757,2.5272368e-07,21.650020599365234,-0.0002567287128289932,-0.0006939172457719381,1.3593125741028322,0.9999847412109375,0.0036931280049481217,0.0
7193,123,-319.2753,645.40845,-0.011446953,4.5757327,21.273735,-1.0347366e-06,21.760265350341797,-0.0002806971463850611,-0.0006934403994966784,1.358043178369246,0.9999847412109375,0.004128736658384678,0.0
7194,123,-319.0457,646.47504,-0.011446724,4.624628,21.375795,-2.7942656e-06,21.87034034729004,-0.00030839395670330383,-0.0006928443741618943,1.3566905588515947,0.9999847412109375,0.004818710624668312,0.0
7195,124,-318.8136,647.5467,-0.011446609,4.67759,21.47675,7.7724457e-07,21.98023223876953,-0.00034301508338362456,-0.0006922482838085289,1.3552095749694018,0.9999847412109375,0.005795977893823791,0.0
7196,125,-318.57883,648.6234,-0.011446418,4.735623,21.57635,1.6355514e-06,22.089929580688477,-0.0003866909577702147,-0.0006917714375332692,1.3535356450662324,0.9999847412109375,0.0061009978990135254,0.0
7197,125,-318.34116,649.7051,-0.011446114,4.7960157,21.675198,-8.153915e-07,22.199459075927734,-0.00043356256044631866,-0.000691175412198485,1.3516551870205273,0.9999847412109375,0.0061009978990135254,0.0
7198,126,-318.1005,650.79175,-0.011445808,4.858156,21.773428,-7.2956084e-07,22.308828353881836,-0.00047723840232361816,-0.0006904601427855954,1.3496134745708182,0.9999847412109375,0.006365775806890113,0.0
7199,126,-317.85666,651.88324,-0.011445503,4.9235606,21.870668,-1.0347366e-06,22.418020248413086,-0.0005209141791823364,-0.0006898641174508112,1.3474386040666049,0.9999847412109375,0.00938928028914904,0.0
7200,127,-317.60925,652.97955,-0.011445198,5.0032825,21.964169,-1.2922287e-06,22.526819229125977,-0.0005896238653435433,-0.0006891488480379216,1.3449474831829449,0.9999847412109375,0.012360900199478258,0.0
7201,127,-317.35776,654.0805,-0.011444816,5.095895,22.054129,-1.6355514e-06,22.635210037231445,-0.0006897585922933601,-0.0006881952205059832,1.341879921081337,0.9999847412109375,0.01608037509765548,0.0
7202,128,-317.1015,655.18585,-0.011444283,5.2048864,22.139442,-3.1375885e-06,22.7430362701416,-0.0008239819112333537,-0.0006871222838773581,1.3380066195919258,0.9999847412109375,0.01767350213165137,0.0
7203,128,-316.83994,656.2956,-0.011443786,5.323033,22.22187,-2.1934508e-07,22.85051727294922,-0.0009731189972963724,-0.0006858109891296843,1.333273916018746,0.9999847412109375,0.018111878539815374,0.0
7204,129,-316.5725,657.40936,-0.0114434045,5.4485173,22.301786,-3.3664703e-06,22.957700729370117,-0.001121190558849034,-0.0006847381175196405,1.3278201615804273,0.9999847412109375,0.018253674667465414,0.0
7205,130,-316.29883,658.52716,-0.011442985,5.582227,22.378815,-4.301071e-06,23.064531326293945,-0.001265001257713313,-0.0006836652459095965,1.3218217906991871,0.9999847412109375,0.018253674667465414,0.0
7206,130,-316.0184,659.64886,-0.011442451,5.724425,22.452742,-3.0899048e-06,23.170988082885742,-0.0014066816877798536,-0.0006827115533590769,1.3154250109188714,0.9999847412109375,0.018253674667465414,0.0
7207,131,-315.73074,660.7741,-0.011442146,5.875068,22.523417,-2.0122527e-06,23.277042388916016,-0.0015462310688256805,-0.0006818771048866629,1.308739544476391,0.9999847412109375,0.018253674667465414,0.0
7208,131,-315.43542,661.90295,-0.011441764,6.033596,22.59085,-2.169609e-06,23.38270378112793,-0.0016836500510366067,-0.000681042656414249,1.3018435551497398,0.9999847412109375,0.018253674667465414,0.0
7209,132,-315.13202,663.03503,-0.011441345,6.199223,22.65512,-3.2663345e-06,23.487972259521484,-0.0018168082355777312,-0.0006800889638637294,1.2947932356379186,0.9999847412109375,0.018253674667465414,0.0
7210,133,-314.8202,664.1703,-0.011441078,6.3711133,22.716352,-4.134178e-06,23.59287452697754,-0.0019435747034655029,-0.0006793736944508396,1.2876268023025699,0.9999847412109375,0.018253674667465414,0.0
7211,133,-314.4997,665.3086,-0.011440696,6.5484624,22.774677,-5.2165983e-06,23.697431564331055,-0.002061819055865021,-0.0006784200019003201,1.2803708867545944,0.92547607421875,0.018253674667465414,0.0
7212,134,-314.17017,666.44965,-0.011440086,6.729863,22.827799,-4.1294097e-06,23.799148559570312,-0.0021715414228134482,-0.000676393502758338,1.273047060598822,0.9999847412109375,0.011209813269505067,0.0
7213,134,-313.8321,667.5935,-0.011437835,6.888145,22.884668,-2.822876e-06,23.898841857910156,-0.0022136192379995376,-0.0006710290796895372,1.2661336275670307,0.9999847412109375,0.008114164491771204,0.0
7214,135,-313.48593,668.7401,-0.011436004,7.0409603,22.944471,-3.4046172e-06,24.000497817993164,-0.0022003034325491413,-0.0006666182841526748,1.2600524323758895,0.9999847412109375,0.007533438805379442,0.0
7215,136,-313.1318,669.8898,-0.011435012,7.194214,23.00466,-6.437302e-07,24.103342056274414,-0.00217260668724948,-0.0006645917850106926,1.254758334444921,0.9999847412109375,0.007420723350258389,0.0
7216,136,-312.7698,671.04224,-0.011435012,7.345567,23.065542,2.5749207e-06,24.206953048706055,-0.002141180996275057,-0.0006645917850106926,1.2500650456558742,0.9999847412109375,0.007420723350258389,0.0
7217,137,-312.40018,672.1978,-0.011435356,7.493052,23.127548,1.8787383e-06,24.311094284057617,-0.0021028317366522413,-0.0006655454125426308,1.2458093142339277,0.9999847412109375,0.007420723350258389,0.0
7218,137,-312.02316,673.35645,-0.011436081,7.635636,23.190903,-1.8596648e-07,24.41558837890625,-0.002054362204812799,-0.0006668567072903046,1.2418670368722833,0.9999847412109375,0.008080571573088946,0.0
7219,138,-311.639,674.5182,-0.011436691,7.7756615,23.254679,-1.1396407e-06,24.52021598815918,-0.0020016314851920678,-0.000668287246116084,1.2381027918295109,0.9999847412109375,0.01077892594098439,0.0
7220,139,-311.24777,675.6831,-0.011437149,7.920944,23.315876,3.0374526e-06,24.624608993530273,-0.0019664774987286967,-0.000669121694588498,1.2342529261576922,0.9999847412109375,0.012630051169499121,0.0
7221,139,-310.8493,676.85114,-0.011437149,8.068455,23.37554,3.9100646e-06,24.728845596313477,-0.0019499661600445304,-0.0006695985408637578,1.2300809511520285,0.9999847412109375,0.013675973329583532,0.0
7222,140,-310.44357,678.02216,-0.011437263,8.21705,23.434069,1.206398e-06,24.832950592041016,-0.0019435747034655029,-0.0006699561430609121,1.2255109667214528,0.9999847412109375,0.014191728394045979,0.0
7223,140,-310.03058,679.19617,-0.0114373015,8.367023,23.491323,-2.5749205e-07,24.936906814575195,-0.0019441073356835188,-0.0006697177199232821,1.2205592181486138,0.9999847412109375,0.014191728394045979,0.0
7224,141,-309.61014,680.3731,-0.011437149,8.518378,23.547277,9.918213e-07,25.040708541870117,-0.0019494336578636771,-0.0006695985408637578,1.2152994749957073,0.9999847412109375,0.014191728394045979,0.0
7225,142,-309.1822,681.5526,-0.011437111,8.672483,23.601347,2.0122527e-06,25.14429473876953,-0.001961151306585701,-0.0006694793618042336,1.2098095015665635,0.9999847412109375,0.014191728394045979,0.0
7226,142,-308.7465,682.7349,-0.01143692,8.829971,23.653217,-3.7670134e-07,25.247634887695312,-0.0019819239630883187,-0.0006692409386666036,1.204149218985709,0.9999847412109375,0.014191728394045979,0.0
7227,143,-308.30283,683.91974,-0.0114368815,8.991032,23.702738,5.2928925e-07,25.350709915161133,-0.002011218865116353,-0.0006690025155289737,1.1983581751953318,0.9999847412109375,0.014191728394045979,0.0
7228,144,-307.85104,685.1071,-0.011436729,9.155601,23.749878,1.9550323e-07,25.453519821166992,-0.002046905353760577,-0.0006687640923913438,1.19246766233824,0.9999847412109375,0.014191728394045979,0.0
7229,144,-307.391,686.29675,-0.011436691,9.323485,23.794653,-2.4414062e-06,25.556072235107422,-0.0020879180345477976,-0.0006684064251756083,1.1865005835998084,0.9999847412109375,0.014191728394045979,0.0
7230,145,-306.92242,687.48865,-0.011436386,9.494428,23.837101,-3.876686e-06,25.658363342285156,-0.0021315940064622597,-0.0006680488229784541,1.180472784788523,0.9999847412109375,0.014191728394045979,0.0
7231,146,-306.44528,688.6826,-0.011436386,9.66815,23.877302,-2.4557114e-06,25.76041030883789,-0.0021763352428127536,-0.0006676912207812999,1.1743975817098344,0.9999847412109375,0.014191728394045979,0.0
7232,146,-305.95938,689.8785,-0.011436157,9.844387,23.915314,-2.2554398e-06,25.86221694946289,-0.0022205434568337437,-0.0006672143745060402,1.1682820317406308,0.9999847412109375,0.014191728394045979,0.0
7233,147,-305.46457,691.0763,-0.011435851,10.022894,23.951206,-4.005432e-06,25.963796615600586,-0.002263686406418702,-0.0006667375282307803,1.162133325415856,0.9999847412109375,0.014191728394045979,0.0
7234,147,-304.96088,692.2758,-0.011435775,10.203452,23.985022,-2.4080275e-06,26.065143585205078,-0.0023052319794982633,-0.0006662606819555206,1.1559561232674171,0.9999847412109375,0.014191728394045979,0.0
7235,148,-304.44806,693.477,-0.0114357,10.385874,24.01682,-3.5524367e-06,26.166276931762695,-0.002344646503557111,-0.0006656646566207365,1.14975295529835,0.9999847412109375,0.014191728394045979,0.0
7236,149,-303.9261,694.6797,-0.011435432,10.569998,24.046638,-1.1348724e-06,26.26719856262207,-0.0023813981266002046,-0.0006651878103454767,1.1435264846697448,0.9999847412109375,0.014191728394045979,0.0
7237,149,-303.39487,695.8839,-0.01143528,10.755686,24.074507,-2.9230116e-06,26.367908477783203,-0.002415487108701869,-0.0006645917850106926,1.137279774016855,0.9999847412109375,0.014191728394045979,0.0
7238,150,-302.85434,697.08936,-0.011435012,10.942824,24.10045,-2.5892257e-06,26.46841812133789,-0.0024479774139265107,-0.0006639956946573272,1.1310128233396806,0.9999847412109375,0.014191728394045979,0.0
7239,151,-302.30438,698.2963,-0.01143467,11.131314,24.12449,-4.4345856e-07,26.5687255859375,-0.002477804818135398,-0.0006635188483820674,1.1247266979026576,0.9999847412109375,0.014191728394045979,0.0
7240,151,-301.745,699.5042,-0.011434517,11.321076,24.146633,4.3869017e-07,26.668832778930664,-0.002505501953546547,-0.0006629228230472834,1.1184229956024399,0.9999847412109375,0.014191728394045979,0.0
7241,152,-301.1761,700.7133,-0.01143425,11.512042,24.166891,-8.487701e-07,26.76874542236328,-0.0025321333043730144,-0.0006623267977124992,1.112100984069728,0.9999847412109375,0.014191728394045979,0.0
7242,153,-300.5976,701.9234,-0.011434135,11.704151,24.185266,-3.30925e-06,26.86846351623535,-0.0025566343864017434,-0.0006617307073591339,1.1057621946221488,0.9999847412109375,0.014191728394045979,0.0
7243,153,-300.00946,703.13434,-0.011433754,11.897361,24.201752,-2.5606155e-06,26.967981338500977,-0.002580070203994441,-0.000661253861083874,1.0994062943645657,0.9999847412109375,0.014191728394045979,0.0
7244,154,-299.4116,704.34607,-0.011433601,12.091624,24.216352,-8.869171e-07,27.067306518554688,-0.0026024407571511063,-0.00066065783574909,1.093033882508224,0.9999847412109375,0.014191728394045979,0.0
7245,155,-298.8041,705.5585,-0.011433258,12.286905,24.229061,-2.3317336e-06,27.166440963745117,-0.0026242784180154307,-0.0006600618104143058,1.0866450922111783,0.9999847412109375,0.014191728394045979,0.0
7246,155,-298.1867,706.7715,-0.01143322,12.483172,24.23987,-3.323555e-06,27.265378952026367,-0.0026445187023743585,-0.0006595849641390461,1.0802393242621835,0.9999847412109375,0.014191728394045979,0.0
7247,156,-297.55948,707.98505,-0.011432724,12.680396,24.248772,5.674362e-07,27.364126205444336,-0.002664759246807611,-0.000658988938804262,1.0738179102417846,0.9999847412109375,0.014191728394045979,0.0
7248,157,-296.92236,709.1988,-0.011432686,12.878551,24.255756,2.9563904e-07,27.46268081665039,-0.0026839340066561815,-0.0006585120925290021,1.067380517254845,0.9999847412109375,0.014191728394045979,0.0
7249,158,-296.27536,710.4132,-0.01143238,13.077612,24.260817,-2.3794173e-06,27.561044692993164,-0.002702575614138086,-0.0006579160021756368,1.060926878985256,0.9999847412109375,0.014191728394045979,0.0
7250,158,-295.61835,711.6278,-0.011432228,13.277559,24.263937,-2.2315978e-06,27.659215927124023,-0.0027212174816943152,-0.0006574392209189583,1.054457128591072,0.9999847412109375,0.014191728394045979,0.0
7251,159,-294.95135,712.8424,-0.01143196,13.478372,24.26511,-2.5224685e-06,27.757198333740234,-0.0027393274972555043,-0.0006568431305655929,1.0479723979157562,0.9999847412109375,0.014191728394045979,0.0
7252,160,-294.27423,714.05707,-0.011431847,13.680024,24.26432,-3.0374526e-06,27.85498809814453,-0.002757436732593718,-0.0006563662842903332,1.0414721543270908,0.9999847412109375,0.014191728394045979,0.0
7253,160,-293.587,715.2717,-0.011431656,13.882497,24.261555,-3.1518935e-06,27.95258140563965,-0.002775013595788241,-0.000655770258955549,1.0349563978250758,0.9999847412109375,0.014191728394045979,0.0
7254,161,-292.88965,716.4862,-0.011431465,14.085772,24.256811,1.46389e-06,28.049989700317383,-0.0027925907190570892,-0.0006552934126802892,1.02842466235652,0.9999847412109375,0.014191728394045979,0.0
7255,162,-292.1821,717.70013,-0.011431236,14.289822,24.25007,-2.2888183e-07,28.147199630737305,-0.0028096341698106205,-0.0006548165664050294,1.0218779466068328,0.9999847412109375,0.014191728394045979,0.0
7256,163,-291.46432,718.91406,-0.0114309685,14.494638,24.241318,-2.1648407e-06,28.244220733642578,-0.0028272112930794687,-0.0006543397851483509,1.0153159842599049,0.9999847412109375,0.014191728394045979,0.0
7257,163,-290.7363,720.1272,-0.01143074,14.700198,24.230543,-2.4986266e-06,28.341049194335938,-0.002844255784130301,-0.0006538629388730911,1.0087389084737908,0.9999847412109375,0.014191728394045979,0.0
7258,164,-289.99796,721.33984,-0.011430549,14.906486,24.217733,-2.4414062e-06,28.437685012817383,-0.002861299755032483,-0.0006532668485197257,1.0021466526694631,0.9999847412109375,0.014191728394045979,0.0
7259,165,-289.24924,722.55176,-0.01143032,15.113478,24.20288,-2.5320053e-06,28.53413200378418,-0.0028783445061576407,-0.000652790002244466,0.9955392834259492,0.9999847412109375,0.014191728394045979,0.0
7260,165,-288.4902,723.763,-0.011430206,15.3211565,24.185965,-4.1151047e-06,28.630380630493164,-0.0028953884770598227,-0.0006521939769096819,0.9889175996915762,0.9999847412109375,0.014191728394045979,0.0
7261,166,-287.7207,724.9733,-0.011429901,15.529499,24.166977,-2.8276443e-06,28.726436614990234,-0.0029119005959669644,-0.0006517171306344221,0.982280536201908,0.9999847412109375,0.014191728394045979,0.0
7262,167,-286.9408,726.1826,-0.011429787,15.738491,24.145908,-3.566742e-06,28.822301864624023,-0.002928944566869146,-0.0006512402843591623,0.9756289584842989,0.9999847412109375,0.014191728394045979,0.0
7263,168,-286.15042,727.39087,-0.011429558,15.9481125,24.122742,-1.0442734e-06,28.91796875,-0.0029459880176226777,-0.0006507635031024838,0.968963199433885,0.9999847412109375,0.014191728394045979,0.0
7264,168,-285.34958,728.59796,-0.011429367,16.15834,24.09747,-1.0967254e-06,29.013444900512695,-0.002962499876455494,-0.000650286656827224,0.9622819274701214,0.9999847412109375,0.014191728394045979,0.0
7265,169,-284.53815,729.80365,-0.011429252,16.369158,24.070082,-3.2329558e-06,29.10873031616211,-0.0029795441074320014,-0.0006496905664738586,0.9555868736477168,0.9999847412109375,0.014191728394045979,0.0
7266,170,-283.71616,731.00806,-0.011428948,16.580547,24.040564,-1.3399124e-06,29.203821182250977,-0.002996055966264818,-0.0006493329642767045,0.9488773721763983,0.9999847412109375,0.014191728394045979,0.0
7267,170,-282.8836,732.2108,-0.011428566,16.79248,24.008904,-1.1968613e-06,29.298717498779297,-0.0030131001972413247,-0.0006488561180014446,0.942153356477139,0.9999847412109375,0.014191728394045979,0.0
7268,171,-282.04044,733.412,-0.01142868,17.004944,23.97509,-1.7404556e-06,29.39341926574707,-0.0030296120560741415,-0.0006482600926666605,0.9354152260241023,0.9999847412109375,0.014191728394045979,0.0
7269,172,-281.1866,734.6116,-0.011428337,17.217913,23.939114,-2.2554398e-06,29.487924575805664,-0.0030461231346839823,-0.0006477832463914007,0.9286631139753426,0.9999847412109375,0.014191728394045979,0.0
7270,173,-280.3221,735.8092,-0.011428184,17.431368,23.900965,-7.724762e-07,29.58223533630371,-0.003063167365660489,-0.0006473064001161409,0.9218964876986421,0.9999847412109375,0.014191728394045979,0.0
7271,173,-279.44696,737.0048,-0.011427879,17.645288,23.860634,-3.6239624e-06,29.676355361938477,-0.003079679224493306,-0.0006468295538408812,0.9151161461423276,0.9999847412109375,0.014191728394045979,0.0
7272,174,-278.561,738.1984,-0.01142765,17.85965,23.818106,-2.2268296e-06,29.770275115966797,-0.003096190563177472,-0.0006463527075656213,0.9083219561483447,0.9999847412109375,0.014191728394045979,0.0
7273,175,-277.66434,739.38983,-0.0114274975,18.074438,23.773373,-1.8215179e-06,29.86400032043457,-0.003112702161935963,-0.0006457566822308373,0.9015139842957206,0.9199847412109375,0.014191728394045979,0.0
7274,176,-276.75696,740.579,-0.011427002,18.288034,23.724342,-3.9720535e-06,29.954910278320312,-0.0031297469130611207,-0.0006440877852860093,0.8946934955859732,0.8399847412109376,0.014191728394045979,0.0
7275,176,-275.83902,741.76544,-0.0114232255,18.496708,23.666306,-3.4904479e-06,30.03701400756836,-0.0031467906238889774,-0.0006356239264466012,0.8878657497622553,0.7599847412109376,0.014191728394045979,0.0
7276,177,-274.91083,742.9487,-0.011414719,18.697859,23.596313,-2.9373168e-06,30.10641098022461,-0.0031643672270091753,-0.0006153583498595478,0.881040001309355,0.6799847412109377,0.014191728394045979,0.0
7277,178,-273.9728,744.1282,-0.011400223,18.88975,23.512747,-1.3589859e-06,30.1607666015625,-0.0031819443502780235,-0.00058114524728618,0.8742247723427604,0.5999847412109377,0.012811638423990511,0.0
7278,179,-273.02557,745.3031,-0.0113799665,19.067366,23.418388,-1.87397e-06,30.199094772338867,-0.0031883359368942137,-0.0005327462931167398,0.8675114758668887,0.5199847412109377,0.0029199452536111618,0.0
7279,179,-272.0703,746.47345,-0.011354942,19.205784,23.335043,3.838539e-06,30.22228240966797,-0.003111104785430566,-0.0004727840118279936,0.8615725600569848,0.4399847412109377,2.103061076797353e-05,0.0
7280,180,-271.1083,747.639,-0.011325569,19.324837,23.244886,6.5660474e-06,30.228696823120117,-0.002977413838634263,-0.0004031657885209804,0.8568911889138162,0.3599847412109377,0.0,0.0
7281,181,-270.14032,748.7995,-0.0112928,19.428486,23.144629,5.044937e-06,30.218204498291016,-0.002837864457588436,-0.00032532212951218907,0.8533268141108542,0.2799847412109377,0.0,0.0
7282,182,-269.16745,749.95465,-0.011257248,19.512997,23.038078,6.594658e-06,30.191226959228516,-0.002696716659739911,-0.00024139879427635268,0.8506278335041133,0.19998474121093768,0.0,0.0
7283,182,-268.19064,751.1041,-0.011220131,19.57656,22.927544,3.8862227e-06,30.1481990814209,-0.0025443841054617043,-0.00015330313540521968,0.8485914473765843,0.11998474121093768,0.0,0.0
7284,183,-267.21112,752.24786,-0.011181908,19.618677,22.814182,5.7649613e-06,30.089523315429688,-0.002376604956786712,-6.270408235290875e-05,0.8470581323789711,0.039984741210937674,0.0,0.0
7285,184,-266.22995,753.3857,-0.011143188,19.639736,22.698385,4.1103362e-06,30.015594482421875,-0.002194444218076642,2.9325483111382904e-05,0.8459005894111682,0.0,0.0,0.0
7286,184,-265.24823,754.51764,-0.011104546,19.641338,22.580767,4.849434e-06,29.927799224853516,-0.002002697139739587,0.00012040137634346163,0.845021213619224,0.0,0.0,0.0
7287,185,-264.26678,755.64355,-0.011067657,19.627268,22.463709,5.6028366e-06,29.830318450927734,-0.001807753747945787,0.00020778178205635024,0.8443480330746792,0.0,0.0,0.0
7288,186,-263.28632,756.76373,-0.011034507,19.601383,22.349453,3.3330916e-06,29.727298736572266,-0.0016149407549868875,0.00028610227108575605,0.8438287166621138,0.0,0.0,0.0
7289,187,-262.30737,757.87836,-0.011006126,19.566425,22.23899,4.324913e-06,29.62123680114746,-0.0014295847431173726,0.0003532171164662366,0.8434260467052939,0.0,0.0,0.0
7290,187,-261.33035,758.98755,-0.0109832,19.524364,22.13257,6.9093703e-06,29.513582229614258,-0.001254348873427321,0.00040733812841092234,0.8431123929079097,0.0,0.0,0.0
7291,188,-260.35553,760.0915,-0.010964851,19.476671,22.030071,2.3651123e-06,29.405183792114258,-0.0010924285491133408,0.00045061108264919165,0.842867781561786,0.0,0.0,0.0
7292,189,-259.38324,761.1903,-0.010950851,19.424484,21.93118,3.2281876e-06,29.296539306640625,-0.0009454221219595483,0.000483512857965595,0.8426766331745456,0.0,0.0,0.0
7293,190,-258.41364,762.2843,-0.01094017,19.368696,21.8355,8.182526e-06,29.18793296813965,-0.0008122640674555863,0.0005086660113461894,0.8425268969422558,0.0,0.0,0.0
7294,190,-257.44693,763.3736,-0.01093235,19.31002,21.742636,1.8119812e-06,29.079530715942383,-0.0006945522822555027,0.0005267858122038644,0.8424097178542923,0.0,0.0,0.0
7295,191,-256.48315,764.4582,-0.010926704,19.249039,21.652212,4.553795e-06,28.971431732177734,-0.0005906890647609937,0.0005400180362679984,0.8423179053757118,0.0,0.0,0.0
7296,192,-255.52248,765.5384,-0.010922698,19.186226,21.563879,3.3855438e-06,28.863683700561523,-0.0004996090204988651,0.0005496739782862653,0.842246066605307,0.0,0.0,0.0
7297,192,-254.56497,766.61426,-0.010919875,19.12197,21.477346,3.6382673e-06,28.756322860717773,-0.00042077941972322897,0.0005561112729651099,0.8421902733804698,0.0,0.0,0.0
7298,193,-253.6107,767.68585,-0.010917892,19.056587,21.392345,3.8623807e-06,28.649362564086914,-0.00035313516054450697,0.000559925978148607,0.8421460649063744,0.0,0.0,0.0
7299,194,-252.6597,768.7531,-0.010916824,18.990343,21.308657,2.8657912e-06,28.542808532714844,-0.00029507818376219827,0.00056290623485969,0.8421120430234488,0.0,0.0,0.0
7300,195,-251.71207,769.8163,-0.010916404,18.923449,21.226105,3.3950805e-06,28.436674118041992,-0.00024607610097796695,0.0005639791064697339,0.8420853448335207,0.0,0.0,0.0
7301,195,-250.76773,770.8753,-0.0109162135,18.856081,21.144531,3.3044814e-06,28.330955505371094,-0.000203998106990779,0.0005645751968230994,0.8420640395448,0.0,0.00032124361527675617,0.0
7302,196,-249.8268,771.9305,-0.010916137,18.789368,21.062927,5.750656e-06,28.225648880004883,-0.00017150755794645761,0.0005645751968230994,0.842026222657321,0.0,0.0012133876239204255,0.0
7303,197,-248.88911,772.98126,-0.0109166335,18.725117,20.979675,4.959106e-07,28.12075424194336,-0.00015339809504320945,0.0005635022601944742,0.8418995227684604,0.0,0.0017778190908925519,0.0
7304,197,-247.95467,774.02795,-0.010916901,18.662432,20.895569,-4.7683713e-08,28.016265869140625,-0.00014753910813574447,0.0005624293885844303,0.8416230200682829,0.0,0.004437963686086732,0.0
7305,198,-247.02324,775.0704,-0.010917625,18.608152,20.804436,-1.7166137e-07,27.912145614624023,-0.0001693770128197489,0.0005613565169743864,0.8410275372485412,0.0,0.006995158084009745,0.0
7306,199,-246.09442,776.1082,-0.010918006,18.562038,20.706408,1.335144e-07,27.808353424072266,-0.0002247707960026877,0.000559925978148607,0.8398882369342053,0.0,0.007873348296470795,0.0
7307,200,-245.16801,777.14124,-0.010918732,18.520071,20.605085,-7.5817104e-07,27.704919815063477,-0.000297208777652843,0.000558257081203779,0.8381571822256538,0.0,0.008013664143468114,0.0
7308,200,-244.24379,778.1692,-0.010919265,18.481756,20.500896,-1.7023086e-06,27.601848602294922,-0.00037444041675585023,0.0005567073633184754,0.8359297142899116,0.0,0.008119340882011012,0.0
7309,201,-243.32143,779.192,-0.010920105,18.448185,20.392803,-1.8310546e-06,27.499126434326172,-0.00045593314611227495,0.000555038401355066,0.8333186845781706,0.0,0.008119340882011012,0.0
7310,202,-242.40071,780.20935,-0.010920791,18.419477,20.280626,-3.3473968e-06,27.396732330322266,-0.0005432847973575833,0.000553369504410238,0.8304161718851205,0.0,0.008119340882011012,0.0
7311,202,-241.48137,781.22107,-0.010921745,18.39561,20.16432,-2.4986266e-06,27.29465675354004,-0.0006348976038748903,0.0005512236961715691,0.8272993413033463,0.0,0.0077647948742239495,0.0
7312,203,-240.56313,782.2269,-0.010922508,18.37519,20.045109,-2.3841858e-06,27.192903518676758,-0.0007270428475544694,0.0005496739782862653,0.8240466229269507,0.0,0.008207676655948879,0.0
7313,204,-239.64578,783.2268,-0.010923233,18.360106,19.921143,7.7724457e-07,27.091426849365234,-0.0008223840795978874,0.0005475282350661776,0.8206847149458619,0.0,0.008471196428604565,0.0
7314,204,-238.72914,784.2203,-0.010924034,18.349012,19.7936,-3.0899048e-06,26.990236282348633,-0.0009187904460401746,0.000545501670905614,0.8172050286655644,0.0,0.008634680281069772,0.0
7315,205,-237.813,785.20734,-0.010924873,18.341106,19.663181,-3.437996e-06,26.889345169067383,-0.0010125335863738012,0.0005439519530203104,0.8136157533064101,0.0,0.010741445646415139,0.0
7316,206,-236.89714,786.1878,-0.010925559,18.341501,19.52478,-2.7513504e-06,26.78857421875,-0.001117994765540939,0.0005422830235661918,0.8098038376801252,0.0,0.015655497342693794,0.0
7317,206,-235.98093,787.1613,-0.01092617,18.357122,19.371145,-6.351471e-06,26.68754768371582,-0.0012618055944423805,0.0005406140941120732,0.8054071584574861,0.0,0.02169765724966055,0.0
7318,207,-235.06377,788.1267,-0.010926742,18.390167,19.199305,-4.3535233e-06,26.585927963256836,-0.001458879515108244,0.0005400180362679984,0.7999584640252385,0.0,0.023594949328032706,0.0
7319,208,-234.1452,789.08374,-0.010926895,18.42527,19.024742,-4.2057036e-06,26.48455047607422,-0.001661279497879941,0.0005389451646579546,0.7934443719989047,0.0,0.02412606029499413,0.0
7320,208,-233.22491,790.03204,-0.0109272385,18.47049,18.838827,-2.9468536e-06,26.382957458496094,-0.0018636800008002884,0.0005384683183826947,0.7860218757247448,0.0,0.02412606029499413,0.0
7321,209,-232.30235,790.97095,-0.010927505,18.523035,18.644056,-3.3426284e-06,26.28124237060547,-0.0020687427545505767,0.0005373954467726509,0.7778081542907225,0.0,0.019391641632241607,0.0
7322,210,-231.37741,791.9005,-0.010928192,18.570173,18.454203,-3.1900406e-06,26.180315017700195,-0.0022343916344278307,0.0005358457288873471,0.7692877698571775,0.0,0.017677850498458877,0.0
7323,210,-230.44998,792.82043,-0.0109290695,18.620586,18.259737,-5.0926205e-06,26.079574584960938,-0.002370213110096197,0.0005338191647267837,0.7608735123930721,0.0,0.01719525288816015,0.0
7324,211,-229.5198,793.73035,-0.010930061,18.67537,18.059086,-4.2438505e-06,25.978837966918945,-0.00249804484242,0.0005316733889974053,0.7526577935882321,0.0,0.016991143614700163,0.0
7325,212,-228.58672,794.6301,-0.010930977,18.732897,17.853813,-3.7908553e-06,25.878177642822266,-0.002621615516999677,0.0005294084342085026,0.7446340221189597,0.0,0.016991143614700163,0.0
7326,212,-227.65063,795.51953,-0.010931701,18.791857,17.64525,-4.5490265e-06,25.777679443359375,-0.002735066439511378,0.0005278587163231989,0.736770040315092,0.0,0.016991143614700163,0.0
7327,213,-226.7116,796.3985,-0.010932502,18.850904,17.434858,-8.249283e-07,25.677438735961914,-0.0028336031397699843,0.0005261897868690802,0.7290347557709023,0.0,0.019994462626243603,0.0
7328,214,-225.7694,797.2666,-0.010933037,18.916292,17.214869,-4.4727326e-06,25.576900482177734,-0.0029385316867191064,0.0005246400689837766,0.7212139171766938,0.0,0.022694636671512874,0.0
7329,214,-224.82388,798.1236,-0.010933418,18.985943,16.987291,-5.62191e-06,25.47614860534668,-0.0030551776223159263,0.0005240440111397019,0.7130325531499159,0.0,0.0235791376098985,0.0
7330,215,-223.87502,798.9693,-0.010933571,19.05571,16.757114,-5.102157e-07,25.37559700012207,-0.0031670303880992545,0.000523567164864442,0.7044102362256481,0.0,0.0235791376098985,0.0
7331,216,-222.92274,799.80383,-0.010934029,19.124554,16.525637,-3.5524367e-06,25.275388717651367,-0.003261839703129051,0.0005224942932543982,0.695425063602857,0.0,0.0235791376098985,0.0
7332,216,-221.9671,800.6267,-0.010934295,19.193237,16.291786,-5.4502484e-06,25.175437927246094,-0.0033433321724111505,0.0005214213891350637,0.6861770369804752,0.0,0.0235791376098985,0.0
7333,217,-221.00804,801.4379,-0.010934715,19.261976,16.055128,-4.0864943e-06,25.075702667236328,-0.0034152375218432897,0.0005209445753690945,0.6767403253948611,0.0,0.0235791376098985,0.0
7334,217,-220.04555,802.2372,-0.010935249,19.330683,15.815628,-2.6512146e-06,24.976177215576172,-0.003482349441387612,0.0005193948574837908,0.6671725197045879,0.0,0.0235791376098985,0.0
7335,218,-219.07962,803.0244,-0.010935822,19.399096,15.573483,-4.33445e-06,24.876863479614258,-0.003544134518603125,0.0005183219533644563,0.6575153649597426,0.0,0.016141692260444134,0.0
7336,219,-218.11066,803.8001,-0.010936813,19.450989,15.351961,-2.3651123e-06,24.77950096130371,-0.0035430695142414184,0.0005155801523002938,0.648261079908799,0.0,0.0010559729484274569,0.0
7337,219,-217.13959,804.56537,-0.010938721,19.469744,15.174893,2.8610229e-08,24.684982299804688,-0.003393932233122656,0.0005123615049608714,0.6406194720559529,0.0,5.658075279864339e-07,0.0
7338,220,-216.16705,805.3213,-0.010940552,19.48756,14.998354,5.059242e-06,24.590967178344727,-0.0031957933080950856,0.0005077123513049604,0.6349544623641635,0.0,0.0,0.0
7339,221,-215.19336,806.0679,-0.010942345,19.500435,14.8278,5.426407e-06,24.4975643157959,-0.003008839139497198,0.0005034207998462036,0.6308063226502562,0.0,0.0,0.0
7340,221,-214.21898,806.8061,-0.01094387,19.504816,14.668538,5.4073334e-06,24.404996871948242,-0.0028224176031173263,0.0004996060946627066,0.6277804390197081,0.0,0.0,0.0
7341,222,-213.24443,807.53625,-0.010945091,19.499298,14.522899,4.019737e-06,24.313312530517578,-0.0026232134136537242,0.0004968642935985441,0.6255833311203928,0.0,0.0,0.0
7342,222,-212.2703,808.2593,-0.010946236,19.483755,14.39134,3.6191939e-06,24.222455978393555,-0.002407497105282981,0.0004938840693967517,0.6239930244754519,0.0,0.0,0.0
7343,223,-211.29709,808.9759,-0.010947151,19.458809,14.273204,7.3623655e-06,24.132333755493164,-0.002178998013791345,0.0004917382936673732,0.6228457346778458,0.0,0.0,0.0
7344,224,-210.32527,809.687,-0.010948143,19.425463,14.167228,3.6525726e-06,24.042856216430664,-0.0019451726001195504,0.0004894733063691798,0.6220194889496488,0.0,0.0,0.0
7345,224,-209.35526,810.39294,-0.010949058,19.384878,14.071871,3.376007e-06,23.953935623168945,-0.0017134779753941445,0.0004873275631490921,0.6214258037636428,0.0509796142578125,0.0,0.0
7346,225,-208.38742,811.09436,-0.010950127,19.33942,13.986391,4.296303e-06,23.866971969604492,-0.0014908373181520323,0.00048458572957563894,0.6209990987779849,0.13097961425781252,0.0,0.0
7347,225,-207.42188,811.7918,-0.010952759,19.292822,13.911168,-1.2207031e-06,23.785154342651367,-0.0012825785110193238,0.0004783868580344242,0.620694499728307,0.21097961425781253,0.0,0.0
7348,226,-206.45856,812.48566,-0.010958404,19.248833,13.846849,2.8610229e-08,23.711870193481445,-0.0010918959168953251,0.0004650354224014752,0.6204770526253021,0.29097961425781255,0.0,0.0
7349,227,-205.49718,813.17664,-0.010967865,19.210022,13.793538,3.7717818e-06,23.649242401123047,-0.0009214536721488351,0.0004421472238097836,0.6203247863899768,0.37097961425781256,0.0,0.0
7350,227,-204.53766,813.8651,-0.010981864,19.178226,13.751085,2.4175642e-06,23.59865951538086,-0.0007707188844875128,0.00040900705786504096,0.6202195249478915,0.4509796142578126,0.0,0.0
7351,228,-203.57945,814.5519,-0.010999718,19.154821,13.719262,-1.7642975e-07,23.561098098754883,-0.000639691293837033,0.00036644934053037064,0.6201478859145683,0.5309796142578126,0.0,0.0
7352,228,-202.62215,815.2373,-0.011021385,19.1409,13.697863,2.0122527e-06,23.537321090698242,-0.0005273058958356892,0.00031530855278747734,0.6201005482261921,0.6109796142578126,8.033721714088856e-11,0.0
7353,229,-201.66527,815.92175,-0.011046257,19.137379,13.686726,-8.869171e-07,23.527976989746094,-0.00043143206408354596,0.0002561807524804357,0.6200702547687925,0.6909796142578125,4.7987574305430564e-05,0.0
7354,230,-200.70824,816.60626,-0.011074028,19.14512,13.685597,5.7220458e-08,23.533618927001953,-0.0003510045666538623,0.00019013881121928973,0.6200484834268811,0.7709796142578125,0.00016051529464795774,0.0
7355,230,-199.75049,817.2907,-0.011104278,19.164965,13.69424,3.6239624e-07,23.55478858947754,-0.0002849582366384785,0.00011825560874140587,0.6200201207612718,0.8509796142578124,0.0002585073960860791,0.0
7356,231,-198.79137,817.9759,-0.0111369705,19.197521,13.712739,-2.7799606e-06,23.59203338623047,-0.00023169501483689373,4.100799132204395e-05,0.6199759788662037,0.9309796142578124,0.00026958405568527677,0.0
7357,231,-197.83028,818.66235,-0.011171379,19.243046,13.741343,-2.6798248e-06,23.64570426940918,-0.00018908442114098058,-4.100799132204395e-05,0.6199131282644778,0.9999847412109375,0.00026958405568527677,0.0
7358,232,-196.86656,819.3505,-0.011207619,19.301664,13.779826,-3.3712386e-06,23.71577262878418,-0.0001544633269699505,-0.0001268386791496289,0.6198363626460562,0.9999847412109375,0.00026958405568527677,0.0
7359,233,-195.89961,820.0408,-0.011244659,19.371359,13.826495,-1.0156631e-06,23.799612045288086,-0.00012676646788777174,-0.00021457671144163972,0.6197495435945197,0.9999847412109375,0.00026958405568527677,0.0
7360,233,-194.92891,820.73364,-0.011280022,19.448069,13.878296,-2.5892257e-06,23.89214324951172,-0.00010546117103981518,-0.0002985000466774761,0.6196553342709581,0.9999847412109375,0.00026958405568527677,0.0
7361,234,-193.9543,821.4292,-0.011311874,19.529161,13.933256,-3.1661987e-06,23.99007797241211,-8.894958853596922e-05,-0.00037395950681925913,0.6195557320461892,0.9999847412109375,0.00026958405568527677,0.0
7362,234,-192.97554,822.1274,-0.011339188,19.612984,13.99014,-3.223419e-06,24.091350555419922,-7.616641530358887e-05,-0.0004386901533327314,0.6194519353427034,0.9999847412109375,0.00026958405568527677,0.0
7363,235,-191.99255,822.82855,-0.011361694,19.698492,14.048171,-1.630783e-06,24.19466209411621,-6.711166759731947e-05,-0.0004922151399426331,0.6193452757410457,0.9999847412109375,0.00026958405568527677,0.0
7364,236,-191.00526,823.53265,-0.011380043,19.785034,14.106869,-3.1375885e-06,24.299203872680664,-6.018742438114546e-05,-0.0005350112479056426,0.6192366187685704,0.9999847412109375,0.00026958405568527677,0.0
7365,236,-190.01364,824.23956,-0.011394348,19.872196,14.165934,-2.5367735e-06,24.404464721679688,-5.486109407366432e-05,-0.0005689859273413805,0.6191257646881959,0.9999847412109375,0.00066061544338767,0.0
7366,237,-189.01761,824.9495,-0.011405448,19.960663,14.223839,-4.6682358e-06,24.510112762451172,-5.486109407366432e-05,-0.0005955695545291729,0.6189867476792937,0.9999847412109375,0.00259988227581907,0.0
7367,237,-188.01709,825.66223,-0.011413917,20.05394,14.275278,-2.9850005e-06,24.61593246459961,-7.350323795886431e-05,-0.0006155967079785964,0.6186736265141277,0.9999847412109375,0.004675719114231924,0.0
7368,238,-187.01186,826.3774,-0.011420516,20.152004,14.319999,-3.9625165e-06,24.721765518188477,-0.00011664643136350265,-0.0006308555287125846,0.6179929891185306,0.9999847412109375,0.005356797945919591,0.0
7369,239,-186.00177,827.095,-0.011425514,20.251867,14.362106,-2.8657912e-06,24.82756996154785,-0.0001699096775470554,-0.0006422996442630758,0.6168957001703907,0.9999847412109375,0.005445569782142247,0.0
7370,239,-184.98674,827.8146,-0.011429099,20.35311,14.402098,-9.202957e-07,24.933300018310547,-0.00022317289934864015,-0.0006508826821620081,0.6154549300206579,0.9999847412109375,0.005744438235705266,0.0
7371,240,-183.96663,828.53625,-0.011431885,20.456966,14.438115,-4.148483e-06,25.038902282714844,-0.00027856661751299766,-0.0006572007977813284,0.6137393882254562,0.9999847412109375,0.005744438235705266,0.0
7372,241,-182.94135,829.25977,-0.01143383,20.562983,14.470749,-3.0755996e-06,25.144359588623047,-0.00033609086454941854,-0.0006617307073591339,0.6118070651175218,0.9999847412109375,0.005744438235705266,0.0
7373,241,-181.91072,829.9848,-0.011435089,20.671282,14.499765,-2.0170212e-06,25.24965476989746,-0.0003952130732584683,-0.0006649493872078468,0.6097158844505643,0.9999847412109375,0.0033348539293056255,0.0
7374,242,-180.87479,830.71136,-0.011436348,20.77613,14.533518,-3.7193297e-06,25.354896545410156,-0.0004351605221189475,-0.0006673335535655645,0.6076738391057189,0.9999847412109375,0.0021404537222858232,0.0
7375,242,-179.83356,831.4396,-0.0114368815,20.88059,14.567512,-3.1423567e-06,25.459997177124023,-0.0004580636749843383,-0.0006690025155289737,0.6058671506222091,0.9999847412109375,0.001918689336215332,0.0
7376,243,-178.78699,832.16943,-0.011437416,20.986044,14.59973,-9.584427e-07,25.564939498901367,-0.00047617317039687715,-0.0006700753871390176,0.6043060055912047,0.9999847412109375,0.001918689336215332,0.0
7377,244,-177.73508,832.90076,-0.011437682,21.091936,14.63097,-1.3399124e-06,25.66973114013672,-0.0004937499360635282,-0.0006707906565519073,0.6029350102620319,0.9999847412109375,0.002215825118144965,0.0
7378,244,-176.67784,833.63367,-0.011437912,21.198252,14.661234,-9.727478e-07,25.77436065673828,-0.0005107941345307447,-0.0006711482587490614,0.6016816600740134,0.9999847412109375,0.0035689947270877696,0.0
7379,245,-175.61523,834.3678,-0.011437873,21.307028,14.687485,-8.5830685e-08,25.878787994384766,-0.0005342299846327326,-0.0006712675028271671,0.6004060059118654,0.9999847412109375,0.005593673374220831,0.0
7380,246,-174.54715,835.1033,-0.011437912,21.41953,14.707773,-5.5789945e-07,25.982973098754883,-0.0005731123316036334,-0.0006710290796895372,0.598907245429396,0.9999847412109375,0.006823138558239012,0.0
7381,246,-173.47345,835.8397,-0.011437682,21.534111,14.724514,-1.3542175e-06,26.086956024169922,-0.0006215817334059129,-0.0006706714124738017,0.5970574803152543,0.9999847412109375,0.007046850865815354,0.0
7382,247,-172.3941,836.5771,-0.011437492,21.649317,14.739886,-1.5735625e-07,26.190784454345703,-0.0006695186330273392,-0.0006703138102766475,0.5948715576925172,0.9999847412109375,0.00735266753097811,0.0
7383,247,-171.30902,837.31537,-0.01143734,21.766254,14.752167,-3.0517577e-07,26.294414520263672,-0.0007158577010132992,-0.0006699561430609121,0.5924049378908859,0.9999847412109375,0.009338036124502753,0.0
7384,248,-170.21799,838.05383,-0.011437111,21.889143,14.754772,-2.2888182e-06,26.397687911987305,-0.0007803061993932168,-0.0006692409386666036,0.5895799231855571,0.9199847412109375,0.01011151258717291,0.0
7385,249,-169.12085,838.7925,-0.0114362715,22.013083,14.7502575,2.0503997e-07,26.498035430908203,-0.0008580703081677866,-0.0006673335535655645,0.5863382569276854,0.8399847412109376,0.011120179579791136,0.0
7386,249,-168.01768,839.5308,-0.011432762,22.134348,14.733536,-2.5224685e-06,26.58959197998047,-0.0009475526508316116,-0.0006586312715885264,0.5826838672798786,0.7599847412109376,0.0139972931448718,0.0
7387,250,-166.90858,840.268,-0.011424141,22.254072,14.695539,-4.210472e-06,26.66838264465332,-0.0010647315437393543,-0.0006382465159419488,0.5784868585599682,0.6799847412109377,0.017543382468884462,0.0
7388,251,-165.7938,841.0028,-0.0114097595,22.371557,14.632705,-7.1525574e-07,26.732051849365234,-0.0012202601513999817,-0.0006039142343090566,0.5735205291801612,0.5999847412109377,0.01917964921157874,0.0
7389,251,-164.67342,841.73413,-0.011389541,22.482052,14.550049,-1.5211104e-06,26.779592514038086,-0.0013976268100364215,-0.0005561112729651099,0.5677138393183797,0.5199847412109377,0.020274284950270144,0.0
7390,252,-163.54791,842.4612,-0.011364326,22.584826,14.447245,-3.8957596e-06,26.810394287109375,-0.0015840479563048056,-0.0004961490241856543,0.5611447530155358,0.4399847412109377,0.020446299778254347,0.0
7391,253,-162.41768,843.1828,-0.011335144,22.678413,14.3260765,-5.760193e-06,26.824371337890625,-0.0017710019948655308,-0.00042665001244745614,0.5539553499157851,0.3599847412109377,0.02073998559819546,0.0
7392,254,-161.28305,843.898,-0.011302528,22.763205,14.185506,-5.168915e-06,26.821483612060547,-0.001958488665644272,-0.0003495216228515545,0.5462870771625246,0.2799847412109377,0.02091462085494582,0.0
7393,254,-160.14452,844.6059,-0.011267967,22.838776,14.026303,-6.1035155e-07,26.80199432373047,-0.002145442314093509,-0.0002672672170698367,0.5382425996157767,0.19998474121093768,0.02091462085494582,0.0
7394,255,-159.0025,845.30536,-0.011231651,22.904448,13.849871,-1.1825562e-06,26.766258239746094,-0.0023286677970909605,-0.0001813173176734368,0.5299132637009313,0.11998474121093768,0.02091462085494582,0.0
7395,256,-157.85753,845.99567,-0.011194534,22.959772,13.657252,-1.926422e-06,26.71463394165039,-0.0025049693213285316,-9.334087037111876e-05,0.5213724727955334,0.039984741210937674,0.02091462085494582,0.0
7396,256,-156.71007,846.6761,-0.011156921,23.004313,13.449724,-2.3269654e-06,26.647579193115234,-0.0026727484700035235,-4.291534188196181e-06,0.5126713263029994,0.0,0.02091462085494582,0.0
7397,257,-155.56068,847.3457,-0.011119575,23.038578,13.229096,-2.5987624e-06,26.566614151000977,-0.0028298747142438733,8.404254680465137e-05,0.5038476744003215,0.0,0.02091462085494582,0.0
7398,258,-154.4098,848.00397,-0.011083946,23.06551,12.998354,-3.4332274e-06,26.47593116760254,-0.0029742177852518426,0.00016891955833636205,0.4949296800160277,0.0,0.02091462085494582,0.0
7399,258,-153.25768,848.65063,-0.011052017,23.088026,12.7603035,-8.7738033e-07,26.379581451416016,-0.003106310575319773,0.00024449824630160536,0.48594147804749666,0.0,0.02091462085494582,0.0
7400,259,-152.10452,849.2853,-0.011024894,23.107704,12.516911,-3.2806395e-06,26.280012130737305,-0.003224555187793616,0.0003089904696774477,0.47690370799317655,0.0,0.02091462085494582,0.0
7401,260,-150.9504,849.90765,-0.011002693,23.125313,12.269594,4.339218e-07,26.17867660522461,-0.0033294839948170636,0.0003612041290303849,0.46783414645334354,0.0,0.02091462085494582,0.0
7402,260,-149.7954,850.51764,-0.010985069,23.141157,12.019448,2.479553e-07,26.076433181762695,-0.0034210969963901147,0.00040268894224572063,0.45874624239150263,0.0,0.02091462085494582,0.0
7403,261,-148.63962,851.11505,-0.010971488,23.155302,11.767322,2.0599364e-06,25.973793029785156,-0.003499393412289794,0.0004351138712868642,0.4496531451655361,0.0,0.02091462085494582,0.0
7404,262,-147.48315,851.6999,-0.010961151,23.16771,11.513904,-8.106232e-08,25.871078491210938,-0.003564907435180068,0.0004590749414885997,0.44056211188941435,0.0,0.02091462085494582,0.0
7405,262,-146.3261,852.2721,-0.010953521,23.178286,11.259761,1.0728836e-06,25.768491744995117,-0.003619236441566335,0.00047731395391508965,0.43148126520446217,0.0,0.02091462085494582,0.0
7406,263,-145.16852,852.8315,-0.010947799,23.18692,11.00536,4.7683716e-07,25.666147232055664,-0.0036618464988589527,0.0004905462104885143,0.4224153322216144,0.0,0.02091462085494582,0.0
7407,264,-144.01056,853.3782,-0.010943908,23.193516,10.751087,1.707077e-06,25.56413459777832,-0.0036954018084453004,0.0004996060946627066,0.4133680080768836,0.0,0.02091462085494582,0.0
7408,264,-142.85226,853.91223,-0.010941162,23.197975,10.497263,-4.529953e-07,25.462493896484375,-0.003719370258256014,0.0005066394471856259,0.4043420890894143,0.0,0.02091462085494582,0.0
7409,265,-141.69377,854.4336,-0.0109390635,23.200235,10.244155,3.1423567e-06,25.36126136779785,-0.00373588159694018,0.0005108117870755678,0.39533957263002406,0.0,0.02091462085494582,0.0
7410,266,-140.53517,854.9423,-0.010937919,23.200243,9.991982,2.565384e-06,25.26046371459961,-0.0037449363446464493,0.0005134343765709154,0.3863626558066122,0.0,0.02091462085494582,0.0
7411,267,-139.37663,855.4384,-0.010937194,23.197966,9.740923,1.6880035e-06,25.160110473632812,-0.00374866477017256,0.000514984094456219,0.37741070611841987,0.0,0.02091462085494582,0.0
7412,267,-138.21823,855.9221,-0.01093689,23.193386,9.491125,1.502037e-06,25.06022071838379,-0.003746534501374822,0.0005155801523002938,0.36848651988459163,0.0,0.02091462085494582,0.0
7413,268,-137.06009,856.3933,-0.010936965,23.186497,9.242711,1.5258788e-06,24.960796356201172,-0.0037406758070509727,0.0005155801523002938,0.3595889652616641,0.0,0.02091462085494582,0.0
7414,268,-135.90233,856.8522,-0.010937194,23.177292,8.995777,3.7717818e-06,24.861835479736328,-0.0037305555348343465,0.0005155801523002938,0.35071904093504624,0.0,0.02091462085494582,0.0
7415,268,-134.74504,857.29865,-0.0109375,23.165789,8.750403,4.2915343e-07,24.76334571838379,-0.0037177721015276407,0.0005145072806902499,0.341876380720088,0.0,0.02091462085494582,0.0
7416,268,-133.58835,857.733,-0.010937957,23.152008,8.506653,3.74794e-06,24.665332794189453,-0.003702325767205181,0.0005134343765709154,0.3330613175119257,0.0,0.02091462085494582,0.0
7417,268,-132.4324,858.15515,-0.0109384535,23.13597,8.264579,1.4162064e-06,24.567790985107422,-0.0036852820563773245,0.0005123615049608714,0.32427401775812753,0.0,0.02091462085494582,0.0
7418,268,-131.27727,858.5653,-0.01093914,23.117695,8.024224,3.733635e-06,24.47071647644043,-0.0036655749243850633,0.0005108117870755678,0.3155143815901525,0.0,0.02091462085494582,0.0
7419,268,-130.12308,858.9633,-0.010939826,23.09722,7.785623,3.223419e-06,24.374114990234375,-0.003645334640026136,0.0005086660113461894,0.30678244229751434,0.0,0.02091462085494582,0.0
7420,268,-128.96994,859.3496,-0.010940552,23.074577,7.548803,2.0217894e-06,24.277984619140625,-0.003623496198938836,0.0005071162934608857,0.29807763395848136,0.0,0.02091462085494582,0.0
7421,268,-127.817955,859.7242,-0.010941238,23.049791,7.313785,1.0585785e-06,24.182315826416016,-0.0036011259058564954,0.000505566575575582,0.28940008973110803,0.0,0.02091462085494582,0.0
7422,268,-126.66724,860.0871,-0.010942001,23.022902,7.080587,3.1089783e-06,24.087106704711914,-0.003578222980556139,0.0005038976461214634,0.2807502090895579,0.0,0.02091462085494582,0.0
7423,268,-125.5179,860.43823,-0.010942764,22.993942,6.849226,2.8944014e-06,23.992359161376953,-0.0035542542706711007,0.0005017518703920849,0.2721274427568562,0.0,0.02091462085494582,0.0
7424,268,-124.37001,860.7779,-0.010943527,22.962946,6.619714,7.9154967e-07,23.8980655670166,-0.003530286080934713,0.0005000829409379663,0.2635317907330028,0.0,0.02091462085494582,0.0
7425,268,-123.2237,861.1061,-0.010944214,22.92995,6.392058,1.0442734e-06,23.804224014282227,-0.0035063173710496746,0.0004985332230526627,0.25496335288653865,0.0,0.02091462085494582,0.0
7426,268,-122.07906,861.42303,-0.010945129,22.894993,6.166269,8.0585477e-07,23.710832595825195,-0.003481816549095271,0.0004963874473232843,0.24642156329573214,0.0,0.02091462085494582,0.0
7427,268,-120.93619,861.7286,-0.010945816,22.858105,5.9423523,-7.6770783e-07,23.61788558959961,-0.003457315467066542,0.0004943608831627208,0.237906888013774,0.0196075439453125,0.004851693623421589,0.0
7428,268,-119.79543,862.0243,-0.010947494,22.807526,5.7814274,1.988411e-06,23.528879165649414,-0.0033028518637676207,0.0004911422358232985,0.2304489716971161,0.0996075439453125,0.0,0.0
7429,268,-118.65705,862.31177,-0.010950317,22.756067,5.636685,8.187294e-06,23.44378089904785,-0.0030647657824631872,0.00048458572957563894,0.22483719193761476,0.1796075439453125,0.0,0.0
7430,268,-117.52091,862.5915,-0.010955238,22.710266,5.4973936,5.7935713e-06,23.366161346435547,-0.002833070247477643,0.0004723071655527338,0.22080674729913202,0.2596075439453125,0.0,0.0
7431,268,-116.38681,862.864,-0.010964012,22.67111,5.3714685,3.7002562e-06,23.29875373840332,-0.0026184205039145574,0.0004516839867685262,0.21793106595406445,0.3396075439453125,0.0,0.0
7432,268,-115.25434,863.13043,-0.010976753,22.639662,5.2624946,3.7050247e-06,23.24323844909668,-0.002404834464341552,0.0004211664103191311,0.21589749279043677,0.4196075439453125,0.0,0.0
7433,268,-114.12316,863.3918,-0.010993461,22.616978,5.1714683,3.1423567e-06,23.200685501098633,-0.002184857358301007,0.0003818273403238831,0.21447321759470556,0.49960754394531254,0.0,0.0
7434,268,-112.9928,863.6487,-0.011013985,22.60411,5.0978794,3.709793e-06,23.17184066772461,-0.001959021297862288,0.0003329515398791832,0.21348838062359426,0.5796075439453126,0.0,0.0
7435,268,-111.86276,863.90234,-0.011037712,22.602098,5.0404215,2.503395e-06,23.157302856445312,-0.0017326524751683898,0.00027644632906748915,0.2128151168552654,0.6596075439453125,0.0,0.0
7436,268,-110.73247,864.1533,-0.011064491,22.611942,4.99744,3.7050247e-06,23.1575984954834,-0.001511077472473797,0.00021302699355633603,0.21236133085027273,0.7396075439453125,0.0,0.0
7437,268,-109.60133,864.4026,-0.011093864,22.634592,4.9671984,1.2779235e-06,23.173213958740234,-0.0013012203785755531,0.00014328955868050792,0.21205718120902886,0.8196075439453124,0.0,0.0
7438,282,-108.46869,864.6505,-0.0111253355,22.670979,4.948032,1.0728836e-06,23.204660415649414,-0.0011062769867817529,6.818770886320176e-05,0.21185371570174683,0.8996075439453124,0.0,0.0
7439,283,-107.33378,864.8977,-0.011159096,22.721972,4.9384427,3.4189225e-06,23.252445220947266,-0.0009305082898179419,-1.1682510242491714e-05,0.21171682922171675,0.9796075439453124,0.0,0.0
7440,283,-106.19589,865.14465,-0.011194572,22.788134,4.9371195,1.0442734e-06,23.31682014465332,-0.0007744471799764612,-9.596347612111166e-05,0.2116241678605388,0.9999847412109375,0.0,0.0
7441,284,-105.05432,865.3916,-0.011231346,22.868313,4.9426417,-1.6212463e-06,23.39635467529297,-0.0006391587266375984,-0.00018334388183400028,0.2115602519943769,0.9999847412109375,0.0,0.0
7442,284,-103.90845,865.6392,-0.011267395,22.95816,4.953147,-3.6859512e-06,23.48639678955078,-0.000523577405290997,-0.0002691745534069399,0.21151602687552476,0.9999847412109375,0.0,0.0
7443,285,-102.75789,865.8873,-0.011300735,23.053957,4.967123,-3.1900406e-06,23.58298683166504,-0.0004261057744126781,-0.00034809111653506575,0.21148516749639348,0.9999847412109375,0.0,0.0
7444,285,-101.60245,866.13617,-0.011329955,23.153378,4.983529,-2.207756e-06,23.68363380432129,-0.0003446130125469628,-0.0004167556472915593,0.211463312930698,0.9999847412109375,0.0,0.0
7445,286,-100.44197,866.3859,-0.01135437,23.254974,5.0016456,-4.038811e-06,23.786767959594727,-0.00027696878587753145,-0.0004744529412821122,0.2114484158733504,0.9999847412109375,0.0,0.0
7446,286,-99.27638,866.6365,-0.011374054,23.357851,5.0209703,-3.7288664e-06,23.891408920288086,-0.00022210761865796314,-0.0005214213891350637,0.21143719730725843,0.9999847412109375,0.0,0.0
7447,287,-98.10563,866.8881,-0.011389923,23.46146,5.0411506,-1.9693375e-06,23.996944427490234,-0.00017736651234463193,-0.0005586146834009332,0.2114297404562062,0.9999847412109375,0.0,0.0
7448,288,-96.92967,867.14087,-0.0114022065,23.565447,5.0619373,-2.1505355e-06,24.102977752685547,-0.00014061490555618378,-0.0005878209651026544,0.21142388150180802,0.9999847412109375,0.0,0.0
7449,288,-95.74851,867.39453,-0.011411781,23.669613,5.0831532,-2.298355e-06,24.209274291992188,-0.00011132013356531216,-0.000610232349928377,0.21142015307628192,0.9999847412109375,0.0,0.0
7450,289,-94.56216,867.6493,-0.011419029,23.77383,5.1046724,-2.4938583e-06,24.31568717956543,-8.788429159064688e-05,-0.0006272792466667174,0.21141747327043503,0.9999847412109375,0.0,0.0
7451,289,-93.37058,867.90515,-0.01142456,23.87801,5.1264024,-1.5735626e-06,24.422109603881836,-6.924219646938286e-05,-0.0006402730801025122,0.21141535938631978,0.9999847412109375,0.0,0.0
7452,290,-92.1738,868.162,-0.0114285275,23.982117,5.148278,-3.1137465e-06,24.528486251831055,-5.43284781102938e-05,-0.0006499289896114885,0.21141376148966573,0.9999847412109375,0.0,0.0
7453,290,-90.97184,868.42004,-0.011431656,24.086113,5.1702514,-2.1839141e-06,24.63477897644043,-4.261057744126781e-05,-0.0006569623746436985,0.21141321221269088,0.9999847412109375,0.0,0.0
7454,291,-89.76469,868.67914,-0.01143383,24.189985,5.192289,-4.854202e-06,24.740962982177734,-3.355581551218374e-05,-0.0006622075536343936,0.21141216359301168,0.9999847412109375,0.0,0.0
7455,292,-88.55233,868.93933,-0.011435471,24.29372,5.2143626,-2.965927e-06,24.84701919555664,-2.6098972587284536e-05,-0.0006660222588178907,0.21141164760555048,0.9999847412109375,0.0,0.0
7456,292,-87.33479,869.2007,-0.011436843,24.397314,5.2364564,-3.2997132e-06,24.952943801879883,-2.024003850741687e-05,-0.0006686448483132383,0.21141166425030727,0.9999847412109375,0.0,0.0
7457,293,-86.112076,869.46313,-0.011437644,24.500763,5.2585554,2.0503997e-07,25.058727264404297,-1.5978969588221426e-05,-0.0006704329893361718,0.21141109832857566,0.9999847412109375,0.0,0.0
7458,294,-84.8842,869.7267,-0.011438141,24.604076,5.280649,4.1007993e-07,25.164377212524414,-1.225053898253383e-05,-0.0006717442840838456,0.21141109832857566,0.9999847412109375,0.0,0.0
7459,294,-83.65115,869.99133,-0.011438484,24.707245,5.3027334,-2.002716e-07,25.269880294799805,-9.587378908369924e-06,-0.0006724595534967352,0.21141059898587125,0.9999847412109375,0.0,0.0
7460,295,-82.41296,870.25714,-0.011438636,24.810266,5.3248014,-3.147125e-07,25.375240325927734,-7.456846480602869e-06,-0.0006729363997719951,0.21141059898587125,0.9999847412109375,0.0,0.0
7461,295,-81.16962,870.524,-0.0114387125,24.913141,5.346848,-1.7642975e-07,25.480451583862305,-7.456846480602869e-06,-0.0006729363997719951,0.21141059898587125,0.9999847412109375,0.0,0.0
7462,296,-79.92113,870.7919,-0.0114387125,25.01587,5.3688726,-1.1825562e-06,25.585512161254883,-4.2610633316611116e-06,-0.0006732940019691493,0.21141058234111443,0.9999847412109375,0.0,0.0
7463,297,-78.66752,871.0609,-0.011438636,25.118456,5.3908715,-7.5817104e-07,25.690433502197266,-4.2610633316611116e-06,-0.0006732940019691493,0.21141058234111443,0.9999847412109375,0.0,0.0
7464,297,-77.408775,871.331,-0.011438561,25.220886,5.412844,-1.3208389e-06,25.79519271850586,-2.6631537246930754e-06,-0.0006728172207124708,0.21141058234111443,0.9999847412109375,0.0,0.0
7465,298,-76.14491,871.6023,-0.011438446,25.323174,5.434788,-1.3160706e-06,25.89980697631836,-2.6631537246930754e-06,-0.0006728172207124708,0.21141058234111443,0.9999847412109375,5.3883628616538894e-05,0.0
7466,298,-74.875946,871.8747,-0.011438179,25.425362,5.4564843,-1.8930435e-06,26.0042724609375,-2.1305316658305558e-06,-0.0006721019512995811,0.2114068372708315,0.9999847412109375,0.002925185015348952,0.0
7467,299,-73.601814,872.1479,-0.011438255,25.529886,5.466423,-2.6655196e-06,26.108558654785156,-2.7164245150638894e-05,-0.0006716251050243213,0.21120017597024138,0.9999847412109375,0.005201373079874344,0.0
7468,300,-72.32246,872.42163,-0.011437988,25.636034,5.467745,-1.3160706e-06,26.21263885498047,-8.096009713840885e-05,-0.0006711482587490614,0.2105429078132098,0.9999847412109375,0.0006557665532135465,0.0
7469,300,-71.03791,872.69586,-0.011437759,25.738295,5.487013,-2.093315e-06,26.316669464111328,-9.960220851431818e-05,-0.0006706714124738017,0.20975144962675188,0.9999847412109375,0.0,0.0
7470,301,-69.748245,872.97095,-0.011437492,25.8407,5.504853,-9.1075896e-07,26.420543670654297,-9.534115889751406e-05,-0.0006703138102766475,0.2091340955965579,0.9999847412109375,0.0,0.0
7471,302,-68.45342,873.24677,-0.011437416,25.943485,5.5201683,-1.7690658e-06,26.52426528930664,-9.374325411614386e-05,-0.0006698369640013878,0.20867814577317953,0.9999847412109375,0.0,0.0
7472,302,-67.15346,873.5233,-0.011437187,26.046328,5.534448,-7.4386594e-07,26.627830505371094,-9.747168776957746e-05,-0.0006693601177261279,0.2083404902364711,0.9999847412109375,0.0,0.0
7473,303,-65.84833,873.80054,-0.011437034,26.149057,5.548575,-1.4734268e-06,26.731252670288086,-0.00010226538585904275,-0.0006688832714508682,0.20809068572622166,0.9999847412109375,0.0,0.0
7474,304,-64.53806,874.0784,-0.01143692,26.251554,5.563046,5.245209e-07,26.834522247314453,-0.00010599380325783102,-0.0006684064251756083,0.20790531306959534,0.9999847412109375,0.0,0.0
7475,304,-63.222694,874.3571,-0.011436691,26.35378,5.578115,5.102157e-07,26.937652587890625,-0.00010652643547584686,-0.0006679296439189298,0.20776789395734724,0.9999847412109375,2.498009833935212e-06,0.0
7476,305,-61.90221,874.6365,-0.011436462,26.4557,5.593877,-1.3589859e-06,27.040626525878906,-0.00010439590660378348,-0.0006673335535655645,0.2076656285714882,0.9999847412109375,0.012470853637589652,0.0
7477,306,-60.576416,874.9155,-0.011436119,26.567274,5.559848,-1.1205673e-06,27.142807006835938,-0.00020612865211748772,-0.0006664991050931504,0.20674364220210278,0.9999847412109375,0.02797992891328039,0.0
7478,306,-59.24497,875.19214,-0.011434974,26.68847,5.468085,-1.0871887e-06,27.242877960205078,-0.0004735100743253792,-0.0006641149387354327,0.2035713013563572,0.9999847412109375,0.03166893178975404,0.0
7479,307,-57.90762,875.46497,-0.011433906,26.811789,5.3603263,-5.7554244e-06,27.342369079589844,-0.0008069376802568466,-0.0006613731051619796,0.19772777664774852,0.9999847412109375,0.00014709108833796392,0.0
7480,308,-56.564682,875.7353,-0.011433716,26.915686,5.3637657,-1.3446808e-06,27.444929122924805,-0.0008713861786367642,-0.0006607770798271955,0.19180380782946263,0.9999847412109375,0.0,0.0
7481,308,-55.216263,876.00476,-0.011433906,27.024763,5.3380985,-2.9850005e-06,27.546926498413086,-0.0008362325822848808,-0.0006611346820243497,0.18736481763500493,0.9999847412109375,0.0,0.0
7482,309,-53.862225,876.2719,-0.011433982,27.136187,5.29816,-1.9979477e-06,27.6485652923584,-0.0008431568011190868,-0.0006616115282996096,0.18403852943349597,0.9999847412109375,0.0,0.0
7483,310,-52.50253,876.5367,-0.011434288,27.248182,5.2533865,1.5735625e-07,27.749982833862305,-0.0008783103324523888,-0.0006619691304967638,0.18154364683479612,0.9999847412109375,0.0,0.0
7484,310,-51.137188,876.7989,-0.011434211,27.359753,5.2093906,-1.940727e-06,27.851280212402344,-0.0009134640588414348,-0.0006622075536343936,0.17967252649766324,0.9999847412109375,0.0,0.0
7485,311,-49.766262,877.0589,-0.011434402,27.470356,5.1693463,-6.4849854e-07,27.95250701904297,-0.0009326390137457492,-0.0006622075536343936,0.1782685412604871,0.9999847412109375,0.0,0.0
7486,312,-48.38981,877.3168,-0.011434364,27.579739,5.13486,-7.1048737e-07,28.05367660522461,-0.0009283778909830411,-0.0006620883745748693,0.17721552736546978,0.9999847412109375,0.0,0.0
7487,312,-47.007908,877.573,-0.01143425,27.687805,5.1065445,-1.2922287e-06,28.154775619506836,-0.0009017460850265049,-0.0006617307073591339,0.17642506786442064,0.9999847412109375,0.00016165360706556182,0.0
7488,313,-45.62063,877.8279,-0.011433944,27.794695,5.083742,1.1014938e-06,28.255786895751953,-0.0008586029403858025,-0.0006613731051619796,0.17582051365221582,0.9999847412109375,0.0008118427550746813,0.0
7489,314,-44.228012,878.0817,-0.011433906,27.900822,5.0641317,1.2397766e-06,28.356679916381836,-0.0008074703124748624,-0.0006610155029648254,0.17530334441327924,0.9999847412109375,0.001109345114933283,0.0
7490,314,-42.830116,878.33466,-0.01143364,28.00605,5.04862,-2.5749205e-07,28.457468032836914,-0.0007526092590378114,-0.0006604194126114601,0.1747978597936254,0.9999847412109375,0.0004709274930539743,0.0
7491,315,-41.42699,878.5872,-0.011433487,28.109907,5.0399976,-5.00679e-07,28.55815887451172,-0.0006881607606578938,-0.0006599425663362002,0.1743291767312851,0.9999847412109375,1.6226976376120244e-05,0.0
7492,316,-40.018696,878.83905,-0.011433181,28.212725,5.0363545,-4.2915343e-07,28.658727645874023,-0.0006173206756617862,-0.0006594657850795217,0.17395100785649384,0.9999847412109375,5.992928323264403e-08,0.0
7493,316,-38.605274,879.09076,-0.011433105,28.314903,5.0354233,1.5687942e-06,28.759159088134766,-0.0005480784873197259,-0.000658988938804262,0.1736649677106625,0.9999847412109375,0.0,0.0
7494,317,-37.186752,879.3424,-0.011432914,28.416477,5.0370283,1.3017655e-06,28.85944938659668,-0.00048363005395838965,-0.0006583928484508966,0.17344871903014808,0.9999847412109375,0.0,0.0
7495,318,-35.763165,879.5945,-0.011432648,28.517483,5.0409656,7.009506e-07,28.9595947265625,-0.00042450787775863056,-0.0006579160021756368,0.17328523422873082,0.9999847412109375,2.0655636896366106e-06,0.0
7496,318,-34.334534,879.8469,-0.011432419,28.617973,5.046977,3.156662e-06,29.059600830078125,-0.0003707119912297393,-0.0006574392209189583,0.17316111427717631,0.9999847412109375,0.001729362929145331,0.0
7497,319,-32.900867,880.09937,-0.011432304,28.719204,5.0477514,3.3855437e-07,29.15943145751953,-0.00033715619400403156,-0.0006569623746436985,0.17295017527408524,0.9999847412109375,0.009587452810704028,0.0
7498,320,-31.462055,880.35126,-0.011431999,28.82512,5.0184736,3.5381315e-06,29.258718490600586,-0.0003802993386447339,-0.0006561278611527032,0.1720553531478186,0.9999847412109375,0.012553745250848717,0.0
7499,320,-30.017979,880.60187,-0.011431503,28.932428,4.978864,-7.6293944e-08,29.357698440551758,-0.00047830376428752185,-0.0006551742336207649,0.17005107475618178,0.9999847412109375,0.008215501605095354,0.0
7500,321,-28.56866,880.85126,-0.011431274,29.037481,4.952988,-3.147125e-07,29.456872940063477,-0.0005486111195377417,-0.0006544589642078752,0.16734422117946843,0.9999847412109375,0.0,0.0
7501,322,-27.114191,881.1,-0.011431083,29.138475,4.951249,2.002716e-07,29.556142807006836,-0.0005379584426681342,-0.000654101362010721,0.16487064386948921,0.9999847412109375,0.0,0.0
7502,322,-25.654594,881.348,-0.0114309685,29.240942,4.9392514,1.46389e-06,29.655166625976562,-0.0005134574256579864,-0.0006538629388730911,0.1629851091729563,0.9999847412109375,0.0,0.0
7503,323,-24.189812,881.59503,-0.011430893,29.34396,4.922663,-8.487701e-07,29.75400161743164,-0.0005097290001318755,-0.0006535052716573557,0.1615454375771731,0.9999847412109375,0.0,0.0
7504,324,-22.719852,881.8411,-0.01143074,29.446964,4.9049945,-1.87397e-06,29.85268211364746,-0.0005155879545300499,-0.0006532668485197257,0.16044658402189277,0.9999847412109375,0.0,0.0
7505,325,-21.244728,882.0863,-0.011430435,29.549622,4.8883686,3.7193297e-07,29.951231002807617,-0.000520914309219499,-0.000652790002244466,0.15960717229105661,0.9999847412109375,0.0,0.0
7506,325,-19.764477,882.3305,-0.011430397,29.651737,4.873991,2.0503997e-07,30.04964828491211,-0.0005187837153288543,-0.0006524324000473118,0.1589658664558087,0.9999847412109375,0.0,0.0
7507,326,-18.279129,882.5741,-0.011430168,29.75323,4.862464,-2.5939942e-06,30.147937774658203,-0.000507065774023215,-0.0006519555537720519,0.15847532882777293,0.9999847412109375,0.0,0.0
7508,327,-16.78872,882.81726,-0.011430015,29.85407,4.8540006,-8.869171e-07,30.246105194091797,-0.00048682587977577537,-0.0006515979515748977,0.15810035574628978,0.9999847412109375,0.0,0.0
7509,327,-15.293276,883.05975,-0.011429787,29.95427,4.8485694,-1.3828277e-06,30.344141006469727,-0.0004585963397116448,-0.000651121105299638,0.15781379961299724,0.9999847412109375,0.0,0.0
7510,328,-13.792839,883.30206,-0.01142971,30.053856,4.845996,-7.4386594e-07,30.44204330444336,-0.00042557314219466224,-0.0006506442590243781,0.15759383915171352,0.9999847412109375,0.0,0.0
7511,329,-12.287434,883.5444,-0.011429481,30.152878,4.846028,-1.0585785e-06,30.539810180664062,-0.00038935415136958463,-0.0006501674127491184,0.15742552737082052,0.9999847412109375,0.0,0.0
7512,330,-10.777091,883.7866,-0.011429405,30.25137,4.848382,-4.1484833e-07,30.63743019104004,-0.0003515372638904594,-0.0006496905664738586,0.15729661372930387,0.9999847412109375,0.0,0.0
7513,330,-9.261834,884.02905,-0.011429138,30.349386,4.852768,-2.1934508e-07,30.734909057617188,-0.00031425297612005946,-0.0006492137852171801,0.15719807676897093,0.9999847412109375,0.00011031327447333885,0.0
7514,331,-7.741685,884.2721,-0.011428986,30.44704,4.858459,8.5830685e-08,30.832237243652344,-0.00027909924973101353,-0.0006488561180014446,0.15711445351074244,0.9999847412109375,0.0005849577934530386,0.0
7515,332,-6.2166576,884.51514,-0.011428795,30.544607,4.8637266,-2.2411346e-07,30.92941665649414,-0.0002503371424674484,-0.0006482600926666605,0.1570057798935104,0.9999847412109375,0.0016129732754448958,0.0
7516,332,-4.68675,884.7582,-0.0114285275,30.642477,4.866066,-1.0538101e-06,31.026439666748047,-0.0002348908081449888,-0.0006477832463914007,0.1567836722585978,0.9999847412109375,0.0019365553456292812,0.0
7517,333,-3.1519616,885.00165,-0.011428298,30.74027,4.8679013,-2.1123885e-06,31.123313903808594,-0.0002274339408381216,-0.0006473064001161409,0.15640072633860122,0.9999847412109375,0.0020368038778675246,0.0
7518,334,-1.6122955,885.2456,-0.011428184,30.837997,4.869156,1.7642975e-07,31.22003746032715,-0.00022530342822070355,-0.0006467103747813569,0.15587127326913663,0.9999847412109375,0.0020368038778675246,0.0
7519,335,-0.06775086,885.48956,-0.011427956,30.935715,4.869439,-1.3494491e-06,31.316606521606445,-0.00022636867640208992,-0.000646233528506097,0.15522252722759333,0.9999847412109375,0.002063693398338055,0.0
7520,335,1.481676,885.73364,-0.011427765,31.033514,4.8681254,2.9563904e-07,31.41301727294922,-0.00023222763080026423,-0.0006457566822308373,0.15447950528346124,0.9999847412109375,0.002063693398338055,0.0
7521,336,3.0359917,885.97723,-0.011427536,31.131422,4.865071,-9.775162e-07,31.509275436401367,-0.00024234764294256536,-0.0006452798359555775,0.15366246410578174,0.9999847412109375,0.002063693398338055,0.0
7522,337,4.5952024,886.2205,-0.011427307,31.229445,4.8601747,-2.7656554e-06,31.605371475219727,-0.00025726137755629976,-0.0006449222337584232,0.1527878653590429,0.9999847412109375,0.002063693398338055,0.0
7523,338,6.159315,886.46387,-0.011427154,31.327578,4.8534474,-2.6273726e-06,31.701311111450195,-0.00027483819198688674,-0.0006443261434050579,0.15186747688631153,0.9999847412109375,0.002063693398338055,0.0
7524,339,7.728335,886.7066,-0.011426926,31.425808,4.8449697,-2.374649e-06,31.797094345092773,-0.00029507818376219827,-0.0006438493621483794,0.15091190139767746,0.9999847412109375,0.002063693398338055,0.0
7525,339,9.302267,886.9491,-0.011426849,31.524109,4.834861,-2.6655196e-06,31.892715454101562,-0.00031691616971942936,-0.0006433725158731196,0.149928678967977,0.9999847412109375,0.0015400648191327573,0.0
7526,340,10.881109,887.1909,-0.01142662,31.62216,4.8253756,-1.707077e-06,31.988204956054688,-0.00033449296789537104,-0.0006430148486573841,0.14895820642199534,0.9999847412109375,1.0502397895492503e-05,0.0
7527,341,12.464837,887.43274,-0.011426506,31.71934,4.820697,-7.724762e-07,32.08357238769531,-0.0003376888262220474,-0.0006425380674007056,0.14812623489745458,0.9999847412109375,0.0,0.0
7528,342,14.053436,887.6736,-0.011426315,31.816505,4.8150315,-1.5735626e-06,32.17879104614258,-0.00033449300040466165,-0.0006421804001849701,0.1474785541203473,0.9999847412109375,0.0,0.0
7529,342,15.646898,887.9144,-0.011426087,31.913471,4.8096113,-1.3399124e-06,32.273860931396484,-0.0003312972070965666,-0.000641584374850186,0.14697471733161793,0.9999847412109375,0.0,0.0
7530,343,17.245207,888.1552,-0.011425934,32.010128,4.805201,-3.528595e-07,32.3687858581543,-0.00032597085240711746,-0.0006412267076344506,0.14658215074218345,0.9999847412109375,0.00016051529464795774,0.0
7531,344,18.848345,888.39526,-0.011425743,32.106506,4.8015766,-1.4305115e-06,32.46356201171875,-0.0003179814016461704,-0.000640749926377772,0.14626629983690004,0.9999847412109375,0.0019455297906096907,0.0
7532,345,20.456316,888.6353,-0.011425514,32.203518,4.7923694,-1.9598008e-06,32.55815124511719,-0.00032224245939029716,-0.0006402730801025122,0.14588175602024941,0.9999847412109375,0.006631317689341899,0.0
7533,346,22.069174,888.8745,-0.011425171,32.302696,4.7659845,-2.6130676e-06,32.65239334106445,-0.0003680488626489507,-0.0006396769897491468,0.1450439088965537,0.9999847412109375,0.009326673911082063,0.0
7534,346,23.686975,889.1125,-0.011425018,32.403008,4.7295065,-1.5306473e-06,32.74634552001953,-0.00044900895978735954,-0.0006388425412767329,0.14344120190778717,0.9999847412109375,0.01003380256886184,0.0
7535,347,25.309755,889.34875,-0.011424675,32.50384,4.6873307,-3.852844e-06,32.84008026123047,-0.0005422196304494235,-0.0006381272718638431,0.14106138451293557,0.9999847412109375,0.01017457048184438,0.0
7536,348,26.937565,889.583,-0.011424407,32.605354,4.6379457,-2.0837783e-06,32.933563232421875,-0.0006407565582730647,-0.0006374120674695348,0.13802911761814976,0.9999847412109375,0.01017457048184438,0.0
7537,349,28.570438,889.8147,-0.011424179,32.707726,4.5794044,-1.5449524e-06,33.02674865722656,-0.0007467503696582184,-0.0006368159771161694,0.1344796315501569,0.9999847412109375,0.01017457048184438,0.0
7538,350,30.208448,890.0435,-0.011423874,32.811024,4.510429,-7.4386594e-07,33.119590759277344,-0.0008639293926031236,-0.0006362199517813853,0.13052589427344688,0.9999847412109375,0.007692150694765587,0.0
7539,350,31.851614,890.2688,-0.011423645,32.91415,4.440417,-2.4080275e-06,33.21232604980469,-0.0009720537328603406,-0.0006357431055061255,0.12641771862064746,0.9999847412109375,0.0012082916064132003,0.0
7540,351,33.499905,890.4909,-0.011423568,33.015293,4.3854017,-9.5367426e-08,33.30527114868164,-0.0010285126829514392,-0.0006357431055061255,0.1227329439692786,0.9999847412109375,0.00010913828058973715,0.0
7541,352,35.15331,890.70984,-0.011423721,33.116634,4.3257685,-1.9836425e-06,33.3979606628418,-0.0010594054166149396,-0.0006356239264466012,0.11976938663061683,0.9999847412109375,4.764987270341525e-05,0.0
7542,353,36.811813,890.9253,-0.011423645,33.218033,4.2628913,-1.130104e-06,33.490447998046875,-0.0010902980202412776,-0.0006355046823684956,0.11743165550336687,0.9999847412109375,3.9639173890564414e-05,0.0
7543,354,38.475403,891.13745,-0.011423606,33.319042,4.200816,-3.33786e-07,33.58281326293945,-0.001115331864525185,-0.0006355046823684956,0.11558981329346807,0.9999847412109375,3.9639173890564414e-05,0.0
7544,354,40.144047,891.34644,-0.0114234155,33.419395,4.1421905,3.004074e-07,33.67512130737305,-0.001125984118774014,-0.0006350278360932358,0.11413888984207927,0.9999847412109375,0.00012475694785219076,0.0
7545,355,41.8177,891.55255,-0.011423302,33.51897,4.088234,1.8119812e-07,33.767364501953125,-0.0011185272677217922,-0.0006346702338960816,0.1129900104701975,0.9999847412109375,0.0009188411522413388,0.0
7546,356,43.49633,891.7559,-0.011423149,33.617996,4.036885,-8.916855e-07,33.85950469970703,-0.0010982873734743527,-0.0006344318107584518,0.11202115246562667,0.9999847412109375,0.003784201761852144,0.0
7547,357,45.179916,891.9566,-0.0114228055,33.71728,3.9800646,-3.437996e-06,33.951377868652344,-0.001088167491369214,-0.0006335973622860377,0.11096707330617331,0.9999847412109375,0.005039559856584219,0.0
7548,358,46.868446,892.1546,-0.011422653,33.816246,3.923634,-3.9100647e-07,34.04310989379883,-0.0010849716330425378,-0.0006330012719326723,0.1096195054722148,0.9999847412109375,0.00555740414215739,0.0
7549,359,48.561893,892.35,-0.011422385,33.914837,3.868164,5.769729e-07,34.13471603393555,-0.0010807105102798296,-0.0006321668234602584,0.1079422466176829,0.9999847412109375,0.00555740414215739,0.0
7550,359,50.260242,892.5427,-0.011421966,34.013103,3.8133135,-1.7261505e-06,34.2261962890625,-0.001074319053700802,-0.0006315707981254743,0.10597791564239727,0.9999847412109375,0.004827857525543565,0.0
7551,360,51.9635,892.7328,-0.011421852,34.11096,3.7601013,1.1157989e-06,34.31757354736328,-0.0010641991065770823,-0.0006310939518502144,0.10383193211363301,0.9999847412109375,0.00017714689573511844,0.0
7552,361,53.671597,892.92065,-0.011421661,34.207054,3.723147,8.5830685e-08,34.40907287597656,-0.0010199905674631857,-0.0006306171055749547,0.10188515303440668,0.9999847412109375,0.0,0.0
7553,362,55.384525,893.10645,-0.011421546,34.3031,3.6841638,-1.3589859e-06,34.50037384033203,-0.0009667273456616008,-0.0006302595033778005,0.10033730716409582,0.9999847412109375,0.0,0.0
7554,363,57.102264,893.2902,-0.011421395,34.39893,3.6452596,-1.2397766e-06,34.59153747558594,-0.0009225188065477042,-0.0006300210802401706,0.09911332664947381,0.9999847412109375,0.0,0.0
7555,364,58.824795,893.4719,-0.011421356,34.49436,3.6083064,5.2452087e-08,34.68257141113281,-0.0008836366546325473,-0.0006296634130244351,0.0981455255869606,0.9999847412109375,0.0,0.0
7556,365,60.55209,893.6517,-0.011421204,34.589302,3.5744123,2.8610229e-08,34.77349853515625,-0.0008447546977731344,-0.0006294249898868052,0.09738067404426826,0.9999847412109375,0.0,0.0
7557,365,62.28413,893.82983,-0.011421013,34.683712,3.5441628,8.487701e-07,34.864322662353516,-0.0008016114230952694,-0.0006289482086301267,0.09677611983206345,0.9999847412109375,0.0,0.0
7558,366,64.020874,894.0065,-0.01142086,34.777576,3.5177863,3.9100647e-07,34.955039978027344,-0.0007547397879098748,-0.0006285905414143912,0.09629836537726005,0.9999847412109375,0.0,0.0
7559,367,65.76231,894.18195,-0.011420707,34.8709,3.4952724,4.196167e-07,35.04563522338867,-0.0007036070949803534,-0.000628232939217237,0.09592071248993,0.9999847412109375,0.0,0.0
7560,368,67.508385,894.3563,-0.0114205545,34.963707,3.4764628,-4.4822693e-07,35.13611602783203,-0.0006492788037984809,-0.0006277560929419772,0.09562245509259794,0.9999847412109375,0.0,0.0
7561,369,69.259094,894.5299,-0.011420441,35.056023,3.4611056,2.1839141e-06,35.22646713256836,-0.000594417555305686,-0.0006272792466667174,0.0953859663877989,0.9999847412109375,0.0,0.0
7562,370,71.01441,894.70264,-0.011420326,35.147884,3.4489007,2.450943e-06,35.31669235229492,-0.0005390236745948752,-0.0006269216444695632,0.09519952846673654,0.9999847412109375,0.0,0.0
7563,370,72.77432,894.8748,-0.011420097,35.23932,3.43953,2.298355e-06,35.406776428222656,-0.0004852279506124372,-0.0006265639772538278,0.09505200598710296,0.9999847412109375,0.0,0.0
7564,371,74.53878,895.04675,-0.011419868,35.330364,3.4326763,1.4734268e-06,35.49673080444336,-0.0004340952251736252,-0.0006260871309785679,0.09493482689913949,0.9999847412109375,0.0,0.0
7565,372,76.307785,895.2183,-0.011419639,35.421047,3.4280365,1.7738342e-06,35.586544036865234,-0.00038562569333418304,-0.0006256103497218894,0.09484267320304433,0.9999847412109375,0.0,0.0
7566,373,78.081314,895.3894,-0.011419563,35.511402,3.4253273,2.131462e-06,35.67621994018555,-0.0003403519222935453,-0.0006251335034466297,0.09476969426679775,0.9999847412109375,0.0,0.0
7567,374,79.85936,895.5606,-0.011419411,35.601444,3.4242907,-1.1587142e-06,35.7657470703125,-0.00029880660928830924,-0.0006246566571713699,0.09471163735503403,0.9999847412109375,0.0,0.0
7568,375,81.64189,895.7317,-0.011419182,35.6912,3.424695,2.3937225e-06,35.85512924194336,-0.00026098977057312,-0.0006244182340337399,0.09466583930666307,0.9999847412109375,0.0,0.0
7569,376,83.4289,895.9029,-0.011418914,35.780693,3.4263322,5.0544736e-07,35.94437026977539,-0.00022743395709276694,-0.0006238222086989559,0.09462961199345958,0.9999847412109375,0.0,0.0
7570,377,85.22039,896.074,-0.011418762,35.869938,3.4290233,1.4066696e-06,36.03346633911133,-0.0001970739044112183,-0.0006233453624236961,0.09460139913066157,0.9999847412109375,0.0,0.0
7571,377,87.016335,896.24567,-0.011418495,35.95895,3.4326086,2.002716e-06,36.12241744995117,-0.00016990964503776475,-0.0006229876952079606,0.09457849594528688,0.9999847412109375,0.0,0.0
7572,378,88.81673,896.41754,-0.011418381,36.047745,3.4369507,2.1457672e-07,36.211219787597656,-0.0001464738436997128,-0.0006225108489327008,0.09456037812749593,0.9999847412109375,0.0,0.0
7573,379,90.62156,896.58954,-0.011418266,36.136333,3.4419315,6.437302e-07,36.29988479614258,-0.00012570119532441737,-0.0006221532467355466,0.09454653801220593,0.9999847412109375,0.0,0.0
7574,380,92.4308,896.7617,-0.011418037,36.224724,3.44745,8.7738033e-07,36.388397216796875,-0.00010759169991187856,-0.0006216764004602868,0.09453534441324919,0.9999847412109375,0.0,0.0
7575,381,94.24446,896.9343,-0.011417884,36.312923,3.4534192,1.4781951e-06,36.476768493652344,-9.161272524408046e-05,-0.000621199554185027,0.09452628966554293,0.9999847412109375,0.0,0.0
7576,382,96.06253,897.107,-0.011417655,36.400936,3.4597652,-2.4318695e-07,36.56498718261719,-7.776428757566843e-05,-0.0006208419519878728,0.09451937376908712,0.9999847412109375,0.0,0.0
7577,383,97.88499,897.2804,-0.011417465,36.488777,3.4664266,1.04904174e-07,36.6530647277832,-6.60463950339651e-05,-0.0006204843497907187,0.09451404744690696,0.9999847412109375,0.0,0.0
7578,384,99.711845,897.4538,-0.011417313,36.576443,3.4733489,-1.2254715e-06,36.740989685058594,-5.592638695532533e-05,-0.0006200075035154588,0.09450978638916284,0.9999847412109375,0.0,0.0
7579,384,101.54308,897.6277,-0.011417198,36.663948,3.4804873,-9.63211e-07,36.82877731323242,-4.740426740341044e-05,-0.0006195306572401991,0.09450658227347633,0.9999847412109375,0.0,0.0
7580,385,103.37868,897.80194,-0.0114168925,36.75128,3.4878044,-2.617836e-06,36.916412353515625,-3.994740416020458e-05,-0.0006190538109649392,0.09450338648016823,0.9999847412109375,0.0,0.0
7581,386,105.21864,897.97656,-0.011416854,36.838467,3.4952688,3.8146972e-08,37.00391387939453,-3.35558297349984e-05,-0.000618696208767785,0.09450180522827101,0.9999847412109375,0.0,0.0
7582,387,107.06296,898.15155,-0.011416663,36.92549,3.5028524,-3.0899048e-06,37.09126663208008,-2.822950552300926e-05,-0.0006183385415520496,0.09449966637702054,0.9999847412109375,0.0,0.0
7583,388,108.91162,898.32684,-0.011416435,37.01236,3.5105345,-3.2520293e-06,37.178470611572266,-2.3968449810713143e-05,-0.0006178616952767897,0.0944986011125845,0.9199847412109375,0.0,0.0
7584,389,110.76458,898.5026,-0.011415977,37.096493,3.5180514,-3.3855437e-07,37.262935638427734,-2.0240022252771545e-05,-0.0006161927983319617,0.09449753584814848,0.8399847412109376,0.0,0.0
7585,390,112.62152,898.67865,-0.011412315,37.17155,3.5247853,-2.1457672e-07,37.338294982910156,-1.7044227928761126e-05,-0.0006077289394925537,0.09449646226133403,0.7599847412109376,0.0,0.0
7586,391,114.481865,898.8552,-0.011403465,37.233246,3.5303166,-1.2540817e-06,37.400238037109375,-1.384843462066604e-05,-0.000586628849414505,0.0944959213067376,0.6799847412109377,0.0,0.0
7587,392,116.34484,899.0318,-0.011388244,37.278954,3.534387,-7.9154967e-07,37.44612503051758,-1.1717905748602649e-05,-0.0005505084917772606,0.09449592962911602,0.5999847412109377,0.0,0.0
7588,392,118.20962,899.2083,-0.011366653,37.30717,3.5368438,-2.5749205e-07,37.474449157714844,-1.0120010110470439e-05,-0.0004991292808967374,0.0944954053192764,0.5199847412109377,0.0,0.0
7589,393,120.0753,899.3849,-0.011339302,37.31714,3.53761,1.4781951e-06,37.48444366455078,-7.989483778195381e-06,-0.0004339217881080054,0.09449541364165481,0.4399847412109377,0.0,0.0
7590,394,121.94096,899.56146,-0.01130722,37.308594,3.536653,3.7717818e-06,37.47584533691406,-6.924219850121352e-06,-0.0003578662701221476,0.0944954053192764,0.3599847412109377,0.0,0.0
7591,395,123.80569,899.73804,-0.011271171,37.281628,3.533977,3.2758712e-06,37.44874954223633,-5.8589549061319904e-06,-0.0002726316238839921,0.0944954053192764,0.2799847412109377,0.0,0.0
7592,396,125.66855,899.9146,-0.011232529,37.236607,3.5296123,3.3950805e-06,37.40351486206055,-4.793689454184962e-06,-0.0001810788945358069,0.0944954053192764,0.19998474121093768,0.0,0.0
7593,397,127.52869,900.0911,-0.0111920545,37.17394,3.5235944,8.153916e-06,37.34056091308594,-3.7284255261109336e-06,-8.535384967964782e-05,0.094495396996898,0.11998474121093768,0.0,0.0
7594,398,129.38524,900.2669,-0.011150551,37.09408,3.515962,4.9304963e-06,37.260337829589844,-3.195793308095086e-06,1.2755393027604259e-05,0.094495396996898,0.039984741210937674,0.0,0.0
7595,399,131.2373,900.44257,-0.011108627,36.997528,3.5067596,3.74794e-06,37.16334915161133,-2.6631613440580715e-06,0.0001118183059352386,0.094495396996898,0.0,0.0,0.0
7596,400,133.08412,900.61755,-0.011066894,36.885708,3.49612,4.33445e-06,37.051021575927734,-2.1305284910951407e-06,0.00021040438780634314,0.0944954053192764,0.0,0.0,0.0
7597,401,134.92503,900.792,-0.011026954,36.76301,3.4844573,4.3058394e-06,36.927772521972656,-1.5978967810369595e-06,0.0003045797066498759,0.0944954053192764,0.0,0.0,0.0
7598,401,136.75963,900.96594,-0.010990906,36.63392,3.4721959,4.7349927e-06,36.798099517822266,-1.597898558888792e-06,0.0003893375066127716,0.0944954053192764,0.0,0.0,0.12
7599,402,138.58691,901.1391,-0.010951881,36.46307,3.4559808,4.239082e-06,36.62648391723633,-1.0652657059258612e-06,0.00048148629380503156,0.0944954053192764,0.0,0.0,0.24
7600,403,140.40384,901.3114,-0.0108927535,36.226807,3.4335718,4.2533875e-06,36.38916015625,-1.0652640550634455e-06,0.0006216764004602868,0.094495396996898,0.0,0.0,0.36
7601,404,142.20714,901.4823,-0.0108107375,35.92478,3.4049318,4.310608e-06,36.08578109741211,-1.0652659599046946e-06,0.0008158683074914128,0.09449541364165481,0.0,0.0,0.48
7602,405,143.99347,901.6517,-0.010709113,35.55703,3.3700647,3.733635e-06,35.71637725830078,-5.326294559960365e-07,0.0010566710601783362,0.0944954053192764,0.0,0.0,0.6
7603,406,145.75961,901.81903,-0.010592041,35.123787,3.328993,6.64711e-06,35.281192779541016,-5.326296147328073e-07,0.0013338326586587149,0.09449538867451959,0.0,0.0,0.72
7604,407,147.50229,901.98413,-0.010464172,34.625492,3.2817585,6.327629e-06,34.780662536621094,-5.326371071083869e-07,0.0016368626799325777,0.094495396996898,0.0,0.0,0.84
7605,408,149.21825,902.1468,-0.010328407,34.06281,3.2284224,3.3330916e-06,34.215457916259766,-5.32630186185182e-07,0.0019584893158300846,0.094495396996898,0.0,0.0,0.96
7606,408,150.90434,902.30664,-0.010187874,33.43669,3.1690755,6.4420697e-06,33.5865364074707,-5.326233287566855e-07,0.0022908446678280305,0.094495396996898,0.0,0.0,0.9999847412109375
7607,409,152.55771,902.4633,-0.0100481035,32.765926,3.1054974,4.429817e-06,32.91276550292969,0.0,0.002621531252918311,0.0944954053192764,0.0,0.0,0.9999847412109375
7608,410,154.17708,902.6169,-0.009923744,32.081776,3.0406518,6.608963e-06,32.225547790527344,0.0,0.0029156206991146688,0.094495396996898,0.0,0.0,0.9999847412109375
7609,411,155.76216,902.7671,-0.00982296,31.393362,2.9754024,5.083084e-06,31.534048080444336,0.0,0.00315415852952198,0.0944954053192764,0.0,0.0,0.8799847412109375
7610,412,157.31348,902.9141,-0.009752578,30.737728,2.9132607,4.9352643e-06,30.87547492980957,1.455199387526972e-11,0.0033204552545433143,0.0944954053192764,0.0,0.0,0.7599847412109375
7611,412,158.83371,903.0583,-0.009724998,30.143402,2.8569298,4.005432e-06,30.278486251831055,1.4551997750679163e-11,0.003384947705484191,0.0944954053192764,0.0,0.0,0.6399847412109375
7612,413,160.32613,903.19977,-0.009740791,29.618004,2.8071322,7.6580045e-06,29.750734329223633,0.0,0.0033470390117682695,0.09449541364165481,0.0,0.0,0.5199847412109375
7613,414,161.79428,903.3388,-0.009793853,29.16472,2.7641687,4.5394895e-06,29.29541778564453,0.0,0.0032202002432180914,0.094495396996898,0.0,0.0,0.3999847412109375
7614,414,163.2418,903.476,-0.0098771285,28.784702,2.7281504,5.3071976e-06,28.913698196411133,1.4551982249041394e-11,0.0030221936960220497,0.09449593795149443,0.0,0.0,0.2799847412109375
7615,415,164.67242,903.6116,-0.009983749,28.478123,2.6990933,2.3794173e-06,28.605743408203125,0.0,0.002768039442683596,0.09449593795149443,0.0,0.0,0.15998474121093753
7616,416,166.0897,903.74585,-0.010108185,28.244713,2.6769726,3.3140182e-06,28.371288299560547,0.0,0.002472996564011044,0.09449592962911602,0.0,0.0,0.039984741210937536
7617,417,167.49736,903.8793,-0.010245895,28.083998,2.6617403,-1.4066696e-06,28.20985221862793,7.275974654030568e-12,0.0021466015953981016,0.09449592962911602,0.0,0.0,0.0
7618,417,168.89838,904.0121,-0.0103862,27.964813,2.6504457,-9.63211e-07,28.090133666992188,0.0,0.0018130539326562626,0.09449593795149443,0.0,0.0,0.0
7619,418,170.29367,904.1443,-0.010511207,27.854626,2.6400049,-4.7349927e-06,27.97945213317871,4.9258286924416145e-09,0.0015169381173550853,0.09449593795149443,0.0,0.0,0.0
7620,419,171.68353,904.27606,-0.010612564,27.747494,2.6298532,-9.269714e-06,27.871841430664062,7.836212322395458e-09,0.001276731390002946,0.09449647890609085,0.0,0.0,0.0
7621,419,173.06808,904.40735,-0.010691108,27.64232,2.6198866,-9.961128e-06,27.766197204589844,1.397348383740436e-08,0.0010908840977331227,0.09449647058371244,0.0,0.0,0.0
7622,420,174.44737,904.53796,-0.010750809,27.538454,2.610044,-1.1849404e-05,27.661865234375,1.9052103120377835e-08,0.0009502171773118982,0.09449646226133403,0.0,0.0,0.0
7623,421,175.8215,904.6683,-0.010795974,27.435522,2.60029,-1.05094905e-05,27.558473587036133,3.974856838583298e-08,0.0008441209616611958,0.09449647058371244,0.0,0.0,0.0
7624,421,177.19049,904.798,-0.010829544,27.333303,2.5906038,-8.516311e-06,27.455795288085938,2.351953920702271e-08,0.0007658004238678541,0.09449646226133403,0.0,0.0,0.0
7625,422,178.5544,904.9272,-0.01085453,27.231663,2.580972,-8.416176e-06,27.353700637817383,1.928856733514089e-08,0.0007067918351296274,0.09449645393895563,0.0,0.0,0.0
7626,423,179.9132,905.0561,-0.010873298,27.130522,2.5713873,-6.804466e-06,27.252105712890625,2.316301443570001e-08,0.000663638092460173,0.09449646226133403,0.0,0.0,0.0
7627,423,181.26698,905.18427,-0.010887299,27.029846,2.561846,-4.4250487e-06,27.150978088378906,2.7588615446412717e-08,0.0006306171055749547,0.09449646226133403,0.0,0.0,0.0
7628,424,182.61574,905.3122,-0.010897675,26.929596,2.5523453,-3.4952163e-06,27.05027961730957,1.8546419358206674e-08,0.0006066560678825098,0.09449646226133403,0.0,0.0,0.0
7629,424,183.95947,905.4395,-0.010905532,26.829763,2.5428836,-3.323555e-06,26.94999885559082,2.5822377192960262e-08,0.0005885362345155442,0.09449646226133403,0.0,0.0,0.0
7630,425,185.29823,905.5664,-0.0109115215,26.730331,2.5334601,-3.3950805e-06,26.850120544433594,2.5502234889494336e-08,0.0005747079526073354,0.09449646226133403,0.0,0.0,0.0
7631,426,186.63203,905.69293,-0.010916099,26.6313,2.5240746,-3.7574766e-06,26.750646591186523,1.3995306174963742e-08,0.0005639791064697339,0.09449646226133403,0.0,0.0,0.0
7632,426,187.96089,905.8187,-0.0109196855,26.532658,2.5147257,-3.4189225e-06,26.651561737060547,1.1683369595747544e-08,0.0005555152476303259,0.09449646226133403,0.0,0.0,0.0
7633,427,189.28482,905.9443,-0.0109225465,26.43441,2.505414,-2.7418137e-06,26.552873611450195,3.4306143770335695e-09,0.0005490779529514812,0.09449645393895563,0.0,0.0,0.0
7634,428,190.60387,906.0693,-0.010924797,26.336548,2.4961388,-3.633499e-06,26.454574584960938,7.732524471634249e-09,0.0005439519530203104,0.09449645393895563,0.0,0.0,0.0
7635,428,191.91803,906.1938,-0.010926704,26.239069,2.4868999,-3.1232832e-06,26.356658935546875,8.818460578247808e-09,0.0005395412225020293,0.09449645393895563,0.0,0.0,0.0
7636,429,193.2273,906.31805,-0.010928307,26.141972,2.4776971,-3.1232832e-06,26.259124755859375,8.390998328284859e-09,0.0005358457288873471,0.09449645393895563,0.0,0.0,0.0
7637,430,194.53174,906.4415,-0.010929718,26.045263,2.4685304,-2.6082992e-06,26.161983489990234,1.0899384558671526e-08,0.0005327462931167398,0.09449645393895563,0.0,0.0,0.0
7638,430,195.83134,906.5648,-0.010930939,25.948925,2.4594002,-2.5510788e-06,26.06521224975586,2.159140532107844e-09,0.0005294084342085026,0.09449645393895563,0.0,0.0,0.0
7639,431,197.12614,906.6875,-0.010932083,25.852968,2.4503057,-2.069473e-06,25.968828201293945,1.4048056388094868e-08,0.0005267858122038644,0.09449645393895563,0.0,0.0,0.0
7640,431,198.41617,906.80975,-0.010933075,25.757385,2.4412465,-3.1805039e-06,25.872814178466797,1.3573299509390639e-08,0.0005246400689837766,0.09449645393895563,0.0,0.0,0.0
7641,432,199.70142,906.93164,-0.010934029,25.662178,2.4322226,-3.2186508e-06,25.77718162536621,9.113137535265556e-09,0.0005224942932543982,0.09449645393895563,0.0,0.0,0.0
7642,433,200.98193,907.05286,-0.010934944,25.56734,2.4232347,-3.1137465e-06,25.68191909790039,4.8294169384098334e-09,0.0005204677290938347,0.09449645393895563,0.0,0.0,0.0
7643,433,202.25769,907.17395,-0.010935822,25.472876,2.4142814,-3.3426284e-06,25.5870304107666,8.476490976698412e-09,0.0005183219533644563,0.09449645393895563,0.0,0.0,0.0
7644,434,203.52875,907.29425,-0.010936661,25.378778,2.4053633,-2.989769e-06,25.492511749267578,2.6939234726464255e-09,0.0005161762101443685,0.09449645393895563,0.0,0.0,0.0
7645,435,204.79512,907.41437,-0.0109375,25.285053,2.3964798,-3.0136107e-06,25.398366928100586,2.6939234726464255e-09,0.0005161762101443685,0.09449645393895563,0.0,0.0,0.0
7646,435,206.0568,907.5339,-0.010938339,25.191694,2.387631,-3.4427642e-06,25.304590225219727,1.7207641370507535e-09,0.0005123615049608714,0.09449645393895563,0.0,0.0,0.0
7647,436,207.31383,907.653,-0.010939102,25.098696,2.378817,-3.6907195e-06,25.21117401123047,4.225512815125116e-09,0.0005108117870755678,0.09449645393895563,0.0,0.0,0.0274505615234375
7648,436,208.56592,907.7718,-0.010936852,24.9936,2.3688567,-3.504753e-06,25.105607986450195,4.58021558595101e-09,0.0005155801523002938,0.09449645393895563,0.0,0.0,0.0
7649,437,209.81293,907.88983,-0.010934104,24.898457,2.3598387,-3.0231474e-06,25.010038375854492,-1.8189895458851095e-12,0.0005224942932543982,0.09449645393895563,0.0,0.0,0.0
7650,438,211.05531,908.0077,-0.010934906,24.806374,2.3511112,-3.118515e-06,24.91754150390625,5.278707478561066e-09,0.0005204677290938347,0.09449645393895563,0.0,0.0,0.0
7651,438,212.2931,908.1249,-0.010936699,24.714743,2.3424273,-2.603531e-06,24.825498580932617,6.590199111420032e-09,0.0005161762101443685,0.09449645393895563,0.0,0.0,0.0
7652,439,213.52634,908.2419,-0.010938683,24.623528,2.3337817,-3.1948089e-06,24.733877182006836,7.699782532404231e-09,0.0005118846586856117,0.09449645393895563,0.0,0.0,0.0
7653,439,214.75504,908.3583,-0.010940552,24.532701,2.3251734,-2.388954e-06,24.642642974853516,6.4319469838694244e-09,0.0005071162934608857,0.09449645393895563,0.0,0.0,0.0
7654,440,215.97917,908.4743,-0.010942154,24.442247,2.3166006,-2.4795531e-06,24.55178451538086,1.0755685120632183e-08,0.0005034207998462036,0.09449645393895563,0.0,0.0,0.0
7655,441,217.1988,908.5899,-0.010943604,24.35216,2.3080618,-3.0612946e-06,24.461292266845703,5.586116612750496e-09,0.0005000829409379663,0.09449645393895563,0.0,0.0,0.0
7656,441,218.41394,908.70496,-0.010944824,24.262424,2.299557,-2.9611588e-06,24.37115478515625,7.03039453065948e-09,0.0004974603514426187,0.09449645393895563,0.0,0.0,0.0
7657,442,219.6246,908.8198,-0.010945968,24.173044,2.2910857,-3.0183792e-06,24.281373977661133,6.160917837274726e-09,0.0004943608831627208,0.09449645393895563,0.0,0.0,0.0
7658,442,220.83081,908.934,-0.010946998,24.084013,2.2826474,-2.9325486e-06,24.191944122314453,2.6102498484152296e-09,0.0004922151399426331,0.09449645393895563,0.0,0.0,0.0
7659,443,222.03258,909.0481,-0.010947914,23.995329,2.2742422,-3.1757354e-06,24.102863311767578,3.4797270378523914e-09,0.0004900693642132546,0.09449645393895563,0.0,0.0,0.0
7660,444,223.2299,909.1614,-0.010948791,23.90699,2.2658696,-2.3412704e-06,24.014127731323242,6.775736105653586e-09,0.0004878043769150612,0.09449647058371244,0.0,0.0,0.0
7661,444,224.42282,909.2746,-0.0109496685,23.818998,2.2575295,-2.8705597e-06,23.92574119567871,4.045432645412429e-09,0.0004856586336949734,0.09449647058371244,0.0,0.0,0.0
7662,445,225.61134,909.3871,-0.010950469,23.731348,2.2492218,-2.1934509e-06,23.83769989013672,4.045432645412429e-09,0.0004856586336949734,0.09449647058371244,0.0,0.0,0.0
7663,445,226.79552,909.49945,-0.01095127,23.644035,2.2409465,-2.117157e-06,23.7499942779541,7.1268008281147665e-09,0.00048148629380503156,0.09449647058371244,0.0,0.0,0.0
7664,446,227.97534,909.61115,-0.010952034,23.557062,2.2327034,-2.5320053e-06,23.66263198852539,7.1268008281147665e-09,0.00048148629380503156,0.09449647058371244,0.0,0.0,0.0
7665,447,229.15082,909.72266,-0.010952759,23.470423,2.224492,-3.042221e-06,23.575603485107422,1.2547389712637636e-08,0.0004783868580344242,0.09449647058371244,0.0,0.0,0.0
7666,447,230.32196,909.83356,-0.010953521,23.38412,2.2163126,-2.5367735e-06,23.488916397094727,7.057679893394834e-10,0.00047671792858030557,0.09449647058371244,0.0,0.0,0.0
7667,448,231.48883,909.9442,-0.010954284,23.298157,2.2081647,-2.5224685e-06,23.402565002441406,7.057679893394834e-10,0.00047671792858030557,0.09449647058371244,0.0,0.0,0.12
7668,448,232.65044,910.0544,-0.010944862,23.166847,2.1957197,-1.9121169e-06,23.270668029785156,-1.8189895458851095e-12,0.0004974603514426187,0.09449645393895563,0.0,0.0,0.24
7669,449,233.80363,910.1636,-0.010907401,22.968973,2.1769657,-2.5844574e-06,23.07190704345703,0.0,0.0005863904912954564,0.09449646226133403,0.0,0.0,0.36
7670,449,234.94505,910.2718,-0.010840873,22.70397,2.151849,-2.1362305e-06,22.80571746826172,0.0,0.0007447003988083866,0.09449646226133403,0.0,0.0,0.48
7671,450,236.0713,910.3786,-0.010749588,22.371601,2.1203475,-2.5987624e-06,22.471858978271484,0.0,0.0009614228697247594,0.09449646226133403,0.0,0.0,0.6
7672,451,237.17914,910.4836,-0.01063942,21.971867,2.0824614,2.0503997e-07,22.070331573486328,3.637981756114211e-12,0.0012234448915492556,0.09449646226133403,0.0,0.0,0.72
7673,451,238.2651,910.5865,-0.010514984,21.504944,2.0382068,-1.5211104e-06,21.601316452026367,4.569306401380954e-09,0.001519083860575173,0.09449646226133403,0.0,0.0,0.84
7674,452,239.3259,910.687,-0.010380669,20.971157,1.9876153,-2.0503996e-06,21.06513786315918,7.275969325342585e-12,0.0018380879069773324,0.09449646226133403,0.0,0.0,0.96
7675,452,240.35814,910.7849,-0.010239487,20.37106,1.9307395,-3.504753e-06,20.462350845336914,5.318737419778318e-09,0.002173185222585894,0.09449646226133403,0.0,0.0,0.9999847412109375
7676,453,241.359,910.87976,-0.010098953,19.72855,1.8698443,-3.0231474e-06,19.81696319580078,8.629312818532013e-09,0.0025070904875248877,0.09449646226133403,0.0,0.0,0.9999847412109375
7677,453,242.32744,910.97156,-0.009975776,19.077574,1.8081461,-3.8099288e-06,19.163068771362305,7.145017856768401e-09,0.002799510776702092,0.09449647058371244,0.0,0.0,0.9999847412109375
7678,454,243.26328,911.0603,-0.009877815,18.42526,1.7463218,-3.0612946e-06,18.50783348083496,7.2468866833472534e-09,0.0030317303614529204,0.09449701153830886,0.0,0.0,0.9999847412109375
7679,454,244.16653,911.14594,-0.0098038865,17.77299,1.6845013,-5.2833557e-06,17.852638244628906,1.9848912104321127e-08,0.0032074448979385077,0.09449699489355205,0.0,0.0,0.8799847412109375
7680,454,245.03822,911.2285,-0.009760284,17.168226,1.6271839,-2.1266937e-06,17.24516487121582,2.3967135232146147e-08,0.003311395565424866,0.09449699489355205,0.0,0.0,0.7599847412109375
7681,455,245.88167,911.3084,-0.009759407,16.634064,1.5765582,1.4877319e-06,16.708608627319336,1.7898951912398206e-08,0.0033135411786077915,0.09449699489355205,0.0,0.0,0.6399847412109375
7682,455,246.70042,911.386,-0.0097991945,16.172832,1.5328447,2.412796e-06,16.245311737060547,3.186885921193652e-08,0.0032187698344294745,0.09449699489355205,0.0,0.0,0.5199847412109375
7683,456,247.49818,911.4616,-0.009872703,15.785189,1.4961054,2.8944014e-06,15.855929374694824,2.0983957399386646e-08,0.0030440089904944065,0.09449701153830886,0.0,0.0,0.3999847412109375
7684,456,248.27864,911.5356,-0.009972458,15.471113,1.4663391,6.6041944e-06,15.540447235107422,1.9135842719579376e-08,0.002807497919303403,0.09449751920339165,0.0,0.0,0.2799847412109375
7685,456,249.04543,911.6083,-0.010091514,15.230267,1.4435133,2.6559828e-06,15.298521041870117,1.042647993966103e-08,0.002523541228891281,0.09449753584814848,0.0,0.0,0.15998474121093753
7686,457,249.80222,911.68,-0.010225334,15.062179,1.4275835,4.9591063e-06,15.129679679870605,1.6698362220478803e-08,0.0022056102491549096,0.09449753584814848,0.0,0.0,0.039984741210937536
7687,457,250.55257,911.7511,-0.010369796,14.966324,1.4184997,2.617836e-06,15.033395767211914,2.2628265970803824e-08,0.0018625257909450372,0.09449753584814848,0.0,0.0,0.0
7688,457,251.29927,911.822,-0.010513839,14.906133,1.4127963,4.7588346e-06,14.97293472290039,2.7190281393883093e-08,0.0015201567972037984,0.09449753584814848,0.0,0.0,0.0
7689,458,252.04315,911.89233,-0.010638542,14.850228,1.4074987,1.0967254e-07,14.916780471801758,2.208254879504855e-08,0.0012239217378245155,0.09449752752577006,0.0,0.0,0.0
7690,458,252.78426,911.96265,-0.0107378,14.79548,1.4023105,6.723404e-07,14.861786842346191,2.51966527163258e-08,0.0009880065619311332,0.09449752752577006,0.0,0.0,0.0
7691,459,253.52261,912.0327,-0.010813484,14.741474,1.3971924,-2.4032593e-06,14.807538986206055,1.4166293456000483e-08,0.0008080005390053702,0.09449753584814848,0.0,0.0,0.0
7692,459,254.25824,912.10223,-0.0108705135,14.687972,1.3921217,-4.777908e-06,14.75379753112793,1.3547836147152091e-08,0.0006732940019691493,0.09449753584814848,0.0,0.0,0.0
7693,459,254.99123,912.17175,-0.010912704,14.634841,1.3870858,-2.322197e-06,14.700428009033203,6.712071747428317e-09,0.0005730390556625074,0.09449752752577006,0.0,0.0,0.0
7694,460,255.72154,912.24115,-0.010943908,14.582003,1.3820778,-3.2901762e-06,14.64735221862793,2.6193447213008103e-09,0.0004990100693279225,0.09449752752577006,0.0,0.0,0.0
7695,460,256.44922,912.3099,-0.010966987,14.529416,1.3770937,-3.838539e-06,14.59453010559082,7.024937458112408e-09,0.0004446506342456068,0.09449752752577006,0.0,0.0,0.0
7696,460,257.1743,912.37866,-0.010984001,14.477053,1.3721309,-3.6001204e-06,14.541932106018066,3.967216093728304e-09,0.00040423869264031496,0.09449752752577006,0.0,0.0,0.0
7697,461,257.89667,912.4474,-0.010996589,14.424905,1.3671882,-2.9611588e-06,14.489550590515137,4.472895143401581e-09,0.0003744363530945189,0.09449753584814848,0.0,0.0,0.0
7698,461,258.6165,912.5154,-0.011005897,14.372959,1.3622646,-4.3535233e-06,14.437372207641602,8.429197340061948e-09,0.0003526210586221619,0.09449753584814848,0.0,0.0,0.0
7699,462,259.3337,912.5833,-0.011012878,14.321209,1.3573599,-4.272461e-06,14.385390281677246,1.1781594917385188e-08,0.0003361701872186055,0.09449753584814848,0.0,0.0,0.0
7700,462,260.04834,912.6513,-0.01101799,14.269657,1.3524737,-3.7050247e-06,14.333606719970703,1.2880263697222837e-08,0.0003238916231957004,0.09449753584814848,0.0,0.0,0.0
7701,462,260.76044,912.71857,-0.011021919,14.218296,1.3476058,-3.4713744e-06,14.282015800476074,4.191861115777716e-09,0.00031483170651221755,0.09449752752577006,0.0,6.223502700945739e-05,0.0
7702,463,261.46994,912.78577,-0.011024894,14.167153,1.342505,-1.6260146e-06,14.230620384216309,-5.326310433637441e-07,0.00030791756555811314,0.09449327479040434,0.0,0.0005463942864958314,0.0
7703,463,262.17688,912.85284,-0.011027222,14.116378,1.3355302,-1.5306473e-06,14.179413795471191,-5.326322180158476e-06,0.00030255317499860307,0.09445068085771989,0.0,0.00071707888254314,0.0
7704,463,262.88132,912.9194,-0.011028938,14.065811,1.3283753,-1.9550323e-06,14.128397941589355,-1.225054203027983e-05,0.00029826162353984624,0.09435159462041212,0.0,0.0007723476835598786,0.0
7705,464,263.58322,912.98584,-0.01103035,14.0154295,1.3212826,-2.1123885e-06,14.0775728225708,-1.8109493380708154e-05,0.00029516218776923887,0.09420884086360548,0.0,0.0008112851963136124,0.0
7706,464,264.28262,913.0515,-0.011031417,13.965241,1.3140986,-2.3603438e-06,14.026931762695312,-2.290318537468145e-05,0.0002924203867050764,0.09403625970258993,0.023529052734375,0.0008112851963136124,0.0
7707,464,264.9795,913.11725,-0.011032676,13.915948,1.3069563,-1.7452239e-06,13.97718620300293,-2.7164245150638894e-05,0.0002897977647004382,0.09384557736854025,0.103529052734375,0.0008112851963136124,0.0
7708,465,265.674,913.1825,-0.011034316,13.869717,1.3000041,-3.2329558e-06,13.93050765991211,-3.036003845873398e-05,0.00028550624575097197,0.09364478334472669,0.183529052734375,0.0008112851963136124,0.0
7709,465,266.3663,913.2474,-0.011038398,13.829784,1.293546,-4.029274e-06,13.890148162841797,-3.3555833798659734e-05,0.00027644632906748915,0.09343813868889335,0.263529052734375,0.0008112851963136124,0.0
7710,465,267.0569,913.3121,-0.011045303,13.7981,1.287784,-2.4652481e-06,13.858064651489258,-3.621899082507764e-05,0.00025999544140928744,0.09322881422721313,0.343529052734375,0.0008112851963136124,0.0
7711,466,267.74615,913.3762,-0.011055679,13.775889,1.2828532,2.374649e-06,13.835492134094238,-3.834951969714103e-05,0.00023543832961812254,0.09301841617871846,0.423529052734375,0.0008112851963136124,0.0
7712,466,268.43457,913.44037,-0.011069374,13.763997,1.2788495,-4.7206876e-07,13.823280334472656,-3.994741228752724e-05,0.00020241735898754952,0.09280748549800578,0.503529052734375,0.0008112851963136124,0.0
7713,466,269.12268,913.5045,-0.011086273,13.763048,1.275844,-1.2397766e-07,13.822057723999023,-4.154531300523611e-05,0.0001623630358340572,0.09259603050745349,0.5450897216796875,0.0008112851963136124,0.0
7714,467,269.81107,913.56866,-0.01110569,13.772678,1.2738135,-2.9087067e-07,13.831459999084473,-4.3143201531961e-05,0.00011610984113935012,0.0923845755169012,0.5294036865234375,0.0008112851963136124,0.0
7715,467,270.50018,913.63214,-0.011126175,13.789564,1.2724466,-6.29425e-07,13.848148345947266,-4.420847003165402e-05,6.771087071526463e-05,0.0921731205263489,0.5294036865234375,0.0008112851963136124,0.0
7716,467,271.19022,913.6956,-0.011145592,13.810304,1.2714245,1.9550323e-06,13.868705749511719,-4.47411063133312e-05,2.1338462419911954e-05,0.09196112458120019,0.525482177734375,0.0008112851963136124,0.0
7717,468,271.88138,913.759,-0.011162605,13.833225,1.2705901,2.9563904e-07,13.891454696655273,-4.527373853134705e-05,-1.8954275743887632e-05,0.09174862097096868,0.5215606689453125,0.0008112851963136124,0.0
7718,468,272.5737,913.8223,-0.011176605,13.857191,1.2698373,-5.149841e-07,13.915251731872559,-4.58063707493629e-05,-5.2452082490567096e-05,0.09153555976138393,0.525482177734375,0.0008112851963136124,0.0
7719,468,273.26724,913.8857,-0.011187896,13.881758,1.2691257,-2.603531e-06,13.939651489257812,-4.6338998903717414e-05,-7.903575844229549e-05,0.091322515196556,0.525482177734375,0.000685218721263892,0.0
7720,469,273.962,913.94904,-0.011196632,13.906754,1.2689542,-2.5367735e-06,13.96452808380127,-4.5806366685701566e-05,-9.989737661877831e-05,0.09111797610245952,0.525482177734375,8.023419788379962e-06,0.0
7721,469,274.65805,914.0124,-0.01120346,13.931778,1.2714179,-4.3964387e-06,13.989672660827637,-3.8882147851495544e-05,-0.00011610984113935012,0.09097044530044752,0.5294036865234375,0.0,0.0
7722,469,275.35532,914.0757,-0.011208687,13.957128,1.2732216,-2.7418137e-06,14.015081405639648,-3.1425298831104344e-05,-0.00012838839703493258,0.09088733802968024,0.525482177734375,0.0,0.0
7723,470,276.0539,914.1398,-0.01121254,13.982634,1.274892,-3.0994415e-06,14.040633201599121,-2.6098974619115203e-05,-0.0001379251356117072,0.09084101567146968,0.5294036865234375,0.0,0.0
7724,470,276.7537,914.2038,-0.011215629,14.008202,1.2766368,-2.0313262e-06,14.066254615783691,-2.1837918906819086e-05,-0.0001450776997034415,0.0908149083704085,0.5294036865234375,0.0,0.0
7725,470,277.4548,914.2679,-0.011217918,14.0339,1.2785215,-2.7656554e-06,14.092018127441406,-1.8642125598724003e-05,-0.00015056131808641185,0.09080053562290047,0.5333251953125,0.0,0.0
7726,471,278.15723,914.3319,-0.011219826,14.059782,1.280547,-8.6307523e-07,14.117977142333984,-1.5446335338374914e-05,-0.00015485285329052336,0.09079252949487342,0.5333251953125,0.0,0.0
7727,471,278.86093,914.396,-0.011221123,14.085885,1.282693,-1.8262863e-06,14.144166946411133,-1.2783173232380344e-05,-0.00015830992376757557,0.0907877524496681,0.5372467041015625,0.0,0.0
7728,471,279.56595,914.4601,-0.011222496,14.11222,1.2849358,-1.7023086e-06,14.170597076416016,-1.065264334440162e-05,-0.00016117095265519836,0.09078561359841762,0.541168212890625,0.0,0.0
7729,472,280.2723,914.5241,-0.011223526,14.138929,1.2872658,-1.6975403e-06,14.197407722473145,-8.522113964380563e-06,-0.00016379355840519122,0.09078402402414198,0.541168212890625,0.0,0.0
7730,472,280.97998,914.58844,-0.011224518,14.165973,1.2896626,-2.2029876e-06,14.224556922912598,-6.92421731033302e-06,-0.00016617774101755422,0.09078295043732754,0.541168212890625,0.0,0.0
7731,473,281.68903,914.65326,-0.011225471,14.193198,1.2920996,-2.9802322e-06,14.251891136169434,-5.32632167220081e-06,-0.00016844271206110226,0.09078295043732754,0.541168212890625,0.0,0.0
7732,473,282.39944,914.7181,-0.011226272,14.220512,1.294561,-2.951622e-06,14.279315948486328,-4.2610569821902815e-06,-0.00017035006465285078,0.09078241780510952,0.541168212890625,0.0,0.0
7733,473,283.11124,914.78296,-0.01122692,14.247862,1.2970349,1.5258789e-07,14.306777000427246,-4.2610569821902815e-06,-0.00017035006465285078,0.09078241780510952,0.525482177734375,0.0,0.0
7734,474,283.82437,914.8478,-0.011227379,14.274713,1.2994703,6.7710874e-07,14.333738327026367,-2.6631600741639055e-06,-0.00017297267040284367,0.09078241780510952,0.445482177734375,0.0,0.0
7735,474,284.5388,914.91266,-0.011226807,14.298358,1.3016171,5.769729e-07,14.357481002807617,-2.6631600741639055e-06,-0.00017297267040284367,0.09078241780510952,0.36548217773437497,0.0,0.0
7736,474,285.25418,914.9775,-0.0112236785,14.31495,1.303125,1.5258788e-06,14.374140739440918,-1.597896654047543e-06,-0.0001640319652881758,0.09078241780510952,0.28548217773437495,0.0,0.0
7737,475,285.97015,915.0423,-0.0112167355,14.322296,1.3037921,2.5320053e-06,14.38151741027832,-1.0652642455475704e-06,-0.0001477003054534344,0.09078241780510952,0.20548217773437494,0.0,0.0
7738,475,286.68625,915.1072,-0.011205673,14.319241,1.3035128,2.3412704e-06,14.378448486328125,-1.0652638010846123e-06,-0.00012135505263933589,0.09078241780510952,0.12548217773437492,0.0,0.0
7739,475,287.40186,915.172,-0.01119091,14.305294,1.3022436,2.951622e-06,14.364444732666016,-5.326323450052642e-07,-8.618831440670713e-05,0.09078241780510952,0.04548217773437492,0.0,0.0
7740,476,288.1165,915.2369,-0.011172905,14.280352,1.299973,3.261566e-06,14.339399337768555,-5.326319005423062e-07,-4.339217799806827e-05,0.09078241780510952,0.0,0.0,0.0
7741,476,288.8296,915.3017,-0.011152648,14.24532,1.296784,3.1948089e-06,14.30422306060791,-5.326321227737852e-07,4.768371320217979e-06,0.09078241780510952,0.0,0.0,0.0
7742,476,289.5407,915.3665,-0.011131706,14.203345,1.2929634,3.3617018e-06,14.26207447052002,0.0,5.435943508231562e-05,0.09078241780510952,0.0,0.0,0.0
7743,477,290.24963,915.43134,-0.011112099,14.157505,1.2887905,4.1818616e-06,14.216044425964355,0.0,0.00010120867949377476,0.09078241780510952,0.0,0.0,0.0
7744,477,290.95618,915.49536,-0.011095085,14.109553,1.2844254,3.1661987e-06,14.167895317077637,0.0,0.00014173984079520426,0.09078241780510952,0.0,0.0,0.0
7745,477,291.6603,915.55945,-0.01108097,14.060483,1.2799587,3.3283234e-06,14.118620872497559,0.0,0.0001752376414463917,0.09078241780510952,0.0,0.0,0.0
7746,478,292.36194,915.6235,-0.011069717,14.010861,1.2754418,2.7132035e-06,14.068794250488281,0.0,0.00020134447112286032,0.09078241780510952,0.0,0.0,0.0
7747,478,293.06113,915.6871,-0.011061057,13.961008,1.2709036,2.732277e-06,14.0187349319458,0.0,0.00022208689398517351,0.09078241780510952,0.0,0.0,0.0
7748,478,293.75778,915.75037,-0.011054496,13.911104,1.2663609,3.6144256e-06,13.96862506866455,0.0,0.0002380609353681154,0.09078241780510952,0.0,0.0,0.0
7749,479,294.45197,915.81366,-0.011049575,13.861252,1.2618227,3.98159e-06,13.918566703796387,0.0,0.00024926661152633136,0.09078241780510952,0.0,0.0,0.0
7750,479,295.14368,915.8768,-0.011046028,13.811508,1.2572944,2.5129318e-06,13.868617057800293,0.0,0.00025784968193455433,0.09078241780510952,0.0,0.0,0.0
7751,479,295.83286,915.9393,-0.011043472,13.761907,1.2527791,-6.437302e-07,13.81881046295166,0.0,0.00026416776504458405,0.09078241780510952,0.0,0.0,0.0
7752,480,296.5196,916.0018,-0.011041718,13.712464,1.2482785,-1.759529e-06,13.769164085388184,-9.094947729425548e-13,0.00026845930024869556,0.09078241780510952,0.0,0.0,0.0
7753,480,297.2039,916.0643,-0.011040497,13.663192,1.2437931,-1.835823e-06,13.719688415527344,0.0,0.0002710819059986884,0.09078241780510952,0.0,0.0,0.0
7754,480,297.88568,916.1262,-0.011039734,13.614097,1.2393237,-1.8024444e-06,13.670389175415039,0.0,0.0002710819059986884,0.09078241780510952,0.0,0.0,0.0
7755,481,298.56503,916.1879,-0.011039276,13.565177,1.2348706,-1.9693375e-06,13.621267318725586,0.0,0.00027430055333811074,0.09078241780510952,0.0,0.0,0.0
7756,481,299.2419,916.2497,-0.011039008,13.516438,1.2304336,-2.9802322e-06,13.57232666015625,0.0,0.00027430055333811074,0.09078241780510952,0.0,0.0,0.0
7757,481,299.9164,916.3112,-0.011038971,13.467878,1.2260132,-2.9993057e-06,13.523566246032715,0.0,0.00027430055333811074,0.09078241780510952,0.0,0.0,0.0
7758,482,300.5885,916.3722,-0.011039047,13.419497,1.2216088,-2.412796e-06,13.474984169006348,0.0,0.00027430055333811074,0.09078241780510952,0.0,0.0,0.0
7759,482,301.25815,916.4331,-0.011039199,13.371294,1.217221,-3.0136107e-06,13.426583290100098,0.0,0.00027430055333811074,0.09078241780510952,0.0,0.0,0.0
7760,482,301.92538,916.494,-0.011039428,13.323268,1.2128489,-2.8038023e-06,13.378358840942383,0.0,0.00027430055333811074,0.09078241780510952,0.0,0.0,0.0
7761,482,302.59024,916.5545,-0.011039696,13.275419,1.2084935,-3.7622451e-06,13.33031177520752,0.0,0.00027430055333811074,0.09078241780510952,0.0,-0.000830385822257602,0.0
7762,483,303.2527,916.6147,-0.011040038,13.227446,1.2074773,-1.3875961e-06,13.28244400024414,7.122518903723682e-06,0.00027215479386337763,0.09083940945243722,0.0,-0.005503294785604492,0.0
7763,483,303.91272,916.67535,-0.011040382,13.177928,1.2241963,-1.5640259e-06,13.234668731689453,5.5029158979004126e-05,0.00027167796384276315,0.09128363304464085,0.0,-0.008642774281556574,0.0
7764,483,304.57028,916.7369,-0.011040764,13.127791,1.2481656,-7.1525574e-07,13.186994552612305,0.00013198344506882764,0.00027060507597807397,0.09236487644721302,0.0,-0.009270001076880653,0.0
7765,484,305.22537,916.7992,-0.01104103,13.077992,1.2701098,-5.4359435e-07,13.139522552490234,0.00020213966462681398,0.0002701282297028142,0.09397982565461548,0.0,-0.009417830107321593,0.0
7766,484,305.878,916.86255,-0.011041412,13.028409,1.2913522,-2.169609e-06,13.09225082397461,0.00025528351231313053,0.00026953218811338474,0.09592286798593729,0.0,-0.009417830107321593,0.0
7767,484,306.5281,916.9269,-0.011041603,12.978927,1.3129071,2.1839141e-06,13.045162200927734,0.00029591383507836634,0.00026845930024869556,0.09804807053582051,0.0,-0.0066880263327002585,0.0
7768,485,307.17578,916.99194,-0.0110420985,12.930671,1.3245033,1.2397766e-07,12.99832820892334,0.00030589665801412284,0.00026738642863865164,0.10008539709210953,0.0,-0.005595692945293938,0.0
7769,485,307.82108,917.05756,-0.011042519,12.882634,1.3355026,1.7642975e-07,12.95167350769043,0.0002991232822885346,0.0002667903707945769,0.10187396775782835,0.0,-0.005392189978027563,0.0
7770,485,308.464,917.12415,-0.011042899,12.834562,1.348188,-2.3841856e-08,12.905177116394043,0.00029373476983536194,0.000265717499184533,0.103461752722112,0.0,-0.005282590705312297,0.0
7771,486,309.10443,917.1913,-0.011043167,12.786594,1.3612471,1.3542175e-06,12.858848571777344,0.00029189246833420484,0.00026464461131984384,0.10492222194153304,0.0,-0.005282590705312297,0.0
7772,486,309.74252,917.2591,-0.0110437395,12.738766,1.3743455,-1.077652e-06,12.812687873840332,0.00029153977503993886,0.00026369093502396956,0.10630654972091305,0.0,-0.005282590705312297,0.0
7773,486,310.3782,917.32764,-0.01104412,12.691118,1.3871076,1.4972686e-06,12.76669692993164,0.00029090948491280924,0.0002630948934345401,0.10764771764587695,0.0,-0.005282590705312297,0.0
7774,486,311.0115,917.3967,-0.011044502,12.6436615,1.3994539,1.0824203e-06,12.720874786376953,0.0002892889943017597,0.00026154515929459115,0.10896438448881213,0.0,-0.005282590705312297,0.0
7775,487,311.64246,917.4665,-0.011044883,12.596398,1.4114124,1.9359588e-06,12.675225257873535,0.00028670873190283895,0.00026106832927397667,0.11026560499742484,0.0,-0.005282590705312297,0.0
7776,487,312.27106,917.53687,-0.01104515,12.54932,1.4230382,1.8835067e-06,12.629745483398438,0.00028350172288946944,0.00025999544140928744,0.11155725477087008,0.0,-0.011894126952628576,0.0
7777,487,312.8972,917.60834,-0.011045456,12.49915,1.460193,4.4345856e-07,12.584153175354004,0.0003356526393114514,0.00025939939981985805,0.11328565464070992,0.0,-0.026563421262195682,0.0
7778,488,313.5207,917.6825,-0.011045341,12.441777,1.5455549,2.131462e-06,12.537405967712402,0.0005138271213112626,0.00025999544140928744,0.11649953247708232,0.0,-0.03067876865078525,0.0
7779,488,314.14145,917.7602,-0.011044921,12.384264,1.6288172,-7.724762e-07,12.490918159484863,0.0007190779413079634,0.00026047228768454723,0.12142001387424795,0.0,-0.03170743452594391,0.0
7780,488,314.7594,917.8413,-0.01104454,12.327245,1.7071538,7.05719e-07,12.444891929626465,0.0008804630326606758,0.00026154515929459115,0.12749842939100162,0.0,-0.032068299372935045,0.0
7781,489,315.37454,917.926,-0.011044464,12.270077,1.784637,-1.2397766e-07,12.399182319641113,0.0009993316284592625,0.00026154515929459115,0.13425808151459753,0.0,-0.032068299372935045,0.0
7782,489,315.98688,918.0145,-0.011044426,12.212478,1.8626367,-2.4223327e-06,12.353705406188965,0.0010900798178824322,0.00026154515929459115,0.1413879379968497,0.0,-0.032068299372935045,0.0
7783,489,316.5963,918.10675,-0.01104454,12.154236,1.9419764,-3.0755996e-06,12.30840015411377,0.0011634811148331396,0.00026106832927397667,0.1487041574987586,0.0,-0.032068299372935045,0.0
7784,490,317.20282,918.20294,-0.011044921,12.095333,2.0224226,-4.553795e-06,12.263249397277832,0.0012249136613008398,0.00026047228768454723,0.15610882723837172,0.0,-0.032068299372935045,0.0
7785,490,317.80643,918.30334,-0.011045036,12.035828,2.1034677,-2.002716e-06,12.218253135681152,0.0012762515528729466,0.00025999544140928744,0.1635486673491307,0.0,-0.032068299372935045,0.0
7786,490,318.4071,918.4077,-0.011045227,11.975787,2.1846251,-3.929138e-06,12.173416137695312,0.0013182480948324099,0.00025939939981985805,0.17099648029840311,0.0,-0.032068299372935045,0.0
7787,490,319.00476,918.5159,-0.0110455705,11.91528,2.2655115,-1.3065338e-06,12.128744125366211,0.0013514733701000753,0.00025892256979924357,0.17843686968613692,0.0,-0.032068299372935045,0.0
7788,491,319.59943,918.6285,-0.0110457605,11.8543625,2.345849,-2.503395e-06,12.084242820739746,0.0013767379003104378,0.0002583265119551688,0.18586174616052104,0.0,-0.032068299372935045,0.0
7789,491,320.19104,918.745,-0.01104599,11.793078,2.425458,-2.8944014e-06,12.039915084838867,0.001395054154811513,0.00025784968193455433,0.193268030441545,0.0,-0.02040799051093456,0.0
7790,491,320.77985,918.8644,-0.011046829,11.741717,2.4607553,-2.4223327e-06,11.996801376342773,0.0013117122970028948,0.0002561807524804357,0.19988706765958478,0.0,-0.01858890510388516,0.0
7791,492,321.36597,918.98615,-0.011047668,11.689035,2.5014648,1.7118454e-06,11.953697204589844,0.0012007077636312165,0.00025463103459513205,0.20546266171777466,0.0,-0.018360506067634532,0.0
7792,492,321.9494,919.11035,-0.0110484315,11.635286,2.5461414,9.536743e-07,11.910614013671875,0.0011186349384924262,0.0002523660472969387,0.2103911076310753,0.0,-0.018360506067634532,0.0
7793,492,322.5301,919.23706,-0.011049232,11.581322,2.591095,1.0681152e-06,11.867636680603027,0.0010614578581708608,0.00025093554098045,0.2149658857516134,0.0,-0.018360506067634532,0.0
7794,492,323.10806,919.3661,-0.011049652,11.527554,2.6346946,3.9577483e-07,11.824809074401855,0.0010172244819589072,0.00024926661152633136,0.21935054745983348,0.0,-0.018360506067634532,0.0
7795,493,323.68335,919.4972,-0.011050339,11.474079,2.6766603,2.5224685e-06,11.782147407531738,0.0009793471271991724,0.0002481937236616421,0.2236302140420772,0.0,-0.018360506067634532,0.0
7796,493,324.256,919.63043,-0.011050643,11.420881,2.7171586,4.4345856e-07,11.739653587341309,0.0009455673084515928,0.0002471208357969529,0.22784972647319876,0.0,-0.03015425708572079,0.0
7797,493,324.8257,919.7666,-0.01105072,11.356114,2.7994587,1.8072128e-06,11.696081161499023,0.0010109947265915748,0.0002471208357969529,0.23279631517142554,0.0,-0.037706155043623034,0.0
7798,494,325.3922,919.90686,-0.011050301,11.286808,2.8946762,1.7881393e-06,11.652090072631836,0.001147951556726615,0.0002481937236616421,0.23909683832309184,0.0,-0.03994690843305929,0.0
7799,494,325.95538,920.051,-0.011049537,11.218184,2.9850702,3.3855437e-07,11.608545303344727,0.0012749686062267199,0.00024926661152633136,0.24655262411087767,0.0,-0.040360195694308196,0.0
7800,494,326.51526,920.19934,-0.011049309,11.1503525,3.0707693,-1.0681152e-06,11.565464973449707,0.001363920267229968,0.00024986265311576075,0.25471679410386777,0.0,-0.04070803524745109,0.0
7801,494,327.07184,920.3518,-0.011049347,11.0820675,3.1558244,-7.4386594e-07,11.522648811340332,0.0014257425350739851,0.00024986265311576075,0.26327349739677874,0.0,-0.04070803524745109,0.0
7802,495,327.625,920.5084,-0.011049462,11.013276,3.2403004,-3.094673e-06,11.480060577392578,0.0014710586657203403,0.00024986265311576075,0.2720341821844329,0.0,-0.04070803524745109,0.0
7803,495,328.17474,920.6692,-0.011049423,10.943773,3.3247037,-9.4890595e-07,11.437649726867676,0.001506051926250736,0.00024986265311576075,0.28088436582947063,0.0,-0.04070803524745109,0.0
7804,495,328.7211,920.8341,-0.011049652,10.8735695,3.4089067,-2.3078917e-06,11.395401000976562,0.0015339642731659908,0.00024926661152633136,0.2897671399083482,0.0,-0.04070803524745109,0.0
7805,496,329.26385,921.00336,-0.011049842,10.80274,3.4926357,-2.3317336e-06,11.353312492370605,0.0015559882772843234,0.0002487897815057169,0.29865241070074766,0.0,-0.04070803524745109,0.0
7806,496,329.80316,921.1767,-0.011050186,10.731366,3.5756447,-1.9359588e-06,11.311386108398438,0.0015726174296378063,0.0002481937236616421,0.30752446555623764,0.0,-0.060324662193680705,0.0
7807,496,330.3382,921.3558,-0.0110490415,10.633315,3.7217937,-8.010864e-07,11.265839576721191,0.0017305254572997167,0.00025093554098045,0.3175352215148183,0.0,-0.08163510784997378,0.0
7808,496,330.8681,921.54224,-0.011045456,10.511266,3.9135234,-3.7622451e-06,11.216165542602539,0.0020526409028914427,0.00025892256979924357,0.3301617342960747,0.0,-0.08828377077863343,0.0
7809,497,331.39233,921.7372,-0.011041527,10.38763,4.099693,-6.6185e-06,11.167378425598145,0.0023829926422880244,0.00026845930024869556,0.34543216682853456,0.0,-0.08963742732803953,0.0
7810,497,331.91077,921.94037,-0.011038437,10.266198,4.2740474,-3.042221e-06,11.120355606079102,0.0026254383495058365,0.00027596948279222936,0.3624049585088003,0.0,-0.09034521666150247,0.0
7811,497,332.42343,922.1518,-0.0110363765,10.14341,4.4440613,-4.1532517e-06,11.074224472045898,0.0027924601617458373,0.00028073784801695536,0.38033219383423683,0.0,-0.09034521666150247,0.0
7812,498,332.93008,922.37146,-0.011034889,10.018428,4.6111603,-2.2745132e-06,11.02867603302002,0.002910663422401973,0.00028443334163163743,0.3987521472508516,0.0,-0.09088821219345429,0.0
7813,498,333.43054,922.5994,-0.0110339355,9.889434,4.778247,-1.5163421e-06,10.983284950256348,0.003002711528321089,0.00028657911736101584,0.41742726478940967,0.0,-0.09088821219345429,0.0
7814,498,333.92465,922.8357,-0.01103302,9.757546,4.9430704,-3.6430358e-06,10.9381742477417,0.0030751697957686103,0.00028872489309039425,0.4362221912875076,0.0,-0.09225521010571124,0.0
7815,498,334.4121,923.0804,-0.011032333,9.620255,5.109376,-1.0251998e-06,10.892889022827148,0.0031405491001584296,0.00029027461097569796,0.45512644054835333,0.0,-0.09371515343575071,0.0
7816,499,334.89276,923.3332,-0.011031761,9.478193,5.2756824,-3.5953522e-06,10.847533226013184,0.0032028769524906414,0.0002918243288610016,0.4741920440817442,0.0,-0.09504353487892558,0.0
7817,499,335.3664,923.5944,-0.011030998,9.332038,5.4406877,1.335144e-07,10.80222225189209,0.003259292275113687,0.00029349325831512025,0.49343994099175104,0.0,-0.10823633199304161,0.0
7818,499,335.83218,923.8645,-0.011028747,9.158008,5.6354423,-4.162788e-06,10.753013610839844,0.00339218895492082,0.000298857681383921,0.513551734069866,0.0,-0.11333560751445876,0.0
7819,500,336.28955,924.14386,-0.011025733,8.978663,5.82743,-2.3460389e-06,10.703987121582031,0.0035508961909840792,0.0003062486361039945,0.5348614835853257,0.0,-0.11393698378406207,0.0
7820,500,336.73843,924.4323,-0.0110233305,8.800924,6.0085692,-1.4305114e-08,10.656414985656738,0.003667545507547127,0.0003116130591727952,0.5569807674931423,0.0,-0.06901057432850789,0.0
7821,500,337.18088,924.7269,-0.011026649,8.718532,6.0642157,4.901886e-06,10.620145797729492,0.003417298610870524,0.00030517576449395065,0.5769502811900198,0.0,-0.05418771709761338,0.0
7822,500,337.61856,925.02545,-0.011032257,8.640191,6.1119566,7.810592e-06,10.583426475524902,0.0029913691668503337,0.0002918243288610016,0.5930020851863088,0.0,-0.051658700387045016,0.0
7823,501,338.05127,925.3281,-0.011037216,8.545717,6.1784234,1.1439323e-05,10.545245170593262,0.002664221673177416,0.0002801418226821712,0.6063518459406035,0.0,-0.05103016982158735,0.0
7824,501,338.4787,925.6349,-0.011040992,8.444953,6.250357,4.863739e-06,10.506388664245605,0.002453265245106539,0.00027060507597807397,0.6182103696425084,0.0,-0.05103016982158735,0.0
7825,501,338.90088,925.94556,-0.011043891,8.34266,6.3218083,5.073547e-06,10.467341423034668,0.0023112956123903725,0.0002630948934345401,0.6292910505690283,0.0,-0.056523801856296685,0.0
7826,501,339.31757,926.26013,-0.011045837,8.228317,6.4050803,-5.5789945e-07,10.427380561828613,0.0022456603948645534,0.00025784968193455433,0.6403120766871305,0.0,-0.06956190104183806,0.0
7827,502,339.7281,926.5795,-0.011046333,8.08852,6.5135965,-3.671646e-07,10.385138511657715,0.0022971811186872776,0.00025725364034512495,0.6522899100058709,0.0,-0.08053065876626588,0.0
7828,502,340.13156,926.9041,-0.01104515,7.9344006,6.6328983,-3.352165e-06,10.341665267944336,0.0024284663779754524,0.00025939939981985805,0.6658798878904907,0.0,-0.08318846453506269,0.0
7829,502,340.52805,927.23395,-0.011044044,7.7857995,6.742346,-3.437996e-06,10.299412727355957,0.002542766963307592,0.00026261804715928033,0.6808260805602334,0.0,-0.08318846453506269,0.0
7830,502,340.91757,927.5687,-0.0110433195,7.6426024,6.842782,-3.3617018e-06,10.258316040039062,0.002603913037906081,0.00026416776504458405,0.6965186241254708,0.0,-0.08318846453506269,0.0
7831,503,341.30014,927.9083,-0.011043129,7.5002475,6.938961,-1.7452239e-06,10.2177734375,0.0026297098102229712,0.00026464461131984384,0.7125505875716388,0.0,-0.08409542338052756,0.0
7832,503,341.67563,928.2528,-0.011042976,7.3549113,7.034429,-1.9359588e-06,10.177323341369629,0.00264642270650917,0.00026464461131984384,0.7287726341406112,0.0,-0.08409542338052756,0.0
7833,503,342.044,928.602,-0.011043129,7.2093053,7.1266108,-4.0102004e-06,10.137191772460938,0.002656894859287796,0.00026464461131984384,0.7450926184586714,0.0,-0.08409542338052756,0.0
7834,503,342.40515,928.9558,-0.011043358,7.0629773,7.215934,-4.1913986e-06,10.097293853759766,0.0026612120930861664,0.00026464461131984384,0.7614291809545172,0.0,-0.11327558654011227,0.0
7835,504,342.75745,929.3153,-0.011040038,6.8426647,7.359178,-4.458427e-06,10.048858642578125,0.002853595573296993,0.00027167796384276315,0.7792655691972683,0.0,-0.16327558654011226,0.0
7836,504,343.09738,929.6823,-0.0110292435,6.5263424,7.5560765,-7.653236e-06,9.984359741210938,0.003340234687197982,0.0002971887519298024,0.8011308541161186,0.0,-0.21327558654011225,0.0
7837,504,343.42105,930.05835,-0.011008072,6.125199,7.7811785,-1.6727447e-05,9.902767181396484,0.004071949379893237,0.00034618376394331726,0.8291381208779914,0.0,-0.24354593384249545,0.0
7838,504,343.72574,930.44403,-0.010980682,5.6849213,8.001741,-2.8653145e-05,9.8156099319458,0.004856685165193312,0.0004106759873191596,0.8636388401677499,0.0,-0.24354593384249545,0.0
7839,505,344.01114,930.8391,-0.010958824,5.2774816,8.189404,-2.5749207e-05,9.742594718933105,0.0054355450743653515,0.0004633664929473566,0.9026139364049506,0.0,-0.24354593384249545,0.0
7840,505,344.27774,931.24286,-0.010944671,4.8821397,8.355121,-2.1014213e-05,9.676948547363281,0.0057896747591294345,0.000497937165208588,0.9438646372145967,0.0,-0.19354593384249547,0.0
7841,505,344.52853,931.65375,-0.010946045,4.6231394,8.4571705,-5.402565e-06,9.638317108154297,0.005717549906966823,0.0004968642935985441,0.9838256356873447,0.0,-0.14354593384249548,0.0
7842,505,344.76825,932.0699,-0.010960388,4.4670134,8.508557,1.2564658e-05,9.609877586364746,0.0052153422238105296,0.00046443936455740047,1.0186396093003238,0.0,-0.09539095820405612,0.0
7843,506,344.99994,932.48926,-0.010979843,4.389987,8.518088,2.7446746e-05,9.58278751373291,0.0044456751449127195,0.00041913984615856765,1.046290811424453,0.0,-0.14539095820405612,0.0
7844,506,345.22086,932.9125,-0.010989608,4.101148,8.607938,1.9669533e-05,9.534989356994629,0.004159164264552779,0.0003935098465027135,1.0708582727433522,0.0,-0.1953909582040561,0.0
7845,506,345.42496,933.3406,-0.010984649,3.6956835,8.715364,1.9025803e-06,9.466554641723633,0.004461310293195277,0.00040268894224572063,1.098273119320737,0.0,-0.14539095820405612,0.0
7846,506,345.61432,933.7724,-0.01098526,3.474818,8.764403,-2.350807e-06,9.42810344696045,0.00452565112080456,0.00040161607063567676,1.1268036972368103,0.0,-0.09539095820405612,0.0
7847,507,345.79565,934.2063,-0.010997467,3.393711,8.765415,1.07336045e-05,9.399456024169922,0.0040412720527895855,0.0003744363530945189,1.1512953250436695,0.0,-0.045390958204056114,0.0
7848,507,345.9732,934.6403,-0.011013146,3.409976,8.727107,1.8405914e-05,9.369649887084961,0.0032040056750620226,0.000338196751379169,1.169029314742507,0.0,0.0,0.0
7849,507,346.15054,935.0728,-0.011026153,3.4937537,8.656351,2.5129317e-05,9.33481216430664,0.0022087134560032323,0.0003068446939480693,1.1789282845143316,0.0,0.0,0.0
7850,507,346.32773,935.50366,-0.011036835,3.5042295,8.616118,1.689434e-05,9.301458358764648,0.001473290233467745,0.00028073784801695536,1.18329759975677,0.0,0.009974297312363723,0.0
7851,508,346.5043,935.93286,-0.0110455705,3.524202,8.57169,1.0595321e-05,9.26789379119873,0.0009687059911277457,0.00025892256979924357,1.184549152311053,0.0,0.015238170404329598,0.0
7852,508,346.68097,936.36035,-0.011052742,3.544354,8.527188,3.1042098e-06,9.234467506408691,0.0005911374328976438,0.00024127958270753772,1.183706528142152,0.0,0.01646720297120616,0.0
7853,508,346.85788,936.78577,-0.011058273,3.5584843,8.485406,4.763603e-06,9.201354026794434,0.0003205166386775404,0.00022792814707458872,1.1816734709659853,0.0,3.445707479655946e-07,0.0
7854,508,347.03387,937.2099,-0.011062775,3.5134566,8.468546,-4.1484833e-07,9.168458938598633,0.0002642258266376856,0.00021731852876044754,1.1801445501841707,0.0,0.0,0.0
7855,509,347.20862,937.6329,-0.011066322,3.4907544,8.442641,-1.9598008e-06,9.135839462280273,0.00025560402140965263,0.00020933149994165393,1.1794908772946109,0.070587158203125,0.0,0.0
7856,509,347.3826,938.05426,-0.01106926,3.476164,8.41533,-3.4427642e-06,9.105026245117188,0.00022154179445419325,0.00020241735898754952,1.1792127101187522,0.15058715820312502,0.0,0.0
7857,509,347.55612,938.4743,-0.011073036,3.4657047,8.391422,-3.094673e-06,9.078935623168945,0.00017743865046058514,0.00019288061228345225,1.1790961968210611,0.23058715820312503,0.0,0.0
7858,510,347.7292,938.89343,-0.01107933,3.4584725,8.373536,-2.5367735e-06,9.059642791748047,0.00013628204291633297,0.00017845628878581402,1.1790470614989492,0.31058715820312505,0.0,0.0
7859,510,347.90192,939.31177,-0.01108818,3.4544199,8.363065,-2.0742416e-06,9.048418045043945,0.00010257580082081792,0.00015771388217814615,1.179026954632719,0.39058715820312506,0.0,0.0
7860,510,348.07455,939.72974,-0.011099777,3.4537249,8.360833,2.6273726e-06,9.046090126037598,7.654223895815261e-05,0.00012993811492023627,1.1790184325172308,0.4705871582031251,0.0,0.0
7861,510,348.24722,940.14777,-0.011114273,3.456598,8.367402,-2.9945372e-06,9.053257942199707,5.695810586706717e-05,9.584426455229671e-05,1.1790151035658682,0.5505871582031251,0.0,0.0
7862,511,348.42032,940.5666,-0.011130905,3.463236,8.38321,-1.7786026e-06,9.070403099060059,4.2379924024103355e-05,5.59091529676193e-05,1.1790135056692141,0.630587158203125,0.0,0.0
7863,511,348.59375,940.98645,-0.011149711,3.473813,8.408644,6.723404e-07,9.09794807434082,3.156485512037444e-05,1.1205672094554583e-05,1.1790131061950506,0.710587158203125,0.0,0.0
7864,511,348.76785,941.4078,-0.01117054,3.488497,8.4440775,7.1048737e-07,9.136303901672363,2.35343593481506e-05,-3.838538963571239e-05,1.1790131061950506,0.790587158203125,0.0,0.0
7865,511,348.94278,941.8313,-0.01119297,3.5074527,8.489889,1.1873245e-06,9.185882568359375,1.75738804671058e-05,-9.167194091700014e-05,1.1790131061950506,0.8705871582031249,0.0,0.0
7866,512,349.11884,942.2573,-0.011216926,3.530848,8.54647,7.5817104e-07,9.247109413146973,1.3140145562028186e-05,-0.0001485347701804937,1.1790131061950506,0.9505871582031249,0.0,0.0
7867,512,349.2961,942.6864,-0.011242294,3.558858,8.614233,9.441375e-07,9.320433616638184,9.83089482956327e-06,-0.00020885466992103945,1.1790131061950506,0.9999847412109375,0.0,0.0
7868,512,349.47495,943.1192,-0.011268844,3.5913937,8.692961,6.67572e-08,9.405619621276855,7.3456906124195524e-06,-0.00027215479386337763,1.1790131061950506,0.9999847412109375,0.0,0.0
7869,512,349.65546,943.55634,-0.011295623,3.627412,8.780123,-1.4781952e-07,9.499930381774902,5.514652056599801e-06,-0.0003356933409433457,1.1790135056692141,0.9999847412109375,0.0,0.0
7870,513,349.83792,943.99786,-0.011320953,3.665629,8.872612,2.9087067e-07,9.600004196166992,4.106317838271131e-06,-0.00039601322442924615,1.1790135056692141,0.9999847412109375,0.0,0.0
7871,513,350.0223,944.4441,-0.01134346,3.7052367,8.968472,0.0,9.703723907470703,3.0740924927358847e-06,-0.0004494189994703328,1.1790132393531052,0.9999847412109375,0.0,0.0
7872,513,350.20862,944.8952,-0.011362609,3.7457268,9.066469,1.2922287e-06,9.809757232666016,2.3094325780891033e-06,-0.0004950761525756105,1.1790129730369963,0.9999847412109375,0.0,0.0
7873,513,350.39706,945.3514,-0.011378365,3.7867787,9.165829,4.4822693e-07,9.91726303100586,1.7242275035360915e-06,-0.000532388658410295,1.1790129730369963,0.9999847412109375,0.0,0.0
7874,513,350.5875,945.8124,-0.011391067,3.8281903,9.266063,-3.4093855e-06,10.025714874267578,1.2903475894262745e-06,-0.0005627870558001657,1.1790129730369963,0.9999847412109375,0.0,0.0
7875,514,350.78006,946.2785,-0.011401215,3.8698351,9.36686,-3.604889e-06,10.134777069091797,9.670913308547913e-07,-0.000586628849414505,1.1790129730369963,0.9999847412109375,0.0,0.0
7876,514,350.97473,946.7496,-0.01140911,3.9116333,9.468031,-3.3187866e-06,10.244241714477539,7.272756907771338e-07,-0.0006053447081162547,1.1790129730369963,0.9999847412109375,0.0,0.0
7877,514,351.17148,947.22577,-0.011415252,3.9535348,9.56945,-3.209114e-06,10.353976249694824,5.532347904814019e-07,-0.0006200075035154588,1.1790129730369963,0.9999847412109375,0.0,0.0
7878,514,351.3703,947.70703,-0.011420021,3.9955063,9.6710415,-4.0245054e-06,10.463895797729492,4.1036407743797215e-07,-0.0006310939518502144,1.1790129730369963,0.9999847412109375,0.0,0.0
7879,514,351.5713,948.1934,-0.011423606,4.037529,9.772757,-2.746582e-06,10.573949813842773,3.009918391055532e-07,-0.0006396769897491468,1.1790129730369963,0.9999847412109375,0.0,0.0
7880,515,351.7743,948.6848,-0.011426391,4.079591,9.874563,-3.3855438e-06,10.684103012084961,2.2116005347378408e-07,-0.000646233528506097,1.1790129730369963,0.9999847412109375,0.0,0.0
7881,515,351.9794,949.1814,-0.011428566,4.1216817,9.976443,-2.5224685e-06,10.79433536529541,1.6618290631207455e-07,-0.0006512402843591623,1.1790129730369963,0.9999847412109375,0.0,0.0
7882,515,352.18665,949.6829,-0.011430206,4.163798,10.078384,-2.5272368e-06,10.904633522033691,1.1592058252581046e-07,-0.0006551742336207649,1.1790129730369963,0.9999847412109375,0.0,0.0
7883,515,352.396,950.18976,-0.011431465,4.205936,10.180378,-2.7608871e-06,11.014989852905273,9.729412411937044e-08,-0.0006582736693913723,1.1790133725111598,0.9999847412109375,0.0,0.0
7884,515,352.60748,950.70154,-0.011432457,4.2480936,10.282419,-3.004074e-06,11.125396728515625,7.241034157820042e-08,-0.0006605386566895657,1.1790133725111598,0.9999847412109375,0.0,0.0
7885,516,352.82104,951.2185,-0.011433258,4.290269,10.384505,-3.3426284e-06,11.235851287841797,6.044866872333838e-08,-0.0006624459767720235,1.1790133725111598,0.9999847412109375,0.0,0.0
7886,516,353.0367,951.74054,-0.011433944,4.3324623,10.486631,-2.8324127e-06,11.34635066986084,6.044866872333838e-08,-0.0006624459767720235,1.1790133725111598,0.9999847412109375,0.0,0.0
7887,516,353.2545,952.26764,-0.011434402,4.374673,10.588799,-2.5701522e-06,11.456894874572754,2.933666643435605e-08,-0.0006651878103454767,1.1790133725111598,0.9999847412109375,0.0,0.0
7888,516,353.47437,952.7999,-0.01143486,4.416899,10.691008,-3.33786e-06,11.567481994628906,2.933666643435605e-08,-0.0006651878103454767,1.1790133725111598,0.9999847412109375,0.0,0.0
7889,517,353.6964,953.3372,-0.011435203,4.4591417,10.793257,-2.7418137e-06,11.67811393737793,1.1816156872902379e-08,-0.0006669759513684103,1.1790133725111598,0.9999847412109375,0.0,0.0
7890,517,353.9205,953.87964,-0.011435547,4.5014005,10.895542,-1.9693375e-06,11.788784980773926,1.1816156872902379e-08,-0.0006669759513684103,1.1790133725111598,0.9999847412109375,0.0,0.0
7891,517,354.14676,954.4273,-0.011435851,4.543675,10.997866,-2.2554398e-06,11.899497032165527,1.1816156872902379e-08,-0.0006669759513684103,1.1790133725111598,0.9999847412109375,0.0,0.0
7892,517,354.37506,954.98,-0.011436119,4.585965,11.100229,-1.964569e-06,12.010252952575684,1.594890143893692e-08,-0.0006690025155289737,1.1790133725111598,0.9999847412109375,0.0,0.0
7893,518,354.60553,955.5378,-0.01143631,4.6282706,11.202628,-2.1839141e-06,12.12104606628418,1.594890143893692e-08,-0.0006690025155289737,1.1790133725111598,0.9199847412109375,0.0,0.0
7894,518,354.8381,956.1007,-0.011436004,4.669596,11.302656,-2.222061e-06,12.22927474975586,1.594890143893692e-08,-0.0006690025155289737,1.1790133725111598,0.8399847412109376,0.0,0.0
7895,518,355.0727,956.6684,-0.011433181,4.7081614,11.396003,-2.4461747e-06,12.33027458190918,5.064067585567026e-09,-0.0006620883745748693,1.1790133725111598,0.7599847412109376,1.4902804592448787e-07,0.0
7896,519,355.30905,957.2406,-0.0114262765,4.742875,11.480026,-2.822876e-06,12.421185493469238,1.891749309864758e-09,-0.000645637503171313,1.1790129730369963,0.6799847412109377,6.160673686718647e-06,0.0
7897,519,355.54706,957.8167,-0.011414681,4.7731276,11.553189,-2.412796e-06,12.500356674194336,0.0,-0.0006183385415520496,1.1790129730369963,0.5999847412109377,0.002463016758309987,0.0
7898,519,355.7866,958.396,-0.011398696,4.8076434,11.610925,-1.8262863e-06,12.566901206970215,-2.130531513443256e-05,-0.0005797147734789819,1.1788439954658307,0.5199847412109377,0.011714724721065304,0.0
7899,520,356.02835,958.97766,-0.011378441,4.86839,11.643262,-3.6811828e-06,12.620094299316406,-0.00012250536137970897,-0.0005316733889974053,1.177848505850359,0.4399847412109377,0.022916235584169185,0.0
7900,520,356.2733,959.5603,-0.011354637,4.9539757,11.649909,-2.6512146e-06,12.659472465515137,-0.00031744876942815456,-0.00047504899912618695,1.1752516574714227,0.3599847412109377,0.027974023150576507,0.0
7901,520,356.52182,960.1431,-0.011328354,5.039255,11.642122,-2.7179717e-06,12.685941696166992,-0.0005320994882699598,-0.00041270255147972303,1.1709631691680682,0.2799847412109377,0.029086856523215562,0.0
7902,520,356.77386,960.7256,-0.011300621,5.1163635,11.62396,-2.8467177e-06,12.700141906738281,-0.0007089334821790932,-0.0003464221870809471,1.1654661383620357,0.19998474121093768,0.024877457444898925,0.0
7903,521,357.02893,961.30725,-0.01127201,5.1728344,11.601835,-1.9836425e-06,12.702786445617676,-0.0008058725458579774,-0.0002784728932280526,1.159546863365171,0.11998474121093768,0.023992543197717677,0.0
7904,521,357.28683,961.8874,-0.011242981,5.2271843,11.567446,-1.0871887e-06,12.693670272827148,-0.0008628640631485106,-0.00020956992307928383,1.1536468962862094,0.19998474121093768,0.02369525438875076,0.0
7905,521,357.54745,962.4656,-0.0112149045,5.2815404,11.524701,1.630783e-06,12.677279472351074,-0.0009118662922245499,-0.0001426935170910785,1.1478213645597157,0.2799847412109377,0.02369525438875076,0.0
7906,522,357.81085,963.0416,-0.011190872,5.338299,11.480872,-8.869171e-07,12.661273956298828,-0.0009587378623913632,-8.54730531211401e-05,1.1420517592161135,0.3599847412109377,0.02369525438875076,0.0
7907,522,358.07727,963.61554,-0.011173325,5.398065,11.440601,2.8896332e-06,12.65015697479248,-0.0010018810070320655,-4.398822365115902e-05,1.1363158428603009,0.4399847412109377,0.02369525438875076,0.0
7908,522,358.3467,964.1875,-0.0111632915,5.4613767,11.40657,3.991127e-06,12.646599769592285,-0.0010386327601123217,-2.038478815586836e-05,1.1305996338965547,0.5199847412109377,0.02369525438875076,0.0
7909,523,358.61948,964.758,-0.011160698,5.5287204,11.380414,2.2268296e-06,12.652295112609863,-0.001068459969265465,-1.4305113960653935e-05,1.124893012312733,0.5999847412109377,0.02369525438875076,0.0
7910,523,358.8957,965.32764,-0.011164703,5.60055,11.363147,3.8337707e-06,12.668356895446777,-0.0010918960469324876,-2.3841856601089893e-05,1.1191877223094562,0.6799847412109377,0.03501311040883284,0.0
7911,523,359.17648,965.8962,-0.011173858,5.7151957,11.334705,8.7261196e-07,12.694053649902344,-0.0012021506559874429,-4.5776364674092597e-05,1.112742472997301,0.7599847412109376,0.054906638556878565,0.0
7912,524,359.46393,966.46295,-0.011186294,5.886933,11.284836,-6.866455e-07,12.728059768676758,-0.0014705974239045928,-7.569789140673558e-05,1.10419412537231,0.8399847412109376,0.06492159675007164,0.0
7913,524,359.75952,967.0278,-0.011201782,6.07765,11.234924,-2.7799606e-06,12.773463249206543,-0.0018082862501266402,-0.00011277198223111286,1.0929521900417858,0.9199847412109375,0.06723624521358125,0.0
7914,524,360.06387,967.59094,-0.01122116,6.269724,11.196849,-2.8991699e-06,12.83272647857666,-0.0020985706789081143,-0.00015854834690520546,1.079617209831541,0.9999847412109375,0.06782071398435716,0.0
7915,525,360.37744,968.1529,-0.011243667,6.4680114,11.168271,-2.2792815e-06,12.906023979187012,-0.002323874107128818,-0.00021255014728107624,1.0649383985352423,0.9999847412109375,0.06829072020614316,0.0
7916,525,360.70093,968.71375,-0.011269111,6.6763973,11.144266,-6.4897536e-06,12.991110801696777,-0.0025076322223442854,-0.00027239321700100756,1.0494074422691455,0.9999847412109375,0.06829072020614316,0.0
7917,525,361.03488,969.27374,-0.011294593,6.8929715,11.120636,-4.1103362e-06,13.083638191223145,-0.0026663571434616586,-0.00033283232831036823,1.0333308708747186,0.9199847412109375,0.06829072020614316,0.0
7918,526,361.37976,969.8326,-0.011317596,7.1154165,11.092098,-3.6811828e-06,13.178155899047852,-0.00280910179766693,-0.0003873109749614988,1.0168983680006027,0.8399847412109376,0.06829072020614316,0.0
7919,526,361.73584,970.38983,-0.011334915,7.3398046,11.053098,-1.2159347e-06,13.268146514892578,-0.002939597211229463,-0.0004289149997456495,1.0002259808912979,0.7599847412109376,0.06829072020614316,0.0
7920,526,362.1031,970.9448,-0.011344948,7.5630083,11.000531,-7.038116e-06,13.34956169128418,-0.0030599723525753697,-0.000452876069947385,0.9833872793719176,0.6799847412109377,0.06829072020614316,0.0
7921,527,362.48145,971.4971,-0.011347083,7.7826366,10.93284,-6.2322615e-06,13.420001029968262,-0.0031691616971942934,-0.000457644435172111,0.9664299340259743,0.5999847412109377,0.06884897562620246,0.0
7922,527,362.8707,972.04553,-0.011341629,7.998357,10.848131,-3.1900406e-06,13.477970123291016,-0.0032714270830533363,-0.0004445314226767919,0.9493546772227678,0.5199847412109377,0.06932371510993107,0.0
7923,527,363.27057,972.5894,-0.011329422,8.20813,10.746892,-6.084442e-06,13.522910118103027,-0.0033662361380088074,-0.00041568277568151545,0.9321470613133843,0.4399847412109377,0.06932371510993107,0.0
7924,528,363.68073,973.12787,-0.011312065,8.409587,10.630672,-1.926422e-06,13.554791450500488,-0.0034498583559399946,-0.000374317141525704,0.9148371134391146,0.5199847412109377,0.06932371510993107,0.0
7925,528,364.10077,973.66046,-0.011291808,8.60505,10.503256,-4.8971174e-06,13.578117370605469,-0.003520166068792412,-0.00032544134108100403,0.8974626504874376,0.5999847412109377,0.06932371510993107,0.0
7926,528,364.5306,974.18665,-0.01127243,8.799438,10.371426,-4.0006635e-06,13.60134506225586,-0.003579821137284512,-0.0002797841879757264,0.8800407832683572,0.6799847412109377,0.06932371510993107,0.0
7927,529,364.9703,974.70624,-0.011258125,8.995865,10.239204,-2.5272368e-07,13.629632949829102,-0.003630953570139708,-0.000246047964186909,0.862577703631408,0.7599847412109376,0.06932371510993107,0.0
7928,529,365.42007,975.21936,-0.011250687,9.196403,10.108958,-3.695488e-06,13.666193962097168,-0.0036746294120170078,-0.0002284049933498485,0.845070348941336,0.8399847412109376,0.06932371510993107,0.0
7929,529,365.88007,975.72626,-0.011250458,9.402588,9.982036,-1.7118454e-06,13.71312141418457,-0.0037129786716398236,-0.00022768972393695882,0.8275115286631983,0.9199847412109375,0.06932371510993107,0.0
7930,530,366.35065,976.227,-0.011256981,9.615653,9.859183,-4.248619e-06,13.771865844726562,-0.0037470668735185126,-0.00024294851216165634,0.809891255942907,0.9999847412109375,0.06932371510993107,0.0
7931,530,366.8321,976.7218,-0.011269264,9.836711,9.74074,-1.7738342e-06,13.843514442443848,-0.003778492694530098,-0.0002726316238839921,0.7921926862865675,0.9999847412109375,0.06932371510993107,0.0
7932,530,367.32492,977.2108,-0.011286583,10.065143,9.62517,-2.245903e-06,13.926629066467285,-0.003809385363175017,-0.0003137588349021737,0.7743989086212575,0.9999847412109375,0.06932371510993107,0.0
7933,531,367.82928,977.69434,-0.011306,10.298324,9.50904,-1.0824203e-06,14.017036437988281,-0.0038402780318199364,-0.0003598928342827111,0.7565065939956147,0.9999847412109375,0.06932371510993107,0.0
7934,531,368.34543,978.1722,-0.011324921,10.534506,9.390077,-2.5749207e-06,14.112029075622559,-0.003873301489411244,-0.00040507314111272897,0.7385072868731779,0.9999847412109375,0.06932371510993107,0.0
7935,531,368.87366,978.644,-0.011342391,10.772519,9.266784,-8.6307523e-07,14.209872245788574,-0.003907922323507949,-0.0004464387752685404,0.7203979911977209,0.9999847412109375,0.06932371510993107,0.0
7936,532,369.4138,979.10956,-0.011357307,11.011554,9.13818,-3.695488e-06,14.309460639953613,-0.003945739210987074,-0.00048172471694266143,0.7021785072321617,0.9999847412109375,0.06932371510993107,0.0
7937,532,369.9661,979.56866,-0.011369782,11.251021,9.003616,-3.943443e-06,14.410086631774902,-0.003985686107189613,-0.0005112886008415369,0.6838504328731546,0.9999847412109375,0.06932371510993107,0.0
7938,532,370.5304,980.021,-0.011379661,11.490477,8.8626585,-3.3712386e-06,14.511298179626465,-0.00402829720477953,-0.0005351304594744575,0.6654138346997268,0.9999847412109375,0.06932371510993107,0.0
7939,533,371.10666,980.4663,-0.011387672,11.729571,8.715004,-2.4795531e-06,14.612807273864746,-0.004073038571167187,-0.0005539655297450222,0.6468697779763144,0.9999847412109375,0.06932371510993107,0.0
7940,533,371.6951,980.9042,-0.01139389,11.967997,8.560457,-4.415512e-06,14.71442699432373,-0.004119909686203931,-0.0005688666832632749,0.6282181961238898,0.9999847412109375,0.06932371510993107,0.0
7941,533,372.29538,981.3344,-0.011398696,12.205492,8.398868,-2.8419495e-06,14.816039085388184,-0.004167846585825357,-0.0005800723756761361,0.609459754932726,0.9999847412109375,0.06932371510993107,0.0
7942,534,372.90762,981.75616,-0.011402245,12.441807,8.230134,-5.1498414e-06,14.917562484741211,-0.004217382162323807,-0.0005888938367126984,0.59059452098185,0.9999847412109375,0.06932371510993107,0.0
7943,534,373.53195,982.1695,-0.011405144,12.676712,8.05417,-1.9788743e-06,15.01894474029541,-0.004267980922663686,-0.0005952119523320187,0.5716239590098613,0.9999847412109375,0.06932371510993107,0.0
7944,535,374.16803,982.574,-0.011407203,12.90998,7.870919,-3.8146972e-08,15.120150566101074,-0.004319114395816183,-0.0006000995291255597,0.5525481355957872,0.9999847412109375,0.06932371510993107,0.0
7945,535,374.8156,982.9692,-0.0114087295,13.14139,7.680342,-4.9304963e-06,15.221161842346191,-0.00437131157295876,-0.0006037949902309511,0.5333678496879548,0.9999847412109375,0.06652880489594748,0.0
7946,535,375.47488,983.3549,-0.011410179,13.366757,7.491515,-1.1730194e-06,15.322957038879395,-0.0044032695060397115,-0.0006071328491391884,0.5142509803035799,0.9999847412109375,0.06408673294095858,0.0
7947,536,376.14542,983.7312,-0.011411514,13.5874815,7.3017592,-9.1075896e-07,15.425152778625488,-0.004412856885963997,-0.0006104707080474256,0.49539946163231774,0.9999847412109375,0.0360659834631704,0.0
7948,536,376.8263,984.1,-0.011415252,13.765835,7.199002,3.8623807e-06,15.534601211547852,-0.004206197145819799,-0.0006185769646896794,0.4785388889024852,0.9999847412109375,0.0010017721751506975,0.0
7949,536,377.51556,984.46484,-0.011420593,13.893624,7.1961727,9.9563595e-06,15.646651268005371,-0.0036762275687453804,-0.0006301402592996948,0.46640918882258303,0.9999847412109375,3.09183137122207e-09,0.0
7950,537,378.21255,984.82684,-0.0114252465,14.034121,7.1662555,1.5711785e-05,15.757911682128906,-0.0031451924671606047,-0.000641584374850186,0.4589086952179975,0.9999847412109375,0.0,0.0
7951,537,378.9172,985.1862,-0.011429367,14.175038,7.1341753,9.9468225e-06,15.869094848632812,-0.0027382619727451475,-0.0006515979515748977,0.45429606692046665,0.9999847412109375,0.0,0.0
7952,538,379.62918,985.5434,-0.011432686,14.310442,7.1125717,8.130073e-06,15.9805326461792,-0.0024032363076131793,-0.0006601809894738301,0.45146136496667266,0.9999847412109375,0.0,0.0
7953,538,380.34784,985.89966,-0.011435394,14.438899,7.104841,5.9366225e-06,16.092252731323242,-0.002098037916652936,-0.0006670951304279345,0.4497207561677105,0.9999847412109375,0.0,0.0
7954,538,381.07297,986.2556,-0.011437759,14.560837,7.110376,3.1948089e-06,16.204177856445312,-0.0018093513845255091,-0.0006724595534967352,0.4486511640949074,0.9999847412109375,0.0,0.0
7955,539,381.80405,986.6119,-0.011439285,14.67734,7.127089,2.2315978e-06,16.316240310668945,-0.0015371764511565736,-0.0006766318608773865,0.4479928972524671,0.9999847412109375,0.0,0.0
7956,539,382.54092,986.9692,-0.01144062,14.789591,7.152602,3.7288664e-06,16.428380966186523,-0.0012863068065082721,-0.0006796121175884696,0.4475865321596346,0.9999847412109375,0.014105507620115532,0.0
7957,540,383.28384,987.3267,-0.011441231,14.922534,7.1327453,-3.814697e-07,16.53959083557129,-0.0011819107617400033,-0.0006811618354737733,0.4463752266273257,0.9999847412109375,0.047307053063159354,0.0
7958,540,384.03394,987.68164,-0.011439857,15.094747,7.015125,-8.5830686e-07,16.645219802856445,-0.0013789842922943792,-0.000677823976565536,0.44206733053752717,0.9999847412109375,0.08500895043948518,0.0
7959,541,384.79263,988.02997,-0.011434211,15.299255,6.7955008,-4.0960313e-06,16.740550994873047,-0.0019110841381665361,-0.0006648301431297412,0.43212621624145214,0.9999847412109375,0.08285917792342368,0.0
7960,541,385.5604,988.36975,-0.011428184,15.495963,6.5913305,-8.997917e-06,16.83955192565918,-0.002473543760391271,-0.0006508826821620081,0.4167811486194428,0.9999847412109375,0.05205972473070675,0.0
7961,542,386.33682,988.703,-0.011427192,15.659721,6.483259,-7.5674056e-06,16.948732376098633,-0.002698847188611975,-0.000648140848588555,0.3998663472719135,0.9999847412109375,0.0430256898381866,0.0
7962,542,387.12173,989.0304,-0.011428833,15.824852,6.3675375,-2.5272368e-06,17.057886123657227,-0.0027467835680847507,-0.0006513595284372679,0.3838097162961487,0.9999847412109375,0.04081429474817805,0.0
7963,542,387.91537,989.3508,-0.011430588,15.996175,6.2278333,-9.155273e-07,17.1657657623291,-0.0028064383765025254,-0.0006552934126802892,0.36882311015686403,0.9999847412109375,0.03621308463782716,0.0
7964,543,388.7178,989.66376,-0.0114321895,16.166359,6.085039,-1.578331e-06,17.27364730834961,-0.0028788768783013312,-0.0006593465410014162,0.3548981066071122,0.9999847412109375,0.0019776634261685147,0.0
7965,543,389.52805,989.9716,-0.011435127,16.296713,6.0568604,2.8944014e-06,17.385868072509766,-0.0026839340066561815,-0.0006654262334831065,0.3441006195730085,0.9999847412109375,0.0013098822915156704,0.0
7966,544,390.3456,990.27594,-0.011437569,16.435051,6.003813,3.6191939e-06,17.497333526611328,-0.0024218789553923843,-0.0006715058609462157,0.336969772727726,0.9999847412109375,0.002248661356117264,0.0
7967,544,391.17053,990.5765,-0.011439666,16.574924,5.9444146,4.9877167e-06,17.608638763427734,-0.0022280005679602907,-0.0006766318608773865,0.33216017037807016,0.9999847412109375,0.0024970661203698487,0.0
7968,545,392.00253,990.8736,-0.011441422,16.711433,5.893488,1.8024444e-06,17.720191955566406,-0.002066080113609148,-0.0006808042332766191,0.3287848800125037,0.9999847412109375,0.00021723387620284102,0.0
7969,545,392.84137,991.16833,-0.011442947,16.840416,5.8642335,4.839897e-06,17.83224105834961,-0.0018817896262499896,-0.0006842612712443806,0.3264770179013547,0.9999847412109375,0.0,0.0
7970,546,393.68658,991.4617,-0.011444054,16.965204,5.846941,-5.0544736e-07,17.944494247436523,-0.0016793891233296424,-0.0006868838607397282,0.3249797887365121,0.9999847412109375,0.0,0.0
7971,546,394.53802,991.75433,-0.011444816,17.086254,5.840513,5.869865e-06,18.056901931762695,-0.0014748583516115568,-0.0006890296689783973,0.32401409323573577,0.9999847412109375,0.0,0.0
7972,546,395.39554,992.0469,-0.011445617,17.204033,5.8437185,2.0885468e-06,18.16942024230957,-0.0012751213998927766,-0.0006906985659232252,0.3233898482762212,0.9999847412109375,0.0,0.0
7973,547,396.25885,992.33954,-0.0114460755,17.31913,5.8548846,1.0967254e-06,18.282011032104492,-0.0010865696597337478,-0.000692009860670899,0.32298617963399245,0.9999847412109375,0.0,0.0
7974,547,397.12787,992.6329,-0.011446571,17.43212,5.872351,2.1982194e-06,18.3946533203125,-0.0009134639938228535,-0.0006930827972995242,0.3227235253714834,0.9999847412109375,0.0,0.0
7975,548,398.00253,992.92725,-0.011446915,17.543499,5.8946667,1.2779235e-06,18.507335662841797,-0.000758468278454567,-0.0006940364248314625,0.32255311635123196,0.9999847412109375,0.0,0.0
7976,548,398.8827,993.2228,-0.011447219,17.653673,5.920638,2.4032593e-06,18.620046615600586,-0.0006226469978419446,-0.0006947516942443522,0.3224417962176666,0.9999847412109375,0.0,0.0
7977,549,399.7683,993.51965,-0.0114474865,17.762957,5.9493265,5.912781e-07,18.7327823638916,-0.0005065331743144898,-0.0006953477195791362,0.3223687590247712,0.9999847412109375,0.0,0.0
7978,549,400.65945,993.81805,-0.011447792,17.871597,5.98001,9.012222e-07,18.845542907714844,-0.0004085288787088645,-0.000696062988992026,0.322320888704177,0.9999847412109375,0.0,0.0
7979,550,401.55597,994.11804,-0.011447983,17.979776,6.0121465,1.0871887e-06,18.958330154418945,-0.0003270361493524398,-0.0006965398352672857,0.3222899960355321,0.9999847412109375,0.0,0.0
7980,550,402.4579,994.4195,-0.011448326,18.08763,6.0453343,2.4366377e-06,19.07114028930664,-0.00025992452239173363,-0.0006971358606020698,0.32226922337902947,0.9999847412109375,0.0,0.0
7981,550,403.36523,994.7228,-0.011448555,18.195255,6.079276,4.1484833e-07,19.183975219726562,-0.00020559601989947186,-0.0006974935278178053,0.32225540823087473,0.9999847412109375,0.0,0.0
7982,551,404.27792,995.0277,-0.011448746,18.302723,6.1137576,1.6212463e-06,19.296831130981445,-0.00016192017802217236,-0.0006980895531525894,0.3222463201936548,0.9999847412109375,0.0,0.0
7983,551,405.19595,995.3344,-0.011448898,18.410086,6.148624,-4.9114226e-07,19.409709930419922,-0.00012676645976044908,-0.0006985663994278492,0.32224046123925665,0.9999847412109375,0.0,0.0
7984,552,406.11942,995.6429,-0.011449051,18.517378,6.183764,-2.1934508e-07,19.522607803344727,-9.853695220560915e-05,-0.000699043245703109,0.32223623347102615,0.9999847412109375,0.0,0.0
7985,552,407.04825,995.953,-0.011449317,18.624594,6.2190866,-1.7642975e-07,19.63549041748047,-7.669903126695939e-05,-0.0006995200919783687,0.32223406965264045,0.9999847412109375,0.0,0.0
7986,553,407.98242,996.26495,-0.011449394,18.731705,6.254522,-1.2636184e-06,19.74831199645996,-5.965480029045227e-05,-0.0006997585151159987,0.32223190583425476,0.9999847412109375,0.0,0.0
7987,553,408.92194,996.57874,-0.011449585,18.838696,6.290018,-3.4332274e-07,19.86103630065918,-4.5806358558378905e-05,-0.0007001161173131529,0.32223087385933236,0.9999847412109375,0.0,0.0
7988,554,409.86682,996.8942,-0.011449547,18.945559,6.3255424,-1.3923644e-06,19.973648071289062,-3.515373045270727e-05,-0.0007002352963726772,0.32223034122711436,0.9999847412109375,0.0,0.0
7989,554,410.817,997.2115,-0.0114497375,19.052284,6.361071,-3.862381e-07,20.08613395690918,-2.7164241086977563e-05,-0.0007002352963726772,0.3222298085948963,0.9999847412109375,0.0,0.0
7990,555,411.77252,997.53046,-0.011449661,19.158875,6.396589,-1.4162064e-06,20.198486328125,-2.077266056627939e-05,-0.0007001161173131529,0.3222292759626783,0.9999847412109375,0.0,0.0
7991,555,412.73343,997.8513,-0.011449508,19.265327,6.4320817,-1.7309188e-06,20.310699462890625,-1.5978958413152767e-05,-0.000699877694175523,0.3222287433304603,0.9999847412109375,0.0,0.0
7992,556,413.6996,998.1739,-0.011449356,19.371641,6.4675436,-2.388954e-06,20.422771453857422,-1.225053898253383e-05,-0.0006996392710378931,0.3222287433304603,0.9999847412109375,0.0,0.0
7993,556,414.67108,998.4982,-0.011449203,19.477818,6.5029716,-2.965927e-06,20.53470230102539,-9.054748722184742e-06,-0.0006991624247626333,0.3222287433304603,0.9999847412109375,0.0,0.0
7994,557,415.64792,998.82434,-0.011449051,19.583853,6.5383606,-3.4427642e-06,20.646488189697266,-6.92421731033302e-06,-0.0006988048225654791,0.3222287433304603,0.9999847412109375,0.0,0.0
7995,557,416.63004,999.1522,-0.01144886,19.689749,6.5737076,-2.5844574e-06,20.758127212524414,-6.92421731033302e-06,-0.0006988048225654791,0.3222287433304603,0.9999847412109375,0.0,0.0
7996,558,417.6174,999.48193,-0.011448707,19.795506,6.609012,-3.4475327e-06,20.86962127685547,-4.261056220253782e-06,-0.0006979703740930651,0.3222287433304603,0.9999847412109375,0.0,0.0
7997,558,418.6101,999.81335,-0.0114485165,19.901125,6.644272,-2.7513504e-06,20.98097038269043,-4.261056220253782e-06,-0.0006979703740930651,0.3222287433304603,0.9999847412109375,0.0,0.0
7998,559,419.60803,1000.1465,-0.011448287,20.006605,6.679487,-3.1900406e-06,21.092174530029297,-4.261056220253782e-06,-0.0006979703740930651,0.3222287433304603,0.9999847412109375,0.0,0.0
7999,559,420.61127,1000.48145,-0.011448097,20.111946,6.7146564,-3.4189225e-06,21.203229904174805,-1.5979023685712902e-06,-0.0006964206562077614,0.3222287433304603,0.9999847412109375,-4.48450565997499e-09,0.0
8000,560,421.61975,1000.8182,-0.0114479065,20.217148,6.74978,-2.5272368e-06,21.31414031982422,-1.5979023685712902e-06,-0.0006964206562077614,0.3222287433304603,0.9999847412109375,-0.0008151934730399377,0.0
8001,560,422.63345,1001.1566,-0.01144783,20.321127,6.788099,-1.001358e-06,21.424903869628906,6.1378749687166e-06,-0.0006953477195791362,0.32228516905605636,0.9999847412109375,-0.0037547113833722025,0.0
8002,561,423.65228,1001.49725,-0.011447563,20.421135,6.837665,-1.6498566e-06,21.53546905517578,4.127446591384379e-05,-0.0006947516942443522,0.3226260536755865,0.9999847412109375,-0.005431696903845158,0.0
8003,561,424.6761,1001.8403,-0.011447257,20.5191,6.8926964,-2.1791457e-06,21.645849227905273,9.740882292878227e-05,-0.000694155668909568,0.32342613384607355,0.9999847412109375,-0.005642277347124957,0.0
8004,562,425.70486,1002.186,-0.011447106,20.616535,6.948795,-2.9087066e-06,21.756086349487305,0.00015451474041311406,-0.0006935595785562027,0.32464263254250814,0.9999847412109375,-0.0016085704173578784,0.0
8005,562,426.73865,1002.53406,-0.011446762,20.718544,6.991098,-1.3113022e-06,21.86626434326172,0.00017188460069942073,-0.0006929635532214185,0.3258804365276633,0.9999847412109375,-1.9692916227827305e-05,0.0
8006,563,427.77756,1002.8843,-0.011446647,20.820896,7.031898,-5.340576e-07,21.976289749145508,0.00016281281812485053,-0.0006924867069461588,0.326823228843065,0.9999847412109375,0.0,0.0
8007,564,428.82147,1003.2369,-0.011446418,20.92205,7.0757675,-1.4495849e-06,22.086166381835938,0.00015572608534668325,-0.000692009860670899,0.32748102963231457,0.9999847412109375,0.0,0.0
8008,564,429.8704,1003.5916,-0.0114462655,21.022758,7.120467,-3.33786e-06,22.195886611938477,0.00015478476258125613,-0.0006914138353361149,0.32794015860424425,0.9999847412109375,0.0,0.0
8009,565,430.92438,1003.9488,-0.011445999,21.12344,7.164782,-6.198883e-07,22.305465698242188,0.00015497234118830883,-0.0006909369890608551,0.32826130254219416,0.9999847412109375,0.0,0.0
8010,565,431.9833,1004.3081,-0.01144577,21.224287,7.2081366,-8.1062313e-07,22.414897918701172,0.00015280798639932371,-0.0006904601427855954,0.32848610662771044,0.9999847412109375,0.0,0.0
8011,566,433.04733,1004.6696,-0.011445579,21.325378,7.250321,-7.009506e-07,22.524185180664062,0.00014710579180066553,-0.0006898641174508112,0.32864376576424315,0.9999847412109375,0.0,0.0
8012,566,434.1164,1005.0332,-0.011445312,21.426714,7.291325,-6.341934e-07,22.63332748413086,0.00013816585065432795,-0.0006893872711755515,0.32875451997607685,0.9999847412109375,0.0,0.0
8013,567,435.19058,1005.3988,-0.01144516,21.528263,7.331236,-2.9802322e-06,22.742321014404297,0.0001268025044364577,-0.0006887912458407674,0.3288322177008799,0.9999847412109375,0.0,0.0
8014,567,436.2698,1005.7663,-0.011444816,21.629988,7.370187,7.1525574e-07,22.851171493530273,0.00011406013849116624,-0.0006881952205059832,0.3288871453983628,0.9999847412109375,0.0,0.0
8015,568,437.3541,1006.13586,-0.011444702,21.731836,7.4083185,-1.2254715e-06,22.959875106811523,0.00010081158663580303,-0.0006877183742307235,0.3289259942607643,0.9999847412109375,0.0,0.0
8016,569,438.4435,1006.5073,-0.011444358,21.833754,7.445765,-1.9359588e-06,23.068424224853516,8.776452736389087e-05,-0.0006871222838773581,0.3289531585038831,0.9999847412109375,0.0,0.0
8017,569,439.538,1006.8806,-0.011444283,21.935715,7.482649,5.626678e-07,23.17683219909668,7.542124547062349e-05,-0.0006866455026206796,0.32897293247497694,0.9999847412109375,-0.00010869981824325192,0.0
8018,570,440.6376,1007.25574,-0.011443901,22.03753,7.5195036,7.9154967e-07,23.28509521484375,6.502839504287774e-05,-0.0006860494122673141,0.3289942377636976,0.9999847412109375,-0.0022092964684950985,0.0
8019,570,441.74222,1007.63293,-0.011443786,22.136465,7.5642743,4.9114226e-07,23.393190383911133,7.442186923941746e-05,-0.0006854533869325301,0.3291678425772571,0.9999847412109375,-0.006434254512121833,0.0
8020,571,442.85168,1008.01263,-0.011443519,22.229738,7.6246862,-9.202957e-07,23.50100326538086,0.0001275327199957239,-0.000684857361597746,0.3298469153657137,0.9999847412109375,-0.009059522968106061,0.0
8021,571,443.96585,1008.3952,-0.011443291,22.319536,7.6943164,-3.1518935e-06,23.608562469482422,0.00021375555926910172,-0.0006841420921848563,0.3312786640572539,0.9999847412109375,-0.007053919550537903,0.0
8022,572,445.0846,1008.7808,-0.011442909,22.41149,7.757499,-7.7724457e-07,23.716106414794922,0.0002845580472705723,-0.0006834268227719667,0.3332414137806423,0.9999847412109375,-0.0014105556290627706,0.0
8023,573,446.20813,1009.1692,-0.011442718,22.509295,7.8036685,-1.4829635e-06,23.82363510131836,0.00029599218246883374,-0.0006829499764967068,0.33509597258474627,0.9999847412109375,-1.456227817318574e-05,0.0
8024,573,447.33643,1009.5601,-0.011442527,22.606323,7.8515143,-1.2302398e-06,23.930986404418945,0.0002822373065389135,-0.0006825923742995526,0.3364957633432055,0.9999847412109375,0.0,0.0
8025,574,448.46957,1009.95355,-0.011442337,22.70184,7.9031754,-2.5939942e-06,24.038171768188477,0.0002759816412669326,-0.0006821155280242929,0.3375003077063834,0.9999847412109375,0.0,0.0
8026,574,449.60733,1010.3498,-0.011442261,22.7969,7.9556723,-5.364418e-06,24.145214080810547,0.00027736413136113074,-0.000681638681749033,0.33822145844006324,0.9999847412109375,0.0,0.0
8027,575,450.74988,1010.74866,-0.011442032,22.892075,8.007357,-1.1348724e-06,24.25210952758789,0.00027866947690861546,-0.0006811618354737733,0.33873970958819266,0.9999847412109375,0.0,0.0
8028,576,451.89713,1011.1502,-0.011441726,22.987656,8.0574255,-3.452301e-06,24.358867645263672,0.00027523633326948194,-0.0006806849891985134,0.3391125854303174,0.9999847412109375,0.0,0.0
8029,576,453.0492,1011.5544,-0.011441497,23.083752,8.105566,-1.7547607e-06,24.465482711791992,0.0002656912966962688,-0.0006800889638637294,0.3393814981213881,0.9999847412109375,0.0,0.0
8030,577,454.2061,1011.9608,-0.0114413835,23.180376,8.151751,-1.6164779e-06,24.57195281982422,0.00025061496686534654,-0.0006796121175884696,0.3395754428277732,0.9999847412109375,0.0,0.0
8031,577,455.36783,1012.36957,-0.011441078,23.277485,8.196102,-1.2302398e-06,24.67827796936035,0.0002314095995196287,-0.0006791352713132098,0.33971545852208407,0.9999847412109375,0.0,0.0
8032,578,456.53445,1012.78046,-0.011441002,23.375013,8.238818,3.671646e-07,24.78445816040039,0.0002097108183449626,-0.0006785392459784257,0.33981725785475236,0.9999847412109375,-0.0015788432842664118,0.0
8033,579,457.70584,1013.19366,-0.011440849,23.470667,8.286344,-4.196167e-07,24.890474319458008,0.00020068643431616061,-0.0006780623997031659,0.33999988412650456,0.9999847412109375,-0.010866718803316435,0.0
8034,579,458.88174,1013.61,-0.011440468,23.553425,8.36837,-6.6280364e-07,24.995866775512695,0.0002763669413797209,-0.0006772279512307519,0.34095602553687027,0.9999847412109375,-0.01561142446314963,0.0
8035,580,460.06195,1014.0302,-0.011439857,23.630173,8.465499,2.7179718e-07,25.100791931152344,0.000419362697345976,-0.0006760358355426024,0.34325912724757074,0.9999847412109375,-0.013026862713251085,0.0
8036,581,461.24615,1014.45465,-0.011439476,23.709757,8.554759,-3.0851363e-06,25.205881118774414,0.0005452189701141184,-0.0006750821429920828,0.34660558889433707,0.9999847412109375,-0.004549646372461948,0.0
8037,581,462.4346,1014.8828,-0.011439323,23.798306,8.619821,-1.282692e-06,25.311275482177734,0.0005835944322251984,-0.0006746053617354043,0.35000907547794474,0.9999847412109375,-7.648696191608906e-05,0.0
8038,582,463.6274,1015.3142,-0.011439285,23.888613,8.679478,-4.1294097e-06,25.416513442993164,0.0005639400953209535,-0.0006743669385977744,0.3527280963718884,0.9999847412109375,0.0,0.0
8039,582,464.82452,1015.7492,-0.011439285,23.975739,8.747127,-3.77655e-06,25.521526336669922,0.0005493365968678957,-0.0006741285154601446,0.3547196082350496,0.9999847412109375,0.0,0.0
8040,583,466.02594,1016.18787,-0.011439094,24.061735,8.817243,-8.869171e-07,25.626371383666992,0.0005506813761849393,-0.0006738900923225147,0.3561769232730546,0.9999847412109375,0.0,0.0
8041,584,467.23154,1016.6303,-0.011439018,24.147852,8.886492,-3.1423567e-06,25.731081008911133,0.0005546480948115176,-0.0006735324251067791,0.3572448175806628,0.9999847412109375,0.0,0.0
8042,584,468.44144,1017.0762,-0.0114387125,24.234755,8.953116,-3.4999846e-06,25.83566665649414,0.000551335463112825,-0.0006732940019691493,0.3580273208879553,0.9999847412109375,0.0,0.0
8043,585,469.65564,1017.52527,-0.011438636,24.32275,9.016325,-3.8194657e-06,25.94013023376465,0.0005368977620420842,-0.0006726979766343652,0.3586014651294627,0.9999847412109375,0.0,0.0
8044,586,470.87433,1017.97754,-0.011438446,24.411936,9.075903,-1.3923644e-06,26.04447364807129,0.000511564572209868,-0.000672340374437211,0.35902274392439965,0.9999847412109375,0.0,0.0
8045,586,472.0974,1018.43274,-0.011438293,24.502268,9.1319685,-7.724762e-07,26.14868927001953,0.0004775123256066383,-0.0006718635281619512,0.35933273587528486,0.9999847412109375,0.0,0.0
8046,587,473.32507,1018.8906,-0.011437988,24.593649,9.184814,-7.1525574e-07,26.252779006958008,0.00043758483745061843,-0.0006712675028271671,0.3595612683863273,0.9999847412109375,0.0,0.0
8047,588,474.55734,1019.3511,-0.011437759,24.685932,9.234809,-8.9645386e-07,26.356725692749023,0.0003945734204556314,-0.0006707906565519073,0.3597290475350023,0.9999847412109375,0.0,0.0
8048,588,475.79422,1019.814,-0.011437569,24.778976,9.28234,1.5878677e-06,26.460527420043945,0.00035080863315911247,-0.0006703138102766475,0.35985255163055474,0.9999847412109375,0.0,0.0
8049,589,477.03574,1020.27936,-0.011437378,24.872646,9.327774,-2.117157e-06,26.564186096191406,0.00030804861050872485,-0.0006698369640013878,0.3599441976615671,0.9999847412109375,0.0,0.0
8050,590,478.28198,1020.74695,-0.0114373015,24.966824,9.37145,1.0204315e-06,26.66770362854004,0.0002676152127716037,-0.0006693601177261279,0.3600113093210371,0.9999847412109375,0.0,0.0
8051,590,479.53293,1021.21655,-0.011437111,25.061386,9.41367,-3.480911e-07,26.77107048034668,0.0002303229602249944,-0.0006687640923913438,0.3600614100390442,0.9999847412109375,0.0,0.0
8052,591,480.78864,1021.6884,-0.011436729,25.156242,9.454682,-8.34465e-07,26.874292373657227,0.00019655417838159066,-0.000668287246116084,0.36009812837257366,0.9999847412109375,0.0,0.0
8053,592,482.04904,1022.16223,-0.011436615,25.25131,9.494707,1.630783e-06,26.97736358642578,0.00016651224536370132,-0.0006676912207812999,0.3601258585374241,0.9999847412109375,0.0,0.0
8054,592,483.3142,1022.63794,-0.011436462,25.346523,9.533923,1.5735626e-06,27.080286026000977,0.00014013892077712622,-0.0006672143745060402,0.3601460985617087,0.9999847412109375,2.5962132318296842e-05,0.0
8055,593,484.58417,1023.11566,-0.011436233,25.44186,9.572378,7.8201293e-07,27.183059692382812,0.00011703010601175845,-0.0006667375282307803,0.3601594143671591,0.9999847412109375,0.00043466267847507337,0.0
8056,594,485.8589,1023.5953,-0.011435966,25.537838,9.608701,-6.67572e-07,27.28567886352539,9.353817738339859e-05,-0.0006661415028959963,0.36013757644622046,0.9999847412109375,0.0014512406969950035,0.0
8057,594,487.13846,1024.0767,-0.011435661,25.635288,9.640685,1.206398e-06,27.388151168823242,6.2891888524996e-05,-0.0006656646566207365,0.3600001573339724,0.9999847412109375,0.001780641921567604,0.0
8058,595,488.4229,1024.5597,-0.011435661,25.73319,9.671038,-2.1600722e-06,27.4904727935791,2.910225806713206e-05,-0.0006651878103454767,0.3597023493450743,0.9999847412109375,0.0019625570865314337,0.0
8059,596,489.7122,1025.0442,-0.01143528,25.831562,9.699713,-1.2254715e-06,27.59264373779297,-4.261056220253782e-06,-0.0006647109640702169,0.3592555707826998,0.9999847412109375,0.0019857517434616057,0.0
8060,596,491.0064,1025.5302,-0.011435127,25.930346,9.7268305,-6.532669e-07,27.694656372070312,-3.5686342352416466e-05,-0.0006641149387354327,0.35868615365212725,0.9999847412109375,0.0010956671007342506,0.0
8061,597,492.30554,1026.0175,-0.011434898,26.028347,9.755624,-8.5830686e-07,27.79652976989746,-5.912216807243643e-05,-0.000663638092460173,0.358084845167501,0.9999847412109375,0.0,0.0
8062,598,493.60956,1026.5063,-0.011434821,26.125368,9.786623,-2.5463103e-06,27.89826011657715,-6.977481243275338e-05,-0.0006632804252444375,0.3575782453491407,0.9999847412109375,0.0,0.0
8063,599,494.91852,1026.9966,-0.011434479,26.222862,9.815922,-1.9598008e-06,27.999835968017578,-7.723165535765258e-05,-0.0006626843999096534,0.3571984785776954,0.9999847412109375,0.0,0.0
8064,599,496.23233,1027.4884,-0.01143425,26.320438,9.84458,-1.9502638e-06,28.101268768310547,-8.575377897322881e-05,-0.0006622075536343936,0.35691302099835254,0.9999847412109375,0.0,0.0
8065,600,497.551,1027.9816,-0.011434173,26.417856,9.873228,-1.6021728e-06,28.20254898071289,-9.321062189812802e-05,-0.0006616115282996096,0.35669890284671013,0.9999847412109375,0.0,0.0
8066,601,498.8745,1028.476,-0.011433944,26.514982,9.902226,-1.7261505e-06,28.303682327270508,-9.80043199875933e-05,-0.0006611346820243497,0.35653751528465133,0.9999847412109375,-3.6379788070914367e-12,0.0
8067,601,500.2029,1028.9719,-0.011433678,26.611752,9.931759,-8.4400176e-07,28.404666900634766,-9.960221664164085e-05,-0.00066065783574909,0.35641610842845733,0.9999847412109375,-4.114802318039885e-07,0.0
8068,602,501.53613,1029.4694,-0.011433525,26.708132,9.961899,-1.964569e-06,28.505502700805664,-9.80043199875933e-05,-0.0006601809894738301,0.35632446239744503,0.9999847412109375,-4.114802318039885e-07,0.0
8069,603,502.87418,1029.9684,-0.011433296,26.804125,9.99265,-2.4318695e-06,28.606191635131836,-9.427590258880503e-05,-0.0006597041431985704,0.3562552534986166,0.9999847412109375,-2.8026022391713817e-08,0.0
8070,604,504.217,1030.469,-0.011433181,26.899748,10.023973,-1.7261505e-06,28.70673179626465,-8.894956415400123e-05,-0.0006592273619418919,0.3562035215944418,0.9999847412109375,0.0,0.0
8071,604,505.5646,1030.9711,-0.011432952,26.995014,10.055819,-1.0108947e-06,28.80712127685547,-8.202535344711787e-05,-0.0006586312715885264,0.3561641400998222,0.9999847412109375,0.0,0.0
8072,605,506.917,1031.4747,-0.011432762,27.089952,10.0881195,-1.6927719e-06,28.907363891601562,-7.456849426757334e-05,-0.0006582736693913723,0.35613431269561335,0.9999847412109375,0.0,0.0
8073,606,508.27405,1031.9801,-0.011432533,27.18459,10.12081,-2.2268296e-06,29.00745964050293,-6.657901099733562e-05,-0.0006576776440565882,0.356111908852943,0.9999847412109375,0.0,0.0
8074,606,509.63583,1032.487,-0.011432342,27.27894,10.153828,-1.3303757e-06,29.10740089416504,-5.9122172136097755e-05,-0.0006572007977813284,0.3560948313324529,0.9999847412109375,0.0,0.0
8075,607,511.0024,1032.9957,-0.0114321895,27.37304,10.187116,-7.9154967e-07,29.20720100402832,-5.166531702021456e-05,-0.0006567239515060686,0.35608208144873416,0.9999847412109375,0.0,0.0
8076,608,512.37366,1033.5059,-0.01143196,27.466892,10.220622,-5.626678e-07,29.306846618652344,-4.474110224966987e-05,-0.0006562471052308088,0.35607256064783716,0.9921417236328125,0.0,0.0
8077,609,513.7496,1034.0178,-0.01143177,27.56026,10.254204,7.486343e-07,29.406064987182617,-3.888216004247954e-05,-0.0006556510798960247,0.35606507050727126,0.9121417236328125,0.0,0.0
8078,609,515.1301,1034.5315,-0.011430702,27.650394,10.286795,-5.2928925e-07,29.501907348632812,-3.302319751698255e-05,-0.0006532668485197257,0.3560592115528731,0.8321417236328126,0.0,0.0
8079,610,516.515,1035.0468,-0.01142662,27.731901,10.316347,-1.1205673e-06,29.58860206604004,-2.8229503491178593e-05,-0.0006434916949326439,0.356054950495129,0.7521417236328126,0.0,0.0
8080,611,517.90356,1035.5632,-0.011417542,27.801289,10.341539,8.6307523e-07,29.662418365478516,-2.396844777888248e-05,-0.0006217956445383925,0.35605228733403893,0.6721417236328127,0.0,0.0
8081,612,519.29517,1036.0809,-0.0114023965,27.856483,10.36157,-1.2111664e-06,29.721134185791016,-2.0240022252771545e-05,-0.0005860328240797209,0.3560495908834352,0.5921417236328127,0.0,0.0
8082,612,520.68915,1036.5995,-0.011381683,27.89634,10.375994,1.4877319e-06,29.763517379760742,-1.7044229960591793e-05,-0.000536322575162607,0.35604799298678114,0.5121417236328127,0.0,0.0
8083,613,522.08466,1037.1184,-0.011355705,27.920307,10.3845825,1.1205673e-06,29.788976669311523,-1.4381069886427886e-05,-0.0004744529412821122,0.3560469943013724,0.4321417236328127,0.0,0.0
8084,614,523.481,1037.638,-0.011325378,27.928232,10.387273,3.5476685e-06,29.79734230041504,-1.1717900669025985e-05,-0.00040268894224572063,0.3560464616691544,0.3521417236328127,0.0,0.0
8085,615,524.87726,1038.1575,-0.011291695,27.920193,10.384078,6.4039227e-06,29.788694381713867,-9.58738094020059e-06,-0.0003229379631544714,0.35604589574742274,0.2721417236328127,0.0,0.0
8086,615,526.2727,1038.6763,-0.011255836,27.896475,10.3751,3.1375885e-06,29.763334274291992,-7.989484794110713e-06,-0.0002378225122304855,0.3560453631152047,0.19214172363281268,0.0,0.0
8087,616,527.66644,1039.1946,-0.011218337,27.857475,10.360474,4.038811e-06,29.721681594848633,-6.3915881400631705e-06,-0.00014901160020110816,0.3560453631152047,0.11214172363281268,0.0,0.0
8088,617,529.05786,1039.712,-0.011180039,27.80358,10.340333,3.2758712e-06,29.66414451599121,-5.326322180158476e-06,-5.829333964364362e-05,0.3560453631152047,0.032141723632812674,0.0,0.0
8089,618,530.4462,1040.2284,-0.011141357,27.735203,10.314828,3.1661987e-06,29.591167449951172,-4.261057490147948e-06,3.3497808778510135e-05,0.3560453631152047,0.0,0.0,0.0
8090,618,531.83075,1040.7433,-0.011102981,27.653917,10.284539,3.929138e-06,29.50442123413086,-3.728422478364935e-06,0.00012409686183082106,0.3560453631152047,0.0,0.0,0.0
8091,619,533.21094,1041.2567,-0.0110665895,27.563889,10.251014,4.196167e-06,29.408353805541992,-2.6631603281427384e-06,0.00021040438780634314,0.3560453631152047,0.0,0.0,0.0
8092,620,534.5865,1041.7683,-0.01103405,27.468834,10.2156315,3.0994415e-06,29.306926727294922,-2.1305278561480576e-06,0.0002876519889710597,0.3560453631152047,0.0,0.0,0.0
8093,620,535.9573,1042.2781,-0.01100647,27.371,10.179221,3.4427642e-06,29.202537536621094,-2.1305241734549762e-06,0.0003526210586221619,0.3560453631152047,0.0,0.0,0.0
8094,621,537.32306,1042.7859,-0.010984039,27.271702,10.14227,3.5333633e-06,29.096588134765625,-1.5978948761957104e-06,0.00040531156425035883,0.35604539640471833,0.0,0.0,0.0
8095,622,538.68396,1043.292,-0.0109664155,27.171703,10.105066,3.452301e-06,28.989891052246094,-1.0652657059258612e-06,0.0004467963774656946,0.3560453631152047,0.0,0.0,0.0
8096,623,540.03973,1043.7963,-0.010952759,27.071465,10.067775,3.1852721e-06,28.88294219970703,-1.0652657059258612e-06,0.000478863704309684,0.3560453631152047,0.0,0.0,0.0
8097,623,541.39056,1044.2986,-0.0109425355,26.971243,10.030495,4.1246412e-06,28.776010513305664,-5.326292337645575e-07,0.0005028247420021288,0.3560453298256911,0.0,0.0,0.0
8098,624,542.7363,1044.7991,-0.010934944,26.871202,9.993281,4.3058394e-06,28.669273376464844,-5.32621963620457e-07,0.0005209445753690945,0.3560453298256911,0.0,0.0,0.0
8099,625,544.07715,1045.2977,-0.01092945,26.771427,9.95617,3.8862227e-06,28.56281852722168,-5.326292337645575e-07,0.0005338191647267837,0.3560453298256911,0.0,0.0,0.0
8100,626,545.413,1045.7946,-0.010925636,26.671972,9.919179,3.0612946e-06,28.456708908081055,-5.326292337645575e-07,0.0005427598698414516,0.3560453298256911,0.0,0.0,0.0
8101,626,546.74384,1046.2894,-0.010923004,26.572866,9.8823185,3.6811828e-06,28.350969314575195,-5.326292972592657e-07,0.0005486011066762215,0.3560453298256911,0.0,0.0,0.0
8102,627,548.06976,1046.7826,-0.010921249,26.474125,9.845594,2.9754638e-06,28.24561882019043,0.0,0.0005528926581349783,0.3560453298256911,0.0,0.0,0.0
8103,628,549.39075,1047.2738,-0.010920143,26.37576,9.809011,3.2520293e-06,28.140670776367188,0.0,0.0005555152476303259,0.3560453298256911,0.0,0.0,0.0
8104,628,550.7069,1047.7633,-0.010919647,26.277773,9.77257,3.6525726e-06,28.0361270904541,0.0,0.0005555152476303259,0.3560453298256911,0.0,0.0,0.0
8105,629,552.0181,1048.2509,-0.010919418,26.180172,9.736269,3.9005276e-06,27.931995391845703,0.0,0.0005555152476303259,0.3560453298256911,0.0,0.0,0.0
8106,630,553.32446,1048.7368,-0.010919495,26.08295,9.700114,2.5701522e-06,27.82826805114746,0.0,0.0005555152476303259,0.3560453298256911,0.0,0.0,0.0
8107,630,554.6259,1049.2208,-0.010919799,25.986113,9.664099,3.4236907e-06,27.724950790405273,0.0,0.0005555152476303259,0.3560453298256911,0.0,1.0837902664206896e-07,0.0
8108,631,555.9226,1049.703,-0.010920257,25.889658,9.628226,3.1042098e-06,27.622041702270508,0.0,0.0005555152476303259,0.3560453298256911,0.0,1.1481076116810798e-06,0.0
8109,632,557.2144,1050.1835,-0.010920791,25.793581,9.59249,2.9420853e-06,27.519533157348633,0.0,0.0005555152476303259,0.3560453298256911,0.0,1.3406539006199345e-06,0.0
8110,633,558.50146,1050.6621,-0.010921402,25.697884,9.556896,1.988411e-06,27.417430877685547,-7.2759591523928e-12,0.0005522966328001942,0.35604479719347304,0.0,1.3406539006199345e-06,0.0
8111,633,559.78375,1051.139,-0.010922012,25.60256,9.521442,1.335144e-06,27.31572723388672,-7.2759591523928e-12,0.0005522966328001942,0.35604479719347304,0.0,1.3406539006199345e-06,0.0
8112,634,561.0612,1051.6141,-0.010922698,25.507614,9.486126,-1.04904174e-07,27.214426040649414,0.0,0.0005486011066762215,0.3560442978507687,0.0,2.4394834268643996e-06,0.0
8113,635,562.334,1052.0875,-0.0109235,25.413046,9.450943,1.2493133e-06,27.113523483276367,-7.2759591523928e-12,0.0005470513887909178,0.35604373192903704,0.0,1.0563983340506192e-05,0.0
8114,635,563.60205,1052.5591,-0.010924301,25.318861,9.415868,1.3828277e-06,27.01302146911621,7.275958183540438e-12,0.0005450248571396449,0.35604269995411464,0.0,4.285124458865587e-05,0.0
8115,636,564.8654,1053.0289,-0.010924949,25.225094,9.380805,1.630783e-06,26.912912368774414,-5.326365356560122e-07,0.0005433559276855263,0.35603840560685684,0.0,0.0002876222239759004,0.0
8116,637,566.1241,1053.497,-0.010925788,25.132046,9.344937,1.5735625e-07,26.81319808959961,-3.195804483163747e-06,0.0005416869657221171,0.3560133718926101,0.0,0.0006581880214774306,0.0
8117,637,567.3781,1053.9633,-0.010926704,25.039883,9.307813,-5.5789945e-07,26.71387481689453,-9.58738398794659e-06,0.0005395412225020293,0.35593614022099784,0.0,0.001193810219263014,0.0
8118,638,568.6276,1054.4276,-0.010927353,24.948862,9.268727,-9.4890595e-07,26.614940643310547,-2.1837929065972417e-05,0.0005378722930479107,0.35576466593631034,0.0,0.0014545288813062004,0.0
8119,639,569.8725,1054.89,-0.010928269,24.858643,9.228583,-1.964569e-06,26.516387939453125,-3.7284263388432e-05,0.0005358457288873471,0.35547917506745386,0.0,0.001491027297323955,0.0
8120,639,571.1129,1055.3505,-0.0109290695,24.76905,9.187861,-4.2438505e-06,26.41822624206543,-5.32632136742621e-05,0.0005338191647267837,0.3550946146060464,0.0,0.001491027297323955,0.0
8121,640,572.3489,1055.8088,-0.010929947,24.680155,9.146356,-5.5217743e-06,26.320446014404297,-6.977482056007604e-05,0.0005321502352726651,0.3546344536591943,0.0,0.001491027297323955,0.0
8122,641,573.5804,1056.2653,-0.010930671,24.592009,9.103914,-2.746582e-06,26.223047256469727,-8.6286403063922e-05,0.0005300044595432867,0.3541193650148594,0.0,0.001491027297323955,0.0
8123,641,574.80756,1056.7194,-0.010931663,24.504614,9.060527,-2.8848647e-06,26.126026153564453,-0.00010333065029507444,0.0005283355300891681,0.35356326368973723,0.0,0.0015349428458144119,0.0
8124,642,576.0303,1057.1714,-0.010932311,24.418003,9.016095,-2.9087066e-06,26.02938461303711,-0.00012144011319832261,0.0005261897868690802,0.3529747383783433,0.0,0.0015349428458144119,0.0
8125,643,577.2488,1057.6211,-0.010933113,24.33206,8.970914,-2.9802322e-06,25.933115005493164,-0.00013954960861086143,0.0005246400689837766,0.3523606134309711,0.0,0.0015727688141948567,0.0
8126,643,578.4629,1058.0686,-0.010934067,24.246803,8.924944,-4.196167e-06,25.837223052978516,-0.00015712648806002973,0.0005224942932543982,0.3517257491166098,0.0,0.002113955390217081,0.0
8127,644,579.67285,1058.5139,-0.010934753,24.162888,8.876357,-2.2745132e-06,25.741695404052734,-0.00017896444150797012,0.0005209445753690945,0.3510365230264973,0.0,0.002685623575410446,0.0
8128,644,580.8786,1058.9565,-0.010935478,24.080256,8.825283,-1.5258788e-06,25.646526336669922,-0.00020559601989947186,0.000518918011208531,0.3502429343111673,0.0,0.004857205380059739,0.0
8129,645,582.0802,1059.3965,-0.010936355,24.001133,8.765469,-2.2172928e-06,25.55167007446289,-0.00025086979094010955,0.0005172490817544124,0.3491973439776886,0.0,0.007406104760113786,0.0
8130,646,583.2779,1059.8335,-0.010937003,23.925877,8.695689,2.670288e-07,25.457073211669922,-0.00032170985968157196,0.0005155801523002938,0.3476884301935633,0.0,0.008312418594065637,0.0
8131,646,584.4719,1060.2671,-0.010937691,23.852438,8.6215925,-8.916855e-07,25.36277961730957,-0.00040480048569204423,0.0005134343765709154,0.3456548403851788,0.0,0.00840214676340852,0.0
8132,647,585.66223,1060.6969,-0.010938492,23.780354,8.544486,-1.8405914e-06,25.268823623657227,-0.00048576051781187173,0.0005118846586856117,0.3431897851906878,0.0,0.00840214676340852,0.0
8133,648,586.8489,1061.123,-0.010939178,23.709953,8.463338,-3.9482115e-06,25.175186157226562,-0.0005645900860782172,0.0005102157292314931,0.34040628250885063,0.0,0.00840214676340852,0.0
8134,648,588.0321,1061.5449,-0.010939903,23.641361,8.377659,-3.838539e-06,25.08184814453125,-0.0006434197843817253,0.0005086660113461894,0.337394247315971,0.0,0.00840214676340852,0.0
8135,649,589.2119,1061.9625,-0.010940628,23.574497,8.287546,-1.7642974e-06,24.98880386352539,-0.0007233145520655211,0.0005066394471856259,0.3342182279789698,0.0,0.00840214676340852,0.0
8136,650,590.38837,1062.3757,-0.010941353,23.509176,8.193411,-1.039505e-06,24.89605140686035,-0.0008021441203318665,0.0005049705177315073,0.3309255288967094,0.0,0.00840214676340852,0.0
8137,650,591.56165,1062.784,-0.010942077,23.445168,8.095814,-1.3160706e-06,24.803590774536133,-0.0008793756619070018,0.0005034207998462036,0.32755183642779706,0.0,0.00840214676340852,0.0
8138,651,592.7317,1063.1874,-0.010942993,23.382238,7.995352,-5.245209e-07,24.711429595947266,-0.0009523463407937543,0.0005011558125480102,0.324122217575993,0.0,0.00840214676340852,0.0
8139,651,593.8987,1063.5856,-0.010943679,23.320158,7.892616,-1.7261505e-06,24.61956787109375,-0.001019457740189426,0.0004996060946627066,0.3206547818367098,0.0,0.00840214676340852,0.0
8140,652,595.0625,1063.9786,-0.010944481,23.258738,7.7881436,-8.153915e-07,24.528026580810547,-0.0010807105102798296,0.000497937165208588,0.3171645094910792,0.0,0.00840214676340852,0.0
8141,653,596.2233,1064.3665,-0.010945053,23.197794,7.6824093,5.197525e-07,24.436796188354492,-0.0011345066243737556,0.0004963874473232843,0.3136591902852897,0.0,0.00840214676340852,0.0
8142,653,597.3811,1064.7491,-0.010945892,23.13719,7.575825,-1.5163421e-06,24.345895767211914,-0.0011808452372296463,0.0004949569410067956,0.3101471133082341,0.0,0.00840214676340852,0.0
8143,654,598.5359,1065.1263,-0.01094654,23.076809,7.468731,-4.1484833e-07,24.25533103942871,-0.0012207929136551603,0.0004928111652774171,0.3066333385659835,0.0,0.00840214676340852,0.0
8144,654,599.6876,1065.4983,-0.010947304,23.016552,7.3614144,-2.1791457e-06,24.16510009765625,-0.0012532834789541268,0.0004911422358232985,0.30312169435260505,0.0,0.00840214676340852,0.0
8145,655,600.8363,1065.8647,-0.010948028,22.95635,7.254108,-1.1348724e-06,24.075218200683594,-0.0012799150898549193,0.0004894733063691798,0.2996143111969707,0.0,0.00840214676340852,0.0
8146,656,601.98206,1066.226,-0.0109486,22.896137,7.147001,-2.4175642e-06,23.98567771911621,-0.0013012205086127158,0.0004878043769150612,0.2961128868642754,0.0,0.00840214676340852,0.0
8147,656,603.1248,1066.5818,-0.010949439,22.835873,7.040238,-5.483627e-07,23.896484375,-0.0013171994751531911,0.00048625465902975756,0.29261938543582305,0.0,0.00840214676340852,0.0
8148,657,604.2645,1066.9323,-0.01095005,22.775522,6.9339414,-3.5285948e-06,23.807645797729492,-0.0013294501462047183,0.00048458572957563894,0.2891343395438317,0.0,0.00840214676340852,0.0
8149,657,605.4012,1067.2773,-0.010950813,22.715055,6.828202,-1.888275e-06,23.71915054321289,-0.0013374394994377934,0.00048255916541507543,0.28565894761079197,0.0,0.00840214676340852,0.0
8150,658,606.5349,1067.6172,-0.010951538,22.654463,6.7230906,-1.2350082e-06,23.631010055541992,-0.001342765821617952,0.0004810094475297718,0.2821930764786492,0.0,0.00840214676340852,0.0
8151,659,607.6655,1067.952,-0.010952149,22.593725,6.618661,-1.4781951e-06,23.543216705322266,-0.0013448963504900152,0.00047934051807565315,0.2787368759502148,0.0,0.00840214676340852,0.0
8152,659,608.79315,1068.2815,-0.010952873,22.532839,6.514954,-1.5592575e-06,23.45577621459961,-0.0013448964805271779,0.00047779080019034944,0.2752913114213839,0.0,0.00840214676340852,0.0
8153,660,609.9177,1068.6058,-0.01095356,22.471794,6.411999,-1.6212463e-06,23.368680953979492,-0.0013432984538359677,0.0004761218707362308,0.2718557836809113,0.0,0.00840214676340852,0.0
8154,660,611.03925,1068.9249,-0.010954322,22.410593,6.3098207,-2.0885468e-06,23.28193473815918,-0.0013406352927458885,0.0004744529412821122,0.2684304924658786,0.0,0.00840214676340852,0.0
8155,661,612.15765,1069.239,-0.010955048,22.349236,6.2084317,-2.0503996e-06,23.195537567138672,-0.0013358416027837458,0.00047290322339680853,0.2650157706714222,0.0,0.00840214676340852,0.0
8156,661,613.27313,1069.5481,-0.010955772,22.287716,6.107846,-1.1205673e-06,23.109479904174805,-0.0013305151505664248,0.0004712342939426899,0.2616117181660829,0.0,0.00840214676340852,0.0
8157,662,614.38544,1069.8522,-0.010956535,22.226044,6.0080667,-1.3923644e-06,23.023767471313477,-0.0013246564562425756,0.00046932694135094137,0.2582177690281291,0.0,0.00840214676340852,0.0
8158,663,615.4947,1070.1511,-0.010957183,22.16422,5.909101,-1.335144e-06,22.938400268554688,-0.001317732107371207,0.00046765801189682275,0.2548344558897788,0.0,0.00840214676340852,0.0
8159,663,616.6008,1070.4453,-0.010957871,22.102251,5.8109484,-9.059906e-08,22.85337257385254,-0.0013108077584998384,0.0004661082940115191,0.2514618786195729,0.0,0.00840214676340852,0.0
8160,664,617.70386,1070.7346,-0.010958633,22.040136,5.7136097,-1.0156631e-06,22.76868438720703,-0.0013033509074476166,0.00046443936455740047,0.24809933813772525,0.0,0.00840214676340852,0.0
8161,664,618.80383,1071.0189,-0.01095932,21.977882,5.6170816,-9.584427e-07,22.6843318939209,-0.0012953615542145415,0.0004628896466720968,0.24474750023450834,0.0,0.00840214676340852,0.0
8162,665,619.90063,1071.2986,-0.010960006,21.915493,5.5213656,-3.5524367e-06,22.600317001342773,-0.0012873720709443038,0.00046122071721797813,0.24140579898819053,0.0,0.00840214676340852,0.0
8163,665,620.9944,1071.5734,-0.010960732,21.852974,5.426456,-1.0871887e-06,22.51663589477539,-0.00127884995545605,0.0004595517877638595,0.23807471709671943,0.0,0.00840214676340852,0.0
8164,666,622.08496,1071.8435,-0.010961418,21.790327,5.332352,-9.727478e-07,22.433286666870117,-0.0012708603421486499,0.00045800206987855585,0.23475372192787697,0.0,0.002608373066887411,0.0
8165,667,623.1723,1072.1094,-0.010962181,21.722364,5.2621055,6.67572e-07,22.350635528564453,-0.0012128036904592476,0.0004564523519932522,0.23183491401790696,0.0,4.505450385391442e-06,0.0
8166,667,624.25635,1072.3718,-0.01096302,21.652597,5.2007246,-2.670288e-07,22.26841926574707,-0.0011169296311420698,0.00045382972998861393,0.2296623072006203,0.0,0.0,0.0
8167,668,625.3369,1072.6307,-0.010964012,21.582888,5.14018,2.002716e-06,22.186538696289062,-0.001022653728553265,0.00045228001210331027,0.2281432401148391,0.0,0.0,0.0
8168,668,626.41406,1072.8866,-0.010964965,21.512497,5.083693,1.2302398e-06,22.105010986328125,-0.0009363674392718601,0.00045001505731440757,0.22708276936876956,0.0,4.4746156146612806e-08,0.0
8169,669,627.4876,1073.1396,-0.010965538,21.441156,5.0325584,3.671646e-07,22.023847579956055,-0.0008527441160247908,0.00044834612786028895,0.22634450782508597,0.0,7.218249402909229e-05,0.0
8170,669,628.5576,1073.3903,-0.010966186,21.368896,4.9867005,3.3330916e-06,21.943038940429688,-0.0007691209878334653,0.0004467963774656946,0.22582627332171334,0.0,0.0005421224856810887,0.0
8171,670,629.6241,1073.6385,-0.0109670255,21.29617,4.944189,-7.152557e-08,21.862565994262695,-0.0006892260901125069,0.0004446506342456068,0.22542523455106106,0.0,0.0014669038057175958,0.0
8172,670,630.6868,1073.8848,-0.01096775,21.223494,4.9027376,1.335144e-07,21.782413482666016,-0.0006194513345710121,0.0004432201279291181,0.2250198847883942,0.0,0.0020491852124235447,0.0
8173,671,631.746,1074.129,-0.0109684365,21.150696,4.863138,2.5081633e-06,21.70258140563965,-0.0005597964611346558,0.0004415511984749995,0.22452558544531867,0.0,0.0022082096085550115,0.0
8174,671,632.80145,1074.3715,-0.010969086,21.077646,4.8259687,1.04904174e-07,21.623069763183594,-0.0005065332393330711,0.00044000144808040517,0.22393063525779497,0.0,0.0022082096085550115,0.0
8175,672,633.8532,1074.612,-0.010969772,21.004477,4.7906632,2.7513504e-06,21.543874740600586,-0.0004585962746930635,0.00043833251862628655,0.22325900267563378,0.0,0.0022082096085550115,0.0
8176,673,634.90137,1074.851,-0.010970458,20.93138,4.756353,2.7894973e-06,21.464984893798828,-0.0004170510267064087,0.00043678280074098283,0.22253410687167102,0.0,0.002272946336835211,0.0
8177,673,635.94586,1075.0881,-0.0109711075,20.858528,4.722278,2.989769e-06,21.38640022277832,-0.0003834951969714103,0.0004351138712868642,0.22176976299406148,0.0,0.002272946336835211,0.0
8178,674,636.9867,1075.3236,-0.010971756,20.785915,4.6884637,3.2758712e-06,21.308120727539062,-0.00035739621828863376,0.0004334449418327456,0.22097560835699984,0.0,0.002272946336835211,0.0
8179,674,638.0239,1075.5575,-0.010972442,20.713581,4.654735,2.875328e-06,21.23014259338379,-0.00033715622651332223,0.00043189522394744193,0.2201612136956536,0.0,0.002272946336835211,0.0
8180,675,639.05756,1075.7896,-0.010973015,20.641531,4.621021,1.578331e-06,21.152462005615234,-0.00032224249189958783,0.00043034550606213827,0.21933458513804982,0.0,0.002272946336835211,0.0
8181,675,640.0876,1076.02,-0.010973778,20.569773,4.587306,1.9454956e-06,21.075077056884766,-0.0003115898475392709,0.00042879578817683455,0.218499417820201,0.0,0.002272946336835211,0.0
8182,676,641.1141,1076.2489,-0.010974388,20.498308,4.553605,9.3936916e-07,20.99799919128418,-0.0003036003317597425,0.0004272460702915309,0.21765995615509437,0.0,0.002319792885042705,0.0
8183,676,642.1369,1076.476,-0.010974999,20.427155,4.519756,4.5776366e-07,20.921205520629883,-0.00029880664179759986,0.000426173198681487,0.21681520145732125,0.0,0.004304340475317546,0.0
8184,677,643.15625,1076.7012,-0.01097557,20.357983,4.477978,-8.2015987e-07,20.84465789794922,-0.0003126551119753026,0.0004245042692273684,0.21582821731258106,0.0,0.005956655231537579,0.0
8185,677,644.1722,1076.9243,-0.010976219,20.29024,4.430632,-1.6593933e-06,20.768348693847656,-0.00034674354141902615,0.0004228353397732498,0.21453555220897022,0.0,0.006719923931415022,0.0
8186,678,645.1847,1077.1451,-0.010976753,20.223238,4.380893,-2.5177e-06,20.692306518554688,-0.00038935415136958463,0.00042176243565391524,0.21290196919631563,0.0,0.007323628593305196,0.0
8187,678,646.19385,1077.3635,-0.010977363,20.157078,4.3282175,-1.2350082e-06,20.616527557373047,-0.0004340952901922065,0.0004202127177686115,0.21095999212942984,0.0,0.007430479756254595,0.0
8188,679,647.1997,1077.5793,-0.010977936,20.091496,4.27382,-2.350807e-06,20.541025161743164,-0.00047883636399624705,0.00041866299988330786,0.20877352022971798,0.0,0.007430479756254595,0.0
8189,679,648.2023,1077.7924,-0.010978622,20.02652,4.2174935,-2.4938583e-06,20.465795516967773,-0.000520914309219499,0.000417590128273264,0.2064192358918175,0.0,0.007430479756254595,0.0
8190,680,649.20166,1078.0027,-0.010979309,19.96216,4.159088,-5.302429e-06,20.390827178955078,-0.000561926924988138,0.0004160404103879603,0.20395319865667455,0.0,0.008734860062995673,0.0
8191,680,650.1978,1078.2098,-0.010979805,19.899366,4.093559,-2.6750563e-06,20.31605339050293,-0.0006130597479548219,0.00041437148093384165,0.20132517464822755,0.0,0.01659612099183505,0.0
8192,681,651.191,1078.4132,-0.010980301,19.842512,3.9959853,-1.6880035e-06,20.24087905883789,-0.0007318366675537747,0.0004132985768145071,0.19800206559526987,0.0,0.020217161806825864,0.0
8193,681,652.18134,1078.6118,-0.0109804915,19.787497,3.886855,-5.917549e-06,20.165630340576172,-0.0008948219962294614,0.000412821763048538,0.19359504997864993,0.0,0.021301278430835936,0.0
8194,682,653.16876,1078.8052,-0.010980682,19.733076,3.7731159,-3.671646e-06,20.09056282043457,-0.0010572749527614576,0.0004123449167732782,0.18821493194447186,0.0,0.021301278430835936,0.0
8195,682,654.15344,1078.993,-0.010981216,19.679094,3.6554778,1.1157989e-06,20.01572608947754,-0.0012032163105349623,0.00041174885892920345,0.1821317726720265,0.0,0.02156829953929385,0.0
8196,683,655.1355,1079.175,-0.010981407,19.625904,3.5309134,-3.056526e-06,19.94099998474121,-0.001339037396091841,0.0004106759873191596,0.17556275294820978,0.0,0.007988029187742995,0.0
8197,683,656.1147,1079.3522,-0.01098217,19.5652,3.4541576,7.7724457e-07,19.86777114868164,-0.0013539512282334473,0.00040900705786504096,0.1695684766771458,0.0,6.760625687884936e-06,0.0
8198,684,657.0908,1079.5253,-0.010983123,19.501432,3.3967888,-1.7499923e-06,19.79505157470703,-0.0012623383566975589,0.00040686128213566255,0.1651582819119746,0.0,0.011196979076267145,0.0
8199,684,658.06415,1079.6934,-0.010983886,19.4459,3.2865176,-1.5878677e-06,19.721670150756836,-0.001263403491096428,0.00040531156425035883,0.161448515158251,0.0,0.04293919394784233,0.0
8200,685,659.0349,1079.854,-0.010982971,19.40156,3.0693405,-3.1614302e-06,19.642845153808594,-0.0015483619878092316,0.00040686128213566255,0.15583453829085037,0.0,0.056043810775991854,0.0
8201,685,660.0031,1080.0042,-0.010980415,19.357155,2.819273,-4.8923494e-06,19.561384201049805,-0.00200642517515421,0.000412821763048538,0.1465193334299712,0.0,0.05968623161970754,0.0
8202,686,660.969,1080.1433,-0.010977669,19.310713,2.563411,-5.5313108e-06,19.48011016845703,-0.0024501084629472243,0.00041913984615856765,0.13388630422642248,0.0,0.06067031049058616,0.0
8203,686,661.93243,1080.2703,-0.010975609,19.262367,2.2973146,-8.687973e-06,19.39887809753418,-0.002838397089806452,0.00042390821138329365,0.118786688510756,0.0,0.06095770299748226,0.0
8204,687,662.89343,1080.3844,-0.010974311,19.211681,2.0157638,-7.1907043e-06,19.317142486572266,-0.0031899343536969113,0.0004277229165667907,0.10196611313154509,0.0,0.06095770299748226,0.0
8205,687,663.85187,1080.4845,-0.010973091,19.157759,1.7172211,-7.2240828e-06,19.234567642211914,-0.0035222973778874507,0.0004298686597868784,0.0839823106000796,0.0,0.054491105339509426,0.0
8206,688,664.80756,1080.57,-0.010973129,19.10019,1.4249095,-9.183884e-06,19.15326499938965,-0.0037955374456552556,0.00043034550606213827,0.065605396363394,0.0,0.05197935442678293,0.0
8207,688,665.7604,1080.6406,-0.010973472,19.038504,1.1239702,-1.0170937e-05,19.071653366088867,-0.004023503774891713,0.00042879578817683455,0.04740533682903567,0.0,0.05344781576194064,0.0
8208,688,666.71014,1080.6958,-0.01097393,18.97151,0.8051953,-8.597373e-06,18.988590240478516,-0.004250405099766464,0.00042831894190157476,0.029373071007514552,0.0,0.05364810602537773,0.0
8209,689,667.65656,1080.7345,-0.010973969,18.898943,0.47936264,-9.689331e-06,18.90502166748047,-0.004468251676934946,0.0004277229165667907,0.011407383172948107,0.0,0.05364810602537773,0.0
8210,689,668.5994,1080.757,-0.010974045,18.820723,0.15026614,-7.662773e-06,18.82132339477539,-0.0046621287639954136,0.00042831894190157476,-0.006497534134345439,0.0,0.05364810602537773,0.0
8211,690,669.5382,1080.7628,-0.010974007,18.736826,-0.17997,-7.576942e-06,18.737689971923828,-0.004824049998569532,0.00042831894190157476,-0.024338308790665508,0.0,0.050854043943898135,0.0
8212,690,670.4729,1080.7522,-0.010974121,18.648598,-0.5001276,-3.6907195e-06,18.655302047729492,-0.004935370132134844,0.00042831894190157476,-0.041951478360986824,0.0,0.002710462704491351,0.0
8213,691,671.4037,1080.7295,-0.010977287,18.573202,-0.6453937,5.788803e-06,18.58441162109375,-0.00464721558203962,0.00042235849349798993,-0.05641852257754303,0.0,0.0,0.0
8214,691,672.33044,1080.6975,-0.010981216,18.496288,-0.80011374,1.3861656e-05,18.513586044311523,-0.004198206882326586,0.000412821763048538,-0.06623540456995508,0.0,0.007415848351498074,0.0
8215,691,673.2533,1080.6555,-0.0109847635,18.415718,-0.9816701,1.2025833e-05,18.441864013671875,-0.0038743667538472756,0.00040423869264031496,-0.07326500135954417,0.0,0.02413141125687709,0.0
8216,692,674.1719,1080.6029,-0.010986481,18.328308,-1.2037207,8.015632e-06,18.367794036865234,-0.00374174133156133,0.00039947029490629835,-0.07979475610203901,0.0,0.03567566237168383,0.0
8217,692,675.08594,1080.5394,-0.0109865945,18.236275,-1.4362706,3.094673e-06,18.29274559020996,-0.0037289581583289494,0.0003983974232962544,-0.08746299556578592,0.0,0.03868733093572258,0.0
8218,693,675.9956,1080.4655,-0.010986137,18.143772,-1.6531817,3.7717818e-06,18.218931198120117,-0.0037183044736713317,0.00039947029490629835,-0.09659916110000609,0.0,0.039454699837278895,0.0
8219,693,676.90063,1080.3815,-0.01098587,18.050867,-1.8580371,3.3855438e-06,18.146242141723633,-0.003673564667729626,0.0004005431990256329,-0.1069009256643267,0.0,0.03973759575115073,0.0
8220,694,677.8011,1080.2878,-0.010985679,17.956734,-2.0575604,4.482269e-06,18.074230194091797,-0.003611779070365463,0.0004005431990256329,-0.11802557371596817,0.0,0.03973759575115073,0.0
8221,694,678.69684,1080.1844,-0.010985717,17.86079,-2.2554495,3.9863585e-06,18.002635955810547,-0.0035537221586017355,0.0004005431990256329,-0.12969895778784205,0.0,0.03973759575115073,0.0
8222,694,679.5879,1080.0712,-0.010986175,17.762564,-2.453979,2.5892257e-06,17.931276321411133,-0.0035105786888681265,0.00039947029490629835,-0.1417230968200362,0.0,0.03973759575115073,0.0
8223,695,680.474,1079.948,-0.010986556,17.661816,-2.653832,-3.33786e-07,17.860082626342773,-0.003485012342403366,0.0003983974232962544,-0.15396543196929188,0.0,0.03973759575115073,0.0
8224,695,681.35504,1079.815,-0.010987358,17.558468,-2.8548672,1.1110305e-06,17.789043426513672,-0.003475425482627731,0.0003967284938421358,-0.16633699701044366,0.0,0.04017198627144792,0.0
8225,696,682.2309,1079.6718,-0.010987854,17.452147,-3.0581374,2.7608871e-06,17.718059539794922,-0.003479686540371858,0.00039517877595683214,-0.17880590058943785,0.0,0.04048851330406721,0.0
8226,696,683.10144,1079.5184,-0.010988578,17.343039,-3.2623346,-1.3303757e-06,17.64720344543457,-0.0034945999824019763,0.0003935098465027135,-0.19136257197110695,0.0,0.04089791395625541,0.0
8227,697,683.9667,1079.3549,-0.010989036,17.23111,-3.4672234,-2.822876e-06,17.57648277282715,-0.0035143071143942375,0.00039255615395219394,-0.20400111891153916,0.0,0.04089791395625541,0.0
8228,697,684.8262,1079.1812,-0.010989723,17.116837,-3.670852,-2.7275084e-06,17.50603485107422,-0.003534014766535149,0.0003910064360668903,-0.21669647440697415,0.0,0.04089791395625541,0.0
8229,697,685.68,1078.9972,-0.010990334,17.000248,-3.8730893,-2.1934509e-06,17.435861587524414,-0.003549993473001299,0.0003893375066127716,-0.22941413387653856,0.0,0.04089791395625541,0.0
8230,698,686.52795,1078.8033,-0.010990982,16.88141,-4.0736856,-2.541542e-06,17.365970611572266,-0.003561711381797648,0.00038826463500272774,-0.24213146045096667,0.0,0.04089791395625541,0.0
8231,698,687.37006,1078.5994,-0.010991554,16.760418,-4.2723546,-2.2315978e-06,17.296377182006836,-0.003569701125142211,0.0003867149171174241,-0.2548334239148564,0.0,0.04089791395625541,0.0
8232,699,688.20605,1078.3855,-0.01099205,16.63737,-4.4688454,-3.581047e-06,17.22709083557129,-0.003572896658375981,0.0003856420455073802,-0.26750998747984955,0.0,0.04089791395625541,0.0
8233,699,689.03595,1078.1617,-0.010992698,16.512363,-4.662936,-2.5081633e-06,17.15812110900879,-0.0035728963983016554,0.0003839731160532616,-0.2801550591649524,0.0,0.04089791395625541,0.0
8234,700,689.8595,1077.9285,-0.01099327,16.385506,-4.8544445,-2.3651123e-06,17.0894832611084,-0.0035681032284881633,0.00038290021193392704,-0.29276446113620513,0.0,0.04089791395625541,0.0
8235,700,690.67676,1077.6855,-0.010993805,16.256887,-5.0432305,-2.3841858e-06,17.02117919921875,-0.0035606463774359417,0.0003812312824798084,-0.30533554687727427,0.0,0.04089791395625541,0.0
8236,700,691.48773,1077.4333,-0.010994338,16.126593,-5.2291875,-2.9611588e-06,16.953210830688477,-0.0035494608407832836,0.00038027762243857946,-0.3178667850705331,0.0,0.04089791395625541,0.0
8237,701,692.2921,1077.1719,-0.010994949,15.994704,-5.4122434,-2.3031234e-06,16.885583877563477,-0.0035356126631891967,0.0003787279045532758,-0.3303569772934911,0.0,0.04089791395625541,0.0
8238,701,693.0899,1076.9011,-0.010995483,15.861299,-5.592348,7.867813e-07,16.81829833984375,-0.0035196336966487212,0.0003771781866679721,-0.34280585723003926,0.0,0.04089791395625541,0.0
8239,702,693.881,1076.6216,-0.010996284,15.726449,-5.7694583,-1.6880035e-06,16.751354217529297,-0.003501523681087532,0.0003761052825486376,-0.3552127590899051,0.0,0.04089791395625541,0.0
8240,702,694.66547,1076.3333,-0.01099678,15.590219,-5.9435577,2.2935867e-06,16.68474769592285,-0.003481816809169596,0.0003744363530945189,-0.36757811563676557,0.0,0.04379346008861966,0.0
8241,702,695.4429,1076.0359,-0.010997161,15.448072,-6.124216,1.5735626e-06,16.61773109436035,-0.0034834144457493183,0.00037395950681925913,-0.38007929339922014,0.0,0.057130011036348884,0.0
8242,703,696.2127,1075.7289,-0.010996246,15.283351,-6.3426795,-2.412796e-06,16.547216415405273,-0.003589408517208797,0.00037550925721385346,-0.3935791898599681,0.0,0.06072969673421624,0.0
8243,703,696.9747,1075.4114,-0.01099472,15.113918,-6.5613565,-4.415512e-06,16.476709365844727,-0.003740143434907282,0.0003787279045532758,-0.40849369091273885,0.0,0.06171517230226671,0.0
8244,704,697.7283,1075.0836,-0.010993576,14.94152,-6.777259,-4.6825407e-06,16.406713485717773,-0.003873834381703585,0.0003823041865991429,-0.42451992856256315,0.0,0.06206610690437461,0.0
8245,704,698.4735,1074.745,-0.010992431,14.764955,-6.9924393,-2.9039381e-06,16.337017059326172,-0.003984088730684215,0.00038456914138804566,-0.4413093283122633,0.0,0.06206610690437461,0.0
8246,704,699.20996,1074.3961,-0.01099205,14.583636,-7.2075596,-4.6730042e-06,16.267494201660156,-0.00407836463327302,0.0003856420455073802,-0.4585861531204753,0.0,0.06206610690437461,0.0
8247,705,699.9373,1074.0363,-0.010991859,14.397092,-7.4229455,-3.9958954e-06,16.198036193847656,-0.004163586308304206,0.0003862380708421643,-0.47615575920102776,0.0,0.0630862573373292,0.0
8248,705,700.6553,1073.6659,-0.010991439,14.203401,-7.6410136,-5.941391e-06,16.12828826904297,-0.004249339575256107,0.0003867149171174241,-0.49395100160493727,0.0,0.07002902035141982,0.0
8249,706,701.36334,1073.2839,-0.0109906765,13.991235,-7.8769536,-3.9577485e-06,16.056184768676758,-0.0043793031368236,0.0003888606928468025,-0.5123138635056834,0.0,0.09241230558047421,0.0
8250,706,702.0598,1072.8894,-0.010986976,13.731923,-8.16399,-7.457733e-06,15.975495338439941,-0.0046589340109846195,0.00039732455168621056,-0.5324818159932854,0.0,0.11717516498014241,0.0
8251,706,702.743,1072.4803,-0.010979041,13.422777,-8.494132,-1.4081001e-05,15.884622573852539,-0.00511167139629809,0.0004154443525438856,-0.555963439956732,0.0,0.12741885049276622,0.0
8252,707,703.41095,1072.0558,-0.010969047,13.090317,-8.831582,-2.0222664e-05,15.790923118591309,-0.005616605698679812,0.00043833251862628655,-0.5831321438703662,0.0,0.12988482759072537,0.0
8253,707,704.06305,1071.6155,-0.010960426,12.7457075,-9.163798,-1.9502639e-05,15.698034286499023,-0.006065615698764473,0.0004590749414885997,-0.6132128812779475,0.0,0.12988482759072537,0.0
8254,707,704.6982,1071.159,-0.010953827,12.387696,-9.491177,-1.8572808e-05,15.605687141418457,-0.006440056148029614,0.000475645024460971,-0.6452718813222668,0.0,0.12988482759072537,0.0
8255,708,705.31586,1070.6864,-0.010948753,12.01258,-9.8155365,-1.9140243e-05,15.512795448303223,-0.006761765487562536,0.0004878043769150612,-0.6785940186716107,0.0,0.12988482759072537,0.0
8256,708,705.9147,1070.1979,-0.010944633,11.619434,-10.135755,-1.5311241e-05,15.418974876403809,-0.007047788988637046,0.000497937165208588,-0.7127022545957189,0.0,0.12988482759072537,0.0
8257,708,706.49396,1069.693,-0.010941544,11.2089205,-10.449531,-1.8281937e-05,15.324248313903809,-0.007305582982156716,0.000505566575575582,-0.747274746076855,0.0,0.12988482759072537,0.0
8258,709,707.0528,1069.1727,-0.010938873,10.782533,-10.754286,-1.2946129e-05,15.228843688964844,-0.007534613275457579,0.0005118846586856117,-0.7820967091731044,0.0,0.12988482759072537,0.0
8259,709,707.5903,1068.6372,-0.010936699,10.342163,-11.047604,-1.499176e-05,15.133072853088379,-0.0077338187652928065,0.0005172490817544124,-0.8170292600336192,0.0,0.11222864703188204,0.0
8260,710,708.1069,1068.0875,-0.010937805,9.936001,-11.300413,-5.7172774e-06,15.04737377166748,-0.007790811452917803,0.0005155801523002938,-0.8510833006295442,0.0,0.06222864703188204,0.0
8261,710,708.60547,1067.5267,-0.01094654,9.649232,-11.460708,1.2173652e-05,14.981839179992676,-0.007459513693163296,0.0004963874473232843,-0.8812557839366787,0.0,0.012228647031882034,0.0
8262,710,709.091,1066.9581,-0.0109606935,9.482027,-11.526008,3.69215e-05,14.925068855285645,-0.006662696935308889,0.0004650354224014752,-0.9037658867344643,0.0,0.0,0.0
8263,711,709.566,1066.3843,-0.010974197,9.321119,-11.583178,4.787445e-05,14.867859840393066,-0.005773200611073772,0.00043296812806677647,-0.9182189285493517,0.0,0.0,0.0
8264,711,710.0305,1065.8058,-0.01098587,9.154429,-11.642526,4.2037962e-05,14.81053638458252,-0.005042429207956029,0.0004032850000897954,-0.927067547587249,0.0,0.0,0.0
8265,711,710.486,1065.224,-0.010995559,9.005712,-11.687071,3.3893586e-05,14.754337310791016,-0.00443043374915852,0.0003787279045532758,-0.9324101816290842,0.0,0.0,0.0
8266,712,710.93396,1064.6398,-0.011003532,8.88179,-11.712662,2.5143623e-05,14.699409484863281,-0.0038669104229437042,0.00035846232796622236,-0.9355859346499764,0.0,0.0,0.0
8267,712,711.376,1064.0543,-0.011009979,8.781783,-11.7205,1.8920899e-05,14.645471572875977,-0.003326287941434643,0.0003429651166038949,-0.937446485566533,0.0,0.0,0.0
8268,713,711.8133,1063.4688,-0.011014977,8.701752,-11.713763,1.5640258e-05,14.592214584350586,-0.0028106999543953026,0.0003306865525809898,-0.9385238008064973,0.007843017578125,0.0,0.0
8269,713,712.24695,1062.8838,-0.011018829,8.637257,-11.696165,1.1715889e-05,14.53968620300293,-0.002333994379345444,0.00032174584746632196,-0.9391420536535592,0.087843017578125,-0.003398188663263085,0.0
8270,713,712.6778,1062.2999,-0.011022453,8.596385,-11.664242,4.496574e-06,14.489733695983887,-0.0018775285685058629,0.00031268596329212976,-0.9392614964284492,0.167843017578125,-0.01396382223348543,0.0
8271,714,713.1073,1061.7181,-0.011027374,8.598164,-11.607869,5.8984756e-06,14.445450782775879,-0.0013827129778948152,0.00030100342460400874,-0.9382157396474023,0.247843017578125,-0.009820685691427094,0.0
8272,714,713.53644,1061.1383,-0.0110349655,8.588343,-11.570494,2.5510788e-06,14.409578323364258,-0.0009747168939504199,0.00028288362374633377,-0.9362914060227384,0.327843017578125,0.0,0.0
8273,714,713.9644,1060.5599,-0.011045913,8.557495,-11.5605345,3.004074e-06,14.383208274841309,-0.0007456850402036054,0.00025725364034512495,-0.9347279973048074,0.407843017578125,0.0,0.0
8274,715,714.3916,1059.9819,-0.011059914,8.544578,-11.550237,2.670288e-07,14.367246627807617,-0.0005880259036709145,0.00022375582343929214,-0.933833241757568,0.48784301757812504,0.0,0.0
8275,715,714.8189,1059.4045,-0.011077004,8.542807,-11.54542,-1.9073485e-07,14.362321853637695,-0.00044954155949608474,0.00018322467026518532,-0.9333247111474173,0.567843017578125,0.0,0.0
8276,716,715.24615,1058.827,-0.011096725,8.549293,-11.548876,-1.6593933e-06,14.36895751953125,-0.0003318298068052918,0.00013685226400166333,-0.9330366902755253,0.647843017578125,0.0,0.0
8277,716,715.67395,1058.2494,-0.011118736,8.562991,-11.56197,-4.7063827e-06,14.387632369995117,-0.00023861923367109975,8.404254680465137e-05,-0.932873837974867,0.727843017578125,0.0,0.0
8278,716,716.10266,1057.6708,-0.011142959,8.583722,-11.585411,-2.07901e-06,14.418808937072754,-0.0001683117483837172,2.670287939322068e-05,-0.9327818923382319,0.8078430175781249,0.0,0.0
8279,717,716.53265,1057.0906,-0.011169014,8.611676,-11.619641,-2.9182434e-06,14.462953567504883,-0.00011717908796348648,-3.504753072747514e-05,-0.9327297609598937,0.8878430175781249,0.0,0.0
8280,717,716.9641,1056.5083,-0.011196899,8.647199,-11.6650095,-3.4570694e-06,14.520554542541504,-8.042747304771566e-05,-0.00010108947605228248,-0.9327003996088755,0.9678430175781249,0.0,0.0
8281,717,717.3977,1055.9236,-0.011226272,8.690691,-11.721867,-3.0517576e-06,14.592130661010742,-5.539375067364816e-05,-0.00017070769935929563,-0.9326836216940081,0.9999847412109375,0.0,0.0
8282,718,717.83356,1055.3356,-0.011256981,8.741839,-11.789594,-2.2506713e-06,14.676998138427734,-3.781688747912518e-05,-0.00024366378157454605,-0.9326739677350565,0.9999847412109375,0.0,0.0
8283,718,718.2723,1054.7441,-0.01128746,8.798599,-11.865277,-2.3412704e-06,14.771599769592285,-2.5566332241946027e-05,-0.00031626221282870625,-0.9326682419387128,0.9999847412109375,2.48193658405706e-07,0.0
8284,719,718.7138,1054.1487,-0.011316185,8.8589325,-11.946052,-2.0074845e-06,14.872418403625488,-1.7576867258184303e-05,-0.00038433071825041574,-0.932665112724432,0.9999847412109375,6.603341986313717e-05,0.0
8285,719,719.1585,1053.5491,-0.0113413995,8.9213295,-12.03025,-3.6001204e-06,14.977216720581055,-1.2783174248295676e-05,-0.000444292999539162,-0.9326677093064948,0.9999847412109375,0.0006674439603586096,0.0
8286,719,719.6064,1052.9452,-0.011362839,8.98325,-12.11797,-3.914833e-06,15.084561347961426,-1.4381061759105224e-05,-0.0004951953641444254,-0.9327186422623426,0.9999847412109375,0.0017330586742900778,0.0
8287,720,720.05725,1052.3368,-0.011380615,9.043025,-12.209308,-2.799034e-06,15.193534851074219,-2.7696865177670748e-05,-0.000537276235203836,-0.932900003532577,0.9999847412109375,0.00219844390507884,0.0
8288,720,720.51117,1051.7239,-0.011394805,9.102658,-12.30206,-2.9230116e-06,15.303564071655273,-4.580637887668556e-05,-0.000570774068364314,-0.9332423528907067,0.9999847412109375,0.001843502574786271,0.0
8289,721,720.9682,1051.1063,-0.011406173,9.164156,-12.394292,-1.2111664e-06,15.414286613464355,-5.8589556172727235e-05,-0.000597715362767842,-0.9336786452562889,0.9999847412109375,0.0010270029306411743,0.0
8290,721,721.42834,1050.4843,-0.011414909,9.228075,-12.485294,-3.0088424e-06,15.525461196899414,-6.0720056599161306e-05,-0.0006185769646896794,-0.9340989586553307,0.9999847412109375,0.0009243029651007737,0.0
8291,722,721.8916,1049.8575,-0.011421814,9.291442,-12.577072,-2.1743774e-06,15.636932373046875,-6.018745689043611e-05,-0.0006349086570337115,-0.9344654096213255,0.9999847412109375,0.0008894817183429585,0.0
8292,722,722.358,1049.2262,-0.011427192,9.354473,-12.669351,-3.4761429e-06,15.74860668182373,-6.0720089108451955e-05,-0.0006474256441942465,-0.9347925789612418,0.9999847412109375,0.0008894817183429585,0.0
8293,722,722.82745,1048.5903,-0.011431236,9.417319,-12.761937,-2.8848647e-06,15.860421180725098,-6.231794918954751e-05,-0.0006572007977813284,-0.9350950474820475,0.9999847412109375,0.0008894817183429585,0.0
8294,723,723.3003,1047.9496,-0.0114344405,9.480126,-12.854675,-8.2015987e-07,15.972334861755371,-6.498112247061075e-05,-0.000664472540932587,-0.9353831349329669,0.9999847412109375,0.001158113976559334,0.0
8295,723,723.7762,1047.3044,-0.011436691,9.542057,-12.948149,-2.646446e-06,16.084321975708008,-6.924215583276954e-05,-0.0006700753871390176,-0.935681741870192,0.9999847412109375,0.005195603890866125,0.0
8296,723,724.25476,1046.6543,-0.011438674,9.590781,-13.051295,-3.2043456e-06,16.196277618408203,-0.00010812433212989441,-0.0006743669385977744,-0.9362790889026967,0.9999847412109375,0.01650871621105639,0.0
8297,724,724.73517,1045.9987,-0.011439933,9.604649,-13.178987,-4.1198728e-06,16.307512283325195,-0.00024980451024943256,-0.0006771087071526463,-0.9380225938893444,0.9999847412109375,0.028473010151055578,0.0
8298,724,725.2161,1045.3367,-0.01144001,9.586253,-13.328118,-2.0503997e-07,16.41752052307129,-0.0005006742199163155,-0.0006780623997031659,-0.9418059471129382,0.9999847412109375,0.03412905193555325,0.0
8299,724,725.69653,1044.6674,-0.011440048,9.555634,-13.484691,-7.6770783e-07,16.52716064453125,-0.0007882956826634545,-0.000677823976565536,-0.9477926000853818,0.9999847412109375,0.035122961124957164,0.0
8300,725,726.17584,1043.9907,-0.011439895,9.521419,-13.643007,-1.1873245e-06,16.636978149414062,-0.0010487527722546227,-0.0006774663743683818,-0.9554925311661007,0.9999847412109375,0.035122961124957164,0.0
8301,725,726.6538,1043.3063,-0.011439666,9.480531,-13.804885,-1.2254715e-06,16.74679946899414,-0.001274056135456745,-0.0006773471302902762,-0.9643267691341115,0.9999847412109375,0.035122961124957164,0.0
8302,726,727.1298,1042.6136,-0.011439895,9.430097,-13.971837,-9.155273e-07,16.856422424316406,-0.0014775216427387987,-0.0006773471302902762,-0.9738901140295588,0.9999847412109375,0.035122961124957164,0.0
8303,726,727.6031,1041.9127,-0.011439857,9.369683,-14.143775,-4.701614e-06,16.965768814086914,-0.001669801743405357,-0.0006773471302902762,-0.9839316294987298,0.9999847412109375,0.035122961124957164,0.0
8304,726,728.07324,1041.2031,-0.0114397425,9.299868,-14.319994,-5.698204e-06,17.0748291015625,-0.0018524947242219555,-0.0006772279512307519,-0.9942938561421737,0.9999847412109375,0.035122961124957164,0.0
8305,727,728.53986,1040.4844,-0.011439666,9.221561,-14.499639,-3.6191939e-06,17.183616638183594,-0.002024534800603912,-0.0006771087071526463,-1.0048789227898298,0.9999847412109375,0.035122961124957164,0.0
8306,727,729.0023,1039.757,-0.011439628,9.135698,-14.681896,-4.2438505e-06,17.29216766357422,-0.0021832594616469593,-0.0006768702840150165,-1.0156262425268991,0.9999847412109375,0.035122961124957164,0.0
8307,727,729.46045,1039.0201,-0.011439438,9.043104,-14.866068,-1.707077e-06,17.400508880615234,-0.002327602792729254,-0.0006766318608773865,-1.0264956681999484,0.9999847412109375,0.035122961124957164,0.0
8308,728,729.9138,1038.274,-0.011439323,8.944456,-15.051585,-2.7656554e-06,17.508670806884766,-0.0024575642737021453,-0.000676155079620708,-1.0374634976752763,0.9999847412109375,0.035122961124957164,0.0
8309,728,730.3621,1037.5187,-0.011439171,8.840289,-15.237994,-2.7418137e-06,17.616674423217773,-0.002573145985160235,-0.0006756782333454482,-1.0485140848814785,0.9999847412109375,0.035122961124957164,0.0
8310,729,730.80505,1036.7539,-0.011439171,8.731007,-15.424945,-4.8685074e-06,17.72454261779785,-0.0026754111109449524,-0.0006753205661297127,-1.0596378424386304,0.9999847412109375,0.035122961124957164,0.0
8311,729,731.24255,1035.9799,-0.011438903,8.616908,-15.612154,-1.4257431e-06,17.832286834716797,-0.002766491220225662,-0.0006749629639325585,-1.07082804586498,0.9999847412109375,0.035122961124957164,0.0
8312,729,731.6742,1035.1963,-0.011438674,8.498213,-15.799397,-1.835823e-06,17.939916610717773,-0.0028469192052947056,-0.0006744861176572988,-1.0820812330511096,0.9999847412109375,0.035122961124957164,0.0
8313,730,732.1,1034.4033,-0.011438484,8.375067,-15.986501,-2.0647049e-06,18.047435760498047,-0.002918291662434504,-0.0006741285154601446,-1.093394807414957,0.9999847412109375,0.035122961124957164,0.0
8314,730,732.5194,1033.601,-0.011438561,8.247578,-16.173323,-1.6736984e-06,18.15485954284668,-0.0029827399007400965,-0.0006738900923225147,-1.104766904743759,0.9999847412109375,0.035122961124957164,0.0
8315,731,732.9325,1032.7893,-0.011438446,8.115816,-16.35973,-3.1137465e-06,18.26218032836914,-0.003040796812503824,-0.0006736516691848847,-1.1161969258262698,0.9999847412109375,0.035122961124957164,0.0
8316,731,733.33887,1031.9684,-0.011438255,7.979821,-16.545612,-1.0871887e-06,18.369400024414062,-0.0030940600343054084,-0.0006734132460472548,-1.1276822740804273,0.9999847412109375,0.035122961124957164,0.0
8317,732,733.7384,1031.1381,-0.011438141,7.839625,-16.730873,-7.05719e-07,18.476520538330078,-0.0031435948305808823,-0.0006732940019691493,-1.139225213193158,0.9999847412109375,0.035122961124957164,0.0
8318,732,734.13074,1030.2985,-0.011438102,7.6952415,-16.915419,-2.026558e-06,18.58354377746582,-0.0031899340936225864,-0.0006732940019691493,-1.150823279740453,0.9999847412109375,0.035122961124957164,0.0
8319,732,734.51605,1029.4497,-0.011438255,7.5466747,-17.09916,-4.429817e-06,18.690467834472656,-0.0032336104556485363,-0.0006732940019691493,-1.1624762074062036,0.9999847412109375,0.035122961124957164,0.0
8320,733,734.89355,1028.5914,-0.011438217,7.393926,-17.282007,-2.1648407e-06,18.797285079956055,-0.0032756873605744876,-0.0006732940019691493,-1.17418399619041,0.9999847412109375,0.035122961124957164,0.0
8321,733,735.2634,1027.7242,-0.011438332,7.2369976,-17.46388,-4.3582913e-06,18.904001235961914,-0.0033161674091436917,-0.0006732940019691493,-1.1859467792511265,0.9999847412109375,0.035122961124957164,0.0
8322,734,735.62537,1026.8479,-0.011438141,7.0758805,-17.644695,-2.8514862e-06,19.010610580444336,-0.003355049561058849,-0.0006732940019691493,-1.1977630918497535,0.9999847412109375,0.035122961124957164,0.0
8323,734,735.9794,1025.9625,-0.011438217,6.91057,-17.824373,6.008148e-07,19.11711883544922,-0.00339339960090464,-0.0006734132460472548,-1.2096349313571089,0.9999847412109375,0.035122961124957164,0.0
8324,735,736.325,1025.0682,-0.01143837,6.741056,-18.002827,-3.323555e-06,19.2235164642334,-0.0034312167484580906,-0.0006734132460472548,-1.221560699876538,0.9999847412109375,0.035122961124957164,0.0
8325,735,736.6619,1024.1649,-0.011438408,6.5673304,-18.179976,-2.131462e-06,19.329803466796875,-0.0034685007436448746,-0.0006736516691848847,-1.233539731617769,0.9999847412109375,0.035122961124957164,0.0
8326,736,736.99023,1023.2527,-0.011438446,6.3893924,-18.355734,-1.9788743e-06,19.43597984313965,-0.0035052521066136428,-0.000673770848244409,-1.2455725592130196,0.9999847412109375,0.035122961124957164,0.0
8327,736,737.30945,1022.3317,-0.011438674,6.20723,-18.530008,-4.091263e-06,19.542028427124023,-0.0035420039897310616,-0.0006738900923225147,-1.2576594489783988,0.9999847412109375,0.035122961124957164,0.0
8328,737,737.61957,1021.40204,-0.011438561,6.020819,-18.702665,-3.5762787e-06,19.647899627685547,-0.0035782227204818142,-0.000674009271382039,-1.2697989361753068,0.9999847412109375,0.035122961124957164,0.0
8329,737,737.9203,1020.4636,-0.011438484,5.830149,-18.873585,-2.1266937e-06,19.753551483154297,-0.0036149746035992326,-0.000674009271382039,-1.2819916865940166,0.9999847412109375,0.035122961124957164,0.0
8330,738,738.21136,1019.51685,-0.011438598,5.6352196,-19.04266,-1.783371e-06,19.858966827392578,-0.0036511933343499853,-0.000674009271382039,-1.2942367681281466,0.9999847412109375,0.035122961124957164,0.0
8331,738,738.49255,1018.56165,-0.011438484,5.4360337,-19.209785,-3.6764145e-06,19.964126586914062,-0.0036874120651007375,-0.000673770848244409,-1.306533781303533,0.9999847412109375,0.035122961124957164,0.0
8332,738,738.7638,1017.5978,-0.011438561,5.2325945,-19.374865,-5.426407e-06,20.069015502929688,-0.0037236313160001404,-0.0006735324251067791,-1.3188836582265573,0.9999847412109375,0.035122961124957164,0.0
8333,739,739.0249,1016.626,-0.011438293,5.02491,-19.5378,-1.9454956e-06,20.173629760742188,-0.0037598497866765676,-0.0006732940019691493,-1.3312841352102933,0.9999847412109375,0.03129834440723205,0.0
8334,739,739.27576,1015.646,-0.011438408,4.827196,-19.696161,-1.1682511e-06,20.279067993164062,-0.003766241893441408,-0.0006732940019691493,-1.343497258811342,0.9999847412109375,0.0008561238434073512,0.0
8335,740,739.51904,1014.6585,-0.011440086,4.7420945,-19.830849,4.0578843e-06,20.389949798583984,-0.0035127086975915395,-0.0006767511049554921,-1.3534180665041053,0.9999847412109375,0.0,0.0
8336,740,739.7564,1013.6638,-0.011441917,4.642347,-19.967463,3.4427642e-06,20.500022888183594,-0.0031862056680964754,-0.000681042656414249,-1.3602815652654576,0.9999847412109375,0.0,0.0
8337,741,739.9878,1012.6621,-0.011443481,4.5445085,-20.102745,9.474754e-06,20.61001968383789,-0.0029103024392385917,-0.0006849765406572703,-1.3650005535590235,0.9999847412109375,0.0,0.0
8338,741,740.214,1011.6536,-0.011444702,4.4584904,-20.234894,5.4454804e-06,20.720256805419922,-0.0026652916189513014,-0.0006880759764278777,-1.368240821657323,0.9999847412109375,0.0,0.0
8339,742,740.4359,1010.6385,-0.0114456555,4.3880353,-20.36336,3.2901762e-06,20.83077621459961,-0.0024245418564081385,-0.0006905793868637009,-1.37046163169034,0.9999847412109375,0.0,0.0
8340,742,740.6544,1009.61707,-0.011446495,4.3335724,-20.48822,3.8099288e-06,20.94151496887207,-0.0021795303859350355,-0.0006922482838085289,-1.3719841608855383,0.9999847412109375,0.0,0.0
8341,743,740.8704,1008.5894,-0.011446838,4.2938557,-20.609827,3.5095213e-06,21.0523681640625,-0.0019318566646319916,-0.0006932019763590485,-1.3730263889781407,0.9999847412109375,2.3673057265551315e-05,0.0
8342,743,741.0848,1007.55566,-0.011446991,4.266821,-20.728647,3.437996e-06,21.163236618041992,-0.0016879111087807334,-0.0006939172457719381,-1.3737431787855356,0.9999847412109375,0.001388107743013549,0.0
8343,744,741.2978,1006.5162,-0.011447219,4.244854,-20.846209,3.2043456e-06,21.274003982543945,-0.0014674013705221725,-0.0006940364248314625,-1.3743329358089336,0.9999847412109375,0.006876298429496596,0.0
8344,744,741.50946,1005.4706,-0.011447067,4.209748,-20.965895,2.2935867e-06,21.384357452392578,-0.0013140035518079336,-0.0006937980016938326,-1.3752804885247838,0.9999847412109375,0.01200465816114939,0.0
8345,745,741.71936,1004.4191,-0.011446647,4.1628537,-21.087301,1.3208389e-06,21.49427032470703,-0.0012378370145945047,-0.0006929635532214185,-1.3770990280751445,0.9999847412109375,0.013219388884201445,0.0
8346,745,741.9273,1003.3617,-0.0114462655,4.1167374,-21.20823,1.7690658e-06,21.60408592224121,-0.0011978897282804788,-0.0006917714375332692,-1.3798575303322484,0.9999847412109375,0.013388494088453039,0.0
8347,746,742.13336,1002.2983,-0.011445694,4.06985,-21.328962,8.678436e-07,21.713781356811523,-0.001172323381815718,-0.0006908178100013308,-1.3833433418830532,0.9999847412109375,0.00646089367728564,0.0
8348,746,742.3377,1001.2288,-0.011445503,4.0472255,-21.445278,3.2424925e-06,21.823841094970703,-0.0011030809333993326,-0.0006902217196479654,-1.3868734950660078,0.9999847412109375,0.0004913872542168197,0.0
8349,747,742.54126,1000.1536,-0.011445579,4.0404453,-21.558517,1.0824203e-06,21.933876037597656,-0.0009827061171463324,-0.0006901025405884411,-1.3896849942288043,0.9999847412109375,9.10670987272343e-05,0.0
8350,747,742.74384,999.0728,-0.0114456555,4.0280075,-21.672556,3.261566e-06,22.0436954498291,-0.0008724513780542146,-0.0006901025405884411,-1.3916754408275296,0.9999847412109375,0.0005286024476099279,0.0
8351,748,742.9453,997.98615,-0.011445465,4.0124607,-21.786936,3.1948089e-06,22.153339385986328,-0.0007952199014976605,-0.0006899833615289169,-1.3931059578070657,0.9999847412109375,0.001615618842690225,0.0
8352,748,743.146,996.8937,-0.011445465,3.9946587,-21.901491,1.4829635e-06,22.262807846069336,-0.0007446197757675737,-0.0006898641174508112,-1.394244059698911,0.9999847412109375,0.007275400445597534,0.0
8353,749,743.34515,995.79553,-0.011445274,3.9575307,-22.018991,-7.867813e-07,22.37181282043457,-0.0007504789252214919,-0.0006893872711755515,-1.395621979246918,0.9999847412109375,0.011280576669418133,0.0
8354,749,743.54254,994.6914,-0.011444893,3.9098146,-22.137838,3.2901764e-07,22.48044776916504,-0.0008042745191667673,-0.0006885528227031374,-1.397723879137263,0.9999847412109375,0.012460517915158422,0.0
8355,750,743.73785,993.5815,-0.011444549,3.8603826,-22.256628,-1.2969971e-06,22.58893585205078,-0.0008687229525281036,-0.0006877183742307235,-1.4006163383971981,0.9999847412109375,2.456713845237768e-07,0.0
8356,751,743.93195,992.4657,-0.011444396,3.8607888,-22.367268,-2.9134749e-06,22.69802474975586,-0.0008197207884706456,-0.0006872415279554636,-1.403269113159026,0.9999847412109375,0.0,0.0
8357,751,744.1258,991.34436,-0.011444283,3.8519225,-22.479221,-1.8835067e-06,22.806856155395508,-0.0007339671314072568,-0.0006870031048178338,-1.4051387854023163,0.9999847412109375,0.0,0.0
8358,752,744.3185,990.2174,-0.01144413,3.84057,-22.591389,-1.759529e-06,22.915515899658203,-0.0006689860008093233,-0.0006867646816802039,-1.4064589143546684,0.9999847412109375,0.0,0.0
8359,752,744.5106,989.08484,-0.011444168,3.8302476,-22.703203,-1.46389e-06,23.02403450012207,-0.0006199839017704467,-0.000686526258542574,-1.4073926186328503,0.9999847412109375,0.0,0.0
8360,753,744.70233,987.9467,-0.011444015,3.8226395,-22.8144,-1.6212464e-07,23.132431030273438,-0.0005752427304385341,-0.0006861686563454198,-1.4080534820573534,0.9999847412109375,0.0,0.0
8361,753,744.89343,986.8029,-0.011443901,3.8183844,-22.924877,5.7220456e-07,23.240697860717773,-0.00052943629467059,-0.0006858109891296843,-1.408522065251153,0.9999847412109375,0.0,0.0
8362,754,745.0842,985.6536,-0.0114438245,3.8175423,-23.034636,-2.2554398e-06,23.348833084106445,-0.0004814995250863263,-0.0006854533869325301,-1.4088548272293582,0.9999847412109375,0.0,0.0
8363,755,745.27496,984.49896,-0.011443481,3.8198726,-23.143723,-2.5129318e-06,23.45684051513672,-0.00043196472881085245,-0.0006849765406572703,-1.4090907833019393,0.9999847412109375,0.0,0.0
8364,755,745.4664,983.3388,-0.011443329,3.824999,-23.2522,-2.1266937e-06,23.564706802368164,-0.00038242990002608794,-0.0006844996943820105,-1.4092596277150504,0.9999847412109375,0.0,0.0
8365,756,745.6579,982.17316,-0.011443062,3.8325078,-23.360136,1.5258789e-07,23.672433853149414,-0.0003339602706587739,-0.0006840228481067507,-1.4093793368060494,0.9999847412109375,0.0,0.0
8366,756,745.8499,981.00226,-0.011442909,3.8419948,-23.46759,-1.335144e-06,23.780006408691406,-0.0002886865971460081,-0.000683546001831491,-1.409464824277041,0.9999847412109375,0.0,0.0
8367,757,746.04224,979.8259,-0.011442642,3.8530972,-23.574636,3.528595e-07,23.887441635131836,-0.00024660870068669215,-0.0006829499764967068,-1.4095259438240582,0.9999847412109375,0.0,0.0
8368,757,746.2353,978.6442,-0.011442451,3.8654997,-23.681314,2.3841858e-07,23.994722366333008,-0.00020879181320756696,-0.0006824731302214471,-1.4095693533498266,0.9999847412109375,0.0,0.0
8369,758,746.42896,977.4572,-0.011442375,3.878936,-23.787676,4.1007993e-07,24.10186004638672,-0.00017523599972721387,-0.0006819962839461872,-1.409600911808744,0.9999847412109375,0.0,0.0
8370,759,746.62335,976.26495,-0.011442223,3.8931854,-23.893755,-2.5892257e-06,24.208850860595703,-0.0001464738599543581,-0.0006814002586114031,-1.4096238149941187,0.9999847412109375,0.0,0.0
8371,759,746.8184,975.0673,-0.0114419935,3.9080691,-23.99958,-2.1505355e-06,24.315690994262695,-0.00012090748910762942,-0.0006809234123361434,-1.4096399271187137,0.9999847412109375,0.0,0.0
8372,760,747.01434,973.86444,-0.011441612,3.9234445,-24.10518,-7.9631803e-07,24.422391891479492,-9.960216787770487e-05,-0.0006804465660608835,-1.409651378711401,0.9999847412109375,0.0,0.0
8373,760,747.211,972.6564,-0.011441497,3.939197,-24.210564,-8.1062313e-07,24.528934478759766,-8.149272122910202e-05,-0.0006798505407260995,-1.4096599008268893,0.9999847412109375,0.0,0.0
8374,761,747.40845,971.44293,-0.011441193,3.9552388,-24.315748,-1.4877319e-06,24.635330200195312,-6.657906788859427e-05,-0.0006793736944508396,-1.4096660260973963,0.9999847412109375,0.0,0.0
8375,762,747.6066,970.2243,-0.01144104,3.9714966,-24.420746,-1.7356872e-06,24.741575241088867,-5.379584995593928e-05,-0.0006787776691160556,-1.4096702871551405,0.9999847412109375,0.0,0.0
8376,762,747.8056,969.0003,-0.011440925,3.9879158,-24.525574,8.5830685e-08,24.847681045532227,-4.3675866259267495e-05,-0.0006783008228407958,-1.409673616106503,0.9999847412109375,0.0,0.0
8377,763,748.00543,967.7712,-0.011440658,4.0044537,-24.630224,-4.2915342e-08,24.953628540039062,-3.5153767025659256e-05,-0.0006777047975060118,-1.4096754803192661,0.9999847412109375,0.0,0.0
8378,763,748.20605,966.5368,-0.0114403535,4.0210776,-24.734716,4.2438506e-07,25.05943489074707,-2.8229499427517263e-05,-0.0006772279512307519,-1.4096772113739748,0.9999847412109375,0.0,0.0
8379,764,748.40753,965.2972,-0.011440239,4.03776,-24.839045,-9.870529e-07,25.165088653564453,-2.2370547061173604e-05,-0.0006766318608773865,-1.4096788092706287,0.9999847412109375,0.0,0.0
8380,765,748.6099,964.0524,-0.011440048,4.054479,-24.94322,1.9073485e-07,25.27059555053711,-1.8109540112813465e-05,-0.000676155079620708,-1.4096800076931193,0.9999847412109375,0.0,0.0
8381,765,748.8131,962.8024,-0.011439857,4.071227,-25.047237,9.5367426e-08,25.375951766967773,-1.4381079029665882e-05,-0.0006756782333454482,-1.4096800076931193,0.9999847412109375,0.0,0.0
8382,766,749.01715,961.5472,-0.011439628,4.087992,-25.151106,-7.152557e-08,25.481164932250977,-1.1185273530586802e-05,-0.0006750821429920828,-1.4096800076931193,0.9999847412109375,0.0,0.0
8383,766,749.222,960.2868,-0.011439438,4.104763,-25.254818,-7.534027e-07,25.586225509643555,-9.05472637204742e-06,-0.0006746053617354043,-1.4096800076931193,0.9999847412109375,0.0,0.0
8384,767,749.42773,959.0212,-0.011439209,4.121532,-25.358385,2.670288e-07,25.691139221191406,-6.924210198925691e-06,-0.0006741285154601446,-1.4096800076931193,0.9999847412109375,0.0,0.0
8385,768,749.6343,957.7503,-0.01143898,4.138293,-25.461802,-7.390976e-07,25.795907974243164,-6.924210198925691e-06,-0.0006741285154601446,-1.4096800076931193,0.9999847412109375,0.0,0.0
8386,768,749.8416,956.4743,-0.011438751,4.1550417,-25.565065,-8.2969666e-07,25.90052032470703,-4.2610633316611116e-06,-0.0006730556438501007,-1.4096800076931193,0.9999847412109375,0.0,0.0
8387,769,750.0498,955.19324,-0.0114385225,4.171776,-25.668182,-6.866455e-07,26.004985809326172,-4.2610633316611116e-06,-0.0006730556438501007,-1.4096800076931193,0.9999847412109375,4.066055152240743e-06,0.0
8388,770,750.2589,953.9071,-0.011438332,4.1884766,-25.771156,-1.3256073e-06,26.10930633544922,-4.2610633316611116e-06,-0.0006730556438501007,-1.4096800076931193,0.9999847412109375,0.0007088958545296009,0.0
8389,770,750.4686,952.61566,-0.01143795,4.2022486,-25.874454,-2.8514862e-06,26.21347427368164,-7.989497493052373e-06,-0.0006716251050243213,-1.4097294093313404,0.9999847412109375,0.0038657010173928415,0.0
8390,771,750.67896,951.31903,-0.01143795,4.2031574,-25.979631,-2.8276443e-06,26.317441940307617,-4.3675866259267495e-05,-0.0006710290796895372,-1.410066964999508,0.9999847412109375,0.005101976759895612,0.0
8391,771,750.88947,950.01733,-0.011437759,4.199452,-26.085361,-3.094673e-06,26.421232223510742,-9.853696846025448e-05,-0.0006703138102766475,-1.4108619185848965,0.9999847412109375,0.005317655481857699,0.0
8392,772,751.09985,948.7102,-0.011437416,4.1933694,-26.191296,-2.3412704e-06,26.52486228942871,-0.00015606123987864335,-0.0006698369640013878,-1.4120704610875745,0.9999847412109375,0.0009097860182313696,0.0
8393,773,751.3104,947.39777,-0.0114373015,4.2020717,-26.294802,-5.5789945e-07,26.62844467163086,-0.00017470336750919803,-0.0006693601177261279,-1.4132959146631745,0.9999847412109375,0.0,0.0
8394,773,751.521,946.08014,-0.011436958,4.2091026,-26.398403,4.7683713e-08,26.731857299804688,-0.0001725728223824893,-0.0006687640923913438,-1.4142482610689868,0.9999847412109375,0.0,0.0
8395,774,751.7319,944.75757,-0.01143692,4.21299,-26.502338,-8.010864e-07,26.835111618041992,-0.00017470336750919803,-0.000668287246116084,-1.4149553303384028,0.9999847412109375,0.0,0.0
8396,775,751.94305,943.4297,-0.011436653,4.215846,-26.606283,-1.6736984e-06,26.93821907043457,-0.00018216023481606522,-0.0006678103998408242,-1.4154801062312028,0.9999847412109375,0.0,0.0
8397,775,752.1541,942.0967,-0.011436539,4.218901,-26.71004,-4.816055e-07,27.04117774963379,-0.00018908442114098058,-0.0006673335535655645,-1.415869859856736,0.9999847412109375,1.0938558396581487e-05,0.0
8398,776,752.36523,940.7584,-0.0114362715,4.222786,-26.81351,-4.7683715e-09,27.143991470336914,-0.00019281287917638216,-0.0006668567072903046,-1.4161605438897182,0.9999847412109375,2.4474440539146815e-05,0.0
8399,777,752.5765,939.4149,-0.011436081,4.2278156,-26.916649,-2.0980835e-07,27.246658325195312,-0.00019121493375839866,-0.0006663798610150449,-1.41637878994105,0.9999847412109375,3.357113877200389e-05,0.0
8400,777,752.78827,938.0662,-0.011435813,4.234115,-27.01944,-2.222061e-06,27.349184036254883,-0.00018588864408753083,-0.0006659030797583664,-1.4165451043511257,0.9999847412109375,4.0615588204673245e-05,0.0
8401,778,753.00006,936.7124,-0.011435585,4.241663,-27.121883,-2.0742416e-06,27.451562881469727,-0.00017630126416324558,-0.0006654262334831065,-1.4166736018737218,0.9999847412109375,0.0004969951197398927,0.0
8402,779,753.2126,935.35364,-0.011435471,4.2485075,-27.224277,-1.3828277e-07,27.55378532409668,-0.00016777916492963734,-0.0006649493872078468,-1.4168054283476808,0.9999847412109375,0.0018706115264898312,0.0
8403,779,753.42523,933.98956,-0.011435241,4.250829,-27.327204,-1.0633469e-06,27.65584373474121,-0.00017097497449237775,-0.0006643533618730627,-1.4170574965448568,0.9999847412109375,0.0030541760826436628,0.0
8404,780,753.6379,932.6203,-0.011435012,4.2492557,-27.430555,-1.4543533e-06,27.757728576660156,-0.0001880192217235302,-0.0006637572715196973,-1.417548716607922,0.9999847412109375,0.0034476746628229193,0.0
8405,781,753.8507,931.2459,-0.01143486,4.246102,-27.533989,-2.8514862e-06,27.859466552734375,-0.000210922374588921,-0.0006632804252444375,-1.4183066522541585,0.9999847412109375,0.0034476746628229193,0.0
8406,781,754.0634,929.8665,-0.0114344405,4.241646,-27.637451,-7.5817104e-07,27.961050033569336,-0.00023489084065427945,-0.0006626843999096534,-1.419284431848381,0.9999847412109375,0.0034476746628229193,0.0
8407,782,754.27563,928.48193,-0.011434402,4.2348986,-27.741085,-3.862381e-07,28.062469482421875,-0.000259924489882443,-0.0006622075536343936,-1.42042825953657,0.9999847412109375,0.00014531264058085212,0.0
8408,783,754.4878,927.09216,-0.011434135,4.238981,-27.842966,-1.3303757e-06,28.163801193237305,-0.0002604571546097495,-0.0006617307073591339,-1.4214710202613907,0.9999847412109375,0.0,0.0
8409,783,754.6998,925.69727,-0.01143383,4.240187,-27.945114,-2.0217894e-06,28.264970779418945,-0.0002519350228668506,-0.000661253861083874,-1.4222629112115257,0.9999847412109375,0.0,0.0
8410,784,754.9118,924.29724,-0.011433716,4.240064,-28.047302,-2.0122527e-06,28.365989685058594,-0.0002482065973407397,-0.0006607770798271955,-1.4228594592957036,0.9999847412109375,0.0,0.0
8411,785,755.12366,922.8921,-0.011433563,4.239998,-28.149323,-1.8310546e-06,28.466856002807617,-0.00024714130039541735,-0.0006603002335519358,-1.4233090008877087,0.9999847412109375,0.0,0.0
8412,786,755.3355,921.4819,-0.011433449,4.2407794,-28.25106,-4.7683716e-07,28.56757926940918,-0.0002444781880692741,-0.0006599425663362002,-1.4236485539266939,0.9999847412109375,0.0,0.0
8413,786,755.54767,920.06647,-0.011433258,4.2428136,-28.35246,-8.535385e-07,28.668161392211914,-0.0002386192661803904,-0.0006593465410014162,-1.423903551601069,0.9999847412109375,0.0,0.0
8414,787,755.7602,918.6462,-0.011433029,4.246268,-28.453493,-1.2874602e-07,28.76859474182129,-0.00022849918901950798,-0.0006588696947261563,-1.4240967639381543,0.9999847412109375,0.0,0.0
8415,788,755.9728,917.22076,-0.011432839,4.251156,-28.554161,-6.437302e-07,28.86888313293457,-0.0002151833998237571,-0.0006583928484508966,-1.4242428383239452,0.9999847412109375,0.0,0.0
8416,788,756.1853,915.7903,-0.011432533,4.2574077,-28.65448,1.2874603e-06,28.969030380249023,-0.00019973706550129754,-0.0006579160021756368,-1.4243536258252925,0.9999847412109375,0.0,0.0
8417,789,756.3987,914.3548,-0.01143238,4.2649035,-28.754457,2.7179718e-07,29.06902503967285,-0.00018216020230677458,-0.0006574392209189583,-1.424436982767412,0.9999847412109375,0.0,0.0
8418,790,756.612,912.91437,-0.011432342,4.2735043,-28.854122,-5.102157e-07,29.168872833251953,-0.00016405070689423575,-0.0006568431305655929,-1.4244999665271922,0.9999847412109375,1.3015512800830758e-05,0.0
8419,790,756.8262,911.469,-0.011432075,4.283015,-28.953505,6.866455e-07,29.268577575683594,-0.0001464738599543581,-0.0006563662842903332,-1.4245488355331952,0.9999847412109375,0.0002326366720084833,0.0
8420,791,757.0405,910.01855,-0.011431809,4.2924495,-29.052748,-2.2697448e-06,29.368133544921875,-0.00013102753375922118,-0.000656008682093179,-1.4246022319130514,0.9999847412109375,0.0009402030278258543,0.0
8421,792,757.25543,908.5632,-0.011431656,4.299702,-29.152151,-2.1600722e-06,29.467529296875,-0.00012357066645235398,-0.0006555318358179191,-1.4247187452107424,0.9999847412109375,0.0016808892373037277,0.0
8422,793,757.4704,907.10284,-0.011431389,4.304483,-29.25176,-1.3065338e-06,29.5667724609375,-0.00012623384379707855,-0.0006549358104831351,-1.4249686828790462,0.9999847412109375,0.0018901369066931556,0.0
8423,793,757.68616,905.6376,-0.011431121,4.308443,-29.351332,-2.9850005e-06,29.665861129760742,-0.0001336906785946551,-0.0006544589642078752,-1.4253718854680841,0.9999847412109375,0.001961552741550821,0.0
8424,794,757.90204,904.1673,-0.0114309685,4.311339,-29.450905,-1.5068053e-06,29.764801025390625,-0.00014381069886427886,-0.0006538629388730911,-1.4259082461116261,0.9199847412109375,0.0019857517434616057,0.0
8425,795,758.11786,902.69214,-0.011430282,4.3123937,-29.547915,-1.2111664e-06,29.860944747924805,-0.0001560612561332887,-0.0006521939769096819,-1.4265503342504442,0.8399847412109376,0.0004179662905796401,0.0
8426,795,758.33374,901.21234,-0.011426735,4.316927,-29.635555,-9.346008e-07,29.948322296142578,-0.00015819181751464272,-0.0006436109390107494,-1.4271691197297243,0.7599847412109376,0.0,0.0
8427,796,758.5496,899.7284,-0.011418228,4.319343,-29.710678,-3.0517576e-06,30.02301025390625,-0.00015446334322459583,-0.0006233453624236961,-1.4276623371636068,0.6799847412109377,0.0,0.0
8428,797,758.7654,898.2412,-0.011403656,4.318553,-29.77108,-6.008148e-07,30.082670211791992,-0.00015233283060717774,-0.0005888938367126984,-1.428036777612872,0.5999847412109377,0.0,0.0
8429,798,758.9811,896.7514,-0.011383248,4.3152885,-29.815334,-2.0503996e-06,30.125999450683594,-0.00015233278184324176,-0.0005402564594056284,-1.4283202711109109,0.5199847412109377,0.0,0.0
8430,798,759.19684,895.2598,-0.011357612,4.3100224,-29.84273,7.05719e-07,30.152359008789062,-0.0001518001983891619,-0.00047934051807565315,-1.428534256104499,0.4399847412109377,4.33289096690714e-06,0.0
8431,799,759.41223,893.76733,-0.011327705,4.303029,-29.85301,3.1948089e-06,30.161535263061523,-0.000149137053553728,-0.00040781494217689146,-1.4286935131376854,0.3599847412109377,0.00045217531364763453,0.0
8432,800,759.6272,892.27484,-0.011294212,4.2926664,-29.846483,3.604889e-06,30.15359878540039,-0.0001480717403537603,-0.00032842156528279645,-1.428842383842621,0.2799847412109377,0.004905148901968914,0.0
8433,801,759.8411,890.78296,-0.01125824,4.2627835,-29.825693,2.260208e-06,30.1287784576416,-0.00018429076368812862,-0.00024342535843691616,-1.4293069722947853,0.19998474121093768,0.011471820124330425,0.0
8434,801,760.0533,889.29266,-0.0112206265,4.205537,-29.791857,4.15802e-06,30.08722686767578,-0.0002881539974372829,-0.00015425681170109395,-1.430671043405124,0.11998474121093768,0.01321580645873155,0.0
8435,802,760.2627,887.80444,-0.01118187,4.138384,-29.743034,4.138946e-06,30.029556274414062,-0.0004245079102679212,-6.28232939217237e-05,-1.4331587021793668,0.039984741210937674,0.011954332201830734,0.0
8436,803,760.46906,886.3193,-0.011143035,4.0681224,-29.678854,3.2281876e-06,29.95636749267578,-0.000551274280627821,2.9325483111382904e-05,-1.4365046977729425,0.0,6.191353805334865e-08,0.0
8437,803,760.6728,884.8379,-0.011104507,4.0339503,-29.59581,2.799034e-06,29.869461059570312,-0.0005757752976379687,0.00012087821449139875,-1.4396498910203261,0.0,0.0,0.0
8438,804,760.8742,883.3608,-0.011067771,3.9855669,-29.504675,5.8603287e-06,29.772647857666016,-0.0005715143049124232,0.00020778178205635024,-1.4420557907491036,0.0,0.0,0.0
8439,805,761.0728,881.88824,-0.011034584,3.9307015,-29.408556,1.6355514e-06,29.67007827758789,-0.000586428007016867,0.00028610227108575605,-1.4438981655912204,0.0,0.0,0.0
8440,806,761.26825,880.42065,-0.011006508,3.8741472,-29.309381,1.1062622e-06,29.56431770324707,-0.0006103964568275801,0.0003526210586221619,-1.445312170971998,0.0,0.0,0.0
8441,806,761.46094,878.958,-0.010983582,3.8188238,-29.208296,2.1982194e-06,29.456884384155273,-0.0006301039139127478,0.0004062652242915878,-1.4463978085903688,0.0,0.0,0.0
8442,807,761.6507,877.5004,-0.010965309,3.766415,-29.105978,3.5619735e-06,29.348661422729492,-0.0006375607649649696,0.0004495382110391478,-1.4472323101179452,0.0,0.0,0.0
8443,808,761.83795,876.0481,-0.010951385,3.7177882,-29.002863,3.3140182e-06,29.24017906188965,-0.0006311691783487794,0.00048255916541507543,-1.4478738656245451,0.0,0.0,0.0
8444,809,762.0227,874.6007,-0.0109407045,3.6732783,-28.899221,1.3494491e-06,29.13173484802246,-0.000610929089045596,0.0005071162934608857,-1.4483670830584279,0.0,8.436385998585909e-05,0.0
8445,809,762.20544,873.15857,-0.010932922,3.63254,-28.79528,5.2309033e-06,29.023500442504883,-0.00058056892258153,0.0005257129405938205,-1.4487521761520534,0.0,0.0013761806626356155,0.0
8446,810,762.38605,871.7216,-0.0109272385,3.590486,-28.691763,2.8657912e-06,28.91554832458496,-0.0005528721772818686,0.0005389451646579546,-1.4491456582031126,0.0,0.0032539833150622144,0.0
8447,811,762.5645,870.2899,-0.0109231565,3.5446053,-28.589,5.1021575e-06,28.80790138244629,-0.0005406216687767947,0.0005486011066762215,-1.4497335510137475,0.0,0.003656503219187469,0.0
8448,811,762.7409,868.86334,-0.010920334,3.5000143,-28.486427,3.0612946e-06,28.700639724731445,-0.0005342299521234419,0.000555038401355066,-1.4505874936172816,0.0,0.00010452173903019446,0.0
8449,812,762.91547,867.4421,-0.010918503,3.470868,-28.382414,2.9325486e-06,28.59385108947754,-0.0004974784266082204,0.0005593299528138229,-1.4514257235703838,0.0,0.0,0.0
8450,813,763.0885,866.0258,-0.0109174345,3.4411166,-28.27889,3.0136107e-06,28.48748779296875,-0.00044954155949608474,0.0005619525423091704,-1.452066480128657,0.0,0.0,0.0
8451,813,763.26,864.61475,-0.010916748,3.411689,-28.175732,1.8978119e-06,28.381534576416016,-0.0004085288136902832,0.00056290623485969,-1.452552640185651,0.0,0.0,0.0
8452,814,763.43,863.20874,-0.010916672,3.3834164,-28.07285,3.0851363e-06,28.276002883911133,-0.0003739077845378344,0.0005635022601944742,-1.4529222869449538,0.0,0.000337750036577173,0.0
8453,815,763.5985,861.8079,-0.010916672,3.3553479,-27.970346,2.503395e-06,28.170883178710938,-0.0003456782119644132,0.0005635022601944742,-1.4532257541511684,0.0,0.001980693966204938,0.0
8454,815,763.7655,860.4122,-0.010916901,3.322404,-27.868814,2.1266937e-06,28.066158294677734,-0.00033396033567735517,0.0005624293885844303,-1.4536063198709408,0.0,0.003027275887804821,0.0
8455,816,763.93085,859.0216,-0.010917358,3.2871544,-27.76794,2.6082992e-06,27.961830139160156,-0.0003371561614947409,0.0005619525423091704,-1.4541968758426658,0.0,0.003223123236154352,0.0
8456,817,764.09454,857.6359,-0.0109178545,3.2520785,-27.667442,2.1076203e-06,27.857913970947266,-0.0003440803803289469,0.0005602836453643424,-1.455009406291249,0.0,0.0016129732754448958,0.0
8457,818,764.2567,856.25543,-0.010918579,3.2232234,-27.566637,3.30925e-06,27.75443458557129,-0.0003382213609121913,0.0005588531065385631,-1.4558891815573567,0.0,3.6683795875090686e-09,0.0
8458,818,764.41754,854.8799,-0.010919227,3.1994205,-27.465666,2.0885468e-06,27.651384353637695,-0.00031531817553750985,0.0005571842095937351,-1.4566307387628892,0.0,0.0,0.0
8459,819,764.577,853.50946,-0.010920028,3.1743155,-27.365252,4.5108795e-06,27.548744201660156,-0.00029188235794481255,0.0005555152476303259,-1.457187605746825,0.0,0.0,0.0
8460,820,764.7353,852.14386,-0.0109207155,3.1492894,-27.265219,2.155304e-06,27.446496963500977,-0.0002743055597688709,0.000553369504410238,-1.4576063878282397,0.0,0.0,0.0
8461,820,764.89215,850.7833,-0.010921478,3.1251235,-27.16549,1.130104e-06,27.344655990600586,-0.0002588592254464113,0.0005518197865249344,-1.4579199750465965,0.0,0.0,0.0
8462,821,765.04803,849.42786,-0.010922356,3.1022232,-27.066023,1.1062622e-06,27.24322509765625,-0.00024394550708732224,0.0005501508245615251,-1.4581563305933412,0.0,0.0,0.0
8463,822,765.2026,848.0773,-0.010923042,3.0807505,-26.966791,6.723404e-07,27.142196655273438,-0.00022743395709276694,0.0005480050813414373,-1.458333031331668,0.0,0.0,0.0
8464,822,765.3561,846.7316,-0.010923881,3.0607204,-26.867798,-9.536743e-09,27.04157066345215,-0.00020985707764359864,0.0005459785171808739,-1.458466189386172,0.0,0.0,0.0
8465,823,765.5087,845.391,-0.010924758,3.0420609,-26.769043,-4.2915342e-08,26.94133949279785,-0.00019121491750375333,0.0005439519530203104,-1.4585659247689953,0.0,0.0,0.0
8466,823,765.66046,844.05524,-0.010925484,3.024652,-26.670544,-1.1110305e-06,26.84150505065918,-0.0001720402064191188,0.0005422830235661918,-1.4586410259117355,0.0,0.0,0.0
8467,824,765.8112,842.72437,-0.010926399,3.0083532,-26.572313,1.2874602e-07,26.742063522338867,-0.00015339807878856412,0.0005400180362679984,-1.4586977512429542,0.0,0.0,0.0
8468,825,765.96124,841.3985,-0.0109272,2.99302,-26.474373,-9.2506406e-07,26.643020629882812,-0.00013475591052139615,0.0005384683183826947,-1.4587400955042866,0.0,0.0,0.0
8469,825,766.11053,840.07745,-0.010927925,2.9785166,-26.376722,-2.8133393e-06,26.544361114501953,-0.00011771171205417967,0.000536322575162607,-1.4587715208051495,0.0,0.0,0.0
8470,826,766.25903,838.7613,-0.01092884,2.9647183,-26.279388,-3.0851363e-06,26.44609260559082,-0.00010173273738638158,0.0005342960110020435,-1.4587954892549602,0.0,0.0,0.0
8471,827,766.40686,837.44995,-0.010929641,2.951513,-26.182373,-2.2649765e-06,26.348209381103516,-8.735168375459901e-05,0.0005327462931167398,-1.4588134655923182,0.0,0.0,0.0
8472,827,766.554,836.1437,-0.01093048,2.9388027,-26.08569,-3.77655e-06,26.250709533691406,-7.403587017688016e-05,0.0005306005173873614,-1.458826914555823,0.0,0.0,0.0
8473,828,766.7007,834.84204,-0.010931434,2.926504,-25.989347,-1.2254715e-06,26.153596878051758,-6.285059766220869e-05,0.0005289315879332427,-1.4588367682518564,0.0,0.0,0.0
8474,829,766.8468,833.5452,-0.01093216,2.914548,-25.893349,-6.6280364e-07,26.056861877441406,-5.273060177455291e-05,0.0005267858122038644,-1.4588447577351267,0.0,0.0,0.0
8475,829,766.99207,832.2532,-0.010932999,2.9028761,-25.797697,-2.002716e-07,25.960506439208984,-4.367581343167019e-05,0.0005251168827497458,-1.4588496845831433,0.0,0.0,0.0
8476,830,767.13684,830.96594,-0.010933723,2.8914404,-25.702402,-2.169609e-06,25.86452865600586,-3.621899082507764e-05,0.000522971139529658,-1.4588539456408873,0.0,0.0,0.0
8477,830,767.2811,829.6834,-0.010934486,2.880201,-25.607462,-2.026558e-06,25.76892852783203,-3.0360026267749986e-05,0.0005214213891350637,-1.458857008276141,0.0,0.0,0.0
8478,831,767.4249,828.4056,-0.010935325,2.8691266,-25.512878,-1.3589859e-06,25.6737003326416,-2.4501090156051656e-05,0.0005193948574837908,-1.4588592719630675,0.0,0.0,0.0
8479,832,767.56793,827.13257,-0.010936012,2.8581915,-25.418657,-3.352165e-06,25.578845977783203,-2.0240026316432875e-05,0.0005178451395984871,-1.458860736701667,0.0,0.0,0.0
8480,832,767.7107,825.8642,-0.010936852,2.8473732,-25.324797,-1.8501281e-06,25.484365463256836,-1.6511593678914614e-05,0.0005155801523002938,-1.4588627340724847,0.0,0.0,0.0
8481,833,767.85284,824.6005,-0.010937653,2.836653,-25.231297,-9.155273e-07,25.3902530670166,-1.3315818657295517e-05,0.0005139112228461751,-1.4588640656530296,0.0,0.0,0.0
8482,833,767.99426,823.34155,-0.010938492,2.826022,-25.138151,-1.87397e-06,25.2965030670166,-1.0652613882856968e-05,0.0005118846586856117,-1.4588643319691388,0.0,1.1129121368732596e-05,0.0
8483,834,768.1353,822.0872,-0.010939293,2.8154244,-25.045374,-8.869171e-07,25.203123092651367,-9.05472637204742e-06,0.0005102157292314931,-1.4588656635496837,0.0,7.823211050798042e-05,0.0
8484,835,768.2758,820.83746,-0.010940132,2.8046222,-24.952982,-1.2540817e-06,25.1101016998291,-7.989467523550055e-06,0.0005081891650709296,-1.458872854084627,0.0,0.00010811703072022277,0.0
8485,835,768.4157,819.5924,-0.010940818,2.7937768,-24.860964,-3.4999846e-06,25.01744842529297,-7.456838353280207e-06,0.0005066394471856259,-1.4588890993672765,0.0,0.0001140394288366028,0.0
8486,836,768.55505,818.35187,-0.010941544,2.782948,-24.769306,-3.323555e-06,24.925155639648438,-7.456838353280207e-06,0.0005044936714562474,-1.4589138667654142,0.0,0.00012268849233713032,0.0
8487,836,768.694,817.1159,-0.010942345,2.7720816,-24.678017,-1.1873245e-06,24.833223342895508,-7.989496477137042e-06,0.0005028247420021288,-1.4589459578565496,0.0,0.00012961875550221314,0.0
8488,837,768.8323,815.8845,-0.010943069,2.7611618,-24.587093,-2.155304e-06,24.741647720336914,-8.522096693819905e-06,0.0005011558125480102,-1.4589841742181924,0.0,0.0001385136822949351,0.0
8489,838,768.97,814.6577,-0.01094387,2.7501714,-24.496534,-3.1614302e-06,24.650428771972656,-9.58738398794659e-06,0.0004996060946627066,-1.4590278500600695,0.0,0.00015638721280120815,0.0
8490,838,769.1073,813.43536,-0.010944709,2.7390702,-24.40635,-2.3031234e-06,24.559568405151367,-1.065265756721628e-05,0.0004974603514426187,-1.4590769853821817,0.0,0.00015638721280120815,0.0
8491,839,769.244,812.2176,-0.010945511,2.727936,-24.31652,-1.3542175e-06,24.469058990478516,-1.1717915907755978e-05,0.0004957914219885001,-1.4591311807103646,0.0,0.00015638721280120815,0.0
8492,839,769.38007,811.00415,-0.010946159,2.7167642,-24.22705,-1.9788743e-06,24.3789005279541,-1.3315832880110176e-05,0.0004938840693967517,-1.4591884386738014,0.0,0.00015638721280120815,0.0
8493,840,769.5157,809.7952,-0.010946884,2.7055576,-24.137934,-2.1457672e-06,24.28908920288086,-1.4913690929375073e-05,0.0004922151399426331,-1.4592484929563827,0.0,0.00022901962366753104,0.0
8494,840,769.6507,808.59076,-0.01094757,2.6940248,-24.049208,-1.6641617e-06,24.199630737304688,-1.651157844018462e-05,0.0004905462104885143,-1.4593149388255802,0.0,0.0005755955567602523,0.0
8495,841,769.78503,807.3907,-0.010948409,2.681072,-23.96099,2.3841856e-08,24.11052131652832,-2.1837929065972417e-05,0.0004888772810343957,-1.4594137421020221,0.0,0.0007114463264763928,0.0
8496,841,769.9188,806.19507,-0.010949173,2.667658,-23.87317,-2.8610228e-07,24.021753311157227,-2.8762139772855772e-05,0.00048673150530501735,-1.4595628791230666,0.0,0.0007331122287829744,0.0
8497,842,770.0519,805.0038,-0.010949898,2.6540737,-23.785717,-3.6430358e-06,23.933332443237305,-3.56863464160778e-05,0.00048518178741971364,-1.4597546267215522,0.0,0.0007626782298763699,0.0
8498,843,770.18427,803.81696,-0.010950584,2.6401062,-23.698652,-2.837181e-06,23.845256805419922,-4.314321372294499e-05,0.000483512857965595,-1.459980462781991,0.0,0.0009953700035261535,0.0
8499,843,770.316,802.63446,-0.010951423,2.6248453,-23.612072,-1.001358e-07,23.75752067565918,-5.1665312956553224e-05,0.00048148629380503156,-1.4602490425779255,0.0,0.001539210366855789,0.0
8500,844,770.44696,801.4562,-0.010952072,2.6070654,-23.526108,-2.7513504e-06,23.67011833190918,-6.604640316128777e-05,0.0004799365759197279,-1.4605952535196358,0.0,0.00213513644376917,0.0
8501,844,770.57697,800.28235,-0.010952759,2.5866299,-23.440765,-1.5830993e-06,23.58304786682129,-8.68190434092605e-05,0.0004783868580344242,-1.4610654346100893,0.0,0.0033348539293056255,0.0
8502,845,770.70575,799.11255,-0.010953445,2.5609148,-23.356318,-3.4046172e-06,23.496294021606445,-0.00011824437678148617,0.00047671792858030557,-1.4617356190984077,0.0,0.004113911173876489,0.0
8503,845,770.83344,797.947,-0.010954246,2.5316126,-23.272566,-1.5068053e-06,23.40985679626465,-0.0001587244009687226,0.00047504899912618695,-1.4626593365225016,0.0,0.00422848443019819,0.0
8504,846,770.9596,796.78577,-0.010954971,2.5008261,-23.189287,-1.1062622e-06,23.323747634887695,-0.00020026974648324936,0.0004733800696720683,-1.4638107542197973,0.0,0.00036617266688928653,0.0
8505,847,771.08466,795.6287,-0.010955696,2.4841566,-23.10486,-4.4345856e-07,23.238021850585938,-0.00020612865211748772,0.00047183035178676466,-1.464861504427888,0.0,2.436656041027163e-05,0.0
8506,847,771.20874,794.4758,-0.010956382,2.4652307,-23.021008,-2.1934509e-06,23.15262794494629,-0.00019707393692050895,0.00046980378762620116,-1.465626364292959,0.0,0.0004574812955979722,0.0
8507,848,771.3316,793.327,-0.010957031,2.4431818,-22.937807,-2.5081633e-06,23.067556381225586,-0.00019600868873912258,0.0004682540697408975,-1.4661998760337074,0.0,0.0007451611401922923,0.0
8508,848,771.45325,792.18256,-0.010957794,2.4203525,-22.85501,-2.1362305e-06,22.98280906677246,-0.00020080239495591054,0.0004665851402867789,-1.4666793781879763,0.0,0.0010619649625919732,0.0
8509,849,771.5739,791.0421,-0.010958442,2.3972554,-22.77256,-3.2567978e-06,22.898391723632812,-0.00020719393280816474,0.0004650354224014752,-1.467128253989709,0.0,0.006834671660572913,0.0
8510,849,771.6929,789.90576,-0.010959167,2.3516421,-22.69261,-2.2172928e-06,22.81413459777832,-0.0002609898030824107,0.0004633664929473566,-1.467964752888103,0.0,0.011592848295095508,0.0
8511,850,771.80945,788.77344,-0.010959702,2.2899804,-22.614298,-3.1661987e-06,22.72994613647461,-0.00036698353319433773,0.0004616975634932379,-1.4696807607364955,0.0,0.013019768245095667,0.0
8512,850,771.9231,787.6451,-0.010960312,2.2239397,-22.536543,-2.4175642e-06,22.646007537841797,-0.00048682584726648476,0.00046062465937390343,-1.4723436555104659,0.0,0.013628386519866567,0.0
8513,851,772.0338,786.5205,-0.010960883,2.1526823,-22.459396,-1.206398e-06,22.562326431274414,-0.0006034723030119553,0.0004595517877638595,-1.475781530161649,0.0,0.013628386519866567,0.0
8514,851,772.1409,785.3999,-0.010961342,2.0760126,-22.38283,-2.4414062e-06,22.478899002075195,-0.0007147924365772675,0.00045800206987855585,-1.4797894544441639,0.0,0.013727344406089729,0.0
8515,852,772.24426,784.2829,-0.010962028,1.9922489,-22.306885,-2.822876e-06,22.395673751831055,-0.0008255798729059825,0.0004564523519932522,-1.4842000486834985,0.0,0.013727344406089729,0.0
8516,852,772.3433,783.16974,-0.010962601,1.9018235,-22.231438,-6.6280364e-07,22.312637329101562,-0.0009374327037078919,0.00045490263410794847,-1.488892005892,0.0,0.013727344406089729,0.0
8517,853,772.43787,782.0606,-0.010963211,1.8053199,-22.156359,-3.7288664e-06,22.229785919189453,-0.001048752837273204,0.00045382972998861393,-1.493776110173151,0.0,0.01400101543321122,0.0
8518,853,772.5274,780.9549,-0.010963859,1.7025392,-22.08156,-3.519058e-06,22.147098541259766,-0.0011595403386205003,0.00045228001210331027,-1.4988072209464742,0.0,0.014090548443315115,0.0
8519,854,772.6117,779.853,-0.010964394,1.5953152,-22.006853,-3.4475327e-06,22.06460189819336,-0.001265534150005654,0.00045061108264919165,-1.503954445543325,0.0,0.014090548443315115,0.0
8520,854,772.6906,778.7548,-0.010965118,1.4848243,-21.932116,-2.1076203e-06,21.98232078552246,-0.0013630057158653915,0.0004495382110391478,-1.5091822307631504,0.0,0.021404856501293854,0.0
8521,855,772.76324,777.66046,-0.010965462,1.3430613,-21.858019,-2.0360947e-06,21.899242401123047,-0.001510544580181456,0.00044834612786028895,-1.514936922404648,0.0,0.03179096415345839,0.0
8522,855,772.82837,776.56976,-0.010965156,1.1626804,-21.783504,-3.0851363e-06,21.814510345458984,-0.001749696966219222,0.000448942153195073,-1.5220591472659015,0.0,0.038489750341790335,0.0
8523,856,772.8845,775.4828,-0.010964355,0.95880353,-21.707493,-3.5762787e-06,21.728656768798828,-0.0020458400893245457,0.00045061108264919165,-1.5310316032944875,0.0,0.040360195694308196,0.0
8524,856,772.93097,774.3997,-0.010963631,0.74500227,-21.629786,-5.8746336e-06,21.64261245727539,-0.002342516494833698,0.00045275685837857006,-1.5417192682231389,0.0,0.03811112238903266,0.0
8525,857,772.9672,773.3206,-0.010963249,0.53079545,-21.550556,-5.722046e-06,21.557092666625977,-0.002597114955119598,0.0004533529162226448,-1.5535495624174889,0.0,0.026901447138771736,0.0
8526,857,772.9937,772.2453,-0.0109637445,0.3458554,-21.471056,-3.7527084e-06,21.47384262084961,-0.0027387948650374884,0.00045228001210331027,-1.5653717339705142,0.0,0.024665082088042124,0.0
8527,858,773.01056,771.1739,-0.010964813,0.15255266,-21.390001,-4.4488906e-06,21.390544891357422,-0.0028293423421001827,0.00045001505731440757,-1.576527449460747,0.0,0.02815155781590139,0.0
8528,858,773.0166,770.1066,-0.010965728,-0.06387489,-21.306025,-3.1137465e-06,21.306119918823242,-0.0029518472320951773,0.00044786928158502916,-1.5873143171400041,0.0,0.030628555170686154,0.0
8529,859,773.0117,769.04364,-0.01096611,-0.29193863,-21.21912,-3.709793e-06,21.221128463745117,-0.003104713718963026,0.0004467963774656946,-1.5981394011809036,0.0,0.032490581526133155,0.0
8530,859,772.9951,767.98505,-0.0109664155,-0.52660763,-21.129343,-4.3678283e-06,21.13590431213379,-0.0032618399632033763,0.00044620035213091053,-1.6092052349843464,0.0,0.03361917759912103,0.0
8531,860,772.9671,766.9309,-0.0109664155,-0.76455975,-21.036812,-5.1259995e-06,21.050701141357422,-0.0034061830342113457,0.00044620035213091053,-1.6205821260031104,0.0,0.034807758123826964,0.0
8532,860,772.92706,765.8815,-0.010966339,-1.0063422,-20.941309,-3.2281876e-06,20.96547508239746,-0.0035356126631891967,0.00044620035213091053,-1.6322909800517527,0.0,0.036791309762162716,0.0
8533,861,772.875,764.8368,-0.010966339,-1.2550676,-20.842216,-3.8433072e-06,20.87997055053711,-0.003659715969986889,0.00044620035213091053,-1.6443957129964355,0.0,0.038329257029602104,0.0
8534,861,772.81036,763.7971,-0.010966034,-1.5089908,-20.739485,-2.0599364e-06,20.794307708740234,-0.0037806234834764866,0.0004467963774656946,-1.6569491885847965,0.0,0.038329257029602104,0.0
8535,862,772.73334,762.7624,-0.010965957,-1.7630277,-20.633728,-4.3535233e-06,20.708911895751953,-0.0038871494069310057,0.0004472732237409544,-1.6698733761968965,0.0,0.038329257029602104,0.0
8536,862,772.6437,761.7332,-0.010965919,-2.0181515,-20.524727,-2.3031234e-06,20.623708724975586,-0.003978229256137391,0.0004472732237409544,-1.683046569370919,0.0,0.037239713181046914,0.0
8537,863,772.5414,760.7094,-0.010966072,-2.270587,-20.41309,-2.3031234e-06,20.538982391357422,-0.004049069861282149,0.0004467963774656946,-1.6963161689764021,0.0,0.03803859518405796,0.0
8538,863,772.42633,759.69116,-0.010966454,-2.5271614,-20.297436,-6.6709517e-06,20.45415496826172,-0.004113519399959367,0.00044620035213091053,-1.7096396975939596,0.0,0.03901813251607635,0.0
8539,864,772.2984,758.67883,-0.0109666055,-2.7870355,-20.17767,-1.6784668e-06,20.369239807128906,-0.004180630539280713,0.00044572350585565074,-1.723080272141426,0.0,0.03973759575115073,0.0
8540,864,772.15753,757.6724,-0.010966758,-3.048377,-20.054024,-4.0006635e-06,20.28438949584961,-0.004246143261799362,0.00044524665958039095,-1.736674777399899,0.0,0.04594564042548663,0.0
8541,865,772.0031,756.6723,-0.0109664155,-3.3297524,-19.921444,-3.118515e-06,20.19780158996582,-0.004349474172168762,0.00044620035213091053,-1.7507614348278187,0.0,0.07225139519293315,0.0
8542,865,771.83325,755.67926,-0.010963287,-3.689571,-19.760054,-5.288124e-06,20.101558685302734,-0.004631237135647795,0.00045275685837857006,-1.7668248235748496,0.0,0.07901067031146651,0.0
8543,865,771.64606,754.69446,-0.010958442,-4.0623083,-19.586483,-1.1892318e-05,20.00331687927246,-0.0050099381225084125,0.0004639625182821407,-1.7858240811075838,0.0,0.08037540325312875,0.0
8544,866,771.4413,753.7182,-0.010954056,-4.4377403,-19.404202,-1.5640258e-05,19.905189514160156,-0.005362008538765538,0.0004744529412821122,-1.8072389589070745,0.0,0.08099762463250365,0.0
8545,866,771.21826,752.751,-0.010950775,-4.8211308,-19.21066,-1.6984939e-05,19.80638313293457,-0.0056767936594642535,0.00048255916541507543,-1.8304353583177737,0.0,0.08099762463250365,0.0
8546,867,770.9761,751.7934,-0.010948372,-5.2136216,-19.00432,-1.2712479e-05,19.706497192382812,-0.005967610330352256,0.000488400434759136,-1.854893430294898,0.0,0.08099762463250365,0.0
8547,867,770.7146,750.8461,-0.0109466165,-5.61544,-18.783796,-1.294136e-05,19.605207443237305,-0.006245643828007878,0.0004928111652774171,-1.880216763310189,0.0,0.08099762463250365,0.0
8548,868,770.4328,749.91,-0.0109453965,-6.0249963,-18.548485,-1.1968613e-05,19.502483367919922,-0.006514089945739215,0.0004963874473232843,-1.9061231954461528,0.0,0.08099762463250365,0.0
8549,868,770.13043,748.98566,-0.010944405,-6.4398737,-18.298326,-1.3661384e-05,19.398473739624023,-0.006769753930535472,0.0004985332230526627,-1.9324129896210334,0.0,0.08099762463250365,0.0
8550,869,769.80725,748.07404,-0.010943489,-6.857401,-18.033644,-1.3008117e-05,19.293424606323242,-0.007008372644057921,0.0005000829409379663,-1.9589400714490401,0.0,0.08099762463250365,0.0
8551,869,769.46313,747.17566,-0.01094284,-7.2749486,-17.755013,-8.993148e-06,19.18763542175293,-0.007225155517236323,0.0005022287166673448,-1.9856044392312406,0.0,0.08099762463250365,0.0
8552,870,769.098,746.2914,-0.01094223,-7.690097,-17.463167,-1.1863708e-05,19.08139991760254,-0.007416369443206712,0.0005038976461214634,-2.012330192876567,0.0,0.08099762463250365,0.0
8553,870,768.71234,745.4217,-0.010941391,-8.100725,-17.15893,-8.497238e-06,18.975000381469727,-0.007580421206652893,0.0005049705177315073,-2.039064468637382,0.0,0.08099762463250365,0.0
8554,871,768.30615,744.5673,-0.010940971,-8.504998,-16.843182,-1.0604858e-05,18.868698120117188,-0.00771677505446495,0.0005066394471856259,-2.06577104752286,0.0,0.08099762463250365,0.0
8555,871,767.8797,743.72876,-0.010940361,-8.901392,-16.516792,-7.9488755e-06,18.762706756591797,-0.007825429946345582,0.0005077123513049604,-2.0924205016029562,0.0,0.08099762463250365,0.0
8556,871,767.4335,742.9064,-0.010940017,-9.288644,-16.18064,-3.98159e-06,18.657222747802734,-0.00790799002073264,0.0005086660113461894,-2.118993123485603,0.0,0.08099762463250365,0.0
8557,872,766.9681,742.101,-0.010939674,-9.665723,-15.835567,-3.77655e-06,18.552396774291992,-0.007966579564714383,0.0005097388829562332,-2.145474798417024,0.0,0.08099762463250365,0.0
8558,872,766.4841,741.31287,-0.010939445,-10.031828,-15.482364,-3.7002562e-06,18.44833755493164,-0.008003331187757477,0.0005108117870755678,-2.171856471649513,0.0,0.08099762463250365,0.0
8559,873,765.98175,740.5424,-0.010939407,-10.386326,-15.121794,-8.1062313e-07,18.34514617919922,-0.008020374378436683,0.0005108117870755678,-2.198130553173962,0.0,0.08099762463250365,0.0
8560,873,765.4619,739.7899,-0.010939369,-10.728742,-14.754565,5.2452087e-08,18.242891311645508,-0.008020906490506048,0.0005108117870755678,-2.224291716668192,0.0,0.08099762463250365,0.0
8561,874,764.9249,739.05566,-0.010939445,-11.05872,-14.381349,2.2172928e-06,18.14162254333496,-0.008006527501214222,0.0005102157292314931,-2.250338364235548,0.08,0.052346156706391866,0.0
8562,874,764.3731,738.3383,-0.0109441755,-11.313766,-14.073192,7.572174e-06,18.057022094726562,-0.007783886193786296,0.0005006789987820411,-2.2747116145319537,0.16,0.0023461567063918637,0.0
8563,875,763.81006,737.6345,-0.010955581,-11.445936,-13.88225,2.8157234e-05,17.992395401000977,-0.0071303469824295015,0.00047504899912618695,-2.2938749227878366,0.24,0.003149581058477434,0.0
8564,875,763.2383,736.9421,-0.010971069,-11.596938,-13.681637,4.240513e-05,17.935333251953125,-0.006404369269273902,0.00043833251862628655,-2.3071092355088765,0.32,0.015006960496801145,0.0
8565,876,762.6566,736.26117,-0.010988274,-11.774906,-13.463482,3.19767e-05,17.886133193969727,-0.005890379178888609,0.000396251647566876,-2.3170508158581424,0.4,0.021036470327623742,0.0
8566,876,762.0657,735.59106,-0.011007042,-11.948282,-13.259694,2.2330283e-05,17.848834991455078,-0.00551061292759196,0.0003499984691268143,-2.325623797723216,0.48000000000000004,0.00014006342327640628,0.0
8567,876,761.4678,734.92926,-0.011029396,-12.045375,-13.145894,2.547264e-05,17.829906463623047,-0.004966794912849129,0.00029671190565454253,-2.3321773045336833,0.56,0.0,0.0
8568,877,760.86426,734.27325,-0.011054649,-12.138192,-13.05249,2.2320746e-05,17.82423210144043,-0.004355866278933602,0.00023710725907224116,-2.3364183885696344,0.64,0.0,0.0
8569,877,760.256,733.6217,-0.011081505,-12.223177,-12.984024,1.8663406e-05,17.832300186157227,-0.0037806229633278363,0.00017261503569639884,-2.339127888662681,0.72,0.0,0.0
8570,878,759.6434,732.9731,-0.011110268,-12.3007345,-12.941194,1.6555785e-05,17.854482650756836,-0.003249056789970996,0.00010442733496051972,-2.340838437030839,0.7999999999999999,2.4528499805169456e-05,0.0
8571,878,759.0267,732.32623,-0.011140212,-12.373303,-12.922551,8.40187e-06,17.89108657836914,-0.0027595672614657814,3.3020970630573006e-05,-2.341912489898468,0.8799999999999999,0.005298155957916606,0.0
8572,879,758.40607,731.68024,-0.011171569,-12.459129,-12.910799,8.5115435e-06,17.94209098815918,-0.0023606257301719115,-4.172324854394965e-05,-2.3429476606141817,0.9599999999999999,0.01839174355425223,0.0
8573,879,757.78046,731.03467,-0.011203499,-12.5803,-12.88362,6.818771e-07,18.006988525390625,-0.0021310608540955935,-0.00011813639717259093,-2.3450981631944208,0.9999847412109375,0.03422353486166685,0.0
8574,880,757.14856,730.3907,-0.011236,-12.741059,-12.83385,-1.077652e-06,18.08431053161621,-0.0020980381767272613,-0.00019502638801283066,-2.3496353907435887,0.9999847412109375,0.03841674341204544,0.0
8575,880,756.5089,729.7481,-0.011267815,-12.910538,-12.789495,-7.2288512e-06,18.172870635986328,-0.002150236004055652,-0.0002707242875468889,-2.3567502919118444,0.9999847412109375,0.0388414713455757,0.0
8576,880,755.8613,729.1071,-0.011298218,-13.085414,-12.748525,-5.2261353e-06,18.26890754699707,-0.0022130873860044973,-0.0003426074818974501,-2.3657903922321184,0.9999847412109375,0.0388414713455757,0.0
8577,881,755.20496,728.4678,-0.011325378,-13.268884,-12.703276,-3.5095213e-06,18.369443893432617,-0.0022849922152879862,-0.0004072189168421074,-2.376125321474389,0.9999847412109375,0.0388414713455757,0.0
8578,881,754.5394,727.8306,-0.011348877,-13.462046,-12.649476,-3.7431716e-06,18.472572326660156,-0.002377670481297069,-0.0004626512235344669,-2.3873271096514803,0.9999847412109375,0.0388414713455757,0.0
8579,882,753.86414,727.1963,-0.011368561,-13.664285,-12.585571,-2.8991699e-06,18.577117919921875,-0.00249484878903758,-0.0005089044344838193,-2.39911719011337,0.9999847412109375,0.0388414713455757,0.0
8580,882,753.1785,726.56525,-0.011384506,-13.874313,-12.511384,-6.456375e-06,18.6823787689209,-0.0026301373724136054,-0.0005463361193780281,-2.411313402641497,0.9999847412109375,0.0388414713455757,0.0
8581,883,752.4823,725.93805,-0.011396942,-14.090683,-12.42736,-7.2622297e-06,18.787939071655273,-0.0027760786001499475,-0.0005762576704926391,-2.4237967039351345,0.9999847412109375,0.0388414713455757,0.0
8582,883,751.7752,725.31525,-0.011407051,-14.312042,-12.334186,-4.849434e-06,18.89356231689453,-0.002924683249050694,-0.0005996226828502998,-2.4364893296904517,0.9999847412109375,0.0388414713455757,0.0
8583,884,751.05695,724.69714,-0.011414604,-14.53721,-12.232573,-5.6695935e-06,18.999114990234375,-0.0030700913244203704,-0.0006177425162172654,-2.4493393482661934,0.9999847412109375,0.0388414713455757,0.0
8584,884,750.3271,724.0843,-0.011420441,-14.765201,-12.123193,-5.00679e-06,19.104528427124023,-0.003208043068886475,-0.0006315707981254743,-2.4623129375165145,0.9999847412109375,0.00177875970271614,0.0
8585,885,749.5879,723.4745,-0.011426658,-14.909823,-12.123288,1.4781951e-06,19.216581344604492,-0.0030360036426903317,-0.000645637503171313,-2.4730020671837654,0.9999847412109375,4.31588146935038e-06,0.0
8586,885,748.8402,722.86615,-0.011432037,-15.064856,-12.108751,4.9495698e-06,19.328004837036133,-0.0027510448859032026,-0.0006582736693913723,-2.4802621106314304,0.9999847412109375,0.0,0.0
8587,886,748.0841,722.2595,-0.011436577,-15.221436,-12.091237,5.1259995e-06,19.439395904541016,-0.0025177524945609116,-0.0006686448483132383,-2.4851407554323464,0.9999847412109375,3.323879755779968e-05,0.0
8588,886,747.31976,721.6543,-0.011440124,-15.372019,-12.08083,2.9563903e-06,19.551097869873047,-0.002317482520512628,-0.0006768702840150165,-2.48841750883758,0.9999847412109375,0.005164906918857332,0.0
8589,887,746.5474,721.0498,-0.011442527,-15.526045,-12.064752,4.272461e-06,19.662561416625977,-0.002164084571761226,-0.0006829499764967068,-2.4909674855813306,0.9999847412109375,0.019276235647940284,0.0
8590,887,745.767,720.44696,-0.011443595,-15.701675,-12.016691,1.1253356e-06,19.77229118347168,-0.0021310612442070813,-0.0006859302332077898,-2.4942176073756634,0.9999847412109375,0.034971975515816295,0.0
8591,888,744.9777,719.8467,-0.011443176,-15.8987875,-11.934022,4.673004e-07,19.879444122314453,-0.0022429134898417588,-0.0006849765406572703,-2.4996320801879035,0.9999847412109375,0.041948940752214246,0.0
8592,888,744.1792,719.2499,-0.011441688,-16.10081,-11.840507,-3.5381315e-06,19.985836029052734,-0.002418683162084289,-0.0006818771048866629,-2.5077075835613507,0.9999847412109375,0.04506351890499782,0.0
8593,889,743.3711,718.6572,-0.011440124,-16.306562,-11.737803,-4.5633315e-06,20.09178924560547,-0.0026024410172254316,-0.0006783008228407958,-2.5181338592290112,0.9999847412109375,0.04601966580131147,0.0
8594,889,742.553,718.0693,-0.011438903,-16.516975,-11.6240425,-3.4475327e-06,20.197248458862305,-0.002784600715638201,-0.0006750821429920828,-2.5303836012950485,0.9999847412109375,0.04643236617142866,0.0
8595,890,741.72437,717.48694,-0.011437912,-16.733887,-11.495343,-6.752014e-06,20.301868438720703,-0.002973685413108152,-0.0006724595534967352,-2.5439662554866707,0.9999847412109375,0.028044947171261797,0.0
8596,890,740.8857,716.90967,-0.011438255,-16.92243,-11.41112,-8.0585477e-07,20.410348892211914,-0.0030301441681435067,-0.0006732940019691493,-2.5573369220555224,0.9999847412109375,0.0009365177277076663,0.0
8597,891,740.03827,716.3357,-0.011440239,-17.066156,-11.396459,2.6655196e-06,20.52152442932129,-0.0028293423421001827,-0.0006771087071526463,-2.5679224547563697,0.9999847412109375,0.0009883591845681182,0.0
8598,891,739.18256,715.7642,-0.011442184,-17.224401,-11.3571,3.3664703e-06,20.63161849975586,-0.002604038653805154,-0.0006814002586114031,-2.5753201836323916,0.9999847412109375,0.037749406514078,0.0
8599,892,738.3167,715.19806,-0.01144165,-17.449251,-11.198269,-8.5830685e-08,20.733489990234375,-0.0027121629940623708,-0.000681042656414249,-2.582615114490337,0.9999847412109375,0.05760661628324736,0.0
8600,892,737.4397,714.6404,-0.011438484,-17.696045,-10.987522,-4.9304963e-06,20.829681396484375,-0.0031089742565585028,-0.000674009271382039,-2.5929726806018727,0.9999847412109375,0.06763969983411744,0.0
8601,893,736.5509,714.0926,-0.011433678,-17.948114,-10.754614,-1.0118484e-05,20.923587799072266,-0.0035702332372115763,-0.0006633996693225431,-2.6070075395465904,0.9999847412109375,0.07001813343203889,0.0
8602,893,735.65015,713.5553,-0.011429443,-18.200195,-10.510626,-1.1472702e-05,21.01714515686035,-0.003993676370682825,-0.0006533860925978314,-2.6242363275866403,0.9999847412109375,0.07107942733870733,0.0
8603,894,734.737,713.0299,-0.011426125,-18.455431,-10.247099,-1.3785362e-05,21.1093807220459,-0.004375573671000188,-0.0006449222337584232,-2.6439090985590554,0.9999847412109375,0.06492159675007164,0.0
8604,894,733.81146,712.5169,-0.011423988,-18.706827,-9.980027,-1.0986328e-05,21.20250701904297,-0.0046940872172250145,-0.0006399154128867768,-2.6650269007389475,0.9999847412109375,0.014921596750071639,0.0
8605,895,732.8746,712.01434,-0.01142662,-18.895876,-9.850056,-1.7261505e-06,21.309099197387695,-0.004630171351063113,-0.0006448029896803177,-2.684053855147019,0.9999847412109375,0.0,0.0
8606,895,731.92755,711.5193,-0.011431159,-19.074902,-9.735858,5.85556e-06,21.41585350036621,-0.0043207115122472555,-0.0006543397851483509,-2.6982301279456196,0.9999847412109375,0.0,0.0
8607,896,730.9705,711.03235,-0.011434974,-19.261517,-9.5998745,9.388923e-06,21.521236419677734,-0.004055461968046989,-0.000663638092460173,-2.7082808978995785,0.9999847412109375,0.0,0.0
8608,896,730.0037,710.5531,-0.011438179,-19.444613,-9.46702,8.244514e-06,21.62677574157715,-0.0038535940973446576,-0.0006716251050243213,-2.715393668538962,0.9999847412109375,0.0,0.0
8609,897,729.0276,710.08105,-0.011440773,-19.61914,-9.349779,7.5292587e-06,21.733131408691406,-0.003655987284386453,-0.000677823976565536,-2.7204078682393633,0.9999847412109375,0.0,0.0
8610,897,728.04266,709.6148,-0.011442413,-19.783224,-9.2535515,8.583069e-06,21.840425491333008,-0.0034280209551499955,-0.0006822347070838172,-2.723927501936012,0.9999847412109375,0.0,0.0
8611,898,727.04974,709.15326,-0.011443672,-19.936718,-9.179569,6.971359e-06,21.94851303100586,-0.0031617045860677464,-0.0006852149637949002,-2.7263887954154633,0.9999847412109375,0.0,0.0
8612,898,726.0492,708.69507,-0.011444396,-20.08039,-9.1266985,8.34465e-06,22.05716896057129,-0.0028655613329252603,-0.0006871222838773581,-2.7281068006346736,0.9999847412109375,0.0,0.0
8613,899,725.0416,708.2392,-0.011445007,-20.215422,-9.092627,6.1464307e-06,22.16617202758789,-0.0025534385930936483,-0.0006881952205059832,-2.729304690492991,0.9999847412109375,0.0,0.0
8614,899,724.0276,707.78467,-0.011445007,-20.34313,-9.074587,5.8841706e-06,22.275346755981445,-0.0022397174364593383,-0.0006887912458407674,-2.73013985781084,0.9999847412109375,0.0,0.0
8615,900,723.00714,707.3309,-0.011444931,-20.46479,-9.069814,4.196167e-06,22.38457489013672,-0.0019377154889930032,-0.0006890296689783973,-2.7307236227217855,0.9999847412109375,-1.317415044293698e-06,0.0
8616,900,721.9808,706.87683,-0.011444931,-20.581545,-9.075781,4.4107437e-06,22.493772506713867,-0.0016554205434817666,-0.0006890296689783973,-2.7311318853168944,0.9999847412109375,-0.0013478348448116263,0.0
8617,901,720.9487,706.4223,-0.011445007,-20.692152,-9.095461,4.2152406e-06,22.602933883666992,-0.0013869740356389421,-0.0006889104249002916,-2.7313244318637073,0.9999847412109375,-0.01914293941701073,0.0
8618,901,719.91187,705.9654,-0.01144474,-20.769623,-9.1880045,3.6764145e-06,22.711156845092773,-0.0009917610599083457,-0.0006881952205059832,-2.7300961819689626,0.9999847412109375,-0.030397030458450502,0.0
8619,902,718.8712,705.5035,-0.0114442445,-20.827314,-9.3208475,9.965896e-07,22.81787109375,-0.0004825647245037767,-0.0006866455026206796,-2.7262180867895895,0.9999847412109375,-0.01765611579511247,0.0
8620,903,717.82684,705.0369,-0.011443901,-20.904903,-9.412666,1.7881393e-06,22.926258087158203,-0.00010226537773172009,-0.0006862878354049441,-2.7207727213087045,0.9999847412109375,-2.481936584065869e-07,0.0
8621,903,716.778,704.56696,-0.011444206,-21.003752,-9.457794,9.202957e-07,23.0349178314209,3.692525922811851e-05,-0.0006866455026206796,-2.7160413493160696,0.9999847412109375,0.0,0.0
8622,904,715.72473,704.09344,-0.0114442445,-21.091797,-9.526221,-1.3971328e-06,23.143310546875,0.0001140175350657689,-0.0006866455026206796,-2.7126897610842047,0.9999847412109375,0.0,0.0
8623,904,714.6675,703.6158,-0.01144413,-21.175005,-9.604655,-8.0585477e-07,23.25145721435547,0.00020930492359654725,-0.000686526258542574,-2.7103102266502193,0.9999847412109375,0.0,0.0
8624,905,713.6063,703.134,-0.011443939,-21.256771,-9.685673,-1.8072128e-06,23.35942268371582,0.0003050292126116987,-0.0006861686563454198,-2.708618054093583,0.9999847412109375,0.0,0.0
8625,905,712.5409,702.64813,-0.011443672,-21.338963,-9.765298,-1.888275e-06,23.467260360717773,0.00038170305730572673,-0.00068569181007016,-2.707413772648649,0.9999847412109375,0.0,0.0
8626,906,711.47156,702.1582,-0.011443481,-21.422497,-9.84158,-1.9788743e-06,23.574989318847656,0.0004310428953651702,-0.0006852149637949002,-2.706555702145425,0.9999847412109375,0.0,0.0
8627,906,710.398,701.66437,-0.0114434045,-21.507748,-9.913761,-3.3426284e-06,23.682607650756836,0.00045309082632142146,-0.000684618938460116,-2.705943707726925,0.9999847412109375,0.0,0.0
8628,907,709.3201,701.16693,-0.0114431,-21.594769,-9.981757,-2.1409987e-06,23.79011344909668,0.00045210091842111735,-0.0006840228481067507,-2.705506416675934,0.9999847412109375,0.0,0.0
8629,907,708.23785,700.6661,-0.011442871,-21.683432,-10.045835,-8.821487e-07,23.897489547729492,0.0004337865494588998,-0.0006834268227719667,-2.7051940278800677,0.9999847412109375,0.0,0.0
8630,908,707.1512,700.1622,-0.011442756,-21.773546,-10.106429,-3.528595e-07,24.00473403930664,0.0004037238755135755,-0.0006827115533590769,-2.7049705886646103,0.9999847412109375,0.0,0.0
8631,909,706.06,699.6554,-0.011442337,-21.864887,-10.164028,-2.9087066e-06,24.111839294433594,0.00036676357533379724,-0.0006822347070838172,-2.7048097337347694,0.9999847412109375,0.0,0.0
8632,909,704.96423,699.1457,-0.011442184,-21.957241,-10.219107,-1.0681152e-06,24.21880531311035,0.00032670117362157826,-0.000681638681749033,-2.7046944188595687,0.9999847412109375,-4.7481617658865e-05,0.0
8633,910,703.8637,698.6334,-0.011441917,-22.050322,-10.272282,-2.069473e-06,24.325634002685547,0.00028675281450096085,-0.000681042656414249,-2.7046086650724686,0.9999847412109375,-0.001635997694386058,0.0
8634,910,702.7587,698.1183,-0.011441612,-22.1412,-10.32976,-3.1661987e-06,24.432287216186523,0.00026235122715626734,-0.0006804465660608835,-2.704431298543869,0.9999847412109375,-0.003142701442453129,0.0
8635,911,701.6491,697.6002,-0.011441422,-22.230068,-10.3911,-2.951622e-06,24.53876304626465,0.00025846810617059654,-0.0006798505407260995,-2.7040035948728023,0.9999847412109375,-0.003533196658537034,0.0
8636,911,700.53503,697.0792,-0.011441116,-22.318554,-10.452874,-2.8610228e-07,24.645090103149414,0.0002639817631381279,-0.0006792545153913154,-2.703292264545642,0.9999847412109375,-0.003533196658537034,0.0
8637,912,699.41656,696.55524,-0.011441002,-22.40667,-10.51508,4.529953e-07,24.751277923583984,0.0002717731185364968,-0.00067865842503795,-2.7023558971063704,0.9999847412109375,-0.0036201213763041554,0.0
8638,913,698.29364,696.02814,-0.011440696,-22.493742,-10.579081,-2.646446e-06,24.8572998046875,0.00028318134383010997,-0.0006780623997031659,-2.7012498863056607,0.9999847412109375,-0.0036201213763041554,0.0
8639,913,697.1664,695.49786,-0.011440658,-22.579721,-10.64499,-9.965896e-07,24.963165283203125,0.0002993423623982275,-0.0006774663743683818,-2.700015777456518,0.9999847412109375,-0.0036201213763041554,0.0
8640,914,696.03485,694.96423,-0.01144043,-22.664509,-10.712996,-2.7656554e-07,25.06886863708496,0.00032010009713643705,-0.000676989528093122,-2.698686860072568,0.9999847412109375,-0.0036201213763041554,0.0
8641,914,694.89905,694.4272,-0.011440124,-22.748108,-10.783065,-5.674362e-07,25.174409866333008,0.00034459103626648314,-0.000676393502758338,-2.697288700500277,0.9999847412109375,-0.003690066640672285,0.0
8642,915,693.75903,693.8866,-0.011439857,-22.830448,-10.855323,-1.3160706e-06,25.279781341552734,0.00037223944025094747,-0.0006759166564830781,-2.6958335492806573,0.9999847412109375,-0.0037857581498238666,0.0
8643,916,692.61505,693.34235,-0.011439666,-22.911577,-10.929659,-2.8085708e-06,25.384992599487305,0.0004021869337794974,-0.0006753205661297127,-2.6943262001036725,0.9999847412109375,-0.0038389296031124532,0.0
8644,916,691.46716,692.7945,-0.011439362,-22.991648,-11.005731,-3.0851363e-06,25.490036010742188,0.00043293701667562404,-0.0006749629639325585,-2.692770647710957,0.9999847412109375,-0.0038389296031124532,0.0
8645,917,690.31506,692.24274,-0.0114391325,-23.070812,-11.083209,-3.3569336e-06,25.594919204711914,0.00046293756536651545,-0.0006743669385977744,-2.6911764794824355,0.9999847412109375,-0.0038389296031124532,0.0
8646,917,689.1589,691.6871,-0.011439018,-23.149118,-11.161984,-1.2445449e-06,25.699642181396484,0.0004914597215557901,-0.000673770848244409,-2.6895522175335964,0.9999847412109375,-0.005981960192746389,0.0
8647,918,687.9992,691.12726,-0.011438674,-23.222643,-11.2498665,-3.4189225e-06,25.8040828704834,0.0005366423040361535,-0.0006732940019691493,-2.687758844855537,0.9999847412109375,-0.05598196019274639,0.0
8648,919,686.83746,690.56006,-0.011436042,-23.210361,-11.490436,-3.5905837e-06,25.898860931396484,0.0009307772716887832,-0.0006669759513684103,-2.6830961824190265,0.9999847412109375,-0.07274163132452903,0.0
8649,919,685.6764,689.9811,-0.011430702,-23.16033,-11.787896,-5.5408477e-06,25.987600326538086,0.0016426922459320042,-0.0006543397851483509,-2.672496534964402,0.9999847412109375,-0.07472475114885987,0.0
8650,920,684.5171,689.38904,-0.011425552,-23.096603,-12.102592,-1.1186599e-05,26.075387954711914,0.002369747056905433,-0.0006425380674007056,-2.6566169043325867,0.9999847412109375,-0.024724751148859872,0.0
8651,921,683.3584,688.78485,-0.011425514,-23.107025,-12.29912,-9.670257e-06,26.176382064819336,0.002700145219569063,-0.0006419419770473402,-2.639555895441212,0.9999847412109375,0.0,0.0
8652,921,682.1993,688.17084,-0.011428146,-23.137697,-12.458408,-3.4189225e-06,26.278602600097656,0.0026718408106085646,-0.0006476640023132951,-2.6256270303078795,0.9999847412109375,0.0,0.0
8653,922,681.04004,687.5463,-0.011430549,-23.14332,-12.657896,-2.8133393e-06,26.37869644165039,0.002646446893421414,-0.0006535052716573557,-2.615193830421385,0.9999847412109375,0.0,0.0
8654,922,679.8814,686.9104,-0.011432686,-23.139029,-12.871109,-2.4461747e-06,26.477916717529297,0.00269875798311843,-0.0006588696947261563,-2.6073654683970973,0.9999847412109375,0.0,0.0
8655,923,678.7231,686.2631,-0.011434555,-23.133968,-13.08292,-4.3201444e-06,26.577119827270508,0.0027657008543513703,-0.0006628036439877591,-2.6014995897800888,0.9999847412109375,0.0,0.0
8656,924,677.5651,685.6049,-0.011435661,-23.13361,-13.284822,-3.9100646e-06,26.676776885986328,0.0027966689445505983,-0.0006655454125426308,-2.5971154939936003,0.9999847412109375,0.0,0.0
8657,924,676.4074,684.93665,-0.011436348,-23.140984,-13.472414,-4.7683713e-08,26.777061462402344,0.002769269074093156,-0.0006672143745060402,-2.593847795336073,0.9999847412109375,0.0,0.0
8658,925,675.24945,684.25903,-0.011436843,-23.157467,-13.643899,1.9359588e-06,26.87795066833496,0.002681127024464265,-0.0006680488229784541,-2.5914205903185747,0.9999847412109375,0.0,0.0
8659,925,674.0904,683.5734,-0.011436843,-23.183376,-13.799137,3.943443e-06,26.979347229003906,0.002540797680517154,-0.000668287246116084,-2.589618162892809,0.9999847412109375,0.0,0.0
8660,926,672.93,682.88007,-0.0114368815,-23.21833,-13.938984,4.4107437e-06,27.081104278564453,0.0023615604372966914,-0.0006680488229784541,-2.5882841855027885,0.9999847412109375,0.0,0.0
8661,927,671.7677,682.18005,-0.011436805,-23.26157,-14.064843,5.106926e-06,27.18309211730957,0.002157535510141126,-0.0006676912207812999,-2.587296419054478,0.9999847412109375,0.0,0.0
8662,927,670.603,681.474,-0.011436386,-23.312151,-14.178358,5.2976607e-06,27.285200119018555,0.0019415310394180572,-0.0006670951304279345,-2.586564049754706,0.9999847412109375,0.0,0.0
8663,928,669.4358,680.7625,-0.0114362715,-23.369072,-14.281217,4.520416e-06,27.387346267700195,0.0017241436234707215,-0.0006666182841526748,-2.586021830156766,0.9999847412109375,0.00010537722375402314,0.0
8664,929,668.26544,680.0461,-0.011435928,-23.431606,-14.374662,2.5463103e-06,27.489471435546875,0.0015124825240157066,-0.0006660222588178907,-2.585625551786562,0.9999847412109375,0.0005597793655367155,0.0
8665,929,667.0919,679.32513,-0.01143589,-23.499626,-14.458951,3.323555e-06,27.591550827026367,0.0013088317137769456,-0.000665306989405001,-2.58537388306355,0.9999847412109375,0.0006782692945514743,0.0
8666,930,665.9149,678.6002,-0.011435471,-23.57158,-14.536573,1.87397e-06,27.693525314331055,0.0011185937167118817,-0.0006648301431297412,-2.5852620302977662,0.9999847412109375,0.0006982504294817905,0.0
8667,930,664.7344,677.8714,-0.0114350505,-23.646738,-14.608727,1.4066696e-06,27.795379638671875,0.0009458632730336739,-0.0006642341177949571,-2.5852606987172213,0.9999847412109375,0.00013309612199068847,0.0
8668,931,663.5499,677.1391,-0.011434936,-23.723354,-14.678219,2.2697448e-06,27.897090911865234,0.0007963077923999849,-0.000663638092460173,-2.5853049071913166,0.9999847412109375,0.0009593978401768122,0.0
8669,932,662.36163,676.4035,-0.01143467,-23.804142,-14.740719,2.0217894e-06,27.99867820739746,0.0006590876370106766,-0.0006630420021068076,-2.585410368370484,0.9999847412109375,0.006574930515400699,0.0
8670,932,661.16895,675.6652,-0.011434555,-23.898825,-14.780333,2.8800964e-06,28.10003662109375,0.0004870101424351818,-0.0006624459767720235,-2.585987741694813,0.9999847412109375,0.009429266219619602,0.0
8671,933,659.97156,674.925,-0.011434097,-24.000563,-14.80797,1.8262863e-06,28.20111846923828,0.0002880835498044435,-0.0006618499514372395,-2.587394689698702,0.9999847412109375,0.0,0.0
8672,934,658.76953,674.18256,-0.011433944,-24.084398,-14.864749,6.723404e-07,28.302278518676758,0.0001794359887688539,-0.0006613731051619796,-2.5889265399577153,0.9999847412109375,0.0,0.0
8673,934,657.56305,673.43756,-0.011433754,-24.173306,-14.912991,1.8692016e-06,28.403274536132812,0.00011710928238913744,-0.0006610155029648254,-2.590082085554701,0.9999847412109375,0.0,0.0
8674,935,656.352,672.69037,-0.011433678,-24.264902,-14.956552,1.4877319e-06,28.50410270690918,5.5368478763828816e-05,-0.0006604194126114601,-2.5909529392311565,0.9999847412109375,0.0,0.0
8675,936,655.13635,671.94116,-0.011433296,-24.357693,-14.997862,1.7261505e-06,28.604772567749023,-4.793678279116301e-06,-0.0006599425663362002,-2.5916104737042973,0.9999847412109375,0.0,0.0
8676,936,653.916,671.19006,-0.011433105,-24.450747,-15.038441,-3.33786e-08,28.705289840698242,-5.645901917334118e-05,-0.0006593465410014162,-2.592107685879815,0.9999847412109375,0.0,0.0
8677,937,652.691,670.43677,-0.011433143,-24.543505,-15.079207,-1.1205673e-06,28.805660247802734,-9.747166338760947e-05,-0.0006588696947261563,-2.5924831915935163,0.9999847412109375,0.0,0.0
8678,938,651.46136,669.68164,-0.011432648,-24.63565,-15.12068,3.8146972e-08,28.905885696411133,-0.00012623379503314257,-0.0006583928484508966,-2.592767350881828,0.9999847412109375,0.0,0.0
8679,938,650.22705,668.9244,-0.011432495,-24.727034,-15.163117,-1.3208389e-06,29.005971908569336,-0.00014327805039161768,-0.0006577968231161125,-2.5929822679817973,0.9999847412109375,0.0,0.0
8680,939,648.9883,668.165,-0.011432342,-24.81759,-15.206615,-1.5735625e-07,29.10590934753418,-0.00015180013337058061,-0.0006573199768408527,-2.593145519756619,0.9999847412109375,0.0,0.0
8681,940,647.74493,667.4033,-0.011432151,-24.907324,-15.251169,-7.9154967e-07,29.205699920654297,-0.00015286541406125763,-0.0006568431305655929,-2.5932688241150896,0.9999847412109375,0.0,0.0
8682,940,646.49713,666.6395,-0.011431999,-24.996279,-15.296711,-1.4305114e-07,29.305347442626953,-0.000148071724099115,-0.0006562471052308088,-2.5933623010693516,0.9999847412109375,0.0,0.0
8683,941,645.24493,665.87335,-0.011431694,-25.08451,-15.343142,-1.46389e-06,29.40484046936035,-0.00014008224082887727,-0.000655770258955549,-2.5934342064187836,0.9999847412109375,0.0,0.0
8684,942,643.9883,665.1049,-0.011431465,-25.172089,-15.390359,-2.6416778e-06,29.504188537597656,-0.00012942958834123765,-0.0006552934126802892,-2.593487469640585,0.9999847412109375,0.0,0.0
8685,942,642.72736,664.33405,-0.011431236,-25.259089,-15.438244,-2.4032593e-06,29.6033935546875,-0.00011771169579953433,-0.0006548165664050294,-2.5935284823213722,0.9999847412109375,0.0,0.0
8686,943,641.46204,663.5608,-0.011431083,-25.345564,-15.486696,-3.13282e-06,29.70244598388672,-0.0001054611222758792,-0.0006543397851483509,-2.5935601739383443,0.9999847412109375,0.0,0.0
8687,944,640.1924,662.78503,-0.011430931,-25.431581,-15.53562,-5.0878525e-06,29.801355361938477,-9.321061377080535e-05,-0.0006538629388730911,-2.593583343439828,0.9999847412109375,0.0,0.0
8688,945,638.9184,662.00696,-0.011430779,-25.517185,-15.584926,-3.1423567e-06,29.90011215209961,-8.149272122910202e-05,-0.0006532668485197257,-2.5936014529352405,0.9999847412109375,0.0,0.0
8689,945,637.6402,661.2263,-0.011430511,-25.602428,-15.63454,-1.4972686e-06,29.998720169067383,-7.084006874146241e-05,-0.000652790002244466,-2.593615301372909,0.9999847412109375,0.0,0.0
8690,946,636.3578,660.4432,-0.011430435,-25.68734,-15.684393,-9.536743e-09,30.097169876098633,-6.125271319914514e-05,-0.0006523132209877875,-2.593626220333378,0.9999847412109375,0.0,0.0
8691,947,635.0711,659.65765,-0.011430206,-25.771975,-15.734439,-8.9645386e-07,30.195484161376953,-5.219793704724641e-05,-0.0006518363747125276,-2.5936342098166487,0.9999847412109375,0.0,0.0
8692,947,633.7802,658.8695,-0.011430053,-25.856344,-15.784625,-3.1995773e-06,30.29364585876465,-4.474107786770188e-05,-0.0006513595284372679,-2.593640068771047,0.9999847412109375,0.0,0.0
8693,948,632.4851,658.0789,-0.011429825,-25.940477,-15.834914,-1.0442734e-06,30.391658782958984,-3.7816867160818526e-05,-0.0006508826821620081,-2.5936445961449,0.9999847412109375,1.3720619449486532e-06,0.0
8694,949,631.1857,657.28577,-0.011429596,-26.0244,-15.885264,-2.5939942e-06,30.48952293395996,-3.1957916826305534e-05,-0.0006505250799648539,-2.5936485908865348,0.9999847412109375,6.645307809593483e-05,0.0
8695,949,629.8822,656.49005,-0.01142929,-26.108263,-15.935428,-2.4080275e-06,30.58724021911621,-2.7164241086977563e-05,-0.0006499289896114885,-2.5936560477375874,0.9999847412109375,0.00018101518944624594,0.0
8696,950,628.5745,655.69196,-0.011429138,-26.192179,-15.98521,8.2969666e-07,30.684803009033203,-2.4501063742253e-05,-0.0006494521433362288,-2.59367682039409,0.9999847412109375,0.0013658992896786776,0.0
8697,951,627.2626,654.8914,-0.011429061,-26.278473,-16.0308,-9.63211e-07,30.782215118408203,-3.3023175166845234e-05,-0.0006489753620795502,-2.5937947984303804,0.9999847412109375,0.004593776259347667,0.0
8698,952,625.94617,654.08875,-0.011428718,-26.37145,-16.065002,-3.5762787e-07,30.879405975341797,-7.350322170421899e-05,-0.0006483792717261848,-2.594263781098343,0.9999847412109375,0.005563438093915605,0.0
8699,952,624.6252,653.28436,-0.011428566,-26.466555,-16.095345,-9.1075896e-07,30.976421356201172,-0.00013315803824931658,-0.000647902425450925,-2.595230508574042,0.9999847412109375,0.0028990487783983735,0.0
8700,953,623.2997,652.4781,-0.011428375,-26.557392,-16.132551,-7.1525574e-07,31.0733699798584,-0.000172572806127844,-0.0006474256441942465,-2.596450236353298,0.9999847412109375,0.0,0.0
8701,954,621.9696,651.66986,-0.011428184,-26.644562,-16.175537,-2.5510788e-06,31.170188903808594,-0.00017949702496205,-0.0006469487979189868,-2.597536806078051,0.9999847412109375,0.0,0.0
8702,955,620.63513,650.85974,-0.011427994,-26.734003,-16.214453,-1.5974044e-06,31.266841888427734,-0.00018269280201549975,-0.0006465911307032512,-2.598376500769753,0.9999847412109375,0.0,0.0
8703,955,619.2961,650.0478,-0.011427765,-26.824448,-16.2514,-2.1457672e-06,31.363338470458984,-0.00019334543012117139,-0.0006461142844279915,-2.599026578391841,0.9999847412109375,0.0,0.0
8704,956,617.9525,649.234,-0.01142765,-26.91509,-16.28772,-2.4175642e-06,31.459688186645508,-0.0002061286358628424,-0.000645637503171313,-2.5995280516251027,0.9999847412109375,0.0,0.0
8705,957,616.6043,648.41846,-0.011427383,-27.005424,-16.324245,-1.9788743e-06,31.55588722229004,-0.00021624863175049815,-0.0006451606568960532,-2.5999171394603633,0.9999847412109375,0.0,0.0
8706,957,615.25165,647.60114,-0.011427345,-27.095158,-16.361479,-2.2888182e-06,31.651945114135742,-0.00022210761865796314,-0.0006446838106207934,-2.6002180766635425,0.9999847412109375,0.0,0.0
8707,958,613.89453,646.7819,-0.011427268,-27.184128,-16.399681,-2.2125244e-06,31.74785614013672,-0.0002226402671306243,-0.0006443261434050579,-2.600451902207251,0.9999847412109375,0.0,0.0
8708,959,612.5329,645.96075,-0.011427154,-27.272268,-16.43897,-5.340576e-07,31.843624114990234,-0.00021784657716848168,-0.0006438493621483794,-2.600631931896941,0.9999847412109375,0.0,0.0
8709,960,611.16693,645.1377,-0.011426811,-27.35957,-16.479362,-7.9154967e-07,31.939245223999023,-0.00020879176444363098,-0.000643253271795014,-2.60077174785417,0.9999847412109375,0.0,0.0
8710,960,609.7966,644.3125,-0.011426658,-27.446068,-16.52081,-2.9563904e-07,32.03472900390625,-0.00019654128844784777,-0.0006428956695978598,-2.600880138510536,0.9999847412109375,0.0,0.0
8711,961,608.422,643.4853,-0.011426353,-27.531807,-16.563229,-1.0061264e-06,32.130062103271484,-0.00018216020230677458,-0.0006424188233226,-2.6009642944009825,0.9999847412109375,0.0,0.0
8712,962,607.043,642.6559,-0.0114262,-27.616842,-16.606524,-1.1062622e-06,32.225250244140625,-0.00016671388423896032,-0.0006419419770473402,-2.6010300744799077,0.9999847412109375,0.0,0.0
8713,963,605.6599,641.82434,-0.011426087,-27.70124,-16.650589,-8.010864e-07,32.32028579711914,-0.00015073491769848488,-0.0006414651307720805,-2.6010804082245103,0.9999847412109375,0.0,0.0
8714,963,604.2726,640.9906,-0.011425857,-27.78506,-16.695322,2.5272368e-07,32.4151725769043,-0.00013475591052139615,-0.0006411075285749263,-2.601119823008643,0.9999847412109375,0.0,0.0
8715,964,602.881,640.15454,-0.011425514,-27.868374,-16.740623,3.9100647e-07,32.509918212890625,-0.00011930960058090454,-0.0006405115032401421,-2.601150449361179,0.9999847412109375,0.0,0.0
8716,965,601.4853,639.3162,-0.011425361,-27.951227,-16.786402,-3.581047e-06,32.604515075683594,-0.00010492849818518601,-0.0006400346569648824,-2.601174151494881,0.9999847412109375,0.0,0.0
8717,966,600.0855,638.47565,-0.011425171,-28.033669,-16.832579,-6.2465665e-07,32.6989631652832,-9.214538184406431e-05,-0.0006395578106896225,-2.6011922609902935,0.9999847412109375,0.0,0.0
8718,966,598.6816,637.6327,-0.0114250565,-28.115742,-16.87908,-2.374649e-06,32.79326629638672,-7.989481644773183e-05,-0.0006390809644143628,-2.601207707324616,0.9999847412109375,0.0,0.0
8719,967,597.27356,636.7874,-0.011424827,-28.197487,-16.925846,-1.130104e-06,32.887420654296875,-6.870953174207636e-05,-0.000638604118139103,-2.6012186262850854,0.9999847412109375,0.0,0.0
8720,968,595.86145,635.9398,-0.011424789,-28.278927,-16.972822,-5.8174135e-07,32.98142623901367,-5.912218432708175e-05,-0.0006382465159419488,-2.6012276810327917,0.9999847412109375,0.0,0.0
8721,969,594.44525,635.08984,-0.0114246365,-28.360102,-17.019962,1.4305114e-08,33.075286865234375,-5.0600048520521534e-05,-0.000637769669666689,-2.601234338935517,0.9999847412109375,0.0,0.0
8722,970,593.0251,634.23755,-0.011424369,-28.44103,-17.067225,-2.670288e-06,33.16899871826172,-4.3143201531961e-05,-0.0006372928233914292,-2.6012391326254787,0.9999847412109375,0.0,0.0
8723,971,591.6007,633.3829,-0.011424103,-28.52173,-17.114576,-1.6975403e-06,33.26255798339844,-3.6751610852109497e-05,-0.0006368159771161694,-2.601242594734896,0.9999847412109375,0.0,0.0
8724,971,590.1724,632.5258,-0.011424065,-28.602224,-17.161987,-9.2506406e-07,33.35597610473633,-3.089264426295118e-05,-0.0006363391308409096,-2.601245790528204,0.9999847412109375,0.0,0.0
8725,972,588.7402,631.66644,-0.011423759,-28.682516,-17.209438,-4.339218e-07,33.44923782348633,-2.60989807146072e-05,-0.0006361007077032797,-2.6012487200054033,0.9999847412109375,0.0,0.0
8726,973,587.30383,630.8047,-0.01142353,-28.762629,-17.256907,-8.5830686e-07,33.542354583740234,-2.1837916874988423e-05,-0.0006355046823684956,-2.601250317902057,0.9999847412109375,0.0,0.0
8727,974,585.8634,629.94055,-0.011423339,-28.842567,-17.304379,7.6293944e-08,33.63532638549805,-1.864211137590934e-05,-0.0006350278360932358,-2.601251116850384,0.9999847412109375,0.0,0.0
8728,975,584.41907,629.07404,-0.011423302,-28.922342,-17.35184,-1.5735625e-07,33.7281494140625,-1.544633737020558e-05,-0.0006345509898179761,-2.6012529810631473,0.9199847412109375,0.0,0.0
8729,976,582.9708,628.20514,-0.011422615,-28.999714,-17.39793,5.340576e-07,33.81821060180664,-1.2783190502941e-05,-0.0006328820928731481,-2.6012532473792565,0.8399847412109376,0.0,0.0
8730,976,581.5189,627.33405,-0.011418914,-29.06938,-17.439457,-9.679794e-07,33.899314880371094,-1.0652629121586961e-05,-0.0006244182340337399,-2.6012543126436922,0.7599847412109376,0.0,0.0
8731,977,580.0638,626.46106,-0.011410255,-29.127794,-17.474283,9.584427e-07,33.967323303222656,-9.054741610777413e-06,-0.0006035566321119024,-2.6012551115920193,0.6799847412109377,0.0,0.0
8732,978,578.6061,625.5866,-0.011395454,-29.172827,-17.501122,1.3542175e-06,34.019744873046875,-7.456853592010199e-06,-0.0005682706579284907,-2.6012553779081284,0.5999847412109377,0.0,0.0
8733,979,577.1465,624.71106,-0.011374397,-29.20327,-17.51924,1.7642974e-06,34.055171966552734,-6.3915947435128344e-06,-0.0005183219533644563,-2.601255644224237,0.5199847412109377,0.0,0.0
8734,980,575.6859,623.83484,-0.011347809,-29.218529,-17.528276,3.1805039e-06,34.072906494140625,-5.326321164243144e-06,-0.00045502184567676343,-2.6012553779081284,0.4399847412109377,0.0,0.0
8735,981,574.225,622.95825,-0.011316566,-29.218395,-17.528093,3.2186508e-06,34.072696685791016,-4.261062823703445e-06,-0.0003809928593421785,-2.6012553779081284,0.3599847412109377,0.0,0.0
8736,982,572.7644,622.0821,-0.011281776,-29.202929,-17.518742,3.74794e-06,34.054622650146484,-3.7284262880474332e-06,-0.0002985000466774761,-2.6012553779081284,0.2799847412109377,0.0,0.0
8737,982,571.30505,621.20667,-0.01124443,-29.172428,-17.500383,3.4904479e-06,34.01902389526367,-2.6631603281427384e-06,-0.00020980832996226839,-2.6012553779081284,0.19998474121093768,0.0,0.0
8738,983,569.84766,620.3324,-0.011205253,-29.127241,-17.473234,3.5953522e-06,33.96630859375,-2.1305311578728895e-06,-0.00011730193244553162,-2.6012553779081284,0.11998474121093768,0.0,0.0
8739,984,568.3929,619.4597,-0.011165161,-29.067753,-17.437511,3.30925e-06,33.89691925048828,-2.1305288720633906e-06,-2.2411344189109166e-05,-2.6012553779081284,0.039984741210937674,0.0,0.0
8740,985,566.9415,618.58905,-0.011124649,-28.99436,-17.393457,3.8290023e-06,33.81132125854492,-1.597896654047543e-06,7.355212380467982e-05,-2.6012553779081284,0.0,0.0,0.0
8741,986,565.49414,617.7208,-0.011084366,-28.908302,-17.341808,3.95298e-06,33.71095275878906,-1.0652655789364447e-06,0.00016832350049228732,-2.6012553779081284,0.0,0.0,0.0
8742,987,564.05133,616.85535,-0.011045875,-28.813288,-17.28479,4.272461e-06,33.60014343261719,-1.0652657059258612e-06,0.00025939939981985805,-2.6012553779081284,0.0,0.0,0.0
8743,988,562.61346,615.99274,-0.011011124,-28.71306,-17.224648,4.134178e-06,33.483253479003906,-1.065258467529115e-06,0.00034141539871859126,-2.6012553779081284,0.0,0.0,0.0
8744,988,561.18066,615.13324,-0.010981598,-28.60992,-17.162762,3.943443e-06,33.362972259521484,-5.326292337645575e-07,0.0004111528010851287,-2.6012553779081284,0.0,0.0,0.0
8745,989,559.75305,614.2768,-0.010957412,-28.505226,-17.099947,3.3140182e-06,33.24087905883789,-5.32621963620457e-07,0.0004682540697408975,-2.6012553779081284,0.0,0.0,0.0
8746,990,558.3307,613.4235,-0.010938148,-28.399784,-17.036686,3.890991e-06,33.117916107177734,-5.326437740527585e-07,0.0005134343765709154,-2.601255644224237,0.0,0.0,0.0
8747,991,556.91364,612.5735,-0.010923347,-28.294085,-16.97327,4.1818616e-06,32.99465560913086,-5.326292972592657e-07,0.0005486011066762215,-2.601255644224237,0.0,0.0,0.0
8748,992,555.5019,611.72656,-0.01091217,-28.188395,-16.909864,3.6668778e-06,32.871402740478516,-5.326292972592657e-07,0.0005747079526073354,-2.601255644224237,0.0,0.0,0.0
8749,992,554.09534,610.8828,-0.0109039685,-28.082895,-16.846571,3.3044814e-06,32.74837112426758,-1.45519183047856e-11,0.0005939006575843449,-2.601255644224237,0.0,0.0,0.0
8750,993,552.6941,610.04224,-0.010897827,-27.97767,-16.783445,2.9611588e-06,32.625667572021484,-1.45519183047856e-11,0.0006077289394925537,-2.601255644224237,0.0,0.0,0.0
8751,994,551.2981,609.2048,-0.010893669,-27.872786,-16.720526,3.5142898e-06,32.50335693359375,-1.45519183047856e-11,0.0006178616952767897,-2.601255644224237,0.0,0.0,0.0
8752,995,549.90735,608.3705,-0.010890732,-27.768276,-16.657827,2.799034e-06,32.3814811706543,0.0,0.0006241798108961101,-2.6012553779081284,0.0,0.0,0.0
8753,996,548.52185,607.5393,-0.010888786,-27.664154,-16.595367,2.617836e-06,32.26006317138672,-1.45519183047856e-11,0.000629067387689651,-2.6012553779081284,0.0,0.0,0.0
8754,997,547.1415,606.7113,-0.01088768,-27.560438,-16.533146,3.2186508e-06,32.13911437988281,0.0,0.0006310939518502144,-2.6012553779081284,0.0,0.0,0.0
8755,997,545.7663,605.88635,-0.01088707,-27.457127,-16.471169,3.13282e-06,32.018638610839844,0.0,0.0006310939518502144,-2.6012553779081284,0.0,0.0,0.0
8756,998,544.3963,605.06445,-0.010886879,-27.354223,-16.409437,2.9325486e-06,31.898639678955078,0.0,0.0006310939518502144,-2.6012553779081284,0.0,0.0,0.0
8757,999,543.0314,604.24567,-0.010887031,-27.25173,-16.347952,3.7050247e-06,31.779117584228516,0.0,0.0006310939518502144,-2.6012553779081284,0.0,0.0,0.0
8758,1000,541.67163,603.43,-0.010887337,-27.149649,-16.286713,2.5320053e-06,31.660076141357422,0.0,0.0006310939518502144,-2.6012553779081284,0.0,0.0,0.0
8759,1001,540.31696,602.6173,-0.010887909,-27.047974,-16.225721,2.7132035e-06,31.54151153564453,0.0,0.0006310939518502144,-2.6012553779081284,0.0,0.0,0.0
8760,1001,538.96735,601.80774,-0.010888557,-26.946707,-16.164972,2.9850005e-06,31.423419952392578,-1.45519183047856e-11,0.000629067387689651,-2.6012553779081284,0.0,0.0,0.0
8761,1002,537.62274,601.00116,-0.010889206,-26.845839,-16.104464,2.9802322e-06,31.305795669555664,-1.45519183047856e-11,0.000629067387689651,-2.6012553779081284,0.0,0.0,0.0
8762,1003,536.2832,600.1976,-0.010890045,-26.745382,-16.0442,2.7275084e-06,31.188650131225586,7.639756718596085e-09,0.000625252682506154,-2.6012553779081284,0.0,0.0,0.0
8763,1004,534.94867,599.397,-0.010890846,-26.64532,-15.984179,2.2363663e-06,31.07196617126465,7.916243433790263e-09,0.0006238222086989559,-2.6012553779081284,0.0,0.0,0.0
8764,1004,533.6192,598.5994,-0.010891685,-26.545666,-15.924396,1.6450881e-06,30.95575523376465,9.851647463835056e-09,0.0006216764004602868,-2.6012553779081284,0.0,0.0,0.0
8765,1005,532.2947,597.8048,-0.010892601,-26.446407,-15.864852,1.8787383e-06,30.84000587463379,8.833013763811482e-09,0.0006194114131620935,-2.601255644224237,0.0,0.0,0.0
8766,1006,530.97504,597.01324,-0.010893402,-26.347551,-15.805549,1.0538101e-06,30.724727630615234,9.866199657293912e-09,0.0006172656699420057,-2.601255644224237,0.0,0.0,0.0
8767,1007,529.6604,596.22455,-0.010894394,-26.249084,-15.746479,1.0061264e-06,30.609901428222656,1.3096724846635072e-09,0.0006151199267219179,-2.601255644224237,0.0,0.0,0.0
8768,1008,528.35065,595.43884,-0.010895233,-26.15101,-15.687649,2.5749205e-07,30.49553680419922,3.2741815216915233e-09,0.0006129741184832488,-2.601255644224237,0.0,0.0,0.0
8769,1008,527.0458,594.656,-0.010896186,-26.05333,-15.629051,-1.5258789e-07,30.38162612915039,1.324224430096159e-09,0.000611066798400791,-2.601255644224237,0.0,-4.747390780615563e-07,0.0
8770,1009,525.7458,593.8761,-0.010897102,-25.956038,-15.570689,-1.3923644e-06,30.268171310424805,2.983142861064694e-09,0.0006088018111025976,-2.601255644224237,0.0,-3.108180622124354e-06,0.0
8771,1010,524.4506,593.0992,-0.010897789,-25.859127,-15.512568,-9.441375e-07,30.155168533325195,2.7866920689736843e-08,0.0006066560678825098,-2.6012551115920193,0.0,-4.628928935160125e-06,0.0
8772,1011,523.16034,592.32513,-0.010898895,-25.7626,-15.454683,-3.1805039e-06,30.04261589050293,8.965436144814545e-08,0.0006045102596438408,-2.60125484527591,0.0,-5.516889085098892e-06,0.0
8773,1011,521.8749,591.55396,-0.010899925,-25.66646,-15.397035,-5.8269497e-06,29.930517196655273,1.5190747041302782e-07,0.000602364516423753,-2.6012532473792565,0.0,-1.0018308498897727e-05,0.0
8774,1012,520.5942,590.7857,-0.0109009165,-25.570688,-15.339635,-1.2779235e-06,29.81886100769043,2.410088643834138e-07,0.0006002187081850839,-2.6012516494826023,0.0,-3.4377780023246636e-05,0.0
8775,1013,519.3183,590.0203,-0.010901679,-25.475245,-15.282552,-3.0374526e-06,29.707651138305664,5.662587615535026e-07,0.0005981922090431017,-2.601248187373185,0.0,-0.0001652937435041908,0.0
8776,1014,518.0471,589.25775,-0.0109027475,-25.379904,-15.226159,-3.3426284e-06,29.596881866455078,2.087152462087203e-06,0.0005960464008044326,-2.6012314094583178,0.0,-0.0005849577934530386,0.0
8777,1014,516.7808,588.498,-0.010903549,-25.284058,-15.171462,-1.4543533e-06,29.486553192138672,7.598166906848409e-06,0.0005939006575843449,-2.6011717546499,0.0,-0.000708386492706879,0.0
8778,1015,515.5192,587.7409,-0.010904617,-25.18832,-15.11744,-2.5177e-06,29.376665115356445,1.5461223577577455e-05,0.0005917548493456758,-2.6010503145041923,0.0,-0.0007305102049431127,0.0
8779,1016,514.2624,586.9866,-0.010905419,-25.092752,-15.063974,-3.95298e-06,29.267210006713867,2.366045679109143e-05,0.0005896091061255881,-2.600872681659484,0.0,-0.0007621434174304205,0.0
8780,1016,513.0103,586.2349,-0.0109062195,-24.997217,-15.011302,-2.0313262e-06,29.15818977355957,3.2212102906239535e-05,0.0005874633629055003,-2.6006505740245713,0.0,-0.0007621434174304205,0.0
8781,1017,511.763,585.4859,-0.010907326,-24.901718,-14.959404,-1.5068053e-06,29.04960060119629,4.126603381658135e-05,0.0005854367987449368,-2.6003927800310516,0.0,-0.0007621434174304205,0.0
8782,1018,510.5205,584.73944,-0.010908165,-24.80623,-14.908321,-1.6736984e-06,28.941442489624023,5.087955933787218e-05,0.0005832909905062678,-2.6001062238977593,0.0,-0.0007621434174304205,0.0
8783,1019,509.2827,583.99554,-0.0109090805,-24.710756,-14.858047,-1.0251998e-06,28.83371353149414,6.094561012135498e-05,0.00058114524728618,-2.599800493004618,0.0,-0.0007621434174304205,0.0
8784,1019,508.0497,583.25415,-0.010909996,-24.615313,-14.808536,-2.0980835e-06,28.72640609741211,7.13037731359768e-05,0.0005789995040660922,-2.5994782505127185,0.0,-0.0007621434174304205,0.0
8785,1020,506.8215,582.5152,-0.0109109115,-24.519945,-14.75973,-9.2506406e-07,28.61952781677246,8.168092563999975e-05,0.0005768536958274231,-2.5991450890603494,0.0,-0.0007621434174304205,0.0
8786,1021,505.59808,581.7786,-0.010911636,-24.424683,-14.711563,-2.117157e-06,28.513071060180664,9.177553989898024e-05,0.0005747079526073354,-2.5988028728602743,0.0,-0.0007621434174304205,0.0
8787,1021,504.3794,581.0445,-0.010912552,-24.32956,-14.663971,-3.8051605e-06,28.407032012939453,0.0001013782398264845,0.0005726813884467719,-2.59845506402191,0.08,-0.0007621434174304205,0.0
8788,1022,503.1654,580.3127,-0.010913925,-24.236393,-14.617964,-3.8480757e-06,28.303491592407227,0.00011030746103423012,0.0005699395548733187,-2.5981016625452567,0.16,-0.0007621434174304205,0.0
8789,1023,501.95596,579.58307,-0.010917396,-24.149147,-14.575871,-1.7452239e-06,28.20704460144043,0.00011849784359336453,0.0005619525423091704,-2.597745597907513,0.24,-0.0007621434174304205,0.0
8790,1024,500.7506,578.85547,-0.010924644,-24.070509,-14.539257,-3.390312e-06,28.120800018310547,0.00012586874820842944,0.0005444287992955702,-2.597388468005333,0.32,-0.0007621434174304205,0.0
8791,1024,499.54892,578.12946,-0.010936355,-24.002172,-14.509084,-3.1137465e-06,28.046707153320312,0.00013239317591353975,0.0005161762101443685,-2.5970294738903905,0.4,-0.0007621434174304205,0.0
8792,1025,498.35037,577.4048,-0.010952797,-23.945278,-14.485997,-3.5619735e-06,27.98607635498047,0.000138072630263388,0.00047731395391508965,-2.596672077672102,0.48000000000000004,-0.0007621434174304205,0.0
8793,1026,497.15433,576.681,-0.010973587,-23.900673,-14.470461,-3.3617018e-06,27.939870834350586,0.0001428877438480692,0.0004277229165667907,-2.5963162793504675,0.56,-0.0007621434174304205,0.0
8794,1026,495.9601,575.9579,-0.010998115,-23.86896,-14.462801,-3.2424925e-06,27.908777236938477,0.00014688505371714944,0.000369548776300978,-2.595962345241596,0.64,-0.0007621434174304205,0.0
8795,1027,494.76715,575.2349,-0.011026153,-23.850546,-14.46323,-4.1294097e-06,27.893253326416016,0.00015009194894800165,0.00030314920033338715,-2.5956108079777054,0.72,-0.0007621434174304205,0.0
8796,1028,493.57477,574.5117,-0.0110569,-23.845772,-14.471898,-2.8276443e-06,27.893667221069336,0.0001525032117994764,0.00023007392280396713,-2.595261667558796,0.7999999999999999,-0.0007621434174304205,0.0
8797,1028,492.3822,573.7878,-0.011090088,-23.854929,-14.488976,-4.081726e-06,27.910356521606445,0.00015414493097732065,0.00015187262908873095,-2.5949125271398867,0.8799999999999999,-0.0007621434174304205,0.0
8798,1029,491.18878,573.06274,-0.011125106,-23.87831,-14.514655,-2.822876e-06,27.943674087524414,0.00015518509824097025,6.878375857995384e-05,-2.594564185669304,0.9599999999999999,-0.0007621434174304205,0.0
8799,1030,489.99374,572.3363,-0.011161919,-23.916246,-14.549162,-2.8419495e-06,27.994016647338867,0.00015574772027961107,-1.8715856669919067e-05,-2.5942150452503947,0.9999847412109375,-0.0007621434174304205,0.0
8800,1031,488.7965,571.6078,-0.011199989,-23.968203,-14.592207,-2.7894973e-06,28.06077766418457,0.00015601858768931007,-0.00010931491175406066,-2.5938635079865042,0.9999847412109375,-0.0007621434174304205,0.0
8801,1031,487.5963,570.87695,-0.0112383645,-24.03084,-14.641802,-3.7956238e-06,28.140071868896484,0.00015616505829833536,-0.00019979475323755663,-2.593510905458178,0.9999847412109375,-0.0007621434174304205,0.0
8802,1032,486.39276,570.14355,-0.011273994,-24.10023,-14.69558,-3.6239624e-06,28.227312088012695,0.00015633423664687993,-0.0002845525532004524,-2.5931553734526522,0.9999847412109375,-0.0007831869868958297,0.0
8803,1033,485.18564,569.4073,-0.011305771,-24.173784,-14.752094,-4.787445e-06,28.319536209106445,0.00015676126243421802,-0.00035953519957626623,-2.5927977109182545,0.9999847412109375,-0.001441405885286719,0.0
8804,1033,483.97482,568.6682,-0.01133274,-24.2485,-14.812632,-4.1294097e-06,28.414852142333984,0.00016305397204289507,-0.00042343136510803386,-2.5923897146392547,0.9999847412109375,-0.0027618607674071427,0.0
8805,1034,482.76025,567.9259,-0.01135498,-24.321962,-14.878818,-4.36306e-06,28.51205062866211,0.0001829762992846164,-0.000475645024460971,-2.591821129746523,0.9999847412109375,-0.0046453233402661874,0.0
8806,1035,481.54205,567.1803,-0.011372794,-24.392176,-14.952393,-4.763603e-06,28.6103515625,0.00022296279180316676,-0.0005178451395984871,-2.590938025529052,0.9999847412109375,-0.0054297169895598275,0.0
8807,1036,480.3203,566.4309,-0.011386757,-24.46072,-15.02988,-3.786087e-06,28.70930290222168,0.00027487086382399034,-0.0005505084917772606,-2.5896674313729755,0.9999847412109375,-0.006176192473065234,0.0
8808,1036,479.09506,565.6778,-0.01139759,-24.526537,-15.112358,-3.2377243e-06,28.808582305908203,0.0003347116253842855,-0.0005761384914331147,-2.588014140968254,0.9999847412109375,-0.009829504729756555,0.0
8809,1037,477.86667,564.9202,-0.011405716,-24.582336,-15.210759,-3.2711027e-06,28.907756805419922,0.0004286015126559079,-0.0005955695545291729,-2.5857890698774932,0.9999847412109375,-0.02061928482486991,0.0
8810,1038,476.63602,564.15704,-0.011411743,-24.611843,-15.348814,-5.2165983e-06,29.00567054748535,0.0006259215936705762,-0.0006095170805154872,-2.5822390761444174,0.9999847412109375,-0.03246448851709303,0.0
8811,1039,475.4043,563.38666,-0.011415482,-24.611847,-15.528881,-1.7786026e-06,29.101360321044922,0.0009532701247968755,-0.0006184577856301551,-2.576407285989362,0.9999847412109375,-0.035627071173827754,0.0
8812,1039,474.1722,562.60754,-0.011417923,-24.59772,-15.727751,-6.00338e-06,29.196060180664062,0.0013375171316238666,-0.0006240605668180045,-2.5680835760023193,0.9999847412109375,-0.03594021425453135,0.0
8813,1040,472.94073,561.8189,-0.011419868,-24.569574,-15.9444275,-4.878044e-06,29.28973960876465,0.0017280100184263528,-0.0006279945160796071,-2.5577015088087545,0.9999847412109375,-0.03631137396625399,0.0
8814,1041,471.7108,561.01917,-0.011420898,-24.522873,-16.183893,-7.5578687e-06,29.381792068481445,0.002126731526841101,-0.0006308555287125846,-2.545720479696706,0.9999847412109375,-0.03631137396625399,0.0
8815,1042,470.4834,560.2073,-0.011421699,-24.45617,-16.446537,-7.061958e-06,29.47189712524414,0.0025403597153535124,-0.0006327628487950424,-2.53250933647715,0.9999847412109375,-0.024056569757746008,0.0
8816,1042,469.25894,559.3827,-0.01142292,-24.396809,-16.697191,-8.130073e-06,29.563499450683594,0.002876165083312439,-0.0006358622845656497,-2.51910058670471,0.9999847412109375,-0.0059608677595385275,0.0
8817,1043,468.03714,558.54584,-0.011425209,-24.35883,-16.91777,-3.9720535e-06,29.657438278198242,0.003044234995083008,-0.0006406306822996664,-2.5072162303402314,0.9999847412109375,-0.003875179384330692,0.0
8818,1044,466.8181,557.69696,-0.011427307,-24.308502,-17.151361,-2.5129318e-06,29.750167846679688,0.0031515632478307785,-0.0006450414128179475,-2.4974783818143567,0.9999847412109375,-0.003801345507042697,0.0
8819,1045,465.60226,556.8354,-0.01142868,-24.25079,-17.391348,-4.653931e-06,29.842247009277344,0.0032600540328122066,-0.0006484985158042904,-2.4895110027811667,0.9999847412109375,-0.003801345507042697,0.0
8820,1046,464.38968,555.9615,-0.01142971,-24.192617,-17.629057,-1.7690658e-06,29.934368133544922,0.003351013987754673,-0.0006507635031024838,-2.4829276685664907,0.9999847412109375,-0.004715251259753568,0.0
8821,1046,463.18024,555.0754,-0.011430206,-24.136255,-17.861818,-7.8201293e-07,30.026710510253906,0.0034073559694180115,-0.0006519555537720519,-2.477368586107059,0.9999847412109375,-0.010165546206280851,0.0
8822,1047,461.97385,554.1773,-0.011429939,-24.073254,-18.099634,-2.8038023e-06,30.118406295776367,0.00345639714462425,-0.0006517171306344221,-2.472225755726007,0.9999847412109375,-0.011708115070441049,0.0
8823,1048,460.7705,553.2676,-0.011429481,-24.014442,-18.329828,-9.870529e-07,30.210529327392578,0.0034820108246161976,-0.0006505250799648539,-2.4670536305729645,0.9999847412109375,-0.0027067271127934316,0.0
8824,1049,459.56937,552.3473,-0.011429558,-23.984673,-18.523947,-3.1948088e-07,30.305133819580078,0.0033932391350459897,-0.0006499289896114885,-2.462343031236832,0.9999847412109375,0.0,0.0
8825,1049,458.36957,551.4174,-0.011429634,-23.965973,-18.703289,2.3126602e-06,30.40034294128418,0.0032184863534150034,-0.0006499289896114885,-2.4585845119904035,0.9999847412109375,0.0,0.0
8826,1050,457.17084,550.4785,-0.011429519,-23.953238,-18.87421,4.286766e-06,30.495792388916016,0.003020575253496311,-0.0006499289896114885,-2.4556928516787955,0.9999847412109375,0.0,0.0
8827,1051,455.97272,549.53125,-0.011429596,-23.948328,-19.034725,4.911423e-06,30.591554641723633,0.0028172996004716556,-0.0006499289896114885,-2.453474438490759,0.9999847412109375,0.0,0.0
8828,1052,454.77475,548.576,-0.011429481,-23.952019,-19.184113,2.9039381e-06,30.687610626220703,0.002608603738435443,-0.0006496905664738586,-2.451772944870308,0.9999847412109375,0.0,0.0
8829,1053,453.57648,547.61346,-0.01142929,-23.964376,-19.322456,2.9134749e-06,30.783903121948242,0.0023948647751592185,-0.0006493329642767045,-2.450471191729477,0.9999847412109375,0.0,0.0
8830,1053,452.37738,546.64417,-0.011428986,-23.985023,-19.450321,3.8623807e-06,30.880355834960938,0.002178648083786784,-0.0006489753620795502,-2.449474903165678,0.9999847412109375,-0.0026547886668117325,0.0
8831,1054,451.1773,545.66846,-0.011428986,-24.006355,-19.576708,2.1886824e-06,30.976646423339844,0.0019859791720040474,-0.0006483792717261848,-2.4485364051975345,0.9999847412109375,-0.013934115143714065,0.0
8832,1055,449.9764,544.686,-0.011428298,-24.005198,-19.728039,2.861023e-06,31.071611404418945,0.0019002318867616258,-0.0006468295538408812,-2.446778186245864,0.9999847412109375,-0.02223545858760478,0.0
8833,1056,448.77573,543.69604,-0.01142704,-23.988031,-19.89617,1.9788743e-06,31.16541862487793,0.0019269892435986539,-0.0006440877852860093,-2.4433035599716377,0.9999847412109375,-0.013155004211574658,0.0
8834,1056,447.57486,542.6989,-0.011426238,-23.994623,-20.037258,1.0919571e-06,31.2607364654541,0.0019156327080771748,-0.0006421804001849701,-2.4386749859970798,0.9999847412109375,-0.0011447382591406353,0.0
8835,1057,446.37308,541.6954,-0.011426048,-24.02591,-20.149662,3.8433072e-06,31.356868743896484,0.0017889633779498665,-0.0006418227979878159,-2.434368121882204,0.9999847412109375,-6.58242549258295e-05,0.0
8836,1058,445.17007,540.6858,-0.011426125,-24.051882,-20.267565,3.1805039e-06,31.452617645263672,0.0016459687923180747,-0.0006419419770473402,-2.4309680641185,0.9999847412109375,-2.1079473691691313e-05,0.0
8837,1059,443.9661,539.6699,-0.011426353,-24.074606,-20.388659,4.491806e-06,31.54812240600586,0.0015415165714955622,-0.0006422996442630758,-2.428327539897686,0.9999847412109375,-3.0973617490383054e-05,0.0
8838,1060,442.76117,538.6479,-0.011426391,-24.097439,-20.509136,4.4393537e-06,31.643503189086914,0.0014655695370126049,-0.0006425380674007056,-2.426276905858325,0.9999847412109375,-7.718187254323747e-05,0.0
8839,1060,441.55515,537.6197,-0.011426353,-24.12242,-20.6267,1.206398e-06,31.738807678222656,0.0014001625347071513,-0.0006426572464602299,-2.4246814060492587,0.9999847412109375,-0.00035129121166037667,0.0
8840,1061,440.34796,536.58563,-0.011426391,-24.150154,-20.740705,2.2935867e-06,31.83405113220215,0.001335517160063055,-0.0006426572464602299,-2.423418268744234,0.9999847412109375,-0.008783875083602233,0.0
8841,1062,439.13983,535.54535,-0.0114262765,-24.15927,-20.874708,2.6273726e-06,31.928417205810547,0.0013344820642487468,-0.0006421804001849701,-2.4218475363333054,0.9999847412109375,-0.015026463224124256,0.0
8842,1063,437.93127,534.4983,-0.011425705,-24.156063,-21.021326,1.0251998e-06,32.02204895019531,0.0014051385367712613,-0.0006408691054372963,-2.419218996337397,0.9999847412109375,-0.014079336004097474,0.0
8843,1063,436.7225,533.4445,-0.01142498,-24.15633,-21.163591,8.153915e-07,32.115821838378906,0.0014797118586684962,-0.0006395578106896225,-2.4155219961121492,0.9999847412109375,0.0,0.0
8844,1064,435.5127,532.38464,-0.011424789,-24.190912,-21.268154,-2.5749205e-07,32.210784912109375,0.001430730630594217,-0.0006392001434738871,-2.411953360251443,0.9999847412109375,0.0,0.0
8845,1065,434.3015,531.31903,-0.011424904,-24.218578,-21.379787,-1.5258789e-07,32.30533981323242,0.0013425945626748057,-0.0006394385666115169,-2.409170623228419,0.9999847412109375,0.0,0.0
8846,1066,433.08923,530.2476,-0.011425095,-24.24389,-21.493574,-1.3780593e-06,32.39969253540039,0.0012779056255812378,-0.0006394385666115169,-2.4070012122044404,0.9999847412109375,0.0,0.0
8847,1066,431.87582,529.17035,-0.011425133,-24.269665,-21.606436,-2.0503996e-06,32.493919372558594,0.0012294897990899503,-0.0006394385666115169,-2.4053095722800224,0.9999847412109375,0.0,0.0
8848,1067,430.66116,528.0874,-0.011425133,-24.297626,-21.716518,-1.8072128e-06,32.58806228637695,0.0011841637856192374,-0.0006394385666115169,-2.403990508592106,0.9999847412109375,0.0,0.0
8849,1068,429.44516,526.999,-0.011424942,-24.328743,-21.8228,1.4305114e-08,32.6821403503418,0.001133784528009829,-0.0006390809644143628,-2.4029630610435535,0.9999847412109375,0.0,0.0
8850,1069,428.22748,525.9053,-0.011424942,-24.363491,-21.924795,-2.0360947e-06,32.776153564453125,0.0010752260629099477,-0.0006388425412767329,-2.4021625148198757,0.9999847412109375,0.0,0.0
8851,1070,427.00815,524.8066,-0.011424904,-24.40199,-22.022394,-2.1266937e-06,32.870094299316406,0.001008521484777475,-0.000638604118139103,-2.401538802492579,0.9999847412109375,0.0,0.0
8852,1070,425.78674,523.70306,-0.011424751,-24.444155,-22.115715,9.3936916e-07,32.96394348144531,0.0009354160223716861,-0.0006382465159419488,-2.4010519766453124,0.9999847412109375,0.0,0.0
8853,1071,424.5632,522.5949,-0.011424675,-24.489756,-22.205025,-1.2779235e-06,33.05769729614258,0.0008583717993292782,-0.0006378888487262133,-2.4006738077705214,0.9999847412109375,0.0,0.0
8854,1072,423.33725,521.4824,-0.011424598,-24.5385,-22.290653,3.0994415e-06,33.151336669921875,0.0007798296131922822,-0.0006374120674695348,-2.4003781968895224,0.9999847412109375,0.0,0.0
8855,1073,422.10876,520.36566,-0.011424256,-24.590061,-22.37297,-3.7670134e-07,33.2448616027832,0.0007020229822655416,-0.000636935221194275,-2.4001478334552306,0.9999847412109375,0.0,0.0
8856,1074,420.87772,519.2448,-0.011424065,-24.644096,-22.452341,7.390976e-07,33.338253021240234,0.0006267509706936488,-0.0006365775539785395,-2.3999678037655414,0.9999847412109375,0.0,0.0
8857,1075,419.64392,518.1201,-0.01142395,-24.700287,-22.529139,2.9563903e-06,33.431514739990234,0.0005553488000621959,-0.0006361007077032797,-2.399826922543876,0.9999847412109375,0.0,0.0
8858,1075,418.40726,516.99164,-0.011423721,-24.758337,-22.60369,-4.529953e-07,33.52465057373047,0.0004887591097628816,-0.0006356239264466012,-2.3997172003069647,0.9999847412109375,0.0,0.0
8859,1076,417.16763,515.8595,-0.011423454,-24.81796,-22.676287,3.9339066e-06,33.61763000488281,0.00042751654758974207,-0.0006351470801713414,-2.3996314465198645,0.9999847412109375,0.0,0.0
8860,1077,415.92502,514.72375,-0.011423302,-24.87891,-22.747211,2.07901e-06,33.71046829223633,0.00037188118786798025,-0.0006346702338960816,-2.399564867492612,0.9999847412109375,0.0,0.0
8861,1078,414.6794,513.5845,-0.011423187,-24.94098,-22.816694,1.6641617e-06,33.80316925048828,0.00032186961033582796,-0.0006344318107584518,-2.3995124032191377,0.9999847412109375,0.0,0.0
8862,1079,413.43057,512.44183,-0.011422844,-25.00398,-22.884943,1.5878677e-06,33.89571762084961,0.0002773365634826592,-0.0006338357854236676,-2.3994716568544594,0.9999847412109375,0.0,0.0
8863,1080,412.17862,511.29578,-0.011422844,-25.06775,-22.952135,3.1375885e-06,33.98812484741211,0.00023794455210758705,-0.0006333589391484078,-2.3994396989213786,0.9999847412109375,0.0,0.0
8864,1080,410.92346,510.14633,-0.011422538,-25.132145,-23.018429,1.2636184e-06,34.080387115478516,0.00020337844740169207,-0.0006328820928731481,-2.399414931523241,0.9999847412109375,0.0,0.0
8865,1081,409.66507,508.9936,-0.011422385,-25.197042,-23.08395,9.4890595e-07,34.17250061035156,0.0001732525266314075,-0.0006324052465978882,-2.399394957815065,0.9999847412109375,0.0,0.0
8866,1082,408.40338,507.83765,-0.0114221955,-25.262346,-23.148813,1.1205673e-06,34.26446533203125,0.00014710966040625294,-0.0006319284003226285,-2.3993800441129607,0.9999847412109375,0.0,0.0
8867,1083,407.13846,506.67844,-0.011421966,-25.327969,-23.213108,-1.8596648e-07,34.356285095214844,0.00012455278837754732,-0.0006315707981254743,-2.3993677935719466,0.9999847412109375,0.0,0.0
8868,1084,405.87024,505.516,-0.011421775,-25.393839,-23.276913,2.4175642e-06,34.44795608520508,0.00010517875470461265,-0.0006310939518502144,-2.399358472508131,0.9999847412109375,0.0,0.0
8869,1085,404.59875,504.35037,-0.011421623,-25.459896,-23.340298,-3.9100647e-07,34.53948211669922,8.859804932152132e-05,-0.0006306171055749547,-2.399351281973188,0.9999847412109375,0.0,0.0
8870,1086,403.32394,503.18164,-0.011421395,-25.52609,-23.403315,-7.5817104e-07,34.630859375,7.446341611286864e-05,-0.0006301402592996948,-2.399345156702681,0.9999847412109375,0.0,0.0
8871,1086,402.0458,502.0098,-0.011421089,-25.592377,-23.466011,5.245209e-07,34.72208786010742,6.246107946895848e-05,-0.0006297826571025407,-2.3993408956449365,0.9999847412109375,0.0,0.0
8872,1087,400.76437,500.8348,-0.0114209745,-25.658726,-23.528427,4.863739e-07,34.81317138671875,5.2302255297282157e-05,-0.0006294249898868052,-2.3993376998516287,0.9999847412109375,0.0,0.0
8873,1088,399.4796,499.65668,-0.011420822,-25.725101,-23.590595,-1.1157989e-06,34.904109954833984,4.370617304547631e-05,-0.000628828964552021,-2.3993353030066475,0.9999847412109375,-0.00012814719180103087,0.0
8874,1089,398.19147,498.47543,-0.011420516,-25.791128,-23.652927,-9.965896e-07,34.994903564453125,3.754795030855857e-05,-0.0006283521182767613,-2.399324384046178,0.9999847412109375,-0.0008882968487527759,0.0
8875,1090,396.90015,497.29105,-0.011420593,-25.855034,-23.71735,3.862381e-07,35.08554458618164,3.940107740350226e-05,-0.0006279945160796071,-2.399250348167874,0.9999847412109375,-0.0016059325523256286,0.0
8876,1091,395.60562,496.1034,-0.011420516,-25.916847,-23.783823,-9.202957e-07,35.17603302001953,5.109828590902928e-05,-0.0006275176698043474,-2.3990391594934306,0.9999847412109375,-0.0018735317201867816,0.0
8877,1092,394.30804,494.91245,-0.011420212,-25.97744,-23.851398,-1.4305114e-07,35.26636505126953,6.839299690633625e-05,-0.0006271600676071932,-2.3986644527280565,0.9999847412109375,-0.001923641045699236,0.0
8878,1093,393.0074,493.71814,-0.011420059,-26.036879,-23.920008,4.2915342e-08,35.35655212402344,8.818482372806432e-05,-0.0006265639772538278,-2.398143272102728,0.9999847412109375,-0.001923641045699236,0.0
8879,1094,391.70383,492.52042,-0.01141983,-26.094872,-23.989964,7.9631803e-07,35.446590423583984,0.00011017626166448784,-0.0006262063750566736,-2.397503314492782,0.9999847412109375,-0.001923641045699236,0.0
8880,1094,390.39734,491.31918,-0.011419677,-26.15117,-24.061527,-1.759529e-06,35.53647232055664,0.00013504855915583087,-0.0006257295287814137,-2.396768015715811,0.9999847412109375,-0.001923641045699236,0.0
8881,1095,389.08804,490.11435,-0.011419524,-26.205662,-24.134811,-8.535385e-07,35.62619400024414,0.00016298261414991746,-0.000625252682506154,-2.395956017899446,0.9999847412109375,-0.001923641045699236,0.0
8882,1096,387.7761,488.90582,-0.01141922,-26.25833,-24.209826,-3.5429e-06,35.715763092041016,0.00019359557285808076,-0.0006248950803089998,-2.395083300010227,0.9999847412109375,-0.0008264290985169752,0.0
8883,1097,386.46143,487.69357,-0.011419182,-26.312304,-24.283216,1.001358e-07,35.80519485473633,0.0002169133492164265,-0.0006244182340337399,-2.3942353495191457,0.9999847412109375,-6.203845735456041e-06,0.0
8884,1098,385.1441,486.47757,-0.011418991,-26.366919,-24.355692,-1.6212463e-06,35.89448547363281,0.0002302998623739873,-0.0006240605668180045,-2.3935160297087155,0.9999847412109375,-7.283292688953216e-07,0.0
8885,1099,383.82413,485.25803,-0.011418762,-26.420494,-24.42906,-1.282692e-06,35.98362731933594,0.000241028172108293,-0.000623583785561326,-2.392942384809912,0.9999847412109375,-0.0008360601625597293,0.0
8886,1100,382.50162,484.03455,-0.011418609,-26.471436,-24.505013,-2.3651123e-06,36.072601318359375,0.000257869008707846,-0.0006232261183455904,-2.392428394719527,0.9999847412109375,-0.007563029374887765,0.0
8887,1101,381.1769,482.80695,-0.011418495,-26.503649,-24.60042,-6.008148e-07,36.16108703613281,0.0003313172328196072,-0.0006225108489327008,-2.3914720535720795,0.9999847412109375,-0.015246049363724978,0.0
8888,1102,379.8508,481.57437,-0.011417884,-26.514305,-24.717642,-1.4209747e-06,36.24872589111328,0.0004884972474266928,-0.0006214379773226569,-2.3893218173079496,0.9999847412109375,-0.016696389300688213,0.0
8889,1103,378.52405,480.3361,-0.011417427,-26.517647,-24.841963,-8.6307523e-07,36.33605194091797,0.0006803037202377657,-0.0006202459266530887,-2.38574332775121,0.9999847412109375,-0.016813878458536713,0.0
8890,1103,377.19693,479.0918,-0.01141716,-26.512154,-24.974752,-4.467964e-06,36.42296600341797,0.0008772344699876051,-0.0006191729900244635,-2.380943246202451,0.9999847412109375,-0.017131294151695644,0.0
8891,1104,375.87024,477.84082,-0.011416512,-26.49353,-25.120052,-4.234314e-06,36.50923538208008,0.0010866465116968454,-0.0006183385415520496,-2.3751418160838225,0.9999847412109375,-0.017225154697490565,0.0
8892,1105,374.54456,476.58252,-0.011416397,-26.460257,-25.278992,-4.2533875e-06,36.59470748901367,0.001316531864360395,-0.0006175040930796355,-2.368522262878322,0.9999847412109375,-0.012956033906655383,0.0
8893,1106,373.2205,475.3162,-0.011416206,-26.423483,-25.440613,-3.5572052e-06,36.68003845214844,0.0015339696046896575,-0.0006172656699420057,-2.3615162849986504,0.9999847412109375,-0.003648903661087388,0.0
8894,1107,371.89807,474.04193,-0.011416321,-26.397484,-25.591125,-3.247261e-06,36.76591873168945,0.0016801792291296093,-0.0006177425162172654,-2.3550051224495157,0.9999847412109375,-0.0021908682952647344,0.0
8895,1108,370.57758,472.75955,-0.01141674,-26.362385,-25.749489,-1.5830993e-06,36.8512077331543,0.0017960334984805115,-0.0006183385415520496,-2.3494383168229227,0.9999847412109375,-0.0018871994793698832,0.0
8896,1109,369.2592,471.46896,-0.011416969,-26.320747,-25.913149,-4.5681e-06,36.936065673828125,0.0019114120918906172,-0.0006188153878273093,-2.3447255869579187,0.9999847412109375,-0.0015580814398201727,0.0
8897,1110,367.9431,470.16992,-0.011417007,-26.277344,-26.077536,-1.6593933e-06,37.02075958251953,0.0020151567805114148,-0.0006191729900244635,-2.3407420305993782,0.9999847412109375,-0.0003599760647064853,0.0
8898,1111,366.62946,468.86264,-0.011417122,-26.238045,-26.23719,-2.8419495e-06,37.105594635009766,0.0020849643704364666,-0.0006194114131620935,-2.337441841376552,0.9999847412109375,-7.545760411253898e-07,0.0
8899,1112,365.31772,467.54742,-0.011417083,-26.202856,-26.392164,-1.8644332e-06,37.19053649902344,0.002115870302871971,-0.0006191729900244635,-2.3347749518609464,0.9999847412109375,0.0,0.0
8900,1113,364.00775,466.22427,-0.011416931,-26.172775,-26.54161,-8.535385e-07,37.275611877441406,0.0021115482576985842,-0.0006189345668868336,-2.332637765086158,0.9999847412109375,0.0,0.0
8901,1113,362.69934,464.89374,-0.011416931,-26.149164,-26.684366,4.2915342e-08,37.36086654663086,0.0020744647798165315,-0.0006185769646896794,-2.3309285482985453,0.9999847412109375,0.0,0.0
8902,1114,361.3919,463.55615,-0.011416663,-26.132704,-26.81987,-1.130104e-06,37.4462776184082,0.002007832177253559,-0.0006181001184144197,-2.3295639445559884,0.9999847412109375,0.0,0.0
8903,1115,360.08517,462.21194,-0.011416512,-26.123617,-26.948,3.7670134e-06,37.53182601928711,0.001916526453495735,-0.0006175040930796355,-2.328474977986255,0.9999847412109375,4.97693669651062e-08,0.0
8904,1116,358.77863,460.86145,-0.011416512,-26.121786,-27.068916,2.3412704e-06,37.617469787597656,0.0018063362128362677,-0.0006169080677448515,-2.3276075864192163,0.9999847412109375,0.0007129795420163257,0.0
8905,1117,357.4721,459.5051,-0.011416015,-26.129011,-27.18102,5.1927564e-06,37.703224182128906,0.0016771762809336523,-0.0006164312214695917,-2.3269620361709813,0.9999847412109375,0.0029607174547121263,0.0
8906,1118,356.16498,458.14343,-0.011416015,-26.149483,-27.280458,3.9625165e-06,37.78913879394531,0.0015188509640169537,-0.0006160735542538562,-2.326682404256523,0.9999847412109375,0.0060434095019580285,0.0
8907,1119,354.8566,456.777,-0.011415901,-26.185604,-27.364902,3.6764145e-06,37.87510681152344,0.0013229494584091055,-0.000615715952056702,-2.3270158320250007,0.9999847412109375,0.007518672508242527,0.0
8908,1120,353.54633,455.40643,-0.01141571,-26.233381,-27.438051,3.9005276e-06,37.960994720458984,0.0011031795015685845,-0.0006154775289190721,-2.328099738588663,0.9999847412109375,0.007777365773990664,0.0
8909,1121,352.23358,454.03235,-0.011415558,-26.290867,-27.501728,2.541542e-06,38.04674530029297,0.0008768717313225281,-0.0006151199267219179,-2.329884056519016,0.9999847412109375,0.0027241892782230758,0.0
8910,1122,350.91818,452.6548,-0.011415252,-26.343662,-27.569714,1.0967254e-07,38.13236999511719,0.0006918119441094195,-0.0006150006826438123,-2.331907526315258,0.9999847412109375,0.0018502550892051516,0.0
8911,1123,349.5999,451.27408,-0.011415214,-26.404726,-27.629595,2.5987624e-06,38.21784973144531,0.0005303265941043413,-0.0006144046573090282,-2.333809555965793,0.9999847412109375,0.0016484857187627443,0.0
8912,1124,348.27826,449.8907,-0.011415138,-26.473755,-27.681608,3.376007e-06,38.30314636230469,0.0003697770240306343,-0.0006138085669556628,-2.3355552580603396,0.9999847412109375,0.0015997887523244397,0.0
8913,1125,346.95306,448.5049,-0.011414794,-26.549004,-27.727392,9.155273e-07,38.38825225830078,0.00021114577843427042,-0.0006133317856989843,-2.3371603452493304,0.9999847412109375,0.0014291749836772376,0.0
8914,1125,345.62396,447.11703,-0.011414642,-26.628366,-27.768955,-1.5497208e-06,38.47317123413086,6.246707743308347e-05,-0.000612735695345619,-2.3386376007059977,0.9999847412109375,0.0001895535765470413,0.0
8915,1126,344.29086,445.72705,-0.011414299,-26.707329,-27.810686,-2.002716e-07,38.557952880859375,-6.125271726280647e-05,-0.0006121396700108348,-2.339920445403089,0.9999847412109375,0.00015620127368054922,0.0
8916,1127,342.95346,444.33514,-0.01141407,-26.788326,-27.850199,2.670288e-07,38.6425666809082,-0.0001624527939855429,-0.0006116628237355751,-2.340979051936395,0.9999847412109375,0.00014942468460006254,0.0
8917,1128,341.6121,442.94135,-0.011413955,-26.870075,-27.888746,-3.0517577e-07,38.72703170776367,-0.0002460760684686763,-0.000611066798400791,-2.3418549656189223,0.9999847412109375,0.000202526417810818,0.0
8918,1129,340.26648,441.54565,-0.011413536,-26.9518,-27.927082,5.2928925e-07,38.81135559082031,-0.00031158978252068955,-0.0006105899521255311,-2.342585470705931,0.9999847412109375,0.0002190917569316393,0.0
8919,1130,338.91684,440.14804,-0.011413307,-27.032766,-27.965927,-2.8991699e-06,38.895545959472656,-0.0003595267146514065,-0.0006099939267907471,-2.343201459866066,0.9999847412109375,0.00022615312962205583,0.0
8920,1131,337.56326,438.74847,-0.011413307,-27.112577,-28.00568,-4.4822693e-07,38.979610443115234,-0.0003914846477323574,-0.0006095170805154872,-2.343727700497466,0.9999847412109375,0.00022615312962205583,0.0
8921,1132,336.2058,437.347,-0.011413078,-27.191006,-28.046556,-2.1457672e-07,39.06353759765625,-0.00040959411063560554,-0.0006090402342402275,-2.3441791063022346,0.9999847412109375,0.00022615312962205583,0.0
8922,1133,334.84442,435.9434,-0.011412773,-27.267965,-28.088657,-7.2479247e-07,39.14734649658203,-0.0004154530975430705,-0.0006085633879649677,-2.344572455195239,0.9999847412109375,0.00022615312962205583,0.0
8923,1134,333.47906,434.5377,-0.011412659,-27.343437,-28.131996,-2.1505355e-06,39.23101806640625,-0.0004122572717256848,-0.0006083249648273377,-2.344917600872513,0.9999847412109375,0.00022615312962205583,0.0
8924,1135,332.10992,433.12976,-0.011412468,-27.417458,-28.176544,-1.540184e-06,39.31455993652344,-0.00040213719456480237,-0.0006077289394925537,-2.3452233317656543,0.9999847412109375,0.00022615312962205583,0.0
8925,1136,330.73715,431.7196,-0.011412353,-27.490099,-28.222225,-8.010864e-07,39.39796447753906,-0.0003872235899882306,-0.0006072520932172939,-2.345498702622369,0.9999847412109375,0.002587784567839224,0.0
8926,1137,329.3605,430.30728,-0.011412124,-27.568415,-28.262064,-6.3896175e-07,39.48115921020508,-0.0003888214541329875,-0.0006067752469420341,-2.345908030481914,0.9999847412109375,0.02350018497062329,0.0
8927,1138,327.97894,428.89417,-0.011411361,-27.7034,-28.243107,-4.863739e-07,39.56199645996094,-0.0005672533121868778,-0.0006049871059191005,-2.3478814328496624,0.9999847412109375,0.05279580685202084,0.0
8928,1139,326.58978,427.48306,-0.0114087295,-27.910505,-28.142756,-3.6764145e-06,39.635982513427734,-0.0010391651322560122,-0.0005989074134374102,-2.3538588979163455,0.9999847412109375,0.05987238151710749,0.0
8929,1140,325.19095,426.0764,-0.011405106,-28.147549,-28.005833,-4.162788e-06,39.70656204223633,-0.0016788564911116265,-0.0005905627986761077,-2.3649778617835353,0.9999847412109375,0.009872381517107488,0.0
8930,1141,323.7833,424.67316,-0.0114048,-28.294258,-27.972843,-6.690025e-06,39.787498474121094,-0.001993109369703814,-0.0005894899270660638,-2.377700581259171,0.9999847412109375,0.0,0.0
8931,1142,322.36758,423.27225,-0.011406211,-28.450615,-27.928156,-6.1035153e-06,39.867523193359375,-0.002086852510037441,-0.000592827785974301,-2.388632591217837,0.9999847412109375,0.0,0.0
8932,1143,320.9426,421.87518,-0.011407967,-28.634651,-27.851458,-2.2315978e-06,39.94554901123047,-0.0022264029313805683,-0.000596642491157798,-2.3976239556901624,0.9999847412109375,0.0,0.0
8933,1144,319.5075,420.4829,-0.011409187,-28.833496,-27.756304,-5.1784514e-06,40.022281646728516,-0.002434128716183773,-0.0005999803500660354,-2.4050190214050944,0.9999847412109375,0.0,0.0
8934,1145,318.06183,419.09604,-0.011410293,-29.038378,-27.652334,-3.519058e-06,40.098365783691406,-0.002656769243388723,-0.0006027221186209071,-2.4110958223804375,0.9999847412109375,0.0,0.0
8935,1146,316.60562,417.71487,-0.011411094,-29.243248,-27.546484,-3.209114e-06,40.17432403564453,-0.0028522457875491893,-0.0006046295037219464,-2.4160759336188855,0.9999847412109375,0.0,0.0
8936,1147,315.139,416.33914,-0.01141182,-29.443966,-27.44371,-3.581047e-06,40.250518798828125,-0.002994990441754461,-0.0006057023753319903,-2.4201468416611807,0.9999847412109375,0.0,0.0
8937,1148,313.66232,414.9686,-0.011411858,-29.63777,-27.347456,-3.5333633e-06,40.327171325683594,-0.0030759500187442193,-0.00060617922160725,-2.4234635424827653,0.9999847412109375,0.0,0.0
8938,1149,312.17603,413.6028,-0.011411933,-29.822903,-27.260021,-3.4999846e-06,40.40438461303711,-0.0030951252987414402,-0.0006060599775291445,-2.4261567972931624,0.9999847412109375,-0.007101164953780881,0.0
8939,1150,310.681,412.2408,-0.011412124,-29.980474,-27.204336,-1.039505e-06,40.48339080810547,-0.0030003172840832697,-0.00060617922160725,-2.427881726731207,0.9999847412109375,-0.057101164953780884,0.0
8940,1151,309.18057,410.87894,-0.011411743,-30.003769,-27.294899,8.335113e-06,40.56153106689453,-0.0024703474469345258,-0.0006043910805843165,-2.425704858856176,0.9999847412109375,-0.007101164953780881,0.0
8941,1152,307.67545,409.51645,-0.0114115905,-30.131466,-27.273703,8.082389e-06,40.64185333251953,-0.0020554275992859935,-0.0006040334133685809,-2.420427538840075,0.9999847412109375,0.0,0.0
8942,1153,306.1643,408.1545,-0.011411247,-30.24703,-27.265846,8.320808e-06,40.72234344482422,-0.0018636798707631257,-0.0006043910805843165,-2.415714010026744,0.9999847412109375,0.0,0.0
8943,1154,304.6484,406.79187,-0.011411247,-30.334257,-27.29009,2.298355e-06,40.80338668823242,-0.0016383764425424222,-0.0006040334133685809,-2.4118356485312615,0.9999847412109375,0.0,0.0
8944,1155,303.12897,405.42706,-0.01141098,-30.400822,-27.337242,5.2976607e-06,40.88440704345703,-0.001346493857032575,-0.0006037949902309511,-2.4086513068158535,0.9999847412109375,0.0,0.0
8945,1156,301.60678,404.0593,-0.01141098,-30.452837,-27.400253,4.3678283e-06,40.96521759033203,-0.0010247842574253282,-0.0006033182089742726,-2.4060382131542677,0.9999847412109375,0.0,0.0
8946,1157,300.08243,402.68777,-0.01141056,-30.495014,-27.473793,4.239082e-06,41.04576873779297,-0.0007078681527244803,-0.0006027221186209071,-2.4038930368962093,0.9999847412109375,0.0,0.0
8947,1158,298.55624,401.31226,-0.01141037,-30.530903,-27.55393,2.4890899e-06,41.1260871887207,-0.0004197141227779066,-0.0006022452723456474,-2.4021329537317757,0.9999847412109375,0.0,0.0
8948,1159,297.02844,399.93268,-0.011410026,-30.56312,-27.637783,2.5081633e-06,41.206207275390625,-0.00017097490947379644,-0.000601291644813709,-2.4006884551565166,0.9999847412109375,0.0,0.0
8949,1160,295.49918,398.54877,-0.0114097595,-30.593567,-27.723284,2.4318695e-06,41.286155700683594,3.275725526481711e-05,-0.0006005763754008194,-2.3995044137358676,0.9999847412109375,0.0,0.0
8950,1161,293.96844,397.1605,-0.0114093395,-30.62359,-27.808968,1.578331e-06,41.365966796875,0.00019328301228312267,-0.0005997419269284054,-2.3985342241507515,0.9999847412109375,-0.011661917116182573,0.0
8951,1162,292.43698,395.76718,-0.011408691,-30.621246,-27.928318,1.1920929e-06,41.44456100463867,0.0004116389775268052,-0.0005984306321807316,-2.39696429068815,0.9999847412109375,-0.027580227326876768,0.0
8952,1163,290.90622,394.3673,-0.011407432,-30.574768,-28.091417,-1.9979477e-06,41.520408630371094,0.0007689065565523353,-0.0005956887986072784,-2.3932976504993286,0.9999847412109375,0.0,0.0
8953,1165,289.37555,392.96164,-0.011407089,-30.599497,-28.18203,6.151199e-07,41.599952697753906,0.0009331048718807692,-0.0005947351060567589,-2.3889207452477836,0.9999847412109375,0.0,0.0
8954,1166,287.8442,391.55078,-0.011407203,-30.610544,-28.286385,1.1396407e-06,41.6788330078125,0.0009800114870629035,-0.0005949735291943888,-2.3853193525056695,0.9999847412109375,0.0,0.0
8955,1167,286.3127,390.13425,-0.011407241,-30.613623,-28.398628,-2.5510788e-06,41.757347106933594,0.0010360839667067504,-0.0005949735291943888,-2.3823547215801932,0.9999847412109375,0.0,0.0
8956,1168,284.78137,388.71194,-0.011407318,-30.612682,-28.5146,-4.839897e-06,41.83561706542969,0.0011041607619975758,-0.0005949735291943888,-2.3799165976022256,0.9999847412109375,0.0,0.0
8957,1169,283.2502,387.28363,-0.011407356,-30.610548,-28.631365,-3.094673e-06,41.91373062133789,0.001169016926882249,-0.0005949735291943888,-2.3779139004624863,0.9999847412109375,0.0,0.0
8958,1170,281.71927,385.84933,-0.0114075085,-30.609222,-28.74689,-3.9625165e-06,41.991764068603516,0.0012188605614189016,-0.0005949735291943888,-2.3762709963860162,0.9999847412109375,0.0,0.0
8959,1171,280.18845,384.4093,-0.011407279,-30.61006,-28.859793,-2.5272368e-07,42.06974411010742,0.0012477705534456353,-0.0005947351060567589,-2.3749237031905452,0.9999847412109375,0.0,0.0
8960,1172,278.6575,382.9636,-0.011407165,-30.613945,-28.96919,-1.6641617e-06,42.14768981933594,0.0012542222172309474,-0.0005943775038596047,-2.3738219534475795,0.9999847412109375,0.0,0.0
8961,1173,277.12637,381.51245,-0.011407127,-30.621418,-29.074564,-2.646446e-06,42.22560501098633,0.0012394935580088856,-0.0005940198366438692,-2.3729207397346967,0.9999847412109375,0.0,0.0
8962,1174,275.5948,380.0562,-0.0114068985,-30.632742,-29.175673,-2.1982194e-06,42.30348205566406,0.0012063673710591225,-0.0005939006575843449,-2.3721838430610718,0.9999847412109375,0.0,0.0
8963,1175,274.06256,378.5949,-0.011406746,-30.647987,-29.272465,-1.0681152e-06,42.38132095336914,0.0011583215002954363,-0.0005933046322495608,-2.3715825012869316,0.9999847412109375,0.0,0.0
8964,1176,272.52948,377.1289,-0.011406669,-30.66709,-29.365026,-1.4305114e-07,42.45909881591797,0.0010989773506591162,-0.000592827785974301,-2.3710911480658123,0.9999847412109375,0.0,0.0
8965,1177,270.9954,375.65836,-0.011406593,-30.689894,-29.453539,1.4543533e-06,42.53681182861328,0.001031732858227522,-0.0005924701187585655,-2.370691141270082,0.9999847412109375,0.0,0.0
8966,1178,269.46008,374.18344,-0.011406402,-30.716173,-29.538242,1.335144e-07,42.614444732666016,0.0009596396701140047,-0.0005922316956209357,-2.3703638387721115,0.9999847412109375,-0.009915027785289705,0.0
8967,1179,267.92404,372.70374,-0.011406098,-30.716764,-29.648188,3.1042098e-06,42.69115447998047,0.000968830566729518,-0.0005911588240108918,-2.3694351945000007,0.9999847412109375,0.0,0.0
8968,1180,266.38693,371.21957,-0.011405754,-30.748198,-29.72721,2.427101e-06,42.7686653137207,0.0009338967982010125,-0.0005905627986761077,-2.368165399292251,0.9999847412109375,0.0,0.0
8969,1181,264.84842,369.73145,-0.011405563,-30.777704,-29.807821,7.724762e-07,42.845924377441406,0.0008631967632290266,-0.0005902051314603721,-2.367117445403305,0.9999847412109375,0.0,0.0
8970,1182,263.30844,368.239,-0.01140541,-30.806631,-29.888773,1.5687942e-06,42.923038482666016,0.0008022362516615697,-0.0005899667733413235,-2.3662532496295743,0.9999847412109375,0.0,0.0
8971,1184,261.7671,366.74258,-0.0114052575,-30.835844,-29.96918,3.8051605e-06,43.0000114440918,0.0007535169834513514,-0.0005896091061255881,-2.365540587721869,0.9999847412109375,0.0,0.0
8972,1185,260.2243,365.2422,-0.011405219,-30.865944,-30.048454,1.7023086e-06,43.07686233520508,0.0007123914954255743,-0.0005893706829879582,-2.3649528280692884,0.9999847412109375,0.0,0.0
8973,1186,258.68,363.73785,-0.011404991,-30.897308,-30.126223,2.1934508e-07,43.153594970703125,0.0006747393000128839,-0.0005890130807908039,-2.364468931699221,0.9999847412109375,0.0,0.0
8974,1187,257.1341,362.22955,-0.011404838,-30.930168,-30.20225,-1.6212464e-07,43.2302131652832,0.0006380404070392253,-0.0005888938367126984,-2.3640699901679274,0.9999847412109375,0.0,0.0
8975,1188,255.58656,360.71744,-0.0114046475,-30.964634,-30.276428,2.1743774e-06,43.306705474853516,0.0006010150557688557,-0.0005884169904374386,-2.3637424213538476,0.9999847412109375,0.0,0.0
8976,1189,254.03725,359.20172,-0.011404686,-31.000746,-30.348728,1.0967254e-06,43.383079528808594,0.0005632888692106451,-0.0005880593882402844,-2.3634729094515317,0.9999847412109375,-0.0005248408608832162,0.0
8977,1190,252.48611,357.68237,-0.011404457,-31.03692,-30.420732,5.4359435e-07,43.45930862426758,0.0005294988100365106,-0.0005877017860431302,-2.363215115458012,0.9999847412109375,0.0,0.0
8978,1191,250.9332,356.1595,-0.01140438,-31.076141,-30.489468,7.6293944e-08,43.53543472290039,0.0004931192233156201,-0.0005873441188273947,-2.362974898327687,0.9999847412109375,0.0,0.0
8979,1192,249.37814,354.63324,-0.01140419,-31.116577,-30.556763,1.4925002e-06,43.61143493652344,0.0004550161890601903,-0.0005869865166302405,-2.362778889671457,0.9999847412109375,0.0,0.0
8980,1193,247.82112,353.10364,-0.011403999,-31.158197,-30.622643,1.4495849e-06,43.68729019165039,0.0004180450632866254,-0.000586628849414505,-2.362616170528853,0.9999847412109375,0.0,0.0
8981,1194,246.26201,351.57077,-0.011403923,-31.200966,-30.687174,1.3637542e-06,43.763031005859375,0.00038274940133459993,-0.0005862712472173508,-2.3624830124743488,0.9199847412109375,0.0,0.0
8982,1196,244.70073,350.03473,-0.01140335,-31.242983,-30.748627,-2.3412704e-06,43.836082458496094,0.0003491950020083901,-0.0005847215293320471,-2.362372491289111,0.8399847412109376,-0.004668555275258598,0.0
8983,1197,243.13785,348.4955,-0.011399497,-31.265568,-30.81626,-6.151199e-07,43.89963150024414,0.0003576074311499893,-0.0005761384914331147,-2.3619655602745464,0.7599847412109376,-0.013005587037056999,0.0
8984,1198,241.57445,346.95276,-0.011390342,-31.253984,-30.897627,-1.0490418e-06,43.94854736328125,0.0004576014578898712,-0.0005538463506854979,-2.3605117406354723,0.6799847412109377,0.0,0.0
8985,1199,240.01076,345.4075,-0.011374512,-31.266012,-30.932169,-5.102157e-07,43.98139190673828,0.00048442487360550083,-0.0005162953892038928,-2.3586416689180187,0.5999847412109377,0.0,0.0
8986,1200,238.44716,343.8605,-0.01135189,-31.258076,-30.96025,1.1444091e-06,43.995506286621094,0.0004679684106039526,-0.00046277043510328184,-2.3570981007502088,0.5199847412109377,0.0,0.0
8987,1201,236.88455,342.31235,-0.011323318,-31.232212,-30.978659,7.390976e-07,43.99009323120117,0.0004670981368932419,-0.0003945827181127574,-2.355830169755222,0.4399847412109377,0.0,0.0
8988,1202,235.32373,340.76352,-0.011289482,-31.190155,-30.98522,4.529953e-06,43.96487045288086,0.00048095005305575354,-0.00031423568117743347,-2.3547947327233993,0.3599847412109377,0.0,0.0
8989,1203,233.7655,339.21463,-0.011251373,-31.133476,-30.978573,3.9625165e-06,43.919986724853516,0.0004999411029028587,-0.00022423265345990662,-2.353949978025626,0.2799847412109377,0.0,0.0
8990,1204,232.21053,337.6664,-0.011210442,-31.063433,-30.957956,2.8705597e-06,43.85580825805664,0.0005165225966362484,-0.0001274347207390583,-2.3532607519355135,0.19998474121093768,0.0,0.0
8991,1205,230.65945,336.1196,-0.011167488,-30.980986,-30.923025,5.7697293e-06,43.77276611328125,0.0005265954377978157,-2.598762420314565e-05,-2.352695629152199,0.11998474121093768,0.0,0.0
8992,1207,229.11282,334.57492,-0.011123428,-30.886906,-30.873732,6.7234037e-06,43.67136764526367,0.0005285668011828548,7.832049715672847e-05,-2.352226646484236,0.039984741210937674,0.0,0.0
8993,1208,227.57123,333.03305,-0.011078682,-30.781786,-30.810236,5.7411194e-06,43.55214309692383,0.0005225729982470627,0.00018322467026518532,-2.3518348954878854,0.0,0.0,0.0
8994,1209,226.03516,331.49472,-0.01103424,-30.66674,-30.733482,6.64711e-06,43.416542053222656,0.000509541031413335,0.00028812883524631955,-2.351503065616061,0.0,0.0,0.0
8995,1210,224.50507,329.9605,-0.010991554,-30.544956,-30.646702,8.101463e-06,43.26909637451172,0.0004909174340784511,0.00038826463500272774,-2.3512175747472046,0.0,0.0,0.0
8996,1211,222.9812,328.43082,-0.010953026,-30.419743,-30.553356,1.0290146e-05,43.114593505859375,0.0004681891486874687,0.000478863704309684,-2.3509706997141544,0.0,0.0,0.0
8997,1212,221.46365,326.90594,-0.010919914,-30.293175,-30.45569,9.741783e-06,42.95608901977539,0.00044268863353627504,0.0005571842095937351,-2.350755249981967,0.0,0.0,0.0
8998,1213,219.9524,325.38596,-0.010892524,-30.166471,-30.355104,1.0533333e-05,42.79542541503906,0.0004155485123111294,0.0006210803751255027,-2.3505674971251165,0.0,0.0,0.0
8999,1214,218.44751,323.8711,-0.010870666,-30.040335,-30.25249,1.0809898e-05,42.63372802734375,0.0003876205284270717,0.0006716251050243213,-2.3504015821892046,0.0,0.0,0.0
9000,1215,216.94891,322.3614,-0.010853958,-29.915146,-30.148428,9.989738e-06,42.471683502197266,0.0003595786644978658,0.0007110833865883842,-2.350256439909795,0.0,0.0004062555970758869,0.0
9001,1216,215.4565,320.85693,-0.010841026,-29.792294,-30.042126,8.673668e-06,42.3096923828125,0.0003285440602899671,0.0007402896682901055,-2.3501552397883723,0.0,0.005159164731139754,0.0
9002,1217,213.96994,319.3581,-0.010831604,-29.684484,-29.921316,2.3317336e-06,42.14799880981445,0.00025660488494090594,0.0007622241418219869,-2.3504284801162143,0.0,1.582172309876409e-07,0.0
9003,1218,212.4892,317.86487,-0.010824661,-29.563555,-29.814154,3.9577483e-07,41.98675537109375,0.000210413978047085,0.0007780789878907592,-2.3509105122735185,0.0,0.0,0.0
9004,1219,211.0144,316.37704,-0.010819664,-29.446281,-29.70414,5.531311e-07,41.8260612487793,0.0001846974061502289,0.0007894038593631447,-2.3513051927470685,0.0,0.0,0.0
9005,1220,209.54533,314.89484,-0.010816307,-29.331787,-29.592203,4.4250487e-06,41.665958404541016,0.00015629865522826309,0.0007967948465925089,-2.351630098400058,0.0,0.0,0.0
9006,1221,208.08192,313.41824,-0.010814209,-29.219412,-29.479042,4.4727326e-06,41.5064811706543,0.00012456025738707426,0.0008016824233860498,-2.351897479773502,0.0,0.0,0.0
9007,1222,206.62408,311.9474,-0.0108129885,-29.108656,-29.36517,3.0326842e-06,41.34763717651367,9.23739627939498e-05,0.0008046626800971328,-2.3521195874084144,0.0,0.0,0.0
9008,1224,205.17169,310.4822,-0.010812454,-28.999132,-29.250982,8.535385e-07,41.18943786621094,6.220411384467387e-05,0.0008057355517071768,-2.3523041444719572,0.0,0.0,0.0
9009,1225,203.72476,309.02277,-0.010812454,-28.890564,-29.136772,2.4175642e-06,41.031890869140625,3.547635671678299e-05,0.0008057355517071768,-2.3524572762346367,0.0,0.0,0.0
9010,1226,202.28326,307.56906,-0.010812683,-28.782728,-29.02274,-6.3896175e-07,40.87499237060547,1.2823005240749723e-05,0.000805258705431917,-2.3525853742830694,0.0,0.0,0.0
9011,1227,200.84709,306.121,-0.0108131785,-28.675472,-28.90905,2.0742416e-06,40.71874237060547,-5.858951858385992e-06,0.0008037089875466133,-2.3526929659911087,0.0,0.0,0.0
9012,1228,199.41629,304.67865,-0.010813942,-28.568678,-28.795813,2.2125244e-06,40.563140869140625,-2.0240058825723528e-05,0.0008021592696613097,-2.3527824482037354,0.0,0.0,0.0
9013,1229,197.9908,303.2419,-0.010814705,-28.462275,-28.683105,1.1968613e-06,40.40818786621094,-3.0892676772241826e-05,0.0008000135264412218,-2.3528580819786935,0.0,0.0,0.0
9014,1230,196.5706,301.81082,-0.010815735,-28.356195,-28.570988,-1.2254715e-06,40.253883361816406,-3.888214378783422e-05,0.0007978677182025528,-2.3529227967931825,0.0,0.0,0.0
9015,1231,195.15572,300.38535,-0.010816689,-28.25041,-28.459473,1.8119812e-06,40.100215911865234,-4.367580936800886e-05,0.0007958411540419893,-2.352976592647202,0.0,0.0,0.0
9016,1232,193.74612,298.96542,-0.010817528,-28.144892,-28.348585,3.0517577e-07,39.947181701660156,-4.6871614867087935e-05,0.0007929801414090119,-2.3530218663857334,0.0,-0.002685623575410446,0.0
9017,1233,192.34196,297.55084,-0.010818939,-28.031872,-28.246027,-3.4952163e-06,39.79477310180664,-2.5566324114623363e-05,0.0007903575519136643,-2.3528828493768312,0.0,-0.01913376929321636,0.0
9018,1234,190.9444,296.14047,-0.010819931,-27.871744,-28.189919,-1.4781952e-07,39.64221954345703,0.0001435781599082567,0.0007877349624183167,-2.3513858865280977,0.0,0.0,0.0
9019,1235,189.55305,294.73456,-0.010820884,-27.764635,-28.082993,-6.1035155e-07,39.49087905883789,0.00021731821992218637,0.0007857083982577533,-2.3492140786591382,0.0,0.0,0.0
9020,1236,188.16748,293.33362,-0.010821991,-27.648844,-27.98578,1.1157989e-06,39.3403434753418,0.00022206335725874265,0.0007829665646843001,-2.347435353367074,0.0,0.0,0.0
9021,1237,186.78792,291.9373,-0.01082325,-27.527573,-27.894814,-2.1266937e-06,39.190406799316406,0.00024280399211007008,0.0007802247311108469,-2.3459730116125117,0.0,0.0,0.0
9022,1238,185.41461,290.5453,-0.010824433,-27.403185,-27.807735,-7.390976e-07,39.04106521606445,0.00028109213426646317,0.0007770061162807153,-2.34476819753536,0.0,0.0,0.0
9023,1238,184.0476,289.1575,-0.01082592,-27.277397,-27.722836,-7.5817104e-07,38.89231491088867,0.0003258017715864448,0.0007739066805101079,-2.3437727079198885,0.0,0.0,0.0
9024,1239,182.68697,287.7739,-0.010827141,-27.151438,-27.638927,-2.4032593e-06,38.74417495727539,0.0003678144381540708,0.0007712840910147604,-2.3429481932463996,0.0,0.0,0.0
9025,1240,181.33266,286.39444,-0.010828399,-27.02616,-27.555162,-3.1518935e-06,38.59663772583008,0.00040177468346475997,0.0007686614365008315,-2.3422650924267945,0.0,0.04141736925075574,0.0
9026,1241,179.98244,285.0214,-0.010828934,-27.007822,-27.363316,1.3685226e-06,38.447021484375,0.0001226720527675188,0.0007674693858312633,-2.3440179850562846,0.0,0.08825836196491166,0.0
9027,1242,178.63211,283.65936,-0.010825844,-27.09433,-27.049345,-2.7036667e-06,38.28537368774414,-0.0006418218227090964,0.000774502705844892,-2.352305476052502,0.0,0.038258361964911655,0.0
9028,1243,177.28114,282.309,-0.0108242035,-27.09828,-26.831505,-4.172325e-06,38.13458251953125,-0.0012618055944423805,0.0007780789878907592,-2.365605568852467,0.0,0.0,0.0
9029,1244,175.93166,280.96762,-0.010826454,-27.043192,-26.67963,-4.2438506e-07,37.988643646240234,-0.001430117505372551,0.0007734298342348482,-2.37831017883269,0.0,0.0,0.0
9030,1245,174.58295,279.63574,-0.010829658,-27.031118,-26.483433,-2.4986266e-06,37.84248352050781,-0.0015425026432995695,0.0007658004238678541,-2.388709290257231,0.0,0.0,0.0
9031,1246,173.23354,278.31512,-0.010832939,-27.04406,-26.259516,-6.494522e-06,37.695404052734375,-0.0017619472471592614,0.0007579325903632301,-2.397258037356386,0.0,0.0,0.0
9032,1247,171.8826,277.0066,-0.010836105,-27.069893,-26.020359,-4.763603e-06,37.547813415527344,-0.0020394487627826805,0.0007505416681524472,-2.4043015658074274,0.0,0.0,0.0
9033,1248,170.52982,275.71057,-0.010838737,-27.100443,-25.774887,-3.938675e-06,37.40025329589844,-0.002313754355060842,0.0007441043734736025,-2.410108322248236,0.0,0.0,0.0
9034,1249,169.17525,274.42715,-0.010840911,-27.130135,-25.529476,-3.7670134e-06,37.25316619873047,-0.002544383845387379,0.0007392167316614803,-2.4148964195720897,0.0,0.0,0.0
9035,1250,167.81908,273.15616,-0.0108423615,-27.155226,-25.288645,-3.0660628e-06,37.10689926147461,-0.00271163062191868,0.0007356405146341945,-2.418843224307587,0.0,0.0,0.0
9036,1251,166.46167,271.89716,-0.010843772,-27.173296,-25.055468,-4.634857e-06,36.96166229248047,-0.002810167582251612,0.0007324218347854815,-2.4220952103146827,0.0,-0.05,0.0
9037,1252,165.10588,270.64703,-0.010844841,-27.063377,-24.963919,4.5013426e-06,36.81879425048828,-0.00248845720242139,0.0007313489631754377,-2.422083758721995,0.0,-3.810405748129464e-06,0.0
9038,1253,163.7521,269.40536,-0.010845375,-27.06113,-24.755472,4.377365e-06,36.676124572753906,-0.0022679472040885037,0.0007296800012120283,-2.4195353798748984,0.0,0.0,0.0
9039,1254,162.3991,268.1733,-0.0108461,-27.035107,-24.574675,3.0231474e-06,36.535072326660156,-0.002198705795969419,0.0007275342579919406,-2.4174940668993528,0.0,0.0,0.0
9040,1254,161.04814,266.94943,-0.0108470535,-26.988237,-24.418636,3.9339066e-06,36.395530700683594,-0.002063949714774247,0.0007259845401066369,-2.4158690060021866,0.0,0.0,0.0
9041,1255,159.70009,265.7327,-0.010847931,-26.925611,-24.281443,2.5844574e-06,36.25709533691406,-0.0018604843375293557,0.0007238387968865491,-2.414579769718479,0.0,0.0,0.0
9042,1256,158.35558,264.52228,-0.010849075,-26.851252,-24.15846,1.4591217e-06,36.119537353515625,-0.0016202670771670459,0.0007212161423726203,-2.4135576484921066,0.0,0.0,0.0
9043,1257,157.0151,263.31763,-0.010849991,-26.768284,-24.046091,3.8719177e-06,35.98271179199219,-0.0013725930957896768,0.0007185935528772727,-2.4127483138368317,0.0,0.0,0.0
9044,1258,155.67902,262.11835,-0.010851173,-26.679125,-23.941568,3.33786e-06,35.84653854370117,-0.0011361042609534778,0.0007158517193038195,-2.4121064920141224,0.0,0.0,0.0
9045,1259,154.34752,260.9241,-0.010852051,-26.585602,-23.842802,5.7220458e-08,35.71097183227539,-0.0009209208448750754,0.0007137059760837318,-2.41159702929759,0.0,0.0,0.0
9046,1260,153.02084,259.73465,-0.010853347,-26.489105,-23.748226,3.671646e-06,35.57598876953125,-0.0007329019319898064,0.0007110833865883842,-2.4111932940763343,0.0,0.0,0.0
9047,1261,151.69907,258.54984,-0.010854416,-26.390656,-23.65667,2.7942656e-06,35.441566467285156,-0.0005720470021490203,0.0007084607970930367,-2.4108707852683255,0.0,0.0,0.0
9048,1262,150.38223,257.36954,-0.010855369,-26.29101,-23.567263,2.7704239e-06,35.30769348144531,-0.00043835634793633327,0.0007057189635195835,-2.410614056539242,0.0,0.0,0.0
9049,1262,149.0704,256.19363,-0.010856476,-26.190739,-23.479397,-4.816055e-07,35.17437744140625,-0.00032863404600648737,0.0007030963740242359,-2.410408726819197,0.0,-0.007724659036700092,0.0
9050,1263,147.76407,255.02156,-0.010857773,-26.069435,-23.415554,9.822845e-07,35.04145431518555,-0.0001763012316539549,0.0007008313867260425,-2.409738675488933,0.0,-0.05772465903670009,0.0
9051,1264,146.46596,253.85051,-0.010857086,-25.829994,-23.47266,2.1934509e-06,34.902069091796875,0.00032081864998768244,0.0007020234373956108,-2.405763108613663,0.08,-0.007724659036700089,0.0
9052,1265,145.1762,252.68039,-0.010857277,-25.704538,-23.416182,-9.059906e-08,34.771263122558594,0.0006449095551350696,0.0007014274120608267,-2.399290561900334,0.16,0.0,0.0
9053,1266,143.89255,251.51286,-0.010861244,-25.587194,-23.363346,-2.5749205e-07,34.64896011352539,0.0007054081747009659,0.0006918906816113747,-2.3937570457873676,0.24,0.0,0.0
9054,1267,142.61542,250.34686,-0.010869713,-25.460745,-23.336199,-1.4066696e-06,34.53733825683594,0.0007627446155652995,0.0006721019512995811,-2.3893465847060873,0.32,0.0,0.0
9055,1268,141.34488,249.1814,-0.010883102,-25.33442,-23.327593,7.4386594e-07,34.4384880065918,0.0008606925725702277,0.000640749926377772,-2.3858349404927086,0.4,0.0,0.0
9056,1269,140.0807,248.01573,-0.010901069,-25.214565,-23.33271,-1.578331e-06,34.35388946533203,0.0009726283020632955,0.000597715362767842,-2.3830514045213578,0.48000000000000004,0.0,0.0
9057,1269,138.8224,246.84935,-0.010923652,-25.105574,-23.34834,-3.4618377e-06,34.28461456298828,0.0010722756497276817,0.0005444287992955702,-2.3808572260992418,0.56,0.0,0.0
9058,1270,137.56929,245.6818,-0.0109500885,-25.01044,-23.372416,-4.18663e-06,34.231449127197266,0.0011443738442719592,0.00048148629380503156,-2.3791405524605764,0.64,0.0,0.0
9059,1271,136.32063,244.51271,-0.0109800715,-24.93118,-23.403742,-4.496574e-06,34.195011138916016,0.0011830361033451568,0.0004106759873191596,-2.377809504547755,0.72,0.0,0.0
9060,1272,135.07552,243.34181,-0.011012687,-24.869057,-23.441748,-2.7894973e-06,34.175804138183594,0.0011884019568227462,0.0003334283536451523,-2.3767881822697094,0.7999999999999999,0.0,0.0
9061,1273,133.83311,242.16875,-0.011048088,-24.824854,-23.486324,-4.296303e-06,34.17427062988281,0.0011641589985617812,0.00024986265311576075,-2.3760116044958424,0.8799999999999999,0.0,0.0
9062,1274,132.59245,240.9932,-0.011085548,-24.798885,-23.53772,-5.4597854e-06,34.190773010253906,0.00111569700887777,0.00016093252951756843,-2.37542437747548,0.9599999999999999,0.0,0.0
9063,1275,131.35263,239.81488,-0.011124877,-24.791233,-23.596447,-5.159378e-06,34.225685119628906,0.0010490854723351386,6.771087071526463e-05,-2.374979363257328,0.9999847412109375,0.0,0.0
9064,1275,130.11272,238.63335,-0.011166,-24.801073,-23.662554,-3.0517577e-07,34.278411865234375,0.0009703722873293216,-2.9444692648367184e-05,-2.3746403428505607,0.9999847412109375,0.0,0.0
9065,1276,128.87195,237.44838,-0.011207084,-24.825022,-23.73383,-1.1062622e-06,34.34496307373047,0.0008850318883686804,-0.000126600256011999,-2.3743801520120598,0.9999847412109375,0.0,0.0
9066,1277,127.62968,236.25972,-0.011245766,-24.859026,-23.807446,-6.7567826e-06,34.42042541503906,0.000797666290637683,-0.00021791457034987696,-2.374179349665868,0.9999847412109375,0.0,0.0
9067,1278,126.38552,235.06734,-0.011280174,-24.900263,-23.881674,-4.2152406e-06,34.501556396484375,0.0007117262903202861,-0.0002993344951498901,-2.3740235547420983,0.9999847412109375,0.0,0.0
9068,1279,125.13917,233.87125,-0.0113095855,-24.946795,-23.955557,-7.1573254e-06,34.58628845214844,0.0006295918925850043,-0.00036847590469093414,-2.3739026472286087,0.9999847412109375,0.0,0.0
9069,1280,123.890396,232.6715,-0.011333885,-24.997265,-24.028584,-3.0231474e-06,34.673274993896484,0.0005528073537563117,-0.00042557714083741227,-2.373808903958238,0.9999847412109375,0.0,0.0
9070,1281,122.63902,231.46812,-0.011353378,-25.05071,-24.10052,-3.4475327e-06,34.761661529541016,0.000482270677969844,-0.0004717111402179497,-2.373734601763825,0.9999847412109375,0.0,0.0
9071,1281,121.38492,230.26117,-0.011369094,-25.106424,-24.171309,-2.7894973e-06,34.85089111328125,0.00041836947349802554,-0.0005083083766397445,-2.3736770774842793,0.9999847412109375,0.0,0.0
9072,1282,120.128,229.0507,-0.011381149,-25.163906,-24.24097,-3.2901762e-06,34.940616607666016,0.00036112669190005567,-0.0005367993889285761,-2.373631803745748,0.9999847412109375,0.0,0.0
9073,1283,118.86815,227.83678,-0.0113905715,-25.222761,-24.30959,-4.42028e-06,35.03061294555664,0.0003103288121549426,-0.0005588531065385631,-2.3735969163354675,0.9999847412109375,0.0,0.0
9074,1284,117.60535,226.61945,-0.011397857,-25.282684,-24.377258,-3.4856796e-06,35.12071990966797,0.0002656330563020687,-0.0005755424010797493,-2.373570018408458,0.9999847412109375,0.0,0.0
9075,1285,116.33953,225.39876,-0.011403122,-25.343462,-24.444084,-1.7452239e-06,35.210853576660156,0.00022655742534360605,-0.0005880593882402844,-2.3735476478553013,0.9999847412109375,0.0,0.0
9076,1286,115.07065,224.17474,-0.011407279,-25.4049,-24.510166,-3.6859512e-06,35.30095291137695,0.0001926056974670673,-0.0005974769396302121,-2.3735311362565428,0.9999847412109375,0.0,0.0
9077,1287,113.7987,222.94745,-0.011410255,-25.466862,-24.575596,-1.6593933e-06,35.39097213745117,0.00016327256451322821,-0.0006045102596438408,-2.3735175541349833,0.9999847412109375,0.0,0.0
9078,1288,112.52363,221.71689,-0.011412582,-25.529236,-24.640455,-4.9209593e-06,35.48089599609375,0.0001380425591695364,-0.0006097555036531172,-2.373507966755059,0.9999847412109375,0.0,0.0
9079,1288,111.24544,220.4831,-0.011414413,-25.59192,-24.70482,-6.046295e-06,35.57069778442383,0.00011641987411696014,-0.0006134509647585086,-2.3734991783234616,0.9999847412109375,0.0,0.0
9080,1289,109.96411,219.2461,-0.011415443,-25.654846,-24.768751,-2.9563904e-07,35.660369873046875,9.798952013302472e-05,-0.0006161927983319617,-2.3734922541046277,0.9999847412109375,0.0,0.0
9081,1290,108.67962,218.00592,-0.011416397,-25.717947,-24.832306,-2.040863e-06,35.74991226196289,8.230820053042152e-05,-0.0006181001184144197,-2.3734874604146654,0.9999847412109375,0.0,0.0
9082,1291,107.39198,216.76256,-0.011417045,-25.781176,-24.895533,-1.2445449e-06,35.839317321777344,6.900867410731851e-05,-0.0006194114131620935,-2.3734837319891393,0.9999847412109375,0.0,0.0
9083,1292,106.10118,215.51607,-0.011417313,-25.844494,-24.958462,-9.059906e-07,35.9285774230957,5.776705080096593e-05,-0.0006202459266530887,-2.373480536195831,0.9999847412109375,0.0,0.0
9084,1293,104.807205,214.26642,-0.011417617,-25.90786,-25.02113,-7.4386594e-07,36.01769256591797,4.825186994755384e-05,-0.0006207227079097672,-2.373478405666959,0.9999847412109375,0.0,0.0
9085,1294,103.51006,213.01364,-0.011417732,-25.971254,-25.083569,-8.916855e-07,36.10667037963867,4.02777432534871e-05,-0.0006210803751255027,-2.373476275138087,0.9999847412109375,0.0,0.0
9086,1295,102.209755,211.75775,-0.011417808,-26.03465,-25.145796,-2.222061e-06,36.195499420166016,3.3556227973808866e-05,-0.0006210803751255027,-2.373474943557542,0.9999847412109375,0.0,0.0
9087,1296,100.90628,210.49875,-0.01141777,-26.09803,-25.207832,-1.964569e-06,36.284183502197266,2.7933612055001484e-05,-0.0006210803751255027,-2.373473878293106,0.9999847412109375,0.0,0.0
9088,1297,99.59964,209.23665,-0.011417732,-26.161379,-25.269693,-1.1730194e-06,36.37272644042969,2.3229312482994078e-05,-0.0006210803751255027,-2.373473878293106,0.9999847412109375,0.0,0.0
9089,1298,98.289825,207.97147,-0.011417693,-26.22468,-25.33139,1.0967254e-06,36.46112060546875,1.9277491238856384e-05,-0.0006207227079097672,-2.373472546712561,0.9999847412109375,0.0,0.0
9090,1298,96.97685,206.7032,-0.011417542,-26.287926,-25.392935,-2.8657912e-06,36.54936599731445,1.598154188584414e-05,-0.0006204843497907187,-2.373472014080343,0.9999847412109375,0.0,0.0
9091,1299,95.66071,205.43187,-0.011417313,-26.351109,-25.45434,3.480911e-07,36.63747024536133,1.3237005977605665e-05,-0.0006201266825749831,-2.373471747764234,0.9999847412109375,0.0,0.0
9092,1300,94.34142,204.15747,-0.011417236,-26.414219,-25.515608,-1.4829635e-06,36.72542953491211,1.0962919125776188e-05,-0.0006197690803778289,-2.373471747764234,0.9999847412109375,0.0,0.0
9093,1301,93.01898,202.87999,-0.011417083,-26.477251,-25.576746,-1.2874603e-06,36.81324005126953,9.063952915100132e-06,-0.0006194114131620935,-2.373471747764234,0.9199847412109375,0.0,0.0
9094,1302,91.693405,201.59953,-0.011416397,-26.538332,-25.635954,-2.169609e-06,36.89830780029297,9.063952915100132e-06,-0.0006194114131620935,-2.373471747764234,0.8399847412109376,1.9734258656817965e-06,0.0
9095,1303,90.36495,200.31627,-0.011412811,-26.592897,-25.68882,-2.0313262e-06,36.97428512573242,6.1605974390082176e-06,-0.0006093978364373817,-2.373471747764234,0.7599847412109376,0.0011321619020708128,0.0
9096,1304,89.033966,199.03062,-0.011403999,-26.641106,-25.729006,-1.7976761e-06,37.0368766784668,-4.793707232703287e-06,-0.0005882978113779143,-2.3735479141714104,0.6799847412109377,0.004328123811139251,0.0
9097,1305,87.700714,197.74352,-0.011389007,-26.686981,-25.748466,-6.961822e-07,37.083396911621094,-4.6339007031040075e-05,-0.0005521773887220886,-2.3739585736115005,0.5999847412109377,0.005327423159885542,0.0
9098,1306,86.365555,196.45564,-0.01136734,-26.723764,-25.752079,-7.867813e-07,37.11238479614258,-0.00010918958031128077,-0.0005011558125480102,-2.3748664452271084,0.5199847412109377,0.0,0.0
9099,1307,85.02934,195.16754,-0.0113401795,-26.734612,-25.756432,-8.7738033e-07,37.12321472167969,-0.00013049488528656,-0.00043618677540619875,-2.375861402210362,0.4399847412109377,0.0,0.0
9100,1308,83.69278,193.87978,-0.011308174,-26.735836,-25.74404,3.6191939e-06,37.115501403808594,-0.00013475596741265478,-0.000360131257420341,-2.3766544915829875,0.3599847412109377,0.0,0.0
9101,1309,82.35642,192.59312,-0.011272392,-26.725878,-25.716686,3.4999846e-06,37.089359283447266,-0.00014700647591772863,-0.00027513503431981536,-2.3772837965485736,0.2799847412109377,0.0,0.0
9102,1310,81.02084,191.30821,-0.011233787,-26.703854,-25.675789,3.604889e-06,37.045135498046875,-0.00016351810718551055,-0.00018405913499224463,-2.3777815413563093,0.19998474121093768,0.0,0.0
9103,1310,79.68668,190.02576,-0.011193352,-26.669321,-25.622414,3.4284592e-06,36.98324966430664,-0.0001800296734347112,-8.869170858788507e-05,-2.378176488145968,0.11998474121093768,0.0,0.0
9104,1311,78.354576,188.7463,-0.011152115,-26.622126,-25.557384,4.1532517e-06,36.90416717529297,-0.00019334547888510736,9.059905508414159e-06,-2.378492339051251,0.039984741210937674,0.0,0.0
9105,1312,77.025154,187.47049,-0.011110229,-26.562326,-25.481337,3.8194657e-06,36.80836486816406,-0.0002013349621553451,0.00010764598229994203,-2.3787450730387,0.0,0.0,0.023529052734375
9106,1313,75.6992,186.19884,-0.011066513,-26.483984,-25.38897,4.997253e-06,36.687889099121094,-0.0002045307717180855,0.00021147727567103234,-2.378949603810418,0.0,0.0,0.143529052734375
9107,1314,74.37805,184.93265,-0.011013184,-26.366745,-25.261091,4.310608e-06,36.51476287841797,-0.00020240022659137678,0.0003372430588286494,-2.37911818190742,0.0,0.0,0.263529052734375
9108,1315,73.0642,183.6742,-0.010937805,-26.197844,-25.085539,3.7622451e-06,36.271358489990234,-0.0001965412396839118,0.0005161762101443685,-2.3792625252385022,0.0,0.0,0.383529052734375
9109,1316,71.76021,182.42584,-0.01084034,-25.978445,-24.863293,5.4597854e-06,35.95918655395508,-0.0001874865569962237,0.0007467269629689501,-2.3793919548674802,0.0,0.0,0.503529052734375
9110,1317,70.46856,181.18988,-0.010725288,-25.709469,-24.59507,3.6907195e-06,35.57940673828125,-0.00017683391263590675,0.0010193585868529423,-2.3795131286970785,0.0,0.0,0.623529052734375
9111,1318,69.19171,179.96855,-0.010597458,-25.391674,-24.281425,6.904602e-06,35.132957458496094,-0.0001651159388209768,0.001322507722167748,-2.3796308404172604,0.0,0.0,0.743529052734375
9112,1319,67.93209,178.76418,-0.010460777,-25.02577,-23.92286,7.796288e-06,34.62069320678711,-0.00015339804627927347,0.0016463993453634483,-2.3797504163502046,0.0,0.0,0.863529052734375
9113,1320,66.69208,177.57892,-0.010318298,-24.612509,-23.519949,1.0290146e-05,34.043556213378906,-0.00014221275344629536,0.001983046443875895,-2.3798739870247845,0.0,0.0,0.983529052734375
9114,1320,65.474014,176.41505,-0.010172768,-24.152826,-23.073437,1.1219978e-05,33.402732849121094,-0.0001315601497225917,0.0023275611808372216,-2.380005813498743,0.0,0.0,0.863529052734375
9115,1321,64.27926,175.27382,-0.01003971,-23.694372,-22.628408,1.07908245e-05,32.763824462890625,-0.00012250515006931976,0.0026425122289554168,-2.3801488252492806,0.0,0.0,0.983529052734375
9116,1322,63.107357,174.15472,-0.009936637,-23.225664,-22.173891,1.10149385e-05,32.11094665527344,-0.00011558109378156699,0.0028858182620410005,-2.380298494902543,0.0,0.0,0.9999847412109375
9117,1323,61.959667,173.0591,-0.009844398,-22.734045,-21.697853,1.0547637e-05,31.426637649536133,-0.00010918947465608617,0.0031036136045674173,-2.3804566866712937,0.0,0.0,0.9999847412109375
9118,1324,60.836704,171.9874,-0.009766579,-22.23801,-21.217754,9.145737e-06,30.7363338470459,-0.00010439600413165542,0.0032873152836543156,-2.380624465819969,0.0,0.0,0.9999847412109375
9119,1324,59.738564,170.93973,-0.009705238,-21.740875,-20.736706,4.1151047e-06,30.04457664489746,-0.00010066748107767255,0.00343167760016235,-2.380800234451914,0.0,0.0,0.9999847412109375
9120,1325,58.665276,169.9161,-0.009658775,-21.243662,-20.25565,1.7309188e-06,29.352760314941406,-9.853687093238252e-05,0.003541469276918444,-2.3809823946704753,0.0,0.0,0.9999847412109375
9121,1326,57.61683,168.9165,-0.009624786,-20.74697,-19.775164,3.876686e-06,28.661714553833008,-9.693896615101232e-05,0.003621816378872349,-2.381171212791762,0.0,0.0,0.9999847412109375
9122,1327,56.593197,167.94089,-0.0096006775,-20.251184,-19.295626,1.5258789e-07,27.97197914123535,-9.587379111552992e-05,0.0036789177775652807,-2.3813624277580296,0.0,0.0,0.9999847412109375
9123,1327,55.59431,166.98923,-0.009583511,-19.75654,-18.817291,-1.2922287e-06,27.283903121948242,-9.534119953412737e-05,0.0037188527103488595,-2.3815563058853875,0.0,0.0,0.9999847412109375
9124,1328,54.62012,166.06142,-0.009572372,-19.263186,-18.340324,-1.6498566e-06,26.59770393371582,-9.534120766145004e-05,0.00374603255792718,-2.3817523145416173,0.0,7.45407262343802e-05,0.9999847412109375
9125,1329,53.67055,165.15744,-0.009565086,-18.771378,-17.864653,-3.2997132e-06,25.91351890563965,-9.534120766145004e-05,0.003763079389646939,-2.381952051623373,0.0,0.00015251337630858063,0.9999847412109375
9126,1329,52.74553,164.27719,-0.009561233,-18.281153,-17.390364,-4.3964387e-06,25.231435775756836,-9.69391449521109e-05,0.0037730930313902324,-2.3821613760850533,0.0,0.00017273713726212908,0.9999847412109375
9127,1330,51.84499,163.42061,-0.009559479,-17.79238,-16.917654,-4.59671e-06,24.55149269104004,-9.800423058704401e-05,0.003777384517830408,-2.3823821521394213,0.0,0.00018369410516203151,0.9999847412109375
9128,1330,50.968845,162.58762,-0.009559479,-17.30507,-16.446556,-5.135536e-06,23.87372398376465,-9.906956004165701e-05,0.003777980608183773,-2.3826098524126227,0.0,0.00018369410516203151,0.9999847412109375
9129,1331,50.11702,161.77817,-0.0095607,-16.819206,-15.977105,-3.991127e-06,23.198139190673828,-0.00010013488136894735,0.003775834734926523,-2.382843944272441,0.0,0.0002336076084544833,0.9999847412109375
9130,1332,49.28945,160.99211,-0.009562645,-16.334902,-15.509183,-3.2043456e-06,22.524736404418945,-0.00010066736729515526,0.0037715432484863474,-2.38308309613833,0.0,0.0023855376532559603,0.9999847412109375
9131,1332,48.48595,160.22955,-0.009565544,-15.85715,-15.037494,-7.31945e-06,21.853500366210938,-0.00011717901481758252,0.0037657019791422866,-2.383451411317088,0.0,0.01067917173833377,0.9999847412109375
9132,1333,47.705936,159.49089,-0.0095686335,-15.399668,-14.547093,-4.458427e-06,21.18413734436035,-0.0001997369192094896,0.0037587879032067637,-2.384487380981129,0.0,0.014460103174012471,0.9999847412109375
9133,1333,46.948906,158.77657,-0.009571953,-14.949509,-14.051609,-4.248619e-06,20.516714096069336,-0.0003249054254246325,0.0037519929413121836,-2.3865923435067273,0.0,4.143885234952904e-11,0.9999847412109375
9134,1334,46.21542,158.0858,-0.0095755765,-14.465417,-13.595961,-4.172325e-06,19.851913452148438,-0.00033449300040466165,0.0037437675706289866,-2.3888115556430902,0.0,0.0,0.9999847412109375
9135,1334,45.50576,157.4181,-0.009579468,-13.989381,-13.134954,-6.523132e-06,19.189313888549805,-0.0002993391439784531,0.0037348267354771563,-2.3905279629656464,0.0,0.0,0.9999847412109375
9136,1335,44.81966,156.77367,-0.009583588,-13.517982,-12.672072,-4.491806e-06,18.52882194519043,-0.00028336033998443093,0.0037257670463587077,-2.391893099340421,0.0,0.0,0.9999847412109375
9137,1335,44.15699,156.15244,-0.009587822,-13.049181,-12.209478,-4.234314e-06,17.870437622070312,-0.0002838928421652842,0.003716587723050666,-2.3930039038310933,0.0,0.0,0.9999847412109375
9138,1336,43.517647,155.55437,-0.009592018,-12.581726,-11.748497,-3.2424925e-06,17.21415138244629,-0.00029028452630934634,0.0037070510576197955,-2.393920297562189,0.0,0.0,0.9999847412109375
9139,1336,42.901615,154.97932,-0.009596328,-12.114869,-11.289919,-3.3140182e-06,16.559961318969727,-0.00029507815125290766,0.003697514392188925,-2.3946854237433692,0.0,0.0,0.9999847412109375
9140,1336,42.308887,154.42717,-0.009600563,-11.648187,-10.83419,-3.5619735e-06,15.907857894897461,-0.0002956106859430515,0.003687977466683729,-2.3953269792499694,0.0,0.0,0.9999847412109375
9141,1337,41.739464,153.89775,-0.0096049495,-11.181483,-10.381523,-5.21183e-06,15.257837295532227,-0.0002892191968547333,0.003677844710899493,-2.3958625409451844,0.0,0.0,0.9999847412109375
9142,1337,41.19336,153.39091,-0.009609146,-10.714686,-9.931972,-7.1907043e-06,14.609878540039062,-0.0002769687208589501,0.0036686656476657767,-2.3963083541116634,0.0,0.0,0.9999847412109375
9143,1338,40.670567,152.9065,-0.009613609,-10.247825,-9.485494,-1.940727e-06,13.963972091674805,-0.0002599247824660588,0.0036586520059224835,-2.396674538761549,0.0,0.0,0.9999847412109375
9144,1338,40.171104,152.44432,-0.0096178055,-9.780991,-9.041982,-4.467964e-06,13.32010555267334,-0.00023915183337982495,0.0036489962264506697,-2.396971214906984,0.0,0.0,0.9999847412109375
9145,1338,39.69496,152.00427,-0.009622077,-9.314307,-8.60128,-3.98159e-06,12.678262710571289,-0.00021571586949531972,0.003639459300945474,-2.397207969927892,0.0,0.0,0.9999847412109375
9146,1338,39.242123,151.5862,-0.009626427,-8.847921,-8.163219,-4.9591063e-06,12.038433074951172,-0.00019174764724964112,0.0036299226355146035,-2.3973941248880886,0.0,0.0,0.9999847412109375
9147,1339,38.812588,151.18996,-0.009630508,-8.381987,-7.72761,-2.6988982e-06,11.400599479675293,-0.00016724648394768552,0.0036202665959684643,-2.397536337690299,0.0,0.0,0.9999847412109375
9148,1339,38.40632,150.81546,-0.009634666,-7.916658,-7.294271,-2.579689e-06,10.764751434326172,-0.00014381076388286017,0.003610610816496651,-2.3976425978177933,0.0,0.0,0.9999847412109375
9149,1339,38.023293,150.4626,-0.009638863,-7.452085,-6.863026,-3.2567978e-06,10.130878448486328,-0.00012144023510816256,0.003601193265106723,-2.3977198294894055,0.0,0.0,0.8799847412109375
9150,1340,37.662518,150.13036,-0.009656029,-7.0293903,-6.471366,-3.943443e-06,9.554627418518066,-0.00010173284304157619,0.0035606619818954535,-2.397773891659534,0.0,0.0,0.7599847412109375
9151,1340,37.321354,149.81627,-0.009702644,-6.6606627,-6.1302347,-1.9741058e-06,9.0523042678833,-8.362337201100536e-05,0.0034502742147859942,-2.397807980121487,0.0,0.0,0.6399847412109375
9152,1340,36.9971,149.51785,-0.009778556,-6.3463297,-5.839843,-1.0967254e-06,8.624364852905273,-6.764441359785259e-05,0.0032702681918602315,-2.3978271548813357,0.04705810546875,0.0,0.5199847412109375
9153,1340,36.687027,149.23253,-0.009879303,-6.087211,-5.6007504,3.170967e-06,8.2717924118042,-5.379588246522993e-05,0.0030312536452148232,-2.397837541209587,0.12705810546875002,0.0,0.3999847412109375
9154,1340,36.38833,148.95769,-0.009999809,-5.8849106,-5.4142575,6.8235395e-06,7.996646881103516,-4.261055305929982e-05,0.002744078535028314,-2.3978423348995492,0.20705810546875003,0.0,0.2799847412109375
9155,1341,36.098133,148.6907,-0.010137062,-5.740897,-5.2815857,4.940033e-06,7.800836563110352,-3.30231650076919e-05,0.002418160412690631,-2.397844199112312,0.28705810546875005,0.0,0.15998474121093753
9156,1341,35.813503,148.42885,-0.010287895,-5.6558857,-5.203299,5.455017e-06,7.685269355773926,-2.5033771138003478e-05,0.0020601748659810873,-2.3978452643767483,0.36705810546875006,0.0,0.039984741210937536
9157,1341,35.531483,148.16939,-0.010449142,-5.630198,-5.179641,2.951622e-06,7.6503472328186035,-1.9174676543513225e-05,0.0016762017824371164,-2.3978452643767483,0.4470581054687501,0.0,0.0
9158,1341,35.2498,147.91023,-0.010609741,-5.634895,-5.1839585,3.0326842e-06,7.656726837158203,-1.4381057695443892e-05,0.0012943744421132332,-2.3978452643767483,0.5270581054687501,0.0,0.0
9159,1341,34.96766,147.65067,-0.010751228,-5.6473284,-5.195406,2.8657912e-06,7.673627853393555,-1.1185247116788148e-05,0.0009582041898760465,-2.3978452643767483,0.60705810546875,0.0,0.0
9160,1342,34.684696,147.39038,-0.010867805,-5.6673193,-5.2138023,3.0231474e-06,7.700794696807861,-7.989483270237714e-06,0.0006811618354737733,-2.3978452643767483,0.68705810546875,0.0,0.0
9161,1342,34.400536,147.12894,-0.010962181,-5.694979,-5.239257,2.0217894e-06,7.738385200500488,-6.3915947435128344e-06,0.0004564523519932522,-2.3978452643767483,0.76705810546875,0.0,0.0
9162,1342,34.114796,146.86606,-0.011039085,-5.7305408,-5.2719793,5.7220456e-07,7.786710739135742,-4.793691993973295e-06,0.00027382370706285095,-2.3978452643767483,0.8470581054687499,0.0,0.0
9163,1342,33.827053,146.60135,-0.011102905,-5.7742786,-5.3122206,-9.155273e-07,7.846144199371338,-3.7284295897722647e-06,0.0001219510942287653,-2.3978452643767483,0.8509674072265625,0.0,0.0
9164,1342,33.536926,146.33446,-0.01115673,-5.8250084,-5.3588953,-3.1137465e-06,7.915079116821289,-2.663161090079238e-06,-6.07967317929909e-06,-2.3978452643767483,0.8509674072265625,0.0,0.0
9165,1343,33.24414,146.0651,-0.011202011,-5.8801365,-5.409616,-3.4856796e-06,7.989990711212158,-2.1305276021692246e-06,-0.00011348723538935722,-2.3978452643767483,0.8509674072265625,0.0,0.0
9166,1343,32.94853,145.79314,-0.011239205,-5.937969,-5.4628234,-3.9863585e-06,8.068575859069824,-1.5979021145924568e-06,-0.0002015828942604902,-2.3978452643767483,0.854888916015625,0.0,0.0
9167,1343,32.64998,145.51846,-0.011268997,-5.9975553,-5.5176415,-3.0517576e-06,8.149541854858398,-1.0652657059258612e-06,-0.00027239321700100756,-2.3978452643767483,0.8509674072265625,0.0,0.0
9168,1343,32.348415,145.24103,-0.011292686,-6.058206,-5.5734415,-2.9039381e-06,8.231956481933594,-1.0652657059258612e-06,-0.00032865998842042637,-2.3978452643767483,0.8470458984375,0.0,0.0
9169,1343,32.043816,144.9608,-0.011311111,-6.119328,-5.629674,-2.8896332e-06,8.315011024475098,-5.326292337645575e-07,-0.0003722905773651405,-2.3978452643767483,0.8352813720703125,0.0,0.0
9170,1344,31.736164,144.67776,-0.011325073,-6.1803675,-5.685831,-3.1375885e-06,8.397953033447266,-5.326292337645575e-07,-0.00040554998738798876,-2.3978452643767483,0.83135986328125,0.0,0.0
9171,1344,31.425468,144.39194,-0.011335297,-6.241,-5.741613,-3.3807753e-06,8.480341911315918,-5.326292337645575e-07,-0.00042951105758972426,-2.3978452643767483,0.8274383544921875,0.0,0.0
9172,1344,31.111755,144.10333,-0.0113426205,-6.301196,-5.796992,-3.4761429e-06,8.56213665008545,1.4551916367080876e-11,-0.0004470348006033245,-2.3978452643767483,0.8274383544921875,0.0,0.0
9173,1344,30.795048,143.81195,-0.011347656,-6.361028,-5.8520365,-3.852844e-06,8.643437385559082,0.0,-0.0004589557299197848,-2.3978452643767483,0.8274383544921875,0.0,0.0
9174,1344,30.475355,143.51784,-0.011351013,-6.4206257,-5.9068656,-3.080368e-06,8.724419593811035,1.4551916367080876e-11,-0.00046706198656203867,-2.3978452643767483,0.83135986328125,0.0,0.0
9175,1345,30.152685,143.22098,-0.01135334,-6.4801636,-5.9616385,-3.2377243e-06,8.805319786071777,-1.4551916367080876e-11,-0.0004725455886903637,-2.3978452643767483,0.854888916015625,0.0,0.0
9176,1345,29.827026,142.92139,-0.011355209,-6.5403037,-6.016968,-3.2281876e-06,8.887040138244629,-1.4551916367080876e-11,-0.00047671792858030557,-2.3978452643767483,0.8901824951171875,0.0,0.0
9177,1345,29.498318,142.61899,-0.011357384,-6.6021533,-6.073868,-2.799034e-06,8.971081733703613,0.0,-0.00048172471694266143,-2.3978452643767483,0.917633056640625,0.0,0.0
9178,1345,29.166449,142.31366,-0.011360588,-6.6665277,-6.133092,-3.1232832e-06,9.058554649353027,1.4551916367080876e-11,-0.0004895925179379948,-2.3978452643767483,0.997633056640625,0.0,0.0
9179,1346,28.831264,142.0053,-0.011365318,-6.734737,-6.195844,-3.6191939e-06,9.151238441467285,0.0,-0.0005011558125480102,-2.3978452643767483,0.9999847412109375,0.0,0.0
9180,1346,28.492538,141.69366,-0.011372375,-6.8075233,-6.262805,-3.6144256e-06,9.250140190124512,0.0,-0.0005178451395984871,-2.3978452643767483,0.9999847412109375,0.0,0.0
9181,1346,28.150085,141.3786,-0.011380997,-6.8832746,-6.3324943,-2.8705597e-06,9.353071212768555,0.0,-0.0005381107161855405,-2.3978452643767483,0.9999847412109375,0.0,0.0
9182,1346,27.803785,141.06003,-0.011389809,-6.960903,-6.4039116,-3.6191939e-06,9.4585542678833,0.0,-0.0005589723506166688,-2.3978452643767483,0.9999847412109375,0.0,0.0
9183,1346,27.453573,140.73784,-0.011398086,-7.0397277,-6.47643,-2.5367735e-06,9.56566333770752,-1.45519183047856e-11,-0.0005786418368503568,-2.3978452643767483,0.9999847412109375,0.0,0.0
9184,1347,27.099396,140.412,-0.011405296,-7.1193175,-6.54965,-1.7881393e-06,9.673810005187988,9.022188806409749e-10,-0.0005958079776668027,-2.3978452643767483,0.9999847412109375,0.0,0.0
9185,1347,26.741224,140.0825,-0.0114114,-7.199401,-6.623326,-2.8657912e-06,9.782629013061523,1.8189895827014992e-09,-0.0006103515289879013,-2.3978452643767483,0.9999847412109375,0.0,0.0
9186,1347,26.37904,139.7493,-0.011416397,-7.279808,-6.697299,-1.9168854e-06,9.891886711120605,4.845788156051046e-09,-0.0006221532467355466,-2.3978452643767483,0.9999847412109375,0.0,0.0
9187,1347,26.012827,139.4124,-0.011420441,-7.3604302,-6.771471,-2.2506713e-06,10.001437187194824,7.712515577667628e-10,-0.0006318092212631042,-2.3978452643767483,0.9999847412109375,0.0,0.0
9188,1348,25.642582,139.07178,-0.011423606,-7.4412017,-6.8457785,-2.732277e-06,10.111189842224121,1.4260878000985165e-09,-0.0006394385666115169,-2.3978452643767483,0.9999847412109375,0.0,0.0
9189,1348,25.268295,138.72743,-0.011426048,-7.5220776,-6.9201837,-2.9468536e-06,10.221085548400879,4.831236458644599e-09,-0.0006455182590932074,-2.3978452643767483,0.9999847412109375,0.0,0.0
9190,1348,24.889965,138.37938,-0.0114281075,-7.603033,-6.9946604,-3.1948089e-06,10.331088066101074,1.45519183047856e-11,-0.0006500482336895941,-2.3978452643767483,0.9999847412109375,0.0,0.0
9191,1348,24.507582,138.02759,-0.011429596,-7.6840496,-7.0691943,-2.6416778e-06,10.441174507141113,2.663001053651174e-09,-0.0006538629388730911,-2.3978452643767483,0.9999847412109375,0.0,0.0
9192,1349,24.12115,137.67207,-0.011430817,-7.765117,-7.1437726,-3.2758712e-06,10.551328659057617,9.662473909394015e-09,-0.000656604707427963,-2.3978452643767483,0.9999847412109375,0.0,0.0
9193,1349,23.730661,137.31284,-0.011431885,-7.8462286,-7.2183933,-2.1505355e-06,10.661543846130371,1.817534437763475e-08,-0.0006588696947261563,-2.3978452643767483,0.9999847412109375,0.0,0.0
9194,1349,23.336117,136.94987,-0.0114326095,-7.927377,-7.29305,-2.3269654e-06,10.771809577941895,7.901691240331407e-09,-0.00066065783574909,-2.3978452643767483,0.9999847412109375,0.0,0.0
9195,1350,22.937513,136.58316,-0.01143322,-8.008564,-7.3677397,-2.1791457e-06,10.882126808166504,7.901691240331407e-09,-0.00066065783574909,-2.3978452643767483,0.9999847412109375,0.0,0.0
9196,1350,22.534853,136.2127,-0.011433754,-8.089784,-7.4424615,-3.4284592e-06,10.9924898147583,1.1772501284630629e-08,-0.0006632804252444375,-2.3978452643767483,0.9999847412109375,0.0,0.0
9197,1350,22.12813,135.83853,-0.011434173,-8.171037,-7.5172133,-2.5463103e-06,11.102897644042969,1.1772501284630629e-08,-0.0006632804252444375,-2.3978452643767483,0.9999847412109375,0.0,0.0
9198,1350,21.71734,135.46062,-0.011434479,-8.252322,-7.5919952,-3.2329558e-06,11.213350296020508,2.1187592865748176e-08,-0.0006651878103454767,-2.3978452643767483,0.9999847412109375,0.0,0.0
9199,1351,21.30249,135.07896,-0.011434821,-8.33364,-7.6668057,-3.3140182e-06,11.323844909667969,2.1187592865748176e-08,-0.0006651878103454767,-2.3978452643767483,0.9999847412109375,0.0,0.0
9200,1351,20.88357,134.69356,-0.011435203,-8.414989,-7.741647,-2.646446e-06,11.4343843460083,2.1187592865748176e-08,-0.0006651878103454767,-2.3978452643767483,0.9999847412109375,0.0,0.0
9201,1351,20.46058,134.30443,-0.011435432,-8.496369,-7.816516,-3.2281876e-06,11.544964790344238,1.45519183047856e-11,-0.0006672143745060402,-2.3978452643767483,0.9999847412109375,0.0,0.0
9202,1352,20.033524,133.91153,-0.011435585,-8.577781,-7.8914127,-3.7002562e-06,11.655587196350098,1.45519183047856e-11,-0.0006672143745060402,-2.3978452643767483,0.9999847412109375,0.0,0.0
9203,1352,19.602396,133.5149,-0.011435813,-8.659223,-7.9663377,-2.9420853e-06,11.766251564025879,1.45519183047856e-11,-0.0006672143745060402,-2.3978452643767483,0.9999847412109375,0.0,0.0
9204,1352,19.167192,133.11453,-0.011436119,-8.740696,-8.041291,-2.6750563e-06,11.876957893371582,1.45519183047856e-11,-0.0006672143745060402,-2.3978452643767483,0.9999847412109375,0.0,0.0
9205,1352,18.727917,132.7104,-0.01143631,-8.822198,-8.116272,-2.1886824e-06,11.987704277038574,4.19095234776515e-09,-0.0006693601177261279,-2.3978452643767483,0.9999847412109375,0.0,0.0
9206,1353,18.284565,132.30252,-0.011436539,-8.903729,-8.191279,-2.2172928e-06,12.098489761352539,4.19095234776515e-09,-0.0006693601177261279,-2.3978452643767483,0.9999847412109375,0.0,0.0
9207,1353,17.837135,131.8909,-0.011436729,-8.985291,-8.266315,-2.2363663e-06,12.20931625366211,4.19095234776515e-09,-0.0006693601177261279,-2.3978452643767483,0.9999847412109375,0.0,0.0
9208,1353,17.385628,131.47551,-0.011436843,-9.066882,-8.341376,-2.2935867e-06,12.320182800292969,4.19095234776515e-09,-0.0006693601177261279,-2.3978452643767483,0.9999847412109375,0.0,0.0
9209,1354,16.930038,131.05638,-0.011437072,-9.148502,-8.416466,-2.8038023e-06,12.431090354919434,1.085573095460941e-08,-0.0006711482587490614,-2.3978452643767483,0.9999847412109375,0.0,0.0
9210,1354,16.470367,130.6335,-0.011437263,-9.230152,-8.491583,-2.9134749e-06,12.542037010192871,1.085573095460941e-08,-0.0006711482587490614,-2.3978452643767483,0.9999847412109375,0.0,0.0
9211,1354,16.006615,130.20685,-0.011437454,-9.31183,-8.566725,-2.026558e-06,12.653020858764648,1.085573095460941e-08,-0.0006711482587490614,-2.3978452643767483,0.9999847412109375,0.0,0.0
9212,1355,15.538775,129.77644,-0.011437607,-9.393537,-8.641893,-2.6655196e-06,12.764045715332031,1.085573095460941e-08,-0.0006711482587490614,-2.3978452643767483,0.9999847412109375,0.0,0.0
9213,1355,15.066852,129.34229,-0.011437835,-9.475272,-8.71709,-3.33786e-06,12.875109672546387,1.085573095460941e-08,-0.0006711482587490614,-2.3978452643767483,0.9999847412109375,0.0,0.0
9214,1355,14.590838,128.90436,-0.011438064,-9.557036,-8.792312,-2.7704239e-06,12.986211776733398,1.1874364654632986e-08,-0.0006732940019691493,-2.3978452643767483,0.9999847412109375,0.0,0.0
9215,1356,14.110735,128.46268,-0.011438141,-9.638828,-8.867558,-3.5381315e-06,13.097350120544434,1.1874364654632986e-08,-0.0006732940019691493,-2.3978452643767483,0.9999847412109375,0.0,0.0
9216,1356,13.626543,128.01723,-0.011438332,-9.720649,-8.942831,-2.9134749e-06,13.208529472351074,1.1874364654632986e-08,-0.0006732940019691493,-2.3978452643767483,0.9999847412109375,0.0,0.0
9217,1356,13.138262,127.56802,-0.011438598,-9.802497,-9.01813,-3.0183792e-06,13.319745063781738,1.1874364654632986e-08,-0.0006732940019691493,-2.3978452643767483,0.9999847412109375,0.0,0.0
9218,1357,12.6458845,127.11504,-0.011438789,-9.884372,-9.093454,-2.6416778e-06,13.430998802185059,1.1496014569436451e-08,-0.0006750821429920828,-2.3978452643767483,0.9999847412109375,0.0,0.0
9219,1357,12.149414,126.658295,-0.011438942,-9.966275,-9.168803,-3.5381315e-06,13.542289733886719,1.1496014569436451e-08,-0.0006750821429920828,-2.3978452643767483,0.9999847412109375,0.0,0.0
9220,1357,11.648848,126.19778,-0.0114391325,-10.048205,-9.244178,-2.9420853e-06,13.653616905212402,1.1496014569436451e-08,-0.0006750821429920828,-2.3978452643767483,0.9999847412109375,0.0,0.0
9221,1358,11.144183,125.73349,-0.011439285,-10.130163,-9.319577,-2.5320053e-06,13.764982223510742,1.1496014569436451e-08,-0.0006750821429920828,-2.3978452643767483,0.9999847412109375,0.0,0.0
9222,1358,10.635421,125.26545,-0.011439514,-10.212147,-9.395001,-2.555847e-06,13.876382827758789,1.1496014569436451e-08,-0.0006750821429920828,-2.3978452643767483,0.9199847412109375,0.0,0.0
9223,1358,10.122593,124.79365,-0.011439171,-10.2922125,-9.468661,-3.4809111e-06,13.985177040100098,1.1496014569436451e-08,-0.0006750821429920828,-2.3978452643767483,0.8399847412109376,0.0,0.0
9224,1359,9.605905,124.31832,-0.0114362715,-10.366773,-9.537255,-2.9468536e-06,14.086490631103516,3.0122469999562017e-09,-0.0006690025155289737,-2.3978452643767483,0.7599847412109376,0.0,0.0
9225,1359,9.085697,123.83972,-0.011429061,-10.433613,-9.598746,-3.1089783e-06,14.177313804626465,1.1496014569436451e-09,-0.0006519555537720519,-2.3978452643767483,0.6799847412109377,0.0,0.0
9226,1359,8.562394,123.35831,-0.011417007,-10.491442,-9.651949,-2.4747849e-06,14.255892753601074,8.309144720340838e-09,-0.0006233453624236961,-2.3978452643767483,0.5999847412109377,0.0,0.0
9227,1360,8.036468,122.87448,-0.011400223,-10.539588,-9.696243,-3.1471252e-06,14.321314811706543,1.964508913014914e-09,-0.0005834102345843733,-2.3978452643767483,0.5199847412109377,0.0,0.0
9228,1360,7.50841,122.38868,-0.011379395,-10.577772,-9.73137,-2.6559828e-06,14.373198509216309,6.402842968991019e-10,-0.0005335807415891538,-2.3978452643767483,0.4399847412109377,0.0,0.0
9229,1360,6.978721,121.901375,-0.011355056,-10.605962,-9.757305,-2.169609e-06,14.411503791809082,5.675246937489456e-10,-0.00047588344759860095,-2.3978452643767483,0.3599847412109377,0.0,0.0
9230,1361,6.447896,121.413025,-0.011328277,-10.6242895,-9.774167,-1.9311904e-06,14.436408042907715,0.0,-0.00041222570520446324,-2.3978452643767483,0.2799847412109377,0.0,0.0
9231,1361,5.9164224,120.92407,-0.011299667,-10.632978,-9.782162,-2.0122527e-06,14.44821548461914,3.929017205964317e-10,-0.0003442764113515687,-2.3978452643767483,0.19998474121093768,-0.00042047896339406034,0.0
9232,1361,5.3848004,120.43494,-0.011270103,-10.631143,-9.782813,-1.2874602e-07,14.447304725646973,3.6497731070648337e-06,-0.00027382370706285095,-2.3978157032886482,0.11998474121093768,-0.002316425552907546,0.0
9233,1362,4.85362,119.945885,-0.011239853,-10.615295,-9.7805395,3.7384032e-06,14.434106826782227,2.4303195944709454e-05,-0.00020205974053575,-2.3976194283163093,0.039984741210937674,-0.0030460893624970325,0.0
9234,1362,4.3234253,119.45724,-0.011209564,-10.590041,-9.771013,9.63211e-07,14.409083366394043,5.263228148864216e-05,-0.0001300573264890512,-2.397187463587499,0.0,-0.0031966288891320874,0.0
9235,1363,3.7946467,118.969315,-0.011179848,-10.557421,-9.754106,3.77655e-06,14.37364673614502,7.723575152827454e-05,-5.912780437070294e-05,-2.3965781323300885,0.0,-0.007980349375564539,0.0
9236,1363,3.2679183,118.48211,-0.0111516565,-10.506505,-9.746473,2.4223327e-06,14.331099510192871,0.00013725609441012234,7.987021707386282e-06,-2.3955331079183413,0.0,-0.01331635925670557,0.0
9237,1363,2.743928,117.99527,-0.01112648,-10.440869,-9.748484,2.8276443e-06,14.28442096710205,0.00024525673681641475,6.771087071526463e-05,-2.393659574091471,0.0,-0.016133507648359684,0.0
9238,1364,2.2231066,117.50852,-0.011104965,-10.369651,-9.752981,1.8548965e-06,14.235529899597168,0.00036896910313939104,0.00011825560874140587,-2.390875771804011,0.0,-0.016780254074029846,0.0
9239,1364,1.7056445,117.021835,-0.011087837,-10.297778,-9.7563305,1.1968613e-06,14.185564041137695,0.00047738251600907135,0.0001592636000634498,-2.3874027434264384,0.0,-0.04138669199161418,0.0
9240,1364,1.1931065,116.53374,-0.0110731125,-10.159847,-9.822422,2.4414062e-06,14.131612777709961,0.0007531609417001484,0.00019335745855871204,-2.3820247559211323,0.0,-0.0738414801311055,0.0
9241,1365,0.68831694,116.04184,-0.011058846,-9.94954,-9.948415,-3.2663345e-06,14.069978713989258,0.0012846523436884929,0.0002273321054851593,-2.37260036145556,0.0,-0.0812017374941,0.0
9242,1365,0.19295326,115.54488,-0.0110457605,-9.73351,-10.0744,-6.780624e-06,14.008381843566895,0.0018657963556216281,0.00025784968193455433,-2.3588163722855278,0.0,-0.08186445146287295,0.0
9243,1365,-0.2927333,115.042694,-0.011036072,-9.521052,-10.193741,-8.2111355e-06,13.948576927185059,0.0023342749995423386,0.00028073784801695536,-2.3421130259285508,0.0,-0.08186445146287295,0.0
9244,1366,-0.7683269,114.535,-0.011029205,-9.303676,-10.313027,-9.245872e-06,13.889452934265137,0.002700634159300445,0.0002971887519298024,-2.3236820869724397,0.0,-0.06682384488749449,0.0
9245,1366,-1.2342379,114.0222,-0.011025695,-9.120563,-10.402767,-6.928444e-06,13.834819793701172,0.002891251734843143,0.0003062486361039945,-2.305159002642611,0.0,-0.054795623887631054,0.0
9246,1366,-1.691188,113.5049,-0.01102478,-8.954472,-10.47669,-2.5987624e-06,13.782002449035645,0.002930218410913991,0.0003089904696774477,-2.287969096754477,0.0,-0.05981355558779413,0.0
9247,1367,-2.1386082,112.98288,-0.011023636,-8.756021,-10.571381,-2.7227402e-06,13.726688385009766,0.0029980483956701985,0.00031113621289753543,-2.2717848004939563,0.0,-0.060779214863295544,0.0
9248,1367,-2.5758634,112.45595,-0.011022682,-8.551331,-10.666343,-3.2186508e-06,13.670995712280273,0.003103154573383434,0.00031316277705809893,-2.255947780439582,0.0,-0.045896334302798575,0.0
9249,1368,-3.0039177,111.9249,-0.011023025,-8.391298,-10.726832,-6.9141385e-07,13.619060516357422,0.00308239362022545,0.00031268596329212976,-2.241222097508098,0.0,-0.056703320349562235,0.0
9250,1368,-3.4225252,111.38981,-0.011022949,-8.188368,-10.81343,-2.9087067e-07,13.563909530639648,0.0031032429986540032,0.00031316277705809893,-2.227125053751927,0.0,-0.06594133278635869,0.0
9251,1368,-3.8305805,110.85017,-0.011021461,-7.963271,-10.909574,-4.529953e-06,13.506757736206055,0.0032208093372877167,0.0003159046106315521,-2.2124021671395875,0.0,-0.06698226023290225,0.0
9252,1369,-4.2279067,110.30609,-0.011020202,-7.7444005,-10.997389,-4.377365e-06,13.450587272644043,0.003335713295054327,0.0003190040464021594,-2.1968876558932218,0.0,-0.06698226023290225,0.0
9253,1369,-4.614661,109.757866,-0.011019096,-7.5295825,-11.078707,-5.8126448e-06,13.395236015319824,0.003408308361596905,0.00032174584746632196,-2.180881791425737,0.0,-0.06744838916150873,0.0
9254,1369,-4.990837,109.20571,-0.011018409,-7.314174,-11.15637,-1.5354157e-06,13.340229988098145,0.0034530588305859435,0.0003232955653516256,-2.1645849766091603,0.0,-0.06744838916150873,0.0
9255,1370,-5.356372,108.64969,-0.011018066,-7.0987334,-11.230089,-1.1873245e-06,13.285591125488281,0.003481205634505369,0.00032436846947096016,-2.1481202494858547,0.0,-0.07364990078071401,0.0
9256,1370,-5.7107596,108.089775,-0.01101715,-6.86316,-11.3098545,-2.5939942e-06,13.229352951049805,0.003544953232578864,0.0003265142126910479,-2.1312139702538135,0.0,-0.09145939362485925,0.0
9257,1371,-6.0524864,107.525566,-0.011014251,-6.5766716,-11.407672,-5.0115586e-06,13.167672157287598,0.0037344732944692054,0.0003334283536451523,-2.1128243102945983,0.0,-0.09696484255969823,0.0
9258,1371,-6.380509,106.95687,-0.011010323,-6.285111,-11.500698,-5.8269497e-06,13.10605525970459,0.003966490541395026,0.0003423690587598202,-2.0925412759583915,0.0,-0.09840561781370358,0.0
9259,1371,-6.69465,106.38391,-0.01100708,-5.995491,-11.5862875,-5.478859e-06,13.045611381530762,0.004157326839445219,0.0003499984691268143,-2.0708745962778337,0.0,-0.0987748744102743,0.0
9260,1371,-6.994745,105.80685,-0.011004867,-5.7053146,-11.665541,-3.1948089e-06,12.985971450805664,0.0043000054347718895,0.0003557204943927692,-2.048352376097088,0.0,-0.0987748744102743,0.0
9261,1372,-7.2805686,105.22588,-0.0110029215,-5.412954,-11.738927,-2.8133393e-06,12.926812171936035,0.004408267614421464,0.000360131257420341,-2.0253490558654197,0.0,-0.0987748744102743,0.0
9262,1372,-7.5518928,104.641266,-0.01100193,-5.11764,-11.806485,-2.5606155e-06,12.867918968200684,0.004494370421266438,0.00036275384691568857,-2.002103654290663,0.0,-0.0987748744102743,0.0
9263,1372,-7.8085184,104.05327,-0.011000976,-4.8197665,-11.867874,-2.3317336e-06,12.80923843383789,0.004564569683125245,0.00036430356480099223,-1.9787531910109026,0.0,-0.0987748744102743,0.0
9264,1373,-8.050304,103.46217,-0.011000557,-4.5201354,-11.922711,-2.8181075e-06,12.7507905960083,0.004621092156370275,0.00036597249425511085,-1.9553812892843674,0.0,-0.0987748744102743,0.0
9265,1373,-8.277163,102.8683,-0.011000175,-4.2196016,-11.970688,-3.976822e-06,12.692611694335938,0.004664572422355021,0.0003670453983744454,-1.932034021797915,0.0,-0.0987748744102743,0.0
9266,1373,-8.489051,102.272,-0.010999832,-3.9189422,-12.011606,-2.9850005e-06,12.634745597839355,0.004695494219324363,0.0003674030005715996,-1.9087400175332645,0.0,-0.0987748744102743,0.0
9267,1374,-8.685973,101.67363,-0.01099968,-3.6188064,-12.045362,-1.4591217e-06,12.57722282409668,0.004714646612780966,0.0003674030005715996,-1.8855148559827926,0.0,-0.0987748744102743,0.0
9268,1374,-8.867959,101.07354,-0.010999908,-3.3197207,-12.071931,-2.2506713e-06,12.52006721496582,0.0047231697685665205,0.0003674030005715996,-1.8623686571586413,0.0,-0.0987748744102743,0.0
9269,1374,-9.035064,100.472115,-0.010999946,-3.022108,-12.091344,-4.2915343e-07,12.463294982910156,0.004722342212063724,0.0003674030005715996,-1.8393058152766097,0.0,-0.0987748744102743,0.0
9270,1375,-9.187366,99.869675,-0.011000099,-2.7263007,-12.103674,5.9604645e-07,12.4069185256958,0.004713554820763764,0.0003670453983744454,-1.816327795075297,0.0,-0.0987748744102743,0.0
9271,1375,-9.324955,99.26658,-0.011000404,-2.4325688,-12.109017,-1.6403197e-06,12.35093879699707,0.004698222919144394,0.00036644934053037064,-1.793436593925521,0.0,-0.0987748744102743,0.0
9272,1375,-9.447935,98.66319,-0.0110009,-2.141132,-12.1074915,3.9577485e-06,12.295356750488281,0.00467759642441254,0.0003653764364110361,-1.7706324781433904,0.0,-0.0987748744102743,0.0
9273,1376,-9.556422,98.05986,-0.011001243,-1.8521826,-12.099227,4.591942e-06,12.240175247192383,0.004652760366652949,0.00036430356480099223,-1.747916379835287,0.0,-0.0987748744102743,0.0
9274,1376,-9.650537,97.456894,-0.011001815,-1.5658848,-12.084355,2.5367735e-06,12.185386657714844,0.004624679621612125,0.00036323069319094836,-1.7252873668948292,0.0,-0.0987748744102743,0.0
9275,1376,-9.7304125,96.85464,-0.011002197,-1.2823772,-12.06302,5.698204e-06,12.130990982055664,0.004594105283941255,0.0003616809753056447,-1.702744374057581,0.0,-0.0987748744102743,0.0
9276,1376,-9.796186,96.25339,-0.011002845,-1.0017942,-12.035362,1.3637542e-06,12.076983451843262,0.004561698982723654,0.00036060807118631016,-1.6802887329040874,0.0,-0.0987748744102743,0.0
9277,1377,-9.848002,95.65348,-0.011003532,-0.7242505,-12.001521,2.2315978e-06,12.023354530334473,0.004527967862893468,0.00035905835330100644,-1.6579195113279668,0.0,-0.0987748744102743,0.0
9278,1377,-9.886011,95.05522,-0.011004104,-0.44986174,-11.961648,2.4986266e-06,11.970104217529297,0.004493286951627642,0.0003573894238468878,-1.6356363098550557,0.0,-0.0987748744102743,0.0
9279,1377,-9.910368,94.458916,-0.011004791,-0.17873031,-11.915886,3.876686e-06,11.917226791381836,0.004457999547035442,0.0003557204943927692,-1.6134377969048093,0.0,-0.0987748744102743,0.0
9280,1378,-9.921236,93.86485,-0.0110055925,0.089046896,-11.86438,2.5987624e-06,11.864713668823242,0.004422342316752803,0.00035417077650746554,-1.5913247714255543,0.0,-0.07742841027098603,0.0
9281,1378,-9.920472,93.27309,-0.01100872,0.27991626,-11.815667,5.517006e-06,11.818982124328613,0.004229627241777342,0.00034677978927810134,-1.570558639667607,0.08,-0.027428410270986026,0.0
9282,1378,-9.912894,92.683395,-0.011016273,0.30969763,-11.776256,1.2984276e-05,11.780326843261719,0.003644712282165925,0.00033009049473691507,-1.554375275513468,0.16,0.0,0.0
9283,1379,-9.902707,92.09546,-0.011025886,0.28768727,-11.741786,1.821041e-05,11.745309829711914,0.002838961711166468,0.00030732154022332906,-1.5447526087047392,0.24,0.0,0.0
9284,1379,-9.890062,91.50909,-0.011037292,0.31232023,-11.713601,1.73378e-05,11.717763900756836,0.0022047405606114307,0.0002795457648380965,-1.5397895416972676,0.32,0.0,0.0
9285,1379,-9.8747835,90.923935,-0.0110512925,0.34458038,-11.693895,1.0695458e-05,11.698970794677734,0.001772431623431172,0.00024557111791164923,-1.5372583402392017,0.4,0.0,0.0
9286,1379,-9.857443,90.33951,-0.011067657,0.3715627,-11.683961,5.7077405e-06,11.68986701965332,0.0014505382813131693,0.00020611285260223162,-1.5359805555481818,0.48000000000000004,0.0,0.0
9287,1380,-9.838671,89.7553,-0.011086388,0.39101213,-11.684545,1.1730194e-06,11.691084861755371,0.0011865147274819103,0.00016140937579282825,-1.5353428616251623,0.56,0.0,0.0
9288,1380,-9.818958,89.17077,-0.0111071775,0.40413165,-11.696126,3.2949447e-06,11.703104972839355,0.0009608154011196664,0.00011241435565199068,-1.5350267444037697,0.64,0.0,0.0
9289,1380,-9.798638,88.58537,-0.011129417,0.4128285,-11.719098,2.4652481e-06,11.726366996765137,0.0007679524088717467,5.912780437070294e-05,-1.534870150531673,0.72,0.0,0.0
9290,1381,-9.77792,87.998474,-0.011153259,0.41877028,-11.753828,1.9121169e-06,11.761285781860352,0.0006060292887587705,2.741813509125338e-06,-1.534792652543952,0.7999999999999999,0.0,0.0
9291,1381,-9.756923,87.40952,-0.011178436,0.4231649,-11.800721,1.4400482e-06,11.808305740356445,0.0004729897956378105,-5.722045584261574e-05,-1.5347547024984183,0.8799999999999999,0.0,0.0
9292,1381,-9.735711,86.81789,-0.011205024,0.42681822,-11.860197,-1.0061264e-06,11.867875099182129,0.0003658025031743,-0.00012040137634346163,-1.534735394580515,0.9599999999999999,0.0,0.0
9293,1382,-9.714312,86.2229,-0.01123291,0.4302448,-11.932729,-1.6164779e-06,11.940482139587402,0.00028082718354766257,-0.00018680095231105249,-1.5347255408844818,0.9999847412109375,0.0,0.0
9294,1382,-9.692732,85.62393,-0.011261787,0.43372768,-12.01782,-2.4938583e-06,12.02564525604248,0.00021435896421286344,-0.0002557039062051759,-1.5347207471945197,0.9999847412109375,0.0,0.0
9295,1382,-9.670965,85.02043,-0.011290931,0.4373297,-12.112325,-2.322197e-06,12.120217323303223,0.00016287377304481998,-0.00032460689260859003,-1.5347183503495387,0.9999847412109375,0.0,0.0
9296,1382,-9.649011,84.41203,-0.011318054,0.44103065,-12.212809,-2.861023e-06,12.220768928527832,0.0001233205318427673,-0.00038897990441561745,-1.5347164861367757,0.9999847412109375,0.0,0.0
9297,1383,-9.626867,83.798515,-0.011342049,0.4448089,-12.317091,-3.7717818e-06,12.325119972229004,9.31151096021972e-05,-0.0004460811405620956,-1.534716352978721,0.9999847412109375,0.0,0.0
9298,1383,-9.604529,83.17972,-0.011362495,0.44864395,-12.423796,-3.2186508e-06,12.431893348693848,7.015174140319922e-05,-0.0004944800947315357,-1.5347160866626122,0.9999847412109375,0.0,0.0
9299,1383,-9.581997,82.55554,-0.01137928,0.45252353,-12.53205,-3.3283234e-06,12.540217399597168,5.276510225925563e-05,-0.0005344152225708584,-1.5347160866626122,0.9999847412109375,0.0,0.0
9300,1384,-9.559269,81.92593,-0.01139286,0.45643714,-12.641303,-3.0612946e-06,12.649539947509766,3.9621437566514535e-05,-0.0005666016959650815,-1.5347160866626122,0.9999847412109375,0.0,0.0
9301,1384,-9.536342,81.290825,-0.011403541,0.46037647,-12.751204,-3.7145614e-06,12.75951099395752,2.9723075799698397e-05,-0.0005918740934237815,-1.5347160866626122,0.9999847412109375,0.0,0.0
9302,1384,-9.513217,80.65023,-0.011411933,0.46433505,-12.861526,-3.0994415e-06,12.869904518127441,2.227042860512376e-05,-0.0006117820678136806,-1.5347160866626122,0.9999847412109375,0.0,0.0
9303,1385,-9.489893,80.00411,-0.011418457,0.4683079,-12.972133,-3.6287306e-06,12.980583190917969,1.668944896031685e-05,-0.0006271600676071932,-1.5347160866626122,0.9999847412109375,0.0,0.0
9304,1385,-9.46637,79.35245,-0.011423492,0.4722916,-13.08293,-3.1805039e-06,13.091450691223145,1.2495789071200307e-05,-0.0006390809644143628,-1.5347160866626122,0.9999847412109375,0.0,0.0
9305,1385,-9.442646,78.695244,-0.011427383,0.47628343,-13.193865,-2.8514862e-06,13.202458381652832,9.355689257565988e-06,-0.0006482600926666605,-1.5347160866626122,0.9999847412109375,0.0,0.0
9306,1386,-9.418723,78.0325,-0.0114303585,0.48028162,-13.3048935,-2.9706955e-06,13.313558578491211,6.992487836614154e-06,-0.0006551742336207649,-1.5347160866626122,0.9999847412109375,0.0,0.0
9307,1386,-9.394599,77.3642,-0.0114326095,0.48428476,-13.416004,-3.352165e-06,13.424741744995117,5.226670537204063e-06,-0.0006605386566895657,-1.5347160866626122,0.9999847412109375,0.0,0.0
9308,1386,-9.3702755,76.69034,-0.011434326,0.48829183,-13.527179,-3.2758712e-06,13.535988807678223,3.919122485277738e-06,-0.0006647109640702169,-1.5347160866626122,0.9999847412109375,0.0,0.0
9309,1387,-9.345751,76.01092,-0.011435737,0.4923023,-13.638404,-2.8085708e-06,13.647285461425781,2.920686229733399e-06,-0.0006679296439189298,-1.5347160866626122,0.9999847412109375,0.0,0.0
9310,1387,-9.321025,75.325935,-0.011436767,0.49631536,-13.749679,-2.8848647e-06,13.758633613586426,2.1974850578826825e-06,-0.0006704329893361718,-1.5347160866626122,0.9999847412109375,0.0,0.0
9311,1387,-9.296099,74.63539,-0.011437569,0.50033087,-13.860994,-2.8991699e-06,13.87002182006836,1.6483538669041e-06,-0.000672340374437211,-1.5347160866626122,0.9999847412109375,0.0,0.0
9312,1388,-9.270972,73.939285,-0.011438255,0.50434834,-13.972349,-3.4952163e-06,13.981449127197266,1.6483538669041e-06,-0.000672340374437211,-1.5347160866626122,0.9999847412109375,4.114802318039885e-07,0.0
9313,1388,-9.245645,73.2376,-0.011438865,0.5083661,-14.083744,-2.6607513e-06,14.092916488647461,9.082143387092019e-07,-0.0006752013870701885,-1.5347160866626122,0.9999847412109375,0.00020363343973417832,0.0
9314,1388,-9.220134,72.53036,-0.011439209,0.5115596,-14.195204,-3.5333633e-06,14.204418182373047,-1.0652876750949336e-06,-0.0006762742586802323,-1.5347299351002806,0.9999847412109375,0.0006862153545625915,0.0
9315,1389,-9.194496,71.81753,-0.011439819,0.5129835,-14.306764,-3.7002562e-06,14.315957069396973,-7.4568393691955396e-06,-0.0006772279512307519,-1.534795315705042,0.9999847412109375,0.0013283810050666034,0.0
9316,1389,-9.168808,71.09912,-0.01144001,0.5122818,-14.418431,-3.3998488e-06,14.427529335021973,-1.917474359392519e-05,-0.0006779432206436416,-1.5349564369509918,0.9999847412109375,0.001966577894720243,0.0
9317,1389,-9.143156,70.37513,-0.011440277,0.5096259,-14.530197,-6.532669e-07,14.539132118225098,-3.621902333436829e-05,-0.00067865842503795,-1.53524818624841,0.9999847412109375,0.002481764070313788,0.0
9318,1390,-9.1176195,69.64555,-0.011440582,0.50543153,-14.642047,-6.580353e-07,14.650768280029297,-5.539373848266416e-05,-0.0006793736944508396,-1.5356813493997112,0.9999847412109375,0.002604731896424108,0.0
9319,1390,-9.092245,68.91038,-0.011440773,0.5010268,-14.753933,-8.5830686e-07,14.76243782043457,-7.29706219954938e-05,-0.0006798505407260995,-1.5362320911131397,0.9999847412109375,0.002604731896424108,0.0
9320,1390,-9.067064,68.16961,-0.011441116,0.49637073,-14.865858,4.3869017e-07,14.87414264678955,-8.788433222726019e-05,-0.0006803273870013592,-1.5368572681790358,0.9999847412109375,0.002604731896424108,0.0
9321,1391,-9.042109,67.423256,-0.011441231,0.49116728,-14.977831,-2.813339e-07,14.985881805419922,-0.0001006674892049952,-0.0006809234123361434,-1.5375291837220628,0.9999847412109375,0.002604731896424108,0.0
9322,1391,-9.017417,66.67129,-0.011441459,0.48536304,-15.089849,-1.3828277e-06,15.09765338897705,-0.00011238542238331184,-0.0006814002586114031,-1.5382295950887537,0.9999847412109375,0.002604731896424108,0.0
9323,1392,-8.993024,65.91373,-0.011441764,0.47899827,-15.201913,4.7683715e-09,15.209457397460938,-0.00012303806674362878,-0.0006818771048866629,-1.5389495806894566,0.9999847412109375,0.0027492652709063315,0.0
9324,1392,-8.96897,65.15056,-0.011441803,0.47154605,-15.314033,-1.3828277e-06,15.321290969848633,-0.00013422331081267095,-0.0006822347070838172,-1.5396915373691527,0.9999847412109375,0.0028886380314361304,0.0
9325,1392,-8.9453,64.38178,-0.011442108,0.4632163,-15.426204,-4.4345856e-07,15.433156967163086,-0.0001459412439909876,-0.0006827115533590769,-1.5404665172463656,0.9999847412109375,0.0031289722792280372,0.0
9326,1393,-8.922064,63.607403,-0.011442261,0.4536576,-15.53843,5.7220458e-08,15.545051574707031,-0.00015872438471407728,-0.0006831883996343367,-1.5412854392815651,0.9999847412109375,0.008192041666737312,0.0
9327,1393,-8.89976,62.827396,-0.011442375,0.42328453,-15.651068,-6.961822e-07,15.656790733337402,-0.0002141181191330801,-0.0006834268227719667,-1.5424921175714799,0.9999847412109375,0.013381268911464198,0.0
9328,1394,-8.879125,62.041767,-0.011442413,0.37570754,-15.763805,4.959106e-07,15.768281936645508,-0.0003201118980089431,-0.000683546001831491,-1.5445294358053905,0.9999847412109375,0.016092626085504574,0.0
9329,1394,-8.860652,61.25051,-0.011442375,0.32132313,-15.876456,-1.9216536e-06,15.879707336425781,-0.00044421523731592627,-0.0006834268227719667,-1.5475037872688455,0.9999847412109375,0.016525341022628755,0.0
9330,1394,-8.844585,60.45362,-0.011442375,0.26613918,-15.989003,-1.1873245e-06,15.991217613220215,-0.0005560679705899636,-0.0006834268227719667,-1.5512125054028898,0.9999847412109375,0.016525341022628755,0.0
9331,1395,-8.831131,59.65111,-0.011442489,0.20831074,-16.10142,-1.3446808e-06,16.102766036987305,-0.0006503440032159313,-0.000683546001831491,-1.5553995272687124,0.9999847412109375,0.016525341022628755,0.0
9332,1395,-8.82055,58.842983,-0.011442527,0.14626436,-16.213648,-2.565384e-06,16.21430778503418,-0.0007339670663886755,-0.0006837844249691208,-1.5598881521279866,0.9999847412109375,0.016525341022628755,0.0
9333,1396,-8.813108,58.029236,-0.01144268,0.07977628,-16.325628,-3.480911e-07,16.325824737548828,-0.0008117313052004079,-0.0006840228481067507,-1.564572652485436,0.9999847412109375,0.016525341022628755,0.0
9334,1396,-8.809053,57.209892,-0.01144268,0.00916332,-16.437313,-3.5905837e-06,16.43731689453125,-0.0008852347463423388,-0.0006842612712443806,-1.5693863161557542,0.9999847412109375,0.016525341022628755,0.0
9335,1396,-8.808588,56.384964,-0.011442794,-0.06509704,-16.548656,-3.7908553e-06,16.548784255981445,-0.0009539443024663831,-0.0006844996943820105,-1.5742901278289716,0.9999847412109375,0.016525341022628755,0.0
9336,1397,-8.811897,55.554466,-0.011442985,-0.14252743,-16.65963,-4.1151047e-06,16.660240173339844,-0.0010173274713916878,-0.0006847381175196405,-1.5792606516874954,0.9999847412109375,0.016525341022628755,0.0
9337,1397,-8.819131,54.718426,-0.0114431,-0.22273278,-16.770205,-1.4543533e-06,16.771682739257812,-0.0010753843831554151,-0.0006849765406572703,-1.584281775606731,0.9999847412109375,0.016525341022628755,0.0
9338,1398,-8.830424,53.876858,-0.011443253,-0.3054002,-16.880356,-2.1076203e-06,16.88311767578125,-0.0011270497733215335,-0.0006852149637949002,-1.5893449774711894,0.9999847412109375,0.016525341022628755,0.0
9339,1398,-8.845896,53.029778,-0.0114432145,-0.39027926,-16.990068,-1.6784668e-06,16.994550704956055,-0.0011733885162145872,-0.0006854533869325301,-1.5944463956972907,0.9999847412109375,0.016525341022628755,0.0
9340,1398,-8.86565,52.177216,-0.011443329,-0.477187,-17.099325,-2.5701522e-06,17.10598373413086,-0.0012149339592569858,-0.0006858109891296843,-1.5995809702789636,0.9999847412109375,0.016525341022628755,0.0
9341,1399,-8.889789,51.319195,-0.011443557,-0.5659928,-17.208107,-4.091263e-06,17.2174129486084,-0.0012516854522629168,-0.0006860494122673141,-1.6047481685839897,0.9999847412109375,0.016525341022628755,0.0
9342,1399,-8.918403,50.455727,-0.011443634,-0.6566049,-17.316404,-3.376007e-06,17.328847885131836,-0.0012847086497798992,-0.0006862878354049441,-1.609945726925443,0.9999847412109375,0.016525341022628755,0.0
9343,1400,-8.951583,49.586864,-0.01144371,-0.7489621,-17.424194,-3.0899048e-06,17.440282821655273,-0.0013145360539887868,-0.0006866455026206796,-1.615172846354996,0.9999847412109375,0.016525341022628755,0.0
9344,1400,-8.989414,48.712616,-0.0114438245,-0.84302235,-17.531464,-1.502037e-06,17.551721572875977,-0.0013411677949267417,-0.0006868838607397282,-1.6204303258209758,0.9999847412109375,0.016525341022628755,0.0
9345,1401,-9.031981,47.83299,-0.011444092,-0.9387575,-17.638197,-1.5878677e-06,17.66316032409668,-0.0013662016392106493,-0.0006872415279554636,-1.6257163011106197,0.9999847412109375,0.016525341022628755,0.0
9346,1401,-9.07937,46.948032,-0.0114442445,-1.0361491,-17.744379,-1.8787383e-06,17.77460479736328,-0.001389637326766184,-0.0006874799510930936,-1.6310311716980908,0.9999847412109375,0.016525341022628755,0.0
9347,1402,-9.131661,46.057766,-0.011444396,-1.1351875,-17.849989,-2.2935867e-06,17.886049270629883,-0.0014109426154868179,-0.0006878375532902478,-1.6363745381092258,0.9999847412109375,0.016525341022628755,0.0
9348,1402,-9.188938,45.16223,-0.011444396,-1.235866,-17.95501,-3.7431716e-06,17.99749183654785,-0.0014317152719894358,-0.0006881952205059832,-1.6417461340279156,0.9999847412109375,0.016525341022628755,0.0
9349,1402,-9.251283,44.261444,-0.011444625,-1.3381822,-18.059425,-3.056526e-06,18.108936309814453,-0.001451955296274038,-0.0006885528227031374,-1.6471466252444327,0.9999847412109375,0.016525341022628755,0.0
9350,1403,-9.318777,43.35544,-0.011444855,-1.4421356,-18.16322,-2.617836e-06,18.220380783081055,-0.001471129926085446,-0.0006889104249002916,-1.6525753459685049,0.9999847412109375,0.016525341022628755,0.0
9351,1403,-9.391503,42.44425,-0.0114450455,-1.5477264,-18.26637,-2.5224685e-06,18.331823348999023,-0.0014897721837531632,-0.0006892680921160271,-1.6580320298840228,0.9999847412109375,0.016525341022628755,0.0
9352,1404,-9.4695425,41.527905,-0.011445084,-1.6549575,-18.368864,-4.7683713e-08,18.443265914916992,-0.0015084141813465554,-0.0006896256943131813,-1.6635169433070953,0.9999847412109375,0.016525341022628755,0.0
9353,1404,-9.5529785,40.60644,-0.011445312,-1.76383,-18.470682,-3.566742e-06,18.55470848083496,-0.0015265238067962567,-0.0006899833615289169,-1.6690294204474503,0.9999847412109375,0.016525341022628755,0.0
9354,1405,-9.641892,39.679897,-0.011445426,-1.8743464,-18.571802,-3.0183792e-06,18.666147232055664,-0.0015446333022087956,-0.0006903409637260711,-1.6745705265695237,0.9999847412109375,0.016525341022628755,0.0
9355,1405,-9.736367,38.748295,-0.011445694,-1.9865086,-18.672205,-2.4557114e-06,18.777578353881836,-0.0015627424075098466,-0.0006908178100013308,-1.6801394627249884,0.9999847412109375,0.016525341022628755,0.0
9356,1406,-9.836486,37.81168,-0.01144577,-2.1003191,-18.771875,-1.7261505e-06,18.889009475708008,-0.0015803196608158573,-0.000691175412198485,-1.685735563123572,0.9999847412109375,0.016525341022628755,0.0
9357,1406,-9.94233,36.87009,-0.011445999,-2.2157815,-18.870792,-3.1900406e-06,19.00043487548828,-0.0015978966540475428,-0.0006915330794142205,-1.6913598930297102,0.9999847412109375,0.016525341022628755,0.0
9358,1407,-10.053983,35.923565,-0.011446227,-2.332897,-18.968937,-1.835823e-06,19.111854553222656,-0.0016160061494600818,-0.000692009860670899,-1.697011786653131,0.9999847412109375,0.016525341022628755,0.0
9359,1407,-10.171528,34.972137,-0.011446227,-2.451668,-19.066288,-1.282692e-06,19.223268508911133,-0.0016335827525802795,-0.0006923675278866345,-1.7026919097841064,0.9999847412109375,0.016525341022628755,0.0
9360,1408,-10.295046,34.01585,-0.011446456,-2.5720973,-19.162827,-2.6512146e-06,19.334674835205078,-0.001651692378029981,-0.0006927251300837887,-1.7083991971582007,0.9999847412109375,0.016525341022628755,0.0
9361,1408,-10.4246235,33.05474,-0.011446724,-2.694186,-19.258533,-1.04904174e-07,19.446073532104492,-0.0016692691111873414,-0.0006930827972995242,-1.7141335156173594,0.9999847412109375,0.016525341022628755,0.0
9362,1409,-10.560339,32.088856,-0.011446915,-2.8179336,-19.353374,-1.0156631e-06,19.557449340820312,-0.0016873784765627175,-0.0006935595785562027,-1.7198956641099092,0.9999847412109375,0.016525341022628755,0.0
9363,1409,-10.70228,31.118235,-0.011447029,-2.9433336,-19.447287,-2.7275084e-06,19.668760299682617,-0.0017054878419380938,-0.0006939172457719381,-1.7256848436875236,0.9999847412109375,0.009503826687989658,0.0
9364,1410,-10.849902,30.142813,-0.011447296,-3.0424092,-19.545458,-1.0967254e-06,19.78082847595215,-0.0016639427890071828,-0.0006946325151848279,-1.7310271448342225,0.9999847412109375,0.0,0.0
9365,1410,-11.002042,29.162397,-0.011447792,-3.1081798,-19.649008,2.155304e-06,19.893321990966797,-0.001524393017849868,-0.000695824565854396,-1.7350854028613398,0.9999847412109375,0.0,0.0
9366,1411,-11.158229,28.176933,-0.01144844,-3.1798723,-19.751236,1.8548965e-06,20.005573272705078,-0.0013741908624065617,-0.0006967782584049156,-1.7378208687750147,0.9999847412109375,0.0,0.0
9367,1411,-11.318331,27.186428,-0.01144886,-3.2490315,-19.85363,7.534027e-07,20.117725372314453,-0.0012479570267368058,-0.0006974935278178053,-1.7396659067782216,0.9999847412109375,0.0,0.0
9368,1412,-11.481984,26.190817,-0.011449088,-3.3120909,-19.956842,4.014969e-06,20.22981834411621,-0.0011334410998633986,-0.0006980895531525894,-1.7409129319586512,0.9999847412109375,0.00015975939622391464,0.0
9369,1412,-11.648779,25.190048,-0.011449051,-3.3686595,-20.060968,2.9230116e-06,20.34183692932129,-0.0010221209662980863,-0.0006984472203683249,-1.741766874562185,0.9999847412109375,0.004556688077408191,0.0
9370,1413,-11.818713,24.184135,-0.011448975,-3.4361856,-20.162838,-1.1157989e-06,20.453542709350586,-0.0009491504174484966,-0.0006983279762902193,-1.7426684877492313,0.9999847412109375,0.01039581062519232,0.0
9371,1413,-11.992202,23.173182,-0.011448669,-3.5190206,-20.261456,6.866455e-07,20.564777374267578,-0.0009379652058887451,-0.0006977319509554352,-1.7442205780325295,0.9999847412109375,0.012654395009138644,0.0
9372,1414,-12.169505,22.157244,-0.01144844,-3.603745,-20.359356,3.004074e-06,20.675840377807617,-0.0009576726629739128,-0.0006968974374644399,-1.7466595009588242,0.9999847412109375,0.013037509246970131,0.0
9373,1414,-12.350695,21.136356,-0.011448021,-3.6878119,-20.45706,1.5640259e-06,20.78680419921875,-0.0009795103238382373,-0.000696062988992026,-1.7498427774097958,0.9999847412109375,0.013226555677209508,0.0
9374,1415,-12.535928,20.110558,-0.011447563,-3.774738,-20.553858,-1.6355514e-06,20.897600173950195,-0.0010024136392500814,-0.0006952285405196119,-1.7535721350422884,0.9999847412109375,0.013226555677209508,0.0
9375,1415,-12.725464,19.079918,-0.01144741,-3.8659444,-20.649422,-1.9598008e-06,21.00819206237793,-0.0010322412385147127,-0.000694394092047198,-1.7576903141939324,0.9999847412109375,0.013226555677209508,0.0
9376,1416,-12.919593,18.044512,-0.011446953,-3.9623425,-20.7435,-1.9359588e-06,21.118545532226562,-0.0010721884598101574,-0.0006937980016938326,-1.7620785378801105,0.9999847412109375,0.013226555677209508,0.0
9377,1416,-13.118613,17.00442,-0.011446724,-4.0640116,-20.836023,-2.1600722e-06,21.228660583496094,-0.0011217233211042125,-0.0006930827972995242,-1.7666585091647742,0.9999847412109375,0.013226555677209508,0.0
9378,1417,-13.3228035,15.959727,-0.011446495,-4.170629,-20.926987,-1.8596648e-06,21.338531494140625,-0.0011781823362138923,-0.0006926059510242644,-1.771375899561686,0.9999847412109375,0.013381268911464198,0.0
9379,1418,-13.532427,14.910514,-0.0114462655,-4.2823167,-21.0163,-2.6559828e-06,21.448148727416992,-0.0012394349112485523,-0.000692009860670899,-1.7762032785116182,0.9999847412109375,0.014221800383618255,0.0
9380,1418,-13.747781,13.856877,-0.011445885,-4.4011836,-21.103378,-3.1089783e-06,21.55743408203125,-0.0013092096017714658,-0.0006912946562765906,-1.7811771313215046,0.9999847412109375,0.016158069787869253,0.0
9381,1419,-13.969274,12.798942,-0.0114456555,-4.530741,-21.187222,-1.1968613e-06,21.666240692138672,-0.001396028913382374,-0.0006904601427855954,-1.786428618675032,0.9999847412109375,0.016566951873389652,0.0
9382,1419,-14.197222,11.736818,-0.011445388,-4.664335,-21.269386,-4.3964387e-06,21.77482032775879,-0.001486576390445068,-0.000689506515253657,-1.7919990195690962,0.9999847412109375,0.016566951873389652,0.0
9383,1420,-14.431837,10.670594,-0.011444893,-4.8012805,-21.349972,-1.4925002e-06,21.883180618286133,-0.001571264913109588,-0.0006886720017626617,-1.7978190918153554,0.9999847412109375,0.016797060657171205,0.0
9384,1420,-14.673353,9.600363,-0.011444511,-4.943054,-21.428528,-2.837181e-06,21.991260528564453,-0.001651159745811965,-0.0006878375532902478,-1.8038338411372992,0.9999847412109375,0.017003852868718295,0.0
9385,1421,-14.922023,8.526229,-0.0114442445,-5.0895534,-21.504995,-2.069473e-06,22.099058151245117,-0.0017283910273127752,-0.0006870031048178338,-1.8100173017142998,0.9999847412109375,0.018006014700531998,0.0
9386,1422,-15.17815,7.4483194,-0.011443748,-5.2437053,-21.578444,-4.754066e-06,22.206432342529297,-0.0018109492811795567,-0.0006860494122673141,-1.8164011651633287,0.9999847412109375,0.02406725191286796,0.0
9387,1422,-15.442507,6.366912,-0.011443176,-5.4240427,-21.643095,-3.4809111e-06,22.31241226196289,-0.001941444304630602,-0.0006844996943820105,-1.8233753182679737,0.9999847412109375,0.03207476814674316,0.0
9388,1423,-15.716271,5.282437,-0.0114419935,-5.635253,-21.69657,-2.4652481e-06,22.41644859313965,-0.002146507448492378,-0.0006817578608085573,-1.8315717291549105,0.9999847412109375,0.03549540323212097,0.0
9389,1423,-16.000397,4.1952744,-0.01144062,-5.8609204,-21.743504,-4.224777e-06,22.519554138183594,-0.002386724968929013,-0.0006784200019003201,-1.8412319465350095,0.9999847412109375,0.036269228219737215,0.0
9390,1424,-16.295544,3.1057172,-0.011439362,-6.0961323,-21.78523,-4.3296814e-06,22.622093200683594,-0.0026221484092920177,-0.0006754398102078184,-1.8521519722687705,0.9999847412109375,0.03659318027522523,0.0
9391,1424,-16.60239,2.01408,-0.011438102,-6.343243,-21.82057,-4.2581555e-06,22.723865509033203,-0.002847983949582087,-0.0006726979766343652,-1.864033931788268,0.9999847412109375,0.03659318027522523,0.0
9392,1425,-16.92166,0.9207217,-0.01143734,-6.602842,-21.84885,-6.608963e-06,22.82476234436035,-0.003067428423404616,-0.0006704329893361718,-1.8766285532154707,0.9999847412109375,0.03659318027522523,0.0
9393,1425,-17.25407,-0.17397079,-0.011436615,-6.8752007,-21.869455,-4.644394e-06,22.92469024658203,-0.003284742108280757,-0.000668525669253714,-1.8897406268424757,0.9999847412109375,0.03659318027522523,0.0
9394,1426,-17.600306,-1.2695948,-0.011435585,-7.1596146,-21.882118,-2.8896332e-06,23.023622512817383,-0.003499925524359159,-0.0006668567072903046,-1.9032337988214711,0.9999847412109375,0.03659318027522523,0.0
9395,1427,-17.960976,-2.3657432,-0.011435127,-7.454924,-21.8868,-7.1811673e-06,23.12158966064453,-0.0037097831384060535,-0.0006651878103454767,-1.9170108637726693,0.9999847412109375,0.03659318027522523,0.0
9396,1427,-18.33662,-3.4620132,-0.011434555,-7.759825,-21.883572,-4.606247e-06,23.218647003173828,-0.003912182340954775,-0.000663638092460173,-1.931001381085237,0.9999847412109375,0.03659318027522523,0.0
9397,1428,-18.727703,-4.558008,-0.01143383,-8.073018,-21.87256,-6.2942504e-06,23.314855575561523,-0.00410392993944048,-0.0006622075536343936,-1.9451559491209536,0.9999847412109375,0.03659318027522523,0.0
9398,1428,-19.134623,-5.6533403,-0.011433105,-8.393299,-21.853928,-5.264282e-06,23.410289764404297,-0.004283428297283447,-0.00066065783574909,-1.9594400799437026,0.9999847412109375,0.03659318027522523,0.0
9399,1429,-19.557707,-6.747633,-0.011432419,-8.719593,-21.827827,-2.7418137e-06,23.505006790161133,-0.004448543764719709,-0.0006591081178637863,-1.9738270087845287,0.9999847412109375,0.03659318027522523,0.0
9400,1429,-19.99725,-7.8405128,-0.011431847,-9.050959,-21.79441,-6.0510633e-06,23.599071502685547,-0.004599279202566845,-0.0006575583999784826,-1.9882999577285643,0.9999847412109375,0.031126820324914834,0.0
9401,1430,-20.453106,-8.931839,-0.011431922,-9.369293,-21.76342,-5.235672e-06,23.694517135620117,-0.004695685113879062,-0.0006569623746436985,-2.002518974262661,0.9999847412109375,0.02778547723708606,0.0
9402,1431,-20.924978,-10.021546,-0.011431885,-9.682108,-21.731066,-2.8705597e-06,23.79038429260254,-0.004739359915459061,-0.0006573199768408527,-2.0161177405788777,0.9999847412109375,0.02717276483161868,0.0
9403,1431,-21.412806,-11.109449,-0.0114321895,-9.995978,-21.693735,-4.59671e-06,23.88593101501465,-0.004762796773349059,-0.0006579160021756368,-2.0290793456042935,0.9999847412109375,0.026843953967710592,0.0
9404,1432,-21.916521,-12.19534,-0.011432113,-10.308707,-21.652649,-2.8657912e-06,23.981382369995117,-0.004778775739889535,-0.0006582736693913723,-2.0415300231745777,0.9999847412109375,0.026843953967710592,0.0
9405,1432,-22.436,-13.279071,-0.0114321895,-10.619419,-21.608341,-1.9693375e-06,24.076805114746094,-0.00478569943857509,-0.0006582736693913723,-2.0535945423868,0.9999847412109375,0.026843953967710592,0.0
9406,1433,-22.971056,-14.360516,-0.011432075,-10.927039,-21.561554,-1.6212464e-07,24.172313690185547,-0.004781970492900329,-0.0006579160021756368,-2.0653814270553816,0.9999847412109375,0.026843953967710592,0.0
9407,1434,-23.521503,-15.439577,-0.011431999,-11.231223,-21.512619,3.2329558e-06,24.2679443359375,-0.0047681225753805675,-0.0006574392209189583,-2.0769721699096793,0.9999847412109375,0.026843953967710592,0.0
9408,1434,-24.087133,-16.516155,-0.011431809,-11.532041,-21.46162,1.630783e-06,24.363683700561523,-0.00474468675778787,-0.0006568431305655929,-2.0884264257581098,0.9999847412109375,0.026843953967710592,0.0
9409,1435,-24.667778,-17.590155,-0.011431427,-11.829796,-21.408482,2.989769e-06,24.45949935913086,-0.004715391985796998,-0.0006561278611527032,-2.099789068865042,0.9999847412109375,0.026843953967710592,0.0
9410,1435,-25.263285,-18.661472,-0.011431274,-12.124896,-21.353039,1.6355514e-06,24.55535316467285,-0.004683434052716048,-0.0006555318358179191,-2.111094054534374,0.9199847412109375,0.026843953967710592,0.0
9411,1436,-25.8735,-19.72995,-0.011430282,-12.416457,-21.292797,2.1648407e-06,24.648563385009766,-0.004650410335050414,-0.0006536245157354613,-2.122362954370935,0.8399847412109376,0.026843953967710592,0.0
9412,1437,-26.498173,-20.7952,-0.011426926,-12.701919,-21.222677,1.206398e-06,24.733394622802734,-0.004620052379218113,-0.0006451606568960532,-2.133607752599631,0.7599847412109376,0.026843953967710592,0.0
9413,1437,-27.136942,-21.856625,-0.011418647,-12.979531,-21.13953,1.04904174e-07,24.80620765686035,-0.00459341972802002,-0.0006254911056437838,-2.1448300471171162,0.6799847412109377,0.026843953967710592,0.0
9414,1438,-27.789385,-22.913527,-0.011404724,-13.248105,-21.041595,1.4019012e-06,24.86485481262207,-0.0045710491748633545,-0.0005923509396990412,-2.1560293052911716,0.5999847412109377,0.026843953967710592,0.0
9415,1439,-28.45502,-23.965141,-0.011385117,-13.5068245,-20.928009,3.1948089e-06,24.90814971923828,-0.0045529401995994655,-0.0005462169403185038,-2.1672056602798526,0.5199847412109377,0.026843953967710592,0.0
9416,1439,-29.133345,-25.010668,-0.011360855,-13.755111,-20.798492,3.5572052e-06,24.935523986816406,-0.004538559129713037,-0.000488400434759136,-2.178356981554287,0.4399847412109377,0.026843953967710592,0.0
9417,1440,-29.82382,-26.04932,-0.011332626,-13.992545,-20.653158,2.5749207e-06,24.946828842163086,-0.004527373332986055,-0.0004211664103191311,-2.1894875301722188,0.3599847412109377,0.026843953967710592,0.0
9418,1440,-30.525896,-27.080309,-0.011301155,-14.218834,-20.492302,2.28405e-06,24.942127227783203,-0.00451778647321042,-0.0003464221870809471,-2.2005971729755935,0.2799847412109377,0.026843953967710592,0.0
9419,1441,-31.239008,-28.102879,-0.011267242,-14.4337,-20.316298,4.4727326e-06,24.92154884338379,-0.004510329102009547,-0.00026631354077396246,-2.2116897715479915,0.19998474121093768,0.026843953967710592,0.0
9420,1442,-31.96258,-29.116276,-0.011231956,-14.636972,-20.125666,4.248619e-06,24.885404586791992,-0.004502872250957326,-0.00018250941710694097,-2.2227710516857564,0.11998474121093768,0.026843953967710592,0.0
9421,1442,-32.696026,-30.11979,-0.011195831,-14.828579,-19.921024,2.9182434e-06,24.834129333496094,-0.0044964811844897855,-9.655951771054107e-05,-2.2338451412885787,0.039984741210937674,0.026843953967710592,0.0
9422,1443,-33.438766,-31.11275,-0.011159171,-15.008517,-19.703037,1.411438e-06,24.768230438232422,-0.0044900890777249455,-9.65595217742024e-06,-2.244915901940038,0.0,0.026843953967710592,0.0
9423,1444,-34.19022,-32.094505,-0.011122818,-15.177468,-19.47312,6.9141385e-07,24.689226150512695,-0.004483697491108755,7.677077927142479e-05,-2.2559893257525876,0.0,0.026843953967710592,0.0
9424,1444,-34.949913,-33.064556,-0.011088142,-15.337818,-19.234596,4.234314e-06,24.601186752319336,-0.004477305904492565,0.00015878677004283536,-2.267066477990663,0.0,0.026843953967710592,0.0
9425,1445,-35.71747,-34.02257,-0.011056976,-15.491928,-18.9906,3.876686e-06,24.508014678955078,-0.004470914317876375,0.00023221968227870023,-2.2781460270737197,0.0,0.026843953967710592,0.0
9426,1445,-36.49263,-34.96832,-0.011030998,-15.641153,-18.743046,2.503395e-06,24.41203498840332,-0.004464523251408835,0.0002945661299251641,-2.2892215814151413,0.0,0.026843953967710592,0.0
9427,1446,-37.27518,-35.90167,-0.011009407,-15.786227,-18.493116,2.3984908e-06,24.314611434936523,-0.004457599552723279,0.0003451108598239827,-2.3002872820605296,0.0,0.019161288453480932,0.0
9428,1447,-38.06448,-36.822952,-0.01099308,-15.907646,-18.261656,4.3869018e-06,24.21861457824707,-0.0043910200053226475,0.00038337705820918683,-2.3108728147613764,0.0,0.014289617618410412,0.0
9429,1447,-38.859795,-37.73272,-0.010980949,-16.014605,-18.040972,5.5932996e-06,24.123519897460938,-0.004264253797509201,0.0004123449167732782,-2.3204476778285383,0.0,0.006376787733262003,0.0
9430,1448,-39.660244,-38.63166,-0.010972748,-16.097084,-17.841875,4.9924847e-06,24.030160903930664,-0.0040682443610563935,0.0004323720702227017,-2.328541024381289,0.0,0.0,0.0274505615234375
9431,1448,-40.464584,-39.520473,-0.010963706,-16.14868,-17.653778,9.732246e-06,23.925628662109375,-0.003805656937648906,0.00045275685837857006,-2.334759505526624,0.0,0.0,0.1474505615234375
9432,1449,-41.271088,-40.398796,-0.010943336,-16.158709,-17.437838,8.845329e-06,23.773557662963867,-0.0035324166098067763,0.0005017518703920849,-2.3393175057322946,0.0,0.0,0.2674505615234375
9433,1450,-42.07681,-41.264965,-0.010896148,-16.10916,-17.18549,9.789466e-06,23.5551700592041,-0.0032618394430547256,0.0006135702088366143,-2.3427154329671267,0.0,0.0,0.3874505615234375
9434,1450,-42.878597,-42.1173,-0.010821876,-15.998444,-16.897953,7.93457e-06,23.269960403442383,-0.002988066222920255,0.0007903575519136643,-2.3453213360937695,0.0,0.0,0.5074505615234375
9435,1451,-43.673332,-42.95412,-0.010724716,-15.827013,-16.574837,7.1907043e-06,22.91766929626465,-0.0027095003531209423,0.0010204314584629861,-2.347397802795704,0.0,0.0,0.6274505615234375
9436,1451,-44.457947,-43.77365,-0.010610122,-15.596276,-16.21501,5.7315824e-06,22.49822998046875,-0.002432531079604051,0.0012927054151312426,-2.3491208680209854,0.0,0.0,0.7474505615234375
9437,1452,-45.229496,-44.57409,-0.010482635,-15.308015,-15.817154,2.4366377e-06,22.011762619018555,-0.002164617724127893,0.0015952585901298458,-2.350614368760302,0.0,0.0,0.8674505615234375
9438,1452,-45.98514,-45.353504,-0.010346145,-14.964087,-15.380063,3.98159e-06,21.45857048034668,-0.0019121497927140556,0.0019190310992846032,-2.351961395639664,0.0,0.0,0.9874505615234375
9439,1453,-46.722134,-46.109932,-0.010204048,-14.566348,-14.902861,1.9359588e-06,20.839237213134766,-0.0016799217555476583,0.002256751004388512,-2.3532234676802526,0.0,0.0,0.9999847412109375
9440,1453,-47.438282,-46.8418,-0.010065079,-14.140465,-14.407905,3.3855438e-06,20.187631607055664,-0.001472195060484315,0.0025870799872816388,-2.3544370701890016,0.0,0.0,0.9999847412109375
9441,1454,-48.13294,-47.548916,-0.009947319,-13.707251,-13.913681,1.9073486e-06,19.531494140625,-0.0012916327385769427,0.0028665064430230484,-2.355598208424276,0.0,0.0,0.8799847412109375
9442,1454,-48.80656,-48.232048,-0.009865417,-13.302286,-13.453639,-1.1587142e-06,18.919599533081055,-0.001137169655426672,0.003061056082288491,-2.3566791855107394,0.0,0.0,0.7599847412109375
9443,1455,-49.461258,-48.893574,-0.009833489,-12.943342,-13.045144,4.7206877e-06,18.37677574157715,-0.0010072073942308053,0.003136634721489798,-2.3576248740138266,0.0,0.0,0.6399847412109375
9444,1455,-50.099422,-49.536137,-0.009849663,-12.632465,-12.690841,3.8623807e-06,17.906330108642578,-0.0008937571219049175,0.0030982493115357793,-2.3584054465293285,0.0,0.0,0.5199847412109375
9445,1456,-50.72347,-50.162476,-0.009904861,-12.370252,-12.391741,4.6634673e-06,17.509380340576172,-0.0007920240431709842,0.002966165363994906,-2.3590147777867387,0.0,0.0,0.3999847412109375
9446,1456,-51.33582,-50.775356,-0.009991302,-12.1568575,-12.148023,3.8337707e-06,17.186147689819336,-0.0006972153783270006,0.002761244740863341,-2.3594693793848154,0.0,0.0,0.2799847412109375
9447,1457,-51.9389,-51.377537,-0.010100784,-11.99233,-11.959359,3.7288664e-06,16.936418533325195,-0.0006077334907932448,0.0025012492181808272,-2.359791355560606,0.0,0.0,0.15998474121093753
9448,1457,-52.535145,-51.971775,-0.010227394,-11.876731,-11.825116,5.235672e-06,16.759777069091797,-0.0005230447730729811,0.0022002456960489463,-2.3600094684538835,0.0,-0.05,0.039984741210937536
9449,1457,-53.124405,-52.563164,-0.010365028,-11.683391,-11.862462,6.1559676e-06,16.649913787841797,-9.534116702483673e-05,0.0018732546370826386,-2.3575180812541143,0.0,-0.1,0.0
9450,1458,-53.70356,-53.15783,-0.010498047,-11.400413,-12.01288,4.1484833e-07,16.56136131286621,0.0007949411018210429,0.001556396333900567,-2.3481525426486325,0.0,-0.15000000000000002,0.0
9451,1458,-54.268356,-53.759403,-0.010605011,-11.010799,-12.230941,-8.730888e-06,16.45702362060547,0.001993063986734066,0.0013011692739706509,-2.329774067965996,0.0,-0.10000000000000002,0.0
9452,1459,-54.818836,-54.367992,-0.010693741,-10.744312,-12.3654,-1.741886e-05,16.381189346313477,0.00284965258645259,0.0010902880723983384,-2.3056386379549347,0.0,-0.05000000000000002,0.0
9453,1459,-55.359222,-54.981216,-0.0107709505,-10.589942,-12.417137,-1.291275e-05,16.319686889648438,0.0030471597909442418,0.0009081363062524877,-2.282598832416332,0.0,-1.3877787807814457e-17,0.0
9454,1460,-55.892937,-55.596405,-0.010833626,-10.533521,-12.387244,-2.9563904e-07,16.260345458984375,0.0027026882263208986,0.0007606744239366832,-2.2656651226250633,0.0,0.0,0.0
9455,1460,-56.42037,-56.21308,-0.010881042,-10.427064,-12.398647,2.4223327e-06,16.200313568115234,0.00234645089922537,0.0006488561180014446,-2.2550833183497425,0.0,0.0,0.0
9456,1460,-56.940647,-56.831856,-0.010916863,-10.306581,-12.420856,3.4093855e-06,16.140113830566406,0.002155547632036436,0.0005645751968230994,-2.248486402013507,0.0,-0.001971611622941628,0.0
9457,1461,-57.454025,-57.45243,-0.010943413,-10.185688,-12.442841,1.5830993e-06,16.080190658569336,0.002045919021882245,0.0005006789987820411,-2.2442674222146035,0.0,-0.05197161162294163,0.0
9458,1461,-57.958485,-58.076107,-0.010960883,-9.94249,-12.550062,-2.9706955e-06,16.011157989501953,0.0022667277155776267,0.0004590749414885997,-2.2389102073658003,0.0,-0.09958498070715315,0.0
9459,1462,-58.4497,-58.705296,-0.010966377,-9.598511,-12.709671,-1.2125969e-05,15.926931381225586,0.0028935437698711574,0.0004446506342456068,-2.2278896473008887,0.0,-0.04958498070715314,0.0
9460,1462,-58.929363,-59.33873,-0.010972138,-9.42039,-12.764758,-1.0604858e-05,15.864514350891113,0.003186267825860199,0.00043189522394744193,-2.2135174990041127,0.0,0.0,0.0
9461,1463,-59.40348,-59.97271,-0.010981483,-9.385666,-12.719188,-1.282692e-06,15.807228088378906,0.00280546439815464,0.0004111528010851287,-2.202251129170587,0.0,0.0,0.0
9462,1463,-59.873394,-60.606293,-0.010990105,-9.313991,-12.700716,6.2465665e-06,15.749876022338867,0.002313164246416956,0.0003910064360668903,-2.195383369351491,0.0,0.0,0.0
9463,1464,-60.33835,-61.239937,-0.010997352,-9.23083,-12.690435,5.917549e-06,15.692526817321777,0.0019674539477826714,0.00037395950681925913,-2.191211394345827,0.0,0.0,0.0
9464,1464,-60.79859,-61.87346,-0.011003074,-9.150722,-12.677965,6.623268e-06,15.635424613952637,0.0017165419110193615,0.00035953519957626623,-2.188688581845195,0.0,0.0,0.0
9465,1465,-61.25471,-62.50648,-0.011007919,-9.078843,-12.659755,3.1232832e-06,15.578664779663086,0.0015047830236180704,0.00034832953967269567,-2.1871739089752125,0.0,-0.005417847606841549,0.0
9466,1465,-61.706856,-63.13884,-0.011011505,-8.998104,-12.647759,3.4284592e-06,15.521974563598633,0.001353510792363716,0.0003398656808332876,-2.185901583764427,0.0,-0.055417847606841555,0.0
9467,1466,-62.152412,-63.772137,-0.011011772,-8.786115,-12.717269,-2.4318695e-07,15.45719051361084,0.0015572268812581028,0.00033879277671395306,-2.181956110609475,0.0,-0.10541784760684156,0.0
9468,1466,-62.586323,-64.408966,-0.011004791,-8.458605,-12.841307,-7.452965e-06,15.376838684082031,0.0022087405037330534,0.00035464762278272533,-2.1713295652278406,0.0,-0.055417847606841555,0.0
9469,1467,-63.009754,-65.048615,-0.011001167,-8.296753,-12.875599,-1.0676384e-05,15.317217826843262,0.00256219555569756,0.00036323069319094836,-2.1566768529102247,0.0,-0.005417847606841553,0.0
9470,1467,-63.428524,-65.688,-0.011004066,-8.277985,-12.822297,-2.3126602e-06,15.262251853942871,0.0022588185952738767,0.0003573894238468878,-2.1447786481080775,0.0,-0.04765998062650438,0.0
9471,1467,-63.840916,-66.328125,-0.011006279,-8.083513,-12.874355,3.1948089e-06,15.201717376708984,0.0021636707935098285,0.0003526210586221619,-2.1346908602149663,0.0,-0.09765998062650438,0.0
9472,1468,-64.24079,-66.972015,-0.011002807,-7.749,-12.989103,-5.85556e-06,15.124939918518066,0.00263664365180721,0.000360131257420341,-2.121091294950422,0.0,-0.07995839974142385,0.0
9473,1468,-64.62696,-67.61998,-0.010999145,-7.481561,-13.068164,-1.027584e-05,15.058241844177246,0.0031234385502289957,0.00036847590469093414,-2.1037353409683215,0.0,-0.02995839974142385,0.0
9474,1469,-65.00401,-68.26989,-0.011001549,-7.372585,-13.067398,-3.0517576e-06,15.003729820251465,0.003075185400228122,0.00036323069319094836,-2.0876174905769984,0.0,-0.0047767836669108665,0.0
9475,1469,-65.3756,-68.91989,-0.011006279,-7.3155103,-13.037607,1.5115737e-06,14.949779510498047,0.0026497724638177853,0.0003526210586221619,-2.076297591205562,0.0,-0.02201324369758595,0.0
9476,1469,-65.74038,-69.57058,-0.011010132,-7.1640725,-13.057371,4.372597e-06,14.893585205078125,0.0024171843537481442,0.0003434419303698641,-2.06788786111531,0.0,-0.02124715685497064,0.0
9477,1470,-66.09744,-70.22233,-0.0110135265,-7.022996,-13.070533,3.4713744e-06,14.837833404541016,0.0023278670282436604,0.0003355741293745307,-2.0604761506435647,0.0,-0.0068300568613811185,0.0
9478,1470,-66.44862,-70.87417,-0.011016502,-6.9412584,-13.053101,1.6355514e-06,14.783927917480469,0.002129575179512871,0.00032865998842042637,-2.0546695273608107,0.0,-0.014662629840925263,0.0
9479,1470,-66.79435,-71.52585,-0.011018906,-6.828554,-13.05097,3.6096571e-06,14.729458808898926,0.0019655855738304126,0.00032222269374158175,-2.0499563980216426,0.0,-0.03305496823525771,0.0
9480,1471,-67.133224,-72.17797,-0.011020049,-6.663915,-13.072022,9.298324e-07,14.672612190246582,0.0019860718885009823,0.00031960007173694355,-2.044387461866178,0.0,-0.04327797454859697,0.0
9481,1471,-67.46418,-72.830894,-0.011019783,-6.484777,-13.0974045,1.5640259e-06,14.614867210388184,0.002119498859857204,0.00032007691801220334,-2.0368131654098836,0.0,-0.05787466937510586,0.0
9482,1471,-67.786194,-73.484955,-0.01101818,-6.2720604,-13.134033,-6.6041944e-06,14.554778099060059,0.002336619569584044,0.0003232955653516256,-2.026703273279725,0.0,-0.06344236562227083,0.0
9483,1472,-68.09846,-74.140396,-0.01101612,-6.054475,-13.169759,-7.72953e-06,14.494799613952637,0.002569936407912904,0.0003281831421451666,-2.0141209023935365,0.0,-0.06455996918390042,0.0
9484,1472,-68.40062,-74.79726,-0.011014518,-5.837924,-13.202504,-5.106926e-06,14.435632705688477,0.0027650366245248015,0.00033235548203510844,-1.9997636677988648,0.0196075439453125,-0.0821668732528508,0.0
9485,1472,-68.691086,-75.45598,-0.011011886,-5.561343,-13.252198,-4.520416e-06,14.37182331085205,0.0030481368901840293,0.00033879277671395306,-1.9833041338396846,0.04705810546875,-0.10315133864922381,0.0
9486,1473,-68.96726,-76.11715,-0.011006698,-5.2247906,-13.31431,-9.016991e-06,14.302772521972656,0.003477932339048363,0.0003499984691268143,-1.9637346935175644,0.0666656494140625,-0.1095808553241471,0.0
9487,1473,-69.22756,-76.78101,-0.011001778,-4.8764844,-13.374218,-1.0962486e-05,14.235512733459473,0.003936098775900447,0.0003616809753056447,-1.9410546810422316,0.07843017578125,-0.1110992957168116,0.0
9488,1473,-69.47138,-77.44762,-0.010999145,-4.5246615,-13.429662,-1.3155937e-05,14.171393394470215,0.004331036202883491,0.00036847590469093414,-1.9161550569563721,0.0901947021484375,-0.11454048363022457,0.0
9489,1474,-69.69788,-78.11693,-0.01099781,-4.156281,-13.482,-1.144886e-05,14.108118057250977,0.0046792817060398555,0.0003718137635991714,-1.8896783088729678,0.0941162109375,-0.1235798729066241,0.0
9490,1474,-69.9057,-78.78889,-0.010996131,-3.753174,-13.531333,-1.5797616e-05,14.042196273803711,0.005040653940612194,0.00037550925721385346,-1.8616537315640096,0.1058807373046875,-0.16278200399333567,0.0
9491,1474,-70.09167,-79.4632,-0.01098854,-3.2401898,-13.576285,-2.1452903e-05,13.95759105682373,0.005582913589998408,0.0003931522117962687,-1.8307042044298172,0.18588073730468752,-0.18508920227993564,0.0
9492,1475,-70.2522,-80.139275,-0.010975075,-2.6734087,-13.60462,-2.869606e-05,13.8648042678833,0.006273919628792604,0.00042390821138329365,-1.795340620946873,0.26588073730468753,-0.18856566066142477,0.0
9493,1475,-70.386116,-80.81654,-0.010963631,-2.1071105,-13.618858,-3.5338402e-05,13.780900001525879,0.006905770722022066,0.0004512071404932664,-1.756215588740301,0.34588073730468755,-0.13856566066142478,0.0
9494,1475,-70.496086,-81.49506,-0.010967979,-1.6826016,-13.633343,-2.0117759e-05,13.73678207397461,0.0071268390999311634,0.00044262407008504337,-1.7168713783760152,0.42588073730468756,-0.08856566066142478,0.0
9495,1476,-70.58696,-82.17516,-0.010988655,-1.3868273,-13.648941,5.097389e-06,13.719216346740723,0.006841748745535481,0.0003967284938421358,-1.6819209843361969,0.5058807373046875,-0.03856566066142478,0.0
9496,1476,-70.66355,-82.856804,-0.011018333,-1.216932,-13.664793,2.7370452e-05,13.718873023986816,0.006143231760229421,0.0003281831421451666,-1.6547219869651633,0.5858807373046875,0.0,0.0
9497,1476,-70.73032,-83.53987,-0.011051331,-1.1379945,-13.682247,4.199028e-05,13.729491233825684,0.0051959682470288536,0.00025033949939102054,-1.63697334988033,0.6658807373046874,0.0,0.0
9498,1477,-70.78853,-84.2245,-0.011084823,-1.0145788,-13.713075,3.8633345e-05,13.750555992126465,0.004397588442479976,0.00016891955833636205,-1.6266486738082564,0.7458807373046874,0.0,0.0
9499,1477,-70.83867,-84.91114,-0.011118736,-0.89666,-13.7549095,2.940178e-05,13.784104347229004,0.0038016954855274133,8.690356756495149e-05,-1.6206942450850028,0.8258807373046874,0.0,0.0
9500,1477,-70.88241,-85.60025,-0.011152763,-0.8019778,-13.807871,2.1739006e-05,13.831141471862793,0.0032983109660495754,4.291534188196181e-06,-1.6173013778562417,0.9058807373046873,0.0,0.0
9501,1478,-70.921486,-86.29236,-0.011186904,-0.7327326,-13.872734,1.3036728e-05,13.892070770263672,0.002831057792349222,-7.748603242966915e-05,-1.6153860324002567,0.9858807373046873,0.0,0.0
9502,1478,-70.957375,-86.988075,-0.011221123,-0.6853148,-13.950367,9.422302e-06,13.96718978881836,0.0023893727856339054,-0.00015902517692581992,-1.6143089168973743,0.9999847412109375,0.0,0.0
9503,1478,-70.99114,-87.68803,-0.011255226,-0.65459615,-14.039792,7.352829e-06,14.055044174194336,0.0019809775526189047,-0.00024032590641166347,-1.6137013166946728,0.9999847412109375,0.0,0.0
9504,1479,-71.023605,-88.392685,-0.011287804,-0.63577044,-14.137251,4.777908e-06,14.15153980255127,0.0016157077141719111,-0.0003179311422828249,-1.6133567036496164,0.9999847412109375,7.820866900478776e-08,0.0
9505,1479,-71.05529,-89.10237,-0.011317444,-0.62510276,-14.239816,2.5177e-06,14.25352954864502,0.0012992920574913351,-0.0003881454234339128,-1.6131606949933865,0.9999847412109375,0.0019295943338074274,0.0
9506,1479,-71.086716,-89.81726,-0.0113430405,-0.627755,-14.345298,2.3555756e-06,14.359026908874512,0.0010157976491922622,-0.00044882294162625807,-1.6131814676498892,0.9999847412109375,0.007837894984581017,0.0
9507,1480,-71.11875,-90.53746,-0.01136444,-0.6561488,-14.451718,2.1266937e-06,14.466606140136719,0.0007256210212185844,-0.0004994868830938916,-1.6138223573662167,0.9999847412109375,0.01011151258717291,0.0
9508,1480,-71.15202,-91.26304,-0.011381721,-0.6903175,-14.559218,3.9100647e-07,14.57557487487793,0.0004546277030369182,-0.0005406140941120732,-1.6152568690873879,0.9999847412109375,0.0,0.0
9509,1480,-71.18575,-91.99408,-0.011395569,-0.682305,-14.669795,-2.0980835e-07,14.685653686523438,0.00032215218109016107,-0.0005735158369191859,-1.616566878027598,0.9999847412109375,0.0,0.0
9510,1481,-71.219635,-92.730644,-0.0114064785,-0.68552643,-14.780467,-2.4557114e-06,14.796356201171875,0.00025148298118035704,-0.0005993842597126699,-1.6173349336859768,0.9999847412109375,0.0,0.0
9511,1481,-71.253944,-93.47273,-0.011415138,-0.6930005,-14.8913355,-2.4032593e-06,14.907452583312988,0.00018766335877342579,-0.0006196498362997234,-1.6177868721229631,0.9999847412109375,0.0,0.0
9512,1482,-71.28874,-94.22036,-0.011421775,-0.7016739,-15.002408,-4.4107437e-06,15.018808364868164,0.00013123385397233381,-0.0006351470801713414,-1.6180541203383527,0.9999847412109375,0.0,0.0
9513,1482,-71.32401,-94.97354,-0.011426849,-0.710279,-15.113662,-3.3044814e-06,15.130342483520508,8.604761419677228e-05,-0.0006471872210566166,-1.618212178949049,0.9999847412109375,0.0,0.0
9514,1482,-71.35973,-95.73229,-0.011430702,-0.71836776,-15.225069,-3.7908553e-06,15.2420072555542,5.267855033656032e-05,-0.0006562471052308088,-1.6183060553774742,0.9999847412109375,4.573879178029846e-05,0.0
9515,1483,-71.39584,-96.49661,-0.011433754,-0.726043,-15.336587,-2.5177e-06,15.35376262664795,2.9154797144484406e-05,-0.0006632804252444375,-1.6183655770278373,0.9999847412109375,0.001961552741550821,0.0
9516,1483,-71.43251,-97.2665,-0.011436042,-0.74098396,-15.44781,-3.6096571e-06,15.465571403503418,-3.1958047371425803e-06,-0.0006686448483132383,-1.618538815656747,0.9999847412109375,0.00858622237702186,0.0
9517,1484,-71.4704,-98.04193,-0.011437759,-0.78084165,-15.557617,-3.3664703e-06,15.577199935913086,-8.948222075398506e-05,-0.0006726979766343652,-1.619327510813574,0.9999847412109375,0.010198661323607342,0.0
9518,1484,-71.50995,-98.82286,-0.011438942,-0.82126796,-15.667382,-3.1280517e-06,15.688892364501953,-0.00019174761474035048,-0.0006755589892673427,-1.6209114258718986,0.9999847412109375,0.0,0.0
9519,1484,-71.55026,-99.60934,-0.011440048,-0.8183499,-15.779664,-4.6777723e-06,15.800869941711426,-0.00018748650823228772,-0.0006780623997031659,-1.6223555249729942,0.9999847412109375,0.0,0.0
9520,1485,-71.590965,-100.40141,-0.011440925,-0.8254967,-15.891462,-2.2792815e-06,15.912888526916504,-0.00014807175660840565,-0.0006800889638637294,-1.6232338355005023,0.9999847412109375,0.0,0.0
9521,1485,-71.63229,-101.19908,-0.011441612,-0.83622676,-16.003105,-2.2935867e-06,16.024938583374023,-0.00012570117906977207,-0.0006817578608085573,-1.6237691308796083,0.9999847412109375,0.0,0.0
9522,1486,-71.67428,-102.002304,-0.011442184,-0.8476673,-16.114738,-1.0156631e-06,16.13701629638672,-0.00011451594312805257,-0.0006830692205748124,-1.6240968328517424,0.9999847412109375,0.0,0.0
9523,1486,-71.71688,-102.81111,-0.011442642,-0.858635,-16.226425,-1.4543533e-06,16.249126434326172,-0.00010652646798513752,-0.0006841420921848563,-1.6242976351979344,0.9999847412109375,0.0,0.0
9524,1486,-71.76004,-103.6255,-0.0114431,-0.868741,-16.33819,-2.1123885e-06,16.361270904541016,-9.853694407828649e-05,-0.0006850957197167946,-1.6244216053466776,0.9999847412109375,0.012306166675563043,0.0
9525,1487,-71.804825,-104.44542,-0.011443291,-0.92806613,-16.446692,-2.3460389e-06,16.472854614257812,-0.00019494339179380022,-0.0006854533869325301,-1.6253407953969186,0.9999847412109375,0.03299560070679343,0.0
9526,1487,-71.85356,-105.2706,-0.011442527,-1.05683,-16.548199,-1.6784668e-06,16.581911087036133,-0.0004783036992689405,-0.0006839036690472264,-1.628651104631887,0.9999847412109375,0.04346783390535838,0.0
9527,1488,-71.908165,-106.10088,-0.011441193,-1.2122077,-16.645672,-4.234314e-06,16.68975257873535,-0.0008623313659119134,-0.0006804465660608835,-1.6351526798010974,0.9999847412109375,0.0,0.0
9528,1488,-71.965546,-106.936485,-0.011441078,-1.1942699,-16.75961,-3.4761429e-06,16.802104949951172,-0.0008543420776974196,-0.0006803273870013592,-1.6413826125391198,0.9999847412109375,0.0,0.0
9529,1488,-72.02393,-107.777664,-0.011441726,-1.2115796,-16.871033,-7.7724457e-07,16.914480209350586,-0.0006913564889474076,-0.0006818771048866629,-1.6452864072230124,0.9999847412109375,0.0,0.0
9530,1489,-72.08432,-108.62434,-0.011442565,-1.244294,-16.98126,-1.2969971e-06,17.02678680419922,-0.0005949500574865392,-0.0006836652459095965,-1.6477399775353023,0.9999847412109375,0.0,0.0
9531,1489,-72.14685,-109.47647,-0.011443443,-1.2802279,-17.091202,8.2969666e-07,17.139083862304688,-0.0005475457250645474,-0.0006854533869325301,-1.649286342022257,0.9999847412109375,0.0,0.0
9532,1490,-72.211395,-110.33409,-0.011443977,-1.3141017,-17.201292,-7.724762e-07,17.251415252685547,-0.0005150552898027434,-0.0006870031048178338,-1.6502630563520435,0.9999847412109375,0.0,0.0
9533,1490,-72.27767,-111.19721,-0.011444473,-1.3440309,-17.311695,7.390976e-07,17.36379051208496,-0.00048043419563171326,-0.0006883143995655075,-1.650881974989378,0.9999847412109375,0.0,0.0
9534,1491,-72.34542,-112.065865,-0.011444969,-1.3697362,-17.422447,-1.6117095e-06,17.476207733154297,-0.00043888888262647713,-0.0006893872711755515,-1.65127465809211,0.9999847412109375,0.0,0.0
9535,1491,-72.4144,-112.94005,-0.011445312,-1.3916312,-17.533522,-2.1076203e-06,17.588661193847656,-0.0003920172474410826,-0.0006902217196479654,-1.6515249952345776,0.9999847412109375,0.0,0.0
9536,1492,-72.48442,-113.819786,-0.011445694,-1.4103606,-17.644878,6.67572e-08,17.701152801513672,-0.00034248248367489936,-0.0006910562331389607,-1.6516845185838733,0.9999847412109375,0.0,0.0
9537,1492,-72.55533,-114.70511,-0.011445961,-1.4265842,-17.756454,-1.2683868e-06,17.813669204711914,-0.0002929476548901349,-0.0006917714375332692,-1.6517866508116779,0.9999847412109375,0.0,0.0
9538,1492,-72.62701,-115.596,-0.011446304,-1.4408876,-17.868216,1.5974044e-06,17.926218032836914,-0.00024714136541399863,-0.0006923675278866345,-1.6518525640486572,0.9999847412109375,0.0,0.0
9539,1493,-72.69938,-116.4925,-0.011446571,-1.4537523,-17.980118,2.0980835e-07,18.038793563842773,-0.00020506338768145601,-0.0006929635532214185,-1.6518941093616626,0.9999847412109375,0.0,0.0
9540,1493,-72.77237,-117.39458,-0.011446762,-1.465555,-18.092133,1.3494491e-06,18.15139389038086,-0.00016831179714765318,-0.0006934403994966784,-1.651921939395054,0.9999847412109375,0.0,0.0
9541,1494,-72.84594,-118.30227,-0.011446953,-1.4765869,-18.204235,1.3303757e-06,18.264020919799805,-0.000136353847812057,-0.0006939172457719381,-1.6519392499421395,0.9999847412109375,0.0,0.0
9542,1494,-72.920044,-119.215576,-0.011447144,-1.4870633,-18.31641,9.298324e-07,18.376676559448242,-0.00010972222065661928,-0.000694394092047198,-1.6519509678509356,0.9999847412109375,0.0,0.0
9543,1495,-72.99466,-120.13447,-0.011447296,-1.497142,-18.428642,4.863739e-07,18.489356994628906,-8.735170000924433e-05,-0.0006948709383224578,-1.6519585578600424,0.9999847412109375,0.0,0.0
9544,1495,-73.06978,-121.05898,-0.011447601,-1.5069392,-18.540922,-2.3841858e-07,18.602060317993164,-6.924215583276954e-05,-0.0006953477195791362,-1.6519632183919502,0.9999847412109375,0.0,0.0
9545,1496,-73.14538,-121.98912,-0.011447677,-1.5165374,-18.653242,3.2424927e-07,18.71479034423828,-5.486111032830964e-05,-0.000695824565854396,-1.6519664141852581,0.9999847412109375,0.0,0.0
9546,1496,-73.22147,-122.92486,-0.011448021,-1.5259962,-18.765602,7.343292e-07,18.827547073364258,-4.2610548995638494e-05,-0.0006963014121296558,-1.6519681452399668,0.9999847412109375,0.0,0.0
9547,1497,-73.29802,-123.866234,-0.011448135,-1.5353593,-18.877993,-3.147125e-07,18.940324783325195,-3.355581957584507e-05,-0.0006967782584049156,-1.6519698762946753,0.9999847412109375,0.0,0.0
9548,1497,-73.375046,-124.81323,-0.011448326,-1.5446583,-18.990412,-1.1491775e-06,19.053129196166992,-2.60989807146072e-05,-0.0006972551046801755,-1.6519710747171659,0.9999847412109375,0.0,0.0
9549,1498,-73.45253,-125.76585,-0.011448555,-1.5539082,-19.10286,-4.673004e-07,19.165956497192383,-2.024000193446489e-05,-0.0006977319509554352,-1.6519710747171659,0.9999847412109375,0.0,0.0
9550,1498,-73.53048,-126.72407,-0.011448746,-1.5631247,-19.215334,-8.2015987e-07,19.27880859375,-1.544633737020558e-05,-0.0006980895531525894,-1.6519710747171659,0.9999847412109375,0.0,0.0
9551,1499,-73.60888,-127.687935,-0.011448937,-1.5723195,-19.327835,-1.1968613e-06,19.39168357849121,-1.1717932162401303e-05,-0.0006985663994278492,-1.6519710747171659,0.9999847412109375,0.0,0.0
9552,1499,-73.68776,-128.65742,-0.011449088,-1.5815006,-19.44036,-1.0347366e-06,19.504581451416016,-9.054755833592073e-06,-0.000699043245703109,-1.6519710747171659,0.9999847412109375,0.0,0.0
9553,1499,-73.76708,-129.63254,-0.011449317,-1.5906713,-19.552876,-1.282692e-06,19.61747169494629,-6.924181245338705e-06,-0.0006995200919783687,-1.6519710747171659,0.9999847412109375,0.0,0.0
9554,1500,-73.84686,-130.61328,-0.011449432,-1.5998311,-19.665335,-1.759529e-06,19.730302810668945,-6.924181245338705e-06,-0.0006995200919783687,-1.6519710747171659,0.9999847412109375,0.0,0.0
9555,1500,-73.92712,-131.59962,-0.011449547,-1.6089789,-19.777706,-1.373291e-06,19.843046188354492,-4.261034378074126e-06,-0.0007001161173131529,-1.6519710747171659,0.9999847412109375,0.0,0.0
9556,1501,-74.007805,-132.5916,-0.011449623,-1.6181152,-19.889965,-2.684593e-06,19.95567512512207,-4.261034378074126e-06,-0.0007001161173131529,-1.6519710747171659,0.9999847412109375,0.0,0.0
9557,1501,-74.08897,-133.58917,-0.011449585,-1.62724,-20.0021,-3.709793e-06,20.06818199157715,-4.261034378074126e-06,-0.0007001161173131529,-1.6519710747171659,0.9999847412109375,0.0,0.0
9558,1502,-74.17058,-134.59236,-0.011449661,-1.6363528,-20.114101,-3.8290023e-06,20.180553436279297,-1.5979169723541995e-06,-0.0007001161173131529,-1.6519710747171659,0.9999847412109375,0.0,0.0
9559,1502,-74.25263,-135.60115,-0.011449547,-1.6454539,-20.22597,-3.2329558e-06,20.29279136657715,-1.5979169723541995e-06,-0.0007001161173131529,-1.6519710747171659,0.9999847412109375,0.0,0.0
9560,1503,-74.33516,-136.61551,-0.011449432,-1.6545429,-20.337694,-2.7370452e-06,20.404884338378906,-1.5979169723541995e-06,-0.0007001161173131529,-1.6519710747171659,0.9999847412109375,0.0,0.0
9561,1504,-74.418144,-137.63547,-0.011449317,-1.6636202,-20.449278,-2.7179717e-06,20.51683807373047,-1.5979169723541995e-06,-0.0007001161173131529,-1.6519710747171659,0.9999847412109375,0.0,0.0
9562,1504,-74.501564,-138.661,-0.011449165,-1.6726861,-20.56072,-3.2424925e-06,20.628646850585938,-1.5979169723541995e-06,-0.0007001161173131529,-1.6519710747171659,0.9999847412109375,0.0,0.0
9563,1505,-74.58545,-139.6921,-0.011449013,-1.68174,-20.672014,-3.323555e-06,20.74030876159668,-1.5979169723541995e-06,-0.0007001161173131529,-1.6519710747171659,0.9999847412109375,0.0,0.0
9564,1505,-74.66979,-140.72874,-0.011448822,-1.6907821,-20.783167,-2.5510788e-06,20.851829528808594,-5.326292972592657e-07,-0.0006979703740930651,-1.6519710747171659,0.9999847412109375,0.0,0.0
9565,1506,-74.75458,-141.77095,-0.011448631,-1.6998129,-20.894173,-2.9230116e-06,20.96320152282715,-5.326292972592657e-07,-0.0006979703740930651,-1.6519710747171659,0.9999847412109375,0.0,0.0
9566,1506,-74.83981,-142.81871,-0.011448402,-1.7088314,-21.005032,-2.2554398e-06,21.074426651000977,-5.326292972592657e-07,-0.0006979703740930651,-1.6519710747171659,0.9999847412109375,0.0,0.0
9567,1507,-74.9255,-143.87202,-0.011448249,-1.717838,-21.115744,-2.708435e-06,21.185504913330078,-5.326292972592657e-07,-0.0006979703740930651,-1.6519710747171659,0.9999847412109375,0.0,0.0
9568,1507,-75.01164,-144.93086,-0.011448021,-1.7268331,-21.226313,-2.245903e-06,21.296438217163086,0.0,-0.0006959438099325017,-1.6519710747171659,0.9999847412109375,0.0,0.0
9569,1508,-75.098236,-145.99521,-0.011447792,-1.7358161,-21.336733,-2.5177e-06,21.407222747802734,0.0,-0.0006959438099325017,-1.6519710747171659,0.9999847412109375,0.0,0.0
9570,1508,-75.18527,-147.06508,-0.011447525,-1.7447871,-21.447006,-3.1089783e-06,21.51786231994629,0.0,-0.0006959438099325017,-1.6519710747171659,0.9999847412109375,0.0,0.0
9571,1509,-75.27275,-148.14046,-0.011447334,-1.7537465,-21.557137,-3.2377243e-06,21.628355026245117,0.0,-0.0006959438099325017,-1.6519710747171659,0.9999847412109375,0.0,0.0
9572,1509,-75.36069,-149.22134,-0.011447144,-1.7626939,-21.667118,-3.0612946e-06,21.73870086669922,0.0,-0.0006937980016938326,-1.6519710747171659,0.9999847412109375,0.0,0.0
9573,1510,-75.449066,-150.30772,-0.011446915,-1.7716291,-21.776955,-3.080368e-06,21.848899841308594,0.0,-0.0006937980016938326,-1.6519710747171659,0.9999847412109375,0.0,0.0
9574,1510,-75.537895,-151.39958,-0.0114466855,-1.780553,-21.886644,-3.0994415e-06,21.958951950073242,0.0,-0.0006937980016938326,-1.6519710747171659,0.9999847412109375,0.0,0.0
9575,1511,-75.62717,-152.49693,-0.011446456,-1.7894645,-21.99619,-3.1805039e-06,22.068859100341797,0.0,-0.0006937980016938326,-1.6519710747171659,0.9999847412109375,0.0,0.0
9576,1512,-75.71689,-153.59975,-0.011446227,-1.7983642,-22.105587,-3.2281876e-06,22.178617477416992,0.0,-0.0006916522584737448,-1.6519710747171659,0.9999847412109375,0.0,0.0
9577,1512,-75.80705,-154.70802,-0.011445999,-1.8072522,-22.214838,-2.732277e-06,22.288230895996094,0.0,-0.0006916522584737448,-1.6519710747171659,0.9999847412109375,0.0,0.0
9578,1513,-75.89765,-155.82176,-0.011445808,-1.816128,-22.32394,-3.1995773e-06,22.39769172668457,0.0,-0.0006916522584737448,-1.6519710747171659,0.9999847412109375,0.0,0.0
9579,1513,-75.9887,-156.94095,-0.011445617,-1.8249922,-22.4329,-2.7894973e-06,22.50701141357422,0.0,-0.0006916522584737448,-1.6519710747171659,0.9999847412109375,0.0,0.0
9580,1514,-76.0802,-158.0656,-0.011445388,-1.8338441,-22.541708,-2.7132035e-06,22.616180419921875,0.0,-0.0006893872711755515,-1.6519710747171659,0.9999847412109375,0.0,0.0
9581,1514,-76.172134,-159.19566,-0.011445122,-1.8426844,-22.65037,-2.07901e-06,22.725200653076172,0.0,-0.0006893872711755515,-1.6519710747171659,0.9999847412109375,0.0,0.0
9582,1515,-76.26451,-160.33116,-0.011444931,-1.8515126,-22.758886,-1.2207031e-06,22.834075927734375,0.0,-0.0006893872711755515,-1.6519710747171659,0.9999847412109375,0.0,0.0
9583,1515,-76.35733,-161.47209,-0.011444702,-1.8603287,-22.867252,-1.039505e-06,22.942800521850586,0.0,-0.0006893872711755515,-1.6519710747171659,0.9999847412109375,0.0,0.0
9584,1516,-76.450584,-162.61842,-0.011444473,-1.8691326,-22.975475,-4.0531157e-07,23.051380157470703,0.0,-0.0006872415279554636,-1.6519710747171659,0.9999847412109375,0.0,0.0
9585,1517,-76.54428,-163.77019,-0.0114442445,-1.8779249,-23.08355,-4.4345856e-07,23.159812927246094,0.0,-0.0006872415279554636,-1.6519710747171659,0.9999847412109375,0.0,0.0
9586,1517,-76.63841,-164.92732,-0.011444015,-1.8867049,-23.191475,-3.2424927e-07,23.26809310913086,0.0,-0.0006872415279554636,-1.6519710747171659,0.9999847412109375,0.0,0.0
9587,1518,-76.732994,-166.08987,-0.011443786,-1.8954735,-23.299255,-1.3685226e-06,23.376230239868164,0.0,-0.0006872415279554636,-1.6519710747171659,0.9999847412109375,0.0,0.0
9588,1518,-76.828,-167.25778,-0.011443519,-1.9042296,-23.406887,-2.2172928e-06,23.48421859741211,2.91038366095712e-11,-0.0006849765406572703,-1.6519710747171659,0.9999847412109375,0.0,0.0
9589,1519,-76.92346,-168.43109,-0.011443291,-1.9129739,-23.514374,-3.118515e-06,23.592060089111328,2.91038366095712e-11,-0.0006849765406572703,-1.6519710747171659,0.9999847412109375,0.0,0.0
9590,1520,-77.01935,-169.60974,-0.011443176,-1.9217067,-23.621714,-2.822876e-06,23.699752807617188,2.91038366095712e-11,-0.0006849765406572703,-1.6519710747171659,0.9999847412109375,0.0,0.0
9591,1520,-77.11568,-170.7938,-0.011442909,-1.9304267,-23.728903,-3.519058e-06,23.807296752929688,2.91038366095712e-11,-0.0006849765406572703,-1.6519710747171659,0.9999847412109375,0.0,0.0
9592,1521,-77.21244,-171.98318,-0.01144268,-1.9391352,-23.835945,-3.6907195e-06,23.91469383239746,0.0,-0.0006829499764967068,-1.6519710747171659,0.9999847412109375,0.0,0.0
9593,1521,-77.30964,-173.1779,-0.011442527,-1.9478314,-23.94284,-3.3187866e-06,24.021942138671875,0.0,-0.0006829499764967068,-1.6519710747171659,0.9999847412109375,0.0,0.0
9594,1522,-77.407265,-174.378,-0.011442261,-1.9565158,-24.049591,-3.4332274e-06,24.129043579101562,0.0,-0.0006829499764967068,-1.6519710747171659,0.9999847412109375,0.0,0.0
9595,1523,-77.505325,-175.58342,-0.011442032,-1.9651883,-24.156193,-3.1089783e-06,24.235998153686523,0.0,-0.0006829499764967068,-1.6519710747171659,0.9999847412109375,0.0,0.0
9596,1523,-77.60382,-176.79416,-0.011441879,-1.9738482,-24.262646,-3.1614302e-06,24.342802047729492,1.367880266394114e-09,-0.0006808042332766191,-1.6519710747171659,0.9999847412109375,0.0,0.0
9597,1524,-77.70275,-178.01021,-0.01144165,-1.9824966,-24.368948,-3.156662e-06,24.4494571685791,1.367880266394114e-09,-0.0006808042332766191,-1.6519710747171659,0.9999847412109375,0.0,0.0
9598,1524,-77.80211,-179.23158,-0.011441459,-1.991133,-24.475105,-2.7513504e-06,24.55596351623535,1.367880266394114e-09,-0.0006808042332766191,-1.6519710747171659,0.9999847412109375,0.0,0.0
9599,1525,-77.90191,-180.45824,-0.011441269,-1.999757,-24.58111,-2.207756e-06,24.66231918334961,1.367880266394114e-09,-0.0006808042332766191,-1.6519710747171659,0.9999847412109375,0.0,0.0
9600,1526,-78.00214,-181.69019,-0.01144104,-2.0083692,-24.686972,-2.207756e-06,24.768531799316406,0.0,-0.00067865842503795,-1.6519710747171659,0.9999847412109375,0.0,0.0
9601,1526,-78.10278,-182.92746,-0.011440773,-2.0169694,-24.792683,-2.2029876e-06,24.874591827392578,0.0,-0.00067865842503795,-1.6519710747171659,0.9999847412109375,0.0,0.0
9602,1527,-78.20387,-184.17,-0.011440582,-2.0255575,-24.898249,-2.8181075e-06,24.980506896972656,0.0,-0.00067865842503795,-1.6519710747171659,0.9999847412109375,0.0,0.0
9603,1527,-78.30538,-185.4178,-0.0114403535,-2.0341337,-25.003664,-3.4666061e-06,25.08626937866211,0.0,-0.00067865842503795,-1.6519710747171659,0.9999847412109375,0.0,0.0
9604,1528,-78.407326,-186.6709,-0.011440124,-2.0426974,-25.108938,-3.604889e-06,25.191892623901367,1.4551919079867487e-10,-0.0006766318608773865,-1.6519710747171659,0.9999847412109375,0.0,0.0
9605,1529,-78.5097,-187.92923,-0.011439972,-2.0512493,-25.214058,-3.6621093e-06,25.297359466552734,1.4551919079867487e-10,-0.0006766318608773865,-1.6519710747171659,0.9999847412109375,0.0,0.0
9606,1529,-78.61249,-189.19283,-0.0114397425,-2.0597892,-25.319035,-3.223419e-06,25.402681350708008,1.4551919079867487e-10,-0.0006766318608773865,-1.6519710747171659,0.9999847412109375,0.0,0.0
9607,1530,-78.71571,-190.46165,-0.011439552,-2.0683172,-25.423859,-2.822876e-06,25.50785255432129,1.4551919079867487e-10,-0.0006766318608773865,-1.6519710747171659,0.9999847412109375,0.0,0.0
9608,1531,-78.81937,-191.73573,-0.011439362,-2.0768328,-25.528538,-2.3126602e-06,25.612876892089844,2.764864423653531e-09,-0.0006744861176572988,-1.6519710747171659,0.9999847412109375,0.0,0.0
9609,1531,-78.92344,-193.01503,-0.011439094,-2.0853367,-25.633066,-1.8501281e-06,25.717750549316406,2.764864423653531e-09,-0.0006744861176572988,-1.6519710747171659,0.9999847412109375,0.0,0.0
9610,1532,-79.02794,-194.29955,-0.011438865,-2.0938284,-25.73745,-2.875328e-06,25.822479248046875,2.764864423653531e-09,-0.0006744861176572988,-1.6519710747171659,0.9999847412109375,0.0,0.0
9611,1533,-79.132866,-195.58925,-0.011438674,-2.1023083,-25.841684,-3.437996e-06,25.92705726623535,2.764864423653531e-09,-0.0006744861176572988,-1.6519710747171659,0.9999847412109375,0.0,0.0
9612,1533,-79.23821,-196.88417,-0.011438446,-2.1107762,-25.94577,-3.5572052e-06,26.0314884185791,5.355105998167651e-09,-0.000672340374437211,-1.6519710747171659,0.9999847412109375,0.0,0.0
9613,1534,-79.34398,-198.18431,-0.011438255,-2.119232,-26.04971,-3.209114e-06,26.135770797729492,5.355105998167651e-09,-0.000672340374437211,-1.6519710747171659,0.9999847412109375,0.0,0.0
9614,1535,-79.45017,-199.48964,-0.011438064,-2.1276758,-26.153498,-2.7751921e-06,26.239900588989258,5.355105998167651e-09,-0.000672340374437211,-1.6519710747171659,0.9999847412109375,0.0,0.0
9615,1535,-79.55679,-200.80019,-0.011437835,-2.1361074,-26.257137,-2.3555756e-06,26.343883514404297,5.355105998167651e-09,-0.000672340374437211,-1.6519710747171659,0.9999847412109375,0.0,0.0
9616,1536,-79.663826,-202.11588,-0.011437644,-2.144527,-26.360632,-2.9802322e-06,26.447721481323242,2.91038366095712e-11,-0.0006703138102766475,-1.6519710747171659,0.9999847412109375,0.0,0.0
9617,1536,-79.771286,-203.43675,-0.011437416,-2.1529343,-26.463976,-2.5939942e-06,26.551406860351562,2.91038366095712e-11,-0.0006703138102766475,-1.6519710747171659,0.9999847412109375,0.0,0.0
9618,1537,-79.87916,-204.76279,-0.011437225,-2.1613295,-26.567173,-2.0599364e-06,26.654943466186523,2.91038366095712e-11,-0.0006703138102766475,-1.6519710747171659,0.9999847412109375,0.0,0.0
9619,1538,-79.98746,-206.09398,-0.011436996,-2.169713,-26.67022,-1.1014938e-06,26.758329391479492,2.91038366095712e-11,-0.0006703138102766475,-1.6519710747171659,0.9999847412109375,0.0,0.0
9620,1538,-80.096176,-207.43031,-0.011436767,-2.1780841,-26.773119,-2.5510788e-06,26.861570358276367,0.0,-0.000668287246116084,-1.6519710747171659,0.9999847412109375,0.0,0.0
9621,1539,-80.20531,-208.77179,-0.011436501,-2.1864433,-26.875872,-3.709793e-06,26.964662551879883,0.0,-0.000668287246116084,-1.6519710747171659,0.9999847412109375,0.0,0.0
9622,1540,-80.31486,-210.1184,-0.011436386,-2.1947906,-26.978472,-3.1280517e-06,27.06760025024414,0.0,-0.000668287246116084,-1.6519710747171659,0.9999847412109375,0.0,0.0
9623,1541,-80.42482,-211.47014,-0.011436195,-2.2031255,-27.080927,-2.9850005e-06,27.170394897460938,0.0,-0.000668287246116084,-1.6519710747171659,0.9999847412109375,0.0,0.0
9624,1541,-80.53521,-212.82698,-0.011436004,-2.2114484,-27.183237,-3.0708313e-06,27.273042678833008,0.0,-0.0006662606819555206,-1.6519710747171659,0.9999847412109375,-1.9936590568384527e-06,0.0
9625,1542,-80.64601,-214.18896,-0.011435813,-2.2197514,-27.285393,-2.6798248e-06,27.37553596496582,0.0,-0.0006662606819555206,-1.6519710747171659,0.9999847412109375,-0.0001109039207744681,0.0
9626,1543,-80.75722,-215.55605,-0.011435661,-2.22759,-27.387442,-8.249283e-07,27.47788429260254,9.673241659501329e-07,-0.0006651878103454767,-1.6519632183919502,0.9999847412109375,-0.001729362929145331,0.0
9627,1543,-80.86867,-216.92824,-0.011435356,-2.228713,-27.489872,-3.1042098e-06,27.580068588256836,1.625082446762391e-05,-0.0006647109640702169,-1.6518327234985362,0.9999847412109375,-0.003035329291111355,0.0
9628,1544,-80.98013,-218.30554,-0.011435203,-2.2246838,-27.592548,-8.392334e-07,27.682086944580078,4.787458743857217e-05,-0.0006642341177949571,-1.651440839344131,0.9999847412109375,-0.0034608538330758165,0.0
9629,1545,-81.09147,-219.68796,-0.011434974,-2.2183363,-27.695244,-1.3828277e-06,27.783945083618164,8.598131962581349e-05,-0.000663638092460173,-1.6507573390503623,0.9999847412109375,-0.0035213173824337916,0.0
9630,1545,-81.202545,-221.0755,-0.011434746,-2.2098598,-27.79795,-2.6607513e-06,27.885650634765625,0.00012465903686671544,-0.0006632804252444375,-1.649829626884633,0.9999847412109375,-0.0036035273354307847,0.0
9631,1546,-81.31319,-222.4682,-0.011434593,-2.1982055,-27.900734,-5.531311e-07,27.987194061279297,0.0001646289008830981,-0.0006626843999096534,-1.6487103002784729,0.9999847412109375,-0.0036035273354307847,0.0
9632,1547,-81.42322,-223.86601,-0.011434402,-2.183283,-28.003592,-2.6607513e-06,28.088571548461914,0.000206868644845917,-0.0006620883745748693,-1.647442369283486,0.9999847412109375,-0.0036035273354307847,0.0
9633,1547,-81.532455,-225.26898,-0.011434097,-2.1649506,-28.106524,-1.0728836e-06,28.18977928161621,0.0002514412555058073,-0.0006616115282996096,-1.646060987626062,0.9999847412109375,-0.0036035273354307847,0.0
9634,1548,-81.64072,-226.67711,-0.011433906,-2.1432967,-28.209513,-2.7179717e-06,28.290817260742188,0.0002978290224091616,-0.0006611346820243497,-1.644593985339592,0.9999847412109375,-0.0036035273354307847,0.0
9635,1549,-81.74783,-228.09035,-0.011433792,-2.1185377,-28.312534,-5.245209e-07,28.391685485839844,0.0003450122266361495,-0.0006605386566895657,-1.6430626677127962,0.9999847412109375,-0.002432754141270503,0.0
9636,1550,-81.85376,-229.50876,-0.011433563,-2.095781,-28.415245,-3.4332274e-07,28.492427825927734,0.0003818532502285315,-0.0006600618104143058,-1.6415609111741005,0.9999847412109375,-0.002255267290079414,0.0
9637,1550,-81.958466,-230.93231,-0.011433296,-2.0710213,-28.517904,-1.1730194e-06,28.593006134033203,0.0004119654358235163,-0.0006595849641390461,-1.6401516994832852,0.9999847412109375,-0.002255267290079414,0.0
9638,1551,-82.061844,-232.361,-0.011433105,-2.04453,-28.620491,-1.4209747e-06,28.693424224853516,0.00044016561999818957,-0.0006591081178637863,-1.6388195863060275,0.9999847412109375,-0.002255267290079414,0.0
9639,1552,-82.16383,-233.79478,-0.011432876,-2.0170858,-28.722946,-3.004074e-06,28.793685913085938,0.0004658364513231006,-0.0006586312715885264,-1.6375460626727516,0.9999847412109375,-0.002255267290079414,0.0
9640,1552,-82.26442,-235.23372,-0.011432762,-1.9891777,-28.82524,-2.1600722e-06,28.8937931060791,0.0004876723891950207,-0.0006582736693913723,-1.6363155490910806,0.9999847412109375,-0.0028498197310134984,0.0
9641,1553,-82.36356,-236.67776,-0.011432457,-1.9586501,-28.927486,-3.285408e-06,28.99372100830078,0.0005101614387161069,-0.0006576776440565882,-1.63507677971003,0.9999847412109375,-0.004547887080491364,0.0
9642,1554,-82.46102,-238.12692,-0.011432342,-1.9212317,-29.029911,-2.1028518e-06,29.093416213989258,0.0005447202450862508,-0.0006572007977813284,-1.6336867427790633,0.9999847412109375,-0.005105776077189759,0.0
9643,1555,-82.55667,-239.5812,-0.011432075,-1.8815668,-29.132246,-8.869171e-07,29.19294548034668,0.0005854044845100304,-0.0006564855283684387,-1.6320586192466433,0.9999847412109375,-0.005187918277028057,0.0
9644,1555,-82.650375,-241.04056,-0.011431732,-1.8404346,-29.234438,-1.1777878e-06,29.292312622070312,0.0006243205761246262,-0.0006558895030336547,-1.6302146465078724,0.9999847412109375,-0.004218438142101132,0.0
9645,1556,-82.742096,-242.50504,-0.011431618,-1.8011146,-29.336334,-2.3651123e-06,29.391571044921875,0.0006528294685233155,-0.0006555318358179191,-1.628268008909079,0.9999847412109375,-0.0008202368169657934,0.0
9646,1557,-82.83214,-243.97458,-0.011431389,-1.7728927,-29.437485,-1.4972686e-06,29.490821838378906,0.0006491403792388916,-0.0006549358104831351,-1.626518844705115,0.9999847412109375,-0.0001307710618272188,0.0
9647,1557,-82.92059,-245.44922,-0.011431274,-1.7445495,-29.538437,-2.2888182e-06,29.589908599853516,0.0006301663317507965,-0.0006545781432673995,-1.6251362646252003,0.9999847412109375,-7.823211050798042e-05,0.0
9648,1558,-83.00748,-246.92888,-0.011431083,-1.7158445,-29.639214,-4.7683716e-07,29.688838958740234,0.0006121747800447373,-0.000654101362010721,-1.6240704675569506,0.9999847412109375,-6.719175157572693e-05,0.0
9649,1559,-83.09287,-248.41359,-0.011430931,-1.6884954,-29.73974,-1.077652e-06,29.787633895874023,0.0005946876424924093,-0.0006538629388730911,-1.6232487492026066,0.9999847412109375,-6.719175157572693e-05,0.0
9650,1560,-83.17687,-249.90332,-0.01143074,-1.6635324,-29.83997,-3.1137465e-06,29.886302947998047,0.0005739258440928685,-0.0006532668485197257,-1.6226141179148408,0.9999847412109375,-6.719175157572693e-05,0.0
9651,1560,-83.25966,-251.39809,-0.011430626,-1.641474,-29.939884,-7.4386594e-07,29.984848022460938,0.0005478708179710512,-0.0006529092463225715,-1.6221215662712307,0.9999847412109375,-6.719175157572693e-05,0.0
9652,1561,-83.34135,-252.89778,-0.011430435,-1.622477,-30.039484,-2.7656554e-07,30.083269119262695,0.0005163822540285106,-0.0006524324000473118,-1.6217378047581503,0.9999847412109375,-6.719175157572693e-05,0.0
9653,1562,-83.422165,-254.4025,-0.011430206,-1.6064752,-30.138771,-1.6403197e-06,30.181554794311523,0.00048049547564458925,-0.0006519555537720519,-1.6214363349227534,0.9999847412109375,-6.719175157572693e-05,0.0
9654,1563,-83.502235,-255.91214,-0.011429939,-1.5932736,-30.237755,-2.9373168e-06,30.279701232910156,0.00044173568869944037,-0.0006514787074967922,-1.6211978488471368,0.9999847412109375,-6.719175157572693e-05,0.0
9655,1563,-83.58168,-257.42676,-0.011429939,-1.5826105,-30.336456,-1.1062622e-06,30.377710342407227,0.00040164480884861167,-0.0006510019262401137,-1.621007166513087,0.9999847412109375,-6.719175157572693e-05,0.0
9656,1564,-83.660645,-258.9463,-0.011429634,-1.5741993,-30.434895,-1.940727e-06,30.47557830810547,0.00036166416800237843,-0.0006505250799648539,-1.6208537684342985,0.9999847412109375,-6.719175157572693e-05,0.0
9657,1565,-83.73924,-260.4707,-0.011429558,-1.5677525,-30.533081,-1.14440915e-07,30.57330322265625,0.00032286117620995523,-0.0006500482336895941,-1.6207283335469558,0.9999847412109375,-6.719175157572693e-05,0.0
9658,1566,-83.81755,-262.00006,-0.01142929,-1.5629966,-30.63103,-1.0490418e-06,30.670879364013672,0.00028610665983999384,-0.0006495713874143343,-1.62062380447417,0.9999847412109375,-8.387175238291859e-05,0.0
9659,1566,-83.89566,-263.53433,-0.011429099,-1.559611,-30.72876,-1.039505e-06,30.768312454223633,0.0002520890356313068,-0.0006490945411390745,-1.6205351212098704,0.9999847412109375,-0.000519025042577943,0.0
9660,1567,-83.97357,-265.0735,-0.011428909,-1.5556511,-30.826365,9.059906e-08,30.86559295654297,0.00022476500934895193,-0.0006486176948638147,-1.6204276626598857,0.9999847412109375,-0.0010963483162710395,0.0
9661,1568,-84.0513,-266.61752,-0.011428642,-1.5503697,-30.92388,-1.1491775e-06,30.962718963623047,0.0002068770159882595,-0.0006480216695290307,-1.620244304018834,0.9999847412109375,-0.00134314871998638,0.0
9662,1569,-84.12878,-268.16638,-0.011428451,-1.5447307,-31.02126,-1.8215179e-06,31.059696197509766,0.00019588976975392348,-0.0006476640023132951,-1.6199578810435957,0.9999847412109375,-0.001491863825186707,0.0
9663,1570,-84.20602,-269.72006,-0.011428222,-1.5384872,-31.118515,-1.4400482e-06,31.156522750854492,0.00018972160323772806,-0.0006471872210566166,-1.6195686600502808,0.9999847412109375,-0.00151203447618155,0.0
9664,1570,-84.28294,-271.27866,-0.011428032,-1.5316168,-31.215649,-3.1614302e-06,31.25320053100586,0.00018735624350465165,-0.0006465911307032512,-1.6190918210571021,0.9999847412109375,-0.00151203447618155,0.0
9665,1571,-84.35955,-272.84213,-0.0114279175,-1.5237865,-31.312674,-1.0204315e-06,31.349727630615234,0.0001885740902963509,-0.0006461142844279915,-1.6185446746111454,0.9999847412109375,-0.00151203447618155,0.0
9666,1572,-84.43574,-274.4104,-0.01142765,-1.5147711,-31.409594,-1.5163421e-06,31.44609832763672,0.00019346208971067027,-0.000645637503171313,-1.617944797575605,0.9999847412109375,-0.00151203447618155,0.0
9667,1573,-84.51146,-275.98352,-0.0114274975,-1.50448,-31.506418,-2.002716e-06,31.542320251464844,0.00020169773332971269,-0.0006451606568960532,-1.6173028425948413,0.9999847412109375,-0.00151203447618155,0.0
9668,1574,-84.586655,-277.5615,-0.011427345,-1.4929097,-31.60314,-9.155273e-07,31.638381958007812,0.00021268377672029463,-0.0006446838106207934,-1.6166279975746152,0.9999847412109375,-0.00151203447618155,0.0
9669,1574,-84.66125,-279.14432,-0.011427117,-1.4801074,-31.699762,-1.5544891e-06,31.734298706054688,0.00022565150519569718,-0.0006442069643455336,-1.6159271867337608,0.9999847412109375,-0.00151203447618155,0.0
9670,1575,-84.73516,-280.73193,-0.011426926,-1.4661522,-31.796268,-2.6798248e-06,31.830053329467773,0.00023991575294617294,-0.0006438493621483794,-1.6152061358686218,0.9999847412109375,-0.00151203447618155,0.0
9671,1576,-84.808365,-282.3244,-0.011426697,-1.4511365,-31.892662,-1.7642974e-06,31.9256591796875,0.00025480317128912585,-0.000643253271795014,-1.614469505511106,0.9999847412109375,-0.00151203447618155,0.0
9672,1577,-84.8808,-283.92163,-0.01142662,-1.4351584,-31.988937,-4.2915343e-07,32.021114349365234,0.0002697903443904394,-0.0006427764255197542,-1.6137198256642487,0.9999847412109375,-0.00151203447618155,0.0
9673,1577,-84.95241,-285.5237,-0.011426353,-1.4183122,-32.085087,-2.222061e-06,32.116416931152344,0.0002844995305474016,-0.0006424188233226,-1.6129604252794125,0.9999847412109375,-0.00151203447618155,0.0
9674,1578,-85.02316,-287.13058,-0.011426163,-1.4006884,-32.181103,-1.6164779e-06,32.211570739746094,0.0002985804096439639,-0.0006419419770473402,-1.6121921033049247,0.9999847412109375,-0.00151203447618155,0.0
9675,1579,-85.093025,-288.74228,-0.011425934,-1.382368,-32.27698,-2.3460389e-06,32.30656814575195,0.0003118565537597666,-0.0006414651307720805,-1.6114173897438206,0.9999847412109375,-0.00151203447618155,0.0
9676,1580,-85.16195,-290.35876,-0.011425857,-1.3634229,-32.37272,-6.1035155e-07,32.40141677856445,0.00032421681363007613,-0.0006411075285749263,-1.6106376161766456,0.9999847412109375,-0.00151203447618155,0.0
9677,1581,-85.229904,-291.98,-0.0114256665,-1.3439183,-32.468315,-2.9611588e-06,32.496116638183594,0.00033562227563398395,-0.0006405115032401421,-1.6098526494453447,0.9999847412109375,-0.00151203447618155,0.0
9678,1582,-85.29688,-293.60602,-0.011425437,-1.3239098,-32.563763,-1.7738342e-06,32.59066390991211,0.00034603464382710394,-0.0006400346569648824,-1.6090634216562996,0.9999847412109375,-0.00151203447618155,0.0
9679,1582,-85.36286,-295.23685,-0.011425209,-1.3034452,-32.659058,-3.285408e-06,32.68505859375,0.0003555011542087511,-0.0006395578106896225,-1.6082716638642192,0.9999847412109375,-0.00151203447618155,0.0
9680,1583,-85.42778,-296.8724,-0.0114250565,-1.2825668,-32.754204,-2.2745132e-06,32.77930450439453,0.0003640728788745371,-0.0006390809644143628,-1.607476310804667,0.9999847412109375,-0.00151203447618155,0.0
9681,1584,-85.49166,-298.5127,-0.01142498,-1.2613091,-32.84919,-8.34465e-07,32.87339401245117,0.00037181018757719985,-0.000638604118139103,-1.6066786940581883,0.9999847412109375,-0.0008480602974750071,0.0
9682,1585,-85.55453,-300.15778,-0.011424751,-1.2424076,-32.943947,-1.1062622e-06,32.96736526489258,0.0003732039909045443,-0.0006382465159419488,-1.6059220899924966,0.9999847412109375,0.0,0.0
9683,1586,-85.616486,-301.80756,-0.011424484,-1.2266088,-33.03844,-2.9087067e-07,33.06120300292969,0.0003644739785025815,-0.000637769669666689,-1.6052879913369489,0.9999847412109375,0.0,0.0
9684,1586,-85.6776,-303.4621,-0.011424407,-1.2108629,-33.132774,-1.3160706e-06,33.15489196777344,0.000352379287027595,-0.0006372928233914292,-1.6047917112678125,0.9999847412109375,0.0,0.0
9685,1587,-85.7379,-305.1213,-0.011424217,-1.1959649,-33.22692,-1.3303757e-06,33.248435974121094,0.0003398503364481006,-0.000636935221194275,-1.604402889748661,0.9999847412109375,0.0,0.0
9686,1588,-85.79744,-306.78522,-0.011423988,-1.1823678,-33.32087,-1.7976761e-06,33.34184265136719,0.00032592296622198944,-0.0006364583749190152,-1.604097957803847,0.9999847412109375,0.0,0.0
9687,1589,-85.85632,-308.45383,-0.01142395,-1.1702981,-33.41461,-1.1444091e-06,33.43510055541992,0.00030978736991916047,-0.0006361007077032797,-1.6038597380443393,0.9999847412109375,0.0,0.0
9688,1590,-85.91463,-310.12717,-0.011423645,-1.1598287,-33.50816,-2.2029876e-06,33.52822494506836,0.0002914137365200873,-0.0006355046823684956,-1.6036719851874888,0.9999847412109375,0.0,0.0
9689,1591,-85.97243,-311.8051,-0.011423377,-1.1509391,-33.601498,-2.1028518e-06,33.6212043762207,0.0002711848141582422,-0.0006351470801713414,-1.6035253781694798,0.9999847412109375,0.0,0.0
9690,1591,-86.02982,-313.48776,-0.011423302,-1.1435467,-33.694637,-2.3269654e-06,33.71403884887695,0.00024976206937048846,-0.0006346702338960816,-1.6034111285587156,0.9999847412109375,0.0,0.0
9691,1592,-86.08688,-315.17505,-0.011423073,-1.1375335,-33.787586,-8.916855e-07,33.80672836303711,0.00022777000563021995,-0.0006341933876208219,-1.6033204479235983,0.9999847412109375,0.0,0.0
9692,1593,-86.143654,-316.86697,-0.011422958,-1.1327689,-33.88034,-8.2969666e-07,33.89927291870117,0.00020584895843537716,-0.0006338357854236676,-1.603249341522493,0.9999847412109375,0.0,0.0
9693,1594,-86.200226,-318.56354,-0.011422729,-1.1291163,-33.972916,-2.684593e-06,33.991676330566406,0.00018450090374289268,-0.0006332396950703023,-1.603194347245983,0.9999847412109375,0.0,0.0
9694,1595,-86.25663,-320.2647,-0.011422576,-1.1264412,-34.065304,-6.198883e-07,34.08392333984375,0.0001641318500836991,-0.0006328820928731481,-1.6031504050879968,0.9999847412109375,0.0,0.0
9695,1596,-86.31293,-321.97052,-0.011422424,-1.1246189,-34.15752,-5.340576e-07,34.176029205322266,0.00014504010270880433,-0.0006324052465978882,-1.6031159171518803,0.9999847412109375,0.0,0.0
9696,1597,-86.36914,-323.68094,-0.011422119,-1.1235335,-34.249565,-1.7881393e-06,34.26799011230469,0.000127394766820849,-0.0006319284003226285,-1.6030894186990339,0.9999847412109375,0.0,0.0
9697,1597,-86.4253,-325.39594,-0.011421928,-1.1230814,-34.341446,-1.7786026e-06,34.359806060791016,0.00011127245869057337,-0.0006315707981254743,-1.6030683797264222,0.9999847412109375,0.0,0.0
9698,1598,-86.48146,-327.1155,-0.011421737,-1.1231698,-34.43316,-2.0360947e-06,34.451473236083984,9.670243667956281e-05,-0.0006310939518502144,-1.6030513354954459,0.9999847412109375,0.0,0.0
9699,1599,-86.53763,-328.83972,-0.011421623,-1.123717,-34.524708,-2.5510788e-06,34.542991638183594,8.366231814120452e-05,-0.0006306171055749547,-1.6030385523222135,0.9999847412109375,0.0,0.0
9700,1600,-86.59386,-330.5685,-0.011421432,-1.1246529,-34.616096,-1.8453597e-06,34.634361267089844,7.208673501932324e-05,-0.0006301402592996948,-1.6030288317842347,0.9999847412109375,0.0,0.0
9701,1601,-86.650116,-332.30182,-0.011421356,-1.1259162,-34.70733,-1.1396407e-06,34.7255859375,6.184582488875469e-05,-0.0006296634130244351,-1.6030209754590188,0.9999847412109375,0.0,0.0
9702,1602,-86.706474,-334.03973,-0.011421127,-1.1274539,-34.798405,-1.4734268e-06,34.8166618347168,5.2889759134254516e-05,-0.0006294249898868052,-1.6030141843982393,0.9999847412109375,0.0,0.0
9703,1603,-86.7629,-335.78217,-0.011421013,-1.129222,-34.889328,-1.6736984e-06,34.907596588134766,4.5103491439872336e-05,-0.000628828964552021,-1.6030096570243861,0.9999847412109375,2.456713845238001e-07,0.0
9704,1604,-86.81942,-337.52908,-0.011420745,-1.1311817,-34.980095,-1.3971328e-06,34.99837875366211,3.8327945719133174e-05,-0.0006283521182767613,-1.6030060617569144,0.9999847412109375,0.00011343769182303724,0.0
9705,1604,-86.876045,-339.2806,-0.0114205545,-1.1337672,-35.070698,-1.7166137e-06,35.089019775390625,3.153575117791968e-05,-0.0006279945160796071,-1.603010455972713,0.9999847412109375,0.0008966130688399695,0.0
9706,1605,-86.93287,-341.03662,-0.0114203645,-1.1396999,-35.16104,-1.6498566e-06,35.179508209228516,1.854077178962944e-05,-0.0006275176698043474,-1.6030798313191097,0.9999847412109375,0.0029541157860465943,0.0
9707,1606,-86.99014,-342.79718,-0.011420326,-1.1542605,-35.25093,-1.1825562e-06,35.26982498168945,-1.38484488434807e-05,-0.0006271600676071932,-1.6033778390450895,0.9999847412109375,0.005178321922959349,0.0
9708,1607,-87.04823,-344.5622,-0.011420021,-1.1786575,-35.340275,-1.6641617e-06,35.35992431640625,-7.19053575594621e-05,-0.0006265639772538278,-1.6041102083448613,0.9999847412109375,0.005866565257612686,0.0
9709,1608,-87.10746,-346.33167,-0.011419868,-1.2082585,-35.429256,-2.4700164e-06,35.449851989746094,-0.00014327806664626302,-0.0006260871309785679,-1.6053452493003855,0.9999847412109375,0.0,0.0
9710,1609,-87.167595,-348.10562,-0.011419639,-1.2186097,-35.518867,-2.207756e-06,35.539764404296875,-0.00016937706158368486,-0.0006256103497218894,-1.606623699781678,0.9999847412109375,0.0,0.0
9711,1610,-87.22856,-349.88406,-0.011419524,-1.2354153,-35.60808,-1.2016296e-06,35.62950897216797,-0.00017789917707193844,-0.000625252682506154,-1.6076423588986335,0.9999847412109375,0.0,0.0
9712,1611,-87.29058,-351.66693,-0.011419258,-1.2558446,-35.696995,-1.0967254e-06,35.719078063964844,-0.00019494340804844556,-0.0006248950803089998,-1.6084540903988895,0.9999847412109375,0.0,0.0
9713,1611,-87.35371,-353.45422,-0.01141922,-1.2779759,-35.78568,-9.63211e-07,35.80849075317383,-0.00021731396120511115,-0.0006244182340337399,-1.6091015048598878,0.9999847412109375,0.0,0.0
9714,1612,-87.418015,-355.24597,-0.011419029,-1.300511,-35.874203,-2.222061e-06,35.89776611328125,-0.0002380866014530839,-0.0006240605668180045,-1.6096170928469271,0.9999847412109375,0.0,0.0
9715,1613,-87.48348,-357.0421,-0.0114188,-1.3225976,-35.96258,-9.918213e-07,35.98689270019531,-0.0002540655354842687,-0.000623583785561326,-1.6100289507095078,0.9999847412109375,0.0,0.0
9716,1614,-87.55008,-358.84265,-0.011418685,-1.3436989,-36.050854,-2.2697448e-06,36.07588577270508,-0.0002641855801358604,-0.0006232261183455904,-1.6103567858396965,0.9999847412109375,0.0,0.0
9717,1615,-87.61769,-360.64764,-0.0114185335,-1.3635049,-36.139023,-9.202957e-07,36.16473388671875,-0.0002668486924620037,-0.0006227492720703307,-1.610618441416797,0.9999847412109375,0.0,0.0
9718,1616,-87.686295,-362.45706,-0.011418343,-1.381862,-36.2271,-1.5687942e-06,36.25344467163086,-0.00026365293166319924,-0.0006222724257950709,-1.610826700614041,0.9999847412109375,0.0,0.0
9719,1617,-87.75578,-364.2708,-0.011418228,-1.398726,-36.31509,-2.3555756e-06,36.342018127441406,-0.0002556635134115428,-0.0006219148235979167,-1.6109930150241165,0.9999847412109375,0.0,0.0
9720,1618,-87.826096,-366.089,-0.011417961,-1.4141241,-36.40299,-1.7642974e-06,36.43044662475586,-0.00024341290737859704,-0.0006216764004602868,-1.6111253741302936,0.9999847412109375,0.0,0.0
9721,1619,-87.89715,-367.91156,-0.011417808,-1.4281273,-36.4908,-1.4352798e-06,36.518733978271484,-0.0002284992540380893,-0.0006210803751255027,-1.6112319005738966,0.9999847412109375,0.0,0.0
9722,1620,-87.968864,-369.7385,-0.011417617,-1.4408346,-36.578514,-2.8276443e-06,36.60688018798828,-0.00021198760651566204,-0.000620603528850243,-1.6113153906740707,0.9999847412109375,0.0,0.0
9723,1621,-88.0412,-371.56982,-0.0114175035,-1.4523578,-36.666126,-1.3303757e-06,36.69487762451172,-0.00019441075957578438,-0.0006201266825749831,-1.611383168123813,0.9999847412109375,0.0,0.0
9724,1621,-88.11407,-373.40555,-0.011417313,-1.4628146,-36.75364,-1.4209747e-06,36.782737731933594,-0.0001768339451451974,-0.0006197690803778289,-1.6114364313456149,0.9999847412109375,0.0,0.0
9725,1622,-88.18743,-375.24567,-0.011417198,-1.4723213,-36.841045,-1.1539458e-06,36.870452880859375,-0.00015925700067744779,-0.0006194114131620935,-1.611478775606947,0.9999847412109375,0.0,0.0
9726,1623,-88.26127,-377.09012,-0.011417045,-1.4809877,-36.928337,-4.9114226e-07,36.95802307128906,-0.00014274543442824718,-0.0006189345668868336,-1.6115129972269546,0.9999847412109375,0.0,0.0
9727,1624,-88.335526,-378.93893,-0.011416854,-1.4889169,-37.01551,-3.0517577e-07,37.04544448852539,-0.0001267664109965131,-0.0006184577856301551,-1.6115402946281279,0.9999847412109375,0.0,0.0
9728,1625,-88.410164,-380.7921,-0.011416588,-1.4962034,-37.102566,-1.8501281e-06,37.132720947265625,-0.00011185275765600534,-0.0006179809393548954,-1.6115623988651755,0.9999847412109375,0.0,0.0
9729,1626,-88.48514,-382.6496,-0.011416512,-1.5029325,-37.189503,-1.6784668e-06,37.2198600769043,-9.853696033293181e-05,-0.0006177425162172654,-1.6115793099380975,0.9999847412109375,0.0,0.0
9730,1627,-88.56044,-384.51144,-0.0114162825,-1.5091792,-37.27631,-1.039505e-06,37.306846618652344,-8.6286403063922e-05,-0.0006171464258639001,-1.6115935578499294,0.9999847412109375,0.0,0.0
9731,1628,-88.636055,-386.3776,-0.011416168,-1.51501,-37.362988,-8.916855e-07,37.39369201660156,-7.510110210362121e-05,-0.0006167888236667459,-1.6116040773362352,0.9999847412109375,0.0,0.0
9732,1629,-88.71195,-388.24817,-0.011415901,-1.520484,-37.44954,-1.3208389e-06,37.48039245605469,-6.551375062496527e-05,-0.0006163119773914861,-1.6116131320839415,0.9999847412109375,0.0,0.0
9733,1630,-88.78812,-390.123,-0.011415824,-1.5256525,-37.535957,-1.077652e-06,37.566951751708984,-5.6459023237002515e-05,-0.0006160735542538562,-1.6116199231447212,0.9999847412109375,0.0,0.0
9734,1631,-88.86453,-392.00217,-0.011415596,-1.5305597,-37.62224,-1.8072128e-06,37.653358459472656,-4.8469523712119474e-05,-0.0006154775289190721,-1.6116251163088469,0.9999847412109375,0.0,0.0
9735,1632,-88.94118,-393.88565,-0.011415443,-1.5352442,-37.708385,-2.069473e-06,37.7396240234375,-4.207794522325196e-05,-0.0006151199267219179,-1.6116300431568635,0.9999847412109375,0.0,0.0
9736,1633,-89.01807,-395.77344,-0.011415176,-1.5397373,-37.794395,-3.8051605e-06,37.825748443603516,-3.621899488873897e-05,-0.0006146430804466581,-1.6116331057921172,0.9999847412109375,0.0,0.0
9737,1634,-89.09516,-397.6655,-0.011415138,-1.5440708,-37.880272,-3.3044814e-06,37.91172790527344,-3.089264426295118e-05,-0.0006144046573090282,-1.6116361684273708,0.9999847412109375,0.0,0.0
9738,1635,-89.172485,-399.56186,-0.011414947,-1.5482655,-37.966,-2.3603438e-06,37.997554779052734,-2.609900916023652e-05,-0.0006138085669556628,-1.6116378994820793,0.9999847412109375,0.0,0.0
9739,1636,-89.250015,-401.46252,-0.011414794,-1.5523411,-38.051594,-1.8405914e-06,38.08324432373047,-2.2370545029342938e-05,-0.0006134509647585086,-1.6116394973787334,0.9999847412109375,0.0,0.0
9740,1636,-89.32774,-403.36746,-0.011414528,-1.5563182,-38.137047,-1.5687942e-06,38.16878890991211,-1.9174741562094523e-05,-0.0006129741184832488,-1.611641494749551,0.9999847412109375,0.0,0.0
9741,1637,-89.405655,-405.27664,-0.011414413,-1.5602145,-38.22236,-1.940727e-06,38.254188537597656,-1.5978966540475428e-05,-0.000612735695345619,-1.611642826330096,0.9999847412109375,0.0,0.0
9742,1638,-89.483765,-407.1901,-0.011414299,-1.5640422,-38.307526,-2.3794173e-06,38.33944320678711,-1.38484488434807e-05,-0.0006121396700108348,-1.611643891594532,0.9999847412109375,0.0,0.0
9743,1639,-89.56208,-409.10785,-0.011414108,-1.5678036,-38.39255,-2.3412704e-06,38.4245491027832,-1.1717901684941319e-05,-0.0006117820678136806,-1.611643891594532,0.9999847412109375,0.0,0.0
9744,1640,-89.640564,-411.02985,-0.011413955,-1.571508,-38.47744,-3.1423567e-06,38.509517669677734,-9.587385003861921e-06,-0.0006114244005979452,-1.611643891594532,0.9999847412109375,0.0,0.0
9745,1641,-89.71924,-412.95605,-0.011413802,-1.5751646,-38.562183,-3.0851363e-06,38.59434127807617,-9.587385003861921e-06,-0.0006114244005979452,-1.611643891594532,0.9999847412109375,0.0,0.0
9746,1642,-89.798096,-414.88647,-0.011413689,-1.5787811,-38.646786,-2.7942656e-06,38.679019927978516,-6.924180737381038e-06,-0.0006105899521255311,-1.611643891594532,0.9999847412109375,0.0,0.0
9747,1643,-89.87714,-416.82114,-0.011413498,-1.5823632,-38.731243,-2.8276443e-06,38.763553619384766,-6.924180737381038e-06,-0.0006105899521255311,-1.611643891594532,0.9999847412109375,0.0,0.0
9748,1644,-89.95635,-418.75998,-0.011413307,-1.5859163,-38.81556,-2.5129318e-06,38.84794616699219,-4.7936925019309605e-06,-0.0006097555036531172,-1.611643891594532,0.9999847412109375,0.0,0.0
9749,1645,-90.03575,-420.70312,-0.011413154,-1.5894448,-38.89974,-2.2411346e-06,38.93219757080078,-4.7936925019309605e-06,-0.0006097555036531172,-1.611643891594532,0.9999847412109375,0.0,0.0
9750,1646,-90.11532,-422.65042,-0.011413001,-1.5929514,-38.983772,-3.5572052e-06,39.01630401611328,-4.7936925019309605e-06,-0.0006097555036531172,-1.611643891594532,0.9999847412109375,0.0,0.0
9751,1647,-90.19505,-424.6019,-0.011412849,-1.5964396,-39.067657,-4.172325e-06,39.10026168823242,-2.6631463593069123e-06,-0.0006085633879649677,-1.611643891594532,0.9999847412109375,0.0,0.0
9752,1648,-90.27498,-426.55756,-0.011412735,-1.5999115,-39.15141,-3.4427642e-06,39.184085845947266,-2.6631463593069123e-06,-0.0006085633879649677,-1.611643891594532,0.9999847412109375,-0.0009569065460704688,0.0
9753,1649,-90.35498,-428.5175,-0.011412506,-1.5993924,-39.23517,-9.4890595e-07,39.26775360107422,6.202434356286926e-06,-0.0006077289394925537,-1.6115793099380975,0.9999847412109375,-0.00391802379256129,0.0
9754,1650,-90.434746,-430.48157,-0.011412353,-1.5864826,-39.319237,-1.9979477e-06,39.35123062133789,4.36753095376651e-05,-0.0006072520932172939,-1.611212725814048,0.9999847412109375,-0.005327423159885542,0.0
9755,1651,-90.51383,-432.44977,-0.011412086,-1.5667279,-39.403374,-1.46389e-06,39.43450927734375,0.00010469071710604646,-0.0006067752469420341,-1.610354255836661,0.9999847412109375,-0.005519290400621906,0.0
9756,1652,-90.59208,-434.4222,-0.011411971,-1.5427046,-39.48751,-4.038811e-06,39.517635345458984,0.0001737217819873004,-0.0006062984006667743,-1.6090097589603345,0.9999847412109375,-0.0005912553474170827,0.0
9757,1653,-90.66957,-436.3989,-0.011411858,-1.533244,-39.57104,-2.503395e-06,39.60073471069336,0.00020542385069618745,-0.0006060599775291445,-1.6075925577862489,0.9999847412109375,-3.321251067540812e-07,0.0
9758,1654,-90.74637,-438.37976,-0.011411705,-1.519317,-39.654568,-1.2350082e-06,39.68366241455078,0.00022049956285058735,-0.0006055831312538846,-1.6064078505753272,0.9999847412109375,0.0,0.0
9759,1655,-90.822205,-440.3647,-0.011411552,-1.5009278,-39.738087,-1.540184e-06,39.766422271728516,0.00024269929593953053,-0.0006052255290567304,-1.6054419220479554,0.9999847412109375,0.0,0.0
9760,1656,-90.89698,-442.35394,-0.011411438,-1.4801886,-39.821526,-6.2465665e-07,39.84902572631836,0.0002707448821825159,-0.0006049871059191005,-1.604655490578055,0.9999847412109375,0.0,0.0
9761,1657,-90.970665,-444.3473,-0.011411323,-1.4585876,-39.904835,-1.2969971e-06,39.93148422241211,0.0002983490410224051,-0.0006045102596438408,-1.6040140682295094,0.9999847412109375,0.0,0.0
9762,1658,-91.0432,-446.34476,-0.011411094,-1.4371562,-39.987984,-2.8419495e-06,40.01380157470703,0.00032094631397206646,-0.0006041526574466866,-1.6034923549719629,0.9999847412109375,0.0,0.0
9763,1659,-91.114655,-448.34653,-0.011410904,-1.4165862,-40.07095,-2.4604797e-06,40.09598159790039,0.0003362858877840302,-0.0006037949902309511,-1.6030666486717138,0.9999847412109375,0.0,0.0
9764,1660,-91.18507,-450.3523,-0.01141079,-1.397319,-40.15373,-2.799034e-06,40.178035736083984,0.0003437499884080671,-0.0006034373880337969,-1.6027207040461124,0.9999847412109375,0.0,0.0
9765,1661,-91.254555,-452.36224,-0.011410599,-1.3796105,-40.236313,-2.3794173e-06,40.25995635986328,0.0003438041813955813,-0.000602960541758537,-1.602438675286673,0.9999847412109375,0.0,0.0
9766,1662,-91.323204,-454.37634,-0.011410484,-1.3635882,-40.318687,-2.4604797e-06,40.341739654541016,0.0003374054102261574,-0.0006027221186209071,-1.6022097765909808,0.9999847412109375,0.0,0.0
9767,1663,-91.39106,-456.39453,-0.011410331,-1.349284,-40.40086,-1.9121169e-06,40.42338562011719,0.0003257896131117416,-0.0006022452723456474,-1.6020237547888387,0.9999847412109375,0.0,0.0
9768,1664,-91.45824,-458.41687,-0.01141014,-1.3366668,-40.48285,-1.3256073e-06,40.50490951538086,0.0003102108359391723,-0.0006017684910889689,-1.6018716882905952,0.9999847412109375,0.0,0.0
9769,1665,-91.52482,-460.44324,-0.011410026,-1.3256623,-40.564636,-1.6880035e-06,40.5862922668457,0.0002917959807595545,-0.0006014108238732334,-1.6017489165643426,0.9999847412109375,0.0,0.0
9770,1666,-91.59089,-462.4737,-0.011409836,-1.3161675,-40.64623,-3.2424925e-06,40.66753387451172,0.00027160904414658436,-0.0006010532216760792,-1.6016487817073555,0.9999847412109375,0.0,0.0
9771,1667,-91.65651,-464.50827,-0.0114097595,-1.3080676,-40.727642,-1.0919571e-06,40.74864196777344,0.0002504920817466881,-0.0006006955544603437,-1.6015671558199447,0.9999847412109375,0.0,0.0
9772,1668,-91.72176,-466.54678,-0.011409492,-1.3012407,-40.80887,-2.0647049e-06,40.82960891723633,0.00022916250858593838,-0.0006002187081850839,-1.6015008431088016,0.9999847412109375,0.0,0.0
9773,1669,-91.7867,-468.58957,-0.011409378,-1.2955632,-40.88992,-8.0585477e-07,40.910438537597656,0.00020816831752218327,-0.0005999803500660354,-1.6014471804128365,0.9999847412109375,0.0,0.0
9774,1670,-91.85137,-470.63623,-0.011409225,-1.290916,-40.970795,-1.3017655e-06,40.991127014160156,0.000187887152730263,-0.0005995035037907755,-1.6014032382548502,0.9999847412109375,0.0,0.0
9775,1671,-91.91584,-472.68695,-0.01140911,-1.2871864,-41.051502,-4.529953e-07,41.071678161621094,0.00016862965673698728,-0.0005990266575155158,-1.6013679513704067,0.9999847412109375,0.0,0.0
9776,1672,-91.98014,-474.74182,-0.01140892,-1.2842692,-41.132042,-1.4781951e-06,41.15208435058594,0.0001505920068567858,-0.0005989074134374102,-1.6013395887047974,0.9999847412109375,0.0,0.0
9777,1673,-92.044304,-476.80063,-0.011408768,-1.2820683,-41.21242,-1.9025803e-06,41.232357025146484,0.0001338748193442215,-0.000598311388102626,-1.6013164192033136,0.9199847412109375,0.0,0.0
9778,1674,-92.10838,-478.8633,-0.011408157,-1.280414,-41.290066,-8.2015987e-07,41.309913635253906,0.00011852425739201796,-0.0005967616702173224,-1.6012975107595742,0.8399847412109376,0.0,0.0
9779,1675,-92.17236,-480.92975,-0.011404571,-1.2790239,-41.35845,-3.6811828e-06,41.37822341918945,0.00010457618687508516,-0.0005882978113779143,-1.6012825970574696,0.7599847412109376,0.0,0.0
9780,1676,-92.23629,-482.9992,-0.011395531,-1.2776893,-41.413036,-6.67572e-07,41.4327392578125,9.196326479784087e-05,-0.0005667209400431871,-1.6012704796745099,0.6799847412109377,0.0,0.0
9781,1677,-92.300156,-485.071,-0.0113799665,-1.2762667,-41.45102,-1.1634827e-06,41.470664978027344,8.065473737132981e-05,-0.0005300044595432867,-1.6012614249268036,0.5999847412109377,0.0,0.0
9782,1678,-92.36393,-487.14417,-0.011357803,-1.2746552,-41.47079,1.04904174e-07,41.49037551879883,7.053479837493266e-05,-0.00047707556328675045,-1.6012545007079693,0.5199847412109377,0.0,0.0
9783,1679,-92.42761,-489.2178,-0.011329651,-1.272785,-41.47149,2.8657912e-06,41.49101638793945,6.149422878304816e-05,-0.00040996071790626987,-1.6012494407018982,0.4399847412109377,0.0,0.0
9784,1680,-92.491196,-491.2909,-0.011296272,-1.2706094,-41.45285,5.698204e-06,41.472320556640625,5.3487690326202985e-05,-0.00033104418728743465,-1.601245978592481,0.3599847412109377,0.0,0.0
9785,1681,-92.554665,-493.36252,-0.011258926,-1.268105,-41.415005,3.2901762e-06,41.43441390991211,4.6332708355976566e-05,-0.00024271010527867178,-1.6012446470119361,0.2799847412109377,0.0,0.0
9786,1683,-92.618,-495.43182,-0.011218719,-1.2652466,-41.35831,4.3582913e-06,41.37765884399414,3.9994534504324966e-05,-0.00014781951702224933,-1.6012426496411185,0.19998474121093768,0.0,0.0
9787,1684,-92.68116,-497.49762,-0.0111767575,-1.2620095,-41.283203,4.8065185e-06,41.302486419677734,3.4376949398245734e-05,-4.85181779292391e-05,-1.6012418506927915,0.11998474121093768,0.0,0.0
9788,1685,-92.744156,-499.55923,-0.011133613,-1.2583853,-41.190147,3.1518935e-06,41.20936584472656,2.947696218299902e-05,5.328655128128774e-05,-1.6012418506927915,0.039984741210937674,0.0,0.0
9789,1686,-92.80696,-501.61578,-0.011090011,-1.2543634,-41.079662,4.043579e-06,41.09880828857422,2.516706938882337e-05,0.00015604495272402753,-1.6012418506927915,0.0,0.0,0.0
9790,1687,-92.86956,-503.66632,-0.011046676,-1.2499652,-40.9532,5.3501126e-06,40.97227096557617,2.142383994448252e-05,0.0002583265119551688,-1.6012418506927915,0.0,0.0,0.0
9791,1688,-92.93194,-505.71017,-0.011005058,-1.2453077,-40.81523,4.9638747e-06,40.834224700927734,1.8192121838388094e-05,0.000356197340668029,-1.601241983850846,0.0,0.0,0.0
9792,1689,-92.99407,-507.74698,-0.010967446,-1.2405182,-40.670456,5.3596495e-06,40.689369201660156,1.542898959998227e-05,0.0004446506342456068,-1.601241983850846,0.0,0.0,0.0
9793,1690,-93.05596,-509.77643,-0.010935172,-1.2356739,-40.521816,6.1845776e-06,40.540653228759766,1.3039826970657775e-05,0.0005214213891350637,-1.601242516483064,0.0,0.0,0.0
9794,1691,-93.11761,-511.7983,-0.010908622,-1.2308191,-40.371113,5.993843e-06,40.389869689941406,1.1013531011742169e-05,0.0005832909905062678,-1.601242516483064,0.0,0.0,0.0
9795,1692,-93.17901,-513.81274,-0.010887374,-1.2259785,-40.219406,4.196167e-06,40.23808670043945,9.302022514194205e-06,0.0006321668234602584,-1.601242250166955,0.0,0.0,0.0
9796,1693,-93.240166,-515.81946,-0.010871086,-1.2211641,-40.067356,3.9625165e-06,40.085960388183594,7.852593250758623e-06,0.0006705522334142774,-1.601242250166955,0.0,0.0,0.0
9797,1694,-93.301094,-517.8187,-0.010858764,-1.2163813,-39.915348,5.2690507e-06,39.933876037597656,6.599498260671686e-06,0.0006994008479002632,-1.601242250166955,0.0,0.0,0.0
9798,1695,-93.361786,-519.8103,-0.010849571,-1.2116327,-39.76361,3.0183792e-06,39.782066345214844,5.559734823366883e-06,0.0007207392960973605,-1.601242250166955,0.0,0.0,0.0
9799,1696,-93.42223,-521.79425,-0.0108429715,-1.2069181,-39.612297,3.5953522e-06,39.630680084228516,4.662609454494293e-06,0.000736117295890873,-1.601242250166955,0.0,0.0,0.0
9800,1697,-93.48246,-523.77075,-0.0108382795,-1.2022364,-39.46148,3.1232832e-06,39.47978973388672,3.903406783036611e-06,0.0007467269629689501,-1.601242250166955,0.0,0.0,0.0
9801,1698,-93.54244,-525.7397,-0.010835075,-1.1975863,-39.31121,3.4713744e-06,39.32944869995117,3.2692630350707815e-06,0.0007536411039230545,-1.601242250166955,0.0,0.0,0.0
9802,1699,-93.602196,-527.7012,-0.010833016,-1.1929662,-39.161522,3.7384032e-06,39.1796875,2.7329958719940883e-06,0.0007585286807165955,-1.601242250166955,0.0,0.0,0.0
9803,1700,-93.66172,-529.6551,-0.0108317565,-1.1883744,-39.012417,3.633499e-06,39.030513763427734,2.2939934587973373e-06,0.000761151270211943,-1.601242250166955,0.0,0.0,0.0
9804,1701,-93.721016,-531.6016,-0.010831146,-1.1838098,-38.863914,3.695488e-06,38.88193893432617,2.2939934587973373e-06,0.000761151270211943,-1.601242250166955,0.0,0.0,0.0
9805,1702,-93.780075,-533.5408,-0.010830994,-1.1792706,-38.71602,2.6082992e-06,38.73397445678711,2.2939934587973373e-06,0.000761151270211943,-1.601242250166955,0.0,0.0,0.0
9806,1703,-93.83891,-535.47253,-0.01083126,-1.1747559,-38.56873,2.708435e-06,38.58661651611328,2.2939934587973373e-06,0.000761151270211943,-1.601242250166955,0.0,0.0,0.0
9807,1704,-93.89753,-537.3969,-0.010831718,-1.1702646,-38.42204,2.4080275e-06,38.439857482910156,2.2939934587973373e-06,0.000761151270211943,-1.601242250166955,0.0,0.000347476548124654,0.0
9808,1705,-93.955956,-539.314,-0.010832443,-1.167205,-38.275917,2.541542e-06,38.29370880126953,-2.13051731602648e-06,0.0007596015523266393,-1.6012651533523297,0.0,0.0017118798783655996,0.0
9809,1706,-94.01434,-541.2238,-0.010833129,-1.1697139,-38.130215,2.0599364e-06,38.148155212402344,-1.757685506720031e-05,0.0007574558091065516,-1.6014138908992106,0.0,0.002169319632749714,0.0
9810,1706,-94.07282,-543.12634,-0.010834121,-1.1743785,-37.98504,1.4972686e-06,38.00318908691406,-4.2610548995638494e-05,0.0007553100008678825,-1.601764895530883,0.0,7.318697788386962e-05,0.0
9811,1707,-94.13129,-545.02167,-0.010834998,-1.1718373,-37.840687,1.4591217e-06,37.85882568359375,-5.1665333274859886e-05,0.0007530450135696891,-1.6021621060074682,0.0,0.0,0.0
9812,1708,-94.18974,-546.9097,-0.010836143,-1.1710941,-37.69688,4.529953e-07,37.715065002441406,-5.379591091085925e-05,0.0007510185144277069,-1.602489674821548,0.0,0.0,0.0
9813,1709,-94.24822,-548.7907,-0.010837059,-1.1716635,-37.553616,5.865097e-07,37.5718879699707,-5.805685893613009e-05,0.0007483958599137781,-1.602756523562774,0.0,0.0,0.0
9814,1710,-94.30674,-550.6644,-0.010838089,-1.1729493,-37.410923,-2.1362305e-06,37.42930603027344,-6.498118748919205e-05,0.0007457732704184305,-1.602974503297997,0.0,0.0,0.0
9815,1711,-94.36536,-552.53107,-0.010839233,-1.1745296,-37.268806,-2.222061e-06,37.28731155395508,-7.24379979048006e-05,0.0007430314368449774,-1.6031524024588144,0.0,0.0,0.0
9816,1712,-94.42408,-554.3906,-0.010840301,-1.1761129,-37.127274,-2.3317336e-06,37.145896911621094,-7.882954388437746e-05,0.0007408856936248896,-1.6032988763187686,0.0,0.0,0.0
9817,1713,-94.48288,-556.2431,-0.010841561,-1.1775059,-36.986324,-1.9216536e-06,37.005062103271484,-8.362329886510139e-05,0.0007382631041295421,-1.6034196506742038,0.0,0.0,0.0
9818,1714,-94.541725,-558.0885,-0.0108425515,-1.1785815,-36.845963,-2.861023e-06,36.86480712890625,-8.628641931856732e-05,0.0007350444242808291,-1.6035187202667547,0.0,0.0,0.0
9819,1715,-94.60066,-559.92694,-0.010843849,-1.1792665,-36.706192,-2.3126602e-06,36.725128173828125,-8.681907591855116e-05,0.0007328986810607413,-1.6036003461541657,0.0,0.0,0.0
9820,1716,-94.659615,-561.7584,-0.010844993,-1.1795237,-36.567,-2.4938583e-06,36.586021423339844,-8.575379522787413e-05,0.0007302760915653938,-1.6036686562361262,0.0,0.0,0.0
9821,1717,-94.71858,-563.58295,-0.0108461,-1.1793436,-36.428394,-2.8419495e-06,36.447479248046875,-8.30906097558269e-05,0.0007275342579919406,-1.603724316302909,0.0,0.0,0.0
9822,1718,-94.77755,-565.4006,-0.010847244,-1.1787322,-36.29037,-3.8337707e-06,36.30950927734375,-7.936223299365195e-05,0.000724911668496593,-1.6037705221478218,0.0,0.0,0.0
9823,1719,-94.83641,-567.2113,-0.010848388,-1.1777091,-36.152927,-4.2438506e-07,36.17210388183594,-7.510113461291185e-05,0.0007222890139826642,-1.603809137983628,0.0,0.0,0.0
9824,1720,-94.89525,-569.0152,-0.010849456,-1.1763005,-36.01606,-4.0245054e-06,36.03526306152344,-6.977481243275338e-05,0.0007196664244873166,-1.6038414953908724,0.0,0.0,0.0
9825,1720,-94.95401,-570.8123,-0.010850601,-1.1745365,-35.879757,-1.0490418e-06,35.89897537231445,-6.444846587062691e-05,0.0007169246559324447,-1.6038681270017732,0.0,0.0,0.0
9826,1721,-95.01267,-572.60254,-0.0108517455,-1.1724511,-35.744026,-2.4747849e-06,35.763248443603516,-5.9122172136097755e-05,0.0007147788476937756,-1.6038904975549297,0.0,0.0,0.0
9827,1722,-95.07122,-574.3861,-0.010852776,-1.1700767,-35.60886,-2.8133393e-06,35.62807846069336,-5.379584995593928e-05,0.0007121562581984282,-1.6039088733664513,0.0,0.0,0.0
9828,1723,-95.12965,-576.1628,-0.010853882,-1.1674453,-35.474255,-2.9993057e-06,35.49345779418945,-4.8469556221410124e-05,0.0007089375783497152,-1.6039240533846648,0.0,0.0,0.0
9829,1724,-95.18793,-577.93286,-0.010855064,-1.1645875,-35.340202,-1.6880035e-06,35.3593864440918,-4.3143234041251647e-05,0.0007067918351296274,-1.6039371028740061,0.0,0.0,0.0
9830,1725,-95.24606,-579.69617,-0.01085617,-1.1615317,-35.2067,-2.6750563e-06,35.225852966308594,-3.8882200679092855e-05,0.0007041692456342798,-1.603947888676421,0.0,0.0,0.0
9831,1726,-95.304054,-581.4528,-0.0108572,-1.1583031,-35.073757,-2.4986266e-06,35.09288024902344,-3.408841928457027e-05,0.0007014274120608267,-1.6039566771080183,0.0,0.0,0.0
9832,1727,-95.36186,-583.2029,-0.01085823,-1.154926,-34.941353,-1.4019012e-06,34.96043395996094,-3.0360044554225978e-05,0.0006994008479002632,-1.603963734484907,0.0,0.0,0.0
9833,1728,-95.41952,-584.9463,-0.010859413,-1.1514213,-34.809498,-3.4332274e-06,34.82853698730469,-2.66316393464217e-05,0.0006966590793453913,-1.6039702592295777,0.0,0.0,0.0
9834,1728,-95.47699,-586.68317,-0.010860481,-1.1478069,-34.67818,-4.8065185e-06,34.69717025756836,-2.3435805401713304e-05,0.0006940364248314625,-1.6039753192356487,0.0,0.0,0.0
9835,1729,-95.53426,-588.41345,-0.010861588,-1.1441021,-34.547398,-2.4080275e-06,34.56633758544922,-2.024000193446489e-05,0.0006918906816113747,-1.6039797134514475,0.0,0.0,0.0
9836,1730,-95.59136,-590.1372,-0.010862693,-1.1403182,-34.417156,-2.4175642e-06,34.43604278564453,-1.7576853035369645e-05,0.0006891488480379216,-1.6039831755608644,0.0,0.0,0.0
9837,1731,-95.64827,-591.8545,-0.010863723,-1.136471,-34.28744,-2.5177e-06,34.306270599365234,-1.544633737020558e-05,0.000686526258542574,-1.6039863713541727,0.0,0.0,0.0
9838,1732,-95.70498,-593.5653,-0.010864791,-1.1325741,-34.158253,-1.8119812e-06,34.177024841308594,-1.331581967321085e-05,0.0006839036690472264,-1.6039887681991536,0.0,0.0,0.0
9839,1733,-95.76149,-595.26965,-0.010865898,-1.1286311,-34.029594,-2.093315e-06,34.04830551147461,-1.1717902700856652e-05,0.0006817578608085573,-1.6039907655699712,0.0,0.0,0.0
9840,1734,-95.8178,-596.96765,-0.010866928,-1.1246527,-33.901455,-3.1757354e-06,33.92010498046875,-1.0120015190047104e-05,0.0006791352713132098,-1.6039922303085707,0.0,0.0,0.0
9841,1735,-95.873924,-598.6592,-0.010867958,-1.1206489,-33.773838,-2.989769e-06,33.792423248291016,-8.522126663322223e-06,0.000676989528093122,-1.6039942276793884,0.0,3.941609252132987e-05,0.0
9842,1735,-95.92985,-600.3444,-0.010868988,-1.1167847,-33.646736,-3.1852721e-06,33.66526412963867,-7.4568393691955396e-06,0.0006743669385977744,-1.603997556630751,0.0,0.00015342984716181925,0.0
9843,1736,-95.98558,-602.02325,-0.010870056,-1.11336,-33.52013,-1.7404556e-06,33.53861618041992,-7.989468539465389e-06,0.0006716251050243213,-1.6040124703328553,0.0,0.00018348710258385577,0.0
9844,1737,-96.04116,-603.69574,-0.010871162,-1.1100618,-33.394035,-2.632141e-06,33.412479400634766,-9.054755833592073e-06,0.0006694793618042336,-1.6040441619498274,0.0,0.00013226260662172417,0.0
9845,1738,-96.09655,-605.362,-0.010872192,-1.1066483,-33.268456,-3.414154e-06,33.28685760498047,-1.0119985728502452e-05,0.0006668567072903046,-1.6040867725272685,0.0,4.87532286410834e-05,0.0
9846,1739,-96.151764,-607.02203,-0.01087326,-1.1030616,-33.143387,-3.6811828e-06,33.161739349365234,-1.0119985728502452e-05,0.0006647109640702169,-1.604130182053037,0.0,1.635051060280921e-05,0.0
9847,1740,-96.206795,-608.6758,-0.010874214,-1.0995167,-33.01882,-1.7976761e-06,33.03712463378906,-1.0120015190047104e-05,0.0006620883745748693,-1.6041673331502435,0.0,1.1193130729409871e-05,0.0
9848,1740,-96.261665,-610.3233,-0.0108752055,-1.0960723,-32.894756,-3.1518935e-06,32.91301345825195,-1.0120015190047104e-05,0.0006599425663362002,-1.604198891609161,0.0,9.49175578339404e-06,0.0
9849,1741,-96.31635,-611.96466,-0.010876236,-1.0926856,-32.771194,-2.9754638e-06,32.789405822753906,-1.0652644360316952e-05,0.0006572007977813284,-1.6042241916395168,0.0,9.49175578339404e-06,0.0
9850,1742,-96.370895,-613.59985,-0.010877266,-1.089322,-32.648125,-1.9454956e-06,32.66629409790039,-1.1185273530586802e-05,0.0006550549895426594,-1.604245896402401,0.0,8.119933417517902e-05,0.0
9851,1743,-96.42526,-615.2289,-0.010878296,-1.0862429,-32.525543,-3.8623807e-06,32.543678283691406,-1.1717932162401303e-05,0.0006524324000473118,-1.60426893274583,0.0,0.0010943055163235135,0.0
9852,1744,-96.47956,-616.8518,-0.010879402,-1.0872139,-32.40332,-3.0469894e-06,32.42155456542969,-2.1305317166263224e-05,0.000650286656827224,-1.6043633418064733,0.0,0.003693128004948122,0.0
9853,1745,-96.53408,-618.46857,-0.010880241,-1.0985545,-32.281204,-1.4448166e-06,32.29989242553711,-5.539373848266416e-05,0.0006482600926666605,-1.6047341869882668,0.0,0.005415871059674965,0.0
9854,1745,-96.58918,-620.07935,-0.010881309,-1.1171439,-32.159275,3.480911e-07,32.178672790527344,-0.00011291805460132768,0.0006455182590932074,-1.605562296929227,0.0,0.0057300620860587514,0.0
9855,1746,-96.6451,-621.68396,-0.010882225,-1.139106,-32.03767,-1.8501281e-06,32.05791473388672,-0.00017736649608998662,0.0006433725158731196,-1.6068531311095884,0.0,0.005874907135107615,0.0
9856,1747,-96.702095,-623.2825,-0.010883217,-1.1658254,-31.916334,-2.427101e-06,31.937620162963867,-0.0002450108202872899,0.0006412267076344506,-1.6085290583835752,0.0,0.005874907135107615,0.0
9857,1748,-96.76044,-624.875,-0.010884209,-1.1979669,-31.79521,-2.7036667e-06,31.81777000427246,-0.0003169160721915574,0.0006390809644143628,-1.6105127139215207,0.0,0.0006753054107887487,0.0
9858,1749,-96.82,-626.4615,-0.0108852,-1.2152579,-31.675182,-2.0647049e-06,31.698486328125,-0.0003515371663625875,0.0006365775539785395,-1.6123934382833347,0.0,0.0,0.0
9859,1749,-96.88069,-628.042,-0.010886269,-1.2364458,-31.555468,-1.1682511e-06,31.579683303833008,-0.0003680488626489507,0.0006344318107584518,-1.6138935969253765,0.0,0.0,0.0
9860,1750,-96.94268,-629.6165,-0.010887337,-1.2609329,-31.436052,-4.1484833e-07,31.46133041381836,-0.0003888214216236968,0.0006316899771849986,-1.6150656541211204,0.0,0.0,0.0
9861,1751,-97.006035,-631.18506,-0.010888252,-1.286099,-31.317047,-1.4925002e-06,31.34344482421875,-0.0004117246069983783,0.0006295442339649108,-1.615981914694162,0.0,0.0,0.0
9862,1752,-97.07072,-632.7477,-0.010889168,-1.310294,-31.198534,-1.5497208e-06,31.226036071777344,-0.0004293015027021919,0.0006273984257262417,-1.616698438185448,0.0,0.0,0.0
9863,1753,-97.13663,-634.3043,-0.01089016,-1.3325381,-31.080553,-2.5129318e-06,31.109106063842773,-0.00043729095346313896,0.0006247758362308941,-1.617259699385182,0.0,0.0,0.0
9864,1753,-97.20358,-635.8551,-0.010891189,-1.3523086,-30.963148,-2.1362305e-06,30.992664337158203,-0.0004356931218276727,0.0006227492720703307,-1.617699120965045,0.0,0.0,0.0
9865,1754,-97.271515,-637.4,-0.010892067,-1.369391,-30.846315,-3.581047e-06,30.876697540283203,-0.00042450781274004927,0.0006204843497907187,-1.6180438671681558,0.0,0.0,0.0
9866,1755,-97.34026,-638.93915,-0.010893021,-1.3837739,-30.730072,-2.7227402e-06,30.761213302612305,-0.00040586571761878524,0.0006183385415520496,-1.6183141780187988,0.0,0.0,0.0
9867,1756,-97.40968,-640.4725,-0.010894013,-1.3955734,-30.614403,-3.1518935e-06,30.646194458007812,-0.00038136457057147497,0.0006161927983319617,-1.6185261656415693,0.0,0.0,0.0
9868,1756,-97.479645,-642.0,-0.010894852,-1.4049793,-30.499308,-3.247261e-06,30.53165054321289,-0.0003526024307986192,0.0006140469900932928,-1.6186928795258082,0.0,0.0,0.0
9869,1757,-97.55005,-643.52185,-0.010895882,-1.4122202,-30.384783,-1.4019012e-06,30.417583465576172,-0.00032170982717228135,0.0006114244005979452,-1.6188237738933855,0.0,0.0,0.0
9870,1758,-97.62076,-645.03796,-0.010896797,-1.4175382,-30.27079,-2.5129318e-06,30.30396270751953,-0.0002908171260180715,0.0006093978364373817,-1.6189268382275717,0.0,0.0,0.0
9871,1759,-97.69169,-646.54834,-0.010897751,-1.421172,-30.157335,-2.9182434e-06,30.1908016204834,-0.0002593918901737178,0.0006071328491391884,-1.6190081977988735,0.0,0.0,0.0
9872,1760,-97.76277,-648.0531,-0.010898705,-1.4233476,-30.044403,-7.867813e-07,30.078100204467773,-0.000229564469710185,0.0006049871059191005,-1.619071447874763,0.0,0.0,0.0
9873,1760,-97.83393,-649.5522,-0.0108996965,-1.4242753,-29.931984,-1.411438e-06,29.965850830078125,-0.00020186756186407027,0.000602960541758537,-1.6191217816193655,0.0,0.0,0.0
9874,1761,-97.9051,-651.0457,-0.010900612,-1.4241416,-29.820063,-1.0442734e-06,29.85405158996582,-0.0001757686319452297,0.0006008147985384493,-1.6191618621937711,0.0,0.0,0.0
9875,1762,-97.976265,-652.5337,-0.0109015275,-1.4231155,-29.70863,-1.6021728e-06,29.742694854736328,-0.00015233283060717774,0.0005986689902997802,-1.619193287494634,0.0,0.0,0.0
9876,1763,-98.04735,-654.01605,-0.010902405,-1.4213401,-29.597677,-3.027916e-06,29.631786346435547,-0.00013102751750457584,0.000596642491157798,-1.6192175222605538,0.0,0.0,0.0
9877,1763,-98.11835,-655.493,-0.01090332,-1.418941,-29.4872,-1.5640259e-06,29.521320343017578,-0.00011238538987402119,0.0005943775038596047,-1.6192366970204024,0.0,1.819066164898685e-05,0.0
9878,1764,-98.18919,-656.9643,-0.010904198,-1.4161006,-29.37718,-1.8787383e-06,29.411293029785156,-9.587379111552992e-05,0.0005922316956209357,-1.6192534749352698,0.0,0.000209681124785197,0.0
9879,1765,-98.25992,-658.4301,-0.010905113,-1.4136145,-29.26758,-1.6498566e-06,29.301698684692383,-8.309063413779489e-05,0.0005900859524008478,-1.6192811718106066,0.0,0.0005370257863432926,0.0
9880,1765,-98.33053,-659.8905,-0.01090599,-1.4120928,-29.158371,-1.4734268e-06,29.192543029785156,-7.56337912128957e-05,0.0005879402091807601,-1.6193490824184038,0.0,0.000603527955267549,0.0
9881,1766,-98.40104,-661.34546,-0.010906868,-1.4106036,-29.049595,-3.33786e-06,29.083824157714844,-7.137270095947825e-05,0.0005859136450201966,-1.6194681257191303,0.0,0.00046244529753514406,0.0
9882,1767,-98.47144,-662.7949,-0.010907783,-1.408607,-28.941269,-2.7656554e-06,28.975528717041016,-6.764429575167398e-05,0.0005838870808596332,-1.6196199259012647,0.0,0.0,0.0
9883,1768,-98.54172,-664.23895,-0.0109086605,-1.4050348,-28.833452,-1.5068053e-06,28.867666244506836,-6.0720056599161306e-05,0.0005816220935614398,-1.6197578776457309,0.0,0.0,0.0
9884,1768,-98.61183,-665.67773,-0.010909614,-1.40189,-28.726044,-3.3044814e-06,28.760231018066406,-5.4328506555923115e-05,0.0005794763503413521,-1.6198634719829526,0.0,0.0,0.0
9885,1769,-98.681816,-667.1111,-0.01091053,-1.3988843,-28.619055,-2.0122527e-06,28.653223037719727,-4.953475157519919e-05,0.000577330542102683,-1.6199432336576003,0.0,0.0,0.0
9886,1770,-98.75165,-668.5391,-0.010911483,-1.395846,-28.512491,-5.674362e-07,28.54663848876953,-4.6339007031040075e-05,0.0005757808242173793,-1.6200046195207267,0.0,0.0,0.0
9887,1771,-98.821335,-669.9618,-0.010912246,-1.3926759,-28.406359,-2.989769e-06,28.44047737121582,-4.3143201531961e-05,0.0005736350809972915,-1.620050425891476,0.0,0.0,0.0
9888,1771,-98.89087,-671.3792,-0.010913162,-1.3893238,-28.300652,-1.1825562e-06,28.334733963012695,-4.0480056696527083e-05,0.0005716085168367281,-1.6200858459339742,0.0,0.0,0.0
9889,1772,-98.960236,-672.79144,-0.010914002,-1.3857701,-28.195377,-6.866455e-07,28.229412078857422,-3.7816883415463854e-05,0.0005694627736166402,-1.6201126107029293,0.0,0.0,0.0
9890,1773,-99.02941,-674.19824,-0.010914955,-1.382016,-28.090528,-6.532669e-07,28.1245059967041,-3.462107791638477e-05,0.0005671977863184468,-1.6201332502013774,0.0,0.0,0.0
9891,1773,-99.0984,-675.59985,-0.010915794,-1.3780743,-27.986105,-2.8133393e-06,28.0200138092041,-3.142530289476568e-05,0.0005650519780797778,-1.620148962851809,0.0,0.0,0.0
9892,1774,-99.167175,-676.99615,-0.010916672,-1.373963,-27.8821,-2.0980835e-06,27.915931701660156,-2.8229497395686596e-05,0.0005635022601944742,-1.620160547602551,0.0,0.0,0.0
9893,1775,-99.235756,-678.3873,-0.010917587,-1.3697041,-27.778517,-9.059906e-07,27.812265396118164,-2.5033720342236837e-05,0.0005608796706991266,-1.6201697355083116,0.0,0.0,0.0
9894,1775,-99.304115,-679.7735,-0.010918426,-1.3653183,-27.67535,-8.010864e-07,27.709007263183594,-2.2370545029342938e-05,0.0005593299528138229,-1.6201765265690913,0.0,0.0,0.0
9895,1776,-99.37225,-681.15454,-0.010919189,-1.3608267,-27.572594,-2.1028518e-06,27.606155395507812,-1.9174741562094523e-05,0.0005571842095937351,-1.620181986049326,0.0,0.0,0.0
9896,1777,-99.44017,-682.5303,-0.010920105,-1.3562486,-27.47025,-1.2493133e-06,27.503707885742188,-1.6511595710745278e-05,0.000555038401355066,-1.620185980790961,0.0,0.0,0.0
9897,1777,-99.50785,-683.901,-0.0109209055,-1.3516008,-27.368315,-3.0517576e-06,27.401670455932617,-1.4381048552205898e-05,0.000553369504410238,-1.6201890434262147,0.0,0.0,0.0
9898,1778,-99.57531,-685.2666,-0.010921745,-1.3468983,-27.266785,-2.5844574e-06,27.300031661987305,-1.2250530855211167e-05,0.0005512236961715691,-1.6201911739550867,0.0,0.0,0.0
9899,1779,-99.64251,-686.6272,-0.010922623,-1.3421521,-27.165657,-2.2554398e-06,27.19879150390625,-1.0652613882856968e-05,0.0005490779529514812,-1.6201926386936862,0.0,0.0,0.0
9900,1780,-99.70948,-687.98267,-0.010923424,-1.3373767,-27.064932,-2.4604797e-06,27.09795379638672,-9.054755833592073e-06,0.0005470513887909178,-1.6201945029064493,0.0,0.0,0.0
9901,1780,-99.77622,-689.3332,-0.010924301,-1.3325833,-26.9646,-2.3412704e-06,26.997507095336914,-7.456867306867192e-06,0.000545501670905614,-1.6201961008031034,0.0,0.0,0.0
9902,1781,-99.84272,-690.67865,-0.01092514,-1.3277762,-26.86467,-1.5306473e-06,26.897462844848633,-6.391608966327494e-06,0.0005433559276855263,-1.620196233961158,0.0,0.0,0.0
9903,1782,-99.90898,-692.0192,-0.010925941,-1.3229567,-26.765133,-1.87397e-06,26.797809600830078,-5.326321164243144e-06,0.0005410909403873329,-1.620196233961158,0.0,0.0,0.0
9904,1782,-99.975,-693.35474,-0.010926742,-1.318132,-26.665989,-2.1123885e-06,26.69854736328125,-4.261062823703445e-06,0.0005395412225020293,-1.620196233961158,0.08,0.0,0.0
9905,1783,-100.04077,-694.6853,-0.010928001,-1.31341,-26.569298,-2.3841858e-06,26.601741790771484,-3.195804483163747e-06,0.0005369186004973911,-1.620196233961158,0.16,0.0,0.0
9906,1784,-100.106316,-696.0112,-0.01093132,-1.3090166,-26.479548,-3.0899048e-06,26.511882781982422,-2.663146105328079e-06,0.0005283355300891681,-1.620196233961158,0.24,0.0,0.0
9907,1784,-100.17166,-697.3331,-0.010938415,-1.305104,-26.399738,-3.2043456e-06,26.431978225708008,-2.13051693505823e-06,0.0005118846586856117,-1.620196233961158,0.32,0.0,0.0
9908,1785,-100.236824,-698.65125,-0.010949974,-1.3017672,-26.33174,-3.4856796e-06,26.3638973236084,-1.5978731610054713e-06,0.00048458572957563894,-1.6201961008031034,0.4,0.0,0.0
9909,1786,-100.301834,-699.96625,-0.0109659955,-1.2990707,-26.276814,-3.027916e-06,26.30890464782715,-1.5978731610054713e-06,0.00044620035213091053,-1.6201961008031034,0.48000000000000004,0.0,0.0
9910,1786,-100.36673,-701.2789,-0.01098629,-1.2970617,-26.235886,-3.3664703e-06,26.267929077148438,-1.065258467529115e-06,0.0003983974232962544,-1.6201961008031034,0.56,0.0,0.0
9911,1787,-100.43155,-702.5899,-0.011010246,-1.2957782,-26.209707,-3.3712386e-06,26.241718292236328,-1.065287548105517e-06,0.00034141539871859126,-1.6201961008031034,0.64,0.0,0.0
9912,1788,-100.4963,-703.90015,-0.011037597,-1.2952532,-26.198914,-2.989769e-06,26.230911254882812,-5.326437740527585e-07,0.00027644632906748915,-1.6201961008031034,0.72,0.0,0.0
9913,1788,-100.56105,-705.2103,-0.011067771,-1.2955052,-26.20388,-2.207756e-06,26.235885620117188,-5.326364721613038e-07,0.00020503996473754242,-1.6201961008031034,0.7999999999999999,0.0,0.0
9914,1789,-100.625854,-706.52094,-0.011100234,-1.2965481,-26.22489,-3.2138823e-06,26.256921768188477,-5.326291702698492e-07,0.00012791155888699544,-1.6201961008031034,0.72,0.0,0.0
9915,1789,-100.69072,-707.8331,-0.011133766,-1.2981546,-26.25732,-3.3950805e-06,26.289390563964844,-5.326291702698492e-07,4.7922132276148354e-05,-1.6201961008031034,0.64,0.0,0.0
9916,1790,-100.75566,-709.1469,-0.011163826,-1.2997966,-26.29048,-3.5953522e-06,26.322589874267578,0.0,-2.3126601411014863e-05,-1.6201961008031034,0.56,0.0,0.12
9917,1791,-100.820656,-710.46136,-0.011176262,-1.2989136,-26.272587,-3.2663345e-06,26.304677963256836,0.0,-5.2452082490567096e-05,-1.6201961008031034,0.48000000000000004,0.0,0.24
9918,1791,-100.8855,-711.7727,-0.011151085,-1.2942201,-26.177626,-3.4093855e-06,26.209598541259766,-2.2737366295900243e-13,7.390975546337867e-06,-1.6201961008031034,0.4,0.0,0.36
9919,1792,-100.94999,-713.07715,-0.011087074,-1.2855792,-26.002827,-3.5381315e-06,26.03458595275879,-7.275957214688078e-12,0.00016033648792813902,-1.6201961008031034,0.32,0.0,0.48
9920,1793,-101.01393,-714.37054,-0.010989417,-1.2729179,-25.746717,-1.4925002e-06,25.77816390991211,1.4551916367080876e-11,0.00039255615395219394,-1.6201961008031034,0.24,0.0,0.6
9921,1793,-101.07713,-715.64886,-0.010865173,-1.2562059,-25.408693,-1.4781952e-07,25.439727783203125,2.91038366095712e-11,0.0006880759764278777,-1.620196233961158,0.15999999999999998,0.0,0.72
9922,1794,-101.13938,-716.90796,-0.010720863,-1.2354511,-24.988905,9.4890595e-07,25.019426345825195,0.0,0.0010311603046005875,-1.6201963671192123,0.07999999999999997,0.0,0.84
9923,1795,-101.200485,-718.14374,-0.010562286,-1.2106918,-24.488102,3.6191939e-06,24.51801109313965,0.0,0.0014077424009151943,-1.6201963671192123,0.0,0.0,0.83135986328125
9924,1795,-101.260284,-719.3533,-0.010403213,-1.1840725,-23.949682,3.118515e-06,23.97893524169922,5.820775460274068e-11,0.0017849206526017478,-1.620196233961158,0.0,0.0,0.71135986328125
9925,1796,-101.31879,-720.53656,-0.010274811,-1.1590227,-23.44301,1.8453597e-06,23.471643447875977,0.0,0.002089500326742333,-1.6201959676450488,0.0,0.0,0.59135986328125
9926,1796,-101.3761,-721.696,-0.0101992795,-1.1369121,-22.995785,3.7384032e-06,23.02387046813965,0.0,0.0022684335430766334,-1.620196233961158,0.0,0.0,0.47135986328125
9927,1797,-101.4324,-722.8349,-0.010176925,-1.1180516,-22.614305,4.1198728e-06,22.64192771911621,0.0,0.0023206471049016988,-1.6201963671192123,0.08,0.0,0.35135986328125
9928,1798,-101.48788,-723.95685,-0.01020092,-1.1026947,-22.303688,2.9230116e-06,22.330930709838867,0.0,0.00226306898997067,-1.620196233961158,0.16,0.0,0.23135986328125002
9929,1798,-101.542694,-725.0653,-0.0102639,-1.0911367,-22.069902,5.7649613e-06,22.096858978271484,1.164155789628513e-10,0.0021133421203566724,-1.6201959676450488,0.24,0.0,0.11135986328125003
9930,1799,-101.59702,-726.16437,-0.010358887,-1.0835481,-21.916407,3.5762787e-06,21.94317626953125,-5.820776235355956e-11,0.0018866060727155875,-1.6201961008031034,0.32,0.0,0.0
9931,1799,-101.651085,-727.25793,-0.01047905,-1.079867,-21.841948,2.6607513e-06,21.86862564086914,0.0,0.0016009806153958006,-1.6201961008031034,0.4,0.0,0.0
9932,1800,-101.70502,-728.3488,-0.010606269,-1.0776103,-21.7963,3.247261e-06,21.82292366027832,-5.820770809782737e-11,0.001299023530750563,-1.620196233961158,0.48000000000000004,0.0,0.0
9933,1800,-101.75886,-729.4378,-0.0107205575,-1.0760969,-21.765682,-5.340576e-07,21.792266845703125,5.82076925961896e-11,0.0010269879972199362,-1.6201963671192123,0.56,0.0,0.0
9934,1801,-101.81266,-730.52563,-0.010818061,-1.0753161,-21.74989,-3.4666061e-06,21.77645492553711,3.87081054035163e-09,0.0007952451287072052,-1.6201961008031034,0.64,0.0,0.0
9935,1801,-101.866486,-731.61316,-0.010900955,-1.075272,-21.748993,-3.2663345e-06,21.775558471679688,1.367880142381012e-09,0.0005986689902997802,-1.620196233961158,0.72,0.0,0.0
9936,1802,-101.92029,-732.701,-0.010972176,-1.0759742,-21.763205,-3.9196016e-06,21.78978729248047,0.0,0.0004298686597868784,-1.6201961008031034,0.7999999999999999,0.0,0.0
9937,1802,-101.97412,-733.79,-0.011034584,-1.0774413,-21.792885,-4.5776364e-06,21.819503784179688,0.0,0.0002822875984115497,-1.6201961008031034,0.72,0.0,0.0
9938,1803,-102.02805,-734.8807,-0.011089744,-1.079451,-21.833525,-4.372597e-06,21.860193252563477,0.0,0.00015127658749930153,-1.6201961008031034,0.64,0.0,0.0
9939,1804,-102.082085,-735.9736,-0.011135444,-1.0814992,-21.874952,-3.7193297e-06,21.901670455932617,0.0,4.315375892409971e-05,-1.6201961008031034,0.56,0.0,0.0
9940,1804,-102.13621,-737.06824,-0.011169395,-1.0832617,-21.9106,-3.4570694e-06,21.937362670898438,0.0,-3.7193294265869567e-05,-1.6201961008031034,0.48000000000000004,0.0,0.0
9941,1805,-102.19041,-738.1646,-0.01119091,-1.084541,-21.93648,-3.6668778e-06,21.963274002075195,6.039044333174727e-10,-8.797644730231804e-05,-1.6201961008031034,0.4,0.0,0.0
9942,1805,-102.24467,-739.26196,-0.011200676,-1.0852228,-21.95026,-3.7527084e-06,21.977069854736328,-3.637978607344039e-12,-0.00011074542619787205,-1.6201961008031034,0.32,0.0,0.0
9943,1806,-102.298965,-740.3596,-0.011200179,-1.0852469,-21.95074,-3.5905837e-06,21.97755241394043,-3.637978607344039e-12,-0.00011074542619787205,-1.6201961008031034,0.24,0.0,0.0
9944,1806,-102.35321,-741.4568,-0.011191215,-1.0845884,-21.93742,-3.2329558e-06,21.964214324951172,4.7984940233621725e-09,-8.785724386082576e-05,-1.6201961008031034,0.1686248779296875,0.0,0.0
9945,1807,-102.40741,-742.553,-0.011175766,-1.0832558,-21.910473,-3.5238265e-06,21.93723487854004,3.2021488585435586e-08,-5.0783153036448475e-05,-1.6201961008031034,0.24862487792968752,0.0,0.0
9946,1807,-102.46152,-743.64746,-0.0111563485,-1.0814909,-21.874773,-4.1007993e-06,21.901491165161133,3.835907399987799e-08,-4.410743725180464e-06,-1.6201961008031034,0.32862487792968753,0.0,0.0
9947,1808,-102.51554,-744.7403,-0.011138039,-1.0797417,-21.839394,-3.33786e-06,21.86606788635254,2.8860085074892968e-08,3.945827343674027e-05,-1.6201961008031034,0.40862487792968755,0.0,0.0
9948,1808,-102.56949,-745.8315,-0.011124839,-1.0782816,-21.809862,-2.5606155e-06,21.83650016784668,3.007516941819183e-08,7.09295261820096e-05,-1.6201961008031034,0.48862487792968756,0.0,0.0
9949,1809,-102.6234,-746.92145,-0.011118622,-1.0772777,-21.78955,-2.9802322e-06,21.816164016723633,1.3802490603738717e-08,8.571147625877e-05,-1.6201961008031034,0.5294036865234375,0.0,0.0
9950,1810,-102.677216,-748.01056,-0.011119652,-1.0767906,-21.779715,-1.1730194e-06,21.806316375732422,1.8808349167444115e-09,8.308887050877711e-05,-1.6201961008031034,0.4494036865234375,0.0,0.0
9951,1810,-102.731026,-749.0996,-0.011125831,-1.0765843,-21.775541,-7.7724457e-07,21.80213737487793,3.1541274138131872e-09,6.818770886320176e-05,-1.6201961008031034,0.36940368652343747,0.0,0.0
9952,1811,-102.78483,-750.1882,-0.011132431,-1.0762622,-21.769024,-1.1253356e-06,21.79561424255371,3.111926846466359e-08,5.280971313335061e-05,-1.6201961008031034,0.28940368652343745,0.0,0.0
9953,1811,-102.83864,-751.2763,-0.0111357495,-1.0755838,-21.755302,-4.2438506e-07,21.781875610351562,5.247602313858484e-08,4.482268837821833e-05,-1.6201961008031034,0.20940368652343744,0.0,0.0
9954,1812,-102.89238,-752.3635,-0.011133728,-1.0744122,-21.731602,-1.2016296e-06,21.75814437866211,2.2704624310165313e-08,4.9591061730266976e-05,-1.6201961008031034,0.12940368652343742,0.0,0.0
9955,1812,-102.94606,-753.4492,-0.01112606,-1.0726742,-21.696445,-3.3855437e-07,21.722946166992188,1.2871168080258644e-08,6.771087071526463e-05,-1.6201961008031034,0.04940368652343742,0.0,0.0
9956,1813,-102.99963,-754.5327,-0.011113129,-1.0703362,-21.64916,-1.4877319e-06,21.67560386657715,9.51331392644074e-09,9.858607374378188e-05,-1.6201961008031034,0.0,0.0,0.0
9957,1813,-103.053085,-755.6136,-0.011095924,-1.0674236,-21.590244,4.339218e-07,21.616615295410156,0.0,0.00013959406506582582,-1.6201961008031034,0.0,0.0,0.0
9958,1814,-103.10636,-756.6912,-0.011076354,-1.0640978,-21.522976,1.4209747e-06,21.549264907836914,3.929016895931562e-10,0.00018596648758399317,-1.6201961008031034,0.0,0.0,0.0
9959,1814,-103.15946,-757.76544,-0.011057091,-1.0605385,-21.450981,2.6512146e-06,21.477182388305664,0.0,0.00023174285225808575,-1.6201961008031034,0.0,0.0,0.0
9960,1815,-103.21238,-758.83594,-0.011039696,-1.0568508,-21.3764,3.5095213e-06,21.402509689331055,0.0,0.00027322768172806687,-1.6201961008031034,0.0,0.0,0.0
9961,1816,-103.26512,-759.90265,-0.011024971,-1.0530955,-21.30045,3.0899048e-06,21.326465606689453,0.0,0.00030839441183337293,-1.6201961008031034,0.0,0.0,0.0
9962,1816,-103.31767,-760.9655,-0.011013069,-1.0493072,-21.223833,4.239082e-06,21.249755859375,0.0,0.0003361701872186055,-1.6201961008031034,0.0,0.0,0.0
9963,1817,-103.370026,-762.02454,-0.011003799,-1.0455065,-21.146957,3.2281876e-06,21.172786712646484,0.0,0.00035846232796622236,-1.6201961008031034,0.0,0.0,0.0
9964,1817,-103.4222,-763.0796,-0.010996819,-1.0417045,-21.070059,2.7179717e-06,21.095794677734375,1.4551916367080876e-11,0.00037503241093859367,-1.6201961008031034,0.0,0.0,0.0
9965,1818,-103.47419,-764.13116,-0.010991554,-1.0379082,-20.99327,3.209114e-06,21.018911361694336,0.0,0.0003873109749614988,-1.6201961008031034,0.0,0.0,0.0
9966,1818,-103.52597,-765.17883,-0.010987739,-1.034121,-20.916672,2.7656554e-06,20.94222068786621,-1.4551916367080876e-11,0.000396251647566876,-1.6201961008031034,0.0,0.0,0.0
9967,1819,-103.57758,-766.22253,-0.010985069,-1.0303454,-20.840305,3.5762787e-06,20.865760803222656,0.0,0.0004022121284797515,-1.6201961008031034,0.0,0.0,0.0
9968,1819,-103.629,-767.2624,-0.0109832,-1.0265827,-20.764196,3.2424925e-06,20.78955841064453,2.6921044484640687e-09,0.00040686128213566255,-1.6201961008031034,0.0,0.0,0.0
9969,1820,-103.68022,-768.2985,-0.010982017,-1.0228332,-20.688358,3.5142898e-06,20.713626861572266,0.0,0.0004094838716310101,-1.6201961008031034,0.0,0.0,0.0
9970,1820,-103.731255,-769.33093,-0.010981292,-1.0190977,-20.6128,2.3078917e-06,20.637977600097656,0.0,0.0004094838716310101,-1.6201961008031034,0.0,0.0,0.0
9971,1821,-103.782104,-770.35944,-0.010980872,-1.0153761,-20.537523,2.5224685e-06,20.562606811523438,2.8521753521708285e-09,0.0004123449167732782,-1.6201961008031034,0.0,0.0,0.0
9972,1821,-103.83277,-771.3843,-0.010980797,-1.0116686,-20.462532,2.9850005e-06,20.487524032592773,2.8521753521708285e-09,0.0004123449167732782,-1.6201961008031034,0.0,0.0,0.0
9973,1822,-103.88325,-772.4054,-0.010980872,-1.0079751,-20.387825,3.285408e-06,20.41272735595703,2.8521753521708285e-09,0.0004123449167732782,-1.6201961008031034,0.0,0.0,0.0
9974,1822,-103.933556,-773.42267,-0.010981102,-1.0042956,-20.3134,3.2186508e-06,20.338211059570312,2.8521753521708285e-09,0.0004123449167732782,-1.6201961008031034,0.0,0.0,0.0
9975,1823,-103.98367,-774.43634,-0.010981445,-1.0006301,-20.239267,2.8657912e-06,20.263986587524414,2.8521753521708285e-09,0.0004123449167732782,-1.6201961008031034,0.0,0.0,0.0
9976,1823,-104.0336,-775.4462,-0.010981864,-0.99697876,-20.165413,2.7656554e-06,20.19004249572754,2.721208339329372e-09,0.00041007992947508483,-1.6201961008031034,0.0,0.0,0.0
9977,1824,-104.08336,-776.45245,-0.0109823225,-0.99334127,-20.091839,3.5095213e-06,20.116378784179688,2.721208339329372e-09,0.00041007992947508483,-1.6201961008031034,0.0,0.0,0.0
9978,1824,-104.13292,-777.4551,-0.010982818,-0.98971766,-20.018541,2.117157e-06,20.042993545532227,4.9913071143251545e-09,0.00040733812841092234,-1.6201961008031034,0.0,0.0,0.0
9979,1825,-104.182304,-778.454,-0.010983353,-0.9861078,-19.945526,2.617836e-06,19.96988868713379,4.9913071143251545e-09,0.00040733812841092234,-1.6201961008031034,0.0,0.0,0.0
9980,1825,-104.231514,-779.4493,-0.010983924,-0.9825118,-19.872795,2.565384e-06,19.89706802368164,8.440111485156089e-09,0.00040531156425035883,-1.6201961008031034,0.0,0.0,0.0
9981,1826,-104.28053,-780.4409,-0.010984497,-0.9789295,-19.800335,1.926422e-06,19.824520111083984,8.440111485156089e-09,0.00040531156425035883,-1.6201961008031034,0.0,0.0,0.0
9982,1826,-104.329384,-781.42896,-0.010985069,-0.9753609,-19.72815,2.2697448e-06,19.75224494934082,2.5029294058658007e-09,0.0004022121284797515,-1.6201961008031034,0.0,0.0,0.0
9983,1827,-104.37805,-782.4133,-0.010985603,-0.9718057,-19.656242,2.5081633e-06,19.68025016784668,2.5029294058658007e-09,0.0004022121284797515,-1.6201961008031034,0.0,0.0,0.0
9984,1827,-104.426544,-783.3942,-0.010986214,-0.96826404,-19.584612,1.8119812e-06,19.60853385925293,1.6094419405106212e-08,0.00039947029490629835,-1.6201961008031034,0.0,0.0,0.0
9985,1828,-104.47485,-784.3715,-0.010986785,-0.96473616,-19.513256,2.4986266e-06,19.537090301513672,1.6094419405106212e-08,0.00039947029490629835,-1.6201961008031034,0.0,0.0,0.0
9986,1828,-104.522995,-785.3452,-0.010987358,-0.9612215,-19.442165,1.7213821e-06,19.465911865234375,9.764335295186739e-09,0.0003967284938421358,-1.6201961008031034,0.0,0.0,0.0
9987,1829,-104.57096,-786.31537,-0.01098793,-0.9577204,-19.371351,1.9168854e-06,19.39501190185547,9.764335295186739e-09,0.0003967284938421358,-1.6201961008031034,0.0,0.0,0.0
9988,1829,-104.61876,-787.28204,-0.010988578,-0.95423263,-19.300804,1.5640259e-06,19.324377059936523,9.764335295186739e-09,0.0003941059043467883,-1.6201961008031034,0.0,0.0,0.0
9989,1830,-104.66637,-788.2451,-0.010989151,-0.9507581,-19.230524,7.629394e-07,19.254011154174805,9.764335295186739e-09,0.0003941059043467883,-1.6201961008031034,0.0,0.0,0.0
9990,1830,-104.713806,-789.2048,-0.010989723,-0.94729674,-19.160513,8.869171e-07,19.183916091918945,1.832086234380404e-08,0.00039148328234215007,-1.6201961008031034,0.0,0.0,0.0
9991,1831,-104.76107,-790.1608,-0.010990334,-0.9438484,-19.090769,7.7724457e-07,19.114086151123047,1.832086234380404e-08,0.00039148328234215007,-1.6201961008031034,0.0,0.0,0.0
9992,1831,-104.808174,-791.1134,-0.010990906,-0.9404134,-19.021288,1.04904174e-07,19.044519424438477,6.359187008679962e-09,0.00038826463500272774,-1.6201961008031034,0.0,0.0,0.0
9993,1832,-104.855095,-792.06256,-0.010991477,-0.9369914,-18.952074,2.0980835e-07,18.975223541259766,6.359187008679962e-09,0.00038826463500272774,-1.6201961008031034,0.0,0.0,0.0
9994,1832,-104.901855,-793.00824,-0.01099205,-0.93358237,-18.883121,-7.6770783e-07,18.906185150146484,7.959898029957197e-09,0.0003856420455073802,-1.6201961008031034,0.0,0.0,0.0
9995,1833,-104.94843,-793.9505,-0.010992622,-0.9301863,-18.81443,-6.580353e-07,18.83740997314453,7.959898029957197e-09,0.0003856420455073802,-1.6201961008031034,0.0,0.0,0.0
9996,1833,-104.99486,-794.88934,-0.010993195,-0.9268031,-18.746002,-1.5878677e-06,18.76889991760254,9.31322647493176e-10,0.00038290021193392704,-1.6201961008031034,0.0,0.0,0.0
9997,1834,-105.0411,-795.82477,-0.010993805,-0.92343277,-18.677834,-1.8596648e-06,18.700647354125977,9.31322647493176e-10,0.00038290021193392704,-1.6201961008031034,0.0,0.0,0.0
9998,1834,-105.08717,-796.7568,-0.010994338,-0.9200752,-18.60992,-1.5735626e-06,18.63265037536621,3.303284916504418e-09,0.00038027762243857946,-1.6201961008031034,0.0,0.0,0.0
9999,1834,-105.133095,-797.6854,-0.010994911,-0.9167304,-18.542265,-9.822845e-07,18.564912796020508,3.303284916504418e-09,0.00038027762243857946,-1.6201961008031034,0.0,0.0,0.0
10000,1835,-105.17885,-798.61066,-0.010995483,-0.9133982,-18.474869,-2.260208e-06,18.497434616088867,1.10594562064569e-09,0.0003771781866679721,-1.6201961008031034,0.0,0.0,0.0
10001,1835,-105.22441,-799.53265,-0.010996056,-0.9100787,-18.407726,-1.578331e-06,18.43021011352539,1.10594562064569e-09,0.0003771781866679721,-1.6201961008031034,0.0,0.0,0.0
10002,1836,-105.26982,-800.45123,-0.010996589,-0.90677184,-18.340837,-1.3446808e-06,18.363239288330078,1.4551916367080876e-11,0.00037503241093859367,-1.6201961008031034,0.0,0.0,0.0
10003,1836,-105.31508,-801.36646,-0.010997161,-0.90347743,-18.274204,-1.5926361e-06,18.296524047851562,1.4551916367080876e-11,0.00037503241093859367,-1.6201961008031034,0.0,0.0,0.0
10004,1837,-105.36015,-802.2783,-0.010997696,-0.90019554,-18.20782,-1.2874603e-06,18.230060577392578,0.0,0.0003722905773651405,-1.6201961008031034,0.0,0.0,0.0
10005,1837,-105.405075,-803.1868,-0.010998268,-0.8969259,-18.141691,-2.555847e-06,18.163850784301758,0.0,0.0003722905773651405,-1.6201961008031034,0.0,0.0,0.0
10006,1838,-105.449844,-804.09216,-0.01099884,-0.89366883,-18.075811,-2.3412704e-06,18.097888946533203,3.1577657102041056e-09,0.000369548776300978,-1.6201961008031034,0.0,0.0,0.0
10007,1838,-105.49443,-804.99414,-0.010999412,-0.89042395,-18.01018,-2.2172928e-06,18.032176971435547,3.1577657102041056e-09,0.000369548776300978,-1.6201961008031034,0.0,0.0,0.0
10008,1839,-105.538864,-805.8928,-0.010999946,-0.8871915,-17.944796,-2.9945372e-06,17.966712951660156,0.0,0.0003670453983744454,-1.6201961008031034,0.0,0.0,0.0
10009,1839,-105.583145,-806.78827,-0.011000557,-0.8839711,-17.87966,-2.7227402e-06,17.90149688720703,0.0,0.0003670453983744454,-1.6201961008031034,0.0,0.0,0.0
10010,1839,-105.62724,-807.6805,-0.011001129,-0.880763,-17.81477,-2.9230116e-06,17.836528778076172,0.0,0.00036430356480099223,-1.6201961008031034,0.0,0.0,0.0
10011,1840,-105.67119,-808.56934,-0.0110017015,-0.87756705,-17.750126,-3.0136107e-06,17.771804809570312,0.0,0.00036430356480099223,-1.6201961008031034,0.0,0.0,0.0
10012,1840,-105.71498,-809.45514,-0.011002197,-0.8743831,-17.685724,-3.1232832e-06,17.707326889038086,1.8189894586883972e-09,0.0003616809753056447,-1.6201961008031034,0.0,0.0,0.0
10013,1841,-105.75861,-810.33765,-0.0110027315,-0.87121105,-17.621569,-3.671646e-06,17.643091201782227,1.8189894586883972e-09,0.0003616809753056447,-1.6201961008031034,0.0,0.0,0.0
10014,1841,-105.802086,-811.21704,-0.0110033415,-0.8680513,-17.557655,-2.3126602e-06,17.5791015625,5.165929963464566e-09,0.00035953519957626623,-1.6201961008031034,0.0,0.0,0.0
10015,1842,-105.8454,-812.0931,-0.011003837,-0.86490333,-17.493982,-1.7499923e-06,17.515350341796875,5.165929963464566e-09,0.00035953519957626623,-1.6201961008031034,0.0,0.0,0.0
10016,1842,-105.888565,-812.96606,-0.01100441,-0.8617672,-17.430548,-2.1982194e-06,17.45183753967285,0.0,0.00035679339851210374,-1.6201961008031034,0.0,0.0,0.0
10017,1843,-105.93157,-813.83594,-0.011004943,-0.8586429,-17.367353,-2.6130676e-06,17.388566970825195,0.0,0.00035679339851210374,-1.6201961008031034,0.0,0.0,0.0
10018,1843,-105.97441,-814.70245,-0.01100544,-0.8555303,-17.304398,-3.0660628e-06,17.325532913208008,0.0,0.00035417077650746554,-1.6201961008031034,0.0,0.0,0.0
10019,1843,-106.017105,-815.5659,-0.011006012,-0.8524295,-17.24168,-2.5701522e-06,17.262739181518555,0.0,0.00035417077650746554,-1.6201961008031034,0.0,0.0,0.0
10020,1844,-106.05964,-816.4262,-0.011006508,-0.84934044,-17.1792,-2.0170212e-06,17.20018196105957,1.4551916367080876e-11,0.00035154818701211795,-1.6201961008031034,0.0,0.0,0.0
10021,1844,-106.10202,-817.28345,-0.011007042,-0.84626293,-17.116951,-2.5892257e-06,17.13785743713379,1.4551916367080876e-11,0.00035154818701211795,-1.6201961008031034,0.0,0.0,0.0
10022,1845,-106.14426,-818.1376,-0.011007575,-0.843197,-17.054941,-3.13282e-06,17.075773239135742,1.4551916367080876e-11,0.00034892556500747975,-1.6201961008031034,0.0,0.0,0.0
10023,1845,-106.186325,-818.98865,-0.01100811,-0.8401427,-16.993164,-2.1076203e-06,17.013919830322266,1.4551916367080876e-11,0.00034892556500747975,-1.6201961008031034,0.0,0.0,0.0
10024,1846,-106.22826,-819.8366,-0.011008567,-0.83709997,-16.93162,-3.0899048e-06,16.952301025390625,0.0,0.00034677978927810134,-1.6201961008031034,0.0,0.0,0.0
10025,1846,-106.27003,-820.68146,-0.011009102,-0.83406866,-16.870306,-3.695488e-06,16.890913009643555,0.0,0.00034677978927810134,-1.6201961008031034,0.0,0.0,0.0
10026,1846,-106.311646,-821.5233,-0.011009635,-0.8310487,-16.809223,-2.6893615e-06,16.829753875732422,0.0,0.00034403798821393885,-1.6201961008031034,0.08,0.0,0.0
10027,1847,-106.35311,-822.36206,-0.011010551,-0.8281375,-16.75034,-3.0088424e-06,16.77079963684082,1.4551916367080876e-11,0.0003418922124845604,-1.6201961008031034,0.16,0.0,0.0
10028,1847,-106.39445,-823.1982,-0.011013374,-0.825522,-16.697437,-3.6907195e-06,16.717832565307617,0.0,0.0003355741293745307,-1.6201961008031034,0.24,0.0,0.0
10029,1848,-106.43567,-824.0318,-0.011019439,-0.8233206,-16.652906,-2.8276443e-06,16.673246383666992,8.440110989103681e-10,0.0003211498221315379,-1.6201961008031034,0.32,0.0,0.0
10030,1848,-106.47678,-824.8635,-0.011029205,-0.8216057,-16.61822,-2.1505355e-06,16.638517379760742,2.910383273416175e-11,0.00029778477726458645,-1.6201961008031034,0.4,0.0,0.0
10031,1848,-106.51782,-825.6937,-0.011042748,-0.820426,-16.59436,-3.3664703e-06,16.6146297454834,0.0,0.000265717499184533,-1.6201961008031034,0.48000000000000004,0.0,0.0
10032,1849,-106.55884,-826.523,-0.011059723,-0.81981754,-16.58205,-3.223419e-06,16.60230255126953,-7.275957214688078e-12,0.00022530554132459582,-1.6201961008031034,0.56,0.0,0.0
10033,1849,-106.59986,-827.3519,-0.01107975,-0.8198091,-16.581879,-2.69413e-06,16.60213279724121,4.2346069439320834e-09,0.00017738341717577014,-1.6201961008031034,0.64,0.0,0.0
10034,1850,-106.64088,-828.18134,-0.011102447,-0.8204245,-16.594324,-2.6369094e-06,16.614591598510742,1.309672298643854e-10,0.00012350082024139165,-1.6201961008031034,0.72,0.0,0.0
10035,1850,-106.68192,-829.0117,-0.011127472,-0.82168794,-16.619877,-3.1232832e-06,16.64017677307129,4.914909090770978e-09,6.449222337584232e-05,-1.6201961008031034,0.7999999999999999,0.0,0.0
10036,1851,-106.72305,-829.84375,-0.011154594,-0.8236235,-16.659025,-2.3937225e-06,16.679372787475586,3.9211653164016e-09,-2.3841856601089893e-07,-1.6201961008031034,0.8799999999999999,0.0,0.0
10037,1851,-106.764305,-830.67804,-0.01118351,-0.82625633,-16.71228,-2.8085708e-06,16.73269271850586,3.5834089359846974e-09,-6.902217359026108e-05,-1.6201961008031034,0.9599999999999999,0.0,0.0
10038,1851,-106.80571,-831.5155,-0.01121418,-0.8296131,-16.780174,-4.0960313e-06,16.800670623779297,4.642060919993922e-09,-0.0001418590523640192,-1.6201961008031034,0.9999847412109375,0.0,0.0
10039,1852,-106.847305,-832.3567,-0.011246376,-0.8336717,-16.862265,-1.6784668e-06,16.88286018371582,2.146407362831345e-09,-0.00021815299348750686,-1.6201961008031034,0.9999847412109375,0.0,0.0
10040,1852,-106.88912,-833.20233,-0.011278686,-0.83826435,-16.95516,-4.138946e-06,16.97587013244629,3.3178366139108655e-09,-0.000294923764631609,-1.6201961008031034,0.9999847412109375,0.0,0.0
10041,1853,-106.93116,-834.053,-0.011309089,-0.8432004,-17.055002,-2.1886824e-06,17.075834274291992,-1.4551916367080876e-11,-0.00036728378900278464,-1.6201961008031034,0.9999847412109375,0.0,0.0
10042,1853,-106.973465,-834.9085,-0.011336174,-0.8483569,-17.159302,-3.852844e-06,17.180259704589844,6.781193178200657e-09,-0.000431656800809812,-1.6201961008031034,0.9999847412109375,0.0,0.0
10043,1854,-107.01603,-835.7694,-0.011359291,-0.85365516,-17.266474,-3.3140182e-06,17.28756332397461,7.697963508221875e-09,-0.00048649308216738743,-1.6201961008031034,0.9999847412109375,0.0,0.0
10044,1854,-107.05887,-836.63586,-0.011378479,-0.8590449,-17.375492,-2.3365021e-06,17.396713256835938,8.84756496516552e-09,-0.0005317926005662202,-1.620196233961158,0.9999847412109375,0.0,0.0
10045,1854,-107.10197,-837.5076,-0.011393928,-0.8644938,-17.48571,-2.9802322e-06,17.50706672668457,9.77888848075041e-09,-0.0005685090810661206,-1.620196233961158,0.9999847412109375,0.0,0.0
10046,1855,-107.14534,-838.385,-0.011406249,-0.8699811,-17.596704,-3.33786e-06,17.618196487426758,2.502929653892005e-09,-0.000597715362767842,-1.620196233961158,0.9999847412109375,0.0,0.0
10047,1855,-107.188995,-839.2679,-0.011415901,-0.8754935,-17.708202,-3.6811828e-06,17.72983169555664,5.034963198649314e-09,-0.000620603528850243,-1.620196233961158,0.9999847412109375,0.0,0.0
10048,1856,-107.232925,-840.1563,-0.011423377,-0.88102245,-17.820042,-3.5238265e-06,17.841808319091797,4.860340349509902e-09,-0.0006384849390795787,-1.620196233961158,0.9999847412109375,0.0,0.0
10049,1856,-107.27714,-841.0505,-0.011429252,-0.88656276,-17.9321,-3.519058e-06,17.954002380371094,4.947652022105812e-09,-0.0006521939769096819,-1.620196233961158,0.9999847412109375,0.0,0.0
10050,1857,-107.32161,-841.95013,-0.011433754,-0.89211065,-18.044315,-2.6559828e-06,18.066354751586914,7.828931761194353e-09,-0.0006628036439877591,-1.620196233961158,0.9999847412109375,0.0,0.0
10051,1857,-107.36636,-842.85547,-0.011437149,-0.8976638,-18.15664,-2.8276443e-06,18.178815841674805,2.91038366095712e-11,-0.0006709098356114316,-1.620196233961158,0.9999847412109375,0.0,0.0
10052,1858,-107.41139,-843.7663,-0.011439857,-0.9032209,-18.269041,-2.2125244e-06,18.29135513305664,0.0,-0.0006771087071526463,-1.620196233961158,0.9999847412109375,0.0,0.0
10053,1858,-107.4567,-844.68286,-0.011441879,-0.9087809,-18.3815,-2.6512146e-06,18.40395164489746,0.0,-0.0006818771048866629,-1.620196233961158,0.9999847412109375,0.0,0.0
10054,1858,-107.502304,-845.60504,-0.011443443,-0.91434324,-18.49401,-2.450943e-06,18.516599655151367,1.6007108972641324e-09,-0.00068569181007016,-1.620196233961158,0.9999847412109375,0.0,0.0
10055,1859,-107.54817,-846.5328,-0.011444664,-0.91990757,-18.60656,-3.223419e-06,18.62928581237793,1.0477380869412874e-09,-0.0006885528227031374,-1.620196233961158,0.9999847412109375,0.0,0.0
10056,1859,-107.59432,-847.46625,-0.011445617,-0.9254737,-18.719143,-2.7132035e-06,18.742006301879883,4.307367415173955e-09,-0.0006908178100013308,-1.620196233961158,0.9999847412109375,0.0,0.0
10057,1860,-107.64075,-848.4053,-0.01144638,-0.93104124,-18.831755,-3.1042098e-06,18.854755401611328,-2.91038366095712e-11,-0.0006926059510242644,-1.620196233961158,0.9199847412109375,0.0,0.0
10058,1860,-107.68745,-849.35,-0.011446495,-0.9364755,-18.941673,-2.4700164e-06,18.96480941772461,-2.91038366095712e-11,-0.0006926059510242644,-1.620196233961158,0.8399847412109376,0.0,0.0
10059,1861,-107.73442,-850.3,-0.011443634,-0.9415072,-19.04345,-3.0183792e-06,19.066709518432617,9.895304292237829e-10,-0.0006860494122673141,-1.620196233961158,0.7599847412109376,0.0,0.0
10060,1861,-107.78162,-851.25464,-0.011436119,-0.9459665,-19.133648,-3.0088424e-06,19.157018661499023,1.5716071304119313e-09,-0.0006680488229784541,-1.620196233961158,0.6799847412109377,0.0,0.0
10061,1862,-107.82903,-852.21356,-0.011423111,-0.9497531,-19.210232,-1.8119812e-06,19.23369598388672,1.0768418537934887e-09,-0.0006371736443319049,-1.620196233961158,0.5999847412109377,0.0,0.0
10062,1862,-107.87661,-853.17584,-0.011404686,-0.9528129,-19.27212,-2.6416778e-06,19.295658111572266,-2.91038366095712e-11,-0.0005933046322495608,-1.620196233961158,0.5199847412109377,0.0,0.0
10063,1863,-107.92432,-854.14075,-0.011381568,-0.95512336,-19.318848,-2.7513504e-06,19.342443466186523,0.0,-0.0005383491068138798,-1.620196233961158,0.4399847412109377,0.0,0.0
10064,1863,-107.972115,-855.10754,-0.011354561,-0.956681,-19.35035,-8.9645386e-07,19.373985290527344,-1.4551916367080876e-11,-0.0004739760950068524,-1.6201961008031034,0.3599847412109377,0.0,0.0
10065,1864,-108.019966,-856.0755,-0.011324653,-0.9574953,-19.366816,-1.3637542e-06,19.390470504760742,0.0,-0.0004028081538145356,-1.6201961008031034,0.2799847412109377,0.0,0.0
10066,1864,-108.06782,-857.04425,-0.011292762,-0.9575834,-19.368591,8.153915e-07,19.392248153686523,0.0,-0.00032711027053512266,-1.6201961008031034,0.19998474121093768,0.0,0.0
10067,1865,-108.11566,-858.0123,-0.011259651,-0.95696765,-19.356129,9.346008e-07,19.379770278930664,-1.4551916367080876e-11,-0.0002483129352304571,-1.6201961008031034,0.211761474609375,0.0,0.0
10068,1865,-108.16349,-858.9795,-0.011226425,-0.95580643,-19.332634,2.989769e-06,19.356246948242188,0.0,-0.00016927717678816157,-1.6201961008031034,0.291761474609375,0.0,0.0
10069,1866,-108.21125,-859.9454,-0.011195946,-0.95444936,-19.305185,4.467964e-06,19.328765869140625,1.182343024134356e-09,-9.70363558584782e-05,-1.6201961008031034,0.37176147460937503,0.0,0.0
10070,1866,-108.25893,-860.9099,-0.0111716455,-0.95323986,-19.28072,3.6907195e-06,19.304269790649414,0.0,-3.945827343674027e-05,-1.6201961008031034,0.45176147460937505,0.0,0.0
10071,1867,-108.30658,-861.8734,-0.011155509,-0.9523867,-19.263456,4.6920777e-06,19.286985397338867,1.8615082188527258e-09,-1.4305113960653936e-06,-1.6201961008031034,0.5317614746093751,0.0,0.0
10072,1867,-108.35418,-862.8363,-0.011148147,-0.95201963,-19.25603,2.4318695e-06,19.27954864501953,8.132701358861843e-09,1.5974043414772564e-05,-1.6201961008031034,0.611761474609375,0.0,0.0
10073,1868,-108.40176,-863.7991,-0.011148948,-0.95222217,-19.260132,3.8146973e-06,19.28365707397461,6.912159198937297e-10,1.3828276828632138e-05,-1.6201961008031034,0.691761474609375,0.0,0.0
10074,1868,-108.44941,-864.76245,-0.011157112,-0.95305336,-19.276937,3.7193297e-06,19.30048370361328,2.3130495224001454e-08,-5.6028360472772914e-06,-1.6201961008031034,0.7717614746093749,0.0,0.0
10075,1869,-108.4971,-865.7271,-0.011171379,-0.9545577,-19.307367,3.6525726e-06,19.330949783325195,2.328851966349651e-08,-3.957748094189389e-05,-1.6201961008031034,0.8517614746093749,0.0,0.0
10076,1869,-108.54488,-866.69366,-0.011190872,-0.9567733,-19.352182,2.1648407e-06,19.375818252563477,2.1813319326592274e-08,-8.606910283789218e-05,-1.6201961008031034,0.9317614746093749,0.0,0.0
10077,1869,-108.59279,-867.66296,-0.01121479,-0.9597348,-19.412083,2.131462e-06,19.435792922973633,1.6370904136090756e-08,-0.0001429319239740631,-1.6201961008031034,0.9999847412109375,0.0,0.0
10078,1870,-108.64088,-868.6356,-0.01124237,-0.96346253,-19.48748,2.374649e-06,19.511281967163086,1.60434857358954e-08,-0.00020849703521459462,-1.6201961008031034,0.9999847412109375,0.0,0.0
10079,1870,-108.68918,-869.6124,-0.011272392,-0.96784383,-19.576105,9.63211e-07,19.60001564025879,1.4551916367080876e-11,-0.0002800226111133563,-1.6201961008031034,0.9999847412109375,0.0,0.0
10080,1871,-108.7377,-870.5939,-0.011302413,-0.9726501,-19.673323,-3.8146972e-08,19.697351455688477,0.0,-0.0003511905523056731,-1.6201961008031034,0.9999847412109375,0.0,0.0
10081,1871,-108.78648,-871.5804,-0.011330108,-0.9777309,-19.776087,-1.2302398e-06,19.800241470336914,0.0,-0.0004172324935668191,-1.6201961008031034,0.9999847412109375,0.0,0.0
10082,1872,-108.8355,-872.572,-0.011354408,-0.98298824,-19.882431,-2.5606155e-06,19.906715393066406,0.0,-0.00047504899912618695,-1.6201961008031034,0.9999847412109375,0.0,0.0
10083,1872,-108.8848,-873.5692,-0.011374969,-0.98835564,-19.990997,-3.5858154e-06,20.01541519165039,5.791662872989976e-09,-0.0005239247995708869,-1.620196233961158,0.9999847412109375,0.0,0.0
10084,1873,-108.93437,-874.5718,-0.011391716,-0.9937887,-20.100895,-3.0708313e-06,20.125446319580078,6.0244935038599945e-09,-0.0005633830811349499,-1.620196233961158,0.9999847412109375,0.0,0.0
10085,1873,-108.98421,-875.5799,-0.011405182,-0.99926007,-20.211567,-2.0647049e-06,20.23625373840332,2.91038366095712e-11,-0.0005950927082539131,-1.620196233961158,0.9999847412109375,0.0,0.0
10086,1874,-109.03432,-876.59357,-0.011415634,-1.0047525,-20.322664,-3.2281876e-06,20.34748649597168,2.968590915632042e-09,-0.0006200075035154588,-1.620196233961158,0.9199847412109375,0.0,0.0
10087,1874,-109.0847,-877.61273,-0.011423264,-1.010122,-20.43127,-2.5463103e-06,20.456226348876953,2.6193452173532186e-10,-0.000637769669666689,-1.620196233961158,0.8399847412109376,0.0,0.0
10088,1875,-109.13534,-878.6371,-0.011426125,-1.0150931,-20.53182,-2.8514862e-06,20.55689811706543,3.725291086025113e-09,-0.0006445645665426878,-1.620196233961158,0.7599847412109376,0.0,0.0
10089,1875,-109.18622,-879.66626,-0.011422882,-1.019495,-20.620861,-3.0088424e-06,20.646047592163086,4.220056238630453e-09,-0.000636696798056645,-1.620196233961158,0.6799847412109377,0.0,0.0
10090,1876,-109.237305,-880.69946,-0.011413078,-1.0232209,-20.696228,-3.8862227e-06,20.721506118774414,0.0,-0.0006133317856989843,-1.620196233961158,0.5999847412109377,0.0,0.0
10091,1877,-109.28854,-881.7359,-0.011396904,-1.0262089,-20.756662,-3.0994415e-06,20.782014846801758,0.0,-0.0005747079526073354,-1.620196233961158,0.5199847412109377,0.0,0.0
10092,1877,-109.33992,-882.7751,-0.0113752745,-1.02843,-20.801588,-2.7942656e-06,20.826995849609375,0.0,-0.0005233287417268121,-1.620196233961158,0.4399847412109377,0.0,0.0
10093,1878,-109.39139,-883.816,-0.011349182,-1.0298785,-20.830881,-2.1028518e-06,20.8563232421875,0.0,-0.00046122071721797813,-1.6201961008031034,0.3599847412109377,0.0,0.0
10094,1878,-109.44291,-884.85803,-0.011319694,-1.0305619,-20.844696,-1.5735626e-06,20.870155334472656,1.9208529527038567e-09,-0.0003911256476357052,-1.6201961008031034,0.2799847412109377,0.0,0.0
10095,1879,-109.49447,-885.9002,-0.011287804,-1.0304967,-20.84337,-7.5817104e-07,20.86882972717285,-1.4551916367080876e-11,-0.0003151893412186624,-1.6201961008031034,0.19998474121093768,0.0,0.0
10096,1879,-109.54595,-886.94196,-0.011254349,-1.0297064,-20.827383,4.529953e-07,20.852821350097656,0.0,-0.00023567675275575244,-1.6201961008031034,0.11998474121093768,0.0,0.0
10097,1880,-109.59741,-887.9825,-0.011220169,-1.0282167,-20.797245,1.9025803e-06,20.822647094726562,9.094946673376475e-10,-0.00015425681170109395,-1.6201961008031034,0.039984741210937674,0.0,0.0
10098,1880,-109.64876,-889.0212,-0.011185608,-1.0260541,-20.7535,3.1280517e-06,20.77884864807129,0.0,-7.224082905700604e-05,-1.6201961008031034,0.0,0.0,0.0
10099,1881,-109.69999,-890.0574,-0.011151352,-1.0232933,-20.697657,4.076958e-06,20.722936630249023,6.064510547714623e-09,9.059905508414159e-06,-1.6201961008031034,0.0,0.0,0.0
10100,1881,-109.75106,-891.0905,-0.011118927,-1.0201252,-20.633574,4.0102004e-06,20.658775329589844,0.0,8.571147625877e-05,-1.6201961008031034,0.0,0.0,0.0
10101,1882,-109.80198,-892.12024,-0.011090088,-1.0167271,-20.564844,3.6144256e-06,20.589962005615234,0.0,0.00015449523483872384,-1.6201961008031034,0.0,0.0,0.0
10102,1882,-109.852715,-893.14655,-0.011065636,-1.0132027,-20.493557,3.4952163e-06,20.518587112426758,7.275957214688078e-12,0.00021207331726046176,-1.6201961008031034,0.0,4.985245821080245e-07,0.0
10103,1883,-109.90326,-894.1692,-0.011045837,-1.0096138,-20.420923,4.029274e-06,20.445865631103516,0.0,0.00025892256979924357,-1.6201961008031034,0.0,1.5379614875099102e-05,0.0
10104,1883,-109.95364,-895.1882,-0.011030312,-1.0060531,-20.347631,3.7288664e-06,20.372488021850586,1.4551916367080876e-11,0.00029611584781046783,-1.6201974323836486,0.0,4.697922993687919e-05,0.0
10105,1884,-110.00385,-896.2035,-0.011018371,-1.0026023,-20.274076,3.604889e-06,20.298852920532227,-5.326292337645575e-07,0.0003238916231957004,-1.620202092915556,0.0,0.0001055202567954438,0.0
10106,1884,-110.0539,-897.2152,-0.011009178,-0.99937797,-20.200481,2.1505355e-06,20.225187301635742,-1.5978876377989642e-06,0.00034570691766805747,-1.620214476614625,0.0,0.0001478065106687513,0.0
10107,1885,-110.10377,-898.2232,-0.011002541,-0.9963121,-20.126984,2.0170212e-06,20.151628494262695,-3.1957897523914208e-06,0.0003612041290303849,-1.6202387113805448,0.0,0.0001610837805254796,0.0
10108,1885,-110.153496,-899.2275,-0.010997734,-0.99331236,-20.053661,2.1076203e-06,20.0782470703125,-4.79370672474562e-06,0.00037288663520921526,-1.620272933000552,0.0,0.00016703692548221454,0.0
10109,1886,-110.20306,-900.2282,-0.010994224,-0.990389,-19.980556,2.374649e-06,20.00508689880371,-5.858936111698333e-06,0.0003807544362045486,-1.6203158098941024,0.0,0.00016703692548221454,0.0
10110,1886,-110.25248,-901.22516,-0.010991859,-0.9875411,-19.907698,4.372597e-06,19.93217658996582,-7.4568525760948665e-06,0.0003867149171174241,-1.6203642794259419,0.0,0.00016703692548221454,0.0
10111,1887,-110.30174,-902.2185,-0.010990257,-0.984777,-19.83509,2.4557114e-06,19.859521865844727,-8.52211142459223e-06,0.00038993356445684636,-1.620416344225253,0.0,0.00016703692548221454,0.0
10112,1887,-110.3509,-903.2083,-0.010989189,-0.9820907,-19.762747,2.565384e-06,19.787134170532227,-1.0119998935401778e-05,0.00039255615395219394,-1.620470539553436,0.0,0.00016703692548221454,0.0
10113,1888,-110.3999,-904.1945,-0.010988616,-0.9794733,-19.69067,3.5285948e-06,19.715015411376953,-1.1185271498756137e-05,0.0003941059043467883,-1.6205268654104912,0.0,0.00016703692548221454,0.0
10114,1888,-110.44878,-905.17706,-0.010988274,-0.9769133,-19.618862,2.7132035e-06,19.643169403076172,-1.2250545078025828e-05,0.0003945827181127574,-1.620583857057819,0.0,0.00016703692548221454,0.0
10115,1889,-110.497536,-906.156,-0.010988197,-0.97439903,-19.547323,1.9502638e-06,19.57159423828125,-1.3315788179835533e-05,0.0003945827181127574,-1.6206408487051467,0.0,0.00016703692548221454,0.0
10116,1889,-110.54617,-907.1314,-0.010988426,-0.971919,-19.476055,2.6750563e-06,19.50029182434082,-1.4381075981919883e-05,0.0003945827181127574,-1.6206994382491284,0.0,0.00016703692548221454,0.0
10117,1890,-110.594666,-908.1033,-0.010988655,-0.9694678,-19.405056,2.4795531e-06,19.429258346557617,-1.4913705152189733e-05,0.0003941059043467883,-1.6207570956867285,0.0,0.00016703692548221454,0.0
10118,1890,-110.643036,-909.07153,-0.010988922,-0.9670386,-19.334326,3.0755996e-06,19.35849380493164,-1.597894926991477e-05,0.0003931522117962687,-1.6208154189146013,0.0,0.00016703692548221454,0.0
10119,1891,-110.69131,-910.0363,-0.010989417,-0.9646262,-19.263866,1.9121169e-06,19.28800392150879,-1.6511593678914614e-05,0.00039207934018622477,-1.620874008458583,0.0,0.00016703692548221454,0.0
10120,1891,-110.73945,-910.99756,-0.010989837,-0.96222687,-19.19367,1.0728836e-06,19.2177734375,-1.6511593678914614e-05,0.0003910064360668903,-1.6209320653703467,0.0,0.00016703692548221454,0.0
10121,1892,-110.787476,-911.9553,-0.010990257,-0.959837,-19.123743,1.5830993e-06,19.147815704345703,-1.704425129481378e-05,0.00038993356445684636,-1.6209893233337835,0.0,0.00016703692548221454,0.0
10122,1892,-110.835365,-912.9095,-0.010990829,-0.9574515,-19.054081,3.0183792e-06,19.078121185302734,-1.704420761045447e-05,0.00038826463500272774,-1.6210471139294382,0.0,0.00016703692548221454,0.0
10123,1893,-110.88315,-913.8603,-0.010991325,-0.9550703,-18.984684,3.6239624e-07,19.008691787719727,-1.7576881480998964e-05,0.0003873109749614988,-1.6211039724187115,0.0,0.00016703692548221454,0.0
10124,1893,-110.93082,-914.8076,-0.010991936,-0.95269346,-18.915552,1.578331e-06,18.939529418945312,-1.757685100353898e-05,0.0003862380708421643,-1.621161496698257,0.0,0.00016703692548221454,0.0
10125,1894,-110.97838,-915.7515,-0.010992431,-0.9503209,-18.846682,1.1444091e-06,18.87062644958496,-1.757685100353898e-05,0.00038456914138804566,-1.6212188878197484,0.0,0.00016703692548221454,0.0
10126,1894,-111.02579,-916.692,-0.010992889,-0.94795346,-18.778072,-4.673004e-07,18.801984786987305,-1.7576867258184303e-05,0.00038337705820918683,-1.621276145783185,0.0,0.00016703692548221454,0.0
10127,1894,-111.073105,-917.62897,-0.0109935375,-0.94559073,-18.709724,2.2888183e-07,18.733604431152344,-1.7576867258184303e-05,0.0003823041865991429,-1.6213338032207854,0.0,0.00016703692548221454,0.0
10128,1895,-111.12029,-918.56256,-0.010994034,-0.94323254,-18.64164,4.005432e-07,18.66548728942871,-1.7576867258184303e-05,0.0003807544362045486,-1.6213906617100584,0.0,0.00016703692548221454,0.0
10129,1895,-111.16737,-919.4928,-0.010994644,-0.94087535,-18.57381,-1.1777878e-06,18.597625732421875,-1.7576895703813622e-05,0.00037980077616331967,-1.6214471207251682,0.0,0.00016703692548221454,0.0
10130,1896,-111.21433,-920.4196,-0.010995292,-0.9385195,-18.506239,-2.8610228e-07,18.53002166748047,-1.757685100353898e-05,0.000378251058278016,-1.6215035797402777,0.0,0.00016703692548221454,0.0
10131,1896,-111.26116,-921.3431,-0.010995827,-0.93616575,-18.438925,-1.5449524e-06,18.462675094604492,-1.757685100353898e-05,0.0003765821288238974,-1.6215595061231696,0.0,0.00016703692548221454,0.0
10132,1897,-111.30788,-922.26324,-0.010996322,-0.93381137,-18.371864,-1.2445449e-06,18.395580291748047,-1.7576881480998964e-05,0.00037550925721385346,-1.6216152993480066,0.0,0.00016703692548221454,0.0
10133,1897,-111.35448,-923.18005,-0.010996933,-0.93145764,-18.305058,-1.2016296e-06,18.3287410736084,-1.704423707199912e-05,0.00037395950681925913,-1.6216710925728437,0.0,0.0001891309691451164,0.0
10134,1898,-111.40097,-924.09357,-0.010997429,-0.9291969,-18.2385,-3.3187866e-06,18.262155532836914,-1.7576836780724317e-05,0.00037288663520921526,-1.6217280842201716,0.0,0.00020230549598700503,0.0
10135,1898,-111.44735,-925.00366,-0.010998,-0.9269788,-18.172194,-3.8719177e-06,18.195819854736328,-1.757685100353898e-05,0.0003718137635991714,-1.6217878721866437,0.0,0.00027714154869592535,0.0
10136,1899,-111.49363,-925.91046,-0.0109986495,-0.9250628,-18.106123,-1.5306473e-06,18.12973976135254,-1.864213982153866e-05,0.00037014483414505277,-1.6218557827944409,0.0,0.0004929851736898161,0.0
10137,1899,-111.5398,-926.81396,-0.010999183,-0.9239953,-18.04026,-1.1396407e-06,18.063907623291016,-2.1305284656972574e-05,0.0003690719300257182,-1.621946463429558,0.0,0.000645182636903714,0.0
10138,1900,-111.58594,-927.7141,-0.01099968,-0.9234213,-17.97462,-2.579689e-06,17.99832534790039,-2.5566362719406013e-05,0.0003674030005715996,-1.6220734962135548,0.0,0.0007990834008266489,0.0
10139,1900,-111.63206,-928.6111,-0.01100029,-0.9234121,-17.909197,-1.7023086e-06,17.932987213134766,-3.1425313053919e-05,0.00036644934053037064,-1.6222410090461208,0.0,0.0009334540108008556,0.0
10140,1900,-111.67817,-929.50476,-0.011000824,-0.9239486,-17.843992,-1.3828277e-06,17.867897033691406,-3.7816891542786515e-05,0.000364899622645067,-1.6224515319302915,0.0,0.0009334540108008556,0.0
10141,1901,-111.72426,-930.3952,-0.011001358,-0.9245441,-17.77903,-2.117157e-06,17.80305290222168,-4.3675841877299506e-05,0.00036382671852573244,-1.6226956106441972,0.0,0.0009334540108008556,0.0
10142,1901,-111.77041,-931.2824,-0.011001891,-0.9253351,-17.714302,-3.4952163e-06,17.738452911376953,-4.900216405745798e-05,0.0003622770006404288,-1.6229608614887692,0.0,0.0009756967261183201,0.0
10143,1902,-111.81658,-932.1663,-0.011002464,-0.9265243,-17.649797,-2.2315978e-06,17.674100875854492,-5.432848623761646e-05,0.0003612041290303849,-1.6232418249837726,0.0,0.0009756967261183201,0.0
10144,1902,-111.86284,-933.047,-0.011002998,-0.9278857,-17.585524,-1.4400482e-06,17.6099853515625,-5.912217619975909e-05,0.000360131257420341,-1.6235347727036813,0.0,0.0009756967261183201,0.0
10145,1903,-111.90915,-933.9245,-0.011003532,-0.92940956,-17.521484,-3.0660628e-06,17.54611587524414,-6.338322988022454e-05,0.00035846232796622236,-1.623834644642424,0.0,0.0009756967261183201,0.0
10146,1903,-111.955536,-934.7989,-0.011004066,-0.9310668,-17.457676,-2.8562545e-06,17.482486724853516,-6.764430387899665e-05,0.0003573894238468878,-1.6241390439550203,0.0,0.0009756967261183201,0.0
10147,1903,-112.00201,-935.67,-0.011004714,-0.9328227,-17.394102,-1.0299682e-06,17.419095993041992,-7.137272534144624e-05,0.000356197340668029,-1.6244453074803793,0.0,0.0009756967261183201,0.0
10148,1904,-112.04857,-936.53796,-0.011005249,-0.93464315,-17.330761,-1.8167495e-06,17.355945587158203,-7.403588643152549e-05,0.00035464762278272533,-1.6247531689023924,0.0,0.0009756967261183201,0.0
10149,1904,-112.09522,-937.4029,-0.011005744,-0.93650436,-17.267656,-1.3875961e-06,17.293033599853516,-7.669904752160473e-05,0.00035369393023220575,-1.6250619624307872,0.0,0.0014487778135502721,0.0
10150,1905,-112.14202,-938.2646,-0.011006203,-0.9403259,-17.204678,-1.1587142e-06,17.23035430908203,-8.309062601047223e-05,0.0003521442123469021,-1.6254021812600448,0.0,0.002758078087919312,0.0
10151,1905,-112.18909,-939.12305,-0.011006813,-0.94915885,-17.14164,-1.6403197e-06,17.167898178100586,-0.00010120010516836572,0.00035107134073685816,-1.6258754249857519,0.0,0.004046821859894589,0.0
10152,1906,-112.236626,-939.97833,-0.011007347,-0.9622484,-17.078566,1.2397766e-07,17.10565185546875,-0.00013102755001386651,0.0003499984691268143,-1.6265827605712768,0.0,0.004457027574281553,0.0
10153,1906,-112.284744,-940.8305,-0.011007766,-0.9760732,-17.015663,-4.2438506e-07,17.043636322021484,-0.00016351810718551055,0.00034832953967269567,-1.627526052229383,0.0,0.004521552098914844,0.0
10154,1906,-112.33347,-941.6797,-0.011008339,-0.9902017,-16.952963,-4.1007993e-07,16.981857299804688,-0.00019174761474035048,0.00034725663555336113,-1.6286407183036358,0.0,0.004521552098914844,0.0
10155,1907,-112.38288,-942.5256,-0.0110088345,-1.005049,-16.890436,2.002716e-07,16.920312881469727,-0.0002157160482964183,0.00034618376394331726,-1.6298624434537095,0.0,0.004521552098914844,0.0
10156,1907,-112.43304,-943.3684,-0.011009331,-1.0208216,-16.828058,-2.9563904e-07,16.858991622924805,-0.00023755395298042273,0.0003451108598239827,-1.6311507476310354,0.0,0.004521552098914844,0.0
10157,1908,-112.48396,-944.2082,-0.0110098645,-1.0374516,-16.765835,-3.9577483e-07,16.797903060913086,-0.00025779400977431557,0.0003434419303698641,-1.63247833343444,0.0,0.004521552098914844,0.0
10158,1908,-112.53575,-945.04474,-0.011010285,-1.0547675,-16.703768,-1.4352798e-06,16.737037658691406,-0.0002764361536595156,0.0003423690587598202,-1.6338286892651646,0.0,0.004521552098914844,0.0
10159,1909,-112.58841,-945.87823,-0.01101078,-1.0725787,-16.641869,3.814697e-07,16.6763973236084,-0.00029348035212673206,0.00034141539871859126,-1.6351915619530126,0.0,0.004521552098914844,0.0
10160,1909,-112.64198,-946.7087,-0.011011428,-1.0907134,-16.580147,9.727478e-07,16.615983963012695,-0.0003078614220131599,0.0003403424945992567,-1.636560826227477,0.0,0.004521552098914844,0.0
10161,1909,-112.69644,-947.5361,-0.01101181,-1.1090305,-16.518612,-8.7261196e-07,16.55579948425293,-0.0003201119305182338,0.00033926962298921285,-1.6379318215566496,0.0,0.004521552098914844,0.0
10162,1910,-112.75182,-948.3603,-0.01101242,-1.1274165,-16.457266,-2.040863e-06,16.495838165283203,-0.00033023197516982554,0.0003377199051039092,-1.639302950043877,0.0,0.004521552098914844,0.0
10163,1910,-112.80814,-949.1815,-0.011012878,-1.1457862,-16.396114,-1.4305115e-06,16.43610191345215,-0.00033875405814878844,0.00033664700098457465,-1.6406714153700142,0.0,0.004521552098914844,0.0
10164,1911,-112.86535,-949.9997,-0.011013374,-1.1640791,-16.335161,4.7206876e-07,16.376585006713867,-0.00034461304505625345,0.0003355741293745307,-1.6420381496414427,0.0,0.004625725852640972,0.0
10165,1911,-112.923515,-950.8149,-0.011013794,-1.182674,-16.274378,-9.536743e-07,16.31729507446289,-0.0003504719669451371,0.00033450125776448685,-1.643407946548125,0.0,0.004715251259753568,0.0
10166,1911,-112.98256,-951.62695,-0.011014213,-1.2013978,-16.213776,-2.3937225e-06,16.258224487304688,-0.0003552656569072797,0.0003334283536451523,-1.6447902603119307,0.0,0.004715251259753568,0.0
10167,1912,-113.04257,-952.4361,-0.011014786,-1.2198689,-16.153381,-2.2888182e-06,16.199377059936523,-0.0003589941149426813,0.0003317594241910337,-1.6461824277717696,0.0,0.004715251259753568,0.0
10168,1912,-113.10348,-953.24207,-0.011015319,-1.2381648,-16.093191,-1.8119812e-06,16.140750885009766,-0.00036165721101417926,0.0003306865525809898,-1.6475788562893527,0.0,0.004715251259753568,0.0
10169,1913,-113.1653,-954.0452,-0.0110157775,-1.25631,-16.033201,-1.5258788e-06,16.082345962524414,-0.00036325520519609876,0.00032961368097094595,-1.6489767495455352,0.0,0.004715251259753568,0.0
10170,1913,-113.228035,-954.8453,-0.011016235,-1.2743058,-15.973411,-1.6021728e-06,16.024158477783203,-0.0003637877723955333,0.00032865998842042637,-1.6503735775372819,0.0,0.004715251259753568,0.0
10171,1913,-113.29166,-955.64233,-0.011016769,-1.292141,-15.913819,-1.988411e-06,15.966192245483398,-0.00036432040461354916,0.00032758711681038244,-1.6517677423679382,0.0,0.004715251259753568,0.0
10172,1914,-113.35616,-956.43646,-0.011017227,-1.3098058,-15.854427,-2.0122527e-06,15.908439636230469,-0.00036432040461354916,0.0003260373989250788,-1.6531592440375047,0.0,0.004715251259753568,0.0
10173,1914,-113.42156,-957.22754,-0.011017761,-1.3272898,-15.7952385,-8.2969666e-07,15.850907325744629,-0.00036325520519609876,0.00032496449480574424,-1.654547549913763,0.0,0.004715251259753568,0.0
10174,1915,-113.48781,-958.01575,-0.01101818,-1.344586,-15.736251,-1.9836425e-06,15.793590545654297,-0.00036272247545021094,0.0003238916231957004,-1.6559318610483862,0.0,0.004715251259753568,0.0
10175,1915,-113.55493,-958.80096,-0.011018715,-1.3616891,-15.677466,-4.711151e-06,15.736491203308105,-0.00036112461130545406,0.0003228187515856565,-1.6573123105994287,0.0,0.004715251259753568,0.0
10176,1915,-113.62291,-959.58325,-0.011019172,-1.3785946,-15.61888,-8.249283e-07,15.67960262298584,-0.0003600593143601317,0.00032174584746632196,-1.6586887654088363,0.0,0.004715251259753568,0.0
10177,1916,-113.69173,-960.3626,-0.011019745,-1.3952998,-15.5605,-1.8835067e-06,15.622933387756348,-0.0003584615152339561,0.00032067297585627804,-1.6600614917927174,0.0,0.004804099626069127,0.0
10178,1916,-113.761375,-961.1391,-0.01102024,-1.4121625,-15.502285,-8.869171e-07,15.566472053527832,-0.00035739615327005247,0.0003190040464021594,-1.6614359492313073,0.0,0.005533311963501154,0.0
10179,1917,-113.831924,-961.91266,-0.011020699,-1.4316909,-15.443984,-7.6770783e-07,15.510202407836914,-0.0003627225404687922,0.0003179311422828249,-1.6628642025239169,0.0,0.009028923389297252,0.0
10180,1917,-113.90372,-962.68335,-0.011021156,-1.4644061,-15.384466,-1.3399124e-06,15.454005241394043,-0.000398408899075854,0.0003173351169480408,-1.6645949909163593,0.0,0.015179164716009563,0.0
10181,1917,-113.977455,-963.451,-0.011021385,-1.5182207,-15.322615,-3.33786e-08,15.397645950317383,-0.0004900215755559986,0.00031626221282870625,-1.6670811849520029,0.0,0.021613018857251833,0.0
10182,1918,-114.053955,-964.21545,-0.011021385,-1.5914395,-15.258237,-5.102157e-07,15.3410062789917,-0.0006348976688934717,0.00031626221282870625,-1.6707298488034659,0.0,0.022905896811052644,0.0
10183,1918,-114.13361,-964.97675,-0.011021461,-1.6639838,-15.1937895,-4.18663e-06,15.284635543823242,-0.0007792409999757664,0.00031626221282870625,-1.675452299206449,0.0,0.02346340079963983,0.0
10184,1919,-114.216606,-965.735,-0.011021538,-1.7381873,-15.128983,-2.040863e-06,15.228506088256836,-0.000900681015646217,0.0003159046106315521,-1.6809076515414219,0.0,0.023758751188326308,0.0
10185,1919,-114.30324,-966.4898,-0.011021767,-1.8155121,-15.063553,-5.1259995e-06,15.172564506530762,-0.0010050769953959045,0.00031530855278747734,-1.6868395765534643,0.0,0.023758751188326308,0.0
10186,1919,-114.39365,-967.2415,-0.011022071,-1.8955171,-14.997487,-2.9373168e-06,15.116799354553223,-0.0010966896068574678,0.00031483170651221755,-1.6930601882276715,0.0,0.023758751188326308,0.0
10187,1920,-114.488075,-967.99,-0.011022262,-1.9781532,-14.930723,-2.1839141e-06,15.06119441986084,-0.0011781823362138923,0.00031423568117743347,-1.6994459158894633,0.0,0.023758751188326308,0.0
10188,1920,-114.58662,-968.735,-0.011022606,-2.06284,-14.863287,-3.1375885e-06,15.005752563476562,-0.0012506203178640476,0.00031316277705809893,-1.705920859447773,0.0,0.023758751188326308,0.0
10189,1920,-114.68943,-969.4767,-0.011022949,-2.1488814,-14.7952385,-1.411438e-06,14.950477600097656,-0.0013140035518079336,0.00031268596329212976,-1.7124400114801779,0.0,0.023758751188326308,0.0
10190,1921,-114.79657,-970.21497,-0.011023292,-2.2356472,-14.726655,-2.5892257e-06,14.895384788513184,-0.0013677995358646966,0.0003116130591727952,-1.718976873533832,0.0,0.023758751188326308,0.0
10191,1921,-114.908035,-970.9498,-0.01102356,-2.3226247,-14.657603,4.2915343e-07,14.840482711791992,-0.0014120077498856868,0.00031113621289753543,-1.725516398748576,0.0,0.023758751188326308,0.0
10192,1922,-115.023865,-971.68134,-0.011023979,-2.4094226,-14.588145,-4.7683715e-09,14.78577995300293,-0.0014476942385299113,0.00031006334128749156,-1.7320488665864313,0.0,0.023758751188326308,0.0
10193,1922,-115.14401,-972.4092,-0.011024322,-2.4957573,-14.5183325,-9.679794e-07,14.73128604888916,-0.0014753909838295727,0.0003094672834434168,-1.738568151776891,0.0,0.023758751188326308,0.0
10194,1922,-115.26847,-973.13367,-0.011024628,-2.5814297,-14.4482,-2.2363663e-06,14.676998138427734,-0.0014956311381513377,0.00030839441183337293,-1.7450726564233003,0.0,0.023758751188326308,0.0
10195,1923,-115.39719,-973.8546,-0.011025047,-2.666306,-14.377784,-1.1157989e-06,14.622922897338867,-0.0015094795758197495,0.00030791756555811314,-1.7515598505226244,0.0,0.023758751188326308,0.0
10196,1923,-115.530136,-974.5721,-0.011025429,-2.7502935,-14.307112,2.670288e-07,14.569062232971191,-0.0015185343235260191,0.0003068446939480693,-1.7580281361782089,0.0,0.023758751188326308,0.0
10197,1923,-115.667274,-975.2859,-0.011025848,-2.8333309,-14.236202,-1.6498566e-06,14.515413284301758,-0.0015233281435253242,0.00030565261076921044,-1.7644776465481082,0.0431365966796875,0.023758751188326308,0.0
10198,1924,-115.808556,-975.9964,-0.011026573,-2.9156392,-14.166236,-1.3971328e-06,14.463166236877441,-0.0015249260401793718,0.0003045797066498759,-1.7709078490001047,0.1231365966796875,0.023758751188326308,0.0
10199,1924,-115.95395,-976.7033,-0.011028366,-2.9977794,-14.099771,1.4305114e-07,14.41493034362793,-0.0015238605156690148,0.00029993055299396487,-1.7773180777439253,0.2031365966796875,0.023758751188326308,0.0
10200,1924,-116.103485,-977.4072,-0.011032676,-3.0804293,-14.0396595,-1.3589859e-06,14.373624801635742,-0.0015206648523980824,0.0002897977647004382,-1.783708465937625,0.2831365966796875,0.023758751188326308,0.0
10201,1925,-116.25717,-978.1083,-0.011040229,-3.164063,-13.987636,-2.6226044e-07,14.341032981872559,-0.0015164039246911183,0.00027167796384276315,-1.790080212003694,0.3631365966796875,0.023758751188326308,0.0
10202,1925,-116.415115,-978.807,-0.0110514825,-3.2490585,-13.944795,-2.336502e-07,14.31829833984375,-0.001511610104691813,0.00024509428789103475,-1.7964349138387865,0.4431365966796875,0.023758751188326308,0.0
10203,1925,-116.57734,-979.50397,-0.011066017,-3.3357527,-13.911884,-1.1348724e-06,14.306214332580566,-0.001505751020256476,0.00021040438780634314,-1.8027764330264833,0.5231365966796875,0.023758751188326308,0.0
10204,1926,-116.74395,-980.1995,-0.011083869,-3.424481,-13.889448,-4.4822693e-07,14.305377960205078,-0.0014993595636774485,0.00016832350049228732,-1.8091094300986916,0.6031365966796874,0.023758751188326308,0.0
10205,1926,-116.91509,-980.8942,-0.01110424,-3.515594,-13.877945,3.2901762e-06,14.31631088256836,-0.0014935007393164369,0.0001199245381955245,-1.8154398971678647,0.6831365966796874,0.023758751188326308,0.0
10206,1926,-117.09086,-981.5886,-0.0111269755,-3.6094692,-13.87776,2.9563903e-06,14.339473724365234,-0.0014876416548811,6.55651071768702e-05,-1.821773959504509,0.7631365966796874,0.023758751188326308,0.0
10207,1926,-117.27143,-982.2835,-0.0111516565,-3.7065065,-13.889266,6.6280364e-07,14.375322341918945,-0.001483380597136973,6.914138414316069e-06,-1.8281198729080044,0.8431365966796873,0.023758751188326308,0.0
10208,1927,-117.456924,-982.9792,-0.011178283,-3.807139,-13.912843,-1.4305114e-08,14.424337387084961,-0.0014796520415736995,-5.6624410189525e-05,-1.8344832300166396,0.9231365966796873,0.023758751188326308,0.0
10209,1927,-117.64757,-983.67645,-0.011206665,-3.9118211,-13.948871,-1.8787383e-06,14.487006187438965,-0.0014780538848453268,-0.00012397765838932878,-1.8408729524200669,0.9999847412109375,0.023758751188326308,0.0
10210,1927,-117.84353,-984.3761,-0.0112365335,-4.0210166,-13.997691,-6.4849854e-07,14.563788414001465,-0.001478054144919652,-0.00019502638801283066,-1.847295431704902,0.9999847412109375,0.023758751188326308,0.0
10211,1928,-118.04508,-985.0783,-0.011267509,-4.1345506,-14.057351,-3.7908553e-06,14.652769088745117,-0.0014807174360468938,-0.00026845930024869556,-1.8537558610352707,0.9999847412109375,0.023758751188326308,0.0
10212,1928,-118.252426,-985.78375,-0.011297417,-4.251519,-14.12354,-1.5306473e-06,14.749568939208984,-0.0014855109959718738,-0.0003398656808332876,-1.8602575693625356,0.9999847412109375,0.023758751188326308,0.0
10213,1929,-118.46566,-986.49255,-0.011324692,-4.3713408,-14.193455,-1.4734268e-06,14.851356506347656,-0.0014929677169869331,-0.0004044770832686542,-1.8668026872155687,0.9999847412109375,0.023758751188326308,0.0
10214,1929,-118.68495,-987.20514,-0.011348228,-4.493632,-14.265304,-1.3208389e-06,14.956323623657227,-0.001502555226948381,-0.00046050544780508847,-1.8733897498557708,0.9999847412109375,0.023758751188326308,0.0
10215,1929,-118.910385,-987.9212,-0.011367798,-4.6181455,-14.337933,-1.5974044e-06,15.063319206237793,-0.001514273005707567,-0.0005072355050297007,-1.8800190235992504,0.9999847412109375,0.023758751188326308,0.0
10216,1930,-119.142105,-988.6409,-0.011383972,-4.74472,-14.410595,-7.5817104e-07,15.171606063842773,-0.0015281213133388164,-0.0005451440361991692,-1.88668997581379,0.9999847412109375,0.023758751188326308,0.0
10217,1930,-119.38018,-989.3644,-0.011396713,-4.873244,-14.482811,-1.2779235e-06,15.280716896057129,-0.0015435679077356013,-0.0005755424010797493,-1.8934024733413348,0.9999847412109375,0.023758751188326308,0.0
10218,1930,-119.62474,-990.0914,-0.011406822,-5.003644,-14.554262,-2.0503997e-07,15.39035415649414,-0.0015606120086749458,-0.0005993842597126699,-1.9001558503916123,0.9999847412109375,0.023758751188326308,0.0
10219,1931,-119.87587,-990.822,-0.011414719,-5.1358714,-14.624735,-3.004074e-07,15.500324249267578,-0.0015781888718694687,-0.0006178616952767897,-1.9069499738065678,0.9999847412109375,0.023758751188326308,0.0
10220,1931,-120.13364,-991.5561,-0.011420745,-5.269891,-14.694084,-1.0490418e-06,15.610504150390625,-0.0015968312595743487,-0.0006322860675383639,-1.9137844441120382,0.9999847412109375,0.023758751188326308,0.0
10221,1931,-120.39816,-992.29364,-0.011425514,-5.405677,-14.762208,-3.8957596e-06,15.720818519592285,-0.001616005759348594,-0.0006433725158731196,-1.9206587286758052,0.9999847412109375,0.023758751188326308,0.0
10222,1932,-120.66952,-993.0346,-0.011428909,-5.543215,-14.82903,1.1539458e-06,15.831214904785156,-0.0016362460437075214,-0.0006517171306344221,-1.927573093813978,0.9999847412109375,0.023758751188326308,0.0
10223,1932,-120.94777,-993.7789,-0.011431847,-5.682483,-14.894496,-3.042221e-06,15.941662788391113,-0.0016559534357741077,-0.0006582736693913723,-1.9345267405782294,0.9999847412109375,0.0002757817698789619,0.0
10224,1933,-121.23103,-994.5272,-0.01143425,-5.735417,-14.994296,1.5974044e-06,16.053783416748047,-0.0014769888804836203,-0.0006643533618730627,-1.9399203075759124,0.9999847412109375,0.0,0.0
10225,1933,-121.51835,-995.28,-0.011436767,-5.806595,-15.086937,1.4734268e-06,16.165773391723633,-0.0012548812455710119,-0.0006694793618042336,-1.9432469952515847,0.9999847412109375,0.0,0.0
10226,1933,-121.80986,-996.03723,-0.01143837,-5.8811545,-15.178187,1.4305115e-06,16.277755737304688,-0.001088167491369214,-0.0006738900923225147,-1.9452946998137468,0.9999847412109375,0.0,0.0
10227,1934,-122.10537,-996.7989,-0.011440048,-5.9524546,-15.270683,1.3399124e-06,16.389799118041992,-0.0009566075285750437,-0.0006774663743683818,-1.946559834489589,0.9999847412109375,0.0,0.0
10228,1934,-122.40448,-997.5652,-0.011441002,-6.018405,-15.365284,3.695488e-06,16.50191307067871,-0.0008399609427924104,-0.0006803273870013592,-1.9473418717436906,0.9999847412109375,0.0,0.0
10229,1935,-122.70684,-998.33624,-0.011442032,-6.078927,-15.462041,1.6450881e-06,16.614091873168945,-0.0007297060086445486,-0.0006824731302214471,-1.94782789864263,0.9999847412109375,0.0,0.0
10230,1935,-123.01218,-999.11206,-0.011442871,-6.1347227,-15.560682,-9.4890595e-07,16.726316452026367,-0.0006253102239506051,-0.0006843805153224862,-1.9481305669005176,0.9999847412109375,0.0,0.0
10231,1935,-123.320244,-999.89294,-0.011443481,-6.186714,-15.660858,-5.9604645e-07,16.83858299255371,-0.0005273057983078173,-0.00068569181007016,-1.9483193850218041,0.9999847412109375,0.0012666378747780982,0.0
10232,1936,-123.63097,-1000.6787,-0.011443863,-6.24063,-15.76028,2.8896332e-06,16.95086669921875,-0.00044954155949608474,-0.0006868838607397282,-1.948525114216013,0.9999847412109375,0.012470853637589652,0.0
10233,1936,-123.94521,-1001.4691,-0.011444168,-6.3338103,-15.843434,-4.863739e-07,17.062578201293945,-0.00048096682784972913,-0.0006873607070149879,-1.9495702717858143,0.9999847412109375,0.0213308379902522,0.0
10234,1937,-124.264175,-1002.2637,-0.011443863,-6.450708,-15.916082,-4.6253203e-07,17.173622131347656,-0.0006162552811885918,-0.0006870031048178338,-1.952278173982207,0.9999847412109375,0.022674095751665176,0.0
10235,1937,-124.58828,-1003.0621,-0.01144371,-6.5662284,-15.98911,-2.131462e-06,17.28487777709961,-0.0007648596700150133,-0.0006864070794830497,-1.9565554770089832,0.9999847412109375,0.02321220000902713,0.0
10236,1938,-124.91781,-1003.8644,-0.011443557,-6.685513,-16.06022,-4.4488906e-06,17.39617156982422,-0.0008958873256840744,-0.0006861686563454198,-1.9619393234686875,0.9999847412109375,0.023410918599640635,0.0
10237,1938,-125.253174,-1004.6702,-0.0114434045,-6.8112974,-16.128098,-2.2315978e-06,17.507408142089844,-0.001016794904192253,-0.0006860494122673141,-1.9680753797782846,0.9999847412109375,0.023410918599640635,0.0
10238,1939,-125.59484,-1005.47943,-0.011443595,-6.944285,-16.192274,-3.9863585e-06,17.6185359954834,-0.001135571628735462,-0.0006860494122673141,-1.974712776163089,0.9999847412109375,0.023410918599640635,0.0
10239,1939,-125.94324,-1006.2919,-0.011443634,-7.084537,-16.25255,-9.775162e-07,17.729524612426758,-0.001254348613352996,-0.0006862878354049441,-1.981682934526099,0.9999847412109375,0.023410918599640635,0.0
10240,1940,-126.298744,-1007.10724,-0.011443748,-7.231393,-16.309069,-4.324913e-06,17.840368270874023,-0.0013720603335344982,-0.0006864070794830497,-1.988878795791493,0.9999847412109375,0.023410918599640635,0.0
10241,1940,-126.66173,-1007.9255,-0.01144371,-7.3839793,-16.362095,4.5776366e-07,17.951080322265625,-0.001486576130370743,-0.000686526258542574,-1.9962324493514743,0.9999847412109375,0.023410918599640635,0.0
10242,1941,-127.03244,-1008.7462,-0.011443939,-7.5414386,-16.41191,-6.0129164e-06,18.061674118041992,-0.0015941678384099442,-0.0006866455026206796,-2.0037015509447107,0.9999847412109375,0.023721697621725546,0.0
10243,1941,-127.41112,-1009.56946,-0.011443863,-7.704109,-16.458204,-1.001358e-06,18.172115325927734,-0.0016969658564870028,-0.0006867646816802039,-2.0112775784557133,0.9999847412109375,0.023721697621725546,0.0
10244,1942,-127.798,-1010.3949,-0.0114438245,-7.870113,-16.501835,-1.6498566e-06,18.28248405456543,-0.001791242019150133,-0.0006867646816802039,-2.018951743452886,0.9999847412109375,0.023721697621725546,0.0
10245,1942,-128.19324,-1011.2225,-0.011443939,-8.039145,-16.542871,-3.2901764e-07,18.39278221130371,-0.0018753977795594743,-0.0006867646816802039,-2.026703273279725,0.9999847412109375,0.023721697621725546,0.0
10246,1942,-128.59698,-1012.05206,-0.011444015,-8.210904,-16.581398,-2.4557114e-06,18.503019332885742,-0.001951031424480562,-0.0006868838607397282,-2.034517121076072,0.9999847412109375,0.023721697621725546,0.0
10247,1943,-129.00938,-1012.88367,-0.0114438245,-8.385125,-16.617483,-9.870529e-07,18.613197326660156,-0.002018142823876234,-0.0006868838607397282,-2.0423871615714195,0.9999847412109375,0.023721697621725546,0.0
10248,1943,-129.43053,-1013.717,-0.011443901,-8.561591,-16.651182,-8.2015987e-07,18.72332000732422,-0.0020777977623311714,-0.0006870031048178338,-2.050304473176116,0.9999847412109375,0.023721697621725546,0.0
10249,1944,-129.86057,-1014.5519,-0.011443977,-8.740133,-16.682533,-1.0681152e-06,18.833396911621094,-0.0021315940064622597,-0.0006870031048178338,-2.0582679906257257,0.9199847412109375,0.023721697621725546,0.0
10250,1944,-130.29956,-1015.38824,-0.011443519,-8.919354,-16.70914,-3.4666061e-06,18.940704345703125,-0.0021800635383017017,-0.0006858109891296843,-2.0662733197044494,0.8399847412109376,0.023721697621725546,0.0
10251,1945,-130.74744,-1016.2258,-0.011440086,-9.096535,-16.72624,-2.0742416e-06,19.03980255126953,-0.0022248047746521956,-0.0006780623997031659,-2.0743128704031806,0.7599847412109376,0.023721697621725546,0.0
10252,1945,-131.20409,-1017.0642,-0.011432495,-9.269751,-16.730913,-7.9631803e-07,19.12725067138672,-0.0022652843030727494,-0.0006593465410014162,-2.0823787863967036,0.6799847412109377,0.023721697621725546,0.0
10253,1946,-131.66927,-1017.9022,-0.011419067,-9.437656,-16.721556,-3.4284592e-06,19.20103645324707,-0.0023031009304775494,-0.0006277560929419772,-2.090460148724549,0.5999847412109377,0.023721697621725546,0.0
10254,1946,-132.14268,-1018.73944,-0.011400604,-9.599303,-16.697422,-7.9631803e-07,19.26007652282715,-0.0023371893924305637,-0.0005832909905062678,-2.0985497668517734,0.5199847412109377,0.023721697621725546,0.0
10255,1947,-132.62401,-1019.57495,-0.01137722,-9.754015,-16.65834,-2.131462e-06,19.30391502380371,-0.0023680828412984585,-0.0005278587163231989,-2.106641116033707,0.4399847412109377,0.023721697621725546,0.0
10256,1947,-133.11285,-1020.40826,-0.011350059,-9.901324,-16.604506,-2.2888183e-07,19.33250617980957,-0.0023952470844172667,-0.0004633664929473566,-2.1147302015287135,0.3599847412109377,0.023721697621725546,0.0
10257,1948,-133.60889,-1021.23834,-0.01132,-10.040902,-16.536327,2.0599364e-06,19.34605598449707,-0.002419215794302305,-0.00039219855175503973,-2.1228138275434856,0.2799847412109377,0.023721697621725546,0.0
10258,1948,-134.11171,-1022.06476,-0.011288108,-10.172533,-16.45433,-2.479553e-07,19.344907760620117,-0.0024394558185869076,-0.00031626221282870625,-2.130891195129696,0.19998474121093768,0.023917989248202355,0.0
10259,1949,-134.6209,-1022.8867,-0.011254882,-10.296713,-16.358694,1.6212464e-07,19.32948875427246,-0.0024575647938507956,-0.00023734568220987106,-2.13897428851225,0.11998474121093768,0.023917989248202355,0.0
10260,1949,-135.13608,-1023.7035,-0.011221008,-10.412661,-16.25053,2.6273726e-06,19.300342559814453,-0.0024724782358809144,-0.00015687941745108684,-2.1470690998036,0.039984741210937674,0.02823466374441327,0.0
10261,1950,-135.65712,-1024.5144,-0.011186791,-10.533846,-16.120653,3.0231474e-06,19.257137298583984,-0.002519349871066309,-7.581710297555053e-05,-2.1554466056446624,0.0,0.03473266394215838,0.0
10262,1950,-136.18428,-1025.3184,-0.011152572,-10.665098,-15.966524,-1.8596648e-07,19.200889587402344,-0.0026237463059460655,5.3644179892240595e-06,-2.164620263493604,0.0,0.037275455983136474,0.0
10263,1951,-136.71764,-1026.1146,-0.011119995,-10.795414,-15.800561,-2.1076203e-06,19.13631820678711,-0.0027521104104135594,8.261203236083997e-05,-2.1747816877908557,0.0,0.038060343675174864,0.0
10264,1951,-137.25719,-1026.9025,-0.01109108,-10.924089,-15.627579,3.0994414e-07,19.067169189453125,-0.00287461660078018,0.00015127658749930153,-2.1857684257099232,0.0,0.03840944780080244,0.0
10265,1952,-137.803,-1027.6818,-0.011066551,-11.053128,-15.44841,-3.9339066e-06,18.995393753051758,-0.0029864685863405325,0.00020933149994165393,-2.1973589022481117,0.0,0.03840944780080244,0.0
10266,1952,-138.35516,-1028.452,-0.011046752,-11.183041,-15.263914,-2.4557114e-06,18.922142028808594,-0.0030892668644919162,0.0002561807524804357,-2.2093637666519164,0.0,0.03840944780080244,0.0
10267,1953,-138.9138,-1029.2131,-0.011031113,-11.31424,-15.074351,-2.3937225e-06,18.848026275634766,-0.0031867383003144913,0.0002928972004710455,-2.221632150845584,0.0,0.03840944780080244,0.0
10268,1953,-139.47902,-1029.9647,-0.011019401,-11.446404,-14.88025,-4.453659e-06,18.773439407348633,-0.003278351041813217,0.0003211498221315379,-2.234066183659055,0.0,0.03840944780080244,0.0
10269,1954,-140.05086,-1030.7064,-0.011010361,-11.5788965,-14.682244,-4.8732754e-06,18.698640823364258,-0.003363572456770078,0.0003429651166038949,-2.246596622903987,0.0,0.03840944780080244,0.0
10270,1954,-140.62933,-1031.4384,-0.011003571,-11.710995,-14.48097,-1.5878677e-06,18.62380027770996,-0.0034402709760157097,0.00035846232796622236,-2.259177928525739,0.0,0.03840944780080244,0.0
10271,1955,-141.21442,-1032.1602,-0.010998497,-11.842017,-14.277026,-3.4046172e-06,18.549039840698242,-0.0035073826354857065,0.0003706216479110219,-2.271779474171776,0.0,0.03840944780080244,0.0
10272,1955,-141.80606,-1032.8718,-0.010994949,-11.97137,-14.070942,-3.5524367e-06,18.474445343017578,-0.0035643748029620522,0.0003787279045532758,-2.284377557708396,0.0,0.03840944780080244,0.0
10273,1956,-142.40416,-1033.5731,-0.010992393,-12.098567,-13.863171,-3.647804e-06,18.40007781982422,-0.003610181173711415,0.00038504598766330545,-2.2969604612268024,0.0,0.03840944780080244,0.0
10274,1956,-143.0086,-1034.2642,-0.010990638,-12.22322,-13.654102,1.7642975e-07,18.32598114013672,-0.0036453349001004613,0.0003888606928468025,-2.309518597347071,0.0,0.03840944780080244,0.0
10275,1957,-143.61925,-1034.9446,-0.01098957,-12.345037,-13.444055,-1.335144e-06,18.252193450927734,-0.003670901246565222,0.00039207934018622477,-2.322043710269823,0.0,0.03840944780080244,0.0
10276,1957,-144.23593,-1035.6146,-0.010988616,-12.463799,-13.23329,1.4305114e-07,18.178730010986328,-0.0036879452174674037,0.0003935098465027135,-2.3345336694661856,0.0,0.03840944780080244,0.0
10277,1958,-144.85852,-1036.274,-0.010988502,-12.579355,-13.02202,-2.9563904e-07,18.10561180114746,-0.0036969999651736735,0.0003945827181127574,-2.346985811775069,0.0,0.03840944780080244,0.0
10278,1958,-145.48688,-1036.923,-0.010988006,-12.691591,-12.810425,-1.6260146e-06,18.03284454345703,-0.0036991299738970865,0.00039517877595683214,-2.359401468777018,0.0,0.03840944780080244,0.0
10279,1959,-146.1208,-1037.5614,-0.010988121,-12.800443,-12.598651,-1.5497208e-06,17.960437774658203,-0.0036954020685196257,0.00039517877595683214,-2.3717761130981807,0.08,0.03840944780080244,0.0
10280,1959,-146.76016,-1038.1895,-0.010988655,-12.907336,-12.388138,-4.1007993e-07,17.890369415283203,-0.003687412585249388,0.0003935098465027135,-2.3841073478935746,0.16,0.03840944780080244,0.0
10281,1959,-147.40494,-1038.807,-0.010991249,-13.015164,-12.181524,7.486343e-07,17.82649803161621,-0.0036756949365273645,0.00038778778872746795,-2.396396771059854,0.24,0.03840944780080244,0.0
10282,1960,-148.05525,-1039.4143,-0.010997314,-13.125851,-11.980445,4.2295455e-06,17.771297454833984,-0.0036613141267152617,0.00037336348148447505,-2.4086441162809105,0.32,0.03840944780080244,0.0
10283,1960,-148.71124,-1040.0117,-0.011007233,-13.240667,-11.785832,3.3426284e-06,17.72628402709961,-0.0036448025279567707,0.0003499984691268143,-2.4208488509245254,0.4,0.03840944780080244,0.0
10284,1961,-149.37318,-1040.5996,-0.01102066,-13.360563,-11.598215,2.5081633e-06,17.692462921142578,-0.003626159360028915,0.0003173351169480408,-2.4330155023645528,0.48000000000000004,0.03840944780080244,0.0
10285,1961,-150.04135,-1041.1785,-0.011038093,-13.486342,-11.417872,1.4400482e-06,17.670576095581055,-0.0036064530082596294,0.00027644632906748915,-2.4451493969231715,0.56,0.03840944780080244,0.0
10286,1962,-150.71603,-1041.7485,-0.011058578,-13.618731,-11.24493,2.3603438e-06,17.661209106445312,-0.0035867448359700677,0.00022792814707458872,-2.4572569261869988,0.64,0.03840944780080244,0.0
10287,1962,-151.39758,-1042.31,-0.011081772,-13.758447,-11.079387,2.9134749e-06,17.664871215820312,-0.003567037964052132,0.00017261503569639884,-2.4693484764842855,0.72,0.03840944780080244,0.0
10288,1963,-152.0864,-1042.8636,-0.01110733,-13.906204,-10.921179,2.4318695e-06,17.682043075561523,-0.0035478624239805856,0.0001118183059352386,-2.4814360320399373,0.7999999999999999,0.03840944780080244,0.0
10289,1963,-152.78288,-1043.4095,-0.011134987,-14.062759,-10.770173,4.673004e-07,17.713211059570312,-0.003530286341009038,4.5776364674092597e-05,-2.493530511814423,0.8799999999999999,0.03840944780080244,0.0
10290,1964,-153.4875,-1043.9481,-0.011164703,-14.228896,-10.626201,-9.1075896e-07,17.758874893188477,-0.0035153723788302694,-2.4795530865133488e-05,-2.5056444326648664,0.9599999999999999,0.03840944780080244,0.0
10291,1964,-154.20078,-1044.4799,-0.0111961365,-14.405432,-10.489049,-4.7206876e-07,17.819557189941406,-0.00350365342973662,-9.942053847084119e-05,-2.517792708293372,0.9999847412109375,0.03840944780080244,0.0
10292,1965,-154.92317,-1045.0048,-0.011229095,-14.592402,-10.35788,-2.4938583e-06,17.894800186157227,-0.003495132094471342,-0.00017774103562756967,-2.529989453453717,0.9999847412109375,0.03840944780080244,0.0
10293,1965,-155.65521,-1045.5234,-0.011262245,-14.787369,-10.230113,-3.2520293e-06,17.981142044067383,-0.003490871036727215,-0.00025653837093223523,-2.5422442555258256,0.980377197265625,0.03840944780080244,0.0
10294,1965,-156.39717,-1046.0358,-0.011293373,-14.986791,-10.102562,-5.111694e-06,18.073894500732422,-0.0034914039290195563,-0.0003304481294433599,-2.554562973464096,0.9842987060546875,0.037275455983136474,0.0
10295,1966,-157.14914,-1046.5417,-0.011320724,-15.186279,-9.976879,-3.5619735e-06,18.170337677001953,-0.003488741028003802,-0.0003950595643880172,-2.5668742345513142,0.9042987060546875,0.002081402341614365,0.0
10296,1966,-157.90964,-1047.0441,-0.011344833,-15.31529,-9.965692,1.8930435e-06,18.27219581604004,-0.003200054625913538,-0.0004516839867685262,-2.5768576265296943,0.8242987060546876,3.8376521160898847e-07,0.0
10297,1967,-158.67746,-1047.5441,-0.011362609,-15.446313,-9.937653,5.135536e-06,18.366968154907227,-0.0028240152396970487,-0.0004934072231214918,-2.583499816604461,0.7442987060546876,0.0,0.0
10298,1967,-159.45221,-1048.0417,-0.011371269,-15.569417,-9.901632,6.661415e-06,18.451261520385742,-0.0025182846066302772,-0.0005147456713185891,-2.5878444976068162,0.6642987060546877,0.0,0.0
10299,1968,-160.23302,-1048.537,-0.011371536,-15.67641,-9.866773,6.3228604e-06,18.523040771484375,-0.002261555877546639,-0.0005155801523002938,-2.5906743725811343,0.698028564453125,0.0,0.0
10300,1968,-161.01892,-1049.0302,-0.011364517,-15.767226,-9.838179,4.1675567e-06,18.584810256958008,-0.0020229366438755387,-0.0004985332230526627,-2.592506361095,0.778028564453125,0.0,0.0
10301,1969,-161.80922,-1049.522,-0.011354523,-15.848131,-9.820293,5.207062e-06,18.644071578979492,-0.001788579118134379,-0.0004742145181444823,-2.593685875141796,0.8580285644531249,0.0,0.0
10302,1969,-162.60352,-1050.013,-0.011345863,-15.925864,-9.8156185,3.967285e-06,18.707738876342773,-0.0015579491076591918,-0.0004539489415574289,-2.5944435444719236,0.9380285644531249,1.1131862517769945e-07,0.0
10303,1970,-163.40182,-1050.5042,-0.01134224,-16.005419,-9.824715,2.9945372e-06,18.7802677154541,-0.0013358413427094207,-0.0004454850827180208,-2.594930902951408,0.9999847412109375,0.00018060537481948222,0.0
10304,1970,-164.20432,-1050.9961,-0.011345138,-16.09057,-9.846414,4.234314e-06,18.864208221435547,-0.0011307780688104819,-0.00045228001210331027,-2.595258471765488,0.9999847412109375,0.000391327207923782,0.0
10305,1970,-165.0112,-1051.4894,-0.011353874,-16.181396,-9.878405,2.7418137e-06,18.95838737487793,-0.0009470200186135958,-0.00047326085810325336,-2.5955085425918463,0.9999847412109375,0.00046860396924725575,0.0
10306,1971,-165.82281,-1051.9845,-0.011366271,-16.275406,-9.917898,8.821487e-07,19.05921173095703,-0.0007861651537913911,-0.0005022287166673448,-2.5957226607434887,0.9999847412109375,0.0004925853695567639,0.0
10307,1971,-166.63913,-1052.4818,-0.011379395,-16.37123,-9.962635,-5.00679e-07,19.164321899414062,-0.0006476807120886894,-0.0005339383762955987,-2.5959207999285905,0.9999847412109375,0.0004925853695567639,0.0
10308,1972,-167.46031,-1052.9813,-0.011392059,-16.468096,-10.010973,2.3698806e-06,19.272201538085938,-0.0005305015591066216,-0.0005642175296073638,-2.59611148226264,0.9999847412109375,0.0009744364618384695,0.0
10309,1972,-168.28635,-1053.4834,-0.011403503,-16.566622,-10.060003,2.4890899e-06,19.381864547729492,-0.0004372909209538483,-0.0005912780680889973,-2.5963279972592637,0.9999847412109375,0.0050565318670123816,0.0
10310,1973,-169.11754,-1053.9874,-0.011413116,-16.674097,-10.096296,1.1873245e-06,19.49258041381836,-0.00039840883405727274,-0.0006144046573090282,-2.596872081069967,0.9999847412109375,0.01487866556135635,0.0
10311,1973,-169.95439,-1054.4928,-0.011421165,-16.80088,-10.100668,-2.0456314e-06,19.603395462036133,-0.0004681837521452207,-0.0006328820928731481,-2.5985061967148395,0.9999847412109375,0.022033383593897376,0.0
10312,1973,-170.79758,-1054.9984,-0.011427154,-16.939495,-10.08445,-2.0503996e-06,19.714021682739258,-0.000625842661112877,-0.0006471872210566166,-2.6018314196519126,0.9999847412109375,0.027358531764398293,0.0
10313,1974,-171.64757,-1055.5035,-0.011431541,-17.08782,-10.05029,-3.5095213e-06,19.824275970458984,-0.0008341019233756548,-0.0006576776440565882,-2.606993424792813,0.9999847412109375,0.03216542234158307,0.0
10314,1974,-172.50491,-1056.007,-0.011434783,-17.246834,-9.99522,-2.603531e-06,19.9338321685791,-0.0010785799814077663,-0.0006651878103454767,-2.6139663794749675,0.9999847412109375,0.03660024405025692,0.0
10315,1975,-173.37018,-1056.5077,-0.011436767,-17.417082,-9.916773,-3.519058e-06,20.042383193969727,-0.0013576792636480705,-0.0006701945661985419,-2.622679976245598,0.9999847412109375,0.03802410079375114,0.0
10316,1975,-174.24382,-1057.0046,-0.011438293,-17.594126,-9.822523,-3.943443e-06,20.15031623840332,-0.00164796395250387,-0.0006734132460472548,-2.6328809484850373,0.9999847412109375,0.03844593509535967,0.0
10317,1976,-175.12628,-1057.497,-0.011439247,-17.777266,-9.712755,-5.9223175e-06,20.25756072998047,-0.0019339873235412175,-0.0006756782333454482,-2.644196453640675,0.9199847412109375,0.03844593509535967,0.0
10318,1976,-176.01794,-1057.9835,-0.011439323,-17.963547,-9.586195,-4.6777723e-06,20.361339569091797,-0.002212021081271165,-0.0006757974124049725,-2.656300520795085,0.8399847412109376,0.03844593509535967,0.0
10319,1977,-176.91876,-1058.4636,-0.011436233,-18.147547,-9.440349,-2.8467177e-06,20.456138610839844,-0.0024815327235128584,-0.0006686448483132383,-2.6689494707085255,0.7599847412109376,0.03876802018942483,0.0
10320,1977,-177.82861,-1058.936,-0.011428604,-18.325592,-9.27374,-2.2888182e-06,20.538490295410156,-0.0027441206670689965,-0.0006500482336895941,-2.6819923021471883,0.6799847412109377,0.039187934686651715,0.0
10321,1978,-178.74716,-1059.3995,-0.011415062,-18.494535,-9.086918,-5.2547452e-06,20.606307983398438,-0.0029971214907751746,-0.0006179809393548954,-2.6953416634273197,0.5999847412109377,0.039187934686651715,0.0
10322,1978,-179.67384,-1059.8534,-0.011396026,-18.651396,-8.882697,-5.197525e-06,20.658578872680664,-0.0032336096754255607,-0.0005728006325248775,-2.7089152628712356,0.5199847412109377,0.039187934686651715,0.0
10323,1979,-180.60802,-1060.2966,-0.011372146,-18.794613,-8.662451,-3.8576127e-06,20.6948184967041,-0.003449325983796304,-0.0005161762101443685,-2.722637466703978,0.4399847412109377,0.039187934686651715,0.0
10324,1979,-181.549,-1060.7284,-0.011344184,-18.9231,-8.427795,-4.591942e-06,20.71500587463379,-0.0036426709587874064,-0.0004495382110391478,-2.73645634328429,0.3599847412109377,0.039187934686651715,0.0
10325,1980,-182.49602,-1061.1484,-0.011313057,-19.036135,-8.180391,-1.7118454e-06,20.719392776489258,-0.0038136464209191437,-0.00037598607097982263,-2.750336206253565,0.2799847412109377,0.039187934686651715,0.0
10326,1980,-183.44835,-1061.5557,-0.011280174,-19.13326,-7.9218493,-4.839897e-06,20.708389282226562,-0.003962250289596915,-0.0002973079634986173,-2.764252288213665,0.19998474121093768,0.039187934686651715,0.0
10327,1981,-184.40517,-1061.9498,-0.011245689,-19.21426,-7.6536727,-1.1587142e-06,20.68251609802246,-0.004089549909851353,-0.00021541117616869903,-2.778189941778595,0.11998474121093768,0.039187934686651715,0.0
10328,1981,-185.36565,-1062.3304,-0.0112106325,-19.279078,-7.3772516,-5.068779e-06,20.642351150512695,-0.004197141357816229,-0.00013184546751198478,-2.7921379816717757,0.039984741210937674,0.039187934686651715,0.0
10329,1982,-186.329,-1062.697,-0.011175117,-19.32777,-7.0938444,-3.2520293e-06,20.588476181030273,-0.0042866238305172165,-4.8160551350116915e-05,-2.806088684726047,0.0,0.041432713563451996,0.0
10330,1982,-187.29446,-1063.0491,-0.011140174,-19.363363,-6.797063,-7.2479247e-07,20.52169418334961,-0.0043766384152875695,3.5166738232628756e-05,-2.820172279518713,0.0,0.059285855209284824,0.0
10331,1983,-188.26167,-1063.385,-0.011105232,-19.399927,-6.437409,-2.8324127e-06,20.440093994140625,-0.004584897612531766,0.00011718272900403932,-2.8354484378475164,0.0,0.08943222134729255,0.0
10332,1983,-189.23056,-1063.7018,-0.01106987,-19.43947,-5.988695,-1.0085106e-05,20.34103012084961,-0.005008873898369681,0.0002007484295334309,-2.8538135967247027,0.0,0.10500879555789003,0.0
10333,1984,-190.20085,-1063.9966,-0.011035728,-19.47161,-5.493768,-1.921177e-05,20.231782913208008,-0.005572930376951163,0.00028121469429221515,-2.8764824239234574,0.0,0.10723518905349444,0.0
10334,1984,-191.17226,-1064.2678,-0.01100647,-19.49267,-4.9869866,-2.5639534e-05,20.120492935180664,-0.0061183468084966925,0.0003499984691268143,-2.902929744076816,0.0,0.10785836142257797,0.0
10335,1985,-192.14445,-1064.5148,-0.010983391,-19.502949,-4.461345,-2.6774405e-05,20.0067138671875,-0.006609965825576669,0.00040483471797509905,-2.9321853675996636,0.0,0.10785836142257797,0.0
10336,1985,-193.117,-1064.7355,-0.010965614,-19.501049,-3.9131625,-2.6373862e-05,19.889789581298828,-0.007065898484049584,0.0004472732237409544,-2.963450878797194,0.0,0.10785836142257797,0.0
10337,1985,-194.08939,-1064.929,-0.010952034,-19.484823,-3.3413446,-2.7627944e-05,19.769241333007812,-0.0075031895350405955,0.00047934051807565315,-2.996124669579158,0.0,0.10785836142257797,0.0
10338,1986,-195.06091,-1065.0938,-0.010941848,-19.451939,-2.7476294,-2.6683807e-05,19.645034790039062,-0.007926098475847878,0.0005038976461214634,-3.0297713131073283,0.0,0.10785836142257797,0.0
10339,1986,-196.0307,-1065.2285,-0.010933723,-19.4003,-2.1352468,-2.6135443e-05,19.5174503326416,-0.008331431593757937,0.000522971139529658,-3.064079752166383,0.0,0.10785836142257797,0.0
10340,1987,-196.99783,-1065.3328,-0.010927467,-19.328209,-1.5080885,-2.486229e-05,19.386953353881836,-0.008712796782005934,0.0005378722930479107,-3.0988214875347935,0.0,0.10785836142257797,0.0
10341,1987,-197.96126,-1065.4052,-0.010922394,-19.234447,-0.87023586,-2.7036665e-05,19.25412368774414,-0.009063270862054964,0.0005501508245615251,-3.133829539012212,0.0,0.10785836142257797,0.0
10342,1988,-198.91992,-1065.4457,-0.010918388,-19.118229,-0.22567248,-2.269268e-05,19.11956024169922,-0.009377520749792412,0.000559925978148607,3.1142025744105464,0.0,0.10785836142257797,0.0
10343,1988,-199.87263,-1065.4539,-0.0109149935,-18.979183,0.42184234,-2.149105e-05,18.983869552612305,-0.009651827382367873,0.0005682706579284907,3.0789966500641346,0.0,0.05785836142257797,0.0
10344,1989,-200.81915,-1065.4325,-0.010919227,-18.854298,0.9299743,-2.28405e-06,18.87721824645996,-0.009592706246465415,0.000559925978148607,3.046098887434495,0.0,0.007858361422577967,0.0
10345,1989,-201.76007,-1065.3875,-0.010932121,-18.745857,1.2869306,2.7947424e-05,18.789979934692383,-0.009039835044462267,0.0005327462931167398,3.0195889829955194,0.0,0.0,0.0
10346,1990,-202.69533,-1065.3219,-0.010945777,-18.632708,1.6315155,4.6858786e-05,18.70400047302246,-0.008337823180374128,0.0005006789987820411,3.000460828466025,0.0,0.0,0.0
10347,1990,-203.62459,-1065.2369,-0.010957718,-18.515574,1.9636151,4.6949386e-05,18.61940574645996,-0.007711980324205506,0.0004712342939426899,2.9870235828699214,0.0,0.0,0.0
10348,1990,-204.54779,-1065.1344,-0.010967293,-18.400301,2.258834,4.2095184e-05,18.53843116760254,-0.007128748045478153,0.0004467963774656946,2.977716367492312,0.0,0.0,0.0
10349,1991,-205.46523,-1065.0175,-0.010974884,-18.290491,2.5070662,3.8762093e-05,18.461511611938477,-0.006530603625092308,0.0004277229165667907,2.9713721851435255,0.0,0.0,0.0
10350,1991,-206.37726,-1064.8884,-0.010980721,-18.187807,2.706746,3.531456e-05,18.38811492919922,-0.005894641276930036,0.0004132985768145071,2.967121780043759,0.0,0.0,0.0
10351,1992,-207.28427,-1064.7502,-0.010985145,-18.092525,2.8613446,3.369331e-05,18.31739044189453,-0.0052293825963309415,0.0004022121284797515,2.9643166724675787,0.0,-0.006330622848305348,0.0
10352,1992,-208.1867,-1064.6055,-0.010988655,-18.008821,2.9521115,2.69413e-05,18.249181747436523,-0.004504471187908674,0.0003935098465027135,2.962911588676453,0.0,-0.01759968895672483,0.0
10353,1992,-209.0852,-1064.4574,-0.01099163,-17.93818,2.9691916,2.6888847e-05,18.182254791259766,-0.0036884775896110947,0.0003862380708421643,2.9635036093867773,0.0,-8.647679555493296e-05,0.0
10354,1993,-209.9799,-1064.3065,-0.010994186,-17.858765,3.0381188,1.973629e-05,18.11534309387207,-0.003051449716938466,0.00037980077616331967,2.9647505014091524,0.0,0.0,0.0
10355,1993,-210.87077,-1064.1533,-0.010995674,-17.785347,3.074851,9.469985e-06,18.049190521240234,-0.002540655159786943,0.00037503241093859367,2.965569689760461,0.0,0.0,0.0
10356,1994,-211.75812,-1063.999,-0.010997238,-17.715773,3.0916617,9.789466e-06,17.9835205078125,-0.002076732757969465,0.0003718137635991714,2.966099925133496,0.0,0.0,0.0
10357,1994,-212.64204,-1063.8444,-0.01099842,-17.648611,3.0964475,6.5374375e-06,17.918188095092773,-0.0016639427890071828,0.0003690719300257182,2.966441342385244,0.08,0.0,0.0
10358,1995,-213.52269,-1063.6897,-0.010999718,-17.58493,3.0944326,5.8603287e-06,17.855119705200195,-0.0013113402606806917,0.00036597249425511085,2.9666602542268485,0.16,0.0,0.0
10359,1995,-214.40036,-1063.535,-0.011003112,-17.528013,3.0892694,2.9325486e-06,17.79817008972168,-0.0010199906975003482,0.00035846232796622236,2.9668006028162957,0.24,0.0001684011749272475,0.0
10360,1995,-215.2754,-1063.3807,-0.011009331,-17.479836,3.0838678,3.1995773e-06,17.749786376953125,-0.0007866979160465696,0.0003434419303698641,2.9668783671201258,0.32,0.0023108205767483196,0.0
10361,1996,-216.14827,-1063.2266,-0.011019707,-17.44028,3.0874932,-9.202957e-07,17.71146583557129,-0.0006215817984244942,0.00031960007173694355,2.9667601227677265,0.4,0.007672190965872244,0.0
10362,1996,-217.01942,-1063.0718,-0.011033439,-17.408024,3.1125429,-7.534027e-07,17.68409538269043,-0.0005480786173568885,0.00028657911736101584,2.966043466118386,0.48000000000000004,0.011602698527254884,0.0
10363,1997,-217.8893,-1062.9159,-0.011050834,-17.385067,3.1514504,-3.7431716e-06,17.668394088745117,-0.0005475459201202913,0.00024557111791164923,2.9644202694339827,0.56,0.012766079536610594,0.0
10364,1997,-218.75838,-1062.758,-0.011071205,-17.373762,3.1950676,-3.7527084e-06,17.665109634399414,-0.0005768406270925817,0.00019705295217339414,2.9619560464773325,0.64,0.01329836612426777,0.0
10365,1997,-219.62726,-1062.5983,-0.011094246,-17.37439,3.2445657,-3.1614302e-06,17.674745559692383,-0.0006167880434437702,0.00014221667081581871,2.9588667796128405,0.72,0.015719751304722595,0.0
10366,1998,-220.49652,-1062.4358,-0.01111969,-17.38541,3.3094788,-3.1423567e-06,17.697603225708008,-0.0006823018712783009,8.20159826440879e-05,2.955188687831332,0.7999999999999999,0.01879652985542819,0.0
10367,1998,-221.36667,-1062.2699,-0.011147155,-17.406712,3.3917394,-3.2329558e-06,17.73407745361328,-0.0007840346249193277,1.657009008377864e-05,2.9508125815281137,0.8799999999999999,0.019961435250742798,0.0
10368,1999,-222.23834,-1062.0999,-0.011176834,-17.440392,3.4835305,-2.026558e-06,17.784887313842773,-0.000901213452808489,-5.340575878644136e-05,2.9457613638885607,0.9599999999999999,0.020431928189926493,0.0
10369,1999,-223.11205,-1061.9252,-0.011208038,-17.487156,3.5838213,-9.679794e-07,17.850614547729492,-0.0010167947741550906,-0.0001274347207390583,2.9401815087726266,0.9999847412109375,0.020431928189926493,0.0
10370,2000,-223.98851,-1061.7455,-0.0112406155,-17.546667,3.6917977,-2.1028518e-06,17.930835723876953,-0.001125984118774014,-0.00020515917630635738,2.9342288111040813,0.9999847412109375,0.020431928189926493,0.0
10371,2000,-224.8683,-1061.5602,-0.011273727,-17.615328,3.8073163,-4.9066543e-06,18.02208137512207,-0.0012277170024522035,-0.00028336047002159356,2.928021515235325,0.9999847412109375,0.020624103840951334,0.0
10372,2000,-225.75165,-1061.369,-0.011304741,-17.689016,3.9301705,-4.5251845e-06,18.120363235473633,-0.0013257214606042821,-0.00035715100070925795,2.9216248686130633,0.9999847412109375,0.020624103840951334,0.0
10373,2001,-226.63881,-1061.1718,-0.011332397,-17.765463,4.058543,-4.916191e-06,18.223155975341797,-0.0014183997266133648,-0.0004228353397732498,2.9150828133952835,0.9999847412109375,0.020624103840951334,0.0
10374,2001,-227.52988,-1060.9679,-0.011356163,-17.843082,4.191705,-4.2915344e-06,18.328828811645508,-0.0015046857558204444,-0.0004789828833692083,2.908433699101683,0.9999847412109375,0.020624103840951334,0.0
10375,2002,-228.4249,-1060.7572,-0.01137558,-17.920885,4.3290033,-3.5762787e-06,18.43633270263672,-0.0015835150640124646,-0.0005252360943185607,2.9017030920787255,0.9999847412109375,0.016244233578741742,0.0
10376,2002,-229.32388,-1060.5399,-0.0113916015,-18.003077,4.4530463,-2.822876e-06,18.545629501342773,-0.001619201942768177,-0.0005630254139192143,2.89520018532897,0.9999847412109375,0.00021816149808063026,0.0
10377,2003,-230.2273,-1060.3177,-0.011404609,-18.101204,4.519413,-5.865097e-07,18.65686798095703,-0.001500424568039155,-0.0005940198366438692,2.8901385813611657,0.9999847412109375,0.00010666918340998892,0.0
10378,2003,-231.13535,-1060.091,-0.011415176,-18.196579,4.597602,-1.6641617e-06,18.768415451049805,-0.0013480917536866225,-0.0006185769646896794,2.886796846825334,0.9999847412109375,0.00043063035627710617,0.0
10379,2003,-232.04803,-1059.8599,-0.011423264,-18.291792,4.6771502,-4.3869017e-07,18.880290985107422,-0.0012287823969253978,-0.0006378888487262133,2.8845621883546486,0.9999847412109375,0.00424694402772667,0.0
10380,2004,-232.96535,-1059.6243,-0.011429634,-18.38438,4.7664566,1.8835067e-06,18.992223739624023,-0.0011584748141101435,-0.0006526708231849417,2.8827754735793145,0.9999847412109375,0.013065928359422004,0.0
10381,2004,-233.88716,-1059.3837,-0.011434173,-18.469488,4.8811784,1.2874602e-07,19.103609085083008,-0.0011728557539594088,-0.0006633996693225431,2.8804974055828607,0.9999847412109375,0.026603377122228267,0.0
10382,2005,-234.81302,-1059.1368,-0.011436729,-18.54164,5.036053,-1.707077e-06,19.21338653564453,-0.0013097424940638068,-0.0006700753871390176,2.8765655145494677,0.9999847412109375,0.03647323511696901,0.0
10383,2005,-235.7425,-1058.8824,-0.011437912,-18.604319,5.2167344,-2.822876e-06,19.32187843322754,-0.0015366436889013952,-0.0006732940019691493,2.8702423711732927,0.9999847412109375,0.03882677369887591,0.0
10384,2006,-236.67531,-1058.6199,-0.0114387125,-18.664217,5.4026456,-3.7384032e-06,19.430429458618164,-0.0017725995014080905,-0.0006747245407949286,2.8616933577580292,0.9999847412109375,0.039173149762508123,0.0
10385,2006,-237.61125,-1058.3485,-0.011439323,-18.720327,5.5963054,-2.951622e-06,19.538917541503906,-0.001988315549704509,-0.0006759166564830781,2.851503570795168,0.9999847412109375,0.039173149762508123,0.0
10386,2007,-238.55002,-1058.0676,-0.011439666,-18.770733,5.80202,-4.6157834e-06,19.646982192993164,-0.0021928465814969197,-0.0006767511049554921,2.840178478259606,0.9999847412109375,0.039173149762508123,0.0
10387,2007,-239.49126,-1057.7762,-0.011439933,-18.814236,6.021603,-3.5715102e-06,19.754371643066406,-0.002398442617651037,-0.0006774663743683818,2.828074943737414,0.9999847412109375,0.039173149762508123,0.0
10388,2008,-240.4346,-1057.4739,-0.011440277,-18.85038,6.2547393,-6.2561035e-06,19.860980987548828,-0.00260776733940559,-0.0006779432206436416,2.815431320146154,0.9999847412109375,0.039173149762508123,0.0
10389,2008,-241.37968,-1057.1595,-0.011440201,-18.879107,6.500171,-5.2165983e-06,19.966794967651367,-0.0028186894376655406,-0.0006779432206436416,2.8024039350418133,0.9999847412109375,0.039173149762508123,0.0
10390,2009,-242.32613,-1056.8329,-0.011440163,-18.900543,6.756323,-5.688667e-06,20.07183074951172,-0.003025350218107039,-0.000677823976565536,2.789102510661303,0.9999847412109375,0.039173149762508123,0.0
10391,2009,-243.27353,-1056.493,-0.011439857,-18.914913,7.0216217,-5.4454804e-06,20.176151275634766,-0.0032229570310652435,-0.0006772279512307519,2.7755968218251845,0.9999847412109375,0.039173149762508123,0.0
10392,2010,-244.22156,-1056.1396,-0.011439514,-18.922447,7.2946343,-3.0231474e-06,20.279809951782227,-0.0034083130429347587,-0.000676393502758338,2.761936669645841,0.9999847412109375,0.03610097135068009,0.0
10393,2010,-245.17,-1055.7728,-0.011439362,-18.928484,7.563893,-5.464554e-06,20.38381576538086,-0.0035553192750328072,-0.0006760358355426024,2.748343362809859,0.9999847412109375,0.0009085831811148637,0.0
10394,2010,-246.11993,-1055.3948,-0.01144104,-18.98651,7.7158594,1.2302398e-06,20.49443817138672,-0.0033944646052663464,-0.0006790160922536854,2.7371887125840617,0.9999847412109375,6.816388319671324e-10,0.0
10395,2011,-247.07195,-1055.0074,-0.011442947,-19.035788,7.8845444,7.133484e-06,20.60405921936035,-0.0031297463929124704,-0.0006830692205748124,2.7294463706629832,0.9999847412109375,0.00014442881785050173,0.0
10396,2011,-248.02597,-1054.6107,-0.0114442445,-19.083813,8.053452,2.8991699e-06,20.71352195739746,-0.0029087040224358937,-0.0006866455026206796,2.724091552659161,0.9999847412109375,0.0014810133421074114,0.0
10397,2012,-248.98218,-1054.205,-0.01144535,-19.133682,8.216024,3.709793e-06,20.823083877563477,-0.0027206851095506247,-0.0006893872711755515,2.72029601547358,0.9999847412109375,0.002243166275246152,0.0
10398,2013,-249.94087,-1053.791,-0.011446152,-19.18878,8.3653965,5.073547e-06,20.932968139648438,-0.002535329357755435,-0.0006912946562765906,2.717461879441518,0.9999847412109375,0.0024888187632428234,0.0
10399,2013,-250.90237,-1053.37,-0.011446533,-19.2503,8.499443,6.5374375e-06,21.04315948486328,-0.0023355920159251666,-0.0006924867069461588,2.7152357430863208,0.9999847412109375,0.006644898411291819,0.0
10400,2014,-251.86694,-1052.942,-0.011446533,-19.31065,8.634379,3.6907195e-06,21.153100967407227,-0.002157160482964183,-0.0006928443741618943,2.71313131319294,0.9999847412109375,0.011152136548103214,0.0
10401,2014,-252.8345,-1052.5074,-0.011446533,-19.368895,8.772086,5.331039e-06,21.262727737426758,-0.0020218718995881576,-0.0006923675278866345,2.7105997122607106,0.9999847412109375,0.012220969391987807,0.0
10402,2015,-253.80518,-1052.0664,-0.011446152,-19.429823,8.902936,3.3330916e-06,21.372419357299805,-0.0019062900580929056,-0.0006914138353361149,2.7074742264053935,0.9999847412109375,0.012381467036660173,0.0
10403,2015,-254.77902,-1051.6194,-0.011445579,-19.492554,9.028903,3.3283234e-06,21.48210334777832,-0.0017976332156548354,-0.0006905793868637009,2.7038669747088813,0.9999847412109375,0.012553745250848717,0.0
10404,2016,-255.7561,-1051.166,-0.01144535,-19.555218,9.153887,3.1757354e-06,21.5916690826416,-0.0017033575731403554,-0.0006897449383912869,2.699900462581317,0.9999847412109375,0.012553745250848717,0.0
10405,2016,-256.73636,-1050.7065,-0.011445084,-19.617056,9.279438,2.117157e-06,21.701080322265625,-0.0016287891926552995,-0.0006890296689783973,2.6956700311897266,0.9999847412109375,0.01737518382382198,0.0
10406,2017,-257.71948,-1050.2404,-0.011444625,-19.668451,9.424066,3.1280517e-06,21.809654235839844,-0.001616538651640935,-0.0006879567973683534,2.6909277402366225,0.9999847412109375,0.035157336533049886,0.0
10407,2017,-258.70456,-1049.766,-0.011443253,-19.68554,9.629573,-7.200241e-07,21.914587020874023,-0.0017800567425718002,-0.0006847381175196405,2.684459987213256,0.9999847412109375,0.045397056256564094,0.0
10408,2018,-259.6904,-1049.2815,-0.011440734,-19.682829,9.866041,-4.6491623e-06,22.0170955657959,-0.0020825913222561514,-0.0006793736944508396,2.6752784730390986,0.9999847412109375,0.0479131435068942,0.0
10409,2018,-260.67642,-1048.7856,-0.011438484,-19.670822,10.11451,-5.9127806e-06,22.118873596191406,-0.0024154868486275438,-0.000674009271382039,2.6635488463339536,0.9999847412109375,0.04874638720292312,0.0
10410,2019,-261.66196,-1048.2777,-0.011436653,-19.64717,10.377918,-6.3610078e-06,22.219640731811523,-0.002742522770414949,-0.0006693601177261279,2.649843420416079,0.9999847412109375,0.04874638720292312,0.0
10411,2019,-262.64627,-1047.7567,-0.011435089,-19.609962,10.657978,-6.0653683e-06,22.319120407104492,-0.003065298414681203,-0.0006657838356802608,2.634690033813528,0.9999847412109375,0.04874638720292312,0.0
10412,2020,-263.6287,-1047.2216,-0.011433906,-19.557308,10.955916,-9.531975e-06,22.416967391967773,-0.0033912690720325767,-0.0006629228230472834,2.6185006775469364,0.9999847412109375,0.04874638720292312,0.0
10413,2020,-264.60825,-1046.6713,-0.0114328,-19.48858,11.270857,-8.482933e-06,22.51304054260254,-0.003720968154910061,-0.0006604194126114601,2.6015605761690512,0.9999847412109375,0.04874638720292312,0.0
10414,2021,-265.58417,-1046.105,-0.011431847,-19.40385,11.600934,-1.3165473e-05,22.607324600219727,-0.004051200390154212,-0.0006582736693913723,2.584075592032136,0.9999847412109375,0.04874638720292312,0.0
10415,2021,-266.55557,-1045.5217,-0.011431083,-19.303556,11.943924,-1.2288093e-05,22.699880599975586,-0.00437397473404884,-0.0006561278611527032,2.566186606357856,0.9999847412109375,0.04874638720292312,0.0
10416,2022,-267.5217,-1044.9213,-0.011430129,-19.18831,12.297586,-1.1229515e-05,22.790828704833984,-0.004683967205082714,-0.0006539821179326155,2.5479950855837425,0.9999847412109375,0.04874638720292312,0.0
10417,2022,-268.48193,-1044.3027,-0.011429214,-19.058771,12.659819,-1.4190674e-05,22.880290985107422,-0.004975849660555399,-0.0006517171306344221,2.5295750655881006,0.9999847412109375,0.04874638720292312,0.0
10418,2023,-269.43546,-1043.6659,-0.011428298,-18.915596,13.028745,-1.04904175e-05,22.968412399291992,-0.005246427347456099,-0.0006494521433362288,2.510976613799423,0.9999847412109375,0.04874638720292312,0.0
10419,2024,-270.38162,-1043.0104,-0.011427154,-18.759405,13.40271,-9.784699e-06,23.055322647094727,-0.005494100808684818,-0.0006469487979189868,2.4922354165763174,0.9999847412109375,0.0364591411780566,0.0
10420,2024,-271.32047,-1042.3368,-0.011427383,-18.620247,13.749313,-8.945465e-06,23.14642906188965,-0.00562992254442751,-0.0006469487979189868,2.4740846421668827,0.9999847412109375,0.00021862629765055652,0.0
10421,2025,-272.2538,-1041.6473,-0.011430588,-18.557777,14.002374,2.8610228e-07,23.247743606567383,-0.005436044417069741,-0.0006532668485197257,2.4590851862753382,0.9999847412109375,0.0,0.0
10422,2025,-273.18262,-1040.9436,-0.011434097,-18.482492,14.265809,8.888244e-06,23.347715377807617,-0.0051372372226142,-0.0006607770798271955,2.448083667812221,0.9999847412109375,0.0,0.0
10423,2026,-274.10696,-1040.226,-0.011436691,-18.40942,14.522563,1.499176e-05,23.448060989379883,-0.00487038796123961,-0.0006674527976436701,2.4400443834295986,0.9999847412109375,0.0,0.0
10424,2026,-275.0273,-1039.4951,-0.011438751,-18.347746,14.762937,1.2626648e-05,23.54960823059082,-0.0046077997576091465,-0.0006726979766343652,2.4341974132563298,0.9999847412109375,0.0,0.0
10425,2027,-275.94455,-1038.7522,-0.0114403535,-18.302027,14.982623,9.989738e-06,23.652551651000977,-0.004318582023672492,-0.0006762742586802323,2.429968313445284,0.9999847412109375,0.0,0.0
10426,2027,-276.85974,-1037.9987,-0.01144104,-18.273855,15.180543,1.1153221e-05,23.75674057006836,-0.0039942084827521915,-0.00067865842503795,2.4269232550548874,0.9999847412109375,0.0,0.0
10427,2028,-277.77374,-1037.2354,-0.011441688,-18.262957,15.357551,9.922981e-06,23.861892700195312,-0.003640008577920303,-0.0006799697197856238,2.4247399955932405,0.9999847412109375,0.0,0.0
10428,2029,-278.68747,-1036.4637,-0.011441841,-18.267979,15.515556,1.1157989e-05,23.96771812438965,-0.003268231029670916,-0.0006808042332766191,2.423176986349473,0.9999847412109375,0.0,0.0
10429,2029,-279.60175,-1035.6844,-0.0114419935,-18.28703,15.65695,1.0027885e-05,24.073959350585938,-0.002893257688113434,-0.000681042656414249,2.4220603229044024,0.9999847412109375,0.0,0.0
10430,2030,-280.51724,-1034.8983,-0.0114419935,-18.318048,15.784236,9.703636e-06,24.1804256439209,-0.0025284048788469034,-0.000681042656414249,2.421260841945161,0.9999847412109375,0.0,0.0
10431,2030,-281.43448,-1034.1062,-0.011441879,-18.35903,15.89979,9.822846e-06,24.286977767944336,-0.002184324205934341,-0.0006808042332766191,2.42068932757523,0.9999847412109375,0.0,0.0
10432,2031,-282.3539,-1033.3086,-0.011441497,-18.408154,16.005745,5.00679e-06,24.393524169921875,-0.0018668755340340581,-0.0006805658101389892,2.4202794670834664,0.9999847412109375,0.0,0.0
10433,2032,-283.276,-1032.5057,-0.011441422,-18.463827,16.103956,5.4216384e-06,24.5000057220459,-0.0015808522930338732,-0.0006800889638637294,2.4199843888346857,0.9999847412109375,0.0,0.0
10434,2032,-284.20096,-1031.6981,-0.011441154,-18.524714,16.19597,4.019737e-06,24.60639190673828,-0.0013278521195135083,-0.0006796121175884696,2.4197724012119157,0.9999847412109375,0.0,0.0
10435,2033,-285.1291,-1030.886,-0.011440887,-18.589708,16.283058,4.7206876e-07,24.71265411376953,-0.0011068093589254437,-0.0006791352713132098,2.419619535765345,0.9999847412109375,0.0,0.0
10436,2033,-286.06052,-1030.0697,-0.011440925,-18.657911,16.366255,-7.9631803e-07,24.818782806396484,-0.0009166598521495299,-0.0006785392459784257,2.4195098135284336,0.9999847412109375,0.0,0.0
10437,2034,-286.9954,-1029.2491,-0.011440696,-18.728601,16.446388,5.912781e-07,24.92477035522461,-0.0007547398529284561,-0.0006780623997031659,2.4194301850118403,0.9999847412109375,3.68040710652475e-05,0.0
10438,2034,-287.93387,-1028.4246,-0.011440392,-18.8011,16.524231,2.1028518e-06,25.03061294555664,-0.0006183859400978178,-0.0006774663743683818,2.4193691986228774,0.9999847412109375,0.0004977997093842707,0.0
10439,2035,-288.87598,-1027.5962,-0.011440086,-18.873787,16.601625,2.4175642e-06,25.13630485534668,-0.0005081310709685374,-0.000676989528093122,2.419289037474066,0.9999847412109375,0.0015044493149903855,0.0
10440,2036,-289.82166,-1026.7638,-0.011439933,-18.944862,16.680597,1.3542175e-06,25.241832733154297,-0.0004277036060481444,-0.000676393502758338,2.4191026161977605,0.9999847412109375,0.001978673262457313,0.0
10441,2036,-290.77097,-1025.9276,-0.0114397425,-19.015518,16.759808,-1.6498566e-06,25.347209930419922,-0.00037071202373902993,-0.0006757974124049725,2.418754274727178,0.9999847412109375,0.0020908185438559953,0.0
10442,2037,-291.72382,-1025.0875,-0.011439628,-19.086086,16.83888,1.001358e-06,25.452438354492188,-0.00032863398098790603,-0.0006752013870701885,2.4182557309711155,0.9999847412109375,0.0021500470566208118,0.0
10443,2037,-292.68024,-1024.2435,-0.011439362,-19.156103,16.918344,-2.5272368e-07,25.557518005371094,-0.0002988067068161812,-0.0006747245407949286,2.417637344965999,0.9999847412109375,0.0021500470566208118,0.0
10444,2038,-293.64014,-1023.39575,-0.011439018,-19.225359,16.99843,-7.6770783e-07,25.662445068359375,-0.000278566585003707,-0.0006741285154601446,2.416929210432147,0.9999847412109375,0.0021500470566208118,0.0
10445,2039,-294.6035,-1022.5439,-0.011438789,-19.293652,17.07936,-1.8119812e-06,25.7672176361084,-0.0002679140219166167,-0.0006735324251067791,2.416153431606607,0.9999847412109375,0.0021500470566208118,0.0
10446,2039,-295.57028,-1021.6879,-0.011438561,-19.360914,17.161201,-2.4557114e-06,25.871835708618164,-0.0002647181798445856,-0.0006730556438501007,2.4153289169331185,0.9999847412109375,0.0021500470566208118,0.0
10447,2040,-296.54037,-1020.8279,-0.011438408,-19.427162,17.243946,-4.0006635e-06,25.976303100585938,-0.0002668486924620037,-0.0006725787975748409,2.4144663190560416,0.9999847412109375,0.0021500470566208118,0.0
10448,2041,-297.5138,-1019.96375,-0.011438332,-19.492445,17.327522,-2.1600722e-06,26.080615997314453,-0.0002737728950415644,-0.0006719827072214755,2.413574959039192,0.9999847412109375,0.0021500470566208118,0.0
10449,2041,-298.49045,-1019.0953,-0.011438141,-19.556835,17.411848,-4.658699e-06,26.184772491455078,-0.0002833603074751403,-0.0006716251050243213,2.412663891630276,0.9999847412109375,0.0021500470566208118,0.0
10450,2042,-299.47028,-1018.22266,-0.01143795,-19.620409,17.496838,-6.818771e-07,26.288776397705078,-0.00029454561656276374,-0.0006710290796895372,2.4117352473581652,0.9999847412109375,0.002201695933602074,0.0
10451,2042,-300.4533,-1017.34576,-0.011437721,-19.6831,17.582554,-9.298324e-07,26.392623901367188,-0.00030732875728585343,-0.0006704329893361718,2.4107908904356234,0.9999847412109375,0.0031564707071897254,0.0
10452,2043,-301.43936,-1016.46454,-0.011437492,-19.742453,17.671698,-1.6832352e-06,26.49629020690918,-0.00032810138127918083,-0.0006699561430609121,2.4097658397320516,0.9999847412109375,0.009962424563566101,0.0
10453,2044,-302.42795,-1015.5783,-0.011437072,-19.782251,17.781712,-4.854202e-06,26.599374771118164,-0.00041012677536291203,-0.000669121694588498,2.408169807290767,0.9999847412109375,0.0233951892144617,0.0
10454,2044,-303.41797,-1014.6859,-0.011436233,-19.784801,17.930092,-1.7786026e-06,26.700685501098633,-0.0006231796300599604,-0.0006673335535655645,2.404924745502506,0.9999847412109375,0.03196491724474981,0.0
10455,2045,-304.40814,-1013.7863,-0.011435089,-19.762499,18.102682,-2.1409987e-06,26.800437927246094,-0.0009395631025427926,-0.0006643533618730627,2.399247418690675,0.9999847412109375,0.033699344112409116,0.0
10456,2046,-305.39752,-1012.8786,-0.011433944,-19.727947,18.286436,-4.0340424e-06,26.899547576904297,-0.0012804475920357725,-0.0006614922842215039,2.3912443532988776,0.9999847412109375,0.03435881272346722,0.0
10457,2046,-306.3853,-1011.9617,-0.011432952,-19.67701,18.484861,-4.014969e-06,26.997682571411133,-0.0016223976060391093,-0.000658988938804262,2.3813861298917316,0.9999847412109375,0.03435881272346722,0.0
10458,2047,-307.37048,-1011.035,-0.011431999,-19.607311,18.699427,-9.326935e-06,27.094560623168945,-0.001970206314366295,-0.0006572007977813284,2.370119626900151,0.9999847412109375,0.03435881272346722,0.0
10459,2048,-308.35196,-1010.09717,-0.011431236,-19.51687,18.93097,-6.3085554e-06,27.18988609313965,-0.0023297333216013177,-0.0006555318358179191,2.3578017079102076,0.9999847412109375,0.03435881272346722,0.0
10460,2048,-309.32864,-1009.14764,-0.011430664,-19.405334,19.178663,-4.5490265e-06,27.283477783203125,-0.0027009774574097128,-0.000654101362010721,2.3447005532436718,0.9199847412109375,0.03435881272346722,0.0
10461,2049,-310.29932,-1008.18555,-0.0114297485,-19.271408,19.43898,-8.983612e-06,27.372634887695312,-0.0030780810677649333,-0.0006515979515748977,2.331016965246736,0.8399847412109376,0.03435881272346722,0.0
10462,2050,-311.26285,-1007.21027,-0.011425552,-19.112137,19.705671,-8.158683e-06,27.4515438079834,-0.003452521517030074,-0.0006425380674007056,2.316900613572662,0.7599847412109376,0.03435881272346722,0.0
10463,2050,-312.2178,-1006.2216,-0.011417083,-18.92646,19.973703,-1.2402535e-05,27.51653480529785,-0.00381737458637093,-0.0006217956445383925,2.3024718731027214,0.6799847412109377,0.03465767784358401,0.0
10464,2051,-313.16287,-1005.21967,-0.011402358,-18.713749,20.23971,-1.030445e-05,27.56538200378418,-0.004167313953607341,-0.0005872249397678704,2.287802915502456,0.5999847412109377,0.03465767784358401,0.0
10465,2052,-314.09674,-1004.2045,-0.011382103,-18.475857,20.499819,-9.822846e-06,27.59709930419922,-0.00449594855227177,-0.0005389451646579546,2.2729525966319564,0.5199847412109377,0.03465767784358401,0.0
10466,2053,-315.01816,-1003.17645,-0.011356582,-18.214079,20.751572,-1.4014244e-05,27.611236572265625,-0.004799016804471438,-0.0004782676464656093,2.2579784407707675,0.4399847412109377,0.03465767784358401,0.0
10467,2053,-315.92596,-1002.13617,-0.011326943,-17.92996,20.992954,-1.0418892e-05,27.607746124267578,-0.005073852948373013,-0.00040769576311736717,2.2429179984902605,0.3599847412109377,0.03465767784358401,0.0
10468,2054,-316.81906,-1001.08405,-0.011293945,-17.62514,21.222363,-8.43525e-06,27.586849212646484,-0.005320995857978318,-0.00032925604626450107,2.2278009640365894,0.2799847412109377,0.03465767784358401,0.0
10469,2055,-317.69644,-1000.02075,-0.011258468,-17.301268,21.438496,-7.691383e-06,27.548919677734375,-0.005539907699582831,-0.0002452134994598497,2.2126425174279674,0.19998474121093768,0.03465767784358401,0.0
10470,2055,-318.55725,-998.9471,-0.011221466,-16.959951,21.64034,-4.701614e-06,27.494441986083984,-0.005731654257771236,-0.0001573562474717013,2.1974545097312452,0.11998474121093768,0.03465767784358401,0.0
10471,2056,-319.4006,-997.8636,-0.011183739,-16.602705,21.827065,-3.6144256e-06,27.423904418945312,-0.005898368662158846,-6.759166321011101e-05,2.182242533584713,0.039984741210937674,0.03465767784358401,0.0
10472,2057,-320.22577,-996.77106,-0.011145363,-16.230938,21.998022,-2.965927e-06,27.337818145751953,-0.006042177800577174,2.3484227990137044e-05,2.167009651623623,0.0,0.03465767784358401,0.0
10473,2057,-321.03207,-995.67035,-0.011107292,-15.846494,22.153576,-2.875328e-06,27.237699508666992,-0.006164152138948754,0.00011396407353729436,2.1517557306899215,0.0,0.03465767784358401,0.0
10474,2058,-321.81894,-994.56226,-0.011070785,-15.452507,22.296547,-6.3562393e-06,27.127771377563477,-0.006267482789243829,0.00019979475323755663,2.136481170257772,0.0,0.03465767784358401,0.0
10475,2059,-322.58594,-993.4471,-0.011038131,-15.051854,22.429861,-2.7036667e-06,27.012163162231445,-0.006354301320631761,0.00027739998910871806,2.121193294020172,0.0,0.03465767784358401,0.0
10476,2059,-323.3329,-992.32544,-0.011010246,-14.646482,22.555153,4.196167e-07,26.893388748168945,-0.006426739302281916,0.0003429651166038949,2.1058982272476294,0.0,0.03465767784358401,0.0
10477,2060,-324.05948,-991.1977,-0.010987473,-14.237745,22.673283,-1.206398e-06,26.7729549407959,-0.006485862518778977,0.0003967284938421358,2.090607821006994,0.0,0.03465767784358401,0.0
10478,2061,-324.76562,-990.06415,-0.010969505,-13.826641,22.784658,-2.412796e-06,26.65176773071289,-0.006532734153964371,0.0004394054227456211,2.075332062152354,0.0,0.03465767784358401,0.0
10479,2061,-325.45123,-988.92505,-0.010955581,-13.413967,22.889435,8.4400176e-07,26.530372619628906,-0.006568421032720083,0.0004723071655527338,2.0600776085864343,0.0,0.03465767784358401,0.0
10480,2062,-326.11618,-987.7808,-0.010945091,-13.000376,22.987658,-1.7023086e-06,26.409130096435547,-0.006593453706669528,0.0004974603514426187,2.044852183476397,0.0,0.03465767784358401,0.0
10481,2063,-326.76053,-986.63184,-0.010937271,-12.586418,23.079298,2.7847288e-06,26.288246154785156,-0.006608899520843337,0.0005155801523002938,2.0296632436732933,0.0,0.03339937545615401,0.0
10482,2063,-327.38428,-985.47833,-0.010931701,-12.176516,23.162836,4.1437147e-06,26.168386459350586,-0.006607301624189289,0.0005283355300891681,2.0145829608426653,0.0,0.000584061810059211,0.0
10483,2064,-327.98996,-984.3217,-0.010930214,-11.875134,23.197184,1.1296272e-05,26.060087203979492,-0.006351636599095731,0.0005327462931167398,2.001567293647121,0.0,0.0,0.0
10484,2064,-328.57925,-983.1627,-0.010930939,-11.5716305,23.229965,1.7871856e-05,25.952531814575195,-0.005995839837907096,0.0005316733889974053,1.9916101338054784,0.0,0.0,0.0
10485,2065,-329.15277,-982.00195,-0.01093216,-11.279399,23.255192,1.6422271e-05,25.84625244140625,-0.005662411549280525,0.0005283355300891681,1.9840468894677077,0.0,1.1133329230806611e-06,0.0
10486,2065,-329.7115,-980.8397,-0.010933265,-11.007836,23.269629,1.563549e-05,25.74195098876953,-0.005335907999636811,0.0005251168827497458,1.9783357405100328,0.0,8.655735200591147e-06,0.0
10487,2066,-330.25684,-979.67725,-0.010934601,-10.761817,23.271963,1.6350747e-05,25.63983154296875,-0.004991295994877858,0.0005218982354103234,1.97405351063524,0.023529052734375,1.1648081465893067e-05,0.0
10488,2066,-330.79022,-978.5145,-0.010935592,-10.543432,23.262774,1.6942024e-05,25.54056739807129,-0.0046205839711388275,0.000518918011208531,1.9708629104912705,0.103529052734375,3.346023561334729e-06,0.0
10489,2067,-331.31308,-977.35223,-0.010937576,-10.353307,23.244898,1.4863014e-05,25.446340560913086,-0.004224838493227378,0.0005139112228461751,1.9685028171332422,0.183529052734375,2.0864207899480594e-06,0.0
10490,2067,-331.8269,-976.1909,-0.010942039,-10.191291,23.223171,1.44481655e-05,25.3609561920166,-0.0038147109051322,0.0005034207998462036,1.9667718955827451,0.263529052734375,2.610642735722415e-07,0.0
10491,2068,-332.3333,-975.0306,-0.010950279,-10.055963,23.20121,1.124382e-05,25.286725997924805,-0.003401389344249203,0.000483512857965595,1.965514883548228,0.343529052734375,0.0,0.0
10492,2069,-332.8335,-973.8713,-0.010962867,-9.945197,23.181837,1.0890961e-05,25.22507667541504,-0.0029965885984828337,0.0004533529162226448,1.9646132703611816,0.423529052734375,0.0,0.0
10493,2069,-333.32867,-972.71277,-0.0109800715,-9.856611,23.167358,1.042366e-05,25.176959991455078,-0.0026098976082033283,0.0004132985768145071,1.9639770411767616,0.503529052734375,0.0,0.0
10494,2070,-333.8199,-971.5548,-0.011000824,-9.787827,23.159733,1.0938644e-05,25.14308738708496,-0.0022487729643885833,0.00036323069319094836,1.9635344238035903,0.5835290527343749,1.7170563664882884e-07,0.0
10495,2070,-334.308,-970.3971,-0.011025391,-9.736635,23.16067,5.3119657e-06,25.124065399169922,-0.0019180080969264169,0.00030517576449395065,1.963234152390684,0.6635290527343749,0.0005002186876073764,0.0
10496,2071,-334.79395,-969.2389,-0.011052971,-9.699156,23.172434,3.3187866e-06,25.12041473388672,-0.0016250610272035137,0.00023901461166398968,1.9630001936889205,0.7435290527343749,0.0017330586742900778,0.0
10497,2071,-335.27826,-968.0798,-0.011083412,-9.670985,23.197405,4.8971174e-06,25.132598876953125,-0.0013784519201506884,0.00016725062888224343,1.9627008543823956,0.8235290527343748,0.0021500470566208118,0.0
10498,2072,-335.76157,-966.91895,-0.011116028,-9.653769,23.235247,1.9741058e-06,25.160921096801758,-0.0011717907495977023,8.952617331494438e-05,1.9622582370092245,0.9035290527343748,0.0022674117470393887,0.0
10499,2073,-336.24432,-965.7559,-0.011150703,-9.646605,23.286615,-8.4400176e-07,25.205623626708984,-0.0009970872520513416,7.390975546337867e-06,1.9616779342076962,0.9835290527343747,0.00033126531585474326,0.0
10500,2073,-336.72714,-964.59,-0.011186866,-9.655819,23.3493,-8.392334e-07,25.267066955566406,-0.0008351673828674304,-7.87973353046656e-05,1.9611243961751232,0.9999847412109375,3.193836254494764e-13,0.0
10501,2074,-337.21063,-963.4206,-0.011224747,-9.672854,23.42524,-2.9230116e-06,25.3437557220459,-0.0006913566189845703,-0.00016784667047167284,1.9607073451484167,0.9999847412109375,0.0,0.0
10502,2074,-337.69504,-962.247,-0.011261329,-9.694889,23.510439,-6.084442e-06,25.430919647216797,-0.0005731122665850521,-0.0002548694414781166,1.9604052095227473,0.9999847412109375,0.0,0.0
10503,2075,-338.1806,-961.06903,-0.011295319,-9.720727,23.601164,-2.2363663e-06,25.52464485168457,-0.000477771132069506,-0.0003347396809021168,1.9601853655747612,0.9999847412109375,0.0,0.0
10504,2076,-338.66754,-959.8865,-0.0113244625,-9.749488,23.695097,-3.7813186e-06,25.622453689575195,-0.00039947419602117637,-0.0004043579042091299,1.960024910119084,0.9999847412109375,0.0,0.0
10505,2076,-339.15588,-958.6991,-0.011349143,-9.780515,23.79081,-5.4883953e-06,25.7227725982666,-0.0003350256651319682,-0.0004626512235344669,1.959908396821393,0.9199847412109375,0.0,0.0
10506,2077,-339.6459,-957.507,-0.0113687515,-9.812293,23.884989,-3.2377243e-06,25.821964263916016,-0.000280697243912933,-0.0005089044344838193,1.9598234419826195,0.8399847412109376,0.0,0.0
10507,2078,-340.1374,-956.31036,-0.0113813775,-9.842255,23.971792,-3.6668778e-06,25.91364288330078,-0.00023542348912694062,-0.0005383491068138798,1.9597613903292206,0.7599847412109376,0.0,0.0
10508,2078,-340.6303,-955.10956,-0.01138565,-9.868706,24.047514,-3.6668778e-06,25.99373435974121,-0.00019654128844784777,-0.0005484819276166972,1.9597159834326348,0.6799847412109377,0.0,0.0
10509,2079,-341.12442,-953.90546,-0.01138153,-9.890594,24.109972,-1.8692016e-06,26.05982780456543,-0.00016405075565817173,-0.0005383491068138798,1.9596838923414994,0.5999847412109377,0.004069647746748445,0.0
10510,2080,-341.61902,-952.6984,-0.011369362,-9.891483,24.164337,-2.069473e-06,26.110469818115234,-0.00017150754169181228,-0.0005091428576214492,1.9593797593450122,0.5199847412109377,0.021757534846090963,0.0
10511,2080,-342.1123,-951.4886,-0.011350021,-9.820947,24.228817,-1.1968613e-06,26.14357566833496,-0.0003440803803289469,-0.0004628896466720968,1.957500766037907,0.4399847412109377,0.0358425961565517,0.0
10512,2081,-342.60162,-950.276,-0.011324348,-9.695188,24.295237,2.2888183e-07,26.15827178955078,-0.0006854975995678146,-0.00040209291691093655,1.9526864365773162,0.3599847412109377,0.03304176930225611,0.0
10513,2082,-343.08572,-949.0609,-0.011294631,-9.568075,24.344624,-4.1818616e-06,26.157384872436523,-0.0010311759090600998,-0.0003315210010534038,1.9452307839475849,0.2799847412109377,0.00036748621101870965,0.0
10514,2082,-343.5663,-947.84485,-0.011263122,-9.539935,24.340693,-2.9420853e-06,26.143444061279297,-0.0010791126786443635,-0.0002560615409116208,1.9381411828096848,0.19998474121093768,8.811616269802601e-05,0.0
10515,2083,-344.04373,-946.6287,-0.01122963,-9.475684,24.333687,2.5749205e-07,26.11353874206543,-0.0010349043345862106,-0.00017654895244871083,1.9329237839181106,0.11998474121093768,5.225474274294793e-05,0.0
10516,2084,-344.51678,-945.4131,-0.011194801,-9.392384,24.317175,2.3984908e-06,26.068023681640625,-0.0010402306567663692,-9.38177085190559e-05,1.9290914951094866,0.039984741210937674,4.952698411131422e-05,0.0
10517,2084,-344.985,-944.1984,-0.011159171,-9.300704,24.287617,2.131462e-06,26.007526397705078,-0.001073253724246189,-9.298323566467392e-06,1.926278664366145,0.0,4.3561384694058935e-05,0.0
10518,2085,-345.44824,-942.9855,-0.01112339,-9.207237,24.244213,3.1900406e-06,25.933666229248047,-0.0011014832968196102,7.569789140673558e-05,1.9242125839924615,0.0,4.3561384694058935e-05,0.0
10519,2086,-345.90665,-941.77496,-0.01108879,-9.116549,24.189762,6.7710874e-07,25.850648880004883,-0.0011073422512177847,0.00015711784058871674,1.9226908537455902,0.0,0.00016490802397225364,0.0
10520,2086,-346.36053,-940.5673,-0.011057968,-9.030915,24.127716,4.4107437e-06,25.762454986572266,-0.0010871022919517637,0.00023066996439339654,1.921560475020906,0.0,0.0005128416580892844,0.0
10521,2087,-346.8103,-939.363,-0.011031532,-8.950623,24.060524,4.3821333e-06,25.671432495117188,-0.001044491714510496,0.0002928972004710455,1.9206865587091966,0.0,0.0006049019686021537,0.0
10522,2087,-347.25607,-938.162,-0.011009979,-8.876842,23.989267,3.5524367e-06,25.578960418701172,-0.0009843042738747051,0.00034403798821393885,1.9199778915431265,0.0,0.0006314059511507911,0.0
10523,2088,-347.6983,-936.96466,-0.010992851,-8.809252,23.914927,1.7404556e-06,25.485811233520508,-0.0009108009627699368,0.0003839731160532616,1.9193841397780933,0.0,0.0006817381045607362,0.0
10524,2089,-348.1373,-935.771,-0.010979691,-8.746974,23.838339,4.6730042e-06,25.392438888549805,-0.0008298409956686906,0.0004149675062686258,1.9188702828457624,0.0,0.0012221569538134508,0.0
10525,2089,-348.57315,-934.5813,-0.010970001,-8.687299,23.760777,-3.147125e-07,25.29908561706543,-0.0007520767568569581,0.00043833251862628655,1.9183767990957707,0.0,0.003996582898236266,0.0
10526,2090,-349.00592,-933.39545,-0.010962601,-8.620945,23.685703,-1.3065338e-06,25.2058162689209,-0.0007020091983263059,0.00045537944787391765,1.9176821135254236,0.0,0.006841597756175801,0.0
10527,2090,-349.4355,-932.21326,-0.010957145,-8.547467,23.613306,-4.7206876e-07,25.112693786621094,-0.0006881607606578938,0.0004682540697408975,1.916513518439097,0.0,0.00787081237876365,0.0
10528,2091,-349.86136,-931.0347,-0.010953292,-8.472346,23.541683,3.5333633e-06,25.01982307434082,-0.000694552347274084,0.00047731395391508965,1.9147896542654885,0.0,0.007980349375564539,0.0
10529,2092,-350.28387,-929.86,-0.010950622,-8.396441,23.470589,3.9005276e-06,24.927268981933594,-0.0007078681527244803,0.000483512857965595,1.9126055958555146,0.0,0.007980349375564539,0.0
10530,2092,-350.7026,-928.6887,-0.010948829,-8.318102,23.400593,1.3113022e-06,24.83502769470215,-0.000727042977591632,0.0004878043769150612,1.910082916512937,0.0,0.007980349375564539,0.0
10531,2093,-351.11737,-927.521,-0.010947761,-8.2363405,23.332016,1.2207031e-06,24.743085861206055,-0.0007547397879098748,0.0004905462104885143,1.9073176231950533,0.0,0.007980349375564539,0.0
10532,2093,-351.52805,-926.3566,-0.010947075,-8.150913,23.264912,3.6239624e-07,24.651439666748047,-0.000791491345934387,0.0004917382936673732,1.9043778928257693,0.0,0.007980349375564539,0.0
10533,2094,-351.93433,-925.19556,-0.010946769,-8.061996,23.199184,-2.813339e-07,24.560089111328125,-0.0008356998850482837,0.0004928111652774171,1.9013153907302327,0.0,0.007980349375564539,0.0
10534,2095,-352.33615,-924.0378,-0.010946769,-7.9699817,23.13467,-4.2915342e-08,24.469032287597656,-0.0008836366546325473,0.0004922151399426331,1.8981663358992684,0.0,0.007980349375564539,0.0
10535,2095,-352.7333,-922.8832,-0.010947075,-7.87536,23.071177,-1.9741058e-06,24.378278732299805,-0.0009337040181074557,0.0004917382936673732,1.894958292050159,0.0,0.007980349375564539,0.0
10536,2096,-353.12573,-921.73175,-0.010947266,-7.7786384,23.008505,8.106232e-08,24.287826538085938,-0.0009827060521277512,0.0004911422358232985,1.8917103007846985,0.0,0.007980349375564539,0.0
10537,2096,-353.51324,-920.58344,-0.010947799,-7.6802964,22.946486,-1.707077e-06,24.197689056396484,-0.0010290452501508737,0.0004900693642132546,1.8884368763308275,0.0,0.007980349375564539,0.0
10538,2097,-353.8958,-919.43823,-0.010948296,-7.580769,22.884958,5.2928925e-07,24.10787010192871,-0.001071655697554979,0.0004888772810343957,1.8851472065943071,0.0,0.007980349375564539,0.0
10539,2097,-354.27338,-918.2961,-0.010948944,-7.480433,22.823793,-1.7929077e-06,24.01837730407715,-0.0011089400178346696,0.0004873275631490921,1.8818504794808981,0.0,0.007980349375564539,0.0
10540,2098,-354.64594,-917.1569,-0.010949592,-7.3796134,22.762873,-2.069473e-06,23.929208755493164,-0.0011419634754259774,0.0004856586336949734,1.8785506897322353,0.0,0.007980349375564539,0.0
10541,2099,-355.01346,-916.021,-0.01095005,-7.278576,22.702114,-2.1457672e-07,23.840377807617188,-0.001169127588507623,0.00048458572957563894,1.8752514326157907,0.0,0.007980349375564539,0.0
10542,2099,-355.37592,-914.88794,-0.010950928,-7.177541,22.641447,-7.724762e-07,23.751888275146484,-0.001192030903919467,0.00048255916541507543,1.8719563033990356,0.0,0.007980349375564539,0.0
10543,2100,-355.7333,-913.7579,-0.010951499,-7.076687,22.580807,-6.29425e-07,23.663734436035156,-0.0012096080271883152,0.0004810094475297718,1.8686668999786242,0.0,0.007980349375564539,0.0
10544,2100,-356.08572,-912.6309,-0.010952187,-6.976157,22.520155,-3.1757354e-06,23.575923919677734,-0.0012234563348195646,0.00047934051807565315,1.8653844207770471,0.0,0.007980349375564539,0.0
10545,2101,-356.4331,-911.50696,-0.010952835,-6.876062,22.45946,-2.1457672e-07,23.488454818725586,-0.0012341087191055564,0.00047779080019034944,1.8621089989523587,0.0,0.007980349375564539,0.0
10546,2102,-356.77545,-910.386,-0.010953598,-6.776486,22.398693,-2.4557114e-06,23.401329040527344,-0.001241033067976925,0.00047671792858030557,1.8588431645075945,0.0,0.007980349375564539,0.0
10547,2102,-357.1129,-909.2681,-0.010954284,-6.677497,22.33784,-2.5272368e-07,23.314546585083008,-0.0012452939956838893,0.0004744529412821122,1.8555861184944276,0.0,0.007980349375564539,0.0
10548,2102,-357.44534,-908.15326,-0.010954933,-6.5791473,22.27689,-1.3113022e-06,23.228107452392578,-0.0012468920223750993,0.0004733800696720683,1.852338393545076,0.0,0.01097079940217327,0.0
10549,2102,-357.77267,-907.0414,-0.010955543,-6.4698486,22.21894,-2.6273726e-06,23.141742706298828,-0.0012724582388026974,0.00047183035178676466,1.8489015841583287,0.0,0.017029290386457032,0.0
10550,2102,-358.09415,-905.9323,-0.0109560015,-6.338987,22.166462,-2.6798248e-06,23.055038452148438,-0.0013544837304143005,0.0004707574476674301,1.8447891308030284,0.0,0.020648210184367258,0.0
10551,2102,-358.4092,-904.82605,-0.010956153,-6.1964793,22.116562,-3.1948089e-06,22.96820831298828,-0.0014775216427387987,0.00046980378762620116,1.8396742636134222,0.0,0.021365358690531345,0.0
10552,2102,-358.7174,-903.72217,-0.010956421,-6.0504227,22.067173,-1.8548965e-06,22.881603240966797,-0.0016048206128074238,0.00046932694135094137,1.8336320837322504,0.0,0.021642866050367675,0.0
10553,2102,-359.01855,-902.62085,-0.010956917,-5.898809,22.018713,-4.4393537e-06,22.795167922973633,-0.0017262608885521996,0.0004682540697408975,1.826883500371935,0.0,0.021642866050367675,0.0
10554,2102,-359.31207,-901.52203,-0.010957298,-5.7408323,21.971237,-3.2138823e-06,22.7088623046875,-0.001844505501026043,0.00046765801189682275,1.8196266527175782,0.0,0.021642866050367675,0.0
10555,2102,-359.5977,-900.42554,-0.010957946,-5.5759354,21.924692,-2.9706955e-06,22.62262535095215,-0.001962749203239748,0.0004665851402867789,1.8120172025348948,0.0,0.021642866050367675,0.0
10556,2102,-359.87494,-899.3313,-0.01095829,-5.4044824,21.878828,-2.9468536e-06,22.536449432373047,-0.0020809938157135915,0.0004650354224014752,1.8041666031155046,0.0,0.021642866050367675,0.0
10557,2102,-360.1436,-898.2394,-0.0109589,-5.227296,21.833315,-3.4999846e-06,22.45035171508789,-0.0021971078993153715,0.0004639625182821407,1.7961523524471292,0.0,0.021642866050367675,0.0
10558,2102,-360.40326,-897.1497,-0.010959396,-5.045373,21.787806,-3.4618377e-06,22.364351272583008,-0.0023078948805140176,0.00046229358882802205,1.788030110596551,0.0,0.021642866050367675,0.0
10559,2102,-360.65375,-896.0623,-0.010960044,-4.8597317,21.741997,-2.2411346e-06,22.27849769592285,-0.0024112257908834173,0.00046122071721797813,1.7798416891928843,0.0,0.021642866050367675,0.0
10560,2102,-360.89493,-894.9772,-0.010960617,-4.6713324,21.69562,-3.1757354e-06,22.192819595336914,-0.002504437209259166,0.0004595517877638595,1.771612920898703,0.0,0.021642866050367675,0.0
10561,2102,-361.12662,-893.89435,-0.010961189,-4.4810243,21.648457,-2.093315e-06,22.107357025146484,-0.002586462050684956,0.00045847891615381564,1.7633643120544007,0.0,0.021642866050367675,0.0
10562,2102,-361.3488,-892.8139,-0.010961685,-4.289542,21.600338,-3.0231474e-06,22.02214241027832,-0.002657302135681064,0.0004574060120344811,1.7551107763620817,0.0,0.021642866050367675,0.0
10563,2102,-361.56137,-891.73584,-0.010962219,-4.097499,21.551138,-4.3201444e-06,21.937206268310547,-0.002715891679662807,0.0004559755057179924,1.746861368569452,0.0,0.021642866050367675,0.0
10564,2102,-361.76437,-890.6603,-0.010962791,-3.905402,21.50076,-3.8337707e-06,21.852569580078125,-0.002763829099432884,0.00045490263410794847,1.738623146053401,0.0,0.021642866050367675,0.0
10565,2102,-361.95776,-889.5872,-0.010963249,-3.7136605,21.449135,-1.6450881e-06,21.76824951171875,-0.0028011125744710173,0.0004533529162226448,1.7303997040813999,0.0,0.021642866050367675,0.0
10566,2102,-362.1416,-888.51685,-0.010963974,-3.5226047,21.396227,-3.1042098e-06,21.684263229370117,-0.0028298747142438733,0.00045228001210331027,1.7221961026595198,0.0,0.021642866050367675,0.0
10567,2102,-362.3159,-887.44904,-0.01096447,-3.3324914,21.342007,-1.206398e-06,21.60062026977539,-0.002850115258677126,0.0004512071404932664,1.7140132738941423,0.0,0.021642866050367675,0.0
10568,2102,-362.48068,-886.384,-0.010964965,-3.1435237,21.286465,-3.0517577e-07,21.51732635498047,-0.0028628979117608557,0.0004495382110391478,1.705854014104412,0.0,0.021642866050367675,0.0
10569,2102,-362.63614,-885.3216,-0.010965652,-2.9558573,21.229607,8.0585477e-07,21.43439483642578,-0.002870355022887403,0.00044834612786028895,1.6977173911839474,0.0,0.021642866050367675,0.0
10570,2102,-362.78217,-884.26215,-0.010966263,-2.7696164,21.17143,5.483627e-07,21.35181999206543,-0.002871953179615776,0.0004467963774656946,1.689605402503566,0.0,0.021642866050367675,0.0
10571,2102,-362.91898,-883.2056,-0.01096672,-2.584894,21.111956,-1.4591217e-06,21.269611358642578,-0.002869822650743712,0.00044524665958039095,1.6815179149052135,0.0,0.021642866050367675,0.0
10572,2102,-363.0465,-882.1521,-0.010967407,-2.4017553,21.051199,1.1253356e-06,21.18776512145996,-0.002863962916122562,0.00044369694169508724,1.6734559936533255,0.0,0.021642866050367675,0.0
10573,2102,-363.16495,-881.10156,-0.010967979,-2.2202501,20.989187,-9.584427e-07,21.106290817260742,-0.002855441060708634,0.0004421472238097836,1.6654189729576299,0.08,0.007359939239620417,0.0
10574,2102,-363.2756,-880.0542,-0.010969619,-2.0965433,20.924582,1.1539458e-06,21.02935028076172,-0.002726544324023124,0.0004389285764703613,1.6583394918318723,0.16,0.0,0.0
10575,2102,-363.38007,-879.0099,-0.010973663,-1.9980177,20.864021,4.8589704e-06,20.959470748901367,-0.0024991106270046822,0.00042927263445209434,1.6531013202837954,0.24,0.0,0.0
10576,2102,-363.47882,-877.9682,-0.010980949,-1.9002041,20.812134,5.788803e-06,20.898700714111328,-0.002274339310853344,0.0004123449167732782,1.6495044549155344,0.32,0.0,0.0
10577,2102,-363.57245,-876.92883,-0.010992241,-1.8118777,20.769953,4.3153764e-06,20.848833084106445,-0.0020730044624805164,0.00038504598766330545,1.647051550393517,0.4,0.0,0.0
10578,2102,-363.6617,-875.8913,-0.0110075,-1.7366147,20.738457,4.763603e-06,20.8110408782959,-0.001880191729595942,0.00034892556500747975,1.6453939989310515,0.48000000000000004,0.0,0.0
10579,2102,-363.74734,-874.855,-0.011026497,-1.6751379,20.718506,2.799034e-06,20.786115646362305,-0.0016863133421638485,0.00030410289288390673,1.6442861239175786,0.56,1.1735632883587443e-07,0.0
10580,2102,-363.8301,-873.8191,-0.011048545,-1.6266656,20.71087,3.7050247e-06,20.7746524810791,-0.001490837448189195,0.0002514123710010644,1.643553754617807,0.64,0.0009813813632849088,0.0
10581,2102,-363.9105,-872.7833,-0.011073608,-1.5856477,20.716534,2.9087066e-06,20.777128219604492,-0.0013076118351545807,0.00019228457069402283,1.6430070076460137,0.72,0.008920989272610313,0.0
10582,2102,-363.98843,-871.747,-0.011100731,-1.5222424,20.737776,1.0967254e-06,20.79357147216797,-0.0012032159204234745,0.00012731551729756603,1.6419900795837667,0.7999999999999999,0.014851545825580181,0.0
10583,2102,-364.06335,-870.7092,-0.011129989,-1.44644,20.774244,-3.004074e-07,20.824539184570312,-0.0011808454973039717,5.757808242173793e-05,1.6398568875506134,0.8799999999999999,1.7785715538155833e-06,0.0
10584,2102,-364.1365,-869.6692,-0.011161575,-1.4395515,20.822283,-9.679794e-07,20.871984481811523,-0.0010476875728371723,-1.7642974900721855e-05,1.6376876096846893,0.9599999999999999,0.0,0.0
10585,2102,-364.20883,-868.6264,-0.011195374,-1.4254013,20.886822,3.0994414e-07,20.935401916503906,-0.0008772451330349384,-9.739398243760038e-05,1.6362175447629657,0.9999847412109375,0.0,0.0
10586,2102,-364.28015,-867.5799,-0.0112306215,-1.4102277,20.96705,-3.118515e-06,21.014423370361328,-0.0007424893119140916,-0.0001813173176734368,1.6352183267219678,0.9999847412109375,0.0,0.0
10587,2102,-364.3506,-866.52905,-0.011266021,-1.3967642,21.059103,-2.9325486e-06,21.10537338256836,-0.0006386261594381639,-0.000265717499184533,1.6345370901151255,0.9999847412109375,0.0,0.0
10588,2102,-364.42035,-865.4734,-0.011299552,-1.3859997,21.158442,-5.130768e-06,21.20378875732422,-0.0005539375067364816,-0.0003451108598239827,1.6340713032404708,0.9999847412109375,0.0,0.0
10589,2102,-364.48956,-864.4127,-0.011329269,-1.3781445,21.262192,-4.2295455e-06,21.306808471679688,-0.0004809668928683104,-0.0004155635641127005,1.6337519902257702,0.9999847412109375,0.0,0.0
10590,2102,-364.55844,-863.3467,-0.011354485,-1.3730328,21.368587,-2.4843216e-06,21.412654876708984,-0.00041598572976108637,-0.00047504899912618695,1.6335324125938933,0.9999847412109375,0.0,0.0
10591,2102,-364.62714,-862.27527,-0.011375198,-1.3703315,21.476538,-4.2295455e-06,21.52021026611328,-0.000356863488542746,-0.0005240440111397019,1.6333808787278676,0.9999847412109375,0.0,0.0
10592,2102,-364.69553,-861.1985,-0.011391678,-1.3696603,21.585371,-2.6655196e-06,21.628782272338867,-0.00030360029925045185,-0.0005633830811349499,1.6332772817614636,0.9999847412109375,0.0,0.0
10593,2126,-364.76398,-860.1162,-0.011404762,-1.370652,21.694675,-1.835823e-06,21.737930297851562,-0.00025619617813884936,-0.0005939006575843449,1.6332048437798135,0.9999847412109375,0.0,0.0
10594,2126,-364.83267,-859.0285,-0.011414719,-1.3729761,21.8042,-2.322197e-06,21.847383499145508,-0.00021465076760574127,-0.0006177425162172654,1.6331546431932655,0.9999847412109375,0.0,0.0
10595,2127,-364.90143,-857.9353,-0.011422385,-1.3763506,21.913788,-2.3603438e-06,21.956968307495117,-0.0001784317605260183,-0.0006357431055061255,1.633120155257149,0.9999847412109375,4.03888548913966e-05,0.0
10596,2127,-364.97037,-856.8366,-0.011428298,-1.3803754,22.023373,-2.0885468e-06,22.06658935546875,-0.0001475391243903898,-0.0006494521433362288,1.6330927246979212,0.9999847412109375,0.00019575231188245144,0.0
10597,2128,-365.03955,-855.7324,-0.011432648,-1.3843963,22.132912,-2.5939942e-06,22.176166534423828,-0.00012250543452561294,-0.0006597041431985704,1.6330587693940226,0.9999847412109375,0.00038722742783437304,0.0
10598,2129,-365.10886,-854.62274,-0.011435928,-1.388155,22.24239,-1.8787383e-06,22.28566551208496,-0.00010386326625844497,-0.0006673335535655645,1.6329981824792232,0.9999847412109375,0.003017898269739822,0.0
10599,2129,-365.17816,-853.50757,-0.011438179,-1.3812947,22.352386,-3.504753e-06,22.3950252532959,-0.00011238539800134385,-0.0006728172207124708,1.6327264068899807,0.9999847412109375,0.007697146030154723,0.0
10600,2130,-365.24686,-852.38684,-0.011439819,-1.3561543,22.463196,-3.3330916e-06,22.50409507751465,-0.00017150762296503893,-0.0006766318608773865,1.6318523574202166,0.9999847412109375,0.011406751628510877,0.0
10601,2130,-365.31436,-851.26074,-0.011441002,-1.316871,22.574457,-2.0599364e-06,22.612834930419922,-0.00027430552725958026,-0.0006791352713132098,1.6300673736995912,0.9999847412109375,0.013580910226843886,0.0
10602,2131,-365.37994,-850.12915,-0.01144165,-1.2673175,22.685915,-4.3678283e-06,22.72128677368164,-0.0003994741310025951,-0.0006808042332766191,1.6273084719683235,0.9999847412109375,0.008835811722571805,0.0
10603,2131,-365.44376,-848.99176,-0.011442337,-1.23262,22.79665,-1.1348724e-06,22.8299503326416,-0.00048309738923108317,-0.0006819962839461872,1.6240776580918939,0.9999847412109375,0.0,0.0
10604,2132,-365.50644,-847.84906,-0.011442756,-1.2250675,22.905949,-2.6655196e-06,22.938684463500977,-0.00047457530625212026,-0.0006830692205748124,1.6213543095611789,0.9999847412109375,0.0,0.0
10605,2132,-365.568,-846.70087,-0.011442947,-1.2063538,23.015602,-3.7717818e-06,23.047195434570312,-0.0004490089272780689,-0.0006836652459095965,1.619427645670561,0.9999847412109375,0.0,0.0
10606,2133,-365.62827,-845.547,-0.011443138,-1.1838595,23.125254,-8.2015987e-07,23.155536651611328,-0.0004415520437165564,-0.0006841420921848563,1.6180633082441134,0.9999847412109375,0.0,0.0
10607,2133,-365.6873,-844.3877,-0.011443253,-1.1615584,23.234718,-1.7738342e-06,23.263734817504883,-0.0004415521087351377,-0.0006843805153224862,1.617094849713706,0.9999847412109375,0.0,0.0
10608,2134,-365.74506,-843.22296,-0.011443253,-1.1414552,23.343912,-3.1423567e-06,23.371803283691406,-0.0004372910509910109,-0.0006843805153224862,1.61640788731052,0.9999847412109375,0.0,0.0
10609,2135,-365.8019,-842.05286,-0.011443176,-1.1244068,23.452806,-6.580353e-07,23.47974395751953,-0.0004245077802307586,-0.0006841420921848563,1.6159181319860547,0.9999847412109375,0.0,0.0
10610,2135,-365.85788,-840.87726,-0.011443062,-1.1106172,23.561401,-1.926422e-06,23.587562561035156,-0.000402137324601965,-0.0006839036690472264,1.6155692578832543,0.9999847412109375,0.0,0.0
10611,2136,-365.91324,-839.6962,-0.011442985,-1.0999383,23.66969,-2.9373168e-06,23.695232391357422,-0.0003728424550832214,-0.000683546001831491,1.6153206517954954,0.9999847412109375,0.0,0.0
10612,2136,-365.96808,-838.50977,-0.011442833,-1.0920541,23.777704,-1.4972686e-06,23.80276870727539,-0.0003387540256394978,-0.0006830692205748124,1.6151431521088415,0.9999847412109375,0.0,0.0
10613,2137,-366.02258,-837.3179,-0.011442642,-1.0865849,23.885458,4.2915342e-08,23.910160064697266,-0.00030253503481442016,-0.0006827115533590769,1.6150162524828993,0.9999847412109375,0.0,0.0
10614,2137,-366.0769,-836.12067,-0.011442451,-1.0831461,23.992975,-8.7738033e-07,24.017412185668945,-0.0002657834442806173,-0.0006822347070838172,1.6149258381638911,0.9999847412109375,0.0,0.0
10615,2138,-366.13104,-834.9181,-0.011442223,-1.0813818,24.100267,7.6293944e-08,24.124515533447266,-0.00023062976665550735,-0.0006817578608085573,1.6148604575591297,0.9999847412109375,0.0,0.0
10616,2139,-366.185,-833.71014,-0.01144207,-1.0809788,24.207354,-8.249283e-07,24.231477737426758,-0.0001976065691385248,-0.0006812810795518788,1.6148142517142168,0.9999847412109375,0.0,0.0
10617,2139,-366.2389,-832.4968,-0.011441764,-1.0816691,24.314236,-9.346008e-07,24.33828353881836,-0.00016777913242034667,-0.0006808042332766191,1.6147800300942092,0.9999847412109375,0.0,0.0
10618,2140,-366.29315,-831.2782,-0.011441612,-1.083231,24.420933,-1.3017655e-06,24.4449462890625,-0.00014114753777419962,-0.0006802081429232537,1.6147561948024531,0.9999847412109375,0.0,0.0
10619,2140,-366.34744,-830.0542,-0.011441459,-1.0854807,24.52745,-2.965927e-06,24.55145835876465,-0.00011824437678148617,-0.0006797313616665752,1.6147383516231495,0.9999847412109375,0.0,0.0
10620,2141,-366.4018,-828.8249,-0.011441154,-1.0882698,24.633799,-1.130104e-06,24.657825469970703,-9.800434436956129e-05,-0.0006792545153913154,1.614725568449917,0.9999847412109375,0.0,0.0
10621,2142,-366.45627,-827.5903,-0.0114409635,-1.0914799,24.739977,-2.207756e-06,24.764041900634766,-8.096015402966748e-05,-0.00067865842503795,1.614717046334429,0.9999847412109375,0.0,0.0
10622,2142,-366.51096,-826.35046,-0.011440734,-1.0950153,24.845999,-2.3269654e-06,24.8701171875,-6.604638284298111e-05,-0.0006783008228407958,1.6147101221155946,0.9999847412109375,0.0,0.0
10623,2143,-366.56577,-825.1052,-0.011440468,-1.098803,24.951855,-3.2949447e-06,24.976037979125977,-5.379588246522993e-05,-0.0006777047975060118,1.614705461583687,0.9999847412109375,0.0,0.0
10624,2143,-366.62085,-823.8547,-0.011440392,-1.1027849,25.057558,-8.249283e-07,25.08181381225586,-4.3675866259267495e-05,-0.0006771087071526463,1.6147016000001064,0.9999847412109375,0.0,0.0
10625,2144,-366.67612,-822.59894,-0.011440201,-1.1069129,25.163105,-4.863739e-07,25.18743896484375,-3.568639518001377e-05,-0.0006766318608773865,1.6146993363131799,0.9999847412109375,0.0,0.0
10626,2145,-366.7316,-821.33795,-0.011439972,-1.1111553,25.268497,-1.0871887e-06,25.292917251586914,-2.8762158059331763e-05,-0.0006760358355426024,1.6146978715745803,0.9999847412109375,0.0,0.0
10627,2145,-366.7873,-820.07153,-0.011439704,-1.1154816,25.373735,-1.8692016e-06,25.398244857788086,-2.2903205692988105e-05,-0.0006755589892673427,1.6146957410457083,0.9999847412109375,0.0,0.0
10628,2146,-366.84317,-818.7999,-0.011439476,-1.1198682,25.478823,-1.540184e-06,25.503421783447266,-1.8642141853369327e-05,-0.0006749629639325585,1.6146948089393267,0.9999847412109375,0.0,0.0
10629,2146,-366.89932,-817.52313,-0.011439285,-1.1243035,25.583761,-2.4890899e-06,25.60845184326172,-1.491373664556505e-05,-0.0006744861176572988,1.6146948089393267,0.9999847412109375,-0.0017386121586679543,0.0
10630,2147,-366.9558,-816.2411,-0.011439056,-1.136044,25.688211,-2.412796e-06,25.713319778442383,3.3671975271338885e-06,-0.000674009271382039,1.6148141185561622,0.9999847412109375,-0.011174542816405893,0.0
10631,2148,-367.01367,-814.9538,-0.011438751,-1.186403,25.790327,-5.245209e-07,25.81760025024414,0.00010722822978776198,-0.0006732940019691493,1.6157531491565242,0.9999847412109375,-0.016043659442970367,0.0
10632,2148,-367.07397,-813.66144,-0.011438255,-1.2548352,25.890995,-2.7179717e-06,25.921384811401367,0.0002790209673591274,-0.0006719827072214755,1.6180946003869219,0.9999847412109375,0.0,0.0
10633,2149,-367.13586,-812.3641,-0.011437988,-1.2606366,25.995352,-2.4843216e-06,26.025901794433594,0.00031752731187436586,-0.0006713866818866914,1.620615282358682,0.9999847412109375,0.0,0.0
10634,2150,-367.19858,-811.0614,-0.01143795,-1.2805794,26.098774,-1.2922287e-06,26.130172729492188,0.00029875228626363243,-0.0006711482587490614,1.6224700408998676,0.9999847412109375,0.0,0.0
10635,2150,-367.26282,-809.7536,-0.011437797,-1.3073025,26.201668,-2.503395e-06,26.23426055908203,0.0002986839517346853,-0.0006707906565519073,1.6238367751712963,0.9999847412109375,0.0,0.0
10636,2151,-367.32855,-808.44055,-0.011437644,-1.33644,26.304255,-2.5463103e-06,26.33818244934082,0.0003125899633568392,-0.0006704329893361718,1.6248446484858368,0.9999847412109375,0.0,0.0
10637,2152,-367.39584,-807.12256,-0.011437454,-1.3654482,26.40668,-3.2329558e-06,26.441957473754883,0.00032795073322630696,-0.0006700753871390176,1.6255880699041323,0.9999847412109375,0.0,0.0
10638,2152,-367.4647,-805.7994,-0.011437416,-1.3929281,26.50902,-1.2922287e-06,26.545591354370117,0.000337078789382993,-0.0006697177199232821,1.6261384121433973,0.9999847412109375,0.0,0.0
10639,2153,-367.5349,-804.47107,-0.011437149,-1.4181973,26.61133,-7.9154967e-07,26.649093627929688,0.00033705109146735886,-0.0006692409386666036,1.6265446773676888,0.9999847412109375,0.0,0.0
10640,2154,-367.60632,-803.1377,-0.011436958,-1.4410145,26.71362,-1.2159347e-06,26.752456665039062,0.0003280323315458394,-0.0006687640923913438,1.6268457477289222,0.9999847412109375,0.0,0.0
10641,2154,-367.67886,-801.7992,-0.011436767,-1.4613985,26.815893,-4.6253203e-07,26.855684280395508,0.000311566213284968,-0.000668287246116084,1.6270683879960528,0.9999847412109375,0.0,0.0
10642,2155,-367.75235,-800.4556,-0.011436653,-1.4795114,26.918137,-2.4318695e-07,26.958765029907227,0.0002897240336292431,-0.0006678103998408242,1.6272341697739103,0.9999847412109375,0.0,0.0
10643,2156,-367.82672,-799.10693,-0.011436462,-1.4955854,27.020348,-1.7213821e-06,27.06170654296875,0.00026453320198078497,-0.0006673335535655645,1.6273560093937813,0.9999847412109375,0.0,0.0
10644,2156,-367.90182,-797.75305,-0.011436195,-1.5098784,27.12251,-2.7179717e-06,27.164505004882812,0.00023780357556868166,-0.0006667375282307803,1.6274469563450076,0.9999847412109375,0.0,0.0
10645,2157,-367.97766,-796.3942,-0.011436042,-1.5226457,27.224611,-9.012222e-07,27.26715660095215,0.00021091161401371573,-0.0006662606819555206,1.6275144674786413,0.9999847412109375,0.0,0.0
10646,2158,-368.0541,-795.03015,-0.011435775,-1.5341233,27.32663,-1.7023086e-06,27.369659423828125,0.00018491252012646248,-0.0006657838356802608,1.6275650675393527,0.9999847412109375,0.0,0.0
10647,2158,-368.13107,-793.661,-0.011435585,-1.5445253,27.428564,-1.3780593e-06,27.472015380859375,0.00016048547800718972,-0.000665306989405001,1.6276030175848863,0.9999847412109375,0.0,0.0
10648,2159,-368.20856,-792.2868,-0.011435356,-1.5540363,27.530392,-2.2411346e-06,27.57421875,0.00013806242234612375,-0.0006648301431297412,1.6276307144602231,0.9999847412109375,0.0,0.0
10649,2160,-368.28647,-790.9074,-0.011435127,-1.5628145,27.632116,-2.2363663e-06,27.6762752532959,0.00011783688907782896,-0.0006643533618730627,1.6276516202747802,0.9999847412109375,0.0,0.0
10650,2160,-368.36484,-789.523,-0.011434974,-1.5709943,27.733725,-4.286766e-06,27.778182983398438,9.98698087403068e-05,-0.0006637572715196973,1.6276669334510483,0.9999847412109375,0.0,0.0
10651,2161,-368.44354,-788.1335,-0.011434783,-1.5786879,27.835215,-2.5463103e-06,27.879947662353516,8.414634896969805e-05,-0.0006632804252444375,1.627678784517899,0.9999847412109375,0.0,0.0
10652,2162,-368.52267,-786.73895,-0.011434555,-1.5859867,27.936575,-2.0170212e-06,27.981557846069336,7.049609606441339e-05,-0.0006628036439877591,1.62768797242366,0.9999847412109375,0.0,0.0
10653,2162,-368.60217,-785.33936,-0.011434364,-1.5929667,28.037804,-3.1089783e-06,28.083019256591797,5.8767223509792897e-05,-0.0006622075536343936,1.627694097694167,0.9999847412109375,0.0,0.0
10654,2163,-368.68204,-783.9347,-0.01143425,-1.5996895,28.138895,-1.9741058e-06,28.184329986572266,4.8768629504409637e-05,-0.0006617307073591339,1.6276990245421836,0.9999847412109375,0.0,0.0
10655,2164,-368.76218,-782.52496,-0.0114340205,-1.606205,28.239853,-9.441375e-07,28.285493850708008,4.031527522954296e-05,-0.000661253861083874,1.6277020871774373,0.9999847412109375,0.0,0.0
10656,2164,-368.84265,-781.11017,-0.011433792,-1.6125549,28.340668,-1.7547607e-06,28.386507034301758,3.318771484598014e-05,-0.0006607770798271955,1.6277047503385274,0.9999847412109375,0.0,0.0
10657,2165,-368.92343,-779.69037,-0.011433601,-1.6187681,28.441345,-1.8072128e-06,28.487375259399414,2.7240375813850092e-05,-0.0006603002335519358,1.6277068808673993,0.9999847412109375,0.0,0.0
10658,2166,-369.00455,-778.2655,-0.011433449,-1.6248721,28.541878,-1.5163421e-06,28.588090896606445,2.2293073357892414e-05,-0.0006598233872766759,1.627708611922108,0.9999847412109375,0.0,0.0
10659,2167,-369.08597,-776.8357,-0.011433105,-1.6308913,28.642265,-1.926422e-06,28.688657760620117,1.8188935927904357e-05,-0.0006593465410014162,1.6277100766607075,0.9999847412109375,0.0,0.0
10660,2167,-369.16763,-775.40076,-0.01143299,-1.6368423,28.74251,-1.3160706e-06,28.789079666137695,1.4829539614611227e-05,-0.0006588696947261563,1.627711275083198,0.9999847412109375,0.0,0.0
10661,2168,-369.24966,-773.96094,-0.011432762,-1.6427305,28.84261,-2.3555756e-06,28.889352798461914,1.2040751450390255e-05,-0.0006582736693913723,1.627711275083198,0.9999847412109375,0.0,0.0
10662,2169,-369.33197,-772.51605,-0.011432571,-1.6485678,28.942558,-2.002716e-06,28.989471435546875,9.74530294685748e-06,-0.0006577968231161125,1.627711275083198,0.9999847412109375,0.0,0.0
10663,2169,-369.41455,-771.06616,-0.01143238,-1.6543635,29.042362,-2.4890899e-06,29.08944320678711,7.86970634454005e-06,-0.0006573199768408527,1.627711275083198,0.9999847412109375,0.0,0.0
10664,2170,-369.49738,-769.6113,-0.011432151,-1.6601254,29.142023,-3.566742e-06,29.189271926879883,7.86970634454005e-06,-0.0006573199768408527,1.627711275083198,0.9999847412109375,0.0,0.0
10665,2171,-369.58057,-768.1515,-0.01143196,-1.6658592,29.241535,-3.647804e-06,29.28894805908203,5.077339110601536e-06,-0.0006562471052308088,1.627711275083198,0.9999847412109375,0.0,0.0
10666,2172,-369.66406,-766.68665,-0.01143177,-1.6715696,29.340895,-2.8562545e-06,29.388471603393555,5.077339110601536e-06,-0.0006562471052308088,1.627711275083198,0.9999847412109375,0.0,0.0
10667,2172,-369.74777,-765.21686,-0.011431541,-1.6772604,29.440104,-2.7179717e-06,29.487842559814453,5.077339110601536e-06,-0.0006562471052308088,1.627711275083198,0.9999847412109375,0.0,0.0
10668,2173,-369.83176,-763.74207,-0.011431389,-1.6829339,29.539171,-2.8944014e-06,29.587072372436523,2.5683261556965785e-06,-0.0006549358104831351,1.627711275083198,0.9999847412109375,0.0,0.0
10669,2174,-369.91608,-762.2624,-0.011431159,-1.6885924,29.638092,-2.7179717e-06,29.686155319213867,2.5683261556965785e-06,-0.0006549358104831351,1.627711275083198,0.9999847412109375,0.0,0.0
10670,2175,-370.0007,-760.7778,-0.0114309685,-1.6942372,29.736862,-3.7050247e-06,29.785085678100586,2.5683261556965785e-06,-0.0006549358104831351,1.627711275083198,0.9999847412109375,0.0,0.0
10671,2175,-370.08554,-759.28827,-0.011430817,-1.6998692,29.835484,-2.875328e-06,29.883869171142578,2.5683261556965785e-06,-0.0006549358104831351,1.627711275083198,0.9999847412109375,0.0,0.0
10672,2176,-370.1707,-757.79376,-0.011430588,-1.7054901,29.933952,-2.9993057e-06,29.982498168945312,1.044041901234285e-06,-0.0006529092463225715,1.627711275083198,0.9999847412109375,0.0,0.0
10673,2177,-370.25616,-756.2944,-0.011430473,-1.7111001,30.032278,-2.3365021e-06,30.080984115600586,1.044041901234285e-06,-0.0006529092463225715,1.627711275083198,0.9999847412109375,0.0,0.0
10674,2178,-370.34186,-754.79004,-0.011430206,-1.7166998,30.130453,-2.1457672e-06,30.179317474365234,1.044041901234285e-06,-0.0006529092463225715,1.627711275083198,0.9999847412109375,0.0,0.0
10675,2178,-370.4278,-753.2808,-0.011430053,-1.7222898,30.228481,-2.7036667e-06,30.27750587463379,1.044041901234285e-06,-0.0006529092463225715,1.627711275083198,0.9999847412109375,0.0,0.0
10676,2179,-370.51413,-751.7667,-0.011429863,-1.7278703,30.326359,-2.5892257e-06,30.37554168701172,3.984315169068664e-07,-0.0006510019262401137,1.627711275083198,0.9999847412109375,0.0,0.0
10677,2180,-370.6007,-750.2476,-0.011429634,-1.7334415,30.424093,-3.0231474e-06,30.473434448242188,3.984315169068664e-07,-0.0006510019262401137,1.627711275083198,0.9999847412109375,0.0,0.0
10678,2181,-370.6875,-748.72375,-0.011429481,-1.7390034,30.521673,-2.9182434e-06,30.5711727142334,3.984315169068664e-07,-0.0006510019262401137,1.627711275083198,0.9999847412109375,0.0,0.0
10679,2181,-370.7746,-747.1949,-0.011429252,-1.7445567,30.619106,-2.2506713e-06,30.668764114379883,3.984315169068664e-07,-0.0006510019262401137,1.627711275083198,0.9999847412109375,0.0,0.0
10680,2182,-370.86203,-745.6613,-0.011429061,-1.7501009,30.71639,-3.1757354e-06,30.766206741333008,1.5474509654805425e-07,-0.0006490945411390745,1.627711275083198,0.9999847412109375,0.0,0.0
10681,2183,-370.94968,-744.12286,-0.011428871,-1.7556365,30.81353,-3.3617018e-06,30.86350440979004,1.5474509654805425e-07,-0.0006490945411390745,1.627711275083198,0.9999847412109375,0.0,0.0
10682,2184,-371.03757,-742.5795,-0.011428718,-1.7611631,30.910515,-3.2329558e-06,30.96064567565918,1.5474509654805425e-07,-0.0006490945411390745,1.627711275083198,0.9999847412109375,0.0,0.0
10683,2185,-371.12582,-741.0313,-0.011428489,-1.7666812,31.007359,-3.1042098e-06,31.057647705078125,1.5474509654805425e-07,-0.0006490945411390745,1.627711275083198,0.9999847412109375,0.0,0.0
10684,2185,-371.2143,-739.4783,-0.011428298,-1.7721908,31.10405,-3.2758712e-06,31.154495239257812,5.5122665127878806e-08,-0.0006471872210566166,1.627711275083198,0.9999847412109375,0.0,0.0
10685,2186,-371.303,-737.92035,-0.0114281075,-1.7776921,31.200592,-3.7193297e-06,31.25119400024414,5.5122665127878806e-08,-0.0006471872210566166,1.627711275083198,0.9999847412109375,0.0,0.0
10686,2187,-371.39206,-736.3577,-0.011427956,-1.7831845,31.296988,-3.1089783e-06,31.347745895385742,5.5122665127878806e-08,-0.0006471872210566166,1.627711275083198,0.9999847412109375,0.0,0.0
10687,2188,-371.48138,-734.7902,-0.011427765,-1.7886685,31.393229,-2.6893615e-06,31.444143295288086,5.5122665127878806e-08,-0.0006471872210566166,1.627711275083198,0.9999847412109375,0.0,0.0
10688,2188,-371.57095,-733.21796,-0.011427536,-1.7941438,31.489328,-3.5858154e-06,31.5403995513916,2.983143109090898e-08,-0.0006452798359555775,1.627711275083198,0.9999847412109375,0.0,0.0
10689,2189,-371.6608,-731.64087,-0.011427345,-1.7996106,31.585276,-2.617836e-06,31.63650131225586,2.983143109090898e-08,-0.0006452798359555775,1.627711275083198,0.9999847412109375,0.0,0.0
10690,2190,-371.75098,-730.0589,-0.011427154,-1.8050691,31.681078,-2.2506713e-06,31.732460021972656,2.983143109090898e-08,-0.0006452798359555775,1.627711275083198,0.9999847412109375,0.0,0.0
10691,2191,-371.84137,-728.4722,-0.011426964,-1.8105192,31.77673,-3.1089783e-06,31.828266143798828,2.983143109090898e-08,-0.0006452798359555775,1.627711275083198,0.9999847412109375,0.0,0.0
10692,2192,-371.93198,-726.88074,-0.011426773,-1.8159608,31.872238,-2.7513504e-06,31.92392921447754,1.3271348439853097e-08,-0.0006433725158731196,1.627711275083198,0.9999847412109375,0.0,0.0
10693,2192,-372.023,-725.2846,-0.011426582,-1.8213938,31.967594,-3.6191939e-06,32.019439697265625,1.3271348439853097e-08,-0.0006433725158731196,1.627711275083198,0.9999847412109375,0.0,0.0
10694,2193,-372.1142,-723.6836,-0.011426391,-1.8268185,32.062805,-3.3807753e-06,32.11480712890625,1.3271348439853097e-08,-0.0006433725158731196,1.627711275083198,0.9999847412109375,0.0,0.0
10695,2194,-372.20566,-722.0779,-0.011426238,-1.8322347,32.157864,-2.7942656e-06,32.210018157958984,1.3271348439853097e-08,-0.0006433725158731196,1.627711275083198,0.9999847412109375,0.0,0.0
10696,2195,-372.29745,-720.46735,-0.011426048,-1.8376424,32.252773,-2.670288e-06,32.30508041381836,1.3271348439853097e-08,-0.0006433725158731196,1.627711275083198,0.9999847412109375,0.0,0.0
10697,2196,-372.3895,-718.8521,-0.011425857,-1.8430417,32.347538,-2.7942656e-06,32.400001525878906,0.0,-0.0006411075285749263,1.627711275083198,0.9999847412109375,0.0,0.0
10698,2197,-372.48175,-717.2322,-0.011425705,-1.8484328,32.442154,-2.8133393e-06,32.49477005004883,0.0,-0.0006411075285749263,1.627711275083198,0.9999847412109375,0.0,0.0
10699,2197,-372.57434,-715.6074,-0.011425514,-1.8538153,32.536625,-2.9087066e-06,32.589393615722656,0.0,-0.0006411075285749263,1.627711275083198,0.9999847412109375,0.0,0.0
10700,2198,-372.66718,-713.97797,-0.011425285,-1.8591893,32.630943,-3.0469894e-06,32.68386459350586,0.0,-0.0006411075285749263,1.627711275083198,0.9999847412109375,0.0,0.0
10701,2199,-372.76025,-712.3438,-0.011425171,-1.864555,32.725117,-1.7023086e-06,32.77819061279297,0.0,-0.0006392001434738871,1.627711275083198,0.9999847412109375,0.0,0.0
10702,2200,-372.85364,-710.70496,-0.011424942,-1.8699124,32.81914,-3.223419e-06,32.87236785888672,0.0,-0.0006392001434738871,1.627711275083198,0.9999847412109375,0.0,0.0
10703,2201,-372.9473,-709.06146,-0.011424751,-1.8752611,32.913017,-7.4386594e-07,32.96639633178711,0.0,-0.0006392001434738871,1.627711275083198,0.9999847412109375,0.0,0.0
10704,2202,-373.0412,-707.41327,-0.011424598,-1.8806013,33.00675,-1.4066696e-06,33.060279846191406,0.0,-0.0006392001434738871,1.627711275083198,0.9999847412109375,0.0,0.0
10705,2202,-373.13535,-705.7604,-0.011424369,-1.8859333,33.10033,-6.2465665e-07,33.154014587402344,0.0,-0.0006392001434738871,1.627711275083198,0.9999847412109375,0.0,0.0
10706,2203,-373.22983,-704.1028,-0.011424179,-1.8912568,33.193764,-2.6369094e-06,33.24760055541992,0.0,-0.000636935221194275,1.627711275083198,0.9999847412109375,0.0,0.0
10707,2204,-373.32452,-702.44055,-0.011424026,-1.8965719,33.28705,-1.5687942e-06,33.341033935546875,0.0,-0.000636935221194275,1.627711275083198,0.9999847412109375,0.0,0.0
10708,2205,-373.41943,-700.77356,-0.011423797,-1.9018785,33.380188,-3.056526e-06,33.434326171875,0.0,-0.000636935221194275,1.627711275083198,0.9999847412109375,0.0,0.0
10709,2206,-373.51477,-699.102,-0.011423645,-1.9071767,33.47318,-2.3794173e-06,33.5274658203125,0.0,-0.000636935221194275,1.627711275083198,0.9999847412109375,8.023419788379982e-06,0.0
10710,2207,-373.61026,-697.42584,-0.01142353,-1.9124349,33.56603,-1.8405914e-06,33.62046432495117,-2.91038366095712e-11,-0.0006350278360932358,1.6277106092929254,0.9999847412109375,0.0004006572988280957,0.0
10711,2207,-373.70596,-695.745,-0.011423302,-1.9160843,33.658813,-3.3426284e-06,33.71330642700195,-3.1958047371425803e-06,-0.0006346702338960816,1.6276835782078611,0.9999847412109375,0.001080076923384363,0.0
10712,2208,-373.80176,-694.05945,-0.011423035,-1.9169579,33.75161,-2.026558e-06,33.80600357055664,-1.38484488434807e-05,-0.0006341933876208219,1.6275694617551513,0.9999847412109375,0.0014578220287262411,0.0
10713,2209,-373.89752,-692.3694,-0.011422958,-1.9160469,33.844357,-1.9979477e-06,33.8985481262207,-2.9827414368040796e-05,-0.0006338357854236676,1.6273281793603902,0.9999847412109375,0.0018901369066931556,0.0
10714,2210,-373.99338,-690.6746,-0.011422767,-1.9125578,33.937088,-3.6191939e-06,33.990936279296875,-5.113273356613469e-05,-0.0006332396950703023,1.6269388252090204,0.9999847412109375,0.005529303382388662,0.0
10715,2211,-374.0888,-688.97516,-0.011422576,-1.8928813,34.030468,-4.339218e-07,34.083072662353516,-0.00010439589034913815,-0.0006327628487950424,1.6261697042862056,0.9999847412109375,0.006770253377352651,0.0
10716,2212,-374.18326,-687.27106,-0.011422234,-1.8662663,34.124004,-1.5497208e-06,34.17499923706055,-0.00018269285077943573,-0.0006321668234602584,1.624834927947858,0.9999847412109375,0.0,0.0
10717,2213,-374.2772,-685.5623,-0.011422043,-1.8627319,34.216312,-2.1362305e-06,34.26697540283203,-0.00020985711015288929,-0.0006316899771849986,1.623443825752455,0.9999847412109375,0.0,0.0
10718,2213,-374.3705,-683.849,-0.011422043,-1.8523948,34.308796,-1.4162064e-06,34.358768463134766,-0.0002157160482964183,-0.0006313323749878443,1.6223438070641978,0.9999847412109375,0.0,0.0
10719,2214,-374.4631,-682.131,-0.011421814,-1.8383768,34.401306,-1.1539458e-06,34.45038986206055,-0.0002300971344374915,-0.0006310939518502144,1.6214752170746685,0.9999847412109375,0.0,0.0
10720,2215,-374.5549,-680.4085,-0.011421699,-1.8227566,34.493732,-3.7670134e-07,34.5418586730957,-0.00024980455901336854,-0.0006304979265154304,1.62078758888121,0.9999847412109375,0.0,0.0
10721,2216,-374.6458,-678.6812,-0.011421432,-1.806912,34.586014,-7.2479247e-07,34.633182525634766,-0.0002684466216253419,-0.0006301402592996948,1.6202439045446704,0.9999847412109375,2.42053353476708e-05,0.0
10722,2217,-374.7359,-676.94946,-0.011421318,-1.7916278,34.67811,-3.862381e-07,34.72435760498047,-0.00028229501052981796,-0.0006296634130244351,1.6198111408675324,0.9999847412109375,0.0002392429620735988,0.0
10723,2218,-374.82523,-675.21295,-0.011421165,-1.7766607,34.77003,-2.0313262e-06,34.815391540527344,-0.00029081715852736215,-0.0006294249898868052,1.6194526793848079,0.9999847412109375,0.0014952130654819484,0.0
10724,2219,-374.91367,-673.4719,-0.011420898,-1.7580322,34.861954,-3.4761429e-06,34.906253814697266,-0.0003046655311771929,-0.000628828964552021,1.619056401014604,0.9999847412109375,0.005439621374080161,0.0
10725,2220,-375.00098,-671.7263,-0.011420669,-1.7247882,34.954277,-2.2172928e-06,34.996803283691406,-0.0003494067025091054,-0.000628232939217237,1.6183060553774742,0.9999847412109375,0.0072898465879675575,0.0
10726,2221,-375.08667,-669.97614,-0.011420441,-1.6845907,35.04666,-8.6307523e-07,35.08712387084961,-0.0004186488908511656,-0.0006277560929419772,1.6169531695437138,0.9999847412109375,0.007674684041489933,0.0
10727,2222,-375.1705,-668.22125,-0.01142025,-1.6402966,35.139,-1.3875961e-06,35.17726135253906,-0.0004942825357722534,-0.0006270408235290875,1.6150034693096669,0.9999847412109375,0.007812636458782909,0.0
10728,2223,-375.25214,-666.46185,-0.011419983,-1.5898857,35.23132,-1.2636184e-06,35.267173767089844,-0.0005736448337844867,-0.0006264447981943034,1.612551230577922,0.9999847412109375,0.007812636458782909,0.0
10729,2223,-375.33124,-664.6977,-0.011419792,-1.5319448,35.32363,-1.1253356e-06,35.356834411621094,-0.0006588660536856035,-0.000625848707840938,1.609692060831613,0.9999847412109375,0.007812636458782909,0.0
10730,2224,-375.4073,-662.92914,-0.011419524,-1.4653971,35.415894,-9.012222e-07,35.446197509765625,-0.0007542072207104403,-0.0006253719265842595,1.6065097164870228,0.9999847412109375,0.007812636458782909,0.0
10731,2224,-375.47998,-661.1558,-0.011419296,-1.3898574,35.508057,-3.9958954e-06,35.535247802734375,-0.0008591355726038183,-0.0006248950803089998,1.6030693118328039,0.9999847412109375,0.007812636458782909,0.0
10732,2224,-375.5487,-659.3779,-0.011418991,-1.3053976,35.600044,-4.754066e-06,35.62397003173828,-0.0009725864300969378,-0.0006244182340337399,1.5994247758810305,0.9999847412109375,0.007812636458782909,0.0
10733,2224,-375.613,-657.59546,-0.011418914,-1.2123792,35.691772,-3.042221e-06,35.71235656738281,-0.0010918957868581625,-0.0006239413877584802,1.5956167218383261,0.9999847412109375,0.007812636458782909,0.0
10734,2224,-375.6725,-655.80835,-0.0114187235,-1.1113323,35.783142,-3.4189225e-06,35.80039596557617,-0.0012133360626029384,-0.0006234645414832204,1.5916807029052435,0.9999847412109375,0.007812636458782909,0.0
10735,2224,-375.72675,-654.0167,-0.011418571,-1.0028735,35.874084,-3.1900406e-06,35.888099670410156,-0.0013342433160182104,-0.0006229876952079606,1.5876406875315934,0.9999847412109375,0.007812636458782909,0.0
10736,2224,-375.7755,-652.2206,-0.011418381,-0.88765067,35.964527,-2.541542e-06,35.97547912597656,-0.001452487928492054,-0.0006225108489327008,1.5835181141641506,0.9999847412109375,0.007812636458782909,0.0
10737,2224,-375.81827,-650.4198,-0.0114181135,-0.76630867,36.054398,-2.6798248e-06,36.06254196166992,-0.0015664710931102828,-0.0006221532467355466,1.5793310922983281,0.9999847412109375,0.007812636458782909,0.0
10738,2224,-375.85483,-648.6147,-0.0114181135,-0.6394629,36.14364,-2.4318695e-06,36.149295806884766,-0.0016740625410751587,-0.0006216764004602868,1.5750913398429218,0.9999847412109375,0.007812636458782909,0.0
10739,2224,-375.88495,-646.80505,-0.011417808,-0.50768626,36.2322,-3.170967e-06,36.235755920410156,-0.0017747301603173165,-0.0006210803751255027,1.5708095094422925,0.9999847412109375,0.007812636458782909,0.0
10740,2224,-375.90842,-644.991,-0.011417617,-0.37150088,36.32004,-7.6770783e-07,36.32194137573242,-0.0018679411885815776,-0.000620603528850243,1.5664931911055466,0.9999847412109375,0.007812636458782909,0.0
10741,2224,-375.92493,-643.17267,-0.011417465,-0.23138136,36.407127,-3.5429e-06,36.40786361694336,-0.0019536944555334787,-0.0006201266825749831,1.5621487764193003,0.9999847412109375,0.007812636458782909,0.0
10742,2224,-375.93436,-641.34985,-0.011417236,-0.087743774,36.493423,-2.6655196e-06,36.493526458740234,-0.0020319916516561335,-0.0006195306572401991,1.5577811922315703,0.9999847412109375,0.007812636458782909,0.0
10743,2224,-375.93652,-639.5228,-0.011416969,0.059042744,36.578903,-1.9550323e-06,36.57895278930664,-0.0021028322568008915,-0.0006190538109649392,1.5533953653903734,0.9999847412109375,0.007812636458782909,0.0
10744,2224,-375.9313,-637.6915,-0.011416778,0.20865421,36.663548,-3.7956238e-06,36.66414260864258,-0.0021667478628884683,-0.0006185769646896794,1.5489918285279274,0.9999847412109375,0.007812636458782909,0.0
10745,2224,-375.91858,-635.856,-0.01141655,0.36081088,36.747337,-3.7193297e-06,36.749107360839844,-0.0022248047746521956,-0.0006179809393548954,1.544574709543922,0.9999847412109375,0.007812636458782909,0.0
10746,2224,-375.89816,-634.0163,-0.011416321,0.51526946,36.83026,-2.1457672e-06,36.833866119384766,-0.0022764698397254074,-0.0006175040930796355,1.5401448073866841,0.9999847412109375,0.007812636458782909,0.0
10747,2224,-375.8699,-632.1724,-0.011416015,0.67182106,36.9123,-3.1614302e-06,36.91841506958008,-0.002322808842692786,-0.0006170272468043758,1.5357038531109224,0.9999847412109375,0.007812636458782909,0.0
10748,2224,-375.8339,-630.3246,-0.011415977,0.8302878,36.993443,-1.7118454e-06,37.00275802612305,-0.0023643541556980226,-0.0006166696446072216,1.531252113032746,0.9999847412109375,0.007812636458782909,0.0
10749,2224,-375.7898,-628.4727,-0.011415824,0.99051595,37.07368,-4.2915342e-08,37.086910247802734,-0.002401638410959132,-0.0006160735542538562,1.5267918508390812,0.9999847412109375,0.007812636458782909,0.0
10750,2224,-375.73773,-626.6167,-0.011415596,1.1523745,37.153,-2.3603438e-06,37.170867919921875,-0.002435726612837821,-0.0006154775289190721,1.5223218681074377,0.9999847412109375,0.007812636458782909,0.0
10751,2224,-375.6775,-624.75665,-0.011415329,1.3157561,37.231396,-1.9788743e-06,37.254638671875,-0.0024660869093390495,-0.0006150006826438123,1.5178432301022515,0.9999847412109375,0.007812636458782909,0.0
10752,2224,-375.609,-622.8927,-0.0114151,1.4805665,37.30886,-3.0374526e-06,37.338226318359375,-0.0024932506323092074,-0.0006145238363685525,1.513356336297686,0.9999847412109375,0.007936923400553355,0.0
10753,2224,-375.53226,-621.0251,-0.011415023,1.6472055,37.385338,-2.260208e-06,37.421607971191406,-0.0025193496109919837,-0.0006140469900932928,1.5088541293168527,0.9999847412109375,0.008067675948917578,0.0
10754,2224,-375.44717,-619.1537,-0.011414832,1.8156375,37.460815,-4.038811e-06,37.504791259765625,-0.0025443835853130536,-0.0006135702088366143,1.5043228938801372,0.9999847412109375,0.008067675948917578,0.0
10755,2224,-375.35364,-617.2784,-0.011414604,1.9853827,37.53532,-6.437302e-07,37.587791442871094,-0.002567819402905751,-0.0006130933625613544,1.4997611652489407,0.9999847412109375,0.008067675948917578,0.0
10756,2224,-375.2516,-615.39954,-0.011414413,2.156513,37.60883,-1.5163421e-06,37.67060470581055,-0.002590189956062417,-0.000612735695345619,1.495173071322952,0.9999847412109375,0.008067675948917578,0.0
10757,2224,-375.14096,-613.51697,-0.011414222,2.329064,37.681328,-2.0551681e-06,37.753238677978516,-0.002611495764931701,-0.0006121396700108348,1.490561541579371,0.9999847412109375,0.008067675948917578,0.0
10758,2224,-375.0217,-611.63074,-0.011413993,2.5030406,37.752792,-4.5394895e-06,37.83567810058594,-0.0026317352690676528,-0.0006116628237355751,1.4859296386534506,0.9999847412109375,0.008067675948917578,0.0
10759,2224,-374.89362,-609.74097,-0.011413727,2.6784332,37.82321,-2.965927e-06,37.91792678833008,-0.0026514431812828896,-0.0006111859774603153,1.4812808246546083,0.9199847412109375,0.008067675948917578,0.0
10760,2224,-374.75684,-607.8478,-0.011413154,2.855033,37.890015,-3.7574766e-06,37.9974250793457,-0.0026706179411314602,-0.0006096362595750115,1.4766170969536614,0.8399847412109376,0.0035168695279603627,0.0
10761,2224,-374.61145,-605.9515,-0.011409836,3.0147195,37.94906,-8.5830685e-08,38.06861877441406,-0.002653040817862612,-0.0006014108238732334,1.472233533799391,0.7599847412109376,0.0022829312809567737,0.0
10762,2224,-374.458,-604.05255,-0.011401138,3.1694386,37.994522,3.671646e-07,38.126487731933594,-0.0026098976082033283,-0.00058114524728618,1.4683836681275724,0.6799847412109377,0.002165026926698655,0.0
10763,2224,-374.29678,-602.1518,-0.011386337,3.3202848,38.023643,1.2779235e-06,38.1683349609375,-0.0025608957042201953,-0.000545501670905614,1.46504486306894,0.5999847412109377,0.0021034175974082073,0.0
10764,2224,-374.12805,-600.2502,-0.01136486,3.4645793,38.03525,2.1457672e-06,38.192718505859375,-0.002508164594487976,-0.0004944800947315357,1.462138422213282,0.5199847412109377,0.0014545288813062004,0.0
10765,2224,-373.95215,-598.3484,-0.011337395,3.598066,38.029156,2.4986266e-06,38.19898986816406,-0.002441053715240955,-0.00042951105758972426,1.4596339855241716,0.4399847412109377,0.0,0.0
10766,2224,-373.76984,-596.4474,-0.011305313,3.7163093,38.00574,3.3187866e-06,38.18700408935547,-0.002348375189157547,-0.0003532171164662366,1.4575808214817751,0.3599847412109377,0.0,0.0
10767,2224,-373.5818,-594.54816,-0.011269073,3.8239381,37.964558,5.6552885e-06,38.156654357910156,-0.002238120840176917,-0.0002678632586592661,1.4559633505937155,0.2799847412109377,0.0,0.0
10768,2224,-373.38846,-592.6514,-0.011230354,3.9197226,37.90612,4.9877167e-06,38.10824203491211,-0.002116680304357816,-0.00017595289460463608,1.4546924901215297,0.19998474121093768,0.0,0.0
10769,2224,-373.1907,-590.75824,-0.011189689,4.00323,37.830956,3.1948089e-06,38.04217529296875,-0.0019856527787259176,-7.96318000317249e-05,1.4536919404999868,0.11998474121093768,0.0,0.0
10770,2224,-372.98892,-588.86914,-0.011147842,4.074606,37.73957,4.6157834e-06,37.958892822265625,-0.0018466358998609437,1.9192694817856196e-05,1.4528985848112523,0.039984741210937674,0.0,0.0
10771,2224,-372.7838,-586.9851,-0.011105652,4.134393,37.63244,5.970001e-06,37.858863830566406,-0.0017028250709595022,0.00011885165845815794,1.4522616898365597,0.0,0.0,0.0
10772,2224,-372.57596,-585.1068,-0.011063538,4.183501,37.51096,5.2165983e-06,37.743526458740234,-0.0015568839732603226,0.00021839140037049142,1.4517423734239943,0.0,0.0,0.0
10773,2224,-372.36584,-583.23486,-0.011023216,4.2233405,37.37943,6.842613e-06,37.61725997924805,-0.0014136060366512222,0.0003137588349021737,1.4513117402757285,0.0,0.0,0.0
10774,2224,-372.15402,-581.3696,-0.010986862,4.255341,37.242287,6.275177e-06,37.4846076965332,-0.0012751215299299393,0.00039947029490629835,1.4509518140544042,0.0,0.0,0.0
10775,2266,-371.9407,-579.5114,-0.010955696,4.280662,37.102257,7.5531e-06,37.34838104248047,-0.001143561372080025,0.0004723071655527338,1.4506460831612633,0.0,0.0,0.0
10776,2267,-371.7263,-577.6602,-0.010930214,4.30025,36.960938,6.0939788e-06,37.21025466918945,-0.0010210557668806361,0.0005327462931167398,1.4503872239033075,0.0,0.0,0.0
10777,2268,-371.51102,-575.8161,-0.010909881,4.3148975,36.81927,6.890297e-06,37.07124328613281,-0.0009076051044432605,0.0005799531315980305,1.4501661815328308,0.0,0.0,0.0
10778,2269,-371.29507,-573.979,-0.010894203,4.3252745,36.67779,4.5108795e-06,36.931941986083984,-0.0008037419519673328,0.0006167888236667459,1.4499780292018167,0.0,0.0,0.0
10779,2269,-371.07877,-572.149,-0.010882263,4.331956,36.536793,2.9563903e-06,36.79270553588867,-0.0007094660493785277,0.0006439685412079037,1.449817706904194,0.0,0.0,0.0
10780,2270,-370.86206,-570.326,-0.010873604,4.335439,36.396427,3.504753e-06,36.65373229980469,-0.0006242448944959922,0.0006647109640702169,1.4496806872661094,0.0,0.0,0.0
10781,2271,-370.64536,-568.51,-0.010867272,4.3361554,36.25678,5.0020217e-06,36.51515197753906,-0.0005475457900831288,0.0006796121175884696,1.449564040810364,0.0,0.0,0.0
10782,2272,-370.42862,-566.701,-0.010862731,4.3344812,36.11788,2.8944014e-06,36.37704086303711,-0.00047936896370497225,0.0006897449383912869,1.4494653706919767,0.0,0.0,0.0
10783,2273,-370.21198,-564.89886,-0.010859794,4.330746,35.979733,3.7384032e-06,36.23943328857422,-0.00041811619361456845,0.0006966590793453913,1.4493805490112575,0.0,0.0,0.0
10784,2274,-369.99567,-563.10364,-0.010857735,4.3252363,35.842327,2.322197e-06,36.10235595703125,-0.0003643203721042585,0.0007014274120608267,1.449308244187662,0.0,0.0,0.0
10785,2274,-369.77963,-561.31525,-0.010856514,4.318201,35.705647,1.6880035e-06,35.965816497802734,-0.00031691603968226674,0.0007041692456342798,1.4492467251664811,0.0,0.0,0.0
10786,2275,-369.56396,-559.5337,-0.010855866,4.309859,35.569675,2.4795531e-06,35.829830169677734,-0.00027483822449617736,0.0007052421172443238,1.449195192999388,0.0,0.0,0.0
10787,2276,-369.3488,-557.7589,-0.010855751,4.300398,35.43439,3.0708313e-06,35.69438934326172,-0.00023808661770772922,0.0007057189635195835,1.4491511176833471,0.0,0.0,0.0
10788,2277,-369.13406,-555.9909,-0.010855941,4.2899823,35.299778,1.9979477e-06,35.55950164794922,-0.00020612868462677837,0.0007052421172443238,1.4491130344797591,0.0,0.0,0.0
10789,2278,-368.91986,-554.2296,-0.0108564375,4.2787557,35.165813,3.3855438e-06,35.42516326904297,-0.0001778991445626478,0.0007041692456342798,1.4490817423369506,0.0,0.0,0.0
10790,2279,-368.70627,-552.475,-0.010856971,4.266841,35.03248,3.9577485e-06,35.29136657714844,-0.00015339806253391878,0.0007025002836708705,1.4490549775679953,0.0,-0.01493300403697434,0.0
10791,2280,-368.49463,-550.7268,-0.010857658,4.195227,34.906456,2.6655196e-06,35.15765380859375,-8.522097709735238e-06,0.0007008313867260425,1.450004793970772,0.0,-0.049840499922857114,0.0
10792,2280,-368.28842,-548.9848,-0.010857009,4.000001,34.790176,5.5789945e-07,35.019371032714844,0.0004371239207277773,0.0007025002836708705,1.454404336091583,0.0,-0.0669083019519129,0.0
10793,2281,-368.09183,-547.24896,-0.010854339,3.7320876,34.675568,-1.6212463e-06,34.87582778930664,0.0011319841634936112,0.0007078647067396712,1.4642866611065946,0.0,-0.016908301951912896,0.0
10794,2282,-367.9036,-545.51904,-0.010854377,3.607925,34.553963,-5.931854e-06,34.7418098449707,0.0015163772670727849,0.0007078647067396712,1.476466628352072,0.0,0.0,0.0
10795,2283,-367.72153,-543.79517,-0.010856781,3.4993825,34.43227,-1.8548965e-06,34.60963439941406,0.001607625774479064,0.0007030963740242359,1.4870292578675441,0.0,0.0,0.0
10796,2284,-367.547,-542.0771,-0.01085926,3.348187,34.31397,-3.7527084e-06,34.476932525634766,0.001712451462032568,0.0006966590793453913,1.4955116922555556,0.0,0.0,0.0
10797,2285,-367.38156,-540.3648,-0.010861892,3.1747556,34.19673,-2.7704239e-06,34.34378433227539,0.0018881633977749035,0.0006908178100013308,1.5023405699227368,0.0,0.0,0.0
10798,2286,-367.2256,-538.65826,-0.010864296,2.992739,34.079502,-2.5081633e-06,34.210655212402344,0.0020847829685946375,0.0006849765406572703,1.5078423944187316,0.0,0.0,0.0
10799,2286,-367.07922,-536.9576,-0.010866165,2.8113282,33.96181,-4.839897e-06,34.077972412109375,0.002257060232761179,0.0006806849891985134,1.5122718971018059,0.0,0.0,0.0
10800,2287,-366.942,-535.2628,-0.010867767,2.6366112,33.84348,-4.1770936e-06,33.94602584838867,0.0023796309215604497,0.000676989528093122,1.5158369376950405,0.0,0.0,0.0
10801,2288,-366.8135,-533.57404,-0.010868912,2.4724536,33.724487,-2.7275084e-06,33.814998626708984,0.0024430828151261893,0.0006743669385977744,1.5187035642924016,0.0,0.0,0.0
10802,2289,-366.69315,-531.8911,-0.01086998,2.3211002,33.604893,-2.7942656e-06,33.68495559692383,0.0024482221438665267,0.0006721019512995811,1.5210067991611567,0.0,0.0,0.0
10803,2290,-366.5801,-530.21423,-0.010870895,2.1836176,33.484787,-2.9611588e-06,33.555912017822266,0.0024015869162427417,0.0006700753871390176,1.5228560982221078,0.0,0.0,0.0
10804,2291,-366.4737,-528.54333,-0.010871773,2.0602312,33.36428,-5.149841e-07,33.42782974243164,0.0023124108110968433,0.0006679296439189298,1.5243414763200993,0.0,0.0,0.0
10805,2292,-366.37323,-526.8785,-0.010872688,1.9505817,33.243477,-2.7179718e-07,33.300655364990234,0.00219079771596297,0.0006657838356802608,1.5255347056465094,0.0,0.0,0.0
10806,2292,-366.27795,-525.2196,-0.010873604,1.8539233,33.122486,4.653931e-06,33.1743278503418,0.0020464070513534884,0.0006641149387354327,1.526493976271156,0.0,0.0,0.0
10807,2293,-366.18726,-523.56683,-0.010874481,1.7692758,33.001385,2.9325486e-06,33.04877853393555,0.001887981475784424,0.0006620883745748693,1.527265760355061,0.0,0.0,0.0
10808,2294,-366.1005,-521.9201,-0.010875282,1.6955382,32.88027,3.1471252e-06,32.92395782470703,0.0017228808325846982,0.0006599425663362002,1.5278884074179215,0.0,0.0,0.0
10809,2295,-366.01724,-520.2794,-0.010876236,1.6315691,32.759193,1.8310546e-06,32.79979705810547,0.0015570742176292086,0.0006577968231161125,1.5283901469672925,0.0,0.0,0.0
10810,2296,-365.937,-518.64484,-0.010877266,1.5762451,32.638237,3.3044814e-06,32.67627716064453,0.001395225153680334,0.0006556510798960247,1.5287960127174205,0.0,0.0,0.0
10811,2296,-365.85938,-517.01624,-0.010878257,1.5284982,32.51745,2.6559828e-06,32.55335235595703,0.0012406146083876733,0.0006530284253820958,1.5291253125862088,0.0,0.0,0.0
10812,2297,-365.78397,-515.3937,-0.010879211,1.4873381,32.396873,4.4345857e-06,32.43099594116211,0.0010955563329853955,0.0006508826821620081,1.5293916286952167,0.0,0.0,0.0
10813,2298,-365.71045,-513.77716,-0.010880127,1.4518667,32.27655,1.5068053e-06,32.30918884277344,0.0009614892536962675,0.0006482600926666605,1.5296066789532405,0.0,0.0,0.0
10814,2299,-365.6386,-512.16656,-0.010881157,1.4212799,32.156517,4.7683716e-07,32.18791198730469,0.0008391293551375736,0.0006459951053684671,1.5297819149529677,0.0,0.0,0.0
10815,2300,-365.5681,-510.56207,-0.010882034,1.3948667,32.036793,-1.2874602e-07,32.06714630126953,0.0007286138915344397,0.0006439685412079037,1.5299242609132324,0.0,0.0,0.0
10816,2301,-365.49893,-508.9635,-0.010883102,1.3720024,31.91742,-3.3855437e-07,31.9468936920166,0.0006297222548405123,0.0006412267076344506,1.5300397089464874,0.0,0.0,0.0
10817,2301,-365.43082,-507.37094,-0.010884094,1.3521467,31.7984,1.3256073e-06,31.827136993408203,0.0005419622543953445,0.0006390809644143628,1.5301334522168581,0.0,0.0,0.0
10818,2302,-365.36368,-505.78424,-0.010885124,1.3348323,31.679762,8.2969666e-07,31.707870483398438,0.00046461182634430074,0.0006365775539785395,1.530209751782089,0.0,0.0,0.0
10819,2303,-365.2973,-504.20358,-0.010886078,1.3196588,31.561516,6.4849854e-07,31.589092254638672,0.0003968630823054284,0.0006344318107584518,1.5302714039613243,0.0,0.0,0.0
10820,2304,-365.23163,-502.62878,-0.010887146,1.306284,31.443674,-4.5776366e-07,31.470796585083008,0.00033786622942112655,0.0006321668234602584,1.5303214713898179,0.0,0.0,0.0
10821,2304,-365.1666,-501.05984,-0.010887985,1.2944177,31.326246,1.4543533e-06,31.352977752685547,0.0002867561954671885,0.0006300210802401706,1.5303620845964416,0.0,0.0,0.0
10822,2305,-365.10214,-499.49673,-0.010889053,1.283813,31.20924,-1.8072128e-06,31.235633850097656,0.00024266499863789438,0.0006273984257262417,1.530395240952013,0.0,0.0,0.0
10823,2306,-365.03824,-497.9395,-0.010890007,1.2742621,31.092663,-1.8644332e-06,31.118762969970703,0.00020479541359862493,0.000625252682506154,1.5304214730887502,0.0,0.0,0.0
10824,2307,-364.97473,-496.38815,-0.0108909225,1.2655896,30.976515,-2.169609e-06,31.00235939025879,0.00017237942461241018,0.0006232261183455904,1.53044304469358,0.0,0.0,0.0
10825,2308,-364.91168,-494.84244,-0.010891953,1.2576491,30.86081,-1.759529e-06,30.886423110961914,0.00014475452484508607,0.0006210803751255027,1.530461287347047,0.0,0.0,0.0
10826,2308,-364.84894,-493.3026,-0.010892906,1.2503169,30.74554,-3.838539e-06,30.770954132080078,0.00012127553491440505,0.0006183385415520496,1.530475002626661,0.0,0.0,0.0
10827,2309,-364.7866,-491.76846,-0.010893745,1.24349,30.630713,-3.6907195e-06,30.655942916870117,0.00010137654121604801,0.0006161927983319617,1.5304861879032392,0.0,0.0,0.0
10828,2310,-364.72455,-490.2401,-0.01089489,1.2370825,30.516325,-2.7036667e-06,30.54138946533203,8.456406897258745e-05,0.0006140469900932928,1.5304952426509455,0.0,0.0,0.0
10829,2311,-364.66284,-488.7174,-0.010895844,1.2310236,30.402384,-2.9850005e-06,30.427295684814453,7.040287567347342e-05,0.0006120204909513105,1.5305024331858887,0.0,0.0,0.0
10830,2311,-364.60147,-487.2004,-0.010896683,1.225254,30.28889,-2.684593e-06,30.313663482666016,5.849073199281141e-05,0.0006099939267907471,1.5305089579305593,0.0,0.0,0.0
10831,2312,-364.54037,-485.68906,-0.010897636,1.2197255,30.175835,-2.2697448e-06,30.200475692749023,4.851777969042863e-05,0.0006077289394925537,1.530513618462467,0.0,0.0,0.0
10832,2313,-364.4795,-484.18335,-0.010898552,1.2143972,30.063225,-3.2329558e-06,30.08774185180664,4.017626956638326e-05,0.0006055831312538846,1.530517613204102,0.0,0.0,0.0
10833,2314,-364.41895,-482.68323,-0.010899582,1.209237,29.95106,-2.2125244e-06,29.975460052490234,3.3211899726393355e-05,0.0006034373880337969,1.5305206758393557,0.0,0.0,0.0
10834,2314,-364.3586,-481.18878,-0.010900421,1.2042145,29.839334,-3.5858154e-06,29.863622665405273,2.7405655079347296e-05,0.0006008147985384493,1.530522806368228,0.0,0.0,0.0
10835,2315,-364.29846,-479.69986,-0.010901451,1.199312,29.728056,-1.9025803e-06,29.75223731994629,2.25749715762752e-05,0.0005986689902997802,1.5305250700551545,0.0,0.0,0.0
10836,2316,-364.2387,-478.21652,-0.01090229,1.1945087,29.617208,-2.1743774e-06,29.641286849975586,1.8560389114706282e-05,0.000596642491157798,1.5305266679518084,0.0,0.0,0.0
10837,2317,-364.1791,-476.73865,-0.010903168,1.1897866,29.506805,-3.5095213e-06,29.53078269958496,1.5251020536062756e-05,0.0005943775038596047,1.5305281326904079,0.0,0.0,0.0
10838,2317,-364.11972,-475.26636,-0.010904083,1.1851318,29.396841,-3.8862227e-06,29.42072105407715,1.2513833759341934e-05,0.0005922316956209357,1.530529730587062,0.0,0.0,0.0
10839,2318,-364.0606,-473.79953,-0.010905113,1.1805354,29.28731,-2.1219253e-06,29.311094284057617,1.026041164129744e-05,0.0005900859524008478,1.530530795851498,0.0,0.0,0.0
10840,2319,-364.00162,-472.33817,-0.01090599,1.1759967,29.17821,-1.835823e-06,29.2018985748291,8.395001114064573e-06,0.0005885362345155442,1.530530795851498,0.0,0.0,0.0
10841,2320,-363.94302,-470.88226,-0.010906906,1.1715076,29.069546,-2.2554398e-06,29.093143463134766,6.8543314786726956e-06,0.0005859136450201966,1.530530795851498,0.0,0.0,0.0
10842,2320,-363.88455,-469.43173,-0.010907783,1.167061,28.961311,-2.5510788e-06,28.984817504882812,5.585607647105589e-06,0.0005838870808596332,1.530530795851498,0.0,0.0,0.0
10843,2321,-363.82635,-467.98663,-0.0109086605,1.1626511,28.853502,-3.0660628e-06,28.876916885375977,4.516303931710584e-06,0.0005816220935614398,1.5305301300612255,0.0,0.0,0.0
10844,2322,-363.76834,-466.5469,-0.010909576,1.1582736,28.746122,-3.943443e-06,28.769447326660156,3.6599525786997346e-06,0.0005794763503413521,1.5305301300612255,0.0,0.0,0.0
10845,2322,-363.71054,-465.11252,-0.010910415,1.1539251,28.639168,-2.4700164e-06,28.662405014038086,2.9432707895185854e-06,0.0005779266324560483,1.5305301300612255,0.0,0.0,0.0
10846,2323,-363.65298,-463.6835,-0.010911292,1.1496028,28.532633,-3.7288664e-06,28.555782318115234,2.3675970326181327e-06,0.0005757808242173793,1.5305301300612255,0.0,0.0,0.0
10847,2324,-363.59558,-462.2598,-0.010912208,1.1453044,28.426523,-3.1900406e-06,28.4495849609375,1.9011497936945467e-06,0.0005736350809972915,1.5305301300612255,0.0,0.0,0.0
10848,2325,-363.5385,-460.8414,-0.010913086,1.1410283,28.320835,-3.4093855e-06,28.34381103515625,1.526932555250842e-06,0.0005716085168367281,1.5305301300612255,0.0,0.0,0.0
10849,2325,-363.48148,-459.42822,-0.010913963,1.1367735,28.215563,-3.080368e-06,28.238452911376953,1.220964000908615e-06,0.0005694627736166402,1.5305301300612255,0.0,0.0,0.0
10850,2326,-363.42484,-458.0203,-0.010914841,1.1325386,28.110704,-2.8896332e-06,28.13351058959961,9.866490978952439e-07,0.0005671977863184468,1.5305301300612255,0.0,0.0,0.0
10851,2327,-363.3683,-456.61768,-0.010915718,1.1283228,28.006264,-3.0517576e-06,28.02898406982422,7.882773428519087e-07,0.0005650519780797778,1.5305301300612255,0.0,0.0,0.0
10852,2327,-363.312,-455.2203,-0.010916595,1.1241256,27.902235,-4.224777e-06,27.92487144470215,6.336777603016045e-07,0.0005635022601944742,1.5305301300612255,0.0,0.0,0.0
10853,2328,-363.2559,-453.828,-0.0109174345,1.1199462,27.798615,-3.080368e-06,27.821165084838867,5.007606047209385e-07,0.0005613565169743864,1.5305301300612255,0.0,0.0,0.0
10854,2329,-363.20004,-452.4409,-0.01091835,1.1157846,27.695404,-2.6655196e-06,27.717870712280273,3.9523005021959514e-07,0.0005593299528138229,1.5305301300612255,0.0,0.0,0.0
10855,2329,-363.14432,-451.05896,-0.010919151,1.1116403,27.592604,-3.452301e-06,27.614986419677734,3.011955936244928e-07,0.0005571842095937351,1.5305301300612255,0.0,0.0,0.0
10856,2330,-363.08887,-449.68213,-0.01091999,1.107513,27.49021,-3.6001204e-06,27.512510299682617,2.3428587005800044e-07,0.0005555152476303259,1.5305301300612255,0.0,0.0,0.0
10857,2331,-363.03363,-448.31042,-0.010920829,1.1034025,27.388214,-3.6764145e-06,27.410430908203125,1.914741185227384e-07,0.000553369504410238,1.5305301300612255,0.0,0.0,0.0
10858,2332,-362.97855,-446.94382,-0.010921706,1.0993086,27.286625,-3.2711027e-06,27.308759689331055,1.446751691586508e-07,0.0005512236961715691,1.5305301300612255,0.0,0.0,0.0
10859,2332,-362.9237,-445.58224,-0.0109225465,1.0952309,27.185436,-3.3283234e-06,27.207489013671875,1.3547835750310164e-07,0.0005496739782862653,1.5305301300612255,0.0,0.0,0.0
10860,2333,-362.86902,-444.22577,-0.010923424,1.0911696,27.08464,-3.0851363e-06,27.106613159179688,9.208452616632391e-08,0.0005475282350661776,1.5305301300612255,0.0,0.0,0.0
10861,2334,-362.8146,-442.8743,-0.010924263,1.0871243,26.98425,-2.7942656e-06,27.006139755249023,7.72124622407219e-08,0.000545501670905614,1.5305301300612255,0.0,0.0,0.0
10862,2334,-362.7603,-441.52783,-0.010925064,1.0830952,26.884247,-2.3984908e-06,26.906055450439453,5.6053981698729976e-08,0.0005433559276855263,1.5305301300612255,0.0,0.0,0.0
10863,2335,-362.70633,-440.18637,-0.010925903,1.079082,26.784637,-3.0708313e-06,26.806365966796875,5.2474209570978975e-08,0.0005416869657221171,1.5305301300612255,0.0,0.0,0.0
10864,2336,-362.6524,-438.84982,-0.010926742,1.0750846,26.685425,-3.2949447e-06,26.70707130432129,3.2508981113678354e-08,0.0005395412225020293,1.5305301300612255,0.0,0.0,0.0
10865,2336,-362.59882,-437.5183,-0.010927543,1.071103,26.586601,-3.3044814e-06,26.60816764831543,4.7177314330856383e-08,0.0005378722930479107,1.5305301300612255,0.0,0.0,0.0
10866,2337,-362.54532,-436.19168,-0.010928382,1.0671372,26.488167,-2.7894973e-06,26.509654998779297,1.9965228457300618e-08,0.0005358457288873471,1.5305301300612255,0.0,0.0,0.0
10867,2338,-362.49213,-434.87,-0.010929184,1.0631871,26.390116,-3.2520293e-06,26.411523818969727,1.0477378885203241e-08,0.0005338191647267837,1.5305301300612255,0.0,0.0,0.0
10868,2338,-362.43903,-433.5532,-0.010929985,1.0592524,26.292454,-3.3140182e-06,26.313783645629883,3.000605145978635e-08,0.0005321502352726651,1.5305301300612255,0.0,0.0,0.0
10869,2339,-362.38623,-432.24127,-0.010930824,1.0553331,26.19517,-3.5476685e-06,26.216419219970703,2.380693609889176e-08,0.0005300044595432867,1.5305301300612255,0.0,0.0,0.0
10870,2340,-362.3335,-430.93417,-0.010931625,1.0514292,26.098267,-2.9802322e-06,26.11943817138672,1.2048987007719989e-08,0.0005278587163231989,1.5305301300612255,0.0,0.0,0.0
10871,2340,-362.28113,-429.63196,-0.010932426,1.0475404,26.001745,-3.5858154e-06,26.022838592529297,9.720679706914987e-09,0.0005261897868690802,1.5305301300612255,0.0,0.0,0.0
10872,2341,-362.2288,-428.33447,-0.010933227,1.0436671,25.9056,-2.5272368e-06,25.92661476135254,9.720679706914987e-09,0.0005261897868690802,1.5305301300612255,0.0,0.0,0.0
10873,2341,-362.1768,-427.04184,-0.010934029,1.0398089,25.809834,-2.7561186e-06,25.83077049255371,1.4057151012954246e-08,0.0005224942932543982,1.5305301300612255,0.0,0.0,0.0
10874,2342,-362.12485,-425.75397,-0.010934868,1.0359658,25.714437,-3.3569336e-06,25.73529815673828,2.607703462586134e-08,0.0005204677290938347,1.5305301300612255,0.0,0.0,0.0
10875,2343,-362.07318,-424.4709,-0.010935631,1.0321376,25.61942,-1.9121169e-06,25.640201568603516,2.607703462586134e-08,0.0005204677290938347,1.5305301300612255,0.0,0.0,0.0
10876,2343,-362.02164,-423.19254,-0.010936432,1.0283247,25.524773,-2.5701522e-06,25.54547882080078,7.334165616484195e-09,0.0005166530239103376,1.5305301300612255,0.0,0.0,0.0
10877,2344,-361.97037,-421.91885,-0.0109372325,1.0245265,25.430494,-2.732277e-06,25.45112419128418,7.043127699935979e-09,0.000514984094456219,1.5305301300612255,0.0,0.0,0.0
10878,2345,-361.91922,-420.64996,-0.010937957,1.0207431,25.336584,-2.684593e-06,25.35713768005371,7.043127699935979e-09,0.000514984094456219,1.5305301300612255,0.0,0.0,0.0
10879,2345,-361.86832,-419.38568,-0.010938759,1.0169744,25.243044,-2.6273726e-06,25.263521194458008,3.4808184027565644e-08,0.0005112886008415369,1.5305301300612255,0.0,0.0,0.0
10880,2346,-361.81754,-418.1261,-0.010939522,1.0132207,25.149866,-2.9325486e-06,25.17026710510254,4.706089678318553e-08,0.0005097388829562332,1.5305301300612255,0.0,0.0,0.0
10881,2347,-361.767,-416.87115,-0.0109402845,1.0094814,25.057053,-3.0612946e-06,25.07737922668457,4.706089678318553e-08,0.0005097388829562332,1.5305301300612255,0.0,0.0,0.0
10882,2347,-361.71658,-415.62085,-0.010941047,1.0057567,24.9646,-3.671646e-06,24.984851837158203,1.1263183442514023e-08,0.0005060434218508418,1.5305301300612255,0.0,0.0,0.0
10883,2348,-361.66644,-414.37515,-0.01094181,1.0020466,24.87251,-3.094673e-06,24.89268684387207,2.124579816721674e-09,0.0005038976461214634,1.5305301300612255,0.0,0.0,0.0
10884,2348,-361.61642,-413.13406,-0.010942612,0.99835104,24.780783,-3.7527084e-06,24.800886154174805,1.8335414537262898e-08,0.0005022287166673448,1.5305301300612255,0.0,0.0,0.0
10885,2349,-361.5666,-411.8975,-0.010943413,0.9946698,24.68941,-2.6798248e-06,24.70943832397461,1.8335414537262898e-08,0.0005022287166673448,1.5305301300612255,0.0,0.0,0.0
10886,2350,-361.517,-410.6655,-0.010944137,0.9910029,24.598389,-3.1280517e-06,24.618343353271484,2.983142910669935e-08,0.0004990100693279225,1.5305301300612255,0.0,0.0,0.0
10887,2350,-361.4675,-409.4381,-0.010944862,0.9873503,24.507727,-2.5749207e-06,24.527606964111328,7.363269507349498e-09,0.0004968642935985441,1.5305301300612255,0.0,0.0,0.0
10888,2351,-361.41827,-408.21518,-0.010945663,0.9837119,24.417414,-3.2186508e-06,24.43722152709961,1.3853424272949531e-08,0.0004949569410067956,1.5305301300612255,0.0,0.0,0.0
10889,2352,-361.36914,-406.9968,-0.010946388,0.98008764,24.327454,-3.5333633e-06,24.34718894958496,1.3853424272949531e-08,0.0004949569410067956,1.5305301300612255,0.0,0.0,0.0
10890,2352,-361.3203,-405.78287,-0.010947151,0.97647756,24.237844,-3.7574766e-06,24.257505416870117,1.245644048772942e-08,0.0004917382936673732,1.5305301300612255,0.0,0.0,0.0
10891,2353,-361.27148,-404.57346,-0.010947914,0.9728814,24.148584,-2.5177e-06,24.16817283630371,1.245644048772942e-08,0.0004917382936673732,1.5305301300612255,0.0,0.0,0.0
10892,2353,-361.223,-403.36847,-0.010948677,0.9692993,24.05967,-2.1982194e-06,24.079185485839844,1.2150850377722346e-08,0.0004878043769150612,1.5305309290095526,0.0,0.0,0.0
10893,2354,-361.17456,-402.1679,-0.010949401,0.965731,23.971098,-2.965927e-06,23.990543365478516,1.907756251419711e-08,0.00048625465902975756,1.5305309290095526,0.0,0.0,0.0
10894,2355,-361.12643,-400.9718,-0.010950127,0.9621766,23.882874,-2.2935867e-06,23.90224838256836,1.907756251419711e-08,0.00048625465902975756,1.5305309290095526,0.0,0.0,0.0
10895,2355,-361.0784,-399.78003,-0.010950851,0.9586359,23.79499,-2.4652481e-06,23.814294815063477,5.41331278779344e-09,0.00048255916541507543,1.5305309290095526,0.0,0.0,0.0
10896,2356,-361.03058,-398.59265,-0.010951614,0.95510924,23.707445,-3.5333633e-06,23.72667694091797,5.41331278779344e-09,0.00048255916541507543,1.5305309290095526,0.0,0.0,0.0
10897,2356,-360.9829,-397.40967,-0.010952339,0.951596,23.620241,-2.7370452e-06,23.639400482177734,8.381903703425483e-09,0.00047934051807565315,1.5305309290095526,0.0,0.0,0.0
10898,2357,-360.93542,-396.23108,-0.010953026,0.9480965,23.533377,-2.9039381e-06,23.552467346191406,8.381903703425483e-09,0.00047934051807565315,1.5305309290095526,0.0,0.0,0.0
10899,2358,-360.88815,-395.0568,-0.010953789,0.9446104,23.446848,-2.1076203e-06,23.46586799621582,1.0375515515200884e-08,0.0004761218707362308,1.5305309290095526,0.0,0.0,0.0
10900,2358,-360.84094,-393.88684,-0.010954513,0.941138,23.360657,-2.6559828e-06,23.379606246948242,1.0375515515200884e-08,0.0004761218707362308,1.5305309290095526,0.0,0.0,0.0
10901,2359,-360.79407,-392.72116,-0.010955238,0.937679,23.274797,-3.2758712e-06,23.293676376342773,1.1248631249055167e-08,0.0004723071655527338,1.5305309290095526,0.0,0.0,0.0
10902,2359,-360.7472,-391.55975,-0.010955925,0.9342333,23.18927,-2.9420853e-06,23.20808219909668,1.1248631249055167e-08,0.0004723071655527338,1.5305309290095526,0.0,0.0,0.0
10903,2360,-360.70065,-390.40265,-0.01095665,0.930801,23.104074,-2.374649e-06,23.122817993164062,1.1597877939438808e-08,0.00046932694135094137,1.5305309290095526,0.0,0.0,0.0
10904,2360,-360.65417,-389.24976,-0.010957374,0.9273819,23.01921,-2.388954e-06,23.037885665893555,1.1597877939438808e-08,0.00046932694135094137,1.5305309290095526,0.0,0.0,0.0
10905,2361,-360.6079,-388.10114,-0.010958061,0.9239761,22.934671,-2.6988982e-06,22.953275680541992,5.326001115197531e-09,0.0004661082940115191,1.5305309290095526,0.0,0.0,0.0
10906,2362,-360.56183,-386.95676,-0.010958786,0.9205835,22.850466,-3.056526e-06,22.869003295898438,5.326001115197531e-09,0.0004661082940115191,1.5305309290095526,0.0,0.0,0.0
10907,2362,-360.51584,-385.81656,-0.010959511,0.91720396,22.766579,-2.4175642e-06,22.785045623779297,1.29075495560106e-08,0.0004628896466720968,1.5305309290095526,0.0,0.0,0.0
10908,2363,-360.47015,-384.6805,-0.010960235,0.91383755,22.68302,-2.92778e-06,22.701419830322266,1.29075495560106e-08,0.0004628896466720968,1.5305309290095526,0.0,0.0,0.0
10909,2363,-360.42444,-383.54868,-0.010960883,0.91048414,22.599783,-2.9993057e-06,22.61811637878418,1.6312698338569784e-08,0.0004590749414885997,1.5305309290095526,0.0,0.0,0.0
10910,2364,-360.37912,-382.42096,-0.010961571,0.9071438,22.516867,-3.504753e-06,22.535131454467773,1.6312698338569784e-08,0.0004590749414885997,1.5305309290095526,0.0,0.0,0.0
10911,2364,-360.33383,-381.29733,-0.010962257,0.9038161,22.434273,-3.1137465e-06,22.452472686767578,1.3998943231223638e-08,0.0004559755057179924,1.5305309290095526,0.0,0.0,0.0
10912,2365,-360.28873,-380.17795,-0.010962982,0.9005013,22.351992,-2.8038023e-06,22.37012481689453,1.3998943231223638e-08,0.0004559755057179924,1.5305309290095526,0.0,0.0,0.0
10913,2366,-360.2438,-379.06253,-0.010963668,0.89719933,22.270027,-2.5272368e-06,22.2880916595459,1.0739313406938563e-08,0.00045275685837857006,1.5305309290095526,0.0,0.0,0.0
10914,2366,-360.19897,-377.95135,-0.010964394,0.8939101,22.188385,-2.4604797e-06,22.206384658813477,1.0739313406938563e-08,0.00045275685837857006,1.5305309290095526,0.0,0.0,0.0
10915,2367,-360.15445,-376.84415,-0.010965042,0.8906336,22.107056,-2.8705597e-06,22.124990463256836,8.818460578247808e-09,0.0004495382110391478,1.5305309290095526,0.0,0.0,0.0
10916,2367,-360.10992,-375.741,-0.01096569,0.8873696,22.026037,-3.3569336e-06,22.043903350830078,8.818460578247808e-09,0.0004495382110391478,1.5305309290095526,0.0,0.0,0.0
10917,2368,-360.06573,-374.642,-0.010966377,0.8841182,21.945333,-2.603531e-06,21.963136672973633,1.0681105625207956e-08,0.00044620035213091053,1.5305309290095526,0.0,0.0,0.0
10918,2368,-360.0216,-373.54688,-0.0109670255,0.8808793,21.86494,-3.604889e-06,21.88267707824707,1.0681105625207956e-08,0.00044620035213091053,1.5305309290095526,0.0,0.0,0.0
10919,2369,-359.9776,-372.45572,-0.010967674,0.87765294,21.784855,-3.1089783e-06,21.802526473999023,9.400537403449058e-09,0.0004432201279291181,1.5305309290095526,0.0,0.0,0.0
10920,2369,-359.93387,-371.3688,-0.010968399,0.87443894,21.705078,-3.852844e-06,21.722684860229492,9.400537403449058e-09,0.0004432201279291181,1.5305309290095526,0.0,0.0,0.0
10921,2370,-359.8901,-370.2858,-0.010969124,0.87123734,21.625607,-2.732277e-06,21.643150329589844,1.3344107422937743e-08,0.00044000144808040517,1.5305309290095526,0.0,0.0,0.0
10922,2370,-359.84674,-369.2067,-0.010969734,0.868048,21.54644,-3.1852721e-06,21.563919067382812,1.3344107422937743e-08,0.00044000144808040517,1.5305309290095526,0.0,0.0,0.0
10923,2371,-359.80338,-368.1315,-0.010970382,0.8648708,21.467583,-3.0660628e-06,21.48499870300293,9.895303052106808e-09,0.00043678280074098283,1.5305309290095526,0.0,0.0,0.0
10924,2372,-359.76022,-367.0602,-0.010971069,0.8617059,21.389025,-2.4938583e-06,21.406375885009766,9.895303052106808e-09,0.00043678280074098283,1.5305309290095526,0.0,0.0,0.0
10925,2372,-359.71725,-365.99283,-0.010971718,0.8585532,21.310766,-2.3365021e-06,21.328052520751953,9.487849572097377e-09,0.0004334449418327456,1.5305309290095526,0.0,0.0,0.0
10926,2373,-359.67432,-364.92935,-0.010972366,0.8554124,21.232807,-3.1042098e-06,21.250030517578125,9.487849572097377e-09,0.0004334449418327456,1.5305309290095526,0.0,0.0,0.0
10927,2373,-359.63174,-363.86978,-0.010973053,0.8522839,21.155153,-2.1648407e-06,21.172313690185547,8.309144224288428e-09,0.00043034550606213827,1.5305309290095526,0.0,0.0,0.0
10928,2374,-359.58917,-362.81412,-0.010973663,0.8491674,21.077793,-2.2935867e-06,21.094892501831055,8.309144224288428e-09,0.00043034550606213827,1.5305309290095526,0.0,0.0,0.0
10929,2374,-359.5468,-361.76236,-0.010974349,0.8460628,21.000729,-3.1042098e-06,21.017765045166016,3.754394480838008e-09,0.0004277229165667907,1.5305309290095526,0.0,0.0,0.0
10930,2375,-359.50464,-360.7145,-0.01097496,0.84297,20.923964,-3.4475327e-06,20.940937042236328,3.754394480838008e-09,0.0004277229165667907,1.5305309290095526,0.0,0.0,0.0
10931,2375,-359.46246,-359.67056,-0.010975609,0.8398892,20.84749,-2.8181075e-06,20.864402770996094,1.1015800122132741e-08,0.0004245042692273684,1.5305309290095526,0.0,0.0,0.0
10932,2376,-359.42065,-358.63016,-0.010976257,0.83681995,20.77131,-2.7132035e-06,20.78816032409668,1.1015800122132741e-08,0.0004245042692273684,1.5305309290095526,0.0,0.0,0.0
10933,2376,-359.37885,-357.59363,-0.010976868,0.8337626,20.695421,-2.8467177e-06,20.712209701538086,8.556527048617304e-09,0.00042176243565391524,1.5305309290095526,0.0,0.0,0.0
10934,2377,-359.33725,-356.561,-0.010977516,0.8307169,20.619822,-3.2949447e-06,20.63654899597168,8.556527048617304e-09,0.00042176243565391524,1.5305309290095526,0.0,0.0,0.0
10935,2377,-359.29584,-355.53207,-0.010978164,0.82768303,20.54452,-2.617836e-06,20.561185836791992,9.153155075172593e-09,0.00041866299988330786,1.5305309290095526,0.0,0.0,0.0
10936,2378,-359.25446,-354.50687,-0.010978813,0.8246606,20.469494,-2.684593e-06,20.486099243164062,9.153155075172593e-09,0.00041866299988330786,1.5305309290095526,0.0,0.0,0.0
10937,2378,-359.21338,-353.48553,-0.010979385,0.8216498,20.394762,-2.4986266e-06,20.411306381225586,1.0535586666933847e-08,0.0004154443525438856,1.5305309290095526,0.0,0.0,0.0
10938,2379,-359.17236,-352.46777,-0.010980033,0.8186504,20.320312,-2.822876e-06,20.336795806884766,1.0535586666933847e-08,0.0004154443525438856,1.5305309290095526,0.0,0.0,0.0
10939,2379,-359.13147,-351.45386,-0.010980644,0.8156626,20.246153,-3.1661987e-06,20.262577056884766,9.706127513456131e-09,0.000412821763048538,1.5305309290095526,0.0,0.0,0.0
10940,2380,-359.09085,-350.4435,-0.010981292,0.81268615,20.172272,-3.323555e-06,20.188634872436523,9.706127513456131e-09,0.000412821763048538,1.5305309290095526,0.0,0.0,0.0
10941,2380,-359.05023,-349.43695,-0.010981941,0.80972105,20.098671,-3.1471252e-06,20.114974975585938,3.4051482865067757e-09,0.0004094838716310101,1.5305309290095526,0.0,0.0,0.0
10942,2381,-359.0099,-348.43402,-0.010982513,0.80676734,20.02535,-2.6988982e-06,20.041595458984375,3.4051482865067757e-09,0.0004094838716310101,1.5305309290095526,0.0,0.0,0.0
10943,2381,-358.96964,-347.43472,-0.010983162,0.8038247,19.952318,-2.9325486e-06,19.968503952026367,1.337320982564582e-08,0.00040686128213566255,1.5305309290095526,0.0,0.0,0.0
10944,2382,-358.9294,-346.43915,-0.010983733,0.80089355,19.879564,-3.1995773e-06,19.89569091796875,1.337320982564582e-08,0.00040686128213566255,1.5305309290095526,0.0,0.0,0.0
10945,2382,-358.88956,-345.44714,-0.010984344,0.7979735,19.807089,-3.5572052e-06,19.823156356811523,1.705484532339918e-08,0.0004037618463650552,1.5305309290095526,0.0,0.0,0.0
10946,2383,-358.84973,-344.45874,-0.010985031,0.7950646,19.734879,-2.350807e-06,19.750886917114258,1.705484532339918e-08,0.0004037618463650552,1.5305309290095526,0.0,0.0,0.0
10947,2383,-358.81,-343.47394,-0.010985603,0.7921667,19.662945,-2.5272368e-06,19.678895950317383,1.4973921342975463e-08,0.000401139224360417,1.5305309290095526,0.0,0.0,0.0
10948,2384,-358.77054,-342.49277,-0.010986214,0.78928,19.59129,-3.1900406e-06,19.607181549072266,1.4973921342975463e-08,0.000401139224360417,1.5305309290095526,0.0,0.0,0.0
10949,2384,-358.73108,-341.5152,-0.010986824,0.786404,19.51991,-2.8419495e-06,19.53574562072754,4.642060919993922e-09,0.0003983974232962544,1.5305309290095526,0.0,0.0,0.0
10950,2385,-358.69186,-340.54117,-0.010987396,0.7835392,19.448795,-2.503395e-06,19.46457290649414,4.642060919993922e-09,0.0003983974232962544,1.5305309290095526,0.0,0.0,0.0
10951,2385,-358.6528,-339.57065,-0.010987968,0.78068525,19.377956,-3.2186508e-06,19.393674850463867,8.061761399959554e-09,0.00039517877595683214,1.5305309290095526,0.0,0.0,0.0
10952,2386,-358.61374,-338.6037,-0.010988578,0.7778422,19.307384,-2.5987624e-06,19.32304573059082,8.061761399959554e-09,0.00039517877595683214,1.5305309290095526,0.08,0.0,0.0
10953,2386,-358.57504,-337.64023,-0.01098957,0.7750904,19.239084,-2.8562545e-06,19.25469207763672,6.577465942143533e-09,0.00039148328234215007,1.5305309290095526,0.16,0.0,0.0
10954,2387,-358.53635,-336.68002,-0.010992546,0.7725902,19.177027,-2.8514862e-06,19.192583084106445,1.273292621081878e-08,0.00038456914138804566,1.5305309290095526,0.24,0.0,0.0
10955,2387,-358.49768,-335.72272,-0.01099884,0.77044415,19.123756,-2.9802322e-06,19.13926887512207,5.6315912252046035e-09,0.000369548776300978,1.5305309290095526,0.32,0.0,0.0
10956,2388,-358.45926,-334.7678,-0.011009102,0.76871544,19.080845,-2.5177e-06,19.096323013305664,9.982614228650309e-09,0.0003451108598239827,1.5305309290095526,0.4,0.0,0.0
10957,2388,-358.42096,-333.81467,-0.011023292,0.7674464,19.049343,-2.9706955e-06,19.064796447753906,4.8603398534574935e-09,0.0003116130591727952,1.5305301300612255,0.48000000000000004,0.0,0.0
10958,2389,-358.3827,-332.86276,-0.011041107,0.766668,19.03003,-2.9706955e-06,19.045467376708984,1.372245651602946e-08,0.00026905535809277026,1.5305301300612255,0.56,0.0,0.0
10959,2389,-358.3444,-331.91153,-0.011062164,0.766406,19.02352,-3.5429e-06,19.038951873779297,2.8594512008740524e-09,0.00021898745821456617,1.5305301300612255,0.64,0.0,0.0
10960,2390,-358.30612,-330.96017,-0.011086082,0.7666812,19.030348,-3.3807753e-06,19.045785903930664,1.3460521002189322e-08,0.0001623630358340572,1.5305301300612255,0.72,0.0,0.0
10961,2390,-358.26785,-330.00812,-0.011112441,0.7675134,19.051018,-3.6621093e-06,19.06647300720215,1.1208611724938496e-08,9.965896160847109e-05,1.5305301300612255,0.7999999999999999,0.0,0.0
10962,2391,-358.22955,-329.0547,-0.011140976,0.76892394,19.086033,-3.4284592e-06,19.10151481628418,8.327332977954772e-09,3.194808682954513e-05,1.5305301300612255,0.8799999999999999,0.0,0.0
10963,2391,-358.191,-328.09903,-0.011171494,0.7709341,19.135933,-3.376007e-06,19.15145492553711,1.4770193610865931e-09,-4.053115723776815e-05,1.5305301300612255,0.9599999999999999,0.0,0.0
10964,2392,-358.15234,-327.14044,-0.011203842,0.7735667,19.201277,-3.95298e-06,19.216854095458984,6.901245301869358e-09,-0.00011742114401434656,1.5305301300612255,0.9999847412109375,0.0,0.0
10965,2392,-358.11368,-326.17822,-0.011237716,0.7768044,19.281645,-3.5858154e-06,19.297286987304688,5.704350704341657e-09,-0.00019788741690045345,1.5305301300612255,0.9999847412109375,0.0,0.0
10966,2393,-358.07465,-325.2116,-0.0112718195,0.7805062,19.37353,-3.4427642e-06,19.389245986938477,3.3760443956414725e-09,-0.0002788305279344975,1.5305301300612255,0.9999847412109375,0.0,0.0
10967,2393,-358.03558,-324.24017,-0.011304054,0.784508,19.472855,-3.6811828e-06,19.488651275634766,8.585629823364688e-10,-0.00035536285968632437,1.5305309290095526,0.9999847412109375,0.0,0.0
10968,2393,-357.99615,-323.26367,-0.011332778,0.7887034,19.57699,-2.6893615e-06,19.592870712280273,4.205503549119189e-09,-0.00042343136510803386,1.5305309290095526,0.9999847412109375,0.0,0.0
10969,2394,-357.95667,-322.28186,-0.011357346,0.79302406,19.68423,-2.8562545e-06,19.700199127197266,6.242771941271157e-09,-0.00048172471694266143,1.5305309290095526,0.9999847412109375,0.0,0.0
10970,2394,-357.91684,-321.29462,-0.0113777155,0.7974247,19.79346,-2.9706955e-06,19.80951690673828,5.355105006062834e-09,-0.0005300044595432867,1.5305301300612255,0.9999847412109375,0.0,0.0
10971,2395,-357.87686,-320.30188,-0.011394157,0.8018739,19.903887,-3.7908553e-06,19.920032501220703,7.334166112536604e-09,-0.0005689859273413805,1.5305301300612255,0.9999847412109375,0.0,0.0
10972,2395,-357.83664,-319.30362,-0.011407241,0.80635095,20.015009,-3.5381315e-06,20.031246185302734,8.760253788622018e-09,-0.0005999803500660354,1.530530795851498,0.9999847412109375,0.0,0.0
10973,2396,-357.79617,-318.29977,-0.011417427,0.8108429,20.126505,-2.0980835e-06,20.142831802368164,5.326001611249939e-09,-0.0006240605668180045,1.530530795851498,0.9999847412109375,0.0,0.0
10974,2396,-357.75552,-317.29037,-0.0114252465,0.8153422,20.23818,-3.0183792e-06,20.254596710205078,4.773028676913992e-09,-0.0006425380674007056,1.530530795851498,0.9999847412109375,0.0,0.0
10975,2397,-357.7146,-316.2754,-0.011431198,0.8198437,20.34991,-3.4666061e-06,20.366418838500977,7.275958826858406e-09,-0.000656604707427963,1.530530795851498,0.9999847412109375,0.0,0.0
10976,2398,-357.67355,-315.25482,-0.011435661,0.8243444,20.46162,-2.7751921e-06,20.47821807861328,6.315532412513028e-09,-0.0006670951304279345,1.530530795851498,0.9999847412109375,0.0,0.0
10977,2398,-357.63214,-314.22867,-0.01143898,0.8288422,20.573263,-2.7656554e-06,20.58995246887207,3.346941248854782e-09,-0.0006749629639325585,1.530530795851498,0.9999847412109375,0.0,0.0
10978,2399,-357.5906,-313.19696,-0.011441459,0.8333362,20.684807,-3.2567978e-06,20.701587677001953,0.0,-0.0006806849891985134,1.530530795851498,0.9999847412109375,0.0,0.0
10979,2399,-357.54883,-312.15964,-0.011443253,0.83782536,20.796234,-2.732277e-06,20.8131046295166,8.731150393809123e-09,-0.0006847381175196405,1.530530795851498,0.9999847412109375,0.0,0.0
10980,2400,-357.50677,-311.11676,-0.011444473,0.8423095,20.90754,-3.452301e-06,20.92449951171875,9.749785085937517e-09,-0.0006877183742307235,1.530530795851498,0.9999847412109375,0.0,0.0
10981,2400,-357.4646,-310.06833,-0.011445388,0.8467882,21.018707,-3.7002562e-06,21.035757064819336,8.003554610333764e-09,-0.0006898641174508112,1.530530795851498,0.9199847412109375,0.0,0.0
10982,2401,-357.42206,-309.01437,-0.011445465,0.85115254,21.127035,-2.1934509e-06,21.144174575805664,8.003554610333764e-09,-0.0006898641174508112,1.530530795851498,0.8399847412109376,0.0,0.0
10983,2401,-357.3795,-307.95523,-0.011442527,0.8551817,21.227047,-3.4999846e-06,21.244266510009766,6.170012958186511e-09,-0.0006829499764967068,1.530530795851498,0.7599847412109376,0.0,0.0
10984,2402,-357.33652,-306.8914,-0.011434821,0.85873854,21.315342,-1.9121169e-06,21.33263397216797,8.96398152073155e-09,-0.0006645917850106926,1.530530795851498,0.6799847412109377,0.0,0.0
10985,2402,-357.29355,-305.82352,-0.0114215845,0.86174244,21.389902,-2.5510788e-06,21.407255172729492,1.0448276482495163e-08,-0.0006330012719326723,1.530530795851498,0.5999847412109377,0.0,0.0
10986,2403,-357.25043,-304.75235,-0.011402893,0.8641437,21.44951,-2.0599364e-06,21.46691131591797,1.9790608584475657e-09,-0.0005885362345155442,1.530530795851498,0.5199847412109377,0.0,0.0
10987,2403,-357.20706,-303.67865,-0.011379318,0.8659162,21.493505,-2.3174284e-06,21.510940551757812,0.0,-0.0005327462931167398,1.5305301300612255,0.4399847412109377,0.0,0.0
10988,2404,-357.1637,-302.60318,-0.011351776,0.8670526,21.521715,-1.0299682e-06,21.539173126220703,1.2762030597736492e-08,-0.00046706198656203867,1.5305309290095526,0.3599847412109377,0.0,0.0
10989,2404,-357.12033,-301.5267,-0.011321106,0.8675581,21.534267,-6.341934e-07,21.55173683166504,1.9412255026912262e-08,-0.0003939866927779733,1.5305309290095526,0.2799847412109377,0.0,0.0
10990,2405,-357.077,-300.45,-0.011288223,0.8674456,21.53148,9.1075896e-07,21.548948287963867,1.4522811282589466e-08,-0.0003159046106315521,1.5305301300612255,0.19998474121093768,0.0,0.0
10991,2405,-357.03363,-299.37387,-0.011253967,0.8667342,21.513824,2.9706955e-06,21.53127670288086,8.025380916312415e-09,-0.00023448465332224827,1.5305301300612255,0.11998474121093768,0.0,0.0
10992,2406,-356.99026,-298.29907,-0.01121891,0.8654454,21.481846,3.3712386e-06,21.499271392822266,1.6974808259375474e-08,-0.00015127658749930153,1.5305301300612255,0.039984741210937674,0.0,0.0
10993,2407,-356.9469,-297.22623,-0.011183586,0.8636006,21.43606,4.005432e-06,21.453449249267578,1.8470017366233228e-08,-6.759166321011101e-05,1.5305301300612255,0.0,0.0,0.0
10994,2407,-356.9039,-296.15598,-0.0111487955,0.86126107,21.377993,2.8800964e-06,21.395334243774414,1.701709970352356e-08,1.4901160629660017e-05,1.5305301300612255,0.0,0.0,0.0
10995,2408,-356.86093,-295.08893,-0.011115837,0.85858405,21.311548,4.0578843e-06,21.32883644104004,4.682078459900959e-09,9.322165880230381e-05,1.5305301300612255,0.0,0.0,0.0
10996,2408,-356.81796,-294.02533,-0.011086464,0.85571647,21.240374,3.5142898e-06,21.25760269165039,7.486960175435323e-09,0.0001629590936781319,1.5305301300612255,0.0,0.0,0.0
10997,2409,-356.7754,-292.96533,-0.01106163,0.85274404,21.166594,3.0994415e-06,21.18376350402832,1.198350114505032e-08,0.00022161006396455906,1.5305301300612255,0.0,0.0,0.0
10998,2409,-356.73282,-291.90912,-0.01104145,0.8497163,21.09144,2.5844574e-06,21.108549118041992,1.2485543882542314e-08,0.00026953218811338474,1.5305301300612255,0.0,0.0,0.0
10999,2410,-356.69037,-290.85663,-0.01102562,0.8466618,21.015615,3.4904479e-06,21.032663345336914,6.082700789538193e-09,0.0003068446939480693,1.5305301300612255,0.0,0.0,0.0
11000,2410,-356.6482,-289.80798,-0.01101345,0.84359676,20.939539,2.5081633e-06,20.956525802612305,9.589712942099734e-09,0.0003355741293745307,1.5305301300612255,0.0,0.0,0.0
11001,2411,-356.60602,-288.76306,-0.011004295,0.84053093,20.863434,2.9373168e-06,20.88035774230957,1.1175871273865704e-08,0.0003573894238468878,1.5305309290095526,0.0,0.0,0.0
11002,2411,-356.56412,-287.72202,-0.010997505,0.83746934,20.787441,3.3807753e-06,20.804304122924805,1.9717845136919334e-08,0.00037336348148447505,1.5305309290095526,0.0,0.0,0.0
11003,2412,-356.52234,-286.68472,-0.010992584,0.8344152,20.71163,2.9134749e-06,20.728431701660156,9.240466251716095e-09,0.00038456914138804566,1.5305309290095526,0.0,0.0,0.0
11004,2412,-356.48065,-285.6512,-0.010989075,0.8313705,20.636051,2.951622e-06,20.65279197692871,5.995389116942283e-09,0.0003931522117962687,1.5305309290095526,0.0,0.0,0.0
11005,2413,-356.43924,-284.62152,-0.0109865945,0.8283359,20.560724,2.7608871e-06,20.577402114868164,1.1074007903863347e-08,0.0003989934811403292,1.5305309290095526,0.0,0.0,0.0
11006,2413,-356.39786,-283.59555,-0.010984954,0.825312,20.48567,3.6573408e-06,20.502288818359375,1.6545528473387394e-08,0.00040268894224572063,1.5305309290095526,0.0,0.0,0.0
11007,2414,-356.35672,-282.5733,-0.010983886,0.8222993,20.41089,2.026558e-06,20.427448272705078,1.9164873690740614e-08,0.00040531156425035883,1.5305309290095526,0.0,0.0,0.0
11008,2414,-356.3157,-281.5548,-0.010983276,0.8192979,20.336391,2.412796e-06,20.352888107299805,1.9164873690740614e-08,0.00040531156425035883,1.5305309290095526,0.0,0.0,0.0
11009,2415,-356.27472,-280.54004,-0.010983009,0.8163078,20.262177,2.6655196e-06,20.27861213684082,9.938958640378557e-09,0.00040733812841092234,1.5305309290095526,0.0,0.0,0.0
11010,2415,-356.2341,-279.52896,-0.010982971,0.81332916,20.18824,3.2949447e-06,20.20461654663086,9.938958640378557e-09,0.00040733812841092234,1.5305309290095526,0.0,0.0,0.0
11011,2416,-356.19348,-278.52158,-0.010983123,0.81036186,20.114582,2.837181e-06,20.13089942932129,9.938958640378557e-09,0.00040733812841092234,1.5305309290095526,0.0,0.0,0.0
11012,2416,-356.15305,-277.51785,-0.010983353,0.80740577,20.041204,2.7132035e-06,20.057462692260742,9.938958640378557e-09,0.00040733812841092234,1.5305309290095526,0.0,0.0,0.0
11013,2417,-356.1128,-276.5178,-0.010983695,0.8044609,19.968103,1.888275e-06,19.984302520751953,9.938958640378557e-09,0.00040733812841092234,1.5305309290095526,0.0,0.0,0.0
11014,2417,-356.07257,-275.5214,-0.010984115,0.80152714,19.89528,2.2363663e-06,19.911420822143555,1.8029824427255823e-08,0.00040423869264031496,1.5305309290095526,0.0,0.0,0.0
11015,2418,-356.03265,-274.52866,-0.010984612,0.79860455,19.822737,2.350807e-06,19.838815689086914,1.8029824427255823e-08,0.00040423869264031496,1.5305309290095526,0.0,0.0,0.0
11016,2418,-355.9928,-273.5395,-0.010985107,0.7956931,19.750471,2.8657912e-06,19.76649284362793,1.6501872885115645e-08,0.0004022121284797515,1.5305309290095526,0.0,0.0,0.0
11017,2419,-355.953,-272.55392,-0.010985641,0.7927928,19.678482,2.5272368e-06,19.69444465637207,1.6501872885115645e-08,0.0004022121284797515,1.5305309290095526,0.0,0.0,0.0
11018,2419,-355.91354,-271.572,-0.010986175,0.78990364,19.60677,2.155304e-06,19.6226749420166,1.5861588278183786e-08,0.00039947029490629835,1.5305309290095526,0.0,0.0,0.0
11019,2420,-355.87408,-270.5936,-0.010986747,0.78702545,19.535326,1.9502638e-06,19.55117416381836,1.5861588278183786e-08,0.00039947029490629835,1.5305309290095526,0.0,0.0,0.0
11020,2420,-355.8348,-269.61877,-0.010987282,0.78415823,19.464155,1.2159347e-06,19.479944229125977,1.5497790386446107e-08,0.0003967284938421358,1.5305309290095526,0.0,0.0,0.0
11021,2421,-355.79575,-268.64752,-0.010987854,0.7813018,19.39326,1.2111664e-06,19.40899085998535,1.5497790386446107e-08,0.0003967284938421358,1.5305309290095526,0.0,0.0,0.0
11022,2421,-355.75668,-267.6798,-0.010988426,0.77845633,19.322628,1.6355514e-06,19.338302612304688,4.947651526053404e-09,0.0003941059043467883,1.5305309290095526,0.0,0.0,0.0
11023,2422,-355.7179,-266.7156,-0.010989036,0.7756218,19.25227,3.528595e-07,19.267887115478516,4.947651526053404e-09,0.0003941059043467883,1.5305309290095526,0.0,0.0,0.0
11024,2422,-355.6792,-265.75494,-0.010989646,0.7727979,19.182177,1.2731551e-06,19.197736740112305,1.602165942991675e-08,0.00039148328234215007,1.5305309290095526,0.0,0.0,0.0
11025,2423,-355.64053,-264.79776,-0.010990219,0.7699849,19.11235,1.4781952e-07,19.12785530090332,1.602165942991675e-08,0.00039148328234215007,1.5305309290095526,0.0,0.0,0.0
11026,2423,-355.6022,-263.84402,-0.010990753,0.7671825,19.042788,2.9087067e-07,19.05823516845703,8.425559291697233e-09,0.0003888606928468025,1.5305309290095526,0.0,0.0,0.0
11027,2424,-355.56393,-262.8938,-0.010991363,0.76439065,18.973492,-1.1920929e-07,18.988882064819336,8.425559291697233e-09,0.0003888606928468025,1.5305309290095526,0.0,0.0,0.0
11028,2424,-355.5257,-261.94702,-0.010991897,0.7616094,18.904455,-1.0061264e-06,18.919790267944336,9.473297378638521e-09,0.0003862380708421643,1.5305309290095526,0.0,0.0,0.0
11029,2425,-355.4878,-261.0037,-0.010992507,0.7588389,18.835684,-4.339218e-07,18.850963592529297,9.473297378638521e-09,0.0003862380708421643,1.5305309290095526,0.0,0.0,0.0
11030,2425,-355.44992,-260.0638,-0.01099308,0.7560785,18.767174,-9.012222e-07,18.782398223876953,1.0171788775196168e-08,0.00038337705820918683,1.5305309290095526,0.0,0.0,0.0
11031,2426,-355.41214,-259.12735,-0.010993652,0.7533289,18.698925,-1.8644332e-06,18.714094161987305,1.0171788775196168e-08,0.00038337705820918683,1.5305309290095526,0.0,0.0,0.0
11032,2426,-355.37463,-258.19427,-0.010994224,0.75058967,18.630934,-1.8072128e-06,18.646047592163086,1.2063538209074027e-08,0.00038027762243857946,1.5305309290095526,0.0,0.0,0.0
11033,2427,-355.33713,-257.2646,-0.010994758,0.747861,18.563202,-2.8038023e-06,18.57826042175293,1.2063538209074027e-08,0.00038027762243857946,1.5305309290095526,0.0,0.0,0.0
11034,2427,-355.2998,-256.3383,-0.0109953685,0.74514264,18.495726,-3.8099288e-06,18.51072883605957,9.953510833837413e-09,0.00037765500043394126,1.5305309290095526,0.0,0.0,0.0
11035,2428,-355.2627,-255.41533,-0.010995941,0.7424346,18.428505,-3.5762787e-06,18.44345474243164,9.953510833837413e-09,0.00037765500043394126,1.5305309290095526,0.0039215087890625,0.0,0.0
11036,2428,-355.2256,-254.49574,-0.010996551,0.73974365,18.361712,-2.9134749e-06,18.376605987548828,3.739842535405356e-09,0.00037503241093859367,1.5305309290095526,0.0839215087890625,0.0,0.0
11037,2428,-355.18866,-253.57942,-0.0109976195,0.73714644,18.297249,-2.3317336e-06,18.312091827392578,1.4639226846050679e-08,0.0003722905773651405,1.5305309290095526,0.1639215087890625,0.0,0.0
11038,2429,-355.15195,-252.6662,-0.01100071,0.7348031,18.239082,-2.6988982e-06,18.253877639770508,9.953510833837413e-09,0.0003653764364110361,1.5305309290095526,0.2439215087890625,0.0,0.0
11039,2429,-355.11523,-251.75565,-0.01100708,0.73281056,18.189621,-2.374649e-06,18.204376220703125,1.693842975993797e-08,0.0003499984691268143,1.5305309290095526,0.3239215087890625,0.0,0.0
11040,2430,-355.07852,-250.84732,-0.011017341,0.7312293,18.150375,-3.4093855e-06,18.165098190307617,1.273292621081878e-08,0.00032544134108100403,1.5305301300612255,0.4039215087890625,0.0,0.0
11041,2430,-355.04193,-249.9406,-0.011031494,0.7301005,18.12236,-2.6893615e-06,18.137062072753906,1.3606040952568247e-08,0.0002924203867050764,1.5305301300612255,0.48392150878906254,0.0,0.0
11042,2431,-355.0056,-249.03497,-0.011049118,0.72945434,18.106321,-3.4570694e-06,18.121009826660156,9.938958640378557e-09,0.00025033949939102054,1.5305301300612255,0.5639215087890626,0.0,0.0
11043,2431,-354.9693,-248.12982,-0.011069946,0.72931504,18.102861,-3.647804e-06,18.11754608154297,6.82484777436759e-09,0.0002007484295334309,1.5305301300612255,0.6439215087890625,0.0,0.0
11044,2432,-354.93295,-247.22444,-0.011093521,0.7297032,18.112495,-3.786087e-06,18.12718963623047,6.977642829371126e-09,0.00014436244654519713,1.5305301300612255,0.698028564453125,0.0,0.0
11045,2432,-354.89655,-246.31822,-0.011119384,0.73061484,18.13513,-3.4570694e-06,18.14984130859375,6.257323142625196e-09,8.308887050877711e-05,1.5305301300612255,0.6627349853515625,0.0,0.0
11046,2433,-354.85983,-245.41058,-0.011146049,0.73189116,18.166813,-3.1900406e-06,18.181549072265625,8.732967929834255e-09,1.9669530933962662e-05,1.5305301300612255,0.5827349853515625,0.0,0.0
11047,2433,-354.82312,-244.5013,-0.011170387,0.7332382,18.20025,-3.33786e-06,18.21501350402832,8.873030311613701e-09,-3.7908551487775264e-05,1.5305301300612255,0.5529327392578125,0.0,0.0
11048,2433,-354.7864,-243.59042,-0.011189117,0.73445785,18.230526,-3.4952163e-06,18.245315551757812,1.0299117491646706e-08,-8.237361735053275e-05,1.5305301300612255,0.5686187744140625,0.0,0.0
11049,2434,-354.7497,-242.67815,-0.011202011,0.7355734,18.258219,-3.247261e-06,18.273029327392578,1.3376846881905717e-08,-0.0001130103972414201,1.5305301300612255,0.5764617919921875,0.0,0.0
11050,2434,-354.71295,-241.76447,-0.01121067,0.73665893,18.285166,-3.3855438e-06,18.299999237060547,1.6654665955909545e-08,-0.00013327598195579616,1.5305301300612255,0.5764617919921875,0.0,0.0
11051,2435,-354.67624,-240.84949,-0.01121643,0.73773736,18.311937,-3.5381315e-06,18.326791763305664,4.802131575674478e-09,-0.00014710424760935964,1.5305301300612255,0.5764617919921875,0.0,0.0
11052,2435,-354.63934,-239.93314,-0.011220512,0.7388111,18.338585,-3.0660628e-06,18.35346221923828,1.269654572717164e-08,-0.00015664099431345695,1.5305301300612255,0.58038330078125,0.0,0.0
11053,2436,-354.60223,-239.01549,-0.011223335,0.7398862,18.365273,-3.056526e-06,18.380170822143555,1.0026268824817243e-08,-0.0001634359236987464,1.5305301300612255,0.5921478271484375,0.0,0.0
11054,2436,-354.56512,-238.09648,-0.011225548,0.7409834,18.392504,-3.0994415e-06,18.40742301940918,2.8594512008740524e-09,-0.00016856192362991722,1.5305301300612255,0.5999908447265625,0.0,0.0
11055,2437,-354.528,-237.17607,-0.011227646,0.7421219,18.420763,-3.4332274e-06,18.435707092285156,6.955815035235251e-09,-0.00017344950042345815,1.5305301300612255,0.5960693359375,0.0,0.0
11056,2437,-354.4909,-236.25423,-0.011229668,0.7432917,18.4498,-3.261566e-06,18.464767456054688,8.039932613718861e-09,-0.00017821788190282946,1.5305301300612255,0.5921478271484375,0.0,0.0
11057,2438,-354.4538,-235.33093,-0.011231537,0.7444687,18.479012,-3.2043456e-06,18.494001388549805,9.662470933079563e-09,-0.0001826286286757559,1.5305301300612255,0.588226318359375,0.0,0.0
11058,2438,-354.4167,-234.40619,-0.011232986,0.7456379,18.508032,-3.094673e-06,18.52304458618164,5.74073019588398e-09,-0.00018620489446697773,1.5305301300612255,0.58038330078125,0.0,0.0
11059,2439,-354.3793,-233.48,-0.011233978,0.7467846,18.536499,-3.0612946e-06,18.551536560058594,2.074375493367234e-08,-0.0001884698817651711,1.5305301300612255,0.58038330078125,0.0,0.0
11060,2439,-354.3418,-232.55241,-0.011234322,0.74790525,18.564314,-3.1137465e-06,18.579374313354492,2.074375493367234e-08,-0.0001884698817651711,1.5305301300612255,0.58038330078125,0.0,0.0
11061,2439,-354.3043,-231.62346,-0.011234283,0.749009,18.591707,-3.027916e-06,18.606788635253906,2.074375493367234e-08,-0.0001884698817651711,1.5305301300612255,0.572540283203125,0.0,0.0
11062,2440,-354.26678,-230.69312,-0.011233978,0.75009084,18.618563,-2.7751921e-06,18.633665084838867,2.074375493367234e-08,-0.0001884698817651711,1.5305301300612255,0.5607757568359375,0.0,0.0
11063,2440,-354.22928,-229.76147,-0.011233292,0.75113094,18.64438,-3.0183792e-06,18.65950584411621,2.074375493367234e-08,-0.0001884698817651711,1.5305301300612255,0.5372467041015625,0.0,0.0
11064,2441,-354.1918,-228.82858,-0.011231956,0.75209486,18.66831,-2.0122527e-06,18.683454513549805,1.0484653989827852e-08,-0.00018346309340281521,1.5305301300612255,0.5294036865234375,0.0,0.0
11065,2441,-354.1543,-227.89456,-0.011229706,0.7529656,18.689919,-3.056526e-06,18.705080032348633,1.4028045633931716e-08,-0.00017821788190282946,1.5305301300612255,0.5058746337890625,0.0,0.0
11066,2442,-354.1168,-226.95953,-0.011226616,0.75373495,18.709019,-2.207756e-06,18.72419548034668,8.200003765451826e-09,-0.00017070769935929563,1.5305301300612255,0.4258746337890625,0.0,0.0
11067,2442,-354.07898,-226.02365,-0.01122219,0.75430804,18.72324,-2.5892257e-06,18.738428115844727,1.5061231279387944e-09,-0.00016033648792813902,1.5305301300612255,0.3490142822265625,0.0,0.0
11068,2443,-354.04108,-225.08728,-0.011215172,0.7545406,18.729015,-2.0313262e-06,18.74420738220215,9.43691689499138e-09,-0.00014352798181813781,1.5305301300612255,0.3411712646484375,0.0,0.0
11069,2443,-354.0032,-224.15088,-0.011204834,0.75443894,18.726496,-2.565384e-06,18.74168586730957,1.654552648917776e-08,-0.00011909007346846518,1.5305301300612255,0.3333282470703125,0.0,0.0
11070,2444,-353.9653,-223.21477,-0.011192741,0.7541169,18.71849,-2.0742416e-06,18.733675003051758,1.0775692898480886e-08,-9.024142647318875e-05,1.5305301300612255,0.2705841064453125,0.0,0.0
11071,2444,-353.92764,-222.27922,-0.011180039,0.7535753,18.70505,-1.4448166e-06,18.72022247314453,1.266562281212398e-08,-5.996226909776225e-05,1.5305301300612255,0.19058410644531248,0.0,0.0
11072,2445,-353.89014,-221.34448,-0.011166343,0.75271887,18.683796,-2.1457672e-07,18.698951721191406,8.995811219582142e-09,-2.741813458329571e-05,1.5305301300612255,0.11058410644531248,0.0,0.0
11073,2445,-353.85266,-220.41113,-0.011150894,0.7514684,18.652758,-1.0967254e-07,18.667888641357422,1.506395981566148e-08,9.059905508414159e-06,1.5305301300612255,0.03058410644531248,0.0,0.0
11074,2446,-353.81516,-219.47963,-0.011133156,0.74978334,18.610931,9.918213e-07,18.626028060913086,9.10767897456126e-09,5.173682933232273e-05,1.5305301300612255,0.0,0.0,0.0
11075,2446,-353.77765,-218.55048,-0.011113395,0.74769783,18.559168,2.0360947e-06,18.574222564697266,9.611539248078385e-09,9.858607374378188e-05,1.5305301300612255,0.0,0.0,0.0
11076,2446,-353.7403,-217.62413,-0.011093101,0.74534744,18.500828,3.8146973e-06,18.515836715698242,1.211446890197039e-08,0.00014650820601993023,1.5305301300612255,0.0,0.0,0.0
11077,2447,-353.7032,-216.70079,-0.011074257,0.74284905,18.438812,3.390312e-06,18.45376968383789,1.709122382283669e-08,0.00019180774067340835,1.5305301300612255,0.0,0.0,0.0
11078,2447,-353.66608,-215.78062,-0.011057777,0.7402701,18.3748,3.3044814e-06,18.389705657958984,1.9856087006359196e-08,0.00023066996439339654,1.5305301300612255,0.0,0.0,0.0
11079,2448,-353.6291,-214.86366,-0.011044235,0.7376495,18.30975,3.4904479e-06,18.324602127075195,7.1886461621576785e-09,0.00026261804715928033,1.5305301300612255,0.0,0.0,0.0
11080,2448,-353.59238,-213.94998,-0.011033401,0.7350092,18.244213,2.8991699e-06,18.259014129638672,1.1001247928673885e-08,0.00028812883524631955,1.5305301300612255,0.0,0.0,0.0
11081,2449,-353.55566,-213.03958,-0.0110251615,0.7323622,18.178505,2.4795531e-06,18.19325065612793,1.0564691053851559e-08,0.00030791756555811314,1.5305301300612255,0.0,0.0,0.0
11082,2449,-353.51904,-212.13246,-0.011018906,0.7297154,18.112806,3.800392e-06,18.127498626708984,3.0413503947690965e-09,0.0003228187515856565,1.5305301300612255,0.0,0.0,0.0
11083,2450,-353.48273,-211.22865,-0.011014251,0.7270732,18.047222,3.4952163e-06,18.06186294555664,1.0768417793856275e-08,0.0003334283536451523,1.5305301300612255,0.0,0.0,0.0
11084,2450,-353.4464,-210.3281,-0.011010933,0.7244378,17.981804,3.6382673e-06,17.99639129638672,1.487205698086829e-08,0.00034141539871859126,1.5305309290095526,0.0,0.0,0.0
11085,2451,-353.41022,-209.4308,-0.011008529,0.7218106,17.916586,3.4284592e-06,17.931119918823242,9.720679706914987e-09,0.00034725663555336113,1.5305309290095526,0.0,0.0,0.0
11086,2451,-353.3743,-208.53676,-0.011006927,0.7191922,17.851593,3.519058e-06,17.86607551574707,6.795744379554696e-09,0.0003504752828927834,1.5305309290095526,0.0,0.0,0.0
11087,2451,-353.33835,-207.64597,-0.011005859,0.7165831,17.78683,2.5081633e-06,17.801259994506836,1.4144462189497747e-08,0.0003532171164662366,1.5305309290095526,0.0,0.0,0.0
11088,2452,-353.30258,-206.75839,-0.011005249,0.7139834,17.722303,2.9754638e-06,17.736679077148438,1.4144462189497747e-08,0.0003532171164662366,1.5305309290095526,0.0,0.0,0.0
11089,2452,-353.26703,-205.87405,-0.011004867,0.7113934,17.658014,1.9836425e-06,17.672338485717773,1.1408701408683314e-08,0.0003551244690579851,1.5305309290095526,0.0,0.0,0.0
11090,2453,-353.23148,-204.9929,-0.011004791,0.70881313,17.593967,2.5224685e-06,17.608240127563477,1.1408701408683314e-08,0.0003551244690579851,1.5305309290095526,0.0,0.0,0.0
11091,2453,-353.19608,-204.11496,-0.011004867,0.7062425,17.53016,2.5510788e-06,17.544382095336914,1.1408701408683314e-08,0.0003551244690579851,1.5305309290095526,0.0,0.0,0.0
11092,2454,-353.16092,-203.2402,-0.01100502,0.7036815,17.466595,1.7786026e-06,17.480764389038086,1.1408701408683314e-08,0.0003551244690579851,1.5305309290095526,0.08,0.0,0.0
11093,2454,-353.12576,-202.36859,-0.011005744,0.70121,17.405247,2.3698806e-06,17.41936683654785,1.124863025695035e-08,0.00035369393023220575,1.5305309290095526,0.16,0.0,0.0
11094,2454,-353.0907,-201.49988,-0.011008415,0.6989823,17.34995,1.6927719e-06,17.364025115966797,1.7185813080319253e-08,0.00034725663555336113,1.5305309290095526,0.24,0.0,0.0
11095,2455,-353.05594,-200.63371,-0.011014404,0.6970963,17.303139,1.2350082e-06,17.317174911499023,1.0346412120387988e-08,0.0003329515398791832,1.5305301300612255,0.32,0.0,0.0
11096,2455,-353.02118,-199.76959,-0.011024208,0.69561255,17.266306,1.7547607e-06,17.280311584472656,1.4799297997783644e-08,0.0003094672834434168,1.5305301300612255,0.4,0.0,0.0
11097,2456,-352.9864,-198.90703,-0.011037827,0.69457096,17.24046,1.7499923e-06,17.254444122314453,2.35741029877597e-08,0.0002770423869115639,1.5305301300612255,0.48000000000000004,0.0,0.0
11098,2456,-352.95163,-198.04543,-0.0110549545,0.69400203,17.226336,1.8024444e-06,17.24030876159668,1.884472940306505e-08,0.00023651121748281175,1.5305301300612255,0.56,0.0,0.0
11099,2457,-352.91687,-197.18423,-0.011075211,0.69392896,17.224522,1.1205673e-06,17.238494873046875,2.0554578402916843e-08,0.00018799303548991132,1.5305301300612255,0.64,0.0,0.0
11100,2457,-352.8821,-196.32275,-0.011098174,0.6943722,17.235523,1.130104e-06,17.24950408935547,1.2827512491986892e-08,0.00013375281197641064,1.5305301300612255,0.72,0.0,0.0
11101,2457,-352.84735,-195.46031,-0.011123543,0.69535094,17.259823,-5.0544736e-07,17.27382469177246,1.104126546858092e-08,7.355212380467982e-05,1.5305301300612255,0.7999999999999999,0.0,0.0
11102,2458,-352.81256,-194.59633,-0.01115097,0.6968858,17.29792,-1.9836425e-06,17.311952590942383,1.2494637515296873e-08,7.987021707386282e-06,1.5305301300612255,0.8799999999999999,0.0,0.0
11103,2458,-352.7778,-193.73004,-0.011180229,0.69899726,17.350328,-2.603531e-06,17.364402770996094,7.388734357745271e-09,-6.163119855188088e-05,1.5305301300612255,0.9599999999999999,0.0,0.0
11104,2459,-352.74265,-192.8607,-0.011211395,0.7017072,17.417599,-4.0245054e-06,17.43172836303711,2.648448364139909e-09,-0.0001355409529993442,1.5305301300612255,0.9999847412109375,0.0,0.0
11105,2459,-352.7075,-191.9876,-0.011244048,0.704998,17.49928,-3.9005276e-06,17.51347541809082,7.77072249130652e-09,-0.00021290778198752107,1.5305301300612255,0.9999847412109375,0.0,0.0
11106,2460,-352.67215,-191.11008,-0.011276779,0.7087318,17.591959,-3.74794e-06,17.606229782104492,1.4362740130856501e-08,-0.00029075145725095775,1.5305301300612255,0.9999847412109375,0.0,0.0
11107,2460,-352.6366,-190.22774,-0.011307678,0.7127507,17.691715,-3.209114e-06,17.70606803894043,1.1117663492135098e-08,-0.0003639459300945474,1.5305309290095526,0.9999847412109375,0.0,0.0
11108,2461,-352.60086,-189.34026,-0.011335258,0.716953,17.796019,-3.98159e-06,17.810453414916992,9.109499486900842e-09,-0.00042951105758972426,1.5305309290095526,0.9999847412109375,0.0,0.0
11109,2461,-352.5649,-188.44751,-0.011358795,0.7212733,17.903254,-2.503395e-06,17.917776107788086,4.307366919121547e-09,-0.00048506257585089873,1.5305309290095526,0.9999847412109375,0.0,0.0
11110,2461,-352.52872,-187.54933,-0.011378212,0.7256701,18.012383,-3.2424925e-06,18.026994705200195,1.3766113096406028e-08,-0.000531434998369066,1.5305301300612255,0.9999847412109375,0.0,0.0
11111,2462,-352.49237,-186.64568,-0.011394004,0.73011595,18.122736,-2.4366377e-06,18.13743782043457,1.3824320878136635e-08,-0.0005688666832632749,1.5305301300612255,0.9999847412109375,0.0,0.0
11112,2462,-352.45566,-185.73648,-0.011406555,0.7345941,18.233885,-4.2533875e-06,18.248676300048828,1.2078090402532885e-08,-0.0005984306321807316,1.530530795851498,0.9999847412109375,0.0,0.0
11113,2463,-352.41885,-184.82172,-0.011416397,0.73909324,18.345554,-2.7894973e-06,18.360435485839844,2.3283068047525935e-09,-0.0006216764004602868,1.530530795851498,0.9999847412109375,0.0,0.0
11114,2463,-352.38174,-183.90134,-0.011424026,0.74360603,18.457567,-3.2711027e-06,18.4725399017334,7.043127699935979e-09,-0.0006399154128867768,1.530530795851498,0.9999847412109375,0.0,0.0
11115,2464,-352.34445,-182.97539,-0.011429978,0.74812806,18.56981,-2.861023e-06,18.584875106811523,3.4051487825591842e-09,-0.0006538629388730911,1.530530795851498,0.9999847412109375,0.0,0.0
11116,2464,-352.30695,-182.04378,-0.011434555,0.7526564,18.68221,-3.9196016e-06,18.69736671447754,0.0,-0.0006645917850106926,1.530530795851498,0.9999847412109375,0.0,0.0
11117,2465,-352.26913,-181.10658,-0.011438064,0.75718915,18.79472,-2.7799606e-06,18.809965133666992,7.566997239459031e-09,-0.0006729363997719951,1.530530795851498,0.9999847412109375,0.0,0.0
11118,2465,-352.2312,-180.16373,-0.011440773,0.76172525,18.907305,-2.8419495e-06,18.92264175415039,9.10950047900566e-09,-0.0006793736944508396,1.530530795851498,0.9999847412109375,0.0,0.0
11119,2466,-352.19293,-179.21527,-0.011442833,0.76626354,19.01995,-2.8800964e-06,19.03537940979004,1.0477380869412875e-08,-0.0006841420921848563,1.530530795851498,0.9999847412109375,0.0,0.0
11120,2466,-352.1545,-178.26117,-0.0114444345,0.7708037,19.132643,-3.4904479e-06,19.148162841796875,8.905773739000943e-09,-0.0006879567973683534,1.530530795851498,0.9999847412109375,0.0,0.0
11121,2467,-352.11584,-177.30144,-0.011445732,0.77534527,19.245373,-2.837181e-06,19.260984420776367,3.4924604551550945e-09,-0.0006909369890608551,1.530530795851498,0.9999847412109375,0.0,0.0
11122,2467,-352.07693,-176.33607,-0.0114466855,0.7798882,19.358135,-2.3174284e-06,19.373838424682617,1.2601960438108345e-08,-0.0006932019763590485,1.530530795851498,0.9999847412109375,0.0,0.0
11123,2468,-352.03787,-175.36505,-0.011447448,0.78443235,19.470924,-3.2949447e-06,19.486719131469727,1.6880225698600427e-09,-0.0006951093614600876,1.530530795851498,0.9999847412109375,0.0,0.0
11124,2468,-351.99847,-174.38841,-0.011448097,0.7889767,19.583723,-2.8848647e-06,19.599609375,1.6880225698600427e-09,-0.0006951093614600876,1.530530795851498,0.9999847412109375,0.0,0.0
11125,2469,-351.95892,-173.40613,-0.011448593,0.793519,19.696472,-2.2363663e-06,19.71245002746582,8.032658501199068e-09,-0.0006974935278178053,1.530530795851498,0.9999847412109375,0.0,0.0
11126,2469,-351.9191,-172.41821,-0.011448975,0.798058,19.809134,-2.8991699e-06,19.82520294189453,8.032658501199068e-09,-0.0006974935278178053,1.530530795851498,0.9999847412109375,0.0,0.0
11127,2469,-351.8791,-171.42467,-0.011449203,0.8025926,19.92169,-2.5224685e-06,19.937850952148438,8.032658501199068e-09,-0.0006974935278178053,1.530530795851498,0.9999847412109375,0.0,0.0
11128,2470,-351.83887,-170.42549,-0.011449356,0.80712235,20.034122,-3.1042098e-06,20.05037498474121,1.085573095460941e-08,-0.0006994008479002632,1.530530795851498,0.9999847412109375,0.0,0.0
11129,2470,-351.79834,-169.4207,-0.011449432,0.81164664,20.146427,-3.004074e-06,20.162771224975586,1.085573095460941e-08,-0.0006994008479002632,1.530530795851498,0.9999847412109375,0.0,0.0
11130,2471,-351.75772,-168.41031,-0.011449432,0.8161655,20.258593,-2.7894973e-06,20.275026321411133,1.085573095460941e-08,-0.0006994008479002632,1.530530795851498,0.9999847412109375,0.0,0.0
11131,2472,-351.7167,-167.39429,-0.011449394,0.8206787,20.370619,-3.2758712e-06,20.387144088745117,1.085573095460941e-08,-0.0006994008479002632,1.530530795851498,0.9999847412109375,0.0,0.0
11132,2472,-351.67557,-166.37267,-0.011449279,0.8251862,20.482502,-2.9945372e-06,20.49911880493164,1.085573095460941e-08,-0.0006994008479002632,1.530530795851498,0.9999847412109375,0.0,0.0
11133,2473,-351.6342,-165.34549,-0.0114491265,0.82968783,20.59424,-3.5858154e-06,20.610946655273438,1.085573095460941e-08,-0.0006994008479002632,1.530530795851498,0.9999847412109375,0.0,0.0
11134,2473,-351.59256,-164.3127,-0.011449013,0.8341837,20.705835,-2.388954e-06,20.722631454467773,1.085573095460941e-08,-0.0006994008479002632,1.530530795851498,0.9999847412109375,0.0,0.0
11135,2474,-351.55078,-163.27434,-0.011448822,0.8386736,20.817286,-2.799034e-06,20.83417320251465,1.085573095460941e-08,-0.0006994008479002632,1.530530795851498,0.9999847412109375,0.0,0.0
11136,2474,-351.50867,-162.23041,-0.011448593,0.8431577,20.928585,-3.695488e-06,20.9455623626709,5.849871150772992e-09,-0.0006974935278178053,1.530530795851498,0.9999847412109375,0.0,0.0
11137,2475,-351.4665,-161.18091,-0.01144844,0.847636,21.039742,-2.837181e-06,21.056808471679688,5.849871150772992e-09,-0.0006974935278178053,1.530530795851498,0.9999847412109375,0.0,0.0
11138,2475,-351.4239,-160.12587,-0.011448249,0.8521083,21.150751,-1.9168854e-06,21.16790771484375,5.849871150772992e-09,-0.0006974935278178053,1.530530795851498,0.9999847412109375,0.0,0.0
11139,2476,-351.3812,-159.06528,-0.011448059,0.8565748,21.261618,-2.7132035e-06,21.278865814208984,5.849871150772992e-09,-0.0006974935278178053,1.530530795851498,0.9999847412109375,0.0,0.0
11140,2476,-351.33823,-157.99915,-0.01144783,0.86103535,21.372341,-3.7288664e-06,21.389678955078125,1.216540356328602e-08,-0.0006954669636572418,1.530530795851498,0.9999847412109375,0.0,0.0
11141,2477,-351.29507,-156.92749,-0.011447601,0.86548996,21.482912,-3.5572052e-06,21.50033950805664,1.216540356328602e-08,-0.0006954669636572418,1.530530795851498,0.9999847412109375,0.0,0.0
11142,2477,-351.2517,-155.8503,-0.01144741,0.86993885,21.59334,-2.5844574e-06,21.610857009887695,1.216540356328602e-08,-0.0006954669636572418,1.530530795851498,0.9999847412109375,0.0,0.0
11143,2478,-351.20804,-154.76761,-0.011447219,0.8743818,21.703623,-3.027916e-06,21.721229553222656,1.216540356328602e-08,-0.0006954669636572418,1.530530795851498,0.9999847412109375,0.0,0.0
11144,2478,-351.16428,-153.6794,-0.011446953,0.8788188,21.813755,-3.0469894e-06,21.831449508666992,1.0884834349422306e-08,-0.0006933212204371541,1.530530795851498,0.9999847412109375,0.0,0.0
11145,2479,-351.12015,-152.58568,-0.0114466855,0.8832499,21.92374,-3.056526e-06,21.941524505615234,1.0884834349422306e-08,-0.0006933212204371541,1.530530795851498,0.9999847412109375,0.0,0.0
11146,2479,-351.0759,-151.48647,-0.011446495,0.8876749,22.033579,-3.1280517e-06,22.05145263671875,1.0884834349422306e-08,-0.0006933212204371541,1.530530795851498,0.9999847412109375,0.0,0.0
11147,2480,-351.03137,-150.38177,-0.011446304,0.8920942,22.14327,-2.6369094e-06,22.16123390197754,1.0884834349422306e-08,-0.0006933212204371541,1.530530795851498,0.9999847412109375,0.0,0.0
11148,2481,-350.98663,-149.27159,-0.0114460755,0.8965075,22.252817,-3.0469894e-06,22.2708683013916,1.2107195781555413e-08,-0.000691175412198485,1.530530795851498,0.9999847412109375,0.0,0.0
11149,2481,-350.9417,-148.15596,-0.011445846,0.90091485,22.362213,-2.579689e-06,22.380353927612305,1.2107195781555413e-08,-0.000691175412198485,1.530530795851498,0.9999847412109375,0.0,0.0
11150,2482,-350.8965,-147.03484,-0.011445617,0.9053161,22.471466,-3.0517576e-06,22.489696502685547,1.2107195781555413e-08,-0.000691175412198485,1.530530795851498,0.9999847412109375,0.0,0.0
11151,2482,-350.8512,-145.90826,-0.011445388,0.9097117,22.580568,-2.684593e-06,22.598886489868164,1.2107195781555413e-08,-0.000691175412198485,1.530530795851498,0.9999847412109375,0.0,0.0
11152,2483,-350.80554,-144.77623,-0.011445198,0.91410136,22.689526,-2.7656554e-06,22.707931518554688,1.0477380869412875e-08,-0.0006889104249002916,1.530530795851498,0.9999847412109375,0.0,0.0
11153,2483,-350.75977,-143.63876,-0.011444931,0.918485,22.798334,-2.7275084e-06,22.81682777404785,1.0477380869412875e-08,-0.0006889104249002916,1.530530795851498,0.9999847412109375,0.0,0.0
11154,2484,-350.71365,-142.49586,-0.01144474,0.9228626,22.906994,-2.7132035e-06,22.925575256347656,1.0477380869412875e-08,-0.0006889104249002916,1.530530795851498,0.9999847412109375,0.0,0.0
11155,2485,-350.66742,-141.34753,-0.011444511,0.9272344,23.015512,-2.7799606e-06,23.034181594848633,1.0477380869412875e-08,-0.0006889104249002916,1.530530795851498,0.9999847412109375,0.0,0.0
11156,2485,-350.62094,-140.19379,-0.011444283,0.93160015,23.123878,-2.6130676e-06,23.142635345458984,1.4493709871986204e-08,-0.0006867646816802039,1.530530795851498,0.9999847412109375,0.0,0.0
11157,2486,-350.57422,-139.0346,-0.011444092,0.93596,23.2321,-2.427101e-06,23.250946044921875,1.4493709871986204e-08,-0.0006867646816802039,1.530530795851498,0.9999847412109375,0.0,0.0
11158,2486,-350.52734,-137.87004,-0.011443863,0.94031405,23.340174,-2.3984908e-06,23.359107971191406,1.4493709871986204e-08,-0.0006867646816802039,1.530530795851498,0.9999847412109375,0.0,0.0
11159,2487,-350.48016,-136.70006,-0.011443634,0.9446621,23.448095,-2.4080275e-06,23.467117309570312,1.4493709871986204e-08,-0.0006867646816802039,1.530530795851498,0.9999847412109375,0.0,0.0
11160,2487,-350.4329,-135.52469,-0.0114434045,0.9490041,23.555874,-2.4604797e-06,23.574983596801758,4.627509718639883e-09,-0.000684618938460116,1.530530795851498,0.9999847412109375,0.0,0.0
11161,2488,-350.38522,-134.34392,-0.011443253,0.9533403,23.663504,-2.0885468e-06,23.682701110839844,4.627509718639883e-09,-0.000684618938460116,1.530530795851498,0.9999847412109375,0.0,0.0
11162,2489,-350.3375,-133.15779,-0.011443024,0.9576703,23.770983,-2.5463103e-06,23.790266036987305,4.627509718639883e-09,-0.000684618938460116,1.530530795851498,0.9999847412109375,0.0,0.0
11163,2489,-350.28946,-131.9663,-0.011442756,0.96199447,23.878315,-2.565384e-06,23.897686004638672,4.627509718639883e-09,-0.000684618938460116,1.530530795851498,0.9999847412109375,0.0,0.0
11164,2490,-350.24124,-130.76941,-0.011442527,0.9663126,23.985502,-3.1757354e-06,24.004959106445312,1.2922102741574274e-08,-0.0006824731302214471,1.530530795851498,0.9999847412109375,0.0,0.0
11165,2490,-350.1928,-129.5672,-0.011442337,0.9706249,24.09254,-3.2281876e-06,24.112085342407227,1.2922102741574274e-08,-0.0006824731302214471,1.530530795851498,0.9999847412109375,0.0,0.0
11166,2491,-350.14413,-128.35962,-0.011442146,0.9749312,24.199432,-3.8146973e-06,24.21906280517578,1.2922102741574274e-08,-0.0006824731302214471,1.530530795851498,0.9999847412109375,0.0,0.0
11167,2492,-350.0953,-127.14671,-0.011441917,0.97923154,24.306173,-2.822876e-06,24.325891494750977,1.2922102741574274e-08,-0.0006824731302214471,1.530530795851498,0.9999847412109375,0.0,0.0
11168,2492,-350.04617,-125.928474,-0.011441688,0.98352593,24.412767,-2.861023e-06,24.432571411132812,1.3766115080615664e-08,-0.0006803273870013592,1.530530795851498,0.9999847412109375,0.0,0.0
11169,2493,-349.99695,-124.70491,-0.011441459,0.9878143,24.519213,-3.1280517e-06,24.53910255432129,1.3766115080615664e-08,-0.0006803273870013592,1.530530795851498,0.9999847412109375,0.0,0.0
11170,2493,-349.9474,-123.47602,-0.011441269,0.99209684,24.62551,-3.0183792e-06,24.645484924316406,1.3766115080615664e-08,-0.0006803273870013592,1.530530795851498,0.9999847412109375,0.0,0.0
11171,2494,-349.89774,-122.24182,-0.01144104,0.99637336,24.731663,-2.684593e-06,24.751724243164062,1.3766115080615664e-08,-0.0006803273870013592,1.530530795851498,0.9999847412109375,0.0,0.0
11172,2495,-349.84772,-121.002335,-0.011440811,1.0006437,24.837664,-2.5272368e-06,24.857812881469727,8.236385241203783e-09,-0.0006783008228407958,1.530530795851498,0.9999847412109375,0.0,0.0
11173,2495,-349.7976,-119.75754,-0.01144062,1.0049084,24.943518,-2.837181e-06,24.96375274658203,8.236385241203783e-09,-0.0006783008228407958,1.530530795851498,0.9999847412109375,0.0,0.0
11174,2496,-349.74722,-118.50746,-0.011440392,1.009167,25.049223,-3.4189225e-06,25.069543838500977,8.236385241203783e-09,-0.0006783008228407958,1.530530795851498,0.9999847412109375,0.0,0.0
11175,2497,-349.69662,-117.2521,-0.011440201,1.0134196,25.154781,-4.0864943e-06,25.175186157226562,8.236385241203783e-09,-0.0006783008228407958,1.530530795851498,0.9999847412109375,0.0,0.0
11176,2497,-349.64584,-115.99146,-0.011439972,1.0176662,25.26019,-2.5939942e-06,25.28067970275879,7.246854935993102e-09,-0.000676155079620708,1.530530795851498,0.9999847412109375,0.0,0.0
11177,2498,-349.59485,-114.725555,-0.011439781,1.0219067,25.365448,-3.5905837e-06,25.386024475097656,7.246854935993102e-09,-0.000676155079620708,1.530530795851498,0.9999847412109375,0.0,0.0
11178,2498,-349.54367,-113.45439,-0.01143959,1.0261415,25.470558,-2.861023e-06,25.491220474243164,7.246854935993102e-09,-0.000676155079620708,1.530530795851498,0.9999847412109375,0.0,0.0
11179,2499,-349.4922,-112.17798,-0.011439362,1.0303704,25.575521,-2.565384e-06,25.596267700195312,7.246854935993102e-09,-0.000676155079620708,1.530530795851498,0.9999847412109375,-5.858516207934554e-05,0.0
11180,2500,-349.4406,-110.89632,-0.0114391325,1.0343482,25.68035,-4.1294097e-06,25.701171875,5.084148918066875e-07,-0.000674009271382039,1.530534524277024,0.9999847412109375,-0.0001843160469064469,0.0
11181,2500,-349.38873,-109.60941,-0.01143898,1.0378103,25.785044,-2.1934509e-06,25.805919647216797,2.2949537527656894e-06,-0.0006735324251067791,1.5305532995627091,0.9199847412109375,-0.0002188589447979649,0.0
11182,2501,-349.33676,-108.31733,-0.011438141,1.0410259,25.886929,-2.5892257e-06,25.907852172851562,4.690868663349803e-06,-0.0006717442840838456,1.5305911164501884,0.9999847412109375,-0.00022998047672261865,0.0
11183,2502,-349.28464,-107.02031,-0.011435623,1.0439693,25.985275,-2.2268296e-06,26.006237030029297,7.155120134711684e-06,-0.0006655454125426308,1.5306463770428076,0.9999847412109375,-0.00022998047672261865,0.0
11184,2502,-349.23227,-105.7183,-0.011433296,1.04684,26.08553,-1.888275e-06,26.10652732849121,9.59582624436236e-06,-0.0006599425663362002,1.530713888176441,0.9999847412109375,-0.00022998047672261865,0.0
11185,2503,-349.17987,-104.411224,-0.011431999,1.0495766,26.187134,-2.3031234e-06,26.208158493041992,1.2083213663556318e-05,-0.0006569623746436985,1.5307912530061079,0.9999847412109375,-0.00022998047672261865,0.0
11186,2504,-349.12726,-103.09906,-0.01143177,1.0521463,26.289534,-1.3113022e-06,26.310579299926758,1.4682972493629316e-05,-0.0006562471052308088,1.5308759415287723,0.9999847412109375,-0.0001935997877030062,0.0
11187,2504,-349.07452,-101.78175,-0.01143196,1.0546905,26.392382,-3.2377243e-06,26.4134464263916,1.7089364031083183e-05,-0.0006569623746436985,1.5309639590027995,0.9999847412109375,-0.0001935997877030062,0.0
11188,2505,-349.02176,-100.459305,-0.0114326095,1.057054,26.495466,-1.3494491e-06,26.516544342041016,1.9406904629443556e-05,-0.0006582736693913723,1.5310511775284996,0.9999847412109375,-0.0001935997877030062,0.0
11189,2506,-348.9688,-99.1317,-0.011433181,1.0592735,26.59864,-2.2935867e-06,26.61972427368164,2.175581669328155e-05,-0.0006597041431985704,1.5311390618444722,0.9999847412109375,-0.0001935997877030062,0.0
11190,2506,-348.91565,-97.798935,-0.011433792,1.0613775,26.70182,-8.392334e-07,26.7229061126709,2.400495977594419e-05,-0.0006610155029648254,1.5312269461604449,0.9999847412109375,-0.0001935997877030062,0.0
11191,2507,-348.8625,-96.461006,-0.011434211,1.0633883,26.804955,-9.155273e-07,26.826040267944336,2.606961466599658e-05,-0.0006622075536343936,1.5313148304764175,0.9999847412109375,-0.0003006588049574761,0.0
11192,2508,-348.80933,-95.11792,-0.011434555,1.0648714,26.908016,-1.8787383e-06,26.929079055786133,2.888311293885784e-05,-0.0006630420021068076,1.5314103048014966,0.9999847412109375,-0.00033065208884310124,0.0
11193,2508,-348.75616,-93.769684,-0.011434746,1.0661833,27.010971,-1.7642974e-06,27.03200340270996,3.206002850823838e-05,-0.000663638092460173,1.5315193612481355,0.9999847412109375,-0.0012184979497583022,0.0
11194,2509,-348.70297,-92.416306,-0.0114350505,1.0636933,27.113945,-1.578331e-06,27.134801864624023,4.27349092233602e-05,-0.0006639956946573272,1.5317009888344788,0.9999847412109375,-0.0027568179627120706,0.0
11195,2510,-348.64987,-91.05778,-0.0114350505,1.0548443,27.217007,-1.7642974e-06,27.23744010925293,6.926549750345652e-05,-0.0006642341177949571,1.5320866145603222,0.9999847412109375,-0.0031619896546073024,0.0
11196,2510,-348.59714,-89.69411,-0.011435089,1.0440907,27.31999,-1.9931792e-06,27.339933395385742,0.00010327536824632347,-0.0006642341177949571,1.5327299011216309,0.9999847412109375,-0.0031619896546073024,0.0
11197,2511,-348.54498,-88.325294,-0.0114350505,1.031904,27.422873,-2.8991699e-06,27.442279815673828,0.0001369538067710098,-0.0006641149387354327,1.533585974254037,0.9999847412109375,-0.0017693685020179614,0.0
11198,2512,-348.49323,-86.95134,-0.011434936,1.0231655,27.5255,-3.786087e-06,27.544509887695312,0.00015840610250396472,-0.0006638765155978029,1.5345058300945502,0.9999847412109375,-0.0007541512071064195,0.0
11199,2512,-348.4419,-85.57224,-0.011434974,1.0156311,27.627932,-1.578331e-06,27.64659309387207,0.00016796549192899999,-0.000663638092460173,1.535334605825783,0.9999847412109375,-0.0005550050920175162,0.0
11200,2513,-348.39108,-84.18804,-0.011434821,1.0065149,27.730259,-3.3426284e-06,27.748519897460938,0.0001755748603183081,-0.0006632804252444375,1.5360306229766751,0.9999847412109375,-1.25676101729534e-06,0.0
11201,2514,-348.34073,-82.79873,-0.011434631,0.9984788,27.8324,-1.8310546e-06,27.850303649902344,0.00018033873926092436,-0.0006629228230472834,1.5365802994256677,0.9999847412109375,0.0,0.0
11202,2514,-348.29086,-81.404305,-0.0114344405,0.98999524,27.9344,-3.004074e-06,27.95193862915039,0.00018345051230733353,-0.0006626843999096534,1.5369932225526843,0.9999847412109375,0.0,0.0
11203,2515,-348.24142,-80.00479,-0.011434326,0.9819312,28.036234,-2.5177e-06,28.053422927856445,0.00018500734972728963,-0.0006622075536343936,1.5373028150294061,0.9999847412109375,0.0,0.0
11204,2516,-348.1925,-78.60018,-0.011434097,0.9747591,28.13789,-2.4318695e-06,28.154767990112305,0.00018357853389391472,-0.0006617307073591339,1.5375349095184065,0.9999847412109375,0.0,0.0
11205,2517,-348.14386,-77.1905,-0.011433944,0.9686961,28.239359,-2.1362305e-06,28.25596809387207,0.0001786031982702631,-0.000661253861083874,1.5377101455181337,0.9999847412109375,0.0,0.0
11206,2517,-348.09546,-75.77575,-0.011433792,0.9638027,28.340641,-2.350807e-06,28.357025146484375,0.00017034166100121767,-0.0006607770798271955,1.5378411730437656,0.9999847412109375,0.0,0.0
11207,2518,-348.04736,-74.355934,-0.011433601,0.96004665,28.441732,-2.298355e-06,28.457931518554688,0.00015947208214439073,-0.0006603002335519358,1.5379402426363165,0.9999847412109375,0.0,0.0
11208,2519,-347.9993,-72.931076,-0.011433334,0.9573446,28.542637,-2.6512146e-06,28.558687210083008,0.00014684324676937305,-0.0006599425663362002,1.5380148111468388,0.9999847412109375,0.0,0.0
11209,2519,-347.95157,-71.50117,-0.01143322,0.9555894,28.643364,-1.1253356e-06,28.659299850463867,0.00013324349704711377,-0.0006593465410014162,1.5380707375297304,0.9999847412109375,0.0,0.0
11210,2520,-347.9039,-70.066246,-0.011433029,0.95466375,28.74391,-7.2956084e-07,28.75975799560547,0.00011936283454434455,-0.0006588696947261563,1.5381133481071716,0.9999847412109375,0.0,0.0
11211,2521,-347.8562,-68.62629,-0.0114328,0.95445204,28.844284,-2.4795531e-06,28.860071182250977,0.00010573766255679667,-0.0006583928484508966,1.538144906566089,0.9999847412109375,0.0,0.0
11212,2522,-347.80853,-67.18132,-0.0114326095,0.95484823,28.944489,-1.25885e-06,28.960233688354492,9.27275013297727e-05,-0.0006579160021756368,1.5381687418578454,0.9999847412109375,0.0,0.0
11213,2522,-347.7609,-65.73134,-0.011432457,0.9557545,29.04453,-1.3875961e-06,29.060251235961914,8.061768490731103e-05,-0.0006574392209189583,1.5381872508274215,0.9999847412109375,0.0,0.0
11214,2523,-347.71317,-64.27637,-0.011432266,0.95708615,29.144405,-2.7656554e-07,29.16011619567871,6.954186711059808e-05,-0.0006569623746436985,1.5382012324231442,0.9999847412109375,0.0,0.0
11215,2524,-347.6651,-62.8164,-0.011432113,0.9587695,29.244123,-1.0633469e-06,29.259836196899414,5.958256464662712e-05,-0.0006564855283684387,1.5382120182255592,0.9999847412109375,0.0,0.0
11216,2524,-347.61707,-61.35145,-0.011431885,0.96074283,29.34368,-7.534027e-07,29.359403610229492,5.074349576551634e-05,-0.000656008682093179,1.5382200077088293,0.9999847412109375,0.0,0.0
11217,2525,-347.56903,-59.88154,-0.011431656,0.9629526,29.44308,-7.486343e-07,29.458824157714844,4.297030086963694e-05,-0.0006555318358179191,1.538225733505173,0.9999847412109375,0.0,0.0
11218,2526,-347.52084,-58.40666,-0.011431465,0.9653545,29.542326,-1.1587142e-06,29.558094024658203,3.6214569561549185e-05,-0.0006549358104831351,1.538230527195135,0.9999847412109375,0.0,0.0
11219,2527,-347.4724,-56.926815,-0.011431236,0.9679131,29.641418,-1.7786026e-06,29.657217025756836,3.0379631401842833e-05,-0.0006544589642078752,1.5382338561464977,0.9999847412109375,0.0,0.0
11220,2527,-347.42395,-55.442024,-0.011431045,0.97059584,29.740358,-2.0217894e-06,29.75619125366211,2.537845698761614e-05,-0.0006539821179326155,1.5382362529914788,0.9999847412109375,0.0,0.0
11221,2528,-347.3754,-53.952293,-0.011430817,0.973382,29.83914,-2.2697448e-06,29.855010986328125,2.1115647805455573e-05,-0.0006535052716573557,1.538237850888133,0.9999847412109375,0.0,0.0
11222,2529,-347.32657,-52.457626,-0.011430626,0.9762486,29.937773,-3.604889e-06,29.953685760498047,1.752379787302822e-05,-0.0006530284253820958,1.5382395819428414,0.9999847412109375,0.0,0.0
11223,2530,-347.27774,-50.958027,-0.011430397,0.9791762,30.036257,-3.6907195e-06,30.052213668823242,1.4488006150276317e-05,-0.0006525516441254174,1.5382411798394955,0.9999847412109375,0.0,0.0
11224,2530,-347.22867,-49.45351,-0.01143032,0.9821511,30.134588,-1.654625e-06,30.150588989257812,1.1959522924038947e-05,-0.0006521939769096819,1.5382422451039315,0.9999847412109375,0.0,0.0
11225,2531,-347.17944,-47.944084,-0.011430129,0.9851702,30.23277,-1.6212463e-06,30.24881935119629,9.843790858798143e-06,-0.0006515979515748977,1.5382422451039315,0.9999847412109375,0.0,0.0
11226,2532,-347.13022,-46.429745,-0.011429901,0.988224,30.330801,-8.4400176e-07,30.346895217895508,9.843790858798143e-06,-0.0006515979515748977,1.5382422451039315,0.9999847412109375,0.0,0.0
11227,2533,-347.08063,-44.910507,-0.01142971,0.99130374,30.428679,-1.0633469e-06,30.444820404052734,6.606657923979766e-06,-0.0006506442590243781,1.5382422451039315,0.9999847412109375,0.0,0.0
11228,2533,-347.031,-43.386387,-0.011429481,0.9944025,30.526413,-1.8930435e-06,30.542604446411133,6.606657923979766e-06,-0.0006506442590243781,1.5382422451039315,0.9999847412109375,0.0,0.0
11229,2534,-346.9812,-41.857384,-0.0114293285,0.997515,30.623999,-2.245903e-06,30.640239715576172,4.345784574926671e-06,-0.0006496905664738586,1.5382422451039315,0.9999847412109375,0.0,0.0
11230,2535,-346.9312,-40.323494,-0.011429099,1.0006372,30.721432,-1.926422e-06,30.73772430419922,4.345784574926671e-06,-0.0006496905664738586,1.5382422451039315,0.9999847412109375,0.0,0.0
11231,2536,-346.8812,-38.78475,-0.011428909,1.0037656,30.818716,-2.3698806e-06,30.835058212280273,4.345784574926671e-06,-0.0006496905664738586,1.5382422451039315,0.941162109375,0.0,0.0
11232,2537,-346.8308,-37.24118,-0.011428298,1.0068318,30.913818,-2.7894973e-06,30.93021011352539,2.275890863481739e-06,-0.0006473064001161409,1.5382422451039315,0.861162109375,0.0,0.0
11233,2537,-346.78043,-35.693035,-0.011425399,1.0096697,31.001701,-2.603531e-06,31.018136978149414,1.822685826942686e-06,-0.0006405115032401421,1.5382422451039315,0.7811621093750001,0.0,0.0
11234,2538,-346.72995,-34.140804,-0.0114181135,1.012131,31.077864,-3.4475327e-06,31.094341278076172,1.4657855002940565e-06,-0.0006229876952079606,1.5382422451039315,0.7011621093750001,0.0,0.0
11235,2539,-346.67917,-32.585163,-0.0114050675,1.0141232,31.139492,-3.0088424e-06,31.156002044677734,1.1789962845308054e-06,-0.0005922316956209357,1.5382422451039315,0.6211621093750002,0.0,0.0
11236,2540,-346.6284,-31.026884,-0.01138607,1.0155925,31.184975,-3.223419e-06,31.201507568359375,9.231445479139311e-07,-0.0005468129656532878,1.5382422451039315,0.5411621093750002,0.0,0.0
11237,2540,-346.5776,-29.466803,-0.011361541,1.0165111,31.213467,-2.260208e-06,31.23001480102539,7.446215561591944e-07,-0.0004885196463279509,1.5382422451039315,0.4611621093750002,0.0,0.0
11238,2541,-346.52682,-27.905779,-0.011332397,1.0168675,31.224632,-1.0490418e-06,31.241186141967773,5.947949978213326e-07,-0.0004192590577273826,1.538242378261986,0.38116210937500017,0.0,0.0
11239,2542,-346.47604,-26.344677,-0.011299591,1.016661,31.218458,1.0538101e-06,31.23500633239746,4.862522861055188e-07,-0.0003411769755809614,1.538242378261986,0.30116210937500015,0.0,0.0
11240,2543,-346.42526,-24.784355,-0.011263962,1.0158991,31.19521,2.7751921e-06,31.211746215820312,3.8184225446892666e-07,-0.0002566575825010502,1.538242378261986,0.22116210937500014,0.0,0.0
11241,2544,-346.37448,-23.225658,-0.011226463,1.0145956,31.15526,3.1375885e-06,31.171775817871094,3.0296357202979464e-07,-0.0001677274589028579,1.538242378261986,0.14116210937500012,0.0,0.0
11242,2544,-346.3237,-21.669409,-0.01118782,1.0127627,31.09903,4.1151047e-06,31.115516662597656,2.3695245732253962e-07,-7.617472955467272e-05,1.538242378261986,0.06116210937500012,0.0,0.0
11243,2545,-346.27316,-20.116407,-0.0111486055,1.0104145,31.026962,3.8862227e-06,31.04340934753418,1.9079924914187856e-07,1.657009008377864e-05,1.538242378261986,0.0,0.0,0.0
11244,2546,-346.22278,-18.567429,-0.01110939,1.0075785,30.939903,3.2043456e-06,30.9563045501709,1.4835313188437085e-07,0.00010919570018524571,1.538242378261986,0.0,0.0,0.0
11245,2547,-346.17236,-17.023142,-0.011071396,1.00437,30.841396,3.4618377e-06,30.857746124267578,1.1589872447247767e-07,0.0001991987116481272,1.538242378261986,0.0,0.0,0.0
11246,2547,-346.12234,-15.483976,-0.011036529,1.0009438,30.736225,2.9087066e-06,30.752519607543945,8.847564568323593e-08,0.00028181075213628984,1.538242378261986,0.0,0.0,0.0
11247,2548,-346.07233,-13.950176,-0.011006546,0.99739516,30.627312,3.9196016e-06,30.6435489654541,7.824564813420434e-08,0.0003526210586221619,1.538242378261986,0.0,0.0,0.0
11248,2549,-346.0226,-12.42188,-0.010981788,0.9937813,30.516384,3.852844e-06,30.532562255859375,4.655157794896411e-08,0.0004106759873191596,1.538242378261986,0.0,0.0,0.0
11249,2550,-345.97305,-10.899153,-0.010962143,0.9901355,30.40445,3.5905837e-06,30.42056655883789,5.7247237751840555e-08,0.00045704837732803627,1.538242378261986,0.0,0.0,0.0
11250,2550,-345.9236,-9.382034,-0.010946884,0.9864767,30.292114,3.6764145e-06,30.30817222595215,5.142647148403769e-08,0.0004928111652774171,1.5382422451039315,0.0,0.0,0.0
11251,2551,-345.87442,-7.87053,-0.010935325,0.9828162,30.179724,3.4284592e-06,30.195722579956055,3.512832434682194e-08,0.0005204677290938347,1.5382422451039315,0.0,0.0,0.0
11252,2552,-345.82535,-6.36464,-0.010926666,0.97916096,30.06749,3.4332274e-06,30.08342933654785,3.396417268062907e-08,0.0005406140941120732,1.5382422451039315,0.0,0.0,0.0
11253,2553,-345.77652,-4.8643517,-0.010920372,0.9755148,29.955532,2.799034e-06,29.971412658691406,1.912121909457368e-08,0.000555038401355066,1.5382422451039315,0.0,0.0,0.0
11254,2554,-345.7278,-3.3696508,-0.010915947,0.97187966,29.843916,3.7527084e-06,29.859737396240234,1.2456441479834236e-08,0.0005656480684331432,1.5382422451039315,0.0,0.0,0.0
11255,2554,-345.67938,-1.880518,-0.010912781,0.96825725,29.732687,3.4236907e-06,29.74844741821289,1.7287678434531243e-08,0.0005726813884467719,1.5382422451039315,0.0,0.0,0.0
11256,2555,-345.63098,-0.3969348,-0.010910721,0.96464825,29.621864,2.8085708e-06,29.6375675201416,2.4010662838896475e-08,0.000577330542102683,1.5382422451039315,0.0,0.0,0.0
11257,2556,-345.58292,1.0811195,-0.010909423,0.9610529,29.511465,3.376007e-06,29.527109146118164,9.516953959015089e-09,0.0005805492219513959,1.5382422451039315,0.0,0.0,0.0
11258,2556,-345.53488,2.553666,-0.010908699,0.95747167,29.40149,2.7942656e-06,29.417076110839844,9.516953959015089e-09,0.0005805492219513959,1.5382422451039315,0.0,0.0,0.0
11259,2557,-345.48718,4.0207257,-0.010908393,0.95390433,29.291943,3.3950805e-06,29.307470321655273,1.6007108972641324e-09,0.0005828142092495893,1.5382422451039315,0.0,0.0,0.0
11260,2558,-345.4395,5.4823203,-0.01090847,0.95035094,29.182827,3.7145614e-06,29.19829750061035,1.6007108972641324e-09,0.0005828142092495893,1.5382422451039315,0.0,0.0,0.0
11261,2559,-345.39215,6.938471,-0.010908699,0.94681156,29.074142,2.8085708e-06,29.089555740356445,1.6007108972641324e-09,0.0005828142092495893,1.5382422451039315,0.0,0.0,0.0
11262,2559,-345.34488,8.389201,-0.010909119,0.94328624,28.965889,3.3569336e-06,28.981243133544922,1.6007108972641324e-09,0.0005828142092495893,1.5382422451039315,0.0,0.0,0.0
11263,2560,-345.2978,9.834529,-0.010909652,0.9397748,28.858063,2.9468536e-06,28.873361587524414,6.955816523392477e-09,0.0005794763503413521,1.5382422451039315,0.0,0.0,0.0
11264,2561,-345.25092,11.274479,-0.010910225,0.9362773,28.750666,2.579689e-06,28.765905380249023,6.955816523392477e-09,0.0005794763503413521,1.5382422451039315,0.0,0.0,0.0
11265,2562,-345.20416,12.709068,-0.01091095,0.93279374,28.643694,2.4366377e-06,28.658878326416016,0.0,0.0005768536958274231,1.5382422451039315,0.0,0.0,0.0
11266,2562,-345.15768,14.138323,-0.010911674,0.9293239,28.537146,1.077652e-06,28.55227279663086,1.5133993486813246e-09,0.0005747079526073354,1.5382422451039315,0.0,0.0,0.0
11267,2563,-345.1112,15.562262,-0.010912475,0.9258679,28.431017,1.6593933e-06,28.446088790893555,0.0,0.0005726813884467719,1.5382422451039315,0.0,0.0,0.0
11268,2564,-345.06512,16.980906,-0.010913238,0.9224255,28.325308,1.9073486e-08,28.34032440185547,0.0,0.0005726813884467719,1.5382422451039315,0.0,0.0,0.0
11269,2564,-345.019,18.394274,-0.010914077,0.9189966,28.220016,2.9563904e-07,28.234975814819336,2.0372685161650703e-09,0.0005688666832632749,1.5382422451039315,0.0,0.0,0.0
11270,2565,-344.9732,19.802387,-0.010914879,0.9155813,28.115143,-4.816055e-07,28.130046844482422,0.0,0.0005671977863184468,1.5382422451039315,0.0,0.0,0.0
11271,2566,-344.9275,21.20527,-0.010915756,0.9121795,28.010685,-3.004074e-07,28.02553367614746,2.2118914893175844e-09,0.0005650519780797778,1.5382422451039315,0.0,0.0,0.0
11272,2567,-344.882,22.602945,-0.010916557,0.90879124,27.906643,-1.2874603e-06,27.921436309814453,2.2118914893175844e-09,0.0005650519780797778,1.5382422451039315,0.0,0.0,0.0
11273,2567,-344.83667,23.99543,-0.010917396,0.90541637,27.803007,-2.684593e-06,27.817745208740234,2.0663722830172716e-09,0.0005608796706991266,1.5382422451039315,0.0,0.0,0.0
11274,2568,-344.7914,25.382736,-0.010918235,0.9020548,27.699781,-2.1886824e-06,27.714466094970703,5.849870654720583e-09,0.0005593299528138229,1.5382422451039315,0.0,0.0,0.0
11275,2569,-344.7465,26.764904,-0.010919113,0.8987065,27.596968,-3.30925e-06,27.611597061157227,1.9790608584475657e-09,0.0005571842095937351,1.5382422451039315,0.0,0.0,0.0
11276,2569,-344.70157,28.141943,-0.010919952,0.8953713,27.494555,-3.261566e-06,27.50912857055664,4.656613609505187e-09,0.000555038401355066,1.5382422451039315,0.0,0.0,0.0
11277,2570,-344.65695,29.513865,-0.010920829,0.8920493,27.392546,-3.1661987e-06,27.407068252563477,2.037268485161795e-10,0.000553369504410238,1.5382422451039315,0.0,0.0,0.0
11278,2571,-344.61243,30.880697,-0.010921669,0.88874054,27.29094,-2.3698806e-06,27.30540657043457,1.6007108972641324e-09,0.0005512236961715691,1.5382422451039315,0.0,0.0,0.0
11279,2571,-344.56805,32.24246,-0.010922585,0.8854447,27.189735,-3.5762787e-06,27.20414924621582,4.045433141464838e-09,0.0005496739782862653,1.5382422451039315,0.0,0.0,0.0
11280,2572,-344.5239,33.599174,-0.010923386,0.88216186,27.088924,-2.2935867e-06,27.10328483581543,5.122274871245224e-09,0.0005475282350661776,1.5382422451039315,0.0,0.0,0.0
11281,2573,-344.4798,34.950863,-0.010924225,0.8788918,26.988518,-2.8848647e-06,27.002824783325195,0.0,0.000545501670905614,1.5382422451039315,0.0,0.0,0.0
11282,2573,-344.43604,36.297535,-0.010925064,0.87563485,26.888502,-3.0374526e-06,26.902755737304688,4.016328754547125e-09,0.0005433559276855263,1.5382422451039315,0.0,0.0,0.0
11283,2574,-344.3923,37.63922,-0.010925865,0.87239057,26.78888,-3.118515e-06,26.80307960510254,2.9976948064973454e-09,0.0005416869657221171,1.5382422451039315,0.0,0.0,0.0
11284,2575,-344.3488,38.975937,-0.010926742,0.86915904,26.689648,-2.1219253e-06,26.70379638671875,5.529727855202245e-09,0.0005395412225020293,1.5382422451039315,0.0,0.0,0.0
11285,2575,-344.30542,40.3077,-0.010927543,0.86594033,26.590807,-2.541542e-06,26.604904174804688,2.2409951321566832e-09,0.0005378722930479107,1.5382422451039315,0.0,0.0,0.0
11286,2576,-344.26215,41.63453,-0.010928382,0.86273414,26.492357,-1.8692016e-06,26.50640106201172,1.4551916909638198e-09,0.0005358457288873471,1.5382422451039315,0.0,0.0,0.0
11287,2577,-344.21918,42.956455,-0.010929184,0.8595405,26.39429,-3.4999846e-06,26.408283233642578,1.4551916909638198e-09,0.0005358457288873471,1.5382422451039315,0.0,0.0,0.0
11288,2577,-344.1762,44.273495,-0.010929985,0.85635954,26.296608,-3.2901762e-06,26.310548782348633,0.0,0.0005316733889974053,1.5382422451039315,0.0,0.0,0.0
11289,2578,-344.13354,45.58566,-0.010930824,0.85319096,26.19931,-2.7942656e-06,26.213197708129883,-2.910383273416175e-11,0.0005300044595432867,1.5382422451039315,0.0,0.0,0.0
11290,2579,-344.09097,46.89296,-0.010931663,0.85003495,26.102392,-2.2411346e-06,26.116230010986328,6.461050874734728e-09,0.0005278587163231989,1.5382422451039315,0.0,0.0,0.0
11291,2579,-344.04852,48.19542,-0.010932426,0.846891,26.00586,-3.0231474e-06,26.01964569091797,0.0,0.0005261897868690802,1.5382422451039315,0.0,0.0,0.0
11292,2580,-344.00632,49.493065,-0.010933189,0.8437596,25.909697,-2.9802322e-06,25.923431396484375,0.0,0.0005261897868690802,1.5382422451039315,0.0,0.0,0.0
11293,2581,-343.96414,50.78591,-0.010934029,0.8406403,25.813915,-3.390312e-06,25.827598571777344,0.0,0.0005224942932543982,1.5382422451039315,0.0,0.0,0.0
11294,2581,-343.92227,52.07399,-0.01093483,0.8375334,25.718508,-2.7894973e-06,25.732141494750977,2.415617981296095e-09,0.0005204677290938347,1.5382422451039315,0.0,0.0,0.0
11295,2582,-343.88046,53.3573,-0.010935592,0.83443856,25.62347,-3.1757354e-06,25.637054443359375,4.2200557425780445e-09,0.000518918011208531,1.5382422451039315,0.0,0.0,0.0
11296,2583,-343.83878,54.63588,-0.010936393,0.8313558,25.52881,-3.581047e-06,25.542343139648438,0.0,0.0005166530239103376,1.5382422451039315,0.0,0.0,0.0
11297,2583,-343.79736,55.909725,-0.010937156,0.8282852,25.434519,-2.9993057e-06,25.448001861572266,1.4551915979539932e-10,0.000514984094456219,1.5382422451039315,0.0,0.0,0.0117645263671875
11298,2584,-343.75598,57.178738,-0.010936699,0.8250539,25.33529,-3.5858154e-06,25.34872055053711,1.4551915979539932e-10,0.000514984094456219,1.5382422451039315,0.0,0.0,0.1317645263671875
11299,2584,-343.71487,58.441826,-0.010924835,0.8203374,25.190464,-2.0456314e-06,25.20381736755371,0.0,0.0005444287992955702,1.5382422451039315,0.0,0.0,0.2517645263671875
11300,2585,-343.674,59.69584,-0.010885353,0.81346077,24.979296,-2.6559828e-06,24.992538452148438,2.91038366095712e-11,0.000638604118139103,1.5382422451039315,0.0,0.0,0.3717645263671875
11301,2586,-343.63358,60.937424,-0.010817299,0.804402,24.701113,-1.7547607e-06,24.71420669555664,1.7462303515906493e-10,0.0008000135264412218,1.538242378261986,0.0,0.0,0.4917645263671875
11302,2586,-343.59363,62.163216,-0.0107252505,0.79315263,24.35566,-2.0980835e-06,24.36857032775879,-5.82076925961896e-11,0.0010188817405776824,1.538242378261986,0.0,0.0,0.6117645263671875
11303,2587,-343.55432,63.369873,-0.01061451,0.77971256,23.942944,-2.5844574e-06,23.955636978149414,-5.820770809782737e-11,0.0012820958130717469,1.5382425114200404,0.0,0.0,0.7317645263671875
11304,2587,-343.51578,64.55404,-0.010490112,0.7640878,23.463152,-1.3923644e-06,23.475589752197266,5.820773522569347e-11,0.0015776156680567211,1.5382425114200404,0.0,0.0,0.8517645263671875
11305,2588,-343.47803,65.712364,-0.010355988,0.7462919,22.916672,-3.7050247e-06,22.92881965637207,-5.820776235355956e-11,0.0018962621122617265,1.5382422451039315,0.0,0.0,0.9717645263671875
11306,2589,-343.44125,66.841545,-0.010215416,0.72634506,22.30415,-9.202957e-07,22.31597328186035,3.143221205557583e-09,0.002229571156810192,1.5382425114200404,0.0,0.0,0.9999847412109375
11307,2589,-343.4055,67.938774,-0.010076179,0.7051276,21.652617,-2.8800964e-06,21.664094924926758,0.0,0.0025603768559414155,1.5382422451039315,0.0,0.0,0.9999847412109375
11308,2590,-343.37082,69.0032,-0.009955444,0.68367463,20.993845,-2.6893615e-06,21.004974365234375,-1.164157882349612e-10,0.0028463600454955193,1.5382417124717134,0.0,0.0,0.9999847412109375
11309,2590,-343.33722,70.034645,-0.009860115,0.66217124,20.333529,-1.9359588e-06,20.344308853149414,-1.1641587349396893e-10,0.003073215337214709,1.5382422451039315,0.0,0.0,0.9999847412109375
11310,2591,-343.30472,71.03309,-0.009787902,0.64066476,19.673117,-3.6764145e-06,19.68354606628418,1.979070779495738e-09,0.003244161410947699,1.538242378261986,0.0,0.0,0.9999847412109375
11311,2591,-343.2733,71.99855,-0.009734955,0.61918324,19.013472,-2.6130676e-06,19.02355194091797,1.164159820054333e-10,0.003369927112832089,1.5382422451039315,0.0,0.0,0.9999847412109375
11312,2592,-343.2429,72.93108,-0.009696884,0.59774387,18.355122,-2.8419495e-06,18.364852905273438,0.0,0.0034605263446854987,1.5382425114200404,0.0,0.0,0.9999847412109375
11313,2592,-343.21362,73.83074,-0.009670181,0.57635695,17.698383,-3.4809111e-06,17.707765579223633,2.910400991788145e-09,0.0035238263548453197,1.538242378261986,0.0,0.0,0.9999847412109375
11314,2593,-343.1854,74.69763,-0.009651909,0.55502856,17.043447,-3.3998488e-06,17.05248260498047,0.0,0.003567576317905302,1.5382422451039315,0.0,0.0,0.9999847412109375
11315,2593,-343.15823,75.53184,-0.009639778,0.5337627,16.390423,-3.390312e-06,16.399112701416016,1.6298249572038123e-09,0.003596186314197914,1.538242378261986,0.0,0.0,0.9999847412109375
11316,2593,-343.1321,76.333435,-0.009632111,0.5125611,15.7393675,-5.8174132e-06,15.747711181640625,4.656643372649704e-09,0.003614425586698729,1.538242378261986,0.0,0.0,0.9999847412109375
11317,2594,-343.10706,77.10255,-0.009627914,0.4914243,15.090317,-4.5728684e-06,15.09831714630127,1.1641607501525992e-10,0.0036250350587210623,1.538242378261986,0.0,0.0,0.9999847412109375
11318,2594,-343.08307,77.83926,-0.009626045,0.4703532,14.443282,-3.2520293e-06,14.450939178466797,5.005892047242979e-09,0.0036299226355146035,1.538242378261986,0.0,0.0,0.9999847412109375
11319,2594,-343.06012,78.54366,-0.009625816,0.44934785,13.798266,-3.519058e-06,13.805581092834473,5.005892047242979e-09,0.0036299226355146035,1.538242378261986,0.0,0.0,0.9999847412109375
11320,2595,-343.03824,79.21589,-0.009626922,0.42840827,13.155266,-3.98159e-06,13.162240028381348,5.005892047242979e-09,0.0036299226355146035,1.538242378261986,0.0,0.0,0.9999847412109375
11321,2595,-343.01743,79.856026,-0.00962883,0.40753397,12.514276,-3.4618377e-06,12.520909309387207,9.313286001220793e-10,0.0036239622521296,1.538242378261986,0.0,0.0,0.9999847412109375
11322,2595,-342.99756,80.464165,-0.009631461,0.3867249,11.875287,-3.1805039e-06,11.881582260131836,1.5134090217032923e-09,0.003618240096826482,1.538242378261986,0.0,0.0,0.9999847412109375
11323,2596,-342.97882,81.040405,-0.009634513,0.3659806,11.238286,-4.038811e-06,11.244243621826172,-1.1641607501525992e-10,0.003611206906850016,1.5382422451039315,0.0,0.0,0.9999847412109375
11324,2596,-342.9611,81.58486,-0.009637947,0.3453006,10.603263,-3.247261e-06,10.60888385772705,8.149124786019062e-10,0.003603219764248705,1.538242378261986,0.0,0.0,0.9999847412109375
11325,2596,-342.94437,82.0976,-0.009641533,0.3246847,9.970207,-2.4461747e-06,9.975492477416992,3.143233606867798e-09,0.0035952328817217194,1.538242378261986,0.0,0.0,0.9999847412109375
11326,2597,-342.9287,82.57876,-0.009645309,0.30413252,9.339109,-3.967285e-06,9.344059944152832,2.5611533092996874e-09,0.0035867690228823116,1.538242378261986,0.0,0.0,0.9999847412109375
11327,2597,-342.91406,83.0284,-0.009649277,0.28364384,8.709955,-2.3126602e-06,8.714571952819824,6.9849635708173295e-09,0.003577709073689538,1.5382422451039315,0.0,0.0,0.9999847412109375
11328,2597,-342.90042,83.44664,-0.00965313,0.26321837,8.082735,-4.091263e-06,8.087019920349121,8.032708106439928e-09,0.0035686491244967646,1.5382422451039315,0.0,0.0,0.9999847412109375
11329,2597,-342.88785,83.833565,-0.009657097,0.24285528,7.457437,-4.0864943e-06,7.461390495300293,4.540226321031264e-09,0.003558993084950626,1.5382422451039315,0.0,0.0,0.9999847412109375
11330,2597,-342.87625,84.18928,-0.009661216,0.22255428,6.8340487,-3.6382673e-06,6.837671756744385,2.7939854283269316e-09,0.0035499331357578524,1.5382425114200404,0.0,0.0,0.9999847412109375
11331,2597,-342.8657,84.513885,-0.00966526,0.20231514,6.212561,-5.0640106e-06,6.215854644775391,5.471553805035424e-09,0.0035403964703269817,1.538242378261986,0.0,0.0,0.9999847412109375
11332,2598,-342.85614,84.80747,-0.009669418,0.18213744,5.592961,-3.9482115e-06,5.595925807952881,2.328320942246239e-09,0.003530859804896111,1.538242378261986,0.0,0.0,0.9686126708984375
11333,2598,-342.8475,85.07059,-0.009677811,0.16263275,4.994025,-3.3950805e-06,4.996672630310059,2.2119046347064124e-09,0.003511071009565736,1.538242378261986,0.0,0.0,0.8486126708984375
11334,2598,-342.83978,85.3055,-0.009707222,0.14630036,4.492493,1.4305114e-07,4.494874954223633,1.1990848673326588e-08,0.0034413336397084893,1.538242378261986,0.0,0.0,0.7286126708984375
11335,2598,-342.83292,85.515976,-0.009766426,0.1315538,4.0396686,1.5258788e-06,4.041810035705566,1.559973709325311e-08,0.0033006667192872646,1.538242378261986,0.0,0.0,0.6086126708984375
11336,2598,-342.82678,85.705666,-0.009852142,0.11957051,3.6716957,5.0640106e-06,3.673642158508301,7.916279645616092e-09,0.003097653221182414,1.538241845629768,0.0,0.0,0.4886126708984375
11337,2598,-342.82117,85.878395,-0.009960785,0.10984845,3.373151,6.0987472e-06,3.374939203262329,6.2864523321633385e-09,0.0028389689932475735,1.538242378261986,0.0,0.0,0.3686126708984375
11338,2598,-342.816,86.03752,-0.010084076,0.101904504,3.1292152,4.954338e-06,3.1308741569519043,6.170031808178039e-09,0.0025459526137170036,1.5382422451039315,0.0,0.0,0.24861267089843753
11339,2598,-342.81122,86.18652,-0.010218162,0.096520334,2.9638813,3.867149e-06,2.9654524326324463,1.3969873816000734e-09,0.0022268294532739015,1.538242378261986,0.0,0.0,0.12861267089843753
11340,2598,-342.80655,86.328766,-0.010360221,0.09316409,2.8608174,7.2050093e-06,2.8623340129852295,0.0,0.0018891095481699922,1.538241845629768,0.0,0.0,0.008612670898437536
11341,2598,-342.80206,86.46767,-0.010508003,0.091938905,2.8231952,4.1246412e-06,2.8246917724609375,3.0268016736771004e-09,0.00153720375896072,1.538242378261986,0.0,0.0,0.0
11342,2599,-342.79758,86.60627,-0.010655708,0.091884665,2.8215303,4.3439863e-06,2.823026180267334,3.2014232826854907e-09,0.001186132418223862,1.538242378261986,0.08,0.0,0.0
11343,2599,-342.7931,86.7436,-0.010770263,0.091128804,2.7983236,2.374649e-06,2.799807071685791,2.473826507105315e-09,0.0009139775755965482,1.538242378261986,0.16,0.0,0.0
11344,2599,-342.78857,86.88035,-0.010862007,0.09082802,2.7890878,2.1982194e-06,2.7905664443969727,3.754394728864212e-09,0.0006957053867948718,1.5382417124717134,0.24,0.0,0.0
11345,2599,-342.7841,87.01681,-0.010934753,0.090744,2.7865024,2.6512146e-06,2.7879796028137207,1.8335414041210489e-09,0.000522971139529658,1.5382422451039315,0.32,0.0,0.0
11346,2599,-342.77957,87.15332,-0.010993042,0.09090001,2.7912898,1.9788743e-06,2.792769432067871,0.0,0.0003839731160532616,1.538242378261986,0.4,0.0,0.0
11347,2599,-342.7751,87.2903,-0.011040802,0.09131344,2.8039844,2.0122527e-06,2.8054707050323486,2.5611371875964077e-09,0.00027060507597807397,1.538242378261986,0.48000000000000004,0.0,0.0
11348,2599,-342.77057,87.42817,-0.011081085,0.09199803,2.825008,1.7356872e-06,2.826505422592163,3.2741807776129107e-09,0.0001746415998569623,1.538242378261986,0.56,0.0,0.0
11349,2599,-342.76608,87.567345,-0.011116219,0.09296596,2.8547301,1.2779235e-06,2.856243371963501,9.960784946357208e-09,9.107589120024806e-05,1.538242378261986,0.64,0.0,0.0
11350,2599,-342.7615,87.70828,-0.011147765,0.09422834,2.8934958,8.869171e-07,2.8950297832489014,6.701156610229357e-09,1.5974043414772564e-05,1.538242378261986,0.72,0.0,0.0
11351,2599,-342.75684,87.85147,-0.011176948,0.09579635,2.9416451,2.9563904e-07,2.943204641342163,9.97169909145135e-09,-5.340575878644136e-05,1.538242378261986,0.7999999999999999,0.0,0.0
11352,2599,-342.7521,87.99736,-0.011204643,0.097680956,2.9995167,4.339218e-07,3.0011067390441895,6.966729180329393e-09,-0.00011920928503728013,1.538242378261986,0.8799999999999999,0.0,0.0
11353,2599,-342.74722,88.14646,-0.011231537,0.09989389,3.0674698,-1.9073486e-08,3.069096088409424,7.246853447835876e-09,-0.00018310545869637039,1.538242378261986,0.9599999999999999,0.0,0.0
11354,2599,-342.74225,88.2993,-0.011258011,0.102447145,3.1458733,-3.7670134e-07,3.147541046142578,6.0390447052140334e-09,-0.000246167175755724,1.538242378261986,0.9999847412109375,0.0,0.0
11355,2599,-342.73718,88.4564,-0.011284408,0.1053284,3.234346,-9.1075896e-07,3.236060619354248,1.741864420724168e-08,-0.0003088712581086327,1.538242378261986,0.9999847412109375,0.0,0.0
11356,2600,-342.7319,88.6182,-0.011309852,0.10845392,3.3303225,-1.4257431e-06,3.332087993621826,1.2092641603886923e-08,-0.000369548776300978,1.538242378261986,0.9999847412109375,0.0,0.0
11357,2600,-342.72644,88.784996,-0.01133316,0.11173197,3.4309804,-1.7166137e-06,3.4327991008758545,1.6239938363380323e-08,-0.0004249810829933375,1.538242378261986,0.9999847412109375,0.0,0.0
11358,2600,-342.72086,88.95696,-0.011353455,0.11510498,3.5345564,-1.8548965e-06,3.5364301204681396,1.2238161554265848e-08,-0.00047314164653443846,1.538242378261986,0.9999847412109375,0.0,0.0
11359,2600,-342.71506,89.134224,-0.011370468,0.11853679,3.6399364,-2.746582e-06,3.6418659687042236,1.0797521188669169e-08,-0.0005135535881397303,1.5382422451039315,0.9999847412109375,0.0,0.0
11360,2600,-342.70914,89.31681,-0.011384277,0.12200471,3.7464266,-2.746582e-06,3.748412609100342,2.008164625299767e-09,-0.0005466937865937635,1.5382422451039315,0.9999847412109375,0.0,0.0
11361,2600,-342.703,89.5048,-0.01139534,0.12549448,3.8535867,-4.15802e-06,3.8556294441223145,3.1723179036629615e-09,-0.0005728006325248775,1.5382422451039315,0.9999847412109375,0.0,0.0
11362,2600,-342.69672,89.69821,-0.011403999,0.12899736,3.961148,-3.905296e-06,3.9632480144500732,9.92440743902452e-09,-0.0005933046322495608,1.5382422451039315,0.9999847412109375,0.0,0.0
11363,2600,-342.69022,89.89705,-0.011410637,0.13250762,4.0689383,-2.117157e-06,4.0710954666137695,1.7433196400700534e-08,-0.0006089209901621219,1.5382422451039315,0.9999847412109375,0.0,0.0
11364,2600,-342.6836,90.10135,-0.011415748,0.13602175,4.176847,-2.3365021e-06,4.179060935974121,9.167708260736265e-09,-0.0006210803751255027,1.5382422451039315,0.9999847412109375,0.0,0.0
11365,2600,-342.67676,90.31112,-0.011419601,0.13953763,4.284809,-2.1505355e-06,4.28708028793335,1.1204975660783417e-08,-0.0006302595033778005,1.5382422451039315,0.9999847412109375,0.0,0.0
11366,2600,-342.6697,90.52634,-0.0114225,0.14305383,4.3927827,-2.7132035e-06,4.395111083984375,8.818461570352626e-09,-0.0006371736443319049,1.5382422451039315,0.9999847412109375,0.0,0.0
11367,2601,-342.66257,90.74702,-0.011424675,0.14656971,4.500743,-2.069473e-06,4.503129005432129,1.626904374240285e-08,-0.0006421804001849701,1.5382422451039315,0.9999847412109375,0.0,0.0
11368,2601,-342.65518,90.973175,-0.011426087,0.15008453,4.6086736,-2.579689e-06,4.611116886138916,1.2747479396382454e-08,-0.0006459951053684671,1.5382417124717134,0.9999847412109375,0.0,0.0
11369,2601,-342.64767,91.204796,-0.011427421,0.15359779,4.716569,-3.004074e-07,4.719069480895996,5.7625594781770815e-09,-0.0006488561180014446,1.5382417124717134,0.9999847412109375,0.0,0.0
11370,2601,-342.63992,91.44187,-0.011428298,0.15710993,4.824419,3.528595e-07,4.826976299285889,5.9080784364511894e-09,-0.0006507635031024838,1.5382417124717134,0.9999847412109375,0.0,0.0
11371,2601,-342.63205,91.6844,-0.011428909,0.1606203,4.9322205,-2.4938583e-06,4.934834957122803,5.9080784364511894e-09,-0.0006507635031024838,1.5382417124717134,0.9999847412109375,0.0,0.0
11372,2601,-342.62393,91.93238,-0.0114293285,0.16412912,5.0399756,-3.209114e-06,5.042647361755371,5.966286218181796e-09,-0.0006532668485197257,1.5382417124717134,0.9999847412109375,0.0,0.0
11373,2601,-342.61572,92.18586,-0.011429634,0.16763654,5.1476817,-2.002716e-06,5.1504106521606445,5.966286218181796e-09,-0.0006532668485197257,1.5382417124717134,0.9999847412109375,0.0,0.0
11374,2601,-342.60727,92.44479,-0.011429863,0.17114238,5.2553387,-3.0088424e-06,5.258124351501465,5.966286218181796e-09,-0.0006532668485197257,1.5382417124717134,0.9999847412109375,0.0,0.0
11375,2602,-342.59866,92.709175,-0.011430053,0.17464669,5.3629465,-1.7929077e-06,5.365789413452148,5.966286218181796e-09,-0.0006532668485197257,1.5382417124717134,0.9999847412109375,0.0,0.0
11376,2602,-342.58987,92.97902,-0.011430129,0.17814939,5.470505,-1.3923644e-06,5.473405361175537,4.918548627292917e-09,-0.0006550549895426594,1.5382417124717134,0.9999847412109375,0.0,0.0
11377,2602,-342.5809,93.25431,-0.011430129,0.18165036,5.578012,-2.322197e-06,5.580968856811523,4.918548627292917e-09,-0.0006550549895426594,1.5382417124717134,0.9999847412109375,0.0,0.0
11378,2602,-342.57178,93.53506,-0.011430206,0.18514967,5.6854672,-2.3174284e-06,5.688481330871582,4.918548627292917e-09,-0.0006550549895426594,1.5382417124717134,0.9999847412109375,0.0,0.0
11379,2602,-342.5624,93.821266,-0.011430206,0.18864721,5.7928667,-1.7213821e-06,5.795937538146973,4.918548627292917e-09,-0.0006550549895426594,1.5382417124717134,0.9999847412109375,0.0,0.0
11380,2602,-342.55295,94.11294,-0.011430168,0.1921427,5.9002023,-3.0899048e-06,5.903329849243164,4.918548627292917e-09,-0.0006550549895426594,1.5382417124717134,0.9999847412109375,0.0,0.0
11381,2602,-342.54324,94.410065,-0.011430129,0.19563563,6.007462,-2.002716e-06,6.010646820068359,4.918548627292917e-09,-0.0006550549895426594,1.5382417124717134,0.9999847412109375,0.0,0.0
11382,2603,-342.53348,94.712654,-0.011430129,0.19912513,6.1146154,-2.8944014e-06,6.117856979370117,4.918548627292917e-09,-0.0006550549895426594,1.5382417124717134,0.9999847412109375,0.0,0.0
11383,2603,-342.52335,95.0207,-0.011430053,0.20260866,6.221585,-3.3283234e-06,6.224883079528809,4.918548627292917e-09,-0.0006550549895426594,1.5382417124717134,0.9999847412109375,0.0,0.0
11384,2603,-342.51318,95.334175,-0.011430053,0.20608772,6.328418,-1.8072128e-06,6.331772327423096,4.918548627292917e-09,-0.0006550549895426594,1.5382417124717134,0.9999847412109375,0.0,0.0
11385,2603,-342.50278,95.65312,-0.011429978,0.20957218,6.4354153,-2.0313262e-06,6.438826560974121,4.918548627292917e-09,-0.0006550549895426594,1.5382417124717134,0.9999847412109375,0.0,0.0
11386,2603,-342.49222,95.977516,-0.011429825,0.21306756,6.5427513,-2.6512146e-06,6.546219825744629,4.918548627292917e-09,-0.0006550549895426594,1.5382417124717134,0.9999847412109375,0.0,0.0
11387,2603,-342.48148,96.30736,-0.0114297485,0.21657081,6.6503277,-2.155304e-06,6.653852939605713,4.918548627292917e-09,-0.0006550549895426594,1.5382417124717134,0.9999847412109375,0.0,0.0
11388,2604,-342.47055,96.64265,-0.011429634,0.22007646,6.757978,-3.1661987e-06,6.761560440063477,4.918548627292917e-09,-0.0006550549895426594,1.5382417124717134,0.9999847412109375,0.0,0.0
11389,2604,-342.45947,96.98336,-0.011429519,0.22358166,6.8656116,-3.77655e-06,6.869251251220703,4.918548627292917e-09,-0.0006550549895426594,1.5382417124717134,0.9999847412109375,0.0,0.0
11390,2604,-342.44815,97.329506,-0.011429481,0.22709036,6.973355,-1.3446808e-06,6.977051734924316,4.918548627292917e-09,-0.0006550549895426594,1.5382417124717134,0.9999847412109375,0.0,0.0
11391,2604,-342.4368,97.68112,-0.011429405,0.23061176,7.0814886,-2.1743774e-06,7.08524227142334,4.918548627292917e-09,-0.0006550549895426594,1.5382417124717134,0.9999847412109375,0.0,0.0
11392,2604,-342.42508,98.03816,-0.0114293285,0.23414525,7.189994,-2.5844574e-06,7.19380521774292,4.918548627292917e-09,-0.0006550549895426594,1.5382417124717134,0.9999847412109375,0.0,0.0
11393,2604,-342.41336,98.40065,-0.0114293285,0.23768549,7.2987027,-2.1219253e-06,7.302571773529053,1.8044378852950518e-09,-0.0006531476694602014,1.5382417124717134,0.9999847412109375,0.0,0.0
11394,2605,-342.40128,98.76857,-0.0114293285,0.24122854,7.407502,-3.1805039e-06,7.411428928375244,1.8044378852950518e-09,-0.0006531476694602014,1.5382417124717134,0.9999847412109375,0.0,0.0
11395,2605,-342.38916,99.141945,-0.011429405,0.24477334,7.5163536,-2.374649e-06,7.52033805847168,1.8044378852950518e-09,-0.0006531476694602014,1.5382417124717134,0.9999847412109375,0.0,0.0
11396,2605,-342.3768,99.52076,-0.011429443,0.2483196,7.625251,-2.5939942e-06,7.629292964935303,1.8044378852950518e-09,-0.0006531476694602014,1.5382417124717134,0.9999847412109375,0.0,0.0
11397,2605,-342.3643,99.905014,-0.011429558,0.2518673,7.734192,-2.1457672e-06,7.738292217254639,1.8044378852950518e-09,-0.0006531476694602014,1.5382417124717134,0.9999847412109375,0.0,0.0
11398,2605,-342.3516,100.29472,-0.011429672,0.2554166,7.84318,-2.2697448e-06,7.8473381996154785,1.8044378852950518e-09,-0.0006531476694602014,1.5382417124717134,0.9999847412109375,0.0,0.0
11399,2606,-342.3387,100.68988,-0.011429787,0.2589674,7.952217,-2.6369094e-06,7.956432819366455,1.8044378852950518e-09,-0.0006531476694602014,1.5382417124717134,0.9999847412109375,0.0,0.0
11400,2606,-342.32568,101.090485,-0.011429901,0.2625198,8.061302,-3.0851363e-06,8.06557559967041,1.8044378852950518e-09,-0.0006531476694602014,1.5382417124717134,0.9999847412109375,0.0,0.0
11401,2606,-342.3124,101.49655,-0.011430091,0.2660738,8.170436,-3.5619735e-06,8.174766540527344,0.0,-0.0006549358104831351,1.5382417124717134,0.9999847412109375,0.0,0.0
11402,2606,-342.2991,101.90807,-0.011430282,0.26962936,8.279616,-2.093315e-06,8.284005165100098,0.0,-0.0006549358104831351,1.5382417124717134,0.9999847412109375,0.0,0.0
11403,2606,-342.28543,102.32506,-0.011430435,0.27318645,8.388846,-2.4414062e-06,8.393293380737305,0.0,-0.0006549358104831351,1.5382417124717134,0.9999847412109375,0.0,0.0
11404,2607,-342.27176,102.7475,-0.011430588,0.2767451,8.498123,-1.8835067e-06,8.502628326416016,0.0,-0.0006549358104831351,1.5382417124717134,0.9999847412109375,0.0,0.0
11405,2607,-342.25772,103.17541,-0.01143074,0.28030536,8.60745,-2.3937225e-06,8.612011909484863,0.0,-0.0006549358104831351,1.5382417124717134,0.9999847412109375,0.0,0.0
11406,2607,-342.24365,103.60879,-0.011430931,0.28386715,8.716824,-2.3460389e-06,8.721445083618164,0.0,-0.0006568431305655929,1.5382417124717134,0.9999847412109375,0.0,0.0
11407,2607,-342.22934,104.04764,-0.011431083,0.28743055,8.826246,-2.2792815e-06,8.830925941467285,0.0,-0.0006568431305655929,1.5382417124717134,0.9999847412109375,0.0,0.0
11408,2607,-342.21487,104.49195,-0.011431236,0.29099545,8.935714,-1.8119812e-06,8.940450668334961,0.0,-0.0006568431305655929,1.5382417124717134,0.9999847412109375,0.0,0.0
11409,2608,-342.20023,104.94176,-0.011431427,0.29456186,9.045231,-2.350807e-06,9.050025939941406,0.0,-0.0006568431305655929,1.5382417124717134,0.9999847412109375,0.0,0.0
11410,2608,-342.1854,105.397026,-0.011431618,0.29812986,9.154793,-2.8991699e-06,9.159646034240723,0.0,-0.0006568431305655929,1.5382417124717134,0.9999847412109375,0.0,0.0
11411,2608,-342.1704,105.85778,-0.01143177,0.30169937,9.264403,-2.4557114e-06,9.269314765930176,2.532033792783513e-09,-0.0006588696947261563,1.5382417124717134,0.9999847412109375,0.0,0.0
11412,2608,-342.15518,106.32402,-0.01143196,0.30527037,9.37406,-2.0313262e-06,9.379029273986816,2.532033792783513e-09,-0.0006588696947261563,1.5382417124717134,0.9999847412109375,0.0,0.0
11413,2609,-342.13992,106.79574,-0.011432113,0.3088429,9.483764,-2.5987624e-06,9.488791465759277,2.532033792783513e-09,-0.0006588696947261563,1.5382417124717134,0.9999847412109375,0.0,0.0
11414,2609,-342.1243,107.27295,-0.011432342,0.31241694,9.5935135,-3.2520293e-06,9.598599433898926,2.532033792783513e-09,-0.0006588696947261563,1.5382417124717134,0.9999847412109375,0.0,0.0
11415,2609,-342.10867,107.75563,-0.011432495,0.31599247,9.703309,-2.8419495e-06,9.708453178405762,2.532033792783513e-09,-0.0006588696947261563,1.5382417124717134,0.9999847412109375,0.0,0.0
11416,2609,-342.09268,108.24381,-0.011432648,0.3195695,9.813149,-3.0136107e-06,9.818351745605469,0.0,-0.0006610155029648254,1.5382417124717134,0.9999847412109375,0.0,0.0
11417,2610,-342.07666,108.737495,-0.011432839,0.32314795,9.923036,-3.6764145e-06,9.928296089172363,0.0,-0.0006610155029648254,1.5382417124717134,0.9999847412109375,0.0,0.0
11418,2610,-342.06033,109.236664,-0.011433029,0.3267279,10.032967,-3.3426284e-06,10.038285255432129,0.0,-0.0006610155029648254,1.5382417124717134,0.9999847412109375,0.0,0.07843017578125
11419,2610,-342.04395,109.74045,-0.011423874,0.3290602,10.10458,3.814697e-07,10.109936714172363,0.0,-0.0006395578106896225,1.5382422451039315,0.9999847412109375,0.0,0.0
11420,2610,-342.02747,110.248436,-0.011414299,0.33247355,10.209364,1.7547607e-06,10.214776039123535,-2.91038366095712e-11,-0.0006167888236667459,1.5382422451039315,0.9999847412109375,0.0,0.0
11421,2611,-342.01065,110.76193,-0.011414909,0.33605546,10.319338,1.4305115e-06,10.324808120727539,-2.91038366095712e-11,-0.0006167888236667459,1.5382422451039315,0.9999847412109375,0.0,0.0
11422,2611,-341.99387,111.28092,-0.011418266,0.3396395,10.429383,2.7418137e-06,10.434911727905273,2.91038366095712e-11,-0.0006262063750566736,1.5382422451039315,0.9999847412109375,0.0,0.0
11423,2611,-341.97668,111.80542,-0.011421852,0.34322533,10.53949,3.9339066e-06,10.545077323913574,0.0,-0.0006349086570337115,1.5382422451039315,0.9999847412109375,0.0,0.0
11424,2611,-341.95947,112.33543,-0.01142498,0.3468128,10.649652,3.6287306e-06,10.65529727935791,1.1350495115109933e-09,-0.0006422996442630758,1.5382422451039315,0.9999847412109375,0.0,0.0
11425,2612,-341.942,112.87093,-0.011427307,0.35040146,10.759863,-1.0156631e-06,10.7655668258667,4.423782978635169e-09,-0.0006483792717261848,1.5382417124717134,0.9999847412109375,0.0,0.0
11426,2612,-341.9244,113.41197,-0.01142929,0.35399118,10.870122,-1.2779235e-06,10.875885009765625,2.735760532788228e-09,-0.0006530284253820958,1.5382417124717134,0.9999847412109375,0.0,0.0
11427,2612,-341.9066,113.9585,-0.011430779,0.35758293,10.980426,-1.5163421e-06,10.986247062683105,7.712516197733139e-09,-0.000656604707427963,1.5382417124717134,0.9999847412109375,0.0,0.0
11428,2612,-341.8886,114.51057,-0.01143196,0.36117622,11.090775,-2.3412704e-06,11.096653938293457,6.5483630433830465e-09,-0.0006593465410014162,1.5382417124717134,0.9999847412109375,0.0,0.0
11429,2613,-341.87045,115.06813,-0.011432839,0.36477107,11.201169,-2.965927e-06,11.207106590270996,6.024493999912403e-09,-0.0006616115282996096,1.5382417124717134,0.9999847412109375,0.0,0.0
11430,2613,-341.8521,115.63125,-0.011433563,0.3683674,11.3116045,-3.0517576e-06,11.317601203918457,6.024493999912403e-09,-0.0006616115282996096,1.5382417124717134,0.9999847412109375,0.0,0.0
11431,2613,-341.83362,116.19986,-0.011434211,0.37196508,11.422084,-2.7036667e-06,11.428138732910156,0.0,-0.0006645917850106926,1.5382417124717134,0.9999847412109375,0.0,0.0
11432,2614,-341.81488,116.774,-0.01143467,0.3755643,11.532603,-4.42028e-06,11.538716316223145,0.0,-0.0006645917850106926,1.5382417124717134,0.9999847412109375,0.0,0.0
11433,2614,-341.79608,117.35367,-0.011435127,0.37916481,11.643165,-2.8419495e-06,11.649336814880371,2.473826011052906e-09,-0.0006666182841526748,1.5382417124717134,0.9999847412109375,0.0,0.0
11434,2614,-341.77695,117.93887,-0.011435432,0.38276657,11.753767,-3.5476685e-06,11.759997367858887,2.473826011052906e-09,-0.0006666182841526748,1.5382417124717134,0.9999847412109375,0.0,0.0
11435,2614,-341.7578,118.52962,-0.011435737,0.38636974,11.8644085,-2.8705597e-06,11.870697975158691,2.473826011052906e-09,-0.0006666182841526748,1.5382417124717134,0.9999847412109375,0.0,0.0
11436,2615,-341.73828,119.125885,-0.011436081,0.3899742,11.975093,-3.0755996e-06,11.981441497802734,0.0,-0.0006687640923913438,1.5382417124717134,0.9999847412109375,0.0,0.0
11437,2615,-341.71875,119.72769,-0.01143631,0.39358002,12.085817,-2.822876e-06,12.09222412109375,0.0,-0.0006687640923913438,1.5382417124717134,0.9999847412109375,0.0,0.0
11438,2615,-341.6989,120.33504,-0.011436539,0.39718714,12.196584,-2.5510788e-06,12.203049659729004,0.0,-0.0006687640923913438,1.5382417124717134,0.9999847412109375,0.0,0.0
11439,2616,-341.679,120.94791,-0.011436767,0.40079555,12.307391,-2.2125244e-06,12.313916206359863,0.0,-0.0006687640923913438,1.5382417124717134,0.9999847412109375,0.0,0.0
11440,2616,-341.6588,121.566315,-0.011436958,0.40440533,12.418237,-1.9311904e-06,12.424819946289062,2.91038366095712e-11,-0.0006710290796895372,1.5382417124717134,0.9999847412109375,0.0,0.0
11441,2616,-341.63852,122.19028,-0.011437187,0.40801635,12.529123,-3.1137465e-06,12.535764694213867,2.91038366095712e-11,-0.0006710290796895372,1.5382417124717134,0.9999847412109375,0.0,0.0
11442,2617,-341.618,122.81979,-0.01143734,0.41162866,12.640047,-2.2745132e-06,12.646747589111328,2.91038366095712e-11,-0.0006710290796895372,1.5382417124717134,0.9999847412109375,0.0,0.0
11443,2617,-341.5973,123.45484,-0.011437569,0.41524222,12.751011,-3.4809111e-06,12.757769584655762,2.91038366095712e-11,-0.0006710290796895372,1.5382417124717134,0.9999847412109375,0.0,0.0
11444,2617,-341.57648,124.09544,-0.011437759,0.41885704,12.862013,-2.7418137e-06,12.868831634521484,2.91038366095712e-11,-0.0006728172207124708,1.5382417124717134,0.9999847412109375,0.0,0.0
11445,2618,-341.5554,124.7416,-0.011437988,0.42247322,12.973054,-2.6226044e-06,12.979930877685547,2.91038366095712e-11,-0.0006728172207124708,1.5382417124717134,0.9999847412109375,0.0,0.0
11446,2618,-341.53424,125.39331,-0.011438179,0.42609054,13.084132,-3.042221e-06,13.091068267822266,2.91038366095712e-11,-0.0006728172207124708,1.5382417124717134,0.9999847412109375,0.0,0.0
11447,2618,-341.51276,126.050575,-0.011438332,0.4297091,13.19525,-2.646446e-06,13.202244758605957,2.91038366095712e-11,-0.0006728172207124708,1.5382417124717134,0.9999847412109375,0.0,0.0
11448,2619,-341.49127,126.71339,-0.011438561,0.43332893,13.306403,-3.2711027e-06,13.313457489013672,0.0,-0.0006746053617354043,1.5382417124717134,0.9999847412109375,0.0,0.0
11449,2619,-341.46942,127.38177,-0.0114387125,0.43695,13.417595,-3.4713744e-06,13.424707412719727,0.0,-0.0006746053617354043,1.5382417124717134,0.9999847412109375,0.0,0.0
11450,2619,-341.44754,128.05571,-0.011438903,0.4405722,13.528824,-2.6416778e-06,13.535995483398438,0.0,-0.0006746053617354043,1.5382417124717134,0.9999847412109375,0.0,0.0
11451,2620,-341.42535,128.73521,-0.0114391325,0.44419563,13.64009,-2.2935867e-06,13.647320747375488,0.0,-0.0006746053617354043,1.5382417124717134,0.9999847412109375,0.0,0.0
11452,2620,-341.40308,129.42027,-0.011439362,0.44782028,13.751395,-3.8337707e-06,13.758685111999512,0.0,-0.0006746053617354043,1.5382417124717134,0.9999847412109375,0.0,0.0
11453,2620,-341.38055,130.11092,-0.011439514,0.45144615,13.862734,-2.3031234e-06,13.870081901550293,0.0,-0.0006767511049554921,1.5382417124717134,0.9999847412109375,0.0,0.0
11454,2621,-341.35788,130.80711,-0.011439704,0.45507315,13.974111,-1.7166137e-06,13.981518745422363,0.0,-0.0006767511049554921,1.5382417124717134,0.9999847412109375,0.0,0.0
11455,2621,-341.33502,131.50888,-0.011439895,0.4587013,14.085524,-2.1219253e-06,14.09299087524414,0.0,-0.0006767511049554921,1.5382417124717134,0.9999847412109375,0.0,0.0
11456,2621,-341.31198,132.21622,-0.011440086,0.4623306,14.196971,-2.131462e-06,14.204496383666992,0.0,-0.0006767511049554921,1.5382417124717134,0.9999847412109375,0.0,0.0
11457,2622,-341.2888,132.92914,-0.011440239,0.46596113,14.308455,-1.3780593e-06,14.316040992736816,0.0,-0.0006785392459784257,1.5382417124717134,0.9999847412109375,0.0,0.0
11458,2622,-341.26535,133.64763,-0.011440468,0.46959278,14.419972,-1.630783e-06,14.427617073059082,0.0,-0.0006785392459784257,1.5382417124717134,0.9999847412109375,0.0,0.0
11459,2622,-341.24182,134.37169,-0.01144062,0.47322562,14.531526,-2.2029876e-06,14.539228439331055,0.0,-0.0006785392459784257,1.5382417124717134,0.9999847412109375,0.0,0.0
11460,2623,-341.218,135.10133,-0.011440811,0.4768595,14.643115,-1.7404556e-06,14.650877952575684,0.0,-0.0006785392459784257,1.5382417124717134,0.9999847412109375,0.0,0.0
11461,2623,-341.19412,135.83656,-0.011441002,0.4804946,14.754739,-2.9087066e-06,14.762560844421387,0.0,-0.0006785392459784257,1.5382417124717134,0.9999847412109375,0.0,0.0
11462,2624,-341.16992,136.57738,-0.011441154,0.48413074,14.866395,-2.0647049e-06,14.874276161193848,0.0,-0.0006806849891985134,1.5382417124717134,0.9999847412109375,0.0,0.0
11463,2624,-341.1457,137.32376,-0.011441345,0.48776802,14.978085,-1.7309188e-06,14.986024856567383,0.0,-0.0006806849891985134,1.5382417124717134,0.9999847412109375,0.0,0.0
11464,2624,-341.12112,138.07573,-0.0114415735,0.49140632,15.089809,-3.4093855e-06,15.097808837890625,0.0,-0.0006806849891985134,1.5382417124717134,0.9999847412109375,0.0,0.0
11465,2625,-341.09653,138.83328,-0.011441726,0.49504572,15.201567,-2.6655196e-06,15.209625244140625,0.0,-0.0006806849891985134,1.5382417124717134,0.9999847412109375,0.0,0.0
11466,2625,-341.0716,139.59644,-0.011441917,0.49868625,15.313357,-2.9039381e-06,15.3214750289917,0.0,-0.0006824731302214471,1.5382417124717134,0.9999847412109375,0.0,0.0
11467,2625,-341.0466,140.36519,-0.011442146,0.5023279,15.425184,-2.5177e-06,15.433361053466797,0.0,-0.0006824731302214471,1.5382417124717134,0.9999847412109375,0.0,0.0
11468,2626,-341.02136,141.13953,-0.011442299,0.50597066,15.537042,-2.6893615e-06,15.54527759552002,0.0,-0.0006824731302214471,1.5382417124717134,0.9999847412109375,0.0,0.0
11469,2626,-340.99597,141.91946,-0.011442527,0.50961435,15.648932,-1.8644332e-06,15.657228469848633,0.0,-0.0006824731302214471,1.5382417124717134,0.9999847412109375,0.0,0.0
11470,2627,-340.9704,142.70499,-0.011442718,0.5132592,15.760856,-3.5476685e-06,15.769210815429688,0.0,-0.0006824731302214471,1.5382417124717134,0.9999847412109375,0.0,0.0
11471,2627,-340.9446,143.4961,-0.011442909,0.51690495,15.8728075,-2.6988982e-06,15.881221771240234,0.0,-0.000684618938460116,1.5382417124717134,0.9999847412109375,0.0,0.0
11472,2627,-340.9187,144.29282,-0.011443138,0.5205518,15.984791,-1.7881393e-06,15.993265151977539,0.0,-0.000684618938460116,1.5382417124717134,0.9999847412109375,0.0,0.0
11473,2628,-340.89252,145.09514,-0.011443291,0.5241997,16.096806,-2.3460389e-06,16.10533905029297,0.0,-0.000684618938460116,1.5382417124717134,0.9999847412109375,0.0,0.0
11474,2628,-340.86627,145.90306,-0.011443481,0.52784854,16.208855,-2.9802322e-06,16.21744728088379,0.0,-0.000684618938460116,1.5382417124717134,0.9999847412109375,0.0,0.0
11475,2629,-340.83972,146.71658,-0.011443672,0.53149843,16.32093,-2.131462e-06,16.32958221435547,8.149074560712691e-10,-0.0006864070794830497,1.5382417124717134,0.9999847412109375,0.0,0.0
11476,2629,-340.81317,147.53572,-0.011443863,0.5351493,16.43304,-3.3664703e-06,16.44175148010254,8.149074560712691e-10,-0.0006864070794830497,1.5382417124717134,0.9999847412109375,0.0,0.0
11477,2629,-340.7862,148.36044,-0.011444054,0.53880113,16.545177,-3.1137465e-06,16.55394744873047,8.149074560712691e-10,-0.0006864070794830497,1.5382417124717134,0.9999847412109375,0.0,0.0
11478,2630,-340.75925,149.1908,-0.011444283,0.542454,16.657347,-3.8433072e-06,16.666175842285156,8.149074560712691e-10,-0.0006864070794830497,1.5382417124717134,0.9999847412109375,0.0,0.0
11479,2630,-340.73193,150.02676,-0.0114444345,0.5461078,16.769545,-3.0517576e-06,16.77843475341797,0.0,-0.0006881952205059832,1.5382417124717134,0.9999847412109375,0.0,0.0
11480,2631,-340.7046,150.86832,-0.011444664,0.54976255,16.881773,-3.1995773e-06,16.890722274780273,0.0,-0.0006881952205059832,1.5382417124717134,0.9999847412109375,0.0,0.0
11481,2631,-340.67694,151.71548,-0.011444816,0.5534183,16.994032,-2.8896332e-06,17.003040313720703,0.0,-0.0006881952205059832,1.5382417124717134,0.9999847412109375,0.0,0.0
11482,2632,-340.6492,152.56827,-0.011445084,0.5570749,17.10632,-2.4795531e-06,17.115386962890625,0.0,-0.0006881952205059832,1.5382417124717134,0.9999847412109375,0.0,0.0
11483,2632,-340.62125,153.42667,-0.011445236,0.56073254,17.218636,-3.0612946e-06,17.227764129638672,0.0,-0.0006899833615289169,1.5382417124717134,0.9999847412109375,0.0,0.0
11484,2632,-340.5931,154.29068,-0.011445426,0.5643911,17.330978,-2.1648407e-06,17.340166091918945,0.0,-0.0006899833615289169,1.5382417124717134,0.9999847412109375,0.0,0.0
11485,2633,-340.5648,155.16031,-0.011445579,0.5680505,17.44335,-3.323555e-06,17.45259666442871,0.0,-0.0006899833615289169,1.5382417124717134,0.9999847412109375,0.0,0.0
11486,2633,-340.5363,156.03558,-0.011445808,0.5717108,17.55575,-3.0231474e-06,17.56505584716797,0.0,-0.0006899833615289169,1.5382417124717134,0.9999847412109375,0.0,0.0
11487,2634,-340.5076,156.91646,-0.011445961,0.5753721,17.668179,-3.2043456e-06,17.67754364013672,2.444722368213807e-09,-0.0006917714375332692,1.5382417124717134,0.9999847412109375,0.0,0.0
11488,2634,-340.4787,157.80296,-0.01144619,0.5790342,17.780634,-3.437996e-06,17.79006004333496,2.444722368213807e-09,-0.0006917714375332692,1.5382417124717134,0.9999847412109375,0.0,0.0
11489,2635,-340.4497,158.69508,-0.01144638,0.5826973,17.893114,-2.555847e-06,17.902599334716797,2.444722368213807e-09,-0.0006917714375332692,1.5382417124717134,0.9999847412109375,0.0,0.0
11490,2635,-340.4204,159.59283,-0.011446571,0.58636117,18.005623,-2.6798248e-06,18.015167236328125,2.444722368213807e-09,-0.0006917714375332692,1.5382417124717134,0.9999847412109375,0.0,0.0
11491,2635,-340.39108,160.49622,-0.0114468,0.5900259,18.118158,-2.2745132e-06,18.127763748168945,2.91038366095712e-11,-0.0006935595785562027,1.5382417124717134,0.9999847412109375,0.0,0.0
11492,2636,-340.3614,161.40523,-0.011446991,0.5936915,18.23072,-1.835823e-06,18.240385055541992,2.91038366095712e-11,-0.0006935595785562027,1.5382417124717134,0.9999847412109375,0.0,0.0
11493,2636,-340.33173,162.31985,-0.011447181,0.597358,18.343306,-2.3984908e-06,18.353029251098633,2.91038366095712e-11,-0.0006935595785562027,1.5382417124717134,0.9999847412109375,0.0,0.0
11494,2637,-340.30164,163.24011,-0.011447372,0.6010253,18.45592,-2.9945372e-06,18.465702056884766,2.91038366095712e-11,-0.0006935595785562027,1.5382417124717134,0.9999847412109375,0.0,0.0
11495,2637,-340.27155,164.16602,-0.011447563,0.6046934,18.568558,-2.1362305e-06,18.578401565551758,0.0,-0.0006953477195791362,1.5382417124717134,0.9999847412109375,0.0,0.0
11496,2638,-340.24115,165.09753,-0.011447716,0.6083624,18.681221,-2.861023e-06,18.691123962402344,0.0,-0.0006953477195791362,1.5382417124717134,0.9999847412109375,0.0,0.0
11497,2638,-340.2107,166.03468,-0.011447945,0.6120321,18.79391,-3.0231474e-06,18.803871154785156,0.0,-0.0006953477195791362,1.5382417124717134,0.9999847412109375,0.0,0.0
11498,2639,-340.17996,166.97748,-0.011448097,0.6157027,18.906624,-2.8276443e-06,18.91664695739746,0.0,-0.0006953477195791362,1.5382417124717134,0.9999847412109375,0.0,0.0
11499,2639,-340.1491,167.92592,-0.011448364,0.6193741,19.01936,-2.4747849e-06,19.029441833496094,9.313227715062783e-10,-0.0006971358606020698,1.5382417124717134,0.9999847412109375,0.0,0.0
11500,2640,-340.118,168.87999,-0.0114485165,0.6230463,19.132122,-2.632141e-06,19.142263412475586,9.313227715062783e-10,-0.0006971358606020698,1.5382417124717134,0.9999847412109375,0.0,0.0
11501,2640,-340.08676,169.8397,-0.011448746,0.6267192,19.24491,-2.8276443e-06,19.255111694335938,9.313227715062783e-10,-0.0006971358606020698,1.5382417124717134,0.9999847412109375,0.0,0.0
11502,2641,-340.0553,170.80505,-0.011448898,0.6303929,19.35772,-3.566742e-06,19.36798095703125,9.313227715062783e-10,-0.0006971358606020698,1.5382417124717134,0.9999847412109375,0.0,0.0
11503,2641,-340.02365,171.77603,-0.011449165,0.6340674,19.47055,-2.2888182e-06,19.480871200561523,2.91038366095712e-11,-0.0006989240016250034,1.5382417124717134,0.9999847412109375,0.0,0.0
11504,2642,-339.9919,172.75266,-0.011449356,0.6377419,19.583387,-2.8848647e-06,19.593769073486328,2.91038366095712e-11,-0.0006989240016250034,1.5382417124717134,0.9999847412109375,0.0,0.0
11505,2642,-339.95987,173.73492,-0.011449508,0.64141476,19.696177,-2.5177e-06,19.70661735534668,2.91038366095712e-11,-0.0006989240016250034,1.5382417124717134,0.92547607421875,0.0,0.0
11506,2643,-339.92776,174.7228,-0.011449088,0.64500207,19.806332,-2.4795531e-06,19.816831588745117,2.91038366095712e-11,-0.0006989240016250034,1.5382417124717134,0.84547607421875,0.0,0.0
11507,2643,-339.89536,175.71597,-0.011446037,0.6483335,19.908634,-3.390312e-06,19.919189453125,0.0,-0.0006915330794142205,1.5382417124717134,0.7654760742187501,0.0,0.0
11508,2644,-339.8629,176.71394,-0.011438484,0.65129125,19.999458,-3.1042098e-06,20.010061264038086,0.0,-0.0006734132460472548,1.5382417124717134,0.6854760742187501,0.0,0.0
11509,2644,-339.83023,177.7161,-0.01142559,0.6538035,20.076609,-2.9182434e-06,20.087251663208008,0.0,-0.0006424188233226,1.5382422451039315,0.6054760742187502,0.0,0.0
11510,2645,-339.79742,178.72168,-0.011407127,0.65583295,20.138885,1.5115737e-06,20.149560928344727,0.0,-0.0005985498112402559,1.5382422451039315,0.5254760742187502,0.0,0.0
11511,2645,-339.7646,179.72995,-0.011383858,0.6573601,20.185755,3.2711027e-06,20.196455001831055,0.0,-0.0005433559276855263,1.5382422451039315,0.4454760742187502,0.0,0.0
11512,2646,-339.73178,180.74016,-0.011356582,0.65838194,20.217117,3.3855438e-06,20.227834701538086,0.0,-0.0004783868580344242,1.538242378261986,0.36547607421875017,0.0,0.0
11513,2646,-339.69897,181.75148,-0.011326293,0.658904,20.23314,3.042221e-06,20.243867874145508,3.4051482865067757e-09,-0.00040650364742921767,1.538242378261986,0.28547607421875015,0.0,0.0
11514,2647,-339.66617,182.76318,-0.0112938685,0.6589375,20.23416,3.6144256e-06,20.24488639831543,1.0142685380383274e-08,-0.00032961368097094595,1.538242378261986,0.20547607421875014,0.0,0.0
11515,2647,-339.63336,183.77452,-0.011260109,0.6584972,20.220636,3.1042098e-06,20.231355667114258,6.650225421280588e-09,-0.0002495050346639612,1.538242378261986,0.12547607421875012,0.0,0.0
11516,2648,-339.60052,184.7848,-0.011225662,0.6576004,20.193106,3.4809111e-06,20.20380973815918,6.592017143497572e-09,-0.00016784667047167284,1.538242378261986,0.04547607421875012,0.0,0.0
11517,2648,-339.56772,185.7934,-0.011191139,0.65626454,20.15209,2.8467177e-06,20.16277313232422,7.883499510350611e-09,-8.583068782758495e-05,1.538242378261986,0.12547607421875012,0.0,0.0
11518,2649,-339.5349,186.7996,-0.01115776,0.65464497,20.10236,3.2901762e-06,20.11301612854004,1.454895820504707e-08,-6.556510311320887e-06,1.538242378261986,0.20547607421875014,0.0,0.0
11519,2649,-339.5021,187.80333,-0.011129112,0.65302956,20.052763,4.014969e-06,20.06339454650879,1.8550052446047303e-08,6.127357197275869e-05,1.538242378261986,0.28547607421875015,0.0,0.0
11520,2650,-339.4695,188.80469,-0.011108169,0.6515902,20.008566,4.444122e-06,20.01917266845703,1.6301782209266007e-08,0.00011134146778730147,1.538242378261986,0.36547607421875017,0.0,0.0
11521,2650,-339.4371,189.80406,-0.0110959625,0.6504297,19.97293,3.6144256e-06,19.983518600463867,1.2914823668530394e-08,0.0001400709113410856,1.538242378261986,0.4454760742187502,0.0,0.0
11522,2651,-339.4047,190.80197,-0.011092339,0.64961284,19.94785,3.647804e-06,19.958423614501953,1.6611010367637795e-08,0.0001485347701804937,1.538242378261986,0.5254760742187502,0.0,0.0
11523,2651,-339.37225,191.79893,-0.011096458,0.64918286,19.93464,3.4999846e-06,19.945207595825195,7.887137558715325e-09,0.00013852119345578195,1.538242378261986,0.6054760742187502,0.0,0.0
11524,2652,-339.33984,192.79564,-0.011107139,0.64917076,19.93427,3.3712386e-06,19.94483757019043,7.472407981976467e-09,0.00011289119379992781,1.538242378261986,0.6854760742187501,0.0,0.0
11525,2652,-339.3074,193.7927,-0.011123428,0.6496004,19.947453,3.352165e-06,19.958026885986328,6.44286013685875e-09,7.402896195261696e-05,1.538242378261986,0.7654760742187501,0.0,0.0
11526,2653,-339.275,194.7908,-0.011144409,0.65049195,19.974836,3.2138823e-06,19.985424041748047,9.312315474683357e-09,2.3961066138074177e-05,1.538242378261986,0.84547607421875,0.0,0.0
11527,2653,-339.24258,195.79062,-0.0111692045,0.6518661,20.017036,2.837181e-06,20.02764892578125,1.0324582838094887e-08,-3.4809111653506575e-05,1.538242378261986,0.92547607421875,0.0,0.0
11528,2654,-339.20984,196.793,-0.011197243,0.65374243,20.074657,2.579689e-06,20.085298538208008,1.7123965266014297e-08,-0.00010156630607289695,1.538242378261986,0.9999847412109375,0.0,0.0
11529,2654,-339.17703,197.79872,-0.011228141,0.65613735,20.148197,1.8692016e-06,20.158878326416016,1.2543750672168103e-08,-0.00017499923456340715,1.538242378261986,0.9999847412109375,0.0,0.0
11530,2655,-339.14423,198.80853,-0.011260948,0.65898466,20.235628,6.1035155e-07,20.246355056762695,1.1888914863882208e-08,-0.00025296210514101343,1.538242378261986,0.9999847412109375,0.0,0.0
11531,2655,-339.1111,199.82297,-0.011293297,0.6621271,20.332123,-4.339218e-07,20.3429012298584,7.450581179945409e-09,-0.0003299712831681001,1.538242378261986,0.9999847412109375,0.0,0.0
11532,2656,-339.0779,200.84239,-0.0113230515,0.6654569,20.434364,-2.2363663e-06,20.4451961517334,7.348717313890642e-09,-0.0004006624105944478,1.538242378261986,0.9999847412109375,0.0,0.0
11533,2656,-339.04462,201.86705,-0.011349029,0.66890174,20.540136,-3.98159e-06,20.551023483276367,1.2718375009464742e-08,-0.00046229358882802205,1.538242378261986,0.9999847412109375,0.0,0.0
11534,2657,-339.01102,202.89705,-0.011370735,0.6724165,20.648056,-2.9611588e-06,20.65900230407715,9.313226226905556e-09,-0.0005139112228461751,1.5382422451039315,0.9999847412109375,0.0,0.0
11535,2657,-338.9774,203.93245,-0.0113883205,0.67597294,20.75726,-3.976822e-06,20.76826286315918,4.860340349509902e-09,-0.0005555152476303259,1.5382422451039315,0.9999847412109375,0.0,0.0
11536,2658,-338.9434,204.97336,-0.011402321,0.67955375,20.867214,-3.3044814e-06,20.878276824951172,8.352800308612588e-09,-0.0005884169904374386,1.5382422451039315,0.9999847412109375,0.0,0.0
11537,2658,-338.9094,206.01974,-0.011413269,0.68314785,20.977575,-3.2901762e-06,20.98869514465332,2.502929653892005e-09,-0.0006144046573090282,1.5382422451039315,0.9999847412109375,0.0,0.0
11538,2659,-338.87506,207.0717,-0.011421699,0.6867484,21.088135,-2.1886824e-06,21.099313735961914,7.334166112536604e-09,-0.0006340742085612976,1.5382422451039315,0.9999847412109375,0.0,0.0
11539,2659,-338.8407,208.12914,-0.011427994,0.69035107,21.198767,-5.736351e-06,21.210004806518555,7.0431281959883875e-09,-0.0006492137852171801,1.5382417124717134,0.9999847412109375,0.0,0.0
11540,2660,-338.806,209.19212,-0.011432952,0.69395244,21.309383,-3.9100646e-06,21.3206787109375,1.2340025916373023e-08,-0.0006605386566895657,1.5382417124717134,0.9999847412109375,0.0,0.0
11541,2660,-338.77124,210.26067,-0.011436539,0.69755197,21.41994,-2.7036667e-06,21.43129539489746,1.20780913946377e-08,-0.0006688832714508682,1.5382417124717134,0.9999847412109375,0.0,0.0
11542,2661,-338.73624,211.33469,-0.011439171,0.7011485,21.530403,-2.5606155e-06,21.54181671142578,6.49015526165244e-09,-0.0006750821429920828,1.5382417124717134,0.9999847412109375,0.0,0.0
11543,2661,-338.70108,212.41425,-0.011441078,0.7047417,21.640749,-2.7704239e-06,21.6522216796875,9.749785085937517e-09,-0.0006796121175884696,1.5382417124717134,0.9999847412109375,0.0,0.0
11544,2662,-338.66577,213.49933,-0.011442489,0.7083308,21.75097,-3.170967e-06,21.762500762939453,7.741620088598442e-09,-0.0006828307974371825,1.5382417124717134,0.9999847412109375,0.0,0.0
11545,2663,-338.63022,214.58992,-0.011443443,0.7119157,21.861061,-3.30925e-06,21.872650146484375,2.8521758482232374e-09,-0.0006850957197167946,1.5382417124717134,0.9999847412109375,0.0,0.0
11546,2663,-338.5946,215.686,-0.011444092,0.71549606,21.971012,-3.1423567e-06,21.98265838623047,2.8521758482232374e-09,-0.0006850957197167946,1.5382417124717134,0.9999847412109375,0.0,0.0
11547,2664,-338.55865,216.78757,-0.011444511,0.7190718,22.08082,-3.2329558e-06,22.092525482177734,0.0,-0.0006877183742307235,1.5382417124717134,0.9999847412109375,0.0,0.0
11548,2664,-338.52274,217.89462,-0.011444816,0.72264314,22.190485,-3.390312e-06,22.20224952697754,0.0,-0.0006877183742307235,1.5382417124717134,0.9999847412109375,0.0,0.0
11549,2665,-338.4864,219.00716,-0.011444931,0.7262095,22.300001,-3.0612946e-06,22.31182289123535,0.0,-0.0006877183742307235,1.5382417124717134,0.9999847412109375,0.0,0.0
11550,2665,-338.45007,220.12517,-0.0114450455,0.7297713,22.409374,-3.4475327e-06,22.421253204345703,0.0,-0.0006877183742307235,1.5382417124717134,0.9999847412109375,0.0,0.0
11551,2666,-338.4134,221.24864,-0.011444969,0.7333284,22.5186,-2.5844574e-06,22.53053855895996,0.0,-0.0006877183742307235,1.5382417124717134,0.9999847412109375,0.0,0.0
11552,2666,-338.37668,222.3776,-0.011444893,0.73688054,22.62768,-2.6226044e-06,22.63967514038086,0.0,-0.0006877183742307235,1.5382417124717134,0.9999847412109375,0.0,0.0
11553,2667,-338.3397,223.51196,-0.01144474,0.7404279,22.73661,-3.6191939e-06,22.7486629486084,0.0,-0.0006877183742307235,1.5382417124717134,0.9999847412109375,0.0,0.0
11554,2668,-338.30258,224.6518,-0.011444664,0.7439706,22.845398,-3.4475327e-06,22.857507705688477,0.0,-0.0006877183742307235,1.5382417124717134,0.9999847412109375,0.0,0.0
11555,2668,-338.26526,225.79704,-0.011444549,0.74750835,22.954033,-2.1409987e-06,22.966201782226562,0.0,-0.0006877183742307235,1.5382417124717134,0.9999847412109375,0.0,0.0
11556,2669,-338.22775,226.94772,-0.011444358,0.7510413,23.062527,-2.7036667e-06,23.074752807617188,0.0,-0.0006877183742307235,1.5382417124717134,0.9999847412109375,0.0,0.0
11557,2669,-338.1902,228.10384,-0.011444168,0.75456953,23.170866,-2.2268296e-06,23.183149337768555,0.0,-0.0006877183742307235,1.5382417124717134,0.9999847412109375,0.0,0.0
11558,2670,-338.15228,229.26537,-0.011443939,0.758093,23.279062,-2.875328e-06,23.29140281677246,0.0,-0.0006877183742307235,1.5382417124717134,0.9999847412109375,0.0,0.0
11559,2670,-338.1144,230.4323,-0.01144371,0.76161164,23.38711,-2.4652481e-06,23.399507522583008,2.415618477348504e-09,-0.0006854533869325301,1.5382417124717134,0.9999847412109375,0.0,0.0
11560,2671,-338.0761,231.60463,-0.011443481,0.7651254,23.495007,-2.5844574e-06,23.507461547851562,2.415618477348504e-09,-0.0006854533869325301,1.5382417124717134,0.9999847412109375,0.0,0.0
11561,2672,-338.03784,232.78233,-0.011443329,0.7686343,23.602762,-1.6832352e-06,23.61527442932129,2.415618477348504e-09,-0.0006854533869325301,1.5382417124717134,0.9199847412109375,0.0,0.0
11562,2672,-337.99924,233.96541,-0.011442565,0.7720512,23.707682,-3.080368e-06,23.720251083374023,5.529728723293961e-10,-0.0006825923742995526,1.5382417124717134,0.9999847412109375,0.0,0.0
11563,2673,-337.96057,235.1536,-0.011440048,0.77535737,23.809208,-2.5320053e-06,23.821828842163086,0.0,-0.0006766318608773865,1.5382417124717134,0.9999847412109375,0.0,0.0
11564,2673,-337.92172,236.34686,-0.011437682,0.7787253,23.912636,-2.5224685e-06,23.925312042236328,2.91038366095712e-11,-0.0006710290796895372,1.5382417124717134,0.9999847412109375,0.0,0.0
11565,2674,-337.88266,237.54536,-0.011436539,0.78213584,24.017368,-1.8787383e-06,24.030099868774414,0.0,-0.0006680488229784541,1.5382417124717134,0.9999847412109375,0.0,0.0
11566,2675,-337.8435,238.74913,-0.0114362715,0.7855712,24.12286,-2.6798248e-06,24.13564682006836,0.0,-0.0006680488229784541,1.5382417124717134,0.9999847412109375,0.0,0.0
11567,2675,-337.80405,239.95819,-0.011436539,0.78902054,24.228777,-2.8467177e-06,24.241621017456055,0.0,-0.0006680488229784541,1.5382417124717134,0.9999847412109375,0.0,0.0
11568,2676,-337.7646,241.17255,-0.011437072,0.7924768,24.334908,-1.8072128e-06,24.347806930541992,0.0,-0.0006680488229784541,1.5382417124717134,0.9999847412109375,0.0,0.0
11569,2676,-337.7248,242.3922,-0.011437644,0.79593563,24.441118,-2.541542e-06,24.45407485961914,0.0,-0.0006707906565519073,1.5382417124717134,0.9199847412109375,0.0,0.0
11570,2677,-337.68497,243.61713,-0.011437644,0.7993071,24.544651,-3.1042098e-06,24.557662963867188,0.0,-0.0006707906565519073,1.5382417124717134,0.8399847412109376,0.0,0.0
11571,2678,-337.64487,244.84703,-0.011434783,0.8024042,24.639755,-3.4427642e-06,24.652816772460938,2.91038366095712e-11,-0.0006638765155978029,1.5382417124717134,0.7599847412109376,0.0,0.0
11572,2678,-337.60464,246.08136,-0.011427117,0.8051086,24.722803,-2.8085708e-06,24.73590850830078,0.0,-0.0006455182590932074,1.5382422451039315,0.6799847412109377,0.0,0.0
11573,2679,-337.5644,247.31944,-0.011413612,0.8073521,24.791647,1.9073485e-07,24.80478858947754,0.0,-0.0006133317856989843,1.5382422451039315,0.5999847412109377,0.0,0.0
11574,2680,-337.52402,248.56055,-0.011394463,0.809094,24.845106,2.0599364e-06,24.858278274536133,0.0,-0.000567793811653231,1.5382422451039315,0.5199847412109377,0.0,0.12
11575,2680,-337.4834,249.80295,-0.011360092,0.8088268,24.836882,2.28405e-06,24.850046157836914,-1.4551916367080876e-11,-0.00048601623589212764,1.538242378261986,0.4399847412109377,0.0,0.24
11576,2681,-337.4431,251.04262,-0.01129322,0.805844,24.74528,2.951622e-06,24.758398056030273,0.0,-0.00032711027053512266,1.538242378261986,0.3599847412109377,0.0,0.36
11577,2681,-337.40292,252.27534,-0.011193733,0.800141,24.570156,3.74794e-06,24.583181381225586,5.0931700502816545e-11,-9.071826462112588e-05,1.538242378261986,0.2799847412109377,0.0,0.48
11578,2682,-337.36316,253.49702,-0.011067123,0.7917165,24.31147,2.4175642e-06,24.324357986450195,3.936292930654439e-09,0.00020992754153108335,1.538242378261986,0.19998474121093768,0.0,0.6
11579,2683,-337.3239,254.70348,-0.010919875,0.780585,23.969643,4.444122e-06,23.982349395751953,4.161848456899847e-09,0.000559925978148607,1.5382422451039315,0.11998474121093768,0.0,0.72
11580,2683,-337.28522,255.89055,-0.010757904,0.7667716,23.545492,4.18663e-06,23.557973861694336,3.2305264294721815e-09,0.0009443759079678376,1.538242378261986,0.039984741210937674,0.0,0.84
11581,2684,-337.24734,257.05417,-0.010585823,0.75031537,23.040157,4.4059752e-06,23.052371978759766,4.656616585819639e-09,0.001352310159241416,1.5382417124717134,0.0,0.0,0.96
11582,2684,-337.2103,258.19034,-0.010408287,0.7312915,22.455986,4.3916702e-06,22.4678897857666,0.0,0.0017743109205050891,1.5382422451039315,0.0,0.0,0.9999847412109375
11583,2685,-337.17432,259.2956,-0.01023323,0.71058106,21.82002,1.6784668e-06,21.831586837768555,-1.1641559446448908e-10,0.0021891592477141907,1.538242378261986,0.0,0.0,0.9999847412109375
11584,2685,-337.13937,260.3686,-0.0100793075,0.6893981,21.169542,2.0456314e-06,21.18076515197754,9.313256238076278e-10,0.00255453584667168,1.5382417124717134,0.0,0.0,0.9999847412109375
11585,2686,-337.10547,261.40894,-0.009955444,0.6680525,20.514069,2.1648407e-06,20.52494239807129,2.3283157336959483e-09,0.0028485059187527695,1.5382417124717134,0.0,0.0,0.9999847412109375
11586,2686,-337.07266,262.41647,-0.009860077,0.64663476,19.856382,7.867813e-07,19.866907119750977,0.0,0.003074288143806172,1.5382417124717134,0.0,0.0,0.9999847412109375
11587,2687,-337.04092,263.3911,-0.009788894,0.62519944,19.198158,3.1614302e-06,19.208335876464844,5.471548844511338e-09,0.003243207718397179,1.538242378261986,0.0,0.0,0.9999847412109375
11588,2687,-337.01025,264.33292,-0.009736633,0.6037803,18.540432,1.077652e-06,18.550260543823242,7.450622848347731e-09,0.0033667086930577014,1.5382417124717134,0.0,0.0,0.9999847412109375
11589,2688,-336.98065,265.24182,-0.009699287,0.5823977,17.883833,2.8133393e-06,17.893312454223633,1.1641601300870886e-10,0.0034557578819329007,1.5382425114200404,0.0,0.0,0.9999847412109375
11590,2688,-336.95218,266.11798,-0.009672928,0.5610643,17.228739,2.3555756e-06,17.237871170043945,3.492481165343154e-10,0.0035181044596165273,1.538242378261986,0.0,0.0,0.9999847412109375
11591,2689,-336.9247,266.96143,-0.009654693,0.5397876,16.575384,-1.6641617e-06,16.584171295166016,-1.1641605176280326e-10,0.003561138958207876,1.5382417124717134,0.0,0.0,0.8799847412109375
11592,2689,-336.89822,267.77335,-0.0096535105,0.5201406,15.972091,-2.2125244e-06,15.980558395385742,1.8626570762310567e-09,0.0035637615477032234,1.5382417124717134,0.0,0.0,0.7599847412109375
11593,2690,-336.87268,268.55704,-0.009684639,0.5028387,15.440794,1.1920929e-07,15.448979377746582,3.4924808553103983e-10,0.0034903285216848416,1.538242378261986,0.0,0.0,0.6399847412109375
11594,2690,-336.84796,269.31628,-0.009748192,0.4879376,14.983229,2.7656554e-07,14.991171836853027,4.423806789150782e-09,0.003339052129241284,1.538242378261986,0.0,0.0,0.5199847412109375
11595,2690,-336.82394,270.05472,-0.009839439,0.4754502,14.599782,2.7704239e-06,14.607522010803223,1.5134065414412492e-09,0.003123283285856849,1.538241845629768,0.0,0.0,0.3999847412109375
11596,2691,-336.8004,270.776,-0.00995163,0.46537155,14.290292,6.251335e-06,14.297866821289062,-1.164157882349612e-10,0.002856492801279755,1.5382417124717134,0.08,0.0,0.2799847412109375
11597,2691,-336.77737,271.4839,-0.010080376,0.4577463,14.056146,3.004074e-06,14.063596725463867,3.3760553087944616e-09,0.002550244100157179,1.5382417124717134,0.16,0.0,0.15998474121093753
11598,2691,-336.75467,272.1823,-0.010223083,0.45267808,13.900518,5.1879883e-06,13.90788745880127,9.313248053211536e-09,0.00221145151849897,1.538242378261986,0.24,0.0,0.039984741210937536
11599,2692,-336.73203,272.8751,-0.010377426,0.45022207,13.8251,5.173683e-06,13.832428932189941,5.820776188851043e-09,0.0018445252666747585,1.538242378261986,0.32,0.0,0.0
11600,2692,-336.7094,273.56555,-0.010533218,0.4492095,13.79401,3.0612946e-06,13.801321983337402,4.889448704846883e-09,0.0014742612209608908,1.538242378261986,0.4,0.0,0.0
11601,2692,-336.68713,274.25485,-0.010672302,0.44864616,13.776712,2.5224685e-06,13.784015655517578,1.0477384589805939e-09,0.0011436938799487158,1.538242378261986,0.48000000000000004,0.0,0.0
11602,2693,-336.6649,274.9436,-0.010788268,0.44846267,13.771077,-6.008148e-07,13.778377532958984,2.793968562545039e-09,0.000868201178413165,1.538242378261986,0.56,0.0,0.0
11603,2693,-336.6426,275.63235,-0.010883331,0.4486647,13.777287,-4.076958e-06,13.784589767456055,8.090866282929675e-09,0.0006422996442630758,1.5382422451039315,0.64,0.0,0.0
11604,2693,-336.6203,276.32175,-0.010961533,0.44926193,13.795607,-2.7370452e-06,13.8029203414917,5.064066593462209e-09,0.0004564523519932522,1.538242378261986,0.56,0.0,0.0
11605,2694,-336.5976,277.01227,-0.011026344,0.45011628,13.821836,-3.7956238e-06,13.829163551330566,2.8958311884687837e-09,0.00030314920033338715,1.538242378261986,0.48000000000000004,0.0,0.0
11606,2694,-336.57495,277.7041,-0.011077575,0.4509601,13.847753,-4.4488906e-06,13.855093955993652,8.36735051786181e-09,0.00018167495237988166,1.538242378261986,0.4,0.0,0.0
11607,2694,-336.5523,278.39713,-0.01111496,0.45163053,13.868342,-2.646446e-06,13.875694274902344,9.600625102984242e-09,9.274482065436669e-05,1.538242378261986,0.32,0.0,0.0
11608,2695,-336.52963,279.09094,-0.011139259,0.45203292,13.880704,-3.6001204e-06,13.8880615234375,1.4084433895427557e-08,3.5166738232628756e-05,1.538242378261986,0.24,0.0,0.0
11609,2695,-336.507,279.7851,-0.011152,0.45211536,13.883229,-4.081726e-06,13.890588760375977,9.304584993947647e-09,5.3644179892240595e-06,1.538242378261986,0.15999999999999998,0.0005537077454370638,0.0
11610,2696,-336.48438,280.47906,-0.011155014,0.45410815,13.875084,-3.3140182e-06,13.882513046264648,-4.793689962142629e-06,-1.7881392450817419e-06,1.5382041619003433,0.07999999999999997,0.011139346424094218,0.0
11611,2696,-336.46066,281.17233,-0.01115036,0.49759772,13.854246,-2.7275084e-06,13.863179206848145,-0.00010066747295034988,9.65595217742024e-06,1.5373985556705945,0.0,0.04281358879943745,0.0
11612,2696,-336.4331,281.864,-0.01113842,0.64456105,13.813691,-3.876686e-06,13.828721046447754,-0.00044474790204323275,3.778934398262165e-05,1.5338284550712886,0.0,0.0582301560280198,0.0
11613,2697,-336.39893,282.55334,-0.011121215,0.8231712,13.758896,-3.943443e-06,13.783498764038086,-0.0009411609991968402,7.891654687348054e-05,1.5261456348005735,0.0,0.04177124798297882,0.0
11614,2697,-336.35907,283.24008,-0.011104278,0.9216959,13.707755,-2.9563903e-06,13.738706588745117,-0.0012271847603456756,0.00011932848847877241,1.5164582531773558,0.0,0.001388107743013546,0.0
11615,2697,-336.31754,283.92444,-0.011090202,0.8796106,13.664575,-1.5306473e-06,13.692855834960938,-0.00106047061603239,0.00015294551695342015,1.508901799900365,0.0,0.0009756967261183201,0.0
11616,2698,-336.27567,284.6065,-0.011078453,0.881128,13.617249,-3.004074e-07,13.645726203918457,-0.0008096010364026697,0.0001810788945358069,1.5045272914938008,0.0,0.006885571717357641,0.0
11617,2698,-336.23172,285.28604,-0.011069069,0.92298216,13.566293,1.7642975e-07,13.597654342651367,-0.0007158577010132992,0.00020349024685223873,1.501568253206614,0.0,0.020217161806825864,0.0
11618,2698,-336.1843,285.96292,-0.01106121,1.0126745,13.510206,2.7704239e-06,13.54810619354248,-0.0008042747142225112,0.00022208689398517351,1.4982538160719556,0.0,0.03373947511499864,0.0
11619,2699,-336.13217,286.63687,-0.011054534,1.135884,13.449046,3.814697e-07,13.496928215026855,-0.001021588659172977,0.0002380609353681154,1.493269576933818,0.0,0.08373947511499864,0.0
11620,2699,-336.0719,287.30725,-0.011045418,1.3955828,13.361324,-3.1757354e-06,13.43401050567627,-0.0015270564390142726,0.00025892256979924357,1.4843372014796377,0.0,0.13373947511499865,0.0
11621,2699,-335.99838,287.97253,-0.011029663,1.7680176,13.236174,-1.1410713e-05,13.35373306274414,-0.002377670481297069,0.00029563903404449866,1.4683775428570653,0.0,0.08373947511499864,0.0
11622,2700,-335.9128,288.63297,-0.011020355,1.9609778,13.1537895,-1.0251999e-05,13.299158096313477,-0.0028740834484135137,0.0003179311422828249,1.4484287352376632,0.0,0.03373947511499864,0.0
11623,2700,-335.8212,289.29022,-0.011021232,1.9964961,13.101683,-2.3651123e-06,13.25292682647705,-0.002696717179888562,0.0003173351169480408,1.4311703861095137,0.0,0.0,0.0
11624,2700,-335.72754,289.94485,-0.011024628,1.9624732,13.058755,8.449554e-06,13.205391883850098,-0.0021417137585302355,0.00031006334128749156,1.4199828458442543,0.0,0.0,0.0
11625,2701,-335.6317,290.59686,-0.011027832,1.9841132,13.007439,9.531975e-06,13.157894134521484,-0.001685248337802142,0.00030255317499860307,1.4137755499754976,0.0,0.0,0.0
11626,2701,-335.53308,291.246,-0.011030807,2.0190177,12.954041,6.4659116e-06,13.110438346862793,-0.0014082794543967385,0.0002945661299251641,1.41035764903249,0.0,0.0,0.0
11627,2701,-335.4321,291.8924,-0.011033554,2.049922,12.901345,5.612373e-06,13.063187599182129,-0.0012170644881290492,0.0002876519889710597,1.408488509421418,0.0,0.0,0.0
11628,2702,-335.32944,292.53613,-0.011035957,2.0720942,12.850195,2.4700164e-06,13.016185760498047,-0.0010540789643976186,0.00028181075213628984,1.4074745108363702,0.023529052734375,0.0,0.0
11629,2702,-335.2257,293.17734,-0.011038093,2.0858178,12.801295,1.46389e-06,12.970110893249512,-0.0009001481883724573,0.0002770423869115639,1.4069281633387405,0.103529052734375,0.0,0.0
11630,2702,-335.12137,293.8162,-0.011040573,2.0931494,12.7565,7.4386594e-07,12.92708683013916,-0.0007542071556918589,0.00027060507597807397,1.4066345498285593,0.183529052734375,0.0,0.0
11631,2703,-335.01678,294.45303,-0.01104496,2.0964777,12.71864,1.8453597e-06,12.890268325805664,-0.0006194513345710121,0.00026047228768454723,1.406479687011171,0.263529052734375,0.0,0.0
11632,2703,-334.91214,295.0881,-0.0110520935,2.0976791,12.689332,1.6212463e-06,12.861547470092773,-0.0005001416202075903,0.00024342535843691616,1.4063967295432152,0.343529052734375,0.0,0.0
11633,2703,-334.8071,295.72202,-0.011062737,2.0981221,12.669568,2.4557114e-06,12.842121124267578,-0.0003978762668578382,0.00021839140037049142,1.4063545184399373,0.423529052734375,0.0,0.0
11634,2703,-334.70206,296.3552,-0.011076393,2.0987608,12.660019,5.4359435e-07,12.832804679870605,-0.0003126551119753026,0.00018596648758399317,1.4063325473609443,0.503529052734375,0.0,0.0
11635,2704,-334.59702,296.98822,-0.011093063,2.1002457,12.661207,5.674362e-07,12.834219932556152,-0.00024341292363324238,0.0001459121644305008,1.406321362084366,0.5835290527343749,0.0,0.0
11636,2704,-334.49197,297.62158,-0.011112404,2.103014,12.673545,9.202957e-07,12.846844673156738,-0.00018801914045030356,0.00010013579975640822,1.4063159026041312,0.6078338623046875,0.0,0.0
11637,2704,-334.38675,298.25586,-0.011133728,2.1071494,12.696123,4.6253203e-07,12.869794845581055,-0.00014381069886427886,4.9591061730266976e-05,1.4063133726010957,0.603912353515625,0.0,0.0
11638,2705,-334.28128,298.8915,-0.011155319,2.1122274,12.725532,-6.198883e-07,12.899637222290039,-0.00010972223691126462,-2.026557811092641e-06,1.4063117747044416,0.6078338623046875,0.0,0.0
11639,2705,-334.1755,299.52872,-0.011175575,2.1178834,12.759059,-1.1110305e-06,12.933638572692871,-8.309062601047223e-05,-5.0187107383357725e-05,1.406311375230278,0.6235198974609375,0.0,0.0
11640,2705,-334.06946,300.1677,-0.011193428,2.1239924,12.795673,-1.4495849e-06,12.970759391784668,-6.285059766220869e-05,-9.274482065436669e-05,1.406311375230278,0.5435198974609375,0.007294666214875178,0.0
11641,2706,-333.9624,300.80838,-0.011208267,2.1589003,12.827272,-2.2125244e-06,13.007681846618652,-0.00010972222878394195,-0.00012791155888699544,1.4058128314742153,0.4635198974609375,0.016915021059032524,0.0
11642,2706,-333.85336,301.45047,-0.011218033,2.222527,12.848095,-2.8276443e-06,13.038909912109375,-0.0002487392783226915,-0.00015127658749930153,1.4040661972732869,0.3835198974609375,0.02590149764131419,0.0
11643,2706,-333.7412,302.09332,-0.011221657,2.3073401,12.855936,-3.2329558e-06,13.061351776123047,-0.00045273735280417984,-0.00015962123476989467,1.4006122104975085,0.3035198974609375,0.02450254143377606,0.0
11644,2707,-333.62585,302.73657,-0.011219253,2.3742836,12.857222,-3.3617018e-06,13.074607849121094,-0.0006157228440263198,-0.00015354155854284957,1.3959135953862818,0.22351989746093748,0.0,0.0
11645,2707,-333.5097,303.38007,-0.011211433,2.3442283,12.866055,-4.310608e-06,13.077873229980469,-0.00052197954114624,-0.0001350641148514071,1.3922497515166052,0.14351989746093746,0.0,0.0
11646,2707,-333.39343,304.02338,-0.011199074,2.3402827,12.859096,-1.2922287e-06,13.070320129394531,-0.0003787015395185583,-0.00010550021469788628,1.3902625007111882,0.06351989746093746,0.0,0.0
11647,2708,-333.2767,304.66592,-0.011182709,2.343391,12.839705,-9.870529e-07,13.051801681518555,-0.0002950782812900702,-6.711482506217389e-05,1.3891899125821587,0.0,0.0,0.0
11648,2708,-333.1598,305.30713,-0.011164016,2.3460817,12.809791,-6.1035155e-07,13.022857666015625,-0.0002482065973407397,-2.2053717609986984e-05,1.388612139783666,0.0,0.009423547006929248,0.0
11649,2708,-333.04178,305.94647,-0.011143646,2.383016,12.765409,-2.5892257e-06,12.985932350158691,-0.0002956108809987954,2.610683374012993e-05,1.3876647202258703,0.0,0.019684505643494037,0.0
11650,2709,-332.92172,306.5834,-0.011123924,2.4465885,12.710743,-1.7642974e-06,12.944063186645508,-0.00044101947651712184,7.29560822152504e-05,1.3854090227825733,0.0,0.024724859952291407,0.0
11651,2709,-332.79895,307.21756,-0.011106338,2.514149,12.652337,6.9141385e-07,12.899712562561035,-0.0006114617212636118,0.00011503696140198356,1.3816534330133434,0.0,0.024703111385167693,0.0
11652,2709,-332.67352,307.84897,-0.0110914605,2.5724947,12.59441,0.0,12.854449272155762,-0.000740891415260044,0.00015020369963461233,1.3768586777867649,0.0,0.016780254074029846,0.0
11653,2710,-332.54617,308.47766,-0.011079941,2.599326,12.542764,-3.9005276e-06,12.809270858764648,-0.0007632619684167097,0.00017738341717577014,1.3720324972593232,0.0,0.014666469163735322,0.0
11654,2710,-332.41727,309.10373,-0.011071129,2.6274924,12.490435,1.3875961e-06,12.763803482055664,-0.0007392934535874153,0.00019872188162751276,1.3676860852022594,0.0,0.014444894287862553,0.0
11655,2710,-332.2866,309.7271,-0.011064491,2.66076,12.43672,4.0531157e-07,12.718162536621094,-0.0007238471842835369,0.0002140998651663799,1.3637155783330601,0.0,0.014300941408832845,0.0
11656,2711,-332.15417,310.34778,-0.011059494,2.6954727,12.382521,-2.3031234e-06,12.672505378723145,-0.0007211840882120391,0.0002262592176204701,1.3599729048951175,0.0,0.014300941408832845,0.0
11657,2711,-332.01993,310.96573,-0.011056023,2.7304764,12.328161,2.5081633e-06,12.62691879272461,-0.0007233146821026837,0.00023496149959750806,1.3563647210922236,0.0,0.014068129514596274,0.0
11658,2711,-331.8839,311.58096,-0.011053238,2.7640905,12.274082,4.4059752e-06,12.581465721130371,-0.0007238472493021182,0.00024127958270753772,1.3528493484533188,0.0,0.019956720025352277,0.0
11659,2712,-331.74567,312.19336,-0.011051331,2.819366,12.214536,2.2172928e-06,12.535696983337402,-0.0007707189495060942,0.00024557111791164923,1.3490101354258608,0.0,0.06636060118352774,0.0
11660,2712,-331.60205,312.80194,-0.011047134,3.014482,12.111873,-5.674362e-07,12.481369018554688,-0.0011313105709913351,0.0002557039062051759,1.3423723395668927,0.0,0.1007876070414437,0.0
11661,2712,-331.44864,313.40494,-0.01103836,3.2834914,11.976074,-5.6409835e-06,12.418038368225098,-0.001801362031292434,0.00027596948279222936,1.3300616111118924,0.0,0.050787607041443694,0.0
11662,2713,-331.2881,314.00333,-0.011034813,3.358403,11.9082985,-5.636215e-06,12.372810363769531,-0.0020453077171808547,0.00028443334163163743,1.3157768144988709,0.0,0.0007876070414436914,0.0
11663,2713,-331.12674,314.59924,-0.011036567,3.2833595,11.88281,2.7275084e-06,12.328083038330078,-0.0016490292169399018,0.00028121469429221515,1.3056378939128301,0.0,0.0,0.0
11664,2713,-330.9656,315.19293,-0.011038322,3.2657428,11.841842,4.4631956e-06,12.283903121948242,-0.0011989549927165105,0.00027644632906748915,1.3002135674045567,0.0,2.2123155097900843e-05,0.0
11665,2714,-330.8035,315.7841,-0.011040726,3.2711947,11.794643,4.825592e-06,12.239866256713867,-0.0009289104581824757,0.0002710819059986884,1.2973582592418285,0.0,0.004015980613530701,0.0
11666,2714,-330.64008,316.3726,-0.011042671,3.2948482,11.742377,3.4236907e-06,12.195878028869629,-0.0008026766875313011,0.000265717499184533,1.2955923171229968,0.0,0.031025472751255005,0.0
11667,2714,-330.47336,316.95782,-0.011043625,3.404739,11.662412,9.346008e-07,12.149242401123047,-0.0009299757876370887,0.00026369093502396956,1.2926033182735464,0.0,0.081025472751255,0.0
11668,2714,-330.2998,317.53827,-0.011040306,3.6316335,11.533588,-2.7561186e-06,12.091833114624023,-0.001414138408794913,0.0002710819059986884,1.2852647115737241,0.0,0.131025472751255,0.0
11669,2715,-330.11496,318.1117,-0.011029396,3.9509113,11.351266,-7.987022e-06,12.019190788269043,-0.002220010824615728,0.00029671190565454253,1.270825717933587,0.0,0.15383793438589327,0.0
11670,2715,-329.91632,318.6762,-0.011013717,4.29122,11.145198,-1.675129e-05,11.942780494689941,-0.00310098451321394,0.0003334283536451523,1.2489341342989722,0.0,0.10383793438589327,0.0
11671,2715,-329.70667,319.23346,-0.011008491,4.464108,11.025073,-1.2483597e-05,11.89455795288086,-0.0034599791483052715,0.00034677978927810134,1.2244651433613785,0.0,0.053837934385893266,0.0
11672,2716,-329.49097,319.78632,-0.011013908,4.504633,10.965438,1.4686584e-06,11.854642868041992,-0.003185140663734769,0.00033509728309927093,1.2035177834912514,0.0,0.08780183661184252,0.0
11673,2716,-329.2676,320.33368,-0.011017418,4.70744,10.824774,-7.200241e-07,11.804055213928223,-0.003099919248777908,0.0003265142126910479,1.1848652695324453,0.0,0.13780183661184253,0.0
11674,2716,-329.0317,320.87238,-0.0110121155,5.026042,10.603657,-5.145073e-06,11.734506607055664,-0.0035137742221018967,0.0003377199051039092,1.1636732983161944,0.0,0.18780183661184252,0.0
11675,2717,-328.7797,321.399,-0.010996093,5.417295,10.307585,-1.9593239e-05,11.644457817077637,-0.004281298028485709,0.00037503241093859367,1.1367836271057732,0.0,0.2378018366118425,0.0
11676,2717,-328.50928,321.91028,-0.010968666,5.856795,9.936093,-3.1108855e-05,11.53377628326416,-0.005224588906368799,0.0004389285764703613,1.1027225957119868,0.0,0.24997456954722183,0.0
11677,2717,-328.21948,322.40402,-0.010938721,6.281491,9.544932,-4.0397645e-05,11.426410675048828,-0.006110355764780503,0.0005097388829562332,1.061974233662957,0.0,0.19997456954722181,0.0
11678,2718,-327.91254,322.88226,-0.010926628,6.587228,9.2558775,-2.9149054e-05,11.36058235168457,-0.006499709916150088,0.0005400180362679984,1.019060322173529,0.0,0.14997456954722183,0.0
11679,2718,-327.59183,323.34857,-0.010934181,6.7947407,9.048251,-5.6171416e-06,11.315447807312012,-0.006331397615108429,0.0005257129405938205,0.979187008279672,0.0,0.09997456954722182,0.0
11680,2718,-327.26074,323.80548,-0.01095127,6.915914,8.909134,1.768112e-05,11.278409957885742,-0.005756156900245916,0.00048673150530501735,0.9457498223712366,0.0,0.04997456954722182,0.0
11681,2719,-326.9229,324.25555,-0.010970993,6.9521866,8.83509,3.613472e-05,11.242406845092773,-0.0048975522043584185,0.00044047829435566496,0.9208446722261153,0.0,0.0,0.0
11682,2719,-326.58234,324.70132,-0.010989189,6.900732,8.824633,4.060745e-05,11.202421188354492,-0.00382696222636954,0.00039732455168621056,0.9056902869381557,0.0,0.002921254606938475,0.0
11683,2720,-326.23996,325.14328,-0.01100399,6.9104614,8.765983,3.2405853e-05,11.162299156188965,-0.0029838056853247787,0.00036060807118631016,0.8977972100993789,0.0,0.05292125460693848,0.0
11684,2720,-325.89294,325.57877,-0.01101387,7.050536,8.592087,1.6837119e-05,11.114585876464844,-0.002762230682630186,0.00033450125776448685,0.8910029535263686,0.0,0.10292125460693849,0.0
11685,2720,-325.53827,326.00424,-0.011015129,7.258561,8.336487,-5.2928925e-07,11.053674697875977,-0.003083940542311758,0.00032913683469568616,0.8798661464798753,0.0,0.1529212546069385,0.0
11686,2721,-325.17404,326.41684,-0.011006012,7.5074606,8.009979,-1.0666847e-05,10.978239059448242,-0.0036991307541200617,0.0003499984691268143,0.8618942699166663,0.0,0.1029212546069385,0.0
11687,2721,-324.80225,326.81845,-0.011003227,7.6215997,7.838366,-1.1663436e-05,10.932921409606934,-0.003914314170198464,0.0003578662701221476,0.8404295244257639,0.0,0.0529212546069385,0.0
11688,2721,-324.42715,327.21445,-0.011010818,7.623842,7.7853656,4.005432e-06,10.896553993225098,-0.0034764904869894375,0.00034141539871859126,0.8219380651338805,0.0,0.004341753540746451,0.0
11689,2721,-324.0523,327.6083,-0.011020851,7.5434866,7.808936,1.6112328e-05,10.85742473602295,-0.0026274749915465015,0.00031960007173694355,0.8100537087694019,0.0,0.054341753540746454,0.0
11690,2722,-323.67575,327.99768,-0.01102726,7.6314898,7.6620145,1.0666847e-05,10.814162254333496,-0.0022530340221327103,0.00030314920033338715,0.8011653420522352,0.0,0.10434175354074646,0.0
11691,2722,-323.29315,328.37738,-0.011026725,7.801163,7.4065833,3.8194657e-06,10.757119178771973,-0.0025497104276418626,0.00030314920033338715,0.7888524830683629,0.0,0.1453870454132942,0.0
11692,2722,-322.90277,328.74414,-0.011017647,8.001853,7.0864387,-1.101017e-05,10.688651084899902,-0.0031792814492622693,0.0003232955653516256,0.7704863255057676,0.0,0.17159083987106502,0.0
11693,2723,-322.5039,329.096,-0.011003952,8.204573,6.737813,-1.5640258e-05,10.616643905639648,-0.0038626491051252524,0.0003557204943927692,0.7459022860090827,0.0,0.22159083987106504,0.0
11694,2723,-322.0959,329.43054,-0.01098381,8.430934,6.3056912,-2.6340484e-05,10.52817153930664,-0.004601409211290258,0.0004032850000897954,0.7151238669749279,0.0,0.24997456954722183,0.0
11695,2723,-321.678,329.74435,-0.010957489,8.653378,5.8275523,-3.235817e-05,10.432703971862793,-0.005383846979852838,0.00046551223616744434,0.6778257632761502,0.0,0.24997456954722183,0.0
11696,2723,-321.25064,330.03687,-0.010935669,8.846109,5.3734655,-3.271103e-05,10.350255012512207,-0.00598518823384408,0.0005178451395984871,0.6359797793838441,0.0,0.24997456954722183,0.0
11697,2724,-320.8143,330.3082,-0.010921402,9.017026,4.9256306,-2.7151107e-05,10.274658203125,-0.006384129244989299,0.000553369504410238,0.591706124420849,0.0,0.24997456954722183,0.0
11698,2724,-320.36957,330.55807,-0.010911674,9.168549,4.474795,-1.8515586e-05,10.202258110046387,-0.006653640627156668,0.000577330542102683,0.5462182011588324,0.0,0.24997456954722183,0.0
11699,2724,-319.91718,330.7859,-0.010904846,9.300463,4.018471,-9.722709e-06,10.131471633911133,-0.006846454010227055,0.0005939006575843449,0.5001932181734876,0.0,0.24997456954722183,0.0
11700,2724,-319.458,330.99127,-0.01089981,9.411887,3.5572917,-8.177757e-06,10.06170654296875,-0.006988134180219271,0.0006060599775291445,0.4540041844649939,0.0,0.24997456954722183,0.0
11701,2725,-318.9931,331.17398,-0.010895805,9.50204,3.0930808,-5.750656e-06,9.992793083190918,-0.007090932198296329,0.000615715952056702,0.40785529790993325,0.0,0.24997456954722183,0.0
11702,2725,-318.52338,331.33368,-0.010892906,9.570496,2.6279378,-2.8276443e-06,9.924738883972168,-0.007160706498707755,0.0006227492720703307,0.36185681337743475,0.0,0.24459709457208545,0.0
11703,2725,-318.05002,331.47073,-0.010892067,9.617098,2.1787848,6.6280364e-07,9.860815048217773,-0.0071708270309987065,0.0006247758362308941,0.3163197547933061,0.0,0.23012964908167313,0.0
11704,2726,-317.57388,331.58627,-0.010895576,9.644021,1.7689326,4.1103362e-06,9.804909706115723,-0.007070160582091012,0.0006167888236667459,0.27201818657313565,0.0,0.21921288446313733,0.0
11705,2726,-317.09592,331.68158,-0.010902099,9.654168,1.380149,1.0046959e-05,9.752321243286133,-0.00689066196417372,0.000601291644813709,0.22948009704778843,0.0,0.16921288446313731,0.0
11706,2726,-316.61682,331.76004,-0.01091774,9.652288,1.1293588,1.9845962e-05,9.718133926391602,-0.006429935615738663,0.0005650519780797778,0.19079285523491174,0.0,0.11921288446313731,0.0
11707,2727,-316.137,331.82663,-0.010941047,9.639444,0.9912952,3.5004614e-05,9.69028091430664,-0.005647498367324731,0.0005108117870755678,0.1586825061158243,0.0,0.06921288446313731,0.0
11708,2727,-315.6573,331.8859,-0.010966301,9.614994,0.95137626,4.0225983e-05,9.661947250366211,-0.0046504118954963656,0.0004512071404932664,0.13462507343518887,0.0,0.026947500736073215,0.0
11709,2727,-315.1784,331.94156,-0.010988922,9.579973,0.9792882,4.2858122e-05,9.62989616394043,-0.0035681034885624886,0.000396251647566876,0.11899228454691012,0.0,0.04148644850228033,0.0
11710,2727,-314.70062,331.99265,-0.011006317,9.554923,0.8816112,2.7747154e-05,9.595508575439453,-0.0028842032004814896,0.0003526210586221619,0.10817769502518113,0.0,0.04550315461210006,0.0
11711,2728,-314.22403,332.0377,-0.011019745,9.529024,0.7708746,1.5072822e-05,9.56015396118164,-0.002533731461101387,0.00031960007173694355,0.09876978719123199,0.0,0.04430499854103784,0.0
11712,2728,-313.74872,332.07736,-0.01103054,9.5012,0.6758268,6.055832e-06,9.525205612182617,-0.0022860572196496927,0.00029349325831512025,0.0899381957395544,0.0,0.0,0.0
11713,2728,-313.27502,332.11597,-0.011039962,9.461515,0.7428581,1.9454956e-06,9.490633010864258,-0.0017449030161827543,0.0002710819059986884,0.08407178449032786,0.0,0.0,0.0
11714,2728,-312.803,332.15497,-0.011047935,9.426286,0.7587782,2.9087066e-06,9.456775665283203,-0.0012202602814371443,0.0002523660472969387,0.08147732463399426,0.0,0.0,0.0
11715,2729,-312.33267,332.19342,-0.011054344,9.392659,0.75706387,3.1518935e-06,9.42311954498291,-0.0008804409263430336,0.00023758410534750095,0.0803460138029286,0.0,0.0,0.0
11716,2729,-311.86395,332.23145,-0.011059265,9.359462,0.7515846,1.3113022e-06,9.3895902633667,-0.0006593986859036193,0.00022590159916867057,0.07985598383997561,0.0,0.0,0.0
11717,2729,-311.3969,332.2691,-0.011063041,9.326376,0.74627167,-8.821487e-07,9.356185913085938,-0.000504402775479589,0.00021684168248518776,0.07964505315926293,0.0,0.0,0.0
11718,2729,-310.93152,332.30627,-0.011066093,9.293339,0.74185956,-1.3828277e-06,9.322901725769043,-0.0003877562547155371,0.00020933149994165393,0.07955504663679666,0.0,0.0,0.0
11719,2730,-310.46777,332.34338,-0.011068344,9.260363,0.73822,-2.117157e-06,9.289740562438965,-0.00029774140987085885,0.00020456313471692796,0.0795161561625031,0.0,0.0,0.0
11720,2730,-310.00565,332.38016,-0.011070099,9.227466,0.7350878,-3.7527084e-06,9.256698608398438,-0.00022743395709276694,0.00020015238794400149,0.07950019384071944,0.01568603515625,0.0,0.0
11721,2730,-309.54517,332.41687,-0.011071662,9.195114,0.73228675,-5.2309033e-06,9.224227905273438,-0.00017310545460050517,0.00019705295217339414,0.07949325297712842,0.09568603515625,0.0,0.0
11722,2730,-309.08627,332.45352,-0.011073341,9.16525,0.7298347,-2.2935867e-06,9.194262504577637,-0.00013102751750457584,0.00019288061228345225,0.07949005718382032,0.17568603515625,0.0,0.0
11723,2730,-308.6287,332.48984,-0.011076851,9.140864,0.7278903,-3.867149e-06,9.1697998046875,-9.906957629630234e-05,0.00018429755812987453,0.07948899191938429,0.25568603515625,0.0,0.0
11724,2731,-308.17212,332.5262,-0.011082992,9.123729,0.72655255,8.678436e-07,9.15261173248291,-7.456850239489601e-05,0.00016999242994640595,0.07948845928716627,0.33568603515625,0.0,0.0
11725,2731,-307.71622,332.56253,-0.011092186,9.114945,0.72588855,1.5258789e-07,9.143803596496582,-5.592637476434134e-05,0.00014805792390523392,0.07948792665494826,0.41568603515625,0.0,0.0
11726,2731,-307.26053,332.59885,-0.011104355,9.115266,0.7259484,1.2016296e-06,9.14412784576416,-4.2077941159590634e-05,0.00011932848847877241,0.07948792665494826,0.49568603515625004,0.0,0.0
11727,2731,-306.8045,332.6352,-0.011119232,9.125232,0.7267721,1.2683868e-06,9.15412712097168,-3.142529476744302e-05,8.36849202255292e-05,0.07948792665494826,0.57568603515625,0.0,0.0
11728,2731,-306.34772,332.6715,-0.01113655,9.1453085,0.72839534,1.2159347e-06,9.174269676208496,-2.3435813529035965e-05,4.267692483982391e-05,0.07948792665494826,0.65568603515625,0.0,0.0
11729,2732,-305.88965,332.70792,-0.011155929,9.17591,0.7308522,9.202957e-07,9.20496940612793,-1.7576863194522973e-05,-3.4570692071580344e-06,0.07948792665494826,0.73568603515625,0.0,0.0
11730,2732,-305.42975,332.74463,-0.011177178,9.217445,0.7341756,1.2159347e-06,9.246638298034668,-1.3315803418565526e-05,-5.400180443953211e-05,0.07948792665494826,0.8156860351562499,0.0,0.0
11731,2732,-304.96747,332.7814,-0.011200066,9.270329,0.7383995,9.63211e-07,9.299690246582031,-1.0120011126385772e-05,-0.00010848044702700134,0.07948792665494826,0.76861572265625,0.0,0.0
11732,2733,-304.50226,332.8185,-0.0112236785,9.33135,0.74326897,2.479553e-07,9.360905647277832,-7.4568505442642005e-06,-0.00016462802313225053,0.07948792665494826,0.68861572265625,0.0,0.0
11733,2733,-304.03397,332.85587,-0.011245117,9.393629,0.7482363,-5.769729e-07,9.423381805419922,-5.32632167220081e-06,-0.00021564959930632892,0.07948792665494826,0.6086157226562501,0.0,0.0
11734,2734,-303.56265,332.89334,-0.011261405,9.451799,0.7528749,1.14440915e-07,9.481736183166504,-4.261058252084448e-06,-0.0002542733998886872,0.07948792665494826,0.5286157226562501,0.0,0.0
11735,2734,-303.08865,332.93115,-0.011270866,9.50265,0.7569292,8.916855e-07,9.53274917602539,-3.1957925461585864e-06,-0.000276803963773934,0.07948792665494826,0.4486157226562501,0.0,0.0
11736,2735,-302.61237,332.96906,-0.011273308,9.544354,0.76025414,7.2479247e-07,9.574585914611816,-2.13052963399989e-06,-0.0002825259890398889,0.07948792665494826,0.4352874755859375,0.0,0.0
11737,2735,-302.13422,333.00714,-0.011269722,9.577802,0.7629205,7.390976e-07,9.608139038085938,-1.5978976699628758e-06,-0.00027394291863166585,0.07948792665494826,0.4666595458984375,0.0,0.0
11738,2736,-301.6545,333.0454,-0.01126255,9.606922,0.7652417,6.341934e-07,9.637351989746094,-1.0652657059258612e-06,-0.00025677679406986516,0.07948792665494826,0.5215606689453125,0.0,0.0
11739,2736,-301.1734,333.0837,-0.011254959,9.635851,0.7675473,3.0994414e-07,9.666372299194336,-1.0652646900105284e-06,-0.00023889540009517472,0.07948792665494826,0.564697265625,0.0,0.0
11740,2737,-300.69073,333.1221,-0.011249313,9.667517,0.7700705,-9.5367426e-08,9.698138236999512,-5.326309798690357e-07,-0.00022554396446222572,0.07948792665494826,0.62744140625,0.0,0.0
11741,2737,-300.2064,333.16077,-0.011246834,9.703785,0.77296025,7.05719e-07,9.734521865844727,-5.326319005423062e-07,-0.00021946428823518065,0.07948792665494826,0.70744140625,0.0,0.0
11742,2737,-299.72006,333.19943,-0.011248092,9.746839,0.7763902,1.1396407e-06,9.777711868286133,-5.326319005423062e-07,-0.00022244452869161837,0.07948792665494826,0.7411651611328125,-3.732771531073217e-06,0.0
11743,2737,-299.23138,333.23843,-0.011253433,9.797674,0.7804541,1.4591217e-06,9.828709602355957,-5.326309798690357e-07,-0.00023519992273513795,0.07948845928716627,0.7490081787109375,-0.00031497261538794964,0.0
11744,2738,-298.73993,333.27753,-0.011261825,9.854423,0.7861726,-2.5892257e-06,9.885732650756836,2.3927079198572202e-06,-0.00025510786461574653,0.07950923194366889,0.73724365234375,-0.0010861596918566526,0.0
11745,2738,-298.24557,333.31708,-0.0112716295,9.91448,0.79466504,-8.7738033e-07,9.946276664733887,1.1374751899311884e-05,-0.00027811525852160777,0.07960406544561094,0.713714599609375,-0.0015971604992686987,0.0
11746,2738,-297.74817,333.35703,-0.011280823,9.975495,0.80398947,-7.2479247e-07,10.007842063903809,2.345087548976042e-05,-0.0003000497645627798,0.0797984595604299,0.633714599609375,-0.001746035241921448,0.0
11747,2738,-297.24774,333.39734,-0.01128788,10.034073,0.8126545,-1.0347366e-06,10.066926956176758,3.3468351297519556e-05,-0.00031673905910396604,0.0800701186363748,0.5537145996093751,-0.0019625570865314337,0.0
11748,2739,-296.74454,333.43805,-0.01129116,10.086197,0.82118154,-6.580353e-07,10.1195707321167,4.168527769247e-05,-0.0003244876810397751,0.08039822008267256,0.47371459960937506,-0.0022795997239641336,0.0
11749,2739,-296.239,333.4792,-0.011289253,10.129529,0.8298599,-1.9216536e-06,10.16346549987793,5.018306810399442e-05,-0.00032007691801220334,0.08078331317629801,0.39371459960937505,-0.002667094147721668,0.0
11750,2739,-295.73157,333.5207,-0.011282424,10.162803,0.8387391,-1.3017655e-06,10.197355270385742,6.0001617530433205e-05,-0.00030386446974627686,0.08123444434257904,0.31371459960937503,-0.009747398754141328,0.0
11751,2739,-295.2228,333.56326,-0.011270866,10.183067,0.8729921,-8.153915e-07,10.220419883728027,0.00012586742345483545,-0.0002762079059298592,0.08219956559924535,0.23371459960937502,-0.025980116304024338,0.0
11752,2740,-294.71344,333.60843,-0.011254921,10.186643,0.9561776,-1.1825562e-06,10.231420516967773,0.0003181992464028186,-0.00023853778164337523,0.08472478326723688,0.153714599609375,-0.03355913621982154,0.0
11753,2740,-294.20416,333.65695,-0.011235694,10.178241,1.0428659,-2.5939942e-06,10.231527328491211,0.0005499322971097732,-0.00019288061228345225,0.08914882647007652,0.073714599609375,-0.034821423229718346,0.0
11754,2740,-293.6955,333.70883,-0.011214484,10.160512,1.1164597,-2.450943e-06,10.221667289733887,0.0007237071342594151,-0.0001424550939534486,0.09485546469865512,0.0,-0.035088608131417516,0.0
11755,2740,-293.18796,333.76395,-0.011192016,10.133057,1.183788,-3.5572052e-06,10.201970100402832,0.0008341710381275775,-8.904933516700725e-05,0.1012305480384652,0.0,-0.035088608131417516,0.0
11756,2741,-292.68195,333.82214,-0.01116951,10.097871,1.2486961,-2.0980835e-06,10.174784660339355,0.0009053691804509085,-3.528594980144371e-05,0.1079220149157767,0.0,-0.035088608131417516,0.0
11757,2741,-292.17786,333.88348,-0.011148415,10.058065,1.3130734,-2.9134749e-06,10.143413543701172,0.0009554448663042234,1.4901160629660017e-05,0.11475303975658677,0.0,-0.03548156235028454,0.0
11758,2741,-291.67578,333.9481,-0.011129951,10.015243,1.3787228,-3.4809111e-06,10.109696388244629,0.0009965253614717404,5.853175871761219e-05,0.12166395943009921,0.0,-0.03548156235028454,0.0
11759,2741,-291.17587,334.0159,-0.011114807,9.970788,1.4436449,-3.6001204e-06,10.074756622314453,0.0010291667048607435,9.489058825642244e-05,0.12861589178439886,0.0,-0.038314688891626134,0.0
11760,2742,-290.67828,334.08722,-0.011102524,9.923403,1.5181595,-2.861023e-06,10.038861274719238,0.0010758835958226424,0.00012409686183082106,0.1357553106794401,0.0,-0.08734688826195326,0.0
11761,2742,-290.18378,334.1651,-0.011089287,9.840397,1.7356658,-4.2819975e-06,9.992294311523438,0.0014217249068982484,0.0001549720648593383,0.14542102915166571,0.0,-0.10782932326600303,0.0
11762,2742,-289.6936,334.25305,-0.011074523,9.743724,1.9784319,-5.0163267e-06,9.94255256652832,0.0019745080737423163,0.00019013881121928973,0.1597909470510289,0.0,-0.1138616956940247,0.0
11763,2742,-289.20786,334.3509,-0.011062202,9.649058,2.1980386,-7.724761e-06,9.896246910095215,0.002423739527114887,0.00021946428823518065,0.17762405627668792,0.0,-0.11482789105425686,0.0
11764,2743,-288.72647,334.4583,-0.011053543,9.5564375,2.398748,-6.9332123e-06,9.852892875671387,0.0027126488129018502,0.00024020671109749385,0.19739751138306508,0.0,-0.11532821433218794,0.0
11765,2743,-288.24948,334.57513,-0.011047478,9.462173,2.592411,-6.804466e-06,9.810877799987793,0.002892285530285825,0.00025463103459513205,0.21813769396514096,0.0,-0.15981978058016466,0.0
11766,2743,-287.7782,334.7037,-0.011037292,9.312745,2.8979025,-7.901192e-06,9.75320816040039,0.003263535907878025,0.0002784728932280526,0.2413013864287026,0.0,-0.20981978058016465,0.0
11767,2743,-287.31534,334.84793,-0.011017456,9.103845,3.282787,-1.1854171e-05,9.677638053894043,0.003912740200382335,0.00032496449480574424,0.26950211519901285,0.0,-0.25,0.0
11768,2744,-286.8633,335.0102,-0.0109892655,8.845299,3.7055185,-2.207279e-05,9.590107917785645,0.004695304885215615,0.0003910064360668903,0.3038599558962886,0.0,-0.25,0.0
11769,2744,-286.42285,335.19055,-0.0109647745,8.597486,4.081193,-2.4819374e-05,9.516979217529297,0.005312703648193544,0.0004495382110391478,0.3428943074677435,0.0,-0.25,0.0
11770,2744,-285.99365,335.38803,-0.010948753,8.350785,4.4281974,-2.0971298e-05,9.452224731445312,0.005690601005389284,0.000488400434759136,0.38429114924220775,0.0,-0.23536698077949755,0.0
11771,2744,-285.57544,335.6015,-0.010941886,8.124268,4.727004,-1.2121201e-05,9.39937686920166,0.00583199977496163,0.0005060434218508418,0.42608623346817964,0.0,-0.18536698077949754,0.0
11772,2745,-285.1662,335.82797,-0.010948868,7.974933,4.912774,3.0755996e-06,9.366691589355469,0.005586134350441722,0.0004911422358232985,0.465077108934839,0.0,-0.13536698077949755,0.0
11773,2745,-284.7632,336.0634,-0.010965919,7.884039,5.009191,2.2759437e-05,9.340774536132812,0.004975788803163301,0.0004516839867685262,0.4981457799274347,0.0,-0.1759409043562683,0.0
11774,2745,-284.36862,336.3093,-0.010974464,7.666288,5.2513847,1.6202926e-05,9.2924165725708,0.0047218288253457735,0.00043034550606213827,0.5283371383887951,0.0,-0.2205903444152097,0.0
11775,2745,-283.98666,336.56876,-0.010968666,7.3621345,5.557013,1.4066696e-06,9.223958969116211,0.004962756478727376,0.0004415511984749995,0.5606579271682692,0.0,-0.22933640871659988,0.0
11776,2745,-283.619,336.8421,-0.01095768,7.0574036,5.838503,-1.0213852e-05,9.159424781799316,0.005311903139420569,0.0004665851402867789,0.5961850287421443,0.0,-0.23339377109628795,0.0
11777,2746,-283.26538,337.12833,-0.010949363,6.758961,6.0940447,-1.3065338e-05,9.100601196289062,0.005544756525301917,0.00048673150530501735,0.633723016676111,0.0,-0.1911907458262244,0.0
11778,2746,-282.9234,337.42502,-0.010953102,6.5631742,6.252871,-3.2901764e-07,9.06496810913086,0.005407196972918219,0.000478863704309684,0.6702395491739777,0.0,-0.14119074582622437,0.0
11779,2746,-282.58936,337.72894,-0.010968361,6.455854,6.3269267,1.5993119e-05,9.039250373840332,0.004856214430664694,0.000444292999539162,0.7021034060894215,0.0,-0.09119074582622437,0.0
11780,2746,-282.2603,338.037,-0.010988464,6.414878,6.332926,2.7508735e-05,9.01424503326416,0.004030097179184261,0.00039732455168621056,0.7271268671659695,0.0,-0.04119074582622437,0.0
11781,2747,-281.93378,338.3462,-0.011007766,6.4297314,6.2767854,2.981186e-05,8.985514640808105,0.003050893938105507,0.00035154818701211795,0.7442519916605878,0.0,-0.053976931996487565,0.0
11782,2747,-281.61075,338.65707,-0.011022339,6.3495197,6.313419,2.1615027e-05,8.954086303710938,0.0024370467501125515,0.00031530855278747734,0.7565754367097932,0.0,-0.09322680718985205,0.0
11783,2747,-281.2946,338.97223,-0.01102993,6.1686273,6.434153,8.16822e-06,8.91348934173584,0.0023882679899004428,0.00029611584781046783,0.7692384347979837,0.0,-0.1091412076214624,0.0
11784,2747,-280.98718,339.2929,-0.011032066,5.975222,6.5573707,-7.8201293e-07,8.871437072753906,0.0026033653213772033,0.0002897977647004382,0.7846704546295842,0.0,-0.11359093319462257,0.0
11785,2747,-280.68817,339.61862,-0.011033554,5.799563,6.661506,-3.890991e-06,8.832361221313477,0.0027719707261833655,0.00028657911736101584,0.8021652258835055,0.0,-0.11469169083920924,0.0
11786,2748,-280.3971,339.94885,-0.01103508,5.6357026,6.752601,-3.042221e-06,8.79538345336914,0.002844463063367488,0.00028288362374633377,0.8207652089898095,0.0,-0.11469169083920924,0.0
11787,2748,-280.11377,340.28342,-0.011036987,5.477523,6.835709,-3.581047e-06,8.759575843811035,0.0028537159877095623,0.0002784728932280526,0.8398605400588685,0.0,-0.06469169083920924,0.0
11788,2748,-279.83502,340.6199,-0.011043396,5.4543924,6.818383,9.679794e-07,8.731595039367676,0.0024862515120693427,0.00026416776504458405,0.8563564261669283,0.0,-0.11469169083920924,0.0
11789,2748,-279.56247,340.9592,-0.011045456,5.257732,6.9204135,3.2567978e-06,8.691137313842773,0.0024091275112276787,0.00025939939981985805,0.8720293954981536,0.0,-0.16469169083920926,0.0
11790,2748,-279.30148,341.30417,-0.011037292,4.9588823,7.0696244,-4.754066e-06,8.635398864746094,0.00283007549162293,0.0002779960469527928,0.8917602899613599,0.0,-0.21469169083920925,0.0
11791,2749,-279.05557,341.6557,-0.011019096,4.587211,7.2345195,-1.3723373e-05,8.566258430480957,0.0035010428036602315,0.00032007691801220334,0.917405465994387,0.0,-0.23261728077135002,0.0
11792,2749,-278.8263,342.0139,-0.010998115,4.21966,7.380233,-2.0422935e-05,8.501374244689941,0.004139509667574209,0.000369548776300978,0.948629165562803,0.0,-0.19543273748655557,0.0
11793,2749,-278.61023,342.37738,-0.010991745,3.9952817,7.46292,-1.02376935e-05,8.465072631835938,0.004307984515069118,0.0003867149171174241,0.9812152717658763,0.0,-0.1867801587862255,0.0
11794,2749,-278.40524,342.7453,-0.010993919,3.7763917,7.537084,-1.2874603e-06,8.430229187011719,0.004215082845214687,0.0003823041865991429,1.012671398718429,0.0,-0.1867801587862255,0.0
11795,2749,-278.21188,343.1175,-0.0109963985,3.5390298,7.6104183,1.25885e-06,8.393044471740723,0.004123860735352416,0.0003765821288238974,1.0432777109671374,0.0,-0.18519328555025616,0.0
11796,2750,-278.03046,343.49362,-0.010998726,3.299591,7.676584,3.376007e-06,8.355670928955078,0.0040627367670715685,0.00037121770575509664,1.0733573831102825,0.0,-0.1846940415213813,0.0
11797,2750,-277.86105,343.87323,-0.011000251,3.0576096,7.735711,3.5476685e-06,8.31806468963623,0.0040198702764943015,0.0003674030005715996,1.1030596853269636,0.0,-0.1831396884437692,0.0
11798,2750,-277.7036,344.256,-0.011002121,2.8186243,7.7865067,3.0374526e-06,8.280961990356445,0.003978621968368447,0.00036323069319094836,1.1324301576718208,0.0,-0.1831396884437692,0.0
11799,2750,-277.55817,344.64148,-0.0110033415,2.5778842,7.830293,3.4236907e-06,8.24372386932373,0.003942289064988931,0.00035953519957626623,1.1615378425961143,0.0,-0.13313968844376922,0.0
11800,2750,-277.42117,345.02866,-0.0110121155,2.4867582,7.8345313,9.765625e-06,8.219722747802734,0.003589280300566472,0.00033926962298921285,1.1878691820840002,0.0,-0.08313968844376922,0.0
11801,2751,-277.288,345.4163,-0.011026077,2.4916413,7.8084273,1.6050339e-05,8.196329116821289,0.0029018120528180127,0.0003068446939480693,1.2084381067632273,0.0,-0.033139688443769216,0.0
11802,2751,-277.15524,345.803,-0.0110396575,2.5682507,7.7544513,2.1166801e-05,8.168685913085938,0.0020341285523491643,0.00027430055333811074,1.2219455266540546,0.0,-0.02129143131633262,0.0
11803,2751,-277.0224,346.1884,-0.0110502625,2.5954726,7.7154956,1.41716e-05,8.140353202819824,0.0013359003795812418,0.0002481937236616421,1.2298295487451252,0.0,-0.07129143131633262,0.0
11804,2751,-276.89398,346.57355,-0.011055832,2.4291131,7.733046,4.2438505e-06,8.105589866638184,0.0012660411649026374,0.00023436545800807864,1.2373973204567488,0.0,-0.10780029032175906,0.0
11805,2751,-276.77475,346.95947,-0.011054725,2.192617,7.7599206,-1.4352798e-06,8.063741683959961,0.0016658209157466367,0.00023603438746219727,1.2489430558886239,0.0,-0.11607379644468349,0.0
11806,2752,-276.665,347.346,-0.0110520935,1.989899,7.775389,-4.777908e-06,8.025980949401855,0.0020564604844685373,0.00024235247057222692,1.264109491980516,0.0,-0.11755920787589745,0.0
11807,2752,-276.56354,347.73288,-0.011051102,1.8189405,7.7823334,-3.0708313e-06,7.992074489593506,0.0022664504763469603,0.00024449824630160536,1.2811206997595062,0.0,-0.09743900405589583,0.0
11808,2752,-276.46823,348.1198,-0.011053924,1.7268865,7.7746615,-4.0960313e-06,7.964138031005859,0.002205855239169251,0.00023901461166398968,1.297750542870397,0.01568603515625,-0.04743900405589582,0.0
11809,2752,-276.3749,348.50604,-0.011060524,1.7706654,7.738626,3.5619735e-06,7.9386138916015625,0.0017507427250808636,0.00022423265345990662,1.3107682074367588,0.09568603515625,-0.0041584943963947005,0.0
11810,2752,-276.27975,348.89056,-0.011067238,1.8796228,7.684906,4.0006635e-06,7.911432266235352,0.001043256686558688,0.00020825861207696473,1.3179575439574822,0.17568603515625,-0.006554709652526208,0.0
11811,2753,-276.1835,349.27362,-0.0110743325,1.900419,7.6591754,4.6825407e-06,7.891423225402832,0.0005642240964840752,0.00019121168282933363,1.3212703831954864,0.25568603515625,-0.05655470965252621,0.0
11812,2753,-276.0908,349.6566,-0.011081466,1.7486852,7.6763773,2.8991699e-06,7.873034477233887,0.0006614742090559024,0.00017368792356108805,1.3255511483316798,0.33568603515625,-0.10655470965252621,0.0
11813,2753,-276.0066,350.04037,-0.011085625,1.502864,7.7076383,9.727478e-07,7.852788925170898,0.001214315502511653,0.0001629590936781319,1.3347656857033539,0.41568603515625,-0.1565547096525262,0.0
11814,2753,-275.934,350.42526,-0.011085701,1.1938694,7.7401657,-7.987022e-06,7.831697463989258,0.001959298927204442,0.0001629590936781319,1.350279797475556,0.49568603515625004,-0.14834818872490083,0.0
11815,2753,-275.87228,350.81143,-0.01109085,0.9821449,7.7727466,-1.1677742e-05,7.8345513343811035,0.0024653800273231473,0.00015079974122404174,1.3701637571224146,0.57568603515625,-0.09834818872490082,0.0
11816,2754,-275.81592,351.19934,-0.011109543,0.9530687,7.803213,-2.708435e-06,7.86120080947876,0.0023536747236822097,0.00010704993258318995,1.389014809740486,0.65568603515625,-0.04834818872490082,0.0
11817,2754,-275.75983,351.58908,-0.011135826,1.028015,7.829733,4.9924847e-06,7.896932125091553,0.0017777227055402653,4.518031902100185e-05,1.402913980627664,0.73568603515625,0.0,0.0
11818,2754,-275.70065,351.9805,-0.011162834,1.1724174,7.850851,7.5292587e-06,7.937910556793213,0.000988400834608141,-1.8835066206903348e-05,1.4102936000082735,0.8156860351562499,0.0,0.0
11819,2754,-275.63892,352.37405,-0.011189727,1.2265221,7.8978214,5.059242e-06,7.99249267578125,0.00044440512408261515,-8.320808207759206e-05,1.4131562318639999,0.8956860351562499,-0.008650873338581277,0.0
11820,2754,-275.5771,352.7707,-0.011217308,1.218702,7.966093,1.9931792e-06,8.058775901794434,0.0002667363078442253,-0.00014913081176992312,1.414796073305216,0.9756860351562499,-0.05865087333858128,0.0
11821,2755,-275.51883,353.17136,-0.011243286,1.0638776,8.060256,1.6498566e-06,8.13016414642334,0.0005425666671271163,-0.0002111196409645875,1.418691212715566,0.9999847412109375,-0.10865087333858128,0.0
11822,2755,-275.46875,353.5766,-0.011264,0.81701255,8.161535,-3.7431716e-06,8.202326774597168,0.0011891093589872985,-0.0002609491177051617,1.4281285235124253,0.9999847412109375,-0.12025541611257252,0.0
11823,2755,-275.42828,353.98676,-0.011282386,0.59972835,8.264426,-6.7853925e-06,8.286157608032227,0.0018122349586061981,-0.00030481812978750577,1.442893488069988,0.9999847412109375,-0.10159471304435193,0.0
11824,2755,-275.3945,354.4021,-0.011304244,0.4872799,8.371343,-3.2138823e-06,8.385512351989746,0.0020458019884359033,-0.000356197340668029,1.4594120110473134,0.9999847412109375,-0.051594713044351925,0.0
11825,2756,-275.36276,354.82294,-0.011328925,0.52766985,8.475971,4.4822693e-07,8.492380142211914,0.0017554093687351445,-0.0004144906925026566,1.473328758797686,0.9999847412109375,-0.0015947130443519225,0.0
11826,2756,-275.3286,355.24893,-0.011351089,0.6640787,8.570682,6.3800812e-06,8.596370697021484,0.0010841468723387375,-0.0004665851402867789,1.4814037295389153,0.9999847412109375,-0.051594713044351925,0.0
11827,2756,-275.2955,355.68033,-0.011367454,0.5528334,8.683181,1.4972686e-06,8.700761795043945,0.0008942043197071042,-0.0005061626009103661,1.487437387304599,0.9999847412109375,-0.07121146203033925,0.0
11828,2756,-275.26895,356.1173,-0.011378479,0.39228222,8.794111,1.0442734e-06,8.8028564453125,0.0011759632520340973,-0.0005325078699791099,1.496248455771126,0.9999847412109375,-0.07483849782029556,0.0
11829,2756,-275.2486,356.5597,-0.011386719,0.2577167,8.90388,-3.8290023e-06,8.907608985900879,0.0014544523999074751,-0.0005524158118597185,1.5073447827690503,0.9999847412109375,-0.07598231965812162,0.0
11830,2757,-275.23398,357.00754,-0.011393738,0.13503037,9.012836,-5.340576e-06,9.013848304748535,0.0016303612119139893,-0.0005688666832632749,1.5197162312969044,0.9999847412109375,-0.07240713972207778,0.0
11831,2757,-275.2248,357.46094,-0.011399688,0.028357645,9.121499,-3.4618377e-06,9.121542930603027,0.0017074417803433443,-0.0005829333883091136,1.5325494719577781,0.9999847412109375,-0.02438379988401053,0.0
11832,2757,-275.21722,357.91986,-0.011406669,0.08156487,9.231573,1.8405914e-06,9.23193359375,0.0013973850709511455,-0.0005989074134374102,1.5427276741698974,0.9999847412109375,-0.005666684559587642,0.0
11833,2757,-275.2086,358.3844,-0.011412697,0.13913974,9.340291,4.2819975e-06,9.341327667236328,0.0009210942494314045,-0.0006130933625613544,1.5485440179906305,0.9999847412109375,-0.0034887867322305494,0.0
11834,2758,-275.19968,358.8544,-0.011417351,0.15513846,9.44985,2.4890899e-06,9.451123237609863,0.000592009332072887,-0.0006244182340337399,1.5515664395117614,0.9999847412109375,-0.003175815159707888,0.0
11835,2758,-275.1911,359.32993,-0.011421242,0.15410726,9.55971,1.0538101e-06,9.560951232910156,0.00041862782483082417,-0.0006334781182079321,1.5532576799620164,0.9999847412109375,-0.002376396504755744,0.0
11836,2758,-275.183,359.81088,-0.011424065,0.15107456,9.669625,4.005432e-07,9.670805931091309,0.0003227875426666321,-0.0006406306822996664,1.5542989759482373,0.9999847412109375,-0.0006669546558765867,0.0
11837,2758,-275.1751,360.29742,-0.011426544,0.15275566,9.779502,1.2874602e-07,9.780694961547852,0.00024982502361183294,-0.000646233528506097,1.554910304576465,0.9999847412109375,-0.0020040310254785254,0.0
11838,2759,-275.16745,360.7894,-0.011428337,0.14709604,9.889526,2.965927e-06,9.890620231628418,0.00020639644739922023,-0.0006505250799648539,1.555348128259674,0.9999847412109375,-0.05200403102547853,0.0
11839,2759,-275.1634,361.28674,-0.011427574,-0.0197409,9.993956,2.1457672e-06,9.993974685668945,0.0005066672751384226,-0.0006490945411390745,1.5582772059845975,0.9999847412109375,-0.10200403102547853,0.0
11840,2759,-275.16843,361.78882,-0.011421165,-0.29651788,10.081264,-2.9325486e-06,10.085622787475586,0.0012012358445485413,-0.0006344318107584518,1.567296799964478,0.9999847412109375,-0.15200403102547855,0.0
11841,2759,-275.18658,362.29456,-0.011407623,-0.6590915,10.142676,-7.891655e-06,10.164068222045898,0.0021117226375336326,-0.000602364516423753,1.5839337004522576,0.9999847412109375,-0.20200403102547854,0.0
11842,2760,-275.2216,362.80273,-0.0113858795,-1.0995274,10.168678,-1.8420218e-05,10.227951049804688,0.0031304587364892017,-0.0005518197865249344,1.6087877844834764,0.9999847412109375,-0.2224672863621322,0.0
11843,2760,-275.27603,363.31195,-0.011361427,-1.5535426,10.174466,-2.5553703e-05,10.292387962341309,0.004089419612614427,-0.0004944800947315357,1.6411467896245933,0.9999847412109375,-0.2242602145927265,0.0
11844,2760,-275.35022,363.82205,-0.01134285,-1.9833584,10.175749,-2.541542e-05,10.367236137390137,0.0048070203317552365,-0.0004495382110391478,1.678482976526959,0.9999847412109375,-0.22473363355531456,0.0
11845,2760,-275.44452,364.33264,-0.01133007,-2.408889,10.165214,-2.4175644e-05,10.446737289428711,0.005315724671555102,-0.00041842457674567794,1.7186992389901912,0.9999847412109375,-0.22473363355531456,0.0
11846,2761,-275.55963,364.84308,-0.011320839,-2.8393598,10.137559,-2.1858215e-05,10.527681350708008,0.005700323623962674,-0.0003961324359980611,1.7606055434811876,0.9999847412109375,-0.22473363355531456,0.0
11847,2761,-275.69608,365.3524,-0.011313705,-3.2777002,10.0894,-1.8544197e-05,10.608454704284668,0.006016554237760869,-0.0003783702698468309,1.8035515460617508,0.9999847412109375,-0.22473363355531456,0.0
11848,2761,-275.8545,365.8594,-0.01130722,-3.7233794,10.018909,-1.5158653e-05,10.688409805297852,0.006292080618921533,-0.0003631114816221334,1.8471919678965523,0.9999847412109375,-0.22473363355531456,0.0
11849,2761,-276.0354,366.36316,-0.011301651,-4.1746454,9.925086,-1.3957023e-05,10.767311096191406,0.006538912999782545,-0.0003495216228515545,1.8913393224448503,0.9999847412109375,-0.17473363355531457,0.0
11850,2762,-276.23645,366.86444,-0.011306419,-4.5084376,9.891593,8.2969666e-07,10.870585441589355,0.006466281522834439,-0.0003598928342827111,1.9334734603671029,0.9999847412109375,-0.12473363355531457,0.0
11851,2762,-276.4536,367.36536,-0.011321831,-4.745218,9.90642,1.8115043e-05,10.984272956848145,0.005994843233092918,-0.00039446350654394243,1.9700827374499317,0.9999847412109375,-0.07473363355531457,0.0
11852,2762,-276.68323,367.8674,-0.0113412095,-4.892683,9.964036,3.0517578e-05,11.10046672821045,0.005226547266037578,-0.0004394054227456211,1.9989693800037487,0.9999847412109375,-0.024733633555314563,0.0
11853,2762,-276.92117,368.3722,-0.011359939,-4.9486575,10.063158,3.9577484e-05,11.21411418914795,0.004240744638956797,-0.0004839897042408548,2.018760528486618,0.9999847412109375,0.0,0.0
11854,2763,-277.16476,368.8806,-0.011375694,-4.986758,10.1679945,3.8805007e-05,11.325011253356934,0.0032579791598457367,-0.0005230903185891823,2.0299679093019987,0.9999847412109375,0.0,0.0
11855,2763,-277.41385,369.39258,-0.011388931,-5.068247,10.2513485,2.4037361e-05,11.435789108276367,0.002546526857827052,-0.0005562305170432155,2.0356959693325956,0.9999847412109375,8.710489301898848e-05,0.0
11856,2763,-277.66837,369.90787,-0.011400108,-5.1540866,10.332243,1.4901161e-05,11.546422004699707,0.0020625026612288173,-0.0005838870808596332,2.038616524942031,0.9999847412109375,0.05008710489301899,0.0
11857,2763,-277.92438,370.4285,-0.011407623,-5.0788956,10.486295,1.0662078e-05,11.651504516601562,0.0013554345621472428,-0.0006022452723456474,2.0375059867674676,0.9999847412109375,0.100087104893019,0.0
11858,2764,-278.1757,370.9568,-0.011408539,-4.8777227,10.683049,9.77993e-06,11.74392318725586,0.0002889990764477396,-0.0006043910805843165,2.0292162320843237,0.9999847412109375,0.15008710489301902,0.0
11859,2764,-278.4171,371.49414,-0.011400718,-4.568235,10.902261,-3.2567978e-06,11.820662498474121,-0.0009832388794015108,-0.000586628849414505,2.0123590881743945,0.9999847412109375,0.200087104893019,0.0
11860,2764,-278.6437,372.04117,-0.011383361,-4.1539273,11.129222,-1.3165473e-05,11.879170417785645,-0.002355299407991753,-0.0005468129656532878,1.9863949986008307,0.9999847412109375,0.15008710489301902,0.0
11861,2765,-278.8561,372.59793,-0.011375084,-3.8985126,11.321804,-2.058506e-05,11.974206924438477,-0.0032586433896723056,-0.0005269050237726793,1.9553044570869185,0.9999847412109375,0.10008710489301902,0.0
11862,2765,-279.05936,373.1638,-0.011381111,-3.7748256,11.481027,-1.3790131e-05,12.085664749145508,-0.0034594462560129306,-0.0005395412225020293,1.925795700102459,0.9999847412109375,0.05008710489301901,0.0
11863,2765,-279.2574,373.73785,-0.011392173,-3.7558734,11.607945,-1.5830993e-06,12.20044994354248,-0.0031403987771984622,-0.0005644559527449937,1.9021564170024796,0.9999847412109375,8.710489301901048e-05,0.0
11864,2765,-279.45392,374.31854,-0.011402168,-3.8338594,11.69939,9.474754e-06,12.311548233032227,-0.0024682171781367874,-0.0005868672725521349,1.8869608192966512,0.9999847412109375,0.0,0.0
11865,2766,-279.64948,374.9055,-0.011409836,-3.8412294,11.814013,8.788109e-06,12.422799110412598,-0.0019110842682036988,-0.0006053447081162547,1.8787489620753917,0.9999847412109375,1.3720619449486532e-06,0.0
11866,2766,-279.8431,375.4989,-0.011416321,-3.8282335,11.934789,8.215904e-06,12.533736228942871,-0.0015877765118680791,-0.000621199554185027,1.8743197257084265,0.9999847412109375,0.018539483281258293,0.0
11867,2766,-280.0337,376.09906,-0.011421013,-3.7495458,12.074119,4.081726e-06,12.64292049407959,-0.001524925910142209,-0.0006332396950703023,1.8707307166653813,0.9999847412109375,0.05715853294157193,0.0
11868,2767,-280.21854,376.70648,-0.011422081,-3.5683684,12.235074,-2.0647049e-06,12.7448148727417,-0.0017869808313688436,-0.0006363391308409096,1.8646339419818627,0.9999847412109375,0.06832284492111497,0.0
11869,2767,-280.39563,377.32132,-0.011420707,-3.383518,12.392957,-6.594658e-06,12.846539497375488,-0.002173139579541821,-0.0006328820928731481,1.85445800345667,0.9999847412109375,0.018322844921114967,0.0
11870,2767,-280.56952,377.94284,-0.011422272,-3.402779,12.503777,-1.4019012e-06,12.95852279663086,-0.0020628840602267273,-0.0006365775539785395,1.8444640919919841,0.9999847412109375,0.0,0.0
11871,2768,-280.74405,378.56998,-0.011425361,-3.454784,12.604846,3.2806395e-06,13.069723129272461,-0.001619201552656689,-0.0006433725158731196,1.8381365544000103,0.9999847412109375,0.0,0.0
11872,2768,-280.9189,379.20285,-0.01142826,-3.4718387,12.715581,3.9482115e-06,13.181034088134766,-0.0012484899190291468,-0.0006500482336895941,1.834644484420644,0.9999847412109375,0.0,0.0
11873,2768,-281.0936,379.84146,-0.011430817,-3.4800317,12.82865,2.837181e-06,13.292287826538086,-0.0010072072641936426,-0.0006561278611527032,1.8327102305209195,0.9999847412109375,0.0,0.0
11874,2769,-281.26834,380.4859,-0.011432724,-3.4891903,12.941433,3.3617018e-06,13.403549194335938,-0.0008383631761755255,-0.0006611346820243497,1.8316359113371814,0.9999847412109375,0.0,0.0
11875,2769,-281.44342,381.13596,-0.011434517,-3.5022225,13.053179,6.7710874e-07,13.514845848083496,-0.0007041397922169506,-0.0006651878103454767,1.831035767985532,0.9999847412109375,0.0,0.0
11876,2769,-281.61917,381.79163,-0.011435851,-3.519345,13.16385,1.8024444e-06,13.626177787780762,-0.0005880258386523332,-0.000668287246116084,1.830699677055964,0.9999847412109375,0.0,0.0
